CO2 (ppm),Humidity (%),Light (lux),Motion,Temperature (Deg_Cel),HP_Unit_Mode,HP_CONS (kW),HP_CONS (Wh),HP_CONS_Electricity_kWh,HP_DEL (kW),HP_DEL (Wh),HP_DEL_Electricity_kWh,HP_Defrost,HP_Room_temp (Deg_Cel),HP_Room_temp_Zone2 (Deg_Cel),HP_Ref_liquid_temp (Deg_Cel),HP_Outdoor_ambient_temp (Deg_Cel),HP_Flow_temp (Deg_Cel),HP_Return_temp (Deg_Cel),HP_Tank_water_temp_lower (Deg_Cel),HP_Flow_temp_Zone1 (Deg_Cel),HP_Return_temp_Zone1 (Deg_Cel),HP_Flow_temp_Zone2 (Deg_Cel),HP_Return_temp_Zone2 (Deg_Cel),HP_Flow_temp_Boiler (Deg_Cel),HP_Return_temp_Boiler (Deg_Cel),HP_Room_thermo_1_IN1 (Deg_Cel),HP_Room_thermo_2_IN6 (Deg_Cel),HP_Flow_SW1_IN2 (Deg_Cel),HP_Flow_SW2_IN3 (Deg_Cel),HP_Flow_SW3_IN7 (Deg_Cel),HP_Demand_IN4 (Deg_Cel),HP_Outdoor_thermo_IN5 (Deg_Cel),HP_Flow_rate (L/min),Total_Electricity (kWh),Outdoor_HP_Unit (kWh),Indoor_HP_Unit (kWh),Shower (kWh),Immersion (kWh),Out_Solar (kw_per_m2),Out_Solar (kj_per_m2),Out_WindSpeed (m/s),Out_WindDirection (Deg),Out_Gust_3s (m/s),Out_Pressure (mBar),Out_TotalSolar (W_per_m2),Out_DiffuseSolar (W_per_m2),Out_TotalSolar.Wm2,Out_DiffuseSolar.W/m2
539.6363636363636,59.45454545454545,452.09090909090907,0,19.918181818181814,0,0,0.0,0.0,0,0.0,0.0,0,19.0,-39,23.875,14.85,20.5,21.6,49.0,25,25,25,25,25,25,0,0,0,0,0,0,0,0.0,0,0,0.1316999999999999,0.010775,2.5e-05,12.72,99.9,0.156,6.825258,7.457,277.2,14.17,1007,1134.0,1095.0
523.0,59.0,544.5454545454545,0,20.2,0,0,0.0,0.0,0,0.0,0.0,0,19.0,-39,23.5,14.1,20.5,21.20833333333333,48.84166666666667,25,25,25,25,25,25,0,0,0,0,0,0,0,0.0,0,0,0.04575,0.0109,5e-05,13.43,99.9,0.448,26.66728,6.793,279.0,10.83,1010,1257.0,1248.0
497.09090909090907,58.18181818181818,533.8181818181819,2,20.61818181818182,0,0,0.0,0.0,0,0.0,0.0,0,19.45,-39,23.15,14.416666666666666,20.5,21.0,48.5,25,25,25,25,25,25,0,0,0,0,0,0,0,0.0,0,0,0.3385249999999999,0.010775,7.500000000000001e-05,14.03,99.7,0.222,14.27763,3.812,274.2,5.418,1012,1257.0,1249.0
482.7272727272728,58.0,230.63636363636363,0,20.527272727272727,0,0,0.0,0.0,0,0.0,0.0,0,19.5,-39,23.0,14.333333333333334,20.5,21.0,48.4,25,25,25,25,25,25,0,0,0,0,0,0,0,0.0,0,0,0.22235,0.010775,0.0,14.0,97.5,0.431,25.45834,4.457,275.2,5.832,1012,1257.0,1248.0
489.8,58.7,22.7,7,19.84,0,0,0.0,0.0,0,0.0,0.0,0,18.95,-39,23.0,14.0,20.5,21.0,48.0,25,25,25,25,25,25,0,0,0,0,0,0,0,0.0,0,0,1.072525,0.01075,2.5e-05,13.79,74.7,0.309,18.65462,5.48,286.0,7.082,1014,1257.0,1248.0
849.6363636363636,62.0,8.272727272727273,16,19.42727272727273,0,0,0.0,0.0,0,0.0,0.0,0,18.575,-39,22.808333333333334,13.566666666666666,20.491666666666667,20.866666666666667,47.00833333333333,25,25,25,25,25,25,0,0,0,0,0,0,0,0.0,0,0,1.234825,0.010875,5e-05,13.15,77.5,0.05,2.986119,3.043,277.8,4.168,1015,390.2,375.0
750.0,63.0,12.0,10,19.0375,0,0,0.0,0.0,0,0.0,0.0,0,18.5,-39,22.316666666666663,12.933333333333334,20.5,20.5,44.95,25,25,25,25,25,25,0,0,0,0,0,0,0,0.0,0,0,0.348125,0.011025,2.5e-05,12.58,81.9,0.02,1.194503,1.458,288.8,2.082,1016,133.6,128.8
1255.0,63.54545454545455,2.8181818181818183,15,19.39090909090909,0,0,0.0,0.0,0,0.0,0.0,0,18.025,-39,21.666666666666668,12.083333333333334,20.5,20.5,44.43333333333333,25,25,25,25,25,25,0,0,0,0,0,0,0,0.0,0,0,0.2542,0.01115,0.0,11.77,99.9,0.0,0.0,0.083,25.88,0.417,1017,2.537,1.1
1787.25,64.125,1.875,16,19.6375,0,0,0.0,0.0,0,0.0,0.0,0,18.0,-39,21.40833333333333,12.0,20.5,20.5,44.00833333333333,25,25,25,25,25,25,0,0,0,0,0,0,0,0.0,0,0,0.190325,0.01105,5e-05,11.0,99.9,0.0,0.0,0.042,250.8,0.417,1018,2.03,1.015
1820.75,63.66666666666666,1.0,11,19.90833333333333,0,0,0.0,0.0,0,0.0,0.0,0,18.0,-39,21.0,11.4,20.225,20.5,43.91666666666666,25,25,25,25,25,25,0,0,0,0,0,0,0,0.0,0,0,0.24585,0.010725,2.5e-05,9.95,99.9,0.0,0.0,0.208,13.14,0.417,1019,2.03,1.015
1256.090909090909,61.72727272727273,0.0,3,19.61818181818182,0,0,0.0,0.0,0,0.0,0.0,0,17.775,-39,20.6,10.316666666666666,20.0,20.041666666666668,43.5,25,25,25,25,25,25,0,0,0,0,0,0,0,0.0,0,0,0.2744499999999999,0.0109,5e-05,9.88,99.9,0.0,0.0,0.479,155.2,0.833,1019,2.031,1.015
1105.4166666666667,61.083333333333336,0.25,1,19.48333333333333,0,0,0.0,0.0,0,0.0,0.0,0,17.5,-39,20.5,10.016666666666667,20.0,19.866666666666667,43.25,25,25,25,25,25,25,0,0,0,0,0,0,0,0.0,0,0,0.347925,0.0108,0.0,9.69,99.9,0.0,0.0,0.563,140.2,0.833,1020,2.031,1.015
1009.4,60.0,0.6,1,19.32,0,0,0.0,0.0,0,0.0,0.0,0,17.5,-39,20.5,10.0,20.0,19.5,42.99166666666667,25,25,25,25,25,25,0,0,0,0,0,0,0,0.0,0,0,0.20705,0.0109749999999999,5e-05,8.87,99.8,0.0,0.0,1.354,147.2,1.667,1021,2.031,1.015
1032.75,60.083333333333336,0.0,1,19.116666666666667,0,0,0.0,0.0,0,0.0,0.0,0,17.5,-39,20.5,10.0,20.0,19.5,42.59166666666667,25,25,25,25,25,25,0,0,0,0,0,0,0,0.0,0,0,0.225425,0.0110499999999999,7.500000000000001e-05,9.11,99.8,0.0,0.0,0.208,148.4,0.833,1021,2.2,1.015
1017.8333333333334,60.0,0.0,1,19.166666666666668,0,0,0.0,0.0,0,0.0,0.0,0,17.5,-39,20.5,10.0,20.025,19.5,42.333333333333336,25,25,25,25,25,25,0,0,0,0,0,0,0,0.0,0,0,0.296,0.011,5e-05,8.6,99.8,0.0,0.0,0.458,126.2,1.667,1021,2.031,1.015
867.2727272727273,58.45454545454545,0.0,1,18.87272727272727,0,0,0.0,0.0,0,0.0,0.0,0,17.025,-39,20.5,9.65,20.008333333333333,19.5,42.0,25,25,25,25,25,25,0,0,0,0,0,0,0,0.0,0,0,0.180975,0.01105,0.0,10.13,99.8,0.0,0.0,1.854,105.8,2.918,1021,2.031,1.015
873.1666666666666,58.583333333333336,0.0,2,18.758333333333333,0,0,0.0,0.0,0,0.0,0.0,0,17.0,-39,20.466666666666665,9.0,20.0,19.5,41.55833333333333,25,25,25,25,25,25,0,0,0,0,0,0,0,0.0,0,0,0.1906749999999999,0.0109,5e-05,7.926,99.8,0.0,0.0,0.708,56.38,1.25,1021,1.946,1.015
846.0,58.6,0.0,5,18.64,0,0,0.0,0.0,0,0.0,0.0,0,17.0,-39,20.183333333333334,9.0,19.966666666666665,19.5,41.30833333333333,25,25,25,25,25,25,0,0,0,0,0,0,0,0.0,0,0,0.23875,0.010875,5e-05,6.844,99.8,0.0,0.0,0.813,9.51,1.25,1021,1.862,1.015
904.2,59.5,16.2,14,18.47,0,0,0.0,0.0,0,0.0,0.0,0,17.0,-39,20.0,9.0,19.508333333333333,19.5,40.016666666666666,25,25,25,25,25,25,0,0,0,0,0,0,0,0.0,0,0,0.5849249999999999,0.01085,5e-05,8.33,99.8,0.0,0.0,2.521,119.7,3.332,1021,2.031,1.015
738.0,61.75,6.833333333333333,1,17.908333333333335,0,0,0.0,0.0,0,0.0,0.0,0,17.0,-39,19.7,9.416666666666666,19.5,19.10833333333333,35.675,25,25,25,25,25,25,0,0,0,0,0,0,0,0.0,0,0,0.2508249999999999,0.010875,2.5e-05,8.16,99.8,0.0,0.0,2.479,113.9,3.75,1022,2.031,1.015
600.7272727272727,61.36363636363637,31.63636363636364,2,17.61818181818182,0,4,66.66666666666666,0.0666666666666666,37,616.6666666666666,0.6166666666666666,0,17.0,-39,20.525,10.483333333333333,20.791666666666668,19.916666666666668,32.875,25,25,25,25,25,25,0,0,0,0,0,0,0,4.616666666666666,1,0,1.06665,0.1997,2.5e-05,7.96,99.7,0.0,0.0,0.604,68.4,1.25,1022,11.59,10.32
572.7,61.9,173.6,0,17.630000000000003,1,85,1416.6666666666663,1.4166666666666667,250,4166.666666666666,4.166666666666666,0,17.025,-39,40.43333333333333,11.133333333333333,35.833333333333336,37.35,44.525,25,25,25,25,25,25,0,0,0,0,0,0,0,9.833333333333334,1,0,2.365175,1.5878,0.0,9.69,99.8,0.04,2.007799,3.832,112.5,5.0,1022,260.8,251.1
517.3333333333334,61.91666666666666,420.5833333333333,0,18.266666666666666,0,0,0.0,0.0,0,0.0,0.0,0,17.8,-39,24.9,13.166666666666666,20.758333333333333,21.825,49.325,25,25,25,25,25,25,0,0,0,0,0,0,0,0.0,0,0,0.91665,0.010675,0.0,10.59,99.8,0.056,3.676415,3.312,114.0,4.582,1023,475.5,458.0
492.3636363636364,60.81818181818182,499.54545454545456,0,19.318181818181817,0,0,0.0,0.0,0,0.0,0.0,0,18.40833333333333,-39,24.0125,14.116666666666667,20.5,21.5,49.0,25,25,25,25,25,25,0,0,0,0,0,0,0,0.0,0,0,1.2935,0.010475,0.0,12.38,99.8,0.156,10.46849,2.854,134.4,5.0,1023,1176.0,1136.0
480.3636363636364,60.0,455.54545454545456,0,19.545454545454547,0,0,0.0,0.0,0,0.0,0.0,0,18.8,-39,23.516666666666666,15.3,20.391666666666666,21.10833333333333,48.891666666666666,25,25,25,25,25,25,0,0,0,0,0,0,0,0.0,0,0,0.327025,0.01085,7.500000000000001e-05,13.02,99.8,0.401,24.0626,3.979,123.2,5.418,1023,1258.0,1248.0
470.0,60.0,152.41666666666666,0,19.541666666666668,0,0,0.0,0.0,0,0.0,0.0,0,18.825,-39,23.216666666666665,16.0,20.425,21.0,48.516666666666666,25,25,25,25,25,25,0,0,0,0,0,0,0,0.0,0,0,0.262925,0.010775,2.5e-05,13.12,99.8,0.209,14.7687,2.75,120.5,3.75,1022,1257.0,1248.0
483.6666666666667,60.833333333333336,412.4166666666667,0,19.23333333333333,0,0,0.0,0.0,0,0.0,0.0,0,18.5,-39,23.0,16.0,20.5,21.0,48.49166666666667,25,25,25,25,25,25,0,0,0,0,0,0,0,0.0,0,0,0.2858,0.01085,2.5e-05,15.42,99.9,0.511,25.79046,1.125,94.6,2.082,1022,1258.0,1249.0
484.7,61.0,122.4,0,19.17,0,0,0.0,0.0,0,0.0,0.0,0,18.475,-39,23.0,15.933333333333334,20.475,21.0,48.00833333333333,25,25,25,25,25,25,0,0,0,0,0,0,0,0.0,0,0,0.1568999999999999,0.0108,7.500000000000001e-05,15.94,99.9,0.109,6.567866,3.207,139.2,4.582,1021,720.0,694.5
463.8181818181818,61.0,24.63636363636364,0,18.69090909090909,0,0,0.0,0.0,0,0.0,0.0,0,18.025,-39,22.616666666666667,15.216666666666669,20.15,20.766666666666666,47.95,25,25,25,25,25,25,0,0,0,0,0,0,0,0.0,0,0,0.324475,0.0108,5e-05,16.28,99.9,0.295,16.67787,3.543,107.4,6.25,1021,1257.0,1248.0
551.1,62.3,8.1,17,18.4,0,0,0.0,0.0,0,0.0,0.0,0,18.0,-39,22.5,15.0,20.125,20.5,47.5,25,25,25,25,25,25,0,0,0,0,0,0,0,0.0,0,0,0.272475,0.010775,0.0,16.22,99.9,0.116,6.690646,4.168,132.4,6.668,1020,736.0,711.0
498.1818181818182,63.90909090909091,2.727272727272727,3,18.06363636363637,0,0,0.0,0.0,0,0.0,0.0,0,18.133333333333333,-39,22.5,14.366666666666667,20.0,20.5,47.30833333333333,25,25,25,25,25,25,0,0,0,0,0,0,0,0.0,0,0,0.2042,0.010275,2.5e-05,15.82,77.7,0.013,0.7962002,5.043,116.2,7.5,1020,87.5,84.1
781.7777777777778,66.0,32.666666666666664,10,18.200000000000003,0,0,0.0,0.0,0,0.0,0.0,0,18.025,-39,21.60833333333333,13.8,19.525,20.35,38.25833333333333,25,25,25,25,25,25,0,0,0,0,0,0,0,0.0,0,0,1.222575,0.01065,0.0,14.67,88.5,0.0,0.0,4.02,108.4,7.5,1020,2.03,1.015
1022.1666666666666,68.5,6.75,8,18.766666666666666,0,11,183.3333333333333,0.1833333333333333,73,1216.6666666666663,1.2166666666666666,0,18.0,-39,21.516666666666666,12.766666666666667,21.83333333333333,20.766666666666666,31.15833333333333,25,25,25,25,25,25,0,0,0,0,0,0,0,5.9,1,0,1.212,0.340725,0.0,13.83,90.1,0.0,0.0,3.771,101.3,7.082,1020,2.03,1.015
1272.0,68.41666666666667,0.5,8,19.091666666666665,0,69,1150.0,1.15,202,3366.6666666666665,3.3666666666666663,0,17.875,-39,37.708333333333336,12.25,33.11666666666667,35.083333333333336,45.583333333333336,25,25,25,25,25,25,0,0,0,0,0,0,0,7.566666666666666,1,0,1.684575,1.2786,2.5e-05,12.89,100.0,0.0,0.0,3.043,112.3,4.582,1020,2.03,1.015
1272.1666666666667,68.33333333333333,0.25,4,19.166666666666668,0,0,0.0,0.0,0,0.0,0.0,0,17.5,-39,24.975,13.0,20.85833333333333,22.291666666666668,49.083333333333336,25,25,25,25,25,25,0,0,0,0,0,0,0,0.0,0,0,0.441725,0.01115,5e-05,12.22,99.9,0.0,0.0,2.396,89.8,5.418,1019,2.2,1.015
1299.5454545454545,68.0,0.5454545454545454,2,19.42727272727273,0,0,0.0,0.0,0,0.0,0.0,0,17.5,-39,24.266666666666666,12.966666666666669,20.5,21.725,49.0,25,25,25,25,25,25,0,0,0,0,0,0,0,0.0,0,0,0.259775,0.01115,5e-05,12.18,99.9,0.0,0.0,2.188,94.6,3.75,1019,2.03,1.015
1253.1666666666667,67.08333333333333,0.75,2,19.6,0,0,0.0,0.0,0,0.0,0.0,0,17.5,-39,23.8,13.0,20.5,21.491666666666667,48.766666666666666,25,25,25,25,25,25,0,0,0,0,0,0,0,0.0,0,0,0.311475,0.0112249999999999,0.0,12.55,99.9,0.0,0.0,1.833,106.9,2.5,1018,2.03,1.015
1255.8333333333333,66.83333333333333,0.0,1,19.59166666666667,0,0,0.0,0.0,0,0.0,0.0,0,17.5,-39,23.5,13.0,20.5,21.058333333333334,48.5,25,25,25,25,25,25,0,0,0,0,0,0,0,0.0,0,0,0.27175,0.01125,2.5e-05,13.26,99.9,0.0,0.0,2.918,126.9,4.582,1017,2.03,1.015
1083.9166666666667,66.0,0.0,3,19.475,0,0,0.0,0.0,0,0.0,0.0,0,17.5,-39,23.45833333333333,13.0,20.5,21.0,48.34166666666667,25,25,25,25,25,25,0,0,0,0,0,0,0,0.0,0,0,0.2007,0.011275,0.0,13.3,99.9,0.0,0.0,3.082,115.5,5.418,1017,2.03,1.015
1128.0833333333333,66.5,0.0,2,19.416666666666668,0,0,0.0,0.0,0,0.0,0.0,0,17.5,-39,23.0,13.0,20.308333333333334,21.0,48.0,25,25,25,25,25,25,0,0,0,0,0,0,0,0.0,0,0,0.338125,0.011275,5e-05,13.3,99.9,0.0,0.0,3.062,135.6,5.832,1016,2.03,1.015
1070.8,66.0,0.0,1,19.47,0,0,0.0,0.0,0,0.0,0.0,0,17.5,-39,23.0,13.0,20.03333333333333,21.0,47.925,25,25,25,25,25,25,0,0,0,0,0,0,0,0.0,0,0,0.21635,0.0112249999999999,5e-05,12.93,99.9,0.0,0.0,1.667,156.2,3.332,1015,2.03,1.015
1056.9166666666667,65.75,0.0,2,19.383333333333333,0,0,0.0,0.0,0,0.0,0.0,0,17.3,-39,23.0,13.0,20.0,20.966666666666665,47.50833333333333,25,25,25,25,25,25,0,0,0,0,0,0,0,0.0,0,0,0.3282,0.011125,7.500000000000001e-05,12.65,99.9,0.0,0.0,3.582,111.8,5.0,1015,2.03,1.015
953.2,66.7,16.5,16,19.11,0,0,0.0,0.0,0,0.0,0.0,0,17.0,-39,22.75,13.0,20.03333333333333,20.525,47.29166666666666,25,25,25,25,25,25,0,0,0,0,0,0,0,0.0,0,0,0.5264249999999999,0.010875,5e-05,12.86,99.9,0.0,0.0,3.146,103.8,4.582,1015,2.03,1.015
711.5833333333334,68.08333333333333,2.5,0,18.35,0,0,0.0,0.0,0,0.0,0.0,0,17.0,-39,22.5,13.0,20.2,20.5,46.825,25,25,25,25,25,25,0,0,0,0,0,0,0,0.0,0,0,0.2663,0.010975,0.0001,12.59,99.8,0.0,0.0,2.668,107.6,4.168,1014,2.03,1.015
592.0833333333334,68.33333333333333,11.5,0,18.03333333333333,0,0,0.0,0.0,0,0.0,0.0,0,17.0,-39,22.5,13.0,20.0,20.5,46.5,25,25,25,25,25,25,0,0,0,0,0,0,0,0.0,0,0,0.4533999999999999,0.010825,7.500000000000001e-05,12.76,99.8,0.0,0.0,4.145,119.8,6.25,1014,5.836,4.906
525.6,68.4,23.5,0,17.889999999999997,0,0,0.0,0.0,0,0.0,0.0,0,17.0,-39,22.35833333333333,13.35,20.0,20.5,45.31666666666667,25,25,25,25,25,25,0,0,0,0,0,0,0,0.0,0,0,0.965375,0.01055,2.5e-05,12.86,99.8,0.013,0.796335,2.646,96.5,4.582,1013,101.7,97.5
512.3636363636364,68.9090909090909,31.818181818181817,0,17.818181818181817,0,0,0.0,0.0,0,0.0,0.0,0,17.0,-39,21.916666666666668,13.966666666666669,20.08333333333333,20.5,43.94166666666667,25,25,25,25,25,25,0,0,0,0,0,0,0,0.0,0,0,2.116775,0.010625,0.0,13.33,99.8,0.063,4.061309,2.854,129.9,4.582,1014,460.8,443.5
540.6,68.8,36.3,2,17.830000000000002,0,17,283.3333333333333,0.2833333333333332,114,1900.0,1.9,0,17.175,-39,23.95,14.0,24.266666666666666,22.933333333333334,42.8,25,25,25,25,25,25,0,0,0,0,0,0,0,8.85,1,1,1.504,0.42615,0.0,13.49,99.7,0.083,4.963822,4.668,105.0,6.668,1013,588.5,567.5
510.5,68.3,44.9,0,18.51,2,55,916.6666666666664,0.9166666666666664,299,4983.333333333333,4.983333333333333,0,18.225,-39,41.2,14.033333333333331,45.06666666666667,41.05833333333333,42.5,25,25,25,25,25,25,0,0,0,0,0,0,0,19.016666666666666,1,1,1.4884499999999998,1.36175,0.10445,14.14,99.8,0.07,4.336708,3.25,110.0,4.582,1013,555.5,536.0
473.9,65.8,29.1,0,19.61,2,60,1000.0,0.9999999999999998,270,4500.0,4.499999999999999,0,19.65,-39,46.75833333333333,14.0,49.78333333333333,46.125,42.49166666666667,25,25,25,25,25,25,0,0,0,0,0,0,0,19.016666666666666,1,1,1.8127,1.4792,0.0,14.54,99.9,0.08,4.575608,2.875,129.6,5.832,1012,570.5,550.5
500.27272727272725,65.0,18.727272727272727,0,19.92727272727273,0,7,116.66666666666666,0.1166666666666666,28,466.6666666666666,0.4666666666666666,0,20.23333333333333,-39,31.825,14.733333333333333,41.025,38.79166666666666,42.025,25,25,25,25,25,25,0,0,0,0,0,0,0,1.5833333333333333,1,1,0.3886,0.1387499999999999,2.5e-05,14.68,99.9,0.129,8.338287,6.188,109.6,9.17,1010,903.0,872.0
497.5,65.0,8.833333333333334,1,19.291666666666668,0,0,0.0,0.0,0,0.0,0.0,0,19.73333333333333,-39,25.383333333333333,14.1,28.433333333333334,26.73333333333333,41.93333333333333,25,25,25,25,25,25,0,0,0,0,0,0,0,0.0,0,0,0.4267999999999999,0.0107,2.5e-05,14.78,99.9,0.053,3.440827,4.332,112.9,6.668,1009,382.8,368.2
531.5454545454545,65.9090909090909,4.727272727272728,0,18.818181818181817,0,0,0.0,0.0,0,0.0,0.0,0,19.03333333333333,-39,23.566666666666663,14.0,25.183333333333334,22.933333333333334,41.35,25,25,25,25,25,25,0,0,0,0,0,0,0,0.0,0,0,0.60005,0.0104999999999999,2.5e-05,14.47,99.8,0.033,2.269555,2.832,105.3,5.832,1008,247.2,238.0
714.4,67.1,20.3,17,18.68,0,0,0.0,0.0,0,0.0,0.0,0,19.0,-39,22.40833333333333,13.5,22.95,22.266666666666666,37.40833333333333,25,25,25,25,25,25,0,0,0,0,0,0,0,0.0,0,0,1.088225,0.0104,0.0,14.27,99.8,0.013,0.796335,5.957,114.7,9.58,1007,90.8,87.1
1202.5,67.3,12.4,14,19.54,1,64,1066.6666666666663,1.0666666666666664,257,4283.333333333333,4.283333333333333,0,18.95,-39,35.15,12.5,36.53333333333333,34.766666666666666,35.90833333333333,25,25,25,25,25,25,0,0,0,0,0,0,0,13.916666666666666,1,0,2.053975,1.4567,0.0,13.8,99.8,0.013,0.6569764,7.375,110.7,12.5,1006,67.7,64.44
1201.6363636363635,66.0909090909091,3.0,12,19.981818181818184,0,0,0.0,0.0,0,0.0,0.0,0,19.0,-39,28.933333333333334,13.0,22.375,25.758333333333333,49.46666666666667,25,25,25,25,25,25,0,0,0,0,0,0,0,0.0,0,0,0.3947,0.010825,7.500000000000001e-05,12.88,99.8,0.0,0.0,7.293,105.8,11.25,1005,2.2,1.015
1515.6666666666667,66.58333333333333,2.75,10,19.991666666666667,0,0,0.0,0.0,0,0.0,0.0,0,18.808333333333334,-39,24.691666666666663,13.0,21.7,22.725,49.020833333333336,25,25,25,25,25,25,0,0,0,0,0,0,0,0.0,0,0,0.228125,0.010925,2.5e-05,12.25,99.8,0.0,0.0,6.395,113.3,10.42,1005,2.03,1.184
1308.1818181818182,67.0,1.3636363636363635,10,19.827272727272728,0,0,0.0,0.0,0,0.0,0.0,0,18.5,-39,24.3,13.0,21.5,22.5,48.96666666666667,25,25,25,25,25,25,0,0,0,0,0,0,0,0.0,0,0,0.268525,0.0109,2.5e-05,12.38,99.8,0.0,0.0,3.207,110.3,5.832,1004,2.03,1.015
1494.75,67.83333333333333,1.25,6,20.075,0,0,0.0,0.0,0,0.0,0.0,0,18.5,-39,23.808333333333334,13.0,21.33333333333333,22.183333333333334,48.55,25,25,25,25,25,25,0,0,0,0,0,0,0,0.0,0,0,0.372575,0.01115,0.0,12.99,99.8,0.0,0.0,2.729,122.0,4.168,1004,2.03,1.015
1464.25,68.25,0.5,3,20.08333333333333,0,0,0.0,0.0,0,0.0,0.0,0,18.216666666666665,-39,23.5,13.0,21.0,22.0,48.49166666666667,25,25,25,25,25,25,0,0,0,0,0,0,0,0.0,0,0,0.255075,0.0111,5e-05,12.45,99.8,0.0,0.0,3.854,102.6,7.082,1003,2.03,1.015
1516.2727272727273,69.0909090909091,1.0909090909090908,1,20.163636363636364,0,0,0.0,0.0,0,0.0,0.0,0,18.0,-39,23.491525423728813,13.0,21.0,21.88135593220339,48.11864406779661,25,25,25,25,25,25,0,0,0,0,0,0,0,0.0,0,0,0.27515,0.011175,5e-05,12.75,99.8,0.0,0.0,5.082,106.5,7.918,1002,2.03,1.015
1592.25,69.33333333333333,0.0,3,20.08333333333333,0,0,0.0,0.0,0,0.0,0.0,0,18.0,-39,23.091666666666665,13.0,21.0,21.516666666666666,48.0,25,25,25,25,25,25,0,0,0,0,0,0,0,0.0,0,0,0.268375,0.01115,7.500000000000001e-05,13.13,99.8,0.0,0.0,3.082,139.2,5.832,1002,2.03,1.015
1836.636363636364,70.0,0.0,2,20.0,0,0,0.0,0.0,0,0.0,0.0,0,18.0,-39,23.0,13.0,20.991666666666667,21.5,47.65,25,25,25,25,25,25,0,0,0,0,0,0,0,0.0,0,0,0.3228,0.011,0.0,13.13,99.8,0.0,0.0,1.604,155.2,3.332,1002,2.03,1.015
1806.3333333333333,69.91666666666667,0.0,5,20.125,0,0,0.0,0.0,0,0.0,0.0,0,18.0,-39,23.0,13.0,20.729166666666668,21.5,47.5,25,25,25,25,25,25,0,0,0,0,0,0,0,0.0,0,0,0.207875,0.011,0.0,12.92,99.8,0.0,0.0,0.771,134.8,2.5,1002,2.03,1.015
1467.3333333333333,69.0,0.0,2,19.90833333333333,0,0,0.0,0.0,0,0.0,0.0,0,18.0,-39,23.0,13.0,20.5,21.5,47.21666666666667,25,25,25,25,25,25,0,0,0,0,0,0,0,0.0,0,0,0.20715,0.0109,5e-05,13.06,99.8,0.0,0.0,2.146,131.0,3.75,1002,2.03,1.015
1473.5833333333333,69.0,0.0,4,19.70833333333333,0,0,0.0,0.0,0,0.0,0.0,0,17.808333333333334,-39,23.0,13.0,20.5,21.5,47.0,25,25,25,25,25,25,0,0,0,0,0,0,0,0.0,0,0,0.44405,0.01105,2.5e-05,12.79,99.8,0.0,0.0,2.729,145.5,3.75,1002,2.03,1.015
1218.75,69.5,17.333333333333332,18,19.433333333333334,0,0,0.0,0.0,0,0.0,0.0,0,17.5,-39,22.525,13.0,20.5,21.191666666666663,46.60833333333333,25,25,25,25,25,25,0,0,0,0,0,0,0,0.0,0,0,0.46145,0.01095,2.5e-05,12.72,99.8,0.0,0.0,2.668,157.8,5.0,1002,2.537,1.015
826.6363636363636,70.0,1.3636363636363635,0,18.78181818181818,0,0,0.0,0.0,0,0.0,0.0,0,17.5,-39,22.5,13.0,20.7,21.0,46.075,25,25,25,25,25,25,0,0,0,0,0,0,0,0.0,0,0,0.153475,0.010975,2.5e-05,13.4,99.8,0.0,0.0,2.438,170.4,4.168,1002,2.03,1.015
654.5,69.75,4.25,0,18.575,0,0,0.0,0.0,0,0.0,0.0,0,17.633333333333333,-39,22.5,13.0,20.5,21.0,45.833333333333336,25,25,25,25,25,25,0,0,0,0,0,0,0,0.0,0,0,0.323175,0.011075,5e-05,13.06,99.8,0.0,0.0,0.0,0.0,0.0,1001,8.29,6.938
557.6363636363636,69.0,3.0,0,18.509090909090908,0,0,0.0,0.0,0,0.0,0.0,0,17.691666666666666,-39,22.5,13.15,20.5,21.0,45.5,25,25,25,25,25,25,0,0,0,0,0,0,0,0.0,0,0,0.247475,0.010725,2.5e-05,12.92,99.8,0.08,4.605471,2.25,168.4,3.332,1002,529.5,511.0
505.45454545454544,68.45454545454545,3.272727272727273,0,18.49090909090909,0,0,0.0,0.0,0,0.0,0.0,0,17.891666666666666,-39,22.5,13.85,20.5,20.9,45.225,25,25,25,25,25,25,0,0,0,0,0,0,0,0.0,0,0,0.116925,0.011075,2.5e-05,13.36,99.8,0.076,4.575608,1.188,115.4,1.667,1002,562.5,543.0
454.6,68.0,5.5,0,18.52,0,0,0.0,0.0,0,0.0,0.0,0,17.95,-39,22.5,14.816666666666666,20.5,20.641666666666666,45.0,25,25,25,25,25,25,0,0,0,0,0,0,0,0.0,0,0,0.236725,0.010875,0.0,13.8,99.8,0.056,3.384424,0.438,117.8,1.25,1001,545.5,526.5
413.54545454545456,67.45454545454545,13.909090909090908,0,19.009090909090908,0,0,0.0,0.0,0,0.0,0.0,0,18.341666666666665,-39,22.433333333333334,16.066666666666666,20.5,20.55,44.65,25,25,25,25,25,25,0,0,0,0,0,0,0,0.0,0,0,0.16045,0.010575,2.5e-05,14.47,99.8,0.202,13.02008,2.312,153.0,3.75,1001,1257.0,1248.0
409.4166666666667,65.75,5.166666666666667,0,19.2,0,0,0.0,0.0,0,0.0,0.0,0,18.5,-39,22.191666666666663,15.916666666666666,20.5,20.5,44.475,25,25,25,25,25,25,0,0,0,0,0,0,0,0.0,0,0,0.17315,0.010975,5e-05,16.44,99.9,0.328,18.67443,3.582,172.9,5.418,1000,1258.0,1248.0
404.3,64.5,97.2,2,19.02,0,0,0.0,0.0,0,0.0,0.0,0,18.25,-39,22.041666666666668,15.95,20.5,20.5,44.09166666666667,25,25,25,25,25,25,0,0,0,0,0,0,0,0.0,0,0,0.3511499999999999,0.010875,5e-05,17.03,99.9,0.468,25.8889,4.062,166.2,5.832,999,1258.0,1249.0
405.75,63.0,142.5,0,18.791666666666668,0,0,0.0,0.0,0,0.0,0.0,0,18.5,-39,22.0,15.183333333333334,20.5,20.5,43.925,25,25,25,25,25,25,0,0,0,0,0,0,0,0.0,0,0,0.3769,0.011075,7.500000000000001e-05,16.95,99.9,0.308,17.92819,0.75,139.5,1.667,998,1257.0,1248.0
425.9090909090909,64.63636363636364,33.90909090909091,1,18.563636363636363,0,0,0.0,0.0,0,0.0,0.0,0,18.5,-39,22.0,15.258333333333333,20.5,20.5,43.5125,25,25,25,25,25,25,0,0,0,0,0,0,0,0.0,0,0,0.7813749999999999,0.0109,7.500000000000001e-05,16.69,83.2,0.116,7.184611,3.418,178.8,5.0,998,805.0,777.0
472.25,64.16666666666667,3.4166666666666665,13,18.35,0,0,0.0,0.0,0,0.0,0.0,0,18.5,-39,21.9,15.0,20.5,20.5,41.95,25,25,25,25,25,25,0,0,0,0,0,0,0,0.0,0,0,0.5838,0.010975,2.5e-05,16.02,82.0,0.056,3.187929,1.271,129.9,2.5,998,408.0,393.0
525.0909090909091,65.54545454545455,5.545454545454546,13,18.33636363636364,0,2,33.33333333333333,0.0333333333333333,33,550.0,0.5499999999999999,0,18.183333333333334,-39,21.825,14.55,21.20833333333333,20.666666666666668,37.65833333333333,25,25,25,25,25,25,0,0,0,0,0,0,0,4.016666666666667,1,0,0.409625,0.1347499999999999,5e-05,15.68,84.2,0.027,1.592458,1.667,138.8,3.332,998,164.8,158.8
1090.8181818181818,70.54545454545455,4.090909090909091,16,19.5,1,77,1283.3333333333333,1.283333333333333,322,5366.666666666666,5.366666666666666,0,18.0,-39,35.28333333333333,13.316666666666666,39.333333333333336,34.69166666666667,40.90833333333333,25,25,25,25,25,25,0,0,0,0,0,0,0,13.65,1,0,2.116975,1.670075,0.0,14.95,99.9,0.0,0.0,1.625,136.8,2.082,997,2.03,1.015
1301.909090909091,69.0,24.818181818181817,25,20.181818181818183,0,0,0.0,0.0,0,0.0,0.0,0,18.0,-39,25.133333333333333,14.0,23.125,22.275,49.28333333333333,25,25,25,25,25,25,0,0,0,0,0,0,0,0.0,0,0,0.285175,0.0110499999999999,0.0,14.2,99.9,0.0,0.0,2.312,143.2,5.832,997,2.03,1.015
2212.3,69.9,3.0,14,20.84,0,0,0.0,0.0,0,0.0,0.0,0,18.0,-39,24.5,14.0,20.508333333333333,22.433333333333334,49.0,25,25,25,25,25,25,0,0,0,0,0,0,0,0.0,0,0,0.36885,0.011075,5e-05,13.84,99.9,0.0,0.0,2.604,128.1,5.0,996,2.03,1.015
1620.6666666666667,68.83333333333333,0.0,13,20.65833333333333,0,0,0.0,0.0,0,0.0,0.0,0,18.0,-39,24.216666666666665,13.666666666666666,20.5,21.525,48.95,25,25,25,25,25,25,0,0,0,0,0,0,0,0.0,0,0,0.4155999999999999,0.01115,2.5e-05,13.64,99.9,0.0,0.0,2.5,157.2,5.418,995,2.03,1.015
1206.8181818181818,68.9090909090909,0.2727272727272727,3,20.11818181818182,0,0,0.0,0.0,0,0.0,0.0,0,17.933333333333334,-39,24.0,13.066666666666666,20.5,21.541666666666668,48.520833333333336,25,25,25,25,25,25,0,0,0,0,0,0,0,0.0,0,0,0.225775,0.011125,5e-05,13.67,99.9,0.0,0.0,3.293,141.9,5.832,995,2.03,1.015
1053.5454545454545,68.36363636363636,0.5454545454545454,2,20.027272727272727,0,0,0.0,0.0,0,0.0,0.0,0,17.5,-39,23.95,13.0,20.5,21.5,48.475,25,25,25,25,25,25,0,0,0,0,0,0,0,0.0,0,0,0.357375,0.011125,5e-05,12.93,99.9,0.0,0.0,3.062,111.1,4.582,994,2.03,1.015
820.7,66.8,0.9,3,19.880000000000003,0,0,0.0,0.0,0,0.0,0.0,0,17.5,-39,23.5,13.016666666666667,20.20833333333333,21.35833333333333,48.15,25,25,25,25,25,25,0,0,0,0,0,0,0,0.0,0,0,0.2115,0.01115,0.0001,12.86,99.9,0.0,0.0,3.832,117.4,5.418,993,2.03,1.1
789.1666666666666,65.75,0.0,1,19.8,0,0,0.0,0.0,0,0.0,0.0,0,17.5,-39,23.5,13.116666666666667,20.0,21.0,48.0,25,25,25,25,25,25,0,0,0,0,0,0,0,0.0,0,0,0.255525,0.0112249999999999,2.5e-05,12.15,99.9,0.0,0.0,2.0,74.0,3.75,992,2.03,1.015
701.9090909090909,64.27272727272727,0.0,1,19.63636363636364,0,0,0.0,0.0,0,0.0,0.0,0,17.5,-39,23.391666666666666,13.133333333333333,20.091666666666665,21.0,47.75,25,25,25,25,25,25,0,0,0,0,0,0,0,0.0,0,0,0.301925,0.011275,7.500000000000001e-05,13.57,99.9,0.0,0.0,2.707,110.6,5.0,990,2.03,1.015
693.8333333333334,64.16666666666667,0.0,2,19.45,0,0,0.0,0.0,0,0.0,0.0,0,17.5,-39,23.03333333333333,13.65,20.0,21.0,47.5,25,25,25,25,25,25,0,0,0,0,0,0,0,0.0,0,0,0.27705,0.0112,5e-05,13.53,99.9,0.0,0.0,4.957,110.9,7.918,989,2.03,1.015
723.4545454545455,64.27272727272727,0.0,3,19.4,0,0,0.0,0.0,0,0.0,0.0,0,17.5,-39,23.0,13.916666666666666,20.0,21.0,47.25,25,25,25,25,25,25,0,0,0,0,0,0,0,0.0,0,0,0.493125,0.011,5e-05,13.8,99.9,0.0,0.0,6.293,114.0,10.0,987,2.03,1.015
778.8181818181819,66.18181818181819,15.0,22,19.354545454545452,0,0,0.0,0.0,0,0.0,0.0,0,17.5,-39,22.83333333333333,14.0,20.0,20.78333333333333,46.69166666666667,25,25,25,25,25,25,0,0,0,0,0,0,0,0.0,0,0,0.2602,0.011075,5e-05,13.7,99.9,0.0,0.0,3.521,111.0,5.418,987,2.03,1.015
550.75,67.0,4.5,0,18.73333333333333,0,0,0.0,0.0,0,0.0,0.0,0,17.5,-39,22.5,14.0,20.0,20.5,46.11666666666667,25,25,25,25,25,25,0,0,0,0,0,0,0,0.0,0,0,0.0785,0.010975,5e-05,13.9,99.9,0.0,0.0,1.729,88.9,2.918,986,2.03,1.015
450.0,68.0,8.4,0,18.35,0,0,0.0,0.0,0,0.0,0.0,0,17.5,-39,22.5,14.0,19.875,20.5,45.99166666666667,25,25,25,25,25,25,0,0,0,0,0,0,0,0.0,0,0,0.2201,0.011,2.5e-05,13.73,99.9,0.0,0.0,3.918,92.3,8.75,984,2.877,1.692
416.5,68.0,24.666666666666668,0,18.216666666666665,0,0,0.0,0.0,0,0.0,0.0,0,17.5,-39,22.5,14.5,19.775,20.5,45.516666666666666,25,25,25,25,25,25,0,0,0,0,0,0,0,0.0,0,0,0.1047,0.0109,5e-05,13.94,99.9,0.043,2.468639,2.979,83.3,5.832,984,240.8,232.0
410.5,68.66666666666667,52.41666666666666,0,18.125,0,0,0.0,0.0,0,0.0,0.0,0,17.5,-39,22.5,14.966666666666669,19.916666666666668,20.5,45.5,25,25,25,25,25,25,0,0,0,0,0,0,0,0.0,0,0,0.11025,0.0109,2.5e-05,14.44,99.9,0.04,2.389005,1.833,94.7,5.418,984,304.0,291.8
404.75,68.66666666666667,161.08333333333334,0,18.266666666666666,0,0,0.0,0.0,0,0.0,0.0,0,17.5,-39,22.5,15.833333333333334,20.0,20.5,45.03333333333333,25,25,25,25,25,25,0,0,0,0,0,0,0,0.0,0,0,0.12275,0.0108,0.0,14.61,99.9,0.063,3.971721,4.145,106.2,8.75,983,481.5,463.5
400.0,68.0909090909091,70.72727272727273,0,18.290909090909093,0,0,0.0,0.0,0,0.0,0.0,0,17.5,-39,22.325,15.716666666666669,20.0,20.5,45.0,25,25,25,25,25,25,0,0,0,0,0,0,0,0.0,0,0,0.16435,0.010675,2.5e-05,15.39,99.8,0.236,14.0155,4.0,118.9,6.668,983,1257.0,1248.0
397.3,68.5,42.0,0,18.23,0,0,0.0,0.0,0,0.0,0.0,0,17.5,-39,22.008333333333333,15.65,20.0,20.5,44.59166666666667,25,25,25,25,25,25,0,0,0,0,0,0,0,0.0,0,0,0.065475,0.010925,2.5e-05,16.12,99.9,0.202,12.50078,3.812,140.9,7.082,983,1257.0,1248.0
397.9166666666667,69.0,73.66666666666667,0,18.1,0,0,0.0,0.0,0,0.0,0.0,0,17.5,-39,22.0,15.083333333333334,20.0,20.5,44.49166666666667,25,25,25,25,25,25,0,0,0,0,0,0,0,0.0,0,0,0.301575,0.0110999999999999,5e-05,16.1,99.9,0.129,8.652165,3.168,139.9,5.418,983,904.0,872.0
520.9,69.3,46.1,8,18.27,0,0,0.0,0.0,0,0.0,0.0,0,17.791666666666668,-39,22.0,15.066666666666666,20.0,20.5,43.925,25,25,25,25,25,25,0,0,0,0,0,0,0,0.0,0,0,0.4057249999999999,0.010975,7.500000000000001e-05,15.48,99.9,0.09,5.659944,3.438,157.5,5.0,984,651.0,628.5
1177.8333333333333,70.0,6.25,8,19.025,0,0,0.0,0.0,0,0.0,0.0,0,18.0,-39,21.73333333333333,15.216666666666669,20.325,20.383333333333333,43.266666666666666,25,25,25,25,25,25,0,0,0,0,0,0,0,0.95,0,1,0.735875,0.01295,2.5e-05,15.78,99.9,0.189,11.19718,3.707,170.8,5.418,984,1213.0,1172.0
830.75,69.91666666666667,1.0,14,19.23333333333333,2,68,1133.3333333333333,1.133333333333333,299,4983.333333333333,4.983333333333333,0,18.125,-39,35.641666666666666,14.75,39.25,35.18333333333333,42.74166666666667,25,25,25,25,25,25,0,0,0,0,0,0,0,19.03333333333333,1,1,2.885125,1.103525,0.2669,15.88,99.9,0.043,2.710409,3.918,155.2,5.832,985,290.8,279.2
597.7272727272727,69.27272727272727,6.2727272727272725,12,20.009090909090908,2,70,1166.6666666666663,1.1666666666666663,282,4700.0,4.699999999999999,0,19.40833333333333,-39,47.25833333333333,14.0,50.36666666666667,46.66666666666666,40.225,25,25,25,25,25,25,0,0,0,0,0,0,0,19.1,1,1,1.91515,1.521275,0.0,15.41,99.8,0.007,0.3981196,2.438,145.5,4.168,985,58.03,55.66
1539.9,71.3,1.8,10,21.47,2,61,1016.6666666666664,1.0166666666666664,249,4149.999999999999,4.15,0,19.5,-39,47.6625,14.0,50.59166666666667,47.5,36.86666666666667,25,25,25,25,25,25,0,0,0,0,0,0,0,19.133333333333333,1,1,1.716425,1.3248,0.0,14.74,99.8,0.0,0.0,3.0,151.2,4.168,986,2.03,1.015
1797.8181818181818,69.45454545454545,0.8181818181818182,12,22.25454545454545,0,9,149.99999999999997,0.1499999999999999,37,616.6666666666666,0.6166666666666666,0,19.5,-39,33.075,14.816666666666666,43.016666666666666,41.15,36.5,25,25,25,25,25,25,0,0,0,0,0,0,0,2.8666666666666667,1,1,0.580325,0.205825,0.0,14.41,99.7,0.0,0.0,1.646,144.2,2.5,987,2.03,1.015
1556.8181818181818,68.54545454545455,0.2727272727272727,8,21.79090909090909,0,0,0.0,0.0,0,0.0,0.0,0,19.075,-39,25.25,14.8,29.65833333333333,27.883333333333333,36.05,25,25,25,25,25,25,0,0,0,0,0,0,0,0.0,0,0,0.2224,0.0108,2.5e-05,14.34,99.7,0.0,0.0,1.667,148.0,2.918,988,2.03,1.015
1227.5454545454545,69.45454545454545,0.5454545454545454,2,21.063636363636363,0,0,0.0,0.0,0,0.0,0.0,0,19.0,-39,23.28333333333333,14.4,26.23333333333333,24.3,35.88333333333333,25,25,25,25,25,25,0,0,0,0,0,0,0,0.0,0,0,0.238475,0.011075,0.0,14.41,99.7,0.0,0.0,2.082,157.8,3.332,989,2.03,1.015
1083.6363636363635,70.0,0.5454545454545454,1,20.78181818181818,0,0,0.0,0.0,0,0.0,0.0,0,18.6,-39,22.325,14.316666666666666,23.741666666666667,22.525,35.5,25,25,25,25,25,25,0,0,0,0,0,0,0,0.0,0,0,0.227275,0.011025,5e-05,14.2,99.7,0.0,0.0,2.707,214.1,3.75,990,2.03,1.015
888.3333333333334,69.83333333333333,0.75,1,20.558333333333334,1,53,883.3333333333333,0.8833333333333331,213,3549.9999999999995,3.5499999999999994,0,18.5,-39,34.4,13.683333333333334,35.8,34.725,38.46666666666667,25,25,25,25,25,25,0,0,0,0,0,0,0,11.816666666666666,1,0,1.381425,1.2523,0.0,14.27,99.7,0.0,0.0,2.104,215.2,3.75,991,2.2,1.015
695.0,69.2,0.0,3,20.16,0,0,0.0,0.0,0,0.0,0.0,0,18.5,-39,29.025,14.45,22.841666666666665,25.975,49.48333333333333,25,25,25,25,25,25,0,0,0,0,0,0,0,0.0,0,0,0.2769749999999999,0.0109,0.0,14.24,99.7,0.0,0.0,1.417,226.9,2.918,991,2.03,1.015
1310.1818181818182,70.81818181818181,0.0,2,20.318181818181817,0,0,0.0,0.0,0,0.0,0.0,0,18.5,-39,25.191666666666663,14.075,22.5,23.266666666666666,49.083333333333336,25,25,25,25,25,25,0,0,0,0,0,0,0,0.0,0,0,0.194275,0.010875,5e-05,14.17,99.8,0.0,0.0,3.146,237.9,5.418,992,2.03,1.1
1625.5454545454545,72.0,0.0,2,20.527272727272727,0,0,0.0,0.0,0,0.0,0.0,0,18.5,-39,24.675,14.0,22.066666666666663,22.883333333333333,49.0,25,25,25,25,25,25,0,0,0,0,0,0,0,0.0,0,0,0.186225,0.010975,5e-05,14.2,99.7,0.0,0.0,3.104,271.0,4.582,992,2.03,1.015
1848.0833333333333,72.0,0.0,5,20.558333333333334,0,0,0.0,0.0,0,0.0,0.0,0,18.5,-39,24.5,14.0,21.666666666666668,22.5,48.78333333333333,25,25,25,25,25,25,0,0,0,0,0,0,0,0.0,0,0,0.220675,0.011025,0.0,13.83,99.7,0.0,0.0,4.918,245.0,8.33,993,2.03,1.015
1904.8,72.2,0.0,7,20.6,0,0,0.0,0.0,0,0.0,0.0,0,18.075,-39,24.5,14.0,21.5,22.5,48.5,25,25,25,25,25,25,0,0,0,0,0,0,0,0.0,0,0,0.161375,0.011075,5e-05,13.7,99.8,0.0,0.0,3.646,253.4,5.418,994,2.03,1.1
1887.25,72.25,0.0,2,20.45,0,0,0.0,0.0,0,0.0,0.0,0,18.0,-39,24.4,13.616666666666667,21.5,22.5,48.475,25,25,25,25,25,25,0,0,0,0,0,0,0,0.0,0,0,0.109325,0.01115,7.500000000000001e-05,13.57,99.8,0.0,0.0,3.438,237.2,6.25,995,2.03,1.184
1595.3333333333333,72.0,22.83333333333333,22,20.28333333333333,0,0,0.0,0.0,0,0.0,0.0,0,18.0,-39,24.0,13.0,21.491666666666667,22.466666666666665,48.016666666666666,25,25,25,25,25,25,0,0,0,0,0,0,0,0.0,0,0,0.758575,0.010925,0.0,13.33,99.8,0.0,0.0,2.771,228.2,5.832,996,2.03,1.015
750.9166666666666,70.08333333333333,13.25,17,19.516666666666666,0,0,0.0,0.0,0,0.0,0.0,0,18.0,-39,23.675,13.0,21.5,22.008333333333333,47.81666666666667,25,25,25,25,25,25,0,0,0,0,0,0,0,0.0,0,0,0.93385,0.01105,2.5e-05,12.89,99.8,0.0,0.0,4.043,219.0,6.668,996,2.2,1.015
618.5,70.75,6.0,3,19.15,0,0,0.0,0.0,0,0.0,0.0,0,18.0,-39,23.091666666666665,12.833333333333334,21.5,21.841666666666665,45.391666666666666,25,25,25,25,25,25,0,0,0,0,0,0,0,0.0,0,0,0.6123999999999999,0.010925,0.0,12.45,99.8,0.02,1.071734,5.105,223.4,8.33,997,137.2,132.5
979.6,71.5,37.2,18,19.41,0,0,0.0,0.0,0,0.0,0.0,0,18.0,-39,22.5,13.0,21.541666666666668,21.475,44.725,25,25,25,25,25,25,0,0,0,0,0,0,0,0.0,0,0,0.181775,0.011,2.5e-05,12.28,99.8,0.027,1.59267,5.957,217.5,8.33,998,191.8,184.2
1111.7272727272727,71.0909090909091,38.09090909090909,13,19.463636363636365,0,0,0.0,0.0,0,0.0,0.0,0,18.0,-39,22.166666666666668,13.0,22.0,21.0,44.09166666666667,25,25,25,25,25,25,0,0,0,0,0,0,0,0.0,0,0,0.1692,0.010675,2.5e-05,12.45,99.8,0.02,1.194503,4.293,217.2,7.082,999,171.1,165.0
950.7777777777778,71.0,32.77777777777778,0,19.155555555555555,0,0,0.0,0.0,0,0.0,0.0,0,18.0,-39,22.0,13.0,22.0,21.0,43.84166666666667,25,25,25,25,25,25,0,0,0,0,0,0,0,0.0,0,0,0.609175,0.01045,2.5e-05,12.72,99.8,0.116,6.738986,3.146,226.9,5.0,999,961.0,928.0
806.2,70.5,36.0,0,18.96,0,0,0.0,0.0,0,0.0,0.0,0,18.0,-39,22.0,12.5,22.316666666666663,20.875,43.4,25,25,25,25,25,25,0,0,0,0,0,0,0,0.0,0,0,0.23975,0.011,5e-05,12.72,99.8,0.04,2.412231,4.043,224.8,7.082,1000,343.5,330.5
733.4166666666666,70.0,29.25,0,18.825,0,0,0.0,0.0,0,0.0,0.0,0,18.0,-39,21.45,12.183333333333334,22.55,20.5,39.958333333333336,25,25,25,25,25,25,0,0,0,0,0,0,0,0.0,0,0,0.35335,0.01085,2.5e-05,12.99,99.8,0.123,7.153743,2.918,256.2,4.168,1000,947.0,915.0
695.0,70.1,40.9,3,18.76,2,41,683.3333333333333,0.6833333333333332,167,2783.333333333333,2.783333333333333,0,18.066666666666663,-39,26.579166666666666,12.458333333333334,29.041666666666668,25.725,39.41666666666666,25,25,25,25,25,25,0,0,0,0,0,0,0,11.7,1,1,1.068675,0.593325,0.242,12.66,99.8,0.063,3.782591,2.918,257.8,4.582,1000,523.5,505.0
659.25,70.08333333333333,56.75,0,19.791666666666668,2,87,1449.9999999999998,1.4499999999999995,269,4483.333333333333,4.483333333333333,0,19.541666666666668,-39,44.141666666666666,12.533333333333331,47.66666666666666,44.90833333333333,39.0,25,25,25,25,25,25,0,0,0,0,0,0,0,17.166666666666668,1,1,2.128225,1.298775,0.456875,13.26,99.8,0.056,3.696322,2.5,249.2,3.75,1000,459.5,442.0
654.4,68.0,4.4,0,20.42,0,0,0.0,0.0,0,0.0,0.0,0,19.966666666666665,-39,28.383333333333333,13.383333333333333,39.766666666666666,37.4,38.59166666666667,25,25,25,25,25,25,0,0,0,0,0,0,0,0.0,0,0,0.125925,0.011025,2.5e-05,12.99,99.8,0.04,2.389005,3.668,266.2,7.082,1000,294.5,283.2
656.9090909090909,68.0,0.0,0,19.87272727272727,0,0,0.0,0.0,0,0.0,0.0,0,19.10833333333333,-39,24.325,13.0,28.191666666666663,26.366666666666667,38.15,25,25,25,25,25,25,0,0,0,0,0,0,0,0.0,0,0,0.285775,0.011025,5e-05,14.14,99.9,0.02,1.194503,2.104,260.0,3.332,1000,123.9,119.6
657.3333333333334,68.83333333333333,0.0,0,19.391666666666666,0,0,0.0,0.0,0,0.0,0.0,0,19.266666666666666,-39,22.45833333333333,13.0,24.53333333333333,22.60833333333333,37.73333333333333,25,25,25,25,25,25,0,0,0,0,0,0,0,0.0,0,0,0.21215,0.0109,0.0,13.7,99.8,0.0,0.0,1.417,247.1,2.918,1001,2.03,1.015
650.3636363636364,69.0,0.0,0,19.12727272727273,0,0,0.0,0.0,0,0.0,0.0,0,19.258333333333333,-39,21.60833333333333,12.55,22.591666666666665,21.966666666666665,37.35833333333333,25,25,25,25,25,25,0,0,0,0,0,0,0,0.0,0,0,0.2843,0.01115,2.5e-05,13.33,99.8,0.0,0.0,0.479,218.8,0.833,1001,2.2,1.015
647.2727272727273,69.0,0.0,0,18.954545454545453,0,0,0.0,0.0,0,0.0,0.0,0,19.0,-39,21.075,12.0,22.10833333333333,21.316666666666663,36.99166666666667,25,25,25,25,25,25,0,0,0,0,0,0,0,0.0,0,0,0.168725,0.0112249999999999,5e-05,12.62,99.8,0.0,0.0,0.313,199.1,0.833,1001,2.03,1.015
650.5833333333334,69.0,0.0,0,18.816666666666663,0,0,0.0,0.0,0,0.0,0.0,0,18.808333333333334,-39,20.691666666666663,11.933333333333334,21.53333333333333,20.675,36.5375,25,25,25,25,25,25,0,0,0,0,0,0,0,0.0,0,0,0.23055,0.011325,5e-05,11.74,99.8,0.0,0.0,0.375,128.8,0.833,1001,2.03,1.015
662.3636363636364,69.0,0.0,0,18.663636363636364,0,0,0.0,0.0,0,0.0,0.0,0,18.5,-39,20.5,12.0,21.041666666666668,20.5,36.23333333333333,25,25,25,25,25,25,0,0,0,0,0,0,0,0.0,0,0,0.1625,0.01105,0.0,11.57,99.8,0.0,0.0,0.458,143.4,0.833,1001,2.03,1.015
659.3,69.0,0.0,0,18.57,0,0,0.0,0.0,0,0.0,0.0,0,18.23333333333333,-39,20.5,11.716666666666669,20.9,20.5,35.95,25,25,25,25,25,25,0,0,0,0,0,0,0,0.0,0,0,0.1484,0.01115,2.5e-05,11.57,99.8,0.0,0.0,0.458,164.5,0.833,1001,2.03,1.015
635.1666666666666,69.0,0.0,0,18.491666666666667,0,0,0.0,0.0,0,0.0,0.0,0,18.0,-39,20.5,11.233333333333333,20.5,20.5,35.5,25,25,25,25,25,25,0,0,0,0,0,0,0,0.0,0,0,0.1503749999999999,0.011125,2.5e-05,11.23,99.8,0.0,0.0,0.521,93.8,0.833,1000,2.03,1.015
604.6666666666666,69.0,0.0,0,18.4,0,0,0.0,0.0,0,0.0,0.0,0,18.0,-39,20.5,11.166666666666666,20.5,20.5,35.5,25,25,25,25,25,25,0,0,0,0,0,0,0,0.0,0,0,0.1986,0.011,2.5e-05,10.08,99.8,0.0,0.0,0.75,8.43,1.25,1000,2.03,1.015
579.8333333333334,69.0,0.0,0,18.291666666666668,0,0,0.0,0.0,0,0.0,0.0,0,18.0,-39,20.475,11.4,20.5,20.5,35.46666666666667,25,25,25,25,25,25,0,0,0,0,0,0,0,0.0,0,0,0.103125,0.011,2.5e-05,10.08,99.8,0.0,0.0,0.979,21.11,1.25,999,2.03,1.1
556.4545454545455,69.0,0.0,0,18.245454545454542,0,3,49.99999999999999,0.0499999999999999,30,500.0,0.4999999999999999,0,18.0,-39,21.53333333333333,11.9,21.966666666666665,21.466666666666665,34.84166666666667,25,25,25,25,25,25,0,0,0,0,0,0,0,4.416666666666667,1,0,0.3935499999999999,0.1926,5e-05,10.22,99.8,0.0,0.0,0.604,27.52,0.833,998,2.03,1.015
544.1666666666666,69.0,0.0,0,18.2,0,72,1200.0,1.2,195,3249.9999999999995,3.25,0,18.0,-39,33.775,11.7,35.291666666666664,31.641666666666666,45.88333333333333,25,25,25,25,25,25,0,0,0,0,0,0,0,9.0,1,0,1.4252,1.3016,0.0,10.76,99.8,0.0,0.0,0.583,39.34,0.833,997,2.03,1.015
535.3636363636364,69.0,0.0,0,18.13636363636364,0,0,0.0,0.0,0,0.0,0.0,0,17.958333333333332,-39,24.58333333333333,12.533333333333331,21.916666666666668,22.341666666666665,49.05,25,25,25,25,25,25,0,0,0,0,0,0,0,0.0,0,0,0.128525,0.011025,7.500000000000001e-05,11.74,99.8,0.0,0.0,0.646,45.38,1.25,997,2.03,1.015
530.6666666666666,69.0,0.75,0,18.1,0,0,0.0,0.0,0,0.0,0.0,0,17.5,-39,24.25,12.983333333333333,20.5,21.875,48.99166666666667,25,25,25,25,25,25,0,0,0,0,0,0,0,0.0,0,0,0.2527,0.011075,0.0,11.91,99.8,0.0,0.0,1.479,37.16,2.5,996,2.03,1.015
530.1666666666666,69.0,5.333333333333333,0,18.075,0,0,0.0,0.0,0,0.0,0.0,0,17.5,-39,24.0,13.0,20.5,21.5,48.66666666666666,25,25,25,25,25,25,0,0,0,0,0,0,0,0.0,0,0,0.1913,0.010775,5e-05,12.04,99.8,0.0,0.0,1.354,6.688,1.667,995,2.2,1.015
523.3333333333334,69.0,11.333333333333334,0,18.0,0,0,0.0,0.0,0,0.0,0.0,0,17.5,-39,23.75,13.183333333333334,20.5,21.5,48.5,25,25,25,25,25,25,0,0,0,0,0,0,0,0.0,0,0,0.6065499999999999,0.010975,5e-05,12.28,99.8,0.003,0.1957657,1.104,33.72,1.25,995,29.61,27.58
536.0,69.0,10.9,1,18.0,0,0,0.0,0.0,0,0.0,0.0,0,17.5,-39,23.5,13.183333333333334,20.5,21.5,48.375,25,25,25,25,25,25,0,0,0,0,0,0,0,0.0,0,0,0.921825,0.01085,2.5e-05,13.2,99.8,0.007,0.3981675,2.062,110.4,2.918,995,73.94,70.56
547.3333333333334,69.0,32.083333333333336,0,17.991666666666667,0,0,0.0,0.0,0,0.0,0.0,0,17.5,-39,23.5,13.0,20.5,21.5,48.0,25,25,25,25,25,25,0,0,0,0,0,0,0,0.0,0,0,0.73155,0.010575,2.5e-05,13.33,99.8,0.02,1.440039,2.957,149.8,4.168,994,182.2,175.5
513.7272727272727,68.36363636363636,28.90909090909091,0,17.94545454545454,0,0,0.0,0.0,0,0.0,0.0,0,17.5,-39,23.5,13.0,20.5,21.5,47.958333333333336,25,25,25,25,25,25,0,0,0,0,0,0,0,0.0,0,0,0.820725,0.01055,0.0,12.59,99.8,0.027,1.59267,1.313,83.0,2.5,994,188.2,181.6
510.7,68.7,116.0,0,18.03,0,17,283.3333333333333,0.2833333333333332,104,1733.3333333333333,1.7333333333333332,0,17.675,-39,25.175,13.366666666666667,24.516666666666666,23.591666666666665,47.54166666666666,25,25,25,25,25,25,0,0,0,0,0,0,0,9.2,1,1,2.267025,0.420275,0.0,13.2,99.8,0.043,2.588089,2.582,171.1,4.168,994,339.0,325.8
530.2727272727273,68.63636363636364,104.0909090909091,0,19.081818181818186,2,100,1666.6666666666663,1.6666666666666663,321,5350.0,5.35,0,19.2,-39,43.65,13.983333333333333,47.69166666666667,43.516666666666666,47.333333333333336,25,25,25,25,25,25,0,0,0,0,0,0,0,19.45,1,1,3.167625,1.4008500000000002,0.639775,13.47,99.8,0.063,3.782591,1.229,147.6,2.082,993,482.0,464.0
568.6666666666666,66.44444444444444,85.33333333333333,2,20.655555555555555,2,60,1000.0,0.9999999999999998,279,4650.0,4.65,0,20.625,-39,47.5,14.233333333333333,51.06666666666667,47.45,46.5,25,25,25,25,25,25,0,0,0,0,0,0,0,19.3,1,1,1.74115,1.50405,0.0,14.54,99.8,0.156,9.496295,0.354,152.8,0.833,992,1157.0,1118.0
663.3333333333334,66.16666666666667,13.25,6,20.758333333333333,0,5,83.33333333333331,0.0833333333333333,22,366.6666666666666,0.3666666666666667,0,20.966666666666665,-39,33.833333333333336,14.85,42.583333333333336,40.56666666666667,46.458333333333336,25,25,25,25,25,25,0,0,0,0,0,0,0,1.5833333333333333,1,1,0.4285,0.127975,5e-05,14.68,99.8,0.093,5.401806,0.25,198.8,0.417,992,709.5,684.5
1153.7272727272727,70.0,13.454545454545457,23,20.42727272727273,0,0,0.0,0.0,5,83.33333333333333,0.0833333333333333,0,20.341666666666665,-39,27.216666666666665,14.05,28.841666666666665,27.35833333333333,42.225,25,25,25,25,25,25,0,0,0,0,0,0,0,1.5666666666666669,0,0,0.6472249999999999,0.02025,2.5e-05,14.88,99.8,0.04,2.388978,0.958,18.77,1.25,992,296.5,284.5
1887.8181818181815,77.18181818181819,24.818181818181817,12,21.245454545454542,1,82,1366.6666666666663,1.3666666666666665,367,6116.666666666666,6.116666666666665,0,20.0,-39,38.62083333333333,12.45,40.725,39.0875,35.77916666666667,25,25,25,25,25,25,0,0,0,0,0,0,0,16.166666666666668,1,0,2.813425,1.8911,0.0,13.87,99.7,0.007,0.3981675,0.708,294.0,1.25,992,68.25,65.1
2786.6666666666665,77.16666666666667,1.75,20,21.35833333333333,0,0,0.0,0.0,0,0.0,0.0,0,20.0,-39,29.33333333333333,13.566666666666666,24.266666666666666,26.40833333333333,49.5,25,25,25,25,25,25,0,0,0,0,0,0,0,0.0,0,0,0.5982,0.011325,5e-05,13.39,99.7,0.0,0.0,0.563,298.5,0.833,992,2.03,1.015
2583.0,76.0909090909091,10.454545454545457,12,21.44545454545454,0,0,0.0,0.0,0,0.0,0.0,0,20.0,-39,26.20833333333333,13.0,23.35833333333333,24.425,49.125,25,25,25,25,25,25,0,0,0,0,0,0,0,0.0,0,0,0.7081999999999999,0.01115,5e-05,12.52,99.8,0.0,0.0,0.417,293.0,0.833,993,2.03,1.015
3095.4,76.4,0.9,15,21.46,0,0,0.0,0.0,0,0.0,0.0,0,20.0,-39,25.23333333333333,13.0,22.666666666666668,23.741666666666667,49.0,25,25,25,25,25,25,0,0,0,0,0,0,0,0.0,0,0,0.449075,0.0112249999999999,5e-05,12.52,99.8,0.0,0.0,0.833,292.8,1.25,993,2.03,1.015
3202.5,76.2,1.5,3,21.3,0,0,0.0,0.0,0,0.0,0.0,0,20.0,-39,24.575,13.0,22.5,23.066666666666663,48.69166666666667,25,25,25,25,25,25,0,0,0,0,0,0,0,0.0,0,0,0.347875,0.01125,5e-05,12.66,99.8,0.0,0.0,0.438,268.0,0.833,993,2.03,1.015
3505.333333333333,77.75,1.75,1,21.09166666666667,0,0,0.0,0.0,0,0.0,0.0,0,19.641666666666666,-39,24.5,13.0,22.5,22.758333333333333,48.5,25,25,25,25,25,25,0,0,0,0,0,0,0,0.0,0,0,0.1162,0.011175,0.0,12.72,99.8,0.0,0.0,0.75,206.1,1.667,993,2.03,1.015
3569.2,78.2,0.6,3,21.110000000000003,0,0,0.0,0.0,0,0.0,0.0,0,19.341666666666665,-39,24.4,13.0,22.40833333333333,22.5,48.35833333333333,25,25,25,25,25,25,0,0,0,0,0,0,0,0.0,0,0,0.19455,0.011425,5e-05,12.35,99.8,0.0,0.0,2.104,178.8,3.332,993,2.03,1.015
3569.6363636363635,78.27272727272727,0.0,0,21.009090909090908,0,0,0.0,0.0,0,0.0,0.0,0,19.0,-39,24.004166666666663,13.0,22.008333333333333,22.5,48.0,25,25,25,25,25,25,0,0,0,0,0,0,0,0.0,0,0,0.178475,0.0113499999999999,5e-05,12.38,99.8,0.0,0.0,1.208,206.6,1.667,993,2.03,1.015
3485.818181818182,78.45454545454545,0.0,2,20.963636363636365,0,0,0.0,0.0,0,0.0,0.0,0,19.0,-39,24.0,13.0,22.0,22.5,47.94166666666667,25,25,25,25,25,25,0,0,0,0,0,0,0,0.0,0,0,0.144375,0.0113,2.5e-05,12.52,99.8,0.0,0.0,2.229,223.2,3.75,993,2.03,1.015
3337.0,78.0,0.0,2,20.933333333333334,0,0,0.0,0.0,0,0.0,0.0,0,19.0,-39,23.675,13.0,22.0,22.5,47.53333333333333,25,25,25,25,25,25,0,0,0,0,0,0,0,0.0,0,0,0.190675,0.0112,2.5e-05,12.65,99.8,0.0,0.0,1.104,246.2,1.667,993,2.03,1.015
2928.090909090909,77.81818181818181,0.0,5,20.80909090909091,0,0,0.0,0.0,0,0.0,0.0,0,18.866666666666667,-39,23.5,12.95,21.991666666666667,22.5,47.475,25,25,25,25,25,25,0,0,0,0,0,0,0,0.0,0,0,0.14445,0.0112,7.500000000000001e-05,12.72,99.8,0.0,0.0,0.708,334.0,1.25,993,2.03,1.015
2862.2727272727275,78.0909090909091,0.0,3,20.61818181818182,0,0,0.0,0.0,0,0.0,0.0,0,18.5,-39,23.5,12.266666666666667,21.808333333333334,22.316666666666663,47.025,25,25,25,25,25,25,0,0,0,0,0,0,0,0.0,0,0,0.078625,0.01115,5e-05,12.11,99.8,0.0,0.0,2.771,288.2,3.75,993,2.03,1.015
1824.090909090909,76.81818181818181,21.0,16,20.354545454545452,0,0,0.0,0.0,0,0.0,0.0,0,18.5,-39,23.15833333333333,12.333333333333334,21.716666666666665,22.0,46.50833333333333,25,25,25,25,25,25,0,0,0,0,0,0,0,0.0,0,0,0.494475,0.011125,0.0,12.08,99.8,0.0,0.0,1.563,277.8,2.082,994,2.03,1.015
1132.8181818181818,76.0,5.636363636363637,0,19.62727272727273,0,0,0.0,0.0,0,0.0,0.0,0,18.5,-39,22.966666666666665,12.333333333333334,22.0,22.0,45.86666666666667,25,25,25,25,25,25,0,0,0,0,0,0,0,0.0,0,0,0.1294,0.01105,5e-05,12.15,99.8,0.0,0.0,1.542,273.5,2.918,994,2.03,1.015
863.75,75.25,15.0,0,19.20833333333333,0,0,0.0,0.0,0,0.0,0.0,0,18.5,-39,22.525,12.083333333333334,22.0,22.0,45.49166666666667,25,25,25,25,25,25,0,0,0,0,0,0,0,0.0,0,0,0.222625,0.010825,2.5e-05,12.38,99.8,0.0,0.0,0.896,282.5,1.25,994,2.877,1.692
761.6666666666666,75.0,23.08333333333333,1,19.058333333333334,0,0,0.0,0.0,0,0.0,0.0,0,18.5,-39,22.5,12.183333333333334,21.616666666666667,22.0,45.00833333333333,25,25,25,25,25,25,0,0,0,0,0,0,0,0.0,0,0,2.277675,0.010525,0.0,12.25,99.8,0.02,1.065098,1.271,282.5,2.082,995,195.9,188.8
794.3333333333334,75.0,165.66666666666666,1,19.225,0,0,0.0,0.0,0,0.0,0.0,0,18.5,-39,22.5,12.95,21.766666666666666,21.641666666666666,42.09166666666667,25,25,25,25,25,25,0,0,0,0,0,0,0,0.0,0,0,0.268625,0.011025,2.5e-05,12.04,99.8,0.023,1.214411,0.896,282.2,1.667,995,239.5,230.9
775.9,73.8,466.0,0,20.11,0,0,0.0,0.0,0,0.0,0.0,0,18.916666666666668,-39,22.116666666666667,13.9,22.0,21.416666666666668,41.0,25,25,25,25,25,25,0,0,0,0,0,0,0,0.0,0,0,0.0904,0.010675,2.5e-05,12.25,99.8,0.116,10.5448,0.813,282.0,1.667,996,989.0,955.0
711.25,70.91666666666667,636.1666666666666,0,21.625,0,0,0.0,0.0,0,0.0,0.0,0,19.73333333333333,-39,22.0,14.666666666666666,22.0,21.058333333333334,40.65,25,25,25,25,25,25,0,0,0,0,0,0,0,0.0,0,0,0.1514,0.010875,5e-05,13.5,99.8,0.159,9.944234,2.896,282.5,4.168,996,1257.0,1232.0
645.5454545454545,68.36363636363636,387.8181818181818,1,22.13636363636364,0,0,0.0,0.0,0,0.0,0.0,0,19.825,-39,22.0,13.916666666666666,21.55,21.10833333333333,38.59166666666667,25,25,25,25,25,25,0,0,0,0,0,0,0,0.0,0,0,0.4730499999999999,0.01075,2.5e-05,14.17,99.9,0.335,19.77897,4.0,273.2,7.5,997,1258.0,1249.0
617.8333333333334,68.0,529.1666666666666,0,21.90833333333333,0,0,0.0,0.0,0,0.0,0.0,0,20.05,-39,21.566666666666663,13.85,21.5,21.0,37.225,25,25,25,25,25,25,0,0,0,0,0,0,0,0.0,0,0,0.25665,0.010875,0.0,14.57,99.9,0.355,20.93689,3.293,271.0,5.832,997,1258.0,1249.0
605.7272727272727,68.0,189.0,0,21.481818181818184,0,0,0.0,0.0,0,0.0,0.0,0,19.78333333333333,-39,21.5,13.4,21.5,20.991666666666667,37.0,25,25,25,25,25,25,0,0,0,0,0,0,0,0.0,0,0,0.534075,0.010725,2.5e-05,13.99,99.8,0.245,9.972502,2.125,265.0,4.168,997,1257.0,1248.0
590.3333333333334,68.58333333333333,27.83333333333333,0,20.841666666666665,0,0,0.0,0.0,0,0.0,0.0,0,19.5,-39,21.5,13.166666666666666,21.475,20.591666666666665,36.05833333333333,25,25,25,25,25,25,0,0,0,0,0,0,0,0.9333333333333332,0,0,1.247125,0.0129249999999999,2.5e-05,14.23,99.9,0.103,8.403863,3.396,274.8,5.418,997,775.5,749.0
750.3636363636364,69.72727272727273,9.272727272727272,16,20.37272727272727,1,58,966.6666666666664,0.9666666666666665,214,3566.6666666666665,3.5666666666666664,0,19.291666666666668,-39,38.40833333333333,12.816666666666666,35.608333333333334,36.88333333333333,42.016666666666666,25,25,25,25,25,25,0,0,0,0,0,0,0,12.1,1,0,2.16365,1.3373000000000002,0.0,14.23,99.8,0.056,3.384393,2.207,258.0,3.75,998,397.0,381.8
800.7272727272727,71.81818181818181,1.0909090909090908,0,19.88181818181818,0,0,0.0,0.0,0,0.0,0.0,0,19.0,-39,26.433333333333334,13.05,22.558333333333334,23.3,49.23333333333333,25,25,25,25,25,25,0,0,0,0,0,0,0,0.0,0,0,0.422575,0.010775,2.5e-05,13.87,99.8,0.013,0.796335,2.625,267.5,4.582,998,89.8,86.3
1042.0,73.4,12.0,25,19.93,0,0,0.0,0.0,0,0.0,0.0,0,19.0,-39,24.808333333333334,13.0,22.0,22.766666666666666,48.74166666666667,25,25,25,25,25,25,0,0,0,0,0,0,0,0.0,0,0,1.05595,0.011175,0.0,13.06,99.8,0.0,0.0,1.667,290.0,2.918,999,2.03,1.015
1551.2222222222222,74.66666666666667,1.6666666666666667,10,20.622222222222224,0,0,0.0,0.0,0,0.0,0.0,0,19.0,-39,24.241666666666667,13.0,22.008333333333333,22.5,48.43333333333333,25,25,25,25,25,25,0,0,0,0,0,0,0,0.0,0,0,0.351675,0.010875,0.0,13.2,99.8,0.0,0.0,2.207,273.2,3.332,1000,2.03,1.015
2134.9166666666665,75.0,0.5,5,20.83333333333333,0,0,0.0,0.0,0,0.0,0.0,0,18.633333333333333,-39,23.53333333333333,13.0,22.0,22.266666666666666,48.016666666666666,25,25,25,25,25,25,0,0,0,0,0,0,0,0.0,0,0,0.281225,0.011125,5e-05,13.3,99.8,0.0,0.0,3.062,282.2,5.418,1000,2.03,1.015
2467.9166666666665,75.0,0.0,2,20.991666666666667,0,0,0.0,0.0,0,0.0,0.0,0,18.5,-39,23.08333333333333,12.65,21.775,22.0,47.98333333333333,25,25,25,25,25,25,0,0,0,0,0,0,0,0.0,0,0,0.255225,0.011275,7.500000000000001e-05,13.47,99.8,0.0,0.0,1.771,237.8,2.918,1001,2.03,1.015
2663.1666666666665,75.33333333333333,0.25,2,20.883333333333333,0,0,0.0,0.0,0,0.0,0.0,0,18.5,-39,22.758333333333333,12.0,21.5,21.666666666666668,47.54166666666666,25,25,25,25,25,25,0,0,0,0,0,0,0,0.0,0,0,0.334975,0.01115,5e-05,12.76,99.8,0.0,0.0,3.396,223.0,5.418,1001,2.03,1.015
2729.0,76.18181818181819,1.0909090909090908,2,20.9,0,0,0.0,0.0,0,0.0,0.0,0,18.5,-39,22.5,12.0,21.5,21.5,47.440677966101696,25,25,25,25,25,25,0,0,0,0,0,0,0,0.0,0,0,0.243225,0.011275,5e-05,12.11,99.8,0.0,0.0,3.0,223.0,4.168,1001,2.03,1.015
2649.9166666666665,75.41666666666667,0.0,1,20.775,0,0,0.0,0.0,0,0.0,0.0,0,18.241666666666667,-39,22.5,11.8,21.5,21.5,47.025,25,25,25,25,25,25,0,0,0,0,0,0,0,0.0,0,0,0.2509,0.011325,5e-05,11.91,99.8,0.0,0.0,3.168,217.2,5.418,1001,2.03,1.015
2517.5,74.83333333333333,0.0,2,20.741666666666667,0,0,0.0,0.0,0,0.0,0.0,0,18.0,-39,22.5,11.183333333333334,21.5,21.416666666666668,46.84166666666667,25,25,25,25,25,25,0,0,0,0,0,0,0,0.0,0,0,0.1915,0.011375,7.500000000000001e-05,11.57,99.8,0.0,0.0,2.354,205.2,3.75,1002,2.537,1.015
2455.0,75.0,0.0,3,20.6,0,0,0.0,0.0,0,0.0,0.0,0,18.0,-39,22.5,11.033333333333331,21.20833333333333,21.008333333333333,46.5,25,25,25,25,25,25,0,0,0,0,0,0,0,0.0,0,0,0.2255,0.011,2.5e-05,11.07,99.8,0.0,0.0,3.582,211.2,5.832,1002,2.03,1.015
2127.5,74.16666666666667,0.0,6,20.4,0,0,0.0,0.0,0,0.0,0.0,0,18.0,-39,22.225,11.85,21.0,21.0,46.15,25,25,25,25,25,25,0,0,0,0,0,0,0,0.0,0,0,0.1416,0.0111,7.500000000000001e-05,11.03,99.8,0.0,0.0,3.375,197.2,5.418,1001,2.03,1.015
2131.0,74.0909090909091,0.0,2,20.2,0,0,0.0,0.0,0,0.0,0.0,0,17.908333333333335,-39,21.933333333333334,12.0,21.0,20.95,45.8,25,25,25,25,25,25,0,0,0,0,0,0,0,0.0,0,0,0.37655,0.010925,0.0001,11.07,99.8,0.0,0.0,3.375,173.5,4.582,1001,2.03,1.015
1429.75,72.66666666666667,17.833333333333332,19,20.05,0,0,0.0,0.0,0,0.0,0.0,0,17.5,-39,21.325,12.033333333333331,21.141666666666666,20.5,43.675,25,25,25,25,25,25,0,0,0,0,0,0,0,0.0,0,0,0.435625,0.01085,2.5e-05,11.78,99.8,0.0,0.0,3.168,187.8,5.418,1001,2.03,1.015
727.0909090909091,71.9090909090909,2.1818181818181817,0,19.33636363636364,0,0,0.0,0.0,0,0.0,0.0,0,17.5,-39,21.0,12.766666666666667,21.891666666666666,20.5,41.95,25,25,25,25,25,25,0,0,0,0,0,0,0,0.0,0,0,0.113875,0.0110499999999999,2.5e-05,12.18,99.8,0.0,0.0,4.5,171.8,6.25,1001,2.03,1.015
539.9,71.3,28.8,0,18.97,0,0,0.0,0.0,0,0.0,0.0,0,17.5,-39,21.0,13.0,22.616666666666667,20.5,41.475,25,25,25,25,25,25,0,0,0,0,0,0,0,0.0,0,0,0.08685,0.01065,2.5e-05,12.55,99.8,0.0,0.0,2.146,185.1,3.332,1001,2.2,1.015
468.0,70.6,123.2,0,18.89,0,0,0.0,0.0,0,0.0,0.0,0,17.933333333333334,-39,20.98333333333333,13.0,23.125,20.5,41.0,25,25,25,25,25,25,0,0,0,0,0,0,0,0.0,0,0,0.144975,0.010875,7.500000000000001e-05,12.96,99.8,0.02,1.194503,2.812,192.1,5.0,1001,118.9,114.7
439.3636363636364,69.54545454545455,129.63636363636363,0,18.972727272727276,0,0,0.0,0.0,0,0.0,0.0,0,18.0,-39,20.766666666666666,13.916666666666666,23.475,20.933333333333334,40.54166666666666,25,25,25,25,25,25,0,0,0,0,0,0,0,0.0,0,0,0.0615999999999999,0.01085,5e-05,13.06,99.8,0.096,5.77367,2.854,180.6,4.168,1000,630.0,607.5
431.3,69.0,153.6,0,18.99,0,0,0.0,0.0,0,0.0,0.0,0,18.0,-39,20.5,14.033333333333331,23.475,21.0,40.125,25,25,25,25,25,25,0,0,0,0,0,0,0,0.0,0,0,0.123225,0.010675,0.0,14.07,89.4,0.136,8.052354,3.793,196.1,5.832,1000,929.0,897.0
427.4166666666667,68.83333333333333,147.25,0,19.008333333333333,0,0,0.0,0.0,0,0.0,0.0,0,18.0,-39,20.5,14.5,23.433333333333334,21.0,39.71666666666667,25,25,25,25,25,25,0,0,0,0,0,0,0,0.0,0,0,0.1037,0.0108,5e-05,14.81,86.5,0.229,13.66943,4.5,190.0,6.25,999,1257.0,1248.0
417.6363636363636,68.27272727272727,212.0,0,19.081818181818186,0,0,0.0,0.0,0,0.0,0.0,0,18.0,-39,20.5,14.983333333333333,23.216666666666665,21.0,39.391666666666666,25,25,25,25,25,25,0,0,0,0,0,0,0,0.0,0,0,0.0891,0.0109749999999999,5e-05,15.21,83.7,0.229,13.70718,4.125,186.4,7.5,998,1257.0,1248.0
423.0,68.0,65.58333333333333,0,19.025,0,0,0.0,0.0,0,0.0,0.0,0,18.10833333333333,-39,20.5,15.0,23.03333333333333,21.0,39.0,25,25,25,25,25,25,0,0,0,0,0,0,0,0.0,0,0,0.36425,0.010575,2.5e-05,15.74,81.3,0.182,11.06895,2.668,213.6,5.0,998,1248.0,1205.0
440.6363636363636,68.0,15.818181818181818,0,18.75454545454545,0,0,0.0,0.0,0,0.0,0.0,0,18.5,-39,20.5,14.816666666666666,23.0,21.0,38.55833333333333,25,25,25,25,25,25,0,0,0,0,0,0,0,0.0,0,0,0.2370499999999999,0.010475,5e-05,15.34,82.4,0.05,2.98541,4.668,181.8,6.668,997,339.8,327.0
470.45454545454544,68.27272727272727,5.727272727272728,0,18.56363636363637,0,0,0.0,0.0,0,0.0,0.0,0,18.5,-39,20.5,14.233333333333333,23.0,20.98333333333333,36.65833333333333,25,25,25,25,25,25,0,0,0,0,0,0,0,0.0,0,0,0.866325,0.0107,5e-05,14.94,84.7,0.033,1.990378,4.043,174.8,6.25,996,214.0,205.9
613.3333333333334,68.55555555555556,6.555555555555555,13,18.633333333333333,1,61,1016.6666666666664,1.0166666666666664,250,4166.666666666666,4.166666666666666,0,18.1,-39,35.96666666666667,14.0,36.10833333333333,35.94166666666667,37.63333333333333,25,25,25,25,25,25,0,0,0,0,0,0,0,13.1,1,0,3.6829,1.399175,0.0,14.44,86.6,0.007,0.398136,3.957,173.6,6.25,995,31.05,29.27
602.25,69.08333333333333,9.333333333333334,7,18.575,0,0,0.0,0.0,0,0.0,0.0,0,18.225,-39,27.166666666666668,14.466666666666669,21.966666666666665,23.091666666666665,49.49166666666667,25,25,25,25,25,25,0,0,0,0,0,0,0,0.0,0,0,1.3481,0.010275,0.0,13.83,89.9,0.0,0.0,2.021,133.2,3.332,994,2.03,1.015
1024.090909090909,70.9090909090909,22.63636363636364,16,18.954545454545453,0,0,0.0,0.0,0,0.0,0.0,0,18.40833333333333,-39,24.416666666666668,14.0,21.5,22.40833333333333,48.95,25,25,25,25,25,25,0,0,0,0,0,0,0,0.0,0,0,0.96725,0.010475,0.0,13.32,97.6,0.0,0.0,3.396,113.5,5.418,992,2.03,1.015
1384.8,71.7,0.3,7,19.45,0,0,0.0,0.0,0,0.0,0.0,0,18.0,-39,23.391666666666666,14.0,21.40833333333333,21.766666666666666,48.3,25,25,25,25,25,25,0,0,0,0,0,0,0,0.0,0,0,0.4001,0.011,0.0,13.46,100.0,0.0,0.0,3.688,121.6,5.418,991,2.03,1.015
1724.5,71.91666666666667,0.75,18,19.775,0,0,0.0,0.0,0,0.0,0.0,0,18.0,-39,22.6,14.333333333333334,21.041666666666668,21.466666666666665,47.975,25,25,25,25,25,25,0,0,0,0,0,0,0,0.0,0,0,0.362475,0.0111,5e-05,14.14,99.5,0.0,0.0,3.188,165.1,5.0,989,2.03,1.015
1726.4,72.8,0.6,3,19.86,0,0,0.0,0.0,0,0.0,0.0,0,18.0,-39,22.5,14.866666666666667,21.45,21.0,47.516666666666666,25,25,25,25,25,25,0,0,0,0,0,0,0,0.0,0,0,0.27065,0.011175,2.5e-05,15.02,95.6,0.0,0.0,4.98,205.5,7.918,988,2.03,1.015
1698.25,73.66666666666667,0.75,2,20.066666666666663,0,0,0.0,0.0,0,0.0,0.0,0,18.0,-39,22.183333333333334,14.566666666666666,21.5,21.0,47.175,25,25,25,25,25,25,0,0,0,0,0,0,0,0.0,0,0,0.2922249999999999,0.0112,2.5e-05,14.95,95.2,0.0,0.0,4.02,196.4,6.25,988,2.03,1.015
1730.1666666666667,73.0,0.75,2,20.258333333333333,0,0,0.0,0.0,0,0.0,0.0,0,18.0,-39,22.0,14.0,21.5,21.0,46.79166666666666,25,25,25,25,25,25,0,0,0,0,0,0,0,0.0,0,0,0.369325,0.011175,2.5e-05,14.88,90.0,0.0,0.0,4.77,198.5,8.33,988,2.03,1.015
1704.8181818181818,73.0,0.0,2,20.081818181818186,0,0,0.0,0.0,0,0.0,0.0,0,17.908333333333335,-39,22.0,13.783333333333331,21.5,21.0,46.44166666666667,25,25,25,25,25,25,0,0,0,0,0,0,0,0.0,0,0,0.36595,0.011125,0.0,14.27,90.9,0.0,0.0,4.082,176.0,5.832,987,2.03,1.1
1692.4545454545455,72.0909090909091,0.0,2,20.11818181818182,0,0,0.0,0.0,0,0.0,0.0,0,17.5,-39,21.95,13.133333333333333,21.5,20.83333333333333,46.0,25,25,25,25,25,25,0,0,0,0,0,0,0,0.0,0,0,0.367325,0.011175,0.0001,13.66,93.9,0.0,0.0,5.457,180.2,7.082,987,2.03,1.015
1711.4166666666667,72.0,0.0,2,20.075,6,95,1583.333333333333,1.583333333333333,188,3133.333333333333,3.133333333333333,0,17.5,-39,36.68333333333333,13.216666666666669,46.766666666666666,44.083333333333336,46.94166666666667,25,25,25,25,25,25,0,0,0,0,0,0,0,18.766666666666666,1,0,2.142075,1.0006,0.898475,13.33,92.8,0.0,0.0,4.457,208.8,6.25,986,2.03,1.015
1632.4545454545455,71.72727272727273,0.0,2,19.963636363636365,6,120,2000.0,2.0,100,1666.6666666666663,1.6666666666666663,0,17.5,-39,33.40833333333333,13.0,58.625,57.225,56.525,25,25,25,25,25,25,0,0,0,0,0,0,0,18.78333333333333,0,0,2.308,0.139325,1.931225,13.43,90.1,0.0,0.0,4.312,193.9,7.5,986,2.03,1.1
1406.5833333333333,70.16666666666667,0.0,3,19.73333333333333,6,120,2000.0,2.0,105,1749.9999999999998,1.7499999999999996,0,17.5,-39,36.083333333333336,12.633333333333333,63.1,61.66666666666666,61.05833333333333,25,25,25,25,25,25,0,0,0,0,0,0,0,18.916666666666668,0,0,2.56715,0.138575,1.918025,13.53,82.5,0.0,0.0,5.52,214.1,7.5,985,2.03,1.015
1093.5833333333333,69.33333333333333,15.75,12,19.641666666666666,0,3,49.99999999999999,0.0499999999999999,3,49.99999999999999,0.0499999999999999,0,17.5,-39,32.122950819672134,12.049180327868852,26.07377049180328,30.868852459016395,63.98360655737705,25,25,25,25,25,25,0,0,0,0,0,0,0,1.2459016393442623,0,0,0.716925,0.01605,0.035425,13.09,81.7,0.0,0.0,5.48,217.4,7.5,987,2.03,1.015
610.0,68.54545454545455,5.0,0,19.045454545454547,0,0,0.0,0.0,0,0.0,0.0,0,17.5,-39,27.425,12.483333333333333,22.866666666666667,24.0,63.1,25,25,25,25,25,25,0,0,0,0,0,0,0,0.0,0,0,0.208,0.01095,0.0001,13.33,81.1,0.0,0.0,7.582,216.8,13.33,988,2.2,1.015
497.0,68.0909090909091,31.272727272727277,0,18.727272727272727,0,0,0.0,0.0,0,0.0,0.0,0,17.5,-39,26.725,12.533333333333331,22.5,23.466666666666665,62.975,25,25,25,25,25,25,0,0,0,0,0,0,0,0.0,0,0,0.198775,0.0109,2.5e-05,13.74,74.94,0.04,2.388831,4.355,244.0,6.668,990,227.0,219.1
449.54545454545456,67.9090909090909,298.0,0,18.790909090909093,0,0,0.0,0.0,0,0.0,0.0,0,17.716666666666665,-39,26.041666666666668,13.016666666666667,22.091666666666665,22.9,62.516666666666666,25,25,25,25,25,25,0,0,0,0,0,0,0,0.0,0,0,0.2683999999999999,0.01095,5e-05,13.8,77.1,0.083,4.950188,5.043,232.8,7.5,991,589.0,567.5
430.2,66.9,322.5,0,19.11,0,0,0.0,0.0,0,0.0,0.0,0,18.091666666666665,-39,25.65,13.533333333333331,21.925,22.5,62.25,25,25,25,25,25,25,0,0,0,0,0,0,0,0.0,0,0,0.224675,0.0109,5e-05,14.34,73.6,0.076,4.913692,6.75,235.8,13.75,993,577.5,557.0
421.1666666666667,65.58333333333333,674.8333333333334,0,19.975,0,0,0.0,0.0,0,0.0,0.0,0,18.816666666666663,-39,25.5,15.9,21.5,22.5,61.516666666666666,25,25,25,25,25,25,0,0,0,0,0,0,0,0.0,0,0,0.14105,0.010775,2.5e-05,14.75,74.8,0.335,20.0894,3.646,240.8,5.832,995,1257.0,1248.0
413.55555555555554,64.22222222222223,173.0,0,20.266666666666666,0,0,0.0,0.0,0,0.0,0.0,0,18.841666666666665,-39,25.225,15.75,21.5,22.5,61.25833333333333,25,25,25,25,25,25,0,0,0,0,0,0,0,0.0,0,0,0.17015,0.010875,2.5e-05,15.08,69.3,0.401,23.50674,3.918,241.5,6.668,996,1258.0,1249.0
414.2,64.7,61.0,0,19.66,0,0,0.0,0.0,0,0.0,0.0,0,18.33333333333333,-39,25.0,14.0,21.5,22.5,61.0,25,25,25,25,25,25,0,0,0,0,0,0,0,0.0,0,0,0.218875,0.010925,5e-05,12.88,79.06,0.09,5.374853,2.688,236.2,3.75,997,728.0,703.5
415.8181818181818,65.0,376.1818181818182,0,19.345454545454547,0,0,0.0,0.0,0,0.0,0.0,0,18.016666666666666,-39,25.0,13.283333333333331,21.5,22.5,60.266666666666666,25,25,25,25,25,25,0,0,0,0,0,0,0,0.0,0,0,0.297625,0.0109,0.0,13.7,82.9,0.056,4.180454,1.938,233.9,3.332,998,414.2,399.0
417.5833333333333,63.583333333333336,344.3333333333333,0,19.65,0,0,0.0,0.0,0,0.0,0.0,0,18.791666666666668,-39,24.7,14.0,21.5,22.48333333333333,59.925,25,25,25,25,25,25,0,0,0,0,0,0,0,0.0,0,0,0.48285,0.010825,0.0,13.74,82.0,0.216,12.92623,3.438,257.0,5.418,998,1257.0,1248.0
442.3,60.9,73.8,0,19.3,0,9,149.99999999999997,0.1499999999999999,75,1250.0,1.25,0,18.73333333333333,-39,24.73333333333333,13.683333333333334,23.20833333333333,22.541666666666668,59.5,25,25,25,25,25,25,0,0,0,0,0,0,0,6.55,1,1,1.417525,0.271925,0.0,13.97,75.1,0.033,1.990692,3.582,232.8,6.668,999,311.5,299.2
657.6363636363636,64.27272727272727,3.363636363636364,9,19.57272727272727,2,97,1616.6666666666663,1.6166666666666667,270,4500.0,4.5,0,19.20833333333333,-39,40.45,12.583333333333334,44.21666666666667,41.25,56.59166666666667,25,25,25,25,25,25,0,0,0,0,0,0,0,15.833333333333334,1,1,3.182,1.096475,0.7337,13.46,81.3,0.007,0.3981385,4.043,225.1,6.25,1000,75.3,72.0
1046.090909090909,67.54545454545455,14.272727272727272,6,20.454545454545453,0,0,0.0,0.0,0,0.0,0.0,0,19.725,-39,28.841666666666665,12.6,38.10833333333333,34.61666666666667,42.50833333333333,25,25,25,25,25,25,0,0,0,0,0,0,0,0.0,0,0,1.479375,0.010375,0.0,13.2,81.8,0.0,0.0,3.188,230.4,5.832,1001,2.03,1.015
1694.6363636363635,69.18181818181819,6.636363636363637,14,20.963636363636365,0,0,0.0,0.0,0,0.0,0.0,0,19.23333333333333,-39,24.325,12.516666666666667,27.758333333333333,26.566666666666663,37.41666666666666,25,25,25,25,25,25,0,0,0,0,0,0,0,0.0,0,0,0.449475,0.01065,0.0,13.03,82.8,0.0,0.0,2.918,224.5,4.582,1002,2.03,1.015
1666.7,68.2,4.5,13,20.96,0,0,0.0,0.0,0,0.0,0.0,0,18.825,-39,22.591666666666665,12.1,24.945833333333333,22.975,34.55,25,25,25,25,25,25,0,0,0,0,0,0,0,0.0,0,0,0.51905,0.010825,2.5e-05,12.45,86.6,0.0,0.0,2.707,212.2,4.168,1002,2.03,1.015
1512.3333333333333,68.16666666666667,0.5,9,20.675,0,0,0.0,0.0,0,0.0,0.0,0,18.5,-39,21.425,12.0,23.025,22.5,31.075,25,25,25,25,25,25,0,0,0,0,0,0,0,0.0,0,0,0.32665,0.010975,5e-05,11.98,88.4,0.0,0.0,2.918,206.8,5.0,1002,2.2,1.015
1774.5,69.0,0.25,3,20.616666666666667,0,0,0.0,0.0,0,0.0,0.0,0,18.5,-39,20.791666666666668,12.583333333333334,22.5,22.5,30.675,25,25,25,25,25,25,0,0,0,0,0,0,0,0.0,0,0,0.308525,0.010975,5e-05,12.18,91.9,0.0,0.0,3.418,210.0,5.418,1002,2.03,1.015
1778.9166666666667,69.0,0.5,1,20.616666666666667,0,0,0.0,0.0,0,0.0,0.0,0,18.5,-39,20.5,13.0,22.35833333333333,22.391666666666666,30.5,25,25,25,25,25,25,0,0,0,0,0,0,0,0.0,0,0,0.364375,0.01105,5e-05,12.92,92.3,0.0,0.0,3.438,198.0,5.418,1002,2.03,1.015
1839.1818181818185,69.45454545454545,0.5454545454545454,1,20.654545454545453,0,0,0.0,0.0,0,0.0,0.0,0,18.425,-39,20.5,13.0,22.0,22.0,30.40833333333333,25,25,25,25,25,25,0,0,0,0,0,0,0,0.0,0,0,0.26415,0.011025,2.5e-05,13.13,92.4,0.0,0.0,3.418,200.6,7.5,1001,2.03,1.015
1943.8181818181815,69.54545454545455,0.0,2,20.6,0,0,0.0,0.0,0,0.0,0.0,0,18.0,-39,20.5,13.016666666666667,22.0,22.0,30.041666666666668,25,25,25,25,25,25,0,0,0,0,0,0,0,0.0,0,0,0.2764,0.011025,7.500000000000001e-05,13.67,89.7,0.0,0.0,4.105,195.8,5.418,1002,2.03,1.015
2191.0,70.2,0.0,1,20.51,0,0,0.0,0.0,0,0.0,0.0,0,18.0,-39,20.23333333333333,13.35,22.2,21.616666666666667,30.0,25,25,25,25,25,25,0,0,0,0,0,0,0,0.0,0,0,0.3535,0.011175,7.500000000000001e-05,13.67,91.4,0.0,0.0,3.043,199.8,5.0,1001,2.03,1.015
2307.333333333333,71.0,0.0,8,20.5,0,0,0.0,0.0,0,0.0,0.0,0,18.0,-39,20.0,13.466666666666669,22.5,21.03333333333333,30.0,25,25,25,25,25,25,0,0,0,0,0,0,0,0.0,0,0,0.224,0.011125,5e-05,13.7,91.2,0.0,0.0,2.729,193.8,4.582,1001,2.03,1.015
2262.7272727272725,71.0,0.0,2,20.463636363636365,0,0,0.0,0.0,0,0.0,0.0,0,18.0,-39,20.0,13.733333333333333,22.883333333333333,20.5,29.716666666666665,25,25,25,25,25,25,0,0,0,0,0,0,0,0.0,0,0,0.18905,0.011025,5e-05,13.54,94.9,0.0,0.0,3.668,181.5,5.832,1000,2.03,1.015
2503.090909090909,71.81818181818181,0.0,3,20.3,1,43,716.6666666666665,0.7166666666666666,206,3433.333333333333,3.433333333333333,0,18.0,-39,27.716666666666665,13.316666666666666,31.375,27.48333333333333,30.625,25,25,25,25,25,25,0,0,0,0,0,0,0,10.85,1,0,1.57825,1.009975,2.5e-05,13.13,96.9,0.0,0.0,1.417,153.4,2.082,1000,2.03,1.015
1689.75,71.16666666666667,13.0,19,20.15,0,14,233.3333333333333,0.2333333333333332,50,833.3333333333333,0.8333333333333333,0,18.0,-39,32.49166666666667,14.3,25.90833333333333,29.6,49.25,25,25,25,25,25,25,0,0,0,0,0,0,0,1.9,1,0,0.7030000000000001,0.328475,2.5e-05,13.4,97.9,0.0,0.0,1.021,170.9,1.667,999,2.03,1.015
870.9090909090909,71.0,2.8181818181818183,0,19.472727272727276,0,0,0.0,0.0,0,0.0,0.0,0,18.0,-39,24.591666666666665,14.083333333333334,22.15833333333333,22.741666666666667,49.458333333333336,25,25,25,25,25,25,0,0,0,0,0,0,0,0.0,0,0,0.12475,0.010675,2.5e-05,14.14,95.6,0.0,0.0,3.957,162.9,5.0,999,2.2,1.015
613.3,70.7,69.1,0,19.15,0,0,0.0,0.0,0,0.0,0.0,0,18.0,-39,24.225,14.883333333333333,21.891666666666666,22.5,49.025,25,25,25,25,25,25,0,0,0,0,0,0,0,0.0,0,0,0.2283,0.0106249999999999,2.5e-05,14.75,95.2,0.02,1.194415,3.062,193.2,4.168,999,128.1,123.3
512.3333333333334,70.33333333333333,141.5,0,19.20833333333333,0,0,0.0,0.0,0,0.0,0.0,0,18.0,-39,23.75,15.0,21.5,22.175,48.96666666666667,25,25,25,25,25,25,0,0,0,0,0,0,0,0.0,0,0,0.228575,0.0104999999999999,5e-05,15.08,96.0,0.07,3.991338,2.812,193.8,4.168,1000,470.0,452.0
459.3636363636364,69.72727272727273,170.8181818181818,0,19.363636363636363,0,0,0.0,0.0,0,0.0,0.0,0,18.325,-39,23.5,15.15,21.5,22.0,48.56666666666667,25,25,25,25,25,25,0,0,0,0,0,0,0,0.0,0,0,0.1762,0.01065,5e-05,15.59,91.8,0.136,7.770336,4.125,196.5,6.668,1000,944.0,911.0
439.5,68.9,485.3,0,19.76,0,0,0.0,0.0,0,0.0,0.0,0,18.775,-39,23.48333333333333,16.116666666666667,21.45,22.0,48.5,25,25,25,25,25,25,0,0,0,0,0,0,0,0.0,0,0,0.1242,0.0106,0.0,15.86,89.6,0.163,9.501955,3.396,191.2,5.418,999,1167.0,1127.0
432.54545454545456,68.0,468.45454545454544,0,20.10909090909091,0,0,0.0,0.0,0,0.0,0.0,0,18.8,-39,23.075,16.516666666666666,21.058333333333334,21.691666666666663,48.15833333333333,25,25,25,25,25,25,0,0,0,0,0,0,0,0.0,0,0,0.183375,0.01085,2.5e-05,16.45,86.4,0.229,14.01548,3.479,205.9,5.418,1000,1257.0,1248.0
427.6666666666667,67.41666666666667,495.25,0,20.40833333333333,0,0,0.0,0.0,0,0.0,0.0,0,19.0,-39,23.0,16.966666666666665,21.0,21.508333333333333,48.0,25,25,25,25,25,25,0,0,0,0,0,0,0,0.0,0,0,0.263775,0.0107,2.5e-05,16.42,86.3,0.136,8.356381,4.406,191.5,8.75,999,990.0,956.0
421.1,67.0,541.0,0,20.46,0,0,0.0,0.0,0,0.0,0.0,0,19.0,-39,23.0,16.85,21.0,21.5,47.65833333333333,25,25,25,25,25,25,0,0,0,0,0,0,0,0.0,0,0,0.42695,0.0107,2.5e-05,17.3,83.5,0.395,22.47129,3.832,186.8,5.418,999,1258.0,1249.0
424.3636363636364,66.72727272727273,192.63636363636363,0,20.318181818181817,0,0,0.0,0.0,0,0.0,0.0,0,19.0,-39,23.0,16.333333333333332,21.316666666666663,21.5,47.5,25,25,25,25,25,25,0,0,0,0,0,0,0,0.0,0,0,0.94885,0.01065,2.5e-05,17.2,83.3,0.308,17.73783,4.918,193.2,6.668,999,1257.0,1248.0
453.2,67.0,28.1,3,19.86,0,0,0.0,0.0,0,0.0,0.0,0,19.025,-39,22.85833333333333,16.0,21.291666666666668,21.5,46.9,25,25,25,25,25,25,0,0,0,0,0,0,0,0.0,0,0,1.9437,0.010275,0.0,17.16,81.2,0.269,15.46588,5.207,197.5,9.17,999,1257.0,1248.0
431.1666666666667,67.08333333333333,0.5,0,19.48333333333333,0,0,0.0,0.0,0,0.0,0.0,0,19.0,-39,22.5,16.0,21.48333333333333,21.5,45.6,25,25,25,25,25,25,0,0,0,0,0,0,0,0.0,0,0,0.4826249999999999,0.01065,2.5e-05,16.48,83.6,0.056,3.383236,5.543,188.8,8.33,998,380.0,364.8
660.3,71.5,26.5,13,19.75,1,41,683.3333333333333,0.6833333333333331,228,3800.0,3.8,0,18.75,-39,27.55,16.0,29.558333333333334,26.53333333333333,33.56666666666667,25,25,25,25,25,25,0,0,0,0,0,0,0,10.8,1,0,2.131025,0.932725,0.0,16.1,85.2,0.007,0.3980818,6.418,195.2,10.0,998,54.28,51.6
837.0833333333334,71.08333333333333,14.75,10,20.35,2,55,916.6666666666664,0.9166666666666664,200,3333.333333333333,3.333333333333333,0,18.5,-39,36.525,15.783333333333331,32.65833333333333,33.858333333333334,48.391666666666666,25,25,25,25,25,25,0,0,0,0,0,0,0,15.483333333333333,1,1,1.707475,0.88695,0.423025,16.02,85.3,0.0,0.0,5.145,187.2,7.918,997,2.03,1.015
1587.6,74.4,0.6,13,21.14,2,65,1083.3333333333333,1.083333333333333,297,4950.0,4.95,0,18.825,-39,44.11666666666667,13.366666666666667,47.31666666666667,43.458333333333336,49.0,25,25,25,25,25,25,0,0,0,0,0,0,0,19.066666666666663,1,1,1.740725,1.450225,0.0,15.59,91.5,0.0,0.0,4.668,183.2,7.082,997,2.03,1.015
1960.636363636364,74.9090909090909,13.090909090909092,12,22.163636363636364,2,19,316.66666666666663,0.3166666666666666,132,2200.0,2.2,0,19.433333333333334,-39,42.24166666666667,13.266666666666667,44.31666666666667,43.05833333333333,49.0,25,25,25,25,25,25,0,0,0,0,0,0,0,13.616666666666667,1,1,1.134875,0.6528499999999999,2.5e-05,15.42,95.7,0.0,0.0,3.938,188.1,5.832,997,2.03,1.015
2578.090909090909,74.45454545454545,0.2727272727272727,9,22.236363636363635,0,0,0.0,0.0,0,0.0,0.0,0,19.5,-39,29.758333333333333,13.133333333333333,35.93333333333333,32.84166666666667,48.925,25,25,25,25,25,25,0,0,0,0,0,0,0,0.0,0,0,0.327625,0.0111,2.5e-05,13.73,95.2,0.0,0.0,2.918,270.0,5.0,998,2.03,1.015
2907.083333333333,75.75,0.5,1,22.016666666666666,0,0,0.0,0.0,0,0.0,0.0,0,19.125,-39,27.216666666666665,13.0,27.266666666666666,26.1,48.50833333333333,25,25,25,25,25,25,0,0,0,0,0,0,0,0.0,0,0,0.3171,0.011125,5e-05,13.46,92.1,0.0,0.0,2.293,281.0,3.75,999,2.03,1.015
3283.2,76.0,1.2,4,21.81,0,0,0.0,0.0,0,0.0,0.0,0,19.0,-39,25.966666666666665,13.0,25.425,23.65,48.49166666666667,25,25,25,25,25,25,0,0,0,0,0,0,0,0.0,0,0,0.2343,0.0111,7.500000000000001e-05,13.26,93.1,0.0,0.0,1.604,227.8,2.5,999,2.03,1.015
3505.5,76.58333333333333,0.0,1,21.675,0,0,0.0,0.0,0,0.0,0.0,0,19.0,-39,25.08333333333333,13.0,24.341666666666665,22.875,48.10833333333333,25,25,25,25,25,25,0,0,0,0,0,0,0,0.0,0,0,0.20745,0.011,5e-05,12.96,95.7,0.0,0.0,1.125,210.6,1.667,998,2.03,1.015
3538.083333333333,76.33333333333333,0.0,1,21.61666666666667,0,0,0.0,0.0,0,0.0,0.0,0,18.98333333333333,-39,24.53333333333333,13.0,23.775,22.5,48.0,25,25,25,25,25,25,0,0,0,0,0,0,0,0.0,0,0,0.2956249999999999,0.011025,2.5e-05,12.65,98.0,0.0,0.0,1.25,222.1,2.082,998,2.03,1.015
3236.3636363636365,76.27272727272727,0.0,6,21.454545454545453,0,0,0.0,0.0,0,0.0,0.0,0,18.525,-39,24.5,12.733333333333333,23.216666666666665,22.241666666666667,47.68333333333333,25,25,25,25,25,25,0,0,0,0,0,0,0,0.0,0,0,0.1881499999999999,0.010925,2.5e-05,12.32,97.3,0.0,0.0,0.667,260.0,1.25,997,2.03,1.015
3221.9,76.2,0.0,3,21.17,0,0,0.0,0.0,0,0.0,0.0,0,18.5,-39,24.48333333333333,12.033333333333331,22.98333333333333,22.0,47.5,25,25,25,25,25,25,0,0,0,0,0,0,0,0.0,0,0,0.16165,0.01095,7.500000000000001e-05,12.24,96.9,0.0,0.0,0.958,256.2,1.667,997,2.03,1.015
3210.7272727272725,76.81818181818181,6.0,14,21.045454545454547,0,0,0.0,0.0,0,0.0,0.0,0,18.5,-39,24.05,12.0,22.5375,21.95833333333333,47.333333333333336,25,25,25,25,25,25,0,0,0,0,0,0,0,0.0,0,0,0.264625,0.010925,2.5e-05,12.04,96.8,0.0,0.0,2.875,169.8,4.168,996,2.03,1.015
1494.8333333333333,74.41666666666667,16.25,13,20.73333333333333,0,0,0.0,0.0,0,0.0,0.0,0,18.5,-39,23.758333333333333,11.983333333333333,22.5,21.558333333333334,46.06666666666667,25,25,25,25,25,25,0,0,0,0,0,0,0,0.0,0,0,0.451825,0.010925,0.0,12.05,93.7,0.0,0.0,2.543,232.8,5.0,998,2.03,1.015
1129.8,74.0,10.8,0,20.12,0,0,0.0,0.0,0,0.0,0.0,0,18.5,-39,23.375,11.833333333333334,22.5,21.5,45.5,25,25,25,25,25,25,0,0,0,0,0,0,0,0.0,0,0,0.12335,0.010975,2.5e-05,11.84,94.9,0.0,0.0,3.312,217.8,5.0,999,2.03,1.015
834.1111111111111,72.88888888888889,194.88888888888889,0,19.91111111111111,0,0,0.0,0.0,0,0.0,0.0,0,18.5,-39,23.0,11.933333333333334,22.5,21.23333333333333,45.391666666666666,25,25,25,25,25,25,0,0,0,0,0,0,0,0.0,0,0,0.1034,0.010775,2.5e-05,11.71,93.0,0.0,0.0,2.938,221.8,4.582,1000,2.2,1.015
657.1,70.9,359.2,0,20.32,0,0,0.0,0.0,0,0.0,0.0,0,19.008333333333333,-39,22.766666666666666,12.183333333333334,22.041666666666668,21.0,45.0,25,25,25,25,25,25,0,0,0,0,0,0,0,0.0,0,0,0.19365,0.01065,5e-05,11.78,91.0,0.033,1.990692,4.793,221.2,7.5,1001,245.9,237.1
542.7272727272727,68.18181818181819,374.1818181818182,0,21.10909090909091,0,0,0.0,0.0,0,0.0,0.0,0,19.741666666666667,-39,22.5,13.3,22.0,21.0,44.99166666666667,25,25,25,25,25,25,0,0,0,0,0,0,0,0.0,0,0,0.117625,0.010925,2.5e-05,12.04,90.4,0.136,8.161838,5.145,199.8,7.082,1001,1051.0,1015.0
477.75,66.625,289.25,0,21.3625,0,0,0.0,0.0,0,0.0,0.0,0,20.0,-39,22.5,14.0,22.0,21.0,44.516666666666666,25,25,25,25,25,25,0,0,0,0,0,0,0,0.0,0,0,0.10375,0.010775,5e-05,13.37,87.2,0.249,14.93683,5.168,215.8,7.918,1002,1257.0,1248.0
450.75,66.0,202.41666666666663,0,21.008333333333333,0,0,0.0,0.0,0,0.0,0.0,0,19.504166666666663,-39,22.5,14.266666666666667,21.875,20.975,44.5,25,25,25,25,25,25,0,0,0,0,0,0,0,0.0,0,0,0.19995,0.01065,7.500000000000001e-05,13.93,85.0,0.096,5.441226,6.562,213.0,8.33,1003,790.0,763.0
447.25,65.91666666666667,313.8333333333333,0,21.275,0,0,0.0,0.0,0,0.0,0.0,0,19.65,-39,22.5,14.2,21.541666666666668,20.891666666666666,44.15833333333333,25,25,25,25,25,25,0,0,0,0,0,0,0,0.0,0,0,0.142975,0.010925,0.0001,14.85,82.4,0.116,7.796878,5.0,214.4,6.668,1003,860.0,830.0
444.0,66.0,537.1818181818181,0,21.263636363636365,0,0,0.0,0.0,0,0.0,0.0,0,19.716666666666665,-39,22.5,14.55,21.5,20.825,43.86666666666667,25,25,25,25,25,25,0,0,0,0,0,0,0,0.0,0,0,2.0981,0.010575,2.5e-05,15.35,80.1,0.395,22.48481,4.812,219.4,7.082,1003,1257.0,1248.0
428.5,65.0,282.75,0,21.225,0,0,0.0,0.0,0,0.0,0.0,0,19.933333333333334,-39,21.95,14.85,21.5,20.5,43.475,25,25,25,25,25,25,0,0,0,0,0,0,0,0.0,0,0,0.776475,0.011175,7.500000000000001e-05,15.48,75.56,0.123,6.710988,2.375,249.4,4.582,1004,783.5,757.0
561.25,64.5,36.91666666666666,13,20.883333333333333,0,0,0.0,0.0,0,0.0,0.0,0,19.08333333333333,-39,21.5,14.1,21.20833333333333,20.5,41.99166666666667,25,25,25,25,25,25,0,0,0,0,0,0,0,0.0,0,0,1.65495,0.0108,0.0,15.75,74.94,0.236,12.74496,3.832,220.9,7.082,1004,1257.0,1248.0
712.3333333333334,65.25,31.25,15,20.60833333333333,0,0,0.0,0.0,0,0.0,0.0,0,19.0,-39,21.5,14.0,21.0,20.5,38.80833333333333,25,25,25,25,25,25,0,0,0,0,0,0,0,0.0,0,0,1.941875,0.010575,2.5e-05,15.21,77.94,0.076,4.578305,4.832,218.9,5.832,1004,523.0,504.2
724.3636363636364,66.72727272727273,27.63636363636364,18,20.21818181818182,0,0,0.0,0.0,0,0.0,0.0,0,19.025,-39,21.5,14.0,21.0,20.975,36.958333333333336,25,25,25,25,25,25,0,0,0,0,0,0,0,0.0,0,0,0.62915,0.011025,2.5e-05,14.88,80.0,0.007,0.4379523,4.77,215.9,7.082,1004,63.78,60.4
1295.5,68.0,0.25,6,20.558333333333334,0,0,0.0,0.0,9,150.0,0.15,0,19.075,-39,21.35833333333333,13.516666666666667,21.383333333333333,21.183333333333334,35.141666666666666,25,25,25,25,25,25,0,0,0,0,0,0,0,2.45,1,0,0.501325,0.05785,5e-05,14.51,82.0,0.0,0.0,4.938,211.4,7.082,1005,2.03,1.015
1315.3636363636365,68.0,4.090909090909091,9,20.854545454545452,1,58,966.6666666666664,0.9666666666666665,221,3683.333333333333,3.6833333333333327,0,19.0,-39,38.36666666666667,13.4,35.425,36.90833333333333,43.55,25,25,25,25,25,25,0,0,0,0,0,0,0,9.833333333333334,1,0,1.702775,1.2929499999999998,2.5e-05,14.2,81.2,0.0,0.0,4.543,211.6,7.918,1006,2.03,1.015
1628.1818181818182,68.54545454545455,0.0,5,21.081818181818186,0,0,0.0,0.0,0,0.0,0.0,0,19.0,-39,25.941666666666663,13.383333333333333,22.441666666666663,23.175,49.225,25,25,25,25,25,25,0,0,0,0,0,0,0,0.0,0,0,0.334725,0.011,2.5e-05,13.4,89.4,0.0,0.0,4.418,211.2,6.25,1006,2.03,1.015
1923.4166666666667,69.83333333333333,0.75,3,21.08333333333333,0,0,0.0,0.0,0,0.0,0.0,0,18.808333333333334,-39,24.75,13.0,22.041666666666668,22.766666666666666,49.0,25,25,25,25,25,25,0,0,0,0,0,0,0,0.0,0,0,0.2519,0.0112,5e-05,13.33,90.9,0.0,0.0,2.5,196.2,3.75,1006,2.03,1.015
1730.5,69.2,0.0,5,20.97,0,0,0.0,0.0,0,0.0,0.0,0,18.5,-39,24.5,13.0,22.0,22.5,48.91666666666666,25,25,25,25,25,25,0,0,0,0,0,0,0,0.0,0,0,0.278725,0.0112,2.5e-05,12.59,96.5,0.0,0.0,2.521,182.4,3.75,1007,2.2,1.015
781.3333333333334,65.88888888888889,0.0,1,20.200000000000003,0,0,0.0,0.0,0,0.0,0.0,0,18.5,-39,24.5,13.0,22.0,22.5,48.50833333333333,25,25,25,25,25,25,0,0,0,0,0,0,0,0.0,0,0,0.1636,0.011,0.0001,12.69,95.0,0.0,0.0,3.082,192.1,5.0,1007,2.03,1.015
828.9090909090909,66.27272727272727,0.5454545454545454,1,20.29090909090909,0,0,0.0,0.0,0,0.0,0.0,0,18.5,-39,24.441666666666663,13.0,21.991666666666667,22.5,48.48333333333333,25,25,25,25,25,25,0,0,0,0,0,0,0,0.0,0,0,0.198875,0.011025,5e-05,12.69,94.8,0.0,0.0,3.457,195.9,4.582,1007,2.03,1.015
750.9,64.7,0.0,2,20.29,0,0,0.0,0.0,0,0.0,0.0,0,18.5,-39,24.008333333333333,13.0,21.683333333333334,22.5,48.04166666666666,25,25,25,25,25,25,0,0,0,0,0,0,0,0.0,0,0,0.2585,0.010925,5e-05,12.65,96.0,0.0,0.0,1.688,173.9,2.918,1006,2.2,1.015
937.25,65.75,0.0,1,20.191666666666663,0,0,0.0,0.0,0,0.0,0.0,0,18.5,-39,24.0,13.0,21.508333333333333,22.5,48.0,25,25,25,25,25,25,0,0,0,0,0,0,0,0.0,0,0,0.2221,0.01095,2.5e-05,12.45,96.4,0.0,0.0,1.938,172.8,2.918,1006,2.03,1.015
873.3333333333334,65.41666666666667,0.0,5,19.98333333333333,0,0,0.0,0.0,0,0.0,0.0,0,18.03333333333333,-39,24.0,13.0,21.5,22.48333333333333,47.60833333333333,25,25,25,25,25,25,0,0,0,0,0,0,0,0.0,0,0,0.281875,0.010875,2.5e-05,12.52,95.9,0.0,0.0,2.021,122.1,2.5,1005,2.03,1.015
1020.0833333333334,66.25,0.0,6,20.125,0,0,0.0,0.0,0,0.0,0.0,0,18.0,-39,23.675,13.0,21.5,22.216666666666665,47.5,25,25,25,25,25,25,0,0,0,0,0,0,0,0.0,0,0,0.269825,0.010825,0.0,12.32,95.7,0.0,0.0,1.604,164.2,2.5,1004,2.2,1.015
1435.6363636363635,67.72727272727273,0.0,3,20.227272727272727,0,0,0.0,0.0,0,0.0,0.0,0,18.0,-39,23.5,13.0,21.5,22.016666666666666,47.1,25,25,25,25,25,25,0,0,0,0,0,0,0,0.0,0,0,0.19765,0.011075,5e-05,12.25,97.5,0.0,0.0,1.771,117.9,2.5,1003,2.03,1.015
1676.3333333333333,68.58333333333333,7.166666666666667,6,20.391666666666666,0,0,0.0,0.0,0,0.0,0.0,0,18.0,-39,23.5,12.233333333333333,21.316666666666663,22.0,46.98333333333333,25,25,25,25,25,25,0,0,0,0,0,0,0,0.0,0,0,0.154825,0.011,7.500000000000001e-05,12.75,96.3,0.0,0.0,1.583,135.9,2.918,1003,2.03,1.015
1341.4166666666667,70.58333333333333,29.25,21,20.416666666666668,1,40,666.6666666666666,0.6666666666666666,180,3000.0,3.0,0,18.0,-39,26.916666666666668,11.6,27.75,25.666666666666668,34.82083333333333,25,25,25,25,25,25,0,0,0,0,0,0,0,9.716666666666669,1,0,1.12355,0.90185,5e-05,12.45,91.9,0.0,0.0,5.918,118.4,7.082,1001,2.03,1.015
657.4545454545455,70.0909090909091,14.727272727272728,0,19.918181818181814,0,42,700.0,0.7000000000000001,98,1633.3333333333333,1.633333333333333,0,18.0,-39,35.925,11.883333333333333,29.508333333333333,32.675,48.59166666666667,25,25,25,25,25,25,0,0,0,0,0,0,0,4.116666666666666,1,0,0.828825,0.7330249999999999,5e-05,11.71,95.2,0.007,0.3981385,6.0,118.7,8.75,1000,33.34,31.64
499.09090909090907,69.0,22.454545454545453,0,19.445454545454545,0,0,0.0,0.0,0,0.0,0.0,0,18.0,-39,25.383333333333333,12.616666666666667,22.116666666666667,23.016666666666666,49.391666666666666,25,25,25,25,25,25,0,0,0,0,0,0,0,0.0,0,0,0.120475,0.0108,5e-05,11.57,95.9,0.02,1.343717,5.145,114.4,8.33,998,155.8,149.4
437.5,68.33333333333333,59.083333333333336,0,19.23333333333333,0,0,0.0,0.0,0,0.0,0.0,0,18.0,-39,24.675,13.666666666666666,21.633333333333333,22.5,49.0,25,25,25,25,25,25,0,0,0,0,0,0,0,0.0,0,0,0.0937,0.010825,7.500000000000001e-05,11.88,96.9,0.053,3.032488,5.582,115.0,9.17,996,417.0,400.8
422.0833333333333,68.0,340.25,0,19.23333333333333,0,0,0.0,0.0,0,0.0,0.0,0,18.0,-39,24.5,15.1,21.5,22.5,48.98333333333333,25,25,25,25,25,25,0,0,0,0,0,0,0,0.0,0,0,0.146975,0.010725,2.5e-05,12.75,96.6,0.07,3.994656,3.979,134.0,7.918,995,539.0,520.0
413.2,67.4,314.5,0,19.94,0,0,0.0,0.0,0,0.0,0.0,0,18.466666666666665,-39,24.5,15.633333333333333,21.475,22.5,48.55833333333333,25,25,25,25,25,25,0,0,0,0,0,0,0,0.0,0,0,0.07085,0.0108,2.5e-05,15.15,90.5,0.083,4.489011,3.312,176.5,5.0,995,567.5,548.0
417.4,67.0,23.1,0,19.61,0,0,0.0,0.0,0,0.0,0.0,0,18.125,-39,24.5,14.1,21.120833333333334,22.491666666666667,48.5,25,25,25,25,25,25,0,0,0,0,0,0,0,0.0,0,0,0.102825,0.01095,5e-05,16.3,85.4,0.335,24.27981,3.771,185.8,5.832,995,1257.0,1248.0
417.0,67.0,8.818181818181818,0,19.245454545454542,0,0,0.0,0.0,0,0.0,0.0,0,18.0,-39,24.433333333333334,13.616666666666667,21.0,22.266666666666666,48.23333333333333,25,25,25,25,25,25,0,0,0,0,0,0,0,0.0,0,0,0.158425,0.01095,7.500000000000001e-05,15.48,91.9,0.02,1.489484,2.021,231.2,3.75,994,176.6,169.2
418.4166666666667,67.0,5.833333333333333,0,19.03333333333333,0,0,0.0,0.0,0,0.0,0.0,0,18.325,-39,24.0,13.1,21.0,22.0,48.0,25,25,25,25,25,25,0,0,0,0,0,0,0,0.0,0,0,0.5892499999999999,0.010825,2.5e-05,14.88,89.3,0.02,1.194415,4.5,215.8,6.25,994,149.0,143.2
421.5833333333333,67.0,1.25,0,18.841666666666665,0,7,116.66666666666666,0.1166666666666666,57,950.0,0.95,0,18.85833333333333,-39,24.091666666666665,12.183333333333334,22.225,22.15,47.75833333333333,25,25,25,25,25,25,0,0,0,0,0,0,0,5.7,1,1,0.503,0.212,5e-05,13.6,95.0,0.02,1.194415,3.562,197.2,5.832,995,120.1,115.9
438.3333333333333,67.75,0.0,0,19.1,2,76,1266.6666666666663,1.2666666666666664,292,4866.666666666666,4.866666666666666,0,18.95833333333333,-39,40.16666666666666,11.866666666666667,43.925,40.05833333333333,47.5,25,25,25,25,25,25,0,0,0,0,0,0,0,19.116666666666667,1,1,1.92625,1.2712,0.326125,12.82,93.5,0.007,0.5275335,3.832,210.6,5.832,996,40.44,38.25
474.0,66.9090909090909,0.0,0,19.69090909090909,0,1,16.666666666666664,0.0166666666666666,4,66.66666666666666,0.0666666666666666,0,20.0,-39,30.7,12.333333333333334,39.50833333333333,37.63333333333333,47.43333333333333,25,25,25,25,25,25,0,0,0,0,0,0,0,0.0,0,0,0.2632,0.0253,2.5e-05,12.79,89.9,0.0,0.0,6.23,205.8,10.0,997,2.03,1.015
527.0909090909091,66.54545454545455,0.0,1,19.472727272727276,0,0,0.0,0.0,0,0.0,0.0,0,19.291666666666668,-39,26.466666666666665,12.0,28.20833333333333,26.90833333333333,47.00833333333333,25,25,25,25,25,25,0,0,0,0,0,0,0,0.0,0,0,0.150125,0.01115,5e-05,12.52,90.4,0.0,0.0,2.418,205.0,4.168,998,2.03,1.1
473.8,66.0,0.0,0,19.08,0,0,0.0,0.0,0,0.0,0.0,0,18.875,-39,24.73333333333333,12.366666666666667,25.508333333333333,23.375,46.69166666666667,25,25,25,25,25,25,0,0,0,0,0,0,0,0.0,0,0,0.265125,0.010925,0.0,12.35,90.8,0.0,0.0,1.25,179.4,2.5,998,2.03,1.015
462.0,66.0,0.0,0,18.880000000000003,0,0,0.0,0.0,0,0.0,0.0,0,18.5,-39,24.175,12.283333333333331,23.758333333333333,22.53333333333333,46.5,25,25,25,25,25,25,0,0,0,0,0,0,0,0.0,0,0,0.1186499999999999,0.011,2.5e-05,12.82,87.9,0.0,0.0,2.896,143.8,5.0,998,2.03,1.015
447.5833333333333,66.0,0.0,0,18.683333333333334,0,0,0.0,0.0,0,0.0,0.0,0,18.5,-39,23.716666666666665,12.633333333333333,23.091666666666665,22.33333333333333,46.25,25,25,25,25,25,25,0,0,0,0,0,0,0,0.0,0,0,0.128725,0.010875,0.0,12.59,90.1,0.0,0.0,2.062,157.6,3.75,998,2.03,1.015
434.1,66.0,0.0,0,18.59,0,0,0.0,0.0,0,0.0,0.0,0,18.5,-39,23.425,12.733333333333333,22.58333333333333,21.916666666666668,46.0,25,25,25,25,25,25,0,0,0,0,0,0,0,0.0,0,0,0.227275,0.011,0.0,12.92,88.6,0.0,0.0,4.375,191.9,6.668,998,2.03,1.015
429.5833333333333,66.0,0.0,0,18.466666666666665,0,0,0.0,0.0,0,0.0,0.0,0,18.1,-39,23.008333333333333,13.0,22.5,21.5,45.79166666666666,25,25,25,25,25,25,0,0,0,0,0,0,0,0.0,0,0,0.127425,0.011075,2.5e-05,12.89,87.7,0.0,0.0,2.793,172.8,4.168,997,2.03,1.015
427.0833333333333,66.0,0.0,0,18.391666666666666,0,0,0.0,0.0,0,0.0,0.0,0,18.0,-39,23.0,13.0,22.5,21.5,45.5,25,25,25,25,25,25,0,0,0,0,0,0,0,0.0,0,0,0.21025,0.011075,2.5e-05,13.2,87.4,0.0,0.0,4.375,170.6,6.25,996,2.03,1.015
425.3636363636364,66.0,0.0,0,18.354545454545452,0,0,0.0,0.0,0,0.0,0.0,0,18.0,-39,22.95833333333333,13.0,22.466666666666665,21.466666666666665,45.31666666666667,25,25,25,25,25,25,0,0,0,0,0,0,0,0.0,0,0,0.142775,0.011,5e-05,13.77,84.2,0.0,0.0,6.145,210.8,8.33,996,2.03,1.015
421.6666666666667,66.0,0.0,0,18.3,0,0,0.0,0.0,0,0.0,0.0,0,18.0,-39,22.558333333333334,12.983333333333333,22.058333333333334,21.008333333333333,45.0,25,25,25,25,25,25,0,0,0,0,0,0,0,0.0,0,0,0.1362,0.0111,5e-05,13.13,89.6,0.0,0.0,3.604,203.5,5.418,997,2.03,1.015
424.8333333333333,66.0,0.0,0,18.28333333333333,0,0,0.0,0.0,0,0.0,0.0,0,18.0,-39,22.5,12.85,22.0,21.0,44.85,25,25,25,25,25,25,0,0,0,0,0,0,0,0.0,0,0,0.15495,0.011075,2.5e-05,13.2,87.7,0.0,0.0,4.395,213.4,6.668,997,2.03,1.015
443.54545454545456,66.0909090909091,0.0,0,18.21818181818182,0,0,0.0,0.0,0,0.0,0.0,0,18.0,-39,22.5,12.316666666666666,22.0,21.0,44.5,25,25,25,25,25,25,0,0,0,0,0,0,0,0.0,0,0,0.192325,0.011125,0.0001,12.93,90.5,0.0,0.0,2.543,221.2,3.75,996,2.03,1.015
434.4166666666667,66.0,4.75,0,18.10833333333333,0,0,0.0,0.0,0,0.0,0.0,0,18.0,-39,22.5,12.0,21.966666666666665,20.666666666666668,44.35,25,25,25,25,25,25,0,0,0,0,0,0,0,0.0,0,0,0.060225,0.01125,5e-05,12.38,92.4,0.0,0.0,4.105,194.2,5.832,997,2.03,1.015
426.7,66.0,145.4,0,18.130000000000003,0,0,0.0,0.0,0,0.0,0.0,0,18.0,-39,22.5,12.683333333333334,21.55,20.5,44.0,25,25,25,25,25,25,0,0,0,0,0,0,0,0.0,0,0,0.14415,0.01115,2.5e-05,12.11,92.8,0.0,0.0,3.168,197.5,4.582,997,2.03,1.015
415.2,65.2,54.7,0,18.33,0,0,0.0,0.0,0,0.0,0.0,0,18.0,-39,22.5,12.7,21.5,20.5,43.708333333333336,25,25,25,25,25,25,0,0,0,0,0,0,0,0.0,0,0,0.141925,0.0112,5e-05,12.38,90.6,0.023,1.247501,2.668,216.2,3.75,997,140.9,135.4
418.3636363636364,65.0,160.45454545454547,0,18.463636363636365,0,0,0.0,0.0,0,0.0,0.0,0,18.0,-39,22.5,13.0,21.5,20.5,43.49166666666667,25,25,25,25,25,25,0,0,0,0,0,0,0,0.0,0,0,0.111475,0.011,7.500000000000001e-05,12.79,87.1,0.143,8.815449,3.418,215.2,5.418,997,858.0,829.0
416.3636363636364,65.0,289.1818181818182,0,18.518181818181816,0,0,0.0,0.0,0,0.0,0.0,0,18.0,-39,22.5,13.2,21.475,20.5,43.175,25,25,25,25,25,25,0,0,0,0,0,0,0,0.0,0,0,0.089175,0.01095,2.5e-05,12.52,88.7,0.149,8.99793,4.395,217.4,6.668,998,1011.0,976.0
411.0833333333333,64.58333333333333,812.25,0,19.40833333333333,0,0,0.0,0.0,0,0.0,0.0,0,18.775,-39,22.5,14.833333333333334,21.058333333333334,20.5,42.975,25,25,25,25,25,25,0,0,0,0,0,0,0,0.0,0,0,0.18995,0.010525,0.0,12.38,91.2,0.046,2.989356,5.395,215.9,7.082,998,347.0,333.8
617.7272727272727,63.27272727272727,890.8181818181819,11,20.472727272727276,0,0,0.0,0.0,0,0.0,0.0,0,19.45,-39,22.28333333333333,14.633333333333333,21.0,20.5,40.925,25,25,25,25,25,25,0,0,0,0,0,0,0,0.0,0,0,0.134525,0.010225,0.0,14.08,84.2,0.196,16.07152,2.688,227.9,3.75,999,1257.0,1248.0
711.7,61.8,515.6,11,21.08,0,11,183.3333333333333,0.1833333333333333,76,1266.6666666666663,1.2666666666666666,0,19.5,-39,23.15833333333333,14.45,23.225,21.816666666666663,39.458333333333336,25,25,25,25,25,25,0,0,0,0,0,0,0,6.966666666666667,1,1,0.4658,0.299925,2.5e-05,14.61,81.5,0.109,14.74401,3.229,239.8,5.418,999,877.0,847.0
925.1666666666666,64.41666666666667,142.08333333333334,17,21.316666666666663,1,70,1166.6666666666663,1.1666666666666663,295,4916.666666666666,4.916666666666666,0,19.33333333333333,-39,35.93333333333333,13.233333333333333,39.78333333333333,35.625,42.625,25,25,25,25,25,25,0,0,0,0,0,0,0,12.383333333333333,1,1,1.973875,1.48435,2.5e-05,14.67,78.2,0.299,17.9767,3.375,256.5,5.832,1000,1258.0,1248.0
526.9166666666666,61.333333333333336,81.16666666666667,0,20.575,0,0,0.0,0.0,0,0.0,0.0,0,19.0,-39,26.975,13.066666666666666,24.70833333333333,26.516666666666666,49.23333333333333,25,25,25,25,25,25,0,0,0,0,0,0,0,0.0,0,0,0.772225,0.01095,7.500000000000001e-05,14.23,81.3,0.166,14.25176,3.729,263.5,6.668,1000,1061.0,1026.0
515.5833333333334,61.833333333333336,2.083333333333333,0,19.75,0,0,0.0,0.0,0,0.0,0.0,0,19.0,-39,25.33333333333333,13.025,22.425,23.616666666666667,49.0,25,25,25,25,25,25,0,0,0,0,0,0,0,0.0,0,0,0.322575,0.010825,0.0001,13.97,80.2,0.063,3.961478,2.688,227.8,5.0,1001,455.0,437.8
516.6,62.2,0.0,0,19.32,0,0,0.0,0.0,0,0.0,0.0,0,19.0,-39,24.6,12.983333333333333,21.73333333333333,22.725,48.91666666666666,25,25,25,25,25,25,0,0,0,0,0,0,0,0.0,0,0,0.2891249999999999,0.010675,0.0,13.36,86.3,0.007,0.3981385,1.938,225.8,2.918,1001,63.1,59.3
464.8333333333333,63.0,0.0,0,19.016666666666666,0,0,0.0,0.0,0,0.0,0.0,0,18.625,-39,24.5,12.116666666666667,21.475,22.5,48.50833333333333,25,25,25,25,25,25,0,0,0,0,0,0,0,0.0,0,0,0.8865,0.0103749999999999,2.5e-05,12.82,86.0,0.0,0.0,2.271,212.1,4.168,1002,2.03,1.015
502.45454545454544,63.09090909090909,0.0,0,18.80909090909091,0,0,0.0,0.0,0,0.0,0.0,0,18.675,-39,24.10833333333333,12.0,21.291666666666668,22.183333333333334,48.0,25,25,25,25,25,25,0,0,0,0,0,0,0,0.0,0,0,0.7617,0.01065,2.5e-05,12.04,89.6,0.0,0.0,2.668,205.9,4.582,1002,2.03,1.015
574.5,65.25,0.0,0,18.725,0,0,0.0,0.0,0,0.0,0.0,0,18.975,-39,22.875,12.0,21.291666666666668,21.641666666666666,45.95,25,25,25,25,25,25,0,0,0,0,0,0,0,0.0,0,0,0.452675,0.0108,5e-05,11.91,91.3,0.0,0.0,4.332,180.1,5.832,1002,2.03,1.015
530.8181818181819,65.45454545454545,0.0,0,18.572727272727278,0,0,0.0,0.0,0,0.0,0.0,0,20.883333333333333,-39,22.125,12.233333333333333,21.5,21.041666666666668,44.98333333333333,25,25,25,25,25,25,0,0,0,0,0,0,0,0.0,0,0,1.034025,0.01055,0.0,11.71,92.3,0.0,0.0,3.625,196.8,5.0,1001,2.03,1.015
563.4166666666666,65.16666666666667,0.0,0,18.45833333333333,0,0,0.0,0.0,0,0.0,0.0,0,19.625,-39,21.691666666666663,13.0,21.5,20.98333333333333,44.55833333333333,25,25,25,25,25,25,0,0,0,0,0,0,0,0.0,0,0,0.131375,0.01095,2.5e-05,11.98,93.6,0.0,0.0,2.979,182.8,5.418,1001,2.03,1.015
516.75,65.0,0.0,0,18.366666666666664,0,0,0.0,0.0,0,0.0,0.0,0,18.9,-39,21.5,13.0,21.45833333333333,20.558333333333334,44.10833333333333,25,25,25,25,25,25,0,0,0,0,0,0,0,0.0,0,0,0.04535,0.011175,5e-05,12.52,94.9,0.0,0.0,4.77,165.8,7.082,1000,2.03,1.015
469.77777777777777,65.0,0.0,0,18.266666666666666,0,0,0.0,0.0,0,0.0,0.0,0,18.5,-39,21.075,13.016666666666667,21.425,20.5,43.55833333333333,25,25,25,25,25,25,0,0,0,0,0,0,0,0.0,0,0,0.197175,0.01115,5e-05,13.06,92.1,0.0,0.0,5.332,196.1,8.75,999,2.03,1.015
905.5833333333334,65.75,3.25,16,18.683333333333334,0,0,0.0,0.0,0,0.0,0.0,0,18.5,-39,21.0,13.55,21.5,20.5,43.11666666666667,25,25,25,25,25,25,0,0,0,0,0,0,0,0.0,0,0,0.093075,0.0113,5e-05,13.33,92.2,0.0,0.0,3.5,171.2,4.582,999,2.2,1.015
1353.0,66.9090909090909,0.2727272727272727,1,19.05454545454546,0,0,0.0,0.0,0,0.0,0.0,0,18.4,-39,21.0,13.616666666666667,22.066666666666663,20.5,42.60833333333333,25,25,25,25,25,25,0,0,0,0,0,0,0,0.0,0,0,0.1517,0.0112249999999999,5e-05,13.67,88.5,0.0,0.0,4.855,199.0,6.25,998,2.03,1.015
1554.4166666666667,67.25,1.75,1,19.191666666666663,0,0,0.0,0.0,0,0.0,0.0,0,18.0,-39,20.816666666666663,13.666666666666666,22.70833333333333,20.5,42.09166666666667,25,25,25,25,25,25,0,0,0,0,0,0,0,0.0,0,0,0.188125,0.01105,7.500000000000001e-05,13.74,90.2,0.0,0.0,4.207,195.8,8.33,998,2.03,1.015
2082.3636363636365,68.36363636363636,1.3636363636363635,3,19.563636363636363,0,0,0.0,0.0,0,0.0,0.0,0,18.0,-39,20.5,12.333333333333334,23.35833333333333,20.5,41.583333333333336,25,25,25,25,25,25,0,0,0,0,0,0,0,0.0,0,0,0.150325,0.01105,0.0001,13.94,90.4,0.0,0.0,5.418,206.8,10.42,998,2.03,1.015
2503.6363636363635,69.0,0.0,1,19.745454545454542,0,0,0.0,0.0,0,0.0,0.0,0,18.0,-39,20.5,12.0,23.5,20.5,41.11666666666667,25,25,25,25,25,25,0,0,0,0,0,0,0,0.0,0,0,0.0859,0.011025,5e-05,12.72,97.6,0.0,0.0,3.0,279.5,5.418,998,2.03,1.015
2691.75,69.75,0.0,11,19.825,0,0,0.0,0.0,0,0.0,0.0,0,18.0,-39,20.5,12.0,23.48333333333333,20.55,40.05,25,25,25,25,25,25,0,0,0,0,0,0,0,0.0,0,0,0.36545,0.010825,5e-05,12.15,91.7,0.0,0.0,1.938,243.5,4.168,999,2.2,1.015
2426.25,69.66666666666667,1.25,11,20.14166666666667,2,41,683.3333333333333,0.6833333333333332,161,2683.333333333333,2.683333333333333,0,18.0,-39,25.916666666666668,10.95,28.60833333333333,25.5,37.15,25,25,25,25,25,25,0,0,0,0,0,0,0,11.816666666666666,1,1,2.0753500000000003,0.597525,0.255025,11.7,95.0,0.0,0.0,2.479,222.1,4.582,999,2.03,1.015
3126.777777777778,72.22222222222223,2.6666666666666665,13,21.044444444444444,2,76,1266.6666666666663,1.2666666666666666,202,3366.6666666666665,3.3666666666666663,0,19.1,-39,40.391666666666666,10.633333333333333,44.96666666666667,43.56666666666667,32.45,25,25,25,25,25,25,0,0,0,0,0,0,0,12.95,1,1,2.586925,0.9647,0.494,11.03,98.1,0.0,0.0,1.75,234.1,2.918,1000,22.84,21.48
3128.833333333333,71.0,3.25,9,21.558333333333334,0,0,0.0,0.0,14,233.3333333333333,0.2333333333333332,0,19.316666666666663,-39,26.48333333333333,12.0,37.075,34.175,29.525,25,25,25,25,25,25,0,0,0,0,0,0,0,1.2333333333333334,0,0,0.787625,0.017375,2.5e-05,11.17,91.6,0.013,1.0053,2.668,225.6,3.75,1000,127.4,122.7
2213.6666666666665,70.66666666666667,19.33333333333333,21,21.58333333333333,1,105,1750.0,1.75,330,5500.0,5.499999999999999,0,19.0,-39,39.84166666666667,10.816666666666666,40.775,40.13333333333333,39.583333333333336,25,25,25,25,25,25,0,0,0,0,0,0,0,14.316666666666666,1,0,3.2416,1.99745,0.0,11.1,96.4,0.033,1.990692,3.082,208.9,4.168,1001,244.1,235.4
1220.6666666666667,71.58333333333333,32.583333333333336,17,21.216666666666665,0,0,0.0,0.0,0,0.0,0.0,0,19.058333333333334,-39,28.166666666666668,12.233333333333333,24.08333333333333,25.675,49.275,25,25,25,25,25,25,0,0,0,0,0,0,0,0.0,0,0,0.8659,0.01115,2.5e-05,11.17,97.5,0.05,2.986038,1.5,288.5,2.082,1001,415.8,400.2
911.3636363636364,71.63636363636364,30.727272727272727,0,20.21818181818182,0,0,0.0,0.0,0,0.0,0.0,0,19.5,-39,25.416666666666668,12.0,23.041666666666668,24.091666666666665,49.0,25,25,25,25,25,25,0,0,0,0,0,0,0,0.0,0,0,0.715525,0.0109,0.0,11.17,97.4,0.07,4.180454,1.375,219.8,2.082,1001,551.5,532.5
1393.4,72.9,7.7,20,20.23,0,3,49.99999999999999,0.0499999999999999,36,599.9999999999999,0.5999999999999999,0,19.5,-39,24.53333333333333,11.783333333333331,23.008333333333333,22.941666666666663,48.78333333333333,25,25,25,25,25,25,0,0,0,0,0,0,0,4.433333333333334,1,1,1.412625,0.13765,0.0,11.03,98.4,0.07,4.512236,1.667,229.2,2.918,1000,556.5,537.0
2423.0,74.45454545454545,1.3636363636363635,3,20.83636363636364,2,97,1616.6666666666663,1.6166666666666665,300,5000.0,5.0,0,19.966666666666665,-39,40.475,10.833333333333334,44.225,40.266666666666666,48.48333333333333,25,25,25,25,25,25,0,0,0,0,0,0,0,19.316666666666663,1,1,3.4707,1.301825,0.5808,10.93,98.8,0.07,4.180454,1.479,190.1,2.5,1000,536.5,517.5
1976.1818181818185,72.63636363636364,26.727272727272727,20,21.87272727272727,0,8,133.33333333333331,0.1333333333333333,38,633.3333333333333,0.6333333333333333,0,20.775,-39,33.1,11.7,41.825,41.63333333333333,47.775,25,25,25,25,25,25,0,0,0,0,0,0,0,2.2666666666666666,1,1,1.40265,0.216825,0.0,11.1,98.5,0.027,1.592554,0.688,220.0,1.25,1000,206.4,198.5
1966.8181818181815,72.81818181818181,0.5454545454545454,7,21.49090909090909,0,0,0.0,0.0,0,0.0,0.0,0,20.5,-39,26.558333333333334,11.05,31.65,28.6,46.54166666666666,25,25,25,25,25,25,0,0,0,0,0,0,0,0.0,0,0,0.5253749999999999,0.011,0.0,10.63,100.0,0.01,0.7796878,1.042,147.1,1.667,999,78.3,75.1
1813.4545454545453,72.54545454545455,1.0909090909090908,11,21.30909090909091,0,0,0.0,0.0,0,0.0,0.0,0,20.5,-39,24.183333333333334,11.0,26.45,24.65833333333333,44.11666666666667,25,25,25,25,25,25,0,0,0,0,0,0,0,0.0,0,0,0.599175,0.0109749999999999,5e-05,10.19,100.0,0.0,0.0,1.229,150.6,2.082,999,12.1,11.0
2047.8,73.1,22.8,12,21.41,0,0,0.0,0.0,0,0.0,0.0,0,20.008333333333333,-39,22.683333333333334,11.0,24.125,22.9,40.45,25,25,25,25,25,25,0,0,0,0,0,0,0,0.0,0,0,1.22795,0.01095,0.0,10.09,96.8,0.0,0.0,1.083,185.0,2.082,999,2.031,1.015
1422.0,71.18181818181819,11.090909090909092,18,21.318181818181817,0,0,0.0,0.0,0,0.0,0.0,0,19.65833333333333,-39,22.041666666666668,11.0,23.075,22.5,35.24583333333333,25,25,25,25,25,25,0,0,0,0,0,0,0,0.0,0,0,0.334625,0.010675,0.0,10.15,96.9,0.0,0.0,1.375,236.2,2.082,999,2.03,1.015
1125.9166666666667,68.33333333333333,0.25,8,21.041666666666668,0,0,0.0,0.0,0,0.0,0.0,0,19.5,-39,21.241666666666667,10.683333333333334,22.508333333333333,22.5,32.65,25,25,25,25,25,25,0,0,0,0,0,0,0,0.0,0,0,0.253625,0.01065,0.0,10.29,98.2,0.0,0.0,1.521,227.0,2.082,998,2.2,1.015
926.2,65.6,0.6,7,20.47,0,0,0.0,0.0,0,0.0,0.0,0,19.08333333333333,-39,20.641666666666666,10.0,22.491666666666667,22.316666666666663,29.73333333333333,25,25,25,25,25,25,0,0,0,0,0,0,0,0.0,0,0,0.324775,0.010975,0.0,10.22,97.1,0.0,0.0,1.271,231.8,1.667,997,2.031,1.015
841.6666666666666,63.583333333333336,0.0,3,20.025,0,0,0.0,0.0,0,0.0,0.0,0,19.0,-39,20.5,9.966666666666669,22.016666666666666,22.0,28.95,25,25,25,25,25,25,0,0,0,0,0,0,0,0.0,0,0,0.222625,0.01085,5e-05,10.23,94.5,0.0,0.0,1.813,232.2,2.918,997,2.031,1.015
740.7272727272727,61.18181818181818,0.5454545454545454,2,19.763636363636365,0,0,0.0,0.0,0,0.0,0.0,0,19.0,-39,20.5,9.47457627118644,22.0,21.8135593220339,28.60169491525424,25,25,25,25,25,25,0,0,0,0,0,0,0,0.0,0,0,0.208275,0.01095,5e-05,9.82,96.0,0.0,0.0,2.293,207.4,3.75,996,2.031,1.015
659.5,58.6,0.9,2,19.45,0,0,0.0,0.0,0,0.0,0.0,0,18.70833333333333,-39,20.325,9.466666666666669,22.191666666666663,21.375,28.5,25,25,25,25,25,25,0,0,0,0,0,0,0,0.0,0,0,0.2754,0.01095,5e-05,9.52,92.2,0.0,0.0,3.25,167.8,4.582,995,2.031,1.015
814.9090909090909,58.90909090909091,0.0,3,19.181818181818183,0,0,0.0,0.0,3,50.0,0.05,0,18.5,-39,20.0,9.866666666666667,22.466666666666665,20.683333333333334,28.5,25,25,25,25,25,25,0,0,0,0,0,0,0,0.3166666666666666,0,0,0.2148499999999999,0.011725,2.5e-05,9.28,95.0,0.0,0.0,2.062,192.2,3.332,995,2.031,1.015
1431.25,63.0,0.0,2,19.65,1,77,1283.3333333333333,1.2833333333333332,268,4466.666666666666,4.466666666666667,0,18.5,-39,32.80833333333333,9.383333333333333,35.94583333333333,31.816666666666663,40.1875,25,25,25,25,25,25,0,0,0,0,0,0,0,13.358333333333333,1,0,1.786575,1.561475,0.0,9.82,90.1,0.0,0.0,3.854,207.1,5.418,994,2.031,1.015
1804.5,64.8,0.0,2,20.03,0,0,0.0,0.0,0,0.0,0.0,0,18.5,-39,25.15,10.0,23.65833333333333,22.516666666666666,49.09166666666667,25,25,25,25,25,25,0,0,0,0,0,0,0,0.0,0,0,0.2850749999999999,0.01075,2.5e-05,11.58,83.4,0.0,0.0,4.0,268.0,7.5,993,2.031,1.015
1969.2727272727277,65.9090909090909,0.0,1,20.1,0,0,0.0,0.0,0,0.0,0.0,0,18.5,-39,24.508333333333333,10.0,21.508333333333333,22.966666666666665,49.0,25,25,25,25,25,25,0,0,0,0,0,0,0,0.0,0,0,0.22375,0.010775,5e-05,11.37,74.5,0.0,0.0,4.605,289.8,7.082,994,2.031,1.015
2131.454545454545,67.0,0.0,2,20.181818181818183,0,0,0.0,0.0,0,0.0,0.0,0,18.433333333333334,-39,24.5,10.0,21.5,22.5,48.79166666666666,25,25,25,25,25,25,0,0,0,0,0,0,0,0.0,0,0,0.18835,0.011,2.5e-05,11.78,73.75,0.0,0.0,3.646,280.8,6.668,994,2.03,1.015
1636.5,67.1,14.4,9,19.97,0,0,0.0,0.0,0,0.0,0.0,0,18.0,-39,24.316666666666663,10.0,21.5,22.5,48.5,25,25,25,25,25,25,0,0,0,0,0,0,0,0.0,0,0,0.56925,0.010825,2.5e-05,12.05,71.44,0.0,0.0,3.875,282.0,7.082,994,2.2,1.015
1191.4166666666667,67.25,30.166666666666668,0,19.45833333333333,0,0,0.0,0.0,0,0.0,0.0,0,18.0,-39,24.0,10.0,21.5,22.28333333333333,48.36666666666667,25,25,25,25,25,25,0,0,0,0,0,0,0,0.0,0,0,0.25805,0.011,2.5e-05,11.71,72.94,0.0,0.0,1.396,331.8,2.082,995,2.03,1.015
880.6363636363636,67.45454545454545,57.0,0,19.154545454545456,0,0,0.0,0.0,0,0.0,0.0,0,18.0,-39,23.70833333333333,10.1,21.5,22.0,48.00833333333333,25,25,25,25,25,25,0,0,0,0,0,0,0,0.0,0,0,2.84045,0.0106,0.0,11.95,74.2,0.017,0.8327734,3.104,276.8,5.418,995,110.5,105.8
741.0,68.0909090909091,77.18181818181819,0,19.018181818181816,0,0,0.0,0.0,0,0.0,0.0,0,18.0,-39,23.5,10.883333333333333,21.5,22.0,47.61666666666667,25,25,25,25,25,25,0,0,0,0,0,0,0,0.0,0,0,0.61665,0.0107,5e-05,11.57,69.5,0.033,1.990693,3.521,285.2,5.0,996,311.0,299.0
634.5454545454545,67.9090909090909,122.36363636363636,0,19.10909090909091,0,0,0.0,0.0,0,0.0,0.0,0,18.391666666666666,-39,23.2,11.5,21.40833333333333,22.0,47.425,25,25,25,25,25,25,0,0,0,0,0,0,0,0.0,0,0,0.098075,0.0109,2.5e-05,12.38,72.44,0.149,8.981344,3.062,244.4,4.582,996,970.0,937.0
566.5,68.0,39.1,0,18.91,0,0,0.0,0.0,0,0.0,0.0,0,18.08333333333333,-39,23.0,9.933333333333334,21.0,21.716666666666665,47.025,25,25,25,25,25,25,0,0,0,0,0,0,0,0.0,0,0,0.127975,0.01115,5e-05,11.37,84.0,0.123,7.750433,3.562,215.2,5.0,996,786.5,759.5
516.3636363636364,68.0,200.3636363636364,0,18.972727272727276,0,0,0.0,0.0,0,0.0,0.0,0,18.316666666666663,-39,22.841666666666665,10.0,20.541666666666668,21.48333333333333,46.925,25,25,25,25,25,25,0,0,0,0,0,0,0,0.0,0,0,0.10095,0.0108,5e-05,11.17,75.1,0.02,1.194416,3.668,287.2,5.0,997,153.5,147.8
483.5,68.0,17.5,0,18.866666666666667,0,0,0.0,0.0,0,0.0,0.0,0,18.058333333333334,-39,22.5,9.733333333333333,20.5,21.008333333333333,46.50833333333333,25,25,25,25,25,25,0,0,0,0,0,0,0,0.0,0,0,0.08335,0.011175,5e-05,8.6,92.1,0.143,8.507103,2.646,322.0,4.582,997,1017.0,983.0
456.7,68.0,53.0,0,18.630000000000003,0,0,0.0,0.0,0,0.0,0.0,0,18.0,-39,22.5,9.05,20.5,21.0,46.45,25,25,25,25,25,25,0,0,0,0,0,0,0,0.0,0,0,0.12925,0.010775,2.5e-05,10.02,80.7,0.076,4.578599,1.0,248.2,2.082,997,572.0,552.0
450.45454545454544,68.0,17.454545454545453,0,18.527272727272727,0,0,0.0,0.0,0,0.0,0.0,0,18.0,-39,22.5,9.233333333333333,20.5,20.925,45.8375,25,25,25,25,25,25,0,0,0,0,0,0,0,0.0,0,0,0.1681,0.0111,7.500000000000001e-05,8.06,93.9,0.007,0.398143,2.188,228.2,2.918,998,46.88,44.84
472.6363636363636,68.0,0.5454545454545454,0,18.38181818181818,0,0,0.0,0.0,0,0.0,0.0,0,18.0,-39,22.266666666666666,9.0,20.5,20.5,45.25833333333333,25,25,25,25,25,25,0,0,0,0,0,0,0,0.0,0,0,0.152075,0.011125,5e-05,9.69,88.8,0.043,2.588383,0.563,250.8,0.833,998,284.0,272.5
995.0833333333334,68.16666666666667,8.916666666666666,17,18.95833333333333,2,84,1399.9999999999998,1.4,255,4250.0,4.249999999999999,2,18.05,-39,30.03333333333333,7.816666666666666,32.916666666666664,29.691666666666663,44.275,25,25,25,25,25,25,0,0,0,0,0,0,0,16.7,1,1,2.1587,1.2003749999999995,0.5574749999999999,9.79,86.5,0.007,0.3982021,2.062,308.0,4.168,999,32.3,30.97
1288.9,68.5,1.8,5,20.14,2,78,1299.9999999999998,1.2999999999999998,290,4833.333333333333,4.833333333333333,0,19.15,-39,44.86666666666667,7.516666666666667,48.21666666666667,44.525,42.10833333333333,25,25,25,25,25,25,0,0,0,0,0,0,0,19.65,1,1,2.4547,1.785275,0.0,9.38,79.7,0.0,0.0,3.312,294.0,5.0,1000,2.031,1.015
1282.25,67.41666666666667,2.0,16,21.15,0,17,283.3333333333333,0.2833333333333332,74,1233.3333333333333,1.2333333333333332,0,19.78333333333333,-39,30.616666666666667,8.45,36.53333333333333,36.18333333333333,32.00833333333333,25,25,25,25,25,25,0,0,0,0,0,0,0,6.633333333333334,1,1,0.919725,0.437175,0.0,9.28,77.9,0.0,0.0,3.271,306.0,5.832,1001,2.031,1.015
1016.6666666666666,62.0,1.0,10,20.841666666666665,1,74,1233.3333333333333,1.2333333333333334,232,3866.6666666666665,3.8666666666666663,2,19.008333333333333,-39,38.36666666666667,7.066666666666666,35.2,34.71666666666667,42.41666666666666,25,25,25,25,25,25,0,0,0,0,0,0,0,17.783333333333335,1,0,1.7280749999999998,1.4978,0.0,9.28,77.94,0.0,0.0,3.582,290.5,5.832,1002,2.031,1.015
738.9090909090909,56.18181818181818,0.8181818181818182,7,19.78181818181818,0,0,0.0,0.0,0,0.0,0.0,0,18.558333333333334,-39,26.45,8.2,24.48333333333333,22.73333333333333,49.0,25,25,25,25,25,25,0,0,0,0,0,0,0,0.3166666666666666,0,0,0.1985,0.012925,2.5e-05,9.01,82.4,0.0,0.0,2.521,310.5,4.168,1003,2.031,1.015
637.8181818181819,53.81818181818182,0.5454545454545454,3,19.25454545454545,0,0,0.0,0.0,0,0.0,0.0,0,18.5,-39,24.925,8.666666666666666,22.875,23.066666666666663,49.0,25,25,25,25,25,25,0,0,0,0,0,0,0,0.0,0,0,0.2297499999999999,0.010925,2.5e-05,9.55,71.0,0.0,0.0,2.957,281.8,5.0,1003,2.031,1.015
590.9,52.4,0.0,3,18.74,0,0,0.0,0.0,0,0.0,0.0,0,18.33333333333333,-39,24.475,9.016666666666667,21.291666666666668,22.716666666666665,48.59166666666667,25,25,25,25,25,25,0,0,0,0,0,0,0,0.0,0,0,0.1807,0.01095,0.0,10.3,73.1,0.0,0.0,2.418,278.5,3.75,1004,2.031,1.015
581.5555555555555,54.22222222222222,0.0,2,18.31111111111111,0,0,0.0,0.0,0,0.0,0.0,0,18.0,-39,24.008333333333333,9.0,21.5,22.441666666666663,48.5,25,25,25,25,25,25,0,0,0,0,0,0,0,0.0,0,0,0.178975,0.011025,5e-05,10.74,72.3,0.0,0.0,4.438,278.8,7.5,1004,2.031,1.015
587.8333333333334,54.75,0.0,1,17.966666666666665,0,0,0.0,0.0,0,0.0,0.0,0,18.0,-39,23.766666666666666,9.0,21.125,22.125,48.21666666666667,25,25,25,25,25,25,0,0,0,0,0,0,0,0.0,0,0,0.221025,0.01105,5e-05,9.58,86.8,0.0,0.0,3.0,225.0,6.25,1004,2.031,1.015
578.5833333333334,55.0,0.0,1,17.650000000000002,0,0,0.0,0.0,0,0.0,0.0,0,18.0,-39,23.491666666666667,9.0,20.741666666666667,21.90833333333333,48.0,25,25,25,25,25,25,0,0,0,0,0,0,0,0.0,0,0,0.17365,0.0109,7.500000000000001e-05,9.18,86.3,0.0,0.0,2.271,235.5,3.332,1003,2.031,1.015
590.3333333333334,55.75,0.0,3,17.358333333333334,0,0,0.0,0.0,0,0.0,0.0,0,17.733333333333334,-39,23.05,9.016666666666667,20.5,21.5,47.825,25,25,25,25,25,25,0,0,0,0,0,0,0,0.0,0,0,0.14815,0.010925,5e-05,8.91,87.5,0.0,0.0,4.562,212.8,7.5,1002,2.031,1.015
568.6666666666666,57.16666666666666,0.0,2,17.108333333333334,0,0,0.0,0.0,0,0.0,0.0,0,17.5,-39,22.98333333333333,9.583333333333334,20.5,21.475,47.5,25,25,25,25,25,25,0,0,0,0,0,0,0,0.0,0,0,0.172625,0.01105,5e-05,8.84,91.8,0.0,0.0,2.271,205.6,4.168,1000,2.031,1.015
589.0,60.27272727272727,0.0,2,16.936363636363634,0,0,0.0,0.0,0,0.0,0.0,0,17.5,-39,22.53333333333333,10.0,20.5,21.016666666666666,47.333333333333336,25,25,25,25,25,25,0,0,0,0,0,0,0,0.0,0,0,0.1541,0.011075,5e-05,9.42,90.2,0.0,0.0,4.543,193.1,7.5,999,2.031,1.015
676.8333333333334,63.41666666666666,12.916666666666666,25,17.216666666666665,0,0,0.0,0.0,0,0.0,0.0,0,17.5,-39,22.5,10.466666666666669,20.5,20.98333333333333,46.71666666666667,25,25,25,25,25,25,0,0,0,0,0,0,0,0.0,0,0,0.4438,0.010875,0.0,9.96,91.6,0.0,0.0,6.27,187.5,10.0,997,2.453,1.015
531.5454545454545,64.0,2.272727272727273,0,17.354545454545452,0,0,0.0,0.0,0,0.0,0.0,0,17.475,-39,22.5,11.033333333333331,20.5,20.508333333333333,46.00833333333333,25,25,25,25,25,25,0,0,0,0,0,0,0,0.0,0,0,0.111725,0.01095,2.5e-05,11.04,91.7,0.0,0.0,8.13,210.4,12.08,994,2.031,1.015
455.8888888888889,64.0,5.888888888888889,0,17.255555555555556,0,0,0.0,0.0,0,0.0,0.0,0,17.2,-39,22.5,11.833333333333334,20.5,20.5,45.86666666666667,25,25,25,25,25,25,0,0,0,0,0,0,0,0.0,0,0,0.110825,0.01085,7.500000000000001e-05,11.03,95.8,0.007,0.3085575,5.48,207.9,7.918,992,29.27,26.9
433.1666666666667,64.0,32.166666666666664,0,17.3,0,0,0.0,0.0,0,0.0,0.0,0,17.158333333333335,-39,22.441666666666663,11.416666666666666,20.5,20.5,45.5,25,25,25,25,25,25,0,0,0,0,0,0,0,0.0,0,0,0.119875,0.010875,2.5e-05,11.91,91.8,0.013,1.104835,7.062,217.6,11.25,990,119.0,114.6
423.7272727272728,63.81818181818182,370.3636363636364,0,17.71818181818182,0,0,0.0,0.0,0,0.0,0.0,0,17.533333333333335,-39,22.266666666666666,11.8,20.2,20.5,45.45,25,25,25,25,25,25,0,0,0,0,0,0,0,0.0,0,0,0.09965,0.011025,0.0,12.15,91.8,0.027,1.327129,5.0,235.5,7.5,988,236.4,227.8
414.54545454545456,62.63636363636363,206.9090909090909,0,18.081818181818186,0,0,0.0,0.0,0,0.0,0.0,0,17.65,-39,22.016666666666666,11.725,20.0,20.5,45.016666666666666,25,25,25,25,25,25,0,0,0,0,0,0,0,0.0,0,0,0.121775,0.010775,7.500000000000001e-05,10.66,90.2,0.027,1.592555,4.5,247.9,7.918,988,200.8,193.8
404.0833333333333,61.91666666666666,489.6666666666667,0,18.291666666666668,0,0,0.0,0.0,0,0.0,0.0,0,17.675,-39,22.0,12.033333333333331,19.891666666666666,20.5,44.94166666666667,25,25,25,25,25,25,0,0,0,0,0,0,0,0.0,0,0,0.097225,0.010775,0.0,12.52,78.56,0.013,0.7863238,8.81,272.0,12.92,988,104.1,99.3
401.6363636363636,61.0,280.90909090909093,0,18.40909090909091,0,0,0.0,0.0,0,0.0,0.0,0,17.7,-39,22.0,12.666666666666666,19.5,20.5,44.525,25,25,25,25,25,25,0,0,0,0,0,0,0,0.0,0,0,0.12145,0.01075,5e-05,11.91,83.2,0.319,9.260042,10.58,260.5,19.17,987,1257.0,1248.0
404.4,61.1,40.5,0,18.05,0,0,0.0,0.0,20,333.33333333333326,0.3333333333333332,0,17.5,-39,21.875,11.933333333333334,19.7,20.225,44.45,25,25,25,25,25,25,0,0,0,0,0,0,0,3.4833333333333334,1,1,0.4944499999999999,0.0766,2.5e-05,12.66,80.0,0.09,4.956826,6.375,255.6,10.83,987,615.5,593.5
408.3636363636364,62.36363636363637,4.545454545454546,0,18.12727272727273,2,135,2250.0,2.25,306,5100.0,5.1,0,18.2,-39,37.69166666666667,10.2,40.68333333333333,36.675,44.025,25,25,25,25,25,25,0,0,0,0,0,0,0,19.25,1,1,2.860075,1.153075,1.29705,12.45,75.4,0.05,3.191745,9.81,275.0,15.83,987,344.2,331.0
501.1818181818182,62.36363636363637,2.090909090909091,4,19.29090909090909,2,72,1199.9999999999998,1.1999999999999995,289,4816.666666666666,4.816666666666666,0,19.3,-39,46.68333333333333,9.2,50.23333333333333,46.59166666666667,43.35,25,25,25,25,25,25,0,0,0,0,0,0,0,19.383333333333333,1,1,3.41645,1.77455,2.5e-05,11.71,85.8,0.013,0.7962773,5.625,272.5,12.08,987,73.25,70.25
765.5,64.6,26.4,16,20.17,2,68,1133.3333333333333,1.133333333333333,281,4683.333333333333,4.683333333333333,0,19.48333333333333,-39,44.44166666666667,8.866666666666667,47.93333333333333,44.15,37.516666666666666,25,25,25,25,25,25,0,0,0,0,0,0,0,19.33333333333333,1,1,4.092025,1.628275,0.0,10.49,89.9,0.0,0.0,5.355,296.0,10.83,989,5.84,4.74
1310.3636363636365,67.72727272727273,3.0,11,20.736363636363635,1,103,1716.6666666666663,1.7166666666666663,161,2683.333333333333,2.683333333333333,2,19.683333333333334,-39,30.9,9.433333333333334,43.975,42.3625,41.96666666666667,25,25,25,25,25,25,0,0,0,0,0,0,0,19.08333333333333,1,0,2.2682,0.724025,1.1527500000000002,9.92,93.6,0.0,0.0,4.145,305.8,7.082,991,2.03,1.015
1353.8333333333333,67.16666666666667,2.25,11,20.475,0,23,383.33333333333326,0.3833333333333332,14,233.3333333333333,0.2333333333333332,0,19.183333333333334,-39,30.375,9.0,31.016666666666666,35.05,48.38333333333333,25,25,25,25,25,25,0,0,0,0,0,0,0,4.183333333333334,0,0,0.880925,0.037975,0.351875,9.08,86.7,0.0,0.0,3.793,278.2,6.25,994,2.031,1.015
1511.5,68.66666666666667,0.25,15,20.116666666666667,0,0,0.0,0.0,0,0.0,0.0,0,18.883333333333333,-39,26.341666666666665,8.75,23.8,24.716666666666665,48.208333333333336,25,25,25,25,25,25,0,0,0,0,0,0,0,0.0,0,0,0.234475,0.01095,2.5e-05,9.28,87.0,0.0,0.0,2.188,301.5,3.75,995,1.946,1.015
2091.833333333333,69.91666666666667,0.5,9,20.308333333333334,0,0,0.0,0.0,0,0.0,0.0,0,18.5,-39,24.841666666666665,8.083333333333334,22.725,23.85833333333333,48.0,25,25,25,25,25,25,0,0,0,0,0,0,0,0.0,0,0,0.1983,0.011225,5e-05,8.77,87.1,0.0,0.0,4.543,305.0,7.918,996,2.031,1.015
2386.5454545454545,71.36363636363636,0.0,2,20.236363636363635,0,0,0.0,0.0,0,0.0,0.0,0,18.5,-39,24.45833333333333,8.1,22.48333333333333,22.883333333333333,47.86666666666667,25,25,25,25,25,25,0,0,0,0,0,0,0,0.0,0,0,0.243875,0.0110999999999999,7.500000000000001e-05,8.23,86.2,0.0,0.0,1.292,276.0,2.5,996,2.031,1.015
2508.1666666666665,72.0,0.0,3,20.20833333333333,0,0,0.0,0.0,0,0.0,0.0,0,18.266666666666666,-39,23.991666666666667,8.666666666666666,22.008333333333333,22.5,47.5,25,25,25,25,25,25,0,0,0,0,0,0,0,0.0,0,0,0.191275,0.01095,2.5e-05,8.06,88.9,0.0,0.0,0.958,294.5,1.667,996,2.031,1.015
2463.6666666666665,71.25,0.5,2,20.05,0,0,0.0,0.0,0,0.0,0.0,0,18.0,-39,23.5625,8.316666666666666,21.65,22.5,47.41666666666666,25,25,25,25,25,25,0,0,0,0,0,0,0,0.0,0,0,0.1867,0.01105,0.0,10.5,74.06,0.0,0.0,3.418,296.8,5.418,996,2.031,1.015
2471.5,71.0,0.0,1,19.88,0,0,0.0,0.0,0,0.0,0.0,0,18.0,-39,23.441666666666663,8.0,21.491666666666667,22.03333333333333,47.00833333333333,25,25,25,25,25,25,0,0,0,0,0,0,0,0.0,0,0,0.212175,0.01105,5e-05,9.11,86.9,0.0,0.0,4.312,210.9,6.25,996,2.115,1.015
2468.833333333333,70.5,0.0,3,19.816666666666663,0,0,0.0,0.0,0,0.0,0.0,0,18.0,-39,23.0,8.0,21.0,21.933333333333334,46.98333333333333,25,25,25,25,25,25,0,0,0,0,0,0,0,0.0,0,0,0.187025,0.01105,5e-05,8.6,85.8,0.0,0.0,3.582,229.2,5.418,995,1.946,1.015
2467.083333333333,70.0,0.0,2,19.741666666666667,0,0,0.0,0.0,0,0.0,0.0,0,17.975,-39,23.0,8.0,21.0,21.5,46.55833333333333,25,25,25,25,25,25,0,0,0,0,0,0,0,0.0,0,0,0.1911,0.011,2.5e-05,8.06,92.6,0.0,0.0,3.104,218.6,4.168,995,2.2,1.015
2427.0,70.0,0.0,2,19.541666666666668,0,0,0.0,0.0,0,0.0,0.0,0,17.508333333333333,-39,22.691666666666663,8.0,20.73333333333333,21.5,46.5,25,25,25,25,25,25,0,0,0,0,0,0,0,0.0,0,0,0.23765,0.011125,5e-05,8.2,90.3,0.0,0.0,3.396,206.2,5.418,994,1.946,1.015
2378.833333333333,69.08333333333333,0.0,2,19.558333333333334,0,0,0.0,0.0,0,0.0,0.0,0,17.5,-39,22.5,8.0,20.5,21.416666666666668,46.11666666666667,25,25,25,25,25,25,0,0,0,0,0,0,0,0.0,0,0,0.14555,0.011,5e-05,8.13,90.6,0.0,0.0,4.293,215.9,6.668,994,2.031,1.015
1245.8333333333333,66.75,18.5,18,19.141666666666666,0,0,0.0,0.0,0,0.0,0.0,0,17.5,-39,22.5,7.983333333333333,20.5,21.008333333333333,45.9,25,25,25,25,25,25,0,0,0,0,0,0,0,0.0,0,0,0.615325,0.010925,2.5e-05,8.03,86.3,0.0,0.0,5.105,203.8,6.668,993,2.031,1.015
922.6666666666666,67.16666666666667,132.66666666666666,0,18.64166666666667,0,0,0.0,0.0,0,0.0,0.0,0,17.5,-39,22.5,8.0,20.5,21.0,45.025,25,25,25,25,25,25,0,0,0,0,0,0,0,0.0,0,0,0.133025,0.010875,2.5e-05,7.793,88.8,0.0,0.0,3.979,209.2,6.25,993,2.031,1.015
670.0833333333334,66.25,392.0,0,18.916666666666668,0,0,0.0,0.0,0,0.0,0.0,0,17.766666666666666,-39,22.35833333333333,8.383333333333333,20.5,20.98333333333333,44.73333333333333,25,25,25,25,25,25,0,0,0,0,0,0,0,0.0,0,0,0.06655,0.010725,5e-05,7.793,89.9,0.04,2.389434,2.979,219.2,5.0,993,177.8,171.4
538.6666666666666,64.33333333333333,532.75,0,19.508333333333333,0,0,0.0,0.0,0,0.0,0.0,0,18.291666666666668,-39,22.0,9.25,20.5,20.53333333333333,44.49166666666667,25,25,25,25,25,25,0,0,0,0,0,0,0,0.0,0,0,0.0696499999999999,0.01105,5e-05,8.33,87.9,0.143,8.541966,1.938,193.0,3.332,992,926.0,894.0
479.45454545454544,62.45454545454545,529.2727272727273,0,20.0,0,0,0.0,0.0,0,0.0,0.0,0,18.716666666666665,-39,22.0,10.6,20.5,20.5,44.083333333333336,25,25,25,25,25,25,0,0,0,0,0,0,0,0.0,0,0,0.112925,0.010775,2.5e-05,8.8,83.4,0.219,13.19166,3.332,218.8,5.0,992,1257.0,1235.0
454.8888888888889,60.66666666666666,663.4444444444445,0,20.4,0,0,0.0,0.0,0,0.0,0.0,0,19.0,-39,22.0,12.55,20.5,20.5,43.925,25,25,25,25,25,25,0,0,0,0,0,0,0,0.0,0,0,0.11665,0.0109,0.0,9.54,80.5,0.292,18.03568,2.207,221.8,3.75,992,1257.0,1248.0
441.75,60.083333333333336,155.41666666666666,0,20.191666666666663,0,0,0.0,0.0,0,0.0,0.0,0,18.566666666666663,-39,22.0,11.9,20.5,20.5,43.5,25,25,25,25,25,25,0,0,0,0,0,0,0,0.0,0,0,0.0779499999999999,0.011075,5e-05,10.18,78.0,0.202,9.744444,3.104,222.2,4.168,992,1257.0,1248.0
427.7,61.0,9.9,0,19.47,0,0,0.0,0.0,0,0.0,0.0,0,18.041666666666668,-39,21.891666666666666,10.283333333333331,20.5,20.5,43.30833333333333,25,25,25,25,25,25,0,0,0,0,0,0,0,0.0,0,0,0.1006,0.010875,5e-05,10.32,81.5,0.368,20.39797,1.875,154.8,2.918,993,1257.0,1248.0
418.1818181818182,61.09090909090909,23.09090909090909,0,18.981818181818184,0,0,0.0,0.0,0,0.0,0.0,0,18.0,-39,21.529166666666665,9.266666666666667,20.5,20.5,43.0,25,25,25,25,25,25,0,0,0,0,0,0,0,0.0,0,0,0.250375,0.0106249999999999,7.500000000000001e-05,10.29,81.5,0.04,2.571312,0.792,105.3,1.25,993,292.0,280.5
441.8,62.0,8.8,0,18.68,0,0,0.0,0.0,0,0.0,0.0,0,18.0,-39,21.5,9.166666666666666,20.5,20.5,42.65,25,25,25,25,25,25,0,0,0,0,0,0,0,0.0,0,0,0.3417,0.010875,2.5e-05,8.46,97.8,0.02,1.194416,1.896,18.44,2.5,994,145.8,140.2
503.6666666666667,62.25,0.8333333333333334,1,18.466666666666665,0,0,0.0,0.0,0,0.0,0.0,0,18.025,-39,21.341666666666665,9.033333333333331,20.5,20.5,41.475,25,25,25,25,25,25,0,0,0,0,0,0,0,0.0,0,0,0.88905,0.01045,2.5e-05,8.54,95.5,0.076,4.632078,1.854,12.5,2.5,995,482.0,464.0
772.8,63.0,18.1,12,18.57,0,0,0.0,0.0,0,0.0,0.0,0,18.0,-39,20.65833333333333,8.983333333333333,20.5,20.325,37.775,25,25,25,25,25,25,0,0,0,0,0,0,0,0.0,0,0,1.32145,0.010375,0.0,8.6,96.3,0.0,0.0,2.457,13.48,3.332,997,14.72,13.03
1638.3636363636365,64.0,2.727272727272727,12,19.518181818181816,1,85,1416.6666666666667,1.4166666666666667,221,3683.333333333333,3.683333333333333,0,18.0,-39,32.94166666666667,7.266666666666667,35.2,32.766666666666666,37.44166666666667,25,25,25,25,25,25,0,0,0,0,0,0,0,12.683333333333334,1,0,1.806825,1.602325,2.5e-05,8.13,95.7,0.0,0.0,3.375,18.16,5.0,999,2.031,1.015
2207.083333333333,65.75,2.25,10,19.616666666666667,0,0,0.0,0.0,0,0.0,0.0,0,17.591666666666665,-39,28.633333333333333,7.966666666666667,21.508333333333333,25.525,49.29166666666666,25,25,25,25,25,25,0,0,0,0,0,0,0,0.0,0,0,0.312375,0.01085,0.0001,7.793,94.1,0.0,0.0,2.229,348.8,3.332,1001,1.946,1.015
2160.0,68.0,20.4,13,19.95,0,0,0.0,0.0,0,0.0,0.0,0,17.5,-39,23.816666666666663,8.933333333333334,21.0,22.016666666666666,48.99166666666667,25,25,25,25,25,25,0,0,0,0,0,0,0,0.0,0,0,0.3092749999999999,0.010975,0.0001,8.06,94.4,0.0,0.0,1.521,1.067,2.082,1003,1.946,1.015
2382.909090909091,68.45454545454545,0.5454545454545454,4,19.954545454545453,0,0,0.0,0.0,0,0.0,0.0,0,17.5,-39,22.75,8.816666666666666,20.5,21.191666666666663,48.675,25,25,25,25,25,25,0,0,0,0,0,0,0,0.0,0,0,0.29155,0.0107,2.5e-05,8.06,92.6,0.0,0.0,2.707,2.768,4.582,1004,1.777,1.015
2467.454545454545,70.0,0.2727272727272727,1,19.94545454545454,0,0,0.0,0.0,0,0.0,0.0,0,17.5,-39,22.5,8.066666666666666,20.5,20.65833333333333,48.48333333333333,25,25,25,25,25,25,0,0,0,0,0,0,0,0.0,0,0,0.2907,0.01065,2.5e-05,8.27,93.0,0.0,0.0,2.043,352.5,2.5,1005,1.946,1.015
2432.6,71.0,0.3,3,19.91,0,0,0.0,0.0,0,0.0,0.0,0,17.058333333333334,-39,22.125,7.816666666666666,20.5,20.5,48.15,25,25,25,25,25,25,0,0,0,0,0,0,0,0.0,0,0,0.24365,0.01085,0.0,7.656,94.4,0.0,0.0,1.0,18.19,1.25,1006,2.031,1.015
2143.5,69.91666666666667,0.5,8,19.83333333333333,0,0,0.0,0.0,0,0.0,0.0,0,17.0,-39,21.9,7.083333333333333,20.5,20.5,48.0,25,25,25,25,25,25,0,0,0,0,0,0,0,0.0,0,0,0.213225,0.011025,7.500000000000001e-05,7.25,92.0,0.0,0.0,1.396,295.0,2.082,1008,2.031,1.015
2113.5,69.83333333333333,0.0,4,19.758333333333333,0,0,0.0,0.0,0,0.0,0.0,0,17.0,-39,21.5,7.0,20.383333333333333,20.5,47.55833333333333,25,25,25,25,25,25,0,0,0,0,0,0,0,0.0,0,0,0.189325,0.011075,5e-05,7.453,87.7,0.0,0.0,1.396,309.8,2.082,1009,2.031,1.015
2215.0,70.0909090909091,0.0,3,19.572727272727278,0,0,0.0,0.0,0,0.0,0.0,0,17.0,-39,21.441666666666663,6.833333333333333,20.058333333333334,20.258333333333333,47.458333333333336,25,25,25,25,25,25,0,0,0,0,0,0,0,0.0,0,0,0.221325,0.010925,5e-05,6.81,88.8,0.0,0.0,0.625,314.0,1.25,1009,1.692,1.015
2293.083333333333,70.5,0.0,2,19.45833333333333,0,0,0.0,0.0,0,0.0,0.0,0,17.0,-39,21.0,6.208333333333333,20.008333333333333,20.0,47.03333333333333,25,25,25,25,25,25,0,0,0,0,0,0,0,0.0,0,0,0.1674999999999999,0.0109749999999999,5e-05,7.926,83.1,0.0,0.0,2.543,302.0,3.75,1010,2.031,1.015
2269.75,70.5,0.0,3,19.341666666666665,0,0,0.0,0.0,0,0.0,0.0,0,16.958333333333332,-39,21.0,6.0,20.0,20.0,46.833333333333336,25,25,25,25,25,25,0,0,0,0,0,0,0,0.0,0,0,0.1754,0.01095,7.500000000000001e-05,7.52,87.2,0.0,0.0,1.646,285.8,2.082,1011,2.031,1.015
1981.636363636364,69.72727272727273,0.0,4,19.227272727272727,0,0,0.0,0.0,0,0.0,0.0,0,16.5,-39,20.816666666666663,6.0,20.0,20.0,46.5,25,25,25,25,25,25,0,0,0,0,0,0,0,0.0,0,0,0.12675,0.011,7.500000000000001e-05,7.184,83.9,0.0,0.0,1.229,318.0,1.667,1012,1.777,1.015
1253.5,66.33333333333333,20.83333333333333,15,18.9,0,0,0.0,0.0,0,0.0,0.0,0,16.5,-39,20.508333333333333,6.0,20.0,19.808333333333334,43.708333333333336,25,25,25,25,25,25,0,0,0,0,0,0,0,0.0,0,0,0.983275,0.010825,2.5e-05,8.23,75.44,0.0,0.0,2.771,302.8,3.75,1013,1.862,1.015
824.25,64.0,21.08333333333333,0,18.225,0,0,0.0,0.0,0,0.0,0.0,0,16.5,-39,19.875,6.166666666666667,20.391666666666666,19.25,37.85833333333333,25,25,25,25,25,25,0,0,0,0,0,0,0,0.0,0,0,0.2965,0.010825,5e-05,7.62,78.8,0.0,0.0,0.979,293.5,1.25,1013,1.862,1.015
641.5454545454545,62.63636363636363,123.45454545454544,0,17.927272727272726,0,0,0.0,0.0,0,0.0,0.0,0,16.5,-39,19.2,7.6,20.70833333333333,18.70833333333333,36.34166666666667,25,25,25,25,25,25,0,0,0,0,0,0,0,0.0,0,0,0.24655,0.0109,2.5e-05,7.656,80.0,0.013,0.7965414,0.354,296.8,0.833,1014,102.0,98.0
639.8181818181819,62.90909090909091,308.8181818181818,0,18.245454545454542,0,11,183.3333333333333,0.1833333333333333,73,1216.6666666666663,1.2166666666666666,0,16.883333333333333,-39,20.4,9.5,22.866666666666667,19.73333333333333,28.641666666666666,25,25,25,25,25,25,0,0,0,0,0,0,0,5.966666666666667,1,0,0.44795,0.368325,7.500000000000001e-05,8.2,80.9,0.056,3.385006,1.0,283.0,2.082,1014,371.0,356.5
639.0,62.25,217.33333333333331,0,18.45,0,70,1166.6666666666663,1.1666666666666667,191,3183.333333333333,3.183333333333333,0,17.0,-39,38.85416666666666,11.166666666666666,33.03333333333333,35.19166666666667,45.708333333333336,25,25,25,25,25,25,0,0,0,0,0,0,0,7.666666666666667,1,0,1.368125,1.299875,2.5e-05,9.69,92.3,0.236,13.77759,0.458,280.5,1.25,1014,1257.0,1248.0
542.0,61.81818181818182,284.0,1,18.563636363636363,0,0,0.0,0.0,0,0.0,0.0,0,17.116666666666667,-39,24.008333333333333,12.066666666666666,20.883333333333333,21.875,49.125,25,25,25,25,25,25,0,0,0,0,0,0,0,0.0,0,0,1.28185,0.010575,0.0,11.27,89.4,0.169,8.818771,0.792,274.2,1.25,1014,1120.0,1082.0
430.6,60.2,224.3,2,18.53,0,0,0.0,0.0,1,16.666666666666664,0.0166666666666666,0,17.6,-39,22.975,11.983333333333333,20.325,21.125,49.0,25,25,25,25,25,25,0,0,0,0,0,0,0,1.9,1,1,0.93455,0.0211249999999999,0.0,11.71,88.5,0.163,9.751079,1.625,294.0,2.918,1014,1070.0,1034.0
420.55555555555554,61.0,40.0,0,18.33333333333333,2,97,1616.6666666666663,1.6166666666666665,293,4883.333333333333,4.883333333333333,0,17.641666666666666,-39,36.8,10.933333333333334,40.50833333333333,36.625,48.96666666666667,25,25,25,25,25,25,0,0,0,0,0,0,0,19.316666666666663,1,1,2.027425,1.146575,0.685425,12.44,81.3,0.149,9.263359,1.792,297.0,3.75,1014,981.0,947.0
440.9166666666667,62.0,30.666666666666668,3,18.966666666666665,2,60,1000.0,0.9999999999999998,256,4266.666666666666,4.266666666666666,0,18.28333333333333,-39,47.25833333333333,10.85,50.266666666666666,46.925,48.525,25,25,25,25,25,25,0,0,0,0,0,0,0,19.25,1,1,2.102375,1.549025,0.0,11.9,86.2,0.063,3.782317,1.958,284.0,2.918,1014,415.2,399.8
583.4,61.6,14.9,16,19.43,0,5,83.33333333333331,0.0833333333333333,16,266.66666666666663,0.2666666666666666,0,19.308333333333334,-39,32.78333333333333,11.55,41.1,40.891666666666666,48.45,25,25,25,25,25,25,0,0,0,0,0,0,0,1.6166666666666667,1,1,0.365925,0.1099749999999999,5e-05,11.91,86.0,0.033,2.332429,1.667,282.5,3.332,1014,227.8,219.8
661.7,62.2,0.0,0,19.1,0,0,0.0,0.0,0,0.0,0.0,0,18.666666666666668,-39,26.266666666666666,11.0,28.854166666666668,26.2125,47.725,25,25,25,25,25,25,0,0,0,0,0,0,0,0.0,0,0,1.3663500000000002,0.01045,0.0,11.67,90.5,0.033,1.990693,1.854,278.8,2.918,1013,203.5,196.1
633.9166666666666,65.16666666666667,18.416666666666668,9,18.65833333333333,0,7,116.66666666666666,0.1166666666666666,66,1100.0,1.1,0,18.316666666666663,-39,23.675,10.8,25.091666666666665,22.95833333333333,36.40833333333333,25,25,25,25,25,25,0,0,0,0,0,0,0,5.35,1,0,1.57435,0.255125,0.0,11.44,90.7,0.0,0.0,2.438,276.8,4.168,1013,15.74,14.21
861.2727272727273,70.45454545454545,33.0,9,19.11818181818182,1,84,1400.0,1.4,261,4350.0,4.35,0,18.0,-39,39.10833333333333,10.516666666666667,36.75,37.958333333333336,43.21666666666667,25,25,25,25,25,25,0,0,0,0,0,0,0,9.883333333333333,1,0,2.901575,1.605875,2.5e-05,10.86,97.5,0.0,0.0,1.917,242.5,3.75,1013,2.03,1.015
1306.0,70.41666666666667,5.25,9,19.25,0,0,0.0,0.0,0,0.0,0.0,0,18.0,-39,26.133333333333333,11.083333333333334,22.633333333333333,23.916666666666668,49.25833333333333,25,25,25,25,25,25,0,0,0,0,0,0,0,0.0,0,0,0.2754999999999999,0.01085,2.5e-05,11.1,92.3,0.0,0.0,1.917,229.0,2.918,1012,2.03,1.015
1533.2,68.7,9.1,16,19.51,0,0,0.0,0.0,0,0.0,0.0,0,17.991666666666667,-39,24.575,10.833333333333334,22.1,22.725,49.00833333333333,25,25,25,25,25,25,0,0,0,0,0,0,0,0.0,0,0,0.20945,0.01075,2.5e-05,10.69,94.7,0.0,0.0,1.833,219.8,2.5,1011,2.03,1.015
1422.5,68.0,7.0,11,19.466666666666665,0,0,0.0,0.0,0,0.0,0.0,0,17.55,-39,23.791666666666668,10.3,21.683333333333334,22.341666666666665,48.68333333333333,25,25,25,25,25,25,0,0,0,0,0,0,0,0.0,0,0,0.3072249999999999,0.01085,5e-05,10.63,93.1,0.0,0.0,3.418,220.8,4.582,1011,2.03,1.015
1289.0833333333333,66.91666666666667,0.25,11,19.4,0,0,0.0,0.0,0,0.0,0.0,0,17.5,-39,23.1,10.0,21.325,21.916666666666668,48.49166666666667,25,25,25,25,25,25,0,0,0,0,0,0,0,0.0,0,0,0.27765,0.010925,7.500000000000001e-05,10.49,93.0,0.0,0.0,4.145,219.4,5.418,1010,2.03,1.015
938.5,65.2,0.3,3,19.17,0,0,0.0,0.0,0,0.0,0.0,0,17.5,-39,22.641666666666666,10.0,21.0,21.5,48.2,25,25,25,25,25,25,0,0,0,0,0,0,0,0.0,0,0,0.257425,0.011,2.5e-05,9.95,96.9,0.0,0.0,2.832,215.9,5.0,1009,2.03,1.015
869.3,64.2,0.0,1,19.0,0,0,0.0,0.0,0,0.0,0.0,0,17.5,-39,22.5,10.0,20.666666666666668,21.066666666666663,47.99166666666667,25,25,25,25,25,25,0,0,0,0,0,0,0,0.0,0,0,0.2956999999999999,0.01095,2.5e-05,9.82,99.4,0.0,0.0,3.604,192.8,5.418,1008,2.031,1.015
940.75,64.91666666666667,0.75,1,18.991666666666667,0,0,0.0,0.0,0,0.0,0.0,0,17.216666666666665,-39,22.5,10.633333333333333,20.5,21.0,47.61666666666667,25,25,25,25,25,25,0,0,0,0,0,0,0,0.0,0,0,0.223875,0.011075,5e-05,9.62,97.8,0.0,0.0,4.25,181.0,5.832,1006,2.031,1.015
903.0833333333334,65.08333333333333,0.0,4,18.916666666666668,0,0,0.0,0.0,0,0.0,0.0,0,17.0,-39,22.5,11.366666666666667,20.5,20.70833333333333,47.49166666666667,25,25,25,25,25,25,0,0,0,0,0,0,0,0.0,0,0,0.3183749999999999,0.011,2.5e-05,10.22,99.0,0.0,0.0,4.543,189.5,6.668,1005,2.031,1.015
794.25,65.0,0.0,3,18.8,0,0,0.0,0.0,0,0.0,0.0,0,17.0,-39,22.308333333333334,12.0,20.5,20.5,47.04166666666666,25,25,25,25,25,25,0,0,0,0,0,0,0,0.0,0,0,0.381575,0.0111,2.5e-05,10.83,99.9,0.0,0.0,3.396,178.0,5.832,1003,2.03,1.015
774.9166666666666,65.91666666666667,0.0,1,18.625,0,0,0.0,0.0,0,0.0,0.0,0,17.0,-39,22.008333333333333,12.2,20.5,20.5,46.925,25,25,25,25,25,25,0,0,0,0,0,0,0,0.0,0,0,0.21575,0.011125,7.500000000000001e-05,11.64,97.6,0.0,0.0,3.5,216.6,5.418,1002,2.03,1.015
1185.2727272727273,67.18181818181819,0.0,2,18.763636363636365,0,0,0.0,0.0,0,0.0,0.0,0,17.0,-39,22.0,12.066666666666666,20.5,20.5,46.50833333333333,25,25,25,25,25,25,0,0,0,0,0,0,0,0.0,0,0,0.2406749999999999,0.010975,2.5e-05,11.98,99.4,0.0,0.0,2.75,224.5,4.582,1002,2.03,1.015
1455.1666666666667,68.0,0.0,5,18.90833333333333,0,0,0.0,0.0,0,0.0,0.0,0,17.0,-39,21.975,10.833333333333334,20.5,20.5,46.25833333333333,25,25,25,25,25,25,0,0,0,0,0,0,0,0.0,0,0,0.234725,0.01085,5e-05,12.52,98.9,0.0,0.0,3.25,279.0,4.168,1002,2.03,1.015
1562.75,68.66666666666667,16.666666666666668,10,19.1,0,0,0.0,0.0,1,16.666666666666664,0.0166666666666666,0,17.0,-39,21.45,10.0,20.258333333333333,20.23333333333333,42.21666666666667,25,25,25,25,25,25,0,0,0,0,0,0,0,1.5833333333333333,0,0,0.462875,0.018525,2.5e-05,11.43,89.0,0.0,0.0,2.125,290.5,3.332,1003,2.03,1.015
1216.1666666666667,69.91666666666667,263.25,15,19.341666666666665,1,86,1433.3333333333333,1.4333333333333331,299,4983.333333333333,4.9833333333333325,0,17.108333333333334,-39,32.55,10.3,36.36666666666667,32.03333333333333,41.03333333333333,25,25,25,25,25,25,0,0,0,0,0,0,0,12.766666666666667,1,0,2.201525,1.66285,0.0,10.63,89.4,0.007,0.3981386,1.521,301.8,2.5,1004,63.44,60.4
727.6,67.3,419.5,0,19.57,0,0,0.0,0.0,0,0.0,0.0,0,17.883333333333333,-39,24.625,12.0,22.808333333333334,21.65,49.5,25,25,25,25,25,25,0,0,0,0,0,0,0,0.0,0,0,0.30185,0.0108,2.5e-05,10.29,86.9,0.07,4.276691,1.729,302.5,2.918,1004,500.2,482.8
570.5833333333334,63.583333333333336,496.8333333333333,0,20.15,0,0,0.0,0.0,0,0.0,0.0,0,18.48333333333333,-39,24.325,13.2,20.53333333333333,22.291666666666668,49.475,25,25,25,25,25,25,0,0,0,0,0,0,0,0.0,0,0,1.295725,0.010475,0.0,12.59,82.6,0.169,10.15254,3.0,286.2,4.168,1004,1219.0,1178.0
542.6363636363636,60.36363636363637,503.09090909090907,21,20.727272727272727,0,0,0.0,0.0,0,0.0,0.0,0,18.558333333333334,-39,23.916666666666668,13.7,20.5,21.5,49.083333333333336,25,25,25,25,25,25,0,0,0,0,0,0,0,0.0,0,0,0.5667500000000001,0.010625,0.0,13.06,74.94,0.255,15.57054,3.312,274.0,5.418,1004,1257.0,1248.0
455.9090909090909,53.18181818181818,832.4545454545455,12,20.536363636363635,0,0,0.0,0.0,0,0.0,0.0,0,19.008333333333333,-39,23.5,13.0,20.5,21.5,49.0,25,25,25,25,25,25,0,0,0,0,0,0,0,0.0,0,0,0.504475,0.0106,2.5e-05,13.49,75.44,0.315,18.01909,2.918,264.8,4.582,1004,1257.0,1249.0
440.54545454545456,51.63636363636363,756.8181818181819,14,19.954545454545453,0,0,0.0,0.0,0,0.0,0.0,0,19.5,-39,23.40833333333333,12.883333333333333,20.516666666666666,21.5,48.56666666666667,25,25,25,25,25,25,0,0,0,0,0,0,0,0.0,0,0,0.920175,0.01025,0.0,13.86,74.56,0.322,19.17552,3.375,260.5,6.668,1004,1258.0,1249.0
785.1,55.4,133.2,11,20.0,0,0,0.0,0.0,0,0.0,0.0,0,19.5,-39,23.016666666666666,12.983333333333333,20.966666666666665,21.5,48.4,25,25,25,25,25,25,0,0,0,0,0,0,0,0.0,0,0,0.7975,0.010775,2.5e-05,13.59,71.75,0.262,15.72431,3.707,264.2,6.668,1003,1257.0,1248.0
951.2727272727273,58.72727272727273,6.0,4,19.80909090909091,0,0,0.0,0.0,0,0.0,0.0,0,18.90833333333333,-39,22.5,12.35,20.591666666666665,21.133333333333333,47.50833333333333,25,25,25,25,25,25,0,0,0,0,0,0,0,0.0,0,0,0.320425,0.010725,2.5e-05,13.39,73.8,0.04,2.415238,2.668,229.9,5.0,1003,373.0,358.0
1588.9166666666667,61.25,1.75,12,19.925,0,0,0.0,0.0,0,0.0,0.0,0,18.241666666666667,-39,22.5,12.0,20.5,21.0,47.15833333333333,25,25,25,25,25,25,0,0,0,0,0,0,0,0.0,0,0,0.23475,0.01065,2.5e-05,12.99,79.25,0.033,1.990692,3.062,225.0,5.832,1002,220.4,212.2
1332.1818181818182,62.0,23.63636363636364,11,19.93636363636364,0,0,0.0,0.0,0,0.0,0.0,0,18.0,-39,22.275,11.8,20.5,20.725,46.25833333333333,25,25,25,25,25,25,0,0,0,0,0,0,0,0.0,0,0,1.8168,0.010375,2.5e-05,12.05,84.8,0.0,0.0,3.332,219.6,5.0,1001,17.77,16.4
1316.5833333333333,63.583333333333336,19.25,13,19.83333333333333,0,0,0.0,0.0,0,0.0,0.0,0,18.0,-39,21.666666666666668,11.066666666666666,20.758333333333333,20.5,44.75,25,25,25,25,25,25,0,0,0,0,0,0,0,0.0,0,0,0.777925,0.010775,2.5e-05,11.91,83.9,0.0,0.0,3.332,210.1,5.418,1001,2.03,1.015
1775.0,64.16666666666667,0.0,5,19.883333333333333,0,0,0.0,0.0,0,0.0,0.0,0,18.0,-39,21.48333333333333,11.066666666666666,20.941666666666663,20.5,44.4,25,25,25,25,25,25,0,0,0,0,0,0,0,0.0,0,0,0.3107499999999999,0.010925,5e-05,11.1,90.1,0.0,0.0,4.957,214.8,6.668,1000,2.03,1.015
2149.2727272727275,65.36363636363636,0.2727272727272727,10,20.018181818181816,0,0,0.0,0.0,0,0.0,0.0,0,17.641666666666666,-39,21.075,11.016666666666667,20.508333333333333,20.5,44.0,25,25,25,25,25,25,0,0,0,0,0,0,0,0.0,0,0,0.2633,0.0109749999999999,5e-05,10.86,91.1,0.0,0.0,4.793,215.8,7.5,1000,2.03,1.015
1751.888888888889,64.77777777777777,1.6666666666666667,19,20.200000000000003,0,0,0.0,0.0,0,0.0,0.0,0,17.858333333333334,-39,20.891666666666666,11.133333333333333,20.5,20.5,42.98333333333333,25,25,25,25,25,25,0,0,0,0,0,0,0,0.0,0,0,0.572425,0.010925,5e-05,10.56,93.9,0.0,0.0,4.25,166.0,5.832,999,2.03,1.015
1068.9166666666667,63.25,1.25,3,19.83333333333333,0,0,0.0,0.0,0,0.0,0.0,0,18.0,-39,20.5,11.083333333333334,20.5,20.391666666666666,42.35833333333333,25,25,25,25,25,25,0,0,0,0,0,0,0,0.0,0,0,0.317575,0.010925,7.500000000000001e-05,10.8,92.5,0.0,0.0,2.188,206.5,3.75,998,2.2,1.015
791.8,61.2,0.0,3,19.52,0,0,0.0,0.0,0,0.0,0.0,0,18.0,-39,20.5,11.0,20.625,20.0,41.7,25,25,25,25,25,25,0,0,0,0,0,0,0,0.0,0,0,0.2343,0.010975,7.500000000000001e-05,11.17,89.3,0.0,0.0,4.105,207.2,6.25,997,2.03,1.015
833.1666666666666,60.91666666666666,1.0,1,19.35833333333333,0,0,0.0,0.0,0,0.0,0.0,0,17.666666666666668,-39,20.5,10.666666666666666,21.175,19.90833333333333,41.3,25,25,25,25,25,25,0,0,0,0,0,0,0,0.0,0,0,0.240725,0.01095,7.500000000000001e-05,10.76,90.5,0.0,0.0,2.979,218.9,3.75,996,2.03,1.015
697.4166666666666,58.083333333333336,0.0,2,19.1,0,0,0.0,0.0,0,0.0,0.0,0,17.5,-39,20.5,9.983333333333333,22.10833333333333,19.641666666666666,40.91666666666666,25,25,25,25,25,25,0,0,0,0,0,0,0,0.0,0,0,0.213,0.011075,5e-05,10.36,92.6,0.0,0.0,3.25,216.4,4.582,996,2.03,1.015
802.25,58.833333333333336,0.0,1,18.95833333333333,0,0,0.0,0.0,0,0.0,0.0,0,17.5,-39,20.5,10.0,22.5,20.066666666666663,40.5,25,25,25,25,25,25,0,0,0,0,0,0,0,0.0,0,0,0.266425,0.011075,7.500000000000001e-05,9.81,90.1,0.0,0.0,3.396,219.5,5.0,995,2.03,1.015
871.4166666666666,59.5,0.0,3,18.916666666666668,0,0,0.0,0.0,0,0.0,0.0,0,17.241666666666667,-39,20.45833333333333,10.0,22.5,20.5,40.11666666666667,25,25,25,25,25,25,0,0,0,0,0,0,0,0.0,0,0,0.211,0.01105,7.500000000000001e-05,10.23,95.4,0.0,0.0,3.207,222.1,5.0,994,2.031,1.015
720.3,58.5,0.0,1,18.66,0,0,0.0,0.0,0,0.0,0.0,0,17.0,-39,20.05,10.0,22.5,20.5,39.79166666666666,25,25,25,25,25,25,0,0,0,0,0,0,0,0.0,0,0,0.249225,0.011,7.500000000000001e-05,9.92,94.5,0.0,0.0,3.938,211.2,5.832,993,2.031,1.015
723.8333333333334,58.75,0.0,3,18.433333333333334,0,0,0.0,0.0,0,0.0,0.0,0,17.0,-39,20.0,10.0,22.5,20.5,39.41666666666666,25,25,25,25,25,25,0,0,0,0,0,0,0,0.0,0,0,0.250525,0.011025,5e-05,9.89,94.4,0.0,0.0,3.293,217.0,4.168,992,2.031,1.015
676.3636363636364,58.0,0.0,7,18.13636363636364,0,0,0.0,0.0,0,0.0,0.0,0,17.0,-39,20.0,10.0,22.5,20.33333333333333,39.0,25,25,25,25,25,25,0,0,0,0,0,0,0,0.0,0,0,0.204975,0.011275,5e-05,9.86,92.7,0.0,0.0,2.896,218.6,4.582,991,2.031,1.015
820.5454545454545,58.81818181818182,4.363636363636363,15,17.963636363636365,0,0,0.0,0.0,0,0.0,0.0,0,17.0,-39,19.991666666666667,10.0,22.5,20.025,38.141666666666666,25,25,25,25,25,25,0,0,0,0,0,0,0,0.0,0,0,0.264275,0.0112,5e-05,9.96,91.2,0.0,0.0,3.332,218.4,5.418,990,2.031,1.015
1329.5,61.083333333333336,20.5,13,18.55,0,0,0.0,0.0,0,0.0,0.0,0,17.0,-39,19.633333333333333,10.0,21.633333333333333,19.58333333333333,37.30833333333333,25,25,25,25,25,25,0,0,0,0,0,0,0,0.0,0,0,0.257575,0.01105,7.500000000000001e-05,9.86,87.6,0.01,0.6005737,5.418,217.2,7.082,990,78.5,75.3
1180.0,61.4,4.9,2,18.84,0,0,0.0,0.0,0,0.0,0.0,0,17.016666666666666,-39,19.5,10.716666666666669,20.066666666666663,18.83333333333333,36.8,25,25,25,25,25,25,0,0,0,0,0,0,0,0.0,0,0,0.90415,0.0109749999999999,0.0,10.09,91.0,0.02,1.234348,5.105,209.1,7.918,990,188.8,182.2
903.818181818182,61.63636363636363,259.90909090909093,12,19.181818181818183,1,70,1166.6666666666663,1.1666666666666663,271,4516.666666666666,4.516666666666667,0,17.683333333333334,-39,32.15,11.633333333333333,33.541666666666664,30.0,32.975,25,25,25,25,25,25,0,0,0,0,0,0,0,13.95,1,0,2.802125,1.532775,0.0,10.39,92.5,0.196,11.33703,2.521,211.4,4.582,989,1218.0,1175.0
1192.909090909091,63.72727272727273,413.45454545454544,14,19.981818181818184,0,21,350.0,0.35,59,983.3333333333331,0.9833333333333332,0,18.0,-39,33.46666666666667,12.083333333333334,26.325,30.3,49.13333333333333,25,25,25,25,25,25,0,0,0,0,0,0,0,2.533333333333333,1,0,1.6199249999999998,0.4468,7.500000000000001e-05,11.1,87.6,0.229,14.81076,5.438,218.5,7.918,989,1257.0,1248.0
918.9090909090908,61.81818181818182,237.54545454545453,18,20.42727272727273,2,56,933.3333333333331,0.9333333333333332,185,3083.333333333333,3.083333333333333,0,18.016666666666666,-39,29.133333333333333,11.5,29.916666666666668,27.766666666666666,49.083333333333336,25,25,25,25,25,25,0,0,0,0,0,0,0,13.283333333333331,1,1,1.541025,0.68725,0.4028,11.98,84.3,0.216,13.20493,5.875,215.1,8.75,988,1257.0,1248.0
966.181818181818,62.90909090909091,93.36363636363636,6,20.527272727272727,2,84,1399.9999999999998,1.4,275,4583.333333333333,4.583333333333333,0,19.175,-39,45.35833333333333,10.1,48.766666666666666,45.025,49.0,25,25,25,25,25,25,0,0,0,0,0,0,0,19.216666666666665,1,1,3.492325,1.501975,0.417325,12.22,84.1,0.328,20.80274,2.896,224.2,5.0,988,1257.0,1248.0
1158.1818181818182,64.63636363636364,176.8181818181818,9,21.145454545454545,0,24,400.0,0.3999999999999999,100,1666.6666666666663,1.6666666666666663,0,20.33333333333333,-39,39.00833333333333,11.083333333333334,44.53333333333333,44.03333333333333,48.96666666666667,25,25,25,25,25,25,0,0,0,0,0,0,0,7.283333333333333,1,1,1.2285,0.603375,0.0,9.54,87.9,0.063,3.556705,4.957,247.4,9.58,988,441.0,424.0
1014.2727272727273,64.0909090909091,0.0,2,20.645454545454545,0,0,0.0,0.0,0,0.0,0.0,0,20.03333333333333,-39,28.75,10.916666666666666,33.93333333333333,30.716666666666665,48.56666666666667,25,25,25,25,25,25,0,0,0,0,0,0,0,0.0,0,0,0.257725,0.011,5e-05,11.47,83.1,0.182,10.31843,3.354,238.0,5.832,987,1202.0,1161.0
887.5833333333334,64.0,0.0,0,19.766666666666666,0,0,0.0,0.0,0,0.0,0.0,0,19.60833333333333,-39,25.916666666666668,11.083333333333334,26.78333333333333,24.35833333333333,48.275,25,25,25,25,25,25,0,0,0,0,0,0,0,0.0,0,0,0.407775,0.011075,7.500000000000001e-05,11.77,85.7,0.007,0.6370218,4.0,224.8,5.832,987,92.0,88.2
863.75,64.0,0.0,0,19.291666666666668,0,0,0.0,0.0,0,0.0,0.0,0,19.28333333333333,-39,24.4,11.016666666666667,24.308333333333334,23.008333333333333,47.61666666666667,25,25,25,25,25,25,0,0,0,0,0,0,0,0.0,0,0,0.36745,0.01085,5e-05,11.81,81.3,0.0,0.01990693,3.979,262.2,5.832,988,18.78,17.1
712.7272727272727,61.81818181818182,6.909090909090909,15,18.89090909090909,0,0,0.0,0.0,0,0.0,0.0,0,19.0,-39,23.60833333333333,11.0,23.366666666666667,22.35833333333333,46.98333333333333,25,25,25,25,25,25,0,0,0,0,0,0,0,0.0,0,0,0.3609,0.010875,7.500000000000001e-05,12.25,79.1,0.0,0.0,4.125,266.0,6.25,988,2.03,1.015
406.5,58.25,0.0,0,17.650000000000002,0,0,0.0,0.0,0,0.0,0.0,0,18.691666666666663,-39,22.575,11.05,22.60833333333333,21.883333333333333,46.05833333333333,25,25,25,25,25,25,0,0,0,0,0,0,0,0.0,0,0,0.2993,0.01095,5e-05,12.32,79.44,0.0,0.0,5.02,266.0,8.75,988,2.03,1.015
389.6363636363636,59.18181818181818,0.0,0,17.018181818181816,0,0,0.0,0.0,0,0.0,0.0,0,18.5,-39,22.23333333333333,11.033333333333331,22.316666666666663,21.491666666666667,45.891666666666666,25,25,25,25,25,25,0,0,0,0,0,0,0,0.0,0,0,0.2335,0.0109,2.5e-05,11.98,84.7,0.0,0.0,4.375,260.0,6.668,989,2.03,1.015
457.5,60.583333333333336,12.083333333333334,10,16.9,0,0,0.0,0.0,0,0.0,0.0,0,18.45,-39,21.866666666666667,11.2,21.9,21.008333333333333,44.96666666666667,25,25,25,25,25,25,0,0,0,0,0,0,0,0.0,0,0,0.42585,0.01085,5e-05,11.64,79.3,0.0,0.0,2.438,256.5,4.168,989,2.03,1.015
591.0833333333334,61.0,2.25,4,17.258333333333333,0,0,0.0,0.0,0,0.0,0.0,0,18.5,-39,21.375,10.35,21.5,20.508333333333333,43.5375,25,25,25,25,25,25,0,0,0,0,0,0,0,0.0,0,0,0.3186,0.0109,2.5e-05,11.88,85.5,0.0,0.0,2.668,246.4,6.25,989,2.03,1.015
582.8,61.0,0.9,3,17.630000000000003,0,0,0.0,0.0,0,0.0,0.0,0,18.35833333333333,-39,21.0,10.75,21.183333333333334,20.5,43.30833333333333,25,25,25,25,25,25,0,0,0,0,0,0,0,0.0,0,0,0.200425,0.0109,2.5e-05,10.52,93.2,0.0,0.0,5.082,217.8,8.75,989,2.03,1.1
583.3636363636364,61.36363636363637,1.0909090909090908,7,17.845454545454547,0,0,0.0,0.0,0,0.0,0.0,0,18.0,-39,21.0,11.05,21.0,20.5,42.99166666666667,25,25,25,25,25,25,0,0,0,0,0,0,0,0.0,0,0,0.2542,0.0109,0.0001,10.42,96.8,0.0,0.0,5.418,211.0,7.5,988,2.03,1.015
541.0,62.66666666666666,0.5,4,17.825,0,0,0.0,0.0,0,0.0,0.0,0,18.0,-39,20.933333333333334,12.0,21.0,20.5,42.516666666666666,25,25,25,25,25,25,0,0,0,0,0,0,0,0.0,0,0,0.3088999999999999,0.0109749999999999,7.500000000000001e-05,10.76,95.7,0.0,0.0,4.332,215.6,6.25,988,2.2,1.015
533.9166666666666,64.08333333333333,0.0,1,17.891666666666666,0,0,0.0,0.0,0,0.0,0.0,0,18.0,-39,20.541666666666668,12.016666666666667,20.98333333333333,20.5,42.16666666666666,25,25,25,25,25,25,0,0,0,0,0,0,0,0.0,0,0,0.23135,0.011,5e-05,11.37,98.4,0.0,0.0,4.582,219.8,7.082,987,2.03,1.015
521.9166666666666,65.16666666666667,0.0,2,17.766666666666666,0,0,0.0,0.0,0,0.0,0.0,0,17.766666666666666,-39,20.5,12.433333333333334,20.9,20.5,41.91666666666666,25,25,25,25,25,25,0,0,0,0,0,0,0,0.0,0,0,0.1896499999999999,0.011,5e-05,12.55,94.6,0.0,0.0,5.418,230.5,9.17,986,2.03,1.015
536.6666666666666,66.0,0.0,3,17.691666666666666,0,0,0.0,0.0,0,0.0,0.0,0,17.5,-39,20.5,12.883333333333333,20.529166666666665,20.5,41.5,25,25,25,25,25,25,0,0,0,0,0,0,0,0.0,0,0,0.250275,0.011025,0.0,12.65,94.4,0.0,0.0,5.52,226.1,7.5,986,2.03,1.015
528.8181818181819,66.72727272727273,0.0,2,17.55454545454546,0,0,0.0,0.0,0,0.0,0.0,0,17.5,-39,20.5,12.983333333333333,20.5,20.5,41.125,25,25,25,25,25,25,0,0,0,0,0,0,0,0.0,0,0,0.18555,0.0109,5e-05,12.75,94.9,0.0,0.0,4.0,228.2,5.832,985,2.03,1.015
474.25,66.41666666666667,27.75,14,17.233333333333334,0,9,149.99999999999997,0.1499999999999999,61,1016.6666666666666,1.0166666666666666,0,17.5,-39,21.991666666666667,12.8,22.716666666666665,21.741666666666667,34.358333333333334,25,25,25,25,25,25,0,0,0,0,0,0,0,5.666666666666667,1,0,1.0951,0.3039,5e-05,13.06,93.1,0.0,0.0,4.582,221.4,7.918,986,2.03,1.015
413.27272727272725,67.18181818181819,14.0,0,16.79090909090909,0,54,899.9999999999999,0.8999999999999998,187,3116.6666666666665,3.1166666666666663,0,17.5,-39,37.90833333333333,12.466666666666669,33.96666666666667,36.1,45.5,25,25,25,25,25,25,0,0,0,0,0,0,0,8.316666666666666,1,0,1.325675,1.1612749999999998,2.5e-05,13.13,89.9,0.0,0.0,3.875,228.2,5.832,986,2.03,1.015
400.4166666666667,68.33333333333333,21.166666666666668,2,16.5,0,15,250.0,0.2499999999999999,103,1716.6666666666663,1.7166666666666666,0,17.5,-39,25.83333333333333,12.616666666666667,24.391666666666666,23.83333333333333,49.208333333333336,25,25,25,25,25,25,0,0,0,0,0,0,0,8.233333333333333,1,1,1.04695,0.3844999999999999,2.5e-05,12.59,93.9,0.007,0.3981386,3.312,224.5,4.582,986,57.38,55.0
412.0,69.0,15.9,0,16.64,2,92,1533.3333333333333,1.5333333333333332,270,4500.0,4.499999999999999,0,17.891666666666666,-39,44.54166666666666,12.633333333333333,47.60833333333333,44.1,49.0,25,25,25,25,25,25,0,0,0,0,0,0,0,19.53333333333333,1,1,3.101025,1.229575,0.50835,13.13,89.1,0.043,2.587901,4.25,211.0,5.832,986,287.0,276.0
404.6666666666667,69.16666666666667,22.5,0,17.066666666666666,2,28,466.6666666666666,0.4666666666666665,118,1966.6666666666663,1.9666666666666663,0,18.5,-39,41.8,13.366666666666667,45.54166666666666,45.175,48.99166666666667,25,25,25,25,25,25,0,0,0,0,0,0,0,10.983333333333333,1,1,1.36265,0.6632,2.5e-05,12.86,95.6,0.033,2.020554,3.729,193.5,5.0,984,252.2,243.0
409.8181818181818,70.18181818181819,25.90909090909091,5,16.990909090909092,0,0,0.0,0.0,0,0.0,0.0,0,18.25,-39,28.58333333333333,13.241666666666667,36.90833333333333,33.17916666666667,48.4,25,25,25,25,25,25,0,0,0,0,0,0,0,0.0,0,0,0.504175,0.0108,5e-05,13.3,95.8,0.06,3.566659,3.354,195.9,5.0,983,441.0,424.2
387.75,71.0,36.333333333333336,2,16.71666666666667,0,0,0.0,0.0,0,0.0,0.0,0,18.5,-39,24.716666666666665,13.983333333333333,26.2,24.641666666666666,47.5,25,25,25,25,25,25,0,0,0,0,0,0,0,0.0,0,0,0.56115,0.01065,5e-05,13.9,92.4,0.05,2.98604,6.168,169.8,9.58,982,366.0,351.5
383.45454545454544,71.0,13.636363636363637,0,16.427272727272726,0,0,0.0,0.0,0,0.0,0.0,0,18.5,-39,22.83333333333333,13.983333333333333,23.541666666666668,22.125,47.21666666666667,25,25,25,25,25,25,0,0,0,0,0,0,0,0.0,0,0,0.810575,0.01075,5e-05,13.97,91.7,0.027,1.592555,5.707,178.0,9.17,980,170.8,164.2
390.8888888888889,72.44444444444444,5.0,0,16.177777777777777,0,0,0.0,0.0,0,0.0,0.0,0,18.5,-39,22.33333333333333,13.583333333333334,22.425,21.425,46.99166666666667,25,25,25,25,25,25,0,0,0,0,0,0,0,0.0,0,0,0.5836,0.010925,5e-05,13.87,91.8,0.02,1.194416,6.375,189.8,8.75,978,128.1,123.3
396.6363636363636,71.0909090909091,2.727272727272727,0,15.927272727272726,0,0,0.0,0.0,0,0.0,0.0,0,18.5,-39,22.0,12.116666666666667,21.925,20.966666666666665,46.6,25,25,25,25,25,25,0,0,0,0,0,0,0,0.0,0,0,0.326925,0.01085,2.5e-05,12.25,96.9,0.02,1.194416,3.438,261.2,5.418,978,134.8,130.1
392.3636363636364,70.0,0.0,0,15.754545454545456,0,10,166.66666666666663,0.1666666666666666,72,1200.0,1.2,0,18.5,-39,22.741666666666667,11.8,23.291666666666668,21.625,46.333333333333336,25,25,25,25,25,25,0,0,0,0,0,0,0,6.65,1,1,1.9552,0.2921,5e-05,12.52,94.0,0.0,0.0,3.707,232.9,5.418,978,4.906,3.215
721.8181818181819,74.63636363636364,20.454545454545453,28,16.736363636363635,2,68,1133.3333333333333,1.1333333333333333,198,3300.0,3.3,0,18.741666666666667,-39,37.7,11.333333333333334,42.73333333333333,41.28333333333333,43.99166666666667,25,25,25,25,25,25,0,0,0,0,0,0,0,12.616666666666667,1,1,2.896125,0.781925,0.538125,12.25,87.5,0.0,0.0,1.75,256.5,3.332,979,2.03,1.015
1029.5555555555557,75.66666666666667,14.333333333333334,3,18.077777777777776,0,0,0.0,0.0,0,0.0,0.0,0,19.0,-39,26.495833333333334,10.75,36.25833333333333,32.604166666666664,34.041666666666664,25,25,25,25,25,25,0,0,0,0,0,0,0,0.0,0,0,1.2262,0.010575,2.5e-05,11.33,88.1,0.0,0.0,3.646,239.9,6.668,979,2.03,1.015
1695.4166666666667,74.0,1.25,11,18.775,0,0,0.0,0.0,0,0.0,0.0,0,18.9,-39,22.841666666666665,10.0,26.15833333333333,24.9,29.85,25,25,25,25,25,25,0,0,0,0,0,0,0,0.0,0,0,0.4967,0.01055,2.5e-05,10.22,92.8,0.0,0.0,4.043,235.8,5.832,980,2.03,1.015
1982.4444444444443,72.88888888888889,1.0,13,18.91111111111111,1,67,1116.6666666666663,1.1166666666666667,239,3983.333333333333,3.983333333333333,0,18.5,-39,30.55,9.266666666666667,33.99166666666667,30.08333333333333,31.308333333333334,25,25,25,25,25,25,0,0,0,0,0,0,0,12.75,1,0,1.6653250000000002,1.420975,0.0,9.92,93.0,0.0,0.0,3.207,222.2,5.0,980,2.03,1.015
1237.090909090909,69.18181818181819,1.0909090909090908,5,18.663636363636364,0,13,216.66666666666663,0.2166666666666666,26,433.3333333333333,0.4333333333333333,0,18.5,-39,32.175,9.783333333333331,25.183333333333334,29.85833333333333,49.1,25,25,25,25,25,25,0,0,0,0,0,0,0,0.9833333333333332,1,0,0.478175,0.23945,2.5e-05,9.75,91.1,0.0,0.0,4.145,223.8,6.25,981,2.37,1.015
875.0,66.11111111111111,2.0,2,18.51111111111111,0,0,0.0,0.0,0,0.0,0.0,0,18.008333333333333,-39,24.933333333333334,9.116666666666667,22.15,23.125,49.0,25,25,25,25,25,25,0,0,0,0,0,0,0,0.0,0,0,0.301475,0.010875,7.500000000000001e-05,9.48,89.8,0.0,0.0,4.48,224.6,7.082,981,2.031,1.015
717.6666666666666,62.333333333333336,1.5,2,18.308333333333334,0,0,0.0,0.0,0,0.0,0.0,0,18.0,-39,24.5,9.0,21.53333333333333,22.5,48.833333333333336,25,25,25,25,25,25,0,0,0,0,0,0,0,0.0,0,0,0.21145,0.01095,5e-05,9.04,91.4,0.0,0.0,3.521,218.8,5.418,981,2.031,1.015
660.7,59.8,0.9,3,17.98,0,0,0.0,0.0,0,0.0,0.0,0,18.0,-39,24.05,9.0,21.1,22.341666666666665,48.5,25,25,25,25,25,25,0,0,0,0,0,0,0,0.0,0,0,0.2853,0.010825,2.5e-05,9.28,87.3,0.0,0.0,4.395,213.8,5.832,981,2.031,1.015
676.3333333333334,59.083333333333336,0.0,4,17.849999999999998,0,0,0.0,0.0,0,0.0,0.0,0,18.0,-39,23.75,9.0,20.841666666666665,22.0,48.44166666666667,25,25,25,25,25,25,0,0,0,0,0,0,0,0.0,0,0,0.25275,0.010875,2.5e-05,9.35,88.4,0.0,0.0,4.0,217.1,5.418,981,2.031,1.015
712.0,59.083333333333336,0.0,2,17.791666666666668,0,0,0.0,0.0,0,0.0,0.0,0,17.55,-39,23.5,9.0,20.5,21.641666666666666,48.03333333333333,25,25,25,25,25,25,0,0,0,0,0,0,0,0.0,0,0,0.23145,0.0109,2.5e-05,9.15,90.2,0.0,0.0,2.668,199.4,4.168,981,2.031,1.015
756.4,59.7,0.0,1,17.72,0,0,0.0,0.0,0,0.0,0.0,0,17.5,-39,23.416666666666668,9.016666666666667,20.5,21.5,48.0,25,25,25,25,25,25,0,0,0,0,0,0,0,0.0,0,0,0.245575,0.010975,2.5e-05,9.28,91.9,0.0,0.0,2.957,197.2,5.418,980,2.031,1.015
789.75,60.16666666666666,0.0,2,17.691666666666666,0,0,0.0,0.0,0,0.0,0.0,0,17.5,-39,23.008333333333333,9.183333333333334,20.5,21.383333333333333,47.61666666666667,25,25,25,25,25,25,0,0,0,0,0,0,0,0.0,0,0,0.21625,0.01085,2.5e-05,9.15,93.3,0.0,0.0,5.125,164.8,7.082,980,2.031,1.015
766.7272727272727,59.72727272727273,0.0,5,17.536363636363635,0,0,0.0,0.0,0,0.0,0.0,0,17.333333333333332,-39,22.85833333333333,9.0,20.5,21.0,47.5,25,25,25,25,25,25,0,0,0,0,0,0,0,0.0,0,0,0.353275,0.0108,5e-05,9.59,87.9,0.0,0.0,3.562,209.2,5.832,979,2.031,1.015
703.5,62.66666666666666,30.5,14,17.466666666666665,0,0,0.0,0.0,0,0.0,0.0,0,17.0,-39,22.425,9.0,20.5,20.758333333333333,45.65,25,25,25,25,25,25,0,0,0,0,0,0,0,0.0,0,0,0.775275,0.0108,2.5e-05,9.35,88.3,0.0,0.0,4.562,202.8,6.25,979,2.031,1.015
443.1,61.2,15.3,0,16.380000000000003,0,0,0.0,0.0,0,0.0,0.0,0,17.0,-39,21.341666666666665,9.0,20.5,20.5,44.5,25,25,25,25,25,25,0,0,0,0,0,0,0,0.0,0,0,0.173975,0.0109,5e-05,9.11,92.9,0.013,0.7963805,2.332,212.2,3.332,979,81.3,78.7
395.44444444444446,61.55555555555556,15.11111111111111,0,15.811111111111112,0,0,0.0,0.0,0,0.0,0.0,0,17.0,-39,20.891666666666666,9.0,20.5,20.3,44.16666666666666,25,25,25,25,25,25,0,0,0,0,0,0,0,0.0,0,0,0.235075,0.0109,5e-05,9.62,88.8,0.05,2.767447,5.125,212.8,6.668,979,338.2,325.5
391.0,62.0,157.2,0,15.63,0,0,0.0,0.0,0,0.0,0.0,0,17.025,-39,20.5,9.166666666666666,20.5,20.0,43.94166666666667,25,25,25,25,25,25,0,0,0,0,0,0,0,0.0,0,0,0.134625,0.01085,5e-05,9.55,92.8,0.043,2.588115,4.188,219.9,6.668,980,346.5,333.0
383.3333333333333,60.833333333333336,63.833333333333336,0,16.0,0,0,0.0,0.0,0,0.0,0.0,0,17.425,-39,20.5,9.45,20.5,20.0,43.50833333333333,25,25,25,25,25,25,0,0,0,0,0,0,0,0.0,0,0,0.07355,0.0108,7.500000000000001e-05,10.06,89.1,0.242,17.07575,3.25,225.2,5.832,980,1257.0,1248.0
383.25,59.875,377.625,0,16.4625,0,0,0.0,0.0,0,0.0,0.0,0,17.7,-39,20.5,10.316666666666666,20.558333333333334,19.916666666666668,43.15833333333333,25,25,25,25,25,25,0,0,0,0,0,0,0,0.0,0,0,0.1726,0.010675,2.5e-05,9.79,83.0,0.063,3.845392,2.271,269.0,3.332,981,564.0,544.5
383.5,57.0,271.6666666666667,0,17.166666666666668,0,0,0.0,0.0,0,0.0,0.0,0,18.1,-39,20.5,10.016666666666667,20.991666666666667,19.516666666666666,42.833333333333336,25,25,25,25,25,25,0,0,0,0,0,0,0,0.0,0,0,0.062025,0.0106249999999999,0.0,10.96,81.9,0.375,23.2148,2.918,299.2,4.582,981,1257.0,1248.0
382.3333333333333,59.5,14.666666666666666,0,16.233333333333334,0,0,0.0,0.0,0,0.0,0.0,0,17.708333333333332,-39,20.5,10.4,21.316666666666663,19.5,42.48333333333333,25,25,25,25,25,25,0,0,0,0,0,0,0,0.0,0,0,0.180225,0.010925,7.500000000000001e-05,11.37,80.3,0.066,3.954844,2.896,248.9,4.582,981,493.8,475.8
386.27272727272725,61.27272727272727,104.9090909090909,0,16.009090909090908,0,0,0.0,0.0,0,0.0,0.0,0,17.5,-39,20.5,10.591666666666669,22.258333333333333,19.55,41.975,25,25,25,25,25,25,0,0,0,0,0,0,0,0.0,0,0,0.281625,0.01095,7.500000000000001e-05,10.73,91.6,0.056,3.384179,3.918,274.8,5.418,982,408.5,393.0
391.0,62.333333333333336,29.55555555555556,0,16.01111111111111,0,0,0.0,0.0,0,0.0,0.0,0,17.625,-39,20.5,10.933333333333334,22.5,20.225,41.36666666666667,25,25,25,25,25,25,0,0,0,0,0,0,0,0.0,0,0,0.47875,0.01055,5e-05,11.84,87.6,0.086,5.212298,6.188,279.5,8.33,982,487.5,469.5
504.0,63.625,0.75,0,16.175,0,9,149.99999999999997,0.1499999999999999,67,1116.6666666666663,1.1166666666666665,0,17.5,-39,21.166666666666668,9.833333333333334,23.275,20.991666666666667,35.25833333333333,25,25,25,25,25,25,0,0,0,0,0,0,0,6.616666666666666,1,1,4.0091,0.25875,0.0,10.12,92.3,0.0,0.0,4.207,296.0,6.25,984,8.63,7.613
730.5,68.66666666666667,14.833333333333334,18,16.766666666666666,2,120,2000.0,2.0,364,6066.666666666666,6.066666666666666,0,17.983333333333334,-39,37.45,9.733333333333333,41.9,37.141666666666666,31.60833333333333,25,25,25,25,25,25,0,0,0,0,0,0,0,19.5,1,1,3.502375,1.443025,0.904425,10.56,90.3,0.0,0.0,3.293,285.2,5.0,985,2.03,1.015
1734.6,71.5,1.5,16,18.520000000000003,0,67,1116.6666666666667,1.1166666666666667,199,3316.6666666666665,3.3166666666666664,0,18.5,-39,35.63333333333333,10.233333333333333,39.3,35.891666666666666,46.55833333333333,25,25,25,25,25,25,0,0,0,0,0,0,0,8.083333333333334,1,0,1.7394500000000002,1.196625,2.5e-05,11.24,86.1,0.0,0.0,3.062,287.5,5.0,986,2.03,1.015
2040.8,74.2,5.4,7,19.2,0,0,0.0,0.0,0,0.0,0.0,0,18.5,-39,26.508333333333333,10.133333333333333,24.78333333333333,26.816666666666663,49.15,25,25,25,25,25,25,0,0,0,0,0,0,0,0.0,0,0,0.59705,0.010575,0.0,11.17,85.3,0.0,0.0,3.918,293.2,6.668,987,2.03,1.015
2185.1,72.6,0.9,7,19.03,0,0,0.0,0.0,0,0.0,0.0,0,18.5,-39,24.183333333333334,10.116666666666667,22.316666666666663,23.1,48.825,25,25,25,25,25,25,0,0,0,0,0,0,0,0.0,0,0,0.467875,0.0107,7.500000000000001e-05,11.17,86.5,0.0,0.0,2.729,286.0,4.582,988,2.03,1.015
2456.0,72.3,6.6,6,19.17,0,0,0.0,0.0,0,0.0,0.0,0,18.025,-39,22.666666666666668,10.033333333333331,21.6,22.058333333333334,48.475,25,25,25,25,25,25,0,0,0,0,0,0,0,0.0,0,0,0.274225,0.0109,5e-05,10.93,88.6,0.0,0.0,1.729,287.0,2.5,989,2.03,1.015
2799.0,72.72727272727273,0.8181818181818182,2,19.2,0,0,0.0,0.0,0,0.0,0.0,0,18.0,-39,22.183333333333334,10.216666666666669,21.15833333333333,21.23333333333333,48.0,25,25,25,25,25,25,0,0,0,0,0,0,0,0.0,0,0,0.20445,0.010975,0.0,11.27,87.5,0.0,0.0,3.188,286.2,4.168,990,2.537,1.015
2839.4,72.3,0.3,3,19.22,0,0,0.0,0.0,0,0.0,0.0,0,17.6,-39,21.683333333333334,10.383333333333333,21.0,20.75,47.49166666666667,25,25,25,25,25,25,0,0,0,0,0,0,0,0.0,0,0,0.2529,0.01095,7.500000000000001e-05,11.1,90.8,0.0,0.0,2.75,301.8,4.168,991,2.03,1.015
2967.1,72.4,0.9,3,19.26,0,0,0.0,0.0,0,0.0,0.0,0,17.5,-39,21.166666666666668,10.0,21.225,20.5,46.81666666666667,25,25,25,25,25,25,0,0,0,0,0,0,0,0.0,0,0,0.1634,0.010975,7.500000000000001e-05,10.83,87.1,0.0,0.0,2.146,292.8,3.332,991,2.03,1.015
3048.0,72.7,0.0,1,19.23,0,0,0.0,0.0,0,0.0,0.0,0,17.5,-39,20.991666666666667,10.0,21.558333333333334,20.5,46.275,25,25,25,25,25,25,0,0,0,0,0,0,0,0.0,0,0,0.110225,0.011125,5e-05,10.53,90.7,0.0,0.0,3.25,293.8,5.0,992,2.031,1.015
3056.6363636363635,73.0,0.0,2,19.181818181818183,0,0,0.0,0.0,0,0.0,0.0,0,17.5,-39,20.60833333333333,9.966666666666669,22.266666666666666,20.116666666666667,45.675,25,25,25,25,25,25,0,0,0,0,0,0,0,0.0,0,0,0.22565,0.011075,7.500000000000001e-05,10.73,85.5,0.0,0.0,3.688,294.0,6.25,993,2.2,1.1
3012.7272727272725,73.0,0.0,2,19.172727272727272,0,0,0.0,0.0,0,0.0,0.0,0,17.3,-39,20.5,9.808333333333334,22.925,20.341666666666665,45.11666666666667,25,25,25,25,25,25,0,0,0,0,0,0,0,0.0,0,0,0.1151,0.011175,0.0001,9.86,86.7,0.0,0.0,3.688,299.5,6.25,993,2.031,1.015
3018.3636363636365,73.63636363636364,0.0,1,19.11818181818182,0,0,0.0,0.0,0,0.0,0.0,0,17.0,-39,20.5,10.0,23.45,20.5,44.583333333333336,25,25,25,25,25,25,0,0,0,0,0,0,0,0.0,0,0,0.212775,0.011,7.500000000000001e-05,10.43,88.3,0.0,0.0,1.75,274.8,2.5,994,2.2,1.015
2933.0,74.0,1.4545454545454546,7,19.009090909090908,0,0,0.0,0.0,0,0.0,0.0,0,17.0,-39,20.5,9.933333333333334,23.5,20.5,43.925,25,25,25,25,25,25,0,0,0,0,0,0,0,0.0,0,0,0.1258,0.0109,7.500000000000001e-05,11.21,86.9,0.0,0.0,2.582,303.0,4.168,995,2.031,1.015
1490.7272727272727,71.9090909090909,20.181818181818183,13,18.75454545454545,0,0,0.0,0.0,0,0.0,0.0,0,17.0,-39,20.241666666666667,9.066666666666666,23.175,20.5,35.708333333333336,25,25,25,25,25,25,0,0,0,0,0,0,0,0.0,0,0,0.713125,0.010775,2.5e-05,10.22,86.5,0.0,0.0,4.02,281.2,6.25,996,2.031,1.015
923.2727272727273,71.0,15.818181818181818,0,18.13636363636364,0,0,0.0,0.0,0,0.0,0.0,0,17.0,-39,19.15,9.016666666666667,22.591666666666665,20.5,28.0,25,25,25,25,25,25,0,0,0,0,0,0,0,0.0,0,0,0.179375,0.010875,5e-05,9.25,85.0,0.007,0.3981672,1.854,306.2,2.918,997,61.44,58.38
820.9,71.7,102.2,0,17.91,1,37,616.6666666666666,0.6166666666666665,190,3166.6666666666665,3.1666666666666665,0,17.0,-39,23.216666666666665,9.616666666666667,27.116666666666667,23.675,25.975,25,25,25,25,25,25,0,0,0,0,0,0,0,10.083333333333334,1,0,1.342225,0.9221,2.5e-05,10.23,89.4,0.056,3.026356,2.918,290.5,4.168,998,372.5,358.0
795.4,72.1,61.1,1,17.990000000000002,0,59,983.3333333333331,0.9833333333333332,168,2799.9999999999995,2.8,0,17.0,-39,31.508333333333333,10.25,33.82083333333333,30.154166666666665,47.1875,25,25,25,25,25,25,0,0,0,0,0,0,0,7.308333333333334,1,0,1.6379,1.083825,2.5e-05,11.74,82.3,0.106,6.426659,3.271,275.2,5.832,999,795.5,768.0
688.2,72.0,305.7,0,18.08,0,0,0.0,0.0,0,0.0,0.0,0,17.35,-39,24.5,11.966666666666669,22.141666666666666,21.95,49.025,25,25,25,25,25,25,0,0,0,0,0,0,0,0.0,0,0,0.06185,0.01065,2.5e-05,11.98,82.6,0.123,7.365566,4.188,271.0,7.918,999,906.0,875.0
576.6,70.7,149.9,0,18.46,0,0,0.0,0.0,0,0.0,0.0,0,17.5,-39,24.10833333333333,12.183333333333334,20.5,22.066666666666663,48.975,25,25,25,25,25,25,0,0,0,0,0,0,0,0.0,0,0,0.09895,0.010575,2.5e-05,12.72,80.4,0.368,20.07282,5.605,281.2,7.918,1000,1257.0,1248.0
521.7,69.6,166.4,0,18.38,0,0,0.0,0.0,0,0.0,0.0,0,17.5,-39,23.55,12.0,20.5,21.5,48.583333333333336,25,25,25,25,25,25,0,0,0,0,0,0,0,0.0,0,0,0.130925,0.010675,2.5e-05,12.82,82.4,0.229,12.89969,2.75,252.0,5.418,1000,1257.0,1248.0
494.8,69.0,36.1,0,18.07,0,0,0.0,0.0,0,0.0,0.0,0,17.45,-39,23.5,12.0,20.5,21.5,48.5,25,25,25,25,25,25,0,0,0,0,0,0,0,0.0,0,0,0.182275,0.0106249999999999,2.5e-05,12.99,76.7,0.073,4.664858,3.854,263.5,6.25,1000,490.2,472.5
477.77777777777777,69.0,9.333333333333334,0,17.77777777777778,0,0,0.0,0.0,0,0.0,0.0,0,17.0,-39,23.383333333333333,12.0,20.5,21.33333333333333,48.208333333333336,25,25,25,25,25,25,0,0,0,0,0,0,0,0.0,0,0,0.1754,0.01075,7.500000000000001e-05,12.52,88.6,0.08,5.222252,4.082,237.8,6.668,1000,535.5,516.5
449.8888888888889,69.0,1.6666666666666667,0,17.544444444444444,0,0,0.0,0.0,0,0.0,0.0,0,17.0,-39,23.008333333333333,12.116666666666667,20.5,21.0,48.0,25,25,25,25,25,25,0,0,0,0,0,0,0,0.0,0,0,0.1291,0.0106,2.5e-05,11.88,97.7,0.013,0.7962773,4.375,263.0,7.082,1001,93.9,90.2
433.625,69.0,0.0,0,17.412499999999998,0,0,0.0,0.0,0,0.0,0.0,0,17.0,-39,22.841666666666665,13.0,20.4,21.0,47.766666666666666,25,25,25,25,25,25,0,0,0,0,0,0,0,0.0,0,0,1.102525,0.0106,2.5e-05,12.42,97.2,0.0,0.0,4.312,249.0,5.832,1001,5.586,4.23
497.6,69.2,21.0,15,17.380000000000003,2,36,600.0,0.6,158,2633.333333333333,2.6333333333333333,0,17.0,-39,26.216666666666665,13.0,26.78333333333333,24.966666666666665,47.49166666666667,25,25,25,25,25,25,0,0,0,0,0,0,0,11.133333333333333,1,1,1.2085,0.56105,0.191075,13.23,95.8,0.0,0.0,4.52,254.2,8.75,1001,2.03,1.015
726.9,72.4,5.0,5,18.08,2,87,1449.9999999999998,1.4499999999999995,300,5000.0,5.0,0,18.075,-39,45.18333333333333,12.983333333333333,48.675,44.925,46.63333333333333,25,25,25,25,25,25,0,0,0,0,0,0,0,19.766666666666666,1,1,3.0014,1.35365,0.461575,13.67,94.4,0.0,0.0,4.395,255.1,7.082,1001,2.03,1.015
698.0,73.41666666666667,0.0,0,19.041666666666668,2,60,1000.0,0.9999999999999998,242,4033.3333333333326,4.033333333333332,0,19.125,-39,47.84166666666667,13.0,50.55,47.5,45.775,25,25,25,25,25,25,0,0,0,0,0,0,0,19.5,1,1,3.5279,1.37705,0.0,13.4,96.9,0.0,0.0,3.332,258.5,4.582,1002,2.03,1.015
642.75,71.16666666666667,7.166666666666667,4,19.541666666666668,2,33,549.9999999999999,0.5499999999999998,131,2183.333333333333,2.183333333333333,0,19.675,-39,41.175,13.533333333333331,46.35833333333333,45.4,42.9,25,25,25,25,25,25,0,0,0,0,0,0,0,10.566666666666666,1,1,1.321825,0.736775,0.0,13.84,92.2,0.0,0.0,4.793,249.1,7.5,1002,2.03,1.015
1329.25,71.83333333333333,3.0,8,19.741666666666667,0,0,0.0,0.0,0,0.0,0.0,0,19.65,-39,27.291666666666668,13.266666666666667,35.233333333333334,31.83333333333333,41.266666666666666,25,25,25,25,25,25,0,0,0,0,0,0,0,0.0,0,0,0.22505,0.0106249999999999,2.5e-05,14.0,87.3,0.0,0.0,3.896,258.5,8.75,1002,2.03,1.015
1777.0,72.72727272727273,0.0,1,19.8,0,0,0.0,0.0,0,0.0,0.0,0,19.0,-39,24.008333333333333,13.816666666666666,26.933333333333334,25.375,40.833333333333336,25,25,25,25,25,25,0,0,0,0,0,0,0,0.0,0,0,0.209125,0.0111,5e-05,14.37,85.9,0.0,0.0,4.043,260.2,5.832,1003,2.03,1.015
1892.7272727272727,73.81818181818181,0.2727272727272727,2,19.790909090909093,0,0,0.0,0.0,0,0.0,0.0,0,18.5,-39,22.58333333333333,14.0,24.166666666666668,22.616666666666667,40.36666666666667,25,25,25,25,25,25,0,0,0,0,0,0,0,0.0,0,0,0.268175,0.011025,5e-05,14.47,86.7,0.0,0.0,5.52,251.9,8.75,1003,2.03,1.015
1854.555555555556,73.55555555555556,0.6666666666666666,6,19.77777777777778,0,0,0.0,0.0,0,0.0,0.0,0,18.5,-39,21.808333333333334,14.0,22.691666666666663,22.291666666666668,39.84166666666667,25,25,25,25,25,25,0,0,0,0,0,0,0,0.0,0,0,0.2924,0.011025,7.500000000000001e-05,14.54,86.2,0.0,0.0,4.75,258.8,9.17,1003,2.2,1.015
1878.0,73.0,0.0,1,19.811111111111117,0,0,0.0,0.0,0,0.0,0.0,0,18.35,-39,21.291666666666668,14.0,22.35,21.73333333333333,39.4,25,25,25,25,25,25,0,0,0,0,0,0,0,0.0,0,0,0.17165,0.011125,0.0001,14.81,84.3,0.0,0.0,6.043,228.2,11.25,1002,2.03,1.184
1940.9,73.0,0.0,2,19.71,6,94,1566.6666666666663,1.5666666666666664,248,4133.333333333333,4.133333333333333,0,18.0,-39,35.95,13.883333333333333,45.208333333333336,41.958333333333336,43.375,25,25,25,25,25,25,0,0,0,0,0,0,0,18.8,1,0,2.162775,1.20495,0.7439,14.2,88.3,0.0,0.0,3.854,227.4,7.5,1002,2.03,1.015
2005.7777777777776,73.0,0.0,2,19.700000000000003,6,120,2000.0,2.0,100,1666.6666666666663,1.6666666666666663,0,18.0,-39,33.3,14.0,58.15,56.766666666666666,56.00833333333333,25,25,25,25,25,25,0,0,0,0,0,0,0,19.03333333333333,0,0,2.244575,0.139825,1.9567,14.47,86.4,0.0,0.0,5.957,230.1,9.17,1002,2.537,1.015
2055.090909090909,73.0,0.0,1,19.6,6,105,1749.9999999999998,1.7499999999999996,87,1449.9999999999998,1.4499999999999995,0,18.0,-39,36.66666666666666,14.0,62.075,63.56666666666667,63.625,25,25,25,25,25,25,0,0,0,0,0,0,0,17.416666666666668,0,0,2.0170250000000003,0.12505,1.688025,14.51,86.8,0.0,0.0,5.605,225.9,8.75,1001,2.03,1.015
1870.3636363636365,73.0909090909091,0.0,6,19.545454545454547,0,0,0.0,0.0,0,0.0,0.0,0,18.0,-39,31.78333333333333,14.0,23.308333333333334,25.491666666666667,66.03333333333333,25,25,25,25,25,25,0,0,0,0,0,0,0,0.0,0,0,0.172,0.01085,5e-05,14.61,84.7,0.0,0.0,4.605,230.6,7.082,1001,2.03,1.015
1501.4545454545455,72.27272727272727,13.909090909090908,16,19.55454545454546,0,0,0.0,0.0,0,0.0,0.0,0,18.0,-39,28.225,14.0,23.066666666666663,24.48333333333333,65.84166666666667,25,25,25,25,25,25,0,0,0,0,0,0,0,0.0,0,0,0.514,0.010725,5e-05,14.98,83.6,0.0,0.0,3.832,250.8,6.25,1001,2.03,1.015
746.0,70.375,10.0,0,18.95,0,0,0.0,0.0,0,0.0,0.0,0,18.0,-39,27.15833333333333,14.0,22.5,23.808333333333334,65.50833333333334,25,25,25,25,25,25,0,0,0,0,0,0,0,0.0,0,0,0.12735,0.0109,0.0001,14.85,81.8,0.007,0.3782317,5.188,224.0,7.918,1001,28.08,26.9
533.3636363636364,69.81818181818181,12.363636363636363,0,18.418181818181814,0,0,0.0,0.0,0,0.0,0.0,0,17.675,-39,26.73333333333333,14.183333333333334,22.441666666666663,23.35,65.21666666666667,25,25,25,25,25,25,0,0,0,0,0,0,0,0.0,0,0,0.260725,0.0106,5e-05,15.42,77.25,0.05,2.98604,5.895,221.2,10.83,1002,315.8,304.0
449.45454545454544,69.0909090909091,21.181818181818183,0,18.2,0,0,0.0,0.0,0,0.0,0.0,0,17.5,-39,26.40833333333333,14.95,22.008333333333333,22.991666666666667,64.5,25,25,25,25,25,25,0,0,0,0,0,0,0,0.0,0,0,0.74705,0.0107,2.5e-05,15.29,79.75,0.027,1.592555,5.332,228.0,9.17,1002,167.0,160.8
414.7,68.8,37.3,0,18.009999999999998,0,0,0.0,0.0,0,0.0,0.0,0,17.5,-39,25.55,15.1,22.0,22.5,64.16666666666667,25,25,25,25,25,25,0,0,0,0,0,0,0,0.0,0,0,1.08575,0.010675,5e-05,15.69,79.56,0.04,2.388766,6.168,225.5,9.58,1003,257.0,246.8
414.1111111111111,69.0,100.55555555555556,0,18.066666666666663,0,0,0.0,0.0,0,0.0,0.0,0,17.625,-39,25.5,15.85,21.891666666666666,22.5,63.95,25,25,25,25,25,25,0,0,0,0,0,0,0,0.0,0,0,0.083575,0.010925,5e-05,15.62,81.2,0.076,5.019747,4.145,242.2,7.918,1002,533.5,515.5
409.0,69.0,47.2,0,18.12,0,0,0.0,0.0,0,0.0,0.0,0,17.616666666666667,-39,25.366666666666667,16.0,21.55,22.5,63.1,25,25,25,25,25,25,0,0,0,0,0,0,0,0.0,0,0,0.158875,0.011075,0.0001,16.06,79.06,0.09,5.507192,6.062,233.1,11.67,1002,631.0,608.5
407.8,69.0,21.4,0,17.990000000000002,0,0,0.0,0.0,0,0.0,0.0,0,17.8,-39,25.0,16.0,21.5,22.5,62.80833333333333,25,25,25,25,25,25,0,0,0,0,0,0,0,0.0,0,0,0.48555,0.01085,2.5e-05,15.99,80.4,0.07,4.183381,6.918,226.9,10.83,1002,499.8,482.5
452.0,71.0,10.0,232,17.6,0,20,333.3333333333333,0.3333333333333332,69,1150.0,1.15,0,17.766666666666666,-39,33.34583333333333,14.325,26.179166666666667,30.17083333333333,49.1875,25,25,25,25,25,25,0,0,0,0,0,0,0,2.216666666666667,1,0,0.735475,0.509475,5e-05,14.64,87.6,0.07,4.180454,4.707,184.2,7.082,1014,542.5,523.5
445.25,71.0,14.916666666666666,0,17.59166666666667,0,0,0.0,0.0,0,0.0,0.0,0,17.5,-39,24.60833333333333,14.0,21.48333333333333,22.5,49.35833333333333,25,25,25,25,25,25,0,0,0,0,0,0,0,0.0,0,0,0.1818,0.0108,5e-05,14.64,87.6,0.027,1.950879,4.562,180.5,7.5,1014,217.4,208.9
429.0,71.0,17.90909090909091,0,17.6,0,0,0.0,0.0,0,0.0,0.0,0,17.5,-39,24.4,14.0,21.05,22.441666666666663,49.0,25,25,25,25,25,25,0,0,0,0,0,0,0,0.0,0,0,0.09935,0.0107,2.5e-05,14.58,87.0,0.056,3.702688,5.793,175.2,8.33,1013,429.0,412.5
432.9,70.6,9.4,0,17.59,0,0,0.0,0.0,0,0.0,0.0,0,17.5,-39,24.0,14.0,21.0,22.0,48.98333333333333,25,25,25,25,25,25,0,0,0,0,0,0,0,0.0,0,0,0.174425,0.010925,2.5e-05,14.47,88.4,0.013,0.796277,3.396,179.8,6.25,1013,86.7,82.9
450.5,70.08333333333333,1.75,3,17.516666666666666,0,0,0.0,0.0,0,0.0,0.0,0,17.758333333333333,-39,24.0,14.0,20.758333333333333,22.0,48.54166666666666,25,25,25,25,25,25,0,0,0,0,0,0,0,0.0,0,0,0.4115499999999999,0.010525,2.5e-05,14.47,87.1,0.013,0.796277,5.02,166.9,6.668,1012,68.2,65.1
489.8181818181818,70.81818181818181,0.0,0,17.481818181818184,0,0,0.0,0.0,0,0.0,0.0,0,18.0,-39,24.0,14.0,20.516666666666666,21.966666666666665,48.5,25,25,25,25,25,25,0,0,0,0,0,0,0,0.0,0,0,1.22515,0.01045,0.0,14.24,88.1,0.0,0.0,4.395,170.8,6.668,1012,2.877,1.692
567.875,71.875,0.0,0,17.45,0,0,0.0,0.0,0,0.0,0.0,0,18.0,-39,23.991666666666667,14.0,20.508333333333333,21.916666666666668,48.21666666666667,25,25,25,25,25,25,0,0,0,0,0,0,0,0.0,0,0,1.113375,0.010825,2.5e-05,14.0,88.6,0.0,0.0,5.812,176.5,7.5,1012,2.03,1.015
612.1818181818181,73.0,0.0,0,17.5,0,0,0.0,0.0,0,0.0,0.0,0,18.48333333333333,-39,23.975,14.0,20.65833333333333,21.754166666666663,47.99166666666667,25,25,25,25,25,25,0,0,0,0,0,0,0,0.0,0,0,0.405175,0.01095,5e-05,13.87,88.6,0.0,0.0,2.375,173.8,4.168,1012,2.03,1.015
731.5,73.16666666666667,5.5,2,17.533333333333335,0,0,0.0,0.0,0,0.0,0.0,0,18.241666666666667,-39,23.516666666666666,13.8,20.691666666666663,21.516666666666666,47.53333333333333,25,25,25,25,25,25,0,0,0,0,0,0,0,0.0,0,0,0.27835,0.010975,5e-05,13.7,88.7,0.0,0.0,4.145,169.1,5.0,1012,2.03,1.015
640.5,73.0,0.0,0,17.490000000000002,0,0,0.0,0.0,0,0.0,0.0,0,18.0,-39,23.308333333333334,13.066666666666666,20.5,21.5,47.458333333333336,25,25,25,25,25,25,0,0,0,0,0,0,0,0.0,0,0,0.189575,0.011125,2.5e-05,13.36,90.0,0.0,0.0,2.562,152.6,3.75,1011,2.03,1.015
541.0,72.2,0.0,0,17.36,0,0,0.0,0.0,0,0.0,0.0,0,17.691666666666666,-39,23.0,13.0,20.5,21.5,47.00833333333333,25,25,25,25,25,25,0,0,0,0,0,0,0,0.0,0,0,0.10805,0.011,2.5e-05,13.36,89.5,0.0,0.0,4.457,168.8,7.5,1010,2.03,1.015
476.25,71.08333333333333,0.0,0,17.183333333333334,0,0,0.0,0.0,0,0.0,0.0,0,17.5,-39,23.0,13.0,20.5,21.5,46.958333333333336,25,25,25,25,25,25,0,0,0,0,0,0,0,0.0,0,0,0.287625,0.0111,5e-05,13.26,87.2,0.0,0.0,5.48,176.8,8.33,1010,2.03,1.015
444.0,71.0,0.0,0,17.136363636363637,0,0,0.0,0.0,0,0.0,0.0,0,17.5,-39,22.83333333333333,13.083333333333334,20.5,21.466666666666665,46.516666666666666,25,25,25,25,25,25,0,0,0,0,0,0,0,0.0,0,0,0.2211,0.01085,7.500000000000001e-05,13.23,88.5,0.0,0.0,5.418,189.1,7.5,1009,2.03,1.015
425.25,71.0,0.0,0,17.1,0,0,0.0,0.0,0,0.0,0.0,0,17.5,-39,22.5,13.933333333333334,20.5,21.216666666666665,46.475,25,25,25,25,25,25,0,0,0,0,0,0,0,0.0,0,0,0.098475,0.011175,0.0001,13.74,88.3,0.0,0.0,5.438,189.0,8.33,1008,2.03,1.015
419.7272727272728,71.0,0.0,0,17.045454545454547,0,0,0.0,0.0,0,0.0,0.0,0,17.266666666666666,-39,22.5,14.0,20.5,21.016666666666666,46.05,25,25,25,25,25,25,0,0,0,0,0,0,0,0.0,0,0,0.2113,0.01125,5e-05,14.31,86.4,0.0,0.0,6.207,182.6,8.33,1007,2.03,1.015
418.6666666666667,70.91666666666667,0.0,0,17.025000000000002,0,0,0.0,0.0,0,0.0,0.0,0,17.0,-39,22.5,14.0,20.5,21.0,45.96666666666667,25,25,25,25,25,25,0,0,0,0,0,0,0,0.0,0,0,0.150475,0.01115,0.0001,14.27,85.4,0.0,0.0,4.438,192.8,7.5,1007,2.2,1.015
417.8333333333333,70.0,0.0,0,17.008333333333333,0,0,0.0,0.0,0,0.0,0.0,0,17.0,-39,22.5,14.0,20.5,21.0,45.55,25,25,25,25,25,25,0,0,0,0,0,0,0,0.0,0,0,0.15155,0.011125,0.0,14.21,81.8,0.0,0.0,4.625,181.0,7.5,1006,2.03,1.015
418.1666666666667,70.0,0.0,0,16.966666666666665,0,0,0.0,0.0,0,0.0,0.0,0,17.0,-39,22.5,14.05,20.5,21.0,45.5,25,25,25,25,25,25,0,0,0,0,0,0,0,0.0,0,0,0.1488,0.011175,2.5e-05,14.34,79.2,0.0,0.0,5.543,182.0,8.75,1005,2.03,1.015
495.9090909090909,70.27272727272727,5.090909090909091,2,17.027272727272727,0,0,0.0,0.0,0,0.0,0.0,0,17.0,-39,22.5,14.15,20.5,21.0,45.09166666666667,25,25,25,25,25,25,0,0,0,0,0,0,0,0.0,0,0,0.188925,0.0110999999999999,2.5e-05,13.97,82.8,0.0,0.0,5.375,173.1,7.082,1005,2.03,1.015
435.7272727272728,70.0,0.0,0,17.018181818181816,0,0,0.0,0.0,0,0.0,0.0,0,17.0,-39,22.5,15.0,20.5,20.866666666666667,44.96666666666667,25,25,25,25,25,25,0,0,0,0,0,0,0,0.0,0,0,0.046325,0.011325,0.0001,14.61,81.5,0.0,0.0,3.354,187.4,5.832,1005,2.03,1.015
414.9166666666667,69.75,10.666666666666666,0,16.958333333333332,0,0,0.0,0.0,0,0.0,0.0,0,17.0,-39,22.15,15.133333333333333,20.5,20.5,44.575,25,25,25,25,25,25,0,0,0,0,0,0,0,0.0,0,0,0.1463499999999999,0.011225,0.0001,15.22,77.7,0.007,0.3981385,5.332,179.8,7.918,1004,20.47,19.45
407.5833333333333,69.0,22.25,0,16.991666666666667,0,0,0.0,0.0,0,0.0,0.0,0,17.0,-39,22.0,15.933333333333334,20.48333333333333,20.5,44.49166666666667,25,25,25,25,25,25,0,0,0,0,0,0,0,0.0,0,0,0.0837499999999999,0.01095,2.5e-05,15.56,74.3,0.04,2.438598,6.52,172.1,9.17,1004,222.5,214.2
407.54545454545456,69.36363636363636,11.363636363636363,0,17.0,0,0,0.0,0.0,0,0.0,0.0,0,17.0,-39,22.0,15.4,20.1,20.5,44.04166666666666,25,25,25,25,25,25,0,0,0,0,0,0,0,0.0,0,0,0.132725,0.0109,7.500000000000001e-05,15.69,76.5,0.02,1.194415,5.395,176.2,8.33,1004,134.2,128.8
407.5,70.33333333333333,10.75,0,16.974999999999998,0,0,0.0,0.0,0,0.0,0.0,0,17.0,-39,22.0,14.0,20.0,20.5,43.96666666666667,25,25,25,25,25,25,0,0,0,0,0,0,0,0.0,0,0,0.158375,0.011125,0.0001,14.2,93.1,0.02,1.194415,3.604,196.2,5.0,1004,181.5,174.8
471.7272727272728,71.18181818181819,16.636363636363637,25,17.036363636363635,0,0,0.0,0.0,2,33.33333333333333,0.0333333333333333,0,17.0,-39,21.95,14.0,20.65,20.08333333333333,43.40833333333333,25,25,25,25,25,25,0,0,0,0,0,0,0,2.216666666666667,1,1,0.187275,0.0187,0.0,13.94,95.7,0.027,1.592554,3.332,218.0,5.0,1005,182.2,175.4
1037.6,76.6,30.1,22,18.38,1,83,1383.333333333333,1.383333333333333,408,6799.999999999999,6.799999999999999,0,17.0,-39,36.06666666666667,12.65,40.725,35.36666666666667,40.266666666666666,25,25,25,25,25,25,0,0,0,0,0,0,0,18.98333333333333,1,1,3.2378,1.923775,0.0,13.73,95.1,0.043,2.551404,2.104,231.0,3.75,1005,332.0,319.0
808.75,74.41666666666667,16.083333333333332,4,18.816666666666663,2,81,1349.9999999999998,1.35,276,4600.0,4.6,0,17.591666666666665,-39,42.18333333333333,12.783333333333331,45.73333333333333,42.1,49.5,25,25,25,25,25,25,0,0,0,0,0,0,0,19.25,1,1,1.9426,1.216925,0.38055,13.53,92.5,0.02,1.194415,1.771,205.1,2.918,1005,137.0,131.5
1392.0,74.3,4.2,13,19.55,0,6,100.0,0.0999999999999999,27,450.0,0.4499999999999999,0,18.445833333333333,-39,33.420833333333334,13.85,41.09166666666667,40.90416666666667,49.5,25,25,25,25,25,25,0,0,0,0,0,0,0,1.5916666666666666,1,1,0.38085,0.13735,5e-05,13.29,93.8,0.033,1.990692,1.396,222.0,2.082,1005,235.8,227.9
2017.9166666666667,73.83333333333333,3.25,6,19.98333333333333,0,0,0.0,0.0,0,0.0,0.0,0,18.0,-39,27.883333333333333,13.166666666666666,29.891666666666666,26.925,49.09166666666667,25,25,25,25,25,25,0,0,0,0,0,0,0,0.0,0,0,0.840175,0.0106249999999999,5e-05,12.99,96.2,0.007,0.3981385,2.188,179.0,4.582,1005,50.7,48.22
2404.090909090909,73.81818181818181,4.363636363636363,14,19.745454545454542,0,0,0.0,0.0,0,0.0,0.0,0,18.45,-39,25.78333333333333,13.0,25.633333333333333,23.216666666666665,49.0,25,25,25,25,25,25,0,0,0,0,0,0,0,0.0,0,0,1.866225,0.010525,0.0,12.79,98.1,0.0,0.0,2.188,211.1,2.918,1005,2.537,1.692
2106.4166666666665,74.91666666666667,22.0,17,19.808333333333334,0,0,0.0,0.0,0,0.0,0.0,0,18.45,-39,24.6,12.25,23.8,22.5,48.29166666666666,25,25,25,25,25,25,0,0,0,0,0,0,0,0.0,0,0,0.4322249999999999,0.010875,0.0,12.48,91.8,0.0,0.0,1.542,228.5,2.5,1005,2.03,1.015
2432.8,74.7,3.3,11,19.95,0,0,0.0,0.0,0,0.0,0.0,0,18.0,-39,23.675,12.0,22.98333333333333,21.95,48.0,25,25,25,25,25,25,0,0,0,0,0,0,0,0.0,0,0,0.44865,0.010875,0.0,12.38,88.0,0.0,0.0,3.104,216.9,4.168,1005,2.03,1.015
1668.8,73.1,13.2,15,19.87,0,0,0.0,0.0,0,0.0,0.0,0,18.0,-39,23.05,12.45,22.5,21.5,47.63333333333333,25,25,25,25,25,25,0,0,0,0,0,0,0,0.0,0,0,0.240975,0.01095,5e-05,12.25,98.1,0.0,0.0,1.813,194.8,2.5,1005,2.03,1.015
1793.5833333333333,73.91666666666667,2.0,9,19.916666666666668,0,0,0.0,0.0,0,0.0,0.0,0,17.583333333333332,-39,22.575,12.6,22.35,21.5,47.28333333333333,25,25,25,25,25,25,0,0,0,0,0,0,0,0.0,0,0,0.236575,0.0109,5e-05,11.81,99.7,0.0,0.0,0.875,206.9,1.667,1005,2.03,1.015
1538.8181818181818,72.36363636363636,1.0909090909090908,14,19.772727272727277,0,0,0.0,0.0,0,0.0,0.0,0,17.5,-39,22.5,12.066666666666666,22.0,21.4,47.0,25,25,25,25,25,25,0,0,0,0,0,0,0,0.0,0,0,0.295775,0.0106,2.5e-05,11.61,99.6,0.0,0.0,0.958,200.0,1.25,1005,2.03,1.015
916.4,69.2,0.0,2,19.46,0,0,0.0,0.0,0,0.0,0.0,0,17.5,-39,22.5,12.0,22.0,21.0,46.78333333333333,25,25,25,25,25,25,0,0,0,0,0,0,0,0.0,0,0,0.253175,0.011125,7.500000000000001e-05,11.54,96.3,0.0,0.0,1.208,193.8,2.082,1005,2.2,1.015
804.8333333333334,67.25,0.5,3,19.266666666666666,0,0,0.0,0.0,0,0.0,0.0,0,17.5,-39,22.5,12.0,21.9,20.98333333333333,46.5,25,25,25,25,25,25,0,0,0,0,0,0,0,0.0,0,0,0.2266999999999999,0.011,7.500000000000001e-05,11.2,98.1,0.0,0.0,2.812,172.2,3.75,1005,2.03,1.015
762.1666666666666,65.25,0.5,2,19.025,0,0,0.0,0.0,0,0.0,0.0,0,17.133333333333333,-39,22.491666666666667,11.833333333333334,21.5,20.683333333333334,46.25833333333333,25,25,25,25,25,25,0,0,0,0,0,0,0,0.0,0,0,0.14285,0.011075,0.0001,10.96,98.2,0.0,0.0,1.792,208.4,2.918,1004,2.03,1.1
827.0,65.58333333333333,0.0,2,18.841666666666665,0,0,0.0,0.0,0,0.0,0.0,0,17.0,-39,22.141666666666666,11.833333333333334,21.5,20.5,46.0,25,25,25,25,25,25,0,0,0,0,0,0,0,0.0,0,0,0.259025,0.01115,7.500000000000001e-05,10.96,96.0,0.0,0.0,1.75,200.4,2.918,1004,2.03,1.015
832.2727272727273,65.0909090909091,0.0,7,18.79090909090909,0,0,0.0,0.0,0,0.0,0.0,0,17.0,-39,22.0,11.85,21.5,20.5,45.65833333333333,25,25,25,25,25,25,0,0,0,0,0,0,0,0.0,0,0,0.15515,0.011125,7.500000000000001e-05,11.03,95.6,0.0,0.0,1.688,222.1,2.918,1004,2.03,1.015
787.9166666666666,64.83333333333333,0.0,3,18.59166666666667,0,0,0.0,0.0,0,0.0,0.0,0,17.0,-39,22.0,11.25,21.366666666666667,20.5,45.49166666666667,25,25,25,25,25,25,0,0,0,0,0,0,0,0.0,0,0,0.109575,0.011125,5e-05,10.9,97.2,0.0,0.0,1.583,215.9,2.082,1003,2.03,1.015
822.25,65.08333333333333,0.0,2,18.375,0,0,0.0,0.0,0,0.0,0.0,0,17.0,-39,21.891666666666666,11.0,21.008333333333333,20.5,45.06666666666667,25,25,25,25,25,25,0,0,0,0,0,0,0,0.0,0,0,0.1165249999999999,0.011075,5e-05,10.56,96.7,0.0,0.0,1.542,196.6,2.5,1003,2.03,1.015
753.0833333333334,64.16666666666667,0.0,3,18.166666666666668,0,0,0.0,0.0,0,0.0,0.0,0,17.0,-39,21.508333333333333,10.516666666666667,21.0,20.5,44.9,25,25,25,25,25,25,0,0,0,0,0,0,0,0.0,0,0,0.16175,0.011025,2.5e-05,10.08,96.7,0.0,0.0,1.25,217.9,2.082,1003,2.03,1.015
784.9,65.3,22.4,14,17.98,0,0,0.0,0.0,0,0.0,0.0,0,17.0,-39,21.5,10.0,21.0,20.5,43.75833333333333,25,25,25,25,25,25,0,0,0,0,0,0,0,0.0,0,0,0.638225,0.01105,2.5e-05,9.92,92.3,0.0,0.0,1.938,228.2,3.332,1003,2.03,1.015
762.0833333333334,67.0,30.666666666666668,0,17.691666666666666,0,0,0.0,0.0,0,0.0,0.0,0,17.0,-39,20.891666666666666,9.7,20.891666666666666,20.5,40.25,25,25,25,25,25,25,0,0,0,0,0,0,0,0.0,0,0,0.156275,0.011075,5e-05,9.48,92.5,0.003,0.3318234,1.625,217.1,2.5,1003,35.03,33.34
555.5833333333334,66.41666666666667,251.0,0,17.808333333333334,0,0,0.0,0.0,0,0.0,0.0,0,17.0,-39,20.5,9.466666666666669,20.5,20.5,39.88333333333333,25,25,25,25,25,25,0,0,0,0,0,0,0,0.0,0,0,0.17035,0.011025,0.0001,9.55,86.6,0.063,3.79645,2.146,211.9,3.332,1002,494.8,477.0
454.6,64.7,392.9,0,18.47,0,0,0.0,0.0,0,0.0,0.0,0,17.533333333333335,-39,20.5,10.016666666666667,20.5,20.5,39.5,25,25,25,25,25,25,0,0,0,0,0,0,0,0.0,0,0,0.07495,0.0111,2.5e-05,9.34,91.1,0.163,9.717902,3.957,170.4,5.418,1001,956.0,923.0
431.0,61.27272727272727,425.7272727272728,0,19.072727272727278,0,0,0.0,0.0,0,0.0,0.0,0,18.691666666666663,-39,20.366666666666667,11.183333333333334,20.5,20.175,38.391666666666666,25,25,25,25,25,25,0,0,0,0,0,0,0,0.0,0,0,2.027375,0.010675,0.0,9.75,88.3,0.222,13.26134,4.332,175.2,6.25,1001,1257.0,1248.0
486.45454545454544,59.81818181818182,495.3636363636364,0,19.55454545454545,0,0,0.0,0.0,0,0.0,0.0,0,19.366666666666667,-39,20.441666666666663,12.383333333333333,20.5,20.316666666666663,37.7,25,25,25,25,25,25,0,0,0,0,0,0,0,0.0,0,0,0.246325,0.010825,2.5e-05,11.03,76.75,0.282,16.89767,3.979,205.5,5.832,1000,1257.0,1248.0
493.8,58.4,599.2,0,19.94,0,0,0.0,0.0,0,0.0,0.0,0,19.5,-39,20.5,11.083333333333334,20.5,20.5,37.4,25,25,25,25,25,25,0,0,0,0,0,0,0,0.0,0,0,0.18455,0.01055,7.500000000000001e-05,11.44,72.8,0.275,16.52275,4.832,190.5,7.082,998,1257.0,1248.0
482.9166666666667,56.16666666666666,498.5833333333333,0,19.808333333333334,0,0,0.0,0.0,0,0.0,0.0,0,19.08333333333333,-39,20.5,11.0,20.5,20.5,36.8,25,25,25,25,25,25,0,0,0,0,0,0,0,0.0,0,0,0.21285,0.010925,0.0,11.44,73.06,0.07,3.988022,4.582,191.1,7.5,997,532.0,513.5
458.45454545454544,55.36363636363637,53.09090909090909,0,18.92727272727273,0,0,0.0,0.0,0,0.0,0.0,0,18.48333333333333,-39,20.15833333333333,11.0,20.016666666666666,18.85,36.44166666666667,25,25,25,25,25,25,0,0,0,0,0,0,0,0.0,0,0,0.440125,0.01085,0.0,11.17,70.7,0.043,2.587901,7.0,182.9,11.25,995,353.8,340.0
433.2,55.5,1.8,0,18.09,0,0,0.0,0.0,0,0.0,0.0,0,18.008333333333333,-39,20.0,10.9,20.191666666666663,19.975,36.016666666666666,25,25,25,25,25,25,0,0,0,0,0,0,0,0.0,0,0,0.33155,0.010425,0.0,11.03,72.1,0.02,1.194416,7.5,178.1,10.83,993,124.0,119.6
638.5,57.16666666666666,2.583333333333333,4,17.849999999999998,2,24,400.0,0.3999999999999999,128,2133.333333333333,2.1333333333333333,0,18.0,-39,23.725,10.383333333333333,25.075,23.291666666666668,35.85,25,25,25,25,25,25,0,0,0,0,0,0,0,9.816666666666666,1,1,1.077575,0.4901999999999999,0.087325,10.42,78.5,0.0,0.0,6.332,156.9,9.17,991,2.2,1.015
725.1,58.0,15.7,10,18.6,2,108,1800.0,1.7999999999999998,316,5266.666666666666,5.266666666666667,0,18.28333333333333,-39,43.425,11.016666666666667,47.17083333333333,43.204166666666666,35.53333333333333,25,25,25,25,25,25,0,0,0,0,0,0,0,19.566666666666663,1,1,2.836375,1.362225,0.702525,10.56,82.3,0.0,0.0,7.188,174.4,10.0,989,2.03,1.015
781.6,57.9,11.4,9,19.44,1,90,1500.0,1.5,308,5133.333333333333,5.133333333333333,0,18.791666666666668,-39,42.075,11.75,43.075,43.333333333333336,42.275,25,25,25,25,25,25,0,0,0,0,0,0,0,12.15,1,1,2.514025,1.736975,0.0,10.76,90.0,0.0,0.0,6.707,165.8,12.08,987,2.2,1.015
1198.9166666666667,60.5,1.25,12,19.64166666666667,0,0,0.0,0.0,0,0.0,0.0,0,18.5,-39,28.508333333333333,12.0,25.991666666666667,27.78333333333333,49.05833333333333,25,25,25,25,25,25,0,0,0,0,0,0,0,0.0,0,0,1.18075,0.01075,0.0,11.64,89.4,0.0,0.0,9.48,174.4,12.92,985,2.03,1.015
1218.5,62.3,0.9,15,19.55,0,0,0.0,0.0,0,0.0,0.0,0,18.058333333333334,-39,25.58333333333333,12.0,23.55,24.75,48.85,25,25,25,25,25,25,0,0,0,0,0,0,0,0.0,0,0,0.3072499999999999,0.010775,0.0,11.57,96.3,0.0,0.0,6.27,177.8,8.75,984,2.03,1.015
841.0,61.333333333333336,0.5,13,19.291666666666668,0,0,0.0,0.0,0,0.0,0.0,0,18.0,-39,24.05,10.866666666666667,22.5,22.95,48.5,25,25,25,25,25,25,0,0,0,0,0,0,0,0.0,0,0,0.244875,0.01095,5e-05,11.91,99.7,0.0,0.0,5.438,184.0,7.082,984,2.03,1.015
696.25,58.16666666666666,0.75,3,18.941666666666663,0,0,0.0,0.0,0,0.0,0.0,0,18.0,-39,22.975,9.233333333333333,22.191666666666663,22.383333333333333,48.23333333333333,25,25,25,25,25,25,0,0,0,0,0,0,0,0.0,0,0,0.22475,0.011075,2.5e-05,10.63,82.0,0.0,0.0,3.793,283.2,7.918,986,2.03,1.015
793.4545454545455,57.45454545454545,0.0,0,18.88181818181818,0,0,0.0,0.0,0,0.0,0.0,0,17.9,-39,22.5,8.95,22.0,21.841666666666665,48.0,25,25,25,25,25,25,0,0,0,0,0,0,0,0.0,0,0,0.3281,0.011075,7.500000000000001e-05,9.82,80.2,0.0,0.0,2.312,280.5,4.168,987,2.031,1.015
954.5,57.333333333333336,1.0,2,18.9,0,0,0.0,0.0,0,0.0,0.0,0,17.5,-39,22.391666666666666,8.65,21.53333333333333,21.475,47.59166666666667,25,25,25,25,25,25,0,0,0,0,0,0,0,0.0,0,0,0.195175,0.0110499999999999,2.5e-05,9.69,73.6,0.0,0.0,1.792,302.2,2.5,987,2.031,1.015
1291.0833333333333,58.75,0.0,2,18.925,0,0,0.0,0.0,0,0.0,0.0,0,17.5,-39,22.0,8.0,21.48333333333333,21.03333333333333,47.35833333333333,25,25,25,25,25,25,0,0,0,0,0,0,0,0.0,0,0,0.225,0.011125,2.5e-05,8.5,71.7,0.0,0.0,2.457,302.0,4.168,988,2.031,1.015
1415.2727272727273,59.0,0.0,2,18.954545454545453,0,0,0.0,0.0,0,0.0,0.0,0,17.458333333333332,-39,21.758333333333333,8.0,21.008333333333333,20.916666666666668,47.0,25,25,25,25,25,25,0,0,0,0,0,0,0,0.0,0,0,0.31895,0.011,5e-05,7.316,71.9,0.0,0.0,1.021,302.0,1.25,988,2.031,1.015
1386.090909090909,59.36363636363637,0.0,2,18.736363636363635,0,0,0.0,0.0,0,0.0,0.0,0,17.0,-39,21.5,8.0,20.916666666666668,20.5,46.575,25,25,25,25,25,25,0,0,0,0,0,0,0,0.0,0,0,0.16335,0.01105,0.0001,7.52,76.44,0.0,0.0,1.833,286.5,3.332,988,2.2,1.015
1072.25,58.083333333333336,0.0,1,18.45833333333333,0,0,0.0,0.0,0,0.0,0.0,0,17.0,-39,21.4,8.0,20.508333333333333,20.5,46.275,25,25,25,25,25,25,0,0,0,0,0,0,0,0.0,0,0,0.2299999999999999,0.01085,2.5e-05,8.23,84.9,0.0,0.0,2.668,218.4,4.582,988,2.031,1.015
974.9090909090908,56.81818181818182,1.4545454545454546,7,18.200000000000003,0,0,0.0,0.0,0,0.0,0.0,0,16.933333333333334,-39,20.891666666666666,8.0,20.5,20.5,45.15,25,25,25,25,25,25,0,0,0,0,0,0,0,0.0,0,0,0.493875,0.010725,5e-05,7.793,84.4,0.0,0.0,1.75,224.8,2.5,988,2.031,1.015
867.6,59.5,29.1,21,18.08,1,103,1716.6666666666663,1.7166666666666666,288,4800.0,4.8,2,16.5,-39,32.24166666666667,7.316666666666666,35.525,31.725,30.870833333333334,25,25,25,25,25,25,0,0,0,0,0,0,0,18.0,1,0,2.5868,1.898025,0.107275,7.926,83.3,0.0,0.0,1.729,235.2,2.918,988,2.2,1.015
690.0833333333334,60.083333333333336,40.5,0,17.683333333333334,5,7,116.66666666666666,0.1166666666666666,34,566.6666666666666,0.5666666666666667,0,16.5,-39,24.3,5.8,19.73333333333333,19.15833333333333,49.15833333333333,25,25,25,25,25,25,0,0,0,0,0,0,0,16.166666666666668,1,0,0.322675,0.197475,2.5e-05,7.52,82.2,0.003,0.2555454,4.25,215.0,6.25,988,31.98,30.3
514.1818181818181,59.27272727272727,365.45454545454544,0,17.681818181818183,0,0,0.0,0.0,0,0.0,0.0,0,16.5,-39,23.48333333333333,7.983333333333333,22.08333333333333,20.308333333333334,49.0,25,25,25,25,25,25,0,0,0,0,0,0,0,0.0,0,0,0.1488,0.010675,0.0,7.996,75.75,0.083,4.915208,4.355,211.2,5.832,988,553.5,534.5
441.5833333333333,58.25,118.41666666666669,0,17.925,0,0,0.0,0.0,0,0.0,0.0,0,16.925,-39,23.475,8.0,21.091666666666665,20.683333333333334,48.85,25,25,25,25,25,25,0,0,0,0,0,0,0,0.0,0,0,0.0606499999999999,0.010875,7.500000000000001e-05,8.2,78.06,0.183,10.78172,4.355,217.1,6.25,988,1040.0,1004.0
424.9166666666667,58.833333333333336,239.66666666666663,0,17.675,0,0,0.0,0.0,0,0.0,0.0,0,16.691666666666666,-39,23.15,8.383333333333333,19.566666666666663,21.091666666666665,48.5,25,25,25,25,25,25,0,0,0,0,0,0,0,0.0,0,0,0.123725,0.01065,2.5e-05,7.758,82.3,0.056,3.384722,2.168,212.4,4.168,987,486.5,468.0
409.6666666666667,57.41666666666666,640.25,0,18.541666666666668,0,0,0.0,0.0,0,0.0,0.0,0,17.708333333333332,-39,23.0,10.766666666666667,19.558333333333334,20.5,48.46666666666667,25,25,25,25,25,25,0,0,0,0,0,0,0,0.0,0,0,0.168325,0.010775,7.500000000000001e-05,8.74,80.1,0.116,7.058239,3.75,198.4,5.418,986,886.0,855.0
403.9166666666667,55.66666666666666,915.75,0,19.60833333333333,0,0,0.0,0.0,0,0.0,0.0,0,18.0,-39,23.0,10.0,19.725,20.5,48.03333333333333,25,25,25,25,25,25,0,0,0,0,0,0,0,0.0,0,0,0.0766999999999999,0.0107,0.0,10.15,76.4,0.269,16.12462,3.75,216.0,6.668,986,1257.0,1248.0
400.25,54.0,1058.0833333333333,0,19.991666666666667,0,0,0.0,0.0,0,0.0,0.0,0,18.0,-39,22.816666666666663,10.0,19.5,20.5,47.99166666666667,25,25,25,25,25,25,0,0,0,0,0,0,0,0.0,0,0,0.10585,0.010825,5e-05,10.39,76.44,0.222,13.33765,3.979,187.2,7.082,985,1257.0,1248.0
401.27272727272725,53.90909090909091,332.72727272727275,0,19.42727272727273,0,0,0.0,0.0,0,0.0,0.0,0,17.725,-39,22.508333333333333,10.0,19.5,20.5,47.59166666666667,25,25,25,25,25,25,0,0,0,0,0,0,0,0.0,0,0,0.14525,0.0107,2.5e-05,10.56,74.06,0.07,6.828078,3.646,212.0,5.418,984,553.0,533.5
401.7272727272728,55.81818181818182,9.454545454545457,0,18.363636363636363,0,0,0.0,0.0,0,0.0,0.0,0,17.133333333333333,-39,22.5,9.15,19.5,20.5,47.49166666666667,25,25,25,25,25,25,0,0,0,0,0,0,0,0.0,0,0,0.07955,0.0109,2.5e-05,9.58,81.9,0.013,0.7962773,3.729,185.1,5.0,984,137.2,131.5
506.09090909090907,57.09090909090909,9.0,8,17.9,0,0,0.0,0.0,0,0.0,0.0,0,17.391666666666666,-39,22.5,9.0,19.5,20.5,47.13333333333333,25,25,25,25,25,25,0,0,0,0,0,0,0,0.0,0,0,0.945775,0.01075,2.5e-05,8.94,85.6,0.0,0.0,5.043,190.9,7.918,984,4.23,2.793
494.54545454545456,57.36363636363637,0.0,0,17.61818181818182,0,0,0.0,0.0,0,0.0,0.0,0,17.733333333333334,-39,22.325,9.0,19.5,20.5,46.958333333333336,25,25,25,25,25,25,0,0,0,0,0,0,0,0.0,0,0,0.966,0.010725,2.5e-05,8.57,88.0,0.0,0.0,1.792,197.8,3.332,983,2.031,1.015
443.27272727272725,57.81818181818182,0.0,0,17.327272727272728,0,0,0.0,0.0,0,0.0,0.0,0,18.78333333333333,-39,22.0,8.466666666666667,19.5,20.5,46.525,25,25,25,25,25,25,0,0,0,0,0,0,0,0.0,0,0,0.3125,0.011025,5e-05,8.27,88.5,0.0,0.0,3.812,161.8,5.0,983,2.031,1.015
456.9090909090909,58.0,0.9090909090909092,16,17.11818181818182,0,0,0.0,0.0,0,0.0,0.0,0,17.675,-39,22.0,8.1,19.466666666666665,20.341666666666665,46.45,25,25,25,25,25,25,0,0,0,0,0,0,0,0.0,0,0,0.2850749999999999,0.010975,7.500000000000001e-05,7.996,91.8,0.0,0.0,3.875,196.1,5.832,983,2.2,1.015
1039.6363636363635,58.54545454545455,4.909090909090909,14,17.854545454545452,0,0,0.0,0.0,0,0.0,0.0,0,17.3,-39,21.808333333333334,8.033333333333333,19.341666666666665,20.008333333333333,45.53333333333333,25,25,25,25,25,25,0,0,0,0,0,0,0,0.0,0,0,0.49795,0.010875,5e-05,7.926,91.1,0.0,0.0,1.896,216.5,2.5,982,2.031,1.015
1633.3333333333333,59.833333333333336,0.25,7,18.10833333333333,0,0,0.0,0.0,0,0.0,0.0,0,17.0,-39,21.5,8.0,19.5,20.0,44.95,25,25,25,25,25,25,0,0,0,0,0,0,0,0.0,0,0,0.2815,0.01105,2.5e-05,7.453,93.6,0.0,0.0,2.875,204.6,5.0,982,2.031,1.015
2130.3,61.2,0.0,1,18.24,0,0,0.0,0.0,0,0.0,0.0,0,16.858333333333334,-39,21.116666666666667,8.0,19.391666666666666,20.0,44.53333333333333,25,25,25,25,25,25,0,0,0,0,0,0,0,0.0,0,0,0.2845749999999999,0.011,2.5e-05,7.387,93.3,0.0,0.0,1.917,209.0,3.332,982,2.031,1.015
2441.583333333333,62.083333333333336,0.25,3,18.433333333333334,0,0,0.0,0.0,0,0.0,0.0,0,16.5,-39,21.0,7.966101694915254,19.0,19.73728813559322,44.440677966101696,25,25,25,25,25,25,0,0,0,0,0,0,0,0.0,0,0,0.1878,0.011,7.500000000000001e-05,6.64,95.6,0.0,0.0,1.771,188.2,3.332,983,2.031,1.015
2188.333333333333,61.91666666666666,0.0,7,18.525,0,0,0.0,0.0,0,0.0,0.0,0,16.5,-39,20.808333333333334,7.466666666666667,19.0,19.5,44.00833333333333,25,25,25,25,25,25,0,0,0,0,0,0,0,0.0,0,0,0.157575,0.01095,0.0001,6.37,96.0,0.0,0.0,2.5,196.9,4.582,983,2.2,1.015
2291.5,62.5,0.75,2,18.525,0,0,0.0,0.0,0,0.0,0.0,0,16.5,-39,20.5,7.15,18.991666666666667,19.5,43.9,25,25,25,25,25,25,0,0,0,0,0,0,0,0.0,0,0,0.282175,0.0111,2.5e-05,5.895,97.6,0.0,0.0,1.354,195.2,2.5,983,2.031,1.015
2719.9166666666665,63.083333333333336,1.0,2,18.65,0,0,0.0,0.0,0,0.0,0.0,0,16.35,-39,20.5,7.133333333333334,18.55,19.316666666666663,43.50833333333333,25,25,25,25,25,25,0,0,0,0,0,0,0,0.0,0,0,0.203975,0.011125,5e-05,5.496,98.4,0.0,0.0,1.979,177.2,2.918,983,2.031,1.016
3021.333333333333,64.0,1.5,2,18.683333333333334,0,0,0.0,0.0,0,0.0,0.0,0,16.0,-39,20.5,7.133333333333334,18.5,19.008333333333333,43.35833333333333,25,25,25,25,25,25,0,0,0,0,0,0,0,0.0,0,0,0.106525,0.011125,5e-05,5.902,98.7,0.0,0.0,2.729,172.8,3.332,983,2.031,1.016
3195.583333333333,65.0,0.0,3,18.508333333333333,0,0,0.0,0.0,0,0.0,0.0,0,16.0,-39,20.5,7.0,18.5,19.0,43.00833333333333,25,25,25,25,25,25,0,0,0,0,0,0,0,0.0,0,0,0.18115,0.01115,2.5e-05,5.8,98.7,0.0,0.0,1.292,171.8,1.667,983,2.031,1.016
3341.25,65.83333333333333,1.0833333333333333,9,18.291666666666668,0,0,0.0,0.0,0,0.0,0.0,0,16.0,-39,20.5,7.0,18.5,18.991666666666667,42.8,25,25,25,25,25,25,0,0,0,0,0,0,0,0.0,0,0,0.209775,0.010875,5e-05,5.938,99.7,0.0,0.0,0.792,195.8,1.25,983,2.031,1.016
1200.0,61.6,7.5,20,17.75,0,7,116.66666666666666,0.1166666666666666,25,416.6666666666666,0.4166666666666666,2,16.0,-39,19.9,6.966666666666667,19.125,18.866666666666667,36.34166666666667,25,25,25,25,25,25,0,0,0,0,0,0,0,5.05,1,0,1.5829,0.15735,0.0589,6.38,96.1,0.0,0.0,1.938,196.6,2.918,984,2.031,1.016
678.9090909090909,60.81818181818182,20.90909090909091,0,17.136363636363637,1,82,1366.6666666666663,1.3666666666666667,229,3816.6666666666665,3.8166666666666655,0,16.0,-39,33.525,5.966666666666667,34.166666666666664,31.15833333333333,42.93333333333333,25,25,25,25,25,25,0,0,0,0,0,0,0,19.03333333333333,1,0,1.7398,1.598175,0.0,5.973,98.0,0.007,0.3982707,2.625,187.8,3.75,984,29.28,27.6
516.8181818181819,60.0,153.0,0,17.05454545454546,0,0,0.0,0.0,0,0.0,0.0,0,16.0,-39,23.10833333333333,7.866666666666666,20.675,19.25,49.28333333333333,25,25,25,25,25,25,0,0,0,0,0,0,0,1.8833333333333333,0,0,0.0885249999999999,0.017075,7.500000000000001e-05,6.574,95.7,0.043,2.548932,1.792,194.4,2.5,984,320.8,308.2
452.5833333333333,58.91666666666666,369.8333333333333,0,17.25,0,0,0.0,0.0,0,0.0,0.0,0,16.3,-39,22.5,8.816666666666666,19.9,20.075,49.0,25,25,25,25,25,25,0,0,0,0,0,0,0,0.0,0,0,0.0581,0.01065,5e-05,7.25,91.2,0.129,7.201386,2.75,184.9,4.168,984,843.0,815.0
425.75,58.0,257.8333333333333,0,17.575,0,0,0.0,0.0,0,0.0,0.0,0,16.5,-39,22.5,9.383333333333333,18.5,20.275,48.9,25,25,25,25,25,25,0,0,0,0,0,0,0,0.0,0,0,0.1836249999999999,0.010675,0.0,8.06,86.4,0.249,14.09245,3.396,169.9,4.168,983,1257.0,1248.0
415.8181818181818,57.27272727272727,622.6363636363636,0,18.163636363636364,0,0,0.0,0.0,0,0.0,0.0,0,16.875,-39,22.5,11.433333333333334,18.641666666666666,20.0,48.5,25,25,25,25,25,25,0,0,0,0,0,0,0,0.0,0,0,0.058575,0.01075,5e-05,8.16,89.3,0.289,17.05053,2.188,163.6,3.332,983,1256.0,1248.0
407.7,55.3,891.1,0,19.15,0,0,0.0,0.0,0,0.0,0.0,0,17.366666666666667,-39,22.5,10.316666666666666,18.616666666666667,20.0,48.46666666666667,25,25,25,25,25,25,0,0,0,0,0,0,0,0.0,0,0,0.0643,0.010825,5e-05,9.27,86.2,0.269,16.12462,1.958,163.6,3.332,983,1257.0,1248.0
409.0,53.333333333333336,727.9166666666666,0,19.341666666666665,0,0,0.0,0.0,0,0.0,0.0,0,17.258333333333333,-39,22.5,10.033333333333331,18.5,20.0,48.016666666666666,25,25,25,25,25,25,0,0,0,0,0,0,0,0.0,0,0,0.183475,0.010725,5e-05,9.71,83.4,0.229,13.73578,1.729,181.8,3.332,982,1257.0,1248.0
422.5,54.25,173.58333333333334,0,18.575,0,0,0.0,0.0,0,0.0,0.0,0,16.758333333333333,-39,22.316666666666663,10.0,18.5,20.0,47.98333333333333,25,25,25,25,25,25,0,0,0,0,0,0,0,0.0,0,0,1.1679,0.01055,0.0,9.71,81.2,0.076,4.711308,1.938,207.9,2.918,983,619.0,597.5
502.5,59.875,8.5,0,17.875,0,0,0.0,0.0,0,0.0,0.0,0,16.5,-39,22.0,9.883333333333333,18.841666666666665,19.98333333333333,47.46666666666667,25,25,25,25,25,25,0,0,0,0,0,0,0,0.0,0,0,1.6572,0.0102,0.0,9.27,85.3,0.033,1.990693,1.125,175.4,1.667,983,200.2,193.1
562.4166666666666,62.25,0.0,2,17.64166666666667,2,69,1150.0,1.15,200,3333.333333333333,3.333333333333333,0,16.883333333333333,-39,27.366666666666667,8.1,28.65,26.33333333333333,46.641666666666666,25,25,25,25,25,25,0,0,0,0,0,0,0,14.266666666666667,1,1,2.13265,0.789075,0.515275,8.94,87.7,0.0,0.0,0.313,218.1,0.833,983,3.893,2.537
715.1666666666666,63.083333333333336,5.0,13,18.33333333333333,2,117,1950.0,1.95,290,4833.333333333333,4.833333333333333,0,17.841666666666665,-39,44.25,6.8,47.833333333333336,44.06666666666667,45.391666666666666,25,25,25,25,25,25,0,0,0,0,0,0,0,19.433333333333334,1,1,2.6691,1.48865,0.84725,7.758,92.9,0.0,0.0,0.375,122.8,0.833,983,2.031,1.015
683.6363636363636,61.90909090909091,2.727272727272727,8,18.8,2,61,1016.6666666666664,1.0166666666666664,262,4366.666666666666,4.366666666666666,0,18.391666666666666,-39,46.391666666666666,6.25,49.75,46.333333333333336,45.0,25,25,25,25,25,25,0,0,0,0,0,0,0,19.416666666666668,1,1,2.038775,1.7843,0.0,6.504,97.2,0.0,0.0,0.438,62.62,0.833,984,2.031,1.015
1329.2727272727273,65.0,20.181818181818183,23,19.80909090909091,1,79,1316.6666666666663,1.3166666666666664,323,5383.333333333333,5.383333333333333,2,18.6,-39,35.825,6.916666666666667,41.05833333333333,36.84166666666667,30.58333333333333,25,25,25,25,25,25,0,0,0,0,0,0,0,19.183333333333334,1,1,2.3533,1.92215,0.0,7.01,93.7,0.0,0.0,0.479,203.6,1.25,984,1.946,1.015
1488.2,64.3,6.8,16,19.95,5,51,850.0,0.8500000000000001,106,1766.6666666666663,1.7666666666666666,0,18.1,-39,32.675,4.083333333333333,31.375,29.975,47.925,25,25,25,25,25,25,0,0,0,0,0,0,0,19.066666666666663,1,0,1.893925,0.9123,0.0,6.03,97.1,0.0,0.0,0.646,51.03,0.833,984,1.777,1.015
2048.9166666666665,65.25,0.25,15,19.925,5,0,0.0,0.0,0,0.0,0.0,0,17.8,-39,25.008333333333333,3.7666666666666666,20.58333333333333,20.508333333333333,48.78333333333333,25,25,25,25,25,25,0,0,0,0,0,0,0,19.0,0,0,0.355575,0.069275,2.5e-05,5.9,97.9,0.0,0.0,0.125,254.4,0.417,985,2.031,1.015
2540.090909090909,66.36363636363636,0.0,5,19.845454545454547,5,0,0.0,0.0,0,0.0,0.0,0,17.491666666666667,-39,23.475,3.883333333333333,18.95,18.883333333333333,48.5,25,25,25,25,25,25,0,0,0,0,0,0,0,18.975,0,0,0.28525,0.0693,7.500000000000001e-05,4.684,100.0,0.0,0.0,0.104,28.95,0.417,985,1.693,1.016
2809.25,68.41666666666667,0.5,1,19.675,5,0,0.0,0.0,0,0.0,0.0,0,17.0,-39,22.55,4.0,18.45833333333333,18.383333333333333,48.41666666666666,25,25,25,25,25,25,0,0,0,0,0,0,0,18.98333333333333,0,0,0.20445,0.06925,7.500000000000001e-05,4.55,100.0,0.0,0.0,0.0,0.0,0.0,986,2.115,1.016
2902.583333333333,69.0,0.75,2,19.60833333333333,5,0,0.0,0.0,0,0.0,0.0,0,17.0,-39,22.191666666666663,4.433333333333334,17.95,17.866666666666667,48.00833333333333,25,25,25,25,25,25,0,0,0,0,0,0,0,18.95,0,0,0.277525,0.069275,7.500000000000001e-05,3.74,100.0,0.0,0.0,0.25,26.69,0.417,986,2.54,1.016
2905.2727272727275,69.0,0.0,4,19.49090909090909,5,0,0.0,0.0,0,0.0,0.0,0,16.841666666666665,-39,21.691666666666663,5.0,17.5,17.5,47.9,25,25,25,25,25,25,0,0,0,0,0,0,0,19.0,0,0,0.263675,0.0693,5e-05,3.506,100.0,0.0,0.0,0.0,0.0,0.0,986,1.693,1.016
2923.090909090909,69.27272727272727,0.0,1,19.3,5,0,0.0,0.0,0,0.0,0.0,0,16.5,-39,21.391666666666666,5.0,17.15,17.041666666666668,47.5,25,25,25,25,25,25,0,0,0,0,0,0,0,18.933333333333334,0,0,0.2082999999999999,0.069275,2.5e-05,3.236,100.0,0.0,0.0,0.021,107.0,0.417,987,1.693,1.016
2766.1,69.4,0.0,4,19.31,5,0,0.0,0.0,0,0.0,0.0,0,16.5,-39,21.0,5.0,17.0,17.0,47.43333333333333,25,25,25,25,25,25,0,0,0,0,0,0,0,18.9,0,0,0.280425,0.069175,2.5e-05,2.66,100.0,0.0,0.0,0.771,19.25,1.25,987,2.031,1.016
2780.4166666666665,69.0,0.0,2,19.15833333333333,5,0,0.0,0.0,0,0.0,0.0,0,16.5,-39,20.941666666666663,5.016666666666667,16.908333333333335,16.65,47.00416666666667,25,25,25,25,25,25,0,0,0,0,0,0,0,18.875,0,0,0.241575,0.0691249999999999,2.5e-05,3.135,100.0,0.0,0.0,0.0,0.0,0.0,987,2.031,1.016
2760.2727272727275,69.0,2.363636363636364,5,19.06363636363637,5,0,0.0,0.0,0,0.0,0.0,0,16.316666666666666,-39,20.5,5.25,16.508333333333333,16.5,46.49166666666667,25,25,25,25,25,25,0,0,0,0,0,0,0,18.866666666666667,0,0,0.328525,0.069275,7.500000000000001e-05,3.303,100.0,0.0,0.0,0.833,103.3,1.25,987,1.693,1.016
1467.7272727272727,67.36363636363636,20.727272727272727,12,19.4,5,0,0.0,0.0,0,0.0,0.0,0,16.0,-39,19.975,5.05,16.5,16.5,43.53333333333333,25,25,25,25,25,25,0,0,0,0,0,0,0,18.883333333333333,0,0,0.8290249999999999,0.0692,0.0,3.773,100.0,0.0,0.0,0.375,88.4,0.833,988,1.777,1.016
605.0909090909091,57.90909090909091,10.272727272727272,0,17.845454545454547,5,0,0.0,0.0,0,0.0,0.0,0,16.0,-39,18.941666666666663,5.0,16.5,16.5,42.54166666666666,25,25,25,25,25,25,0,0,0,0,0,0,0,18.866666666666667,0,0,0.212525,0.069075,0.0,3.469,100.0,0.0,0.0,0.896,54.0,1.667,989,18.45,16.77
643.1666666666666,60.583333333333336,142.41666666666666,3,17.650000000000002,5,0,0.0,0.0,0,0.0,0.0,0,16.0,-39,18.5,5.6,16.5,16.5,42.208333333333336,25,25,25,25,25,25,0,0,0,0,0,0,0,18.95,0,0,0.347775,0.069025,2.5e-05,3.33,100.0,0.05,2.761345,0.563,38.47,0.833,989,347.8,334.0
599.75,62.0,136.16666666666666,0,17.85833333333333,5,0,0.0,0.0,0,0.0,0.0,0,16.0,-39,18.5,5.933333333333334,16.5,16.5,41.75,25,25,25,25,25,25,0,0,0,0,0,0,0,18.916666666666668,0,0,0.15065,0.069225,0.0,3.871,100.0,0.076,4.948516,1.5,38.28,2.082,989,594.0,572.5
557.8,61.6,316.5,0,18.22,0,0,0.0,0.0,0,0.0,0.0,0,16.425,-39,18.5,7.816666666666666,17.308333333333334,16.841666666666665,41.25833333333333,25,25,25,25,25,25,0,0,0,0,0,0,0,5.333333333333333,0,0,0.059275,0.0281499999999999,2.5e-05,4.746,100.0,0.189,10.68694,0.938,351.8,1.25,990,1256.0,1247.0
524.0909090909091,60.45454545454545,433.09090909090907,0,19.327272727272728,0,0,0.0,0.0,0,0.0,0.0,0,16.983333333333334,-39,18.5,11.133333333333333,18.78333333333333,18.366666666666667,40.725,25,25,25,25,25,25,0,0,0,0,0,0,0,0.0,0,0,0.1339,0.0106249999999999,5e-05,6.504,100.0,0.262,16.74101,1.688,164.2,2.082,990,1257.0,1248.0
504.4166666666667,59.5,601.75,0,19.85833333333333,0,0,0.0,0.0,0,0.0,0.0,0,17.0,-39,18.5,10.066666666666666,20.0,18.5,40.16666666666666,25,25,25,25,25,25,0,0,0,0,0,0,0,0.0,0,0,0.041925,0.010725,2.5e-05,8.05,91.0,0.209,12.09678,0.854,221.4,1.25,991,1257.0,1248.0
482.6666666666667,58.5,990.0,0,20.225,0,0,0.0,0.0,0,0.0,0.0,0,17.0,-39,18.5,10.116666666666667,20.60833333333333,18.5,39.63333333333333,25,25,25,25,25,25,0,0,0,0,0,0,0,0.0,0,0,0.092575,0.01065,7.500000000000001e-05,9.64,86.9,0.196,11.46639,0.375,54.4,0.833,991,1257.0,1239.0
470.3,56.6,989.1,0,20.33,0,0,0.0,0.0,0,0.0,0.0,0,16.891666666666666,-39,18.5,10.683333333333334,21.041666666666668,18.5,39.1,25,25,25,25,25,25,0,0,0,0,0,0,0,0.0,0,0,0.12675,0.01085,7.500000000000001e-05,9.94,88.7,0.146,9.051018,0.458,49.1,0.833,991,963.0,930.0
455.5,57.66666666666666,13.333333333333334,0,19.241666666666667,0,0,0.0,0.0,0,0.0,0.0,0,16.5,-39,18.5,10.033333333333331,21.48333333333333,18.5,38.575,25,25,25,25,25,25,0,0,0,0,0,0,0,0.0,0,0,0.139325,0.010875,2.5e-05,10.76,78.5,0.027,1.592555,1.521,306.5,2.082,991,188.1,180.4
454.5,59.2,1.0,0,18.52,2,38,633.3333333333333,0.6333333333333333,163,2716.6666666666665,2.7166666666666663,0,16.5,-39,25.016666666666666,8.25,27.65833333333333,24.7,38.03333333333333,25,25,25,25,25,25,0,0,0,0,0,0,0,13.916666666666666,1,1,1.070325,0.72445,0.1827,8.29,93.7,0.0,0.0,0.896,3.127,1.25,992,4.23,2.537
638.3636363636364,59.54545454545455,9.0,16,18.454545454545453,1,103,1716.6666666666663,1.7166666666666666,355,5916.666666666666,5.916666666666666,2,16.925,-39,35.30833333333333,7.033333333333333,39.74166666666667,35.208333333333336,34.483333333333334,25,25,25,25,25,25,0,0,0,0,0,0,0,19.05,1,1,2.5498,2.16725,0.0,7.62,95.3,0.0,0.0,0.542,4.383,0.833,993,2.031,1.015
565.3636363636364,59.72727272727273,0.0,0,18.11818181818182,2,11,183.3333333333333,0.1833333333333333,177,2950.0,2.95,0,16.908333333333335,-39,31.933333333333334,7.741666666666666,34.32083333333333,31.841666666666665,49.5,25,25,25,25,25,25,0,0,0,0,0,0,0,19.016666666666666,1,1,0.960525,0.7666999999999999,0.0,7.656,96.5,0.0,0.0,1.313,27.55,1.667,993,2.2,1.015
799.0,60.25,26.166666666666668,21,18.541666666666668,2,44,733.3333333333333,0.7333333333333332,259,4316.666666666666,4.316666666666666,0,17.683333333333334,-39,37.11666666666667,7.3,40.516666666666666,37.016666666666666,49.28333333333333,25,25,25,25,25,25,0,0,0,0,0,0,0,19.15,1,1,3.39465,1.3393,0.0,8.47,92.6,0.0,0.0,1.896,322.0,3.75,994,2.031,1.015
1478.1818181818182,60.90909090909091,12.272727272727272,10,19.87272727272727,0,2,33.33333333333333,0.0333333333333333,4,66.66666666666666,0.0666666666666666,0,18.33333333333333,-39,29.758333333333333,8.816666666666666,38.21666666666667,37.28333333333333,49.0,25,25,25,25,25,25,0,0,0,0,0,0,0,0.3333333333333333,1,0,0.593075,0.0477,2.5e-05,8.23,92.8,0.0,0.0,2.271,305.0,3.75,995,2.54,1.015
1545.909090909091,60.0,0.5454545454545454,14,19.854545454545452,0,0,0.0,0.0,0,0.0,0.0,0,17.933333333333334,-39,25.675,9.0,27.516666666666666,25.10833333333333,48.708333333333336,25,25,25,25,25,25,0,0,0,0,0,0,0,0.0,0,0,0.351775,0.01075,2.5e-05,8.54,91.5,0.0,0.0,2.729,337.0,4.168,996,2.031,1.015
1877.9,61.3,0.6,4,19.7,0,0,0.0,0.0,0,0.0,0.0,0,17.5,-39,23.675,8.666666666666666,23.70833333333333,21.1,48.5,25,25,25,25,25,25,0,0,0,0,0,0,0,0.0,0,0,0.364025,0.010975,5e-05,8.06,94.5,0.0,0.0,2.0,348.2,2.918,997,2.2,1.015
2174.6666666666665,63.75,0.5,2,19.616666666666667,0,0,0.0,0.0,0,0.0,0.0,0,17.341666666666665,-39,22.55,8.0,21.766666666666666,20.491666666666667,48.2,25,25,25,25,25,25,0,0,0,0,0,0,0,0.0,0,0,0.424975,0.011,2.5e-05,7.656,89.3,0.0,0.0,2.375,354.5,3.332,997,1.777,1.015
2359.5,64.8,1.2,1,19.67,0,0,0.0,0.0,0,0.0,0.0,0,17.0,-39,22.3,8.0,21.075,19.683333333333334,48.0,25,25,25,25,25,25,0,0,0,0,0,0,0,0.0,0,0,0.257375,0.011,0.0,7.895,83.6,0.0,0.0,1.792,336.0,2.918,998,1.777,1.015
2506.909090909091,65.54545454545455,0.0,1,19.6,0,0,0.0,0.0,0,0.0,0.0,0,16.858333333333334,-39,21.775,7.266666666666667,20.5,19.075,47.61666666666667,25,25,25,25,25,25,0,0,0,0,0,0,0,0.0,0,0,0.273925,0.011025,7.500000000000001e-05,7.52,84.6,0.0,0.0,1.417,328.5,2.082,998,1.777,1.015
2489.0,65.45454545454545,0.0,2,19.62727272727273,0,0,0.0,0.0,0,0.0,0.0,0,16.5,-39,21.5,6.933333333333334,20.391666666666666,18.816666666666663,47.475,25,25,25,25,25,25,0,0,0,0,0,0,0,0.0,0,0,0.34665,0.01095,2.5e-05,7.082,81.2,0.0,0.0,3.062,309.8,4.168,999,2.031,1.015
2397.9166666666665,65.75,0.0,2,19.441666666666663,0,0,0.0,0.0,0,0.0,0.0,0,16.5,-39,21.15,6.3,20.0,18.5,47.05,25,25,25,25,25,25,0,0,0,0,0,0,0,0.0,0,0,0.227325,0.010975,7.500000000000001e-05,7.25,77.75,0.0,0.0,2.896,304.5,4.168,999,1.862,1.015
2386.333333333333,66.08333333333333,0.0,2,19.191666666666663,0,0,0.0,0.0,0,0.0,0.0,0,16.5,-39,20.991666666666667,6.1,19.841666666666665,18.5,46.94166666666667,25,25,25,25,25,25,0,0,0,0,0,0,0,0.0,0,0,0.2310249999999999,0.01105,5e-05,7.52,75.5,0.0,0.0,2.625,335.0,3.75,1000,2.031,1.015
2487.083333333333,66.83333333333333,2.5,9,19.116666666666667,0,0,0.0,0.0,0,0.0,0.0,0,16.408333333333335,-39,20.70833333333333,6.0,19.5,18.5,46.50833333333333,25,25,25,25,25,25,0,0,0,0,0,0,0,0.0,0,0,0.3566749999999999,0.010925,5e-05,6.574,77.56,0.0,0.0,2.457,296.0,3.75,1000,2.031,1.015
995.0833333333334,59.75,16.75,13,18.641666666666666,0,0,0.0,0.0,0,0.0,0.0,0,16.0,-39,20.391666666666666,6.0,19.441666666666663,18.5,44.5,25,25,25,25,25,25,0,0,0,0,0,0,0,0.0,0,0,0.2222,0.011,0.0001,6.27,79.0,0.0,0.0,1.792,301.5,2.918,1001,2.031,1.015
533.0833333333334,56.16666666666666,20.0,0,17.566666666666666,0,0,0.0,0.0,0,0.0,0.0,0,16.0,-39,19.75,6.0,19.0,18.491666666666667,43.15,25,25,25,25,25,25,0,0,0,0,0,0,0,0.0,0,0,0.158075,0.010675,2.5e-05,6.504,77.94,0.003,0.1991353,2.396,304.2,3.332,1002,22.17,20.14
459.6363636363636,55.0,225.72727272727272,0,17.354545454545455,0,0,0.0,0.0,0,0.0,0.0,0,16.0,-39,19.5,6.083333333333333,18.85,18.058333333333334,42.86666666666667,25,25,25,25,25,25,0,0,0,0,0,0,0,0.0,0,0,0.1303,0.010725,7.500000000000001e-05,6.98,77.9,0.056,3.216036,1.688,305.8,2.5,1002,382.0,367.2
446.1818181818182,55.0,429.3636363636364,0,17.900000000000002,0,0,0.0,0.0,0,0.0,0.0,0,16.458333333333332,-39,19.48333333333333,7.85,18.5,18.0,42.25833333333333,25,25,25,25,25,25,0,0,0,0,0,0,0,0.0,0,0,0.202375,0.010375,0.0,7.758,75.9,0.146,8.664624,2.707,303.8,4.168,1003,826.0,798.0
467.8,54.7,454.5,1,18.94,0,0,0.0,0.0,0,0.0,0.0,0,17.0,-39,19.008333333333333,9.983333333333333,18.5,18.0,40.16666666666666,25,25,25,25,25,25,0,0,0,0,0,0,0,0.0,0,0,0.343325,0.0107,2.5e-05,9.21,72.2,0.222,13.29469,2.229,309.8,3.332,1003,1257.0,1248.0
430.7272727272728,48.09090909090909,448.54545454545456,6,19.454545454545453,0,0,0.0,0.0,0,0.0,0.0,0,17.0,-39,18.633333333333333,12.75,18.5,18.225,36.375,25,25,25,25,25,25,0,0,0,0,0,0,0,0.0,0,0,0.38615,0.010575,0.0,9.95,68.0,0.262,15.71984,2.438,327.0,3.75,1004,1257.0,1248.0
438.4,47.0,403.8,20,18.87,0,0,0.0,0.0,0,0.0,0.0,0,17.066666666666666,-39,18.5,10.133333333333333,18.5,18.5,35.94166666666667,25,25,25,25,25,25,0,0,0,0,0,0,0,0.0,0,0,0.3137,0.0108,5e-05,10.29,68.6,0.196,17.31903,3.625,301.0,6.25,1005,1203.0,1162.0
484.4,48.4,384.4,8,18.9,0,0,0.0,0.0,0,0.0,0.0,0,17.808333333333334,-39,18.5,9.583333333333334,18.5,18.1,35.5,25,25,25,25,25,25,0,0,0,0,0,0,0,0.0,0,0,0.192725,0.01085,2.5e-05,9.41,76.1,0.196,11.74841,1.938,328.5,4.582,1005,1257.0,1248.0
431.0,48.5,125.7,0,17.96,0,0,0.0,0.0,0,0.0,0.0,0,17.058333333333334,-39,18.5,9.0,18.5,17.716666666666665,35.233333333333334,25,25,25,25,25,25,0,0,0,0,0,0,0,0.0,0,0,0.4871,0.01075,2.5e-05,8.8,79.9,0.04,2.747157,2.396,32.72,2.918,1006,266.8,256.2
477.44444444444446,50.0,11.77777777777778,11,17.288888888888888,0,0,0.0,0.0,0,0.0,0.0,0,16.858333333333334,-39,18.5,8.733333333333333,18.5,17.5,34.49166666666667,25,25,25,25,25,25,0,0,0,0,0,0,0,0.0,0,0,0.5708,0.010575,5e-05,8.39,78.75,0.036,2.378927,2.479,352.2,4.168,1007,204.6,197.1
690.25,52.5,25.5,11,17.541666666666668,1,90,1499.9999999999998,1.4999999999999998,293,4883.333333333333,4.883333333333333,2,16.5,-39,30.35,6.216666666666667,34.175,30.28333333333333,31.35,25,25,25,25,25,25,0,0,0,0,0,0,0,18.3,1,0,2.491775,1.859975,0.123375,7.35,81.0,0.0,0.0,1.354,305.0,2.082,1008,3.555,2.2
493.3636363636364,50.72727272727273,0.0,0,16.745454545454546,2,64,1066.6666666666663,1.0666666666666669,166,2766.6666666666665,2.7666666666666666,2,16.15,-39,23.891666666666666,6.516666666666667,27.066666666666663,24.60833333333333,48.208333333333336,25,25,25,25,25,25,0,0,0,0,0,0,0,16.5,1,1,1.746925,1.07195,0.182275,6.504,83.8,0.0,0.0,1.667,318.5,2.5,1009,1.946,1.015
534.7272727272727,53.54545454545455,0.0,2,16.90909090909091,2,1,16.666666666666664,0.0166666666666666,127,2116.6666666666665,2.1166666666666667,0,16.491666666666667,-39,31.15833333333333,5.1,33.325,31.466666666666665,48.5,25,25,25,25,25,25,0,0,0,0,0,0,0,19.03333333333333,1,1,0.91605,0.730625,0.0,6.777,79.9,0.0,0.0,1.167,343.8,1.667,1010,2.031,1.015
506.45454545454544,55.0,0.0,0,17.09090909090909,5,0,0.0,0.0,14,233.3333333333333,0.2333333333333332,0,16.741666666666667,-39,24.90833333333333,6.233333333333333,25.116666666666667,24.85833333333333,48.225,25,25,25,25,25,25,0,0,0,0,0,0,0,19.0,1,1,0.220275,0.153375,7.500000000000001e-05,6.473,79.4,0.0,0.0,1.396,311.2,2.082,1011,2.031,1.015
474.3636363636364,55.0,0.0,0,16.89090909090909,5,0,0.0,0.0,0,0.0,0.0,0,16.466666666666665,-39,22.25,6.0,18.933333333333334,18.85833333333333,48.0,25,25,25,25,25,25,0,0,0,0,0,0,0,18.98333333333333,0,0,0.225125,0.0692,5e-05,6.37,80.0,0.0,0.0,1.917,312.2,2.918,1011,1.777,1.015
459.9090909090909,55.18181818181818,0.0,0,16.70909090909091,2,23,383.33333333333326,0.3833333333333332,146,2433.333333333333,2.433333333333333,2,16.133333333333333,-39,24.90833333333333,5.6,26.85,24.95,47.65833333333333,25,25,25,25,25,25,0,0,0,0,0,0,0,19.016666666666666,1,1,0.919625,0.81715,2.5e-05,5.73,83.7,0.0,0.0,0.271,7.746,0.417,1011,1.692,1.015
454.1,56.0,0.0,0,16.9,2,0,0.0,0.0,121,2016.6666666666663,2.0166666666666666,2,16.5,-39,28.95,5.1,31.266666666666666,29.65,47.5,25,25,25,25,25,25,0,0,0,0,0,0,0,19.0,1,1,0.786125,0.712125,0.0,5.227,83.9,0.0,0.0,1.479,284.0,1.667,1012,2.031,1.016
447.3333333333333,55.66666666666666,0.0,0,17.016666666666666,5,0,0.0,0.0,35,583.3333333333333,0.5833333333333333,0,16.7,-39,25.98333333333333,5.5,27.48333333333333,26.85,47.325,25,25,25,25,25,25,0,0,0,0,0,0,0,19.016666666666666,1,1,0.337,0.27585,2.5e-05,4.82,84.3,0.0,0.0,0.5,301.5,0.833,1012,2.031,1.016
444.1818181818182,54.36363636363637,0.0,0,16.836363636363636,5,0,0.0,0.0,0,0.0,0.0,0,16.466666666666665,-39,22.291666666666668,5.266666666666667,19.641666666666666,19.55,47.0,25,25,25,25,25,25,0,0,0,0,0,0,0,18.98333333333333,0,0,0.174625,0.0695,5e-05,4.113,89.6,0.0,0.0,0.083,273.5,0.417,1012,2.031,1.016
690.1,55.0,4.6,14,16.85,2,24,400.0,0.3999999999999999,138,2300.0,2.3,2,16.108333333333334,-39,23.625,5.283333333333333,26.125,24.383333333333333,46.833333333333336,25,25,25,25,25,25,0,0,0,0,0,0,0,19.0,1,1,0.9317,0.72445,2.5e-05,4.69,97.4,0.0,0.0,1.417,214.8,2.082,1013,2.031,1.016
1466.6666666666667,57.25,0.5,0,17.783333333333335,2,8,133.33333333333331,0.1333333333333333,101,1683.3333333333333,1.6833333333333331,0,16.5,-39,28.691666666666663,4.566666666666666,30.58333333333333,29.08333333333333,46.5,25,25,25,25,25,25,0,0,0,0,0,0,0,19.016666666666666,1,1,0.8350500000000001,0.66165,0.0,4.043,98.6,0.0,0.0,0.875,176.0,1.667,1012,1.693,1.016
2063.7,58.5,3.0,0,18.28,2,0,0.0,0.0,98,1633.333333333333,1.633333333333333,0,16.575,-39,28.77083333333333,5.35,30.370833333333334,28.9375,46.45,25,25,25,25,25,25,0,0,0,0,0,0,0,19.03333333333333,1,1,0.80735,0.625875,0.0,4.62,99.0,0.0,0.0,1.417,171.5,2.082,1012,2.031,1.016
2369.909090909091,59.36363636363637,2.1818181818181817,3,18.472727272727276,5,0,0.0,0.0,20,333.3333333333333,0.3333333333333332,0,16.7,-39,24.45,5.783333333333333,25.28333333333333,24.85833333333333,46.03333333333333,25,25,25,25,25,25,0,0,0,0,0,0,0,19.0,1,1,0.345725,0.17955,5e-05,3.941,98.9,0.0,0.0,1.208,148.2,2.5,1012,1.777,1.016
2652.5,59.66666666666666,0.5,2,18.391666666666666,5,0,0.0,0.0,0,0.0,0.0,0,16.5,-39,21.841666666666665,6.0,19.20833333333333,19.116666666666667,45.84166666666667,25,25,25,25,25,25,0,0,0,0,0,0,0,19.0,0,0,0.241725,0.069175,7.500000000000001e-05,4.887,99.3,0.0,0.0,1.583,184.5,2.918,1010,1.862,1.016
2781.181818181818,60.18181818181818,0.0,1,18.19090909090909,2,17,283.3333333333333,0.2833333333333332,107,1783.3333333333333,1.783333333333333,2,16.125,-39,23.23333333333333,6.166666666666667,24.375,22.925,45.5,25,25,25,25,25,25,0,0,0,0,0,0,0,19.016666666666666,1,1,0.7099,0.568525,0.0,5.023,94.8,0.0,0.0,2.688,184.2,4.168,1010,1.693,1.016
2751.181818181818,61.0,0.0,5,18.354545454545452,2,1,16.666666666666664,0.0166666666666666,99,1649.9999999999998,1.65,0,16.5,-39,27.866666666666667,6.116666666666666,29.95,28.508333333333333,45.40833333333333,25,25,25,25,25,25,0,0,0,0,0,0,0,19.0,1,1,0.795575,0.580625,2.5e-05,5.562,90.5,0.007,0.3982709,3.771,192.5,5.832,1010,9.31,7.617
2437.9,60.6,0.0,14,18.62,2,0,0.0,0.0,96,1599.9999999999998,1.5999999999999996,0,16.5,-39,28.566666666666663,6.35,30.375,28.90833333333333,45.0,25,25,25,25,25,25,0,0,0,0,0,0,0,19.066666666666663,1,1,0.74995,0.60065,0.0,5.965,88.6,0.013,0.7965418,4.293,195.1,6.25,1009,90.9,87.5
1764.909090909091,58.27272727272727,14.727272727272728,15,19.081818181818186,0,0,0.0,0.0,33,550.0,0.5499999999999999,0,16.7,-39,24.616666666666667,7.075,28.316666666666663,27.53333333333333,44.49166666666667,25,25,25,25,25,25,0,0,0,0,0,0,0,6.333333333333333,1,1,1.43045,0.202175,2.5e-05,6.2,87.2,0.056,3.385302,4.668,197.1,6.25,1008,382.2,367.0
1429.5454545454545,57.54545454545455,3.272727272727273,16,18.78181818181818,0,0,0.0,0.0,0,0.0,0.0,0,16.5,-39,22.366666666666667,6.983333333333333,26.008333333333333,23.625,43.9,25,25,25,25,25,25,0,0,0,0,0,0,0,0.0,0,0,0.443675,0.0107,2.5e-05,6.64,89.5,0.02,1.194802,3.979,189.1,5.832,1007,139.2,134.2
1484.5833333333333,58.25,5.916666666666667,8,18.308333333333334,0,0,0.0,0.0,0,0.0,0.0,0,16.5,-39,20.841666666666665,7.333333333333333,21.541666666666668,19.90833333333333,43.49166666666667,25,25,25,25,25,25,0,0,0,0,0,0,0,0.0,0,0,0.126775,0.011125,7.500000000000001e-05,7.15,88.5,0.07,4.1484,6.332,203.5,10.0,1006,502.0,484.2
1472.8,59.0,0.9,7,18.08,0,4,66.66666666666666,0.0666666666666666,32,533.3333333333333,0.5333333333333333,0,16.95,-39,19.65833333333333,7.983333333333333,22.466666666666665,20.825,43.075,25,25,25,25,25,25,0,0,0,0,0,0,0,3.4833333333333334,1,1,1.076775,0.12375,5e-05,7.25,96.1,0.04,2.389495,4.75,192.4,7.5,1004,300.5,289.2
1357.5454545454545,58.54545454545455,0.8181818181818182,16,18.19090909090909,0,0,0.0,0.0,0,0.0,0.0,0,17.0,-39,20.5,8.0,23.075,22.35833333333333,42.725,25,25,25,25,25,25,0,0,0,0,0,0,0,0.0,0,0,0.59145,0.01075,2.5e-05,7.52,95.6,0.013,0.7964292,5.562,182.8,8.33,1003,110.1,104.8
940.3636363636364,58.27272727272727,12.727272727272728,10,17.87272727272727,0,0,0.0,0.0,0,0.0,0.0,0,16.908333333333335,-39,20.5,8.716666666666667,21.041666666666668,19.566666666666663,42.1,25,25,25,25,25,25,0,0,0,0,0,0,0,0.0,0,0,0.537425,0.010975,7.500000000000001e-05,8.13,95.9,0.013,0.9026038,5.812,201.8,10.0,1001,92.2,88.1
1391.8181818181818,59.72727272727273,32.72727272727273,22,18.472727272727276,0,3,49.99999999999999,0.0499999999999999,28,466.6666666666666,0.4666666666666666,0,16.575,-39,20.375,9.0,20.55,18.65833333333333,37.6,25,25,25,25,25,25,0,0,0,0,0,0,0,3.583333333333333,1,0,0.4895,0.138775,5e-05,8.6,98.1,0.0,0.0,4.562,219.2,7.5,1002,22.17,20.39
958.9090909090908,60.27272727272727,31.90909090909091,13,18.018181818181816,1,103,1716.6666666666663,1.7166666666666666,381,6349.999999999999,6.35,0,16.516666666666666,-39,35.4,8.525,39.9875,35.0,43.34166666666667,25,25,25,25,25,25,0,0,0,0,0,0,0,19.183333333333334,1,1,3.370575,2.07665,0.0,9.45,92.9,0.0,0.0,4.25,222.2,6.668,1002,2.537,1.015
986.0,61.3,20.7,14,18.24,2,24,400.0,0.3999999999999999,139,2316.6666666666665,2.3166666666666664,0,17.733333333333334,-39,32.88333333333333,9.416666666666666,37.891666666666666,36.24166666666667,49.48333333333333,25,25,25,25,25,25,0,0,0,0,0,0,0,10.483333333333333,1,1,1.46425,0.6305999999999999,0.0,9.55,96.8,0.0,0.0,2.521,232.8,4.168,1002,2.2,1.015
1049.0,61.583333333333336,2.75,10,18.15,0,0,0.0,0.0,0,0.0,0.0,0,18.20833333333333,-39,26.6,9.383333333333333,31.08333333333333,27.291666666666668,49.075,25,25,25,25,25,25,0,0,0,0,0,0,0,0.0,0,0,0.5985250000000001,0.01105,5e-05,9.75,90.4,0.0,0.0,1.188,293.0,1.667,1003,2.031,1.015
855.25,62.0,0.0,0,17.508333333333333,0,0,0.0,0.0,0,0.0,0.0,0,17.191666666666666,-39,24.03333333333333,9.0,23.991666666666667,21.633333333333333,48.975,25,25,25,25,25,25,0,0,0,0,0,0,0,0.0,0,0,0.285025,0.01065,0.0,9.18,85.8,0.0,0.0,1.938,290.8,2.5,1003,2.031,1.015
751.7,62.0,0.0,0,17.119999999999997,0,0,0.0,0.0,0,0.0,0.0,0,16.966666666666665,-39,22.725,8.433333333333334,22.116666666666667,20.516666666666666,48.583333333333336,25,25,25,25,25,25,0,0,0,0,0,0,0,0.0,0,0,0.288,0.01055,2.5e-05,8.54,88.7,0.0,0.0,0.979,296.8,1.667,1004,2.031,1.015
674.4545454545455,62.36363636363637,0.0,0,16.936363636363634,2,17,283.3333333333333,0.2833333333333332,161,2683.333333333333,2.683333333333333,2,16.633333333333333,-39,26.541666666666668,7.283333333333333,27.85833333333333,25.48333333333333,48.5,25,25,25,25,25,25,0,0,0,0,0,0,0,15.85,1,1,0.886725,0.699775,2.5e-05,8.2,88.3,0.0,0.0,1.188,298.0,1.667,1004,1.946,1.015
616.8333333333334,62.833333333333336,0.0,0,17.125,2,0,0.0,0.0,74,1233.3333333333333,1.233333333333333,0,17.283333333333335,-39,29.441666666666663,7.533333333333333,32.7,31.508333333333333,48.21666666666667,25,25,25,25,25,25,0,0,0,0,0,0,0,11.45,1,1,0.64595,0.359425,0.0,7.996,88.7,0.0,0.0,0.375,229.4,0.833,1004,2.2,1.015
546.6363636363636,62.0,0.0,0,17.099999999999998,0,0,0.0,0.0,0,0.0,0.0,0,17.058333333333334,-39,24.566666666666663,8.0,29.104166666666668,25.95833333333333,48.0,25,25,25,25,25,25,0,0,0,0,0,0,0,0.0,0,0,0.22895,0.01075,0.0,8.33,85.5,0.0,0.0,2.457,288.2,3.332,1004,2.031,1.015
508.0,62.0,0.0,0,16.836363636363636,0,3,49.99999999999999,0.0499999999999999,29,483.3333333333333,0.4833333333333333,2,16.758333333333333,-39,22.25,7.766666666666667,22.95,21.3,47.675,25,25,25,25,25,25,0,0,0,0,0,0,0,5.683333333333334,1,1,0.36705,0.1476,2.5e-05,7.69,80.8,0.0,0.0,3.832,301.0,5.418,1004,2.031,1.015
485.0,62.0,0.0,0,16.82,2,9,149.99999999999997,0.1499999999999999,158,2633.333333333333,2.633333333333333,0,16.858333333333334,-39,30.40833333333333,6.983333333333333,32.21666666666667,29.95833333333333,47.49166666666667,25,25,25,25,25,25,0,0,0,0,0,0,0,19.03333333333333,1,1,1.002875,0.759375,0.0,7.418,87.4,0.0,0.0,1.021,292.5,2.5,1004,2.2,1.015
649.6363636363636,62.27272727272727,15.0,15,17.163636363636364,0,0,0.0,0.0,26,433.33333333333326,0.4333333333333332,0,17.35,-39,26.05,7.816666666666666,31.591666666666665,30.35833333333333,47.35833333333333,25,25,25,25,25,25,0,0,0,0,0,0,0,3.8333333333333335,1,1,0.343325,0.130875,0.0,7.59,80.7,0.0,0.0,2.793,305.0,3.75,1004,2.031,1.015
1247.4,62.4,0.0,1,17.69,0,0,0.0,0.0,0,0.0,0.0,0,17.0,-39,23.775,8.0,26.341666666666665,23.375,47.0,25,25,25,25,25,25,0,0,0,0,0,0,0,0.0,0,0,0.18685,0.01075,2.5e-05,8.33,82.9,0.0,0.0,1.917,282.0,2.5,1003,2.2,1.015
1781.9166666666667,63.583333333333336,0.25,1,17.8,2,9,149.99999999999997,0.1499999999999999,112,1866.6666666666663,1.8666666666666665,0,16.725,-39,25.225,8.05,26.366666666666667,24.325,46.833333333333336,25,25,25,25,25,25,0,0,0,0,0,0,0,12.05,1,1,0.6066,0.5153749999999999,5e-05,9.25,75.0,0.0,0.0,2.062,295.5,2.918,1003,2.031,1.015
2087.6666666666665,65.0,0.5,2,18.508333333333333,2,0,0.0,0.0,80,1333.333333333333,1.333333333333333,0,17.25,-39,29.25,8.883333333333333,32.55,31.475,46.5,25,25,25,25,25,25,0,0,0,0,0,0,0,12.4,1,1,0.591425,0.378875,5e-05,9.59,71.2,0.0,0.0,4.625,275.0,7.082,1002,2.031,1.015
2162.818181818182,63.90909090909091,0.0,12,18.981818181818184,0,0,0.0,0.0,0,0.0,0.0,0,17.0,-39,24.425,8.666666666666666,29.541666666666668,26.904166666666665,46.4,25,25,25,25,25,25,0,0,0,0,0,0,0,0.0,0,0,0.11585,0.01095,0.0001,9.35,78.7,0.0,0.0,6.5,271.8,10.0,1003,2.031,1.015
2097.25,63.16666666666666,0.0,1,18.933333333333334,2,8,133.33333333333331,0.1333333333333333,87,1449.9999999999998,1.4499999999999995,0,16.666666666666668,-39,24.516666666666666,7.983333333333333,25.78333333333333,23.525,46.0,25,25,25,25,25,25,0,0,0,0,0,0,0,9.516666666666667,1,1,0.5043,0.3999,2.5e-05,8.5,75.2,0.0,0.0,3.625,268.0,5.832,1003,3.215,1.692
2363.4,65.5,0.9,7,19.03,2,0,0.0,0.0,111,1850.0,1.85,0,17.133333333333333,-39,30.90833333333333,8.55,33.24166666666667,31.633333333333333,45.925,25,25,25,25,25,25,0,0,0,0,0,0,0,17.2,1,1,0.701675,0.535975,0.0,8.98,72.25,0.033,2.014302,2.918,310.2,4.582,1003,168.8,161.6
1727.75,63.75,24.0,13,19.325,0,0,0.0,0.0,0,0.0,0.0,0,17.275,-39,24.633333333333333,8.7,30.566666666666663,28.966666666666665,43.06666666666667,25,25,25,25,25,25,0,0,0,0,0,0,0,0.0,0,0,0.118325,0.010575,7.500000000000001e-05,8.94,84.0,0.043,2.846861,3.418,320.2,5.0,1004,385.0,369.5
1204.909090909091,64.27272727272727,35.72727272727273,18,19.954545454545453,0,20,333.33333333333326,0.3333333333333332,81,1350.0,1.35,2,17.775,-39,21.791666666666668,9.4,24.525,21.45833333333333,33.59166666666667,25,25,25,25,25,25,0,0,0,0,0,0,0,8.15,1,0,0.96565,0.4525749999999999,0.0445249999999999,7.96,75.3,0.216,12.66278,3.729,331.8,5.0,1004,1257.0,1248.0
1044.4,63.6,13.0,5,19.4,0,77,1283.3333333333333,1.2833333333333332,206,3433.333333333333,3.433333333333333,0,17.55,-39,38.725,8.016666666666667,34.483333333333334,36.31666666666667,43.91666666666666,25,25,25,25,25,25,0,0,0,0,0,0,0,9.666666666666666,1,0,1.5444250000000002,1.449275,0.0,8.8,74.5,0.076,7.95283,2.479,288.0,5.0,1005,614.0,592.5
774.4545454545455,63.36363636363637,3.727272727272727,0,18.10909090909091,0,0,0.0,0.0,0,0.0,0.0,0,17.008333333333333,-39,24.6125,8.433333333333334,20.85,21.445833333333333,49.02916666666667,25,25,25,25,25,25,0,0,0,0,0,0,0,0.0,0,0,0.0842499999999999,0.010675,5e-05,7.62,84.1,0.169,8.959086,2.021,316.2,2.918,1005,1256.0,1247.0
682.3636363636364,62.63636363636363,4.909090909090909,4,17.981818181818184,0,0,0.0,0.0,0,0.0,0.0,0,17.175,-39,23.316666666666663,8.8,19.683333333333334,21.03333333333333,48.99166666666667,25,25,25,25,25,25,0,0,0,0,0,0,0,0.0,0,0,0.0986,0.01055,2.5e-05,8.6,80.0,0.212,12.8541,3.562,279.0,6.25,1005,1256.0,1247.0
584.5,61.9,0.0,0,17.61,0,0,0.0,0.0,0,0.0,0.0,0,17.0,-39,22.741666666666667,8.316666666666666,19.35,20.5,48.6,25,25,25,25,25,25,0,0,0,0,0,0,0,0.0,0,0,0.0739,0.0107,7.500000000000001e-05,9.14,76.9,0.02,1.207687,3.021,293.0,4.168,1005,212.0,204.9
898.9090909090909,62.18181818181818,16.181818181818183,30,17.70909090909091,2,10,166.66666666666663,0.1666666666666666,127,2116.6666666666665,2.1166666666666663,0,16.933333333333334,-39,26.016666666666666,7.333333333333333,26.216666666666665,24.825,48.5,25,25,25,25,25,25,0,0,0,0,0,0,0,14.266666666666667,1,1,0.997075,0.5843750000000001,2.5e-05,7.62,83.0,0.046,2.624547,1.458,292.8,2.082,1004,259.0,248.9
1831.090909090909,64.36363636363636,1.3636363636363635,4,18.445454545454545,0,0,0.0,0.0,2,33.33333333333333,0.0333333333333333,0,17.65,-39,24.75,7.916666666666667,30.35,28.758333333333333,48.25,25,25,25,25,25,25,0,0,0,0,0,0,0,0.0,0,0,1.435875,0.017125,0.0,7.387,80.1,0.0,0.0,1.125,296.2,1.667,1004,2.031,1.015
2410.3636363636365,65.54545454545455,1.6363636363636365,13,19.09090909090909,0,0,0.0,0.0,0,0.0,0.0,0,17.366666666666667,-39,23.591666666666665,8.0,24.616666666666667,21.95833333333333,47.93333333333333,25,25,25,25,25,25,0,0,0,0,0,0,0,0.0,0,0,1.251375,0.0108,5e-05,7.453,83.9,0.0,0.0,1.896,186.5,2.918,1004,2.115,1.015
2928.090909090909,65.72727272727273,0.8181818181818182,6,19.345454545454547,0,0,0.0,0.0,0,0.0,0.0,0,17.641666666666666,-39,22.491666666666667,8.016666666666667,22.175,20.391666666666666,47.50833333333333,25,25,25,25,25,25,0,0,0,0,0,0,0,0.0,0,0,0.54525,0.0109,0.0001,7.52,90.4,0.0,0.0,2.521,179.2,3.75,1003,2.031,1.015
2753.3636363636365,65.18181818181819,0.5454545454545454,17,19.245454545454542,0,0,0.0,0.0,0,0.0,0.0,0,17.566666666666666,-39,21.866666666666667,8.0,20.85833333333333,19.683333333333334,47.30833333333333,25,25,25,25,25,25,0,0,0,0,0,0,0,0.0,0,0,0.353575,0.011125,7.500000000000001e-05,7.758,96.5,0.0,0.0,3.688,179.0,5.0,1002,2.031,1.015
2523.583333333333,65.83333333333333,1.75,12,18.95,0,0,0.0,0.0,0,0.0,0.0,0,17.0,-39,21.491666666666667,8.0,20.5,19.5,46.99166666666667,25,25,25,25,25,25,0,0,0,0,0,0,0,0.0,0,0,0.30215,0.0107,7.500000000000001e-05,7.59,98.8,0.0,0.0,2.896,191.8,4.582,1000,2.031,1.015
2844.0,67.27272727272727,0.8181818181818182,11,19.11818181818182,2,9,149.99999999999997,0.1499999999999999,123,2050.0,2.05,0,16.641666666666666,-39,25.2,8.0,26.175,24.091666666666665,46.71666666666667,25,25,25,25,25,25,0,0,0,0,0,0,0,13.316666666666666,1,1,0.853625,0.5433,0.0,7.656,97.8,0.0,0.0,4.605,177.4,6.25,999,2.031,1.015
2394.4166666666665,67.58333333333333,0.5,8,19.308333333333334,2,0,0.0,0.0,109,1816.6666666666663,1.8166666666666664,0,17.183333333333334,-39,30.891666666666666,8.583333333333334,33.275,32.0,46.5,25,25,25,25,25,25,0,0,0,0,0,0,0,15.266666666666667,1,1,0.7121500000000001,0.4636,5e-05,7.926,94.1,0.0,0.0,4.5,180.2,6.25,997,2.031,1.015
2354.0,67.66666666666667,0.25,5,19.466666666666665,0,0,0.0,0.0,0,0.0,0.0,0,17.191666666666666,-39,24.441666666666663,9.016666666666667,30.316666666666663,28.55,46.35833333333333,25,25,25,25,25,25,0,0,0,0,0,0,0,0.0,0,0,0.224975,0.0109,7.500000000000001e-05,8.33,95.0,0.0,0.0,3.543,167.8,5.418,995,2.031,1.015
1795.6,66.0,0.9,3,19.17,0,0,0.0,0.0,29,483.33333333333326,0.4833333333333333,0,16.816666666666666,-39,22.841666666666665,9.7,24.383333333333333,21.883333333333333,46.0,25,25,25,25,25,25,0,0,0,0,0,0,0,3.8,1,1,0.439975,0.100175,7.500000000000001e-05,9.69,90.4,0.0,0.0,6.0,179.1,9.58,992,2.031,1.015
1548.2727272727273,64.9090909090909,0.8181818181818182,1,19.072727272727278,2,1,16.666666666666664,0.0166666666666666,156,2599.9999999999995,2.6,0,16.866666666666667,-39,32.19166666666667,10.0,32.9375,30.766666666666666,45.85833333333333,25,25,25,25,25,25,0,0,0,0,0,0,0,19.08333333333333,1,1,0.917325,0.646775,0.0,10.09,86.3,0.0,0.0,7.812,174.9,11.67,989,2.031,1.015
1431.090909090909,64.72727272727273,0.2727272727272727,2,19.0,0,0,0.0,0.0,21,350.0,0.35,0,17.225,-39,25.616666666666667,9.483333333333333,29.133333333333333,28.48333333333333,45.5,25,25,25,25,25,25,0,0,0,0,0,0,0,6.35,1,1,0.314025,0.1064,5e-05,9.72,90.4,0.0,0.0,5.645,181.8,9.17,987,2.031,1.015
1427.4,64.0,0.0,1,19.04,0,0,0.0,0.0,0,0.0,0.0,0,17.0,-39,23.1,9.15,26.508333333333333,24.4,45.325,25,25,25,25,25,25,0,0,0,0,0,0,0,0.0,0,0,0.262525,0.010925,0.0001,9.38,95.5,0.0,0.0,7.98,176.4,11.67,985,2.031,1.015
1772.4545454545455,65.27272727272727,0.0,4,18.963636363636365,2,16,266.66666666666663,0.2666666666666666,89,1483.3333333333333,1.4833333333333332,0,16.725,-39,24.441666666666663,8.633333333333333,25.78333333333333,23.066666666666663,45.0,25,25,25,25,25,25,0,0,0,0,0,0,0,10.466666666666669,1,1,0.748825,0.4760749999999999,2.5e-05,9.31,96.4,0.0,0.0,3.854,190.8,6.25,984,2.031,1.015
2251.833333333333,68.08333333333333,0.0,2,19.10833333333333,2,0,0.0,0.0,77,1283.3333333333333,1.283333333333333,0,17.283333333333335,-39,28.791666666666668,7.783333333333333,32.583333333333336,31.308333333333334,44.825,25,25,25,25,25,25,0,0,0,0,0,0,0,11.466666666666669,1,1,0.76705,0.372475,2.5e-05,7.96,94.8,0.0,0.0,2.5,308.8,3.75,985,2.031,1.015
2275.181818181818,68.54545454545455,0.0,6,19.245454545454542,0,0,0.0,0.0,0,0.0,0.0,0,17.066666666666666,-39,23.975,8.0,29.558333333333334,26.508333333333333,44.5,25,25,25,25,25,25,0,0,0,0,0,0,0,0.0,0,0,0.2252499999999999,0.011,7.500000000000001e-05,7.656,86.0,0.0,0.0,2.271,324.0,3.332,985,2.031,1.015
2446.0,69.18181818181819,0.0,3,19.072727272727278,2,5,83.33333333333331,0.0833333333333333,105,1749.9999999999998,1.7499999999999998,2,16.7,-39,24.791666666666668,7.066666666666666,26.683333333333334,24.633333333333333,44.21666666666667,25,25,25,25,25,25,0,0,0,0,0,0,0,14.25,1,1,0.6442,0.51285,2.5e-05,7.656,83.8,0.0,0.0,1.438,283.0,2.5,985,6.6,5.586
2395.909090909091,70.63636363636364,0.0,7,19.13636363636364,2,0,0.0,0.0,112,1866.6666666666663,1.8666666666666665,0,17.141666666666666,-39,30.83333333333333,6.183333333333334,32.854166666666664,31.433333333333334,44.0,25,25,25,25,25,25,0,0,0,0,0,0,0,16.883333333333333,1,1,0.628675,0.5407500000000001,0.0,7.082,86.2,0.013,0.796433,2.5,311.0,4.168,986,78.7,75.6
2168.3,70.9,6.4,4,19.7,0,0,0.0,0.0,0,0.0,0.0,0,17.641666666666666,-39,24.341666666666665,8.3,30.48333333333333,28.516666666666666,43.641666666666666,25,25,25,25,25,25,0,0,0,0,0,0,0,0.0,0,0,0.188875,0.0107,5e-05,6.91,90.2,0.043,2.60174,2.668,299.2,4.168,986,387.8,372.5
1011.625,62.75,16.375,13,19.8375,0,0,0.0,0.0,0,0.0,0.0,0,17.525,-39,22.683333333333334,8.35,24.65833333333333,22.10833333333333,43.00833333333333,25,25,25,25,25,25,0,0,0,0,0,0,0,0.0,0,0,1.007725,0.010675,2.5e-05,8.2,80.0,0.043,3.978944,2.312,292.2,4.168,986,432.8,416.0
831.9090909090909,59.63636363636363,6.0,7,19.463636363636365,0,0,0.0,0.0,0,0.0,0.0,0,17.708333333333332,-39,21.691666666666663,9.233333333333333,22.175,20.666666666666668,42.708333333333336,25,25,25,25,25,25,0,0,0,0,0,0,0,0.0,0,0,0.8206,0.0106,5e-05,8.71,75.2,0.242,14.59027,2.832,287.5,4.582,985,1257.0,1248.0
829.5454545454545,57.54545454545455,5.454545454545454,9,19.1,0,0,0.0,0.0,0,0.0,0.0,0,17.5,-39,21.075,8.416666666666666,20.966666666666665,19.83333333333333,42.35833333333333,25,25,25,25,25,25,0,0,0,0,0,0,0,0.0,0,0,0.198575,0.0106249999999999,5e-05,8.74,78.2,0.08,4.472468,2.75,295.8,5.418,985,680.5,656.0
1054.9,57.0,5.0,13,19.36,0,0,0.0,0.0,0,0.0,0.0,0,17.216666666666665,-39,20.65833333333333,8.466666666666667,20.5,19.35833333333333,42.0,25,25,25,25,25,25,0,0,0,0,0,0,0,0.0,0,0,0.110775,0.010575,7.500000000000001e-05,8.87,74.6,0.196,11.74509,4.0,289.5,5.832,985,1257.0,1224.0
680.8333333333334,56.5,279.9166666666667,19,18.53333333333333,0,3,49.99999999999999,0.0499999999999999,29,483.33333333333326,0.4833333333333333,2,16.791666666666668,-39,20.15833333333333,8.15,20.216666666666665,18.966666666666665,41.575,25,25,25,25,25,25,0,0,0,0,0,0,0,4.75,1,1,1.70375,0.1306,2.5e-05,9.44,68.75,0.09,5.686747,2.771,293.8,4.168,984,598.5,576.5
1009.6363636363636,58.18181818181818,3.8181818181818175,11,18.509090909090908,2,9,149.99999999999997,0.1499999999999999,121,2016.6666666666663,2.016666666666666,2,17.275,-39,27.404166666666665,7.916666666666667,30.641666666666666,29.1,40.15833333333333,25,25,25,25,25,25,0,0,0,0,0,0,0,13.05,1,1,2.2845,0.600375,2.5e-05,8.13,78.9,0.02,1.194464,2.188,297.0,3.332,984,103.4,99.3
1596.0,61.8,23.4,26,19.08,0,0,0.0,0.0,0,0.0,0.0,0,17.9,-39,23.008333333333333,8.066666666666666,29.183333333333334,26.591666666666665,37.18333333333333,25,25,25,25,25,25,0,0,0,0,0,0,0,0.0,0,0,1.49175,0.010475,2.5e-05,7.895,89.7,0.0,0.0,1.5,299.0,2.5,984,2.453,1.692
1901.5454545454545,63.45454545454545,9.181818181818182,13,19.263636363636365,0,0,0.0,0.0,0,0.0,0.0,0,17.466666666666665,-39,21.325,8.733333333333333,23.225,21.45833333333333,34.975,25,25,25,25,25,25,0,0,0,0,0,0,0,1.5833333333333333,0,0,0.2731,0.01825,2.5e-05,8.27,93.7,0.0,0.0,3.707,283.2,5.832,983,2.2,1.015
1980.8181818181815,65.54545454545455,0.2727272727272727,13,19.21818181818182,1,80,1333.3333333333333,1.3333333333333333,243,4050.0,4.05,0,17.0,-39,33.025,8.2,36.90833333333333,32.791666666666664,43.141666666666666,25,25,25,25,25,25,0,0,0,0,0,0,0,12.116666666666667,1,0,1.80705,1.54825,0.0,8.67,95.2,0.0,0.0,5.332,303.8,8.75,983,2.031,1.015
1741.0,65.5,0.6,10,19.26,0,0,0.0,0.0,0,0.0,0.0,0,17.0,-39,24.4,9.0,22.08333333333333,21.891666666666666,49.275,25,25,25,25,25,25,0,0,0,0,0,0,0,0.0,0,0,0.837925,0.01075,7.500000000000001e-05,8.94,95.9,0.0,0.0,2.688,287.8,4.582,982,2.031,1.015
1830.0,65.5,0.9,11,19.15,0,0,0.0,0.0,0,0.0,0.0,0,17.0,-39,23.475,9.0,19.816666666666663,21.341666666666665,49.0,25,25,25,25,25,25,0,0,0,0,0,0,0,0.0,0,0,0.29585,0.011075,5e-05,8.74,92.8,0.0,0.0,3.146,287.8,4.582,982,2.031,1.015
2197.75,67.0,0.5,10,19.258333333333333,0,9,149.99999999999997,0.1499999999999999,73,1216.6666666666663,1.2166666666666666,0,16.683333333333334,-39,23.525,8.35,22.35,21.6,48.825,25,25,25,25,25,25,0,0,0,0,0,0,0,7.916666666666667,1,1,0.583575,0.321625,2.5e-05,8.47,94.0,0.0,0.0,2.875,315.5,4.168,982,2.031,1.015
1982.0,67.45454545454545,0.2727272727272727,8,19.37272727272727,2,0,0.0,0.0,133,2216.6666666666665,2.2166666666666663,0,17.083333333333332,-39,31.75,8.016666666666667,33.56666666666667,31.58333333333333,48.516666666666666,25,25,25,25,25,25,0,0,0,0,0,0,0,18.78333333333333,1,1,0.829,0.60945,0.0,8.06,95.1,0.0,0.0,0.833,232.8,1.25,982,2.031,1.015
1844.3636363636365,67.72727272727273,0.2727272727272727,2,19.463636363636365,0,0,0.0,0.0,0,0.0,0.0,0,17.283333333333335,-39,25.575,8.566666666666666,31.116666666666667,30.341666666666665,48.48333333333333,25,25,25,25,25,25,0,0,0,0,0,0,0,0.0,0,0,0.288,0.015,5e-05,7.656,98.8,0.0,0.0,0.354,68.6,0.417,982,2.031,1.015
1460.2,66.7,0.6,4,19.34,0,0,0.0,0.0,0,0.0,0.0,0,17.0,-39,24.33333333333333,7.966666666666667,25.716666666666665,22.73333333333333,48.05833333333333,25,25,25,25,25,25,0,0,0,0,0,0,0,0.0,0,0,0.19335,0.0106,5e-05,6.402,99.7,0.0,0.0,0.604,52.12,1.25,982,2.031,1.015
1055.8333333333333,64.83333333333333,0.0,1,19.09166666666667,2,9,149.99999999999997,0.1499999999999999,106,1766.6666666666663,1.7666666666666666,0,16.7,-39,25.825,7.183333333333334,26.541666666666668,24.45,47.99166666666667,25,25,25,25,25,25,0,0,0,0,0,0,0,12.366666666666667,1,1,0.6993,0.50595,5e-05,6.2,100.0,0.0,0.0,3.0,29.98,5.0,983,2.031,1.015
1065.9,64.0,0.0,2,19.16,2,0,0.0,0.0,90,1499.9999999999998,1.4999999999999996,0,17.208333333333332,-39,30.183333333333334,6.95,33.016666666666666,31.725,47.7,25,25,25,25,25,25,0,0,0,0,0,0,0,14.3,1,1,0.734425,0.434625,2.5e-05,6.438,100.0,0.0,0.0,4.168,19.4,6.668,985,2.031,1.015
1000.9090909090908,62.90909090909091,0.0,2,19.12727272727273,0,0,0.0,0.0,0,0.0,0.0,0,17.141666666666666,-39,25.60833333333333,7.333333333333333,30.216666666666665,26.916666666666668,47.49166666666667,25,25,25,25,25,25,0,0,0,0,0,0,0,0.0,0,0,0.194675,0.010825,0.0,6.098,100.0,0.0,0.0,3.562,10.49,6.25,987,2.031,1.015
1077.2727272727273,62.63636363636363,0.0,2,18.94545454545454,0,5,83.33333333333331,0.0833333333333333,54,899.9999999999999,0.8999999999999999,2,16.758333333333333,-39,23.8,6.566666666666666,23.9125,21.683333333333334,47.2,25,25,25,25,25,25,0,0,0,0,0,0,0,6.016666666666667,1,1,0.4357,0.22285,7.500000000000001e-05,6.03,100.0,0.0,0.0,2.5,18.75,3.75,988,1.946,1.015
1171.4545454545455,63.0,0.0,1,18.90909090909091,2,9,149.99999999999997,0.1499999999999999,117,1950.0,1.95,2,16.916666666666668,-39,26.675,6.1,29.475,27.933333333333334,46.99166666666667,25,25,25,25,25,25,0,0,0,0,0,0,0,19.08333333333333,1,1,1.04025,0.68445,2.5e-05,5.355,100.0,0.0,0.0,1.333,10.79,2.082,988,2.031,1.015
1150.7,62.5,19.2,16,18.85,2,0,0.0,0.0,116,1933.3333333333333,1.933333333333333,0,17.0,-39,30.341666666666665,5.066666666666666,32.208333333333336,30.425,46.16666666666666,25,25,25,25,25,25,0,0,0,0,0,0,0,19.15,1,1,1.54125,0.637875,0.0,5.156,100.0,0.0,0.0,1.188,353.2,1.25,989,2.031,1.016
1420.9166666666667,63.083333333333336,1.75,2,19.016666666666666,2,0,0.0,0.0,71,1183.3333333333333,1.1833333333333331,0,17.025,-39,27.066666666666663,5.366666666666666,28.891666666666666,27.73333333333333,45.875,25,25,25,25,25,25,0,0,0,0,0,0,0,19.05,1,1,0.7081500000000001,0.39235,2.5e-05,4.516,100.0,0.0,0.0,0.208,12.05,0.833,989,11.68,11.0
1526.3,64.0,3.6,1,19.03,5,0,0.0,0.0,48,799.9999999999999,0.7999999999999998,0,17.416666666666668,-39,27.191666666666663,6.166666666666667,29.2,28.366666666666667,45.50833333333333,25,25,25,25,25,25,0,0,0,0,0,0,0,19.05,1,1,0.5403,0.285125,2.5e-05,4.785,99.1,0.02,1.194812,1.563,288.0,2.082,990,132.2,127.5
1638.4545454545455,64.36363636363636,5.2727272727272725,3,19.018181818181816,0,0,0.0,0.0,0,0.0,0.0,0,17.058333333333334,-39,22.933333333333334,7.5,22.508333333333333,22.40833333333333,45.23333333333333,25,25,25,25,25,25,0,0,0,0,0,0,0,3.4833333333333334,0,0,0.26285,0.0215,2.5e-05,6.17,97.2,0.033,1.991354,0.458,22.33,0.833,990,256.5,246.6
1546.4166666666667,64.33333333333333,13.833333333333334,1,18.90833333333333,0,0,0.0,0.0,0,0.0,0.0,0,17.0,-39,22.45833333333333,8.3,22.5,22.416666666666668,45.0,25,25,25,25,25,25,0,0,0,0,0,0,0,0.0,0,0,0.1758,0.01055,5e-05,7.96,91.9,0.103,6.172287,0.438,341.0,0.833,990,760.5,734.5
932.5714285714286,62.42857142857143,438.1428571428572,5,19.414285714285715,0,0,0.0,0.0,0,0.0,0.0,0,17.633333333333333,-39,21.841666666666665,10.95,21.991666666666667,19.90833333333333,44.63333333333333,25,25,25,25,25,25,0,0,0,0,0,0,0,0.0,0,0,0.444425,0.010425,5e-05,8.57,86.0,0.179,10.42461,0.271,116.8,0.417,990,1257.0,1248.0
783.4166666666666,59.75,664.0833333333334,7,19.925,0,5,83.33333333333331,0.0833333333333333,35,583.3333333333333,0.5833333333333333,0,18.1,-39,21.45833333333333,9.266666666666667,21.066666666666663,19.6,40.78333333333333,25,25,25,25,25,25,0,0,0,0,0,0,0,4.066666666666666,1,0,0.5501,0.165625,0.0,8.86,83.9,0.249,15.13922,2.207,229.0,3.75,990,1257.0,1248.0
781.3636363636364,60.0,60.09090909090909,9,19.39090909090909,1,87,1450.0,1.45,246,4100.0,4.1,2,17.808333333333334,-39,37.958333333333336,8.45,35.475,37.025,40.43333333333333,25,25,25,25,25,25,0,0,0,0,0,0,0,13.133333333333333,1,0,1.86235,1.6792,2.5e-05,8.69,82.0,0.063,3.94489,1.208,227.9,1.667,989,511.0,493.0
655.8181818181819,60.36363636363637,135.0,2,18.42727272727273,0,0,0.0,0.0,0,0.0,0.0,0,17.208333333333332,-39,25.2,9.033333333333331,20.98333333333333,21.416666666666668,49.48333333333333,25,25,25,25,25,25,0,0,0,0,0,0,0,0.0,0,0,0.8565249999999999,0.0103,2.5e-05,8.76,81.3,0.043,2.740521,2.771,222.0,3.75,988,349.0,335.5
550.7272727272727,59.90909090909091,3.363636363636364,0,17.80909090909091,0,0,0.0,0.0,0,0.0,0.0,0,17.416666666666668,-39,23.45,9.0,20.15833333333333,21.35,49.06666666666667,25,25,25,25,25,25,0,0,0,0,0,0,0,0.0,0,0,0.633775,0.0104,5e-05,8.97,85.9,0.013,0.7962773,1.708,243.2,2.5,988,105.1,100.5
630.4545454545455,60.18181818181818,6.909090909090909,16,17.518181818181816,0,0,0.0,0.0,0,0.0,0.0,0,17.158333333333335,-39,22.966666666666665,9.0,19.85833333333333,20.6,49.0,25,25,25,25,25,25,0,0,0,0,0,0,0,0.0,0,0,1.9225,0.0097749999999999,2.5e-05,8.9,92.5,0.0,0.0,2.271,222.5,2.918,987,2.2,1.015
806.1818181818181,62.45454545454545,31.63636363636364,22,17.8,0,0,0.0,0.0,0,0.0,0.0,0,17.933333333333334,-39,22.504166666666663,9.0,19.5,20.5,48.65,25,25,25,25,25,25,0,0,0,0,0,0,0,0.0,0,0,2.37275,0.0098999999999999,0.0,8.74,94.4,0.0,0.0,0.875,285.0,1.25,987,2.031,1.015
1228.8,62.6,3.0,11,18.36,0,0,0.0,0.0,0,0.0,0.0,0,17.191666666666666,-39,22.2,8.983333333333333,19.508333333333333,20.475,48.391666666666666,25,25,25,25,25,25,0,0,0,0,0,0,0,0.0,0,0,0.59415,0.010825,5e-05,8.37,98.2,0.0,0.0,1.104,221.8,1.667,986,2.031,1.015
1516.1666666666667,62.16666666666666,3.0,10,18.691666666666663,0,0,0.0,0.0,0,0.0,0.0,0,17.0,-39,21.991666666666667,8.366666666666667,19.5,20.133333333333333,48.0,25,25,25,25,25,25,0,0,0,0,0,0,0,0.0,0,0,1.216275,0.01025,0.0,7.996,97.4,0.0,0.0,1.958,218.0,2.5,985,2.031,1.015
1712.7,62.6,1.2,15,18.74,2,10,166.66666666666663,0.1666666666666666,122,2033.3333333333333,2.033333333333333,0,16.65,-39,24.966666666666665,7.916666666666667,25.183333333333334,23.75,47.86666666666667,25,25,25,25,25,25,0,0,0,0,0,0,0,12.383333333333333,1,1,0.8303749999999999,0.5247999999999999,5e-05,7.656,90.1,0.0,0.0,3.293,213.8,5.0,984,2.031,1.015
1761.5454545454545,63.18181818181818,0.2727272727272727,8,19.081818181818186,2,0,0.0,0.0,123,2049.9999999999995,2.0499999999999994,0,17.0,-39,32.21666666666667,7.966666666666667,33.75,31.925,47.5,25,25,25,25,25,25,0,0,0,0,0,0,0,19.133333333333333,1,1,0.8115249999999999,0.571875,2.5e-05,7.113,90.6,0.0,0.0,3.457,168.9,5.0,982,2.2,1.015
1769.5,65.3,0.3,2,19.16,0,0,0.0,0.0,37,616.6666666666666,0.6166666666666666,0,17.25,-39,27.183333333333334,8.033333333333333,32.50833333333333,31.225,47.458333333333336,25,25,25,25,25,25,0,0,0,0,0,0,0,4.45,1,1,0.40515,0.154925,2.5e-05,7.793,86.0,0.0,0.0,4.207,173.6,6.25,980,2.031,1.015
1602.1,64.4,0.6,1,19.04,0,0,0.0,0.0,0,0.0,0.0,0,16.991666666666667,-39,24.191666666666663,8.0,27.166666666666668,24.08333333333333,47.016666666666666,25,25,25,25,25,25,0,0,0,0,0,0,0,0.0,0,0,0.197475,0.010725,5e-05,7.49,93.5,0.0,0.0,6.168,174.4,8.33,977,2.2,1.015
1888.6666666666667,64.75,1.25,2,19.08333333333333,2,7,116.66666666666666,0.1166666666666666,147,2450.0,2.45,0,16.716666666666665,-39,27.925,7.983333333333333,29.633333333333333,27.35,46.93333333333333,25,25,25,25,25,25,0,0,0,0,0,0,0,16.55,1,1,0.895525,0.619775,0.0,7.453,98.0,0.0,0.0,5.062,170.6,6.668,976,2.031,1.015
2381.4166666666665,67.33333333333333,0.0,2,19.433333333333334,0,0,0.0,0.0,54,899.9999999999999,0.8999999999999999,0,17.391666666666666,-39,28.0,8.466666666666667,32.88333333333333,31.566666666666663,46.55,25,25,25,25,25,25,0,0,0,0,0,0,0,7.333333333333333,1,1,0.448875,0.238475,2.5e-05,7.86,97.8,0.0,0.0,1.958,26.61,2.918,974,2.031,1.015
2495.7272727272725,67.45454545454545,0.0,1,19.55454545454546,0,0,0.0,0.0,0,0.0,0.0,0,17.008333333333333,-39,24.25,8.316666666666666,28.3,25.041666666666668,46.45,25,25,25,25,25,25,0,0,0,0,0,0,0,0.0,0,0,0.200175,0.010975,0.0001,8.37,94.2,0.0,0.0,3.582,279.0,5.418,975,2.031,1.015
2472.4166666666665,67.41666666666667,0.0,2,19.4,0,0,0.0,0.0,2,33.33333333333333,0.0333333333333333,0,16.883333333333333,-39,22.641666666666666,7.983333333333333,22.966666666666665,21.65,46.025,25,25,25,25,25,25,0,0,0,0,0,0,0,0.95,0,1,0.279425,0.013375,2.5e-05,8.77,87.2,0.0,0.0,3.188,295.8,4.582,976,2.031,1.015
2465.0,68.27272727272727,0.0,2,19.363636363636363,2,9,149.99999999999997,0.1499999999999999,153,2549.9999999999995,2.55,0,16.866666666666667,-39,29.191666666666663,7.5,31.025,28.841666666666665,45.94166666666667,25,25,25,25,25,25,0,0,0,0,0,0,0,19.166666666666668,1,1,0.8733,0.726075,0.0,8.33,80.7,0.0,0.0,4.562,301.5,6.25,976,2.2,1.015
2445.5454545454545,69.0,0.0,5,19.572727272727278,0,0,0.0,0.0,24,400.0,0.3999999999999999,0,17.4,-39,26.08333333333333,8.216666666666667,31.466666666666665,30.566666666666663,45.45,25,25,25,25,25,25,0,0,0,0,0,0,0,3.4833333333333334,1,1,0.6568499999999999,0.125575,7.500000000000001e-05,9.55,77.3,0.0,0.0,2.168,276.8,4.168,976,2.031,1.015
1120.6666666666667,62.75,27.0,14,18.95833333333333,0,8,133.33333333333331,0.1333333333333333,69,1150.0,1.15,0,16.816666666666666,-39,24.6,7.633333333333334,27.925,24.98333333333333,43.975,25,25,25,25,25,25,0,0,0,0,0,0,0,7.6,1,1,0.964025,0.323575,5e-05,8.94,81.2,0.0,0.0,1.875,260.2,3.332,976,2.031,1.015
699.1666666666666,62.583333333333336,1.0,0,18.258333333333333,2,0,0.0,0.0,113,1883.333333333333,1.883333333333333,0,17.166666666666668,-39,30.308333333333334,7.95,33.079166666666666,31.525,43.0,25,25,25,25,25,25,0,0,0,0,0,0,0,15.95,1,1,0.6068,0.5321250000000001,0.0,7.926,89.1,0.0,0.0,2.207,263.0,3.75,977,2.877,2.2
543.4,61.9,53.9,0,17.96,0,0,0.0,0.0,0,0.0,0.0,0,17.208333333333332,-39,24.266666666666666,8.0,30.6,28.341666666666665,42.66666666666666,25,25,25,25,25,25,0,0,0,0,0,0,0,0.0,0,0,0.118,0.0102,5e-05,7.656,91.5,0.007,0.3982272,3.021,241.6,5.418,977,41.47,39.44
472.1818181818182,60.63636363636363,62.45454545454545,0,17.754545454545454,0,0,0.0,0.0,0,0.0,0.0,0,17.0,-39,22.625,8.0,24.58333333333333,22.425,42.44166666666667,25,25,25,25,25,25,0,0,0,0,0,0,0,0.0,0,0,0.05615,0.0101,0.0,8.64,84.9,0.076,5.501877,3.668,224.5,5.418,977,562.0,542.5
447.3333333333333,59.91666666666666,23.75,0,17.325,0,0,0.0,0.0,0,0.0,0.0,0,16.833333333333332,-39,21.591666666666665,8.0,22.316666666666663,20.75,42.0,25,25,25,25,25,25,0,0,0,0,0,0,0,0.0,0,1,0.162975,0.01045,5e-05,8.4,86.4,0.033,1.991007,5.168,216.6,8.33,977,232.8,224.9
435.8181818181818,60.0,38.72727272727273,0,17.181818181818183,2,11,183.3333333333333,0.1833333333333333,156,2599.9999999999995,2.6,0,16.766666666666666,-39,28.45833333333333,7.916666666666667,30.166666666666668,27.925,41.75,25,25,25,25,25,25,0,0,0,0,0,0,0,19.133333333333333,1,1,0.754175,0.709875,0.0,8.27,87.6,0.046,2.647896,5.707,214.8,10.0,976,347.0,333.5
430.3636363636364,59.18181818181818,36.09090909090909,0,17.5,0,0,0.0,0.0,59,983.3333333333331,0.9833333333333332,0,17.391666666666666,-39,27.566666666666663,8.783333333333333,32.725,31.308333333333334,41.5,25,25,25,25,25,25,0,0,0,0,0,0,0,7.316666666666666,1,1,0.345575,0.23625,0.0,10.16,74.9,0.05,3.185507,5.543,274.0,10.42,976,359.2,345.5
424.3,58.7,191.7,0,17.55,0,0,0.0,0.0,0,0.0,0.0,0,17.025,-39,23.4,8.233333333333333,27.83333333333333,24.716666666666665,41.2,25,25,25,25,25,25,0,0,0,0,0,0,0,0.0,0,0,0.0992,0.01045,5e-05,9.35,82.4,0.04,2.388832,4.418,287.5,8.75,977,289.2,278.5
420.9,58.0,10.9,0,17.259999999999998,0,0,0.0,0.0,0,0.0,0.0,0,17.0,-39,21.75,7.966666666666667,22.716666666666665,21.058333333333334,40.891666666666666,25,25,25,25,25,25,0,0,0,0,0,0,0,0.0,0,0,0.33205,0.01055,7.500000000000001e-05,10.06,71.25,0.043,3.191751,8.65,281.0,13.75,978,339.2,326.0
438.0,58.0,2.75,0,16.958333333333332,0,0,0.0,0.0,0,0.0,0.0,0,17.0,-39,20.691666666666663,8.133333333333333,21.05,19.5,40.5,25,25,25,25,25,25,0,0,0,0,0,0,0,0.0,0,0,0.355825,0.010725,0.0,9.55,77.3,0.007,0.3981989,4.918,273.0,10.0,979,65.1,62.28
480.45454545454544,58.63636363636363,0.0,0,16.79090909090909,0,0,0.0,0.0,0,0.0,0.0,0,17.0,-39,20.5,8.916666666666666,20.28333333333333,19.0,40.13333333333333,25,25,25,25,25,25,0,0,0,0,0,0,0,0.0,0,0,2.2552,0.01015,0.0,10.09,69.94,0.0,0.0,6.605,279.0,11.25,980,2.031,1.015
768.2727272727273,61.45454545454545,12.272727272727272,14,17.018181818181816,0,16,266.66666666666663,0.2666666666666666,87,1450.0,1.45,2,17.0,-39,20.28333333333333,8.683333333333334,20.95,19.175,29.95833333333333,25,25,25,25,25,25,0,0,0,0,0,0,0,8.216666666666667,1,0,1.3634499999999998,0.399825,0.040825,9.95,68.9,0.0,0.0,7.645,288.0,12.08,981,2.031,1.015
1280.1,65.9,2.7,8,18.380000000000003,1,144,2400.0,2.4,434,7233.333333333333,7.233333333333332,0,17.0,-39,39.9,7.2,45.34166666666667,39.88333333333333,35.85,25,25,25,25,25,25,0,0,0,0,0,0,0,19.133333333333333,1,0,3.96435,2.930925,0.0,9.48,73.2,0.0,0.0,6.688,286.0,9.58,982,2.2,1.015
1270.3333333333333,63.16666666666666,2.5,10,18.6,5,13,216.66666666666663,0.2166666666666666,25,416.6666666666666,0.4166666666666666,0,17.0,-39,25.28333333333333,4.65,20.575,20.066666666666663,48.958333333333336,25,25,25,25,25,25,0,0,0,0,0,0,0,19.016666666666666,1,0,1.457325,0.258075,0.0,9.48,74.4,0.0,0.0,6.668,292.0,11.25,983,2.031,1.015
1451.2,63.6,0.6,5,18.59,0,0,0.0,0.0,0,0.0,0.0,0,17.0,-39,22.891666666666666,6.683333333333334,18.85833333333333,18.666666666666668,48.75,25,25,25,25,25,25,0,0,0,0,0,0,0,9.183333333333334,0,0,0.4056,0.040575,5e-05,7.59,88.7,0.0,0.0,3.457,286.0,5.0,984,2.2,1.015
1922.3636363636365,64.63636363636364,0.5454545454545454,8,18.63636363636364,0,12,200.0,0.1999999999999999,78,1300.0,1.2999999999999998,0,16.7,-39,23.65,8.083333333333334,24.258333333333333,22.08333333333333,48.5,25,25,25,25,25,25,0,0,0,0,0,0,0,8.866666666666667,1,1,0.6227,0.391375,2.5e-05,9.59,74.7,0.0,0.0,4.605,286.2,7.5,985,2.031,1.015
2174.4166666666665,66.83333333333333,0.25,3,18.95,2,1,16.666666666666664,0.0166666666666666,133,2216.6666666666665,2.2166666666666663,0,17.066666666666666,-39,31.716666666666665,8.866666666666667,33.65,31.591666666666665,48.475,25,25,25,25,25,25,0,0,0,0,0,0,0,19.08333333333333,1,1,0.850975,0.6183,0.0,9.45,76.8,0.0,0.0,6.812,281.8,10.83,986,2.2,1.015
2236.0,67.54545454545455,0.5454545454545454,3,19.172727272727272,0,0,0.0,0.0,4,66.66666666666666,0.0666666666666666,0,17.25423728813559,-39,25.97457627118644,8.440677966101696,31.64406779661017,30.43220338983051,48.067796610169495,25,25,25,25,25,25,0,0,0,0,0,0,0,0.3220338983050847,1,1,0.2316,0.03965,2.5e-05,8.91,82.6,0.0,0.0,10.38,283.0,13.33,987,2.031,1.015
2197.6363636363635,67.0,1.6363636363636365,2,19.081818181818186,0,0,0.0,0.0,0,0.0,0.0,0,17.0,-39,24.6,9.0,25.725,22.758333333333333,48.0,25,25,25,25,25,25,0,0,0,0,0,0,0,0.0,0,0,0.292325,0.010825,2.5e-05,9.69,77.56,0.0,0.0,4.355,261.5,6.668,987,2.031,1.015
2032.5,66.1,0.0,2,19.0,2,8,133.33333333333331,0.1333333333333333,130,2166.6666666666665,2.1666666666666665,0,16.7,-39,27.441666666666663,8.55,28.5,26.375,47.56666666666667,25,25,25,25,25,25,0,0,0,0,0,0,0,15.216666666666669,1,1,0.7735000000000001,0.5815,2.5e-05,9.82,86.4,0.0,0.0,3.062,269.5,5.0,987,2.031,1.015
1879.75,65.75,0.0,2,18.933333333333334,2,0,0.0,0.0,76,1266.6666666666663,1.2666666666666666,0,17.15,-39,29.475,8.45,32.083333333333336,30.78333333333333,47.5,25,25,25,25,25,25,0,0,0,0,0,0,0,14.0,1,1,0.559075,0.331325,5e-05,8.06,89.1,0.0,0.0,3.207,213.2,4.582,987,2.031,1.015
1771.4,65.0,0.0,1,18.78,0,0,0.0,0.0,0,0.0,0.0,0,17.0,-39,25.03333333333333,8.058333333333334,27.95833333333333,26.70833333333333,47.28333333333333,25,25,25,25,25,25,0,0,0,0,0,0,0,0.0,0,0,0.2606,0.010775,5e-05,8.4,88.1,0.0,0.0,4.582,194.9,8.75,986,2.2,1.015
1502.8181818181818,63.90909090909091,0.0,7,18.545454545454547,2,7,116.66666666666666,0.1166666666666666,107,1783.3333333333333,1.7833333333333332,0,16.675,-39,26.75,9.033333333333331,28.183333333333334,25.05,47.0,25,25,25,25,25,25,0,0,0,0,0,0,0,12.666666666666666,1,1,0.709175,0.494075,2.5e-05,8.06,91.6,0.0,0.0,5.5,149.8,9.17,984,2.2,1.015
1275.090909090909,63.63636363636363,0.0,1,18.40909090909091,2,0,0.0,0.0,60,1000.0,1.0,0,17.0,-39,28.025,9.733333333333333,29.691666666666663,28.65833333333333,46.875,25,25,25,25,25,25,0,0,0,0,0,0,0,19.066666666666663,1,1,0.890575,0.3209,2.5e-05,9.59,87.6,0.0,0.0,6.938,174.8,9.58,981,2.031,1.015
978.181818181818,62.54545454545455,11.727272727272728,20,18.42727272727273,2,0,0.0,0.0,124,2066.6666666666665,2.0666666666666664,0,17.091666666666665,-39,30.525,8.966666666666667,32.8,30.941666666666663,46.19166666666667,25,25,25,25,25,25,0,0,0,0,0,0,0,18.766666666666666,1,1,0.76635,0.515625,2.5e-05,9.62,91.4,0.0,0.0,5.605,208.5,9.17,980,2.031,1.015
555.5833333333334,60.083333333333336,4.75,6,17.916666666666668,0,0,0.0,0.0,0,0.0,0.0,0,17.233333333333334,-39,25.091666666666665,9.033333333333331,29.383333333333333,29.0,45.50833333333333,25,25,25,25,25,25,0,0,0,0,0,0,0,0.0,0,0,0.28875,0.010875,5e-05,9.82,82.9,0.0,0.0,7.02,207.9,10.42,979,6.6,5.668
491.45454545454544,59.27272727272727,85.18181818181819,0,17.545454545454547,0,0,0.0,0.0,0,0.0,0.0,0,17.0,-39,23.98333333333333,9.0,28.3,25.975,44.5,25,25,25,25,25,25,0,0,0,0,0,0,0,0.0,0,0,0.10125,0.010825,5e-05,10.49,76.75,0.043,2.57463,4.582,239.5,6.668,980,253.2,243.8
442.0833333333333,59.0,73.08333333333333,0,17.391666666666666,0,0,0.0,0.0,0,0.0,0.0,0,17.0,-39,22.4,9.233333333333333,23.15,20.554166666666667,44.079166666666666,25,25,25,25,25,25,0,0,0,0,0,0,0,0.0,0,0,0.062,0.0104,5e-05,10.63,76.0,0.056,3.16852,3.604,226.8,7.5,981,345.2,332.0
434.0,59.0,30.363636363636363,0,17.136363636363637,2,8,133.33333333333331,0.1333333333333333,105,1750.0,1.7499999999999998,0,16.75,-39,24.258333333333333,9.333333333333334,24.925,23.241666666666667,43.95,25,25,25,25,25,25,0,0,0,0,0,0,0,10.766666666666667,1,1,0.55645,0.449,2.5e-05,10.02,83.8,0.027,1.592555,4.895,223.8,7.082,981,189.0,182.2
418.9090909090909,58.09090909090909,39.09090909090909,0,17.263636363636365,2,0,0.0,0.0,112,1866.6666666666663,1.8666666666666665,0,17.166666666666668,-39,30.741666666666667,8.733333333333333,33.45,31.85833333333333,43.516666666666666,25,25,25,25,25,25,0,0,0,0,0,0,0,15.966666666666669,1,1,0.56025,0.482725,0.0,9.14,80.1,0.013,0.5739832,5.207,241.2,7.5,982,82.2,79.0
421.44444444444446,57.55555555555556,65.11111111111111,0,17.344444444444445,0,0,0.0,0.0,0,0.0,0.0,0,17.183333333333334,-39,24.33333333333333,8.25,30.683333333333334,28.183333333333334,43.29166666666666,25,25,25,25,25,25,0,0,0,0,0,0,0,0.0,0,0,0.0482,0.0109,2.5e-05,9.55,76.0,0.017,0.8493722,5.207,253.4,7.5,982,113.2,108.8
415.27272727272725,56.63636363636363,206.54545454545453,0,17.20909090909091,0,0,0.0,0.0,0,0.0,0.0,0,17.0,-39,22.55,8.433333333333334,24.183333333333334,22.141666666666666,42.98333333333333,25,25,25,25,25,25,0,0,0,0,0,0,0,0.0,0,0,0.144625,0.010925,2.5e-05,10.23,72.0,0.056,3.646855,3.604,230.8,5.832,982,430.5,414.5
416.0,56.18181818181818,19.63636363636364,0,16.854545454545455,2,10,166.66666666666663,0.1666666666666666,93,1550.0,1.5499999999999998,0,16.675,-39,23.6,8.166666666666666,24.83333333333333,22.558333333333334,42.53333333333333,25,25,25,25,25,25,0,0,0,0,0,0,0,9.516666666666667,1,1,0.44805,0.418025,2.5e-05,9.15,79.06,0.013,1.161269,4.875,224.2,7.082,982,120.0,115.9
417.1,56.6,0.6,0,16.95,2,0,0.0,0.0,123,2049.9999999999995,2.0499999999999994,0,17.0,-39,31.758333333333333,7.633333333333334,33.6,31.7,42.3,25,25,25,25,25,25,0,0,0,0,0,0,0,19.15,1,1,0.846025,0.57665,2.5e-05,8.3,86.6,0.007,0.6802541,4.73,206.4,7.5,982,65.1,62.44
436.3333333333333,57.0,0.0,0,17.183333333333334,0,0,0.0,0.0,38,633.3333333333333,0.6333333333333333,0,17.375,-39,26.29583333333333,7.866666666666666,32.36666666666667,30.9,41.891666666666666,25,25,25,25,25,25,0,0,0,0,0,0,0,4.15,1,1,1.575075,0.1518,5e-05,7.52,95.3,0.0,0.0,2.521,218.5,3.75,984,2.2,1.015
817.2727272727273,60.18181818181818,27.90909090909091,21,17.563636363636363,1,53,883.3333333333333,0.8833333333333332,213,3549.9999999999995,3.55,2,17.0,-39,26.508333333333333,8.133333333333333,30.141666666666666,26.78333333333333,28.683333333333334,25,25,25,25,25,25,0,0,0,0,0,0,0,14.316666666666666,1,0,1.668675,1.18365,2.5e-05,7.59,91.6,0.0,0.0,1.271,226.2,2.082,985,2.031,1.015
969.181818181818,61.54545454545455,21.0,7,17.7,2,109,1816.6666666666663,1.8166666666666664,224,3733.333333333333,3.733333333333333,0,17.75,-39,35.925,7.116666666666666,34.31666666666667,31.625,47.375,25,25,25,25,25,25,0,0,0,0,0,0,0,19.1,1,1,2.84135,1.24015,0.712825,7.996,91.6,0.0,0.0,4.605,291.0,6.25,987,2.031,1.015
1880.636363636364,64.18181818181819,2.1818181818181817,10,18.509090909090908,2,13,216.66666666666663,0.2166666666666666,215,3583.333333333333,3.583333333333333,0,17.9,-39,34.81666666666667,7.266666666666667,37.583333333333336,34.766666666666666,49.0,25,25,25,25,25,25,0,0,0,0,0,0,0,19.4,1,1,1.3193,0.972,0.0,8.3,90.2,0.0,0.0,3.021,317.0,4.168,989,2.031,1.015
2266.7272727272725,65.63636363636364,0.8181818181818182,6,19.05454545454545,2,0,0.0,0.0,143,2383.333333333333,2.3833333333333333,0,18.375,-39,36.43333333333333,7.283333333333333,37.85,35.875,48.99166666666667,25,25,25,25,25,25,0,0,0,0,0,0,0,19.3,1,1,1.110475,0.718125,0.0,7.996,86.8,0.0,0.0,2.229,337.2,3.332,991,2.031,1.015
2465.454545454545,65.72727272727273,0.2727272727272727,14,19.527272727272727,2,0,0.0,0.0,88,1466.6666666666663,1.4666666666666663,0,18.5,-39,31.98333333333333,7.916666666666667,35.125,33.4,48.575,25,25,25,25,25,25,0,0,0,0,0,0,0,13.733333333333333,1,1,0.95545,0.45905,0.0,7.824,85.3,0.0,0.0,2.271,294.0,3.75,993,2.031,1.015
1425.2727272727273,61.27272727272727,0.2727272727272727,4,19.20909090909091,0,0,0.0,0.0,0,0.0,0.0,0,18.266666666666666,-39,26.841666666666665,8.033333333333333,31.258333333333333,28.28333333333333,48.5,25,25,25,25,25,25,0,0,0,0,0,0,0,0.0,0,0,0.22145,0.010875,5e-05,8.54,79.6,0.0,0.0,3.729,297.5,6.25,995,2.031,1.015
1200.75,60.5,0.75,3,18.90833333333333,0,0,0.0,0.0,0,0.0,0.0,0,17.708333333333332,-39,24.741666666666667,8.0,24.941666666666663,23.166666666666668,48.175,25,25,25,25,25,25,0,0,0,0,0,0,0,0.0,0,0,0.24495,0.010825,0.0,9.15,77.25,0.0,0.0,2.938,310.2,5.0,996,2.031,1.015
921.0,58.083333333333336,0.5,2,18.5,0,0,0.0,0.0,0,0.0,0.0,0,17.5,-39,23.825,8.0,23.28333333333333,21.60833333333333,48.0,25,25,25,25,25,25,0,0,0,0,0,0,0,0.0,0,0,0.157575,0.01095,7.500000000000001e-05,9.52,70.56,0.0,0.0,4.855,288.8,7.918,997,2.031,1.015
865.9166666666666,56.583333333333336,0.5,2,18.25,0,0,0.0,0.0,0,0.0,0.0,0,17.008333333333333,-39,23.133333333333333,8.066666666666666,22.366666666666667,20.85833333333333,47.75833333333333,25,25,25,25,25,25,0,0,0,0,0,0,0,0.0,0,0,0.182,0.0109,7.500000000000001e-05,8.54,80.4,0.0,0.0,1.729,298.2,4.582,998,2.031,1.015
880.7,56.4,0.0,3,18.25,6,102,1699.9999999999998,1.6999999999999995,124,2066.6666666666665,2.0666666666666664,0,17.0,-39,34.95,8.766666666666667,50.90833333333333,49.4,50.11666666666667,25,25,25,25,25,25,0,0,0,0,0,0,0,19.05,1,0,2.052425,0.56555,1.3155,9.18,79.2,0.0,0.0,1.938,289.8,2.918,1000,2.031,1.015
732.6363636363636,54.45454545454545,0.0,3,17.963636363636365,6,120,2000.0,2.0,102,1699.9999999999998,1.6999999999999995,0,17.0,-39,33.708333333333336,8.966666666666667,60.25833333333333,58.825,58.10833333333333,25,25,25,25,25,25,0,0,0,0,0,0,0,19.08333333333333,0,0,2.279275,0.1397,1.9528,10.03,70.06,0.0,0.0,3.771,280.2,5.0,1001,2.031,1.015
674.1,55.1,0.0,3,17.6,6,74,1233.3333333333333,1.233333333333333,61,1016.6666666666664,1.0166666666666664,0,17.0,-39,36.13333333333333,9.1,51.28333333333333,54.8,65.24166666666666,25,25,25,25,25,25,0,0,0,0,0,0,0,12.266666666666667,0,0,1.382525,0.09175,1.179,9.41,81.6,0.0,0.0,3.75,282.5,6.668,1002,2.031,1.015
709.25,56.333333333333336,10.166666666666666,13,17.433333333333334,0,0,0.0,0.0,0,0.0,0.0,0,16.558333333333334,-39,28.9625,10.0,22.40833333333333,23.4,66.0,25,25,25,25,25,25,0,0,0,0,0,0,0,0.0,0,0,0.333925,0.0108,5e-05,11.07,78.4,0.0,0.0,5.52,284.0,7.918,1003,2.2,1.015
764.0,59.41666666666666,13.5,7,17.441666666666666,0,0,0.0,0.0,0,0.0,0.0,0,16.5,-39,26.841666666666665,10.0,21.891666666666666,22.875,65.78333333333333,25,25,25,25,25,25,0,0,0,0,0,0,0,0.0,0,0,0.442875,0.010825,2.5e-05,10.9,79.44,0.0,0.0,5.082,283.2,8.75,1004,2.03,1.015
618.8333333333334,60.0,11.583333333333334,2,17.075,0,0,0.0,0.0,0,0.0,0.0,0,16.5,-39,25.808333333333334,10.0,21.366666666666667,22.5,65.5,25,25,25,25,25,25,0,0,0,0,0,0,0,0.0,0,0,0.385175,0.010775,0.0001,10.76,80.0,0.0,0.0,4.125,273.0,7.082,1005,7.277,5.668
528.0,58.27272727272727,133.1818181818182,5,16.645454545454545,0,0,0.0,0.0,0,0.0,0.0,0,16.5,-39,24.966666666666665,10.0,21.1,22.166666666666668,64.9,25,25,25,25,25,25,0,0,0,0,0,0,0,0.0,0,0,2.212725,0.0103,0.0,10.9,77.9,0.027,1.652275,6.875,277.5,10.42,1007,196.4,189.5
438.1818181818182,56.81818181818182,126.45454545454544,0,16.20909090909091,0,0,0.0,0.0,0,0.0,0.0,0,16.5,-39,24.5,10.7,20.5,21.78333333333333,64.5,25,25,25,25,25,25,0,0,0,0,0,0,0,0.0,0,0,0.1871249999999999,0.0106249999999999,2.5e-05,11.24,76.3,0.156,9.359576,5.125,282.5,6.668,1007,900.0,869.0
425.6363636363636,57.0,170.0909090909091,0,15.945454545454544,0,0,0.0,0.0,0,0.0,0.0,0,16.5,-39,24.5,11.2,20.5,21.48333333333333,64.13333333333334,25,25,25,25,25,25,0,0,0,0,0,0,0,0.0,0,0,0.042725,0.01095,2.5e-05,10.9,78.6,0.076,4.578595,4.27,280.8,6.668,1009,558.5,539.0
424.1111111111111,52.888888888888886,279.1111111111111,1,16.41111111111111,0,0,0.0,0.0,0,0.0,0.0,0,16.983333333333334,-39,24.35833333333333,12.616666666666667,20.5,21.066666666666663,63.63333333333333,25,25,25,25,25,25,0,0,0,0,0,0,0,0.0,0,0,1.10675,0.0104,2.5e-05,11.54,69.44,0.229,13.66611,4.125,279.2,7.5,1009,1257.0,1248.0
422.6,53.5,377.4,0,16.19,0,0,0.0,0.0,0,0.0,0.0,0,17.141666666666666,-39,23.425,12.0,20.5,20.883333333333333,61.75,25,25,25,25,25,25,0,0,0,0,0,0,0,0.0,0,0,0.26415,0.0106,2.5e-05,11.3,70.7,0.119,11.22088,3.479,272.0,7.5,1010,917.0,884.0
438.44444444444446,55.66666666666666,64.11111111111111,12,15.8,0,0,0.0,0.0,0,0.0,0.0,0,17.433333333333334,-39,23.0,12.0,20.5,20.525,61.10833333333333,25,25,25,25,25,25,0,0,0,0,0,0,0,0.0,0,0,0.2229,0.011,5e-05,11.84,71.1,0.163,10.0165,2.604,270.8,4.582,1010,1071.0,1034.0
427.5,58.66666666666666,18.916666666666668,0,15.35,0,0,0.0,0.0,0,0.0,0.0,0,17.0,-39,22.825,12.0,20.5,20.5,60.45,25,25,25,25,25,25,0,0,0,0,0,0,0,0.0,0,0,0.1958,0.010925,5e-05,11.81,77.8,0.08,4.960144,2.396,274.8,4.582,1011,500.5,483.0
423.9090909090909,60.36363636363637,1.9090909090909087,0,15.109090909090908,0,0,0.0,0.0,0,0.0,0.0,0,17.0,-39,22.5,12.0,20.325,20.5,59.833333333333336,25,25,25,25,25,25,0,0,0,0,0,0,0,0.0,0,0,0.1546249999999999,0.0108,7.500000000000001e-05,11.74,78.75,0.013,0.7962773,2.812,236.6,4.582,1012,80.6,77.0
450.75,61.083333333333336,11.333333333333334,22,14.983333333333334,0,0,0.0,0.0,0,0.0,0.0,0,16.566666666666666,-39,22.5,11.916666666666666,20.0,20.5,59.458333333333336,25,25,25,25,25,25,0,0,0,0,0,0,0,0.0,0,0,0.184525,0.010975,7.500000000000001e-05,10.93,84.5,0.0,0.0,2.543,225.6,4.582,1012,2.03,1.015
565.5,61.2,0.0,13,15.44,0,0,0.0,0.0,0,0.0,0.0,0,16.5,-39,22.5,11.466666666666669,20.0,20.5,58.98333333333333,25,25,25,25,25,25,0,0,0,0,0,0,0,0.0,0,0,0.0624,0.011,0.0001,10.89,85.2,0.0,0.0,3.229,218.8,4.582,1012,2.03,1.015
488.09090909090907,61.0,26.09090909090909,2,15.654545454545454,0,0,0.0,0.0,0,0.0,0.0,0,16.45,-39,22.5,11.15,19.8,20.5,58.15,25,25,25,25,25,25,0,0,0,0,0,0,0,0.0,0,0,0.4264249999999999,0.0105,0.0,10.69,85.7,0.0,0.0,2.604,210.4,3.332,1012,2.03,1.015
503.6,61.0,18.4,0,15.77,0,0,0.0,0.0,0,0.0,0.0,0,16.5,-39,22.5,11.0,19.5,20.241666666666667,57.69166666666667,25,25,25,25,25,25,0,0,0,0,0,0,0,0.0,0,0,0.2856,0.0105,0.0,10.15,87.6,0.0,0.0,4.438,199.1,6.25,1012,2.03,1.015
475.0833333333333,61.0,3.0,0,15.725,0,0,0.0,0.0,0,0.0,0.0,0,16.5,-39,22.425,10.466666666666669,19.5,20.0,57.3,25,25,25,25,25,25,0,0,0,0,0,0,0,0.0,0,0,0.190075,0.01045,0.0,9.81,89.8,0.0,0.0,2.938,202.2,4.582,1012,2.03,1.015
461.75,61.583333333333336,3.0,0,15.708333333333334,0,0,0.0,0.0,0,0.0,0.0,0,16.825,-39,22.008333333333333,10.95,19.5,20.0,56.53333333333333,25,25,25,25,25,25,0,0,0,0,0,0,0,0.0,0,0,0.575125,0.010575,7.500000000000001e-05,10.02,90.5,0.0,0.0,3.793,193.8,5.418,1012,2.03,1.015
479.0,62.0,3.0,0,15.725,0,0,0.0,0.0,0,0.0,0.0,0,16.733333333333334,-39,22.0,11.033333333333331,19.5,20.0,55.86666666666667,25,25,25,25,25,25,0,0,0,0,0,0,0,0.0,0,0,0.2962,0.0107,2.5e-05,10.56,89.2,0.0,0.0,4.082,193.1,5.832,1011,2.03,1.015
485.27272727272725,62.0,3.0,0,15.736363636363636,0,0,0.0,0.0,0,0.0,0.0,0,16.5,-39,22.0,11.483333333333333,19.433333333333334,20.0,55.49166666666667,25,25,25,25,25,25,0,0,0,0,0,0,0,0.0,0,0,0.161775,0.010975,5e-05,10.59,89.9,0.0,0.0,2.979,186.2,4.582,1010,2.2,1.015
461.25,62.0,3.0,0,15.699999999999998,0,0,0.0,0.0,0,0.0,0.0,0,16.091666666666665,-39,22.0,11.95,19.491666666666667,19.98333333333333,55.016666666666666,25,25,25,25,25,25,0,0,0,0,0,0,0,0.0,0,0,0.275175,0.0109,7.500000000000001e-05,10.93,87.8,0.0,0.0,3.062,197.5,6.25,1010,2.03,1.015
456.9090909090909,62.63636363636363,3.0,0,15.654545454545454,0,0,0.0,0.0,0,0.0,0.0,0,16.0,-39,21.97083333333333,11.533333333333331,19.5,19.991666666666667,54.56666666666667,25,25,25,25,25,25,0,0,0,0,0,0,0,0.0,0,0,0.14505,0.01095,5e-05,10.86,90.5,0.0,0.0,4.52,199.8,6.668,1009,2.03,1.015
458.54545454545456,63.0,3.0,0,15.6,0,0,0.0,0.0,0,0.0,0.0,0,16.0,-39,21.8,11.65,19.5,20.0,53.833333333333336,25,25,25,25,25,25,0,0,0,0,0,0,0,0.0,0,0,0.1741,0.010925,5e-05,10.83,94.2,0.0,0.0,4.5,183.5,6.668,1007,2.03,1.015
449.0833333333333,63.66666666666666,3.0,0,15.533333333333331,0,0,0.0,0.0,0,0.0,0.0,0,16.0,-39,21.516666666666666,12.0,19.366666666666667,20.0,53.275,25,25,25,25,25,25,0,0,0,0,0,0,0,0.0,0,0,0.223575,0.01075,7.500000000000001e-05,11.3,91.8,0.0,0.0,5.105,191.5,8.75,1006,2.2,1.015
447.8333333333333,64.0,3.0,0,15.533333333333331,0,0,0.0,0.0,0,0.0,0.0,0,15.95,-39,21.5,12.083333333333334,19.683333333333334,19.683333333333334,52.833333333333336,25,25,25,25,25,25,0,0,0,0,0,0,0,0.3,0,0,0.1702,0.011,5e-05,11.57,92.2,0.0,0.0,6.48,194.8,10.0,1005,2.03,1.015
443.8333333333333,64.5,0.25,2,15.5,0,0,0.0,0.0,0,0.0,0.0,0,15.508333333333333,-39,21.5,12.433333333333334,20.5,19.825,52.35833333333333,25,25,25,25,25,25,0,0,0,0,0,0,0,0.0,0,0,0.201525,0.01055,2.5e-05,12.35,88.4,0.0,0.0,5.688,210.2,9.17,1004,2.03,1.015
438.5833333333333,65.25,0.0,0,15.416666666666666,0,0,0.0,0.0,0,0.0,0.0,0,15.5,-39,21.5,12.2,20.5,18.75,51.975,25,25,25,25,25,25,0,0,0,0,0,0,0,0.0,0,0,0.098975,0.01075,5e-05,12.11,92.2,0.0,0.0,6.52,198.1,12.08,1003,2.03,1.015
436.4166666666667,66.0,1.5,0,15.4,0,0,0.0,0.0,0,0.0,0.0,0,15.5,-39,21.266666666666666,12.183333333333334,20.291666666666668,18.666666666666668,51.50833333333333,25,25,25,25,25,25,0,0,0,0,0,0,0,0.0,0,0,0.211275,0.010775,7.500000000000001e-05,11.91,94.2,0.0,0.0,6.605,205.5,9.58,1003,2.877,1.692
432.75,66.0,16.416666666666668,0,15.383333333333333,0,0,0.0,0.0,0,0.0,0.0,0,15.5,-39,21.0,12.3,20.0,19.0,50.40833333333333,25,25,25,25,25,25,0,0,0,0,0,0,0,0.0,0,0,0.624075,0.0108,2.5e-05,11.84,95.3,0.007,0.3981386,5.332,189.5,9.58,1003,55.9,52.97
437.0,66.75,197.41666666666663,2,15.541666666666666,0,0,0.0,0.0,0,0.0,0.0,0,15.616666666666667,-39,20.933333333333334,12.916666666666666,20.0,18.991666666666667,48.30833333333333,25,25,25,25,25,25,0,0,0,0,0,0,0,0.0,0,0,1.647725,0.0106,2.5e-05,11.77,97.5,0.063,4.339711,4.812,195.5,7.918,1003,444.8,428.0
453.3333333333333,66.58333333333333,341.0833333333333,0,16.325,0,0,0.0,0.0,0,0.0,0.0,0,16.391666666666666,-39,20.5,13.983333333333333,20.0,19.008333333333333,44.725,25,25,25,25,25,25,0,0,0,0,0,0,0,0.0,0,0,0.297525,0.0109,5e-05,12.99,91.1,0.355,20.75961,5.168,199.9,7.918,1002,1257.0,1248.0
444.3636363636364,66.0,67.36363636363636,0,16.400000000000002,0,0,0.0,0.0,0,0.0,0.0,0,16.4,-39,20.275,14.0,20.0,19.0,41.5,25,25,25,25,25,25,0,0,0,0,0,0,0,0.0,0,0,0.1756,0.0107,0.0001,12.99,92.0,0.196,11.13793,4.418,200.5,6.25,1002,1249.0,1205.0
440.0,66.0,49.41666666666666,0,16.175,0,0,0.0,0.0,0,0.0,0.0,0,16.133333333333333,-39,20.0,14.0,20.0,19.0,41.05,25,25,25,25,25,25,0,0,0,0,0,0,0,0.0,0,0,0.24835,0.0105,2.5e-05,13.19,91.8,0.096,5.471088,4.582,199.8,9.17,1000,666.0,642.5
439.3636363636364,66.9090909090909,78.81818181818181,0,16.09090909090909,0,0,0.0,0.0,0,0.0,0.0,0,16.2,-39,20.0,14.0,19.791666666666668,19.0,40.78333333333333,25,25,25,25,25,25,0,0,0,0,0,0,0,0.0,0,0,0.31575,0.011075,5e-05,13.56,91.4,0.103,5.806188,6.082,201.8,8.33,999,660.5,637.5
463.9166666666667,66.08333333333333,498.0,0,16.133333333333336,0,0,0.0,0.0,0,0.0,0.0,0,16.0,-39,20.0,14.0,19.525,19.0,40.5,25,25,25,25,25,25,0,0,0,0,0,0,0,0.0,0,0,0.18635,0.011025,7.500000000000001e-05,13.7,88.6,0.063,3.460488,3.896,233.9,6.25,999,399.5,384.5
454.54545454545456,66.0,2.4545454545454546,0,15.945454545454544,0,0,0.0,0.0,0,0.0,0.0,0,16.0,-39,19.641666666666666,13.866666666666667,19.5,18.741666666666667,40.175,25,25,25,25,25,25,0,0,0,0,0,0,0,0.0,0,0,0.1055,0.010825,7.500000000000001e-05,13.53,86.4,0.013,0.7962773,4.582,208.8,6.668,998,91.9,87.5
449.6,66.0,0.0,0,15.8,0,0,0.0,0.0,0,0.0,0.0,0,16.0,-39,19.5,13.616666666666667,19.5,18.5,40.0,25,25,25,25,25,25,0,0,0,0,0,0,0,0.0,0,0,0.3375249999999999,0.010875,5e-05,12.72,88.6,0.0,0.0,3.229,188.9,5.0,998,2.03,1.015
457.45454545454544,66.54545454545455,0.0,0,15.772727272727272,0,0,0.0,0.0,0,0.0,0.0,0,16.0,-39,19.5,12.883333333333333,19.5,18.5,39.61666666666667,25,25,25,25,25,25,0,0,0,0,0,0,0,0.0,0,0,0.333875,0.010725,0.0001,12.55,95.6,0.0,0.0,5.082,212.4,6.25,997,2.03,1.015
479.45454545454544,66.0,0.0,0,15.745454545454544,0,0,0.0,0.0,0,0.0,0.0,0,16.116666666666667,-39,19.5,12.516666666666667,19.391666666666666,18.5,39.48333333333333,25,25,25,25,25,25,0,0,0,0,0,0,0,0.0,0,0,0.710775,0.010325,7.500000000000001e-05,11.78,82.7,0.0,0.0,4.645,256.5,7.5,999,2.03,1.015
577.3636363636364,66.27272727272727,0.0,0,15.736363636363636,1,55,916.6666666666664,0.9166666666666664,221,3683.333333333333,3.683333333333333,0,17.15,-39,32.458333333333336,11.783333333333331,33.391666666666666,29.991666666666667,35.516666666666666,25,25,25,25,25,25,0,0,0,0,0,0,0,12.5,1,0,2.5102,1.4133749999999998,0.0,12.59,77.0,0.0,0.0,4.27,267.0,6.25,999,2.03,1.015
619.4545454545455,66.0,0.2727272727272727,0,15.709090909090907,0,5,83.33333333333331,0.0833333333333333,12,200.0,0.2,0,16.958333333333332,-39,29.65833333333333,10.65,21.3,26.183333333333334,49.475,25,25,25,25,25,25,0,0,0,0,0,0,0,0.3166666666666666,1,0,0.783325,0.1023,0.0,12.32,72.56,0.0,0.0,7.25,257.0,12.5,1000,2.03,1.015
634.1818181818181,66.0,0.0,0,15.71818181818182,0,0,0.0,0.0,0,0.0,0.0,0,17.0,-39,23.433333333333334,10.0,19.825,21.03333333333333,49.3,25,25,25,25,25,25,0,0,0,0,0,0,0,0.0,0,0,0.3149,0.010725,5e-05,11.84,72.5,0.0,0.0,6.438,280.8,11.25,1001,2.03,1.015
720.9166666666666,65.91666666666667,0.0,0,15.699999999999998,0,0,0.0,0.0,0,0.0,0.0,0,16.733333333333334,-39,22.683333333333334,10.0,19.5,20.5,49.0,25,25,25,25,25,25,0,0,0,0,0,0,0,0.0,0,0,0.2400499999999999,0.011125,7.500000000000001e-05,11.37,76.0,0.0,0.0,4.293,264.2,7.082,1002,2.03,1.015
669.5,65.0,0.0,0,15.658333333333331,0,0,0.0,0.0,0,0.0,0.0,0,16.383333333333333,-39,22.5,10.066666666666666,19.5,20.5,48.91666666666666,25,25,25,25,25,25,0,0,0,0,0,0,0,0.0,0,0,0.1529,0.01085,5e-05,11.5,71.5,0.0,0.0,4.0,265.5,6.668,1003,2.03,1.015
606.1818181818181,65.0,0.0,0,15.6,0,0,0.0,0.0,0,0.0,0.0,0,16.0,-39,22.5,10.883333333333333,19.5,20.5,48.5,25,25,25,25,25,25,0,0,0,0,0,0,0,0.0,0,0,0.106075,0.0109249999999999,7.500000000000001e-05,11.57,75.3,0.0,0.0,3.125,254.9,4.582,1003,2.03,1.015
579.3636363636364,65.0,0.0,0,15.581818181818182,0,0,0.0,0.0,0,0.0,0.0,0,16.0,-39,22.341666666666665,10.683333333333334,19.5,20.491666666666667,48.46666666666667,25,25,25,25,25,25,0,0,0,0,0,0,0,0.0,0,0,0.1228249999999999,0.010925,2.5e-05,11.57,73.4,0.0,0.0,3.457,257.8,6.668,1003,2.03,1.015
557.2727272727273,65.0,0.0,0,15.509090909090908,0,0,0.0,0.0,0,0.0,0.0,0,16.0,-39,22.008333333333333,11.0,19.5,20.425,48.025,25,25,25,25,25,25,0,0,0,0,0,0,0,0.0,0,0,0.03965,0.01095,5e-05,11.17,74.6,0.0,0.0,4.582,262.2,8.33,1004,2.03,1.015
548.25,65.0,0.0,0,15.508333333333333,0,0,0.0,0.0,0,0.0,0.0,0,16.0,-39,22.0,11.033333333333331,19.15,20.1,47.975,25,25,25,25,25,25,0,0,0,0,0,0,0,0.0,0,0,0.142275,0.01095,5e-05,10.93,76.2,0.0,0.0,3.418,284.5,5.832,1004,2.03,1.015
516.9166666666666,64.41666666666667,0.0,0,15.441666666666668,0,0,0.0,0.0,0,0.0,0.0,0,15.508333333333333,-39,22.0,10.05,19.0,20.0,47.56666666666667,25,25,25,25,25,25,0,0,0,0,0,0,0,0.0,0,0,0.03945,0.0109,7.500000000000001e-05,9.61,89.7,0.0,0.0,3.979,220.2,7.082,1004,2.03,1.015
507.45454545454544,64.0,0.0,0,15.372727272727271,0,0,0.0,0.0,0,0.0,0.0,0,15.5,-39,21.633333333333333,9.516666666666667,19.0,20.0,47.475,25,25,25,25,25,25,0,0,0,0,0,0,0,0.0,0,0,0.13305,0.01085,5e-05,9.48,85.3,0.0,0.0,4.27,205.0,7.5,1004,2.031,1.015
480.0,64.0,0.0,0,15.283333333333331,0,0,0.0,0.0,0,0.0,0.0,0,15.5,-39,21.5,9.666666666666666,19.0,20.0,47.04166666666666,25,25,25,25,25,25,0,0,0,0,0,0,0,0.0,0,0,0.208025,0.010825,5e-05,8.54,89.9,0.0,0.0,3.918,210.4,6.25,1003,2.031,1.015
545.25,64.25,2.333333333333333,1,15.258333333333333,0,0,0.0,0.0,0,0.0,0.0,0,15.5,-39,21.5,9.266666666666667,19.0,20.0,46.84166666666667,25,25,25,25,25,25,0,0,0,0,0,0,0,0.0,0,0,0.41505,0.010875,7.500000000000001e-05,8.67,90.3,0.0,0.0,3.332,202.0,4.582,1003,2.2,1.015
586.4166666666666,65.08333333333333,31.83333333333333,0,15.241666666666667,0,0,0.0,0.0,0,0.0,0.0,0,15.45,-39,21.466666666666665,9.0,19.0,19.825,46.43333333333333,25,25,25,25,25,25,0,0,0,0,0,0,0,0.0,0,0,0.105825,0.010825,2.5e-05,8.81,90.8,0.02,1.194609,4.812,215.2,7.918,1002,137.9,132.6
505.54545454545456,64.0909090909091,277.27272727272725,0,15.463636363636365,0,0,0.0,0.0,0,0.0,0.0,0,15.508333333333333,-39,21.016666666666666,9.45,18.991666666666667,19.525,46.0,25,25,25,25,25,25,0,0,0,0,0,0,0,0.0,0,0,0.134575,0.0106249999999999,7.500000000000001e-05,9.01,88.2,0.04,2.38918,4.395,210.8,7.5,1002,317.2,304.5
766.5833333333334,63.91666666666666,336.9166666666667,23,16.716666666666665,2,29,483.33333333333326,0.4833333333333332,189,3149.9999999999995,3.1499999999999995,0,16.283333333333335,-39,27.216666666666665,10.166666666666666,28.775,26.316666666666663,45.641666666666666,25,25,25,25,25,25,0,0,0,0,0,0,0,15.2,1,1,1.7203,0.7368250000000001,0.0,9.62,86.8,0.176,10.56108,4.688,210.8,6.668,1002,1242.0,1200.0
609.9166666666666,61.41666666666666,353.5,0,18.116666666666667,2,57,950.0,0.9499999999999996,265,4416.666666666666,4.416666666666666,0,17.758333333333333,-39,40.016666666666666,10.75,43.49166666666667,39.88333333333333,45.49166666666667,25,25,25,25,25,25,0,0,0,0,0,0,0,19.133333333333333,1,1,1.4834,1.25345,0.0,10.25,81.6,0.222,13.33765,6.0,214.8,8.33,1000,1257.0,1248.0
521.1818181818181,59.45454545454545,436.8181818181818,0,18.845454545454547,2,60,1000.0,0.9999999999999998,277,4616.666666666666,4.616666666666666,0,18.508333333333333,-39,44.66666666666666,10.116666666666667,48.31666666666667,44.49166666666667,45.09166666666667,25,25,25,25,25,25,0,0,0,0,0,0,0,19.216666666666665,1,1,1.7304,1.6317,0.0,10.42,83.9,0.083,4.140642,4.75,219.0,7.918,1000,648.0,625.0
466.09090909090907,57.27272727272727,105.72727272727272,0,19.263636363636365,2,60,1000.0,0.9999999999999998,272,4533.333333333333,4.533333333333333,0,19.0,-39,46.09166666666667,9.716666666666669,49.775,46.0,44.31666666666667,25,25,25,25,25,25,0,0,0,0,0,0,0,19.016666666666666,1,1,2.05105,1.6995749999999998,0.0,10.76,79.6,0.056,3.384179,4.395,208.6,6.668,999,473.5,456.2
662.0,58.45454545454545,44.0,23,19.43636363636364,2,31,516.6666666666666,0.5166666666666666,139,2316.6666666666665,2.3166666666666664,0,19.0,-39,39.083333333333336,8.483333333333333,45.78333333333333,44.10833333333333,42.99166666666667,25,25,25,25,25,25,0,0,0,0,0,0,0,9.883333333333333,1,1,1.734925,0.877425,0.0,8.32,92.4,0.017,1.191098,3.688,252.2,6.668,999,112.9,108.8
1064.090909090909,62.36363636363637,23.0,18,19.863636363636363,1,86,1433.3333333333333,1.4333333333333331,351,5850.0,5.85,2,18.45,-39,30.383333333333333,8.6,34.608333333333334,30.275,31.091666666666665,25,25,25,25,25,25,0,0,0,0,0,0,0,18.916666666666668,1,0,4.6308,1.9631,0.0,8.6,89.8,0.02,1.194558,4.668,208.9,7.5,998,105.4,101.4
887.9090909090909,60.63636363636363,31.363636363636363,2,19.527272727272727,2,102,1700.0,1.7,221,3683.333333333333,3.6833333333333327,0,18.0,-39,38.60833333333333,8.433333333333334,35.45,35.00833333333333,47.84166666666667,25,25,25,25,25,25,0,0,0,0,0,0,0,17.75,1,1,2.910525,1.236775,0.605225,8.06,90.2,0.0,0.0,3.646,212.1,5.832,997,2.031,1.015
1056.25,62.083333333333336,11.25,21,19.075,2,55,916.6666666666664,0.9166666666666664,238,3966.666666666666,3.966666666666666,0,18.258333333333333,-39,38.05833333333333,8.15,40.895833333333336,37.766666666666666,49.075,25,25,25,25,25,25,0,0,0,0,0,0,0,19.23333333333333,1,1,1.53605,1.173025,0.0,8.27,90.2,0.0,0.0,4.375,216.8,7.5,997,2.707,1.015
1700.6666666666667,65.08333333333333,2.75,8,19.45833333333333,2,21,349.99999999999994,0.3499999999999999,183,3050.0,3.05,0,19.116666666666667,-39,41.516666666666666,8.033333333333333,43.60833333333333,41.075,49.0,25,25,25,25,25,25,0,0,0,0,0,0,0,19.433333333333334,1,1,1.2632,0.9528,0.0,8.37,90.7,0.0,0.0,6.188,200.4,10.42,996,2.031,1.015
1845.3636363636365,65.54545454545455,22.90909090909091,18,20.045454545454547,2,0,0.0,0.0,124,2066.6666666666665,2.0666666666666664,0,19.5,-39,37.93333333333333,8.233333333333333,39.4,37.425,48.93333333333333,25,25,25,25,25,25,0,0,0,0,0,0,0,19.1,1,1,0.93455,0.6586000000000001,2.5e-05,8.4,86.9,0.0,0.0,5.668,217.8,7.5,996,2.453,1.015
2151.083333333333,66.41666666666667,0.75,12,20.28333333333333,2,13,216.66666666666663,0.2166666666666666,194,3233.333333333333,3.233333333333333,0,19.641666666666666,-39,39.96666666666667,7.9,42.24166666666667,39.575,48.53333333333333,25,25,25,25,25,25,0,0,0,0,0,0,0,19.28333333333333,1,1,1.2243,0.97695,0.0,8.77,89.5,0.0,0.0,3.812,214.8,6.668,996,2.031,1.015
2352.3636363636365,66.9090909090909,0.2727272727272727,12,20.454545454545453,2,0,0.0,0.0,88,1466.6666666666663,1.4666666666666663,0,20.0,-39,35.483333333333334,8.016666666666667,38.35,36.94166666666667,48.5,25,25,25,25,25,25,0,0,0,0,0,0,0,13.8,1,1,0.7114,0.47735,2.5e-05,8.16,93.9,0.0,0.0,2.938,213.9,5.0,996,2.031,1.015
917.6666666666666,59.083333333333336,0.25,4,19.558333333333334,0,0,0.0,0.0,0,0.0,0.0,0,19.341666666666665,-39,27.8,8.05,33.31666666666667,30.60833333333333,48.25833333333333,25,25,25,25,25,25,0,0,0,0,0,0,0,0.0,0,0,0.196,0.010675,0.0,8.23,90.8,0.0,0.0,3.146,222.2,5.832,996,2.031,1.015
802.75,58.25,0.5,2,18.85,0,0,0.0,0.0,0,0.0,0.0,0,18.78333333333333,-39,25.425,8.0,26.3,24.275,48.0,25,25,25,25,25,25,0,0,0,0,0,0,0,0.0,0,0,0.193325,0.01075,2.5e-05,7.723,94.6,0.0,0.0,3.418,202.8,5.832,996,2.031,1.015
1043.8333333333333,60.583333333333336,0.75,2,18.675,0,0,0.0,0.0,0,0.0,0.0,0,18.5,-39,24.33333333333333,8.0,23.991666666666667,22.383333333333333,47.79166666666666,25,25,25,25,25,25,0,0,0,0,0,0,0,0.0,0,0,0.203625,0.0108,5e-05,7.52,96.4,0.0,0.0,1.938,213.6,2.918,996,2.031,1.015
1073.25,60.16666666666666,0.25,1,18.55,0,0,0.0,0.0,0,0.0,0.0,0,18.08333333333333,-39,23.633333333333333,8.0,22.741666666666667,21.825,47.5,25,25,25,25,25,25,0,0,0,0,0,0,0,0.0,0,0,0.17745,0.010775,7.500000000000001e-05,8.2,93.3,0.0,0.0,0.896,270.5,2.082,997,2.031,1.015
1144.909090909091,60.54545454545455,0.0,2,18.509090909090908,0,0,0.0,0.0,0,0.0,0.0,0,18.0,-39,23.066666666666663,8.0,22.5,21.2,47.31666666666667,25,25,25,25,25,25,0,0,0,0,0,0,0,0.0,0,0,0.1903,0.01075,0.0001,7.926,93.1,0.0,0.0,1.958,290.0,2.918,998,2.031,1.015
1272.4545454545455,61.54545454545455,0.0,2,18.42727272727273,0,0,0.0,0.0,0,0.0,0.0,0,17.983333333333334,-39,22.6,8.0,22.05,20.575,47.0,25,25,25,25,25,25,0,0,0,0,0,0,0,0.0,0,0,0.1684,0.0108,5e-05,8.13,89.2,0.0,0.0,4.27,299.8,6.668,999,2.031,1.015
1169.5,60.41666666666666,0.0,2,18.341666666666665,0,0,0.0,0.0,0,0.0,0.0,0,17.5,-39,22.5,7.783333333333333,21.591666666666665,20.5,46.81666666666667,25,25,25,25,25,25,0,0,0,0,0,0,0,0.0,0,0,0.21935,0.010825,5e-05,7.555,93.8,0.0,0.0,1.5,273.8,2.082,1000,2.031,1.015
1292.5833333333333,61.333333333333336,0.0,4,18.133333333333336,0,0,0.0,0.0,0,0.0,0.0,0,17.5,-39,22.5,8.0,21.35833333333333,20.5,46.5,25,25,25,25,25,25,0,0,0,0,0,0,0,0.0,0,0,0.135775,0.010775,5e-05,7.758,93.2,0.0,0.0,3.438,298.2,4.582,1001,2.031,1.015
989.8333333333334,62.0,13.333333333333334,16,18.091666666666665,0,0,0.0,0.0,0,0.0,0.0,0,17.283333333333335,-39,22.183333333333334,8.0,21.0,20.258333333333333,45.766666666666666,25,25,25,25,25,25,0,0,0,0,0,0,0,0.0,0,0,0.592525,0.010775,5e-05,8.47,85.3,0.0,0.0,4.168,341.0,7.082,1002,2.2,1.015
854.5,62.583333333333336,6.583333333333333,0,17.533333333333335,0,0,0.0,0.0,0,0.0,0.0,0,17.0,-39,21.7,7.35,20.775,20.0,44.525,25,25,25,25,25,25,0,0,0,0,0,0,0,0.0,0,0,0.3585,0.010975,5e-05,8.3,86.1,0.0,0.0,2.271,321.8,4.582,1003,3.555,2.2
776.9,63.0,27.0,2,17.25,0,0,0.0,0.0,0,0.0,0.0,0,17.0,-39,21.183333333333334,7.683333333333334,20.5,19.975,44.208333333333336,25,25,25,25,25,25,0,0,0,0,0,0,0,0.0,0,0,1.115775,0.010475,2.5e-05,7.86,85.7,0.027,1.592879,2.812,283.8,3.75,1005,203.2,195.9
696.3333333333334,62.75,199.0,0,17.291666666666668,0,0,0.0,0.0,0,0.0,0.0,0,16.9,-39,20.666666666666668,8.15,20.5,19.591666666666665,43.80833333333333,25,25,25,25,25,25,0,0,0,0,0,0,0,0.0,0,0,0.112025,0.0109,5e-05,8.77,81.1,0.076,3.208871,1.854,276.0,3.332,1006,497.0,479.5
557.4545454545455,61.18181818181818,369.6363636363636,0,17.981818181818184,0,0,0.0,0.0,0,0.0,0.0,0,17.433333333333334,-39,20.5,9.783333333333331,20.5,19.5,43.48333333333333,25,25,25,25,25,25,0,0,0,0,0,0,0,0.0,0,0,0.4706749999999999,0.010575,7.500000000000001e-05,9.61,82.2,0.176,10.92559,2.75,308.0,3.75,1007,1240.0,1195.0
509.7,59.5,419.9,0,18.91,0,0,0.0,0.0,0,0.0,0.0,0,18.0,-39,20.5,12.0,20.5,19.5,43.083333333333336,25,25,25,25,25,25,0,0,0,0,0,0,0,0.0,0,0,0.6980999999999999,0.01045,2.5e-05,11.2,76.25,0.222,13.33765,1.625,339.8,2.5,1008,1257.0,1248.0
499.8181818181818,58.09090909090909,585.6363636363636,0,19.62727272727273,0,0,0.0,0.0,0,0.0,0.0,0,18.0,-39,20.5,10.966666666666669,20.5,19.5,42.5,25,25,25,25,25,25,0,0,0,0,0,0,0,0.0,0,0,0.2318,0.010525,5e-05,11.44,74.0,0.222,13.33765,2.646,341.2,4.168,1009,1257.0,1248.0
539.9090909090909,56.72727272727273,465.3636363636364,0,19.563636363636363,0,0,0.0,0.0,0,0.0,0.0,0,17.825,-39,20.5,10.45,20.266666666666666,19.5,41.61666666666667,25,25,25,25,25,25,0,0,0,0,0,0,0,0.0,0,0,0.21835,0.01045,2.5e-05,11.7,69.3,0.143,5.935584,2.457,323.0,3.332,1010,971.0,937.0
514.4545454545455,55.72727272727273,892.4545454545455,0,19.2,0,0,0.0,0.0,0,0.0,0.0,0,17.333333333333332,-39,20.5,10.133333333333333,20.0,19.5,41.03333333333333,25,25,25,25,25,25,0,0,0,0,0,0,0,0.0,0,0,0.09275,0.01065,0.0,11.33,73.7,0.043,2.587901,0.896,313.0,1.667,1010,349.5,335.5
488.8181818181818,57.45454545454545,3.1818181818181817,0,18.227272727272727,0,0,0.0,0.0,0,0.0,0.0,0,17.0,-39,20.491666666666667,10.0,20.0,19.291666666666668,40.583333333333336,25,25,25,25,25,25,0,0,0,0,0,0,0,0.0,0,0,0.4656,0.010725,0.0,9.98,87.7,0.007,0.3981386,4.395,5.926,5.832,1011,72.5,69.56
557.3333333333334,59.583333333333336,5.0,18,17.791666666666668,0,0,0.0,0.0,0,0.0,0.0,0,17.0,-39,20.008333333333333,10.0,20.0,19.0,38.65,25,25,25,25,25,25,0,0,0,0,0,0,0,0.0,0,0,0.3005,0.010775,5e-05,9.61,91.2,0.0,0.0,1.125,357.5,1.667,1013,2.2,1.015
689.9090909090909,61.18181818181818,0.0,2,17.763636363636365,2,54,899.9999999999999,0.8999999999999999,204,3399.9999999999995,3.3999999999999995,0,17.075,-39,28.641666666666666,8.966666666666667,31.058333333333334,28.175,38.1,25,25,25,25,25,25,0,0,0,0,0,0,0,16.816666666666666,1,1,1.234475,0.902275,0.1553,9.07,91.8,0.0,0.0,1.104,18.53,1.25,1013,2.2,1.015
668.3636363636364,62.45454545454545,21.818181818181817,9,18.063636363636363,2,33,549.9999999999999,0.5499999999999998,143,2383.333333333333,2.383333333333333,0,17.875,-39,34.641666666666666,8.916666666666666,40.04166666666666,39.06666666666667,36.44166666666667,25,25,25,25,25,25,0,0,0,0,0,0,0,10.25,1,1,1.39205,0.65725,0.0,9.17,87.0,0.0,0.0,0.875,7.17,1.25,1014,2.03,1.015
1056.3,64.5,26.1,15,18.73,1,105,1750.0,1.75,346,5766.666666666666,5.766666666666667,0,17.791666666666668,-39,35.9,8.0,40.875,36.38333333333333,34.24166666666667,25,25,25,25,25,25,0,0,0,0,0,0,0,17.2,1,0,2.5155,2.101175,2.5e-05,8.84,85.1,0.0,0.0,0.396,151.2,0.833,1015,2.2,1.015
1695.75,66.08333333333333,1.0,7,19.175,0,7,116.66666666666666,0.1166666666666666,11,183.3333333333333,0.1833333333333333,0,17.360655737704917,-39,31.15573770491803,7.491803278688525,24.69672131147541,29.65573770491803,49.00819672131148,25,25,25,25,25,25,0,0,0,0,0,0,0,0.3114754098360656,1,0,0.22045,0.103825,2.5e-05,8.91,85.4,0.0,0.0,1.667,311.0,2.5,1015,2.031,1.015
2167.75,66.91666666666667,0.5,3,19.15833333333333,0,0,0.0,0.0,0,0.0,0.0,0,17.0,-39,24.716666666666665,8.066666666666666,22.041666666666668,23.291666666666668,49.0,25,25,25,25,25,25,0,0,0,0,0,0,0,0.0,0,0,0.09525,0.010825,7.500000000000001e-05,8.57,87.1,0.0,0.0,1.417,321.2,2.5,1016,2.031,1.015
2488.8,68.4,0.0,2,19.2,0,0,0.0,0.0,0,0.0,0.0,0,17.0,-39,23.925,8.65,21.10833333333333,22.366666666666667,48.583333333333336,25,25,25,25,25,25,0,0,0,0,0,0,0,0.0,0,0,0.2344,0.010775,2.5e-05,8.91,82.8,0.0,0.0,1.208,313.5,2.082,1016,2.031,1.015
2698.25,70.0,0.75,2,19.275,0,0,0.0,0.0,0,0.0,0.0,0,16.940677966101696,-39,23.29661016949153,8.0,20.5,21.6864406779661,48.5,25,25,25,25,25,25,0,0,0,0,0,0,0,0.0,0,0,0.1218249999999999,0.0106,7.500000000000001e-05,7.96,86.3,0.0,0.0,0.625,328.2,1.25,1016,2.031,1.015
2846.0,70.0,0.0,1,19.33636363636364,0,0,0.0,0.0,0,0.0,0.0,0,16.5,-39,22.891666666666666,7.45,20.5,21.191666666666663,48.18333333333333,25,25,25,25,25,25,0,0,0,0,0,0,0,0.0,0,0,0.09045,0.010725,2.5e-05,6.777,87.9,0.0,0.0,1.104,287.0,1.667,1016,2.031,1.015
2854.090909090909,69.9090909090909,0.0,3,19.33636363636364,0,0,0.0,0.0,0,0.0,0.0,0,16.5,-39,22.5,6.966666666666667,20.016666666666666,20.775,48.0,25,25,25,25,25,25,0,0,0,0,0,0,0,0.0,0,0,0.1901749999999999,0.01075,2.5e-05,6.066,92.8,0.0,0.0,0.104,276.8,0.417,1016,2.031,1.015
2774.5,69.3,0.0,2,19.14,0,0,0.0,0.0,0,0.0,0.0,0,16.5,-39,22.5,6.116666666666666,19.916666666666668,20.5,47.75833333333333,25,25,25,25,25,25,0,0,0,0,0,0,0,0.0,0,0,0.10325,0.01075,0.0,5.797,94.5,0.0,0.0,0.417,250.4,0.833,1016,2.031,1.015
2781.090909090909,70.0,0.0,2,19.027272727272727,0,0,0.0,0.0,0,0.0,0.0,0,16.483333333333334,-39,22.5,6.0,19.5,20.5,47.5,25,25,25,25,25,25,0,0,0,0,0,0,0,0.0,0,0,0.083475,0.0108,7.500000000000001e-05,6.035,96.4,0.0,0.0,0.708,241.5,1.25,1017,2.031,1.016
2083.0,68.16666666666667,6.916666666666667,14,18.85833333333333,0,0,0.0,0.0,0,0.0,0.0,0,16.0,-39,22.1,6.583333333333333,19.5,20.5,47.30833333333333,25,25,25,25,25,25,0,0,0,0,0,0,0,0.0,0,0,0.2163,0.010775,2.5e-05,5.465,99.3,0.0,0.0,0.479,306.8,0.833,1016,2.031,1.016
990.9090909090908,65.0,0.0,0,17.900000000000002,0,0,0.0,0.0,0,0.0,0.0,0,16.0,-39,21.941666666666663,7.016666666666667,19.45,20.25,47.0,25,25,25,25,25,25,0,0,0,0,0,0,0,0.0,0,0,0.0408,0.0111,2.5e-05,6.098,99.2,0.0,0.0,1.063,170.9,1.667,1017,2.031,1.015
708.4545454545455,64.36363636363636,0.0,3,17.354545454545452,0,0,0.0,0.0,0,0.0,0.0,0,16.0,-39,21.516666666666666,7.816666666666666,19.041666666666668,20.0,46.65833333333333,25,25,25,25,25,25,0,0,0,0,0,0,0,0.0,0,0,0.27835,0.011075,2.5e-05,6.234,100.0,0.0,0.0,0.104,114.1,0.417,1017,2.031,1.015
669.8181818181819,65.0,3.363636363636364,0,17.072727272727274,0,0,0.0,0.0,0,0.0,0.0,0,16.0,-39,21.5,7.916666666666667,19.308333333333334,20.0,46.375,25,25,25,25,25,25,0,0,0,0,0,0,0,0.0,0,0,0.160375,0.010975,5e-05,6.574,100.0,0.0,0.0,2.207,172.8,2.918,1017,2.54,1.692
616.7272727272727,65.0,19.363636363636363,0,16.927272727272726,0,0,0.0,0.0,0,0.0,0.0,0,16.0,-39,21.35833333333333,8.0,19.0,20.0,46.0,25,25,25,25,25,25,0,0,0,0,0,0,0,0.0,0,0,0.36045,0.0106,2.5e-05,6.88,100.0,0.02,1.194736,2.0,162.4,2.918,1017,125.4,120.7
564.7,64.9,23.0,0,16.77,0,0,0.0,0.0,0,0.0,0.0,0,16.0,-39,21.0,8.0,19.0,19.7,45.81666666666667,25,25,25,25,25,25,0,0,0,0,0,0,0,0.0,0,0,0.144875,0.010575,5e-05,7.316,99.7,0.05,2.950054,2.168,190.2,3.332,1017,361.8,347.2
504.6666666666667,63.25,35.0,0,16.633333333333336,0,0,0.0,0.0,0,0.0,0.0,0,16.0,-39,20.633333333333333,8.083333333333334,19.0,19.5,45.5,25,25,25,25,25,25,0,0,0,0,0,0,0,0.0,0,0,0.16515,0.0105,5e-05,8.06,92.2,0.06,3.583926,1.542,201.2,2.5,1017,431.0,414.2
474.27272727272725,62.72727272727273,46.36363636363637,0,16.545454545454547,0,0,0.0,0.0,0,0.0,0.0,0,15.658333333333331,-39,20.5,8.3,19.0,19.258333333333333,45.125,25,25,25,25,25,25,0,0,0,0,0,0,0,0.0,0,0,0.1367,0.0106,5e-05,8.27,87.5,0.109,6.569735,3.188,205.6,4.168,1016,773.5,747.0
471.5,61.333333333333336,48.66666666666666,0,16.441666666666666,0,0,0.0,0.0,0,0.0,0.0,0,15.325,-39,20.491666666666667,8.333333333333334,19.0,19.0,44.35833333333333,25,25,25,25,25,25,0,0,0,0,0,0,0,0.0,0,0,0.8086,0.010725,0.0001,8.64,81.0,0.096,6.094871,2.562,196.6,3.75,1016,641.5,618.5
487.3333333333333,61.0,32.55555555555556,0,16.377777777777776,0,0,0.0,0.0,0,0.0,0.0,0,15.5,-39,20.25,8.266666666666667,19.041666666666668,19.0,43.75833333333333,25,25,25,25,25,25,0,0,0,0,0,0,0,0.0,0,0,1.39175,0.010375,2.5e-05,8.73,78.56,0.09,5.374872,1.5,192.8,2.5,1016,570.5,550.0
491.27272727272725,61.0,12.909090909090908,0,16.28181818181818,0,0,0.0,0.0,0,0.0,0.0,0,15.5,-39,20.058333333333334,8.033333333333333,19.008333333333333,19.0,43.44166666666667,25,25,25,25,25,25,0,0,0,0,0,0,0,0.0,0,0,0.6986,0.010425,5e-05,8.43,80.7,0.043,2.587908,3.043,171.8,4.168,1015,278.5,267.5
501.8181818181818,61.0,0.8181818181818182,0,16.10909090909091,0,0,0.0,0.0,0,0.0,0.0,0,15.341666666666669,-39,20.266666666666666,8.016666666666667,19.0,19.0,42.958333333333336,25,25,25,25,25,25,0,0,0,0,0,0,0,0.0,0,0,0.177525,0.010775,7.500000000000001e-05,8.47,81.1,0.007,0.4612049,2.354,169.2,3.332,1015,59.4,57.03
508.27272727272725,61.0,0.0,0,16.009090909090908,0,0,0.0,0.0,0,0.0,0.0,0,15.0,-39,20.02083333333333,8.0,18.625,19.0,42.5,25,25,25,25,25,25,0,0,0,0,0,0,0,0.0,0,0,0.0491,0.01065,2.5e-05,7.895,84.9,0.0,0.0,2.0,166.6,3.332,1014,2.877,1.015
596.1666666666666,61.41666666666666,2.5,16,16.05,2,62,1033.3333333333333,1.0333333333333332,255,4250.0,4.25,2,15.391666666666667,-39,29.441666666666663,8.266666666666667,32.7,29.325,42.208333333333336,25,25,25,25,25,25,0,0,0,0,0,0,0,17.566666666666666,1,1,1.92395,1.2116,0.225025,7.793,87.0,0.0,0.0,3.543,170.2,4.582,1014,2.031,1.015
901.9090909090908,63.63636363636363,22.545454545454547,19,16.954545454545453,0,11,183.3333333333333,0.1833333333333333,46,766.6666666666666,0.7666666666666666,0,16.483333333333334,-39,30.28333333333333,8.916666666666666,37.525,37.71666666666667,40.075,25,25,25,25,25,25,0,0,0,0,0,0,0,3.433333333333333,1,1,0.655575,0.2603,7.500000000000001e-05,8.27,87.2,0.0,0.0,2.707,168.5,4.168,1014,2.031,1.015
1663.3636363636365,63.90909090909091,4.090909090909091,11,17.845454545454547,0,0,0.0,0.0,0,0.0,0.0,0,16.225,-39,23.475,9.0,30.066666666666663,26.191666666666663,37.5,25,25,25,25,25,25,0,0,0,0,0,0,0,0.0,0,0,0.213425,0.0108,2.5e-05,8.87,84.6,0.0,0.0,2.457,176.6,3.75,1014,2.031,1.015
1904.7,64.0,0.3,8,18.0,0,0,0.0,0.0,0,0.0,0.0,0,16.0,-39,20.808333333333334,9.0,22.716666666666665,22.366666666666667,36.78333333333333,25,25,25,25,25,25,0,0,0,0,0,0,0,0.0,0,0,0.165825,0.0109,7.500000000000001e-05,9.28,84.2,0.0,0.0,1.854,188.8,2.918,1014,2.031,1.015
2257.4,64.8,0.3,3,17.95,0,0,0.0,0.0,0,0.0,0.0,0,16.0,-39,20.266666666666666,9.183333333333334,21.775,20.3,36.5,25,25,25,25,25,25,0,0,0,0,0,0,0,0.0,0,0,0.2410749999999999,0.010775,7.500000000000001e-05,9.35,87.1,0.0,0.0,2.832,170.8,3.75,1014,2.031,1.015
2509.4166666666665,66.0,0.0,2,18.03333333333333,0,0,0.0,0.0,0,0.0,0.0,0,15.941666666666666,-39,19.58333333333333,9.95,20.475,19.091666666666665,36.11666666666667,25,25,25,25,25,25,0,0,0,0,0,0,0,0.0,0,0,0.08555,0.011,0.0001,9.88,86.1,0.0,0.0,2.957,170.4,5.0,1014,2.031,1.015
2577.8,66.8,0.3,3,18.07,0,0,0.0,0.0,0,0.0,0.0,0,15.5,-39,19.025,10.0,19.75,19.0,35.99166666666667,25,25,25,25,25,25,0,0,0,0,0,0,0,0.0,0,0,0.190925,0.010675,2.5e-05,10.15,85.0,0.0,0.0,3.0,180.2,4.168,1014,2.03,1.015
2825.3636363636365,67.45454545454545,0.2727272727272727,2,18.10909090909091,1,80,1333.3333333333333,1.3333333333333333,214,3566.6666666666665,3.5666666666666664,0,15.5,-39,36.53333333333333,9.616666666666667,35.31666666666667,35.233333333333334,39.266666666666666,25,25,25,25,25,25,0,0,0,0,0,0,0,13.133333333333333,1,0,1.694475,1.5617,2.5e-05,10.22,85.8,0.0,0.0,2.793,172.2,3.75,1014,2.03,1.015
2990.25,68.0,0.0,9,18.275,0,0,0.0,0.0,0,0.0,0.0,0,15.5,-39,26.525,10.633333333333333,20.491666666666667,22.70833333333333,49.46666666666667,25,25,25,25,25,25,0,0,0,0,0,0,0,0.0,0,0,0.099025,0.0107,2.5e-05,9.95,87.2,0.0,0.0,0.625,136.9,1.25,1014,2.03,1.015
2594.0,68.0,0.0,1,18.0,0,0,0.0,0.0,0,0.0,0.0,0,15.5,-39,23.03333333333333,10.0,19.9,21.03333333333333,49.05833333333333,25,25,25,25,25,25,0,0,0,0,0,0,0,0.0,0,0,0.1472,0.010725,2.5e-05,9.88,88.1,0.0,0.0,0.604,125.4,0.833,1014,2.03,1.015
2597.4166666666665,68.41666666666667,0.0,2,17.849999999999998,0,0,0.0,0.0,0,0.0,0.0,0,15.5,-39,22.5,10.0,19.5,20.5,49.0,25,25,25,25,25,25,0,0,0,0,0,0,0,0.0,0,0,0.1061,0.0109,7.500000000000001e-05,9.95,89.5,0.0,0.0,2.707,172.2,3.332,1015,2.03,1.015
2084.2,68.4,6.0,12,17.830000000000002,0,0,0.0,0.0,0,0.0,0.0,0,15.5,-39,22.5,10.0,19.466666666666665,20.5,48.59166666666667,25,25,25,25,25,25,0,0,0,0,0,0,0,0.0,0,0,0.23005,0.0108,7.500000000000001e-05,9.85,92.0,0.0,0.0,1.75,160.4,2.5,1015,2.03,1.015
1212.4166666666667,68.5,0.0,0,17.108333333333334,0,0,0.0,0.0,0,0.0,0.0,0,15.5,-39,22.291666666666668,10.0,19.116666666666667,20.45,48.5,25,25,25,25,25,25,0,0,0,0,0,0,0,0.0,0,0,0.137425,0.010875,7.500000000000001e-05,10.22,91.1,0.0,0.0,3.104,175.1,4.168,1015,2.03,1.015
909.4166666666666,68.0,1.6666666666666667,4,16.741666666666667,0,0,0.0,0.0,0,0.0,0.0,0,15.5,-39,22.0,10.5,19.0,20.008333333333333,48.09166666666667,25,25,25,25,25,25,0,0,0,0,0,0,0,0.0,0,0,0.47615,0.0107,5e-05,10.32,91.6,0.0,0.0,1.792,175.0,2.5,1015,2.03,1.015
837.3333333333334,68.0,2.25,0,16.558333333333334,0,0,0.0,0.0,0,0.0,0.0,0,15.5,-39,21.725,10.9,19.0,20.0,47.99166666666667,25,25,25,25,25,25,0,0,0,0,0,0,0,0.0,0,0,0.0395,0.010875,7.500000000000001e-05,10.93,90.2,0.0,0.0,1.333,181.8,2.5,1016,2.537,1.015
692.3636363636364,67.54545454545455,18.181818181818183,0,16.39090909090909,0,0,0.0,0.0,0,0.0,0.0,0,15.5,-39,21.5,11.0,19.0,19.991666666666667,47.55,25,25,25,25,25,25,0,0,0,0,0,0,0,0.0,0,0,0.252175,0.010575,7.500000000000001e-05,11.16,90.2,0.02,1.194416,1.75,189.0,2.918,1017,125.0,120.1
616.5454545454545,67.0,19.90909090909091,0,16.318181818181817,0,0,0.0,0.0,0,0.0,0.0,0,15.5,-39,21.35833333333333,11.416666666666666,19.0,19.566666666666663,47.391666666666666,25,25,25,25,25,25,0,0,0,0,0,0,0,0.0,0,0,0.434075,0.010375,0.0,11.33,90.3,0.07,4.180456,2.938,170.4,3.75,1017,472.2,454.2
523.0833333333334,67.0,141.91666666666666,0,16.349999999999998,0,0,0.0,0.0,0,0.0,0.0,0,15.45,-39,20.825,12.116666666666667,19.0,19.5,46.84166666666667,25,25,25,25,25,25,0,0,0,0,0,0,0,0.0,0,0,0.18915,0.010325,5e-05,11.84,89.3,0.043,2.816831,3.146,191.5,5.0,1018,347.0,333.5
476.1,66.4,128.0,3,16.77,0,0,0.0,0.0,0,0.0,0.0,0,16.0,-39,20.5,13.0,19.0,19.166666666666668,45.30833333333333,25,25,25,25,25,25,0,0,0,0,0,0,0,0.0,0,0,0.269025,0.01025,0.0,12.52,88.7,0.196,12.71058,3.25,183.8,4.168,1018,1257.0,1248.0
481.5,66.0,16.4,0,16.64,0,0,0.0,0.0,0,0.0,0.0,0,15.616666666666667,-39,20.191666666666663,12.7,19.341666666666665,18.98333333333333,42.34166666666667,25,25,25,25,25,25,0,0,0,0,0,0,0,0.0,0,0,0.4027,0.0104999999999999,2.5e-05,12.38,90.8,0.07,4.379525,3.957,194.2,5.832,1018,515.0,497.0
467.7272727272728,66.0,10.0,0,16.40909090909091,0,0,0.0,0.0,0,0.0,0.0,0,15.5,-39,19.48333333333333,12.7,19.78333333333333,18.5,40.50833333333333,25,25,25,25,25,25,0,0,0,0,0,0,0,0.0,0,0,0.148675,0.010575,2.5e-05,12.31,93.9,0.027,1.592555,2.521,221.2,3.75,1018,188.6,181.5
467.5833333333333,66.0,4.0,0,16.283333333333335,0,0,0.0,0.0,0,0.0,0.0,0,15.5,-39,19.05,12.583333333333334,20.325,18.5,39.91666666666666,25,25,25,25,25,25,0,0,0,0,0,0,0,0.0,0,0,0.3547,0.0106,7.500000000000001e-05,12.04,96.5,0.017,1.164556,2.438,177.8,3.332,1019,117.9,113.5
467.77777777777777,66.0,0.6666666666666666,0,16.188888888888886,0,0,0.0,0.0,0,0.0,0.0,0,15.5,-39,18.766666666666666,12.116666666666667,20.866666666666667,18.5,36.641666666666666,25,25,25,25,25,25,0,0,0,0,0,0,0,0.0,0,0,0.3026,0.010325,7.500000000000001e-05,11.91,99.4,0.007,0.3981386,1.917,207.8,2.918,1019,49.84,47.53
461.5,66.0,0.0,0,16.1,0,0,0.0,0.0,0,0.0,0.0,0,15.5,-39,18.5,12.0,21.175,18.5,35.49166666666667,25,25,25,25,25,25,0,0,0,0,0,0,0,0.0,0,0,0.136475,0.0106,2.5e-05,11.64,100.0,0.0,0.0,2.854,180.6,5.418,1019,2.115,1.015
650.1818181818181,67.72727272727273,28.727272727272727,3,16.227272727272727,1,88,1466.6666666666663,1.4666666666666666,335,5583.333333333333,5.583333333333333,0,15.5,-39,33.95,10.933333333333334,36.21666666666667,31.508333333333333,38.30833333333333,25,25,25,25,25,25,0,0,0,0,0,0,0,17.266666666666666,1,1,2.8793,1.797675,0.0,11.6,100.0,0.0,0.0,1.188,208.2,2.082,1021,2.03,1.015
890.3636363636364,73.36363636363636,30.0,6,17.12727272727273,2,71,1183.3333333333333,1.1833333333333331,295,4916.666666666666,4.916666666666666,0,16.275,-39,38.98333333333333,11.266666666666667,42.66666666666666,38.96666666666667,48.63333333333333,25,25,25,25,25,25,0,0,0,0,0,0,0,19.416666666666668,1,1,1.941025,1.187925,0.164925,11.6,99.0,0.0,0.0,2.543,218.2,3.75,1021,2.03,1.015
1683.2,72.8,10.5,7,19.3,2,60,1000.0,0.9999999999999998,286,4766.666666666666,4.766666666666667,0,17.55,-39,45.41666666666666,10.65,48.958333333333336,45.29166666666666,47.98333333333333,25,25,25,25,25,25,0,0,0,0,0,0,0,19.6,1,1,1.879675,1.60485,0.0,11.27,98.5,0.0,0.0,2.438,213.2,3.332,1021,2.03,1.015
1739.2727272727273,70.36363636363636,0.2727272727272727,12,19.49090909090909,0,25,416.6666666666666,0.4166666666666666,110,1833.3333333333333,1.833333333333333,0,18.275,-39,37.35833333333333,11.633333333333333,44.141666666666666,43.208333333333336,47.05,25,25,25,25,25,25,0,0,0,0,0,0,0,7.933333333333334,1,1,0.92665,0.6575,5e-05,11.27,97.4,0.0,0.0,2.646,228.4,4.168,1022,2.2,1.015
2139.6666666666665,70.08333333333333,1.0,3,19.6,0,0,0.0,0.0,0,0.0,0.0,0,17.5,-39,25.53333333333333,12.0,35.4,30.98333333333333,45.93333333333333,25,25,25,25,25,25,0,0,0,0,0,0,0,0.0,0,0,0.148175,0.0107,0.0001,11.37,95.4,0.0,0.0,2.207,236.2,2.918,1023,2.03,1.015
2387.333333333333,70.0,0.75,3,19.375,0,0,0.0,0.0,0,0.0,0.0,0,17.0,-39,22.066666666666663,12.0,24.65,24.041666666666668,45.0,25,25,25,25,25,25,0,0,0,0,0,0,0,0.0,0,0,0.090525,0.010875,5e-05,11.37,95.4,0.0,0.0,3.562,203.9,5.0,1023,2.03,1.015
2654.5454545454545,70.0,1.3636363636363635,2,19.272727272727277,0,0,0.0,0.0,0,0.0,0.0,0,16.83050847457627,-39,20.805084745762716,11.915254237288137,23.06779661016949,21.847457627118644,44.16101694915254,25,25,25,25,25,25,0,0,0,0,0,0,0,0.0,0,0,0.1901499999999999,0.010725,2.5e-05,11.37,94.7,0.0,0.0,2.062,200.9,2.918,1023,2.03,1.015
2617.454545454545,70.18181818181819,0.5454545454545454,7,19.1,0,0,0.0,0.0,0,0.0,0.0,0,16.5,-39,20.325,11.566666666666666,21.841666666666665,20.525,43.275,25,25,25,25,25,25,0,0,0,0,0,0,0,0.0,0,0,0.0918249999999999,0.01075,2.5e-05,11.16,95.2,0.0,0.0,1.958,216.9,3.332,1023,2.03,1.015
2607.6363636363635,70.9090909090909,0.0,5,18.90909090909091,0,0,0.0,0.0,0,0.0,0.0,0,16.5,-39,19.808333333333334,11.416666666666666,20.758333333333333,20.5,42.45,25,25,25,25,25,25,0,0,0,0,0,0,0,0.0,0,0,0.08635,0.010875,5e-05,11.06,97.0,0.0,0.0,2.582,212.0,3.75,1023,2.03,1.015
2717.583333333333,71.0,0.0,4,18.85,0,0,0.0,0.0,0,0.0,0.0,0,16.5,-39,19.5,11.066666666666666,20.5,20.5,41.725,25,25,25,25,25,25,0,0,0,0,0,0,0,0.0,0,0,0.11945,0.010925,7.500000000000001e-05,11.0,96.7,0.0,0.0,2.104,177.2,3.332,1023,2.03,1.015
3005.181818181818,71.72727272727273,0.0,3,18.654545454545453,0,0,0.0,0.0,0,0.0,0.0,0,16.5,-39,19.216666666666665,11.0,20.5,20.341666666666665,41.05833333333333,25,25,25,25,25,25,0,0,0,0,0,0,0,0.0,0,0,0.1001,0.01095,2.5e-05,10.62,98.0,0.0,0.0,2.293,218.6,3.332,1023,2.03,1.015
3247.5,72.66666666666667,0.0,6,18.508333333333333,0,0,0.0,0.0,0,0.0,0.0,0,16.5,-39,19.0,11.0,20.08333333333333,20.0,40.391666666666666,25,25,25,25,25,25,0,0,0,0,0,0,0,0.0,0,0,0.0404,0.011,5e-05,10.49,98.6,0.0,0.0,1.958,220.8,2.918,1023,2.2,1.015
3243.8,73.0,0.0,2,18.4,0,0,0.0,0.0,0,0.0,0.0,0,16.175,-39,19.0,11.0,20.0,19.75,39.775,25,25,25,25,25,25,0,0,0,0,0,0,0,0.0,0,0,0.16015,0.0109749999999999,5e-05,10.69,98.9,0.0,0.0,3.293,208.2,5.0,1023,2.03,1.015
2193.6666666666665,72.33333333333333,12.416666666666666,17,18.03333333333333,0,6,100.0,0.0999999999999999,56,933.3333333333331,0.9333333333333332,0,16.141666666666666,-39,19.416666666666668,10.833333333333334,20.53333333333333,19.625,27.758333333333333,25,25,25,25,25,25,0,0,0,0,0,0,0,5.35,1,0,0.88575,0.24445,5e-05,10.66,98.3,0.0,0.0,2.082,214.8,3.75,1023,2.03,1.015
1273.75,71.41666666666667,1.75,0,17.441666666666666,0,77,1283.3333333333333,1.2833333333333332,235,3916.6666666666665,3.916666666666666,0,16.083333333333332,-39,32.891666666666666,10.883333333333333,35.75,31.491666666666667,43.75833333333333,25,25,25,25,25,25,0,0,0,0,0,0,0,10.316666666666666,1,0,1.489,1.448975,0.0,10.69,97.6,0.0,0.0,2.375,224.8,3.332,1023,2.2,1.015
916.8333333333334,70.83333333333333,4.0,0,17.091666666666665,0,0,0.0,0.0,0,0.0,0.0,0,16.0,-39,23.766666666666666,11.175,21.683333333333334,21.10833333333333,49.0875,25,25,25,25,25,25,0,0,0,0,0,0,0,0.0,0,0,0.2454,0.010675,2.5e-05,10.9,95.0,0.013,0.7962773,3.729,208.8,5.832,1024,68.9,65.8
738.3333333333334,70.0,12.333333333333334,0,16.92222222222222,0,0,0.0,0.0,0,0.0,0.0,0,16.0,-39,23.141666666666666,11.0,19.566666666666663,21.25,49.0,25,25,25,25,25,25,0,0,0,0,0,0,0,0.0,0,0,0.1516,0.01035,5e-05,10.83,93.9,0.027,1.592555,3.104,206.2,4.582,1024,176.5,169.0
620.9166666666666,69.25,23.416666666666668,0,16.766666666666666,0,0,0.0,0.0,0,0.0,0.0,0,16.0,-39,22.508333333333333,11.0,20.0,20.5,48.7,25,25,25,25,25,25,0,0,0,0,0,0,0,0.0,0,0,0.212725,0.01045,0.0,10.93,92.3,0.046,2.786971,2.707,214.8,4.168,1024,323.0,311.0
561.1,68.6,79.9,0,16.69,0,0,0.0,0.0,0,0.0,0.0,0,16.0,-39,22.5,11.0,19.758333333333333,20.5,48.5,25,25,25,25,25,25,0,0,0,0,0,0,0,0.0,0,0,0.1411,0.010475,2.5e-05,11.03,86.0,0.066,3.848674,2.104,200.8,2.918,1023,464.5,446.8
512.6363636363636,67.18181818181819,117.45454545454544,0,16.78181818181818,0,0,0.0,0.0,0,0.0,0.0,0,16.0,-39,22.466666666666665,11.0,19.516666666666666,20.5,48.141666666666666,25,25,25,25,25,25,0,0,0,0,0,0,0,0.0,0,0,0.46795,0.0106249999999999,7.500000000000001e-05,11.3,81.5,0.129,7.992634,2.062,207.0,2.918,1023,918.0,886.0
499.54545454545456,66.27272727272727,11.818181818181818,0,16.727272727272727,0,0,0.0,0.0,0,0.0,0.0,0,16.0,-39,22.0,10.633333333333333,19.55,20.5,47.91666666666666,25,25,25,25,25,25,0,0,0,0,0,0,0,0.0,0,0,0.1735,0.010825,5e-05,11.2,78.8,0.076,4.694718,3.832,212.5,5.418,1023,510.5,492.5
504.1818181818182,66.0,118.9090909090909,0,16.55454545454546,0,0,0.0,0.0,0,0.0,0.0,0,16.0,-39,21.966666666666665,10.033333333333331,19.5,20.325,47.5,25,25,25,25,25,25,0,0,0,0,0,0,0,0.0,0,0,0.091525,0.01105,2.5e-05,11.03,76.44,0.036,2.186445,4.168,211.8,5.0,1023,238.6,230.2
493.8,65.5,0.6,0,16.4,0,0,0.0,0.0,0,0.0,0.0,0,16.0,-39,21.508333333333333,10.0,19.5,20.0,47.275,25,25,25,25,25,25,0,0,0,0,0,0,0,0.0,0,0,0.4262749999999999,0.010675,5e-05,10.52,72.3,0.01,0.7796882,5.0,219.0,7.082,1022,69.56,66.5
558.0833333333334,64.91666666666667,4.416666666666667,9,16.283333333333335,0,0,0.0,0.0,0,0.0,0.0,0,15.95,-39,21.28333333333333,9.216666666666669,19.5,20.0,47.0,25,25,25,25,25,25,0,0,0,0,0,0,0,0.0,0,0,0.8013250000000001,0.010475,2.5e-05,10.08,74.6,0.0,0.0,3.918,216.2,5.418,1022,2.03,1.015
565.5,64.33333333333333,0.0,0,16.175,0,0,0.0,0.0,0,0.0,0.0,0,15.8,-39,21.0,9.0,19.45,20.0,46.708333333333336,25,25,25,25,25,25,0,0,0,0,0,0,0,0.0,0,0,0.5929,0.01035,2.5e-05,9.54,77.56,0.0,0.0,3.062,213.8,4.582,1022,2.2,1.015
528.7777777777778,64.0,0.0,0,16.07777777777778,0,0,0.0,0.0,0,0.0,0.0,0,15.5,-39,21.0,9.0,19.0,19.8,46.5,25,25,25,25,25,25,0,0,0,0,0,0,0,0.0,0,0,0.15445,0.01075,5e-05,9.27,78.7,0.0,0.0,2.418,186.9,3.75,1022,2.031,1.015
667.5833333333334,64.66666666666667,13.833333333333334,17,16.141666666666666,2,49,816.6666666666666,0.8166666666666667,146,2433.333333333333,2.433333333333333,0,15.666666666666666,-39,24.7,9.0,25.55,23.758333333333333,45.81666666666667,25,25,25,25,25,25,0,0,0,0,0,0,0,12.433333333333334,1,1,3.2933000000000003,0.6573499999999999,0.3185,8.67,82.2,0.0,0.0,2.75,140.9,4.582,1022,2.031,1.015
1245.7,68.8,21.6,20,17.580000000000002,2,143,2383.333333333333,2.3833333333333333,392,6533.333333333333,6.533333333333333,0,16.525,-39,38.35833333333333,8.533333333333333,43.25,38.29166666666666,36.266666666666666,25,25,25,25,25,25,0,0,0,0,0,0,0,19.416666666666668,1,1,5.18975,1.73675,0.9881,8.4,83.3,0.0,0.0,2.312,186.6,3.75,1022,2.031,1.015
1833.1818181818185,68.63636363636364,1.0909090909090908,9,18.418181818181814,0,42,700.0,0.7,118,1966.6666666666663,1.9666666666666663,0,16.566666666666666,-39,31.941666666666663,8.816666666666666,36.9875,35.50416666666667,48.3125,25,25,25,25,25,25,0,0,0,0,0,0,0,5.408333333333333,1,1,1.5228,0.8057,0.0,8.74,82.3,0.0,0.0,2.707,185.4,4.168,1022,2.031,1.015
2319.1,68.5,0.6,1,18.31,0,0,0.0,0.0,0,0.0,0.0,0,16.283333333333335,-39,25.508333333333333,9.0,29.325,26.85833333333333,49.0,25,25,25,25,25,25,0,0,0,0,0,0,0,0.0,0,0,0.23935,0.010975,2.5e-05,8.54,84.6,0.0,0.0,2.957,169.0,4.582,1022,2.031,1.015
2650.818181818182,69.27272727272727,0.5454545454545454,4,18.272727272727277,0,0,0.0,0.0,0,0.0,0.0,0,16.0,-39,23.5,9.0,23.091666666666665,22.491666666666667,48.84166666666667,25,25,25,25,25,25,0,0,0,0,0,0,0,0.0,0,0,0.127125,0.010725,5e-05,8.81,84.1,0.0,0.0,2.707,182.2,4.582,1022,2.031,1.015
2889.909090909091,70.0,0.5454545454545454,1,18.3,0,0,0.0,0.0,0,0.0,0.0,0,16.0,-39,22.7,9.0,22.5,21.141666666666666,48.50833333333333,25,25,25,25,25,25,0,0,0,0,0,0,0,0.0,0,0,0.08405,0.0109749999999999,5e-05,8.74,86.1,0.0,0.0,3.332,182.2,5.418,1022,2.031,1.015
3144.6666666666665,70.25,0.0,2,18.375,0,0,0.0,0.0,0,0.0,0.0,0,16.0,-39,22.341666666666665,9.0,21.666666666666668,20.5,48.391666666666666,25,25,25,25,25,25,0,0,0,0,0,0,0,0.0,0,0,0.19145,0.010875,0.0001,8.77,86.8,0.0,0.0,2.062,189.1,3.332,1021,2.031,1.015
3246.090909090909,70.0909090909091,0.0,3,18.33636363636364,0,0,0.0,0.0,0,0.0,0.0,0,16.0,-39,22.0,9.0,21.0,20.191666666666663,48.0,25,25,25,25,25,25,0,0,0,0,0,0,0,0.0,0,0,0.11745,0.01095,0.0001,8.94,83.7,0.0,0.0,2.043,175.0,2.918,1021,2.031,1.015
3259.6363636363635,70.54545454545455,0.0,3,18.145454545454545,0,6,100.0,0.0999999999999999,45,750.0,0.75,0,15.741666666666667,-39,21.8,9.0,21.25,19.9,47.90833333333333,25,25,25,25,25,25,0,0,0,0,0,0,0,4.75,1,1,0.2845499999999999,0.189425,7.500000000000001e-05,9.08,84.3,0.0,0.0,2.207,202.5,3.332,1021,2.031,1.015
2647.0,71.25,15.0,18,18.33333333333333,2,29,483.33333333333326,0.4833333333333332,246,4100.0,4.1,0,16.1,-39,34.9625,8.983333333333333,38.00833333333333,34.84583333333333,47.525,25,25,25,25,25,25,0,0,0,0,0,0,0,19.33333333333333,1,1,1.94595,1.116375,0.0,9.21,85.3,0.0,0.0,2.604,150.4,3.75,1021,2.2,1.015
1252.0,70.0,30.0,0,18.38181818181818,2,60,1000.0,0.9999999999999998,289,4816.666666666666,4.816666666666666,0,17.091666666666665,-39,46.18333333333333,8.883333333333333,49.625,46.05833333333333,47.5,25,25,25,25,25,25,0,0,0,0,0,0,0,19.78333333333333,1,1,1.7931,1.702975,0.0,9.08,85.6,0.0,0.0,2.332,185.1,4.168,1021,2.031,1.015
901.8888888888888,68.55555555555556,23.33333333333333,0,18.77777777777778,2,51,849.9999999999999,0.8499999999999999,217,3616.666666666666,3.616666666666666,0,17.933333333333334,-39,45.75,8.883333333333333,48.516666666666666,46.59166666666667,47.19166666666667,25,25,25,25,25,25,0,0,0,0,0,0,0,16.4,1,1,1.8421,1.365175,0.0,8.87,87.5,0.0,0.0,2.082,197.2,2.918,1022,2.031,1.015
802.9090909090909,68.0,4.636363636363637,0,18.8,0,0,0.0,0.0,0,0.0,0.0,0,17.816666666666666,-39,29.05,9.233333333333333,39.73333333333333,36.55,46.99166666666667,25,25,25,25,25,25,0,0,0,0,0,0,0,0.0,0,0,0.110375,0.010725,2.5e-05,8.67,86.7,0.0,0.0,1.167,167.1,1.667,1022,2.54,1.015
705.2,68.0,26.4,0,18.34,0,0,0.0,0.0,0,0.0,0.0,0,17.216666666666665,-39,24.966666666666665,9.0,27.366666666666667,25.808333333333334,46.5,25,25,25,25,25,25,0,0,0,0,0,0,0,0.0,0,0,0.307925,0.010725,5e-05,8.5,86.2,0.036,2.07709,2.104,162.5,3.75,1023,186.8,180.2
537.2,65.1,151.1,0,17.84,0,0,0.0,0.0,0,0.0,0.0,0,17.0,-39,22.691666666666663,9.0,24.03333333333333,22.133333333333333,45.79166666666666,25,25,25,25,25,25,0,0,0,0,0,0,0,0.0,0,0,0.3577,0.0107,2.5e-05,8.87,85.4,0.096,6.134656,2.582,172.6,4.168,1023,588.0,567.0
500.8181818181818,63.27272727272727,304.72727272727275,0,18.036363636363635,0,0,0.0,0.0,0,0.0,0.0,0,17.241666666666667,-39,21.35833333333333,10.183333333333334,22.291666666666668,21.291666666666668,44.625,25,25,25,25,25,25,0,0,0,0,0,0,0,0.0,0,0,0.2603,0.01035,0.0,9.14,84.7,0.189,11.02844,2.354,136.9,2.918,1024,1233.0,1191.0
482.5,61.25,119.375,0,18.3125,0,0,0.0,0.0,0,0.0,0.0,0,17.408333333333335,-39,20.8,11.216666666666669,21.45833333333333,20.683333333333334,44.06666666666667,25,25,25,25,25,25,0,0,0,0,0,0,0,0.0,0,0,0.387,0.01055,2.5e-05,10.42,79.2,0.242,14.59842,1.792,179.4,2.918,1024,1257.0,1248.0
495.0833333333333,61.083333333333336,43.833333333333336,0,17.933333333333334,0,0,0.0,0.0,0,0.0,0.0,0,17.0,-39,20.5,10.033333333333331,20.85833333333333,20.5,43.44166666666667,25,25,25,25,25,25,0,0,0,0,0,0,0,0.0,0,0,0.19,0.010525,0.0,10.22,81.2,0.109,6.569288,2.457,176.0,4.168,1024,727.5,703.0
508.3,62.0,15.1,0,17.53,0,0,0.0,0.0,0,0.0,0.0,0,16.641666666666666,-39,20.5,10.0,20.5,20.28333333333333,42.79166666666666,25,25,25,25,25,25,0,0,0,0,0,0,0,0.0,0,0,0.3353,0.010825,7.500000000000001e-05,10.45,81.3,0.07,4.180456,1.958,171.2,2.5,1024,500.5,482.8
538.2727272727273,62.54545454545455,6.0,0,17.29090909090909,0,0,0.0,0.0,0,0.0,0.0,0,16.5,-39,20.20833333333333,10.0,20.5,20.0,40.50833333333333,25,25,25,25,25,25,0,0,0,0,0,0,0,0.0,0,0,0.88465,0.010475,0.0,10.35,80.4,0.02,1.194416,2.646,156.8,4.168,1024,146.4,140.9
774.0,63.41666666666666,16.0,22,17.333333333333332,0,15,250.0,0.2499999999999999,84,1399.9999999999998,1.3999999999999997,0,16.5,-39,21.741666666666667,9.716666666666669,22.866666666666667,21.391666666666666,38.65,25,25,25,25,25,25,0,0,0,0,0,0,0,8.233333333333333,1,1,0.664775,0.371225,2.5e-05,9.88,83.3,0.007,0.3981386,1.458,158.2,2.082,1025,50.94,48.56
1118.3,64.6,15.0,11,18.03,1,130,2166.6666666666665,2.1666666666666665,400,6666.666666666666,6.666666666666666,0,16.808333333333334,-39,37.15833333333333,8.866666666666667,41.833333333333336,36.725,38.91666666666666,25,25,25,25,25,25,0,0,0,0,0,0,0,19.03333333333333,1,1,2.742725,2.210825,0.273625,9.58,86.5,0.0,0.0,1.0,155.5,1.667,1025,2.03,1.015
844.0909090909091,64.9090909090909,0.0,0,17.990909090909092,2,101,1683.3333333333333,1.6833333333333331,271,4516.666666666666,4.516666666666666,0,17.183333333333334,-39,40.59583333333333,8.966666666666667,43.90416666666667,40.3375,49.99166666666667,25,25,25,25,25,25,0,0,0,0,0,0,0,19.3,1,1,2.014425,1.180825,0.7173499999999999,9.37,87.6,0.0,0.0,0.542,144.2,1.25,1025,2.03,1.015
648.2727272727273,65.0,0.0,0,18.454545454545453,2,75,1249.9999999999998,1.2499999999999998,259,4316.666666666666,4.3166666666666655,0,17.916666666666668,-39,45.44166666666667,9.0,48.891666666666666,45.31666666666667,49.60833333333333,25,25,25,25,25,25,0,0,0,0,0,0,0,19.383333333333333,1,1,1.9625,1.55155,0.314,9.17,88.7,0.0,0.0,0.646,162.2,1.25,1025,2.03,1.015
568.3636363636364,64.27272727272727,0.0,0,19.018181818181816,2,60,1000.0,0.9999999999999998,264,4400.0,4.4,0,18.508333333333333,-39,47.09166666666667,9.0,50.44166666666667,47.0,49.5,25,25,25,25,25,25,0,0,0,0,0,0,0,19.4,1,1,1.92045,1.70295,0.0,8.97,90.9,0.0,0.0,0.271,26.94,0.833,1026,2.031,1.015
519.5454545454545,63.45454545454545,0.0,0,19.40909090909091,2,60,1000.0,0.9999999999999998,252,4199.999999999999,4.199999999999999,0,19.0,-39,47.10833333333333,8.8,50.18333333333333,46.93333333333333,49.5,25,25,25,25,25,25,0,0,0,0,0,0,0,19.4,1,1,1.723825,1.6437,0.0,8.97,91.2,0.0,0.0,0.271,146.5,0.833,1026,2.031,1.015
498.1666666666667,63.0,0.0,0,19.675,2,60,1000.0,0.9999999999999998,247,4116.666666666666,4.116666666666666,0,19.20833333333333,-39,47.0,8.416666666666666,50.11666666666667,46.875,49.23333333333333,25,25,25,25,25,25,0,0,0,0,0,0,0,19.28333333333333,1,1,1.712725,1.6204,0.0,8.29,96.2,0.0,0.0,0.583,33.12,1.25,1026,2.031,1.015
486.27272727272725,62.0,0.0,0,19.89090909090909,2,60,1000.0,0.9999999999999998,246,4099.999999999999,4.1,0,19.508333333333333,-39,47.06666666666667,8.0,50.075,46.80833333333333,49.00833333333333,25,25,25,25,25,25,0,0,0,0,0,0,0,19.3,1,1,1.848375,1.61475,0.0,7.992,97.8,0.0,0.0,1.375,30.72,2.082,1027,2.031,1.015
773.2,61.4,21.6,14,20.28,0,17,283.3333333333333,0.2833333333333332,67,1116.6666666666663,1.1166666666666665,0,19.808333333333334,-39,36.98333333333333,9.033333333333331,44.6,43.31666666666667,49.0,25,25,25,25,25,25,0,0,0,0,0,0,0,5.533333333333333,1,1,1.0694,0.435025,2.5e-05,7.723,98.8,0.0,0.0,1.25,18.05,1.667,1027,2.031,1.015
856.3636363636364,59.90909090909091,5.727272727272728,10,20.172727272727272,0,0,0.0,0.0,0,0.0,0.0,0,19.175,-39,28.825,9.0,33.99166666666667,30.40833333333333,48.68333333333333,25,25,25,25,25,25,0,0,0,0,0,0,0,0.0,0,0,0.188375,0.010875,0.0,7.555,99.7,0.0,0.0,1.271,43.16,2.082,1027,2.54,1.015
724.9090909090909,58.09090909090909,0.5454545454545454,1,19.39090909090909,0,0,0.0,0.0,0,0.0,0.0,0,18.758333333333333,-39,26.308333333333334,9.0,27.10833333333333,25.325,48.5,25,25,25,25,25,25,0,0,0,0,0,0,0,0.0,0,0,0.27515,0.01075,7.500000000000001e-05,7.52,100.0,0.0,0.0,1.146,47.25,1.667,1027,2.115,1.015
701.0,57.36363636363637,0.2727272727272727,1,19.063636363636363,0,0,0.0,0.0,0,0.0,0.0,0,18.5,-39,24.816666666666663,8.9,24.791666666666668,23.275,48.30833333333333,25,25,25,25,25,25,0,0,0,0,0,0,0,0.0,0,0,0.14535,0.010825,0.0,7.25,99.7,0.0,0.0,0.958,7.234,1.25,1027,2.031,1.015
727.6363636363636,57.18181818181818,0.8181818181818182,1,18.972727272727276,0,0,0.0,0.0,0,0.0,0.0,0,18.10833333333333,-39,24.391666666666666,8.7,23.875,22.683333333333334,48.0,25,25,25,25,25,25,0,0,0,0,0,0,0,0.0,0,0,0.1833,0.010975,5e-05,7.15,99.3,0.0,0.0,0.729,28.27,1.25,1026,2.031,1.015
749.75,57.333333333333336,0.0,2,18.8,0,0,0.0,0.0,0,0.0,0.0,0,18.0,-39,23.866666666666667,8.116666666666667,23.258333333333333,22.141666666666666,47.891666666666666,25,25,25,25,25,25,0,0,0,0,0,0,0,0.0,0,0,0.241975,0.01095,7.500000000000001e-05,7.047,99.0,0.0,0.0,1.479,49.5,2.082,1026,2.031,1.015
683.9166666666666,57.5,0.0,2,18.683333333333334,0,0,0.0,0.0,0,0.0,0.0,0,18.0,-39,23.48333333333333,8.116666666666667,22.575,21.53333333333333,47.50833333333333,25,25,25,25,25,25,0,0,0,0,0,0,0,0.0,0,0,0.1386,0.010675,5e-05,6.98,100.0,0.0,0.0,1.438,21.98,2.082,1025,2.031,1.015
927.75,58.5,0.0,9,18.816666666666663,0,0,0.0,0.0,0,0.0,0.0,0,17.633333333333333,-39,23.008333333333333,8.0,22.5,21.183333333333334,47.41666666666666,25,25,25,25,25,25,0,0,0,0,0,0,0,0.0,0,0,0.2881,0.01065,0.0,6.676,100.0,0.0,0.0,2.146,19.23,3.332,1025,2.2,1.015
1399.3333333333333,60.75,2.0,7,19.091666666666665,0,0,0.0,0.0,0,0.0,0.0,0,17.5,-39,22.90833333333333,8.0,22.175,20.758333333333333,47.00833333333333,25,25,25,25,25,25,0,0,0,0,0,0,0,0.0,0,0,0.34635,0.0107,2.5e-05,6.742,100.0,0.0,0.0,1.167,19.98,1.667,1025,2.2,1.015
1626.8181818181818,62.18181818181818,5.363636363636363,16,19.0,0,0,0.0,0.0,0,0.0,0.0,0,17.5,-39,22.5,8.0,21.916666666666668,20.5,46.975,25,25,25,25,25,25,0,0,0,0,0,0,0,0.0,0,0,0.2527749999999999,0.01105,5e-05,6.37,99.8,0.02,1.19469,1.188,18.7,1.667,1025,125.1,120.7
1007.6666666666666,60.583333333333336,19.0,12,18.8,0,0,0.0,0.0,0,0.0,0.0,0,17.108333333333334,-39,22.5,8.0,21.5,20.5,46.19166666666667,25,25,25,25,25,25,0,0,0,0,0,0,0,0.0,0,0,0.9557,0.010525,2.5e-05,6.574,99.7,0.04,2.389408,1.271,26.16,2.082,1025,240.8,232.5
589.5454545454545,57.09090909090909,16.0,8,18.19090909090909,0,0,0.0,0.0,0,0.0,0.0,0,16.95,-39,22.05,8.0,21.308333333333334,20.5,45.833333333333336,25,25,25,25,25,25,0,0,0,0,0,0,0,0.0,0,0,0.351175,0.0106,2.5e-05,7.047,98.0,0.04,2.389298,0.854,24.06,1.25,1024,251.2,242.2
548.0,58.18181818181818,16.0,0,17.727272727272727,0,0,0.0,0.0,0,0.0,0.0,0,17.0,-39,21.975,8.133333333333333,21.0,20.5,45.5,25,25,25,25,25,25,0,0,0,0,0,0,0,0.0,0,0,0.6914250000000001,0.0102,0.0,6.98,97.7,0.04,2.389228,1.0,2.914,1.25,1023,265.0,254.4
560.7,59.0,16.2,0,17.490000000000002,0,0,0.0,0.0,0,0.0,0.0,0,16.908333333333335,-39,21.558333333333334,8.083333333333334,20.716666666666665,20.258333333333333,45.15,25,25,25,25,25,25,0,0,0,0,0,0,0,0.0,0,0,0.1395,0.010925,2.5e-05,7.184,97.9,0.033,1.9911,1.208,36.66,1.667,1023,227.2,219.5
589.2727272727273,59.0,8.636363636363637,0,17.30909090909091,0,0,0.0,0.0,0,0.0,0.0,0,16.5,-39,21.5,8.35,20.5,20.03333333333333,44.60833333333333,25,25,25,25,25,25,0,0,0,0,0,0,0,0.0,0,0,0.1965,0.01105,5e-05,7.453,97.2,0.033,1.991022,0.833,33.94,1.25,1022,199.2,191.8
892.7272727272727,62.09090909090909,18.454545454545453,7,17.445454545454545,1,59,983.3333333333331,0.9833333333333332,198,3300.0,3.3,2,16.5,-39,28.016666666666666,7.95,29.766666666666666,27.066666666666663,37.2,25,25,25,25,25,25,0,0,0,0,0,0,0,14.2,1,1,2.2666250000000003,1.2588,0.0367,7.52,96.9,0.007,0.3981908,0.813,37.53,1.25,1021,40.94,38.75
1886.75,65.75,2.5,10,18.35,2,115,1916.6666666666663,1.9166666666666663,324,5400.0,5.4,0,16.608333333333334,-39,35.7,7.033333333333333,39.25,35.333333333333336,49.0,25,25,25,25,25,25,0,0,0,0,0,0,0,19.116666666666667,1,1,2.3619,1.488,0.6917500000000001,7.316,98.5,0.007,0.3982006,0.708,24.19,0.833,1021,27.6,26.56
2203.0,65.91666666666667,27.916666666666668,18,19.78333333333333,2,87,1450.0,1.45,263,4383.333333333333,4.383333333333333,0,17.616666666666667,-39,44.1,7.133333333333334,47.475,44.05,49.0,25,25,25,25,25,25,0,0,0,0,0,0,0,19.28333333333333,1,1,2.501925,1.4718,0.38205,6.98,98.0,0.0,0.0,0.938,108.7,1.667,1020,2.031,1.015
1276.5,63.41666666666666,30.5,13,20.191666666666663,0,26,433.33333333333326,0.4333333333333332,117,1950.0,1.95,0,18.35833333333333,-39,38.06666666666667,7.85,43.66666666666666,42.925,48.5,25,25,25,25,25,25,0,0,0,0,0,0,0,8.783333333333333,1,1,1.15575,0.7581,2.5e-05,7.215,89.2,0.0,0.0,2.938,118.8,4.168,1020,2.031,1.015
1045.090909090909,60.90909090909091,30.272727272727277,8,19.61818181818182,0,0,0.0,0.0,0,0.0,0.0,0,18.2,-39,27.5,8.0,35.425,31.575,48.16666666666666,25,25,25,25,25,25,0,0,0,0,0,0,0,0.0,0,0,0.3329499999999999,0.010925,2.5e-05,7.113,85.6,0.0,0.0,1.542,114.3,2.082,1019,2.031,1.015
1039.3636363636365,60.0,24.545454545454547,3,18.89090909090909,0,0,0.0,0.0,0,0.0,0.0,0,19.83333333333333,-39,24.28333333333333,7.983333333333333,25.75,25.266666666666666,48.0,25,25,25,25,25,25,0,0,0,0,0,0,0,0.0,0,0,0.8988,0.010825,0.0,6.777,87.7,0.0,0.0,1.229,123.6,2.082,1019,2.031,1.015
900.0,60.0,0.0,0,18.3,0,0,0.0,0.0,0,0.0,0.0,0,18.125,-39,22.816666666666663,7.383333333333334,24.025,22.216666666666665,47.63333333333333,25,25,25,25,25,25,0,0,0,0,0,0,0,0.0,0,0,0.185175,0.010875,0.0,6.504,86.4,0.0,0.0,1.771,111.5,2.918,1019,2.031,1.015
678.0909090909091,59.63636363636363,0.0,0,17.972727272727273,2,45,749.9999999999999,0.7499999999999999,199,3316.6666666666665,3.3166666666666664,2,17.591666666666665,-39,27.441666666666663,6.416666666666667,30.191666666666663,27.516666666666666,47.49166666666667,25,25,25,25,25,25,0,0,0,0,0,0,0,16.216666666666665,1,1,1.294675,0.93725,0.172075,5.863,90.4,0.0,0.0,1.896,114.4,2.918,1019,2.031,1.015
574.1666666666666,58.91666666666666,0.0,0,18.316666666666663,2,13,216.66666666666663,0.2166666666666666,128,2133.333333333333,2.1333333333333333,0,18.28333333333333,-39,33.84166666666667,6.15,37.30833333333333,35.55833333333333,47.16666666666666,25,25,25,25,25,25,0,0,0,0,0,0,0,19.116666666666667,1,1,0.72165,0.639675,2.5e-05,5.523,90.7,0.0,0.0,2.043,119.3,2.918,1018,2.031,1.015
521.2,57.7,0.0,0,18.31,5,0,0.0,0.0,0,0.0,0.0,0,18.084745762711865,-39,24.228813559322035,6.5423728813559325,23.779661016949152,23.67796610169492,47.0,25,25,25,25,25,25,0,0,0,0,0,0,0,19.0,0,0,0.195225,0.069,2.5e-05,5.05,92.7,0.0,0.0,1.938,110.3,2.5,1018,2.2,1.015
485.27272727272725,57.63636363636363,0.0,0,17.927272727272726,2,19,316.66666666666663,0.3166666666666666,98,1633.3333333333333,1.633333333333333,2,17.666666666666668,-39,24.058333333333334,5.516666666666667,24.75,23.425,46.56666666666667,25,25,25,25,25,25,0,0,0,0,0,0,0,18.966666666666665,1,1,0.7491,0.49155,0.0255,4.684,94.2,0.0,0.0,2.646,105.1,3.75,1017,2.031,1.016
466.8181818181818,57.18181818181818,0.0,0,18.05454545454545,2,63,1050.0,1.0499999999999998,202,3366.6666666666665,3.3666666666666663,2,18.116666666666667,-39,34.575,5.2,38.45,35.80833333333333,46.458333333333336,25,25,25,25,25,25,0,0,0,0,0,0,0,19.166666666666668,1,1,1.56875,1.1301,0.32725,4.277,94.7,0.0,0.0,1.5,79.7,2.5,1017,2.031,1.016
468.8333333333333,56.16666666666666,0.0,0,18.3,5,0,0.0,0.0,0,0.0,0.0,0,18.6,-39,25.416666666666668,3.95,26.90833333333333,26.78333333333333,46.0,25,25,25,25,25,25,0,0,0,0,0,0,0,19.0,0,0,0.163475,0.06885,2.5e-05,3.67,96.1,0.0,0.0,1.042,51.66,2.082,1017,1.862,1.016
933.0833333333334,56.5,2.6666666666666665,15,18.28333333333333,5,0,0.0,0.0,0,0.0,0.0,0,18.2,-39,22.416666666666668,5.0,20.758333333333333,20.65,45.31666666666667,25,25,25,25,25,25,0,0,0,0,0,0,0,18.966666666666665,0,0,0.2675,0.069,5e-05,3.842,95.9,0.0,0.0,3.168,110.6,4.582,1017,2.031,1.016
1535.4166666666667,59.083333333333336,0.0,0,18.266666666666666,5,0,0.0,0.0,0,0.0,0.0,0,17.6,-39,21.041666666666668,5.0,18.891666666666666,18.825,44.8,25,25,25,25,25,25,0,0,0,0,0,0,0,18.98333333333333,0,0,0.261575,0.068975,5e-05,3.338,96.3,0.0,0.0,1.0,40.22,1.25,1017,1.693,1.016
1815.8181818181815,61.0,0.8181818181818182,0,18.28181818181818,5,0,0.0,0.0,0,0.0,0.0,0,17.383333333333333,-39,20.5,5.0,18.383333333333333,18.316666666666663,44.4,25,25,25,25,25,25,0,0,0,0,0,0,0,18.95,0,0,0.1993,0.069075,5e-05,3.203,96.9,0.0,0.0,0.875,59.4,1.25,1018,1.693,1.016
1821.4444444444443,62.0,1.0,3,18.42222222222222,5,0,0.0,0.0,0,0.0,0.0,0,17.0,-39,20.383333333333333,5.0,18.0,17.841666666666665,43.96666666666667,25,25,25,25,25,25,0,0,0,0,0,0,0,18.95,0,0,0.285975,0.069075,5e-05,3.475,97.1,0.0,0.0,3.543,74.25,5.832,1018,2.031,1.016
1702.4166666666667,62.0,0.0,1,18.716666666666665,5,0,0.0,0.0,0,0.0,0.0,0,17.0,-39,20.0,5.0,17.525,17.5,43.516666666666666,25,25,25,25,25,25,0,0,0,0,0,0,0,18.9,0,0,0.1992749999999999,0.06935,5e-05,3.88,96.5,0.0,0.0,1.375,76.9,3.332,1018,2.455,1.693
1611.5,61.91666666666666,2.25,11,18.775,5,0,0.0,0.0,0,0.0,0.0,0,17.0,-39,19.75,5.0,17.416666666666668,17.2,43.09166666666667,25,25,25,25,25,25,0,0,0,0,0,0,0,18.883333333333333,0,0,0.1988,0.06885,2.5e-05,3.812,97.1,0.013,0.7965418,1.396,67.56,2.5,1018,111.2,107.2
1633.5454545454545,62.27272727272727,54.54545454545455,20,19.38181818181818,5,0,0.0,0.0,0,0.0,0.0,0,16.675,-39,19.5,5.533333333333333,17.004166666666666,17.0,42.68333333333333,25,25,25,25,25,25,0,0,0,0,0,0,0,18.9,0,0,0.290125,0.069325,5e-05,4.652,93.8,0.1,4.361066,2.104,63.03,3.332,1019,499.5,482.0
885.3333333333334,53.083333333333336,413.9166666666667,15,19.883333333333333,5,0,0.0,0.0,0,0.0,0.0,0,16.975,-39,19.316666666666663,6.466666666666667,17.066666666666666,17.016666666666666,41.266666666666666,25,25,25,25,25,25,0,0,0,0,0,0,0,16.666666666666668,0,0,0.338,0.063975,2.5e-05,5.29,88.2,0.163,9.757636,1.292,82.5,2.5,1019,1131.0,1092.0
497.7272727272728,47.27272727272727,314.0,2,18.854545454545452,0,0,0.0,0.0,0,0.0,0.0,0,17.175,-39,18.98333333333333,7.7,18.691666666666663,18.166666666666668,39.875,25,25,25,25,25,25,0,0,0,0,0,0,0,0.0,0,0,0.784175,0.010775,2.5e-05,5.83,84.9,0.093,6.179441,2.062,47.66,2.918,1019,768.0,743.0
726.4166666666666,50.0,511.5833333333333,4,19.325,0,0,0.0,0.0,0,0.0,0.0,0,17.75,-39,19.0,7.366666666666666,20.1,18.90833333333333,38.325,25,25,25,25,25,25,0,0,0,0,0,0,0,0.0,0,0,2.268375,0.01035,0.0,6.098,82.8,0.216,12.51063,1.688,93.5,3.332,1019,1257.0,1248.0
1126.9,52.8,4.2,16,19.66,0,0,0.0,0.0,0,0.0,0.0,0,17.383333333333333,-39,19.0,7.033333333333333,20.73333333333333,19.10833333333333,35.0,25,25,25,25,25,25,0,0,0,0,0,0,0,0.0,0,0,0.279275,0.010725,5e-05,6.574,82.9,0.109,10.75309,1.354,89.4,3.75,1019,730.5,705.0
902.7272727272727,51.18181818181818,2.4545454545454546,2,19.28181818181818,0,0,0.0,0.0,0,0.0,0.0,0,16.983333333333334,-39,18.6,6.8,21.33333333333333,18.95833333333333,34.55833333333333,25,25,25,25,25,25,0,0,0,0,0,0,0,0.0,0,0,0.8103499999999999,0.010875,2.5e-05,6.438,82.7,0.063,3.782949,1.917,68.8,3.332,1018,410.8,394.8
762.5,50.16666666666666,4.75,11,18.95,0,0,0.0,0.0,6,100.0,0.0999999999999999,0,16.5,-39,18.60833333333333,6.016666666666667,21.15833333333333,18.425,33.15,25,25,25,25,25,25,0,0,0,0,0,0,0,2.15,1,0,0.476425,0.048925,2.5e-05,5.49,87.5,0.007,0.5077536,3.0,51.25,5.0,1019,71.7,68.9
584.7777777777778,48.888888888888886,0.6666666666666666,3,17.91111111111111,1,112,1866.6666666666663,1.8666666666666665,336,5600.0,5.6,2,16.5,-39,34.2625,5.958333333333333,38.645833333333336,34.31666666666667,39.5875,25,25,25,25,25,25,0,0,0,0,0,0,0,19.016666666666666,1,1,2.695375,2.134325,0.142475,5.49,89.1,0.0,0.0,2.918,56.1,4.582,1019,2.031,1.015
699.2727272727273,50.72727272727273,25.454545454545453,16,18.009090909090908,2,58,966.6666666666664,0.9666666666666665,243,4050.0,4.049999999999999,0,16.9,-39,34.225,5.15,37.55,34.175,48.5,25,25,25,25,25,25,0,0,0,0,0,0,0,19.08333333333333,1,1,1.4771,1.19405,0.0,5.523,89.0,0.0,0.0,1.188,26.62,2.5,1019,2.031,1.015
1236.1818181818182,58.09090909090909,10.909090909090908,20,19.59090909090909,2,73,1216.6666666666663,1.2166666666666663,259,4316.666666666666,4.316666666666666,2,17.791666666666668,-39,34.291666666666664,6.6,40.38333333333333,37.375,47.94166666666667,25,25,25,25,25,25,0,0,0,0,0,0,0,19.133333333333333,1,1,2.1180000000000003,1.502,0.141925,5.152,94.2,0.0,0.0,2.668,81.8,5.418,1020,1.862,1.015
1588.2727272727273,60.90909090909091,2.727272727272727,9,20.49090909090909,2,45,749.9999999999999,0.7499999999999998,213,3549.9999999999995,3.55,0,18.45833333333333,-39,41.93333333333333,5.083333333333333,44.68333333333333,41.875,47.5,25,25,25,25,25,25,0,0,0,0,0,0,0,19.28333333333333,1,1,1.7892,1.3517,0.0,5.02,96.9,0.0,0.0,2.543,57.47,5.0,1020,2.115,1.015
1533.3636363636365,59.90909090909091,0.5454545454545454,15,20.49090909090909,2,0,0.0,0.0,185,3083.333333333333,3.083333333333333,0,19.116666666666667,-39,36.35833333333333,5.183333333333334,39.2,36.766666666666666,47.19166666666667,25,25,25,25,25,25,0,0,0,0,0,0,0,19.05,1,1,1.159375,0.770075,0.0,5.02,98.0,0.0,0.0,2.188,51.53,3.332,1021,2.031,1.015
1815.090909090909,61.09090909090909,0.8181818181818182,8,20.5,5,11,183.3333333333333,0.1833333333333333,49,816.6666666666666,0.8166666666666665,0,18.791666666666668,-39,26.3,6.066666666666666,28.15833333333333,27.35833333333333,47.0,25,25,25,25,25,25,0,0,0,0,0,0,0,19.0,1,1,0.4778,0.306,2.5e-05,5.29,98.2,0.0,0.0,1.188,33.25,2.082,1021,2.031,1.015
1787.2727272727273,63.0,0.2727272727272727,4,20.39090909090909,2,28,466.6666666666666,0.4666666666666665,194,3233.333333333333,3.233333333333333,0,18.625,-39,35.975,5.266666666666667,38.5625,35.9625,46.65,25,25,25,25,25,25,0,0,0,0,0,0,0,19.08333333333333,1,1,1.143,0.95605,2.5e-05,5.355,98.0,0.0,0.0,1.0,75.8,1.667,1021,2.031,1.015
1690.4444444444443,63.11111111111112,0.0,1,20.55555555555556,2,17,283.3333333333333,0.2833333333333332,175,2916.6666666666665,2.916666666666666,0,19.0,-39,36.04166666666666,5.383333333333334,38.31666666666667,35.925,46.49166666666667,25,25,25,25,25,25,0,0,0,0,0,0,0,19.016666666666666,1,1,1.10725,0.936475,0.0,5.42,98.0,0.0,0.0,1.438,46.06,2.5,1022,1.946,1.015
1655.5454545454545,63.0,0.2727272727272727,2,20.63636363636364,2,0,0.0,0.0,190,3166.6666666666665,3.1666666666666665,0,19.0,-39,37.0,5.033333333333333,39.36666666666667,36.825,46.083333333333336,25,25,25,25,25,25,0,0,0,0,0,0,0,19.116666666666667,1,1,0.945625,0.840625,0.0,5.156,98.3,0.0,0.0,1.313,97.7,3.75,1022,2.031,1.015
1711.8333333333333,63.16666666666666,0.0,2,20.7,2,0,0.0,0.0,180,3000.0,3.0,0,19.1,-39,37.00833333333333,5.016666666666667,38.88333333333333,36.475,45.85,25,25,25,25,25,25,0,0,0,0,0,0,0,19.016666666666666,1,1,0.99765,0.7862750000000001,0.0,5.023,98.6,0.0,0.0,1.708,49.75,3.75,1022,2.031,1.016
1631.0,63.0,0.0,2,20.763636363636365,5,0,0.0,0.0,0,0.0,0.0,0,19.075,-39,25.741666666666667,6.0,27.45833333333333,27.28333333333333,45.475,25,25,25,25,25,25,0,0,0,0,0,0,0,19.0,0,0,0.20955,0.0688,5e-05,5.09,98.9,0.0,0.0,2.521,50.97,3.332,1022,2.115,1.016
1624.3333333333333,62.583333333333336,0.0,1,20.35833333333333,2,30,500.0,0.4999999999999999,141,2349.9999999999995,2.35,2,18.53333333333333,-39,27.075,5.433333333333334,29.03333333333333,27.125,45.00833333333333,25,25,25,25,25,25,0,0,0,0,0,0,0,19.016666666666666,1,1,0.9504,0.777625,2.5e-05,5.09,98.8,0.0,0.0,1.167,56.1,2.082,1023,2.031,1.016
1414.0,62.583333333333336,7.166666666666667,18,20.416666666666668,2,23,383.33333333333326,0.3833333333333332,203,3383.333333333333,3.383333333333333,0,18.975,-39,37.016666666666666,4.833333333333333,39.65,36.85833333333333,43.88333333333333,25,25,25,25,25,25,0,0,0,0,0,0,0,19.1,1,1,1.15315,0.970025,0.0,5.125,98.0,0.0,0.0,2.521,44.2,4.168,1023,1.946,1.016
700.3333333333334,57.833333333333336,0.0,2,19.90833333333333,2,61,1016.6666666666664,1.0166666666666664,240,4000.0,3.999999999999999,0,19.591666666666665,-39,40.2,4.166666666666667,43.03333333333333,39.9875,41.575,25,25,25,25,25,25,0,0,0,0,0,0,0,19.15,1,1,1.4075,1.173,0.0,4.277,98.6,0.0,0.0,2.396,36.06,3.75,1024,1.777,1.016
666.6666666666666,56.41666666666666,5.0,10,19.916666666666668,2,36,599.9999999999999,0.5999999999999999,145,2416.6666666666665,2.4166666666666665,0,20.0,-39,36.35,4.9,40.16666666666666,38.19166666666667,38.56666666666667,25,25,25,25,25,25,0,0,0,0,0,0,0,19.08333333333333,1,1,1.433575,0.76895,0.0,3.94,98.4,0.0,0.0,2.543,38.78,3.332,1024,1.777,1.016
685.0833333333334,55.583333333333336,2.083333333333333,3,19.725,5,0,0.0,0.0,0,0.0,0.0,0,19.45833333333333,-39,24.1,6.0,25.216666666666665,25.08333333333333,35.5,25,25,25,25,25,25,0,0,0,0,0,0,0,19.0,0,0,0.282575,0.063,7.500000000000001e-05,5.33,96.3,0.0,0.0,1.813,53.44,3.332,1025,2.031,1.016
662.25,55.25,30.5,4,19.03333333333333,5,0,0.0,0.0,0,0.0,0.0,0,18.65833333333333,-39,21.33333333333333,6.0,20.575,20.48333333333333,35.125,25,25,25,25,25,25,0,0,0,0,0,0,0,18.95,0,0,1.562275,0.063075,0.0,5.29,96.0,0.013,0.7965414,2.75,52.25,4.168,1025,112.5,108.5
658.75,55.083333333333336,101.58333333333331,0,18.616666666666667,5,0,0.0,0.0,0,0.0,0.0,0,18.0,-39,20.10833333333333,6.5,18.575,18.53333333333333,34.666666666666664,25,25,25,25,25,25,0,0,0,0,0,0,0,18.966666666666665,0,0,0.7245,0.06325,0.0,6.098,92.7,0.076,5.36653,2.146,71.4,3.75,1025,528.5,510.2
579.8,54.3,176.4,3,18.51,1,14,233.3333333333333,0.2333333333333332,80,1333.3333333333333,1.333333333333333,2,18.0,-39,19.83333333333333,7.3,20.383333333333333,19.175,27.58333333333333,25,25,25,25,25,25,0,0,0,0,0,0,0,13.516666666666667,1,0,1.2038000000000002,0.421425,2.5e-05,6.605,91.5,0.093,5.877125,2.043,66.75,3.75,1025,679.5,655.0
582.7272727272727,53.72727272727273,78.18181818181819,0,18.509090909090908,1,92,1533.3333333333333,1.5333333333333332,267,4450.0,4.449999999999999,0,18.0,-39,38.7,5.733333333333333,35.858333333333334,35.35,42.75,25,25,25,25,25,25,0,0,0,0,0,0,0,17.133333333333333,1,0,1.943075,1.74675,0.0,7.15,89.6,0.136,8.76699,2.0,59.72,3.75,1025,930.0,908.0
582.6666666666666,55.11111111111112,108.77777777777776,0,18.444444444444443,5,0,0.0,0.0,0,0.0,0.0,0,18.78333333333333,-39,24.116666666666667,6.95,19.329166666666666,19.03333333333333,49.0,25,25,25,25,25,25,0,0,0,0,0,0,0,10.766666666666667,0,0,0.6977749999999999,0.045325,5e-05,7.184,88.5,0.09,5.375086,1.854,72.6,3.332,1025,649.5,626.5
582.0,56.0,937.0,0,18.35,0,0,0.0,0.0,0,0.0,0.0,0,18.041666666666668,-39,23.0,8.0,22.65833333333333,20.758333333333333,48.69166666666667,25,25,25,25,25,25,0,0,0,0,0,0,0,0.0,0,0,0.205275,0.010675,0.0,7.484,86.0,0.063,3.782318,2.082,50.62,5.418,1025,470.5,453.2
555.0909090909091,54.54545454545455,1730.8181818181818,0,19.018181818181816,0,0,0.0,0.0,0,0.0,0.0,0,17.641666666666666,-39,23.0,7.75,20.741666666666667,21.058333333333334,48.5,25,25,25,25,25,25,0,0,0,0,0,0,0,0.0,0,0,0.21805,0.0106249999999999,5e-05,7.25,87.1,0.07,3.988151,1.792,57.97,4.168,1025,430.0,413.8
531.0909090909091,55.90909090909091,0.5454545454545454,0,18.13636363636364,0,0,0.0,0.0,0,0.0,0.0,0,17.466666666666665,-39,22.741666666666667,7.216666666666667,19.5,20.883333333333333,48.3,25,25,25,25,25,25,0,0,0,0,0,0,0,0.0,0,0,0.319075,0.0108,7.500000000000001e-05,6.574,89.7,0.02,0.9855486,2.479,50.28,3.75,1025,78.7,75.6
667.6363636363636,56.18181818181818,18.727272727272727,16,17.90909090909091,0,0,0.0,0.0,0,0.0,0.0,0,17.0,-39,22.5,7.016666666666667,19.65,20.5,48.0,25,25,25,25,25,25,0,0,0,0,0,0,0,0.0,0,0,1.1815,0.0108,2.5e-05,6.473,89.1,0.0,0.0,2.229,38.25,3.332,1026,2.031,1.015
981.0,59.63636363636363,35.54545454545455,15,18.272727272727277,2,77,1283.3333333333333,1.2833333333333332,246,4100.0,4.1,0,17.425,-39,31.683333333333334,6.116666666666666,34.291666666666664,31.08333333333333,47.81666666666667,25,25,25,25,25,25,0,0,0,0,0,0,0,18.966666666666665,1,1,2.220375,1.043925,0.445425,6.2,89.8,0.0,0.0,3.021,54.25,5.0,1026,2.031,1.015
1556.4,65.7,32.4,14,19.51,2,60,1000.0,0.9999999999999998,260,4333.333333333333,4.333333333333333,0,18.433333333333334,-39,41.10833333333333,5.983333333333333,44.25833333333333,40.95,47.5,25,25,25,25,25,25,0,0,0,0,0,0,0,19.53333333333333,1,1,1.6464,1.33645,0.0,5.895,89.5,0.0,0.0,2.146,83.4,3.75,1027,2.031,1.015
1379.3333333333333,65.91666666666667,13.0,18,20.191666666666663,5,2,33.33333333333333,0.0333333333333333,11,183.3333333333333,0.1833333333333333,0,18.811475409836067,-39,28.07377049180328,6.639344262295082,30.66393442622951,30.40983606557377,41.59836065573771,25,25,25,25,25,25,0,0,0,0,0,0,0,19.229508196721312,1,1,1.849175,0.10535,0.0,5.895,89.5,0.0,0.0,1.729,65.94,3.75,1027,2.115,1.015
1445.5,67.25,0.75,8,20.041666666666668,5,0,0.0,0.0,0,0.0,0.0,0,18.391666666666666,-39,21.875,6.0,21.73333333333333,21.641666666666666,34.85,25,25,25,25,25,25,0,0,0,0,0,0,0,19.016666666666666,0,0,0.487125,0.069075,0.0,5.56,91.3,0.0,0.0,2.332,52.94,4.168,1027,2.031,1.015
1108.9166666666667,65.75,0.75,2,19.466666666666665,5,0,0.0,0.0,0,0.0,0.0,0,18.0,-39,20.03333333333333,6.0,19.35833333333333,19.216666666666665,33.925,25,25,25,25,25,25,0,0,0,0,0,0,0,19.016666666666666,0,0,0.349,0.069275,2.5e-05,5.625,91.2,0.0,0.0,1.604,52.78,3.332,1027,2.2,1.015
983.0909090909092,64.36363636363636,0.8181818181818182,1,19.181818181818183,5,0,0.0,0.0,0,0.0,0.0,0,17.641666666666666,-39,19.008333333333333,5.683333333333334,18.491666666666667,18.4,33.225,25,25,25,25,25,25,0,0,0,0,0,0,0,19.0,0,0,0.32035,0.069275,7.500000000000001e-05,4.746,94.6,0.0,0.0,2.957,35.53,4.168,1027,1.777,1.015
849.8333333333334,62.66666666666666,0.5,2,18.891666666666666,5,0,0.0,0.0,0,0.0,0.0,0,17.5,-39,18.5,5.033333333333333,17.958333333333332,17.808333333333334,32.666666666666664,25,25,25,25,25,25,0,0,0,0,0,0,0,19.0,0,0,0.260125,0.069225,5e-05,4.547,93.8,0.0,0.0,2.793,36.97,5.0,1027,1.693,1.016
829.3636363636364,60.72727272727273,0.0,2,18.61818181818182,5,0,0.0,0.0,0,0.0,0.0,0,17.05,-39,18.5,5.1,17.5,17.441666666666666,32.166666666666664,25,25,25,25,25,25,0,0,0,0,0,0,0,19.0,0,0,0.311875,0.0691499999999999,0.0,4.887,92.0,0.0,0.0,2.271,40.7,3.332,1027,2.031,1.016
765.8333333333334,59.66666666666666,0.0,1,18.541666666666668,5,0,0.0,0.0,0,0.0,0.0,0,17.0,-39,18.15,5.683333333333334,17.158333333333335,17.0125,32.0,25,25,25,25,25,25,0,0,0,0,0,0,0,19.016666666666666,0,0,0.257475,0.0692,2.5e-05,4.754,93.1,0.0,0.0,3.043,50.38,5.0,1027,2.115,1.016
719.75,58.5,0.0,6,18.341666666666665,1,96,1600.0,1.6,277,4616.666666666666,4.616666666666666,2,17.0,-39,32.125,5.5,35.25,31.55,35.06666666666667,25,25,25,25,25,25,0,0,0,0,0,0,0,19.116666666666667,1,0,2.1947,1.8737,0.11285,5.055,91.9,0.0,0.0,2.293,46.75,4.168,1027,2.031,1.016
702.0,57.27272727272727,0.0,1,18.245454545454542,5,0,0.0,0.0,0,0.0,0.0,0,16.741666666666667,-39,23.366666666666667,4.333333333333333,18.15833333333333,18.058333333333334,49.458333333333336,25,25,25,25,25,25,0,0,0,0,0,0,0,19.0,0,0,0.185425,0.0691249999999999,5e-05,5.22,89.6,0.0,0.0,1.917,41.22,3.332,1027,2.115,1.015
754.9166666666666,57.333333333333336,0.5,5,18.15,5,0,0.0,0.0,0,0.0,0.0,0,16.5,-39,22.383333333333333,5.533333333333333,17.45,17.325,49.025,25,25,25,25,25,25,0,0,0,0,0,0,0,18.98333333333333,0,0,0.2513,0.069225,5e-05,5.086,88.8,0.0,0.0,3.125,57.84,4.582,1027,2.2,1.015
805.2727272727273,58.09090909090909,0.0,0,17.972727272727273,5,0,0.0,0.0,0,0.0,0.0,0,16.5,-39,21.78333333333333,5.683333333333334,17.0,17.0,49.0,25,25,25,25,25,25,0,0,0,0,0,0,0,19.0,0,0,0.397275,0.069075,5e-05,4.914,86.4,0.0,0.0,2.168,31.38,3.332,1027,2.115,1.015
810.6,57.8,12.9,20,17.89,5,0,0.0,0.0,0,0.0,0.0,0,16.5,-39,21.383333333333333,5.183333333333334,17.0,16.991666666666667,48.61666666666667,25,25,25,25,25,25,0,0,0,0,0,0,0,18.98333333333333,0,0,0.6244500000000001,0.0691,5e-05,4.746,83.8,0.0,0.0,2.125,61.7,3.75,1027,2.031,1.015
653.2727272727273,56.27272727272727,3.1818181818181817,2,17.354545454545455,5,0,0.0,0.0,0,0.0,0.0,0,16.5,-39,20.991666666666667,5.0,17.0,16.875,48.49166666666667,25,25,25,25,25,25,0,0,0,0,0,0,0,19.0,0,0,0.18825,0.069275,5e-05,4.477,84.8,0.0,0.0,1.854,44.7,3.75,1027,2.031,1.015
549.3636363636364,55.90909090909091,37.09090909090909,0,17.0,5,0,0.0,0.0,0,0.0,0.0,0,16.5,-39,20.525,4.466666666666667,16.5875,16.5,48.04166666666666,25,25,25,25,25,25,0,0,0,0,0,0,0,18.991666666666667,0,0,0.27225,0.069075,7.500000000000001e-05,3.94,85.5,0.02,1.194812,2.521,60.56,4.168,1028,125.1,120.7
497.75,55.625,477.0,0,17.35,5,0,0.0,0.0,0,0.0,0.0,0,16.016666666666666,-39,20.5,4.833333333333333,16.5,16.5,47.99166666666667,25,25,25,25,25,25,0,0,0,0,0,0,0,19.0,0,0,0.1986,0.069075,7.500000000000001e-05,3.195,87.3,0.096,5.774925,2.418,65.75,3.75,1028,536.0,517.5
467.0833333333333,53.833333333333336,454.0833333333333,0,18.016666666666666,5,0,0.0,0.0,0,0.0,0.0,0,16.391666666666666,-39,20.5,5.7,16.525,16.5,47.53333333333333,25,25,25,25,25,25,0,0,0,0,0,0,0,18.05,0,0,0.199575,0.0678,7.500000000000001e-05,4.008,84.1,0.163,9.757632,2.688,52.88,5.0,1028,1141.0,1102.0
448.8181818181818,52.63636363636363,433.3636363636364,0,18.581818181818186,0,0,0.0,0.0,0,0.0,0.0,0,17.058333333333334,-39,20.525,8.0,19.091666666666665,18.53333333333333,47.45,25,25,25,25,25,25,0,0,0,0,0,0,0,0.0,0,0,0.10805,0.011075,7.500000000000001e-05,4.98,81.7,0.216,12.91061,1.875,49.44,2.918,1028,1256.0,1247.0
381.09090909090907,50.18181818181818,463.54545454545456,0,19.200000000000003,0,0,0.0,0.0,0,0.0,0.0,0,17.466666666666665,-39,21.0,7.133333333333334,21.8,20.20833333333333,47.025,25,25,25,25,25,25,0,0,0,0,0,0,0,0.0,0,0,0.13935,0.0104,2.5e-05,5.996,77.9,0.209,12.62334,1.5,38.12,2.5,1028,1257.0,1248.0
378.1111111111111,48.11111111111112,2053.555555555556,0,19.366666666666667,0,0,0.0,0.0,0,0.0,0.0,0,16.975,-39,21.008333333333333,7.0,20.766666666666666,19.066666666666663,46.925,25,25,25,25,25,25,0,0,0,0,0,0,0,0.0,0,0,0.133475,0.01085,2.5e-05,6.47,74.1,0.166,10.06295,0.792,49.66,1.667,1027,1063.0,1027.0
374.6666666666667,44.66666666666666,4125.416666666667,0,20.266666666666666,0,0,0.0,0.0,0,0.0,0.0,0,16.5,-39,21.008333333333333,6.4,19.258333333333333,19.391666666666666,46.50833333333333,25,25,25,25,25,25,0,0,0,0,0,0,0,0.3166666666666666,0,1,0.29185,0.011725,7.500000000000001e-05,6.133,75.25,0.027,1.592555,1.604,49.94,2.5,1027,272.2,261.5
399.22222222222223,48.66666666666666,10.11111111111111,0,18.53333333333333,2,109,1816.6666666666663,1.8166666666666664,263,4383.333333333333,4.383333333333333,2,16.816666666666666,-39,29.3,4.766666666666667,33.7,30.15833333333333,46.475,25,25,25,25,25,25,0,0,0,0,0,0,0,19.15,1,1,2.481,1.2752249999999998,0.8140000000000001,5.152,78.3,0.013,0.7965086,1.917,47.12,2.918,1027,91.6,88.8
460.3333333333333,50.91666666666666,0.0,2,18.65,2,72,1199.9999999999998,1.1999999999999995,259,4316.666666666666,4.316666666666666,2,17.883333333333333,-39,38.675,4.383333333333334,44.266666666666666,41.06666666666667,46.06666666666667,25,25,25,25,25,25,0,0,0,0,0,0,0,19.3,1,1,4.23725,1.6949999999999998,0.0968,3.77,84.6,0.0,0.0,0.688,55.44,1.25,1027,2.031,1.016
837.1,52.6,31.1,15,19.270000000000003,2,96,1599.9999999999998,1.5999999999999996,237,3950.0,3.95,0,18.475,-39,40.53333333333333,2.9833333333333334,45.225,42.15,44.35,25,25,25,25,25,25,0,0,0,0,0,0,0,19.55,1,1,3.0396,1.4556,0.441325,2.557,91.4,0.0,0.0,0.708,37.06,1.25,1028,2.115,1.016
1414.6666666666667,59.333333333333336,33.0,14,19.73333333333333,1,41,683.3333333333333,0.6833333333333331,180,2999.9999999999995,3.0,2,18.491666666666667,-39,24.683333333333334,3.283333333333333,28.341666666666665,26.058333333333334,29.1,25,25,25,25,25,25,0,0,0,0,0,0,0,18.933333333333334,1,0,1.517075,1.07895,2.5e-05,1.815,94.4,0.0,0.0,1.646,31.19,2.082,1028,1.693,1.016
1428.8181818181818,62.27272727272727,33.0,19,19.445454545454545,1,102,1700.0,1.7,226,3766.6666666666665,3.7666666666666666,2,17.783333333333335,-39,34.21666666666667,2.833333333333333,36.68333333333333,34.13333333333333,44.141666666666666,25,25,25,25,25,25,0,0,0,0,0,0,0,19.166666666666668,1,0,2.2786,1.870525,0.10165,1.849,93.4,0.0,0.0,1.75,42.22,2.082,1028,1.693,1.016
1444.0833333333333,62.0,14.5,14,19.175,5,0,0.0,0.0,0,0.0,0.0,0,17.233333333333334,-39,23.933333333333334,2.0,18.625,18.566666666666663,49.0,25,25,25,25,25,25,0,0,0,0,0,0,0,18.98333333333333,0,0,0.5981000000000001,0.069175,7.500000000000001e-05,0.974,97.1,0.0,0.0,1.25,25.62,1.667,1028,1.693,1.016
1989.5454545454545,63.90909090909091,0.0,1,18.9,5,0,0.0,0.0,0,0.0,0.0,0,17.0,-39,22.40833333333333,2.6333333333333333,18.225,18.141666666666666,48.80833333333333,25,25,25,25,25,25,0,0,0,0,0,0,0,19.0,0,0,0.36735,0.069175,0.0,0.941,98.4,0.0,0.0,1.146,355.8,1.667,1028,1.693,1.016
2020.4545454545453,65.72727272727273,0.2727272727272727,3,18.89090909090909,5,0,0.0,0.0,0,0.0,0.0,0,17.0,-39,21.675,3.0,17.675,17.575,48.5,25,25,25,25,25,25,0,0,0,0,0,0,0,19.0,0,0,0.26605,0.0691,5e-05,1.482,97.9,0.0,0.0,1.313,33.38,2.082,1028,2.031,1.016
2210.0,67.0,0.5,1,19.008333333333333,5,0,0.0,0.0,0,0.0,0.0,0,16.608333333333334,-39,21.041666666666668,3.0,17.4,17.25,48.28333333333333,25,25,25,25,25,25,0,0,0,0,0,0,0,18.98333333333333,0,0,0.308075,0.069025,7.500000000000001e-05,1.312,96.9,0.0,0.0,1.021,18.4,1.667,1028,2.031,1.016
2318.0,67.0,0.5454545454545454,1,19.045454545454547,5,0,0.0,0.0,0,0.0,0.0,0,16.5,-39,20.58333333333333,3.15,17.0,17.0,48.0,25,25,25,25,25,25,0,0,0,0,0,0,0,18.966666666666665,0,0,0.2576,0.068875,5e-05,1.954,96.8,0.0,0.0,0.708,27.3,0.833,1028,2.031,1.016
2122.7272727272725,66.63636363636364,0.0,2,18.89090909090909,5,0,0.0,0.0,0,0.0,0.0,0,16.5,-39,20.5,3.45,17.0,16.891666666666666,47.78333333333333,25,25,25,25,25,25,0,0,0,0,0,0,0,18.98333333333333,0,0,0.2998,0.068375,5e-05,1.51,97.9,0.0,0.0,1.313,11.96,2.082,1028,2.031,1.016
2167.7272727272725,67.0,0.0,3,18.818181818181817,5,0,0.0,0.0,0,0.0,0.0,0,16.258333333333333,-39,20.5,3.55,16.675,16.5,47.49166666666667,25,25,25,25,25,25,0,0,0,0,0,0,0,19.0,0,0,0.2595,0.06895,7.500000000000001e-05,2.12,95.1,0.0,0.0,0.438,8.26,0.833,1027,1.693,1.016
2189.833333333333,67.75,0.0,1,18.633333333333333,5,0,0.0,0.0,0,0.0,0.0,0,16.0,-39,20.5,3.933333333333333,16.5,16.5,47.25,25,25,25,25,25,25,0,0,0,0,0,0,0,18.98333333333333,0,0,0.270375,0.06905,0.0,2.29,95.2,0.0,0.0,1.083,10.05,1.667,1027,1.693,1.016
1524.6363636363635,64.18181818181819,8.454545454545455,14,18.463636363636365,5,0,0.0,0.0,0,0.0,0.0,0,16.0,-39,20.375,4.0,16.5,16.5,46.98333333333333,25,25,25,25,25,25,0,0,0,0,0,0,0,18.916666666666668,0,0,0.4825,0.068975,2.5e-05,2.39,94.7,0.0,0.0,0.479,53.8,0.833,1027,2.031,1.016
819.6666666666666,58.41666666666666,0.0,4,17.683333333333334,5,0,0.0,0.0,0,0.0,0.0,0,16.0,-39,20.0,4.0,16.5,16.5,46.55,25,25,25,25,25,25,0,0,0,0,0,0,0,19.0,0,0,0.5221,0.0689,5e-05,2.66,92.5,0.0,0.0,1.083,41.25,1.667,1027,1.693,1.016
657.5833333333334,57.25,12.666666666666666,12,17.150000000000002,5,0,0.0,0.0,0,0.0,0.0,0,16.0,-39,19.95,4.1,16.5,16.5,46.13333333333333,25,25,25,25,25,25,0,0,0,0,0,0,0,19.0,0,0,0.550075,0.068925,5e-05,2.762,92.2,0.0,0.0,0.625,47.38,0.833,1027,1.693,1.016
674.1666666666666,58.083333333333336,3.083333333333333,0,16.958333333333332,5,0,0.0,0.0,0,0.0,0.0,0,16.0,-39,19.5,4.05,16.5,16.5,45.333333333333336,25,25,25,25,25,25,0,0,0,0,0,0,0,18.95,0,0,0.1588,0.0689,5e-05,3.133,92.9,0.0,0.0,0.938,9.5,1.25,1026,2.031,1.016
574.0,57.9,24.1,0,16.78,5,16,266.66666666666663,0.2666666666666666,77,1283.3333333333333,1.2833333333333332,0,15.7,-39,20.875,3.966666666666667,19.78333333333333,18.691666666666663,44.99166666666667,25,25,25,25,25,25,0,0,0,0,0,0,0,19.0,1,1,0.4488,0.403875,5e-05,2.627,96.8,0.013,0.7965418,1.604,14.53,2.082,1027,96.3,92.9
493.75,58.25,100.25,0,16.941666666666666,2,30,500.0,0.4999999999999999,145,2416.6666666666665,2.4166666666666665,2,16.216666666666665,-39,27.433333333333334,4.65,32.233333333333334,30.45833333333333,44.7,25,25,25,25,25,25,0,0,0,0,0,0,0,19.133333333333333,1,1,0.98695,0.8669,0.0,3.133,91.0,0.056,3.385302,2.104,1.036,3.332,1026,381.0,366.2
443.45454545454544,56.0,405.0,0,17.599999999999998,5,0,0.0,0.0,0,0.0,0.0,0,16.65,-39,22.45833333333333,5.483333333333333,22.40833333333333,22.308333333333334,44.48333333333333,25,25,25,25,25,25,0,0,0,0,0,0,0,18.383333333333333,0,0,0.11515,0.068075,5e-05,3.736,90.5,0.1,6.030485,2.75,16.19,3.332,1026,670.5,647.0
407.9166666666667,53.16666666666666,461.0,0,18.425,0,0,0.0,0.0,0,0.0,0.0,0,17.0,-39,20.883333333333333,8.55,20.65833333333333,20.433333333333334,44.025,25,25,25,25,25,25,0,0,0,0,0,0,0,0.0,0,0,0.074,0.0105,0.0,4.984,86.4,0.196,11.9614,2.438,29.31,3.75,1025,1256.0,1247.0
391.25,50.41666666666666,609.4166666666666,0,19.1,0,0,0.0,0.0,0,0.0,0.0,0,17.0,-39,20.5,7.633333333333334,21.0,21.016666666666666,43.81666666666667,25,25,25,25,25,25,0,0,0,0,0,0,0,0.0,0,0,0.109425,0.010525,5e-05,5.76,82.7,0.196,11.7644,3.229,30.66,4.168,1025,1256.0,1248.0
381.9166666666667,48.16666666666666,1407.5833333333333,0,19.33333333333333,0,0,0.0,0.0,0,0.0,0.0,0,16.883333333333333,-39,20.5,7.0,20.591666666666665,20.625,43.5,25,25,25,25,25,25,0,0,0,0,0,0,0,0.0,0,0,0.0582,0.01075,0.0,6.2,77.94,0.163,9.754796,2.793,31.55,4.168,1024,1085.0,1048.0
378.44444444444446,46.55555555555556,2707.6666666666665,0,19.6,0,0,0.0,0.0,0,0.0,0.0,0,16.5,-39,20.475,7.0,20.183333333333334,18.625,43.208333333333336,25,25,25,25,25,25,0,0,0,0,0,0,0,0.0,0,0,0.338025,0.0107,5e-05,5.996,82.1,0.063,3.782546,1.146,42.06,1.667,1023,422.5,406.8
400.54545454545456,49.63636363636363,2.8181818181818183,0,17.963636363636365,0,0,0.0,0.0,0,0.0,0.0,0,16.5,-39,19.875,6.966666666666667,19.441666666666663,18.08333333333333,42.958333333333336,25,25,25,25,25,25,0,0,0,0,0,0,0,0.0,0,0,0.4488,0.011,7.500000000000001e-05,5.965,85.2,0.013,0.7964233,1.729,29.45,2.5,1023,69.25,66.5
519.9,51.9,3.6,2,17.34,0,13,216.66666666666663,0.2166666666666666,71,1183.3333333333333,1.1833333333333331,2,16.4,-39,20.516666666666666,5.616666666666666,20.7,19.466666666666665,42.50833333333333,25,25,25,25,25,25,0,0,0,0,0,0,0,6.95,1,1,2.843275,0.3216,2.5e-05,5.254,87.8,0.0,0.0,0.917,353.5,1.25,1023,2.031,1.015
582.5,54.083333333333336,17.416666666666668,8,17.375,2,85,1416.6666666666663,1.4166666666666663,252,4200.0,4.2,2,16.85,-39,31.2,6.233333333333333,37.6625,35.016666666666666,37.375,25,25,25,25,25,25,0,0,0,0,0,0,0,17.4,1,1,2.876825,1.5756750000000002,0.148425,4.242,92.0,0.0,0.0,1.5,8.02,2.5,1022,2.031,1.016
1142.0,56.27272727272727,15.545454545454543,21,18.28181818181818,1,76,1266.6666666666663,1.2666666666666666,221,3683.333333333333,3.683333333333333,0,17.291666666666668,-39,31.716666666666665,4.833333333333333,35.233333333333334,32.425,34.041666666666664,25,25,25,25,25,25,0,0,0,0,0,0,0,13.366666666666667,1,0,1.95285,1.52955,2.5e-05,4.277,90.1,0.0,0.0,1.083,13.79,1.667,1022,1.862,1.016
1784.090909090909,59.0,4.090909090909091,11,18.581818181818186,5,34,566.6666666666666,0.5666666666666667,87,1450.0,1.45,2,17.0,-39,27.3,6.616666666666666,26.616666666666667,25.716666666666665,48.30833333333333,25,25,25,25,25,25,0,0,0,0,0,0,0,19.133333333333333,1,0,1.17025,0.717375,0.029575,4.547,89.4,0.0,0.0,2.293,3.473,3.332,1021,2.031,1.016
1758.6363636363635,59.45454545454545,0.5454545454545454,10,18.55454545454545,5,0,0.0,0.0,0,0.0,0.0,0,17.0,-39,22.775,6.0,18.35,18.291666666666668,49.0,25,25,25,25,25,25,0,0,0,0,0,0,0,18.98333333333333,0,0,0.461125,0.0693749999999999,7.500000000000001e-05,4.516,92.4,0.0,0.0,2.543,4.195,3.75,1021,2.031,1.016
2043.5,62.333333333333336,0.25,1,18.45833333333333,5,0,0.0,0.0,0,0.0,0.0,0,16.616666666666667,-39,21.85,5.816666666666666,17.525,17.408333333333335,48.71666666666667,25,25,25,25,25,25,0,0,0,0,0,0,0,19.0,0,0,0.4721499999999999,0.069475,0.0,4.715,93.0,0.0,0.0,1.438,8.56,2.082,1020,1.946,1.015
2080.1111111111118,63.55555555555556,0.0,1,18.466666666666665,5,0,0.0,0.0,0,0.0,0.0,0,16.416666666666668,-39,21.15833333333333,5.05,16.891666666666666,16.816666666666666,48.475,25,25,25,25,25,25,0,0,0,0,0,0,0,19.0,0,0,0.26805,0.0694,7.500000000000001e-05,4.008,93.4,0.0,0.0,1.625,357.5,2.082,1020,1.947,1.016
2145.75,65.0,0.75,3,18.375,5,0,0.0,0.0,0,0.0,0.0,0,16.0,-39,20.65,4.916666666666667,16.5,16.5,48.0,25,25,25,25,25,25,0,0,0,0,0,0,0,18.966666666666665,0,0,0.237225,0.069175,7.500000000000001e-05,2.89,95.5,0.0,0.0,0.833,30.6,1.25,1019,2.031,1.016
2153.083333333333,65.33333333333333,0.0,1,18.291666666666668,5,0,0.0,0.0,0,0.0,0.0,0,16.0,-39,20.5,4.3,16.5,16.5,47.93333333333333,25,25,25,25,25,25,0,0,0,0,0,0,0,18.966666666666665,0,0,0.2401,0.06935,5e-05,2.998,94.5,0.0,0.0,0.0,0.0,0.0,1018,1.693,1.016
2137.222222222222,66.0,0.0,2,18.25555555555556,5,0,0.0,0.0,0,0.0,0.0,0,15.966666666666669,-39,20.5,4.833333333333333,16.5,16.5,47.525,25,25,25,25,25,25,0,0,0,0,0,0,0,19.0,0,0,0.229975,0.069375,5e-05,2.188,97.4,0.0,0.0,0.396,31.45,0.833,1018,2.031,1.016
2197.0,67.4,0.0,2,18.3,2,31,516.6666666666666,0.5166666666666666,173,2883.333333333333,2.883333333333333,0,15.816666666666666,-39,27.3,4.083333333333333,28.941666666666663,26.65833333333333,47.5,25,25,25,25,25,25,0,0,0,0,0,0,0,19.016666666666666,1,1,1.103925,0.844075,0.080175,3.201,94.7,0.0,0.0,0.771,35.94,1.25,1017,1.693,1.016
2186.7,68.8,0.0,1,18.56,5,0,0.0,0.0,11,183.3333333333333,0.1833333333333333,0,16.5,-39,25.525,5.533333333333333,26.65,26.35833333333333,47.09166666666667,25,25,25,25,25,25,0,0,0,0,0,0,0,18.98333333333333,1,1,0.2503,0.126475,7.500000000000001e-05,3.906,88.4,0.0,0.0,0.5,152.2,1.25,1016,2.031,1.016
1519.2,65.7,4.2,10,18.51,5,0,0.0,0.0,0,0.0,0.0,0,16.116666666666667,-39,22.23333333333333,5.166666666666667,19.558333333333334,19.48333333333333,46.99166666666667,25,25,25,25,25,25,0,0,0,0,0,0,0,18.966666666666665,0,0,0.3534,0.06905,5e-05,4.145,91.0,0.0,0.0,0.021,187.9,0.417,1016,2.031,1.016
706.6363636363636,61.45454545454545,0.0,2,17.62727272727273,5,0,0.0,0.0,0,0.0,0.0,0,16.0,-39,20.841666666666665,4.733333333333333,17.466666666666665,17.4,46.525,25,25,25,25,25,25,0,0,0,0,0,0,0,18.98333333333333,0,0,0.1398,0.06925,7.500000000000001e-05,4.043,91.7,0.0,0.0,0.5,322.2,0.833,1015,1.693,1.016
854.0833333333334,63.333333333333336,25.0,20,17.366666666666667,2,20,333.33333333333326,0.3333333333333332,123,2050.0,2.05,2,15.65,-39,20.90833333333333,4.216666666666667,21.179166666666667,19.75,42.29166666666666,25,25,25,25,25,25,0,0,0,0,0,0,0,19.0,1,1,1.312575,0.6492,2.5e-05,2.418,97.2,0.0,0.0,0.396,31.12,0.833,1014,1.693,1.016
733.9,65.7,2.4,0,17.5,2,7,116.66666666666666,0.1166666666666666,86,1433.3333333333333,1.4333333333333331,0,16.316666666666666,-39,29.091666666666665,3.0,32.541666666666664,31.216666666666665,39.54166666666666,25,25,25,25,25,25,0,0,0,0,0,0,0,19.066666666666663,1,1,0.61755,0.5371,2.5e-05,2.217,99.4,0.0,0.0,1.167,1.492,1.667,1014,2.031,1.016
545.25,63.75,13.583333333333334,0,17.375,5,0,0.0,0.0,0,0.0,0.0,0,16.491666666666667,-39,20.341666666666665,2.85,21.175,21.041666666666668,38.825,25,25,25,25,25,25,0,0,0,0,0,0,0,18.98333333333333,0,0,0.165875,0.069075,5e-05,2.22,100.0,0.007,0.3982834,1.042,32.28,1.25,1015,82.2,79.06
440.6666666666667,61.77777777777778,41.0,0,16.977777777777778,5,0,0.0,0.0,0,0.0,0.0,0,16.0,-39,18.541666666666668,2.3666666666666667,17.808333333333334,17.716666666666665,38.29166666666666,25,25,25,25,25,25,0,0,0,0,0,0,0,18.933333333333334,0,0,0.122125,0.068475,0.0,1.239,100.0,0.04,2.475917,2.125,38.72,2.918,1015,279.8,269.8
404.27272727272725,60.0,79.81818181818181,0,16.763636363636365,5,0,0.0,0.0,0,0.0,0.0,0,16.0,-39,17.783333333333335,2.9833333333333334,16.583333333333332,16.55,37.66666666666666,25,25,25,25,25,25,0,0,0,0,0,0,0,18.98333333333333,0,0,0.163375,0.06915,2.5e-05,1.036,100.0,0.056,3.684349,2.668,33.66,3.75,1015,441.0,424.5
387.0,59.81818181818182,179.27272727272728,0,16.672727272727272,5,0,0.0,0.0,0,0.0,0.0,0,16.0,-39,17.466666666666665,4.166666666666667,16.483333333333334,16.275,37.025,25,25,25,25,25,25,0,0,0,0,0,0,0,18.95,0,0,0.14605,0.0693,2.5e-05,1.916,100.0,0.123,7.580427,2.229,45.6,3.332,1014,789.5,762.0
381.8888888888889,58.333333333333336,516.6666666666666,0,17.455555555555556,5,0,0.0,0.0,0,0.0,0.0,0,16.741666666666667,-39,17.008333333333333,5.933333333333334,16.125,16.0,36.43333333333333,25,25,25,25,25,25,0,0,0,0,0,0,0,18.916666666666668,0,0,0.1358,0.0694,5e-05,3.129,100.0,0.269,16.12997,1.479,43.38,2.082,1014,1256.0,1247.0
368.1,54.0,91.7,0,17.509999999999998,5,0,0.0,0.0,0,0.0,0.0,0,16.683333333333334,-39,17.0,5.35,16.0,16.0,35.85,25,25,25,25,25,25,0,0,0,0,0,0,0,19.0,0,0,0.1696,0.069175,2.5e-05,5.117,80.2,0.103,5.893552,1.938,16.77,2.918,1013,692.5,668.5
365.7272727272728,52.81818181818182,302.3636363636364,0,17.272727272727273,5,0,0.0,0.0,0,0.0,0.0,0,16.083333333333332,-39,17.0,5.0,16.0,15.908333333333331,35.5,25,25,25,25,25,25,0,0,0,0,0,0,0,18.95,0,0,0.2704499999999999,0.069425,5e-05,3.967,87.1,0.027,1.593074,2.207,29.84,2.918,1013,248.9,240.1
390.9,54.3,6.1,0,16.66,1,43,716.6666666666666,0.7166666666666666,125,2083.333333333333,2.083333333333333,2,16.0,-39,21.03333333333333,4.45,22.425,20.58333333333333,33.0,25,25,25,25,25,25,0,0,0,0,0,0,0,18.883333333333333,1,0,1.4812249999999998,0.8784,0.14965,3.195,92.1,0.01,0.6073628,2.021,24.84,3.332,1013,88.2,85.1
465.25,55.833333333333336,0.0,0,16.333333333333332,5,61,1016.6666666666666,1.0166666666666666,162,2700.0,2.7,2,15.816666666666666,-39,30.73333333333333,2.216666666666667,29.991666666666667,27.716666666666665,46.975,25,25,25,25,25,25,0,0,0,0,0,0,0,18.816666666666663,1,1,4.824949999999999,1.25085,0.0001,2.592,93.6,0.0,0.0,1.375,20.56,2.082,1013,2.031,1.016
553.1818181818181,57.90909090909091,0.0,0,16.472727272727273,2,51,849.9999999999999,0.8499999999999999,227,3783.333333333333,3.783333333333333,2,16.925,-39,25.508333333333333,4.05,32.36666666666667,29.758333333333333,48.94166666666667,25,25,25,25,25,25,0,0,0,0,0,0,0,19.066666666666663,1,1,3.8081,1.3852,0.08145,2.525,94.1,0.0,0.0,2.168,15.75,3.332,1013,2.031,1.016
590.9,57.7,14.5,18,17.11,2,117,1950.0,1.95,305,5083.333333333333,5.083333333333333,2,16.866666666666667,-39,36.7,2.6,41.84166666666667,38.10833333333333,48.525,25,25,25,25,25,25,0,0,0,0,0,0,0,19.266666666666666,1,1,3.464425,1.851425,0.4147,1.646,94.6,0.0,0.0,2.312,357.5,2.918,1013,1.693,1.016
897.8,59.2,30.0,17,18.04,2,101,1683.3333333333333,1.6833333333333331,242,4033.333333333333,4.033333333333333,2,16.941666666666666,-39,34.9125,2.45,39.02916666666667,36.15416666666667,36.65,25,25,25,25,25,25,0,0,0,0,0,0,0,19.23333333333333,1,1,2.890975,1.3839,0.5265,0.907,94.6,0.0,0.0,1.938,355.0,2.918,1013,2.031,1.016
1519.7272727272727,64.63636363636364,3.5454545454545454,11,19.145454545454545,1,111,1850.0,1.85,319,5316.666666666666,5.316666666666666,2,18.55,-39,32.575,2.2,37.54166666666666,33.69166666666667,31.95,25,25,25,25,25,25,0,0,0,0,0,0,0,19.016666666666666,1,0,3.88495,2.224775,0.0,0.298,97.4,0.0,0.0,0.896,12.0,1.25,1013,2.031,1.016
1804.555555555556,63.888888888888886,0.3333333333333333,3,18.53333333333333,5,9,150.0,0.15,21,350.0,0.35,0,17.925,-39,25.183333333333334,1.4166666666666667,21.25,20.891666666666666,49.05833333333333,25,25,25,25,25,25,0,0,0,0,0,0,0,18.98333333333333,1,0,0.628525,0.23435,5e-05,0.196,98.1,0.0,0.0,1.0,26.31,1.25,1013,2.201,1.016
1887.3636363636365,64.63636363636364,0.8181818181818182,1,18.21818181818182,5,0,0.0,0.0,0,0.0,0.0,0,16.775,-39,22.85,1.8166666666666669,18.183333333333334,18.10833333333333,49.0,25,25,25,25,25,25,0,0,0,0,0,0,0,18.866666666666667,0,0,0.26325,0.069175,7.500000000000001e-05,0.366,98.7,0.0,0.0,1.063,29.12,1.667,1013,2.031,1.016
1862.4545454545453,66.0,1.0909090909090908,0,18.09090909090909,5,0,0.0,0.0,0,0.0,0.0,0,16.39830508474576,-39,21.847457627118644,1.1016949152542372,17.152542372881356,17.050847457627118,48.70338983050848,25,25,25,25,25,25,0,0,0,0,0,0,0,18.94915254237288,0,1,0.20535,0.0691249999999999,0.0,0.23,97.9,0.0,0.0,1.458,22.69,2.082,1013,1.863,1.016
1983.875,66.875,1.5,1,18.0875,2,47,783.3333333333333,0.7833333333333332,196,3266.6666666666665,3.266666666666666,2,16.125,-39,25.45,1.5333333333333334,28.65,26.316666666666663,48.5,25,25,25,25,25,25,0,0,0,0,0,0,0,19.0,1,1,1.420525,1.030725,0.1957,-0.244,99.3,0.0,0.0,1.917,15.05,2.5,1012,2.031,1.016
1990.3636363636365,68.54545454545455,0.0,1,18.363636363636363,2,22,366.6666666666666,0.3666666666666666,123,2050.0,2.05,2,16.525,-39,27.891666666666666,1.9833333333333332,31.775,30.216666666666665,48.43333333333333,25,25,25,25,25,25,0,0,0,0,0,0,0,19.0,1,1,0.9866,0.856275,0.0,-0.447,100.0,0.0,0.0,1.708,17.45,2.5,1013,2.031,1.016
1963.0,68.0909090909091,0.0,1,18.44545454545454,2,20,333.33333333333326,0.3333333333333332,146,2433.333333333333,2.433333333333333,2,16.525,-39,28.854166666666668,1.5333333333333334,32.0875,30.329166666666666,48.00416666666667,25,25,25,25,25,25,0,0,0,0,0,0,0,19.016666666666666,1,1,1.10235,0.92165,0.0,0.095,100.0,0.0,0.0,0.563,28.02,0.833,1012,2.031,1.016
2072.9166666666665,69.0,0.0,2,18.48333333333333,2,21,349.99999999999994,0.3499999999999999,136,2266.6666666666665,2.2666666666666666,2,16.5,-39,26.28333333333333,2.55,31.491666666666667,30.03333333333333,48.0,25,25,25,25,25,25,0,0,0,0,0,0,0,19.0,1,1,1.005125,0.8687,0.0,-0.582,100.0,0.0,0.0,0.396,90.8,0.833,1012,2.201,1.016
2280.9,69.0,0.0,2,18.73,2,28,466.6666666666666,0.4666666666666665,157,2616.6666666666665,2.6166666666666667,2,16.5,-39,29.008333333333333,1.0,32.358333333333334,30.325,47.6,25,25,25,25,25,25,0,0,0,0,0,0,0,19.016666666666666,1,1,1.1451,0.963225,0.0,-1.192,100.0,0.0,0.0,0.229,64.6,0.417,1012,2.031,1.016
2331.909090909091,68.72727272727273,2.727272727272727,11,18.818181818181817,2,24,400.0,0.3999999999999999,146,2433.333333333333,2.433333333333333,2,16.5,-39,28.341666666666665,0.7833333333333333,32.358333333333334,30.575,47.5,25,25,25,25,25,25,0,0,0,0,0,0,0,19.03333333333333,1,1,1.0743,0.9231,0.0,-1.459,100.0,0.0,0.0,0.0,0.0,0.0,1012,2.031,1.016
1040.5,61.7,21.0,18,18.51,2,16,266.66666666666663,0.2666666666666666,151,2516.6666666666665,2.5166666666666666,2,16.5,-39,28.566666666666663,0.9666666666666668,32.458333333333336,30.541666666666668,47.1,25,25,25,25,25,25,0,0,0,0,0,0,0,19.016666666666666,1,1,1.46155,0.8827750000000001,0.0,-1.528,100.0,0.0,0.0,0.208,202.0,0.833,1012,2.031,1.016
611.1666666666666,58.333333333333336,2.0,0,17.75,2,18,299.99999999999994,0.2999999999999999,140,2333.333333333333,2.333333333333333,2,16.5,-39,28.866666666666667,1.0166666666666666,32.25833333333333,30.5,46.925,25,25,25,25,25,25,0,0,0,0,0,0,0,19.016666666666666,1,1,0.98485,0.8888499999999999,0.0,-1.327,100.0,0.0,0.0,0.417,243.0,0.833,1012,2.031,1.016
501.5,55.1,16.6,4,17.46,2,15,250.0,0.2499999999999999,109,1816.6666666666663,1.8166666666666664,2,16.55,-39,25.541666666666668,2.2,30.391666666666666,29.258333333333333,46.55,25,25,25,25,25,25,0,0,0,0,0,0,0,19.0,1,1,1.157375,0.8813,2.5e-05,-1.192,100.0,0.007,0.3984029,1.25,239.2,1.667,1012,56.38,53.66
440.3636363636364,53.0,88.0909090909091,0,17.336363636363636,2,23,383.33333333333326,0.3833333333333332,152,2533.333333333333,2.5333333333333328,2,16.5,-39,28.27083333333333,1.45,31.67083333333333,29.816666666666663,46.29166666666666,25,25,25,25,25,25,0,0,0,0,0,0,0,19.016666666666666,1,1,0.982875,0.955675,0.0,-0.312,100.0,0.033,1.991938,1.0,209.6,1.25,1012,203.4,195.9
426.54545454545456,52.36363636363637,260.90909090909093,0,17.536363636363635,5,0,0.0,0.0,33,549.9999999999999,0.5499999999999999,0,16.933333333333334,-39,26.225,1.1166666666666667,27.85,27.25,46.0,25,25,25,25,25,25,0,0,0,0,0,0,0,19.0,1,1,0.3641,0.264025,2.5e-05,0.094,100.0,0.096,5.407441,0.417,202.8,0.833,1011,662.0,639.5
413.6363636363636,51.45454545454545,301.8181818181818,0,17.936363636363634,5,0,0.0,0.0,0,0.0,0.0,0,16.966666666666665,-39,22.225,2.4166666666666665,20.166666666666668,20.058333333333334,45.708333333333336,25,25,25,25,25,25,0,0,0,0,0,0,0,18.966666666666665,0,0,0.10035,0.0689,2.5e-05,1.646,100.0,0.176,11.17334,0.688,225.6,1.25,1011,1189.0,1150.0
504.1818181818182,51.18181818181818,247.27272727272728,20,18.081818181818186,5,0,0.0,0.0,0,0.0,0.0,0,16.608333333333334,-39,20.775,3.0,18.116666666666667,18.05,45.34166666666667,25,25,25,25,25,25,0,0,0,0,0,0,0,18.95,0,0,0.25995,0.068925,2.5e-05,1.915,100.0,0.11,6.498456,1.438,228.4,1.667,1010,806.0,779.0
632.6363636363636,51.54545454545455,62.09090909090909,9,18.027272727272727,5,0,0.0,0.0,0,0.0,0.0,0,16.5,-39,20.308333333333334,3.033333333333333,17.216666666666665,17.15,45.0,25,25,25,25,25,25,0,0,0,0,0,0,0,18.916666666666668,0,0,0.614175,0.069,2.5e-05,2.451,100.0,0.063,4.16525,1.021,217.8,1.667,1010,491.0,473.8
621.1818181818181,51.63636363636363,43.09090909090909,14,17.745454545454546,2,26,433.33333333333326,0.4333333333333332,127,2116.6666666666665,2.1166666666666663,2,16.05,-39,21.641666666666666,3.35,23.091666666666665,21.45833333333333,44.54166666666666,25,25,25,25,25,25,0,0,0,0,0,0,0,18.98333333333333,1,1,1.14895,0.74495,2.5e-05,1.503,100.0,0.046,2.562209,1.271,231.8,1.667,1010,329.0,316.8
544.0909090909091,50.18181818181818,10.0,7,17.527272727272727,2,19,316.66666666666663,0.3166666666666666,132,2200.0,2.2,2,16.383333333333333,-39,27.39583333333333,2.9,30.925,29.304166666666667,44.275,25,25,25,25,25,25,0,0,0,0,0,0,0,19.016666666666666,1,1,1.025475,0.86005,0.0,1.169,100.0,0.007,0.3982709,1.458,231.0,2.082,1010,67.56,64.94
547.4545454545455,51.27272727272727,0.0,0,17.427272727272726,2,10,166.66666666666663,0.1666666666666666,117,1950.0,1.95,2,16.5,-39,27.33333333333333,2.466666666666667,30.641666666666666,29.191666666666663,43.9,25,25,25,25,25,25,0,0,0,0,0,0,0,19.0,1,1,0.946625,0.79215,0.0,0.901,100.0,0.0,0.0,0.0,0.0,0.0,1010,2.031,1.016
528.0,52.09090909090909,0.0,0,17.354545454545455,2,23,383.33333333333326,0.3833333333333332,135,2250.0,2.25,2,16.691666666666666,-39,28.40833333333333,2.333333333333333,31.758333333333333,30.058333333333334,43.50833333333333,25,25,25,25,25,25,0,0,0,0,0,0,0,19.0,1,1,0.935375,0.905125,0.0,0.731,100.0,0.0,0.0,0.938,173.2,1.25,1010,2.031,1.016
518.4444444444445,53.0,0.0,0,17.288888888888888,2,29,483.33333333333326,0.4833333333333332,150,2500.0,2.5,2,17.0,-39,28.166666666666668,2.2,31.875,29.975,43.31666666666667,25,25,25,25,25,25,0,0,0,0,0,0,0,19.016666666666666,1,1,1.438175,1.037425,0.0,0.224,100.0,0.0,0.0,0.646,232.5,1.25,1010,2.031,1.016
506.9090909090909,53.36363636363637,0.0,0,17.38181818181818,2,75,1249.9999999999998,1.2499999999999998,215,3583.333333333333,3.583333333333333,2,17.458333333333332,-39,30.40833333333333,2.816666666666667,37.79166666666666,35.55,43.0,25,25,25,25,25,25,0,0,0,0,0,0,0,19.15,1,1,1.942075,1.653375,0.0,-0.076,100.0,0.0,0.0,0.0,0.0,0.0,1010,1.693,1.016
509.0833333333333,53.91666666666666,0.0,0,17.708333333333332,2,126,2100.0,2.1,271,4516.666666666666,4.516666666666667,2,17.8,-39,35.88333333333333,1.35,41.40833333333333,38.083333333333336,42.86666666666667,25,25,25,25,25,25,0,0,0,0,0,0,0,19.15,1,1,2.848475,1.764075,0.781475,-0.65,100.0,0.0,0.0,0.0,0.0,0.0,1010,1.693,1.016
505.45454545454544,53.0,0.0,0,18.0,2,140,2333.333333333333,2.333333333333333,272,4533.333333333333,4.533333333333333,2,18.05,-39,38.1,1.35,43.96666666666667,40.575,42.5,25,25,25,25,25,25,0,0,0,0,0,0,0,19.08333333333333,1,1,3.077575,1.76295,1.009825,-0.887,100.0,0.0,0.0,0.0,0.0,0.0,1010,2.795,1.016
687.2,52.9,9.6,12,18.35,2,120,2000.0,2.0,257,4283.333333333333,4.283333333333333,2,18.45833333333333,-39,39.020833333333336,1.2083333333333333,44.0375,40.99583333333333,41.80833333333333,25,25,25,25,25,25,0,0,0,0,0,0,0,19.133333333333333,1,1,2.7277750000000003,1.68555,0.717025,-0.447,100.0,0.0,0.0,0.0,0.0,0.0,1010,2.031,1.016
1553.9166666666667,57.0,1.25,6,19.141666666666666,2,122,2033.333333333333,2.033333333333333,249,4150.0,4.15,2,18.5,-39,39.04166666666666,1.2833333333333334,44.16666666666666,41.175,40.93333333333333,25,25,25,25,25,25,0,0,0,0,0,0,0,19.183333333333334,1,1,2.75235,1.718375,0.70085,-0.074,100.0,0.0,0.0,0.0,0.0,0.0,1010,2.031,1.016
1911.909090909091,58.90909090909091,1.6363636363636365,1,19.481818181818184,2,110,1833.3333333333333,1.833333333333333,212,3533.333333333333,3.533333333333333,2,18.55,-39,34.625,2.65,42.125,39.833333333333336,40.5,25,25,25,25,25,25,0,0,0,0,0,0,0,19.133333333333333,1,1,2.4884250000000003,1.49735,0.666875,0.671,100.0,0.0,0.0,0.563,214.2,0.833,1009,2.031,1.016
2207.3636363636365,60.54545454545455,0.8181818181818182,1,19.9,2,133,2216.6666666666665,2.2166666666666663,276,4600.0,4.6,2,18.758333333333333,-39,39.175,1.4,44.24166666666667,40.79166666666666,40.4,25,25,25,25,25,25,0,0,0,0,0,0,0,19.116666666666667,1,1,2.891925,1.75665,0.8315250000000001,-0.041,100.0,0.0,0.0,0.0,0.0,0.0,1009,2.031,1.016
2378.5454545454545,61.54545454545455,1.3636363636363635,1,20.045454545454547,6,144,2400.0,2.4,236,3933.333333333333,3.933333333333333,0,18.58333333333333,-39,39.23333333333333,0.9833333333333332,51.375,48.24166666666667,47.05833333333333,25,25,25,25,25,25,0,0,0,0,0,0,0,19.066666666666663,1,1,3.0201,1.4506750000000002,1.120175,0.501,100.0,0.0,0.0,0.0,0.0,0.0,1009,2.031,1.016
2525.777777777778,61.77777777777778,0.0,1,19.811111111111117,6,120,2000.0,2.0,103,1716.6666666666663,1.7166666666666663,0,17.783333333333335,-39,34.15,1.0,59.266666666666666,57.85,57.075,25,25,25,25,25,25,0,0,0,0,0,0,0,19.15,0,0,2.478375,0.14065,1.9787,0.501,100.0,0.0,0.0,0.0,0.0,0.0,1009,2.031,1.016
2347.333333333333,61.16666666666666,0.0,10,19.566666666666663,6,88,1466.6666666666663,1.4666666666666663,97,1616.6666666666663,1.6166666666666665,0,17.283333333333335,-39,35.80833333333333,1.0,53.75,52.30833333333333,64.60833333333333,25,25,25,25,25,25,0,0,0,0,0,0,0,19.05,0,0,1.8929,0.1205749999999999,1.4289,0.535,100.0,0.0,0.0,0.0,0.0,0.0,1008,2.031,1.016
2450.2727272727275,61.81818181818182,0.0,3,19.318181818181817,5,0,0.0,0.0,0,0.0,0.0,0,17.0,-39,28.03333333333333,1.0,19.675,19.558333333333334,66.01666666666667,25,25,25,25,25,25,0,0,0,0,0,0,0,18.808333333333334,0,0,0.3274249999999999,0.06875,2.5e-05,-0.312,100.0,0.0,0.0,0.0,0.0,0.0,1008,2.031,1.016
2683.181818181818,63.0,0.0,1,19.209090909090907,5,0,0.0,0.0,0,0.0,0.0,0,16.7,-39,25.20833333333333,1.0,18.466666666666665,18.4,65.83333333333333,25,25,25,25,25,25,0,0,0,0,0,0,0,18.616666666666667,0,0,0.309025,0.069025,7.500000000000001e-05,-0.379,100.0,0.0,0.0,0.0,0.0,0.0,1008,2.031,1.016
2506.909090909091,63.0,0.0,3,19.027272727272727,5,0,0.0,0.0,0,0.0,0.0,0,16.5,-39,24.308333333333334,1.0,17.783333333333335,17.725,65.48333333333333,25,25,25,25,25,25,0,0,0,0,0,0,0,18.6,0,0,0.259625,0.06915,7.500000000000001e-05,-0.447,100.0,0.0,0.0,0.0,0.0,0.0,1008,2.031,1.016
1782.0833333333333,61.75,17.916666666666668,13,18.73333333333333,5,0,0.0,0.0,0,0.0,0.0,0,16.35,-39,23.216666666666665,1.0,17.333333333333332,17.208333333333332,62.625,25,25,25,25,25,25,0,0,0,0,0,0,0,18.65,0,0,1.00325,0.0691,5e-05,-0.684,100.0,0.013,0.7968058,0.0,0.0,0.0,1008,85.8,82.5
833.0833333333334,54.41666666666666,409.6666666666667,18,18.98333333333333,2,56,933.3333333333331,0.9333333333333332,142,2366.6666666666665,2.3666666666666667,2,15.691666666666666,-39,19.425,1.75,21.2,19.366666666666667,24.875,25,25,25,25,25,25,0,0,0,0,0,0,0,18.683333333333334,1,1,2.9166,0.75475,0.435775,0.366,100.0,0.129,7.705714,0.0,0.0,0.0,1008,629.0,606.5
752.0909090909091,49.45454545454545,431.8181818181818,17,19.37272727272727,5,79,1316.6666666666663,1.3166666666666669,155,2583.333333333333,2.583333333333333,2,16.516666666666666,-39,27.541666666666668,4.4,34.95,33.083333333333336,11.483333333333333,25,25,25,25,25,25,0,0,0,0,0,0,0,18.0,1,1,1.765675,0.801975,0.71655,1.781,100.0,0.176,10.55586,0.0,0.0,0.0,1008,1084.0,1046.0
779.0,49.90909090909091,453.54545454545456,6,20.163636363636364,1,71,1183.3333333333333,1.1833333333333331,280,4666.666666666666,4.666666666666666,2,17.5,-39,24.35833333333333,4.483333333333333,29.433333333333334,26.116666666666667,19.98333333333333,25,25,25,25,25,25,0,0,0,0,0,0,0,18.816666666666663,1,1,2.4213,1.5105749999999998,0.0,3.602,94.0,0.192,11.54654,0.667,231.1,1.25,1008,1256.0,1227.0
531.6666666666666,48.25,583.5,0,20.391666666666666,1,96,1599.9999999999998,1.5999999999999996,282,4700.0,4.7,2,17.508333333333333,-39,32.30416666666667,3.225,39.641666666666666,36.0875,46.41666666666666,25,25,25,25,25,25,0,0,0,0,0,0,0,18.866666666666667,1,1,2.010225,1.529675,0.387975,4.17,89.4,0.189,11.35072,0.5,223.0,0.833,1008,1256.0,1247.0
461.3333333333333,46.41666666666666,2885.1666666666665,0,20.941666666666663,5,26,433.3333333333333,0.4333333333333333,20,333.3333333333333,0.3333333333333333,2,18.0,-39,25.65,6.183333333333334,28.175,27.916666666666668,48.516666666666666,25,25,25,25,25,25,0,0,0,0,0,0,0,18.933333333333334,1,1,0.919925,0.205325,0.337,5.355,84.8,0.149,8.962057,1.0,12.14,1.667,1009,1052.0,1016.0
566.9090909090909,42.63636363636363,4735.909090909091,3,21.772727272727277,5,0,0.0,0.0,0,0.0,0.0,0,18.0,-39,23.891666666666666,4.95,20.575,20.475,48.5,25,25,25,25,25,25,0,0,0,0,0,0,0,18.75,0,0,0.403,0.06895,5e-05,4.68,88.8,0.027,1.592744,0.813,12.5,1.25,1009,267.2,257.8
660.6,45.7,9.4,1,19.46,5,0,0.0,0.0,0,0.0,0.0,0,17.591666666666665,-39,22.35,3.5,18.341666666666665,18.291666666666668,48.23333333333333,25,25,25,25,25,25,0,0,0,0,0,0,0,18.566666666666663,0,0,0.3818249999999999,0.068225,2.5e-05,4.273,90.8,0.013,0.7965411,0.375,39.53,0.833,1009,88.4,85.1
718.5,49.16666666666666,1.9166666666666667,3,18.266666666666666,5,0,0.0,0.0,0,0.0,0.0,0,17.325,-39,21.666666666666668,2.95,17.533333333333335,17.391666666666666,48.0,25,25,25,25,25,25,0,0,0,0,0,0,0,18.466666666666665,0,0,1.3578,0.069375,2.5e-05,2.79,97.6,0.0,0.0,0.271,39.7,0.833,1009,2.031,1.016
760.0,51.1,0.0,0,17.81,5,0,0.0,0.0,0,0.0,0.0,0,19.041666666666668,-39,21.241666666666667,2.316666666666667,17.241666666666667,17.075,47.96666666666667,25,25,25,25,25,25,0,0,0,0,0,0,0,18.516666666666666,0,0,2.357475,0.0691499999999999,5e-05,0.494,100.0,0.0,0.0,1.042,31.7,1.667,1009,2.031,1.016
807.1818181818181,53.72727272727273,0.8181818181818182,2,17.563636363636363,5,0,0.0,0.0,0,0.0,0.0,0,19.104166666666668,-39,21.025,2.308333333333333,17.4,17.05,47.49166666666667,25,25,25,25,25,25,0,0,0,0,0,0,0,18.566666666666663,0,0,0.916325,0.069425,2.5e-05,0.5,100.0,0.0,0.0,0.792,31.47,1.25,1009,2.031,1.016
730.3333333333334,55.0,0.0,0,17.275000000000002,5,0,0.0,0.0,0,0.0,0.0,0,18.15,-39,20.58333333333333,2.05,17.0,17.0,47.09166666666667,25,25,25,25,25,25,0,0,0,0,0,0,0,18.48333333333333,0,0,0.407175,0.0696,2.5e-05,0.298,100.0,0.0,0.0,1.0,27.44,1.25,1009,2.031,1.016
675.8181818181819,55.0,0.0,0,17.05454545454546,5,0,0.0,0.0,0,0.0,0.0,0,17.475,-39,20.5,1.85,16.641666666666666,16.516666666666666,47.0,25,25,25,25,25,25,0,0,0,0,0,0,0,18.366666666666667,0,0,0.235975,0.069525,5e-05,-0.244,100.0,0.0,0.0,0.854,27.38,1.25,1009,2.031,1.016
639.8,55.0,0.0,0,16.85,5,0,0.0,0.0,0,0.0,0.0,0,16.825,-39,20.1,1.9333333333333331,16.5,16.5,46.6,25,25,25,25,25,25,0,0,0,0,0,0,0,18.4,0,0,0.2148499999999999,0.0695,5e-05,0.467,100.0,0.0,0.0,0.0,0.0,0.0,1009,1.693,1.016
607.1818181818181,54.90909090909091,0.0,0,16.663636363636364,5,0,0.0,0.0,0,0.0,0.0,0,16.5,-39,19.825,1.0333333333333334,16.5,16.491666666666667,46.5,25,25,25,25,25,25,0,0,0,0,0,0,0,18.416666666666668,0,0,0.273825,0.0695,5e-05,0.027,100.0,0.0,0.0,0.0,0.0,0.0,1010,2.031,1.016
571.5,53.8,0.0,0,16.45,2,20,333.33333333333326,0.3333333333333332,112,1866.6666666666663,1.8666666666666665,0,16.2,-39,22.375,1.1333333333333333,21.975,20.258333333333333,46.083333333333336,25,25,25,25,25,25,0,0,0,0,0,0,0,18.53333333333333,1,1,0.7021,0.6042000000000001,2.5e-05,-0.718,100.0,0.0,0.0,0.0,0.0,0.0,1010,2.031,1.016
532.9090909090909,53.36363636363637,0.0,0,16.581818181818182,2,21,349.99999999999994,0.3499999999999999,143,2383.333333333333,2.383333333333333,2,16.666666666666668,-39,28.425,1.7,32.766666666666666,30.98333333333333,46.0,25,25,25,25,25,25,0,0,0,0,0,0,0,18.95,1,1,0.936875,0.8465,0.0,-0.244,100.0,0.0,0.0,0.0,0.0,0.0,1010,2.031,1.016
518.0,52.3,0.0,0,16.7,5,0,0.0,0.0,0,0.0,0.0,0,16.775,-39,23.075,1.0,23.33333333333333,23.216666666666665,45.71666666666667,25,25,25,25,25,25,0,0,0,0,0,0,0,18.78333333333333,0,0,0.2259999999999999,0.069275,5e-05,-0.989,100.0,0.0,0.0,0.0,0.0,0.0,1010,2.201,1.016
520.1818181818181,51.09090909090909,0.0,0,16.445454545454545,5,9,149.99999999999997,0.1499999999999999,40,666.6666666666666,0.6666666666666665,2,16.225,-39,19.691666666666663,1.5,19.933333333333334,19.491666666666667,45.46666666666667,25,25,25,25,25,25,0,0,0,0,0,0,0,18.466666666666665,1,1,0.400225,0.3216,2.5e-05,-0.752,100.0,0.0,0.0,0.0,0.0,0.0,1010,2.031,1.016
516.6363636363636,51.09090909090909,0.0,0,16.38181818181818,2,51,849.9999999999999,0.8499999999999999,191,3183.333333333333,3.183333333333333,2,16.3,-39,27.616666666666667,1.1,31.916666666666668,29.5,45.025,25,25,25,25,25,25,0,0,0,0,0,0,0,18.916666666666668,1,1,1.400725,1.227675,0.1134,-1.158,100.0,0.0,0.0,0.0,0.0,0.0,1010,2.031,1.016
501.75,50.41666666666666,0.0,0,16.616666666666667,5,16,266.66666666666663,0.2666666666666666,80,1333.3333333333333,1.3333333333333333,0,16.85,-39,28.183333333333334,0.5833333333333334,30.55,29.425,44.98333333333333,25,25,25,25,25,25,0,0,0,0,0,0,0,18.9,1,1,0.6807,0.55775,2.5e-05,-1.632,100.0,0.0,0.0,0.0,0.0,0.0,1010,1.693,1.016
509.0,50.0,0.0,0,16.48,5,0,0.0,0.0,0,0.0,0.0,0,16.416666666666668,-39,21.85,1.0,20.45833333333333,20.341666666666665,44.50833333333333,25,25,25,25,25,25,0,0,0,0,0,0,0,18.6,0,0,0.12665,0.069425,5e-05,-1.53,100.0,0.0,0.0,0.0,0.0,0.0,1010,2.031,1.016
595.2,50.8,0.0,0,16.2,5,0,0.0,0.0,0,0.0,0.0,0,15.783333333333331,-39,20.258333333333333,0.95,17.558333333333334,17.425,44.016666666666666,25,25,25,25,25,25,0,0,0,0,0,0,0,18.466666666666665,0,0,0.21205,0.069425,7.500000000000001e-05,-1.665,100.0,0.0,0.0,0.0,0.0,0.0,1010,2.031,1.016
531.25,51.0,4.0,0,15.958333333333334,5,0,0.0,0.0,0,0.0,0.0,0,15.5,-39,19.35,0.8,16.5,16.5,43.75,25,25,25,25,25,25,0,0,0,0,0,0,0,18.366666666666667,0,0,0.22945,0.0696,2.5e-05,-2.004,100.0,0.0,0.0,0.0,0.0,0.0,1010,2.031,1.016
497.375,50.125,35.25,0,15.7875,5,0,0.0,0.0,0,0.0,0.0,0,15.158333333333331,-39,18.75,1.0,15.991666666666667,15.825,43.35,25,25,25,25,25,25,0,0,0,0,0,0,0,18.291666666666668,0,0,1.58545,0.069475,5e-05,-1.661,100.0,0.007,0.3984029,0.0,0.0,0.0,1011,75.7,72.6
573.4,49.5,494.1,0,16.18,2,34,566.6666666666666,0.5666666666666665,177,2950.0,2.95,2,15.158333333333331,-39,21.241666666666667,1.8833333333333333,23.58333333333333,21.516666666666666,42.45,25,25,25,25,25,25,0,0,0,0,0,0,0,18.616666666666667,1,1,2.69475,0.962575,2.5e-05,-0.718,100.0,0.136,8.167259,0.0,0.0,0.0,1011,748.0,722.5
646.0909090909091,48.54545454545455,465.8181818181818,0,17.327272727272728,2,74,1233.3333333333333,1.2333333333333332,263,4383.333333333333,4.383333333333333,2,16.366666666666667,-39,33.71666666666667,3.066666666666667,39.641666666666666,36.35,41.475,25,25,25,25,25,25,0,0,0,0,0,0,0,18.95,1,1,2.57695,1.60685,0.05065,0.771,100.0,0.189,11.35262,0.646,32.12,1.25,1011,1050.0,1014.0
502.54545454545456,45.90909090909091,459.8181818181818,0,18.363636363636363,2,4,66.66666666666666,0.0666666666666666,96,1599.9999999999998,1.6,0,18.166666666666668,-39,32.15,3.1333333333333333,34.53333333333333,33.016666666666666,41.06666666666667,25,25,25,25,25,25,0,0,0,0,0,0,0,18.916666666666668,1,1,2.3282000000000003,0.64865,0.0,1.679,100.0,0.189,11.5565,1.542,36.62,2.5,1011,1256.0,1247.0
413.1111111111111,42.11111111111112,573.6666666666666,0,18.73333333333333,5,0,0.0,0.0,0,0.0,0.0,0,18.316666666666663,-39,21.20833333333333,3.983333333333333,21.7,21.591666666666665,40.65833333333333,25,25,25,25,25,25,0,0,0,0,0,0,0,18.683333333333334,0,0,1.5551,0.0689,2.5e-05,2.383,92.7,0.183,10.95245,1.313,37.88,2.082,1010,1256.0,1247.0
444.2,42.0,3162.7,0,19.03,2,15,250.0,0.2499999999999999,78,1300.0,1.2999999999999998,2,17.508333333333333,-39,19.48333333333333,4.3,20.55,19.55,40.06666666666667,25,25,25,25,25,25,0,0,0,0,0,0,0,18.58333333333333,1,1,1.401475,0.481025,0.0,3.56,85.5,0.143,8.562254,1.063,15.85,1.25,1010,1062.0,1026.0
575.0833333333334,39.75,5037.0,14,20.416666666666668,2,46,766.6666666666665,0.7666666666666665,200,3333.333333333333,3.333333333333333,2,17.283333333333335,-39,31.1625,3.816666666666667,35.6125,33.170833333333334,39.266666666666666,25,25,25,25,25,25,0,0,0,0,0,0,0,19.0,1,1,2.5092,1.221675,0.0,3.39,86.8,0.027,1.593002,0.542,356.2,0.833,1010,275.5,265.2
734.3333333333334,44.5,10.0,13,18.925,2,96,1599.9999999999998,1.5999999999999996,287,4783.333333333333,4.783333333333333,2,17.95,-39,36.43333333333333,2.5166666666666666,41.88333333333333,38.28333333333333,37.0,25,25,25,25,25,25,0,0,0,0,0,0,0,18.966666666666665,1,1,3.4242,1.953625,0.047425,3.195,88.4,0.013,0.7965414,0.125,24.56,0.417,1009,92.6,89.5
749.4,47.6,5.6,5,18.59,2,128,2133.333333333333,2.133333333333333,270,4500.0,4.5,2,18.5,-39,39.725,2.1166666666666667,45.25833333333333,41.86666666666667,36.725,25,25,25,25,25,25,0,0,0,0,0,0,0,19.0,1,1,4.2736,1.7776,0.595475,2.355,94.3,0.0,0.0,0.188,22.34,0.417,1009,2.031,1.016
1215.111111111111,54.44444444444444,30.0,15,19.077777777777776,1,94,1566.6666666666663,1.5666666666666664,277,4616.666666666666,4.616666666666666,2,18.45,-39,28.391666666666666,1.9666666666666663,34.208333333333336,30.666666666666668,26.575,25,25,25,25,25,25,0,0,0,0,0,0,0,18.866666666666667,1,1,4.3037,1.9713,0.0,1.104,100.0,0.0,0.0,0.354,228.9,0.833,1009,1.693,1.016
1933.3333333333333,61.77777777777778,1.3333333333333333,3,19.33333333333333,1,92,1533.333333333333,1.533333333333333,229,3816.6666666666665,3.8166666666666655,2,18.433333333333334,-39,26.78333333333333,1.85,32.8,30.25,34.38333333333333,25,25,25,25,25,25,0,0,0,0,0,0,0,18.866666666666667,1,1,2.3741000000000003,1.832575,0.1368,-0.25,100.0,0.0,0.0,2.082,163.9,2.918,1009,2.031,1.016
1981.6666666666667,61.41666666666666,6.5,14,19.25,2,101,1683.3333333333333,1.6833333333333331,261,4350.0,4.35,2,18.5,-39,33.475,1.5333333333333334,38.18333333333333,35.06666666666667,45.85,25,25,25,25,25,25,0,0,0,0,0,0,0,18.883333333333333,1,1,2.3668750000000003,1.99195,0.06315,-0.719,100.0,0.0,0.0,1.208,177.5,1.667,1009,2.031,1.016
2337.6666666666665,63.888888888888886,0.3333333333333333,3,19.244444444444444,2,41,683.3333333333333,0.6833333333333333,123,2050.0,2.05,2,18.8,-39,29.08333333333333,2.4166666666666665,33.40833333333333,31.98333333333333,48.99166666666667,25,25,25,25,25,25,0,0,0,0,0,0,0,18.566666666666663,1,1,1.602,0.756825,0.315425,-0.109,100.0,0.0,0.0,1.104,177.5,1.667,1009,2.031,1.016
2649.5454545454545,64.27272727272727,0.8181818181818182,1,19.236363636363635,5,3,49.99999999999999,0.0499999999999999,18,300.0,0.2999999999999999,0,18.45,-39,24.1,1.2,22.416666666666668,22.0125,48.61666666666667,25,25,25,25,25,25,0,0,0,0,0,0,0,18.691666666666663,1,1,0.4717,0.1484,5e-05,-0.82,100.0,0.0,0.0,0.729,177.5,1.25,1009,2.031,1.016
2890.5454545454545,67.45454545454545,1.0909090909090908,1,19.154545454545453,2,65,1083.3333333333333,1.083333333333333,222,3700.0,3.6999999999999993,2,18.0,-39,31.10833333333333,1.05,35.891666666666666,33.06666666666667,48.5,25,25,25,25,25,25,0,0,0,0,0,0,0,18.98333333333333,1,1,1.7843,1.6034,0.0,-2.072,100.0,0.0,0.0,1.563,177.4,2.082,1008,2.031,1.016
3037.181818181818,69.0,0.0,3,19.42727272727273,2,49,816.6666666666665,0.8166666666666664,190,3166.6666666666665,3.166666666666666,2,18.275,-39,33.69166666666667,1.2166666666666666,38.34166666666667,36.06666666666667,48.35,25,25,25,25,25,25,0,0,0,0,0,0,0,18.966666666666665,1,1,1.5056,1.287525,0.0,-2.344,100.0,0.0,0.0,1.583,177.4,2.5,1008,2.031,1.016
3117.8,69.0,0.0,2,19.46,2,41,683.3333333333333,0.6833333333333331,171,2849.9999999999995,2.85,2,18.4,-39,32.94166666666667,1.35,36.8,34.71666666666667,48.0,25,25,25,25,25,25,0,0,0,0,0,0,0,18.98333333333333,1,1,1.4536,1.2111,0.0,-1.531,100.0,0.0,0.0,3.312,177.5,4.168,1008,2.031,1.016
3160.454545454545,69.0,0.0,1,19.481818181818184,2,43,716.6666666666665,0.7166666666666666,174,2899.9999999999995,2.8999999999999995,2,18.45,-39,32.525,2.033333333333333,36.46666666666667,34.375,47.975,25,25,25,25,25,25,0,0,0,0,0,0,0,18.933333333333334,1,1,1.38175,1.22315,0.0,-0.921,100.0,0.0,0.0,1.271,177.5,2.082,1007,2.031,1.016
3247.4166666666665,68.41666666666667,0.0,1,19.55,2,25,416.6666666666666,0.4166666666666666,146,2433.333333333333,2.433333333333333,2,18.5,-39,29.95,2.95,35.7,34.175,47.56666666666667,25,25,25,25,25,25,0,0,0,0,0,0,0,18.98333333333333,1,1,1.235925,1.048425,0.0,-0.718,100.0,0.0,0.0,2.168,177.5,2.918,1007,2.031,1.016
3253.2727272727275,68.0,0.0,1,19.481818181818184,2,27,450.0,0.4499999999999999,169,2816.6666666666665,2.8166666666666664,2,18.5,-39,32.25833333333333,1.9166666666666667,36.0,33.80833333333333,47.5,25,25,25,25,25,25,0,0,0,0,0,0,0,18.95,1,1,1.339725,1.1467,0.0,-0.989,100.0,0.0,0.0,2.957,177.5,4.168,1006,2.031,1.016
3275.818181818182,68.0,0.0,1,19.472727272727276,2,48,799.9999999999999,0.7999999999999998,176,2933.333333333333,2.9333333333333327,2,18.5,-39,31.941666666666663,1.625,36.2875,34.17916666666667,47.3,25,25,25,25,25,25,0,0,0,0,0,0,0,18.95,1,1,1.360225,1.21945,0.0,-1.09,100.0,0.0,0.0,1.604,177.5,2.5,1006,2.201,1.016
3351.3,68.1,0.0,2,19.42,2,31,516.6666666666666,0.5166666666666666,176,2933.333333333333,2.933333333333333,2,18.5,-39,33.675,1.0,37.53333333333333,35.30833333333333,47.0,25,25,25,25,25,25,0,0,0,0,0,0,0,18.966666666666665,1,1,1.33975,1.14975,0.0,-1.463,100.0,0.0,0.0,2.729,177.4,3.75,1005,1.693,1.016
2322.454545454545,65.27272727272727,19.09090909090909,13,19.327272727272728,2,69,1149.9999999999998,1.1499999999999997,222,3700.0,3.7,2,18.45,-39,35.05,1.2333333333333334,39.90833333333333,37.13333333333333,46.61666666666667,25,25,25,25,25,25,0,0,0,0,0,0,0,19.0,1,1,2.202675,1.6687,0.0,-1.734,100.0,0.0,0.0,0.0,0.0,0.0,1005,2.031,1.016
1005.5454545454544,59.45454545454545,1.6363636363636365,0,18.845454545454547,2,94,1566.6666666666663,1.5666666666666664,211,3516.6666666666665,3.5166666666666666,2,18.5,-39,34.96666666666667,2.55,42.35833333333333,40.05833333333333,45.766666666666666,25,25,25,25,25,25,0,0,0,0,0,0,0,18.95,1,1,1.96475,1.6699499999999998,0.197075,-1.531,100.0,0.0,0.0,2.646,177.4,4.168,1005,1.693,1.016
686.7272727272727,56.27272727272727,15.0,0,18.71818181818182,2,117,1950.0,1.95,251,4183.333333333333,4.183333333333333,2,18.725,-39,38.59166666666667,1.3,43.80833333333333,40.61666666666667,45.5,25,25,25,25,25,25,0,0,0,0,0,0,0,18.98333333333333,1,1,2.52995,1.6906,0.670525,-1.937,100.0,0.013,0.6075643,2.812,177.2,5.0,1005,75.4,72.6
609.0909090909091,54.18181818181818,81.45454545454545,1,18.8,2,139,2316.6666666666665,2.3166666666666664,256,4266.666666666666,4.266666666666667,2,18.925,-39,39.05833333333333,0.4833333333333333,44.91666666666666,41.65833333333333,45.24166666666667,25,25,25,25,25,25,0,0,0,0,0,0,0,18.933333333333334,1,1,3.2614,1.7899500000000002,0.77285,-2.648,100.0,0.11,5.992643,0.333,177.2,0.833,1005,579.0,559.5
637.8,52.7,155.6,1,19.0,5,12,200.0,0.1999999999999999,41,683.3333333333333,0.6833333333333332,0,19.0,-39,30.35,0.0166666666666666,34.295833333333334,33.625,44.31666666666667,25,25,25,25,25,25,0,0,0,0,0,0,0,18.9,1,1,2.5914,0.333375,0.0273,-3.121,100.0,0.09,5.258918,1.521,177.2,2.5,1005,604.5,583.0
620.0,52.083333333333336,360.3333333333333,0,19.416666666666668,5,0,0.0,0.0,0,0.0,0.0,0,18.691666666666663,-39,22.816666666666663,1.0,22.291666666666668,22.2,38.69166666666667,25,25,25,25,25,25,0,0,0,0,0,0,0,18.816666666666663,0,0,0.48765,0.0691499999999999,2.5e-05,-2.14,100.0,0.222,12.28409,2.271,177.1,3.332,1005,1256.0,1247.0
557.9090909090909,51.54545454545455,554.7272727272727,0,20.28181818181818,5,0,0.0,0.0,0,0.0,0.0,0,19.0,-39,20.40833333333333,1.0,19.35833333333333,19.216666666666665,36.958333333333336,25,25,25,25,25,25,0,0,0,0,0,0,0,18.58333333333333,0,0,0.3997,0.0691249999999999,2.5e-05,-1.327,100.0,0.202,12.1497,0.792,158.2,1.667,1004,1256.0,1247.0
485.1,49.7,2343.1,0,20.89,5,0,0.0,0.0,0,0.0,0.0,0,18.75,-39,19.625,1.0,18.5,18.45,36.525,25,25,25,25,25,25,0,0,0,0,0,0,0,18.516666666666666,0,0,0.430975,0.069225,2.5e-05,-0.657,100.0,0.159,9.58851,2.793,169.2,3.75,1004,1084.0,1047.0
624.1818181818181,45.0,2511.181818181818,17,21.3,1,29,483.33333333333326,0.4833333333333333,74,1233.3333333333333,1.2333333333333332,2,18.275,-39,19.375,1.2666666666666666,20.383333333333333,19.375,31.975,25,25,25,25,25,25,0,0,0,0,0,0,0,18.48333333333333,1,0,0.9049,0.5501,0.16305,-0.149,99.7,0.027,1.735797,1.771,152.0,2.918,1004,292.8,281.8
533.0833333333334,47.91666666666666,1.5,0,19.03333333333333,1,86,1433.3333333333333,1.4333333333333331,217,3616.6666666666665,3.6166666666666663,0,17.325,-39,34.35,0.0,33.69166666666667,31.03333333333333,44.458333333333336,25,25,25,25,25,25,0,0,0,0,0,0,0,18.7,1,0,2.125875,1.601025,2.5e-05,-1.395,99.8,0.007,0.3983616,0.083,179.8,0.833,1004,69.94,67.1
498.77777777777777,50.66666666666666,0.0,0,18.133333333333333,5,0,0.0,0.0,0,0.0,0.0,0,17.5,-39,22.10833333333333,0.2333333333333333,16.966666666666665,16.841666666666665,48.775,25,25,25,25,25,25,0,0,0,0,0,0,0,18.416666666666668,0,0,0.345775,0.069425,2.5e-05,-2.75,100.0,0.0,0.0,2.168,163.4,2.918,1005,2.031,1.016
516.2,51.9,0.0,0,17.740000000000002,5,0,0.0,0.0,0,0.0,0.0,0,17.466666666666665,-39,21.141666666666666,-0.0166666666666666,16.5,16.5,48.5,25,25,25,25,25,25,0,0,0,0,0,0,0,18.316666666666663,0,0,0.666525,0.06935,0.0,-2.986,100.0,0.0,0.0,0.396,163.4,0.833,1005,2.031,1.016
558.3636363636364,52.90909090909091,0.0,0,17.363636363636363,5,0,0.0,0.0,0,0.0,0.0,0,16.875,-39,20.516666666666666,-0.816666666666666,16.5,16.5,48.28333333333333,25,25,25,25,25,25,0,0,0,0,0,0,0,18.3,0,0,0.485525,0.069575,7.500000000000001e-05,-3.188,100.0,0.0,0.0,0.458,163.5,1.25,1005,2.031,1.016
550.2727272727273,53.0,0.0,0,17.11818181818182,5,0,0.0,0.0,0,0.0,0.0,0,16.5,-39,20.5,-1.0,16.475,16.35,48.0,25,25,25,25,25,25,0,0,0,0,0,0,0,18.25,0,0,0.4656,0.069675,5e-05,-3.762,100.0,0.0,0.0,2.146,163.5,2.918,1006,2.031,1.016
529.25,53.083333333333336,0.0,0,16.883333333333333,5,0,0.0,0.0,0,0.0,0.0,0,17.1,-39,20.175,-1.11666666666666,16.225,16.0,47.75833333333333,25,25,25,25,25,25,0,0,0,0,0,0,0,18.3,0,0,0.78495,0.0696249999999999,7.500000000000001e-05,-4.266,100.0,0.0,0.0,1.563,163.4,2.082,1006,2.031,1.016
527.9166666666666,54.0,0.0,0,16.650000000000002,5,0,0.0,0.0,0,0.0,0.0,0,16.9,-39,20.0,-1.03333333333333,16.0,16.0,47.5,25,25,25,25,25,25,0,0,0,0,0,0,0,18.383333333333333,0,0,0.41165,0.069725,5e-05,-4.504,100.0,0.0,0.0,1.813,163.4,2.918,1006,2.031,1.016
539.0,54.0,0.0,0,16.45,5,0,0.0,0.0,0,0.0,0.0,0,16.45,-39,19.65,-1.0,16.0,15.991666666666667,47.16666666666666,25,25,25,25,25,25,0,0,0,0,0,0,0,18.23333333333333,0,0,0.267175,0.06945,2.5e-05,-3.725,100.0,0.0,0.0,2.604,163.4,3.75,1006,2.031,1.016
523.3636363636364,54.0,0.0,0,16.272727272727273,5,0,0.0,0.0,0,0.0,0.0,0,16.0,-39,19.5,-0.633333333333333,15.825,15.575,47.0,25,25,25,25,25,25,0,0,0,0,0,0,0,18.23333333333333,0,0,0.265325,0.0694,2.5e-05,-3.217,100.0,0.0,0.0,2.25,163.4,3.75,1006,1.693,1.016
514.5454545454545,54.0,0.0,0,16.09090909090909,5,0,0.0,0.0,0,0.0,0.0,0,16.0,-39,19.308333333333334,0.0,15.5,15.5,46.57083333333333,25,25,25,25,25,25,0,0,0,0,0,0,0,18.241666666666667,0,0,0.2114,0.06935,5e-05,-2.406,100.0,0.0,0.0,2.793,163.5,3.75,1006,2.031,1.016
512.2727272727273,54.18181818181818,0.0,0,15.963636363636365,5,0,0.0,0.0,0,0.0,0.0,0,15.541666666666666,-39,19.0,0.0,15.5,15.5,46.49166666666667,25,25,25,25,25,25,0,0,0,0,0,0,0,18.33333333333333,0,0,0.268675,0.069325,5e-05,-2.41,100.0,0.0,0.0,2.562,163.4,3.332,1006,2.031,1.016
501.09090909090907,54.0,0.0,0,15.8,5,10,166.66666666666663,0.1666666666666666,13,216.66666666666663,0.2166666666666666,2,15.5,-39,16.625,0.3666666666666666,15.725,15.441666666666666,46.05833333333333,25,25,25,25,25,25,0,0,0,0,0,0,0,18.1,1,0,0.520875,0.1968499999999999,0.157875,-2.072,100.0,0.0,0.0,2.582,163.4,3.75,1006,2.031,1.016
499.6666666666667,54.083333333333336,0.0,0,15.699999999999998,5,3,49.99999999999999,0.0499999999999999,23,383.33333333333326,0.3833333333333332,0,15.5,-39,17.616666666666667,0.0666666666666666,18.558333333333334,18.1,45.95,25,25,25,25,25,25,0,0,0,0,0,0,0,18.216666666666665,1,0,0.358325,0.1787,0.039975,-2.14,100.0,0.0,0.0,2.582,163.4,3.75,1006,2.031,1.016
486.54545454545456,54.45454545454545,0.0,0,15.6,5,0,0.0,0.0,0,0.0,0.0,0,15.4,-39,19.33333333333333,0.0,16.241666666666667,16.166666666666668,45.50833333333333,25,25,25,25,25,25,0,0,0,0,0,0,0,18.216666666666665,0,1,0.281575,0.069425,5e-05,-2.275,100.0,0.0,0.0,2.938,163.4,3.75,1006,2.031,1.016
483.45454545454544,53.54545454545455,0.0,0,15.590909090909092,2,50,833.3333333333333,0.8333333333333331,198,3300.0,3.3,2,15.325,-39,24.508333333333333,0.3333333333333333,28.391666666666666,25.85,45.41666666666666,25,25,25,25,25,25,0,0,0,0,0,0,0,18.566666666666663,1,1,1.6245,1.22925,2.5e-05,-2.547,100.0,0.0,0.0,2.271,163.4,3.332,1006,2.201,1.016
509.3636363636364,52.27272727272727,0.0,0,15.927272727272726,5,4,66.66666666666666,0.0666666666666666,32,533.3333333333333,0.5333333333333332,0,16.0,-39,23.975,-0.133333333333333,25.775,25.341666666666665,45.016666666666666,25,25,25,25,25,25,0,0,0,0,0,0,0,18.65,1,1,0.31655,0.19475,2.5e-05,-2.344,100.0,0.0,0.0,2.604,163.4,3.75,1006,2.031,1.016
490.45454545454544,52.0,0.5454545454545454,0,15.745454545454544,5,0,0.0,0.0,0,0.0,0.0,0,15.566666666666666,-39,20.491666666666667,0.0,18.041666666666668,17.95,44.85,25,25,25,25,25,25,0,0,0,0,0,0,0,18.35,0,0,0.2678999999999999,0.0692,5e-05,-2.207,100.0,0.0,0.0,1.708,163.4,2.5,1007,2.031,1.016
459.1818181818182,52.45454545454545,22.545454545454547,0,15.490909090909092,2,14,233.3333333333333,0.2333333333333332,58,966.6666666666666,0.9666666666666666,2,15.166666666666666,-39,18.23333333333333,0.3833333333333333,18.633333333333333,17.933333333333334,44.5,25,25,25,25,25,25,0,0,0,0,0,0,0,18.28333333333333,1,1,0.60825,0.4268,2.5e-05,-2.207,100.0,0.007,0.3984029,1.521,163.4,2.082,1007,38.1,36.4
469.45454545454544,52.0,37.18181818181818,0,15.772727272727272,2,63,1050.0,1.0499999999999998,202,3366.6666666666665,3.3666666666666663,2,15.3,-39,28.10833333333333,0.6,32.325,29.75,43.81666666666667,25,25,25,25,25,25,0,0,0,0,0,0,0,18.7,1,1,1.9435,1.24705,0.27855,-2.006,100.0,0.06,3.419624,1.875,163.4,2.918,1007,369.2,355.0
493.7,51.9,42.9,0,16.2,5,17,283.3333333333333,0.2833333333333332,84,1400.0,1.4,0,15.85,-39,27.816666666666663,0.45,30.716666666666665,29.491666666666667,42.60833333333333,25,25,25,25,25,25,0,0,0,0,0,0,0,18.866666666666667,1,1,0.68935,0.57035,2.5e-05,-1.057,100.0,0.056,3.38641,2.418,163.4,3.332,1007,365.5,351.0
485.6363636363636,51.0,57.0,0,16.145454545454545,5,0,0.0,0.0,0,0.0,0.0,0,15.425,-39,20.991666666666667,1.0,19.65,19.53333333333333,42.30833333333333,25,25,25,25,25,25,0,0,0,0,0,0,0,18.416666666666668,0,0,0.26625,0.0692,2.5e-05,-0.582,99.0,0.066,3.983756,1.917,163.4,2.5,1007,416.5,400.8
456.1666666666667,51.0,79.08333333333333,0,16.008333333333333,2,52,866.6666666666665,0.8666666666666665,197,3283.333333333333,3.283333333333333,2,14.35,-39,24.391666666666666,1.35,27.85833333333333,25.266666666666666,41.99166666666667,25,25,25,25,25,25,0,0,0,0,0,0,0,18.683333333333334,1,1,1.49655,1.1176,0.250125,0.366,98.0,0.116,6.97089,2.418,52.25,3.75,1007,765.5,738.5
432.2,51.0,103.2,0,16.419999999999998,2,27,450.0,0.4499999999999999,158,2633.333333333333,2.6333333333333333,2,15.566666666666666,-39,28.7375,1.8166666666666669,33.07083333333333,31.133333333333333,41.55833333333333,25,25,25,25,25,25,0,0,0,0,0,0,0,18.916666666666668,1,1,1.115,1.047775,0.0,0.528,96.4,0.09,5.377425,3.479,43.22,4.582,1006,565.0,546.0
415.3636363636364,50.0,277.1818181818182,0,16.7,5,0,0.0,0.0,0,0.0,0.0,0,15.741666666666667,-39,22.183333333333334,1.0,23.45,23.291666666666668,41.48333333333333,25,25,25,25,25,25,0,0,0,0,0,0,0,18.7,0,0,0.115175,0.069375,2.5e-05,0.359,95.8,0.043,2.599132,3.062,45.66,3.75,1006,317.0,305.0
406.0,50.54545454545455,3.727272727272727,0,16.10909090909091,5,11,183.3333333333333,0.1833333333333333,33,550.0,0.5499999999999999,2,16.341666666666665,-39,17.716666666666665,1.4333333333333331,18.78333333333333,18.416666666666668,41.05,25,25,25,25,25,25,0,0,0,0,0,0,0,18.5,1,1,1.39085,0.270825,0.1040249999999999,0.026,96.1,0.007,0.3983329,3.0,48.5,5.0,1006,64.5,61.62
410.6,51.2,0.0,0,15.7,5,0,0.0,0.0,0,0.0,0.0,0,16.708333333333332,-39,18.425,1.0,17.475,17.383333333333333,40.71666666666667,25,25,25,25,25,25,0,0,0,0,0,0,0,18.433333333333334,0,0,0.499475,0.069525,2.5e-05,-0.684,97.4,0.0,0.0,2.646,40.7,3.75,1006,2.031,1.016
442.7272727272728,52.0,0.0,0,15.5,2,26,433.33333333333326,0.4333333333333332,133,2216.6666666666665,2.216666666666667,0,17.325,-39,23.10833333333333,0.2666666666666666,25.466666666666665,23.6,40.09166666666667,25,25,25,25,25,25,0,0,0,0,0,0,0,18.516666666666666,1,1,2.536125,0.7567250000000001,0.0,-1.26,99.3,0.0,0.0,2.125,44.16,2.918,1006,2.031,1.016
487.5833333333333,52.0,0.0,0,15.7,2,44,733.3333333333333,0.7333333333333332,151,2516.6666666666665,2.5166666666666666,2,16.841666666666665,-39,23.366666666666667,0.9666666666666668,27.633333333333333,25.825,36.98333333333333,25,25,25,25,25,25,0,0,0,0,0,0,0,18.75,1,1,1.458975,0.942425,0.1311,-1.666,99.6,0.0,0.0,1.542,69.1,2.082,1006,1.693,1.016
511.54545454545456,51.54545454545455,0.0,0,15.881818181818184,1,106,1766.6666666666663,1.7666666666666666,301,5016.666666666666,5.016666666666667,2,16.65,-39,34.891666666666666,0.8333333333333334,39.31666666666667,35.75,41.7,25,25,25,25,25,25,0,0,0,0,0,0,0,18.841666666666665,1,1,2.602925,2.220325,0.0,-1.598,100.0,0.0,0.0,2.688,69.1,3.332,1006,2.201,1.016
512.2727272727273,51.54545454545455,0.0,0,15.872727272727271,2,58,966.6666666666664,0.9666666666666665,202,3366.6666666666665,3.3666666666666663,2,16.95,-39,28.116666666666667,0.8333333333333334,33.958333333333336,31.7,49.2,25,25,25,25,25,25,0,0,0,0,0,0,0,18.9,1,1,1.6578,1.38525,0.0,-1.463,100.0,0.0,0.0,3.207,69.1,5.832,1006,2.031,1.016
539.6,51.2,0.0,0,16.22,2,40,666.6666666666665,0.6666666666666665,160,2666.6666666666665,2.6666666666666665,2,17.275,-39,29.641666666666666,1.9333333333333331,33.63333333333333,31.766666666666666,49.0,25,25,25,25,25,25,0,0,0,0,0,0,0,18.95,1,1,1.52475,1.14625,0.0,-2.006,99.4,0.0,0.0,2.418,69.1,3.332,1006,1.693,1.016
551.1666666666666,51.0,0.0,0,16.458333333333332,2,41,683.3333333333333,0.6833333333333331,184,3066.6666666666665,3.066666666666666,2,17.283333333333335,-39,30.091666666666665,0.4833333333333333,34.333333333333336,32.108333333333334,48.93333333333333,25,25,25,25,25,25,0,0,0,0,0,0,0,18.9,1,1,1.38545,1.250025,2.5e-05,-2.342,99.6,0.0,0.0,2.668,69.1,3.332,1007,2.031,1.016
540.6363636363636,51.0,0.0,0,16.527272727272727,2,45,749.9999999999999,0.7499999999999998,173,2883.333333333333,2.883333333333333,2,17.372881355932204,-39,30.07627118644068,0.2542372881355932,34.29661016949152,32.101694915254235,48.5,25,25,25,25,25,25,0,0,0,0,0,0,0,18.93220338983051,1,1,1.4416,1.2726,0.0,-2.27,98.3,0.0,0.0,3.771,69.2,5.0,1007,2.031,1.016
523.0909090909091,50.27272727272727,0.0,0,16.563636363636366,2,37,616.6666666666666,0.6166666666666665,163,2716.6666666666665,2.7166666666666663,2,17.5,-39,30.7,0.5666666666666667,34.46666666666667,32.375,48.5,25,25,25,25,25,25,0,0,0,0,0,0,0,18.95,1,1,1.3751,1.14325,0.0,-1.728,95.5,0.0,0.0,3.375,69.2,4.582,1007,2.201,1.016
514.7272727272727,50.0,0.0,0,16.62727272727273,2,22,366.6666666666666,0.3666666666666666,151,2516.6666666666665,2.516666666666666,2,17.5,-39,30.566666666666663,0.3666666666666666,34.233333333333334,32.31666666666667,48.125,25,25,25,25,25,25,0,0,0,0,0,0,0,18.916666666666668,1,1,1.2487,1.097875,0.0,-1.733,95.8,0.0,0.0,3.521,69.1,5.0,1007,2.031,1.016
501.7272727272728,50.0,0.0,0,16.672727272727272,2,27,450.0,0.4499999999999999,136,2266.6666666666665,2.266666666666666,2,17.5,-39,27.4375,1.25,32.475,31.025,48.0,25,25,25,25,25,25,0,0,0,0,0,0,0,18.9,1,1,1.2483,1.0546,0.0,-1.868,96.2,0.0,0.0,2.668,69.1,4.582,1007,2.031,1.016
492.9,49.3,0.0,0,16.69,2,35,583.3333333333333,0.5833333333333333,167,2783.333333333333,2.7833333333333328,2,17.525,-39,30.041666666666668,0.2833333333333333,33.358333333333334,31.275,47.825,25,25,25,25,25,25,0,0,0,0,0,0,0,18.916666666666668,1,1,1.33875,1.2028,0.0,-2.002,96.5,0.0,0.0,3.582,69.2,5.0,1008,1.693,1.016
490.5833333333333,49.0,0.0,0,16.675,2,40,666.6666666666665,0.6666666666666665,165,2749.9999999999995,2.75,2,17.5,-39,29.041666666666668,0.35,33.03333333333333,31.008333333333333,47.5,25,25,25,25,25,25,0,0,0,0,0,0,0,18.883333333333333,1,1,1.36435,1.180725,0.0,-1.932,95.7,0.0,0.0,3.979,69.2,5.418,1008,2.031,1.016
491.1666666666667,49.0,0.0,0,16.658333333333335,2,34,566.6666666666666,0.5666666666666665,159,2649.9999999999995,2.6499999999999995,2,17.525,-39,29.6,0.4166666666666667,33.016666666666666,30.98333333333333,47.391666666666666,25,25,25,25,25,25,0,0,0,0,0,0,0,18.816666666666663,1,1,1.422575,1.130375,0.0,-1.865,94.4,0.0,0.0,3.707,69.2,5.418,1008,2.031,1.016
502.5833333333333,49.0,0.0,0,16.650000000000002,2,28,466.6666666666666,0.4666666666666665,140,2333.333333333333,2.333333333333333,2,17.525,-39,28.491666666666667,-0.0666666666666666,32.35,30.53333333333333,47.025,25,25,25,25,25,25,0,0,0,0,0,0,0,18.883333333333333,1,1,1.10105,1.00225,0.0,-2.541,95.2,0.0,0.0,3.332,69.1,4.582,1008,2.031,1.016
484.8,49.0,1.9,0,16.59,2,17,283.3333333333333,0.2833333333333332,126,2099.9999999999995,2.1,2,17.5,-39,26.575,-0.0833333333333333,31.23333333333333,29.841666666666665,46.975,25,25,25,25,25,25,0,0,0,0,0,0,0,18.83333333333333,1,1,1.097625,0.944425,0.0,-2.268,92.0,0.0,0.0,3.75,69.1,5.418,1009,2.031,1.016
501.3636363636364,48.72727272727273,28.454545454545453,1,16.59090909090909,2,38,633.3333333333333,0.6333333333333332,159,2649.9999999999995,2.6499999999999995,2,17.183333333333334,-39,27.633333333333333,0.6666666666666666,31.23333333333333,29.183333333333334,46.575,25,25,25,25,25,25,0,0,0,0,0,0,0,18.883333333333333,1,1,2.641625,1.0779,0.0,-2.402,89.9,0.007,0.3984029,2.562,69.1,5.0,1010,74.4,70.94
516.5,47.91666666666666,360.75,0,17.125,2,34,566.6666666666666,0.5666666666666665,176,2933.333333333333,2.9333333333333327,2,17.0,-39,29.875,0.1,33.40833333333333,31.183333333333334,46.46666666666667,25,25,25,25,25,25,0,0,0,0,0,0,0,18.83333333333333,1,1,1.3607,1.1427,0.0,-2.34,89.4,0.103,6.175245,3.396,69.2,4.168,1010,677.0,653.0
465.22222222222223,46.333333333333336,402.22222222222223,0,18.6,2,22,366.6666666666666,0.3666666666666666,125,2083.333333333333,2.083333333333333,2,17.15,-39,28.9,0.8333333333333334,31.991666666666667,30.341666666666665,46.05,25,25,25,25,25,25,0,0,0,0,0,0,0,18.83333333333333,1,1,0.9955,0.8904,0.0,-1.124,86.9,0.169,10.15927,2.957,41.1,4.582,1011,1255.0,1247.0
435.09090909090907,45.09090909090909,401.54545454545456,0,19.55454545454545,5,0,0.0,0.0,15,250.0,0.2499999999999999,0,17.975,-39,24.933333333333334,1.2,25.85833333333333,25.525,45.975,25,25,25,25,25,25,0,0,0,0,0,0,0,18.75,1,1,0.2269,0.154275,5e-05,-0.21,87.1,0.193,11.57166,2.688,39.75,4.168,1011,1256.0,1247.0
443.7272727272728,45.0,525.5454545454545,0,19.963636363636365,5,0,0.0,0.0,0,0.0,0.0,0,17.525,-39,21.825,1.0833333333333333,19.20833333333333,19.116666666666667,45.55833333333333,25,25,25,25,25,25,0,0,0,0,0,0,0,18.416666666666668,0,0,0.1153,0.0693,5e-05,0.833,83.2,0.196,11.76621,3.271,46.44,4.582,1011,1256.0,1247.0
430.0,44.083333333333336,1938.1666666666667,0,20.2,2,20,333.33333333333326,0.3333333333333332,112,1866.6666666666663,1.8666666666666667,2,17.108333333333334,-39,20.95833333333333,1.95,21.641666666666666,20.25,45.43333333333333,25,25,25,25,25,25,0,0,0,0,0,0,0,18.4,1,1,0.7794,0.6603,2.5e-05,1.435,81.8,0.159,9.651431,2.229,36.9,3.75,1012,1062.0,1026.0
420.0,40.63636363636363,4957.727272727273,0,21.527272727272727,2,20,333.33333333333326,0.3333333333333332,168,2800.0,2.8,2,17.0,-39,29.141666666666666,1.9333333333333331,32.65833333333333,30.558333333333334,45.016666666666666,25,25,25,25,25,25,0,0,0,0,0,0,0,18.9,1,1,0.951675,0.910525,0.0,1.571,82.8,0.027,1.593084,2.0,37.25,3.332,1012,272.8,262.2
416.6666666666667,43.75,10.25,0,19.4,2,19,316.66666666666663,0.3166666666666666,172,2866.6666666666665,2.8666666666666663,2,17.0,-39,28.966666666666665,1.3833333333333333,32.75833333333333,30.70833333333333,44.99166666666667,25,25,25,25,25,25,0,0,0,0,0,0,0,18.875,1,1,1.13745,0.891975,0.0,0.697,87.7,0.013,0.7965418,2.062,38.0,2.918,1012,94.3,90.7
448.9,45.7,0.0,0,18.37,2,20,333.33333333333326,0.3333333333333332,151,2516.6666666666665,2.516666666666666,2,17.075,-39,27.05,2.5,31.23333333333333,29.525,44.10833333333333,25,25,25,25,25,25,0,0,0,0,0,0,0,18.85,1,1,1.13365,0.925875,0.0,0.195,90.3,0.0,0.0,1.063,46.5,1.667,1013,2.031,1.016
468.8181818181818,46.63636363636363,0.0,0,17.990909090909092,2,19,316.66666666666663,0.3166666666666666,132,2200.0,2.2,2,17.475,-39,28.40833333333333,1.1333333333333333,31.08333333333333,29.475,43.516666666666666,25,25,25,25,25,25,0,0,0,0,0,0,0,18.8,1,1,0.9886,0.8866,0.0,-0.82,94.7,0.0,0.0,1.167,23.16,1.667,1013,2.031,1.016
481.5,47.0,0.0,0,17.7,2,19,316.66666666666663,0.3166666666666666,139,2316.6666666666665,2.3166666666666664,2,17.325,-39,27.266666666666666,0.9833333333333332,30.541666666666668,28.766666666666666,43.36666666666667,25,25,25,25,25,25,0,0,0,0,0,0,0,18.8,1,1,1.02435,0.894675,0.0,-1.26,96.1,0.0,0.0,0.729,41.47,1.25,1013,2.031,1.016
503.8,47.8,0.0,0,17.509999999999998,2,12,200.0,0.1999999999999999,108,1799.9999999999998,1.7999999999999998,2,17.45,-39,26.525,0.9666666666666668,29.966666666666665,28.633333333333333,43.0,25,25,25,25,25,25,0,0,0,0,0,0,0,18.83333333333333,1,1,0.90675,0.75955,0.0,-1.26,95.8,0.0,0.0,0.688,22.92,0.833,1013,2.031,1.016
528.4545454545455,48.0,0.0,0,17.3,2,26,433.33333333333326,0.4333333333333332,130,2166.6666666666665,2.1666666666666665,2,17.358333333333334,-39,26.575,0.65,29.891666666666666,28.23333333333333,42.65833333333333,25,25,25,25,25,25,0,0,0,0,0,0,0,18.75,1,1,1.204625,0.8833249999999999,0.0,-1.835,97.4,0.0,0.0,0.396,18.56,0.833,1014,2.201,1.016
538.5454545454545,47.90909090909091,0.0,0,17.154545454545453,2,15,250.0,0.2499999999999999,98,1633.3333333333333,1.633333333333333,2,17.366666666666667,-39,25.825,0.6166666666666667,29.316666666666663,28.016666666666666,42.49166666666667,25,25,25,25,25,25,0,0,0,0,0,0,0,18.73333333333333,1,1,0.9741,0.724775,2.5e-05,-2.174,96.9,0.0,0.0,1.542,12.4,2.082,1014,2.201,1.016
542.6363636363636,48.0,0.0,0,17.018181818181816,2,19,316.66666666666663,0.3166666666666666,127,2116.6666666666665,2.1166666666666663,2,17.05,-39,24.758333333333333,0.9,29.3625,28.016666666666666,42.079166666666666,25,25,25,25,25,25,0,0,0,0,0,0,0,18.75,1,1,1.0559,0.889775,0.0,-2.676,98.9,0.0,0.0,1.438,14.28,1.667,1014,2.201,1.016
543.2727272727273,48.0,0.0,0,16.981818181818184,2,24,400.0,0.3999999999999999,109,1816.6666666666663,1.8166666666666669,2,17.15,-39,28.041666666666668,0.1833333333333333,30.525,28.816666666666663,42.0,25,25,25,25,25,25,0,0,0,0,0,0,0,18.85,1,1,0.91355,0.768675,0.0,-2.742,97.7,0.0,0.0,0.646,18.56,0.833,1014,2.031,1.016
547.25,48.0,0.0,0,16.841666666666665,2,2,33.33333333333333,0.0333333333333333,68,1133.3333333333333,1.133333333333333,2,17.075,-39,21.6,1.7833333333333334,25.48333333333333,24.70833333333333,41.55833333333333,25,25,25,25,25,25,0,0,0,0,0,0,0,18.58333333333333,1,1,0.8341000000000001,0.6074,0.0,-2.47,98.4,0.0,0.0,1.042,5.918,1.25,1015,2.031,1.016
548.2,48.0,0.0,0,16.69,2,27,450.0,0.4499999999999999,147,2450.0,2.45,2,17.0,-39,26.766666666666666,1.25,29.925,28.066666666666663,41.5,25,25,25,25,25,25,0,0,0,0,0,0,0,18.83333333333333,1,1,1.10265,0.959625,2.5e-05,-1.491,98.8,0.0,0.0,1.708,17.56,2.082,1014,2.031,1.016
547.1,48.0,0.0,0,16.71,2,21,349.99999999999994,0.3499999999999999,121,2016.6666666666663,2.0166666666666666,2,17.225,-39,26.216666666666665,0.7666666666666667,29.516666666666666,28.016666666666666,41.06666666666667,25,25,25,25,25,25,0,0,0,0,0,0,0,18.716666666666665,1,1,1.01355,0.861275,2.5e-05,-1.223,99.8,0.0,0.0,1.354,7.414,1.667,1015,2.031,1.016
545.1666666666666,48.0,0.0,0,16.683333333333334,2,24,400.0,0.3999999999999999,126,2100.0,2.1,2,17.225,-39,25.975,0.8333333333333334,29.816666666666663,28.183333333333334,41.0,25,25,25,25,25,25,0,0,0,0,0,0,0,18.8,1,1,1.08925,0.8712249999999999,2.5e-05,-1.495,100.0,0.0,0.0,1.667,17.95,2.5,1015,2.031,1.016
535.0833333333334,48.0,0.0,0,16.633333333333336,2,20,333.33333333333326,0.3333333333333332,127,2116.6666666666665,2.1166666666666663,2,17.225,-39,25.716666666666665,1.0166666666666666,29.75,28.1,40.641666666666666,25,25,25,25,25,25,0,0,0,0,0,0,0,18.8,1,1,1.01815,0.8695499999999999,0.0,-2.002,100.0,0.0,0.0,1.25,18.56,1.667,1015,2.031,1.016
540.3636363636364,48.0,0.0,0,16.6,2,8,133.33333333333331,0.1333333333333333,74,1233.3333333333333,1.2333333333333332,2,17.175,-39,24.375,1.3666666666666667,27.466666666666665,26.508333333333333,40.15833333333333,25,25,25,25,25,25,0,0,0,0,0,0,0,18.616666666666667,1,1,0.922875,0.583375,5e-05,-1.768,100.0,0.0,0.0,0.833,18.56,1.25,1015,2.031,1.016
564.1818181818181,48.0,0.0,0,16.427272727272726,2,19,316.66666666666663,0.3166666666666666,131,2183.333333333333,2.183333333333333,2,17.0,-39,24.966666666666665,1.8,28.383333333333333,26.591666666666665,39.5,25,25,25,25,25,25,0,0,0,0,0,0,0,18.683333333333334,1,1,0.99805,0.833475,0.0,-1.158,100.0,0.0,0.0,1.458,18.56,2.5,1015,1.693,1.016
561.8,48.4,2.2,0,16.48,2,27,450.0,0.4499999999999999,135,2250.0,2.25,2,17.0,-39,27.8,1.35,30.641666666666666,28.975,39.275,25,25,25,25,25,25,0,0,0,0,0,0,0,18.766666666666666,1,1,1.01955,0.91805,0.0,-0.752,100.0,0.0,0.0,0.563,17.98,0.833,1015,1.693,1.016
532.75,49.0,31.83333333333333,0,16.59166666666667,2,22,366.6666666666666,0.3666666666666666,117,1950.0,1.95,2,17.125,-39,27.191666666666663,1.5666666666666669,30.758333333333333,29.316666666666663,39.0,25,25,25,25,25,25,0,0,0,0,0,0,0,18.85,1,1,0.8388,0.7954249999999999,2.5e-05,-1.497,100.0,0.007,0.3984029,1.292,17.98,1.667,1016,65.9,63.16
506.1111111111111,48.77777777777778,331.44444444444446,0,16.977777777777778,2,16,266.66666666666663,0.2666666666666666,120,2000.0,2.0,2,17.3,-39,25.78333333333333,2.0166666666666666,29.116666666666667,27.625,38.80833333333333,25,25,25,25,25,25,0,0,0,0,0,0,0,18.766666666666666,1,1,0.947325,0.8038000000000001,0.0,-1.023,100.0,0.07,4.050429,0.875,17.5,1.25,1016,642.5,620.0
473.0,47.36363636363637,391.45454545454544,0,18.081818181818186,1,90,1500.0,1.5,241,4016.6666666666665,4.016666666666667,2,17.541666666666668,-39,32.71666666666667,2.85,37.30833333333333,34.625,42.8,25,25,25,25,25,25,0,0,0,0,0,0,0,18.75,1,1,1.880975,1.840625,0.0,0.84,98.9,0.179,10.72186,1.354,19.19,2.082,1016,1152.0,1113.0
449.3636363636364,46.18181818181818,397.0,0,18.9,5,2,33.33333333333333,0.0333333333333333,8,133.33333333333331,0.1333333333333333,2,18.075,-39,21.841666666666665,6.008333333333334,20.175,19.991666666666667,49.06666666666667,25,25,25,25,25,25,0,0,0,0,0,0,0,18.666666666666668,1,1,0.16815,0.12045,7.500000000000001e-05,2.053,95.0,0.202,12.14727,1.375,26.1,2.082,1016,1254.0,1211.0
438.0,45.81818181818182,511.27272727272725,0,19.5,5,0,0.0,0.0,0,0.0,0.0,0,18.5,-39,22.125,4.6,18.016666666666666,17.958333333333332,48.99166666666667,25,25,25,25,25,25,0,0,0,0,0,0,0,18.35,0,0,0.196475,0.069375,7.500000000000001e-05,3.195,90.7,0.189,11.35736,1.813,22.89,2.918,1016,1256.0,1247.0
423.5,44.583333333333336,1743.5,0,19.825,5,0,0.0,0.0,0,0.0,0.0,0,17.925,-39,21.141666666666666,4.0,16.983333333333334,16.875,48.575,25,25,25,25,25,25,0,0,0,0,0,0,0,18.433333333333334,0,0,0.11775,0.06955,5e-05,3.596,89.0,0.149,8.989982,1.75,29.81,2.5,1016,1042.0,1006.0
412.4,41.8,3304.0,0,20.28,2,22,366.6666666666666,0.3666666666666666,114,1900.0,1.9,0,17.1,-39,23.55,3.45,23.35,21.78333333333333,48.5,25,25,25,25,25,25,0,0,0,0,0,0,0,18.633333333333333,1,1,0.85575,0.583075,5e-05,3.492,88.0,0.033,1.991183,1.5,21.06,2.082,1016,288.8,277.8
424.45454545454544,45.09090909090909,7.0,0,18.6,5,0,0.0,0.0,20,333.3333333333333,0.3333333333333332,0,17.675,-39,24.53333333333333,2.9,25.466666666666665,25.025,48.225,25,25,25,25,25,25,0,0,0,0,0,0,0,18.78333333333333,1,1,0.687725,0.2382,5e-05,2.857,91.2,0.013,0.7965414,1.146,10.73,1.667,1016,89.5,86.5
440.1,46.8,0.0,0,17.59,2,13,216.66666666666663,0.2166666666666666,77,1283.3333333333333,1.2833333333333332,2,17.15,-39,21.016666666666666,2.033333333333333,21.1,20.15833333333333,48.0,25,25,25,25,25,25,0,0,0,0,0,0,0,18.48333333333333,1,1,0.90245,0.497075,2.5e-05,1.61,94.3,0.0,0.0,0.229,10.44,0.417,1017,2.031,1.016
489.0,47.8,10.6,0,17.28,2,36,599.9999999999999,0.5999999999999999,155,2583.333333333333,2.583333333333333,2,17.0,-39,26.841666666666665,1.4,30.791666666666668,28.866666666666667,47.78333333333333,25,25,25,25,25,25,0,0,0,0,0,0,0,18.78333333333333,1,1,3.1835,0.97415,0.0,0.124,98.6,0.0,0.0,0.438,16.92,0.833,1017,2.031,1.016
574.3636363636364,48.0,30.272727272727277,0,17.336363636363636,2,22,366.6666666666666,0.3666666666666666,130,2166.6666666666665,2.1666666666666665,2,17.05,-39,27.475,1.1416666666666666,30.84583333333333,29.175,47.5,25,25,25,25,25,25,0,0,0,0,0,0,0,18.816666666666663,1,1,1.3523,0.861375,2.5e-05,-0.413,99.2,0.0,0.0,0.604,17.86,0.833,1017,1.693,1.016
636.75,48.25,30.5,0,17.275000000000002,2,18,299.99999999999994,0.2999999999999999,120,2000.0,2.0,2,17.275,-39,26.35833333333333,0.8666666666666667,29.141666666666666,27.616666666666667,47.375,25,25,25,25,25,25,0,0,0,0,0,0,0,18.8,1,1,1.1474,0.79355,5e-05,-0.684,100.0,0.0,0.0,0.208,39.75,0.417,1017,2.031,1.016
659.25,49.0,30.5,0,17.216666666666665,2,15,250.0,0.2499999999999999,104,1733.333333333333,1.7333333333333332,2,17.2,-39,24.925,0.9,29.1,27.75,47.0,25,25,25,25,25,25,0,0,0,0,0,0,0,18.8,1,1,0.992675,0.7392,0.0,-1.057,98.9,0.0,0.0,0.042,29.94,0.417,1017,2.031,1.016
662.2727272727273,49.0,31.63636363636364,0,17.145454545454545,2,21,349.99999999999994,0.3499999999999999,133,2216.6666666666665,2.2166666666666663,2,17.0,-39,27.4,0.9,30.65833333333333,29.025,46.99166666666667,25,25,25,25,25,25,0,0,0,0,0,0,0,18.75,1,1,1.131325,0.9005,2.5e-05,-0.312,100.0,0.0,0.0,0.708,231.8,1.25,1017,2.031,1.016
661.3636363636364,49.0,30.272727272727277,0,17.136363636363637,2,24,400.0,0.3999999999999999,138,2300.0,2.3,2,17.0,-39,27.291666666666668,0.95,30.666666666666668,28.991666666666667,46.575,25,25,25,25,25,25,0,0,0,0,0,0,0,18.9,1,1,1.176975,0.937625,0.0,-1.124,100.0,0.0,0.0,0.271,262.0,0.417,1017,1.693,1.016
656.5454545454545,49.0,30.0,0,17.12727272727273,2,19,316.66666666666663,0.3166666666666666,125,2083.333333333333,2.083333333333333,2,17.15,-39,27.433333333333334,0.5666666666666667,30.683333333333334,29.175,46.5,25,25,25,25,25,25,0,0,0,0,0,0,0,18.83333333333333,1,1,1.11485,0.8685749999999999,2.5e-05,-1.158,100.0,0.0,0.0,0.083,215.1,0.417,1017,2.201,1.016
638.0,49.0,30.25,0,17.1,2,17,283.3333333333333,0.2833333333333332,118,1966.6666666666663,1.9666666666666663,2,17.191666666666666,-39,26.325,0.7333333333333333,30.166666666666668,28.716666666666665,46.15833333333333,25,25,25,25,25,25,0,0,0,0,0,0,0,18.883333333333333,1,1,1.0315,0.7873,0.0,-1.632,100.0,0.0,0.0,0.688,178.5,1.25,1017,1.693,1.016
614.2727272727273,49.0,30.0,0,17.05454545454546,2,15,250.0,0.2499999999999999,127,2116.6666666666665,2.1166666666666663,2,17.075,-39,25.0,0.1,29.475,27.95,46.0,25,25,25,25,25,25,0,0,0,0,0,0,0,18.78333333333333,1,1,1.105,0.8926499999999999,0.0,-1.531,100.0,0.0,0.0,0.375,224.1,0.833,1017,1.693,1.016
597.2,49.0,30.0,0,17.0,2,29,483.33333333333326,0.4833333333333332,125,2083.333333333333,2.083333333333333,2,17.0,-39,27.016666666666666,0.05,30.633333333333333,29.05,45.766666666666666,25,25,25,25,25,25,0,0,0,0,0,0,0,18.83333333333333,1,1,1.32445,0.91065,2.5e-05,-1.937,100.0,0.0,0.0,0.063,216.4,0.417,1017,1.693,1.101
589.6666666666666,49.0,30.25,0,16.991666666666667,2,27,450.0,0.4499999999999999,114,1900.0,1.9,2,17.0,-39,26.225,0.3333333333333333,30.275,28.758333333333333,45.5,25,25,25,25,25,25,0,0,0,0,0,0,0,18.8,1,1,1.105325,0.8990499999999999,0.0,-1.802,100.0,0.0,0.0,0.688,203.5,1.25,1016,2.031,1.016
574.9,49.0,30.0,0,16.939999999999998,2,23,383.33333333333326,0.3833333333333332,136,2266.6666666666665,2.266666666666666,2,17.025,-39,26.183333333333334,1.2333333333333334,29.9,28.275,45.35,25,25,25,25,25,25,0,0,0,0,0,0,0,18.816666666666663,1,1,1.103775,0.914225,0.0,-1.53,100.0,0.0,0.0,0.958,200.2,1.25,1016,2.031,1.016
561.3636363636364,49.0,30.0,0,16.918181818181818,2,29,483.33333333333326,0.4833333333333332,138,2300.0,2.3,2,17.0,-39,27.5,0.75,30.7,28.95,45.0,25,25,25,25,25,25,0,0,0,0,0,0,0,18.916666666666668,1,1,1.2266,0.9599,2.5e-05,-1.937,100.0,0.0,0.0,1.563,177.1,2.082,1016,2.031,1.016
571.7272727272727,48.09090909090909,5.454545454545454,0,16.87272727272727,2,22,366.6666666666666,0.3666666666666666,130,2166.6666666666665,2.1666666666666665,2,17.0,-39,27.866666666666667,0.6666666666666666,31.4,29.691666666666663,44.958333333333336,25,25,25,25,25,25,0,0,0,0,0,0,0,18.8,1,1,1.017325,0.863475,0.0,-1.937,100.0,0.0,0.0,1.25,174.8,2.082,1015,2.031,1.016
548.6666666666666,46.25,2.0,0,16.7,2,25,416.6666666666666,0.4166666666666666,133,2216.6666666666665,2.2166666666666663,2,17.0,-39,27.991666666666667,0.8833333333333333,31.0,29.304166666666667,44.5125,25,25,25,25,25,25,0,0,0,0,0,0,0,18.85,1,1,1.04905,0.909225,0.0,-1.934,100.0,0.0,0.0,1.5,167.2,2.082,1015,2.031,1.016
509.5,45.3,24.7,0,16.62,2,21,349.99999999999994,0.3499999999999999,128,2133.333333333333,2.1333333333333333,2,17.0,-39,26.95833333333333,1.1166666666666667,30.841666666666665,29.20833333333333,44.43333333333333,25,25,25,25,25,25,0,0,0,0,0,0,0,18.65,1,1,1.1145,0.8693500000000001,0.0,-2.139,98.1,0.007,0.3984029,2.125,168.5,3.332,1015,55.38,52.66
484.9090909090909,44.90909090909091,180.1818181818182,0,16.790909090909093,2,17,283.3333333333333,0.2833333333333332,112,1866.6666666666663,1.8666666666666665,2,17.0,-39,26.491666666666667,3.816666666666667,30.166666666666668,28.85833333333333,44.00833333333333,25,25,25,25,25,25,0,0,0,0,0,0,0,18.73333333333333,1,1,0.881025,0.8214250000000001,0.0,1.043,91.0,0.027,1.640092,2.25,223.9,3.75,1015,193.9,186.8
446.09090909090907,43.09090909090909,393.45454545454544,0,17.581818181818182,2,13,216.66666666666663,0.2166666666666666,122,2033.333333333333,2.033333333333333,2,17.4,-39,27.666666666666668,4.05,30.225,28.616666666666667,43.75833333333333,25,25,25,25,25,25,0,0,0,0,0,0,0,18.8,1,1,1.717375,0.7449749999999999,0.0,3.209,91.2,0.129,7.959922,2.438,207.2,3.75,1015,1061.0,1026.0
429.6363636363636,42.36363636363637,392.7272727272728,0,18.663636363636364,5,0,0.0,0.0,0,0.0,0.0,0,18.25,-39,21.516666666666666,5.716666666666667,21.641666666666666,21.541666666666668,41.21666666666667,25,25,25,25,25,25,0,0,0,0,0,0,0,18.666666666666668,0,0,0.3517,0.069175,2.5e-05,4.414,81.4,0.176,10.5409,3.021,235.1,4.582,1014,1256.0,1247.0
435.25,43.333333333333336,81.75,0,18.58333333333333,5,0,0.0,0.0,0,0.0,0.0,0,18.1,-39,20.45833333333333,4.783333333333333,18.40833333333333,18.316666666666663,40.88333333333333,25,25,25,25,25,25,0,0,0,0,0,0,0,18.366666666666667,0,0,0.4161,0.069025,5e-05,5.285,86.9,0.05,2.853937,1.042,309.2,1.667,1014,332.0,319.0
470.3,44.9,24.8,0,17.64,5,8,133.33333333333331,0.1333333333333333,54,900.0,0.8999999999999999,0,17.25,-39,20.48333333333333,4.5,19.125,18.23333333333333,40.5,25,25,25,25,25,25,0,0,0,0,0,0,0,18.383333333333333,1,1,0.5601,0.2946249999999999,2.5e-05,4.27,91.7,0.02,1.194754,1.396,235.9,2.082,1013,152.1,146.4
519.6363636363636,46.27272727272727,53.81818181818182,1,17.2,2,10,166.66666666666663,0.1666666666666666,50,833.3333333333333,0.8333333333333331,0,17.0,-39,28.64583333333333,3.333333333333333,31.5625,28.5625,40.333333333333336,25,25,25,25,25,25,0,0,0,0,0,0,0,18.916666666666668,1,1,0.658975,0.2394,0.0,4.574,92.3,0.007,0.2655138,1.167,225.9,2.5,1013,33.7,31.98
