utc_timestamp,cet_cest_timestamp,DE_KN_industrial1_grid_import,DE_KN_industrial1_pv_1,DE_KN_industrial1_pv_2,DE_KN_industrial2_grid_import,DE_KN_industrial2_pv,DE_KN_industrial2_storage_charge,DE_KN_industrial2_storage_decharge,DE_KN_industrial3_area_offices,DE_KN_industrial3_area_room_1,DE_KN_industrial3_area_room_2,DE_KN_industrial3_area_room_3,DE_KN_industrial3_area_room_4,DE_KN_industrial3_compressor,DE_KN_industrial3_cooling_aggregate,DE_KN_industrial3_cooling_pumps,DE_KN_industrial3_dishwasher,DE_KN_industrial3_ev,DE_KN_industrial3_grid_import,DE_KN_industrial3_machine_1,DE_KN_industrial3_machine_2,DE_KN_industrial3_machine_3,DE_KN_industrial3_machine_4,DE_KN_industrial3_machine_5,DE_KN_industrial3_pv_facade,DE_KN_industrial3_pv_roof,DE_KN_industrial3_refrigerator,DE_KN_industrial3_ventilation,DE_KN_public1_grid_import,DE_KN_public2_grid_import,DE_KN_residential1_dishwasher,DE_KN_residential1_freezer,DE_KN_residential1_grid_import,DE_KN_residential1_heat_pump,DE_KN_residential1_pv,DE_KN_residential1_washing_machine,DE_KN_residential2_circulation_pump,DE_KN_residential2_dishwasher,DE_KN_residential2_freezer,DE_KN_residential2_grid_import,DE_KN_residential2_washing_machine,DE_KN_residential3_circulation_pump,DE_KN_residential3_dishwasher,DE_KN_residential3_freezer,DE_KN_residential3_grid_export,DE_KN_residential3_grid_import,DE_KN_residential3_pv,DE_KN_residential3_refrigerator,DE_KN_residential3_washing_machine,DE_KN_residential4_dishwasher,DE_KN_residential4_ev,DE_KN_residential4_freezer,DE_KN_residential4_grid_export,DE_KN_residential4_grid_import,DE_KN_residential4_heat_pump,DE_KN_residential4_pv,DE_KN_residential4_refrigerator,DE_KN_residential4_washing_machine,DE_KN_residential5_dishwasher,DE_KN_residential5_grid_import,DE_KN_residential5_refrigerator,DE_KN_residential5_washing_machine,DE_KN_residential6_circulation_pump,DE_KN_residential6_dishwasher,DE_KN_residential6_freezer,DE_KN_residential6_grid_export,DE_KN_residential6_grid_import,DE_KN_residential6_pv,DE_KN_residential6_washing_machine,interpolated
2014-12-11T17:00:00Z,2014-12-11T18:00:00+0100,,,,,,,,,,,,,,,,,,,,,,,,,,,,,,,,,,,,,,,,,,0.000,0.002,,,,,,,,,,,,,,,,,,,,,,,,,,
2014-12-11T18:00:00Z,2014-12-11T19:00:00+0100,,,,,,,,,,,,,,,,,,,,,,,,,,,,,,,,,,,,,,,,,0.063,0.003,0.024,,,,,0.000,,,,,,,,,,,,,,,,,,,,,
2014-12-11T19:00:00Z,2014-12-11T20:00:00+0100,,,,,,,,,,,,,,,,,,,,,,,,,,,,,,,,,,,,,,,,,0.132,0.005,0.064,,,,,0.000,,,,,,,,,,,,,,,,,,,,,
2014-12-11T20:00:00Z,2014-12-11T21:00:00+0100,,,,,,,,,,,,,,,,,,,,,,,,,,,,,,,,,,,,,,,,,0.200,0.008,0.102,,,,,0.000,,,,,,,,,,,,,,,,,,,,,
2014-12-11T21:00:00Z,2014-12-11T22:00:00+0100,,,,,,,,,,,,,,,,,,,,,,,,,,,,,,,,,,,,,,,,,0.269,0.010,0.106,,,,,0.000,,,,,,,,,,,,,,,,,,,,,
2014-12-11T22:00:00Z,2014-12-11T23:00:00+0100,,,,,,,,,,,,,,,,,,,,,,,,,,,,,,,,,,,,,,,,,0.310,0.013,0.146,,,,,0.000,,,,,,,,,,,,,,,,,,,,,
2014-12-11T23:00:00Z,2014-12-12T00:00:00+0100,,,,,,,,,,,,,,,,,,,,,,,,,,,,,,,,,,,,,,,,,0.369,0.016,0.185,,,,,0.000,,,,,,,,,,,,,,,,,,,,,DE_KN_residential3_washing_machine
2014-12-12T00:00:00Z,2014-12-12T01:00:00+0100,,,,,,,,,,,,,,,,,,,,,,,,,,,,,,,,,,,,,,,,,0.440,0.018,0.201,,,,,0.000,,,,,,,,,,,,,,,,,,,,,
2014-12-12T01:00:00Z,2014-12-12T02:00:00+0100,,,,,,,,,,,,,,,,,,,,,,,,,,,,,,,,,,,,,,,,,0.507,0.021,0.228,,,,,0.000,,,,,,,,,,,,,,,,,,,,,
2014-12-12T02:00:00Z,2014-12-12T03:00:00+0100,,,,,,,,,,,,,,,,,,,,,,,,,,,,,,,,,,,,,,,,,0.579,0.023,0.268,,,,,0.000,,,,,,,,,,,,,,,,,,,,,
2014-12-12T03:00:00Z,2014-12-12T04:00:00+0100,,,,,,,,,,,,,,,,,,,,,,,,,,,,,,,,,,,,,,,,,0.647,0.026,0.300,,,,,0.001,,,,,,,,,,,,,,,,,,,,,
2014-12-12T04:00:00Z,2014-12-12T05:00:00+0100,,,,,,,,,,,,,,,,,,,,,,,,,,,,,,,,,,,,,,,,,0.717,0.028,0.309,,,,,0.001,,,,,,,,,,,,,,,,,,,,,
2014-12-12T05:00:00Z,2014-12-12T06:00:00+0100,,,,,,,,,,,,,,,,,,,,,,,,,,,,,,,,,,,,,,,,,0.789,0.031,0.349,,,,,0.001,,,,,,,,,,,,,,,,,,,,,
2014-12-12T06:00:00Z,2014-12-12T07:00:00+0100,,,,,,,,,,,,,,,,,,,,,,,,,,,,,,,,,,,,,,,,,0.857,0.079,0.388,,,,,0.001,,,,,,,,,,,,,,,,,,,,,
2014-12-12T07:00:00Z,2014-12-12T08:00:00+0100,,,,,,,,,,,,,,,,,,,,,,,,,,,,,,,,,,,,,,,,,0.932,1.293,0.394,,,,,0.001,,,,,,,,,,,,,,,,,,,,,
2014-12-12T08:00:00Z,2014-12-12T09:00:00+0100,,,,,,,,,,,,,,,,,,,,,,,,,,,,,,,,,,,,,,,,,1.020,1.298,0.430,,,,,0.001,,,,,,,,,,,,,,,,,,,,,
2014-12-12T09:00:00Z,2014-12-12T10:00:00+0100,,,,,,,,,,,,,,,,,,,,,,,,,,,,,,,,,,,,,,,,,1.139,1.300,0.469,,,,,0.001,,,,,,,,,,,,,,,,,,,,,
2014-12-12T10:00:00Z,2014-12-12T11:00:00+0100,,,,,,,,,,,,,,,,,,,,,,,,,,,,,,,,,,,,,,,,,1.257,1.303,0.491,,,,,0.001,,,,,,,,,,,,,,,,,,,,,
2014-12-12T11:00:00Z,2014-12-12T12:00:00+0100,,,,,,,,,,,,,,,,,,,,,,,,,,,,,,,,,,,,,,,,,1.368,1.305,0.510,,,,,0.001,,,,,,,,,,,,,,,,,,,,,
2014-12-12T12:00:00Z,2014-12-12T13:00:00+0100,,,,,,,,,,,,,,,,,,,,,,,,,,,,,,,,,,,,,,,,,1.470,1.308,0.550,,,,,0.001,,,,,,,,,,,,,,,,,,,,,
2014-12-12T13:00:00Z,2014-12-12T14:00:00+0100,,,,,,,,,,,,,,,,,,,,,,,,,,,,,,,,,,,,,,,,,1.544,1.310,0.586,,,,,0.001,,,,,,,,,,,,,,,,,,,,,
2014-12-12T14:00:00Z,2014-12-12T15:00:00+0100,,,,,,,,,,,,,,,,,,,,,,,,,,,,,,,,,,,,,,,,,1.617,1.313,0.591,,,,,0.001,,,,,,,,,,,,,,,,,,,,,
2014-12-12T15:00:00Z,2014-12-12T16:00:00+0100,,,,,,,,,,,,,,,,,,,,,,,,,,,,,,,,,,,,,,,,,1.689,1.316,0.630,,,,,0.001,,,,,,,,,,,,,,,,,,,,,
2014-12-12T16:00:00Z,2014-12-12T17:00:00+0100,,,,,,,,,,,,,,,,,,,,,,,,,,,,,,,,,,,,,,,,,1.755,1.318,0.670,,,,,0.001,,,,,,,,,,,,,,,,,,,,,
2014-12-12T17:00:00Z,2014-12-12T18:00:00+0100,,,,,,,,,,,,,,,,,,,,,,,,,,,,,,,,,,,,,,,,,1.823,1.331,0.678,,,,,0.001,,,,,,,,,,,,,,,,,,,,,
2014-12-12T18:00:00Z,2014-12-12T19:00:00+0100,,,,,,,,,,,,,,,,,,,,,,,,,,,,,,,,,,,,,,,,,1.893,2.498,0.711,,,,,0.001,,,,,,,,,,,,,,,,,,,,,
2014-12-12T19:00:00Z,2014-12-12T20:00:00+0100,,,,,,,,,,,,,,,,,,,,,,,,,,,,,,,,,,,,,,,,,1.962,2.522,0.752,,,,,0.001,,,,,,,,,,,,,,,,,,,,,
2014-12-12T20:00:00Z,2014-12-12T21:00:00+0100,,,,,,,,,,,,,,,,,,,,,,,,,,,,,,,,,,,,,,,,,2.029,2.525,0.764,,,,,0.001,,,,,,,,,,,,,,,,,,,,,
2014-12-12T21:00:00Z,2014-12-12T22:00:00+0100,,,,,,,,,,,,,,,,,,,,,,,,,,,,,,,,,,,,,,,,,2.098,2.527,0.794,,,,,0.001,,,,,,,,,,,,,,,,,,,,,
2014-12-12T22:00:00Z,2014-12-12T23:00:00+0100,,,,,,,,,,,,,,,,,,,,,,,,,,,,,,,,,,,,,,,,,2.139,2.530,0.835,,,,,0.001,,,,,,,,,,,,,,,,,,,,,
2014-12-12T23:00:00Z,2014-12-13T00:00:00+0100,,,,,,,,,,,,,,,,,,,,,,,,,,,,,,,,,,,,,,,,,2.198,2.532,0.870,,,,,0.001,,,,,,,,,,,,,,,,,,,,,
2014-12-13T00:00:00Z,2014-12-13T01:00:00+0100,,,,,,,,,,,,,,,,,,,,,,,,,,,,,,,,,,,,,,,,,2.269,2.535,0.878,,,,,0.001,,,,,,,,,,,,,,,,,,,,,
2014-12-13T01:00:00Z,2014-12-13T02:00:00+0100,,,,,,,,,,,,,,,,,,,,,,,,,,,,,,,,,,,,,,,,,2.334,2.537,0.919,,,,,0.001,,,,,,,,,,,,,,,,,,,,,
2014-12-13T02:00:00Z,2014-12-13T03:00:00+0100,,,,,,,,,,,,,,,,,,,,,,,,,,,,,,,,,,,,,,,,,2.405,2.540,0.958,,,,,0.001,,,,,,,,,,,,,,,,,,,,,
2014-12-13T03:00:00Z,2014-12-13T04:00:00+0100,,,,,,,,,,,,,,,,,,,,,,,,,,,,,,,,,,,,,,,,,2.471,2.542,0.962,,,,,0.001,,,,,,,,,,,,,,,,,,,,,
2014-12-13T04:00:00Z,2014-12-13T05:00:00+0100,,,,,,,,,,,,,,,,,,,,,,,,,,,,,,,,,,,,,,,,,2.541,2.545,1.003,,,,,0.002,,,,,,,,,,,,,,,,,,,,,
2014-12-13T05:00:00Z,2014-12-13T06:00:00+0100,,,,,,,,,,,,,,,,,,,,,,,,,,,,,,,,,,,,,,,,,2.612,2.548,1.044,,,,,0.002,,,,,,,,,,,,,,,,,,,,,
2014-12-13T06:00:00Z,2014-12-13T07:00:00+0100,,,,,,,,,,,,,,,,,,,,,,,,,,,,,,,,,,,,,,,,,2.681,2.550,1.046,,,,,0.002,,,,,,,,,,,,,,,,,,,,,
2014-12-13T07:00:00Z,2014-12-13T08:00:00+0100,,,,,,,,,,,,,,,,,,,,,,,,,,,,,,,,,,,,,,,,,2.751,2.553,1.087,,,,,0.002,,,,,,,,,,,,,,,,,,,,,
2014-12-13T08:00:00Z,2014-12-13T09:00:00+0100,,,,,,,,,,,,,,,,,,,,,,,,,,,,,,,,,,,,,,,,,2.822,2.555,1.128,,,,,0.002,,,,,,,,,,,,,,,,,,,,,
2014-12-13T09:00:00Z,2014-12-13T10:00:00+0100,,,,,,,,,,,,,,,,,,,,,,,,,,,,,,,,,,,,,,,,,2.905,2.558,1.130,,,,,0.002,,,,,,,,,,,,,,,,,,,,,
2014-12-13T10:00:00Z,2014-12-13T11:00:00+0100,,,,,,,,,,,,,,,,,,,,,,,,,,,,,,,,,,,,,,,,,3.023,2.560,1.171,,,,,0.002,,,,,,,,,,,,,,,,,,,,,
2014-12-13T11:00:00Z,2014-12-13T12:00:00+0100,,,,,,,,,,,,,,,,,,,,,,,,,,,,,,,,,,,,,,,,,3.135,2.563,1.212,,,,,0.002,,,,,,,,,,,,,,,,,,,,,
2014-12-13T12:00:00Z,2014-12-13T13:00:00+0100,,,,,,,,,,,,,,,,,,,,,,,,,,,,,,,,,,,,,,,,,3.247,2.566,1.214,,,,,0.002,,,,,,,,,,,,,,,,,,,,,
2014-12-13T13:00:00Z,2014-12-13T14:00:00+0100,,,,,,,,,,,,,,,,,,,,,,,,,,,,,,,,,,,,,,,,,3.354,2.568,1.255,,,,,0.002,,,,,,,,,,,,,,,,,,,,,
2014-12-13T14:00:00Z,2014-12-13T15:00:00+0100,,,,,,,,,,,,,,,,,,,,,,,,,,,,,,,,,,,,,,,,,3.451,2.571,1.295,,,,,0.002,,,,,,,,,,,,,,,,,,,,,
2014-12-13T15:00:00Z,2014-12-13T16:00:00+0100,,,,,,,,,,,,,,,,,,,,,,,,,,,,,,,,,,,,,,,,,3.523,2.573,1.299,,,,,0.002,,,,,,,,,,,,,,,,,,,,,
2014-12-13T16:00:00Z,2014-12-13T17:00:00+0100,,,,,,,,,,,,,,,,,,,,,,,,,,,,,,,,,,,,,,,,,3.591,2.575,1.338,,,,,0.002,,,,,,,,,,,,,,,,,,,,,
2014-12-13T17:00:00Z,2014-12-13T18:00:00+0100,,,,,,,,,,,,,,,,,,,,,,,,,,,,,,,,,,,,,,,,,3.659,2.578,1.379,,,,,0.002,,,,,,,,,,,,,,,,,,,,,
2014-12-13T18:00:00Z,2014-12-13T19:00:00+0100,,,,,,,,,,,,,,,,,,,,,,,,,,,,,,,,,,,,,,,,,3.726,2.581,1.388,,,,,0.002,,,,,,,,,,,,,,,,,,,,,
2014-12-13T19:00:00Z,2014-12-13T20:00:00+0100,,,,,,,,,,,,,,,,,,,,,,,,,,,,,,,,,,,,,,,,,3.795,2.583,1.422,,,,,0.002,,,,,,,,,,,,,,,,,,,,,
2014-12-13T20:00:00Z,2014-12-13T21:00:00+0100,,,,,,,,,,,,,,,,,,,,,,,,,,,,,,,,,,,,,,,,,3.863,2.586,1.463,,,,,0.002,,,,,,,,,,,,,,,,,,,,,
2014-12-13T21:00:00Z,2014-12-13T22:00:00+0100,,,,,,,,,,,,,,,,,,,,,,,,,,,,,,,,,,,,,,,,,3.932,2.588,1.477,,,,,0.002,,,,,,,,,,,,,,,,,,,,,
2014-12-13T22:00:00Z,2014-12-13T23:00:00+0100,,,,,,,,,,,,,,,,,,,,,,,,,,,,,,,,,,,,,,,,,3.974,2.590,1.506,,,,,0.002,,,,,,,,,,,,,,,,,,,,,
2014-12-13T23:00:00Z,2014-12-14T00:00:00+0100,,,,,,,,,,,,,,,,,,,,,,,,,,,,,,,,,,,,,,,,,4.028,2.593,1.547,,,,,0.002,,,,,,,,,,,,,,,,,,,,,
2014-12-14T00:00:00Z,2014-12-14T01:00:00+0100,,,,,,,,,,,,,,,,,,,,,,,,,,,,,,,,,,,,,,,,,4.098,2.596,1.567,,,,,0.002,,,,,,,,,,,,,,,,,,,,,
2014-12-14T01:00:00Z,2014-12-14T02:00:00+0100,,,,,,,,,,,,,,,,,,,,,,,,,,,,,,,,,,,,,,,,,4.163,2.598,1.590,,,,,0.002,,,,,,,,,,,,,,,,,,,,,
2014-12-14T02:00:00Z,2014-12-14T03:00:00+0100,,,,,,,,,,,,,,,,,,,,,,,,,,,,,,,,,,,,,,,,,4.235,2.995,1.631,,,,,0.002,,,,,,,,,,,,,,,,,,,,,
2014-12-14T03:00:00Z,2014-12-14T04:00:00+0100,,,,,,,,,,,,,,,,,,,,,,,,,,,,,,,,,,,,,,,,,4.302,3.756,1.662,,,,,0.002,,,,,,,,,,,,,,,,,,,,,
2014-12-14T04:00:00Z,2014-12-14T05:00:00+0100,,,,,,,,,,,,,,,,,,,,,,,,,,,,,,,,,,,,,,,,,4.373,3.761,1.675,,,,,0.002,,,,,,,,,,,,,,,,,,,,,
2014-12-14T05:00:00Z,2014-12-14T06:00:00+0100,,,,,,,,,,,,,,,,,,,,,,,,,,,,,,,,,,,,,,,,,4.443,3.766,1.716,,,,,0.002,,,,,,,,,,,,,,,,,,,,,
2014-12-14T06:00:00Z,2014-12-14T07:00:00+0100,,,,,,,,,,,,,,,,,,,,,,,,,,,,,,,,,,,,,,,,,4.512,3.771,1.751,,,,,0.002,,,,,,,,,,,,,,,,,,,,,
2014-12-14T07:00:00Z,2014-12-14T08:00:00+0100,,,,,,,,,,,,,,,,,,,,,,,,,,,,,,,,,,,,,,,,,4.580,3.775,1.759,,,,,0.003,,,,,,,,,,,,,,,,,,,,,
2014-12-14T08:00:00Z,2014-12-14T09:00:00+0100,,,,,,,,,,,,,,,,,,,,,,,,,,,,,,,,,,,,,,,,,4.648,3.777,1.801,,,,,0.003,,,,,,,,,,,,,,,,,,,,,
2014-12-14T09:00:00Z,2014-12-14T10:00:00+0100,,,,,,,,,,,,,,,,,,,,,,,,,,,,,,,,,,,,,,,,,4.725,3.780,1.842,,,,,0.003,,,,,,,,,,,,,,,,,,,,,
2014-12-14T10:00:00Z,2014-12-14T11:00:00+0100,,,,,,,,,,,,,,,,,,,,,,,,,,,,,,,,,,,,,,,,,4.829,3.782,1.844,,,,,0.784,,,,,,,,,,,,,,,,,,,,,
2014-12-14T11:00:00Z,2014-12-14T12:00:00+0100,,,,,,,,,,,,,,,,,,,,,,,,,,,,,,,,,,,,,,,,,4.928,3.785,1.885,,,,,0.887,,,,,,,,,,,,,,,,,,,,,
2014-12-14T12:00:00Z,2014-12-14T13:00:00+0100,,,,,,,,,,,,,,,,,,,,,,,,,,,,,,,,,,,,,,,,,5.025,3.788,1.926,,,,,0.985,,,,,,,,,,,,,,,,,,,,,
2014-12-14T13:00:00Z,2014-12-14T14:00:00+0100,,,,,,,,,,,,,,,,,,,,,,,,,,,,,,,,,,,,,,,,,5.102,4.792,1.928,,,,,1.590,,,,,,,,,,,,,,,,,,,,,
2014-12-14T14:00:00Z,2014-12-14T15:00:00+0100,,,,,,,,,,,,,,,,,,,,,,,,,,,,,,,,,,,,,,,,,5.174,4.935,1.969,,,,,2.798,,,,,,,,,,,,,,,,,,,,,
2014-12-14T15:00:00Z,2014-12-14T16:00:00+0100,,,,,,,,,,,,,,,,,,,,,,,,,,,,,,,,,,,,,,,,,5.246,4.937,2.010,,,,,3.169,,,,,,,,,,,,,,,,,,,,,
2014-12-14T16:00:00Z,2014-12-14T17:00:00+0100,,,,,,,,,,,,,,,,,,,,,,,,,,,,,,,,,,,,,,,,,5.311,4.939,2.015,,,,,3.185,,,,,,,,,,,,,,,,,,,,,
2014-12-14T17:00:00Z,2014-12-14T18:00:00+0100,,,,,,,,,,,,,,,,,,,,,,,,,,,,,,,,,,,,,,,,,5.379,4.942,2.053,,,,,3.205,,,,,,,,,,,,,,,,,,,,,
2014-12-14T18:00:00Z,2014-12-14T19:00:00+0100,,,,,,,,,,,,,,,,,,,,,,,,,,,,,,,,,,,,,,,,,5.445,4.944,2.094,,,,,3.212,,,,,,,,,,,,,,,,,,,,,
2014-12-14T19:00:00Z,2014-12-14T20:00:00+0100,,,,,,,,,,,,,,,,,,,,,,,,,,,,,,,,,,,,,,,,,5.511,4.947,2.107,,,,,3.212,,,,,,,,,,,,,,,,,,,,,
2014-12-14T20:00:00Z,2014-12-14T21:00:00+0100,,,,,,,,,,,,,,,,,,,,,,,,,,,,,,,,,,,,,,,,,5.578,4.950,2.137,,,,,3.212,,,,,,,,,,,,,,,,,,,,,
2014-12-14T21:00:00Z,2014-12-14T22:00:00+0100,,,,,,,,,,,,,,,,,,,,,,,,,,,,,,,,,,,,,,,,,5.646,4.952,2.179,,,,,3.212,,,,,,,,,,,,,,,,,,,,,DE_KN_residential3_washing_machine
2014-12-14T22:00:00Z,2014-12-14T23:00:00+0100,,,,,,,,,,,,,,,,,,,,,,,,,,,,,,,,,,,,,,,,,5.687,4.955,2.197,,,,,3.212,,,,,,,,,,,,,,,,,,,,,
2014-12-14T23:00:00Z,2014-12-15T00:00:00+0100,,,,,,,,,,,,,,,,,,,,,,,,,,,,,,,,,,,,,,,,,5.738,4.957,2.222,,,,,3.212,,,,,,,,,,,,,,,,,,,,,
2014-12-15T00:00:00Z,2014-12-15T01:00:00+0100,,,,,,,,,,,,,,,,,,,,,,,,,,,,,,,,,,,,,,,,,5.807,4.960,2.263,,,,,3.212,,,,,,,,,,,,,,,,,,,,,
2014-12-15T01:00:00Z,2014-12-15T02:00:00+0100,,,,,,,,,,,,,,,,,,,,,,,,,,,,,,,,,,,,,,,,,5.871,4.963,2.286,,,,,3.212,,,,,,,,,,,,,,,,,,,,,
2014-12-15T02:00:00Z,2014-12-15T03:00:00+0100,,,,,,,,,,,,,,,,,,,,,,,,,,,,,,,,,,,,,,,,,5.941,4.965,2.307,,,,,3.212,,,,,,,,,,,,,,,,,,,,,
2014-12-15T03:00:00Z,2014-12-15T04:00:00+0100,,,,,,,,,,,,,,,,,,,,,,,,,,,,,,,,,,,,,,,,,6.005,4.968,2.348,,,,,3.213,,,,,,,,,,,,,,,,,,,,,
2014-12-15T04:00:00Z,2014-12-15T05:00:00+0100,,,,,,,,,,,,,,,,,,,,,,,,,,,,,,,,,,,,,,,,,6.075,4.970,2.376,,,,,3.213,,,,,,,,,,,,,,,,,,,,,
2014-12-15T05:00:00Z,2014-12-15T06:00:00+0100,,,,,,,,,,,,,,,,,,,,,,,,,,,,,,,,,,,,,,,,,6.143,4.973,2.392,,,,,3.213,,,,,,,,,,,,,,,,,,,,,
2014-12-15T06:00:00Z,2014-12-15T07:00:00+0100,,,,,,,,,,,,,,,,,,,,,,,,,,,,,,,,,,,,,,,,,6.209,4.975,2.432,,,,,3.213,,,,,,,,,,,,,,,,,,,,,
2014-12-15T07:00:00Z,2014-12-15T08:00:00+0100,,,,,,,,,,,,,,,,,,,,,,,,,,,,,,,,,,,,,,,,,6.277,4.978,2.464,,,,,3.213,,,,,,,,,,,,,,,,,,,,,
2014-12-15T08:00:00Z,2014-12-15T09:00:00+0100,,,,,,,,,,,,,,,,,,,,,,,,,,,,,,,,,,,,,,,,,6.343,4.981,2.475,,,,,3.213,,,,,,,,,,,,,,,,,,,,,
2014-12-15T09:00:00Z,2014-12-15T10:00:00+0100,,,,,,,,,,,,,,,,,,,,,,,,,,,,,,,,,,,,,,,,,6.408,4.983,2.516,,,,,3.213,,,,,,,,,,,,,,,,,,,,,
2014-12-15T10:00:00Z,2014-12-15T11:00:00+0100,,,,,,,,,,,,,,,,,,,,,,,,,,,,,,,,,,,,,,,,,6.474,4.986,2.553,,,,,3.213,,,,,,,,,,,,,,,,,,,,,
2014-12-15T11:00:00Z,2014-12-15T12:00:00+0100,,,,,,,,,,,,,,,,,,,,,,,,,,,,,,,,,,,,,,,,,6.540,4.988,2.559,,,,,3.213,,,,,,,,,,,,,,,,,,,,,
2014-12-15T12:00:00Z,2014-12-15T13:00:00+0100,,,,,,,,,,,,,,,,,,,,,,,,,,,,,,,,,,,,,,,,,6.606,4.991,2.600,,,,,3.213,,,,,,,,,,,,,,,,,,,,,
2014-12-15T13:00:00Z,2014-12-15T14:00:00+0100,,,,,,,,,,,,,,,,,,,,,,,,,,,,,,,,,,,,,,,,,6.677,4.993,2.641,,,,,3.213,,,,,,,,,,,,,,,,,,,,,
2014-12-15T14:00:00Z,2014-12-15T15:00:00+0100,,,,,,,,,,,,,,,,,,,,,,,,,,,,,,,,,,,,,,,,,6.752,6.105,2.643,,,,,3.213,,,,,,,,,,,,,,,,,,,,,
2014-12-15T15:00:00Z,2014-12-15T16:00:00+0100,,,,,,,,,,,,,,,,,,,,,,,,,,,,,,,,,,,,,,,,,6.823,6.237,2.684,,,,,3.213,,,,,,,,,,,,,,,,,,,,,
2014-12-15T16:00:00Z,2014-12-15T17:00:00+0100,,,,,,,,,,,,,,,,,,,,,,,,,,,,,,,,,,,,,,,,,6.888,6.240,2.725,,,,,3.213,,,,,,,,,,,,,,,,,,,,,
2014-12-15T17:00:00Z,2014-12-15T18:00:00+0100,,,,,,,,,,,,,,,,,,,,,,,,,,,,,,,,,,,,,,,,,6.955,6.242,2.727,,,,,3.213,,,,,,,,,,,,,,,,,,,,,
2014-12-15T18:00:00Z,2014-12-15T19:00:00+0100,,,,,,,,,,,,,,,,,,,,,,,,,,,,,,,,,,,,,,,,,7.022,6.245,2.768,,,,,3.213,,,,,,,,,,,,,,,,,,,,,
2014-12-15T19:00:00Z,2014-12-15T20:00:00+0100,,,,,,,,,,,,,,,,,,,,,,,,,,,,,,,,,,,,,,,,,7.089,6.247,2.809,,,,,3.213,,,,,,,,,,,,,,,,,,,,,
2014-12-15T20:00:00Z,2014-12-15T21:00:00+0100,,,,,,,,,,,,,,,,,,,,,,,,,,,,,,,,,,,,,,,,,7.156,6.250,2.815,,,,,3.213,,,,,,,,,,,,,,,,,,,,,
2014-12-15T21:00:00Z,2014-12-15T22:00:00+0100,,,,,,,,,,,,,,,,,,,,,,,,,,,,,,,,,,,,,,,,,7.222,6.252,2.852,,,,,3.213,,,,,,,,,,,,,,,,,,,,,
2014-12-15T22:00:00Z,2014-12-15T23:00:00+0100,,,,,,,,,,,,,,,,,,,,,,,,,,,,,,,,,,,,,,,,,7.264,6.254,2.894,,,,,3.213,,,,,,,,,,,,,,,,,,,,,
2014-12-15T23:00:00Z,2014-12-16T00:00:00+0100,,,,,,,,,,,,,,,,,,,,,,,,,,,,,,,,,,,,,,,,,7.314,6.257,2.906,,,,,3.213,,,,,,,,,,,,,,,,,,,,,
2014-12-16T00:00:00Z,2014-12-16T01:00:00+0100,,,,,,,,,,,,,,,,,,,,,,,,,,,,,,,,,,,,,,,,,7.384,6.260,2.937,,,,,3.213,,,,,,,,,,,,,,,,,,,,,
2014-12-16T01:00:00Z,2014-12-16T02:00:00+0100,,,,,,,,,,,,,,,,,,,,,,,,,,,,,,,,,,,,,,,,,7.448,6.263,2.978,,,,,3.213,,,,,,,,,,,,,,,,,,,,,
2014-12-16T02:00:00Z,2014-12-16T03:00:00+0100,,,,,,,,,,,,,,,,,,,,,,,,,,,,,,,,,,,,,,,,,7.518,6.265,2.994,,,,,3.213,,,,,,,,,,,,,,,,,,,,,
2014-12-16T03:00:00Z,2014-12-16T04:00:00+0100,,,,,,,,,,,,,,,,,,,,,,,,,,,,,,,,,,,,,,,,,7.582,6.268,3.022,,,,,3.213,,,,,,,,,,,,,,,,,,,,,
2014-12-16T04:00:00Z,2014-12-16T05:00:00+0100,,,,,,,,,,,,,,,,,,,,,,,,,,,,,,,,,,,,,,,,,7.652,6.270,3.063,,,,,3.214,,,,,,,,,,,,,,,,,,,,,
2014-12-16T05:00:00Z,2014-12-16T06:00:00+0100,,,,,,,,,,,,,,,,,,,,,,,,,,,,,,,,,,,,,,,,,7.720,6.273,3.086,,,,,3.214,,,,,,,,,,,,,,,,,,,,,
2014-12-16T06:00:00Z,2014-12-16T07:00:00+0100,,,,,,,,,,,,,,,,,,,,,,,,,,,,,,,,,,,,,,,,,7.789,6.276,3.105,,,,,3.214,,,,,,,,,,,,,,,,,,,,,
2014-12-16T07:00:00Z,2014-12-16T08:00:00+0100,,,,,,,,,,,,,,,,,,,,,,,,,,,,,,,,,,,,,,,,,7.857,6.278,3.146,,,,,3.214,,,,,,,,,,,,,,,,,,,,,
2014-12-16T08:00:00Z,2014-12-16T09:00:00+0100,,,,,,,,,,,,,,,,,,,,,,,,,,,,,,,,,,,,,,,,,7.926,6.281,3.174,,,,,3.214,,,,,,,,,,,,,,,,,,,,,
2014-12-16T09:00:00Z,2014-12-16T10:00:00+0100,,,,,,,,,,,,,,,,,,,,,,,,,,,,,,,,,,,,,,,,,8.009,6.283,3.189,,,,,3.214,,,,,,,,,,,,,,,,,,,,,
2014-12-16T10:00:00Z,2014-12-16T11:00:00+0100,,,,,,,,,,,,,,,,,,,,,,,,,,,,,,,,,,,,,,,,,8.119,6.286,3.230,,,,,3.214,,,,,,,,,,,,,,,,,,,,,
2014-12-16T11:00:00Z,2014-12-16T12:00:00+0100,,,,,,,,,,,,,,,,,,,,,,,,,,,,,,,,,,,,,,,,,8.220,6.288,3.261,,,,,3.214,,,,,,,,,,,,,,,,,,,,,
2014-12-16T12:00:00Z,2014-12-16T13:00:00+0100,,,,,,,,,,,,,,,,,,,,,,,,,,,,,,,,,,,,,,,,,8.296,6.291,3.273,,,,,3.214,,,,,,,,,,,,,,,,,,,,,
2014-12-16T13:00:00Z,2014-12-16T14:00:00+0100,,,,,,,,,,,,,,,,,,,,,,,,,,,,,,,,,,,,,,,,,8.368,6.294,3.314,,,,,3.214,,,,,,,,,,,,,,,,,,,,,
2014-12-16T14:00:00Z,2014-12-16T15:00:00+0100,,,,,,,,,,,,,,,,,,,,,,,,,,,,,,,,,,,,,,,,,8.440,6.296,3.350,,,,,3.214,,,,,,,,,,,,,,,,,,,,,
2014-12-16T15:00:00Z,2014-12-16T16:00:00+0100,,,,,,,,,,,,,,,,,,,,,,,,,,,,,,,,,,,,,,,,,8.512,6.299,3.357,,,,,3.214,,,,,,,,,,,,,,,,,,,,,
2014-12-16T16:00:00Z,2014-12-16T17:00:00+0100,,,,,,,,,,,,,,,,,,,,,,,,,,,,,,,,,,,,,,,,,8.578,6.301,3.397,,,,,3.214,,,,,,,,,,,,,,,,,,,,,
2014-12-16T17:00:00Z,2014-12-16T18:00:00+0100,,,,,,,,,,,,,,,,,,,,,,,,,,,,,,,,,,,,,,,,,8.645,6.304,3.438,,,,,3.214,,,,,,,,,,,,,,,,,,,,,
2014-12-16T18:00:00Z,2014-12-16T19:00:00+0100,,,,,,,,,,,,,,,,,,,,,,,,,,,,,,,,,,,,,,,,,8.714,7.128,3.440,,,,,3.214,,,,,,,,,,,,,,,,,,,,,
2014-12-16T19:00:00Z,2014-12-16T20:00:00+0100,,,,,,,,,,,,,,,,,,,,,,,,,,,,,,,,,,,,,,,,,8.786,7.803,3.481,,,,,3.214,,,,,,,,,,,,,,,,,,,,,
2014-12-16T20:00:00Z,2014-12-16T21:00:00+0100,,,,,,,,,,,,,,,,,,,,,,,,,,,,,,,,,,,,,,,,,8.858,7.806,3.522,,,,,3.214,,,,,,,,,,,,,,,,,,,,,
2014-12-16T21:00:00Z,2014-12-16T22:00:00+0100,,,,,,,,,,,,,,,,,,,,,,,,,,,,,,,,,,,,,,,,,8.929,7.809,3.524,,,,,3.214,,,,,,,,,,,,,,,,,,,,,
2014-12-16T22:00:00Z,2014-12-16T23:00:00+0100,,,,,,,,,,,,,,,,,,,,,,,,,,,,,,,,,,,,,,,,,8.973,7.811,3.566,,,,,3.214,,,,,,,,,,,,,,,,,,,,,
2014-12-16T23:00:00Z,2014-12-17T00:00:00+0100,,,,,,,,,,,,,,,,,,,,,,,,,,,,,,,,,,,,,,,,,8.993,7.813,3.607,,,,,3.214,,,,,,,,,,,,,,,,,,,,,
2014-12-17T00:00:00Z,2014-12-17T01:00:00+0100,,,,,,,,,,,,,,,,,,,,,,,,,,,,,,,,,,,,,,,,,9.064,7.816,3.614,,,,,3.214,,,,,,,,,,,,,,,,,,,,,DE_KN_residential3_washing_machine
2014-12-17T01:00:00Z,2014-12-17T02:00:00+0100,,,,,,,,,,,,,,,,,,,,,,,,,,,,,,,,,,,,,,,,,9.128,7.819,3.650,,,,,3.214,,,,,,,,,,,,,,,,,,,,,DE_KN_residential3_washing_machine
2014-12-17T02:00:00Z,2014-12-17T03:00:00+0100,,,,,,,,,,,,,,,,,,,,,,,,,,,,,,,,,,,,,,,,,9.197,7.821,3.691,,,,,3.214,,,,,,,,,,,,,,,,,,,,,
2014-12-17T03:00:00Z,2014-12-17T04:00:00+0100,,,,,,,,,,,,,,,,,,,,,,,,,,,,,,,,,,,,,,,,,9.262,7.824,3.703,,,,,3.214,,,,,,,,,,,,,,,,,,,,,
2014-12-17T04:00:00Z,2014-12-17T05:00:00+0100,,,,,,,,,,,,,,,,,,,,,,,,,,,,,,,,,,,,,,,,,9.332,7.827,3.734,,,,,3.214,,,,,,,,,,,,,,,,,,,,,
2014-12-17T05:00:00Z,2014-12-17T06:00:00+0100,,,,,,,,,,,,,,,,,,,,,,,,,,,,,,,,,,,,,,,,,9.403,7.829,3.775,,,,,3.214,,,,,,,,,,,,,,,,,,,,,
2014-12-17T06:00:00Z,2014-12-17T07:00:00+0100,,,,,,,,,,,,,,,,,,,,,,,,,,,,,,,,,,,,,,,,,9.473,7.832,3.803,,,,,3.214,,,,,,,,,,,,,,,,,,,,,
2014-12-17T07:00:00Z,2014-12-17T08:00:00+0100,,,,,,,,,,,,,,,,,,,,,,,,,,,,,,,,,,,,,,,,,9.544,7.834,3.819,,,,,3.215,,,,,,,,,,,,,,,,,,,,,DE_KN_residential3_freezer
2014-12-17T08:00:00Z,2014-12-17T09:00:00+0100,,,,,,,,,,,,,,,,,,,,,,,,,,,,,,,,,,,,,,,,,9.615,7.836,3.860,,,,,3.215,,,,,,,,,,,,,,,,,,,,,
2014-12-17T09:00:00Z,2014-12-17T10:00:00+0100,,,,,,,,,,,,,,,,,,,,,,,,,,,,,,,,,,,,,,,,,9.685,7.839,3.891,,,,,3.215,,,,,,,,,,,,,,,,,,,,,
2014-12-17T10:00:00Z,2014-12-17T11:00:00+0100,,,,,,,,,,,,,,,,,,,,,,,,,,,,,,,,,,,,,,,,,9.755,7.842,3.903,,,,,3.215,,,,,,,,,,,,,,,,,,,,,
2014-12-17T11:00:00Z,2014-12-17T12:00:00+0100,,,,,,,,,,,,,,,,,,,,,,,,,,,,,,,,,,,,,,,,,9.827,7.844,3.945,,,,,3.215,,,,,,,,,,,,,,,,,,,,,
2014-12-17T12:00:00Z,2014-12-17T13:00:00+0100,,,,,,,,,,,,,,,,,,,,,,,,,,,,,,,,,,,,,,,,,9.897,7.847,3.976,,,,,3.215,,,,,,,,,,,,,,,,,,,,,
2014-12-17T13:00:00Z,2014-12-17T14:00:00+0100,,,,,,,,,,,,,,,,,,,,,,,,,,,,,,,,,,,,,,,,,9.973,7.849,3.988,,,,,3.215,,,,,,,,,,,,,,,,,,,,,
2014-12-17T14:00:00Z,2014-12-17T15:00:00+0100,,,,,,,,,,,,,,,,,,,,,,,,,,,,,,,,,,,,,,,,,10.048,7.851,4.029,,,,,3.216,,,,,,,,,,,,,,,,,,,,,
2014-12-17T15:00:00Z,2014-12-17T16:00:00+0100,,,,,,,,,,,,,,,,,,,,,,,,,,,,,,,,,,,,,,,,,10.124,7.854,4.061,,,,,3.584,,,,,,,,,,,,,,,,,,,,,
2014-12-17T16:00:00Z,2014-12-17T17:00:00+0100,,,,,,,,,,,,,,,,,,,,,,,,,,,,,,,,,,,,,,,,,10.192,7.857,4.072,,,,,3.678,,,,,,,,,,,,,,,,,,,,,
2014-12-17T17:00:00Z,2014-12-17T18:00:00+0100,,,,,,,,,,,,,,,,,,,,,,,,,,,,,,,,,,,,,,,,,10.261,7.859,4.113,,,,,3.693,,,,,,,,,,,,,,,,,,,,,
2014-12-17T18:00:00Z,2014-12-17T19:00:00+0100,,,,,,,,,,,,,,,,,,,,,,,,,,,,,,,,,,,,,,,,,10.334,8.622,4.155,,,,,3.693,,,,,,,,,,,,,,,,,,,,,
2014-12-17T19:00:00Z,2014-12-17T20:00:00+0100,,,,,,,,,,,,,,,,,,,,,,,,,,,,,,,,,,,,,,,,,10.406,9.065,4.172,,,,,3.694,,,,,,,,,,,,,,,,,,,,,
2014-12-17T20:00:00Z,2014-12-17T21:00:00+0100,,,,,,,,,,,,,,,,,,,,,,,,,,,,,,,,,,,,,,,,,10.477,9.067,4.199,,,,,4.077,,,,,,,,,,,,,,,,,,,,,
2014-12-17T21:00:00Z,2014-12-17T22:00:00+0100,,,,,,,,,,,,,,,,,,,,,,,,,,,,,,,,,,,,,,,,,10.547,9.069,4.241,,,,,4.193,,,,,,,,,,,,,,,,,,,,,
2014-12-17T22:00:00Z,2014-12-17T23:00:00+0100,,,,,,,,,,,,,,,,,,,,,,,,,,,,,,,,,,,,,,,,,10.591,9.072,4.282,,,,,4.573,,,,,,,,,,,,,,,,,,,,,
2014-12-17T23:00:00Z,2014-12-18T00:00:00+0100,,,,,,,,,,,,,,,,,,,,,,,,,,,,,,,,,,,,,,,,,10.611,9.074,4.301,,,,,4.835,,,,,,,,,,,,,,,,,,,,,
2014-12-18T00:00:00Z,2014-12-18T01:00:00+0100,,,,,,,,,,,,,,,,,,,,,,,,,,,,,,,,,,,,,,,,,10.681,9.076,4.325,,,,,4.856,,,,,,,,,,,,,,,,,,,,,
2014-12-18T01:00:00Z,2014-12-18T02:00:00+0100,,,,,,,,,,,,,,,,,,,,,,,,,,,,,,,,,,,,,,,,,10.746,9.079,4.366,,,,,4.856,,,,,,,,,,,,,,,,,,,,,
2014-12-18T02:00:00Z,2014-12-18T03:00:00+0100,,,,,,,,,,,,,,,,,,,,,,,,,,,,,,,,,,,,,,,,,10.816,9.081,4.407,,,,,4.856,,,,,,,,,,,,,,,,,,,,,
2014-12-18T03:00:00Z,2014-12-18T04:00:00+0100,,,,,,,,,,,,,,,,,,,,,,,,,,,,,,,,,,,,,,,,,10.880,9.084,4.416,,,,,4.856,,,,,,,,,,,,,,,,,,,,,
2014-12-18T04:00:00Z,2014-12-18T05:00:00+0100,,,,,,,,,,,,,,,,,,,,,,,,,,,,,,,,,,,,,,,,,10.949,9.087,4.450,,,,,4.856,,,,,,,,,,,,,,,,,,,,,
2014-12-18T05:00:00Z,2014-12-18T06:00:00+0100,,,,,,,,,,,,,,,,,,,,,,,,,,,,,,,,,,,,,,,,,11.020,9.095,4.491,,,,,5.259,,,,,,,,,,,,,,,,,,,,,
2014-12-18T06:00:00Z,2014-12-18T07:00:00+0100,,,,,,,,,,,,,,,,,,,,,,,,,,,,,,,,,,,,,,,,,11.093,10.053,4.515,,,,,5.329,,,,,,,,,,,,,,,,,,,,,
2014-12-18T07:00:00Z,2014-12-18T08:00:00+0100,,,,,,,,,,,,,,,,,,,,,,,,,,,,,,,,,,,,,,,,,11.164,10.561,4.534,,,,,5.376,,,,,,,,,,,,,,,,,,,,,
2014-12-18T08:00:00Z,2014-12-18T09:00:00+0100,,,,,,,,,,,,,,,,,,,,,,,,,,,,,,,,,,,,,,,,,11.235,10.563,4.574,,,,,5.794,,,,,,,,,,,,,,,,,,,,,
2014-12-18T09:00:00Z,2014-12-18T10:00:00+0100,,,,,,,,,,,,,,,,,,,,,,,,,,,,,,,,,,,,,,,,,11.306,10.565,4.614,,,,,5.839,,,,,,,,,,,,,,,,,,,,,
2014-12-18T10:00:00Z,2014-12-18T11:00:00+0100,,,,,,,,,,,,,,,,,,,,,,,,,,,,,,,,,,,,,,,,,11.376,10.567,4.617,,,,,5.839,,,,,,,,,,,,,,,,,,,,,
2014-12-18T11:00:00Z,2014-12-18T12:00:00+0100,,,,,,,,,,,,,,,,,,,,,,,,,,,,,,,,,,,,,,,,,11.446,10.570,4.658,,,,,5.839,,,,,,,,,,,,,,,,,,,,,DE_KN_residential3_freezer
2014-12-18T12:00:00Z,2014-12-18T13:00:00+0100,,,,,,,,,,,,,,,,,,,,,,,,,,,,,,,,,,,,,,,,,11.515,10.572,4.698,,,,,5.839,,,,,,,,,,,,,,,,,,,,,DE_KN_residential3_freezer
2014-12-18T13:00:00Z,2014-12-18T14:00:00+0100,,,,,,,,,,,,,,,,,,,,,,,,,,,,,,,,,,,,,,,,,11.593,10.574,4.701,,,,,6.326,,,,,,,,,,,,,,,,,,,,,
2014-12-18T14:00:00Z,2014-12-18T15:00:00+0100,,,,,,,,,,,,,,,,,,,,,,,,,,,,,,,,,,,,,,,,,11.670,10.577,4.739,,,,,6.408,,,,,,,,,,,,,,,,,,,,,
2014-12-18T15:00:00Z,2014-12-18T16:00:00+0100,,,,,,,,,,,,,,,,,,,,,,,,,,,,,,,,,,,,,,,,,11.744,10.580,4.781,,,,,6.498,,,,,,,,,,,,,,,,,,,,,
2014-12-18T16:00:00Z,2014-12-18T17:00:00+0100,,,,,,,,,,,,,,,,,,,,,,,,,,,,,,,,,,,,,,,,,11.813,10.582,4.823,,,,,6.499,,,,,,,,,,,,,,,,,,,,,
2014-12-18T17:00:00Z,2014-12-18T18:00:00+0100,,,,,,,,,,,,,,,,,,,,,,,,,,,,,,,,,,,,,,,,,11.882,10.585,4.827,,,,,6.499,,,,,,,,,,,,,,,,,,,,,
2014-12-18T18:00:00Z,2014-12-18T19:00:00+0100,,,,,,,,,,,,,,,,,,,,,,,,,,,,,,,,,,,,,,,,,11.951,10.587,4.867,,,,,7.338,,,,,,,,,,,,,,,,,,,,,
2014-12-18T19:00:00Z,2014-12-18T20:00:00+0100,,,,,,,,,,,,,,,,,,,,,,,,,,,,,,,,,,,,,,,,,12.021,10.590,4.909,,,,0.000,7.794,,,,,,,,,,,,,,,,,,,,,
2014-12-18T20:00:00Z,2014-12-18T21:00:00+0100,,,,,,,,,,,,,,,,,,,,,,,,,,,,,,,,,,,,,,,,,12.089,10.592,4.920,,,,0.027,7.796,,,,,,,,,,,,,,,,,,,,,
2014-12-18T21:00:00Z,2014-12-18T22:00:00+0100,,,,,,,,,,,,,,,,,,,,,,,,,,,,,,,,,,,,,,,,,12.159,10.595,4.953,,,,0.049,7.796,,,,,,,,,,,,,,,,,,,,,
2014-12-18T22:00:00Z,2014-12-18T23:00:00+0100,,,,,,,,,,,,,,,,,,,,,,,,,,,,,,,,,,,,,,,,,12.202,10.598,4.994,,,,0.069,7.796,,,,,,,,,,,,,,,,,,,,,
2014-12-18T23:00:00Z,2014-12-19T00:00:00+0100,,,,,,,,,,,,,,,,,,,,,,,,,,,,,,,,,,,,,,,,,12.211,10.600,5.013,,,,0.109,7.796,,,,,,,,,,,,,,,,,,,,,
2014-12-19T00:00:00Z,2014-12-19T01:00:00+0100,,,,,,,,,,,,,,,,,,,,,,,,,,,,,,,,,,,,,,,,,12.262,10.602,5.039,,,,0.126,7.796,,,,,,,,,,,,,,,,,,,,,DE_KN_residential3_washing_machine
2014-12-19T01:00:00Z,2014-12-19T02:00:00+0100,,,,,,,,,,,,,,,,,,,,,,,,,,,,,,,,,,,,,,,,,12.327,10.605,5.080,,,,0.140,7.796,,,,,,,,,,,,,,,,,,,,,
2014-12-19T02:00:00Z,2014-12-19T03:00:00+0100,,,,,,,,,,,,,,,,,,,,,,,,,,,,,,,,,,,,,,,,,12.396,10.607,5.104,,,,0.169,7.796,,,,,,,,,,,,,,,,,,,,,
2014-12-19T03:00:00Z,2014-12-19T04:00:00+0100,,,,,,,,,,,,,,,,,,,,,,,,,,,,,,,,,,,,,,,,,12.461,10.610,5.124,,,,0.183,7.796,,,,,,,,,,,,,,,,,,,,,
2014-12-19T04:00:00Z,2014-12-19T05:00:00+0100,,,,,,,,,,,,,,,,,,,,,,,,,,,,,,,,,,,,,,,,,12.531,10.613,5.166,,,,0.198,7.796,,,,,,,,,,,,,,,,,,,,,
2014-12-19T05:00:00Z,2014-12-19T06:00:00+0100,,,,,,,,,,,,,,,,,,,,,,,,,,,,,,,,,,,,,,,,,12.600,10.615,5.194,,,,0.226,7.796,,,,,,,,,,,,,,,,,,,,,
2014-12-19T06:00:00Z,2014-12-19T07:00:00+0100,,,,,,,,,,,,,,,,,,,,,,,,,,,,,,,,,,,,,,,,,12.669,10.618,5.210,,,,0.238,7.796,,,,,,,,,,,,,,,,,,,,,
2014-12-19T07:00:00Z,2014-12-19T08:00:00+0100,,,,,,,,,,,,,,,,,,,,,,,,,,,,,,,,,,,,,,,,,12.741,11.235,5.251,,,,0.260,7.812,,,,,,,,,,,,,,,,,,,,,
2014-12-19T08:00:00Z,2014-12-19T09:00:00+0100,,,,,,,,,,,,,,,,,,,,,,,,,,,,,,,,,,,,,,,,,12.811,11.810,5.284,,,,0.288,7.812,,,,,,,,,,,,,,,,,,,,,
2014-12-19T09:00:00Z,2014-12-19T10:00:00+0100,,,,,,,,,,,,,,,,,,,,,,,,,,,,,,,,,,,,,,,,,12.899,11.815,5.295,,,,0.291,7.812,,,,,,,,,,,,,,,,,,,,,
2014-12-19T10:00:00Z,2014-12-19T11:00:00+0100,,,,,,,,,,,,,,,,,,,,,,,,,,,,,,,,,,,,,,,,,13.008,11.819,5.336,,,,0.315,7.812,,,,,,,,,,,,,,,,,,,,,
2014-12-19T11:00:00Z,2014-12-19T12:00:00+0100,,,,,,,,,,,,,,,,,,,,,,,,,,,,,,,,,,,,,,,,,13.121,11.824,5.373,,,,0.343,7.812,,,,,,,,,,,,,,,,,,,,,
2014-12-19T12:00:00Z,2014-12-19T13:00:00+0100,,,,,,,,,,,,,,,,,,,,,,,,,,,,,,,,,,,,,,,,,13.234,11.827,5.380,,,,0.373,7.812,,,,,,,,,,,,,,,,,,,,,
2014-12-19T13:00:00Z,2014-12-19T14:00:00+0100,,,,,,,,,,,,,,,,,,,,,,,,,,,,,,,,,,,,,,,,,13.341,12.198,5.422,,,,0.396,7.812,,,,,,,,,,,,,,,,,,,,,
2014-12-19T14:00:00Z,2014-12-19T15:00:00+0100,,,,,,,,,,,,,,,,,,,,,,,,,,,,,,,,,,,,,,,,,13.422,12.929,5.463,,,,0.424,7.812,,,,,,,,,,,,,,,,,,,,,
2014-12-19T15:00:00Z,2014-12-19T16:00:00+0100,,,,,,,,,,,,,,,,,,,,,,,,,,,,,,,,,,,,,,,,,13.497,12.933,5.465,,,,0.442,8.043,,,,,,,,,,,,,,,,,,,,,
2014-12-19T16:00:00Z,2014-12-19T17:00:00+0100,,,,,,,,,,,,,,,,,,,,,,,,,,,,,,,,,,,,,,,,,13.564,12.936,5.507,,,,0.452,8.260,,,,,,,,,,,,,,,,,,,,,
2014-12-19T17:00:00Z,2014-12-19T18:00:00+0100,,,,,,,,,,,,,,,,,,,,,,,,,,,,,,,,,,,,,,,,,13.632,12.938,5.548,,,,0.479,8.262,,,,,,,,,,,,,,,,,,,,,
2014-12-19T18:00:00Z,2014-12-19T19:00:00+0100,,,,,,,,,,,,,,,,,,,,,,,,,,,,,,,,,,,,,,,,,13.700,12.941,5.550,,,,0.509,8.262,,,,,,,,,,,,,,,,,,,,,
2014-12-19T19:00:00Z,2014-12-19T20:00:00+0100,,,,,,,,,,,,,,,,,,,,,,,,,,,,,,,,,,,,,,,,,13.768,12.943,5.592,,,,0.529,8.424,,,,,,,,,,,,,,,,,,,,,
2014-12-19T20:00:00Z,2014-12-19T21:00:00+0100,,,,,,,,,,,,,,,,,,,,,,,,,,,,,,,,,,,,,,,,,13.836,12.945,5.634,,,,0.541,8.489,,,,,,,,,,,,,,,,,,,,,
2014-12-19T21:00:00Z,2014-12-19T22:00:00+0100,,,,,,,,,,,,,,,,,,,,,,,,,,,,,,,,,,,,,,,,,13.904,12.948,5.641,,,,0.568,8.717,,,,,,,,,,,,,,,,,,,,,
2014-12-19T22:00:00Z,2014-12-19T23:00:00+0100,,,,,,,,,,,,,,,,,,,,,,,,,,,,,,,,,,,,,,,,,13.946,12.951,5.678,,,,0.599,8.928,,,,,,,,,,,,,,,,,,,,,
2014-12-19T23:00:00Z,2014-12-20T00:00:00+0100,,,,,,,,,,,,,,,,,,,,,,,,,,,,,,,,,,,,,,,,,13.955,12.953,5.720,,,,0.627,9.198,,,,,,,,,,,,,,,,,,,,,
2014-12-20T00:00:00Z,2014-12-20T01:00:00+0100,,,,,,,,,,,,,,,,,,,,,,,,,,,,,,,,,,,,,,,,,14.012,12.955,5.735,,,,0.647,9.283,,,,,,,,,,,,,,,,,,,,,
2014-12-20T01:00:00Z,2014-12-20T02:00:00+0100,,,,,,,,,,,,,,,,,,,,,,,,,,,,,,,,,,,,,,,,,14.076,12.958,5.764,,,,0.662,9.290,,,,,,,,,,,,,,,,,,,,,
2014-12-20T02:00:00Z,2014-12-20T03:00:00+0100,,,,,,,,,,,,,,,,,,,,,,,,,,,,,,,,,,,,,,,,,14.145,12.960,5.810,,,,0.683,9.290,,,,,,,,,,,,,,,,,,,,,
2014-12-20T03:00:00Z,2014-12-20T04:00:00+0100,,,,,,,,,,,,,,,,,,,,,,,,,,,,,,,,,,,,,,,,,14.208,12.963,5.854,,,,0.710,9.290,,,,,,,,,,,,,,,,,,,,,
2014-12-20T04:00:00Z,2014-12-20T05:00:00+0100,,,,,,,,,,,,,,,,,,,,,,,,,,,,,,,,,,,,,,,,,14.277,12.966,5.898,,,,0.730,9.290,,,,,,,,,,,,,,,,,,,,,
2014-12-20T05:00:00Z,2014-12-20T06:00:00+0100,,,,,,,,,,,,,,,,,,,,,,,,,,,,,,,,,,,,,,,,,14.347,12.968,5.911,,,,0.745,9.290,,,,,,,,,,,,,,,,,,,,,
2014-12-20T06:00:00Z,2014-12-20T07:00:00+0100,,,,,,,,,,,,,,,,,,,,,,,,,,,,,,,,,,,,,,,,,14.418,12.971,5.944,,,,0.763,9.290,,,,,,,,,,,,,,,,,,,,,
2014-12-20T07:00:00Z,2014-12-20T08:00:00+0100,,,,,,,,,,,,,,,,,,,,,,,,,,,,,,,,,,,,,,,,,14.488,12.973,5.988,,,,0.790,9.290,,,,,,,,,,,,,,,,,,,,,
2014-12-20T08:00:00Z,2014-12-20T09:00:00+0100,,,,,,,,,,,,,,,,,,,,,,,,,,,,,,,,,,,,,,,,,14.557,12.975,6.028,,,,0.790,9.290,,,,,,,,,,,,,,,,,,,,,
2014-12-20T09:00:00Z,2014-12-20T10:00:00+0100,,,,,,,,,,,,,,,,,,,,,,,,,,,,,,,,,,,,,,,,,14.671,12.978,6.035,,,,0.817,9.290,,,,,,,,,,,,,,,,,,,,,
2014-12-20T10:00:00Z,2014-12-20T11:00:00+0100,,,,,,,,,,,,,,,,,,,,,,,,,,,,,,,,,,,,,,,,,14.784,12.981,6.076,,,,0.835,9.290,,,,,,,,,,,,,,,,,,,,,
2014-12-20T11:00:00Z,2014-12-20T12:00:00+0100,,,,,,,,,,,,,,,,,,,,,,,,,,,,,,,,,,,,,,,,,14.890,12.984,6.121,,,,0.844,9.290,,,,,,,,,,,,,,,,,,,,,
2014-12-20T12:00:00Z,2014-12-20T13:00:00+0100,,,,,,,,,,,,,,,,,,,,,,,,,,,,,,,,,,,,,,,,,14.975,12.986,6.136,,,,0.871,9.291,,,,,,,,,,,,,,,,,,,,,
2014-12-20T13:00:00Z,2014-12-20T14:00:00+0100,,,,,,,,,,,,,,,,,,,,,,,,,,,,,,,,,,,,,,,,,15.067,12.989,6.167,,,,0.877,9.291,,,,,,,,,,,,,,,,,,,,,
2014-12-20T14:00:00Z,2014-12-20T15:00:00+0100,,,,,,,,,,,,,,,,,,,,,,,,,,,,,,,,,,,,,,,,,15.149,12.991,6.210,,,,0.897,9.291,,,,,,,,,,,,,,,,,,,,,
2014-12-20T15:00:00Z,2014-12-20T16:00:00+0100,,,,,,,,,,,,,,,,,,,,,,,,,,,,,,,,,,,,,,,,,15.222,12.993,6.243,,,,0.921,9.291,,,,,,,,,,,,,,,,,,,,,
2014-12-20T16:00:00Z,2014-12-20T17:00:00+0100,,,,,,,,,,,,,,,,,,,,,,,,,,,,,,,,,,,,,,,,,15.290,12.996,6.254,,,,0.924,9.291,,,,,,,,,,,,,,,,,,,,,
2014-12-20T17:00:00Z,2014-12-20T18:00:00+0100,,,,,,,,,,,,,,,,,,,,,,,,,,,,,,,,,,,,,,,,,15.358,12.999,6.297,,,,0.950,9.291,,,,,,,,,,,,,,,,,,,,,
2014-12-20T18:00:00Z,2014-12-20T19:00:00+0100,,,,,,,,,,,,,,,,,,,,,,,,,,,,,,,,,,,,,,,,,15.428,13.001,6.340,,,,0.963,9.291,,,,,,,,,,,,,,,,,,,,,DE_KN_residential3_washing_machine
2014-12-20T19:00:00Z,2014-12-20T20:00:00+0100,,,,,,,,,,,,,,,,,,,,,,,,,,,,,,,,,,,,,,,,,15.497,13.004,6.342,,,,0.977,9.291,,,,,,,,,,,,,,,,,,,,,
2014-12-20T20:00:00Z,2014-12-20T21:00:00+0100,,,,,,,,,,,,,,,,,,,,,,,,,,,,,,,,,,,,,,,,,15.566,13.006,6.384,,,,1.003,9.291,,,,,,,,,,,,,,,,,,,,,
2014-12-20T21:00:00Z,2014-12-20T22:00:00+0100,,,,,,,,,,,,,,,,,,,,,,,,,,,,,,,,,,,,,,,,,15.636,13.009,6.427,,,,1.003,9.291,,,,,,,,,,,,,,,,,,,,,DE_KN_residential3_washing_machine
2014-12-20T22:00:00Z,2014-12-20T23:00:00+0100,,,,,,,,,,,,,,,,,,,,,,,,,,,,,,,,,,,,,,,,,15.678,13.011,6.430,,,,1.030,9.291,,,,,,,,,,,,,,,,,,,,,
2014-12-20T23:00:00Z,2014-12-21T00:00:00+0100,,,,,,,,,,,,,,,,,,,,,,,,,,,,,,,,,,,,,,,,,15.702,13.014,6.473,,,,1.048,9.291,,,,,,,,,,,,,,,,,,,,,
2014-12-21T00:00:00Z,2014-12-21T01:00:00+0100,,,,,,,,,,,,,,,,,,,,,,,,,,,,,,,,,,,,,,,,,15.772,13.017,6.516,,,,1.056,9.291,,,,,,,,,,,,,,,,,,,,,
2014-12-21T01:00:00Z,2014-12-21T02:00:00+0100,,,,,,,,,,,,,,,,,,,,,,,,,,,,,,,,,,,,,,,,,15.837,13.019,6.518,,,,1.082,9.291,,,,,,,,,,,,,,,,,,,,,
2014-12-21T02:00:00Z,2014-12-21T03:00:00+0100,,,,,,,,,,,,,,,,,,,,,,,,,,,,,,,,,,,,,,,,,15.907,13.022,6.561,,,,1.088,9.291,,,,,,,,,,,,,,,,,,,,,
2014-12-21T03:00:00Z,2014-12-21T04:00:00+0100,,,,,,,,,,,,,,,,,,,,,,,,,,,,,,,,,,,,,,,,,15.972,13.024,6.605,,,,1.109,9.291,,,,,,,,,,,,,,,,,,,,,
2014-12-21T04:00:00Z,2014-12-21T05:00:00+0100,,,,,,,,,,,,,,,,,,,,,,,,,,,,,,,,,,,,,,,,,16.037,13.027,6.607,,,,1.131,9.291,,,,,,,,,,,,,,,,,,,,,
2014-12-21T05:00:00Z,2014-12-21T06:00:00+0100,,,,,,,,,,,,,,,,,,,,,,,,,,,,,,,,,,,,,,,,,16.101,13.029,6.650,,,,1.135,9.291,,,,,,,,,,,,,,,,,,,,,
2014-12-21T06:00:00Z,2014-12-21T07:00:00+0100,,,,,,,,,,,,,,,,,,,,,,,,,,,,,,,,,,,,,,,,,16.166,13.032,6.694,,,,1.161,9.291,,,,,,,,,,,,,,,,,,,,,
2014-12-21T07:00:00Z,2014-12-21T08:00:00+0100,,,,,,,,,,,,,,,,,,,,,,,,,,,,,,,,,,,,,,,,,16.231,13.034,6.696,,,,1.170,9.291,,,,,,,,,,,,,,,,,,,,,
2014-12-21T08:00:00Z,2014-12-21T09:00:00+0100,,,,,,,,,,,,,,,,,,,,,,,,,,,,,,,,,,,,,,,,,16.296,13.037,6.739,,,,1.187,9.291,,,,,,,,,,,,,,,,,,,,,
2014-12-21T09:00:00Z,2014-12-21T10:00:00+0100,,,,,,,,,,,,,,,,,,,,,,,,,,,,,,,,,,,,,,,,,16.388,13.039,6.780,,,,1.213,9.291,,,,,,,,,,,,,,,,,,,,,
2014-12-21T10:00:00Z,2014-12-21T11:00:00+0100,,,,,,,,,,,,,,,,,,,,,,,,,,,,,,,,,,,,,,,,,16.482,13.042,6.784,,,,1.214,9.292,,,,,,,,,,,,,,,,,,,,,
2014-12-21T11:00:00Z,2014-12-21T12:00:00+0100,,,,,,,,,,,,,,,,,,,,,,,,,,,,,,,,,,,,,,,,,16.586,13.044,6.827,,,,1.240,9.292,,,,,,,,,,,,,,,,,,,,,
2014-12-21T12:00:00Z,2014-12-21T13:00:00+0100,,,,,,,,,,,,,,,,,,,,,,,,,,,,,,,,,,,,,,,,,16.677,13.047,6.867,,,,1.254,9.292,,,,,,,,,,,,,,,,,,,,,
2014-12-21T13:00:00Z,2014-12-21T14:00:00+0100,,,,,,,,,,,,,,,,,,,,,,,,,,,,,,,,,,,,,,,,,16.746,13.050,6.872,,,,1.267,9.292,,,,,,,,,,,,,,,,,,,,,
2014-12-21T14:00:00Z,2014-12-21T15:00:00+0100,,,,,,,,,,,,,,,,,,,,,,,,,,,,,,,,,,,,,,,,,16.816,13.052,6.915,,,,1.292,9.292,,,,,,,,,,,,,,,,,,,,,
2014-12-21T15:00:00Z,2014-12-21T16:00:00+0100,,,,,,,,,,,,,,,,,,,,,,,,,,,,,,,,,,,,,,,,,16.885,13.055,6.952,,,,1.293,9.292,,,,,,,,,,,,,,,,,,,,,
2014-12-21T16:00:00Z,2014-12-21T17:00:00+0100,,,,,,,,,,,,,,,,,,,,,,,,,,,,,,,,,,,,,,,,,16.949,13.057,6.960,,,,1.319,9.292,,,,,,,,,,,,,,,,,,,,,
2014-12-21T17:00:00Z,2014-12-21T18:00:00+0100,,,,,,,,,,,,,,,,,,,,,,,,,,,,,,,,,,,,,,,,,17.014,13.060,7.003,,,,1.335,9.292,,,,,,,,,,,,,,,,,,,,,
2014-12-21T18:00:00Z,2014-12-21T19:00:00+0100,,,,,,,,,,,,,,,,,,,,,,,,,,,,,,,,,,,,,,,,,17.079,13.062,7.040,,,,1.345,9.292,,,,,,,,,,,,,,,,,,,,,
2014-12-21T19:00:00Z,2014-12-21T20:00:00+0100,,,,,,,,,,,,,,,,,,,,,,,,,,,,,,,,,,,,,,,,,17.145,13.065,7.048,,,,1.370,9.292,,,,,,,,,,,,,,,,,,,,,
2014-12-21T20:00:00Z,2014-12-21T21:00:00+0100,,,,,,,,,,,,,,,,,,,,,,,,,,,,,,,,,,,,,,,,,17.211,13.068,7.091,,,,1.372,9.292,,,,,,,,,,,,,,,,,,,,,
2014-12-21T21:00:00Z,2014-12-21T22:00:00+0100,,,,,,,,,,,,,,,,,,,,,,,,,,,,,,,,,,,,,,,,,17.278,13.070,7.125,,,,1.396,9.292,,,,,,,,,,,,,,,,,,,,,
2014-12-21T22:00:00Z,2014-12-21T23:00:00+0100,,,,,,,,,,,,,,,,,,,,,,,,,,,,,,,,,,,,,,,,,17.345,13.073,7.136,,,,1.414,9.292,,,,,,,,,,,,,,,,,,,,,DE_KN_residential3_washing_machine
2014-12-21T23:00:00Z,2014-12-22T00:00:00+0100,,,,,,,,,,,,,,,,,,,,,,,,,,,,,,,,,,,,,,,,,17.412,13.075,7.180,,,,1.423,9.292,,,,,,,,,,,,,,,,,,,,,
2014-12-22T00:00:00Z,2014-12-22T01:00:00+0100,,,,,,,,,,,,,,,,,,,,,,,,,,,,,,,,,,,,,,,,,17.483,13.077,7.213,,,,1.448,9.292,,,,,,,,,,,,,,,,,,,,,
2014-12-22T01:00:00Z,2014-12-22T02:00:00+0100,,,,,,,,,,,,,,,,,,,,,,,,,,,,,,,,,,,,,,,,,17.550,13.080,7.225,,,,1.448,9.292,,,,,,,,,,,,,,,,,,,,,
2014-12-22T02:00:00Z,2014-12-22T03:00:00+0100,,,,,,,,,,,,,,,,,,,,,,,,,,,,,,,,,,,,,,,,,17.622,13.083,7.268,,,,1.474,9.292,,,,,,,,,,,,,,,,,,,,,
2014-12-22T03:00:00Z,2014-12-22T04:00:00+0100,,,,,,,,,,,,,,,,,,,,,,,,,,,,,,,,,,,,,,,,,17.689,13.085,7.299,,,,1.491,9.292,,,,,,,,,,,,,,,,,,,,,
2014-12-22T04:00:00Z,2014-12-22T05:00:00+0100,,,,,,,,,,,,,,,,,,,,,,,,,,,,,,,,,,,,,,,,,17.755,13.088,7.313,,,,1.499,9.292,,,,,,,,,,,,,,,,,,,,,
2014-12-22T05:00:00Z,2014-12-22T06:00:00+0100,,,,,,,,,,,,,,,,,,,,,,,,,,,,,,,,,,,,,,,,,17.821,13.090,7.356,,,,1.525,9.292,,,,,,,,,,,,,,,,,,,,,
2014-12-22T06:00:00Z,2014-12-22T07:00:00+0100,,,,,,,,,,,,,,,,,,,,,,,,,,,,,,,,,,,,,,,,,17.887,13.093,7.387,,,,1.525,9.292,,,,,,,,,,,,,,,,,,,,,
2014-12-22T07:00:00Z,2014-12-22T08:00:00+0100,,,,,,,,,,,,,,,,,,,,,,,,,,,,,,,,,,,,,,,,,17.954,13.095,7.401,,,,1.550,9.292,,,,,,,,,,,,,,,,,,,,,
2014-12-22T08:00:00Z,2014-12-22T09:00:00+0100,,,,,,,,,,,,,,,,,,,,,,,,,,,,,,,,,,,,,,,,,18.022,13.098,7.444,,,,1.566,9.292,,,,,,,,,,,,,,,,,,,,,
2014-12-22T09:00:00Z,2014-12-22T10:00:00+0100,,,,,,,,,,,,,,,,,,,,,,,,,,,,,,,,,,,,,,,,,18.099,13.101,7.474,,,,1.576,9.292,,,,,,,,,,,,,,,,,,,,,
2014-12-22T10:00:00Z,2014-12-22T11:00:00+0100,,,,,,,,,,,,,,,,,,,,,,,,,,,,,,,,,,,,,,,,,18.203,13.103,7.489,,,,1.601,9.292,,,,,,,,,,,,,,,,,,,,,
2014-12-22T11:00:00Z,2014-12-22T12:00:00+0100,,,,,,,,,,,,,,,,,,,,,,,,,,,,,,,,,,,,,,,,,18.308,13.106,7.532,,,,1.602,9.292,,,,,,,,,,,,,,,,,,,,,
2014-12-22T12:00:00Z,2014-12-22T13:00:00+0100,,,,,,,,,,,,,,,,,,,,,,,,,,,,,,,,,,,,,,,,,18.412,13.108,7.562,,,,1.628,9.293,,,,,,,,,,,,,,,,,,,,,
2014-12-22T13:00:00Z,2014-12-22T14:00:00+0100,,,,,,,,,,,,,,,,,,,,,,,,,,,,,,,,,,,,,,,,,18.521,13.111,7.577,,,,1.644,9.293,,,,,,,,,,,,,,,,,,,,,
2014-12-22T14:00:00Z,2014-12-22T15:00:00+0100,,,,,,,,,,,,,,,,,,,,,,,,,,,,,,,,,,,,,,,,,18.620,13.113,7.620,,,,1.654,9.293,,,,,,,,,,,,,,,,,,,,,
2014-12-22T15:00:00Z,2014-12-22T16:00:00+0100,,,,,,,,,,,,,,,,,,,,,,,,,,,,,,,,,,,,,,,,,18.691,13.116,7.652,,,,1.680,9.293,,,,,,,,,,,,,,,,,,,,,
2014-12-22T16:00:00Z,2014-12-22T17:00:00+0100,,,,,,,,,,,,,,,,,,,,,,,,,,,,,,,,,,,,,,,,,18.755,13.119,7.665,,,,1.682,9.293,,,,,,,,,,,,,,,,,,,,,
2014-12-22T17:00:00Z,2014-12-22T18:00:00+0100,,,,,,,,,,,,,,,,,,,,,,,,,,,,,,,,,,,,,,,,,18.820,13.121,7.708,,,,1.706,9.293,,,,,,,,,,,,,,,,,,,,,
2014-12-22T18:00:00Z,2014-12-22T19:00:00+0100,,,,,,,,,,,,,,,,,,,,,,,,,,,,,,,,,,,,,,,,,18.885,13.124,7.738,,,,1.724,9.293,,,,,,,,,,,,,,,,,,,,,
2014-12-22T19:00:00Z,2014-12-22T20:00:00+0100,,,,,,,,,,,,,,,,,,,,,,,,,,,,,,,,,,,,,,,,,18.951,13.126,7.753,,,,1.732,9.293,,,,,,,,,,,,,,,,,,,,,
2014-12-22T20:00:00Z,2014-12-22T21:00:00+0100,,,,,,,,,,,,,,,,,,,,,,,,,,,,,,,,,,,,,,,,,19.017,13.129,7.795,,,,1.757,9.293,,,,,,,,,,,,,,,,,,,,,
2014-12-22T21:00:00Z,2014-12-22T22:00:00+0100,,,,,,,,,,,,,,,,,,,,,,,,,,,,,,,,,,,,,,,,,19.084,13.132,7.825,,,,1.760,9.293,,,,,,,,,,,,,,,,,,,,,
2014-12-22T22:00:00Z,2014-12-22T23:00:00+0100,,,,,,,,,,,,,,,,,,,,,,,,,,,,,,,,,,,,,,,,,19.151,13.134,7.841,,,,1.783,9.293,,,,,,,,,,,,,,,,,,,,,
2014-12-22T23:00:00Z,2014-12-23T00:00:00+0100,,,,,,,,,,,,,,,,,,,,,,,,,,,,,,,,,,,,,,,,,19.218,13.137,7.884,,,,1.801,9.293,,,,,,,,,,,,,,,,,,,,,
2014-12-23T00:00:00Z,2014-12-23T01:00:00+0100,,,,,,,,,,,,,,,,,,,,,,,,,,,,,,,,,,,,,,,,,19.290,13.139,7.911,,,,1.808,9.293,,,,,,,,,,,,,,,,,,,,,
2014-12-23T01:00:00Z,2014-12-23T02:00:00+0100,,,,,,,,,,,,,,,,,,,,,,,,,,,,,,,,,,,,,,,,,19.357,13.141,7.929,,,,1.833,9.293,,,,,,,,,,,,,,,,,,,,,
2014-12-23T02:00:00Z,2014-12-23T03:00:00+0100,,,,,,,,,,,,,,,,,,,,,,,,,,,,,,,,,,,,,,,,,19.430,13.144,7.972,,,,1.836,9.293,,,,,,,,,,,,,,,,,,,,,DE_KN_residential3_washing_machine
2014-12-23T03:00:00Z,2014-12-23T04:00:00+0100,,,,,,,,,,,,,,,,,,,,,,,,,,,,,,,,,,,,,,,,,19.499,13.146,8.001,,,,1.859,9.293,,,,,,,,,,,,,,,,,,,,,
2014-12-23T04:00:00Z,2014-12-23T05:00:00+0100,,,,,,,,,,,,,,,,,,,,,,,,,,,,,,,,,,,,,,,,,19.566,13.149,8.017,,,,1.877,9.293,,,,,,,,,,,,,,,,,,,,,
2014-12-23T05:00:00Z,2014-12-23T06:00:00+0100,,,,,,,,,,,,,,,,,,,,,,,,,,,,,,,,,,,,,,,,,19.633,13.152,8.060,,,,1.884,9.293,,,,,,,,,,,,,,,,,,,,,
2014-12-23T06:00:00Z,2014-12-23T07:00:00+0100,,,,,,,,,,,,,,,,,,,,,,,,,,,,,,,,,,,,,,,,,19.700,13.154,8.089,,,,1.909,9.293,,,,,,,,,,,,,,,,,,,,,
2014-12-23T07:00:00Z,2014-12-23T08:00:00+0100,,,,,,,,,,,,,,,,,,,,,,,,,,,,,,,,,,,,,,,,,19.767,13.157,8.105,,,,1.911,9.293,,,,,,,,,,,,,,,,,,,,,
2014-12-23T08:00:00Z,2014-12-23T09:00:00+0100,,,,,,,,,,,,,,,,,,,,,,,,,,,,,,,,,,,,,,,,,19.834,13.159,8.147,,,,1.934,9.293,,,,,,,,,,,,,,,,,,,,,
2014-12-23T09:00:00Z,2014-12-23T10:00:00+0100,,,,,,,,,,,,,,,,,,,,,,,,,,,,,,,,,,,,,,,,,19.921,13.162,8.178,,,,1.951,9.293,,,,,,,,,,,,,,,,,,,,,
2014-12-23T10:00:00Z,2014-12-23T11:00:00+0100,,,,,,,,,,,,,,,,,,,,,,,,,,,,,,,,,,,,,,,,,20.026,13.164,8.192,,,,1.960,9.293,,,,,,,,,,,,,,,,,,,,,
2014-12-23T11:00:00Z,2014-12-23T12:00:00+0100,,,,,,,,,,,,,,,,,,,,,,,,,,,,,,,,,,,,,,,,,20.130,13.167,8.235,,,,1.986,9.293,,,,,,,,,,,,,,,,,,,,,
2014-12-23T12:00:00Z,2014-12-23T13:00:00+0100,,,,,,,,,,,,,,,,,,,,,,,,,,,,,,,,,,,,,,,,,20.232,13.170,8.268,,,,1.988,9.294,,,,,,,,,,,,,,,,,,,,,
2014-12-23T13:00:00Z,2014-12-23T14:00:00+0100,,,,,,,,,,,,,,,,,,,,,,,,,,,,,,,,,,,,,,,,,20.338,13.172,8.279,,,,2.013,9.294,,,,,,,,,,,,,,,,,,,,,
2014-12-23T14:00:00Z,2014-12-23T15:00:00+0100,,,,,,,,,,,,,,,,,,,,,,,,,,,,,,,,,,,,,,,,,20.436,13.175,8.322,,,,2.033,9.294,,,,,,,,,,,,,,,,,,,,,
2014-12-23T15:00:00Z,2014-12-23T16:00:00+0100,,,,,,,,,,,,,,,,,,,,,,,,,,,,,,,,,,,,,,,,,20.511,13.177,8.356,,,,2.039,9.294,,,,,,,,,,,,,,,,,,,,,
2014-12-23T16:00:00Z,2014-12-23T17:00:00+0100,,,,,,,,,,,,,,,,,,,,,,,,,,,,,,,,,,,,,,,,,20.575,13.180,8.367,,,,2.064,9.294,,,,,,,,,,,,,,,,,,,,,
2014-12-23T17:00:00Z,2014-12-23T18:00:00+0100,,,,,,,,,,,,,,,,,,,,,,,,,,,,,,,,,,,,,,,,,20.639,13.182,8.409,,,,2.074,9.294,,,,,,,,,,,,,,,,,,,,,DE_KN_residential3_washing_machine
2014-12-23T18:00:00Z,2014-12-23T19:00:00+0100,,,,,,,,,,,,,,,,,,,,,,,,,,,,,,,,,,,,,,,,,20.705,13.185,8.443,,,,2.090,9.294,,,,,,,,,,,,,,,,,,,,,
2014-12-23T19:00:00Z,2014-12-23T20:00:00+0100,,,,,,,,,,,,,,,,,,,,,,,,,,,,,,,,,,,,,,,,,20.771,13.188,8.454,,,,2.115,9.294,,,,,,,,,,,,,,,,,,,,,
2014-12-23T20:00:00Z,2014-12-23T21:00:00+0100,,,,,,,,,,,,,,,,,,,,,,,,,,,,,,,,,,,,,,,,,20.837,13.190,8.497,,,,2.116,9.294,,,,,,,,,,,,,,,,,,,,,
2014-12-23T21:00:00Z,2014-12-23T22:00:00+0100,,,,,,,,,,,,,,,,,,,,,,,,,,,,,,,,,,,,,,,,,20.905,13.192,8.531,,,,2.142,9.294,,,,,,,,,,,,,,,,,,,,,
2014-12-23T22:00:00Z,2014-12-23T23:00:00+0100,,,,,,,,,,,,,,,,,,,,,,,,,,,,,,,,,,,,,,,,,20.973,13.195,8.542,,,,2.152,9.294,,,,,,,,,,,,,,,,,,,,,
2014-12-23T23:00:00Z,2014-12-24T00:00:00+0100,,,,,,,,,,,,,,,,,,,,,,,,,,,,,,,,,,,,,,,,,21.040,13.197,8.584,,,,2.168,9.294,,,,,,,,,,,,,,,,,,,,,
2014-12-24T00:00:00Z,2014-12-24T01:00:00+0100,,,,,,,,,,,,,,,,,,,,,,,,,,,,,,,,,,,,,,,,,21.113,13.200,8.621,,,,2.193,9.294,,,,,,,,,,,,,,,,,,,,,
2014-12-24T01:00:00Z,2014-12-24T02:00:00+0100,,,,,,,,,,,,,,,,,,,,,,,,,,,,,,,,,,,,,,,,,21.182,13.203,8.630,,,,2.193,9.294,,,,,,,,,,,,,,,,,,,,,
2014-12-24T02:00:00Z,2014-12-24T03:00:00+0100,,,,,,,,,,,,,,,,,,,,,,,,,,,,,,,,,,,,,,,,,21.255,13.205,8.672,,,,2.219,9.294,,,,,,,,,,,,,,,,,,,,,
2014-12-24T03:00:00Z,2014-12-24T04:00:00+0100,,,,,,,,,,,,,,,,,,,,,,,,,,,,,,,,,,,,,,,,,21.324,13.208,8.710,,,,2.228,9.294,,,,,,,,,,,,,,,,,,,,,
2014-12-24T04:00:00Z,2014-12-24T05:00:00+0100,,,,,,,,,,,,,,,,,,,,,,,,,,,,,,,,,,,,,,,,,21.391,13.210,8.717,,,,2.244,9.294,,,,,,,,,,,,,,,,,,,,,
2014-12-24T05:00:00Z,2014-12-24T06:00:00+0100,,,,,,,,,,,,,,,,,,,,,,,,,,,,,,,,,,,,,,,,,21.458,13.213,8.760,,,,2.268,9.294,,,,,,,,,,,,,,,,,,,,,
2014-12-24T06:00:00Z,2014-12-24T07:00:00+0100,,,,,,,,,,,,,,,,,,,,,,,,,,,,,,,,,,,,,,,,,21.524,13.215,8.798,,,,2.270,9.294,,,,,,,,,,,,,,,,,,,,,
2014-12-24T07:00:00Z,2014-12-24T08:00:00+0100,,,,,,,,,,,,,,,,,,,,,,,,,,,,,,,,,,,,,,,,,21.590,13.218,8.805,,,,2.296,9.294,,,,,,,,,,,,,,,,,,,,,
2014-12-24T08:00:00Z,2014-12-24T09:00:00+0100,,,,,,,,,,,,,,,,,,,,,,,,,,,,,,,,,,,,,,,,,21.657,13.221,8.847,,,,2.301,9.294,,,,,,,,,,,,,,,,,,,,,
2014-12-24T09:00:00Z,2014-12-24T10:00:00+0100,,,,,,,,,,,,,,,,,,,,,,,,,,,,,,,,,,,,,,,,,21.724,13.223,8.888,,,,2.321,9.295,,,,,,,,,,,,,,,,,,,,,
2014-12-24T10:00:00Z,2014-12-24T11:00:00+0100,,,,,,,,,,,,,,,,,,,,,,,,,,,,,,,,,,,,,,,,,21.790,13.226,8.892,,,,2.342,9.295,,,,,,,,,,,,,,,,,,,,,
2014-12-24T11:00:00Z,2014-12-24T12:00:00+0100,,,,,,,,,,,,,,,,,,,,,,,,,,,,,,,,,,,,,,,,,21.857,13.228,8.935,,,,2.347,9.295,,,,,,,,,,,,,,,,,,,,,
2014-12-24T12:00:00Z,2014-12-24T13:00:00+0100,,,,,,,,,,,,,,,,,,,,,,,,,,,,,,,,,,,,,,,,,21.923,13.231,8.977,,,,2.372,9.295,,,,,,,,,,,,,,,,,,,,,
2014-12-24T13:00:00Z,2014-12-24T14:00:00+0100,,,,,,,,,,,,,,,,,,,,,,,,,,,,,,,,,,,,,,,,,22.014,13.234,8.979,,,,2.377,9.295,,,,,,,,,,,,,,,,,,,,,
2014-12-24T14:00:00Z,2014-12-24T15:00:00+0100,,,,,,,,,,,,,,,,,,,,,,,,,,,,,,,,,,,,,,,,,22.087,13.236,9.022,,,,2.398,9.295,,,,,,,,,,,,,,,,,,,,,
2014-12-24T15:00:00Z,2014-12-24T16:00:00+0100,,,,,,,,,,,,,,,,,,,,,,,,,,,,,,,,,,,,,,,,,22.159,13.239,9.065,,,,2.418,9.295,,,,,,,,,,,,,,,,,,,,,
2014-12-24T16:00:00Z,2014-12-24T17:00:00+0100,,,,,,,,,,,,,,,,,,,,,,,,,,,,,,,,,,,,,,,,,22.225,13.241,9.067,,,,2.423,9.295,,,,,,,,,,,,,,,,,,,,,
2014-12-24T17:00:00Z,2014-12-24T18:00:00+0100,,,,,,,,,,,,,,,,,,,,,,,,,,,,,,,,,,,,,,,,,22.292,13.243,9.109,,,,2.449,9.295,,,,,,,,,,,,,,,,,,,,,
2014-12-24T18:00:00Z,2014-12-24T19:00:00+0100,,,,,,,,,,,,,,,,,,,,,,,,,,,,,,,,,,,,,,,,,22.358,13.246,9.152,,,,2.453,9.295,,,,,,,,,,,,,,,,,,,,,
2014-12-24T19:00:00Z,2014-12-24T20:00:00+0100,,,,,,,,,,,,,,,,,,,,,,,,,,,,,,,,,,,,,,,,,22.424,13.248,9.154,,,,2.474,9.295,,,,,,,,,,,,,,,,,,,,,
2014-12-24T20:00:00Z,2014-12-24T21:00:00+0100,,,,,,,,,,,,,,,,,,,,,,,,,,,,,,,,,,,,,,,,,22.491,13.251,9.197,,,,2.493,9.295,,,,,,,,,,,,,,,,,,,,,
2014-12-24T21:00:00Z,2014-12-24T22:00:00+0100,,,,,,,,,,,,,,,,,,,,,,,,,,,,,,,,,,,,,,,,,22.557,13.254,9.240,,,,2.500,9.295,,,,,,,,,,,,,,,,,,,,,
2014-12-24T22:00:00Z,2014-12-24T23:00:00+0100,,,,,,,,,,,,,,,,,,,,,,,,,,,,,,,,,,,,,,,,,22.624,13.256,9.242,,,,2.525,9.295,,,,,,,,,,,,,,,,,,,,,
2014-12-24T23:00:00Z,2014-12-25T00:00:00+0100,,,,,,,,,,,,,,,,,,,,,,,,,,,,,,,,,,,,,,,,,22.690,13.259,9.285,,,,2.526,9.295,,,,,,,,,,,,,,,,,,,,,
2014-12-25T00:00:00Z,2014-12-25T01:00:00+0100,,,,,,,,,,,,,,,,,,,,,,,,,,,,,,,,,,,,,,,,,22.761,13.261,9.328,,,,2.550,9.295,,,,,,,,,,,,,,,,,,,,,
2014-12-25T01:00:00Z,2014-12-25T02:00:00+0100,,,,,,,,,,,,,,,,,,,,,,,,,,,,,,,,,,,,,,,,,22.828,13.264,9.332,,,,2.566,9.295,,,,,,,,,,,,,,,,,,,,,
2014-12-25T02:00:00Z,2014-12-25T03:00:00+0100,,,,,,,,,,,,,,,,,,,,,,,,,,,,,,,,,,,,,,,,,22.901,13.267,9.373,,,,2.576,9.295,,,,,,,,,,,,,,,,,,,,,
2014-12-25T03:00:00Z,2014-12-25T04:00:00+0100,,,,,,,,,,,,,,,,,,,,,,,,,,,,,,,,,,,,,,,,,22.968,13.269,9.415,,,,2.601,9.295,,,,,,,,,,,,,,,,,,,,,
2014-12-25T04:00:00Z,2014-12-25T05:00:00+0100,,,,,,,,,,,,,,,,,,,,,,,,,,,,,,,,,,,,,,,,,23.035,13.272,9.421,,,,2.602,9.295,,,,,,,,,,,,,,,,,,,,,
2014-12-25T05:00:00Z,2014-12-25T06:00:00+0100,,,,,,,,,,,,,,,,,,,,,,,,,,,,,,,,,,,,,,,,,23.102,13.274,9.460,,,,2.627,9.295,,,,,,,,,,,,,,,,,,,,,
2014-12-25T06:00:00Z,2014-12-25T07:00:00+0100,,,,,,,,,,,,,,,,,,,,,,,,,,,,,,,,,,,,,,,,,23.169,13.277,9.503,,,,2.637,9.295,,,,,,,,,,,,,,,,,,,,,
2014-12-25T07:00:00Z,2014-12-25T08:00:00+0100,,,,,,,,,,,,,,,,,,,,,,,,,,,,,,,,,,,,,,,,,23.235,13.279,9.512,,,,2.652,9.295,,,,,,,,,,,,,,,,,,,,,
2014-12-25T08:00:00Z,2014-12-25T09:00:00+0100,,,,,,,,,,,,,,,,,,,,,,,,,,,,,,,,,,,,,,,,,23.301,13.282,9.548,,,,2.677,9.295,,,,,,,,,,,,,,,,,,,,,
2014-12-25T09:00:00Z,2014-12-25T10:00:00+0100,,,,,,,,,,,,,,,,,,,,,,,,,,,,,,,,,,,,,,,,,23.365,13.285,9.591,,,,2.678,9.295,,,,,,,,,,,,,,,,,,,,,
2014-12-25T10:00:00Z,2014-12-25T11:00:00+0100,,,,,,,,,,,,,,,,,,,,,,,,,,,,,,,,,,,,,,,,,23.430,13.287,9.600,,,,2.703,9.295,,,,,,,,,,,,,,,,,,,,,
2014-12-25T11:00:00Z,2014-12-25T12:00:00+0100,,,,,,,,,,,,,,,,,,,,,,,,,,,,,,,,,,,,,,,,,23.497,13.290,9.635,,,,2.708,9.295,,,,,,,,,,,,,,,,,,,,,
2014-12-25T12:00:00Z,2014-12-25T13:00:00+0100,,,,,,,,,,,,,,,,,,,,,,,,,,,,,,,,,,,,,,,,,23.563,13.292,9.678,,,,2.728,9.296,,,,,,,,,,,,,,,,,,,,,
2014-12-25T13:00:00Z,2014-12-25T14:00:00+0100,,,,,,,,,,,,,,,,,,,,,,,,,,,,,,,,,,,,,,,,,23.635,13.294,9.689,,,,2.747,9.296,,,,,,,,,,,,,,,,,,,,,
2014-12-25T14:00:00Z,2014-12-25T15:00:00+0100,,,,,,,,,,,,,,,,,,,,,,,,,,,,,,,,,,,,,,,,,23.707,13.297,9.723,,,,2.754,9.296,,,,,,,,,,,,,,,,,,,,,
2014-12-25T15:00:00Z,2014-12-25T16:00:00+0100,,,,,,,,,,,,,,,,,,,,,,,,,,,,,,,,,,,,,,,,,23.778,13.300,9.765,,,,2.779,9.296,,,,,,,,,,,,,,,,,,,,,
2014-12-25T16:00:00Z,2014-12-25T17:00:00+0100,,,,,,,,,,,,,,,,,,,,,,,,,,,,,,,,,,,,,,,,,23.842,13.302,9.779,,,,2.779,9.296,,,,,,,,,,,,,,,,,,,,,
2014-12-25T17:00:00Z,2014-12-25T18:00:00+0100,,,,,,,,,,,,,,,,,,,,,,,,,,,,,,,,,,,,,,,,,23.908,13.305,9.810,,,,2.804,9.296,,,,,,,,,,,,,,,,,,,,,
2014-12-25T18:00:00Z,2014-12-25T19:00:00+0100,,,,,,,,,,,,,,,,,,,,,,,,,,,,,,,,,,,,,,,,,23.974,13.307,9.853,,,,2.816,9.296,,,,,,,,,,,,,,,,,,,,,
2014-12-25T19:00:00Z,2014-12-25T20:00:00+0100,,,,,,,,,,,,,,,,,,,,,,,,,,,,,,,,,,,,,,,,,24.041,13.310,9.868,,,,2.829,9.296,,,,,,,,,,,,,,,,,,,,,
2014-12-25T20:00:00Z,2014-12-25T21:00:00+0100,,,,,,,,,,,,,,,,,,,,,,,,,,,,,,,,,,,,,,,,,24.110,13.312,9.897,,,,2.854,9.296,,,,,,,,,,,,,,,,,,,,,
2014-12-25T21:00:00Z,2014-12-25T22:00:00+0100,,,,,,,,,,,,,,,,,,,,,,,,,,,,,,,,,,,,,,,,,24.178,13.315,9.940,,,,2.854,9.296,,,,,,,,,,,,,,,,,,,,,
2014-12-25T22:00:00Z,2014-12-25T23:00:00+0100,,,,,,,,,,,,,,,,,,,,,,,,,,,,,,,,,,,,,,,,,24.247,13.318,9.957,,,,2.879,9.296,,,,,,,,,,,,,,,,,,,,,
2014-12-25T23:00:00Z,2014-12-26T00:00:00+0100,,,,,,,,,,,,,,,,,,,,,,,,,,,,,,,,,,,,,,,,,24.315,13.320,9.985,,,,2.885,9.296,,,,,,,,,,,,,,,,,,,,,
2014-12-26T00:00:00Z,2014-12-26T01:00:00+0100,,,,,,,,,,,,,,,,,,,,,,,,,,,,,,,,,,,,,,,,,24.390,13.323,10.028,,,,2.905,9.296,,,,,,,,,,,,,,,,,,,,,
2014-12-26T01:00:00Z,2014-12-26T02:00:00+0100,,,,,,,,,,,,,,,,,,,,,,,,,,,,,,,,,,,,,,,,,24.459,13.325,10.046,,,,2.923,9.296,,,,,,,,,,,,,,,,,,,,,
2014-12-26T02:00:00Z,2014-12-26T03:00:00+0100,,,,,,,,,,,,,,,,,,,,,,,,,,,,,,,,,,,,,,,,,24.533,13.328,10.073,,,,2.930,9.296,,,,,,,,,,,,,,,,,,,,,
2014-12-26T03:00:00Z,2014-12-26T04:00:00+0100,,,,,,,,,,,,,,,,,,,,,,,,,,,,,,,,,,,,,,,,,24.602,13.330,10.115,,,,2.955,9.296,,,,,,,,,,,,,,,,,,,,,
2014-12-26T04:00:00Z,2014-12-26T05:00:00+0100,,,,,,,,,,,,,,,,,,,,,,,,,,,,,,,,,,,,,,,,,24.675,13.333,10.136,,,,2.955,9.296,,,,,,,,,,,,,,,,,,,,,
2014-12-26T05:00:00Z,2014-12-26T06:00:00+0100,,,,,,,,,,,,,,,,,,,,,,,,,,,,,,,,,,,,,,,,,24.748,13.336,10.160,,,,2.980,9.296,,,,,,,,,,,,,,,,,,,,,
2014-12-26T06:00:00Z,2014-12-26T07:00:00+0100,,,,,,,,,,,,,,,,,,,,,,,,,,,,,,,,,,,,,,,,,24.822,13.338,10.203,,,,2.989,9.296,,,,,,,,,,,,,,,,,,,,,
2014-12-26T07:00:00Z,2014-12-26T08:00:00+0100,,,,,,,,,,,,,,,,,,,,,,,,,,,,,,,,,,,,,,,,,24.896,13.341,10.224,,,,3.005,9.296,,,,,,,,,,,,,,,,,,,,,
2014-12-26T08:00:00Z,2014-12-26T09:00:00+0100,,,,,,,,,,,,,,,,,,,,,,,,,,,,,,,,,,,,,,,,,24.969,13.343,10.248,,,,3.027,9.296,,,,,,,,,,,,,,,,,,,,,
2014-12-26T09:00:00Z,2014-12-26T10:00:00+0100,,,,,,,,,,,,,,,,,,,,,,,,,,,,,,,,,,,,,,,,,25.040,13.345,10.290,,,,3.030,9.297,,,,,,,,,,,,,,,,,,,,,
2014-12-26T10:00:00Z,2014-12-26T11:00:00+0100,,,,,,,,,,,,,,,,,,,,,,,,,,,,,,,,,,,,,,,,,25.110,13.348,10.313,,,,3.055,9.297,,,,,,,,,,,,,,,,,,,,,
2014-12-26T11:00:00Z,2014-12-26T12:00:00+0100,,,,,,,,,,,,,,,,,,,,,,,,,,,,,,,,,,,,,,,,,25.182,13.351,10.335,,,,3.056,9.297,,,,,,,,,,,,,,,,,,,,,
2014-12-26T12:00:00Z,2014-12-26T13:00:00+0100,,,,,,,,,,,,,,,,,,,,,,,,,,,,,,,,,,,,,,,,,25.255,13.353,10.378,,,,3.081,9.297,,,,,,,,,,,,,,,,,,,,,
2014-12-26T13:00:00Z,2014-12-26T14:00:00+0100,,,,,,,,,,,,,,,,,,,,,,,,,,,,,,,,,,,,,,,,,25.333,13.356,10.405,,,,3.094,9.297,,,,,,,,,,,,,,,,,,,,,DE_KN_residential3_washing_machine
2014-12-26T14:00:00Z,2014-12-26T15:00:00+0100,,,,,,,,,,,,,,,,,,,,,,,,,,,,,,,,,,,,,,,,,25.411,13.358,10.423,,,,3.106,9.297,,,,,,,,,,,,,,,,,,,,,
2014-12-26T15:00:00Z,2014-12-26T16:00:00+0100,,,,,,,,,,,,,,,,,,,,,,,,,,,,,,,,,,,,,,,,,25.488,13.361,10.465,,,,3.131,9.297,,,,,,,,,,,,,,,,,,,,,
2014-12-26T16:00:00Z,2014-12-26T17:00:00+0100,,,,,,,,,,,,,,,,,,,,,,,,,,,,,,,,,,,,,,,,,25.558,13.363,10.494,,,,3.132,9.297,,,,,,,,,,,,,,,,,,,,,DE_KN_residential3_washing_machine
2014-12-26T17:00:00Z,2014-12-26T18:00:00+0100,,,,,,,,,,,,,,,,,,,,,,,,,,,,,,,,,,,,,,,,,25.629,13.366,10.510,,,,3.156,9.297,,,,,,,,,,,,,,,,,,,,,
2014-12-26T18:00:00Z,2014-12-26T19:00:00+0100,,,,,,,,,,,,,,,,,,,,,,,,,,,,,,,,,,,,,,,,,25.701,13.369,10.553,,,,3.164,9.297,,,,,,,,,,,,,,,,,,,,,
2014-12-26T19:00:00Z,2014-12-26T20:00:00+0100,,,,,,,,,,,,,,,,,,,,,,,,,,,,,,,,,,,,,,,,,25.772,13.371,10.583,,,,3.181,9.297,,,,,,,,,,,,,,,,,,,,,
2014-12-26T20:00:00Z,2014-12-26T21:00:00+0100,,,,,,,,,,,,,,,,,,,,,,,,,,,,,,,,,,,,,,,,,25.844,13.374,10.597,,,,3.203,9.297,,,,,,,,,,,,,,,,,,,,,
2014-12-26T21:00:00Z,2014-12-26T22:00:00+0100,,,,,,,,,,,,,,,,,,,,,,,,,,,,,,,,,,,,,,,,,25.917,13.376,10.640,,,,3.207,9.297,,,,,,,,,,,,,,,,,,,,,
2014-12-26T22:00:00Z,2014-12-26T23:00:00+0100,,,,,,,,,,,,,,,,,,,,,,,,,,,,,,,,,,,,,,,,,25.988,13.379,10.674,,,,3.232,9.297,,,,,,,,,,,,,,,,,,,,,
2014-12-26T23:00:00Z,2014-12-27T00:00:00+0100,,,,,,,,,,,,,,,,,,,,,,,,,,,,,,,,,,,,,,,,,26.055,13.381,10.685,,,,3.235,9.297,,,,,,,,,,,,,,,,,,,,,
2014-12-27T00:00:00Z,2014-12-27T01:00:00+0100,,,,,,,,,,,,,,,,,,,,,,,,,,,,,,,,,,,,,,,,,26.128,13.384,10.728,,,,3.257,9.297,,,,,,,,,,,,,,,,,,,,,
2014-12-27T01:00:00Z,2014-12-27T02:00:00+0100,,,,,,,,,,,,,,,,,,,,,,,,,,,,,,,,,,,,,,,,,26.197,13.387,10.765,,,,3.275,9.297,,,,,,,,,,,,,,,,,,,,,
2014-12-27T02:00:00Z,2014-12-27T03:00:00+0100,,,,,,,,,,,,,,,,,,,,,,,,,,,,,,,,,,,,,,,,,26.271,13.389,10.773,,,,3.283,9.297,,,,,,,,,,,,,,,,,,,,,
2014-12-27T03:00:00Z,2014-12-27T04:00:00+0100,,,,,,,,,,,,,,,,,,,,,,,,,,,,,,,,,,,,,,,,,26.340,13.392,10.816,,,,3.308,9.297,,,,,,,,,,,,,,,,,,,,,
2014-12-27T04:00:00Z,2014-12-27T05:00:00+0100,,,,,,,,,,,,,,,,,,,,,,,,,,,,,,,,,,,,,,,,,26.413,13.394,10.854,,,,3.308,9.297,,,,,,,,,,,,,,,,,,,,,
2014-12-27T05:00:00Z,2014-12-27T06:00:00+0100,,,,,,,,,,,,,,,,,,,,,,,,,,,,,,,,,,,,,,,,,26.486,13.397,10.861,,,,3.333,9.297,,,,,,,,,,,,,,,,,,,,,
2014-12-27T06:00:00Z,2014-12-27T07:00:00+0100,,,,,,,,,,,,,,,,,,,,,,,,,,,,,,,,,,,,,,,,,26.558,13.400,10.904,,,,3.347,9.297,,,,,,,,,,,,,,,,,,,,,
2014-12-27T07:00:00Z,2014-12-27T08:00:00+0100,,,,,,,,,,,,,,,,,,,,,,,,,,,,,,,,,,,,,,,,,26.630,13.402,10.944,,,,3.359,9.297,,,,,,,,,,,,,,,,,,,,,
2014-12-27T08:00:00Z,2014-12-27T09:00:00+0100,,,,,,,,,,,,,,,,,,,,,,,,,,,,,,,,,,,,,,,,,26.702,13.404,10.948,,,,3.384,9.297,,,,,,,,,,,,,,,,,,,,,
2014-12-27T09:00:00Z,2014-12-27T10:00:00+0100,,,,,,,,,,,,,,,,,,,,,,,,,,,,,,,,,,,,,,,,,26.774,13.407,10.991,,,,3.384,9.297,,,,,,,,,,,,,,,,,,,,,
2014-12-27T10:00:00Z,2014-12-27T11:00:00+0100,,,,,,,,,,,,,,,,,,,,,,,,,,,,,,,,,,,,,,,,,26.846,13.409,11.033,,,,3.409,9.297,,,,,,,,,,,,,,,,,,,,,
2014-12-27T11:00:00Z,2014-12-27T12:00:00+0100,,,,,,,,,,,,,,,,,,,,,,,,,,,,,,,,,,,,,,,,,26.917,13.412,11.036,,,,3.418,9.297,,,,,,,,,,,,,,,,,,,,,
2014-12-27T12:00:00Z,2014-12-27T13:00:00+0100,,,,,,,,,,,,,,,,,,,,,,,,,,,,,,,,,,,,,,,,,26.990,13.414,11.079,,,,3.435,9.298,,,,,,,,,,,,,,,,,,,,,
2014-12-27T13:00:00Z,2014-12-27T14:00:00+0100,,,,,,,,,,,,,,,,,,,,,,,,,,,,,,,,,,,,,,,,,27.069,13.417,11.115,,,,3.465,9.466,,,,,,,,,,,,,,,,,,,,,
2014-12-27T14:00:00Z,2014-12-27T15:00:00+0100,,,,,,,,,,,,,,,,,,,,,,,,,,,,,,,,,,,,,,,,,27.147,13.420,11.124,,,,3.481,9.530,,,,,,,,,,,,,,,,,,,,,
2014-12-27T15:00:00Z,2014-12-27T16:00:00+0100,,,,,,,,,,,,,,,,,,,,,,,,,,,,,,,,,,,,,,,,,27.223,13.422,11.166,,,,3.493,9.890,,,,,,,,,,,,,,,,,,,,,
2014-12-27T16:00:00Z,2014-12-27T17:00:00+0100,,,,,,,,,,,,,,,,,,,,,,,,,,,,,,,,,,,,,,,,,27.294,13.425,11.209,,,,3.517,9.972,,,,,,,,,,,,,,,,,,,,,
2014-12-27T17:00:00Z,2014-12-27T18:00:00+0100,,,,,,,,,,,,,,,,,,,,,,,,,,,,,,,,,,,,,,,,,27.364,13.427,11.211,,,,3.540,10.508,,,,,,,,,,,,,,,,,,,,,
2014-12-27T18:00:00Z,2014-12-27T19:00:00+0100,,,,,,,,,,,,,,,,,,,,,,,,,,,,,,,,,,,,,,,,,27.436,13.430,11.254,,,,3.556,10.593,,,,,,,,,,,,,,,,,,,,,
2014-12-27T19:00:00Z,2014-12-27T20:00:00+0100,,,,,,,,,,,,,,,,,,,,,,,,,,,,,,,,,,,,,,,,,27.507,13.432,11.297,,,,3.569,10.796,,,,,,,,,,,,,,,,,,,,,
2014-12-27T20:00:00Z,2014-12-27T21:00:00+0100,,,,,,,,,,,,,,,,,,,,,,,,,,,,,,,,,,,,,,,,,27.579,13.435,11.299,,,,3.593,11.176,,,,,,,,,,,,,,,,,,,,,
2014-12-27T21:00:00Z,2014-12-27T22:00:00+0100,,,,,,,,,,,,,,,,,,,,,,,,,,,,,,,,,,,,,,,,,27.652,13.437,11.342,,,,3.616,11.246,,,,,,,,,,,,,,,,,,,,,
2014-12-27T22:00:00Z,2014-12-27T23:00:00+0100,,,,,,,,,,,,,,,,,,,,,,,,,,,,,,,,,,,,,,,,,27.697,13.440,11.384,,,,3.618,12.133,,,,,,,,,,,,,,,,,,,,,
2014-12-27T23:00:00Z,2014-12-28T00:00:00+0100,,,,,,,,,,,,,,,,,,,,,,,,,,,,,,,,,,,,,,,,,27.739,13.442,11.387,,,,3.643,12.237,,,,,,,,,,,,,,,,,,,,,
2014-12-28T00:00:00Z,2014-12-28T01:00:00+0100,,,,,,,,,,,,,,,,,,,,,,,,,,,,,,,,,,,,,,,,,27.812,13.444,11.429,,,,3.660,12.320,,,,,,,,,,,,,,,,,,,,,
2014-12-28T01:00:00Z,2014-12-28T02:00:00+0100,,,,,,,,,,,,,,,,,,,,,,,,,,,,,,,,,,,,,,,,,27.880,13.447,11.472,,,,3.669,12.321,,,,,,,,,,,,,,,,,,,,,
2014-12-28T02:00:00Z,2014-12-28T03:00:00+0100,,,,,,,,,,,,,,,,,,,,,,,,,,,,,,,,,,,,,,,,,27.955,13.450,11.475,,,,3.693,12.321,,,,,,,,,,,,,,,,,,,,,
2014-12-28T03:00:00Z,2014-12-28T04:00:00+0100,,,,,,,,,,,,,,,,,,,,,,,,,,,,,,,,,,,,,,,,,28.022,13.452,11.517,,,,3.701,12.321,,,,,,,,,,,,,,,,,,,,,
2014-12-28T04:00:00Z,2014-12-28T05:00:00+0100,,,,,,,,,,,,,,,,,,,,,,,,,,,,,,,,,,,,,,,,,28.096,13.455,11.560,,,,3.718,12.321,,,,,,,,,,,,,,,,,,,,,
2014-12-28T05:00:00Z,2014-12-28T06:00:00+0100,,,,,,,,,,,,,,,,,,,,,,,,,,,,,,,,,,,,,,,,,28.168,13.457,11.567,,,,3.743,12.321,,,,,,,,,,,,,,,,,,,,,
2014-12-28T06:00:00Z,2014-12-28T07:00:00+0100,,,,,,,,,,,,,,,,,,,,,,,,,,,,,,,,,,,,,,,,,28.241,13.460,11.605,,,,3.743,12.900,,,,,,,,,,,,,,,,,,,,,
2014-12-28T07:00:00Z,2014-12-28T08:00:00+0100,,,,,,,,,,,,,,,,,,,,,,,,,,,,,,,,,,,,,,,,,28.313,13.463,11.645,,,,3.769,14.077,,,,,,,,,,,,,,,,,,,,,
2014-12-28T08:00:00Z,2014-12-28T09:00:00+0100,,,,,,,,,,,,,,,,,,,,,,,,,,,,,,,,,,,,,,,,,28.387,13.465,11.678,,,,3.787,14.535,,,,,,,,,,,,,,,,,,,,,
2014-12-28T09:00:00Z,2014-12-28T10:00:00+0100,,,,,,,,,,,,,,,,,,,,,,,,,,,,,,,,,,,,,,,,,28.460,13.468,11.688,,,,3.793,14.656,,,,,,,,,,,,,,,,,,,,,
2014-12-28T10:00:00Z,2014-12-28T11:00:00+0100,,,,,,,,,,,,,,,,,,,,,,,,,,,,,,,,,,,,,,,,,28.532,13.470,11.728,,,,3.818,15.594,,,,,,,,,,,,,,,,,,,,,
2014-12-28T11:00:00Z,2014-12-28T12:00:00+0100,,,,,,,,,,,,,,,,,,,,,,,,,,,,,,,,,,,,,,,,,28.606,13.473,11.768,,,,3.830,15.982,,,,,,,,,,,,,,,,,,,,,
2014-12-28T12:00:00Z,2014-12-28T13:00:00+0100,,,,,,,,,,,,,,,,,,,,,,,,,,,,,,,,,,,,,,,,,28.679,13.513,11.773,,,,3.847,16.062,,,,,,,,,,,,,,,,,,,,,
2014-12-28T13:00:00Z,2014-12-28T14:00:00+0100,,,,,,,,,,,,,,,,,,,,,,,,,,,,,,,,,,,,,,,,,28.760,14.726,11.811,,,,3.868,16.402,,,,,,,,,,,,,,,,,,,,,
2014-12-28T14:00:00Z,2014-12-28T15:00:00+0100,,,,,,,,,,,,,,,,,,,,,,,,,,,,,,,,,,,,,,,,,28.838,14.730,11.852,,,,3.892,16.523,,,,,,,,,,,,,,,,,,,,,
2014-12-28T15:00:00Z,2014-12-28T16:00:00+0100,,,,,,,,,,,,,,,,,,,,,,,,,,,,,,,,,,,,,,,,,28.914,14.732,11.883,,,,3.898,16.802,,,,,,,,,,,,,,,,,,,,,
2014-12-28T16:00:00Z,2014-12-28T17:00:00+0100,,,,,,,,,,,,,,,,,,,,,,,,,,,,,,,,,,,,,,,,,28.985,14.734,11.895,,,,3.917,16.865,,,,,,,,,,,,,,,,,,,,,
2014-12-28T17:00:00Z,2014-12-28T18:00:00+0100,,,,,,,,,,,,,,,,,,,,,,,,,,,,,,,,,,,,,,,,,29.056,14.736,11.935,,,,3.941,16.867,,,,,,,,,,,,,,,,,,,,,
2014-12-28T18:00:00Z,2014-12-28T19:00:00+0100,,,,,,,,,,,,,,,,,,,,,,,,,,,,,,,,,,,,,,,,,29.128,14.738,11.976,,,,3.947,16.867,,,,,,,,,,,,,,,,,,,,,
2014-12-28T19:00:00Z,2014-12-28T20:00:00+0100,,,,,,,,,,,,,,,,,,,,,,,,,,,,,,,,,,,,,,,,,29.201,14.741,11.978,,,,3.970,17.035,,,,,,,,,,,,,,,,,,,,,
2014-12-28T20:00:00Z,2014-12-28T21:00:00+0100,,,,,,,,,,,,,,,,,,,,,,,,,,,,,,,,,,,,,,,,,29.274,14.743,12.019,,,,3.994,17.089,,,,,,,,,,,,,,,,,,,,,
2014-12-28T21:00:00Z,2014-12-28T22:00:00+0100,,,,,,,,,,,,,,,,,,,,,,,,,,,,,,,,,,,,,,,,,29.347,14.746,12.060,,,,4.018,17.090,,,,,,,,,,,,,,,,,,,,,
2014-12-28T22:00:00Z,2014-12-28T23:00:00+0100,,,,,,,,,,,,,,,,,,,,,,,,,,,,,,,,,,,,,,,,,29.418,14.748,12.091,,,,4.019,17.313,,,,,,,,,,,,,,,,,,,,,
2014-12-28T23:00:00Z,2014-12-29T00:00:00+0100,,,,,,,,,,,,,,,,,,,,,,,,,,,,,,,,,,,,,,,,,29.486,14.751,12.103,,,,4.043,17.314,,,,,,,,,,,,,,,,,,,,,
2014-12-29T00:00:00Z,2014-12-29T01:00:00+0100,,,,,,,,,,,,,,,,,,,,,,,,,,,,,,,,,,,,,,,,,29.560,14.753,12.144,,,,4.065,17.314,,,,,,,,,,,,,,,,,,,,,
2014-12-29T01:00:00Z,2014-12-29T02:00:00+0100,,,,,,,,,,,,,,,,,,,,,,,,,,,,,,,,,,,,,,,,,29.630,14.756,12.185,,,,4.068,17.314,,,,,,,,,,,,,,,,,,,,,
2014-12-29T02:00:00Z,2014-12-29T03:00:00+0100,,,,,,,,,,,,,,,,,,,,,,,,,,,,,,,,,,,,,,,,,29.705,14.759,12.193,,,,4.092,17.314,,,,,,,,,,,,,,,,,,,,,
2014-12-29T03:00:00Z,2014-12-29T04:00:00+0100,,,,,,,,,,,,,,,,,,,,,,,,,,,,,,,,,,,,,,,,,29.776,14.761,12.228,,,,4.108,17.314,,,,,,,,,,,,,,,,,,,,,
2014-12-29T04:00:00Z,2014-12-29T05:00:00+0100,,,,,,,,,,,,,,,,,,,,,,,,,,,,,,,,,,,,,,,,,29.850,14.764,12.268,,,,4.117,17.314,,,,,,,,,,,,,,,,,,,,,
2014-12-29T05:00:00Z,2014-12-29T06:00:00+0100,,,,,,,,,,,,,,,,,,,,,,,,,,,,,,,,,,,,,,,,,29.922,14.766,12.295,,,,4.142,17.314,,,,,,,,,,,,,,,,,,,,,
2014-12-29T06:00:00Z,2014-12-29T07:00:00+0100,,,,,,,,,,,,,,,,,,,,,,,,,,,,,,,,,,,,,,,,,29.995,14.769,12.311,,,,4.154,17.687,,,,,,,,,,,,,,,,,,,,,
2014-12-29T07:00:00Z,2014-12-29T08:00:00+0100,,,,,,,,,,,,,,,,,,,,,,,,,,,,,,,,,,,,,,,,,30.069,14.771,12.351,,,,4.166,17.742,,,,,,,,,,,,,,,,,,,,,
2014-12-29T08:00:00Z,2014-12-29T09:00:00+0100,,,,,,,,,,,,,,,,,,,,,,,,,,,,,,,,,,,,,,,,,30.141,14.774,12.392,,,,4.190,17.745,,,,,,,,,,,,,,,,,,,,,
2014-12-29T09:00:00Z,2014-12-29T10:00:00+0100,,,,,,,,,,,,,,,,,,,,,,,,,,,,,,,,,,,,,,,,,30.215,14.777,12.395,,,,4.199,17.745,,,,,,,,,,,,,,,,,,,,,
2014-12-29T10:00:00Z,2014-12-29T11:00:00+0100,,,,,,,,,,,,,,,,,,,,,,,,,,,,,,,,,,,,,,,,,30.286,14.779,12.435,,,,4.215,17.745,,,,,,,,,,,,,,,,,,,,,
2014-12-29T11:00:00Z,2014-12-29T12:00:00+0100,,,,,,,,,,,,,,,,,,,,,,,,,,,,,,,,,,,,,,,,,30.361,14.782,12.476,,,,4.240,17.745,,,,,,,,,,,,,,,,,,,,,
2014-12-29T12:00:00Z,2014-12-29T13:00:00+0100,,,,,,,,,,,,,,,,,,,,,,,,,,,,,,,,,,,,,,,,,30.434,14.784,12.488,,,,4.245,17.913,,,,,,,,,,,,,,,,,,,,,
2014-12-29T13:00:00Z,2014-12-29T14:00:00+0100,,,,,,,,,,,,,,,,,,,,,,,,,,,,,,,,,,,,,,,,,30.513,14.929,12.519,,,,4.266,17.964,,,,,,,,,,,,,,,,,,,,,
2014-12-29T14:00:00Z,2014-12-29T15:00:00+0100,,,,,,,,,,,,,,,,,,,,,,,,,,,,,,,,,,,,,,,,,30.594,16.030,12.559,,,,4.290,18.219,,,,,,,,,,,,,,,,,,,,,
2014-12-29T15:00:00Z,2014-12-29T16:00:00+0100,,,,,,,,,,,,,,,,,,,,,,,,,,,,,,,,,,,,,,,,,30.673,16.269,12.598,,,,4.313,18.220,,,,,,,,,,,,,,,,,,,,,
2014-12-29T16:00:00Z,2014-12-29T17:00:00+0100,,,,,,,,,,,,,,,,,,,,,,,,,,,,,,,,,,,,,,,,,30.745,16.273,12.602,,,,4.315,18.220,,,,,,,,,,,,,,,,,,,,,
2014-12-29T17:00:00Z,2014-12-29T18:00:00+0100,,,,,,,,,,,,,,,,,,,,,,,,,,,,,,,,,,,,,,,,,30.819,16.277,12.642,,,,4.342,18.418,,,,,,,,,,,,,,,,,,,,,
2014-12-29T18:00:00Z,2014-12-29T19:00:00+0100,,,,,,,,,,,,,,,,,,,,,,,,,,,,,,,,,,,,,,,,,30.893,16.280,12.683,,,,4.360,18.469,,,,,,,,,,,,,,,,,,,,,
2014-12-29T19:00:00Z,2014-12-29T20:00:00+0100,,,,,,,,,,,,,,,,,,,,,,,,,,,,,,,,,,,,,,,,,30.966,16.283,12.698,,,,4.367,18.471,,,,,,,,,,,,,,,,,,,,,
2014-12-29T20:00:00Z,2014-12-29T21:00:00+0100,,,,,,,,,,,,,,,,,,,,,,,,,,,,,,,,,,,,,,,,,31.039,16.285,12.726,,,,4.391,18.471,,,,,,,,,,,,,,,,,,,,,
2014-12-29T21:00:00Z,2014-12-29T22:00:00+0100,,,,,,,,,,,,,,,,,,,,,,,,,,,,,,,,,,,,,,,,,31.113,16.288,12.767,,,,4.408,18.471,,,,,,,,,,,,,,,,,,,,,
2014-12-29T22:00:00Z,2014-12-29T23:00:00+0100,,,,,,,,,,,,,,,,,,,,,,,,,,,,,,,,,,,,,,,,,31.184,16.290,12.801,,,,4.416,18.471,,,,,,,,,,,,,,,,,,,,,
2014-12-29T23:00:00Z,2014-12-30T00:00:00+0100,,,,,,,,,,,,,,,,,,,,,,,,,,,,,,,,,,,,,,,,,31.253,16.293,12.810,,,,4.440,18.471,,,,,,,,,,,,,,,,,,,,,
2014-12-30T00:00:00Z,2014-12-30T01:00:00+0100,,,,,,,,,,,,,,,,,,,,,,,,,,,,,,,,,,,,,,,,,31.329,16.296,12.851,,,,4.449,18.662,,,,,,,,,,,,,,,,,,,,,
2014-12-30T01:00:00Z,2014-12-30T02:00:00+0100,,,,,,,,,,,,,,,,,,,,,,,,,,,,,,,,,,,,,,,,,31.398,16.298,12.892,,,,4.465,18.712,,,,,,,,,,,,,,,,,,,,,
2014-12-30T02:00:00Z,2014-12-30T03:00:00+0100,,,,,,,,,,,,,,,,,,,,,,,,,,,,,,,,,,,,,,,,,31.473,16.300,12.904,,,,4.490,18.714,,,,,,,,,,,,,,,,,,,,,
2014-12-30T03:00:00Z,2014-12-30T04:00:00+0100,,,,,,,,,,,,,,,,,,,,,,,,,,,,,,,,,,,,,,,,,31.542,16.303,12.935,,,,4.495,18.714,,,,,,,,,,,,,,,,,,,,,
2014-12-30T04:00:00Z,2014-12-30T05:00:00+0100,,,,,,,,,,,,,,,,,,,,,,,,,,,,,,,,,,,,,,,,,31.616,16.305,12.975,,,,4.514,18.714,,,,,,,,,,,,,,,,,,,,,
2014-12-30T05:00:00Z,2014-12-30T06:00:00+0100,,,,,,,,,,,,,,,,,,,,,,,,,,,,,,,,,,,,,,,,,31.688,16.308,13.004,,,,4.538,18.714,,,,,,,,,,,,,,,,,,,,,DE_KN_residential3_washing_machine
2014-12-30T06:00:00Z,2014-12-30T07:00:00+0100,,,,,,,,,,,,,,,,,,,,,,,,,,,,,,,,,,,,,,,,,31.761,16.311,13.018,,,,4.539,18.714,,,,,,,,,,,,,,,,,,,,,
2014-12-30T07:00:00Z,2014-12-30T08:00:00+0100,,,,,,,,,,,,,,,,,,,,,,,,,,,,,,,,,,,,,,,,,31.834,16.313,13.059,,,,4.563,18.714,,,,,,,,,,,,,,,,,,,,,
2014-12-30T08:00:00Z,2014-12-30T09:00:00+0100,,,,,,,,,,,,,,,,,,,,,,,,,,,,,,,,,,,,,,,,,31.906,16.316,13.099,,,,4.581,18.714,,,,,,,,,,,,,,,,,,,,,
2014-12-30T09:00:00Z,2014-12-30T10:00:00+0100,,,,,,,,,,,,,,,,,,,,,,,,,,,,,,,,,,,,,,,,,31.978,16.318,13.104,,,,4.591,18.750,,,,,,,,,,,,,,,,,,,,,
2014-12-30T10:00:00Z,2014-12-30T11:00:00+0100,,,,,,,,,,,,,,,,,,,,,,,,,,,,,,,,,,,,,,,,,32.049,16.321,13.142,,,,4.616,18.935,,,,,,,,,,,,,,,,,,,,,
2014-12-30T11:00:00Z,2014-12-30T12:00:00+0100,,,,,,,,,,,,,,,,,,,,,,,,,,,,,,,,,,,,,,,,,32.120,16.323,13.183,,,,4.639,18.936,,,,,,,,,,,,,,,,,,,,,
2014-12-30T12:00:00Z,2014-12-30T13:00:00+0100,,,,,,,,,,,,,,,,,,,,,,,,,,,,,,,,,,,,,,,,,32.192,16.326,13.207,,,,4.640,18.936,,,,,,,,,,,,,,,,,,,,,
2014-12-30T13:00:00Z,2014-12-30T14:00:00+0100,,,,,,,,,,,,,,,,,,,,,,,,,,,,,,,,,,,,,,,,,32.269,16.328,13.225,,,,4.665,18.936,,,,,,,,,,,,,,,,,,,,,
2014-12-30T14:00:00Z,2014-12-30T15:00:00+0100,,,,,,,,,,,,,,,,,,,,,,,,,,,,,,,,,,,,,,,,,32.347,16.737,13.266,,,,4.687,18.936,,,,,,,,,,,,,,,,,,,,,
2014-12-30T15:00:00Z,2014-12-30T16:00:00+0100,,,,,,,,,,,,,,,,,,,,,,,,,,,,,,,,,,,,,,,,,32.427,17.828,13.305,,,,4.689,18.936,,,,,,,,,,,,,,,,,,,,,
2014-12-30T16:00:00Z,2014-12-30T17:00:00+0100,,,,,,,,,,,,,,,,,,,,,,,,,,,,,,,,,,,,,,,,,32.499,17.832,13.308,,,,4.716,18.936,,,,,,,,,,,,,,,,,,,,,
2014-12-30T17:00:00Z,2014-12-30T18:00:00+0100,,,,,,,,,,,,,,,,,,,,,,,,,,,,,,,,,,,,,,,,,32.570,17.834,13.348,,,,4.730,18.936,,,,,,,,,,,,,,,,,,,,,
2014-12-30T18:00:00Z,2014-12-30T19:00:00+0100,,,,,,,,,,,,,,,,,,,,,,,,,,,,,,,,,,,,,,,,,32.642,17.837,13.389,,,,4.757,18.936,,,,,,,,,,,,,,,,,,,,,
2014-12-30T19:00:00Z,2014-12-30T20:00:00+0100,,,,,,,,,,,,,,,,,,,,,,,,,,,,,,,,,,,,,,,,,32.715,17.839,13.407,,,,4.782,18.936,,,,,,,,,,,,,,,,,,,,,
2014-12-30T20:00:00Z,2014-12-30T21:00:00+0100,,,,,,,,,,,,,,,,,,,,,,,,,,,,,,,,,,,,,,,,,32.787,17.842,13.431,,,,4.814,18.936,,,,,,,,,,,,,,,,,,,,,
2014-12-30T21:00:00Z,2014-12-30T22:00:00+0100,,,,,,,,,,,,,,,,,,,,,,,,,,,,,,,,,,,,,,,,,32.860,17.845,13.472,,,,4.840,18.936,,,,,,,,,,,,,,,,,,,,,
2014-12-30T22:00:00Z,2014-12-30T23:00:00+0100,,,,,,,,,,,,,,,,,,,,,,,,,,,,,,,,,,,,,,,,,32.930,17.847,13.508,,,,4.864,18.937,,,,,,,,,,,,,,,,,,,,,
2014-12-30T23:00:00Z,2014-12-31T00:00:00+0100,,,,,,,,,,,,,,,,,,,,,,,,,,,,,,,,,,,,,,,,,32.999,17.849,13.515,,,,4.872,18.937,,,,,,,,,,,,,,,,,,,,,
2014-12-31T00:00:00Z,2014-12-31T01:00:00+0100,,,,,,,,,,,,,,,,,,,,,,,,,,,,,,,,,,,,,,,,,33.072,17.852,13.556,,,,4.888,18.937,,,,,,,,,,,,,,,,,,,,,
2014-12-31T01:00:00Z,2014-12-31T02:00:00+0100,,,,,,,,,,,,,,,,,,,,,,,,,,,,,,,,,,,,,,,,,33.141,17.855,13.597,,,,4.911,18.937,,,,,,,,,,,,,,,,,,,,,
2014-12-31T02:00:00Z,2014-12-31T03:00:00+0100,,,,,,,,,,,,,,,,,,,,,,,,,,,,,,,,,,,,,,,,,33.215,17.857,13.610,,,,4.925,18.937,,,,,,,,,,,,,,,,,,,,,
2014-12-31T03:00:00Z,2014-12-31T04:00:00+0100,,,,,,,,,,,,,,,,,,,,,,,,,,,,,,,,,,,,,,,,,33.285,17.860,13.640,,,,4.935,18.937,,,,,,,,,,,,,,,,,,,,,
2014-12-31T04:00:00Z,2014-12-31T05:00:00+0100,,,,,,,,,,,,,,,,,,,,,,,,,,,,,,,,,,,,,,,,,33.359,17.863,13.681,,,,4.958,18.937,,,,,,,,,,,,,,,,,,,,,
2014-12-31T05:00:00Z,2014-12-31T06:00:00+0100,,,,,,,,,,,,,,,,,,,,,,,,,,,,,,,,,,,,,,,,,33.431,17.865,13.709,,,,4.973,18.937,,,,,,,,,,,,,,,,,,,,,
2014-12-31T06:00:00Z,2014-12-31T07:00:00+0100,,,,,,,,,,,,,,,,,,,,,,,,,,,,,,,,,,,,,,,,,33.505,17.868,13.724,,,,4.982,18.937,,,,,,,,,,,,,,,,,,,,,
2014-12-31T07:00:00Z,2014-12-31T08:00:00+0100,,,,,,,,,,,,,,,,,,,,,,,,,,,,,,,,,,,,,,,,,33.576,17.870,13.765,,,,5.007,18.937,,,,,,,,,,,,,,,,,,,,,
2014-12-31T08:00:00Z,2014-12-31T09:00:00+0100,,,,,,,,,,,,,,,,,,,,,,,,,,,,,,,,,,,,,,,,,33.649,17.873,13.805,,,,5.027,18.937,,,,,,,,,,,,,,,,,,,,,
2014-12-31T09:00:00Z,2014-12-31T10:00:00+0100,,,,,,,,,,,,,,,,,,,,,,,,,,,,,,,,,,,,,,,,,33.722,17.875,13.807,,,,5.032,18.937,,,,,,,,,,,,,,,,,,,,,
2014-12-31T10:00:00Z,2014-12-31T11:00:00+0100,,,,,,,,,,,,,,,,,,,,,,,,,,,,,,,,,,,,,,,,,33.795,17.878,13.848,,,,5.056,18.937,,,,,,,,,,,,,,,,,,,,,
2014-12-31T11:00:00Z,2014-12-31T12:00:00+0100,,,,,,,,,,,,,,,,,,,,,,,,,,,,,,,,,,,,,,,,,33.869,17.881,13.889,,,,5.076,18.937,,,,,,,,,,,,,,,,,,,,,
2014-12-31T12:00:00Z,2014-12-31T13:00:00+0100,,,,,,,,,,,,,,,,,,,,,,,,,,,,,,,,,,,,,,,,,33.941,17.883,13.907,,,,5.081,19.144,,,,,,,,,,,,,,,,,,,,,
2014-12-31T13:00:00Z,2014-12-31T14:00:00+0100,,,,,,,,,,,,,,,,,,,,,,,,,,,,,,,,,,,,,,,,,34.020,17.886,13.932,,,,5.106,19.147,,,,,,,,,,,,,,,,,,,,,
2014-12-31T14:00:00Z,2014-12-31T15:00:00+0100,,,,,,,,,,,,,,,,,,,,,,,,,,,,,,,,,,,,,,,,,34.098,17.888,13.973,,,,5.130,19.147,,,,,,,,,,,,,,,,,,,,,
2014-12-31T15:00:00Z,2014-12-31T16:00:00+0100,,,,,,,,,,,,,,,,,,,,,,,,,,,,,,,,,,,,,,,,,34.176,17.891,14.007,,,,5.136,19.147,,,,,,,,,,,,,,,,,,,,,
2014-12-31T16:00:00Z,2014-12-31T17:00:00+0100,,,,,,,,,,,,,,,,,,,,,,,,,,,,,,,,,,,,,,,,,34.247,18.410,14.015,,,,5.155,19.147,,,,,,,,,,,,,,,,,,,,,
2014-12-31T17:00:00Z,2014-12-31T18:00:00+0100,,,,,,,,,,,,,,,,,,,,,,,,,,,,,,,,,,,,,,,,,34.320,19.362,14.055,,,,5.190,19.147,,,,,,,,,,,,,,,,,,,,,
2014-12-31T18:00:00Z,2014-12-31T19:00:00+0100,,,,,,,,,,,,,,,,,,,,,,,,,,,,,,,,,,,,,,,,,34.390,19.364,14.096,,,,5.201,19.147,,,,,,,,,,,,,,,,,,,,,
2014-12-31T19:00:00Z,2014-12-31T20:00:00+0100,,,,,,,,,,,,,,,,,,,,,,,,,,,,,,,,,,,,,,,,,34.462,19.366,14.105,,,,5.213,19.147,,,,,,,,,,,,,,,,,,,,,
2014-12-31T20:00:00Z,2014-12-31T21:00:00+0100,,,,,,,,,,,,,,,,,,,,,,,,,,,,,,,,,,,,,,,,,34.534,19.369,14.139,,,,5.239,19.147,,,,,,,,,,,,,,,,,,,,,
2014-12-31T21:00:00Z,2014-12-31T22:00:00+0100,,,,,,,,,,,,,,,,,,,,,,,,,,,,,,,,,,,,,,,,,34.607,19.371,14.180,,,,5.252,19.147,,,,,,,,,,,,,,,,,,,,,
2014-12-31T22:00:00Z,2014-12-31T23:00:00+0100,,,,,,,,,,,,,,,,,,,,,,,,,,,,,,,,,,,,,,,,,34.678,19.374,14.206,,,,5.264,19.147,,,,,,,,,,,,,,,,,,,,,
2014-12-31T23:00:00Z,2015-01-01T00:00:00+0100,,,,,,,,,,,,,,,,,,,,,,,,,,,,,,,,,,,,,,,,,34.746,19.749,14.222,,,,5.289,19.147,,,,,,,,,,,,,,,,,,,,,
2015-01-01T00:00:00Z,2015-01-01T01:00:00+0100,,,,,,,,,,,,,,,,,,,,,,,,,,,,,,,,,,,,,,,,,34.822,20.754,14.263,,,,5.302,19.147,,,,,,,,,,,,,,,,,,,,,
2015-01-01T01:00:00Z,2015-01-01T02:00:00+0100,,,,,,,,,,,,,,,,,,,,,,,,,,,,,,,,,,,,,,,,,34.891,20.758,14.304,,,,5.319,19.147,,,,,,,,,,,,,,,,,,,,,
2015-01-01T02:00:00Z,2015-01-01T03:00:00+0100,,,,,,,,,,,,,,,,,,,,,,,,,,,,,,,,,,,,,,,,,34.966,20.761,14.306,,,,5.348,19.147,,,,,,,,,,,,,,,,,,,,,
2015-01-01T03:00:00Z,2015-01-01T04:00:00+0100,,,,,,,,,,,,,,,,,,,,,,,,,,,,,,,,,,,,,,,,,35.036,20.763,14.347,,,,5.373,19.147,,,,,,,,,,,,,,,,,,,,,
2015-01-01T04:00:00Z,2015-01-01T05:00:00+0100,,,,,,,,,,,,,,,,,,,,,,,,,,,,,,,,,,,,,,,,,35.110,20.765,14.387,,,,5.394,19.147,,,,,,,,,,,,,,,,,,,,,
2015-01-01T05:00:00Z,2015-01-01T06:00:00+0100,,,,,,,,,,,,,,,,,,,,,,,,,,,,,,,,,,,,,,,,,35.184,20.768,14.405,,,,5.398,19.147,,,,,,,,,,,,,,,,,,,,,
2015-01-01T06:00:00Z,2015-01-01T07:00:00+0100,,,,,,,,,,,,,,,,,,,,,,,,,,,,,,,,,,,,,,,,,35.258,20.770,14.430,,,,5.422,19.147,,,,,,,,,,,,,,,,,,,,,
2015-01-01T07:00:00Z,2015-01-01T08:00:00+0100,,,,,,,,,,,,,,,,,,,,,,,,,,,,,,,,,,,,,,,,,35.334,20.773,14.471,,,,5.441,19.297,,,,,,,,,,,,,,,,,,,,,
2015-01-01T08:00:00Z,2015-01-01T09:00:00+0100,,,,,,,,,,,,,,,,,,,,,,,,,,,,,,,,,,,,,,,,,35.408,20.776,14.502,,,,5.447,20.047,,,,,,,,,,,,,,,,,,,,,
2015-01-01T09:00:00Z,2015-01-01T10:00:00+0100,,,,,,,,,,,,,,,,,,,,,,,,,,,,,,,,,,,,,,,,,35.480,20.778,14.514,,,,5.471,20.117,,,,,,,,,,,,,,,,,,,,,DE_KN_residential3_refrigerator
2015-01-01T10:00:00Z,2015-01-01T11:00:00+0100,,,,,,,,,,,,,,,,,,,,,,,,,,,,,,,,,,,,,,,,,35.553,20.780,14.554,,,,5.498,21.102,,,,,,,,,,,,,,,,,,,,,DE_KN_residential3_refrigerator
2015-01-01T11:00:00Z,2015-01-01T12:00:00+0100,,,,,,,,,,,,,,,,,,,,,,,,,,,,,,,,,,,,,,,,,35.626,20.783,14.595,,,,5.507,22.018,,,,,,,,,,,,,,,,,,,,,
2015-01-01T12:00:00Z,2015-01-01T13:00:00+0100,,,,,,,,,,,,,,,,,,,,,,,,,,,,,,,,,,,,,,,,,35.698,20.786,14.600,,,,5.524,22.035,,,,,,,,,,,,,,,,,,,,,
2015-01-01T13:00:00Z,2015-01-01T14:00:00+0100,,,,,,,,,,,,,,,,,,,,,,,,,,,,,,,,,,,,,,,,,35.776,20.788,14.637,,,,5.550,22.050,,,,,,,,,,,,,,,,,,,,,
2015-01-01T14:00:00Z,2015-01-01T15:00:00+0100,,,,,,,,,,,,,,,,,,,,,,,,,,,,,,,,,,,,,,,,,35.852,20.791,14.678,,,,5.562,22.052,,,,,,,,,,,,,,,,,,,,,
2015-01-01T15:00:00Z,2015-01-01T16:00:00+0100,,,,,,,,,,,,,,,,,,,,,,,,,,,,,,,,,,,,,,,,,35.929,20.793,14.703,,,,5.575,22.052,,,,,,,,,,,,,,,,,,,,,
2015-01-01T16:00:00Z,2015-01-01T17:00:00+0100,,,,,,,,,,,,,,,,,,,,,,,,,,,,,,,,,,,,,,,,,35.999,20.796,14.720,,,,5.601,22.052,,,,,,,,,,,,,,,,,,,,,
2015-01-01T17:00:00Z,2015-01-01T18:00:00+0100,,,,,,,,,,,,,,,,,,,,,,,,,,,,,,,,,,,,,,,,,36.069,20.798,14.761,,,,5.611,22.052,,,,,,,,,,,,,,,,,,,,,
2015-01-01T18:00:00Z,2015-01-01T19:00:00+0100,,,,,,,,,,,,,,,,,,,,,,,,,,,,,,,,,,,,,,,,,36.140,20.801,14.801,,,,5.626,22.052,,,,,,,,,,,,,,,,,,,,,
2015-01-01T19:00:00Z,2015-01-01T20:00:00+0100,,,,,,,,,,,,,,,,,,,,,,,,,,,,,,,,,,,,,,,,,36.213,20.803,14.804,,,,5.670,22.053,,,,,,,,,,,,,,,,,,,,,
2015-01-01T20:00:00Z,2015-01-01T21:00:00+0100,,,,,,,,,,,,,,,,,,,,,,,,,,,,,,,,,,,,,,,,,36.285,20.806,14.845,,,,5.688,22.053,,,,,,,,,,,,,,,,,,,,,
2015-01-01T21:00:00Z,2015-01-01T22:00:00+0100,,,,,,,,,,,,,,,,,,,,,,,,,,,,,,,,,,,,,,,,,36.359,21.713,14.886,,,,5.696,22.053,,,,,,,,,,,,,,,,,,,,,
2015-01-01T22:00:00Z,2015-01-01T23:00:00+0100,,,,,,,,,,,,,,,,,,,,,,,,,,,,,,,,,,,,,,,,,36.431,22.361,14.899,,,,5.719,22.053,,,,,,,,,,,,,,,,,,,,,
2015-01-01T23:00:00Z,2015-01-02T00:00:00+0100,,,,,,,,,,,,,,,,,,,,,,,,,,,,,,,,,,,,,,,,,36.497,22.364,14.928,,,,5.744,22.053,,,,,,,,,,,,,,,,,,,,,
2015-01-02T00:00:00Z,2015-01-02T01:00:00+0100,,,,,,,,,,,,,,,,,,,,,,,,,,,,,,,,,,,,,,,,,36.570,22.366,14.969,,,,5.752,22.053,,,,,,,,,,,,,,,,,,,,,
2015-01-02T01:00:00Z,2015-01-02T02:00:00+0100,,,,,,,,,,,,,,,,,,,,,,,,,,,,,,,,,,,,,,,,,36.639,22.369,14.997,,,,5.769,22.053,,,,,,,,,,,,,,,,,,,,,
2015-01-02T02:00:00Z,2015-01-02T03:00:00+0100,,,,,,,,,,,,,,,,,,,,,,,,,,,,,,,,,,,,,,,,,36.714,22.371,15.012,,,,5.795,22.053,,,,,,,,,,,,,,,,,,,,,
2015-01-02T03:00:00Z,2015-01-02T04:00:00+0100,,,,,,,,,,,,,,,,,,,,,,,,,,,,,,,,,,,,,,,,,36.783,22.374,15.053,,,,5.802,22.053,,,,,,,,,,,,,,,,,,,,,
2015-01-02T04:00:00Z,2015-01-02T05:00:00+0100,,,,,,,,,,,,,,,,,,,,,,,,,,,,,,,,,,,,,,,,,36.856,22.377,15.094,,,,5.820,22.053,,,,,,,,,,,,,,,,,,,,,
2015-01-02T05:00:00Z,2015-01-02T06:00:00+0100,,,,,,,,,,,,,,,,,,,,,,,,,,,,,,,,,,,,,,,,,36.929,22.379,15.096,,,,5.844,22.053,,,,,,,,,,,,,,,,,,,,,
2015-01-02T06:00:00Z,2015-01-02T07:00:00+0100,,,,,,,,,,,,,,,,,,,,,,,,,,,,,,,,,,,,,,,,,37.001,22.382,15.136,,,,5.850,22.053,,,,,,,,,,,,,,,,,,,,,
2015-01-02T07:00:00Z,2015-01-02T08:00:00+0100,,,,,,,,,,,,,,,,,,,,,,,,,,,,,,,,,,,,,,,,,37.074,22.384,15.177,,,,5.869,22.053,,,,,,,,,,,,,,,,,,,,,
2015-01-02T08:00:00Z,2015-01-02T09:00:00+0100,,,,,,,,,,,,,,,,,,,,,,,,,,,,,,,,,,,,,,,,,37.146,22.387,15.195,,,,5.898,22.053,,,,,,,,,,,,,,,,,,,,,
2015-01-02T09:00:00Z,2015-01-02T10:00:00+0100,,,,,,,,,,,,,,,,,,,,,,,,,,,,,,,,,,,,,,,,,37.218,22.389,15.220,,,,5.908,22.053,,,,,,,,,,,,,,,,,,,,,
2015-01-02T10:00:00Z,2015-01-02T11:00:00+0100,,,,,,,,,,,,,,,,,,,,,,,,,,,,,,,,,,,,,,,,,37.290,22.392,15.260,,,,5.925,22.053,,,,,,,,,,,,,,,,,,,,,
2015-01-02T11:00:00Z,2015-01-02T12:00:00+0100,,,,,,,,,,,,,,,,,,,,,,,,,,,,,,,,,,,,,,,,,37.362,22.395,15.294,,,,5.948,22.053,,,,,,,,,,,,,,,,,,,,,DE_KN_residential3_refrigerator
2015-01-02T12:00:00Z,2015-01-02T13:00:00+0100,,,,,,,,,,,,,,,,,,,,,,,,,,,,,,,,,,,,,,,,,37.433,22.397,15.303,,,,5.970,22.053,,,,,,,,,,,,,,,,,,,,,
2015-01-02T13:00:00Z,2015-01-02T14:00:00+0100,,,,,,,,,,,,,,,,,,,,,,,,,,,,,,,,,,,,,,,,,37.510,22.400,15.343,,,,5.990,22.053,,,,,,,,,,,,,,,,,,,,,
2015-01-02T14:00:00Z,2015-01-02T15:00:00+0100,,,,,,,,,,,,,,,,,,,,,,,,,,,,,,,,,,,,,,,,,37.586,22.402,15.384,,,,6.010,22.053,,,,,,,,,,,,,,,,,,,,,
2015-01-02T15:00:00Z,2015-01-02T16:00:00+0100,,,,,,,,,,,,,,,,,,,,,,,,,,,,,,,,,,,,,,,,,37.664,23.338,15.392,,,,6.028,22.053,,,,,,,,,,,,,,,,,,,,,
2015-01-02T16:00:00Z,2015-01-02T17:00:00+0100,,,,,,,,,,,,,,,,,,,,,,,,,,,,,,,,,,,,,,,,,37.735,23.560,15.426,,,,6.048,22.053,,,,,,,,,,,,,,,,,,,,,
2015-01-02T17:00:00Z,2015-01-02T18:00:00+0100,,,,,,,,,,,,,,,,,,,,,,,,,,,,,,,,,,,,,,,,,37.806,23.564,15.507,,,,6.059,22.053,,,,,,,,,,,,,,,,,,,,,
2015-01-02T18:00:00Z,2015-01-02T19:00:00+0100,,,,,,,,,,,,,,,,,,,,,,,,,,,,,,,,,,,,,,,,,37.877,23.566,15.551,,,,6.069,22.054,,,,,,,,,,,,,,,,,,,,,
2015-01-02T19:00:00Z,2015-01-02T20:00:00+0100,,,,,,,,,,,,,,,,,,,,,,,,,,,,,,,,,,,,,,,,,37.949,23.861,15.581,,,,6.088,22.054,,,,,,,,,,,,,,,,,,,,,
2015-01-02T20:00:00Z,2015-01-02T21:00:00+0100,,,,,,,,,,,,,,,,,,,,,,,,,,,,,,,,,,,,,,,,,38.023,24.832,15.598,,,,6.107,22.054,,,,,,,,,,,,,,,,,,,,,
2015-01-02T21:00:00Z,2015-01-02T22:00:00+0100,,,,,,,,,,,,,,,,,,,,,,,,,,,,,,,,,,,,,,,,,38.095,24.837,15.641,,,,6.127,22.054,,,,,,,,,,,,,,,,,,,,,
2015-01-02T22:00:00Z,2015-01-02T23:00:00+0100,,,,,,,,,,,,,,,,,,,,,,,,,,,,,,,,,,,,,,,,,38.140,24.839,15.685,,,,6.138,22.054,,,,,,,,,,,,,,,,,,,,,
2015-01-02T23:00:00Z,2015-01-03T00:00:00+0100,,,,,,,,,,,,,,,,,,,,,,,,,,,,,,,,,,,,,,,,,38.177,24.842,15.718,,,,6.148,22.054,,,,,,,,,,,,,,,,,,,,,
2015-01-03T00:00:00Z,2015-01-03T01:00:00+0100,,,,,,,,,,,,,,,,,,,,,,,,,,,,,,,,,,,,,,,,,38.249,24.844,15.731,,,,6.167,22.054,,,,,,,,,,,,,,,,,,,,,
2015-01-03T01:00:00Z,2015-01-03T02:00:00+0100,,,,,,,,,,,,,,,,,,,,,,,,,,,,,,,,,,,,,,,,,38.316,24.846,15.774,,,,6.186,22.054,,,,,,,,,,,,,,,,,,,,,
2015-01-03T02:00:00Z,2015-01-03T03:00:00+0100,,,,,,,,,,,,,,,,,,,,,,,,,,,,,,,,,,,,,,,,,38.389,24.849,15.817,,,,6.206,22.054,,,,,,,,,,,,,,,,,,,,,
2015-01-03T03:00:00Z,2015-01-03T04:00:00+0100,,,,,,,,,,,,,,,,,,,,,,,,,,,,,,,,,,,,,,,,,38.456,24.851,15.826,,,,6.218,22.054,,,,,,,,,,,,,,,,,,,,,
2015-01-03T04:00:00Z,2015-01-03T05:00:00+0100,,,,,,,,,,,,,,,,,,,,,,,,,,,,,,,,,,,,,,,,,38.529,24.854,15.863,,,,6.226,22.054,,,,,,,,,,,,,,,,,,,,,
2015-01-03T05:00:00Z,2015-01-03T06:00:00+0100,,,,,,,,,,,,,,,,,,,,,,,,,,,,,,,,,,,,,,,,,38.600,24.857,15.906,,,,6.245,22.054,,,,,,,,,,,,,,,,,,,,,
2015-01-03T06:00:00Z,2015-01-03T07:00:00+0100,,,,,,,,,,,,,,,,,,,,,,,,,,,,,,,,,,,,,,,,,38.671,24.859,15.924,,,,6.273,22.054,,,,,,,,,,,,,,,,,,,,,DE_KN_residential3_circulation_pump | DE_KN_residential3_dishwasher
2015-01-03T07:00:00Z,2015-01-03T08:00:00+0100,,,,,,,,,,,,,,,,,,,,,,,,,,,,,,,,,,,,,,,,,38.744,24.861,15.951,,,,6.291,22.054,,,,,,,,,,,,,,,,,,,,,DE_KN_residential3_circulation_pump | DE_KN_residential3_dishwasher
2015-01-03T08:00:00Z,2015-01-03T09:00:00+0100,,,,,,,,,,,,,,,,,,,,,,,,,,,,,,,,,,,,,,,,,38.816,24.863,15.995,,,,6.303,22.054,,,,,,,,,,,,,,,,,,,,,DE_KN_residential3_circulation_pump | DE_KN_residential3_dishwasher
2015-01-03T09:00:00Z,2015-01-03T10:00:00+0100,,,,,,,,,,,,,,,,,,,,,,,,,,,,,,,,,,,,,,,,,38.887,24.866,16.017,,,,6.325,22.269,,,,,,,,,,,,,,,,,,,,,DE_KN_residential3_circulation_pump | DE_KN_residential3_dishwasher
2015-01-03T10:00:00Z,2015-01-03T11:00:00+0100,,,,,,,,,,,,,,,,,,,,,,,,,,,,,,,,,,,,,,,,,38.959,24.868,16.040,,,,6.346,22.601,,,,,,,,,,,,,,,,,,,,,DE_KN_residential3_circulation_pump | DE_KN_residential3_dishwasher
2015-01-03T11:00:00Z,2015-01-03T12:00:00+0100,,,,,,,,,,,,,,,,,,,,,,,,,,,,,,,,,,,,,,,,,39.031,24.871,16.083,,,,6.366,22.713,,,,,,,,,,,,,,,,,,,,,DE_KN_residential3_circulation_pump | DE_KN_residential3_dishwasher
2015-01-03T12:00:00Z,2015-01-03T13:00:00+0100,,,,,,,,,,,,,,,,,,,,,,,,,,,,,,,,,,,,,,,,,39.104,24.873,16.112,,,,6.388,22.757,,,,,,,,,,,,,,,,,,,,,DE_KN_residential3_circulation_pump | DE_KN_residential3_dishwasher
2015-01-03T13:00:00Z,2015-01-03T14:00:00+0100,,,,,,,,,,,,,,,,,,,,,,,,,,,,,,,,,,,,,,,,,39.182,24.876,16.128,,,,6.408,22.757,,,,,,,,,,,,,,,,,,,,,DE_KN_residential3_circulation_pump | DE_KN_residential3_dishwasher
2015-01-03T14:00:00Z,2015-01-03T15:00:00+0100,,,,,,,,,,,,,,,,,,,,,,,,,,,,,,,,,,,,,,,,,39.260,24.879,16.172,,,,6.422,22.758,,,,,,,,,,,,,,,,,,,,,DE_KN_residential3_circulation_pump | DE_KN_residential3_dishwasher
2015-01-03T15:00:00Z,2015-01-03T16:00:00+0100,,,,,,,,,,,,,,,,,,,,,,,,,,,,,,,,,,,,,,,,,39.337,24.881,16.205,,,,6.434,22.758,,,,,,,,,,,,,,,,,,,,,DE_KN_residential3_circulation_pump | DE_KN_residential3_dishwasher
2015-01-03T16:00:00Z,2015-01-03T17:00:00+0100,,,,,,,,,,,,,,,,,,,,,,,,,,,,,,,,,,,,,,,,,39.407,24.884,16.217,,,,6.450,22.758,,,,,,,,,,,,,,,,,,,,,DE_KN_residential3_circulation_pump | DE_KN_residential3_dishwasher
2015-01-03T17:00:00Z,2015-01-03T18:00:00+0100,,,,,,,,,,,,,,,,,,,,,,,,,,,,,,,,,,,,,,,,,39.477,24.886,16.260,,,,6.471,22.758,,,,,,,,,,,,,,,,,,,,,DE_KN_residential3_circulation_pump | DE_KN_residential3_dishwasher
2015-01-03T18:00:00Z,2015-01-03T19:00:00+0100,,,,,,,,,,,,,,,,,,,,,,,,,,,,,,,,,,,,,,,,,39.549,24.889,16.297,,,,6.494,22.758,,,,,,,,,,,,,,,,,,,,,DE_KN_residential3_circulation_pump | DE_KN_residential3_dishwasher
2015-01-03T19:00:00Z,2015-01-03T20:00:00+0100,,,,,,,,,,,,,,,,,,,,,,,,,,,,,,,,,,,,,,,,,39.621,24.891,16.305,,,,6.522,22.758,,,,,,,,,,,,,,,,,,,,,DE_KN_residential3_circulation_pump | DE_KN_residential3_dishwasher
2015-01-03T20:00:00Z,2015-01-03T21:00:00+0100,,,,,,,,,,,,,,,,,,,,,,,,,,,,,,,,,,,,,,,,,39.692,24.894,16.349,,,,6.543,22.758,,,,,,,,,,,,,,,,,,,,,DE_KN_residential3_circulation_pump | DE_KN_residential3_dishwasher
2015-01-03T21:00:00Z,2015-01-03T22:00:00+0100,,,,,,,,,,,,,,,,,,,,,,,,,,,,,,,,,,,,,,,,,39.765,24.896,16.388,,,,6.564,22.758,,,,,,,,,,,,,,,,,,,,,DE_KN_residential3_circulation_pump | DE_KN_residential3_dishwasher
2015-01-03T22:00:00Z,2015-01-03T23:00:00+0100,,,,,,,,,,,,,,,,,,,,,,,,,,,,,,,,,,,,,,,,,39.810,24.899,16.394,,,,6.576,22.758,,,,,,,,,,,,,,,,,,,,,DE_KN_residential3_circulation_pump | DE_KN_residential3_dishwasher
2015-01-03T23:00:00Z,2015-01-04T00:00:00+0100,,,,,,,,,,,,,,,,,,,,,,,,,,,,,,,,,,,,,,,,,39.852,24.901,16.438,,,,6.585,22.758,,,,,,,,,,,,,,,,,,,,,DE_KN_residential3_circulation_pump | DE_KN_residential3_dishwasher
2015-01-04T00:00:00Z,2015-01-04T01:00:00+0100,,,,,,,,,,,,,,,,,,,,,,,,,,,,,,,,,,,,,,,,,39.925,24.903,16.479,,,,6.605,22.758,,,,,,,,,,,,,,,,,,,,,DE_KN_residential3_circulation_pump | DE_KN_residential3_washing_machine | DE_KN_residential3_dishwasher
2015-01-04T01:00:00Z,2015-01-04T02:00:00+0100,,,,,,,,,,,,,,,,,,,,,,,,,,,,,,,,,,,,,,,,,39.993,24.906,16.483,,,,6.626,22.759,,,,,,,,,,,,,,,,,,,,,DE_KN_residential3_circulation_pump | DE_KN_residential3_washing_machine | DE_KN_residential3_dishwasher
2015-01-04T02:00:00Z,2015-01-04T03:00:00+0100,,,,,,,,,,,,,,,,,,,,,,,,,,,,,,,,,,,,,,,,,40.068,24.909,16.526,,,,6.646,22.759,,,,,,,,,,,,,,,,,,,,,DE_KN_residential3_circulation_pump | DE_KN_residential3_dishwasher
2015-01-04T03:00:00Z,2015-01-04T04:00:00+0100,,,,,,,,,,,,,,,,,,,,,,,,,,,,,,,,,,,,,,,,,40.136,24.911,16.568,,,,6.654,22.759,,,,,,,,,,,,,,,,,,,,,DE_KN_residential3_circulation_pump | DE_KN_residential3_dishwasher
2015-01-04T04:00:00Z,2015-01-04T05:00:00+0100,,,,,,,,,,,,,,,,,,,,,,,,,,,,,,,,,,,,,,,,,40.209,24.914,16.572,,,,6.666,22.759,,,,,,,,,,,,,,,,,,,,,DE_KN_residential3_circulation_pump | DE_KN_residential3_dishwasher
2015-01-04T05:00:00Z,2015-01-04T06:00:00+0100,,,,,,,,,,,,,,,,,,,,,,,,,,,,,,,,,,,,,,,,,40.281,24.916,16.616,,,,6.686,22.759,,,,,,,,,,,,,,,,,,,,,DE_KN_residential3_circulation_pump | DE_KN_residential3_dishwasher
2015-01-04T06:00:00Z,2015-01-04T07:00:00+0100,,,,,,,,,,,,,,,,,,,,,,,,,,,,,,,,,,,,,,,,,40.354,24.919,16.657,,,,6.706,22.759,,,,,,,,,,,,,,,,,,,,,DE_KN_residential3_circulation_pump | DE_KN_residential3_dishwasher
2015-01-04T07:00:00Z,2015-01-04T08:00:00+0100,,,,,,,,,,,,,,,,,,,,,,,,,,,,,,,,,,,,,,,,,40.427,24.922,16.661,,,,6.724,22.759,,,,,,,,,,,,,,,,,,,,,DE_KN_residential3_circulation_pump | DE_KN_residential3_dishwasher
2015-01-04T08:00:00Z,2015-01-04T09:00:00+0100,,,,,,,,,,,,,,,,,,,,,,,,,,,,,,,,,,,,,,,,,40.501,24.924,16.705,,,,6.741,22.759,,,,,,,,,,,,,,,,,,,,,DE_KN_residential3_circulation_pump | DE_KN_residential3_dishwasher
2015-01-04T09:00:00Z,2015-01-04T10:00:00+0100,,,,,,,,,,,,,,,,,,,,,,,,,,,,,,,,,,,,,,,,,40.574,24.927,16.747,,,,6.752,22.759,,,,,,,,,,,,,,,,,,,,,DE_KN_residential3_circulation_pump | DE_KN_residential3_dishwasher
2015-01-04T10:00:00Z,2015-01-04T11:00:00+0100,,,,,,,,,,,,,,,,,,,,,,,,,,,,,,,,,,,,,,,,,40.646,24.929,16.750,,,,6.771,22.759,,,,,,,,,,,,,,,,,,,,,DE_KN_residential3_circulation_pump | DE_KN_residential3_dishwasher
2015-01-04T11:00:00Z,2015-01-04T12:00:00+0100,,,,,,,,,,,,,,,,,,,,,,,,,,,,,,,,,,,,,,,,,40.719,24.932,16.794,,,,6.797,22.759,,,,,,,,,,,,,,,,,,,,,DE_KN_residential3_circulation_pump | DE_KN_residential3_dishwasher
2015-01-04T12:00:00Z,2015-01-04T13:00:00+0100,,,,,,,,,,,,,,,,,,,,,,,,,,,,,,,,,,,,,,,,,40.792,24.973,16.836,,,,6.817,22.759,,,,,,,,,,,,,,,,,,,,,DE_KN_residential3_circulation_pump | DE_KN_residential3_dishwasher
2015-01-04T13:00:00Z,2015-01-04T14:00:00+0100,,,,,,,,,,,,,,,,,,,,,,,,,,,,,,,,,,,,,,,,,40.873,26.185,16.838,,,,6.837,22.759,,,,,,,,,,,,,,,,,,,,,DE_KN_residential3_circulation_pump | DE_KN_residential3_dishwasher
2015-01-04T14:00:00Z,2015-01-04T15:00:00+0100,,,,,,,,,,,,,,,,,,,,,,,,,,,,,,,,,,,,,,,,,40.952,26.189,16.881,,,,6.850,22.759,,,,,,,,,,,,,,,,,,,,,DE_KN_residential3_circulation_pump | DE_KN_residential3_dishwasher
2015-01-04T15:00:00Z,2015-01-04T16:00:00+0100,,,,,,,,,,,,,,,,,,,,,,,,,,,,,,,,,,,,,,,,,41.028,26.191,16.924,,,,6.861,22.759,,,,,,,,,,,,,,,,,,,,,DE_KN_residential3_circulation_pump | DE_KN_residential3_dishwasher
2015-01-04T16:00:00Z,2015-01-04T17:00:00+0100,,,,,,,,,,,,,,,,,,,,,,,,,,,,,,,,,,,,,,,,,41.098,26.193,16.927,,,,6.877,22.759,,,,,,,,,,,,,,,,,,,,,DE_KN_residential3_circulation_pump | DE_KN_residential3_dishwasher
2015-01-04T17:00:00Z,2015-01-04T18:00:00+0100,,,,,,,,,,,,,,,,,,,,,,,,,,,,,,,,,,,,,,,,,41.169,26.195,16.970,,,,6.897,22.759,,,,,,,,,,,,,,,,,,,,,DE_KN_residential3_circulation_pump | DE_KN_residential3_dishwasher
2015-01-04T18:00:00Z,2015-01-04T19:00:00+0100,,,,,,,,,,,,,,,,,,,,,,,,,,,,,,,,,,,,,,,,,41.241,26.197,17.013,,,,6.920,22.759,,,,,,,,,,,,,,,,,,,,,DE_KN_residential3_circulation_pump | DE_KN_residential3_dishwasher
2015-01-04T19:00:00Z,2015-01-04T20:00:00+0100,,,,,,,,,,,,,,,,,,,,,,,,,,,,,,,,,,,,,,,,,41.314,26.200,17.015,,,,6.945,22.759,,,,,,,,,,,,,,,,,,,,,DE_KN_residential3_circulation_pump | DE_KN_residential3_dishwasher
2015-01-04T20:00:00Z,2015-01-04T21:00:00+0100,,,,,,,,,,,,,,,,,,,,,,,,,,,,,,,,,,,,,,,,,41.387,26.202,17.058,,,,6.965,22.759,,,,,,,,,,,,,,,,,,,,,DE_KN_residential3_circulation_pump | DE_KN_residential3_dishwasher
2015-01-04T21:00:00Z,2015-01-04T22:00:00+0100,,,,,,,,,,,,,,,,,,,,,,,,,,,,,,,,,,,,,,,,,41.461,26.205,17.102,,,,6.985,22.759,,,,,,,,,,,,,,,,,,,,,DE_KN_residential3_circulation_pump | DE_KN_residential3_dishwasher
2015-01-04T22:00:00Z,2015-01-04T23:00:00+0100,,,,,,,,,,,,,,,,,,,,,,,,,,,,,,,,,,,,,,,,,41.532,26.207,17.109,,,,6.996,22.759,,,,,,,,,,,,,,,,,,,,,DE_KN_residential3_circulation_pump | DE_KN_residential3_dishwasher
2015-01-04T23:00:00Z,2015-01-05T00:00:00+0100,,,,,,,,,,,,,,,,,,,,,,,,,,,,,,,,,,,,,,,,,41.600,26.210,17.147,,,,7.008,22.760,,,,,,,,,,,,,,,,,,,,,DE_KN_residential3_circulation_pump | DE_KN_residential3_dishwasher
2015-01-05T00:00:00Z,2015-01-05T01:00:00+0100,,,,,,,,,,,,,,,,,,,,,,,,,,,,,,,,,,,,,,,,,41.674,26.212,17.191,,,,7.025,22.760,,,,,,,,,,,,,,,,,,,,,DE_KN_residential3_circulation_pump | DE_KN_residential3_dishwasher
2015-01-05T01:00:00Z,2015-01-05T02:00:00+0100,,,,,,,,,,,,,,,,,,,,,,,,,,,,,,,,,,,,,,,,,41.744,26.215,17.202,,,,7.045,22.760,,,,,,,,,,,,,,,,,,,,,DE_KN_residential3_circulation_pump | DE_KN_residential3_dishwasher
2015-01-05T02:00:00Z,2015-01-05T03:00:00+0100,,,,,,,,,,,,,,,,,,,,,,,,,,,,,,,,,,,,,,,,,41.819,26.218,17.236,,,,7.065,22.760,,,,,,,,,,,,,,,,,,,,,DE_KN_residential3_circulation_pump | DE_KN_residential3_dishwasher
2015-01-05T03:00:00Z,2015-01-05T04:00:00+0100,,,,,,,,,,,,,,,,,,,,,,,,,,,,,,,,,,,,,,,,,41.889,26.220,17.280,,,,7.081,22.760,,,,,,,,,,,,,,,,,,,,,DE_KN_residential3_circulation_pump | DE_KN_residential3_dishwasher
2015-01-05T04:00:00Z,2015-01-05T05:00:00+0100,,,,,,,,,,,,,,,,,,,,,,,,,,,,,,,,,,,,,,,,,41.963,26.223,17.293,,,,7.088,22.760,,,,,,,,,,,,,,,,,,,,,DE_KN_residential3_circulation_pump | DE_KN_residential3_dishwasher
2015-01-05T05:00:00Z,2015-01-05T06:00:00+0100,,,,,,,,,,,,,,,,,,,,,,,,,,,,,,,,,,,,,,,,,42.035,26.225,17.325,,,,7.104,22.760,,,,,,,,,,,,,,,,,,,,,DE_KN_residential3_circulation_pump | DE_KN_residential3_dishwasher
2015-01-05T06:00:00Z,2015-01-05T07:00:00+0100,,,,,,,,,,,,,,,,,,,,,,,,,,,,,,,,,,,,,,,,,42.108,26.228,17.368,,,,7.123,22.760,,,,,,,,,,,,,,,,,,,,,DE_KN_residential3_circulation_pump | DE_KN_residential3_dishwasher
2015-01-05T07:00:00Z,2015-01-05T08:00:00+0100,,,,,,,,,,,,,,,,,,,,,,,,,,,,,,,,,,,,,,,,,42.182,26.230,17.384,,,,7.143,22.760,,,,,,,,,,,,,,,,,,,,,DE_KN_residential3_circulation_pump | DE_KN_residential3_dishwasher
2015-01-05T08:00:00Z,2015-01-05T09:00:00+0100,,,,,,,,,,,,,,,,,,,,,,,,,,,,,,,,,,,,,,,,,42.254,26.233,17.413,,,,7.165,22.760,,,,,,,,,,,,,,,,,,,,,DE_KN_residential3_circulation_pump | DE_KN_residential3_dishwasher
2015-01-05T09:00:00Z,2015-01-05T10:00:00+0100,,,,,,,,,,,,,,,,,,,,,,,,,,,,,,,,,,,,,,,,,42.328,26.236,17.456,,,,7.175,22.760,,,,,,,,,,,,,,,,,,,,,DE_KN_residential3_circulation_pump | DE_KN_residential3_dishwasher
2015-01-05T10:00:00Z,2015-01-05T11:00:00+0100,,,,,,,,,,,,,,,,,,,,,,,,,,,,,,,,,,,,,,,,,42.400,26.238,17.474,,,,7.199,22.760,,,,,,,,,,,,,,,,,,,,,DE_KN_residential3_circulation_pump | DE_KN_residential3_dishwasher
2015-01-05T11:00:00Z,2015-01-05T12:00:00+0100,,,,,,,,,,,,,,,,,,,,,,,,,,,,,,,,,,,,,,,,,42.474,26.241,17.501,,,,7.221,22.760,,,,,,,,,,,,,,,,,,,,,DE_KN_residential3_circulation_pump | DE_KN_residential3_dishwasher
2015-01-05T12:00:00Z,2015-01-05T13:00:00+0100,,,,,,,,,,,,,,,,,,,,,,,,,,,,,,,,,,,,,,,,,42.547,26.243,17.544,,,,7.234,22.760,,,,,,,,,,,,,,,,,,,,,DE_KN_residential3_circulation_pump | DE_KN_residential3_dishwasher
2015-01-05T13:00:00Z,2015-01-05T14:00:00+0100,,,,,,,,,,,,,,,,,,,,,,,,,,,,,,,,,,,,,,,,,42.626,26.389,17.565,,,,7.248,22.760,,,,,,,,,,,,,,,,,,,,,DE_KN_residential3_circulation_pump | DE_KN_residential3_dishwasher
2015-01-05T14:00:00Z,2015-01-05T15:00:00+0100,,,,,,,,,,,,,,,,,,,,,,,,,,,,,,,,,,,,,,,,,42.707,27.490,17.589,,,,7.272,22.760,,,,,,,,,,,,,,,,,,,,,DE_KN_residential3_circulation_pump | DE_KN_residential3_dishwasher
2015-01-05T15:00:00Z,2015-01-05T16:00:00+0100,,,,,,,,,,,,,,,,,,,,,,,,,,,,,,,,,,,,,,,,,42.786,27.728,17.632,,,,7.296,22.760,,,,,,,,,,,,,,,,,,,,,DE_KN_residential3_circulation_pump | DE_KN_residential3_dishwasher
2015-01-05T16:00:00Z,2015-01-05T17:00:00+0100,,,,,,,,,,,,,,,,,,,,,,,,,,,,,,,,,,,,,,,,,42.858,27.733,17.654,,,,7.306,22.760,,,,,,,,,,,,,,,,,,,,,DE_KN_residential3_circulation_pump | DE_KN_residential3_dishwasher
2015-01-05T17:00:00Z,2015-01-05T18:00:00+0100,,,,,,,,,,,,,,,,,,,,,,,,,,,,,,,,,,,,,,,,,42.932,27.736,17.678,,,,7.323,22.760,,,,,,,,,,,,,,,,,,,,,DE_KN_residential3_circulation_pump | DE_KN_residential3_dishwasher
2015-01-05T18:00:00Z,2015-01-05T19:00:00+0100,,,,,,,,,,,,,,,,,,,,,,,,,,,,,,,,,,,,,,,,,43.006,27.739,17.720,,,,7.352,22.760,,,,,,,,,,,,,,,,,,,,,DE_KN_residential3_circulation_pump | DE_KN_residential3_dishwasher
2015-01-05T19:00:00Z,2015-01-05T20:00:00+0100,,,,,,,,,,,,,,,,,,,,,,,,,,,,,,,,,,,,,,,,,43.080,27.742,17.743,,,,7.383,22.760,,,,,,,,,,,,,,,,,,,,,DE_KN_residential3_circulation_pump | DE_KN_residential3_dishwasher
2015-01-05T20:00:00Z,2015-01-05T21:00:00+0100,,,,,,,,,,,,,,,,,,,,,,,,,,,,,,,,,,,,,,,,,43.152,27.744,17.766,,,,7.388,22.760,,,,,,,,,,,,,,,,,,,,,DE_KN_residential3_circulation_pump | DE_KN_residential3_dishwasher
2015-01-05T21:00:00Z,2015-01-05T22:00:00+0100,,,,,,,,,,,,,,,,,,,,,,,,,,,,,,,,,,,,,,,,,43.226,27.747,17.809,,,,7.408,22.760,,,,,,,,,,,,,,,,,,,,,DE_KN_residential3_circulation_pump | DE_KN_residential3_dishwasher
2015-01-05T22:00:00Z,2015-01-05T23:00:00+0100,,,,,,,,,,,,,,,,,,,,,,,,,,,,,,,,,,,,,,,,,43.297,27.749,17.835,,,,7.432,22.760,,,,,,,,,,,,,,,,,,,,,DE_KN_residential3_circulation_pump | DE_KN_residential3_dishwasher
2015-01-05T23:00:00Z,2015-01-06T00:00:00+0100,,,,,,,,,,,,,,,,,,,,,,,,,,,,,,,,,,,,,,,,,43.366,27.752,17.855,,,,7.442,22.760,,,,,,,,,,,,,,,,,,,,,DE_KN_residential3_circulation_pump | DE_KN_residential3_dishwasher
2015-01-06T00:00:00Z,2015-01-06T01:00:00+0100,,,,,,,,,,,,,,,,,,,,,,,,,,,,,,,,,,,,,,,,,43.442,27.755,17.898,,,,7.455,22.760,,,,,,,,,,,,,,,,,,,,,DE_KN_residential3_circulation_pump | DE_KN_residential3_dishwasher
2015-01-06T01:00:00Z,2015-01-06T02:00:00+0100,,,,,,,,,,,,,,,,,,,,,,,,,,,,,,,,,,,,,,,,,43.512,27.757,17.924,,,,7.479,22.761,,,,,,,,,,,,,,,,,,,,,DE_KN_residential3_circulation_pump | DE_KN_residential3_dishwasher
2015-01-06T02:00:00Z,2015-01-06T03:00:00+0100,,,,,,,,,,,,,,,,,,,,,,,,,,,,,,,,,,,,,,,,,43.587,27.760,17.943,,,,7.493,22.761,,,,,,,,,,,,,,,,,,,,,DE_KN_residential3_circulation_pump | DE_KN_residential3_dishwasher
2015-01-06T03:00:00Z,2015-01-06T04:00:00+0100,,,,,,,,,,,,,,,,,,,,,,,,,,,,,,,,,,,,,,,,,43.656,27.762,17.988,,,,7.502,22.761,,,,,,,,,,,,,,,,,,,,,DE_KN_residential3_circulation_pump | DE_KN_residential3_dishwasher
2015-01-06T04:00:00Z,2015-01-06T05:00:00+0100,,,,,,,,,,,,,,,,,,,,,,,,,,,,,,,,,,,,,,,,,43.729,27.765,18.014,,,,7.525,22.761,,,,,,,,,,,,,,,,,,,,,DE_KN_residential3_circulation_pump | DE_KN_residential3_dishwasher
2015-01-06T05:00:00Z,2015-01-06T06:00:00+0100,,,,,,,,,,,,,,,,,,,,,,,,,,,,,,,,,,,,,,,,,43.801,27.767,18.036,,,,7.541,22.761,,,,,,,,,,,,,,,,,,,,,DE_KN_residential3_circulation_pump | DE_KN_residential3_dishwasher
2015-01-06T06:00:00Z,2015-01-06T07:00:00+0100,,,,,,,,,,,,,,,,,,,,,,,,,,,,,,,,,,,,,,,,,43.874,27.770,18.080,,,,7.548,22.761,,,,,,,,,,,,,,,,,,,,,DE_KN_residential3_circulation_pump | DE_KN_residential3_dishwasher
2015-01-06T07:00:00Z,2015-01-06T08:00:00+0100,,,,,,,,,,,,,,,,,,,,,,,,,,,,,,,,,,,,,,,,,43.947,27.772,18.109,,,,7.571,22.761,,,,,,,,,,,,,,,,,,,,,DE_KN_residential3_circulation_pump | DE_KN_residential3_dishwasher
2015-01-06T08:00:00Z,2015-01-06T09:00:00+0100,,,,,,,,,,,,,,,,,,,,,,,,,,,,,,,,,,,,,,,,,44.019,27.775,18.125,,,,7.595,22.761,,,,,,,,,,,,,,,,,,,,,DE_KN_residential3_circulation_pump | DE_KN_residential3_dishwasher
2015-01-06T09:00:00Z,2015-01-06T10:00:00+0100,,,,,,,,,,,,,,,,,,,,,,,,,,,,,,,,,,,,,,,,,44.091,27.777,18.170,,,,7.600,22.761,,,,,,,,,,,,,,,,,,,,,DE_KN_residential3_circulation_pump | DE_KN_residential3_dishwasher
2015-01-06T10:00:00Z,2015-01-06T11:00:00+0100,,,,,,,,,,,,,,,,,,,,,,,,,,,,,,,,,,,,,,,,,44.162,27.780,18.197,,,,7.618,23.605,,,,,,,,,,,,,,,,,,,,,DE_KN_residential3_circulation_pump | DE_KN_residential3_dishwasher
2015-01-06T11:00:00Z,2015-01-06T12:00:00+0100,,,,,,,,,,,,,,,,,,,,,,,,,,,,,,,,,,,,,,,,,44.233,27.782,18.216,,,,7.642,23.709,,,,,,,,,,,,,,,,,,,,,DE_KN_residential3_circulation_pump | DE_KN_residential3_dishwasher
2015-01-06T12:00:00Z,2015-01-06T13:00:00+0100,,,,,,,,,,,,,,,,,,,,,,,,,,,,,,,,,,,,,,,,,44.305,27.785,18.261,,,,7.656,23.794,,,,,,,,,,,,,,,,,,,,,DE_KN_residential3_circulation_pump | DE_KN_residential3_dishwasher
2015-01-06T13:00:00Z,2015-01-06T14:00:00+0100,,,,,,,,,,,,,,,,,,,,,,,,,,,,,,,,,,,,,,,,,44.382,27.788,18.273,,,,7.667,23.832,,,,,,,,,,,,,,,,,,,,,DE_KN_residential3_circulation_pump | DE_KN_residential3_dishwasher
2015-01-06T14:00:00Z,2015-01-06T15:00:00+0100,,,,,,,,,,,,,,,,,,,,,,,,,,,,,,,,,,,,,,,,,44.460,28.196,18.308,,,,7.689,23.832,,,,,,,,,,,,,,,,,,,,,DE_KN_residential3_circulation_pump | DE_KN_residential3_dishwasher
2015-01-06T15:00:00Z,2015-01-06T16:00:00+0100,,,,,,,,,,,,,,,,,,,,,,,,,,,,,,,,,,,,,,,,,44.541,29.288,18.353,,,,7.712,23.832,,,,,,,,,,,,,,,,,,,,,DE_KN_residential3_circulation_pump | DE_KN_residential3_dishwasher
2015-01-06T16:00:00Z,2015-01-06T17:00:00+0100,,,,,,,,,,,,,,,,,,,,,,,,,,,,,,,,,,,,,,,,,44.612,29.291,18.355,,,,7.718,24.108,,,,,,,,,,,,,,,,,,,,,DE_KN_residential3_circulation_pump | DE_KN_residential3_dishwasher
2015-01-06T17:00:00Z,2015-01-06T18:00:00+0100,,,,,,,,,,,,,,,,,,,,,,,,,,,,,,,,,,,,,,,,,44.683,29.293,18.400,,,,7.735,25.453,,,,,,,,,,,,,,,,,,,,,DE_KN_residential3_circulation_pump | DE_KN_residential3_dishwasher
2015-01-06T18:00:00Z,2015-01-06T19:00:00+0100,,,,,,,,,,,,,,,,,,,,,,,,,,,,,,,,,,,,,,,,,44.756,29.296,18.444,,,,7.757,25.661,,,,,,,,,,,,,,,,,,,,,DE_KN_residential3_circulation_pump | DE_KN_residential3_dishwasher
2015-01-06T19:00:00Z,2015-01-06T20:00:00+0100,,,,,,,,,,,,,,,,,,,,,,,,,,,,,,,,,,,,,,,,,44.828,29.298,18.446,,,,7.777,25.677,,,,,,,,,,,,,,,,,,,,,DE_KN_residential3_circulation_pump | DE_KN_residential3_dishwasher
2015-01-06T20:00:00Z,2015-01-06T21:00:00+0100,,,,,,,,,,,,,,,,,,,,,,,,,,,,,,,,,,,,,,,,,44.901,29.301,18.491,,,,7.790,25.683,,,,,,,,,,,,,,,,,,,,,DE_KN_residential3_circulation_pump | DE_KN_residential3_dishwasher
2015-01-06T21:00:00Z,2015-01-06T22:00:00+0100,,,,,,,,,,,,,,,,,,,,,,,,,,,,,,,,,,,,,,,,,44.973,29.304,18.523,,,,7.812,25.683,,,,,,,,,,,,,,,,,,,,,DE_KN_residential3_circulation_pump | DE_KN_residential3_dishwasher
2015-01-06T22:00:00Z,2015-01-06T23:00:00+0100,,,,,,,,,,,,,,,,,,,,,,,,,,,,,,,,,,,,,,,,,45.043,29.306,18.538,,,,7.833,25.684,,,,,,,,,,,,,,,,,,,,,DE_KN_residential3_circulation_pump | DE_KN_residential3_dishwasher
2015-01-06T23:00:00Z,2015-01-07T00:00:00+0100,,,,,,,,,,,,,,,,,,,,,,,,,,,,,,,,,,,,,,,,,45.112,29.309,18.583,,,,7.837,25.684,,,,,,,,,,,,,,,,,,,,,DE_KN_residential3_circulation_pump | DE_KN_residential3_dishwasher
2015-01-07T00:00:00Z,2015-01-07T01:00:00+0100,,,,,,,,,,,,,,,,,,,,,,,,,,,,,,,,,,,,,,,,,45.185,29.311,18.601,,,,7.858,25.684,,,,,,,,,,,,,,,,,,,,,DE_KN_residential3_circulation_pump | DE_KN_residential3_dishwasher
2015-01-07T01:00:00Z,2015-01-07T02:00:00+0100,,,,,,,,,,,,,,,,,,,,,,,,,,,,,,,,,,,,,,,,,45.254,29.314,18.630,,,,7.880,25.684,,,,,,,,,,,,,,,,,,,,,DE_KN_residential3_circulation_pump | DE_KN_residential3_dishwasher
2015-01-07T02:00:00Z,2015-01-07T03:00:00+0100,,,,,,,,,,,,,,,,,,,,,,,,,,,,,,,,,,,,,,,,,45.328,29.316,18.676,,,,7.889,25.684,,,,,,,,,,,,,,,,,,,,,DE_KN_residential3_circulation_pump | DE_KN_residential3_washing_machine | DE_KN_residential3_dishwasher
2015-01-07T03:00:00Z,2015-01-07T04:00:00+0100,,,,,,,,,,,,,,,,,,,,,,,,,,,,,,,,,,,,,,,,,45.397,29.319,18.680,,,,7.903,25.684,,,,,,,,,,,,,,,,,,,,,
2015-01-07T04:00:00Z,2015-01-07T05:00:00+0100,,,,,,,,,,,,,,,,,,,,,,,,,,,,,,,,,,,,,,,,,45.470,29.322,18.723,,,,7.925,25.684,,,,,,,,,,,,,,,,,,,,,
2015-01-07T05:00:00Z,2015-01-07T06:00:00+0100,,,,,,,,,,,,,,,,,,,,,,,,,,,,,,,,,,,,,,,,,45.540,29.324,18.768,,,,7.945,25.684,,,,,,,,,,,,,,,,,,,,,
2015-01-07T06:00:00Z,2015-01-07T07:00:00+0100,,,,,,,,,,,,,,,,,,,,,,,,,,,,,,,,,,,,,,,,,45.610,29.327,18.770,,,,7.953,25.684,,,,,,,,,,,,,,,,,,,,,
2015-01-07T07:00:00Z,2015-01-07T08:00:00+0100,,,,,,,,,,,,,,,,,,,,,,,,,,,,,,,,,,,,,,,,,45.681,29.329,18.815,,,,7.974,25.684,,,,,,,,,,,,,,,,,,,,,
2015-01-07T08:00:00Z,2015-01-07T09:00:00+0100,,,,,,,,,,,,,,,,,,,,,,,,,,,,,,,,,,,,,,,,,45.751,29.331,18.849,,,,7.997,25.684,,,,,,,,,,,,,,,,,,,,,
2015-01-07T09:00:00Z,2015-01-07T10:00:00+0100,,,,,,,,,,,,,,,,,,,,,,,,,,,,,,,,,,,,,,,,,45.821,29.334,18.862,,,,8.004,25.684,,,,,,,,,,,,,,,,,,,,,
2015-01-07T10:00:00Z,2015-01-07T11:00:00+0100,,,,,,,,,,,,,,,,,,,,,,,,,,,,,,,,,,,,,,,,,45.902,29.336,18.907,,,,8.024,25.684,,,,,,,,,,,,,,,,,,,,,
2015-01-07T11:00:00Z,2015-01-07T12:00:00+0100,,,,,,,,,,,,,,,,,,,,,,,,,,,,,,,,,,,,,,,,,46.013,29.339,18.931,,,,8.043,25.684,,,,,,,,,,,,,,,,,,,,,
2015-01-07T12:00:00Z,2015-01-07T13:00:00+0100,,,,,,,,,,,,,,,,,,,,,,,,,,,,,,,,,,,,,,,,,46.136,29.342,18.954,,,,8.066,25.684,,,,,,,,,,,,,,,,,,,,,
2015-01-07T13:00:00Z,2015-01-07T14:00:00+0100,,,,,,,,,,,,,,,,,,,,,,,,,,,,,,,,,,,,,,,,,46.261,29.344,19.000,,,,8.084,25.684,,,,,,,,,,,,,,,,,,,,,
2015-01-07T14:00:00Z,2015-01-07T15:00:00+0100,,,,,,,,,,,,,,,,,,,,,,,,,,,,,,,,,,,,,,,,,46.377,29.347,19.045,,,,8.089,25.684,,,,,,,,,,,,,,,,,,,,,
2015-01-07T15:00:00Z,2015-01-07T16:00:00+0100,,,,,,,,,,,,,,,,,,,,,,,,,,,,,,,,,,,,,,,,,46.466,29.350,19.090,,,,8.111,25.684,,,,,,,,,,,,,,,,,,,,,DE_KN_residential3_circulation_pump | DE_KN_residential3_dishwasher
2015-01-07T16:00:00Z,2015-01-07T17:00:00+0100,,,,,,,,,,,,,,,,,,,,,,,,,,,,,,,,,,,,,,,,,46.537,29.869,19.119,,,,8.134,25.684,,,,,,,,,,,,,,,,,,,,,DE_KN_residential3_circulation_pump | DE_KN_residential3_dishwasher
2015-01-07T17:00:00Z,2015-01-07T18:00:00+0100,,,,,,,,,,,,,,,,,,,,,,,,,,,,,,,,,,,,,,,,,46.610,30.821,19.142,,,,8.145,25.684,,,,,,,,,,,,,,,,,,,,,DE_KN_residential3_circulation_pump | DE_KN_residential3_dishwasher
2015-01-07T18:00:00Z,2015-01-07T19:00:00+0100,,,,,,,,,,,,,,,,,,,,,,,,,,,,,,,,,,,,,,,,,46.680,30.823,19.179,,,,8.157,25.684,,,,,,,,,,,,,,,,,,,,,DE_KN_residential3_circulation_pump | DE_KN_residential3_dishwasher
2015-01-07T19:00:00Z,2015-01-07T20:00:00+0100,,,,,,,,,,,,,,,,,,,,,,,,,,,,,,,,,,,,,,,,,46.752,30.825,19.223,,,,8.181,25.684,,,,,,,,,,,,,,,,,,,,,DE_KN_residential3_circulation_pump | DE_KN_residential3_washing_machine | DE_KN_residential3_dishwasher
2015-01-07T20:00:00Z,2015-01-07T21:00:00+0100,,,,,,,,,,,,,,,,,,,,,,,,,,,,,,,,,,,,,,,,,46.824,30.828,19.266,,,,8.206,25.684,,,,,,,,,,,,,,,,,,,,,DE_KN_residential3_circulation_pump | DE_KN_residential3_dishwasher
2015-01-07T21:00:00Z,2015-01-07T22:00:00+0100,,,,,,,,,,,,,,,,,,,,,,,,,,,,,,,,,,,,,,,,,46.897,30.830,19.302,,,,8.209,25.684,,,,,,,,,,,,,,,,,,,,,DE_KN_residential3_circulation_pump | DE_KN_residential3_dishwasher
2015-01-07T22:00:00Z,2015-01-07T23:00:00+0100,,,,,,,,,,,,,,,,,,,,,,,,,,,,,,,,,,,,,,,,,46.968,30.833,19.318,,,,8.229,25.685,,,,,,,,,,,,,,,,,,,,,DE_KN_residential3_circulation_pump | DE_KN_residential3_dishwasher
2015-01-07T23:00:00Z,2015-01-08T00:00:00+0100,,,,,,,,,,,,,,,,,,,,,,,,,,,,,,,,,,,,,,,,,47.036,31.208,19.355,,,,8.251,25.685,,,,,,,,,,,,,,,,,,,,,DE_KN_residential3_circulation_pump | DE_KN_residential3_dishwasher
2015-01-08T00:00:00Z,2015-01-08T01:00:00+0100,,,,,,,,,,,,,,,,,,,,,,,,,,,,,,,,,,,,,,,,,47.112,32.213,19.397,,,,8.263,25.685,,,,,,,,,,,,,,,,,,,,,DE_KN_residential3_circulation_pump | DE_KN_residential3_dishwasher
2015-01-08T01:00:00Z,2015-01-08T02:00:00+0100,,,,,,,,,,,,,,,,,,,,,,,,,,,,,,,,,,,,,,,,,47.181,32.217,19.441,,,,8.274,25.685,,,,,,,,,,,,,,,,,,,,,DE_KN_residential3_circulation_pump | DE_KN_residential3_dishwasher
2015-01-08T02:00:00Z,2015-01-08T03:00:00+0100,,,,,,,,,,,,,,,,,,,,,,,,,,,,,,,,,,,,,,,,,47.256,32.220,19.450,,,,8.296,25.685,,,,,,,,,,,,,,,,,,,,,DE_KN_residential3_circulation_pump | DE_KN_residential3_dishwasher
2015-01-08T03:00:00Z,2015-01-08T04:00:00+0100,,,,,,,,,,,,,,,,,,,,,,,,,,,,,,,,,,,,,,,,,47.326,32.222,19.485,,,,8.315,25.685,,,,,,,,,,,,,,,,,,,,,DE_KN_residential3_circulation_pump | DE_KN_residential3_dishwasher
2015-01-08T04:00:00Z,2015-01-08T05:00:00+0100,,,,,,,,,,,,,,,,,,,,,,,,,,,,,,,,,,,,,,,,,47.400,32.225,19.528,,,,8.318,25.685,,,,,,,,,,,,,,,,,,,,,DE_KN_residential3_circulation_pump | DE_KN_residential3_dishwasher
2015-01-08T05:00:00Z,2015-01-08T06:00:00+0100,,,,,,,,,,,,,,,,,,,,,,,,,,,,,,,,,,,,,,,,,47.474,32.227,19.560,,,,8.341,25.685,,,,,,,,,,,,,,,,,,,,,DE_KN_residential3_circulation_pump | DE_KN_residential3_dishwasher
2015-01-08T06:00:00Z,2015-01-08T07:00:00+0100,,,,,,,,,,,,,,,,,,,,,,,,,,,,,,,,,,,,,,,,,47.548,32.229,19.573,,,,8.381,25.685,,,,,,,,,,,,,,,,,,,,,DE_KN_residential3_circulation_pump | DE_KN_residential3_dishwasher
2015-01-08T07:00:00Z,2015-01-08T08:00:00+0100,,,,,,,,,,,,,,,,,,,,,,,,,,,,,,,,,,,,,,,,,47.624,32.232,19.616,,,,8.395,25.685,,,,,,,,,,,,,,,,,,,,,DE_KN_residential3_circulation_pump | DE_KN_residential3_dishwasher
2015-01-08T08:00:00Z,2015-01-08T09:00:00+0100,,,,,,,,,,,,,,,,,,,,,,,,,,,,,,,,,,,,,,,,,47.698,32.235,19.657,,,,8.403,25.685,,,,,,,,,,,,,,,,,,,,,DE_KN_residential3_circulation_pump | DE_KN_residential3_dishwasher
2015-01-08T09:00:00Z,2015-01-08T10:00:00+0100,,,,,,,,,,,,,,,,,,,,,,,,,,,,,,,,,,,,,,,,,47.770,32.237,19.665,,,,8.425,25.685,,,,,,,,,,,,,,,,,,,,,DE_KN_residential3_circulation_pump | DE_KN_residential3_dishwasher
2015-01-08T10:00:00Z,2015-01-08T11:00:00+0100,,,,,,,,,,,,,,,,,,,,,,,,,,,,,,,,,,,,,,,,,47.843,32.240,19.703,,,,8.448,25.685,,,,,,,,,,,,,,,,,,,,,DE_KN_residential3_circulation_pump | DE_KN_residential3_dishwasher
2015-01-08T11:00:00Z,2015-01-08T12:00:00+0100,,,,,,,,,,,,,,,,,,,,,,,,,,,,,,,,,,,,,,,,,47.916,32.242,19.747,,,,8.453,25.685,,,,,,,,,,,,,,,,,,,,,DE_KN_residential3_circulation_pump | DE_KN_residential3_dishwasher
2015-01-08T12:00:00Z,2015-01-08T13:00:00+0100,,,,,,,,,,,,,,,,,,,,,,,,,,,,,,,,,,,,,,,,,47.988,32.245,19.751,,,,8.470,25.685,,,,,,,,,,,,,,,,,,,,,DE_KN_residential3_circulation_pump | DE_KN_residential3_dishwasher
2015-01-08T13:00:00Z,2015-01-08T14:00:00+0100,,,,,,,,,,,,,,,,,,,,,,,,,,,,,,,,,,,,,,,,,48.066,32.247,19.794,,,,8.493,25.685,,,,,,,,,,,,,,,,,,,,,DE_KN_residential3_circulation_pump | DE_KN_residential3_dishwasher
2015-01-08T14:00:00Z,2015-01-08T15:00:00+0100,,,,,,,,,,,,,,,,,,,,,,,,,,,,,,,,,,,,,,,,,48.142,32.250,19.840,,,,8.501,25.685,,,,,,,,,,,,,,,,,,,,,DE_KN_residential3_circulation_pump | DE_KN_residential3_dishwasher
2015-01-08T15:00:00Z,2015-01-08T16:00:00+0100,,,,,,,,,,,,,,,,,,,,,,,,,,,,,,,,,,,,,,,,,48.219,32.253,19.842,,,,8.516,25.685,,,,,,,,,,,,,,,,,,,,,DE_KN_residential3_circulation_pump | DE_KN_residential3_dishwasher
2015-01-08T16:00:00Z,2015-01-08T17:00:00+0100,,,,,,,,,,,,,,,,,,,,,,,,,,,,,,,,,,,,,,,,,48.289,32.255,19.888,,,,8.539,25.685,,,,,,,,,,,,,,,,,,,,,DE_KN_residential3_circulation_pump | DE_KN_residential3_dishwasher
2015-01-08T17:00:00Z,2015-01-08T18:00:00+0100,,,,,,,,,,,,,,,,,,,,,,,,,,,,,,,,,,,,,,,,,48.359,32.258,19.924,,,,8.550,25.685,,,,,,,,,,,,,,,,,,,,,DE_KN_residential3_circulation_pump | DE_KN_residential3_dishwasher
2015-01-08T18:00:00Z,2015-01-08T19:00:00+0100,,,,,,,,,,,,,,,,,,,,,,,,,,,,,,,,,,,,,,,,,48.430,32.260,19.936,,,,8.563,25.685,,,,,,,,,,,,,,,,,,,,,DE_KN_residential3_circulation_pump | DE_KN_residential3_dishwasher
2015-01-08T19:00:00Z,2015-01-08T20:00:00+0100,,,,,,,,,,,,,,,,,,,,,,,,,,,,,,,,,,,,,,,,,48.503,32.262,19.981,,,,8.563,25.685,,,,,,,,,,,,,,,,,,,,,DE_KN_residential3_circulation_pump | DE_KN_residential3_dishwasher
2015-01-08T20:00:00Z,2015-01-08T21:00:00+0100,,,,,,,,,,,,,,,,,,,,,,,,,,,,,,,,,,,,,,,,,48.575,32.265,20.003,,,,8.580,25.685,,,,,,,,,,,,,,,,,,,,,DE_KN_residential3_circulation_pump | DE_KN_residential3_dishwasher
2015-01-08T21:00:00Z,2015-01-08T22:00:00+0100,,,,,,,,,,,,,,,,,,,,,,,,,,,,,,,,,,,,,,,,,48.649,33.173,20.029,,,,8.580,25.685,,,,,,,,,,,,,,,,,,,,,DE_KN_residential3_circulation_pump | DE_KN_residential3_dishwasher
2015-01-08T22:00:00Z,2015-01-08T23:00:00+0100,,,,,,,,,,,,,,,,,,,,,,,,,,,,,,,,,,,,,,,,,48.721,33.820,20.075,,,,8.601,25.685,,,,,,,,,,,,,,,,,,,,,DE_KN_residential3_circulation_pump | DE_KN_residential3_dishwasher
2015-01-08T23:00:00Z,2015-01-09T00:00:00+0100,,,,,,,,,,,,,,,,,,,,,,,,,,,,,,,,,,,,,,,,,48.787,33.823,20.082,,,,8.621,25.686,,,,,,,,,,,,,,,,,,,,,DE_KN_residential3_circulation_pump | DE_KN_residential3_dishwasher
2015-01-09T00:00:00Z,2015-01-09T01:00:00+0100,,,,,,,,,,,,,,,,,,,,,,,,,,,,,,,,,,,,,,,,,48.860,33.825,20.123,,,,8.623,25.686,,,,,,,,,,,,,,,,,,,,,DE_KN_residential3_circulation_pump | DE_KN_residential3_dishwasher
2015-01-09T01:00:00Z,2015-01-09T02:00:00+0100,,,,,,,,,,,,,,,,,,,,,,,,,,,,,,,,,,,,,,,,,48.929,33.828,20.169,,,,8.644,25.686,,,,,,,,,,,,,,,,,,,,,DE_KN_residential3_circulation_pump | DE_KN_residential3_dishwasher
2015-01-09T02:00:00Z,2015-01-09T03:00:00+0100,,,,,,,,,,,,,,,,,,,,,,,,,,,,,,,,,,,,,,,,,49.004,33.830,20.171,,,,8.665,25.686,,,,,,,,,,,,,,,,,,,,,DE_KN_residential3_circulation_pump | DE_KN_residential3_dishwasher
2015-01-09T03:00:00Z,2015-01-09T04:00:00+0100,,,,,,,,,,,,,,,,,,,,,,,,,,,,,,,,,,,,,,,,,49.073,33.833,20.217,,,,8.665,25.686,,,,,,,,,,,,,,,,,,,,,DE_KN_residential3_circulation_pump | DE_KN_residential3_dishwasher
2015-01-09T04:00:00Z,2015-01-09T05:00:00+0100,,,,,,,,,,,,,,,,,,,,,,,,,,,,,,,,,,,,,,,,,49.146,33.836,20.246,,,,8.685,25.686,,,,,,,,,,,,,,,,,,,,,DE_KN_residential3_circulation_pump | DE_KN_residential3_dishwasher
2015-01-09T05:00:00Z,2015-01-09T06:00:00+0100,,,,,,,,,,,,,,,,,,,,,,,,,,,,,,,,,,,,,,,,,49.219,33.838,20.265,,,,8.706,25.686,,,,,,,,,,,,,,,,,,,,,DE_KN_residential3_circulation_pump | DE_KN_residential3_dishwasher
2015-01-09T06:00:00Z,2015-01-09T07:00:00+0100,,,,,,,,,,,,,,,,,,,,,,,,,,,,,,,,,,,,,,,,,49.291,33.841,20.310,,,,8.724,25.686,,,,,,,,,,,,,,,,,,,,,DE_KN_residential3_circulation_pump | DE_KN_residential3_dishwasher
2015-01-09T07:00:00Z,2015-01-09T08:00:00+0100,,,,,,,,,,,,,,,,,,,,,,,,,,,,,,,,,,,,,,,,,49.364,33.844,20.324,,,,8.731,25.686,,,,,,,,,,,,,,,,,,,,,DE_KN_residential3_circulation_pump | DE_KN_residential3_dishwasher
2015-01-09T08:00:00Z,2015-01-09T09:00:00+0100,,,,,,,,,,,,,,,,,,,,,,,,,,,,,,,,,,,,,,,,,49.436,33.846,20.358,,,,8.753,25.686,,,,,,,,,,,,,,,,,,,,,DE_KN_residential3_circulation_pump | DE_KN_residential3_dishwasher
2015-01-09T09:00:00Z,2015-01-09T10:00:00+0100,,,,,,,,,,,,,,,,,,,,,,,,,,,,,,,,,,,,,,,,,49.508,33.849,20.404,,,,8.768,26.547,,,,,,,,,,,,,,,,,,,,,DE_KN_residential3_circulation_pump | DE_KN_residential3_dishwasher
2015-01-09T10:00:00Z,2015-01-09T11:00:00+0100,,,,,,,,,,,,,,,,,,,,,,,,,,,,,,,,,,,,,,,,,49.580,33.851,20.406,,,,8.774,26.656,,,,,,,,,,,,,,,,,,,,,DE_KN_residential3_circulation_pump | DE_KN_residential3_dishwasher
2015-01-09T11:00:00Z,2015-01-09T12:00:00+0100,,,,,,,,,,,,,,,,,,,,,,,,,,,,,,,,,,,,,,,,,49.652,33.854,20.452,,,,8.795,26.817,,,,,,,,,,,,,,,,,,,,,DE_KN_residential3_circulation_pump | DE_KN_residential3_dishwasher
2015-01-09T12:00:00Z,2015-01-09T13:00:00+0100,,,,,,,,,,,,,,,,,,,,,,,,,,,,,,,,,,,,,,,,,49.723,33.857,20.495,,,,8.812,27.938,,,,,,,,,,,,,,,,,,,,,DE_KN_residential3_circulation_pump | DE_KN_residential3_dishwasher
2015-01-09T13:00:00Z,2015-01-09T14:00:00+0100,,,,,,,,,,,,,,,,,,,,,,,,,,,,,,,,,,,,,,,,,49.800,33.859,20.497,,,,8.819,28.047,,,,,,,,,,,,,,,,,,,,,DE_KN_residential3_circulation_pump | DE_KN_residential3_dishwasher
2015-01-09T14:00:00Z,2015-01-09T15:00:00+0100,,,,,,,,,,,,,,,,,,,,,,,,,,,,,,,,,,,,,,,,,49.876,33.862,20.543,,,,8.842,28.381,,,,,,,,,,,,,,,,,,,,,DE_KN_residential3_circulation_pump | DE_KN_residential3_dishwasher
2015-01-09T15:00:00Z,2015-01-09T16:00:00+0100,,,,,,,,,,,,,,,,,,,,,,,,,,,,,,,,,,,,,,,,,49.954,34.798,20.583,,,,8.859,29.136,,,,,,,,,,,,,,,,,,,,,DE_KN_residential3_circulation_pump | DE_KN_residential3_dishwasher
2015-01-09T16:00:00Z,2015-01-09T17:00:00+0100,,,,,,,,,,,,,,,,,,,,,,,,,,,,,,,,,,,,,,,,,50.025,35.019,20.591,,,,8.863,29.392,,,,,,,,,,,,,,,,,,,,,DE_KN_residential3_circulation_pump | DE_KN_residential3_dishwasher
2015-01-09T17:00:00Z,2015-01-09T18:00:00+0100,,,,,,,,,,,,,,,,,,,,,,,,,,,,,,,,,,,,,,,,,50.096,35.023,20.636,,,,8.890,29.929,,,,,,,,,,,,,,,,,,,,,DE_KN_residential3_circulation_pump | DE_KN_residential3_dishwasher
2015-01-09T18:00:00Z,2015-01-09T19:00:00+0100,,,,,,,,,,,,,,,,,,,,,,,,,,,,,,,,,,,,,,,,,50.167,35.025,20.660,,,,8.909,30.029,,,,,,,,,,,,,,,,,,,,,DE_KN_residential3_circulation_pump | DE_KN_residential3_dishwasher
2015-01-09T19:00:00Z,2015-01-09T20:00:00+0100,,,,,,,,,,,,,,,,,,,,,,,,,,,,,,,,,,,,,,,,,50.239,35.320,20.685,,,,8.929,30.097,,,,,,,,,,,,,,,,,,,,,DE_KN_residential3_circulation_pump | DE_KN_residential3_dishwasher
2015-01-09T20:00:00Z,2015-01-09T21:00:00+0100,,,,,,,,,,,,,,,,,,,,,,,,,,,,,,,,,,,,,,,,,50.313,36.291,20.731,,,,8.945,30.483,,,,,,,,,,,,,,,,,,,,,DE_KN_residential3_circulation_pump | DE_KN_residential3_dishwasher
2015-01-09T21:00:00Z,2015-01-09T22:00:00+0100,,,,,,,,,,,,,,,,,,,,,,,,,,,,,,,,,,,,,,,,,50.385,36.296,20.734,,,,8.967,31.101,,,,,,,,,,,,,,,,,,,,,DE_KN_residential3_circulation_pump | DE_KN_residential3_dishwasher
2015-01-09T22:00:00Z,2015-01-09T23:00:00+0100,,,,,,,,,,,,,,,,,,,,,,,,,,,,,,,,,,,,,,,,,50.430,36.298,20.779,,,,8.972,32.319,,,,,,,,,,,,,,,,,,,,,DE_KN_residential3_circulation_pump | DE_KN_residential3_dishwasher
2015-01-09T23:00:00Z,2015-01-10T00:00:00+0100,,,,,,,,,,,,,,,,,,,,,,,,,,,,,,,,,,,,,,,,,50.467,36.301,20.823,,,,8.988,32.463,,,,,,,,,,,,,,,,,,,,,DE_KN_residential3_circulation_pump | DE_KN_residential3_dishwasher
2015-01-10T00:00:00Z,2015-01-10T01:00:00+0100,,,,,,,,,,,,,,,,,,,,,,,,,,,,,,,,,,,,,,,,,50.539,36.303,20.827,,,,9.009,32.478,,,,,,,,,,,,,,,,,,,,,DE_KN_residential3_circulation_pump | DE_KN_residential3_dishwasher
2015-01-10T01:00:00Z,2015-01-10T02:00:00+0100,,,,,,,,,,,,,,,,,,,,,,,,,,,,,,,,,,,,,,,,,50.607,36.305,20.873,,,,9.009,32.483,,,,,,,,,,,,,,,,,,,,,DE_KN_residential3_circulation_pump | DE_KN_residential3_dishwasher
2015-01-10T02:00:00Z,2015-01-10T03:00:00+0100,,,,,,,,,,,,,,,,,,,,,,,,,,,,,,,,,,,,,,,,,50.679,36.308,20.902,,,,9.031,32.483,,,,,,,,,,,,,,,,,,,,,DE_KN_residential3_circulation_pump | DE_KN_residential3_dishwasher
2015-01-10T03:00:00Z,2015-01-10T04:00:00+0100,,,,,,,,,,,,,,,,,,,,,,,,,,,,,,,,,,,,,,,,,50.747,36.310,20.921,,,,9.041,32.483,,,,,,,,,,,,,,,,,,,,,DE_KN_residential3_circulation_pump | DE_KN_residential3_dishwasher
2015-01-10T04:00:00Z,2015-01-10T05:00:00+0100,,,,,,,,,,,,,,,,,,,,,,,,,,,,,,,,,,,,,,,,,50.819,36.313,20.968,,,,9.052,32.484,,,,,,,,,,,,,,,,,,,,,DE_KN_residential3_circulation_pump | DE_KN_residential3_dishwasher
2015-01-10T05:00:00Z,2015-01-10T06:00:00+0100,,,,,,,,,,,,,,,,,,,,,,,,,,,,,,,,,,,,,,,,,50.891,36.316,20.979,,,,9.074,32.484,,,,,,,,,,,,,,,,,,,,,DE_KN_residential3_circulation_pump | DE_KN_residential3_dishwasher
2015-01-10T06:00:00Z,2015-01-10T07:00:00+0100,,,,,,,,,,,,,,,,,,,,,,,,,,,,,,,,,,,,,,,,,50.962,36.318,21.016,,,,9.074,32.484,,,,,,,,,,,,,,,,,,,,,DE_KN_residential3_circulation_pump | DE_KN_residential3_dishwasher
2015-01-10T07:00:00Z,2015-01-10T08:00:00+0100,,,,,,,,,,,,,,,,,,,,,,,,,,,,,,,,,,,,,,,,,51.034,36.321,21.063,,,,9.095,32.500,,,,,,,,,,,,,,,,,,,,,DE_KN_residential3_circulation_pump | DE_KN_residential3_dishwasher
2015-01-10T08:00:00Z,2015-01-10T09:00:00+0100,,,,,,,,,,,,,,,,,,,,,,,,,,,,,,,,,,,,,,,,,51.106,36.323,21.065,,,,9.113,32.500,,,,,,,,,,,,,,,,,,,,,DE_KN_residential3_circulation_pump | DE_KN_residential3_dishwasher
2015-01-10T09:00:00Z,2015-01-10T10:00:00+0100,,,,,,,,,,,,,,,,,,,,,,,,,,,,,,,,,,,,,,,,,51.178,36.326,21.111,,,,9.118,32.500,,,,,,,,,,,,,,,,,,,,,DE_KN_residential3_circulation_pump | DE_KN_residential3_washing_machine | DE_KN_residential3_dishwasher
2015-01-10T10:00:00Z,2015-01-10T11:00:00+0100,,,,,,,,,,,,,,,,,,,,,,,,,,,,,,,,,,,,,,,,,51.250,36.328,21.139,,,,9.139,32.500,,,,,,,,,,,,,,,,,,,,,DE_KN_residential3_circulation_pump | DE_KN_residential3_washing_machine | DE_KN_residential3_dishwasher
2015-01-10T11:00:00Z,2015-01-10T12:00:00+0100,,,,,,,,,,,,,,,,,,,,,,,,,,,,,,,,,,,,,,,,,51.321,36.331,21.161,,,,9.161,32.500,,,,,,,,,,,,,,,,,,,,,DE_KN_residential3_circulation_pump | DE_KN_residential3_dishwasher
2015-01-10T12:00:00Z,2015-01-10T13:00:00+0100,,,,,,,,,,,,,,,,,,,,,,,,,,,,,,,,,,,,,,,,,51.394,36.333,21.197,,,,9.166,32.501,,,,,,,,,,,,,,,,,,,,,DE_KN_residential3_circulation_pump | DE_KN_residential3_dishwasher
2015-01-10T13:00:00Z,2015-01-10T14:00:00+0100,,,,,,,,,,,,,,,,,,,,,,,,,,,,,,,,,,,,,,,,,51.473,36.336,21.236,,,,9.184,32.501,,,,,,,,,,,,,,,,,,,,,DE_KN_residential3_circulation_pump | DE_KN_residential3_dishwasher
2015-01-10T14:00:00Z,2015-01-10T15:00:00+0100,,,,,,,,,,,,,,,,,,,,,,,,,,,,,,,,,,,,,,,,,51.551,36.339,21.276,,,,9.206,32.501,,,,,,,,,,,,,,,,,,,,,DE_KN_residential3_circulation_pump | DE_KN_residential3_dishwasher
2015-01-10T15:00:00Z,2015-01-10T16:00:00+0100,,,,,,,,,,,,,,,,,,,,,,,,,,,,,,,,,,,,,,,,,51.627,36.341,21.289,,,,9.210,32.501,,,,,,,,,,,,,,,,,,,,,DE_KN_residential3_circulation_pump | DE_KN_residential3_dishwasher
2015-01-10T16:00:00Z,2015-01-10T17:00:00+0100,,,,,,,,,,,,,,,,,,,,,,,,,,,,,,,,,,,,,,,,,51.698,36.344,21.317,,,,9.228,32.501,,,,,,,,,,,,,,,,,,,,,DE_KN_residential3_circulation_pump | DE_KN_residential3_dishwasher
2015-01-10T17:00:00Z,2015-01-10T18:00:00+0100,,,,,,,,,,,,,,,,,,,,,,,,,,,,,,,,,,,,,,,,,51.768,36.346,21.357,,,,9.249,32.501,,,,,,,,,,,,,,,,,,,,,DE_KN_residential3_circulation_pump | DE_KN_residential3_dishwasher
2015-01-10T18:00:00Z,2015-01-10T19:00:00+0100,,,,,,,,,,,,,,,,,,,,,,,,,,,,,,,,,,,,,,,,,51.840,36.348,21.396,,,,9.265,32.501,,,,,,,,,,,,,,,,,,,,,DE_KN_residential3_circulation_pump | DE_KN_residential3_dishwasher
2015-01-10T19:00:00Z,2015-01-10T20:00:00+0100,,,,,,,,,,,,,,,,,,,,,,,,,,,,,,,,,,,,,,,,,51.911,36.351,21.404,,,,9.285,32.501,,,,,,,,,,,,,,,,,,,,,DE_KN_residential3_circulation_pump | DE_KN_residential3_dishwasher
2015-01-10T20:00:00Z,2015-01-10T21:00:00+0100,,,,,,,,,,,,,,,,,,,,,,,,,,,,,,,,,,,,,,,,,51.983,36.354,21.438,,,,9.306,32.501,,,,,,,,,,,,,,,,,,,,,DE_KN_residential3_circulation_pump | DE_KN_residential3_dishwasher
2015-01-10T21:00:00Z,2015-01-10T22:00:00+0100,,,,,,,,,,,,,,,,,,,,,,,,,,,,,,,,,,,,,,,,,52.056,36.356,21.477,,,,9.319,32.501,,,,,,,,,,,,,,,,,,,,,DE_KN_residential3_circulation_pump | DE_KN_residential3_dishwasher
2015-01-10T22:00:00Z,2015-01-10T23:00:00+0100,,,,,,,,,,,,,,,,,,,,,,,,,,,,,,,,,,,,,,,,,52.100,36.358,21.513,,,,9.327,32.501,,,,,,,,,,,,,,,,,,,,,DE_KN_residential3_circulation_pump | DE_KN_residential3_dishwasher
2015-01-10T23:00:00Z,2015-01-11T00:00:00+0100,,,,,,,,,,,,,,,,,,,,,,,,,,,,,,,,,,,,,,,,,52.143,36.361,21.519,,,,9.348,32.501,,,,,,,,,,,,,,,,,,,,,DE_KN_residential3_circulation_pump | DE_KN_residential3_dishwasher
2015-01-11T00:00:00Z,2015-01-11T01:00:00+0100,,,,,,,,,,,,,,,,,,,,,,,,,,,,,,,,,,,,,,,,,52.216,36.363,21.559,,,,9.359,32.501,,,,,,,,,,,,,,,,,,,,,DE_KN_residential3_circulation_pump | DE_KN_residential3_dishwasher
2015-01-11T01:00:00Z,2015-01-11T02:00:00+0100,,,,,,,,,,,,,,,,,,,,,,,,,,,,,,,,,,,,,,,,,52.284,36.366,21.598,,,,9.368,32.501,,,,,,,,,,,,,,,,,,,,,DE_KN_residential3_circulation_pump | DE_KN_residential3_dishwasher
2015-01-11T02:00:00Z,2015-01-11T03:00:00+0100,,,,,,,,,,,,,,,,,,,,,,,,,,,,,,,,,,,,,,,,,52.358,36.369,21.623,,,,9.389,32.501,,,,,,,,,,,,,,,,,,,,,DE_KN_residential3_circulation_pump | DE_KN_residential3_dishwasher
2015-01-11T03:00:00Z,2015-01-11T04:00:00+0100,,,,,,,,,,,,,,,,,,,,,,,,,,,,,,,,,,,,,,,,,52.426,36.371,21.640,,,,9.397,32.501,,,,,,,,,,,,,,,,,,,,,DE_KN_residential3_circulation_pump | DE_KN_residential3_dishwasher
2015-01-11T04:00:00Z,2015-01-11T05:00:00+0100,,,,,,,,,,,,,,,,,,,,,,,,,,,,,,,,,,,,,,,,,52.500,36.374,21.680,,,,9.410,32.501,,,,,,,,,,,,,,,,,,,,,DE_KN_residential3_circulation_pump | DE_KN_residential3_dishwasher
2015-01-11T05:00:00Z,2015-01-11T06:00:00+0100,,,,,,,,,,,,,,,,,,,,,,,,,,,,,,,,,,,,,,,,,52.572,36.376,21.719,,,,9.431,32.501,,,,,,,,,,,,,,,,,,,,,DE_KN_residential3_circulation_pump | DE_KN_residential3_dishwasher
2015-01-11T06:00:00Z,2015-01-11T07:00:00+0100,,,,,,,,,,,,,,,,,,,,,,,,,,,,,,,,,,,,,,,,,52.645,36.379,21.729,,,,9.433,32.501,,,,,,,,,,,,,,,,,,,,,DE_KN_residential3_circulation_pump | DE_KN_residential3_washing_machine | DE_KN_residential3_dishwasher
2015-01-11T07:00:00Z,2015-01-11T08:00:00+0100,,,,,,,,,,,,,,,,,,,,,,,,,,,,,,,,,,,,,,,,,52.717,36.382,21.761,,,,9.451,32.501,,,,,,,,,,,,,,,,,,,,,DE_KN_residential3_circulation_pump | DE_KN_residential3_dishwasher
2015-01-11T08:00:00Z,2015-01-11T09:00:00+0100,,,,,,,,,,,,,,,,,,,,,,,,,,,,,,,,,,,,,,,,,52.791,36.384,21.800,,,,9.479,32.501,,,,,,,,,,,,,,,,,,,,,DE_KN_residential3_circulation_pump | DE_KN_residential3_dishwasher
2015-01-11T09:00:00Z,2015-01-11T10:00:00+0100,,,,,,,,,,,,,,,,,,,,,,,,,,,,,,,,,,,,,,,,,52.864,36.386,21.844,,,,9.484,32.501,,,,,,,,,,,,,,,,,,,,,DE_KN_residential3_circulation_pump | DE_KN_residential3_dishwasher
2015-01-11T10:00:00Z,2015-01-11T11:00:00+0100,,,,,,,,,,,,,,,,,,,,,,,,,,,,,,,,,,,,,,,,,52.932,36.388,21.876,,,,9.510,32.501,,,,,,,,,,,,,,,,,,,,,
2015-01-11T11:00:00Z,2015-01-11T12:00:00+0100,,,,,,,,,,,,,,,,,,,,,,,,,,,,,,,,,,,,,,,,,53.003,36.391,21.898,,,,9.527,32.501,,,,,,,,,,,,,,,,,,,,,
2015-01-11T12:00:00Z,2015-01-11T13:00:00+0100,,,,,,,,,,,,,,,,,,,,,,,,,,,,,,,,,,,,,,,,,53.121,36.393,21.932,,,,9.547,32.501,,,,,,,,,,,,,,,,,,,,,
2015-01-11T13:00:00Z,2015-01-11T14:00:00+0100,,,,,,,,,,,,,,,,,,,,,,,,,,,,,,,,,,,,,,,,,53.219,37.362,21.975,,,,9.559,32.502,,,,,,,,,,,,,,,,,,,,,
2015-01-11T14:00:00Z,2015-01-11T15:00:00+0100,,,,,,,,,,,,,,,,,,,,,,,,,,,,,,,,,,,,,,,,,53.319,37.854,22.008,,,,9.567,32.502,,,,,,,,,,,,,,,,,,,,,
2015-01-11T15:00:00Z,2015-01-11T16:00:00+0100,,,,,,,,,,,,,,,,,,,,,,,,,,,,,,,,,,,,,,,,,53.397,37.857,22.021,,,,9.589,32.502,,,,,,,,,,,,,,,,,,,,,
2015-01-11T16:00:00Z,2015-01-11T17:00:00+0100,,,,,,,,,,,,,,,,,,,,,,,,,,,,,,,,,,,,,,,,,53.463,37.860,22.064,,,,9.608,32.502,,,,,,,,,,,,,,,,,,,,,
2015-01-11T17:00:00Z,2015-01-11T18:00:00+0100,,,,,,,,,,,,,,,,,,,,,,,,,,,,,,,,,,,,,,,,,53.531,38.422,22.104,,,,9.608,32.502,,,,,,,,,,,,,,,,,,,,,DE_KN_residential3_washing_machine
2015-01-11T18:00:00Z,2015-01-11T19:00:00+0100,,,,,,,,,,,,,,,,,,,,,,,,,,,,,,,,,,,,,,,,,53.600,38.973,22.109,,,,9.632,33.370,,,,,,,,,,,,,,,,,,,,,
2015-01-11T19:00:00Z,2015-01-11T20:00:00+0100,,,,,,,,,,,,,,,,,,,,,,,,,,,,,,,,,,,,,,,,,53.667,38.976,22.153,,,,9.659,33.459,,,,,,,,,,,,,,,,,,,,,
2015-01-11T20:00:00Z,2015-01-11T21:00:00+0100,,,,,,,,,,,,,,,,,,,,,,,,,,,,,,,,,,,,,,,,,53.736,38.978,22.196,,,,9.667,33.570,,,,,,,,,,,,,,,,,,,,,
2015-01-11T21:00:00Z,2015-01-11T22:00:00+0100,,,,,,,,,,,,,,,,,,,,,,,,,,,,,,,,,,,,,,,,,53.804,38.981,22.198,,,,9.686,33.572,,,,,,,,,,,,,,,,,,,,,
2015-01-11T22:00:00Z,2015-01-11T23:00:00+0100,,,,,,,,,,,,,,,,,,,,,,,,,,,,,,,,,,,,,,,,,53.846,38.983,22.242,,,,9.704,33.572,,,,,,,,,,,,,,,,,,,,,
2015-01-11T23:00:00Z,2015-01-12T00:00:00+0100,,,,,,,,,,,,,,,,,,,,,,,,,,,,,,,,,,,,,,,,,53.894,38.986,22.286,,,,9.705,33.572,,,,,,,,,,,,,,,,,,,,,
2015-01-12T00:00:00Z,2015-01-12T01:00:00+0100,,,,,,,,,,,,,,,,,,,,,,,,,,,,,,,,,,,,,,,,,53.965,38.989,22.288,,,,9.723,33.572,,,,,,,,,,,,,,,,,,,,,
2015-01-12T01:00:00Z,2015-01-12T02:00:00+0100,,,,,,,,,,,,,,,,,,,,,,,,,,,,,,,,,,,,,,,,,54.031,38.991,22.331,,,,9.742,33.572,,,,,,,,,,,,,,,,,,,,,
2015-01-12T02:00:00Z,2015-01-12T03:00:00+0100,,,,,,,,,,,,,,,,,,,,,,,,,,,,,,,,,,,,,,,,,54.101,38.993,22.375,,,,9.750,33.572,,,,,,,,,,,,,,,,,,,,,
2015-01-12T03:00:00Z,2015-01-12T04:00:00+0100,,,,,,,,,,,,,,,,,,,,,,,,,,,,,,,,,,,,,,,,,54.165,38.996,22.377,,,,9.762,33.572,,,,,,,,,,,,,,,,,,,,,
2015-01-12T04:00:00Z,2015-01-12T05:00:00+0100,,,,,,,,,,,,,,,,,,,,,,,,,,,,,,,,,,,,,,,,,54.235,38.999,22.421,,,,9.780,33.573,,,,,,,,,,,,,,,,,,,,,
2015-01-12T05:00:00Z,2015-01-12T06:00:00+0100,,,,,,,,,,,,,,,,,,,,,,,,,,,,,,,,,,,,,,,,,54.305,39.001,22.464,,,,9.804,33.573,,,,,,,,,,,,,,,,,,,,,
2015-01-12T06:00:00Z,2015-01-12T07:00:00+0100,,,,,,,,,,,,,,,,,,,,,,,,,,,,,,,,,,,,,,,,,54.377,39.846,22.466,,,,9.814,33.573,,,,,,,,,,,,,,,,,,,,,
2015-01-12T07:00:00Z,2015-01-12T08:00:00+0100,,,,,,,,,,,,,,,,,,,,,,,,,,,,,,,,,,,,,,,,,54.447,40.180,22.509,,,,9.833,33.573,,,,,,,,,,,,,,,,,,,,,
2015-01-12T08:00:00Z,2015-01-12T09:00:00+0100,,,,,,,,,,,,,,,,,,,,,,,,,,,,,,,,,,,,,,,,,54.515,40.185,22.553,,,,9.851,33.573,,,,,,,,,,,,,,,,,,,,,
2015-01-12T09:00:00Z,2015-01-12T10:00:00+0100,,,,,,,,,,,,,,,,,,,,,,,,,,,,,,,,,,,,,,,,,54.583,40.189,22.557,,,,9.853,33.573,,,,,,,,,,,,,,,,,,,,,
2015-01-12T10:00:00Z,2015-01-12T11:00:00+0100,,,,,,,,,,,,,,,,,,,,,,,,,,,,,,,,,,,,,,,,,54.693,40.194,22.598,,,,9.870,33.573,,,,,,,,,,,,,,,,,,,,,
2015-01-12T11:00:00Z,2015-01-12T12:00:00+0100,,,,,,,,,,,,,,,,,,,,,,,,,,,,,,,,,,,,,,,,,54.799,40.199,22.641,,,,9.890,33.573,,,,,,,,,,,,,,,,,,,,,
2015-01-12T12:00:00Z,2015-01-12T13:00:00+0100,,,,,,,,,,,,,,,,,,,,,,,,,,,,,,,,,,,,,,,,,54.885,40.202,22.646,,,,9.896,33.573,,,,,,,,,,,,,,,,,,,,,
2015-01-12T13:00:00Z,2015-01-12T14:00:00+0100,,,,,,,,,,,,,,,,,,,,,,,,,,,,,,,,,,,,,,,,,54.959,40.205,22.687,,,,9.910,33.573,,,,,,,,,,,,,,,,,,,,,
2015-01-12T14:00:00Z,2015-01-12T15:00:00+0100,,,,,,,,,,,,,,,,,,,,,,,,,,,,,,,,,,,,,,,,,55.035,40.207,22.732,,,,9.930,33.573,,,,,,,,,,,,,,,,,,,,,
2015-01-12T15:00:00Z,2015-01-12T16:00:00+0100,,,,,,,,,,,,,,,,,,,,,,,,,,,,,,,,,,,,,,,,,55.111,40.209,22.756,,,,9.946,33.573,,,,,,,,,,,,,,,,,,,,,
2015-01-12T16:00:00Z,2015-01-12T17:00:00+0100,,,,,,,,,,,,,,,,,,,,,,,,,,,,,,,,,,,,,,,,,55.178,40.212,22.782,,,,9.949,33.573,,,,,,,,,,,,,,,,,,,,,
2015-01-12T17:00:00Z,2015-01-12T18:00:00+0100,,,,,,,,,,,,,,,,,,,,,,,,,,,,,,,,,,,,,,,,,55.247,40.214,22.829,,,,9.970,33.573,,,,,,,,,,,,,,,,,,,,,
2015-01-12T18:00:00Z,2015-01-12T19:00:00+0100,,,,,,,,,,,,,,,,,,,,,,,,,,,,,,,,,,,,,,,,,55.316,40.217,22.844,,,,9.990,33.573,,,,,,,,,,,,,,,,,,,,,
2015-01-12T19:00:00Z,2015-01-12T20:00:00+0100,,,,,,,,,,,,,,,,,,,,,,,,,,,,,,,,,,,,,,,,,55.386,41.045,22.878,,,,10.012,33.573,,,,,,,,,,,,,,,,,,,,,
2015-01-12T20:00:00Z,2015-01-12T21:00:00+0100,,,,,,,,,,,,,,,,,,,,,,,,,,,,,,,,,,,,,,,,,55.458,41.417,22.924,,,,10.030,33.573,,,,,,,,,,,,,,,,,,,,,
2015-01-12T21:00:00Z,2015-01-12T22:00:00+0100,,,,,,,,,,,,,,,,,,,,,,,,,,,,,,,,,,,,,,,,,55.528,41.422,22.927,,,,10.034,33.574,,,,,,,,,,,,,,,,,,,,,
2015-01-12T22:00:00Z,2015-01-12T23:00:00+0100,,,,,,,,,,,,,,,,,,,,,,,,,,,,,,,,,,,,,,,,,55.569,41.424,22.973,,,,10.056,33.574,,,,,,,,,,,,,,,,,,,,,
2015-01-12T23:00:00Z,2015-01-13T00:00:00+0100,,,,,,,,,,,,,,,,,,,,,,,,,,,,,,,,,,,,,,,,,55.628,41.426,23.017,,,,10.076,33.574,,,,,,,,,,,,,,,,,,,,,
2015-01-13T00:00:00Z,2015-01-13T01:00:00+0100,,,,,,,,,,,,,,,,,,,,,,,,,,,,,,,,,,,,,,,,,55.700,41.429,23.022,,,,10.089,33.574,,,,,,,,,,,,,,,,,,,,,
2015-01-13T01:00:00Z,2015-01-13T02:00:00+0100,,,,,,,,,,,,,,,,,,,,,,,,,,,,,,,,,,,,,,,,,55.767,41.431,23.068,,,,10.097,33.574,,,,,,,,,,,,,,,,,,,,,
2015-01-13T02:00:00Z,2015-01-13T03:00:00+0100,,,,,,,,,,,,,,,,,,,,,,,,,,,,,,,,,,,,,,,,,55.838,41.434,23.100,,,,10.117,33.574,,,,,,,,,,,,,,,,,,,,,
2015-01-13T03:00:00Z,2015-01-13T04:00:00+0100,,,,,,,,,,,,,,,,,,,,,,,,,,,,,,,,,,,,,,,,,55.906,41.437,23.117,,,,10.136,33.574,,,,,,,,,,,,,,,,,,,,,
2015-01-13T04:00:00Z,2015-01-13T05:00:00+0100,,,,,,,,,,,,,,,,,,,,,,,,,,,,,,,,,,,,,,,,,55.976,41.439,23.164,,,,10.136,33.574,,,,,,,,,,,,,,,,,,,,,
2015-01-13T05:00:00Z,2015-01-13T06:00:00+0100,,,,,,,,,,,,,,,,,,,,,,,,,,,,,,,,,,,,,,,,,56.047,41.442,23.182,,,,10.157,33.574,,,,,,,,,,,,,,,,,,,,,
2015-01-13T06:00:00Z,2015-01-13T07:00:00+0100,,,,,,,,,,,,,,,,,,,,,,,,,,,,,,,,,,,,,,,,,56.118,41.444,23.212,,,,10.183,33.574,,,,,,,,,,,,,,,,,,,,,
2015-01-13T07:00:00Z,2015-01-13T08:00:00+0100,,,,,,,,,,,,,,,,,,,,,,,,,,,,,,,,,,,,,,,,,56.191,42.458,23.258,,,,10.202,33.574,,,,,,,,,,,,,,,,,,,,,
2015-01-13T08:00:00Z,2015-01-13T09:00:00+0100,,,,,,,,,,,,,,,,,,,,,,,,,,,,,,,,,,,,,,,,,56.264,42.854,23.284,,,,10.222,33.574,,,,,,,,,,,,,,,,,,,,,
2015-01-13T09:00:00Z,2015-01-13T10:00:00+0100,,,,,,,,,,,,,,,,,,,,,,,,,,,,,,,,,,,,,,,,,56.382,42.859,23.307,,,,10.235,33.574,,,,,,,,,,,,,,,,,,,,,
2015-01-13T10:00:00Z,2015-01-13T11:00:00+0100,,,,,,,,,,,,,,,,,,,,,,,,,,,,,,,,,,,,,,,,,56.503,42.864,23.350,,,,10.242,33.574,,,,,,,,,,,,,,,,,,,,,
2015-01-13T11:00:00Z,2015-01-13T12:00:00+0100,,,,,,,,,,,,,,,,,,,,,,,,,,,,,,,,,,,,,,,,,56.623,42.869,23.392,,,,10.262,33.574,,,,,,,,,,,,,,,,,,,,,
2015-01-13T12:00:00Z,2015-01-13T13:00:00+0100,,,,,,,,,,,,,,,,,,,,,,,,,,,,,,,,,,,,,,,,,56.739,42.871,23.415,,,,10.284,33.574,,,,,,,,,,,,,,,,,,,,,
2015-01-13T13:00:00Z,2015-01-13T14:00:00+0100,,,,,,,,,,,,,,,,,,,,,,,,,,,,,,,,,,,,,,,,,56.851,42.874,23.439,,,,10.291,33.574,,,,,,,,,,,,,,,,,,,,,
2015-01-13T14:00:00Z,2015-01-13T15:00:00+0100,,,,,,,,,,,,,,,,,,,,,,,,,,,,,,,,,,,,,,,,,56.959,42.877,23.485,,,,10.305,33.574,,,,,,,,,,,,,,,,,,,,,
2015-01-13T15:00:00Z,2015-01-13T16:00:00+0100,,,,,,,,,,,,,,,,,,,,,,,,,,,,,,,,,,,,,,,,,57.047,42.879,23.497,,,,10.326,33.574,,,,,,,,,,,,,,,,,,,,,
2015-01-13T16:00:00Z,2015-01-13T17:00:00+0100,,,,,,,,,,,,,,,,,,,,,,,,,,,,,,,,,,,,,,,,,57.114,42.882,23.533,,,,10.341,33.574,,,,,,,,,,,,,,,,,,,,,
2015-01-13T17:00:00Z,2015-01-13T18:00:00+0100,,,,,,,,,,,,,,,,,,,,,,,,,,,,,,,,,,,,,,,,,57.180,42.884,23.579,,,,10.352,33.574,,,,,,,,,,,,,,,,,,,,,
2015-01-13T18:00:00Z,2015-01-13T19:00:00+0100,,,,,,,,,,,,,,,,,,,,,,,,,,,,,,,,,,,,,,,,,57.246,42.886,23.581,,,,10.386,33.574,,,,,,,,,,,,,,,,,,,,,
2015-01-13T19:00:00Z,2015-01-13T20:00:00+0100,,,,,,,,,,,,,,,,,,,,,,,,,,,,,,,,,,,,,,,,,57.313,42.889,23.626,,,,10.401,33.574,,,,,,,,,,,,,,,,,,,,,
2015-01-13T20:00:00Z,2015-01-13T21:00:00+0100,,,,,,,,,,,,,,,,,,,,,,,,,,,,,,,,,,,,,,,,,57.382,43.220,23.671,,,,10.410,33.574,,,,,,,,,,,,,,,,,,,,,
2015-01-13T21:00:00Z,2015-01-13T22:00:00+0100,,,,,,,,,,,,,,,,,,,,,,,,,,,,,,,,,,,,,,,,,57.453,44.276,23.673,,,,10.438,33.574,,,,,,,,,,,,,,,,,,,,,
2015-01-13T22:00:00Z,2015-01-13T23:00:00+0100,,,,,,,,,,,,,,,,,,,,,,,,,,,,,,,,,,,,,,,,,57.495,44.307,23.718,,,,10.458,33.575,,,,,,,,,,,,,,,,,,,,,
2015-01-13T23:00:00Z,2015-01-14T00:00:00+0100,,,,,,,,,,,,,,,,,,,,,,,,,,,,,,,,,,,,,,,,,57.528,44.309,23.760,,,,10.462,33.575,,,,,,,,,,,,,,,,,,,,,
2015-01-14T00:00:00Z,2015-01-14T01:00:00+0100,,,,,,,,,,,,,,,,,,,,,,,,,,,,,,,,,,,,,,,,,57.596,44.312,23.765,,,,10.486,33.575,,,,,,,,,,,,,,,,,,,,,
2015-01-14T01:00:00Z,2015-01-14T02:00:00+0100,,,,,,,,,,,,,,,,,,,,,,,,,,,,,,,,,,,,,,,,,57.661,44.314,23.810,,,,10.500,33.575,,,,,,,,,,,,,,,,,,,,,
2015-01-14T02:00:00Z,2015-01-14T03:00:00+0100,,,,,,,,,,,,,,,,,,,,,,,,,,,,,,,,,,,,,,,,,57.730,44.316,23.846,,,,10.509,33.575,,,,,,,,,,,,,,,,,,,,,
2015-01-14T03:00:00Z,2015-01-14T04:00:00+0100,,,,,,,,,,,,,,,,,,,,,,,,,,,,,,,,,,,,,,,,,57.794,44.318,23.858,,,,10.532,33.575,,,,,,,,,,,,,,,,,,,,,
2015-01-14T04:00:00Z,2015-01-14T05:00:00+0100,,,,,,,,,,,,,,,,,,,,,,,,,,,,,,,,,,,,,,,,,57.862,44.320,23.903,,,,10.537,33.575,,,,,,,,,,,,,,,,,,,,,
2015-01-14T05:00:00Z,2015-01-14T06:00:00+0100,,,,,,,,,,,,,,,,,,,,,,,,,,,,,,,,,,,,,,,,,57.931,44.323,23.930,,,,10.557,33.575,,,,,,,,,,,,,,,,,,,,,
2015-01-14T06:00:00Z,2015-01-14T07:00:00+0100,,,,,,,,,,,,,,,,,,,,,,,,,,,,,,,,,,,,,,,,,57.998,44.325,23.949,,,,10.587,33.575,,,,,,,,,,,,,,,,,,,,,
2015-01-14T07:00:00Z,2015-01-14T08:00:00+0100,,,,,,,,,,,,,,,,,,,,,,,,,,,,,,,,,,,,,,,,,58.065,44.328,23.993,,,,10.609,33.575,,,,,,,,,,,,,,,,,,,,,
2015-01-14T08:00:00Z,2015-01-14T09:00:00+0100,,,,,,,,,,,,,,,,,,,,,,,,,,,,,,,,,,,,,,,,,58.132,44.331,24.016,,,,10.609,33.575,,,,,,,,,,,,,,,,,,,,,
2015-01-14T09:00:00Z,2015-01-14T10:00:00+0100,,,,,,,,,,,,,,,,,,,,,,,,,,,,,,,,,,,,,,,,,58.199,44.333,24.040,,,,10.631,33.575,,,,,,,,,,,,,,,,,,,,,
2015-01-14T10:00:00Z,2015-01-14T11:00:00+0100,,,,,,,,,,,,,,,,,,,,,,,,,,,,,,,,,,,,,,,,,58.266,44.336,24.084,,,,10.652,33.575,,,,,,,,,,,,,,,,,,,,,
2015-01-14T11:00:00Z,2015-01-14T12:00:00+0100,,,,,,,,,,,,,,,,,,,,,,,,,,,,,,,,,,,,,,,,,58.334,44.338,24.098,,,,10.658,33.575,,,,,,,,,,,,,,,,,,,,,
2015-01-14T12:00:00Z,2015-01-14T13:00:00+0100,,,,,,,,,,,,,,,,,,,,,,,,,,,,,,,,,,,,,,,,,58.411,44.341,24.131,,,,10.674,33.575,,,,,,,,,,,,,,,,,,,,,
2015-01-14T13:00:00Z,2015-01-14T14:00:00+0100,,,,,,,,,,,,,,,,,,,,,,,,,,,,,,,,,,,,,,,,,58.511,44.343,24.175,,,,10.696,33.575,,,,,,,,,,,,,,,,,,,,,
2015-01-14T14:00:00Z,2015-01-14T15:00:00+0100,,,,,,,,,,,,,,,,,,,,,,,,,,,,,,,,,,,,,,,,,58.586,44.346,24.184,,,,10.699,33.575,,,,,,,,,,,,,,,,,,,,,
2015-01-14T15:00:00Z,2015-01-14T16:00:00+0100,,,,,,,,,,,,,,,,,,,,,,,,,,,,,,,,,,,,,,,,,58.659,44.349,24.222,,,,10.718,33.575,,,,,,,,,,,,,,,,,,,,,
2015-01-14T16:00:00Z,2015-01-14T17:00:00+0100,,,,,,,,,,,,,,,,,,,,,,,,,,,,,,,,,,,,,,,,,58.727,45.317,24.266,,,,10.740,33.575,,,,,,,,,,,,,,,,,,,,,
2015-01-14T17:00:00Z,2015-01-14T18:00:00+0100,,,,,,,,,,,,,,,,,,,,,,,,,,,,,,,,,,,,,,,,,58.795,45.823,24.271,,,,10.741,33.575,,,,,,,,,,,,,,,,,,,,,
2015-01-14T18:00:00Z,2015-01-14T19:00:00+0100,,,,,,,,,,,,,,,,,,,,,,,,,,,,,,,,,,,,,,,,,58.864,45.826,24.312,,,,10.796,33.575,,,,,,,,,,,,,,,,,,,,,
2015-01-14T19:00:00Z,2015-01-14T20:00:00+0100,,,,,,,,,,,,,,,,,,,,,,,,,,,,,,,,,,,,,,,,,58.934,45.829,24.357,,,,10.821,33.575,,,,,,,,,,,,,,,,,,,,,
2015-01-14T20:00:00Z,2015-01-14T21:00:00+0100,,,,,,,,,,,,,,,,,,,,,,,,,,,,,,,,,,,,,,,,,59.003,45.831,24.359,,,,10.845,33.575,,,,,,,,,,,,,,,,,,,,,DE_KN_residential3_washing_machine
2015-01-14T21:00:00Z,2015-01-14T22:00:00+0100,,,,,,,,,,,,,,,,,,,,,,,,,,,,,,,,,,,,,,,,,59.073,45.834,24.404,,,,10.855,33.575,,,,,,,,,,,,,,,,,,,,,
2015-01-14T22:00:00Z,2015-01-14T23:00:00+0100,,,,,,,,,,,,,,,,,,,,,,,,,,,,,,,,,,,,,,,,,59.116,45.836,24.448,,,,10.869,33.575,,,,,,,,,,,,,,,,,,,,,
2015-01-14T23:00:00Z,2015-01-15T00:00:00+0100,,,,,,,,,,,,,,,,,,,,,,,,,,,,,,,,,,,,,,,,,59.167,45.839,24.450,,,,10.893,33.576,,,,,,,,,,,,,,,,,,,,,
2015-01-15T00:00:00Z,2015-01-15T01:00:00+0100,,,,,,,,,,,,,,,,,,,,,,,,,,,,,,,,,,,,,,,,,59.237,45.841,24.495,,,,10.897,33.576,,,,,,,,,,,,,,,,,,,,,
2015-01-15T01:00:00Z,2015-01-15T02:00:00+0100,,,,,,,,,,,,,,,,,,,,,,,,,,,,,,,,,,,,,,,,,59.303,45.844,24.540,,,,10.917,33.576,,,,,,,,,,,,,,,,,,,,,
2015-01-15T02:00:00Z,2015-01-15T03:00:00+0100,,,,,,,,,,,,,,,,,,,,,,,,,,,,,,,,,,,,,,,,,59.373,45.846,24.542,,,,10.939,33.576,,,,,,,,,,,,,,,,,,,,,
2015-01-15T03:00:00Z,2015-01-15T04:00:00+0100,,,,,,,,,,,,,,,,,,,,,,,,,,,,,,,,,,,,,,,,,59.439,45.849,24.587,,,,10.941,33.576,,,,,,,,,,,,,,,,,,,,,
2015-01-15T04:00:00Z,2015-01-15T05:00:00+0100,,,,,,,,,,,,,,,,,,,,,,,,,,,,,,,,,,,,,,,,,59.509,45.852,24.627,,,,10.964,33.576,,,,,,,,,,,,,,,,,,,,,
2015-01-15T05:00:00Z,2015-01-15T06:00:00+0100,,,,,,,,,,,,,,,,,,,,,,,,,,,,,,,,,,,,,,,,,59.580,45.854,24.634,,,,10.974,33.576,,,,,,,,,,,,,,,,,,,,,
2015-01-15T06:00:00Z,2015-01-15T07:00:00+0100,,,,,,,,,,,,,,,,,,,,,,,,,,,,,,,,,,,,,,,,,59.651,46.427,24.678,,,,11.003,33.576,,,,,,,,,,,,,,,,,,,,,
2015-01-15T07:00:00Z,2015-01-15T08:00:00+0100,,,,,,,,,,,,,,,,,,,,,,,,,,,,,,,,,,,,,,,,,59.723,47.035,24.713,,,,11.025,33.576,,,,,,,,,,,,,,,,,,,,,
2015-01-15T08:00:00Z,2015-01-15T09:00:00+0100,,,,,,,,,,,,,,,,,,,,,,,,,,,,,,,,,,,,,,,,,59.796,47.038,24.725,,,,11.029,34.355,,,,,,,,,,,,,,,,,,,,,
2015-01-15T09:00:00Z,2015-01-15T10:00:00+0100,,,,,,,,,,,,,,,,,,,,,,,,,,,,,,,,,,,,,,,,,59.915,47.040,24.769,,,,11.048,34.444,,,,,,,,,,,,,,,,,,,,,
2015-01-15T10:00:00Z,2015-01-15T11:00:00+0100,,,,,,,,,,,,,,,,,,,,,,,,,,,,,,,,,,,,,,,,,60.028,47.043,24.799,,,,11.071,34.517,,,,,,,,,,,,,,,,,,,,,
2015-01-15T11:00:00Z,2015-01-15T12:00:00+0100,,,,,,,,,,,,,,,,,,,,,,,,,,,,,,,,,,,,,,,,,60.142,47.045,24.816,,,,11.072,34.518,,,,,,,,,,,,,,,,,,,,,
2015-01-15T12:00:00Z,2015-01-15T13:00:00+0100,,,,,,,,,,,,,,,,,,,,,,,,,,,,,,,,,,,,,,,,,60.244,47.048,24.860,,,,11.094,34.518,,,,,,,,,,,,,,,,,,,,,
2015-01-15T13:00:00Z,2015-01-15T14:00:00+0100,,,,,,,,,,,,,,,,,,,,,,,,,,,,,,,,,,,,,,,,,60.324,47.051,24.884,,,,11.114,34.518,,,,,,,,,,,,,,,,,,,,,
2015-01-15T14:00:00Z,2015-01-15T15:00:00+0100,,,,,,,,,,,,,,,,,,,,,,,,,,,,,,,,,,,,,,,,,60.400,47.053,24.908,,,,11.117,34.518,,,,,,,,,,,,,,,,,,,,,
2015-01-15T15:00:00Z,2015-01-15T16:00:00+0100,,,,,,,,,,,,,,,,,,,,,,,,,,,,,,,,,,,,,,,,,60.476,47.056,24.952,,,,11.141,34.738,,,,,,,,,,,,,,,,,,,,,
2015-01-15T16:00:00Z,2015-01-15T17:00:00+0100,,,,,,,,,,,,,,,,,,,,,,,,,,,,,,,,,,,,,,,,,60.542,47.058,24.970,,,,11.151,34.739,,,,,,,,,,,,,,,,,,,,,
2015-01-15T17:00:00Z,2015-01-15T18:00:00+0100,,,,,,,,,,,,,,,,,,,,,,,,,,,,,,,,,,,,,,,,,60.611,47.061,24.999,,,,11.163,34.739,,,,,,,,,,,,,,,,,,,,,
2015-01-15T18:00:00Z,2015-01-15T19:00:00+0100,,,,,,,,,,,,,,,,,,,,,,,,,,,,,,,,,,,,,,,,,60.680,47.063,25.044,,,,11.187,34.739,,,,,,,,,,,,,,,,,,,,,
2015-01-15T19:00:00Z,2015-01-15T20:00:00+0100,,,,,,,,,,,,,,,,,,,,,,,,,,,,,,,,,,,,,,,,,60.752,47.604,25.054,,,,11.195,34.739,,,,,,,,,,,,,,,,,,,,,
2015-01-15T20:00:00Z,2015-01-15T21:00:00+0100,,,,,,,,,,,,,,,,,,,,,,,,,,,,,,,,,,,,,,,,,60.825,48.238,25.091,,,,11.211,34.739,,,,,,,,,,,,,,,,,,,,,
2015-01-15T21:00:00Z,2015-01-15T22:00:00+0100,,,,,,,,,,,,,,,,,,,,,,,,,,,,,,,,,,,,,,,,,60.895,48.240,25.135,,,,11.242,34.739,,,,,,,,,,,,,,,,,,,,,
2015-01-15T22:00:00Z,2015-01-15T23:00:00+0100,,,,,,,,,,,,,,,,,,,,,,,,,,,,,,,,,,,,,,,,,60.939,48.242,25.146,,,,11.243,34.739,,,,,,,,,,,,,,,,,,,,,
2015-01-15T23:00:00Z,2015-01-16T00:00:00+0100,,,,,,,,,,,,,,,,,,,,,,,,,,,,,,,,,,,,,,,,,60.992,48.245,25.183,,,,11.269,34.739,,,,,,,,,,,,,,,,,,,,,
2015-01-16T00:00:00Z,2015-01-16T01:00:00+0100,,,,,,,,,,,,,,,,,,,,,,,,,,,,,,,,,,,,,,,,,61.063,48.248,25.227,,,,11.293,34.739,,,,,,,,,,,,,,,,,,,,,
2015-01-16T01:00:00Z,2015-01-16T02:00:00+0100,,,,,,,,,,,,,,,,,,,,,,,,,,,,,,,,,,,,,,,,,61.130,48.250,25.230,,,,11.293,34.739,,,,,,,,,,,,,,,,,,,,,
2015-01-16T02:00:00Z,2015-01-16T03:00:00+0100,,,,,,,,,,,,,,,,,,,,,,,,,,,,,,,,,,,,,,,,,61.201,48.253,25.274,,,,11.316,34.739,,,,,,,,,,,,,,,,,,,,,
2015-01-16T03:00:00Z,2015-01-16T04:00:00+0100,,,,,,,,,,,,,,,,,,,,,,,,,,,,,,,,,,,,,,,,,61.268,48.256,25.318,,,,11.334,34.739,,,,,,,,,,,,,,,,,,,,,
2015-01-16T04:00:00Z,2015-01-16T05:00:00+0100,,,,,,,,,,,,,,,,,,,,,,,,,,,,,,,,,,,,,,,,,61.339,48.258,25.320,,,,11.339,34.739,,,,,,,,,,,,,,,,,,,,,
2015-01-16T05:00:00Z,2015-01-16T06:00:00+0100,,,,,,,,,,,,,,,,,,,,,,,,,,,,,,,,,,,,,,,,,61.409,48.261,25.364,,,,11.370,34.739,,,,,,,,,,,,,,,,,,,,,
2015-01-16T06:00:00Z,2015-01-16T07:00:00+0100,,,,,,,,,,,,,,,,,,,,,,,,,,,,,,,,,,,,,,,,,61.478,48.263,25.400,,,,11.376,34.739,,,,,,,,,,,,,,,,,,,,,
2015-01-16T07:00:00Z,2015-01-16T08:00:00+0100,,,,,,,,,,,,,,,,,,,,,,,,,,,,,,,,,,,,,,,,,61.548,48.266,25.410,,,,11.394,34.739,,,,,,,,,,,,,,,,,,,,,
2015-01-16T08:00:00Z,2015-01-16T09:00:00+0100,,,,,,,,,,,,,,,,,,,,,,,,,,,,,,,,,,,,,,,,,61.618,48.268,25.454,,,,11.413,34.739,,,,,,,,,,,,,,,,,,,,,
2015-01-16T09:00:00Z,2015-01-16T10:00:00+0100,,,,,,,,,,,,,,,,,,,,,,,,,,,,,,,,,,,,,,,,,61.689,48.271,25.483,,,,11.417,34.739,,,,,,,,,,,,,,,,,,,,,
2015-01-16T10:00:00Z,2015-01-16T11:00:00+0100,,,,,,,,,,,,,,,,,,,,,,,,,,,,,,,,,,,,,,,,,61.787,48.274,25.500,,,,11.440,34.739,,,,,,,,,,,,,,,,,,,,,
2015-01-16T11:00:00Z,2015-01-16T12:00:00+0100,,,,,,,,,,,,,,,,,,,,,,,,,,,,,,,,,,,,,,,,,61.900,48.276,25.544,,,,11.447,34.739,,,,,,,,,,,,,,,,,,,,,
2015-01-16T12:00:00Z,2015-01-16T13:00:00+0100,,,,,,,,,,,,,,,,,,,,,,,,,,,,,,,,,,,,,,,,,62.006,48.279,25.585,,,,11.464,34.740,,,,,,,,,,,,,,,,,,,,,
2015-01-16T13:00:00Z,2015-01-16T14:00:00+0100,,,,,,,,,,,,,,,,,,,,,,,,,,,,,,,,,,,,,,,,,62.108,48.680,25.591,,,,11.488,34.740,,,,,,,,,,,,,,,,,,,,,
2015-01-16T14:00:00Z,2015-01-16T15:00:00+0100,,,,,,,,,,,,,,,,,,,,,,,,,,,,,,,,,,,,,,,,,62.187,49.684,25.635,,,,11.488,34.740,,,,,,,,,,,,,,,,,,,,,
2015-01-16T15:00:00Z,2015-01-16T16:00:00+0100,,,,,,,,,,,,,,,,,,,,,,,,,,,,,,,,,,,,,,,,,62.262,49.686,25.667,,,,11.511,34.740,,,,,,,,,,,,,,,,,,,,,
2015-01-16T16:00:00Z,2015-01-16T17:00:00+0100,,,,,,,,,,,,,,,,,,,,,,,,,,,,,,,,,,,,,,,,,62.330,49.689,25.682,,,,11.522,34.740,,,,,,,,,,,,,,,,,,,,,DE_KN_residential3_freezer
2015-01-16T17:00:00Z,2015-01-16T18:00:00+0100,,,,,,,,,,,,,,,,,,,,,,,,,,,,,,,,,,,,,,,,,62.399,49.692,25.727,,,,11.536,34.740,,,,,,,,,,,,,,,,,,,,,DE_KN_residential3_freezer
2015-01-16T18:00:00Z,2015-01-16T19:00:00+0100,,,,,,,,,,,,,,,,,,,,,,,,,,,,,,,,,,,,,,,,,62.468,49.904,25.747,,,,11.576,34.740,,,,,,,,,,,,,,,,,,,,,
2015-01-16T19:00:00Z,2015-01-16T20:00:00+0100,,,,,,,,,,,,,,,,,,,,,,,,,,,,,,,,,,,,,,,,,62.540,50.892,25.773,,,,11.587,34.740,,,,,,,,,,,,,,,,,,,,,
2015-01-16T20:00:00Z,2015-01-16T21:00:00+0100,,,,,,,,,,,,,,,,,,,,,,,,,,,,,,,,,,,,,,,,,62.610,51.035,25.818,,,,11.605,34.740,,,,,,,,,,,,,,,,,,,,,
2015-01-16T21:00:00Z,2015-01-16T22:00:00+0100,,,,,,,,,,,,,,,,,,,,,,,,,,,,,,,,,,,,,,,,,62.679,51.038,25.830,,,,11.629,34.740,,,,,,,,,,,,,,,,,,,,,
2015-01-16T22:00:00Z,2015-01-16T23:00:00+0100,,,,,,,,,,,,,,,,,,,,,,,,,,,,,,,,,,,,,,,,,62.722,51.040,25.864,,,,11.651,34.740,,,,,,,,,,,,,,,,,,,,,
2015-01-16T23:00:00Z,2015-01-17T00:00:00+0100,,,,,,,,,,,,,,,,,,,,,,,,,,,,,,,,,,,,,,,,,62.764,51.043,25.908,,,,11.655,34.740,,,,,,,,,,,,,,,,,,,,,
2015-01-17T00:00:00Z,2015-01-17T01:00:00+0100,,,,,,,,,,,,,,,,,,,,,,,,,,,,,,,,,,,,,,,,,62.835,51.045,25.925,,,,11.677,34.740,,,,,,,,,,,,,,,,,,,,,
2015-01-17T01:00:00Z,2015-01-17T02:00:00+0100,,,,,,,,,,,,,,,,,,,,,,,,,,,,,,,,,,,,,,,,,62.901,51.048,25.954,,,,11.701,34.740,,,,,,,,,,,,,,,,,,,,,
2015-01-17T02:00:00Z,2015-01-17T03:00:00+0100,,,,,,,,,,,,,,,,,,,,,,,,,,,,,,,,,,,,,,,,,62.973,51.051,25.999,,,,11.701,34.740,,,,,,,,,,,,,,,,,,,,,
2015-01-17T03:00:00Z,2015-01-17T04:00:00+0100,,,,,,,,,,,,,,,,,,,,,,,,,,,,,,,,,,,,,,,,,63.040,51.053,26.010,,,,11.724,34.740,,,,,,,,,,,,,,,,,,,,,
2015-01-17T04:00:00Z,2015-01-17T05:00:00+0100,,,,,,,,,,,,,,,,,,,,,,,,,,,,,,,,,,,,,,,,,63.110,51.056,26.045,,,,11.746,34.740,,,,,,,,,,,,,,,,,,,,,
2015-01-17T05:00:00Z,2015-01-17T06:00:00+0100,,,,,,,,,,,,,,,,,,,,,,,,,,,,,,,,,,,,,,,,,63.181,51.058,26.089,,,,11.747,34.740,,,,,,,,,,,,,,,,,,,,,
2015-01-17T06:00:00Z,2015-01-17T07:00:00+0100,,,,,,,,,,,,,,,,,,,,,,,,,,,,,,,,,,,,,,,,,63.251,51.061,26.094,,,,11.770,34.740,,,,,,,,,,,,,,,,,,,,,
2015-01-17T07:00:00Z,2015-01-17T08:00:00+0100,,,,,,,,,,,,,,,,,,,,,,,,,,,,,,,,,,,,,,,,,63.321,51.063,26.135,,,,11.803,34.740,,,,,,,,,,,,,,,,,,,,,
2015-01-17T08:00:00Z,2015-01-17T09:00:00+0100,,,,,,,,,,,,,,,,,,,,,,,,,,,,,,,,,,,,,,,,,63.394,52.095,26.179,,,,11.804,34.740,,,,,,,,,,,,,,,,,,,,,
2015-01-17T09:00:00Z,2015-01-17T10:00:00+0100,,,,,,,,,,,,,,,,,,,,,,,,,,,,,,,,,,,,,,,,,63.465,52.498,26.181,,,,11.828,34.740,,,,,,,,,,,,,,,,,,,,,
2015-01-17T10:00:00Z,2015-01-17T11:00:00+0100,,,,,,,,,,,,,,,,,,,,,,,,,,,,,,,,,,,,,,,,,63.535,52.500,26.225,,,,11.848,35.102,,,,,,,,,,,,,,,,,,,,,
2015-01-17T11:00:00Z,2015-01-17T12:00:00+0100,,,,,,,,,,,,,,,,,,,,,,,,,,,,,,,,,,,,,,,,,63.606,52.503,26.267,,,,11.850,35.201,,,,,,,,,,,,,,,,,,,,,
2015-01-17T12:00:00Z,2015-01-17T13:00:00+0100,,,,,,,,,,,,,,,,,,,,,,,,,,,,,,,,,,,,,,,,,63.676,52.505,26.271,,,,11.873,35.477,,,,,,,,,,,,,,,,,,,,,
2015-01-17T13:00:00Z,2015-01-17T14:00:00+0100,,,,,,,,,,,,,,,,,,,,,,,,,,,,,,,,,,,,,,,,,63.752,52.508,26.314,,,,11.886,35.744,,,,,,,,,,,,,,,,,,,,,
2015-01-17T14:00:00Z,2015-01-17T15:00:00+0100,,,,,,,,,,,,,,,,,,,,,,,,,,,,,,,,,,,,,,,,,63.829,52.510,26.357,,,,11.896,35.750,,,,,,,,,,,,,,,,,,,,,
2015-01-17T15:00:00Z,2015-01-17T16:00:00+0100,,,,,,,,,,,,,,,,,,,,,,,,,,,,,,,,,,,,,,,,,63.905,52.513,26.361,,,,11.919,36.163,,,,,,,,,,,,,,,,,,,,,
2015-01-17T16:00:00Z,2015-01-17T17:00:00+0100,,,,,,,,,,,,,,,,,,,,,,,,,,,,,,,,,,,,,,,,,63.974,52.516,26.404,,,,11.923,36.242,,,,,,,,,,,,,,,,,,,,,
2015-01-17T17:00:00Z,2015-01-17T18:00:00+0100,,,,,,,,,,,,,,,,,,,,,,,,,,,,,,,,,,,,,,,,,64.046,52.518,26.442,,,,11.943,37.850,,,,,,,,,,,,,,,,,,,,,
2015-01-17T18:00:00Z,2015-01-17T19:00:00+0100,,,,,,,,,,,,,,,,,,,,,,,,,,,,,,,,,,,,,,,,,64.116,52.521,26.450,,,,11.969,38.263,,,,,,,,,,,,,,,,,,,,,
2015-01-17T19:00:00Z,2015-01-17T20:00:00+0100,,,,,,,,,,,,,,,,,,,,,,,,,,,,,,,,,,,,,,,,,64.188,52.523,26.494,,,,11.977,38.810,,,,,,,,,,,,,,,,,,,,,
2015-01-17T20:00:00Z,2015-01-17T21:00:00+0100,,,,,,,,,,,,,,,,,,,,,,,,,,,,,,,,,,,,,,,,,64.260,52.526,26.523,,,,11.994,39.197,,,,,,,,,,,,,,,,,,,,,
2015-01-17T21:00:00Z,2015-01-17T22:00:00+0100,,,,,,,,,,,,,,,,,,,,,,,,,,,,,,,,,,,,,,,,,64.331,52.528,26.540,,,,12.018,39.828,,,,,,,,,,,,,,,,,,,,,
2015-01-17T22:00:00Z,2015-01-17T23:00:00+0100,,,,,,,,,,,,,,,,,,,,,,,,,,,,,,,,,,,,,,,,,64.375,52.531,26.585,,,,12.027,40.721,,,,,,,,,,,,,,,,,,,,,
2015-01-17T23:00:00Z,2015-01-18T00:00:00+0100,,,,,,,,,,,,,,,,,,,,,,,,,,,,,,,,,,,,,,,,,64.430,53.100,26.613,,,,12.042,40.724,,,,,,,,,,,,,,,,,,,,,
2015-01-18T00:00:00Z,2015-01-18T01:00:00+0100,,,,,,,,,,,,,,,,,,,,,,,,,,,,,,,,,,,,,,,,,64.503,53.791,26.631,,,,12.066,40.724,,,,,,,,,,,,,,,,,,,,,
2015-01-18T01:00:00Z,2015-01-18T02:00:00+0100,,,,,,,,,,,,,,,,,,,,,,,,,,,,,,,,,,,,,,,,,64.569,53.797,26.675,,,,12.070,41.535,,,,,,,,,,,,,,,,,,,,,
2015-01-18T02:00:00Z,2015-01-18T03:00:00+0100,,,,,,,,,,,,,,,,,,,,,,,,,,,,,,,,,,,,,,,,,64.641,53.801,26.699,,,,12.089,41.560,,,,,,,,,,,,,,,,,,,,,
2015-01-18T03:00:00Z,2015-01-18T04:00:00+0100,,,,,,,,,,,,,,,,,,,,,,,,,,,,,,,,,,,,,,,,,64.709,53.806,26.722,,,,12.110,41.563,,,,,,,,,,,,,,,,,,,,,
2015-01-18T04:00:00Z,2015-01-18T05:00:00+0100,,,,,,,,,,,,,,,,,,,,,,,,,,,,,,,,,,,,,,,,,64.781,53.811,26.766,,,,12.113,41.563,,,,,,,,,,,,,,,,,,,,,
2015-01-18T05:00:00Z,2015-01-18T06:00:00+0100,,,,,,,,,,,,,,,,,,,,,,,,,,,,,,,,,,,,,,,,,64.853,53.816,26.783,,,,12.136,41.563,,,,,,,,,,,,,,,,,,,,,
2015-01-18T06:00:00Z,2015-01-18T07:00:00+0100,,,,,,,,,,,,,,,,,,,,,,,,,,,,,,,,,,,,,,,,,64.926,53.821,26.812,,,,12.140,41.563,,,,,,,,,,,,,,,,,,,,,
2015-01-18T07:00:00Z,2015-01-18T08:00:00+0100,,,,,,,,,,,,,,,,,,,,,,,,,,,,,,,,,,,,,,,,,64.998,53.825,26.856,,,,12.159,41.900,,,,,,,,,,,,,,,,,,,,,
2015-01-18T08:00:00Z,2015-01-18T09:00:00+0100,,,,,,,,,,,,,,,,,,,,,,,,,,,,,,,,,,,,,,,,,65.069,53.828,26.866,,,,12.185,42.900,,,,,,,,,,,,,,,,,,,,,
2015-01-18T09:00:00Z,2015-01-18T10:00:00+0100,,,,,,,,,,,,,,,,,,,,,,,,,,,,,,,,,,,,,,,,,65.140,53.830,26.902,,,,12.186,42.915,,,,,,,,,,,,,,,,,,,,,
2015-01-18T10:00:00Z,2015-01-18T11:00:00+0100,,,,,,,,,,,,,,,,,,,,,,,,,,,,,,,,,,,,,,,,,65.211,53.833,26.946,,,,12.210,43.901,,,,,,,,,,,,,,,,,,,,,
2015-01-18T11:00:00Z,2015-01-18T12:00:00+0100,,,,,,,,,,,,,,,,,,,,,,,,,,,,,,,,,,,,,,,,,65.281,53.835,26.950,,,,12.230,44.138,,,,,,,,,,,,,,,,,,,,,
2015-01-18T12:00:00Z,2015-01-18T13:00:00+0100,,,,,,,,,,,,,,,,,,,,,,,,,,,,,,,,,,,,,,,,,65.353,53.838,26.992,,,,12.238,44.427,,,,,,,,,,,,,,,,,,,,,
2015-01-18T13:00:00Z,2015-01-18T14:00:00+0100,,,,,,,,,,,,,,,,,,,,,,,,,,,,,,,,,,,,,,,,,65.429,53.841,27.036,,,,12.264,45.820,,,,,,,,,,,,,,,,,,,,,
2015-01-18T14:00:00Z,2015-01-18T15:00:00+0100,,,,,,,,,,,,,,,,,,,,,,,,,,,,,,,,,,,,,,,,,65.506,54.394,27.047,,,,12.282,45.924,,,,,,,,,,,,,,,,,,,,,
2015-01-18T15:00:00Z,2015-01-18T16:00:00+0100,,,,,,,,,,,,,,,,,,,,,,,,,,,,,,,,,,,,,,,,,65.584,55.394,27.082,,,,12.287,46.812,,,,,,,,,,,,,,,,,,,,,
2015-01-18T16:00:00Z,2015-01-18T17:00:00+0100,,,,,,,,,,,,,,,,,,,,,,,,,,,,,,,,,,,,,,,,,65.653,55.397,27.126,,,,12.311,46.893,,,,,,,,,,,,,,,,,,,,,
2015-01-18T17:00:00Z,2015-01-18T18:00:00+0100,,,,,,,,,,,,,,,,,,,,,,,,,,,,,,,,,,,,,,,,,65.723,55.399,27.128,,,,12.323,47.771,,,,,,,,,,,,,,,,,,,,,
2015-01-18T18:00:00Z,2015-01-18T19:00:00+0100,,,,,,,,,,,,,,,,,,,,,,,,,,,,,,,,,,,,,,,,,65.794,55.402,27.172,,,,12.352,48.685,,,,,,,,,,,,,,,,,,,,,
2015-01-18T19:00:00Z,2015-01-18T20:00:00+0100,,,,,,,,,,,,,,,,,,,,,,,,,,,,,,,,,,,,,,,,,65.864,55.404,27.217,,,,12.375,49.440,,,,,,,,,,,,,,,,,,,,,
2015-01-18T20:00:00Z,2015-01-18T21:00:00+0100,,,,,,,,,,,,,,,,,,,,,,,,,,,,,,,,,,,,,,,,,65.936,55.407,27.219,,,,12.376,50.266,,,,,,,,,,,,,,,,,,,,,
2015-01-18T21:00:00Z,2015-01-18T22:00:00+0100,,,,,,,,,,,,,,,,,,,,,,,,,,,,,,,,,,,,,,,,,66.007,55.409,27.263,,,,12.399,50.485,,,,,,,,,,,,,,,,,,,,,
2015-01-18T22:00:00Z,2015-01-18T23:00:00+0100,,,,,,,,,,,,,,,,,,,,,,,,,,,,,,,,,,,,,,,,,66.050,55.412,27.298,,,,12.421,50.648,,,,,,,,,,,,,,,,,,,,,
2015-01-18T23:00:00Z,2015-01-19T00:00:00+0100,,,,,,,,,,,,,,,,,,,,,,,,,,,,,,,,,,,,,,,,,66.103,55.414,27.310,,,,12.424,50.700,,,,,,,,,,,,,,,,,,,,,
2015-01-19T00:00:00Z,2015-01-19T01:00:00+0100,,,,,,,,,,,,,,,,,,,,,,,,,,,,,,,,,,,,,,,,,66.175,55.417,27.354,,,,12.447,50.702,,,,,,,,,,,,,,,,,,,,,
2015-01-19T01:00:00Z,2015-01-19T02:00:00+0100,,,,,,,,,,,,,,,,,,,,,,,,,,,,,,,,,,,,,,,,,66.241,55.419,27.382,,,,12.459,50.702,,,,,,,,,,,,,,,,,,,,,
2015-01-19T02:00:00Z,2015-01-19T03:00:00+0100,,,,,,,,,,,,,,,,,,,,,,,,,,,,,,,,,,,,,,,,,66.314,55.422,27.401,,,,12.471,50.702,,,,,,,,,,,,,,,,,,,,,
2015-01-19T03:00:00Z,2015-01-19T04:00:00+0100,,,,,,,,,,,,,,,,,,,,,,,,,,,,,,,,,,,,,,,,,66.381,55.424,27.445,,,,12.493,50.702,,,,,,,,,,,,,,,,,,,,,
2015-01-19T04:00:00Z,2015-01-19T05:00:00+0100,,,,,,,,,,,,,,,,,,,,,,,,,,,,,,,,,,,,,,,,,66.452,55.427,27.463,,,,12.494,50.702,,,,,,,,,,,,,,,,,,,,,
2015-01-19T05:00:00Z,2015-01-19T06:00:00+0100,,,,,,,,,,,,,,,,,,,,,,,,,,,,,,,,,,,,,,,,,66.524,55.430,27.492,,,,12.518,50.703,,,,,,,,,,,,,,,,,,,,,
2015-01-19T06:00:00Z,2015-01-19T07:00:00+0100,,,,,,,,,,,,,,,,,,,,,,,,,,,,,,,,,,,,,,,,,66.595,55.432,27.536,,,,12.543,50.825,,,,,,,,,,,,,,,,,,,,,
2015-01-19T07:00:00Z,2015-01-19T08:00:00+0100,,,,,,,,,,,,,,,,,,,,,,,,,,,,,,,,,,,,,,,,,66.666,55.435,27.544,,,,12.561,50.825,,,,,,,,,,,,,,,,,,,,,
2015-01-19T08:00:00Z,2015-01-19T09:00:00+0100,,,,,,,,,,,,,,,,,,,,,,,,,,,,,,,,,,,,,,,,,66.735,55.437,27.582,,,,12.567,50.825,,,,,,,,,,,,,,,,,,,,,
2015-01-19T09:00:00Z,2015-01-19T10:00:00+0100,,,,,,,,,,,,,,,,,,,,,,,,,,,,,,,,,,,,,,,,,66.805,55.440,27.627,,,,12.590,50.825,,,,,,,,,,,,,,,,,,,,,DE_KN_residential3_washing_machine
2015-01-19T10:00:00Z,2015-01-19T11:00:00+0100,,,,,,,,,,,,,,,,,,,,,,,,,,,,,,,,,,,,,,,,,66.875,55.443,27.629,,,,12.608,50.826,,,,,,,,,,,,,,,,,,,,,
2015-01-19T11:00:00Z,2015-01-19T12:00:00+0100,,,,,,,,,,,,,,,,,,,,,,,,,,,,,,,,,,,,,,,,,66.993,55.445,27.673,,,,12.609,50.956,,,,,,,,,,,,,,,,,,,,,
2015-01-19T12:00:00Z,2015-01-19T13:00:00+0100,,,,,,,,,,,,,,,,,,,,,,,,,,,,,,,,,,,,,,,,,67.118,56.203,27.715,,,,12.625,50.956,,,,,,,,,,,,,,,,,,,,,
2015-01-19T13:00:00Z,2015-01-19T14:00:00+0100,,,,,,,,,,,,,,,,,,,,,,,,,,,,,,,,,,,,,,,,,67.231,56.820,27.719,,,,12.641,51.421,,,,,,,,,,,,,,,,,,,,,
2015-01-19T14:00:00Z,2015-01-19T15:00:00+0100,,,,,,,,,,,,,,,,,,,,,,,,,,,,,,,,,,,,,,,,,67.317,56.822,27.763,,,,12.642,51.479,,,,,,,,,,,,,,,,,,,,,
2015-01-19T15:00:00Z,2015-01-19T16:00:00+0100,,,,,,,,,,,,,,,,,,,,,,,,,,,,,,,,,,,,,,,,,67.391,56.825,27.796,,,,12.656,51.513,,,,,,,,,,,,,,,,,,,,,
2015-01-19T16:00:00Z,2015-01-19T17:00:00+0100,,,,,,,,,,,,,,,,,,,,,,,,,,,,,,,,,,,,,,,,,67.459,56.827,27.810,,,,12.674,51.513,,,,,,,,,,,,,,,,,,,,,DE_KN_residential3_washing_machine
2015-01-19T17:00:00Z,2015-01-19T18:00:00+0100,,,,,,,,,,,,,,,,,,,,,,,,,,,,,,,,,,,,,,,,,67.529,56.830,27.854,,,,12.693,51.513,,,,,,,,,,,,,,,,,,,,,DE_KN_residential3_washing_machine
2015-01-19T18:00:00Z,2015-01-19T19:00:00+0100,,,,,,,,,,,,,,,,,,,,,,,,,,,,,,,,,,,,,,,,,67.598,56.833,27.875,,,,12.709,51.513,,,,,,,,,,,,,,,,,,,,,
2015-01-19T19:00:00Z,2015-01-19T20:00:00+0100,,,,,,,,,,,,,,,,,,,,,,,,,,,,,,,,,,,,,,,,,67.668,56.835,27.900,,,,12.720,51.513,,,,,,,,,,,,,,,,,,,,,
2015-01-19T20:00:00Z,2015-01-19T21:00:00+0100,,,,,,,,,,,,,,,,,,,,,,,,,,,,,,,,,,,,,,,,,67.738,56.838,27.945,,,,12.727,51.513,,,,,,,,,,,,,,,,,,,,,
2015-01-19T21:00:00Z,2015-01-19T22:00:00+0100,,,,,,,,,,,,,,,,,,,,,,,,,,,,,,,,,,,,,,,,,67.810,56.840,27.956,,,,12.746,51.513,,,,,,,,,,,,,,,,,,,,,
2015-01-19T22:00:00Z,2015-01-19T23:00:00+0100,,,,,,,,,,,,,,,,,,,,,,,,,,,,,,,,,,,,,,,,,67.853,56.843,27.991,,,,12.763,51.513,,,,,,,,,,,,,,,,,,,,,
2015-01-19T23:00:00Z,2015-01-20T00:00:00+0100,,,,,,,,,,,,,,,,,,,,,,,,,,,,,,,,,,,,,,,,,67.909,56.845,28.036,,,,12.779,51.513,,,,,,,,,,,,,,,,,,,,,
2015-01-20T00:00:00Z,2015-01-20T01:00:00+0100,,,,,,,,,,,,,,,,,,,,,,,,,,,,,,,,,,,,,,,,,67.982,56.848,28.038,,,,12.787,51.513,,,,,,,,,,,,,,,,,,,,,
2015-01-20T01:00:00Z,2015-01-20T02:00:00+0100,,,,,,,,,,,,,,,,,,,,,,,,,,,,,,,,,,,,,,,,,68.049,56.851,28.083,,,,12.796,51.513,,,,,,,,,,,,,,,,,,,,,
2015-01-20T02:00:00Z,2015-01-20T03:00:00+0100,,,,,,,,,,,,,,,,,,,,,,,,,,,,,,,,,,,,,,,,,68.122,56.934,28.126,,,,12.812,51.513,,,,,,,,,,,,,,,,,,,,,
2015-01-20T03:00:00Z,2015-01-20T04:00:00+0100,,,,,,,,,,,,,,,,,,,,,,,,,,,,,,,,,,,,,,,,,68.191,57.999,28.129,,,,12.829,51.513,,,,,,,,,,,,,,,,,,,,,
2015-01-20T04:00:00Z,2015-01-20T05:00:00+0100,,,,,,,,,,,,,,,,,,,,,,,,,,,,,,,,,,,,,,,,,68.262,58.004,28.174,,,,12.842,51.513,,,,,,,,,,,,,,,,,,,,,
2015-01-20T05:00:00Z,2015-01-20T06:00:00+0100,,,,,,,,,,,,,,,,,,,,,,,,,,,,,,,,,,,,,,,,,68.333,58.008,28.207,,,,12.855,51.513,,,,,,,,,,,,,,,,,,,,,
2015-01-20T06:00:00Z,2015-01-20T07:00:00+0100,,,,,,,,,,,,,,,,,,,,,,,,,,,,,,,,,,,,,,,,,68.404,58.010,28.220,,,,12.871,51.513,,,,,,,,,,,,,,,,,,,,,
2015-01-20T07:00:00Z,2015-01-20T08:00:00+0100,,,,,,,,,,,,,,,,,,,,,,,,,,,,,,,,,,,,,,,,,68.475,58.013,28.264,,,,12.887,51.517,,,,,,,,,,,,,,,,,,,,,
2015-01-20T08:00:00Z,2015-01-20T09:00:00+0100,,,,,,,,,,,,,,,,,,,,,,,,,,,,,,,,,,,,,,,,,68.545,58.015,28.286,,,,12.904,52.201,,,,,,,,,,,,,,,,,,,,,
2015-01-20T09:00:00Z,2015-01-20T10:00:00+0100,,,,,,,,,,,,,,,,,,,,,,,,,,,,,,,,,,,,,,,,,68.615,58.018,28.311,,,,12.919,52.278,,,,,,,,,,,,,,,,,,,,,
2015-01-20T10:00:00Z,2015-01-20T11:00:00+0100,,,,,,,,,,,,,,,,,,,,,,,,,,,,,,,,,,,,,,,,,68.684,58.020,28.355,,,,12.921,52.353,,,,,,,,,,,,,,,,,,,,,
2015-01-20T11:00:00Z,2015-01-20T12:00:00+0100,,,,,,,,,,,,,,,,,,,,,,,,,,,,,,,,,,,,,,,,,68.753,58.023,28.365,,,,12.938,53.184,,,,,,,,,,,,,,,,,,,,,
2015-01-20T12:00:00Z,2015-01-20T13:00:00+0100,,,,,,,,,,,,,,,,,,,,,,,,,,,,,,,,,,,,,,,,,68.823,58.025,28.401,,,,12.954,53.622,,,,,,,,,,,,,,,,,,,,,
2015-01-20T13:00:00Z,2015-01-20T14:00:00+0100,,,,,,,,,,,,,,,,,,,,,,,,,,,,,,,,,,,,,,,,,68.898,58.028,28.446,,,,12.970,53.622,,,,,,,,,,,,,,,,,,,,,
2015-01-20T14:00:00Z,2015-01-20T15:00:00+0100,,,,,,,,,,,,,,,,,,,,,,,,,,,,,,,,,,,,,,,,,68.973,58.030,28.448,,,,12.979,53.623,,,,,,,,,,,,,,,,,,,,,
2015-01-20T15:00:00Z,2015-01-20T16:00:00+0100,,,,,,,,,,,,,,,,,,,,,,,,,,,,,,,,,,,,,,,,,69.049,58.033,28.492,,,,12.985,53.623,,,,,,,,,,,,,,,,,,,,,
2015-01-20T16:00:00Z,2015-01-20T17:00:00+0100,,,,,,,,,,,,,,,,,,,,,,,,,,,,,,,,,,,,,,,,,69.118,58.036,28.534,,,,13.001,53.623,,,,,,,,,,,,,,,,,,,,,
2015-01-20T17:00:00Z,2015-01-20T18:00:00+0100,,,,,,,,,,,,,,,,,,,,,,,,,,,,,,,,,,,,,,,,,69.188,58.038,28.538,,,,13.016,53.623,,,,,,,,,,,,,,,,,,,,,
2015-01-20T18:00:00Z,2015-01-20T19:00:00+0100,,,,,,,,,,,,,,,,,,,,,,,,,,,,,,,,,,,,,,,,,69.257,58.041,28.582,,,,13.032,53.623,,,,,,,,,,,,,,,,,,,,,
2015-01-20T19:00:00Z,2015-01-20T20:00:00+0100,,,,,,,,,,,,,,,,,,,,,,,,,,,,,,,,,,,,,,,,,69.330,58.197,28.624,,,,13.050,53.623,,,,,,,,,,,,,,,,,,,,,
2015-01-20T20:00:00Z,2015-01-20T21:00:00+0100,,,,,,,,,,,,,,,,,,,,,,,,,,,,,,,,,,,,,,,,,69.403,59.243,28.629,,,,13.068,53.623,,,,,,,,,,,,,,,,,,,,,
2015-01-20T21:00:00Z,2015-01-20T22:00:00+0100,,,,,,,,,,,,,,,,,,,,,,,,,,,,,,,,,,,,,,,,,69.474,59.463,28.674,,,,13.087,53.623,,,,,,,,,,,,,,,,,,,,,
2015-01-20T22:00:00Z,2015-01-20T23:00:00+0100,,,,,,,,,,,,,,,,,,,,,,,,,,,,,,,,,,,,,,,,,69.517,59.466,28.704,,,,13.102,53.623,,,,,,,,,,,,,,,,,,,,,
2015-01-20T23:00:00Z,2015-01-21T00:00:00+0100,,,,,,,,,,,,,,,,,,,,,,,,,,,,,,,,,,,,,,,,,69.570,59.468,28.721,,,,13.112,53.623,,,,,,,,,,,,,,,,,,,,,
2015-01-21T00:00:00Z,2015-01-21T01:00:00+0100,,,,,,,,,,,,,,,,,,,,,,,,,,,,,,,,,,,,,,,,,69.642,59.471,28.766,,,,13.121,53.623,,,,,,,,,,,,,,,,,,,,,
2015-01-21T01:00:00Z,2015-01-21T02:00:00+0100,,,,,,,,,,,,,,,,,,,,,,,,,,,,,,,,,,,,,,,,,69.709,59.474,28.782,,,,13.138,53.623,,,,,,,,,,,,,,,,,,,,,
2015-01-21T02:00:00Z,2015-01-21T03:00:00+0100,,,,,,,,,,,,,,,,,,,,,,,,,,,,,,,,,,,,,,,,,69.781,59.476,28.813,,,,13.155,53.623,,,,,,,,,,,,,,,,,,,,,
2015-01-21T03:00:00Z,2015-01-21T04:00:00+0100,,,,,,,,,,,,,,,,,,,,,,,,,,,,,,,,,,,,,,,,,69.848,59.479,28.858,,,,13.172,53.623,,,,,,,,,,,,,,,,,,,,,
2015-01-21T04:00:00Z,2015-01-21T05:00:00+0100,,,,,,,,,,,,,,,,,,,,,,,,,,,,,,,,,,,,,,,,,69.918,59.481,28.860,,,,13.182,53.623,,,,,,,,,,,,,,,,,,,,,
2015-01-21T05:00:00Z,2015-01-21T06:00:00+0100,,,,,,,,,,,,,,,,,,,,,,,,,,,,,,,,,,,,,,,,,69.990,59.484,28.904,,,,13.207,53.623,,,,,,,,,,,,,,,,,,,,,
2015-01-21T06:00:00Z,2015-01-21T07:00:00+0100,,,,,,,,,,,,,,,,,,,,,,,,,,,,,,,,,,,,,,,,,70.061,59.487,28.948,,,,13.214,53.623,,,,,,,,,,,,,,,,,,,,,
2015-01-21T07:00:00Z,2015-01-21T08:00:00+0100,,,,,,,,,,,,,,,,,,,,,,,,,,,,,,,,,,,,,,,,,70.132,59.489,28.951,,,,13.228,53.623,,,,,,,,,,,,,,,,,,,,,
2015-01-21T08:00:00Z,2015-01-21T09:00:00+0100,,,,,,,,,,,,,,,,,,,,,,,,,,,,,,,,,,,,,,,,,70.206,59.492,28.996,,,,13.244,53.623,,,,,,,,,,,,,,,,,,,,,
2015-01-21T09:00:00Z,2015-01-21T10:00:00+0100,,,,,,,,,,,,,,,,,,,,,,,,,,,,,,,,,,,,,,,,,70.328,59.494,29.025,,,,13.260,53.623,,,,,,,,,,,,,,,,,,,,,
2015-01-21T10:00:00Z,2015-01-21T11:00:00+0100,,,,,,,,,,,,,,,,,,,,,,,,,,,,,,,,,,,,,,,,,70.448,59.497,29.042,,,,13.277,53.623,,,,,,,,,,,,,,,,,,,,,
2015-01-21T11:00:00Z,2015-01-21T12:00:00+0100,,,,,,,,,,,,,,,,,,,,,,,,,,,,,,,,,,,,,,,,,70.565,59.500,29.087,,,,13.287,53.811,,,,,,,,,,,,,,,,,,,,,
2015-01-21T12:00:00Z,2015-01-21T13:00:00+0100,,,,,,,,,,,,,,,,,,,,,,,,,,,,,,,,,,,,,,,,,70.652,59.503,29.089,,,,13.304,53.812,,,,,,,,,,,,,,,,,,,,,DE_KN_residential3_washing_machine | DE_KN_residential3_dishwasher | DE_KN_residential3_refrigerator | DE_KN_residential3_freezer | DE_KN_residential3_circulation_pump
2015-01-21T13:00:00Z,2015-01-21T14:00:00+0100,,,,,,,,,,,,,,,,,,,,,,,,,,,,,,,,,,,,,,,,,70.746,59.505,29.122,,,,13.320,53.812,,,,,,,,,,,,,,,,,,,,,DE_KN_residential3_washing_machine | DE_KN_residential3_dishwasher | DE_KN_residential3_refrigerator | DE_KN_residential3_freezer | DE_KN_residential3_circulation_pump
2015-01-21T14:00:00Z,2015-01-21T15:00:00+0100,,,,,,,,,,,,,,,,,,,,,,,,,,,,,,,,,,,,,,,,,70.822,59.508,29.167,,,,13.342,53.812,,,,,,,,,,,,,,,,,,,,,
2015-01-21T15:00:00Z,2015-01-21T16:00:00+0100,,,,,,,,,,,,,,,,,,,,,,,,,,,,,,,,,,,,,,,,,70.899,59.510,29.169,,,,13.359,53.812,,,,,,,,,,,,,,,,,,,,,
2015-01-21T16:00:00Z,2015-01-21T17:00:00+0100,,,,,,,,,,,,,,,,,,,,,,,,,,,,,,,,,,,,,,,,,70.968,59.513,29.214,,,,13.363,53.812,,,,,,,,,,,,,,,,,,,,,
2015-01-21T17:00:00Z,2015-01-21T18:00:00+0100,,,,,,,,,,,,,,,,,,,,,,,,,,,,,,,,,,,,,,,,,71.039,59.515,29.256,,,,13.384,53.812,,,,,,,,,,,,,,,,,,,,,
2015-01-21T18:00:00Z,2015-01-21T19:00:00+0100,,,,,,,,,,,,,,,,,,,,,,,,,,,,,,,,,,,,,,,,,71.111,60.318,29.260,,,,13.408,53.812,,,,,,,,,,,,,,,,,,,,,
2015-01-21T19:00:00Z,2015-01-21T20:00:00+0100,,,,,,,,,,,,,,,,,,,,,,,,,,,,,,,,,,,,,,,,,71.183,60.920,29.305,,,,13.408,53.812,,,,,,,,,,,,,,,,,,,,,
2015-01-21T20:00:00Z,2015-01-21T21:00:00+0100,,,,,,,,,,,,,,,,,,,,,,,,,,,,,,,,,,,,,,,,,71.254,60.923,29.332,,,,13.429,53.812,,,,,,,,,,,,,,,,,,,,,
2015-01-21T21:00:00Z,2015-01-21T22:00:00+0100,,,,,,,,,,,,,,,,,,,,,,,,,,,,,,,,,,,,,,,,,71.326,60.925,29.352,,,,13.450,53.812,,,,,,,,,,,,,,,,,,,,,
2015-01-21T22:00:00Z,2015-01-21T23:00:00+0100,,,,,,,,,,,,,,,,,,,,,,,,,,,,,,,,,,,,,,,,,71.369,60.928,29.401,,,,13.472,53.812,,,,,,,,,,,,,,,,,,,,,
2015-01-21T23:00:00Z,2015-01-22T00:00:00+0100,,,,,,,,,,,,,,,,,,,,,,,,,,,,,,,,,,,,,,,,,71.426,60.930,29.416,,,,13.481,53.812,,,,,,,,,,,,,,,,,,,,,
2015-01-22T00:00:00Z,2015-01-22T01:00:00+0100,,,,,,,,,,,,,,,,,,,,,,,,,,,,,,,,,,,,,,,,,71.498,60.933,29.449,,,,13.494,53.812,,,,,,,,,,,,,,,,,,,,,
2015-01-22T01:00:00Z,2015-01-22T02:00:00+0100,,,,,,,,,,,,,,,,,,,,,,,,,,,,,,,,,,,,,,,,,71.566,60.935,29.494,,,,13.512,53.812,,,,,,,,,,,,,,,,,,,,,
2015-01-22T02:00:00Z,2015-01-22T03:00:00+0100,,,,,,,,,,,,,,,,,,,,,,,,,,,,,,,,,,,,,,,,,71.640,60.938,29.496,,,,13.530,53.812,,,,,,,,,,,,,,,,,,,,,
2015-01-22T03:00:00Z,2015-01-22T04:00:00+0100,,,,,,,,,,,,,,,,,,,,,,,,,,,,,,,,,,,,,,,,,71.707,60.940,29.541,,,,13.530,53.813,,,,,,,,,,,,,,,,,,,,,
2015-01-22T04:00:00Z,2015-01-22T05:00:00+0100,,,,,,,,,,,,,,,,,,,,,,,,,,,,,,,,,,,,,,,,,71.778,60.943,29.584,,,,13.548,53.813,,,,,,,,,,,,,,,,,,,,,
2015-01-22T05:00:00Z,2015-01-22T06:00:00+0100,,,,,,,,,,,,,,,,,,,,,,,,,,,,,,,,,,,,,,,,,71.851,60.947,29.588,,,,13.573,53.813,,,,,,,,,,,,,,,,,,,,,
2015-01-22T06:00:00Z,2015-01-22T07:00:00+0100,,,,,,,,,,,,,,,,,,,,,,,,,,,,,,,,,,,,,,,,,71.924,61.867,29.633,,,,13.579,53.813,,,,,,,,,,,,,,,,,,,,,
2015-01-22T07:00:00Z,2015-01-22T08:00:00+0100,,,,,,,,,,,,,,,,,,,,,,,,,,,,,,,,,,,,,,,,,71.997,62.345,29.661,,,,13.592,53.813,,,,,,,,,,,,,,,,,,,,,
2015-01-22T08:00:00Z,2015-01-22T09:00:00+0100,,,,,,,,,,,,,,,,,,,,,,,,,,,,,,,,,,,,,,,,,72.068,62.348,29.679,,,,13.612,53.813,,,,,,,,,,,,,,,,,,,,,
2015-01-22T09:00:00Z,2015-01-22T10:00:00+0100,,,,,,,,,,,,,,,,,,,,,,,,,,,,,,,,,,,,,,,,,72.139,62.350,29.724,,,,13.617,53.813,,,,,,,,,,,,,,,,,,,,,
2015-01-22T10:00:00Z,2015-01-22T11:00:00+0100,,,,,,,,,,,,,,,,,,,,,,,,,,,,,,,,,,,,,,,,,72.211,62.352,29.737,,,,13.633,53.813,,,,,,,,,,,,,,,,,,,,,
2015-01-22T11:00:00Z,2015-01-22T12:00:00+0100,,,,,,,,,,,,,,,,,,,,,,,,,,,,,,,,,,,,,,,,,72.282,62.355,29.771,,,,13.653,53.813,,,,,,,,,,,,,,,,,,,,,
2015-01-22T12:00:00Z,2015-01-22T13:00:00+0100,,,,,,,,,,,,,,,,,,,,,,,,,,,,,,,,,,,,,,,,,72.355,62.358,29.816,,,,13.654,53.813,,,,,,,,,,,,,,,,,,,,,
2015-01-22T13:00:00Z,2015-01-22T14:00:00+0100,,,,,,,,,,,,,,,,,,,,,,,,,,,,,,,,,,,,,,,,,72.431,62.360,29.838,,,,13.674,53.813,,,,,,,,,,,,,,,,,,,,,
2015-01-22T14:00:00Z,2015-01-22T15:00:00+0100,,,,,,,,,,,,,,,,,,,,,,,,,,,,,,,,,,,,,,,,,72.507,62.363,29.872,,,,13.691,53.813,,,,,,,,,,,,,,,,,,,,,
2015-01-22T15:00:00Z,2015-01-22T16:00:00+0100,,,,,,,,,,,,,,,,,,,,,,,,,,,,,,,,,,,,,,,,,72.584,62.365,29.923,,,,13.696,53.813,,,,,,,,,,,,,,,,,,,,,
2015-01-22T16:00:00Z,2015-01-22T17:00:00+0100,,,,,,,,,,,,,,,,,,,,,,,,,,,,,,,,,,,,,,,,,72.655,62.368,29.974,,,,13.709,53.813,,,,,,,,,,,,,,,,,,,,,
2015-01-22T17:00:00Z,2015-01-22T18:00:00+0100,,,,,,,,,,,,,,,,,,,,,,,,,,,,,,,,,,,,,,,,,72.725,62.370,29.997,,,,13.726,53.813,,,,,,,,,,,,,,,,,,,,,
2015-01-22T18:00:00Z,2015-01-22T19:00:00+0100,,,,,,,,,,,,,,,,,,,,,,,,,,,,,,,,,,,,,,,,,72.797,62.540,30.029,,,,13.744,53.813,,,,,,,,,,,,,,,,,,,,,
2015-01-22T19:00:00Z,2015-01-22T20:00:00+0100,,,,,,,,,,,,,,,,,,,,,,,,,,,,,,,,,,,,,,,,,72.872,63.563,30.077,,,,13.747,53.813,,,,,,,,,,,,,,,,,,,,,
2015-01-22T20:00:00Z,2015-01-22T21:00:00+0100,,,,,,,,,,,,,,,,,,,,,,,,,,,,,,,,,,,,,,,,,72.943,63.774,30.124,,,,13.768,53.813,,,,,,,,,,,,,,,,,,,,,
2015-01-22T21:00:00Z,2015-01-22T22:00:00+0100,,,,,,,,,,,,,,,,,,,,,,,,,,,,,,,,,,,,,,,,,73.015,63.777,30.169,,,,13.788,53.813,,,,,,,,,,,,,,,,,,,,,
2015-01-22T22:00:00Z,2015-01-22T23:00:00+0100,,,,,,,,,,,,,,,,,,,,,,,,,,,,,,,,,,,,,,,,,73.060,63.779,30.179,,,,13.802,53.813,,,,,,,,,,,,,,,,,,,,,
2015-01-22T23:00:00Z,2015-01-23T00:00:00+0100,,,,,,,,,,,,,,,,,,,,,,,,,,,,,,,,,,,,,,,,,73.115,63.782,30.216,,,,13.824,53.813,,,,,,,,,,,,,,,,,,,,,
2015-01-23T00:00:00Z,2015-01-23T01:00:00+0100,,,,,,,,,,,,,,,,,,,,,,,,,,,,,,,,,,,,,,,,,73.188,63.784,30.258,,,,13.840,53.813,,,,,,,,,,,,,,,,,,,,,
2015-01-23T01:00:00Z,2015-01-23T02:00:00+0100,,,,,,,,,,,,,,,,,,,,,,,,,,,,,,,,,,,,,,,,,73.255,63.787,30.288,,,,13.854,53.813,,,,,,,,,,,,,,,,,,,,,
2015-01-23T02:00:00Z,2015-01-23T03:00:00+0100,,,,,,,,,,,,,,,,,,,,,,,,,,,,,,,,,,,,,,,,,73.329,63.790,30.304,,,,13.867,53.813,,,,,,,,,,,,,,,,,,,,,
2015-01-23T03:00:00Z,2015-01-23T04:00:00+0100,,,,,,,,,,,,,,,,,,,,,,,,,,,,,,,,,,,,,,,,,73.397,63.792,30.347,,,,13.879,53.814,,,,,,,,,,,,,,,,,,,,,
2015-01-23T04:00:00Z,2015-01-23T05:00:00+0100,,,,,,,,,,,,,,,,,,,,,,,,,,,,,,,,,,,,,,,,,73.468,63.795,30.388,,,,13.892,53.814,,,,,,,,,,,,,,,,,,,,,
2015-01-23T05:00:00Z,2015-01-23T06:00:00+0100,,,,,,,,,,,,,,,,,,,,,,,,,,,,,,,,,,,,,,,,,73.542,63.797,30.393,,,,13.904,53.814,,,,,,,,,,,,,,,,,,,,,
2015-01-23T06:00:00Z,2015-01-23T07:00:00+0100,,,,,,,,,,,,,,,,,,,,,,,,,,,,,,,,,,,,,,,,,73.613,63.800,30.436,,,,13.920,53.814,,,,,,,,,,,,,,,,,,,,,
2015-01-23T07:00:00Z,2015-01-23T08:00:00+0100,,,,,,,,,,,,,,,,,,,,,,,,,,,,,,,,,,,,,,,,,73.684,63.802,30.480,,,,13.929,53.814,,,,,,,,,,,,,,,,,,,,,
2015-01-23T08:00:00Z,2015-01-23T09:00:00+0100,,,,,,,,,,,,,,,,,,,,,,,,,,,,,,,,,,,,,,,,,73.755,63.805,30.482,,,,13.937,53.814,,,,,,,,,,,,,,,,,,,,,
2015-01-23T09:00:00Z,2015-01-23T10:00:00+0100,,,,,,,,,,,,,,,,,,,,,,,,,,,,,,,,,,,,,,,,,73.825,63.808,30.525,,,,13.948,53.814,,,,,,,,,,,,,,,,,,,,,
2015-01-23T10:00:00Z,2015-01-23T11:00:00+0100,,,,,,,,,,,,,,,,,,,,,,,,,,,,,,,,,,,,,,,,,73.894,63.810,30.568,,,,13.961,53.814,,,,,,,,,,,,,,,,,,,,,
2015-01-23T11:00:00Z,2015-01-23T12:00:00+0100,,,,,,,,,,,,,,,,,,,,,,,,,,,,,,,,,,,,,,,,,73.965,63.813,30.570,,,,13.978,53.814,,,,,,,,,,,,,,,,,,,,,
2015-01-23T12:00:00Z,2015-01-23T13:00:00+0100,,,,,,,,,,,,,,,,,,,,,,,,,,,,,,,,,,,,,,,,,74.036,63.815,30.614,,,,13.998,53.814,,,,,,,,,,,,,,,,,,,,,
2015-01-23T13:00:00Z,2015-01-23T14:00:00+0100,,,,,,,,,,,,,,,,,,,,,,,,,,,,,,,,,,,,,,,,,74.113,63.818,30.657,,,,14.020,53.814,,,,,,,,,,,,,,,,,,,,,
2015-01-23T14:00:00Z,2015-01-23T15:00:00+0100,,,,,,,,,,,,,,,,,,,,,,,,,,,,,,,,,,,,,,,,,74.192,63.820,30.660,,,,14.042,53.814,,,,,,,,,,,,,,,,,,,,,
2015-01-23T15:00:00Z,2015-01-23T16:00:00+0100,,,,,,,,,,,,,,,,,,,,,,,,,,,,,,,,,,,,,,,,,74.269,63.823,30.703,,,,14.060,53.814,,,,,,,,,,,,,,,,,,,,,
2015-01-23T16:00:00Z,2015-01-23T17:00:00+0100,,,,,,,,,,,,,,,,,,,,,,,,,,,,,,,,,,,,,,,,,74.341,64.646,30.746,,,,14.065,53.814,,,,,,,,,,,,,,,,,,,,,
2015-01-23T17:00:00Z,2015-01-23T18:00:00+0100,,,,,,,,,,,,,,,,,,,,,,,,,,,,,,,,,,,,,,,,,74.413,65.241,30.751,,,,14.087,53.814,,,,,,,,,,,,,,,,,,,,,
2015-01-23T18:00:00Z,2015-01-23T19:00:00+0100,,,,,,,,,,,,,,,,,,,,,,,,,,,,,,,,,,,,,,,,,74.485,65.245,30.793,,,,14.112,53.814,,,,,,,,,,,,,,,,,,,,,
2015-01-23T19:00:00Z,2015-01-23T20:00:00+0100,,,,,,,,,,,,,,,,,,,,,,,,,,,,,,,,,,,,,,,,,74.558,65.758,30.838,,,,14.120,53.814,,,,,,,,,,,,,,,,,,,,,
2015-01-23T20:00:00Z,2015-01-23T21:00:00+0100,,,,,,,,,,,,,,,,,,,,,,,,,,,,,,,,,,,,,,,,,74.630,66.426,30.843,,,,14.136,53.814,,,,,,,,,,,,,,,,,,,,,
2015-01-23T21:00:00Z,2015-01-23T22:00:00+0100,,,,,,,,,,,,,,,,,,,,,,,,,,,,,,,,,,,,,,,,,74.703,66.591,30.885,,,,14.159,53.814,,,,,,,,,,,,,,,,,,,,,
2015-01-23T22:00:00Z,2015-01-23T23:00:00+0100,,,,,,,,,,,,,,,,,,,,,,,,,,,,,,,,,,,,,,,,,74.750,67.540,30.929,,,,14.170,53.814,,,,,,,,,,,,,,,,,,,,,
2015-01-23T23:00:00Z,2015-01-24T00:00:00+0100,,,,,,,,,,,,,,,,,,,,,,,,,,,,,,,,,,,,,,,,,74.805,67.567,30.939,,,,14.182,53.814,,,,,,,,,,,,,,,,,,,,,
2015-01-24T00:00:00Z,2015-01-24T01:00:00+0100,,,,,,,,,,,,,,,,,,,,,,,,,,,,,,,,,,,,,,,,,74.878,67.572,30.976,,,,14.204,53.814,,,,,,,,,,,,,,,,,,,,,
2015-01-24T01:00:00Z,2015-01-24T02:00:00+0100,,,,,,,,,,,,,,,,,,,,,,,,,,,,,,,,,,,,,,,,,74.945,67.577,31.021,,,,14.211,53.814,,,,,,,,,,,,,,,,,,,,,
2015-01-24T02:00:00Z,2015-01-24T03:00:00+0100,,,,,,,,,,,,,,,,,,,,,,,,,,,,,,,,,,,,,,,,,75.018,67.581,31.038,,,,14.226,53.814,,,,,,,,,,,,,,,,,,,,,
2015-01-24T03:00:00Z,2015-01-24T04:00:00+0100,,,,,,,,,,,,,,,,,,,,,,,,,,,,,,,,,,,,,,,,,75.086,67.587,31.068,,,,14.248,53.815,,,,,,,,,,,,,,,,,,,,,
2015-01-24T04:00:00Z,2015-01-24T05:00:00+0100,,,,,,,,,,,,,,,,,,,,,,,,,,,,,,,,,,,,,,,,,75.158,67.591,31.113,,,,14.248,53.815,,,,,,,,,,,,,,,,,,,,,
2015-01-24T05:00:00Z,2015-01-24T06:00:00+0100,,,,,,,,,,,,,,,,,,,,,,,,,,,,,,,,,,,,,,,,,75.232,67.596,31.137,,,,14.270,53.815,,,,,,,,,,,,,,,,,,,,,
2015-01-24T06:00:00Z,2015-01-24T07:00:00+0100,,,,,,,,,,,,,,,,,,,,,,,,,,,,,,,,,,,,,,,,,75.303,67.600,31.160,,,,14.289,53.815,,,,,,,,,,,,,,,,,,,,,
2015-01-24T07:00:00Z,2015-01-24T08:00:00+0100,,,,,,,,,,,,,,,,,,,,,,,,,,,,,,,,,,,,,,,,,75.375,67.602,31.204,,,,14.296,53.815,,,,,,,,,,,,,,,,,,,,,
2015-01-24T08:00:00Z,2015-01-24T09:00:00+0100,,,,,,,,,,,,,,,,,,,,,,,,,,,,,,,,,,,,,,,,,75.446,67.605,31.233,,,,14.316,53.815,,,,,,,,,,,,,,,,,,,,,
2015-01-24T09:00:00Z,2015-01-24T10:00:00+0100,,,,,,,,,,,,,,,,,,,,,,,,,,,,,,,,,,,,,,,,,75.519,67.608,31.250,,,,14.339,53.815,,,,,,,,,,,,,,,,,,,,,
2015-01-24T10:00:00Z,2015-01-24T11:00:00+0100,,,,,,,,,,,,,,,,,,,,,,,,,,,,,,,,,,,,,,,,,75.591,67.610,31.294,,,,14.346,53.815,,,,,,,,,,,,,,,,,,,,,
2015-01-24T11:00:00Z,2015-01-24T12:00:00+0100,,,,,,,,,,,,,,,,,,,,,,,,,,,,,,,,,,,,,,,,,75.662,67.613,31.330,,,,14.361,54.040,,,,,,,,,,,,,,,,,,,,,
2015-01-24T12:00:00Z,2015-01-24T13:00:00+0100,,,,,,,,,,,,,,,,,,,,,,,,,,,,,,,,,,,,,,,,,75.733,67.615,31.341,,,,14.383,54.044,,,,,,,,,,,,,,,,,,,,,
2015-01-24T13:00:00Z,2015-01-24T14:00:00+0100,,,,,,,,,,,,,,,,,,,,,,,,,,,,,,,,,,,,,,,,,75.812,67.954,31.385,,,,14.392,54.044,,,,,,,,,,,,,,,,,,,,,
2015-01-24T14:00:00Z,2015-01-24T15:00:00+0100,,,,,,,,,,,,,,,,,,,,,,,,,,,,,,,,,,,,,,,,,75.911,68.779,31.425,,,,14.406,54.044,,,,,,,,,,,,,,,,,,,,,
2015-01-24T15:00:00Z,2015-01-24T16:00:00+0100,,,,,,,,,,,,,,,,,,,,,,,,,,,,,,,,,,,,,,,,,75.988,68.781,31.431,,,,14.431,54.044,,,,,,,,,,,,,,,,,,,,,DE_KN_residential3_washing_machine
2015-01-24T16:00:00Z,2015-01-24T17:00:00+0100,,,,,,,,,,,,,,,,,,,,,,,,,,,,,,,,,,,,,,,,,76.058,68.784,31.475,,,,14.440,54.044,,,,,,,,,,,,,,,,,,,,,DE_KN_residential3_washing_machine
2015-01-24T17:00:00Z,2015-01-24T18:00:00+0100,,,,,,,,,,,,,,,,,,,,,,,,,,,,,,,,,,,,,,,,,76.130,68.787,31.518,,,,14.453,54.044,,,,,,,,,,,,,,,,,,,,,
2015-01-24T18:00:00Z,2015-01-24T19:00:00+0100,,,,,,,,,,,,,,,,,,,,,,,,,,,,,,,,,,,,,,,,,76.202,68.789,31.521,,,,14.480,54.044,,,,,,,,,,,,,,,,,,,,,
2015-01-24T19:00:00Z,2015-01-24T20:00:00+0100,,,,,,,,,,,,,,,,,,,,,,,,,,,,,,,,,,,,,,,,,76.274,68.792,31.564,,,,14.498,54.044,,,,,,,,,,,,,,,,,,,,,
2015-01-24T20:00:00Z,2015-01-24T21:00:00+0100,,,,,,,,,,,,,,,,,,,,,,,,,,,,,,,,,,,,,,,,,76.349,69.611,31.608,,,,14.515,54.044,,,,,,,,,,,,,,,,,,,,,
2015-01-24T21:00:00Z,2015-01-24T22:00:00+0100,,,,,,,,,,,,,,,,,,,,,,,,,,,,,,,,,,,,,,,,,76.423,70.185,31.613,,,,14.541,54.044,,,,,,,,,,,,,,,,,,,,,
2015-01-24T22:00:00Z,2015-01-24T23:00:00+0100,,,,,,,,,,,,,,,,,,,,,,,,,,,,,,,,,,,,,,,,,76.467,70.190,31.653,,,,14.542,54.044,,,,,,,,,,,,,,,,,,,,,
2015-01-24T23:00:00Z,2015-01-25T00:00:00+0100,,,,,,,,,,,,,,,,,,,,,,,,,,,,,,,,,,,,,,,,,76.524,70.195,31.697,,,,14.568,54.044,,,,,,,,,,,,,,,,,,,,,
2015-01-25T00:00:00Z,2015-01-25T01:00:00+0100,,,,,,,,,,,,,,,,,,,,,,,,,,,,,,,,,,,,,,,,,76.597,70.200,31.707,,,,14.571,54.044,,,,,,,,,,,,,,,,,,,,,
2015-01-25T01:00:00Z,2015-01-25T02:00:00+0100,,,,,,,,,,,,,,,,,,,,,,,,,,,,,,,,,,,,,,,,,76.665,70.204,31.742,,,,14.593,54.045,,,,,,,,,,,,,,,,,,,,,
2015-01-25T02:00:00Z,2015-01-25T03:00:00+0100,,,,,,,,,,,,,,,,,,,,,,,,,,,,,,,,,,,,,,,,,76.739,70.209,31.786,,,,14.608,54.045,,,,,,,,,,,,,,,,,,,,,
2015-01-25T03:00:00Z,2015-01-25T04:00:00+0100,,,,,,,,,,,,,,,,,,,,,,,,,,,,,,,,,,,,,,,,,76.808,70.214,31.800,,,,14.618,54.045,,,,,,,,,,,,,,,,,,,,,
2015-01-25T04:00:00Z,2015-01-25T05:00:00+0100,,,,,,,,,,,,,,,,,,,,,,,,,,,,,,,,,,,,,,,,,76.880,70.219,31.832,,,,14.643,54.045,,,,,,,,,,,,,,,,,,,,,
2015-01-25T05:00:00Z,2015-01-25T06:00:00+0100,,,,,,,,,,,,,,,,,,,,,,,,,,,,,,,,,,,,,,,,,76.956,70.224,31.875,,,,14.643,54.045,,,,,,,,,,,,,,,,,,,,,
2015-01-25T06:00:00Z,2015-01-25T07:00:00+0100,,,,,,,,,,,,,,,,,,,,,,,,,,,,,,,,,,,,,,,,,77.028,70.228,31.893,,,,14.671,54.045,,,,,,,,,,,,,,,,,,,,,
2015-01-25T07:00:00Z,2015-01-25T08:00:00+0100,,,,,,,,,,,,,,,,,,,,,,,,,,,,,,,,,,,,,,,,,77.101,70.230,31.920,,,,14.677,54.045,,,,,,,,,,,,,,,,,,,,,
2015-01-25T08:00:00Z,2015-01-25T09:00:00+0100,,,,,,,,,,,,,,,,,,,,,,,,,,,,,,,,,,,,,,,,,77.172,70.233,31.964,,,,14.696,54.045,,,,,,,,,,,,,,,,,,,,,
2015-01-25T09:00:00Z,2015-01-25T10:00:00+0100,,,,,,,,,,,,,,,,,,,,,,,,,,,,,,,,,,,,,,,,,77.245,70.236,31.983,,,,14.713,54.797,,,,,,,,,,,,,,,,,,,,,
2015-01-25T10:00:00Z,2015-01-25T11:00:00+0100,,,,,,,,,,,,,,,,,,,,,,,,,,,,,,,,,,,,,,,,,77.345,70.238,32.009,,,,14.721,54.883,,,,,,,,,,,,,,,,,,,,,
2015-01-25T11:00:00Z,2015-01-25T12:00:00+0100,,,,,,,,,,,,,,,,,,,,,,,,,,,,,,,,,,,,,,,,,77.453,70.241,32.053,,,,14.746,54.885,,,,,,,,,,,,,,,,,,,,,
2015-01-25T12:00:00Z,2015-01-25T13:00:00+0100,,,,,,,,,,,,,,,,,,,,,,,,,,,,,,,,,,,,,,,,,77.559,70.243,32.072,,,,14.761,54.886,,,,,,,,,,,,,,,,,,,,,
2015-01-25T13:00:00Z,2015-01-25T14:00:00+0100,,,,,,,,,,,,,,,,,,,,,,,,,,,,,,,,,,,,,,,,,77.663,70.246,32.098,,,,14.787,54.886,,,,,,,,,,,,,,,,,,,,,
2015-01-25T14:00:00Z,2015-01-25T15:00:00+0100,,,,,,,,,,,,,,,,,,,,,,,,,,,,,,,,,,,,,,,,,77.741,70.687,32.141,,,,14.805,54.886,,,,,,,,,,,,,,,,,,,,,
2015-01-25T15:00:00Z,2015-01-25T16:00:00+0100,,,,,,,,,,,,,,,,,,,,,,,,,,,,,,,,,,,,,,,,,77.820,71.793,32.162,,,,14.810,55.159,,,,,,,,,,,,,,,,,,,,,
2015-01-25T16:00:00Z,2015-01-25T17:00:00+0100,,,,,,,,,,,,,,,,,,,,,,,,,,,,,,,,,,,,,,,,,77.890,71.797,32.186,,,,14.831,55.161,,,,,,,,,,,,,,,,,,,,,
2015-01-25T17:00:00Z,2015-01-25T18:00:00+0100,,,,,,,,,,,,,,,,,,,,,,,,,,,,,,,,,,,,,,,,,77.960,71.799,32.229,,,,14.850,55.161,,,,,,,,,,,,,,,,,,,,,
2015-01-25T18:00:00Z,2015-01-25T19:00:00+0100,,,,,,,,,,,,,,,,,,,,,,,,,,,,,,,,,,,,,,,,,78.031,71.802,32.249,,,,14.857,55.161,,,,,,,,,,,,,,,,,,,,,
2015-01-25T19:00:00Z,2015-01-25T20:00:00+0100,,,,,,,,,,,,,,,,,,,,,,,,,,,,,,,,,,,,,,,,,78.102,71.804,32.275,,,,14.882,55.161,,,,,,,,,,,,,,,,,,,,,
2015-01-25T20:00:00Z,2015-01-25T21:00:00+0100,,,,,,,,,,,,,,,,,,,,,,,,,,,,,,,,,,,,,,,,,78.173,71.807,32.318,,,,14.897,55.161,,,,,,,,,,,,,,,,,,,,,
2015-01-25T21:00:00Z,2015-01-25T22:00:00+0100,,,,,,,,,,,,,,,,,,,,,,,,,,,,,,,,,,,,,,,,,78.245,71.809,32.336,,,,14.913,55.161,,,,,,,,,,,,,,,,,,,,,
2015-01-25T22:00:00Z,2015-01-25T23:00:00+0100,,,,,,,,,,,,,,,,,,,,,,,,,,,,,,,,,,,,,,,,,78.290,72.454,32.363,,,,14.940,55.161,,,,,,,,,,,,,,,,,,,,,
2015-01-25T23:00:00Z,2015-01-26T00:00:00+0100,,,,,,,,,,,,,,,,,,,,,,,,,,,,,,,,,,,,,,,,,78.350,72.953,32.407,,,,14.945,55.161,,,,,,,,,,,,,,,,,,,,,
2015-01-26T00:00:00Z,2015-01-26T01:00:00+0100,,,,,,,,,,,,,,,,,,,,,,,,,,,,,,,,,,,,,,,,,78.423,72.956,32.423,,,,14.967,55.161,,,,,,,,,,,,,,,,,,,,,
2015-01-26T01:00:00Z,2015-01-26T02:00:00+0100,,,,,,,,,,,,,,,,,,,,,,,,,,,,,,,,,,,,,,,,,78.490,72.959,32.453,,,,14.987,55.161,,,,,,,,,,,,,,,,,,,,,
2015-01-26T02:00:00Z,2015-01-26T03:00:00+0100,,,,,,,,,,,,,,,,,,,,,,,,,,,,,,,,,,,,,,,,,78.563,72.961,32.496,,,,14.992,55.161,,,,,,,,,,,,,,,,,,,,,
2015-01-26T03:00:00Z,2015-01-26T04:00:00+0100,,,,,,,,,,,,,,,,,,,,,,,,,,,,,,,,,,,,,,,,,78.631,72.964,32.509,,,,15.017,55.161,,,,,,,,,,,,,,,,,,,,,
2015-01-26T04:00:00Z,2015-01-26T05:00:00+0100,,,,,,,,,,,,,,,,,,,,,,,,,,,,,,,,,,,,,,,,,78.703,72.966,32.543,,,,15.017,55.161,,,,,,,,,,,,,,,,,,,,,
2015-01-26T05:00:00Z,2015-01-26T06:00:00+0100,,,,,,,,,,,,,,,,,,,,,,,,,,,,,,,,,,,,,,,,,78.776,72.968,32.586,,,,15.041,55.161,,,,,,,,,,,,,,,,,,,,,
2015-01-26T06:00:00Z,2015-01-26T07:00:00+0100,,,,,,,,,,,,,,,,,,,,,,,,,,,,,,,,,,,,,,,,,78.846,72.972,32.592,,,,15.066,55.161,,,,,,,,,,,,,,,,,,,,,
2015-01-26T07:00:00Z,2015-01-26T08:00:00+0100,,,,,,,,,,,,,,,,,,,,,,,,,,,,,,,,,,,,,,,,,78.917,72.974,32.632,,,,15.066,55.161,,,,,,,,,,,,,,,,,,,,,
2015-01-26T08:00:00Z,2015-01-26T09:00:00+0100,,,,,,,,,,,,,,,,,,,,,,,,,,,,,,,,,,,,,,,,,78.988,72.976,32.675,,,,15.093,55.161,,,,,,,,,,,,,,,,,,,,,
2015-01-26T09:00:00Z,2015-01-26T10:00:00+0100,,,,,,,,,,,,,,,,,,,,,,,,,,,,,,,,,,,,,,,,,79.060,72.979,32.678,,,,15.093,55.161,,,,,,,,,,,,,,,,,,,,,
2015-01-26T10:00:00Z,2015-01-26T11:00:00+0100,,,,,,,,,,,,,,,,,,,,,,,,,,,,,,,,,,,,,,,,,79.130,72.981,32.721,,,,15.118,55.161,,,,,,,,,,,,,,,,,,,,,
2015-01-26T11:00:00Z,2015-01-26T12:00:00+0100,,,,,,,,,,,,,,,,,,,,,,,,,,,,,,,,,,,,,,,,,79.201,72.984,32.765,,,,15.131,55.161,,,,,,,,,,,,,,,,,,,,,
2015-01-26T12:00:00Z,2015-01-26T13:00:00+0100,,,,,,,,,,,,,,,,,,,,,,,,,,,,,,,,,,,,,,,,,79.272,72.986,32.767,,,,15.146,55.551,,,,,,,,,,,,,,,,,,,,,
2015-01-26T13:00:00Z,2015-01-26T14:00:00+0100,,,,,,,,,,,,,,,,,,,,,,,,,,,,,,,,,,,,,,,,,79.348,72.989,32.811,,,,15.169,55.622,,,,,,,,,,,,,,,,,,,,,
2015-01-26T14:00:00Z,2015-01-26T15:00:00+0100,,,,,,,,,,,,,,,,,,,,,,,,,,,,,,,,,,,,,,,,,79.425,73.111,32.850,,,,15.170,55.655,,,,,,,,,,,,,,,,,,,,,
2015-01-26T15:00:00Z,2015-01-26T16:00:00+0100,,,,,,,,,,,,,,,,,,,,,,,,,,,,,,,,,,,,,,,,,79.504,74.164,32.857,,,,15.190,55.656,,,,,,,,,,,,,,,,,,,,,
2015-01-26T16:00:00Z,2015-01-26T17:00:00+0100,,,,,,,,,,,,,,,,,,,,,,,,,,,,,,,,,,,,,,,,,79.574,74.169,32.900,,,,15.205,55.656,,,,,,,,,,,,,,,,,,,,,
2015-01-26T17:00:00Z,2015-01-26T18:00:00+0100,,,,,,,,,,,,,,,,,,,,,,,,,,,,,,,,,,,,,,,,,79.643,74.171,32.933,,,,15.224,55.656,,,,,,,,,,,,,,,,,,,,,
2015-01-26T18:00:00Z,2015-01-26T19:00:00+0100,,,,,,,,,,,,,,,,,,,,,,,,,,,,,,,,,,,,,,,,,79.714,74.173,32.946,,,,15.239,55.656,,,,,,,,,,,,,,,,,,,,,
2015-01-26T19:00:00Z,2015-01-26T20:00:00+0100,,,,,,,,,,,,,,,,,,,,,,,,,,,,,,,,,,,,,,,,,79.786,74.176,32.990,,,,15.261,55.657,,,,,,,,,,,,,,,,,,,,,
2015-01-26T20:00:00Z,2015-01-26T21:00:00+0100,,,,,,,,,,,,,,,,,,,,,,,,,,,,,,,,,,,,,,,,,79.856,74.178,33.015,,,,15.264,55.657,,,,,,,,,,,,,,,,,,,,,
2015-01-26T21:00:00Z,2015-01-26T22:00:00+0100,,,,,,,,,,,,,,,,,,,,,,,,,,,,,,,,,,,,,,,,,79.928,74.181,33.035,,,,15.283,55.657,,,,,,,,,,,,,,,,,,,,,
2015-01-26T22:00:00Z,2015-01-26T23:00:00+0100,,,,,,,,,,,,,,,,,,,,,,,,,,,,,,,,,,,,,,,,,79.998,74.184,33.079,,,,15.305,55.657,,,,,,,,,,,,,,,,,,,,,
2015-01-26T23:00:00Z,2015-01-27T00:00:00+0100,,,,,,,,,,,,,,,,,,,,,,,,,,,,,,,,,,,,,,,,,80.065,74.186,33.097,,,,15.306,55.657,,,,,,,,,,,,,,,,,,,,,
2015-01-27T00:00:00Z,2015-01-27T01:00:00+0100,,,,,,,,,,,,,,,,,,,,,,,,,,,,,,,,,,,,,,,,,80.137,74.188,33.125,,,,15.328,55.657,,,,,,,,,,,,,,,,,,,,,
2015-01-27T01:00:00Z,2015-01-27T02:00:00+0100,,,,,,,,,,,,,,,,,,,,,,,,,,,,,,,,,,,,,,,,,80.205,74.191,33.169,,,,15.335,55.657,,,,,,,,,,,,,,,,,,,,,
2015-01-27T02:00:00Z,2015-01-27T03:00:00+0100,,,,,,,,,,,,,,,,,,,,,,,,,,,,,,,,,,,,,,,,,80.278,74.194,33.180,,,,15.350,55.657,,,,,,,,,,,,,,,,,,,,,
2015-01-27T03:00:00Z,2015-01-27T04:00:00+0100,,,,,,,,,,,,,,,,,,,,,,,,,,,,,,,,,,,,,,,,,80.345,74.197,33.215,,,,15.371,55.657,,,,,,,,,,,,,,,,,,,,,
2015-01-27T04:00:00Z,2015-01-27T05:00:00+0100,,,,,,,,,,,,,,,,,,,,,,,,,,,,,,,,,,,,,,,,,80.416,74.199,33.259,,,,15.371,55.657,,,,,,,,,,,,,,,,,,,,,
2015-01-27T05:00:00Z,2015-01-27T06:00:00+0100,,,,,,,,,,,,,,,,,,,,,,,,,,,,,,,,,,,,,,,,,80.489,74.201,33.261,,,,15.395,55.657,,,,,,,,,,,,,,,,,,,,,
2015-01-27T06:00:00Z,2015-01-27T07:00:00+0100,,,,,,,,,,,,,,,,,,,,,,,,,,,,,,,,,,,,,,,,,80.560,74.204,33.304,,,,15.416,55.657,,,,,,,,,,,,,,,,,,,,,
2015-01-27T07:00:00Z,2015-01-27T08:00:00+0100,,,,,,,,,,,,,,,,,,,,,,,,,,,,,,,,,,,,,,,,,80.633,74.358,33.348,,,,15.425,55.657,,,,,,,,,,,,,,,,,,,,,
2015-01-27T08:00:00Z,2015-01-27T09:00:00+0100,,,,,,,,,,,,,,,,,,,,,,,,,,,,,,,,,,,,,,,,,80.706,75.438,33.350,,,,15.443,55.657,,,,,,,,,,,,,,,,,,,,,
2015-01-27T09:00:00Z,2015-01-27T10:00:00+0100,,,,,,,,,,,,,,,,,,,,,,,,,,,,,,,,,,,,,,,,,80.777,75.443,33.393,,,,15.465,55.657,,,,,,,,,,,,,,,,,,,,,
2015-01-27T10:00:00Z,2015-01-27T11:00:00+0100,,,,,,,,,,,,,,,,,,,,,,,,,,,,,,,,,,,,,,,,,80.855,75.446,33.433,,,,15.467,55.657,,,,,,,,,,,,,,,,,,,,,
2015-01-27T11:00:00Z,2015-01-27T12:00:00+0100,,,,,,,,,,,,,,,,,,,,,,,,,,,,,,,,,,,,,,,,,80.979,75.449,33.437,,,,15.498,55.657,,,,,,,,,,,,,,,,,,,,,
2015-01-27T12:00:00Z,2015-01-27T13:00:00+0100,,,,,,,,,,,,,,,,,,,,,,,,,,,,,,,,,,,,,,,,,81.099,75.452,33.480,,,,15.520,55.657,,,,,,,,,,,,,,,,,,,,,
2015-01-27T13:00:00Z,2015-01-27T14:00:00+0100,,,,,,,,,,,,,,,,,,,,,,,,,,,,,,,,,,,,,,,,,81.213,75.454,33.527,,,,15.532,55.657,,,,,,,,,,,,,,,,,,,,,
2015-01-27T14:00:00Z,2015-01-27T15:00:00+0100,,,,,,,,,,,,,,,,,,,,,,,,,,,,,,,,,,,,,,,,,81.323,75.457,33.572,,,,15.544,55.657,,,,,,,,,,,,,,,,,,,,,
2015-01-27T15:00:00Z,2015-01-27T16:00:00+0100,,,,,,,,,,,,,,,,,,,,,,,,,,,,,,,,,,,,,,,,,81.404,75.459,33.578,,,,15.565,55.657,,,,,,,,,,,,,,,,,,,,,
2015-01-27T16:00:00Z,2015-01-27T17:00:00+0100,,,,,,,,,,,,,,,,,,,,,,,,,,,,,,,,,,,,,,,,,81.473,75.462,33.624,,,,15.580,55.657,,,,,,,,,,,,,,,,,,,,,DE_KN_residential3_washing_machine
2015-01-27T17:00:00Z,2015-01-27T18:00:00+0100,,,,,,,,,,,,,,,,,,,,,,,,,,,,,,,,,,,,,,,,,81.542,75.464,33.670,,,,15.590,55.657,,,,,,,,,,,,,,,,,,,,,
2015-01-27T18:00:00Z,2015-01-27T19:00:00+0100,,,,,,,,,,,,,,,,,,,,,,,,,,,,,,,,,,,,,,,,,81.612,75.467,33.683,,,,15.614,55.657,,,,,,,,,,,,,,,,,,,,,
2015-01-27T19:00:00Z,2015-01-27T20:00:00+0100,,,,,,,,,,,,,,,,,,,,,,,,,,,,,,,,,,,,,,,,,81.683,75.470,33.718,,,,15.627,55.658,,,,,,,,,,,,,,,,,,,,,
2015-01-27T20:00:00Z,2015-01-27T21:00:00+0100,,,,,,,,,,,,,,,,,,,,,,,,,,,,,,,,,,,,,,,,,81.754,75.472,33.764,,,,15.636,55.658,,,,,,,,,,,,,,,,,,,,,
2015-01-27T21:00:00Z,2015-01-27T22:00:00+0100,,,,,,,,,,,,,,,,,,,,,,,,,,,,,,,,,,,,,,,,,81.825,75.475,33.771,,,,15.659,55.658,,,,,,,,,,,,,,,,,,,,,
2015-01-27T22:00:00Z,2015-01-27T23:00:00+0100,,,,,,,,,,,,,,,,,,,,,,,,,,,,,,,,,,,,,,,,,81.870,76.389,33.813,,,,15.685,55.658,,,,,,,,,,,,,,,,,,,,,
2015-01-27T23:00:00Z,2015-01-28T00:00:00+0100,,,,,,,,,,,,,,,,,,,,,,,,,,,,,,,,,,,,,,,,,81.928,76.877,33.859,,,,15.688,55.658,,,,,,,,,,,,,,,,,,,,,
2015-01-28T00:00:00Z,2015-01-28T01:00:00+0100,,,,,,,,,,,,,,,,,,,,,,,,,,,,,,,,,,,,,,,,,82.000,76.881,33.862,,,,15.708,55.658,,,,,,,,,,,,,,,,,,,,,
2015-01-28T01:00:00Z,2015-01-28T02:00:00+0100,,,,,,,,,,,,,,,,,,,,,,,,,,,,,,,,,,,,,,,,,82.068,76.884,33.909,,,,15.731,55.658,,,,,,,,,,,,,,,,,,,,,
2015-01-28T02:00:00Z,2015-01-28T03:00:00+0100,,,,,,,,,,,,,,,,,,,,,,,,,,,,,,,,,,,,,,,,,82.140,76.886,33.924,,,,15.737,55.658,,,,,,,,,,,,,,,,,,,,,
2015-01-28T03:00:00Z,2015-01-28T04:00:00+0100,,,,,,,,,,,,,,,,,,,,,,,,,,,,,,,,,,,,,,,,,82.208,76.889,33.957,,,,15.754,55.658,,,,,,,,,,,,,,,,,,,,,
2015-01-28T04:00:00Z,2015-01-28T05:00:00+0100,,,,,,,,,,,,,,,,,,,,,,,,,,,,,,,,,,,,,,,,,82.280,76.892,34.004,,,,15.777,55.658,,,,,,,,,,,,,,,,,,,,,
2015-01-28T05:00:00Z,2015-01-28T06:00:00+0100,,,,,,,,,,,,,,,,,,,,,,,,,,,,,,,,,,,,,,,,,82.352,76.894,34.006,,,,15.786,55.658,,,,,,,,,,,,,,,,,,,,,
2015-01-28T06:00:00Z,2015-01-28T07:00:00+0100,,,,,,,,,,,,,,,,,,,,,,,,,,,,,,,,,,,,,,,,,82.422,76.896,34.052,,,,15.809,55.658,,,,,,,,,,,,,,,,,,,,,
2015-01-28T07:00:00Z,2015-01-28T08:00:00+0100,,,,,,,,,,,,,,,,,,,,,,,,,,,,,,,,,,,,,,,,,82.493,76.899,34.072,,,,15.831,56.181,,,,,,,,,,,,,,,,,,,,,
2015-01-28T08:00:00Z,2015-01-28T09:00:00+0100,,,,,,,,,,,,,,,,,,,,,,,,,,,,,,,,,,,,,,,,,82.563,76.902,34.100,,,,15.833,56.263,,,,,,,,,,,,,,,,,,,,,
2015-01-28T09:00:00Z,2015-01-28T10:00:00+0100,,,,,,,,,,,,,,,,,,,,,,,,,,,,,,,,,,,,,,,,,82.634,76.904,34.146,,,,15.854,57.001,,,,,,,,,,,,,,,,,,,,,
2015-01-28T10:00:00Z,2015-01-28T11:00:00+0100,,,,,,,,,,,,,,,,,,,,,,,,,,,,,,,,,,,,,,,,,82.733,76.907,34.163,,,,15.877,57.238,,,,,,,,,,,,,,,,,,,,,
2015-01-28T11:00:00Z,2015-01-28T12:00:00+0100,,,,,,,,,,,,,,,,,,,,,,,,,,,,,,,,,,,,,,,,,82.846,76.910,34.197,,,,15.879,57.917,,,,,,,,,,,,,,,,,,,,,
2015-01-28T12:00:00Z,2015-01-28T13:00:00+0100,,,,,,,,,,,,,,,,,,,,,,,,,,,,,,,,,,,,,,,,,82.955,76.912,34.236,,,,15.901,58.395,,,,,,,,,,,,,,,,,,,,,
2015-01-28T13:00:00Z,2015-01-28T14:00:00+0100,,,,,,,,,,,,,,,,,,,,,,,,,,,,,,,,,,,,,,,,,83.052,76.915,34.280,,,,15.914,59.099,,,,,,,,,,,,,,,,,,,,,
2015-01-28T14:00:00Z,2015-01-28T15:00:00+0100,,,,,,,,,,,,,,,,,,,,,,,,,,,,,,,,,,,,,,,,,83.128,76.917,34.325,,,,15.924,59.114,,,,,,,,,,,,,,,,,,,,,
2015-01-28T15:00:00Z,2015-01-28T16:00:00+0100,,,,,,,,,,,,,,,,,,,,,,,,,,,,,,,,,,,,,,,,,83.206,76.920,34.369,,,,15.945,59.126,,,,,,,,,,,,,,,,,,,,,
2015-01-28T16:00:00Z,2015-01-28T17:00:00+0100,,,,,,,,,,,,,,,,,,,,,,,,,,,,,,,,,,,,,,,,,83.275,76.922,34.413,,,,15.949,59.126,,,,,,,,,,,,,,,,,,,,,
2015-01-28T17:00:00Z,2015-01-28T18:00:00+0100,,,,,,,,,,,,,,,,,,,,,,,,,,,,,,,,,,,,,,,,,83.344,76.925,34.456,,,,15.967,59.126,,,,,,,,,,,,,,,,,,,,,
2015-01-28T18:00:00Z,2015-01-28T19:00:00+0100,,,,,,,,,,,,,,,,,,,,,,,,,,,,,,,,,,,,,,,,,83.416,76.928,34.494,,,,15.989,59.126,,,,,,,,,,,,,,,,,,,,,
2015-01-28T19:00:00Z,2015-01-28T20:00:00+0100,,,,,,,,,,,,,,,,,,,,,,,,,,,,,,,,,,,,,,,,,83.487,76.930,34.521,,,,15.990,59.166,,,,,,,,,,,,,,,,,,,,,
2015-01-28T20:00:00Z,2015-01-28T21:00:00+0100,,,,,,,,,,,,,,,,,,,,,,,,,,,,,,,,,,,,,,,,,83.559,77.442,34.544,,,,16.012,59.423,,,,,,,,,,,,,,,,,,,,,
2015-01-28T21:00:00Z,2015-01-28T22:00:00+0100,,,,,,,,,,,,,,,,,,,,,,,,,,,,,,,,,,,,,,,,,83.634,78.342,34.586,,,,16.023,59.507,,,,,,,,,,,,,,,,,,,,,
2015-01-28T22:00:00Z,2015-01-28T23:00:00+0100,,,,,,,,,,,,,,,,,,,,,,,,,,,,,,,,,,,,,,,,,83.678,78.345,34.628,,,,16.034,59.509,,,,,,,,,,,,,,,,,,,,,
2015-01-28T23:00:00Z,2015-01-29T00:00:00+0100,,,,,,,,,,,,,,,,,,,,,,,,,,,,,,,,,,,,,,,,,83.731,78.348,34.669,,,,16.059,59.509,,,,,,,,,,,,,,,,,,,,,
2015-01-29T00:00:00Z,2015-01-29T01:00:00+0100,,,,,,,,,,,,,,,,,,,,,,,,,,,,,,,,,,,,,,,,,83.803,78.350,34.691,,,,16.061,59.509,,,,,,,,,,,,,,,,,,,,,
2015-01-29T01:00:00Z,2015-01-29T02:00:00+0100,,,,,,,,,,,,,,,,,,,,,,,,,,,,,,,,,,,,,,,,,83.870,78.353,34.713,,,,16.081,59.509,,,,,,,,,,,,,,,,,,,,,
2015-01-29T02:00:00Z,2015-01-29T03:00:00+0100,,,,,,,,,,,,,,,,,,,,,,,,,,,,,,,,,,,,,,,,,83.943,78.356,34.753,,,,16.102,59.509,,,,,,,,,,,,,,,,,,,,,
2015-01-29T03:00:00Z,2015-01-29T04:00:00+0100,,,,,,,,,,,,,,,,,,,,,,,,,,,,,,,,,,,,,,,,,84.010,78.358,34.794,,,,16.103,59.509,,,,,,,,,,,,,,,,,,,,,
2015-01-29T04:00:00Z,2015-01-29T05:00:00+0100,,,,,,,,,,,,,,,,,,,,,,,,,,,,,,,,,,,,,,,,,84.082,78.361,34.814,,,,16.126,59.509,,,,,,,,,,,,,,,,,,,,,
2015-01-29T05:00:00Z,2015-01-29T06:00:00+0100,,,,,,,,,,,,,,,,,,,,,,,,,,,,,,,,,,,,,,,,,84.153,78.363,34.837,,,,16.140,59.509,,,,,,,,,,,,,,,,,,,,,
2015-01-29T06:00:00Z,2015-01-29T07:00:00+0100,,,,,,,,,,,,,,,,,,,,,,,,,,,,,,,,,,,,,,,,,84.226,78.366,34.878,,,,16.155,59.787,,,,,,,,,,,,,,,,,,,,,
2015-01-29T07:00:00Z,2015-01-29T08:00:00+0100,,,,,,,,,,,,,,,,,,,,,,,,,,,,,,,,,,,,,,,,,84.297,78.368,34.911,,,,16.177,59.846,,,,,,,,,,,,,,,,,,,,,
2015-01-29T08:00:00Z,2015-01-29T09:00:00+0100,,,,,,,,,,,,,,,,,,,,,,,,,,,,,,,,,,,,,,,,,84.369,78.371,34.921,,,,16.177,59.909,,,,,,,,,,,,,,,,,,,,,
2015-01-29T09:00:00Z,2015-01-29T10:00:00+0100,,,,,,,,,,,,,,,,,,,,,,,,,,,,,,,,,,,,,,,,,84.440,78.374,34.963,,,,16.199,59.910,,,,,,,,,,,,,,,,,,,,,
2015-01-29T10:00:00Z,2015-01-29T11:00:00+0100,,,,,,,,,,,,,,,,,,,,,,,,,,,,,,,,,,,,,,,,,84.511,78.376,35.004,,,,16.218,59.910,,,,,,,,,,,,,,,,,,,,,
2015-01-29T11:00:00Z,2015-01-29T12:00:00+0100,,,,,,,,,,,,,,,,,,,,,,,,,,,,,,,,,,,,,,,,,84.581,78.379,35.007,,,,16.221,59.910,,,,,,,,,,,,,,,,,,,,,
2015-01-29T12:00:00Z,2015-01-29T13:00:00+0100,,,,,,,,,,,,,,,,,,,,,,,,,,,,,,,,,,,,,,,,,84.652,78.381,35.048,,,,16.244,59.910,,,,,,,,,,,,,,,,,,,,,
2015-01-29T13:00:00Z,2015-01-29T14:00:00+0100,,,,,,,,,,,,,,,,,,,,,,,,,,,,,,,,,,,,,,,,,84.729,78.384,35.091,,,,16.267,59.910,,,,,,,,,,,,,,,,,,,,,
2015-01-29T14:00:00Z,2015-01-29T15:00:00+0100,,,,,,,,,,,,,,,,,,,,,,,,,,,,,,,,,,,,,,,,,84.806,78.386,35.094,,,,16.268,59.910,,,,,,,,,,,,,,,,,,,,,
2015-01-29T15:00:00Z,2015-01-29T16:00:00+0100,,,,,,,,,,,,,,,,,,,,,,,,,,,,,,,,,,,,,,,,,84.883,78.389,35.136,,,,16.291,59.910,,,,,,,,,,,,,,,,,,,,,
2015-01-29T16:00:00Z,2015-01-29T17:00:00+0100,,,,,,,,,,,,,,,,,,,,,,,,,,,,,,,,,,,,,,,,,84.956,79.143,35.178,,,,16.317,59.910,,,,,,,,,,,,,,,,,,,,,
2015-01-29T17:00:00Z,2015-01-29T18:00:00+0100,,,,,,,,,,,,,,,,,,,,,,,,,,,,,,,,,,,,,,,,,85.027,79.791,35.180,,,,16.318,59.910,,,,,,,,,,,,,,,,,,,,,
2015-01-29T18:00:00Z,2015-01-29T19:00:00+0100,,,,,,,,,,,,,,,,,,,,,,,,,,,,,,,,,,,,,,,,,85.099,79.793,35.223,,,,16.339,59.910,,,,,,,,,,,,,,,,,,,,,
2015-01-29T19:00:00Z,2015-01-29T20:00:00+0100,,,,,,,,,,,,,,,,,,,,,,,,,,,,,,,,,,,,,,,,,85.173,80.201,35.266,,,,16.369,59.910,,,,,,,,,,,,,,,,,,,,,
2015-01-29T20:00:00Z,2015-01-29T21:00:00+0100,,,,,,,,,,,,,,,,,,,,,,,,,,,,,,,,,,,,,,,,,85.247,80.890,35.268,,,,16.376,59.910,,,,,,,,,,,,,,,,,,,,,DE_KN_residential3_washing_machine
2015-01-29T21:00:00Z,2015-01-29T22:00:00+0100,,,,,,,,,,,,,,,,,,,,,,,,,,,,,,,,,,,,,,,,,85.319,80.892,35.311,,,,16.391,59.910,,,,,,,,,,,,,,,,,,,,,
2015-01-29T22:00:00Z,2015-01-29T23:00:00+0100,,,,,,,,,,,,,,,,,,,,,,,,,,,,,,,,,,,,,,,,,85.362,80.895,35.354,,,,16.412,59.910,,,,,,,,,,,,,,,,,,,,,
2015-01-29T23:00:00Z,2015-01-30T00:00:00+0100,,,,,,,,,,,,,,,,,,,,,,,,,,,,,,,,,,,,,,,,,85.415,80.897,35.357,,,,16.419,59.910,,,,,,,,,,,,,,,,,,,,,
2015-01-30T00:00:00Z,2015-01-30T01:00:00+0100,,,,,,,,,,,,,,,,,,,,,,,,,,,,,,,,,,,,,,,,,85.487,80.899,35.399,,,,16.433,59.910,,,,,,,,,,,,,,,,,,,,,
2015-01-30T01:00:00Z,2015-01-30T02:00:00+0100,,,,,,,,,,,,,,,,,,,,,,,,,,,,,,,,,,,,,,,,,85.554,80.901,35.436,,,,16.454,59.910,,,,,,,,,,,,,,,,,,,,,
2015-01-30T02:00:00Z,2015-01-30T03:00:00+0100,,,,,,,,,,,,,,,,,,,,,,,,,,,,,,,,,,,,,,,,,85.627,80.903,35.444,,,,16.456,59.910,,,,,,,,,,,,,,,,,,,,,
2015-01-30T03:00:00Z,2015-01-30T04:00:00+0100,,,,,,,,,,,,,,,,,,,,,,,,,,,,,,,,,,,,,,,,,85.694,80.906,35.488,,,,16.475,59.910,,,,,,,,,,,,,,,,,,,,,
2015-01-30T04:00:00Z,2015-01-30T05:00:00+0100,,,,,,,,,,,,,,,,,,,,,,,,,,,,,,,,,,,,,,,,,85.765,80.908,35.516,,,,16.496,59.910,,,,,,,,,,,,,,,,,,,,,
2015-01-30T05:00:00Z,2015-01-30T06:00:00+0100,,,,,,,,,,,,,,,,,,,,,,,,,,,,,,,,,,,,,,,,,85.837,80.910,35.533,,,,16.512,59.910,,,,,,,,,,,,,,,,,,,,,
2015-01-30T06:00:00Z,2015-01-30T07:00:00+0100,,,,,,,,,,,,,,,,,,,,,,,,,,,,,,,,,,,,,,,,,85.908,80.913,35.576,,,,16.526,59.910,,,,,,,,,,,,,,,,,,,,,
2015-01-30T07:00:00Z,2015-01-30T08:00:00+0100,,,,,,,,,,,,,,,,,,,,,,,,,,,,,,,,,,,,,,,,,85.979,80.915,35.598,,,,16.547,59.910,,,,,,,,,,,,,,,,,,,,,
2015-01-30T08:00:00Z,2015-01-30T09:00:00+0100,,,,,,,,,,,,,,,,,,,,,,,,,,,,,,,,,,,,,,,,,86.051,80.918,35.620,,,,16.553,59.911,,,,,,,,,,,,,,,,,,,,,
2015-01-30T09:00:00Z,2015-01-30T10:00:00+0100,,,,,,,,,,,,,,,,,,,,,,,,,,,,,,,,,,,,,,,,,86.123,80.921,35.663,,,,16.569,59.911,,,,,,,,,,,,,,,,,,,,,
2015-01-30T10:00:00Z,2015-01-30T11:00:00+0100,,,,,,,,,,,,,,,,,,,,,,,,,,,,,,,,,,,,,,,,,86.193,80.923,35.678,,,,16.589,59.911,,,,,,,,,,,,,,,,,,,,,
2015-01-30T11:00:00Z,2015-01-30T12:00:00+0100,,,,,,,,,,,,,,,,,,,,,,,,,,,,,,,,,,,,,,,,,86.264,80.926,35.708,,,,16.592,59.911,,,,,,,,,,,,,,,,,,,,,
2015-01-30T12:00:00Z,2015-01-30T13:00:00+0100,,,,,,,,,,,,,,,,,,,,,,,,,,,,,,,,,,,,,,,,,86.335,80.928,35.747,,,,16.610,59.911,,,,,,,,,,,,,,,,,,,,,
2015-01-30T13:00:00Z,2015-01-30T14:00:00+0100,,,,,,,,,,,,,,,,,,,,,,,,,,,,,,,,,,,,,,,,,86.412,80.931,35.769,,,,16.642,59.911,,,,,,,,,,,,,,,,,,,,,
2015-01-30T14:00:00Z,2015-01-30T15:00:00+0100,,,,,,,,,,,,,,,,,,,,,,,,,,,,,,,,,,,,,,,,,86.489,80.933,35.790,,,,16.668,59.911,,,,,,,,,,,,,,,,,,,,,
2015-01-30T15:00:00Z,2015-01-30T16:00:00+0100,,,,,,,,,,,,,,,,,,,,,,,,,,,,,,,,,,,,,,,,,86.570,81.914,35.832,,,,16.678,59.911,,,,,,,,,,,,,,,,,,,,,
2015-01-30T16:00:00Z,2015-01-30T17:00:00+0100,,,,,,,,,,,,,,,,,,,,,,,,,,,,,,,,,,,,,,,,,86.643,82.410,35.857,,,,16.701,59.911,,,,,,,,,,,,,,,,,,,,,
2015-01-30T17:00:00Z,2015-01-30T18:00:00+0100,,,,,,,,,,,,,,,,,,,,,,,,,,,,,,,,,,,,,,,,,86.715,82.412,35.875,,,,16.727,59.911,,,,,,,,,,,,,,,,,,,,,
2015-01-30T18:00:00Z,2015-01-30T19:00:00+0100,,,,,,,,,,,,,,,,,,,,,,,,,,,,,,,,,,,,,,,,,86.788,82.415,35.917,,,,16.743,59.911,,,,,,,,,,,,,,,,,,,,,
2015-01-30T19:00:00Z,2015-01-30T20:00:00+0100,,,,,,,,,,,,,,,,,,,,,,,,,,,,,,,,,,,,,,,,,86.862,83.018,35.942,,,,16.752,59.911,,,,,,,,,,,,,,,,,,,,,
2015-01-30T20:00:00Z,2015-01-30T21:00:00+0100,,,,,,,,,,,,,,,,,,,,,,,,,,,,,,,,,,,,,,,,,86.935,83.538,35.961,,,,16.776,59.911,,,,,,,,,,,,,,,,,,,,,
2015-01-30T21:00:00Z,2015-01-30T22:00:00+0100,,,,,,,,,,,,,,,,,,,,,,,,,,,,,,,,,,,,,,,,,87.008,83.541,36.002,,,,16.799,59.911,,,,,,,,,,,,,,,,,,,,,
2015-01-30T22:00:00Z,2015-01-30T23:00:00+0100,,,,,,,,,,,,,,,,,,,,,,,,,,,,,,,,,,,,,,,,,87.053,83.543,36.027,,,,16.800,59.911,,,,,,,,,,,,,,,,,,,,,
2015-01-30T23:00:00Z,2015-01-31T00:00:00+0100,,,,,,,,,,,,,,,,,,,,,,,,,,,,,,,,,,,,,,,,,87.109,83.546,36.046,,,,16.823,59.911,,,,,,,,,,,,,,,,,,,,,
2015-01-31T00:00:00Z,2015-01-31T01:00:00+0100,,,,,,,,,,,,,,,,,,,,,,,,,,,,,,,,,,,,,,,,,87.181,83.548,36.088,,,,16.845,59.911,,,,,,,,,,,,,,,,,,,,,
2015-01-31T01:00:00Z,2015-01-31T02:00:00+0100,,,,,,,,,,,,,,,,,,,,,,,,,,,,,,,,,,,,,,,,,87.249,83.551,36.112,,,,16.847,59.911,,,,,,,,,,,,,,,,,,,,,
2015-01-31T02:00:00Z,2015-01-31T03:00:00+0100,,,,,,,,,,,,,,,,,,,,,,,,,,,,,,,,,,,,,,,,,87.322,83.554,36.133,,,,16.870,59.911,,,,,,,,,,,,,,,,,,,,,
2015-01-31T03:00:00Z,2015-01-31T04:00:00+0100,,,,,,,,,,,,,,,,,,,,,,,,,,,,,,,,,,,,,,,,,87.390,83.556,36.174,,,,16.885,59.911,,,,,,,,,,,,,,,,,,,,,
2015-01-31T04:00:00Z,2015-01-31T05:00:00+0100,,,,,,,,,,,,,,,,,,,,,,,,,,,,,,,,,,,,,,,,,87.463,83.559,36.198,,,,16.893,59.911,,,,,,,,,,,,,,,,,,,,,
2015-01-31T05:00:00Z,2015-01-31T06:00:00+0100,,,,,,,,,,,,,,,,,,,,,,,,,,,,,,,,,,,,,,,,,87.535,83.561,36.218,,,,16.915,59.911,,,,,,,,,,,,,,,,,,,,,
2015-01-31T06:00:00Z,2015-01-31T07:00:00+0100,,,,,,,,,,,,,,,,,,,,,,,,,,,,,,,,,,,,,,,,,87.607,83.564,36.259,,,,16.927,59.911,,,,,,,,,,,,,,,,,,,,,
2015-01-31T07:00:00Z,2015-01-31T08:00:00+0100,,,,,,,,,,,,,,,,,,,,,,,,,,,,,,,,,,,,,,,,,87.679,83.567,36.283,,,,16.945,59.911,,,,,,,,,,,,,,,,,,,,,
2015-01-31T08:00:00Z,2015-01-31T09:00:00+0100,,,,,,,,,,,,,,,,,,,,,,,,,,,,,,,,,,,,,,,,,87.762,83.569,36.314,,,,16.969,59.911,,,,,,,,,,,,,,,,,,,,,
2015-01-31T09:00:00Z,2015-01-31T10:00:00+0100,,,,,,,,,,,,,,,,,,,,,,,,,,,,,,,,,,,,,,,,,87.889,83.572,36.351,,,,16.994,59.912,,,,,,,,,,,,,,,,,,,,,
2015-01-31T10:00:00Z,2015-01-31T11:00:00+0100,,,,,,,,,,,,,,,,,,,,,,,,,,,,,,,,,,,,,,,,,88.010,83.575,36.390,,,,17.000,59.912,,,,,,,,,,,,,,,,,,,,,
2015-01-31T11:00:00Z,2015-01-31T12:00:00+0100,,,,,,,,,,,,,,,,,,,,,,,,,,,,,,,,,,,,,,,,,88.129,83.577,36.429,,,,17.016,59.912,,,,,,,,,,,,,,,,,,,,,
2015-01-31T12:00:00Z,2015-01-31T13:00:00+0100,,,,,,,,,,,,,,,,,,,,,,,,,,,,,,,,,,,,,,,,,88.238,83.580,36.447,,,,17.038,59.912,,,,,,,,,,,,,,,,,,,,,
2015-01-31T13:00:00Z,2015-01-31T14:00:00+0100,,,,,,,,,,,,,,,,,,,,,,,,,,,,,,,,,,,,,,,,,88.351,83.582,36.470,,,,17.041,59.912,,,,,,,,,,,,,,,,,,,,,
2015-01-31T14:00:00Z,2015-01-31T15:00:00+0100,,,,,,,,,,,,,,,,,,,,,,,,,,,,,,,,,,,,,,,,,88.429,83.585,36.508,,,,17.061,59.912,,,,,,,,,,,,,,,,,,,,,
2015-01-31T15:00:00Z,2015-01-31T16:00:00+0100,,,,,,,,,,,,,,,,,,,,,,,,,,,,,,,,,,,,,,,,,88.507,83.970,36.546,,,,17.086,59.912,,,,,,,,,,,,,,,,,,,,,
2015-01-31T16:00:00Z,2015-01-31T17:00:00+0100,,,,,,,,,,,,,,,,,,,,,,,,,,,,,,,,,,,,,,,,,88.579,84.978,36.549,,,,17.088,59.912,,,,,,,,,,,,,,,,,,,,,
2015-01-31T17:00:00Z,2015-01-31T18:00:00+0100,,,,,,,,,,,,,,,,,,,,,,,,,,,,,,,,,,,,,,,,,88.649,84.980,36.587,,,,17.112,59.912,,,,,,,,,,,,,,,,,,,,,
2015-01-31T18:00:00Z,2015-01-31T19:00:00+0100,,,,,,,,,,,,,,,,,,,,,,,,,,,,,,,,,,,,,,,,,88.721,84.983,36.626,,,,17.131,59.912,,,,,,,,,,,,,,,,,,,,,
2015-01-31T19:00:00Z,2015-01-31T20:00:00+0100,,,,,,,,,,,,,,,,,,,,,,,,,,,,,,,,,,,,,,,,,88.794,85.445,36.643,,,,17.138,59.912,,,,,,,,,,,,,,,,,,,,,
2015-01-31T20:00:00Z,2015-01-31T21:00:00+0100,,,,,,,,,,,,,,,,,,,,,,,,,,,,,,,,,,,,,,,,,88.868,86.094,36.667,,,,17.162,59.912,,,,,,,,,,,,,,,,,,,,,
2015-01-31T21:00:00Z,2015-01-31T22:00:00+0100,,,,,,,,,,,,,,,,,,,,,,,,,,,,,,,,,,,,,,,,,88.938,86.096,36.706,,,,17.181,59.912,,,,,,,,,,,,,,,,,,,,,
2015-01-31T22:00:00Z,2015-01-31T23:00:00+0100,,,,,,,,,,,,,,,,,,,,,,,,,,,,,,,,,,,,,,,,,88.983,86.099,36.740,,,,17.186,59.912,,,,,,,,,,,,,,,,,,,,,
2015-01-31T23:00:00Z,2015-02-01T00:00:00+0100,,,,,,,,,,,,,,,,,,,,,,,,,,,,,,,,,,,,,,,,,89.037,86.101,36.746,,,,17.208,59.912,,,,,,,,,,,,,,,,,,,,,
2015-02-01T00:00:00Z,2015-02-01T01:00:00+0100,,,,,,,,,,,,,,,,,,,,,,,,,,,,,,,,,,,,,,,,,89.109,86.103,36.785,,,,17.222,59.912,,,,,,,,,,,,,,,,,,,,,
2015-02-01T01:00:00Z,2015-02-01T02:00:00+0100,,,,,,,,,,,,,,,,,,,,,,,,,,,,,,,,,,,,,,,,,89.177,86.105,36.824,,,,17.231,59.912,,,,,,,,,,,,,,,,,,,,,
2015-02-01T02:00:00Z,2015-02-01T03:00:00+0100,,,,,,,,,,,,,,,,,,,,,,,,,,,,,,,,,,,,,,,,,89.251,86.108,36.833,,,,17.253,59.912,,,,,,,,,,,,,,,,,,,,,
2015-02-01T03:00:00Z,2015-02-01T04:00:00+0100,,,,,,,,,,,,,,,,,,,,,,,,,,,,,,,,,,,,,,,,,89.320,86.110,36.864,,,,17.259,59.912,,,,,,,,,,,,,,,,,,,,,
2015-02-01T04:00:00Z,2015-02-01T05:00:00+0100,,,,,,,,,,,,,,,,,,,,,,,,,,,,,,,,,,,,,,,,,89.393,86.112,36.903,,,,17.275,59.912,,,,,,,,,,,,,,,,,,,,,
2015-02-01T05:00:00Z,2015-02-01T06:00:00+0100,,,,,,,,,,,,,,,,,,,,,,,,,,,,,,,,,,,,,,,,,89.465,86.114,36.928,,,,17.297,59.912,,,,,,,,,,,,,,,,,,,,,
2015-02-01T06:00:00Z,2015-02-01T07:00:00+0100,,,,,,,,,,,,,,,,,,,,,,,,,,,,,,,,,,,,,,,,,89.537,86.116,36.944,,,,17.298,59.912,,,,,,,,,,,,,,,,,,,,,
2015-02-01T07:00:00Z,2015-02-01T08:00:00+0100,,,,,,,,,,,,,,,,,,,,,,,,,,,,,,,,,,,,,,,,,89.608,86.119,36.983,,,,17.320,59.912,,,,,,,,,,,,,,,,,,,,,
2015-02-01T08:00:00Z,2015-02-01T09:00:00+0100,,,,,,,,,,,,,,,,,,,,,,,,,,,,,,,,,,,,,,,,,89.678,86.122,37.022,,,,17.340,59.912,,,,,,,,,,,,,,,,,,,,,
2015-02-01T09:00:00Z,2015-02-01T10:00:00+0100,,,,,,,,,,,,,,,,,,,,,,,,,,,,,,,,,,,,,,,,,89.750,86.124,37.030,,,,17.347,59.987,,,,,,,,,,,,,,,,,,,,,
2015-02-01T10:00:00Z,2015-02-01T11:00:00+0100,,,,,,,,,,,,,,,,,,,,,,,,,,,,,,,,,,,,,,,,,89.864,86.127,37.063,,,,17.370,60.780,,,,,,,,,,,,,,,,,,,,,
2015-02-01T11:00:00Z,2015-02-01T12:00:00+0100,,,,,,,,,,,,,,,,,,,,,,,,,,,,,,,,,,,,,,,,,89.983,86.130,37.102,,,,17.384,60.877,,,,,,,,,,,,,,,,,,,,,
2015-02-01T12:00:00Z,2015-02-01T13:00:00+0100,,,,,,,,,,,,,,,,,,,,,,,,,,,,,,,,,,,,,,,,,90.077,86.528,37.143,,,,17.396,60.955,,,,,,,,,,,,,,,,,,,,,
2015-02-01T13:00:00Z,2015-02-01T14:00:00+0100,,,,,,,,,,,,,,,,,,,,,,,,,,,,,,,,,,,,,,,,,90.155,87.481,37.180,,,,17.420,60.956,,,,,,,,,,,,,,,,,,,,,DE_KN_residential3_washing_machine
2015-02-01T14:00:00Z,2015-02-01T15:00:00+0100,,,,,,,,,,,,,,,,,,,,,,,,,,,,,,,,,,,,,,,,,90.230,87.564,37.186,,,,17.433,60.956,,,,,,,,,,,,,,,,,,,,,DE_KN_residential3_washing_machine
2015-02-01T15:00:00Z,2015-02-01T16:00:00+0100,,,,,,,,,,,,,,,,,,,,,,,,,,,,,,,,,,,,,,,,,90.305,87.567,37.227,,,,17.452,60.956,,,,,,,,,,,,,,,,,,,,,
2015-02-01T16:00:00Z,2015-02-01T17:00:00+0100,,,,,,,,,,,,,,,,,,,,,,,,,,,,,,,,,,,,,,,,,90.376,87.880,37.268,,,,17.488,60.957,,,,,,,,,,,,,,,,,,,,,
2015-02-01T17:00:00Z,2015-02-01T18:00:00+0100,,,,,,,,,,,,,,,,,,,,,,,,,,,,,,,,,,,,,,,,,90.448,88.872,37.282,,,,17.523,62.377,,,,,,,,,,,,,,,,,,,,,
2015-02-01T18:00:00Z,2015-02-01T19:00:00+0100,,,,,,,,,,,,,,,,,,,,,,,,,,,,,,,,,,,,,,,,,90.519,88.876,37.312,,,,17.554,62.623,,,,,,,,,,,,,,,,,,,,,
2015-02-01T19:00:00Z,2015-02-01T20:00:00+0100,,,,,,,,,,,,,,,,,,,,,,,,,,,,,,,,,,,,,,,,,90.593,89.364,37.354,,,,17.572,62.639,,,,,,,,,,,,,,,,,,,,,
2015-02-01T20:00:00Z,2015-02-01T21:00:00+0100,,,,,,,,,,,,,,,,,,,,,,,,,,,,,,,,,,,,,,,,,90.665,90.158,37.369,,,,17.606,62.647,,,,,,,,,,,,,,,,,,,,,
2015-02-01T21:00:00Z,2015-02-01T22:00:00+0100,,,,,,,,,,,,,,,,,,,,,,,,,,,,,,,,,,,,,,,,,90.737,90.160,37.399,,,,17.614,62.850,,,,,,,,,,,,,,,,,,,,,
2015-02-01T22:00:00Z,2015-02-01T23:00:00+0100,,,,,,,,,,,,,,,,,,,,,,,,,,,,,,,,,,,,,,,,,90.780,90.163,37.441,,,,17.656,62.850,,,,,,,,,,,,,,,,,,,,,
2015-02-01T23:00:00Z,2015-02-02T00:00:00+0100,,,,,,,,,,,,,,,,,,,,,,,,,,,,,,,,,,,,,,,,,90.838,90.165,37.454,,,,17.669,62.850,,,,,,,,,,,,,,,,,,,,,
2015-02-02T00:00:00Z,2015-02-02T01:00:00+0100,,,,,,,,,,,,,,,,,,,,,,,,,,,,,,,,,,,,,,,,,90.911,90.168,37.485,,,,17.694,62.850,,,,,,,,,,,,,,,,,,,,,
2015-02-02T01:00:00Z,2015-02-02T02:00:00+0100,,,,,,,,,,,,,,,,,,,,,,,,,,,,,,,,,,,,,,,,,90.979,90.171,37.528,,,,17.710,62.850,,,,,,,,,,,,,,,,,,,,,
2015-02-02T02:00:00Z,2015-02-02T03:00:00+0100,,,,,,,,,,,,,,,,,,,,,,,,,,,,,,,,,,,,,,,,,91.052,90.173,37.539,,,,17.728,62.850,,,,,,,,,,,,,,,,,,,,,
2015-02-02T03:00:00Z,2015-02-02T04:00:00+0100,,,,,,,,,,,,,,,,,,,,,,,,,,,,,,,,,,,,,,,,,91.120,90.176,37.572,,,,17.739,62.850,,,,,,,,,,,,,,,,,,,,,
2015-02-02T04:00:00Z,2015-02-02T05:00:00+0100,,,,,,,,,,,,,,,,,,,,,,,,,,,,,,,,,,,,,,,,,91.193,90.178,37.614,,,,17.761,62.850,,,,,,,,,,,,,,,,,,,,,
2015-02-02T05:00:00Z,2015-02-02T06:00:00+0100,,,,,,,,,,,,,,,,,,,,,,,,,,,,,,,,,,,,,,,,,91.263,90.181,37.624,,,,17.771,62.850,,,,,,,,,,,,,,,,,,,,,
2015-02-02T06:00:00Z,2015-02-02T07:00:00+0100,,,,,,,,,,,,,,,,,,,,,,,,,,,,,,,,,,,,,,,,,91.333,90.184,37.658,,,,17.804,62.850,,,,,,,,,,,,,,,,,,,,,
2015-02-02T07:00:00Z,2015-02-02T08:00:00+0100,,,,,,,,,,,,,,,,,,,,,,,,,,,,,,,,,,,,,,,,,91.405,90.186,37.700,,,,17.814,62.850,,,,,,,,,,,,,,,,,,,,,
2015-02-02T08:00:00Z,2015-02-02T09:00:00+0100,,,,,,,,,,,,,,,,,,,,,,,,,,,,,,,,,,,,,,,,,91.475,90.189,37.707,,,,17.842,62.850,,,,,,,,,,,,,,,,,,,,,
2015-02-02T09:00:00Z,2015-02-02T10:00:00+0100,,,,,,,,,,,,,,,,,,,,,,,,,,,,,,,,,,,,,,,,,91.560,90.191,37.745,,,,17.844,62.850,,,,,,,,,,,,,,,,,,,,,
2015-02-02T10:00:00Z,2015-02-02T11:00:00+0100,,,,,,,,,,,,,,,,,,,,,,,,,,,,,,,,,,,,,,,,,91.679,90.194,37.787,,,,17.878,62.850,,,,,,,,,,,,,,,,,,,,,
2015-02-02T11:00:00Z,2015-02-02T12:00:00+0100,,,,,,,,,,,,,,,,,,,,,,,,,,,,,,,,,,,,,,,,,91.776,90.197,37.791,,,,17.878,62.851,,,,,,,,,,,,,,,,,,,,,
2015-02-02T12:00:00Z,2015-02-02T13:00:00+0100,,,,,,,,,,,,,,,,,,,,,,,,,,,,,,,,,,,,,,,,,91.848,90.199,37.831,,,,17.912,62.851,,,,,,,,,,,,,,,,,,,,,
2015-02-02T13:00:00Z,2015-02-02T14:00:00+0100,,,,,,,,,,,,,,,,,,,,,,,,,,,,,,,,,,,,,,,,,91.975,90.202,37.873,,,,17.912,62.851,,,,,,,,,,,,,,,,,,,,,
2015-02-02T14:00:00Z,2015-02-02T15:00:00+0100,,,,,,,,,,,,,,,,,,,,,,,,,,,,,,,,,,,,,,,,,92.092,90.205,37.875,,,,17.937,62.851,,,,,,,,,,,,,,,,,,,,,
2015-02-02T15:00:00Z,2015-02-02T16:00:00+0100,,,,,,,,,,,,,,,,,,,,,,,,,,,,,,,,,,,,,,,,,92.172,90.207,37.917,,,,17.947,62.851,,,,,,,,,,,,,,,,,,,,,
2015-02-02T16:00:00Z,2015-02-02T17:00:00+0100,,,,,,,,,,,,,,,,,,,,,,,,,,,,,,,,,,,,,,,,,92.240,90.210,37.959,,,,17.965,62.851,,,,,,,,,,,,,,,,,,,,,
2015-02-02T17:00:00Z,2015-02-02T18:00:00+0100,,,,,,,,,,,,,,,,,,,,,,,,,,,,,,,,,,,,,,,,,92.309,90.212,37.961,,,,17.984,62.851,,,,,,,,,,,,,,,,,,,,,
2015-02-02T18:00:00Z,2015-02-02T19:00:00+0100,,,,,,,,,,,,,,,,,,,,,,,,,,,,,,,,,,,,,,,,,92.380,91.167,38.003,,,,17.999,62.851,,,,,,,,,,,,,,,,,,,,,
2015-02-02T19:00:00Z,2015-02-02T20:00:00+0100,,,,,,,,,,,,,,,,,,,,,,,,,,,,,,,,,,,,,,,,,92.452,91.654,38.045,,,,18.023,62.851,,,,,,,,,,,,,,,,,,,,,
2015-02-02T20:00:00Z,2015-02-02T21:00:00+0100,,,,,,,,,,,,,,,,,,,,,,,,,,,,,,,,,,,,,,,,,92.522,91.656,38.047,,,,18.028,62.851,,,,,,,,,,,,,,,,,,,,,
2015-02-02T21:00:00Z,2015-02-02T22:00:00+0100,,,,,,,,,,,,,,,,,,,,,,,,,,,,,,,,,,,,,,,,,92.594,91.659,38.089,,,,18.058,62.851,,,,,,,,,,,,,,,,,,,,,
2015-02-02T22:00:00Z,2015-02-02T23:00:00+0100,,,,,,,,,,,,,,,,,,,,,,,,,,,,,,,,,,,,,,,,,92.664,91.662,38.131,,,,18.059,62.851,,,,,,,,,,,,,,,,,,,,,
2015-02-02T23:00:00Z,2015-02-03T00:00:00+0100,,,,,,,,,,,,,,,,,,,,,,,,,,,,,,,,,,,,,,,,,92.732,91.664,38.133,,,,18.092,62.851,,,,,,,,,,,,,,,,,,,,,
2015-02-03T00:00:00Z,2015-02-03T01:00:00+0100,,,,,,,,,,,,,,,,,,,,,,,,,,,,,,,,,,,,,,,,,92.805,91.667,38.175,,,,18.093,62.851,,,,,,,,,,,,,,,,,,,,,
2015-02-03T01:00:00Z,2015-02-03T02:00:00+0100,,,,,,,,,,,,,,,,,,,,,,,,,,,,,,,,,,,,,,,,,92.872,91.670,38.217,,,,18.123,62.851,,,,,,,,,,,,,,,,,,,,,
2015-02-03T02:00:00Z,2015-02-03T03:00:00+0100,,,,,,,,,,,,,,,,,,,,,,,,,,,,,,,,,,,,,,,,,92.945,91.672,38.219,,,,18.126,62.851,,,,,,,,,,,,,,,,,,,,,
2015-02-03T03:00:00Z,2015-02-03T04:00:00+0100,,,,,,,,,,,,,,,,,,,,,,,,,,,,,,,,,,,,,,,,,93.013,91.675,38.261,,,,18.140,62.851,,,,,,,,,,,,,,,,,,,,,
2015-02-03T04:00:00Z,2015-02-03T05:00:00+0100,,,,,,,,,,,,,,,,,,,,,,,,,,,,,,,,,,,,,,,,,93.085,91.678,38.303,,,,18.158,62.851,,,,,,,,,,,,,,,,,,,,,
2015-02-03T05:00:00Z,2015-02-03T06:00:00+0100,,,,,,,,,,,,,,,,,,,,,,,,,,,,,,,,,,,,,,,,,93.156,91.680,38.306,,,,18.160,62.851,,,,,,,,,,,,,,,,,,,,,
2015-02-03T06:00:00Z,2015-02-03T07:00:00+0100,,,,,,,,,,,,,,,,,,,,,,,,,,,,,,,,,,,,,,,,,93.228,92.063,38.347,,,,18.194,62.851,,,,,,,,,,,,,,,,,,,,,
2015-02-03T07:00:00Z,2015-02-03T08:00:00+0100,,,,,,,,,,,,,,,,,,,,,,,,,,,,,,,,,,,,,,,,,93.300,92.806,38.389,,,,18.195,62.851,,,,,,,,,,,,,,,,,,,,,
2015-02-03T08:00:00Z,2015-02-03T09:00:00+0100,,,,,,,,,,,,,,,,,,,,,,,,,,,,,,,,,,,,,,,,,93.374,93.253,38.391,,,,18.228,62.851,,,,,,,,,,,,,,,,,,,,,DE_KN_residential3_washing_machine
2015-02-03T09:00:00Z,2015-02-03T10:00:00+0100,,,,,,,,,,,,,,,,,,,,,,,,,,,,,,,,,,,,,,,,,93.446,94.007,38.432,,,,18.229,62.851,,,,,,,,,,,,,,,,,,,,,
2015-02-03T10:00:00Z,2015-02-03T11:00:00+0100,,,,,,,,,,,,,,,,,,,,,,,,,,,,,,,,,,,,,,,,,93.541,94.010,38.474,,,,18.257,62.851,,,,,,,,,,,,,,,,,,,,,
2015-02-03T11:00:00Z,2015-02-03T12:00:00+0100,,,,,,,,,,,,,,,,,,,,,,,,,,,,,,,,,,,,,,,,,93.649,94.013,38.476,,,,18.270,62.852,,,,,,,,,,,,,,,,,,,,,
2015-02-03T12:00:00Z,2015-02-03T13:00:00+0100,,,,,,,,,,,,,,,,,,,,,,,,,,,,,,,,,,,,,,,,,93.764,94.015,38.518,,,,18.291,62.852,,,,,,,,,,,,,,,,,,,,,
2015-02-03T13:00:00Z,2015-02-03T14:00:00+0100,,,,,,,,,,,,,,,,,,,,,,,,,,,,,,,,,,,,,,,,,93.890,94.018,38.559,,,,18.319,62.852,,,,,,,,,,,,,,,,,,,,,
2015-02-03T14:00:00Z,2015-02-03T15:00:00+0100,,,,,,,,,,,,,,,,,,,,,,,,,,,,,,,,,,,,,,,,,94.008,94.021,38.561,,,,18.322,62.852,,,,,,,,,,,,,,,,,,,,,
2015-02-03T15:00:00Z,2015-02-03T16:00:00+0100,,,,,,,,,,,,,,,,,,,,,,,,,,,,,,,,,,,,,,,,,94.091,94.023,38.603,,,,18.348,62.852,,,,,,,,,,,,,,,,,,,,,
2015-02-03T16:00:00Z,2015-02-03T17:00:00+0100,,,,,,,,,,,,,,,,,,,,,,,,,,,,,,,,,,,,,,,,,94.160,94.026,38.643,,,,18.371,62.852,,,,,,,,,,,,,,,,,,,,,
2015-02-03T17:00:00Z,2015-02-03T18:00:00+0100,,,,,,,,,,,,,,,,,,,,,,,,,,,,,,,,,,,,,,,,,94.230,94.028,38.652,,,,18.376,62.852,,,,,,,,,,,,,,,,,,,,,
2015-02-03T18:00:00Z,2015-02-03T19:00:00+0100,,,,,,,,,,,,,,,,,,,,,,,,,,,,,,,,,,,,,,,,,94.301,94.400,38.685,,,,18.410,62.852,,,,,,,,,,,,,,,,,,,,,
2015-02-03T19:00:00Z,2015-02-03T20:00:00+0100,,,,,,,,,,,,,,,,,,,,,,,,,,,,,,,,,,,,,,,,,94.374,95.379,38.726,,,,18.428,62.852,,,,,,,,,,,,,,,,,,,,,
2015-02-03T20:00:00Z,2015-02-03T21:00:00+0100,,,,,,,,,,,,,,,,,,,,,,,,,,,,,,,,,,,,,,,,,94.444,95.383,38.739,,,,18.438,62.852,,,,,,,,,,,,,,,,,,,,,
2015-02-03T21:00:00Z,2015-02-03T22:00:00+0100,,,,,,,,,,,,,,,,,,,,,,,,,,,,,,,,,,,,,,,,,94.515,95.386,38.769,,,,18.476,62.852,,,,,,,,,,,,,,,,,,,,,
2015-02-03T22:00:00Z,2015-02-03T23:00:00+0100,,,,,,,,,,,,,,,,,,,,,,,,,,,,,,,,,,,,,,,,,94.584,95.389,38.811,,,,18.493,62.852,,,,,,,,,,,,,,,,,,,,,
2015-02-03T23:00:00Z,2015-02-04T00:00:00+0100,,,,,,,,,,,,,,,,,,,,,,,,,,,,,,,,,,,,,,,,,94.652,95.392,38.828,,,,18.503,62.852,,,,,,,,,,,,,,,,,,,,,
2015-02-04T00:00:00Z,2015-02-04T01:00:00+0100,,,,,,,,,,,,,,,,,,,,,,,,,,,,,,,,,,,,,,,,,94.727,95.394,38.854,,,,18.530,62.852,,,,,,,,,,,,,,,,,,,,,
2015-02-04T01:00:00Z,2015-02-04T02:00:00+0100,,,,,,,,,,,,,,,,,,,,,,,,,,,,,,,,,,,,,,,,,94.795,95.397,38.896,,,,18.553,62.852,,,,,,,,,,,,,,,,,,,,,
2015-02-04T02:00:00Z,2015-02-04T03:00:00+0100,,,,,,,,,,,,,,,,,,,,,,,,,,,,,,,,,,,,,,,,,94.869,95.399,38.915,,,,18.556,62.852,,,,,,,,,,,,,,,,,,,,,
2015-02-04T03:00:00Z,2015-02-04T04:00:00+0100,,,,,,,,,,,,,,,,,,,,,,,,,,,,,,,,,,,,,,,,,94.939,95.402,38.940,,,,18.582,62.852,,,,,,,,,,,,,,,,,,,,,
2015-02-04T04:00:00Z,2015-02-04T05:00:00+0100,,,,,,,,,,,,,,,,,,,,,,,,,,,,,,,,,,,,,,,,,95.011,95.405,38.981,,,,18.596,62.852,,,,,,,,,,,,,,,,,,,,,
2015-02-04T05:00:00Z,2015-02-04T06:00:00+0100,,,,,,,,,,,,,,,,,,,,,,,,,,,,,,,,,,,,,,,,,95.083,95.407,39.001,,,,18.608,62.852,,,,,,,,,,,,,,,,,,,,,
2015-02-04T06:00:00Z,2015-02-04T07:00:00+0100,,,,,,,,,,,,,,,,,,,,,,,,,,,,,,,,,,,,,,,,,95.156,95.410,39.024,,,,18.636,62.852,,,,,,,,,,,,,,,,,,,,,
2015-02-04T07:00:00Z,2015-02-04T08:00:00+0100,,,,,,,,,,,,,,,,,,,,,,,,,,,,,,,,,,,,,,,,,95.228,96.273,39.066,,,,18.659,62.852,,,,,,,,,,,,,,,,,,,,,
2015-02-04T08:00:00Z,2015-02-04T09:00:00+0100,,,,,,,,,,,,,,,,,,,,,,,,,,,,,,,,,,,,,,,,,95.300,96.741,39.087,,,,18.661,62.852,,,,,,,,,,,,,,,,,,,,,
2015-02-04T09:00:00Z,2015-02-04T10:00:00+0100,,,,,,,,,,,,,,,,,,,,,,,,,,,,,,,,,,,,,,,,,95.403,96.745,39.109,,,,18.687,62.852,,,,,,,,,,,,,,,,,,,,,
2015-02-04T10:00:00Z,2015-02-04T11:00:00+0100,,,,,,,,,,,,,,,,,,,,,,,,,,,,,,,,,,,,,,,,,95.526,96.751,39.150,,,,18.690,62.853,,,,,,,,,,,,,,,,,,,,,
2015-02-04T11:00:00Z,2015-02-04T12:00:00+0100,,,,,,,,,,,,,,,,,,,,,,,,,,,,,,,,,,,,,,,,,95.644,96.755,39.175,,,,18.712,62.853,,,,,,,,,,,,,,,,,,,,,
2015-02-04T12:00:00Z,2015-02-04T13:00:00+0100,,,,,,,,,,,,,,,,,,,,,,,,,,,,,,,,,,,,,,,,,95.764,96.759,39.194,,,,18.731,62.853,,,,,,,,,,,,,,,,,,,,,
2015-02-04T13:00:00Z,2015-02-04T14:00:00+0100,,,,,,,,,,,,,,,,,,,,,,,,,,,,,,,,,,,,,,,,,95.882,96.762,39.235,,,,18.744,62.853,,,,,,,,,,,,,,,,,,,,,
2015-02-04T14:00:00Z,2015-02-04T15:00:00+0100,,,,,,,,,,,,,,,,,,,,,,,,,,,,,,,,,,,,,,,,,95.979,96.764,39.259,,,,18.774,62.853,,,,,,,,,,,,,,,,,,,,,
2015-02-04T15:00:00Z,2015-02-04T16:00:00+0100,,,,,,,,,,,,,,,,,,,,,,,,,,,,,,,,,,,,,,,,,96.054,96.767,39.279,,,,18.775,62.853,,,,,,,,,,,,,,,,,,,,,
2015-02-04T16:00:00Z,2015-02-04T17:00:00+0100,,,,,,,,,,,,,,,,,,,,,,,,,,,,,,,,,,,,,,,,,96.123,96.770,39.320,,,,18.802,62.853,,,,,,,,,,,,,,,,,,,,,
2015-02-04T17:00:00Z,2015-02-04T18:00:00+0100,,,,,,,,,,,,,,,,,,,,,,,,,,,,,,,,,,,,,,,,,96.191,96.772,39.364,,,,18.828,62.853,,,,,,,,,,,,,,,,,,,,,
2015-02-04T18:00:00Z,2015-02-04T19:00:00+0100,,,,,,,,,,,,,,,,,,,,,,,,,,,,,,,,,,,,,,,,,96.264,97.821,39.367,,,,18.834,62.853,,,,,,,,,,,,,,,,,,,,,
2015-02-04T19:00:00Z,2015-02-04T20:00:00+0100,,,,,,,,,,,,,,,,,,,,,,,,,,,,,,,,,,,,,,,,,96.334,97.893,39.415,,,,18.852,62.853,,,,,,,,,,,,,,,,,,,,,
2015-02-04T20:00:00Z,2015-02-04T21:00:00+0100,,,,,,,,,,,,,,,,,,,,,,,,,,,,,,,,,,,,,,,,,96.403,97.895,39.459,,,,18.875,62.853,,,,,,,,,,,,,,,,,,,,,
2015-02-04T21:00:00Z,2015-02-04T22:00:00+0100,,,,,,,,,,,,,,,,,,,,,,,,,,,,,,,,,,,,,,,,,96.474,97.898,39.464,,,,18.877,62.853,,,,,,,,,,,,,,,,,,,,,
2015-02-04T22:00:00Z,2015-02-04T23:00:00+0100,,,,,,,,,,,,,,,,,,,,,,,,,,,,,,,,,,,,,,,,,96.544,97.900,39.507,,,,18.905,62.853,,,,,,,,,,,,,,,,,,,,,
2015-02-04T23:00:00Z,2015-02-05T00:00:00+0100,,,,,,,,,,,,,,,,,,,,,,,,,,,,,,,,,,,,,,,,,96.612,97.903,39.544,,,,18.929,62.853,,,,,,,,,,,,,,,,,,,,,
2015-02-05T00:00:00Z,2015-02-05T01:00:00+0100,,,,,,,,,,,,,,,,,,,,,,,,,,,,,,,,,,,,,,,,,96.685,97.906,39.555,,,,18.939,62.853,,,,,,,,,,,,,,,,,,,,,
2015-02-05T01:00:00Z,2015-02-05T02:00:00+0100,,,,,,,,,,,,,,,,,,,,,,,,,,,,,,,,,,,,,,,,,96.754,97.908,39.600,,,,18.953,62.853,,,,,,,,,,,,,,,,,,,,,
2015-02-05T02:00:00Z,2015-02-05T03:00:00+0100,,,,,,,,,,,,,,,,,,,,,,,,,,,,,,,,,,,,,,,,,96.827,97.911,39.622,,,,18.977,62.853,,,,,,,,,,,,,,,,,,,,,
2015-02-05T03:00:00Z,2015-02-05T04:00:00+0100,,,,,,,,,,,,,,,,,,,,,,,,,,,,,,,,,,,,,,,,,96.896,97.913,39.648,,,,18.983,62.853,,,,,,,,,,,,,,,,,,,,,
2015-02-05T04:00:00Z,2015-02-05T05:00:00+0100,,,,,,,,,,,,,,,,,,,,,,,,,,,,,,,,,,,,,,,,,96.968,97.916,39.693,,,,19.000,62.853,,,,,,,,,,,,,,,,,,,,,
2015-02-05T05:00:00Z,2015-02-05T06:00:00+0100,,,,,,,,,,,,,,,,,,,,,,,,,,,,,,,,,,,,,,,,,97.038,97.919,39.695,,,,19.027,62.853,,,,,,,,,,,,,,,,,,,,,
2015-02-05T06:00:00Z,2015-02-05T07:00:00+0100,,,,,,,,,,,,,,,,,,,,,,,,,,,,,,,,,,,,,,,,,97.108,97.921,39.740,,,,19.044,62.853,,,,,,,,,,,,,,,,,,,,,
2015-02-05T07:00:00Z,2015-02-05T08:00:00+0100,,,,,,,,,,,,,,,,,,,,,,,,,,,,,,,,,,,,,,,,,97.181,98.529,39.778,,,,19.056,62.853,,,,,,,,,,,,,,,,,,,,,
2015-02-05T08:00:00Z,2015-02-05T09:00:00+0100,,,,,,,,,,,,,,,,,,,,,,,,,,,,,,,,,,,,,,,,,97.252,99.049,39.787,,,,19.079,62.854,,,,,,,,,,,,,,,,,,,,,
2015-02-05T09:00:00Z,2015-02-05T10:00:00+0100,,,,,,,,,,,,,,,,,,,,,,,,,,,,,,,,,,,,,,,,,97.324,99.051,39.833,,,,19.090,62.854,,,,,,,,,,,,,,,,,,,,,
2015-02-05T10:00:00Z,2015-02-05T11:00:00+0100,,,,,,,,,,,,,,,,,,,,,,,,,,,,,,,,,,,,,,,,,97.394,99.053,39.845,,,,19.102,62.854,,,,,,,,,,,,,,,,,,,,,
2015-02-05T11:00:00Z,2015-02-05T12:00:00+0100,,,,,,,,,,,,,,,,,,,,,,,,,,,,,,,,,,,,,,,,,97.465,99.056,39.882,,,,19.124,62.854,,,,,,,,,,,,,,,,,,,,,
2015-02-05T12:00:00Z,2015-02-05T13:00:00+0100,,,,,,,,,,,,,,,,,,,,,,,,,,,,,,,,,,,,,,,,,97.537,99.058,39.927,,,,19.130,62.854,,,,,,,,,,,,,,,,,,,,,
2015-02-05T13:00:00Z,2015-02-05T14:00:00+0100,,,,,,,,,,,,,,,,,,,,,,,,,,,,,,,,,,,,,,,,,97.615,99.061,39.930,,,,19.146,62.854,,,,,,,,,,,,,,,,,,,,,
2015-02-05T14:00:00Z,2015-02-05T15:00:00+0100,,,,,,,,,,,,,,,,,,,,,,,,,,,,,,,,,,,,,,,,,97.693,99.063,39.976,,,,19.169,62.854,,,,,,,,,,,,,,,,,,,,,
2015-02-05T15:00:00Z,2015-02-05T16:00:00+0100,,,,,,,,,,,,,,,,,,,,,,,,,,,,,,,,,,,,,,,,,97.769,99.066,39.992,,,,19.169,62.854,,,,,,,,,,,,,,,,,,,,,
2015-02-05T16:00:00Z,2015-02-05T17:00:00+0100,,,,,,,,,,,,,,,,,,,,,,,,,,,,,,,,,,,,,,,,,97.840,99.068,40.025,,,,19.191,62.854,,,,,,,,,,,,,,,,,,,,,
2015-02-05T17:00:00Z,2015-02-05T18:00:00+0100,,,,,,,,,,,,,,,,,,,,,,,,,,,,,,,,,,,,,,,,,97.910,99.071,40.072,,,,19.209,62.854,,,,,,,,,,,,,,,,,,,,,
2015-02-05T18:00:00Z,2015-02-05T19:00:00+0100,,,,,,,,,,,,,,,,,,,,,,,,,,,,,,,,,,,,,,,,,97.981,99.074,40.074,,,,19.228,62.854,,,,,,,,,,,,,,,,,,,,,
2015-02-05T19:00:00Z,2015-02-05T20:00:00+0100,,,,,,,,,,,,,,,,,,,,,,,,,,,,,,,,,,,,,,,,,98.053,99.076,40.121,,,,19.245,62.854,,,,,,,,,,,,,,,,,,,,,
2015-02-05T20:00:00Z,2015-02-05T21:00:00+0100,,,,,,,,,,,,,,,,,,,,,,,,,,,,,,,,,,,,,,,,,98.124,99.078,40.136,,,,19.267,62.854,,,,,,,,,,,,,,,,,,,,,
2015-02-05T21:00:00Z,2015-02-05T22:00:00+0100,,,,,,,,,,,,,,,,,,,,,,,,,,,,,,,,,,,,,,,,,98.196,99.081,40.170,,,,19.276,62.854,,,,,,,,,,,,,,,,,,,,,
2015-02-05T22:00:00Z,2015-02-05T23:00:00+0100,,,,,,,,,,,,,,,,,,,,,,,,,,,,,,,,,,,,,,,,,98.268,99.884,40.217,,,,19.291,62.854,,,,,,,,,,,,,,,,,,,,,
2015-02-05T23:00:00Z,2015-02-06T00:00:00+0100,,,,,,,,,,,,,,,,,,,,,,,,,,,,,,,,,,,,,,,,,98.338,100.492,40.219,,,,19.313,62.854,,,,,,,,,,,,,,,,,,,,,
2015-02-06T00:00:00Z,2015-02-06T01:00:00+0100,,,,,,,,,,,,,,,,,,,,,,,,,,,,,,,,,,,,,,,,,98.412,100.497,40.267,,,,19.314,62.854,,,,,,,,,,,,,,,,,,,,,
2015-02-06T01:00:00Z,2015-02-06T02:00:00+0100,,,,,,,,,,,,,,,,,,,,,,,,,,,,,,,,,,,,,,,,,98.482,100.500,40.279,,,,19.337,62.854,,,,,,,,,,,,,,,,,,,,,
2015-02-06T02:00:00Z,2015-02-06T03:00:00+0100,,,,,,,,,,,,,,,,,,,,,,,,,,,,,,,,,,,,,,,,,98.557,100.503,40.317,,,,19.359,62.854,,,,,,,,,,,,,,,,,,,,,
2015-02-06T03:00:00Z,2015-02-06T04:00:00+0100,,,,,,,,,,,,,,,,,,,,,,,,,,,,,,,,,,,,,,,,,98.627,100.506,40.358,,,,19.360,62.854,,,,,,,,,,,,,,,,,,,,,
2015-02-06T04:00:00Z,2015-02-06T05:00:00+0100,,,,,,,,,,,,,,,,,,,,,,,,,,,,,,,,,,,,,,,,,98.700,100.508,40.367,,,,19.383,62.854,,,,,,,,,,,,,,,,,,,,,
2015-02-06T05:00:00Z,2015-02-06T06:00:00+0100,,,,,,,,,,,,,,,,,,,,,,,,,,,,,,,,,,,,,,,,,98.771,100.511,40.415,,,,19.398,62.854,,,,,,,,,,,,,,,,,,,,,
2015-02-06T06:00:00Z,2015-02-06T07:00:00+0100,,,,,,,,,,,,,,,,,,,,,,,,,,,,,,,,,,,,,,,,,98.843,100.513,40.417,,,,19.412,63.411,,,,,,,,,,,,,,,,,,,,,
2015-02-06T07:00:00Z,2015-02-06T08:00:00+0100,,,,,,,,,,,,,,,,,,,,,,,,,,,,,,,,,,,,,,,,,98.914,100.516,40.464,,,,19.435,63.821,,,,,,,,,,,,,,,,,,,,,
2015-02-06T08:00:00Z,2015-02-06T09:00:00+0100,,,,,,,,,,,,,,,,,,,,,,,,,,,,,,,,,,,,,,,,,98.984,100.518,40.490,,,,19.435,63.917,,,,,,,,,,,,,,,,,,,,,
2015-02-06T09:00:00Z,2015-02-06T10:00:00+0100,,,,,,,,,,,,,,,,,,,,,,,,,,,,,,,,,,,,,,,,,99.054,100.520,40.514,,,,19.458,63.956,,,,,,,,,,,,,,,,,,,,,
2015-02-06T10:00:00Z,2015-02-06T11:00:00+0100,,,,,,,,,,,,,,,,,,,,,,,,,,,,,,,,,,,,,,,,,99.124,100.523,40.561,,,,19.481,63.956,,,,,,,,,,,,,,,,,,,,,
2015-02-06T11:00:00Z,2015-02-06T12:00:00+0100,,,,,,,,,,,,,,,,,,,,,,,,,,,,,,,,,,,,,,,,,99.194,100.526,40.563,,,,19.483,63.956,,,,,,,,,,,,,,,,,,,,,
2015-02-06T12:00:00Z,2015-02-06T13:00:00+0100,,,,,,,,,,,,,,,,,,,,,,,,,,,,,,,,,,,,,,,,,99.264,100.529,40.607,,,,19.506,64.263,,,,,,,,,,,,,,,,,,,,,
2015-02-06T13:00:00Z,2015-02-06T14:00:00+0100,,,,,,,,,,,,,,,,,,,,,,,,,,,,,,,,,,,,,,,,,99.340,100.531,40.651,,,,19.528,64.263,,,,,,,,,,,,,,,,,,,,,
2015-02-06T14:00:00Z,2015-02-06T15:00:00+0100,,,,,,,,,,,,,,,,,,,,,,,,,,,,,,,,,,,,,,,,,99.417,100.533,40.653,,,,19.530,64.263,,,,,,,,,,,,,,,,,,,,,
2015-02-06T15:00:00Z,2015-02-06T16:00:00+0100,,,,,,,,,,,,,,,,,,,,,,,,,,,,,,,,,,,,,,,,,99.495,100.536,40.697,,,,19.552,64.263,,,,,,,,,,,,,,,,,,,,,
2015-02-06T16:00:00Z,2015-02-06T17:00:00+0100,,,,,,,,,,,,,,,,,,,,,,,,,,,,,,,,,,,,,,,,,99.565,100.538,40.737,,,,19.564,64.263,,,,,,,,,,,,,,,,,,,,,
2015-02-06T17:00:00Z,2015-02-06T18:00:00+0100,,,,,,,,,,,,,,,,,,,,,,,,,,,,,,,,,,,,,,,,,99.635,100.541,40.742,,,,19.575,64.263,,,,,,,,,,,,,,,,,,,,,
2015-02-06T18:00:00Z,2015-02-06T19:00:00+0100,,,,,,,,,,,,,,,,,,,,,,,,,,,,,,,,,,,,,,,,,99.706,100.544,40.786,,,,19.606,64.263,,,,,,,,,,,,,,,,,,,,,
2015-02-06T19:00:00Z,2015-02-06T20:00:00+0100,,,,,,,,,,,,,,,,,,,,,,,,,,,,,,,,,,,,,,,,,99.777,100.546,40.815,,,,19.608,64.263,,,,,,,,,,,,,,,,,,,,,
2015-02-06T20:00:00Z,2015-02-06T21:00:00+0100,,,,,,,,,,,,,,,,,,,,,,,,,,,,,,,,,,,,,,,,,99.850,101.372,40.831,,,,19.635,64.264,,,,,,,,,,,,,,,,,,,,,
2015-02-06T21:00:00Z,2015-02-06T22:00:00+0100,,,,,,,,,,,,,,,,,,,,,,,,,,,,,,,,,,,,,,,,,99.925,101.990,40.875,,,,19.656,65.309,,,,,,,,,,,,,,,,,,,,,
2015-02-06T22:00:00Z,2015-02-06T23:00:00+0100,,,,,,,,,,,,,,,,,,,,,,,,,,,,,,,,,,,,,,,,,99.997,101.992,40.890,,,,19.661,65.648,,,,,,,,,,,,,,,,,,,,,
2015-02-06T23:00:00Z,2015-02-07T00:00:00+0100,,,,,,,,,,,,,,,,,,,,,,,,,,,,,,,,,,,,,,,,,100.065,101.994,40.921,,,,19.679,66.147,,,,,,,,,,,,,,,,,,,,,
2015-02-07T00:00:00Z,2015-02-07T01:00:00+0100,,,,,,,,,,,,,,,,,,,,,,,,,,,,,,,,,,,,,,,,,100.140,101.997,40.965,,,,19.703,66.166,,,,,,,,,,,,,,,,,,,,,
2015-02-07T01:00:00Z,2015-02-07T02:00:00+0100,,,,,,,,,,,,,,,,,,,,,,,,,,,,,,,,,,,,,,,,,100.210,102.000,40.967,,,,19.709,66.181,,,,,,,,,,,,,,,,,,,,,
2015-02-07T02:00:00Z,2015-02-07T03:00:00+0100,,,,,,,,,,,,,,,,,,,,,,,,,,,,,,,,,,,,,,,,,100.286,102.002,41.011,,,,19.726,66.181,,,,,,,,,,,,,,,,,,,,,
2015-02-07T03:00:00Z,2015-02-07T04:00:00+0100,,,,,,,,,,,,,,,,,,,,,,,,,,,,,,,,,,,,,,,,,100.358,102.005,41.054,,,,19.748,66.181,,,,,,,,,,,,,,,,,,,,,
2015-02-07T04:00:00Z,2015-02-07T05:00:00+0100,,,,,,,,,,,,,,,,,,,,,,,,,,,,,,,,,,,,,,,,,100.432,102.007,41.057,,,,19.748,66.181,,,,,,,,,,,,,,,,,,,,,
2015-02-07T05:00:00Z,2015-02-07T06:00:00+0100,,,,,,,,,,,,,,,,,,,,,,,,,,,,,,,,,,,,,,,,,100.505,102.010,41.100,,,,19.769,66.181,,,,,,,,,,,,,,,,,,,,,
2015-02-07T06:00:00Z,2015-02-07T07:00:00+0100,,,,,,,,,,,,,,,,,,,,,,,,,,,,,,,,,,,,,,,,,100.577,102.012,41.133,,,,19.782,66.181,,,,,,,,,,,,,,,,,,,,,
2015-02-07T07:00:00Z,2015-02-07T08:00:00+0100,,,,,,,,,,,,,,,,,,,,,,,,,,,,,,,,,,,,,,,,,100.649,102.015,41.146,,,,19.793,66.182,,,,,,,,,,,,,,,,,,,,,
2015-02-07T08:00:00Z,2015-02-07T09:00:00+0100,,,,,,,,,,,,,,,,,,,,,,,,,,,,,,,,,,,,,,,,,100.722,102.018,41.190,,,,19.814,66.182,,,,,,,,,,,,,,,,,,,,,
2015-02-07T09:00:00Z,2015-02-07T10:00:00+0100,,,,,,,,,,,,,,,,,,,,,,,,,,,,,,,,,,,,,,,,,100.796,102.020,41.210,,,,19.826,66.182,,,,,,,,,,,,,,,,,,,,,
2015-02-07T10:00:00Z,2015-02-07T11:00:00+0100,,,,,,,,,,,,,,,,,,,,,,,,,,,,,,,,,,,,,,,,,100.870,102.023,41.236,,,,19.837,66.182,,,,,,,,,,,,,,,,,,,,,DE_KN_residential3_washing_machine
2015-02-07T11:00:00Z,2015-02-07T12:00:00+0100,,,,,,,,,,,,,,,,,,,,,,,,,,,,,,,,,,,,,,,,,100.961,102.025,41.278,,,,19.859,66.182,,,,,,,,,,,,,,,,,,,,,
2015-02-07T12:00:00Z,2015-02-07T13:00:00+0100,,,,,,,,,,,,,,,,,,,,,,,,,,,,,,,,,,,,,,,,,101.085,102.028,41.285,,,,19.859,66.182,,,,,,,,,,,,,,,,,,,,,
2015-02-07T13:00:00Z,2015-02-07T14:00:00+0100,,,,,,,,,,,,,,,,,,,,,,,,,,,,,,,,,,,,,,,,,101.212,102.030,41.323,,,,19.882,66.182,,,,,,,,,,,,,,,,,,,,,
2015-02-07T14:00:00Z,2015-02-07T15:00:00+0100,,,,,,,,,,,,,,,,,,,,,,,,,,,,,,,,,,,,,,,,,101.331,102.034,41.367,,,,19.900,66.182,,,,,,,,,,,,,,,,,,,,,DE_KN_residential3_circulation_pump | DE_KN_residential3_washing_machine | DE_KN_residential3_dishwasher
2015-02-07T15:00:00Z,2015-02-07T16:00:00+0100,,,,,,,,,,,,,,,,,,,,,,,,,,,,,,,,,,,,,,,,,101.429,102.036,41.369,,,,19.905,66.182,,,,,,,,,,,,,,,,,,,,,
2015-02-07T16:00:00Z,2015-02-07T17:00:00+0100,,,,,,,,,,,,,,,,,,,,,,,,,,,,,,,,,,,,,,,,,101.499,102.038,41.412,,,,19.927,66.182,,,,,,,,,,,,,,,,,,,,,
2015-02-07T17:00:00Z,2015-02-07T18:00:00+0100,,,,,,,,,,,,,,,,,,,,,,,,,,,,,,,,,,,,,,,,,101.568,102.042,41.455,,,,19.949,66.182,,,,,,,,,,,,,,,,,,,,,
2015-02-07T18:00:00Z,2015-02-07T19:00:00+0100,,,,,,,,,,,,,,,,,,,,,,,,,,,,,,,,,,,,,,,,,101.641,103.012,41.457,,,,19.956,66.705,,,,,,,,,,,,,,,,,,,,,
2015-02-07T19:00:00Z,2015-02-07T20:00:00+0100,,,,,,,,,,,,,,,,,,,,,,,,,,,,,,,,,,,,,,,,,101.715,103.271,41.501,,,,19.979,67.144,,,,,,,,,,,,,,,,,,,,,
2015-02-07T20:00:00Z,2015-02-07T21:00:00+0100,,,,,,,,,,,,,,,,,,,,,,,,,,,,,,,,,,,,,,,,,101.787,103.273,41.531,,,,19.981,67.232,,,,,,,,,,,,,,,,,,,,,
2015-02-07T21:00:00Z,2015-02-07T22:00:00+0100,,,,,,,,,,,,,,,,,,,,,,,,,,,,,,,,,,,,,,,,,101.861,103.276,41.546,,,,20.001,67.913,,,,,,,,,,,,,,,,,,,,,
2015-02-07T22:00:00Z,2015-02-07T23:00:00+0100,,,,,,,,,,,,,,,,,,,,,,,,,,,,,,,,,,,,,,,,,101.932,103.278,41.588,,,,20.025,68.459,,,,,,,,,,,,,,,,,,,,,
2015-02-07T23:00:00Z,2015-02-08T00:00:00+0100,,,,,,,,,,,,,,,,,,,,,,,,,,,,,,,,,,,,,,,,,102.002,103.281,41.628,,,,20.034,69.447,,,,,,,,,,,,,,,,,,,,,
2015-02-08T00:00:00Z,2015-02-08T01:00:00+0100,,,,,,,,,,,,,,,,,,,,,,,,,,,,,,,,,,,,,,,,,102.078,103.283,41.656,,,,20.049,69.771,,,,,,,,,,,,,,,,,,,,,
2015-02-08T01:00:00Z,2015-02-08T02:00:00+0100,,,,,,,,,,,,,,,,,,,,,,,,,,,,,,,,,,,,,,,,,102.149,103.285,41.675,,,,20.071,69.786,,,,,,,,,,,,,,,,,,,,,
2015-02-08T02:00:00Z,2015-02-08T03:00:00+0100,,,,,,,,,,,,,,,,,,,,,,,,,,,,,,,,,,,,,,,,,102.226,103.288,41.719,,,,20.072,69.796,,,,,,,,,,,,,,,,,,,,,
2015-02-08T03:00:00Z,2015-02-08T04:00:00+0100,,,,,,,,,,,,,,,,,,,,,,,,,,,,,,,,,,,,,,,,,102.297,103.291,41.748,,,,20.094,69.796,,,,,,,,,,,,,,,,,,,,,
2015-02-08T04:00:00Z,2015-02-08T05:00:00+0100,,,,,,,,,,,,,,,,,,,,,,,,,,,,,,,,,,,,,,,,,102.372,103.294,41.765,,,,20.109,69.796,,,,,,,,,,,,,,,,,,,,,
2015-02-08T05:00:00Z,2015-02-08T06:00:00+0100,,,,,,,,,,,,,,,,,,,,,,,,,,,,,,,,,,,,,,,,,102.445,103.296,41.808,,,,20.117,69.796,,,,,,,,,,,,,,,,,,,,,
2015-02-08T06:00:00Z,2015-02-08T07:00:00+0100,,,,,,,,,,,,,,,,,,,,,,,,,,,,,,,,,,,,,,,,,102.518,103.299,41.827,,,,20.139,69.796,,,,,,,,,,,,,,,,,,,,,
2015-02-08T07:00:00Z,2015-02-08T08:00:00+0100,,,,,,,,,,,,,,,,,,,,,,,,,,,,,,,,,,,,,,,,,102.590,103.301,41.854,,,,20.149,69.812,,,,,,,,,,,,,,,,,,,,,
2015-02-08T08:00:00Z,2015-02-08T09:00:00+0100,,,,,,,,,,,,,,,,,,,,,,,,,,,,,,,,,,,,,,,,,102.662,103.304,41.897,,,,20.177,70.016,,,,,,,,,,,,,,,,,,,,,
2015-02-08T09:00:00Z,2015-02-08T10:00:00+0100,,,,,,,,,,,,,,,,,,,,,,,,,,,,,,,,,,,,,,,,,102.736,103.307,41.899,,,,20.195,70.188,,,,,,,,,,,,,,,,,,,,,
2015-02-08T10:00:00Z,2015-02-08T11:00:00+0100,,,,,,,,,,,,,,,,,,,,,,,,,,,,,,,,,,,,,,,,,102.808,103.309,41.943,,,,20.203,70.273,,,,,,,,,,,,,,,,,,,,,
2015-02-08T11:00:00Z,2015-02-08T12:00:00+0100,,,,,,,,,,,,,,,,,,,,,,,,,,,,,,,,,,,,,,,,,102.880,103.312,41.985,,,,20.230,70.273,,,,,,,,,,,,,,,,,,,,,
2015-02-08T12:00:00Z,2015-02-08T13:00:00+0100,,,,,,,,,,,,,,,,,,,,,,,,,,,,,,,,,,,,,,,,,102.992,103.314,41.987,,,,20.245,70.273,,,,,,,,,,,,,,,,,,,,,
2015-02-08T13:00:00Z,2015-02-08T14:00:00+0100,,,,,,,,,,,,,,,,,,,,,,,,,,,,,,,,,,,,,,,,,103.110,103.317,42.032,,,,20.261,70.273,,,,,,,,,,,,,,,,,,,,,
2015-02-08T14:00:00Z,2015-02-08T15:00:00+0100,,,,,,,,,,,,,,,,,,,,,,,,,,,,,,,,,,,,,,,,,103.194,103.319,42.061,,,,20.283,70.273,,,,,,,,,,,,,,,,,,,,,
2015-02-08T15:00:00Z,2015-02-08T16:00:00+0100,,,,,,,,,,,,,,,,,,,,,,,,,,,,,,,,,,,,,,,,,103.272,103.322,42.078,,,,20.297,70.273,,,,,,,,,,,,,,,,,,,,,
2015-02-08T16:00:00Z,2015-02-08T17:00:00+0100,,,,,,,,,,,,,,,,,,,,,,,,,,,,,,,,,,,,,,,,,103.343,103.325,42.122,,,,20.307,70.273,,,,,,,,,,,,,,,,,,,,,
2015-02-08T17:00:00Z,2015-02-08T18:00:00+0100,,,,,,,,,,,,,,,,,,,,,,,,,,,,,,,,,,,,,,,,,103.413,103.327,42.133,,,,20.332,70.273,,,,,,,,,,,,,,,,,,,,,
2015-02-08T18:00:00Z,2015-02-08T19:00:00+0100,,,,,,,,,,,,,,,,,,,,,,,,,,,,,,,,,,,,,,,,,103.484,103.330,42.166,,,,20.349,70.273,,,,,,,,,,,,,,,,,,,,,
2015-02-08T19:00:00Z,2015-02-08T20:00:00+0100,,,,,,,,,,,,,,,,,,,,,,,,,,,,,,,,,,,,,,,,,103.557,104.226,42.209,,,,20.357,70.273,,,,,,,,,,,,,,,,,,,,,
2015-02-08T20:00:00Z,2015-02-08T21:00:00+0100,,,,,,,,,,,,,,,,,,,,,,,,,,,,,,,,,,,,,,,,,103.630,104.704,42.211,,,,20.381,70.273,,,,,,,,,,,,,,,,,,,,,
2015-02-08T21:00:00Z,2015-02-08T22:00:00+0100,,,,,,,,,,,,,,,,,,,,,,,,,,,,,,,,,,,,,,,,,103.703,104.706,42.255,,,,20.396,70.273,,,,,,,,,,,,,,,,,,,,,
2015-02-08T22:00:00Z,2015-02-08T23:00:00+0100,,,,,,,,,,,,,,,,,,,,,,,,,,,,,,,,,,,,,,,,,103.773,104.709,42.298,,,,20.405,70.273,,,,,,,,,,,,,,,,,,,,,
2015-02-08T23:00:00Z,2015-02-09T00:00:00+0100,,,,,,,,,,,,,,,,,,,,,,,,,,,,,,,,,,,,,,,,,103.842,104.711,42.301,,,,20.428,70.274,,,,,,,,,,,,,,,,,,,,,
2015-02-09T00:00:00Z,2015-02-09T01:00:00+0100,,,,,,,,,,,,,,,,,,,,,,,,,,,,,,,,,,,,,,,,,103.916,104.714,42.344,,,,20.435,70.274,,,,,,,,,,,,,,,,,,,,,
2015-02-09T01:00:00Z,2015-02-09T02:00:00+0100,,,,,,,,,,,,,,,,,,,,,,,,,,,,,,,,,,,,,,,,,103.987,104.717,42.374,,,,20.450,70.274,,,,,,,,,,,,,,,,,,,,,
2015-02-09T02:00:00Z,2015-02-09T03:00:00+0100,,,,,,,,,,,,,,,,,,,,,,,,,,,,,,,,,,,,,,,,,104.062,104.719,42.390,,,,20.473,70.274,,,,,,,,,,,,,,,,,,,,,
2015-02-09T03:00:00Z,2015-02-09T04:00:00+0100,,,,,,,,,,,,,,,,,,,,,,,,,,,,,,,,,,,,,,,,,104.132,104.721,42.433,,,,20.473,70.274,,,,,,,,,,,,,,,,,,,,,
2015-02-09T04:00:00Z,2015-02-09T05:00:00+0100,,,,,,,,,,,,,,,,,,,,,,,,,,,,,,,,,,,,,,,,,104.206,104.724,42.449,,,,20.496,70.274,,,,,,,,,,,,,,,,,,,,,
2015-02-09T05:00:00Z,2015-02-09T06:00:00+0100,,,,,,,,,,,,,,,,,,,,,,,,,,,,,,,,,,,,,,,,,104.277,104.726,42.479,,,,20.512,70.274,,,,,,,,,,,,,,,,,,,,,
2015-02-09T06:00:00Z,2015-02-09T07:00:00+0100,,,,,,,,,,,,,,,,,,,,,,,,,,,,,,,,,,,,,,,,,104.348,104.729,42.519,,,,20.520,70.274,,,,,,,,,,,,,,,,,,,,,
2015-02-09T07:00:00Z,2015-02-09T08:00:00+0100,,,,,,,,,,,,,,,,,,,,,,,,,,,,,,,,,,,,,,,,,104.418,104.732,42.539,,,,20.543,70.274,,,,,,,,,,,,,,,,,,,,,
2015-02-09T08:00:00Z,2015-02-09T09:00:00+0100,,,,,,,,,,,,,,,,,,,,,,,,,,,,,,,,,,,,,,,,,104.489,104.734,42.562,,,,20.561,70.274,,,,,,,,,,,,,,,,,,,,,
2015-02-09T09:00:00Z,2015-02-09T10:00:00+0100,,,,,,,,,,,,,,,,,,,,,,,,,,,,,,,,,,,,,,,,,104.561,104.737,42.603,,,,20.565,70.274,,,,,,,,,,,,,,,,,,,,,
2015-02-09T10:00:00Z,2015-02-09T11:00:00+0100,,,,,,,,,,,,,,,,,,,,,,,,,,,,,,,,,,,,,,,,,104.633,104.739,42.622,,,,20.587,70.274,,,,,,,,,,,,,,,,,,,,,
2015-02-09T11:00:00Z,2015-02-09T12:00:00+0100,,,,,,,,,,,,,,,,,,,,,,,,,,,,,,,,,,,,,,,,,104.703,104.742,42.646,,,,20.604,70.274,,,,,,,,,,,,,,,,,,,,,
2015-02-09T12:00:00Z,2015-02-09T13:00:00+0100,,,,,,,,,,,,,,,,,,,,,,,,,,,,,,,,,,,,,,,,,104.775,104.744,42.688,,,,20.610,70.274,,,,,,,,,,,,,,,,,,,,,
2015-02-09T13:00:00Z,2015-02-09T14:00:00+0100,,,,,,,,,,,,,,,,,,,,,,,,,,,,,,,,,,,,,,,,,104.851,105.143,42.707,,,,20.635,70.274,,,,,,,,,,,,,,,,,,,,,
2015-02-09T14:00:00Z,2015-02-09T15:00:00+0100,,,,,,,,,,,,,,,,,,,,,,,,,,,,,,,,,,,,,,,,,104.932,106.116,42.731,,,,20.658,70.274,,,,,,,,,,,,,,,,,,,,,
2015-02-09T15:00:00Z,2015-02-09T16:00:00+0100,,,,,,,,,,,,,,,,,,,,,,,,,,,,,,,,,,,,,,,,,105.008,106.119,42.772,,,,20.672,70.274,,,,,,,,,,,,,,,,,,,,,
2015-02-09T16:00:00Z,2015-02-09T17:00:00+0100,,,,,,,,,,,,,,,,,,,,,,,,,,,,,,,,,,,,,,,,,105.080,106.121,42.790,,,,20.682,70.274,,,,,,,,,,,,,,,,,,,,,
2015-02-09T17:00:00Z,2015-02-09T18:00:00+0100,,,,,,,,,,,,,,,,,,,,,,,,,,,,,,,,,,,,,,,,,105.148,106.124,42.815,,,,20.718,70.274,,,,,,,,,,,,,,,,,,,,,
2015-02-09T18:00:00Z,2015-02-09T19:00:00+0100,,,,,,,,,,,,,,,,,,,,,,,,,,,,,,,,,,,,,,,,,105.220,106.126,42.856,,,,20.727,70.274,,,,,,,,,,,,,,,,,,,,,
2015-02-09T19:00:00Z,2015-02-09T20:00:00+0100,,,,,,,,,,,,,,,,,,,,,,,,,,,,,,,,,,,,,,,,,105.292,106.129,42.874,,,,20.746,70.274,,,,,,,,,,,,,,,,,,,,,
2015-02-09T20:00:00Z,2015-02-09T21:00:00+0100,,,,,,,,,,,,,,,,,,,,,,,,,,,,,,,,,,,,,,,,,105.363,106.132,42.900,,,,20.771,70.274,,,,,,,,,,,,,,,,,,,,,
2015-02-09T21:00:00Z,2015-02-09T22:00:00+0100,,,,,,,,,,,,,,,,,,,,,,,,,,,,,,,,,,,,,,,,,105.440,106.948,42.941,,,,20.773,70.274,,,,,,,,,,,,,,,,,,,,,
2015-02-09T22:00:00Z,2015-02-09T23:00:00+0100,,,,,,,,,,,,,,,,,,,,,,,,,,,,,,,,,,,,,,,,,105.512,107.541,42.953,,,,20.805,70.643,,,,,,,,,,,,,,,,,,,,,
2015-02-09T23:00:00Z,2015-02-10T00:00:00+0100,,,,,,,,,,,,,,,,,,,,,,,,,,,,,,,,,,,,,,,,,105.581,107.543,42.984,,,,20.834,70.997,,,,,,,,,,,,,,,,,,,,,
2015-02-10T00:00:00Z,2015-02-10T01:00:00+0100,,,,,,,,,,,,,,,,,,,,,,,,,,,,,,,,,,,,,,,,,105.654,107.546,43.026,,,,20.861,71.059,,,,,,,,,,,,,,,,,,,,,
2015-02-10T01:00:00Z,2015-02-10T02:00:00+0100,,,,,,,,,,,,,,,,,,,,,,,,,,,,,,,,,,,,,,,,,105.724,107.548,43.044,,,,20.882,71.142,,,,,,,,,,,,,,,,,,,,,
2015-02-10T02:00:00Z,2015-02-10T03:00:00+0100,,,,,,,,,,,,,,,,,,,,,,,,,,,,,,,,,,,,,,,,,105.799,107.551,43.069,,,,20.892,71.142,,,,,,,,,,,,,,,,,,,,,
2015-02-10T03:00:00Z,2015-02-10T04:00:00+0100,,,,,,,,,,,,,,,,,,,,,,,,,,,,,,,,,,,,,,,,,105.869,107.553,43.110,,,,20.911,71.142,,,,,,,,,,,,,,,,,,,,,
2015-02-10T04:00:00Z,2015-02-10T05:00:00+0100,,,,,,,,,,,,,,,,,,,,,,,,,,,,,,,,,,,,,,,,,105.941,107.556,43.131,,,,20.936,71.142,,,,,,,,,,,,,,,,,,,,,
2015-02-10T05:00:00Z,2015-02-10T06:00:00+0100,,,,,,,,,,,,,,,,,,,,,,,,,,,,,,,,,,,,,,,,,106.013,107.559,43.154,,,,20.954,71.142,,,,,,,,,,,,,,,,,,,,,
2015-02-10T06:00:00Z,2015-02-10T07:00:00+0100,,,,,,,,,,,,,,,,,,,,,,,,,,,,,,,,,,,,,,,,,106.085,107.561,43.195,,,,20.965,71.142,,,,,,,,,,,,,,,,,,,,,
2015-02-10T07:00:00Z,2015-02-10T08:00:00+0100,,,,,,,,,,,,,,,,,,,,,,,,,,,,,,,,,,,,,,,,,106.157,107.564,43.215,,,,20.989,71.142,,,,,,,,,,,,,,,,,,,,,
2015-02-10T08:00:00Z,2015-02-10T09:00:00+0100,,,,,,,,,,,,,,,,,,,,,,,,,,,,,,,,,,,,,,,,,106.235,107.566,43.238,,,,21.012,71.201,,,,,,,,,,,,,,,,,,,,,
2015-02-10T09:00:00Z,2015-02-10T10:00:00+0100,,,,,,,,,,,,,,,,,,,,,,,,,,,,,,,,,,,,,,,,,106.360,107.569,43.279,,,,21.015,72.595,,,,,,,,,,,,,,,,,,,,,
2015-02-10T10:00:00Z,2015-02-10T11:00:00+0100,,,,,,,,,,,,,,,,,,,,,,,,,,,,,,,,,,,,,,,,,106.484,107.571,43.300,,,,21.036,72.767,,,,,,,,,,,,,,,,,,,,,
2015-02-10T11:00:00Z,2015-02-10T12:00:00+0100,,,,,,,,,,,,,,,,,,,,,,,,,,,,,,,,,,,,,,,,,106.605,107.574,43.323,,,,21.061,72.792,,,,,,,,,,,,,,,,,,,,,
2015-02-10T12:00:00Z,2015-02-10T13:00:00+0100,,,,,,,,,,,,,,,,,,,,,,,,,,,,,,,,,,,,,,,,,106.719,107.577,43.363,,,,21.061,73.204,,,,,,,,,,,,,,,,,,,,,
2015-02-10T13:00:00Z,2015-02-10T14:00:00+0100,,,,,,,,,,,,,,,,,,,,,,,,,,,,,,,,,,,,,,,,,106.832,107.579,43.380,,,,21.084,73.288,,,,,,,,,,,,,,,,,,,,,
2015-02-10T14:00:00Z,2015-02-10T15:00:00+0100,,,,,,,,,,,,,,,,,,,,,,,,,,,,,,,,,,,,,,,,,106.942,107.582,43.407,,,,21.106,73.315,,,,,,,,,,,,,,,,,,,,,
2015-02-10T15:00:00Z,2015-02-10T16:00:00+0100,,,,,,,,,,,,,,,,,,,,,,,,,,,,,,,,,,,,,,,,,107.042,107.584,43.448,,,,21.106,73.551,,,,,,,,,,,,,,,,,,,,,
2015-02-10T16:00:00Z,2015-02-10T17:00:00+0100,,,,,,,,,,,,,,,,,,,,,,,,,,,,,,,,,,,,,,,,,107.112,107.587,43.461,,,,21.133,73.755,,,,,,,,,,,,,,,,,,,,,
2015-02-10T17:00:00Z,2015-02-10T18:00:00+0100,,,,,,,,,,,,,,,,,,,,,,,,,,,,,,,,,,,,,,,,,107.181,108.194,43.491,,,,21.161,73.803,,,,,,,,,,,,,,,,,,,,,
2015-02-10T18:00:00Z,2015-02-10T19:00:00+0100,,,,,,,,,,,,,,,,,,,,,,,,,,,,,,,,,,,,,,,,,107.253,109.058,43.533,,,,21.165,74.089,,,,,,,,,,,,,,,,,,,,,
2015-02-10T19:00:00Z,2015-02-10T20:00:00+0100,,,,,,,,,,,,,,,,,,,,,,,,,,,,,,,,,,,,,,,,,107.324,109.180,43.549,,,,21.192,74.431,,,,,,,,,,,,,,,,,,,,,DE_KN_residential3_circulation_pump | DE_KN_residential3_dishwasher
2015-02-10T20:00:00Z,2015-02-10T21:00:00+0100,,,,,,,,,,,,,,,,,,,,,,,,,,,,,,,,,,,,,,,,,107.393,109.184,43.576,,,,21.195,74.578,,,,,,,,,,,,,,,,,,,,,DE_KN_residential3_circulation_pump | DE_KN_residential3_dishwasher
2015-02-10T21:00:00Z,2015-02-10T22:00:00+0100,,,,,,,,,,,,,,,,,,,,,,,,,,,,,,,,,,,,,,,,,107.465,109.187,43.617,,,,21.216,74.632,,,,,,,,,,,,,,,,,,,,,DE_KN_residential3_circulation_pump | DE_KN_residential3_dishwasher
2015-02-10T22:00:00Z,2015-02-10T23:00:00+0100,,,,,,,,,,,,,,,,,,,,,,,,,,,,,,,,,,,,,,,,,107.534,109.190,43.639,,,,21.238,74.896,,,,,,,,,,,,,,,,,,,,,DE_KN_residential3_circulation_pump | DE_KN_residential3_dishwasher
2015-02-10T23:00:00Z,2015-02-11T00:00:00+0100,,,,,,,,,,,,,,,,,,,,,,,,,,,,,,,,,,,,,,,,,107.602,109.192,43.661,,,,21.240,74.897,,,,,,,,,,,,,,,,,,,,,DE_KN_residential3_circulation_pump | DE_KN_residential3_dishwasher
2015-02-11T00:00:00Z,2015-02-11T01:00:00+0100,,,,,,,,,,,,,,,,,,,,,,,,,,,,,,,,,,,,,,,,,107.676,109.195,43.702,,,,21.262,74.897,,,,,,,,,,,,,,,,,,,,,DE_KN_residential3_circulation_pump | DE_KN_residential3_dishwasher
2015-02-11T01:00:00Z,2015-02-11T02:00:00+0100,,,,,,,,,,,,,,,,,,,,,,,,,,,,,,,,,,,,,,,,,107.745,109.198,43.726,,,,21.275,74.897,,,,,,,,,,,,,,,,,,,,,DE_KN_residential3_circulation_pump | DE_KN_residential3_dishwasher
2015-02-11T02:00:00Z,2015-02-11T03:00:00+0100,,,,,,,,,,,,,,,,,,,,,,,,,,,,,,,,,,,,,,,,,107.819,109.200,43.746,,,,21.285,74.897,,,,,,,,,,,,,,,,,,,,,DE_KN_residential3_circulation_pump | DE_KN_residential3_dishwasher
2015-02-11T03:00:00Z,2015-02-11T04:00:00+0100,,,,,,,,,,,,,,,,,,,,,,,,,,,,,,,,,,,,,,,,,107.888,109.203,43.787,,,,21.307,74.897,,,,,,,,,,,,,,,,,,,,,DE_KN_residential3_circulation_pump | DE_KN_residential3_dishwasher
2015-02-11T04:00:00Z,2015-02-11T05:00:00+0100,,,,,,,,,,,,,,,,,,,,,,,,,,,,,,,,,,,,,,,,,107.961,109.206,43.812,,,,21.314,74.897,,,,,,,,,,,,,,,,,,,,,DE_KN_residential3_circulation_pump | DE_KN_residential3_dishwasher
2015-02-11T05:00:00Z,2015-02-11T06:00:00+0100,,,,,,,,,,,,,,,,,,,,,,,,,,,,,,,,,,,,,,,,,108.032,109.208,43.830,,,,21.330,74.897,,,,,,,,,,,,,,,,,,,,,DE_KN_residential3_circulation_pump | DE_KN_residential3_dishwasher
2015-02-11T06:00:00Z,2015-02-11T07:00:00+0100,,,,,,,,,,,,,,,,,,,,,,,,,,,,,,,,,,,,,,,,,108.106,109.211,43.871,,,,21.355,75.140,,,,,,,,,,,,,,,,,,,,,DE_KN_residential3_circulation_pump | DE_KN_residential3_dishwasher
2015-02-11T07:00:00Z,2015-02-11T08:00:00+0100,,,,,,,,,,,,,,,,,,,,,,,,,,,,,,,,,,,,,,,,,108.178,110.074,43.898,,,,21.371,75.190,,,,,,,,,,,,,,,,,,,,,DE_KN_residential3_circulation_pump | DE_KN_residential3_dishwasher
2015-02-11T08:00:00Z,2015-02-11T09:00:00+0100,,,,,,,,,,,,,,,,,,,,,,,,,,,,,,,,,,,,,,,,,108.249,110.541,43.914,,,,21.377,75.191,,,,,,,,,,,,,,,,,,,,,DE_KN_residential3_circulation_pump | DE_KN_residential3_dishwasher
2015-02-11T09:00:00Z,2015-02-11T10:00:00+0100,,,,,,,,,,,,,,,,,,,,,,,,,,,,,,,,,,,,,,,,,108.353,110.546,43.955,,,,21.398,75.333,,,,,,,,,,,,,,,,,,,,,DE_KN_residential3_circulation_pump | DE_KN_residential3_dishwasher
2015-02-11T10:00:00Z,2015-02-11T11:00:00+0100,,,,,,,,,,,,,,,,,,,,,,,,,,,,,,,,,,,,,,,,,108.475,110.551,43.984,,,,21.413,75.433,,,,,,,,,,,,,,,,,,,,,DE_KN_residential3_circulation_pump | DE_KN_residential3_dishwasher
2015-02-11T11:00:00Z,2015-02-11T12:00:00+0100,,,,,,,,,,,,,,,,,,,,,,,,,,,,,,,,,,,,,,,,,108.593,110.556,43.998,,,,21.434,75.707,,,,,,,,,,,,,,,,,,,,,DE_KN_residential3_circulation_pump | DE_KN_residential3_dishwasher
2015-02-11T12:00:00Z,2015-02-11T13:00:00+0100,,,,,,,,,,,,,,,,,,,,,,,,,,,,,,,,,,,,,,,,,108.713,110.560,44.043,,,,21.459,75.727,,,,,,,,,,,,,,,,,,,,,DE_KN_residential3_circulation_pump | DE_KN_residential3_dishwasher
2015-02-11T13:00:00Z,2015-02-11T14:00:00+0100,,,,,,,,,,,,,,,,,,,,,,,,,,,,,,,,,,,,,,,,,108.831,110.563,44.087,,,,21.479,76.004,,,,,,,,,,,,,,,,,,,,,DE_KN_residential3_circulation_pump | DE_KN_residential3_dishwasher
2015-02-11T14:00:00Z,2015-02-11T15:00:00+0100,,,,,,,,,,,,,,,,,,,,,,,,,,,,,,,,,,,,,,,,,108.928,110.565,44.123,,,,21.488,76.250,,,,,,,,,,,,,,,,,,,,,DE_KN_residential3_circulation_pump | DE_KN_residential3_dishwasher
2015-02-11T15:00:00Z,2015-02-11T16:00:00+0100,,,,,,,,,,,,,,,,,,,,,,,,,,,,,,,,,,,,,,,,,109.003,110.568,44.137,,,,21.501,76.258,,,,,,,,,,,,,,,,,,,,,DE_KN_residential3_circulation_pump | DE_KN_residential3_dishwasher
2015-02-11T16:00:00Z,2015-02-11T17:00:00+0100,,,,,,,,,,,,,,,,,,,,,,,,,,,,,,,,,,,,,,,,,109.072,110.571,44.179,,,,21.523,76.258,,,,,,,,,,,,,,,,,,,,,DE_KN_residential3_circulation_pump | DE_KN_residential3_dishwasher
2015-02-11T17:00:00Z,2015-02-11T18:00:00+0100,,,,,,,,,,,,,,,,,,,,,,,,,,,,,,,,,,,,,,,,,109.141,110.573,44.224,,,,21.534,76.258,,,,,,,,,,,,,,,,,,,,,DE_KN_residential3_circulation_pump | DE_KN_residential3_dishwasher
2015-02-11T18:00:00Z,2015-02-11T19:00:00+0100,,,,,,,,,,,,,,,,,,,,,,,,,,,,,,,,,,,,,,,,,109.213,111.622,44.256,,,,21.546,76.258,,,,,,,,,,,,,,,,,,,,,DE_KN_residential3_circulation_pump | DE_KN_residential3_dishwasher
2015-02-11T19:00:00Z,2015-02-11T20:00:00+0100,,,,,,,,,,,,,,,,,,,,,,,,,,,,,,,,,,,,,,,,,109.283,111.694,44.271,,,,21.568,76.258,,,,,,,,,,,,,,,,,,,,,DE_KN_residential3_circulation_pump | DE_KN_residential3_dishwasher
2015-02-11T20:00:00Z,2015-02-11T21:00:00+0100,,,,,,,,,,,,,,,,,,,,,,,,,,,,,,,,,,,,,,,,,109.353,111.696,44.313,,,,21.582,76.330,,,,,,,,,,,,,,,,,,,,,DE_KN_residential3_circulation_pump | DE_KN_residential3_dishwasher
2015-02-11T21:00:00Z,2015-02-11T22:00:00+0100,,,,,,,,,,,,,,,,,,,,,,,,,,,,,,,,,,,,,,,,,109.423,111.699,44.354,,,,21.592,76.540,,,,,,,,,,,,,,,,,,,,,DE_KN_residential3_circulation_pump | DE_KN_residential3_dishwasher
2015-02-11T22:00:00Z,2015-02-11T23:00:00+0100,,,,,,,,,,,,,,,,,,,,,,,,,,,,,,,,,,,,,,,,,109.494,111.701,44.356,,,,21.614,76.713,,,,,,,,,,,,,,,,,,,,,DE_KN_residential3_circulation_pump | DE_KN_residential3_dishwasher
2015-02-11T23:00:00Z,2015-02-12T00:00:00+0100,,,,,,,,,,,,,,,,,,,,,,,,,,,,,,,,,,,,,,,,,109.561,111.704,44.397,,,,21.631,77.689,,,,,,,,,,,,,,,,,,,,,DE_KN_residential3_circulation_pump | DE_KN_residential3_dishwasher
2015-02-12T00:00:00Z,2015-02-12T01:00:00+0100,,,,,,,,,,,,,,,,,,,,,,,,,,,,,,,,,,,,,,,,,109.635,111.707,44.439,,,,21.636,77.759,,,,,,,,,,,,,,,,,,,,,DE_KN_residential3_circulation_pump | DE_KN_residential3_dishwasher
2015-02-12T01:00:00Z,2015-02-12T02:00:00+0100,,,,,,,,,,,,,,,,,,,,,,,,,,,,,,,,,,,,,,,,,109.703,111.709,44.449,,,,21.657,77.761,,,,,,,,,,,,,,,,,,,,,DE_KN_residential3_circulation_pump | DE_KN_residential3_dishwasher
2015-02-12T02:00:00Z,2015-02-12T03:00:00+0100,,,,,,,,,,,,,,,,,,,,,,,,,,,,,,,,,,,,,,,,,109.777,111.712,44.482,,,,21.674,77.761,,,,,,,,,,,,,,,,,,,,,DE_KN_residential3_circulation_pump | DE_KN_residential3_dishwasher
2015-02-12T03:00:00Z,2015-02-12T04:00:00+0100,,,,,,,,,,,,,,,,,,,,,,,,,,,,,,,,,,,,,,,,,109.845,111.714,44.523,,,,21.679,77.761,,,,,,,,,,,,,,,,,,,,,DE_KN_residential3_circulation_pump | DE_KN_residential3_dishwasher
2015-02-12T04:00:00Z,2015-02-12T05:00:00+0100,,,,,,,,,,,,,,,,,,,,,,,,,,,,,,,,,,,,,,,,,109.917,111.717,44.537,,,,21.702,77.761,,,,,,,,,,,,,,,,,,,,,DE_KN_residential3_circulation_pump | DE_KN_residential3_dishwasher
2015-02-12T05:00:00Z,2015-02-12T06:00:00+0100,,,,,,,,,,,,,,,,,,,,,,,,,,,,,,,,,,,,,,,,,109.988,111.720,44.566,,,,21.713,78.918,,,,,,,,,,,,,,,,,,,,,DE_KN_residential3_circulation_pump | DE_KN_residential3_dishwasher
2015-02-12T06:00:00Z,2015-02-12T07:00:00+0100,,,,,,,,,,,,,,,,,,,,,,,,,,,,,,,,,,,,,,,,,110.057,111.722,44.607,,,,21.724,79.148,,,,,,,,,,,,,,,,,,,,,DE_KN_residential3_circulation_pump | DE_KN_residential3_dishwasher
2015-02-12T07:00:00Z,2015-02-12T08:00:00+0100,,,,,,,,,,,,,,,,,,,,,,,,,,,,,,,,,,,,,,,,,110.130,112.329,44.623,,,,21.745,79.189,,,,,,,,,,,,,,,,,,,,,DE_KN_residential3_circulation_pump | DE_KN_residential3_dishwasher
2015-02-12T08:00:00Z,2015-02-12T09:00:00+0100,,,,,,,,,,,,,,,,,,,,,,,,,,,,,,,,,,,,,,,,,110.201,112.850,44.650,,,,21.761,80.240,,,,,,,,,,,,,,,,,,,,,DE_KN_residential3_circulation_pump | DE_KN_residential3_dishwasher
2015-02-12T09:00:00Z,2015-02-12T10:00:00+0100,,,,,,,,,,,,,,,,,,,,,,,,,,,,,,,,,,,,,,,,,110.273,112.852,44.691,,,,21.768,80.661,,,,,,,,,,,,,,,,,,,,,DE_KN_residential3_circulation_pump | DE_KN_residential3_dishwasher
2015-02-12T10:00:00Z,2015-02-12T11:00:00+0100,,,,,,,,,,,,,,,,,,,,,,,,,,,,,,,,,,,,,,,,,110.344,112.854,44.708,,,,21.789,80.662,,,,,,,,,,,,,,,,,,,,,DE_KN_residential3_circulation_pump | DE_KN_residential3_dishwasher
2015-02-12T11:00:00Z,2015-02-12T12:00:00+0100,,,,,,,,,,,,,,,,,,,,,,,,,,,,,,,,,,,,,,,,,110.415,112.856,44.734,,,,21.802,80.662,,,,,,,,,,,,,,,,,,,,,DE_KN_residential3_circulation_pump | DE_KN_residential3_dishwasher
2015-02-12T12:00:00Z,2015-02-12T13:00:00+0100,,,,,,,,,,,,,,,,,,,,,,,,,,,,,,,,,,,,,,,,,110.486,112.859,44.774,,,,21.814,80.662,,,,,,,,,,,,,,,,,,,,,DE_KN_residential3_circulation_pump | DE_KN_residential3_dishwasher
2015-02-12T13:00:00Z,2015-02-12T14:00:00+0100,,,,,,,,,,,,,,,,,,,,,,,,,,,,,,,,,,,,,,,,,110.564,112.862,44.795,,,,21.840,80.662,,,,,,,,,,,,,,,,,,,,,DE_KN_residential3_circulation_pump | DE_KN_residential3_dishwasher
2015-02-12T14:00:00Z,2015-02-12T15:00:00+0100,,,,,,,,,,,,,,,,,,,,,,,,,,,,,,,,,,,,,,,,,110.642,112.864,44.817,,,,21.861,80.662,,,,,,,,,,,,,,,,,,,,,DE_KN_residential3_circulation_pump | DE_KN_residential3_dishwasher
2015-02-12T15:00:00Z,2015-02-12T16:00:00+0100,,,,,,,,,,,,,,,,,,,,,,,,,,,,,,,,,,,,,,,,,110.719,112.867,44.859,,,,21.863,80.662,,,,,,,,,,,,,,,,,,,,,DE_KN_residential3_circulation_pump | DE_KN_residential3_dishwasher
2015-02-12T16:00:00Z,2015-02-12T17:00:00+0100,,,,,,,,,,,,,,,,,,,,,,,,,,,,,,,,,,,,,,,,,110.789,112.869,44.881,,,,21.885,80.663,,,,,,,,,,,,,,,,,,,,,DE_KN_residential3_circulation_pump | DE_KN_residential3_dishwasher
2015-02-12T17:00:00Z,2015-02-12T18:00:00+0100,,,,,,,,,,,,,,,,,,,,,,,,,,,,,,,,,,,,,,,,,110.859,112.871,44.902,,,,21.908,80.663,,,,,,,,,,,,,,,,,,,,,DE_KN_residential3_circulation_pump | DE_KN_residential3_dishwasher
2015-02-12T18:00:00Z,2015-02-12T19:00:00+0100,,,,,,,,,,,,,,,,,,,,,,,,,,,,,,,,,,,,,,,,,110.930,112.874,44.943,,,,21.931,80.663,,,,,,,,,,,,,,,,,,,,,DE_KN_residential3_circulation_pump | DE_KN_residential3_dishwasher
2015-02-12T19:00:00Z,2015-02-12T20:00:00+0100,,,,,,,,,,,,,,,,,,,,,,,,,,,,,,,,,,,,,,,,,111.002,112.877,44.967,,,,21.939,80.663,,,,,,,,,,,,,,,,,,,,,DE_KN_residential3_circulation_pump | DE_KN_residential3_dishwasher
2015-02-12T20:00:00Z,2015-02-12T21:00:00+0100,,,,,,,,,,,,,,,,,,,,,,,,,,,,,,,,,,,,,,,,,111.073,112.879,44.986,,,,21.953,80.663,,,,,,,,,,,,,,,,,,,,,DE_KN_residential3_circulation_pump | DE_KN_residential3_dishwasher
2015-02-12T21:00:00Z,2015-02-12T22:00:00+0100,,,,,,,,,,,,,,,,,,,,,,,,,,,,,,,,,,,,,,,,,111.145,112.882,45.027,,,,21.982,80.663,,,,,,,,,,,,,,,,,,,,,DE_KN_residential3_circulation_pump | DE_KN_residential3_dishwasher
2015-02-12T22:00:00Z,2015-02-12T23:00:00+0100,,,,,,,,,,,,,,,,,,,,,,,,,,,,,,,,,,,,,,,,,111.217,113.684,45.055,,,,21.992,80.663,,,,,,,,,,,,,,,,,,,,,DE_KN_residential3_circulation_pump | DE_KN_residential3_dishwasher
2015-02-12T23:00:00Z,2015-02-13T00:00:00+0100,,,,,,,,,,,,,,,,,,,,,,,,,,,,,,,,,,,,,,,,,111.287,114.293,45.070,,,,22.006,80.663,,,,,,,,,,,,,,,,,,,,,DE_KN_residential3_circulation_pump | DE_KN_residential3_dishwasher
2015-02-13T00:00:00Z,2015-02-13T01:00:00+0100,,,,,,,,,,,,,,,,,,,,,,,,,,,,,,,,,,,,,,,,,111.362,114.298,45.111,,,,22.028,80.663,,,,,,,,,,,,,,,,,,,,,DE_KN_residential3_circulation_pump | DE_KN_residential3_dishwasher
2015-02-13T01:00:00Z,2015-02-13T02:00:00+0100,,,,,,,,,,,,,,,,,,,,,,,,,,,,,,,,,,,,,,,,,111.431,114.301,45.141,,,,22.037,80.663,,,,,,,,,,,,,,,,,,,,,DE_KN_residential3_circulation_pump | DE_KN_residential3_dishwasher
2015-02-13T02:00:00Z,2015-02-13T03:00:00+0100,,,,,,,,,,,,,,,,,,,,,,,,,,,,,,,,,,,,,,,,,111.507,114.304,45.155,,,,22.050,80.663,,,,,,,,,,,,,,,,,,,,,DE_KN_residential3_circulation_pump | DE_KN_residential3_dishwasher
2015-02-13T03:00:00Z,2015-02-13T04:00:00+0100,,,,,,,,,,,,,,,,,,,,,,,,,,,,,,,,,,,,,,,,,111.576,114.307,45.196,,,,22.071,80.663,,,,,,,,,,,,,,,,,,,,,DE_KN_residential3_circulation_pump | DE_KN_residential3_dishwasher
2015-02-13T04:00:00Z,2015-02-13T05:00:00+0100,,,,,,,,,,,,,,,,,,,,,,,,,,,,,,,,,,,,,,,,,111.649,114.309,45.227,,,,22.077,80.663,,,,,,,,,,,,,,,,,,,,,DE_KN_residential3_circulation_pump | DE_KN_residential3_dishwasher
2015-02-13T05:00:00Z,2015-02-13T06:00:00+0100,,,,,,,,,,,,,,,,,,,,,,,,,,,,,,,,,,,,,,,,,111.720,114.312,45.239,,,,22.093,80.663,,,,,,,,,,,,,,,,,,,,,DE_KN_residential3_circulation_pump | DE_KN_residential3_dishwasher
2015-02-13T06:00:00Z,2015-02-13T07:00:00+0100,,,,,,,,,,,,,,,,,,,,,,,,,,,,,,,,,,,,,,,,,111.793,114.314,45.280,,,,22.119,80.663,,,,,,,,,,,,,,,,,,,,,DE_KN_residential3_circulation_pump | DE_KN_residential3_dishwasher
2015-02-13T07:00:00Z,2015-02-13T08:00:00+0100,,,,,,,,,,,,,,,,,,,,,,,,,,,,,,,,,,,,,,,,,111.863,114.317,45.313,,,,22.123,80.663,,,,,,,,,,,,,,,,,,,,,DE_KN_residential3_circulation_pump | DE_KN_residential3_dishwasher
2015-02-13T08:00:00Z,2015-02-13T09:00:00+0100,,,,,,,,,,,,,,,,,,,,,,,,,,,,,,,,,,,,,,,,,111.933,114.319,45.322,,,,22.142,80.663,,,,,,,,,,,,,,,,,,,,,DE_KN_residential3_circulation_pump | DE_KN_residential3_dishwasher
2015-02-13T09:00:00Z,2015-02-13T10:00:00+0100,,,,,,,,,,,,,,,,,,,,,,,,,,,,,,,,,,,,,,,,,112.005,114.322,45.363,,,,22.164,80.663,,,,,,,,,,,,,,,,,,,,,DE_KN_residential3_circulation_pump | DE_KN_residential3_dishwasher
2015-02-13T10:00:00Z,2015-02-13T11:00:00+0100,,,,,,,,,,,,,,,,,,,,,,,,,,,,,,,,,,,,,,,,,112.076,114.324,45.398,,,,22.169,80.663,,,,,,,,,,,,,,,,,,,,,
2015-02-13T11:00:00Z,2015-02-13T12:00:00+0100,,,,,,,,,,,,,,,,,,,,,,,,,,,,,,,,,,,,,,,,,112.161,114.327,45.406,,,,22.185,80.663,,,,,,,,,,,,,,,,,,,,,
2015-02-13T12:00:00Z,2015-02-13T13:00:00+0100,,,,,,,,,,,,,,,,,,,,,,,,,,,,,,,,,,,,,,,,,112.274,114.330,45.447,,,,22.206,80.663,,,,,,,,,,,,,,,,,,,,,
2015-02-13T13:00:00Z,2015-02-13T14:00:00+0100,,,,,,,,,,,,,,,,,,,,,,,,,,,,,,,,,,,,,,,,,112.397,114.598,45.485,,,,22.221,80.663,,,,,,,,,,,,,,,,,,,,,
2015-02-13T14:00:00Z,2015-02-13T15:00:00+0100,,,,,,,,,,,,,,,,,,,,,,,,,,,,,,,,,,,,,,,,,112.531,115.452,45.490,,,,22.229,80.663,,,,,,,,,,,,,,,,,,,,,
2015-02-13T15:00:00Z,2015-02-13T16:00:00+0100,,,,,,,,,,,,,,,,,,,,,,,,,,,,,,,,,,,,,,,,,112.640,115.818,45.531,,,,22.251,80.663,,,,,,,,,,,,,,,,,,,,,
2015-02-13T16:00:00Z,2015-02-13T17:00:00+0100,,,,,,,,,,,,,,,,,,,,,,,,,,,,,,,,,,,,,,,,,112.711,115.820,45.570,,,,22.259,80.664,,,,,,,,,,,,,,,,,,,,,
2015-02-13T17:00:00Z,2015-02-13T18:00:00+0100,,,,,,,,,,,,,,,,,,,,,,,,,,,,,,,,,,,,,,,,,112.782,115.822,45.574,,,,22.274,80.664,,,,,,,,,,,,,,,,,,,,,
2015-02-13T18:00:00Z,2015-02-13T19:00:00+0100,,,,,,,,,,,,,,,,,,,,,,,,,,,,,,,,,,,,,,,,,112.854,115.825,45.616,,,,22.295,80.664,,,,,,,,,,,,,,,,,,,,,
2015-02-13T19:00:00Z,2015-02-13T20:00:00+0100,,,,,,,,,,,,,,,,,,,,,,,,,,,,,,,,,,,,,,,,,112.926,115.828,45.656,,,,22.322,80.664,,,,,,,,,,,,,,,,,,,,,
2015-02-13T20:00:00Z,2015-02-13T21:00:00+0100,,,,,,,,,,,,,,,,,,,,,,,,,,,,,,,,,,,,,,,,,112.996,115.830,45.659,,,,22.348,80.664,,,,,,,,,,,,,,,,,,,,,
2015-02-13T21:00:00Z,2015-02-13T22:00:00+0100,,,,,,,,,,,,,,,,,,,,,,,,,,,,,,,,,,,,,,,,,113.068,115.833,45.700,,,,22.375,80.664,,,,,,,,,,,,,,,,,,,,,
2015-02-13T22:00:00Z,2015-02-13T23:00:00+0100,,,,,,,,,,,,,,,,,,,,,,,,,,,,,,,,,,,,,,,,,113.139,115.835,45.741,,,,22.380,80.664,,,,,,,,,,,,,,,,,,,,,
2015-02-13T23:00:00Z,2015-02-14T00:00:00+0100,,,,,,,,,,,,,,,,,,,,,,,,,,,,,,,,,,,,,,,,,113.207,115.838,45.743,,,,22.396,80.664,,,,,,,,,,,,,,,,,,,,,
2015-02-14T00:00:00Z,2015-02-14T01:00:00+0100,,,,,,,,,,,,,,,,,,,,,,,,,,,,,,,,,,,,,,,,,113.282,115.841,45.785,,,,22.418,80.664,,,,,,,,,,,,,,,,,,,,,
2015-02-14T01:00:00Z,2015-02-14T02:00:00+0100,,,,,,,,,,,,,,,,,,,,,,,,,,,,,,,,,,,,,,,,,113.351,115.843,45.826,,,,22.429,80.664,,,,,,,,,,,,,,,,,,,,,
2015-02-14T02:00:00Z,2015-02-14T03:00:00+0100,,,,,,,,,,,,,,,,,,,,,,,,,,,,,,,,,,,,,,,,,113.426,115.846,45.828,,,,22.439,80.664,,,,,,,,,,,,,,,,,,,,,
2015-02-14T03:00:00Z,2015-02-14T04:00:00+0100,,,,,,,,,,,,,,,,,,,,,,,,,,,,,,,,,,,,,,,,,113.496,115.848,45.870,,,,22.460,80.664,,,,,,,,,,,,,,,,,,,,,
2015-02-14T04:00:00Z,2015-02-14T05:00:00+0100,,,,,,,,,,,,,,,,,,,,,,,,,,,,,,,,,,,,,,,,,113.569,115.851,45.911,,,,22.466,80.664,,,,,,,,,,,,,,,,,,,,,
2015-02-14T05:00:00Z,2015-02-14T06:00:00+0100,,,,,,,,,,,,,,,,,,,,,,,,,,,,,,,,,,,,,,,,,113.641,115.853,45.913,,,,22.482,80.680,,,,,,,,,,,,,,,,,,,,,
2015-02-14T06:00:00Z,2015-02-14T07:00:00+0100,,,,,,,,,,,,,,,,,,,,,,,,,,,,,,,,,,,,,,,,,113.714,115.856,45.955,,,,22.505,80.680,,,,,,,,,,,,,,,,,,,,,
2015-02-14T07:00:00Z,2015-02-14T08:00:00+0100,,,,,,,,,,,,,,,,,,,,,,,,,,,,,,,,,,,,,,,,,113.785,115.859,45.995,,,,22.513,80.680,,,,,,,,,,,,,,,,,,,,,
2015-02-14T08:00:00Z,2015-02-14T09:00:00+0100,,,,,,,,,,,,,,,,,,,,,,,,,,,,,,,,,,,,,,,,,113.857,115.861,46.017,,,,22.526,80.680,,,,,,,,,,,,,,,,,,,,,
2015-02-14T09:00:00Z,2015-02-14T10:00:00+0100,,,,,,,,,,,,,,,,,,,,,,,,,,,,,,,,,,,,,,,,,113.928,115.864,46.036,,,,22.548,80.680,,,,,,,,,,,,,,,,,,,,,
2015-02-14T10:00:00Z,2015-02-14T11:00:00+0100,,,,,,,,,,,,,,,,,,,,,,,,,,,,,,,,,,,,,,,,,114.004,115.866,46.076,,,,22.548,80.680,,,,,,,,,,,,,,,,,,,,,
2015-02-14T11:00:00Z,2015-02-14T12:00:00+0100,,,,,,,,,,,,,,,,,,,,,,,,,,,,,,,,,,,,,,,,,114.129,115.869,46.108,,,,22.571,80.680,,,,,,,,,,,,,,,,,,,,,
2015-02-14T12:00:00Z,2015-02-14T13:00:00+0100,,,,,,,,,,,,,,,,,,,,,,,,,,,,,,,,,,,,,,,,,114.249,115.871,46.118,,,,22.597,80.680,,,,,,,,,,,,,,,,,,,,,
2015-02-14T13:00:00Z,2015-02-14T14:00:00+0100,,,,,,,,,,,,,,,,,,,,,,,,,,,,,,,,,,,,,,,,,114.372,116.768,46.158,,,,22.614,80.680,,,,,,,,,,,,,,,,,,,,,
2015-02-14T14:00:00Z,2015-02-14T15:00:00+0100,,,,,,,,,,,,,,,,,,,,,,,,,,,,,,,,,,,,,,,,,114.488,117.386,46.197,,,,22.620,80.680,,,,,,,,,,,,,,,,,,,,,DE_KN_residential3_washing_machine
2015-02-14T15:00:00Z,2015-02-14T16:00:00+0100,,,,,,,,,,,,,,,,,,,,,,,,,,,,,,,,,,,,,,,,,114.594,117.389,46.200,,,,22.643,80.680,,,,,,,,,,,,,,,,,,,,,
2015-02-14T16:00:00Z,2015-02-14T17:00:00+0100,,,,,,,,,,,,,,,,,,,,,,,,,,,,,,,,,,,,,,,,,114.679,117.392,46.240,,,,22.664,80.681,,,,,,,,,,,,,,,,,,,,,
2015-02-14T17:00:00Z,2015-02-14T18:00:00+0100,,,,,,,,,,,,,,,,,,,,,,,,,,,,,,,,,,,,,,,,,114.748,117.394,46.280,,,,22.677,80.681,,,,,,,,,,,,,,,,,,,,,
2015-02-14T18:00:00Z,2015-02-14T19:00:00+0100,,,,,,,,,,,,,,,,,,,,,,,,,,,,,,,,,,,,,,,,,114.818,117.397,46.283,,,,22.699,80.681,,,,,,,,,,,,,,,,,,,,,
2015-02-14T19:00:00Z,2015-02-14T20:00:00+0100,,,,,,,,,,,,,,,,,,,,,,,,,,,,,,,,,,,,,,,,,114.889,117.399,46.322,,,,22.724,80.681,,,,,,,,,,,,,,,,,,,,,
2015-02-14T20:00:00Z,2015-02-14T21:00:00+0100,,,,,,,,,,,,,,,,,,,,,,,,,,,,,,,,,,,,,,,,,114.961,117.401,46.362,,,,22.739,80.681,,,,,,,,,,,,,,,,,,,,,
2015-02-14T21:00:00Z,2015-02-14T22:00:00+0100,,,,,,,,,,,,,,,,,,,,,,,,,,,,,,,,,,,,,,,,,115.032,117.404,46.376,,,,22.748,80.681,,,,,,,,,,,,,,,,,,,,,
2015-02-14T22:00:00Z,2015-02-14T23:00:00+0100,,,,,,,,,,,,,,,,,,,,,,,,,,,,,,,,,,,,,,,,,115.103,117.407,46.404,,,,22.771,80.681,,,,,,,,,,,,,,,,,,,,,
2015-02-14T23:00:00Z,2015-02-15T00:00:00+0100,,,,,,,,,,,,,,,,,,,,,,,,,,,,,,,,,,,,,,,,,115.171,117.409,46.444,,,,22.792,80.681,,,,,,,,,,,,,,,,,,,,,
2015-02-15T00:00:00Z,2015-02-15T01:00:00+0100,,,,,,,,,,,,,,,,,,,,,,,,,,,,,,,,,,,,,,,,,115.246,117.412,46.467,,,,22.793,80.681,,,,,,,,,,,,,,,,,,,,,
2015-02-15T01:00:00Z,2015-02-15T02:00:00+0100,,,,,,,,,,,,,,,,,,,,,,,,,,,,,,,,,,,,,,,,,115.315,117.414,46.487,,,,22.815,80.681,,,,,,,,,,,,,,,,,,,,,
2015-02-15T02:00:00Z,2015-02-15T03:00:00+0100,,,,,,,,,,,,,,,,,,,,,,,,,,,,,,,,,,,,,,,,,115.390,117.417,46.527,,,,22.835,80.681,,,,,,,,,,,,,,,,,,,,,
2015-02-15T03:00:00Z,2015-02-15T04:00:00+0100,,,,,,,,,,,,,,,,,,,,,,,,,,,,,,,,,,,,,,,,,115.460,117.420,46.557,,,,22.837,80.681,,,,,,,,,,,,,,,,,,,,,
2015-02-15T04:00:00Z,2015-02-15T05:00:00+0100,,,,,,,,,,,,,,,,,,,,,,,,,,,,,,,,,,,,,,,,,115.535,117.422,46.569,,,,22.859,80.681,,,,,,,,,,,,,,,,,,,,,
2015-02-15T05:00:00Z,2015-02-15T06:00:00+0100,,,,,,,,,,,,,,,,,,,,,,,,,,,,,,,,,,,,,,,,,115.607,117.425,46.609,,,,22.874,80.681,,,,,,,,,,,,,,,,,,,,,
2015-02-15T06:00:00Z,2015-02-15T07:00:00+0100,,,,,,,,,,,,,,,,,,,,,,,,,,,,,,,,,,,,,,,,,115.681,117.427,46.649,,,,22.880,80.681,,,,,,,,,,,,,,,,,,,,,
2015-02-15T07:00:00Z,2015-02-15T08:00:00+0100,,,,,,,,,,,,,,,,,,,,,,,,,,,,,,,,,,,,,,,,,115.753,117.430,46.651,,,,22.902,80.681,,,,,,,,,,,,,,,,,,,,,
2015-02-15T08:00:00Z,2015-02-15T09:00:00+0100,,,,,,,,,,,,,,,,,,,,,,,,,,,,,,,,,,,,,,,,,115.825,117.432,46.691,,,,22.921,80.681,,,,,,,,,,,,,,,,,,,,,
2015-02-15T09:00:00Z,2015-02-15T10:00:00+0100,,,,,,,,,,,,,,,,,,,,,,,,,,,,,,,,,,,,,,,,,115.898,117.435,46.731,,,,22.926,80.681,,,,,,,,,,,,,,,,,,,,,
2015-02-15T10:00:00Z,2015-02-15T11:00:00+0100,,,,,,,,,,,,,,,,,,,,,,,,,,,,,,,,,,,,,,,,,115.970,117.438,46.736,,,,22.949,80.681,,,,,,,,,,,,,,,,,,,,,
2015-02-15T11:00:00Z,2015-02-15T12:00:00+0100,,,,,,,,,,,,,,,,,,,,,,,,,,,,,,,,,,,,,,,,,116.042,117.440,46.773,,,,22.969,80.681,,,,,,,,,,,,,,,,,,,,,
2015-02-15T12:00:00Z,2015-02-15T13:00:00+0100,,,,,,,,,,,,,,,,,,,,,,,,,,,,,,,,,,,,,,,,,116.114,117.443,46.816,,,,22.978,80.681,,,,,,,,,,,,,,,,,,,,,
2015-02-15T13:00:00Z,2015-02-15T14:00:00+0100,,,,,,,,,,,,,,,,,,,,,,,,,,,,,,,,,,,,,,,,,116.192,117.445,46.856,,,,22.996,80.681,,,,,,,,,,,,,,,,,,,,,
2015-02-15T14:00:00Z,2015-02-15T15:00:00+0100,,,,,,,,,,,,,,,,,,,,,,,,,,,,,,,,,,,,,,,,,116.270,117.448,46.858,,,,23.020,80.681,,,,,,,,,,,,,,,,,,,,,
2015-02-15T15:00:00Z,2015-02-15T16:00:00+0100,,,,,,,,,,,,,,,,,,,,,,,,,,,,,,,,,,,,,,,,,116.347,117.450,46.899,,,,23.030,80.681,,,,,,,,,,,,,,,,,,,,,
2015-02-15T16:00:00Z,2015-02-15T17:00:00+0100,,,,,,,,,,,,,,,,,,,,,,,,,,,,,,,,,,,,,,,,,116.418,117.453,46.940,,,,23.044,80.681,,,,,,,,,,,,,,,,,,,,,
2015-02-15T17:00:00Z,2015-02-15T18:00:00+0100,,,,,,,,,,,,,,,,,,,,,,,,,,,,,,,,,,,,,,,,,116.488,117.456,46.948,,,,23.067,80.681,,,,,,,,,,,,,,,,,,,,,
2015-02-15T18:00:00Z,2015-02-15T19:00:00+0100,,,,,,,,,,,,,,,,,,,,,,,,,,,,,,,,,,,,,,,,,116.559,117.458,46.983,,,,23.078,80.682,,,,,,,,,,,,,,,,,,,,,
2015-02-15T19:00:00Z,2015-02-15T20:00:00+0100,,,,,,,,,,,,,,,,,,,,,,,,,,,,,,,,,,,,,,,,,116.631,117.461,47.025,,,,23.091,80.682,,,,,,,,,,,,,,,,,,,,,
2015-02-15T20:00:00Z,2015-02-15T21:00:00+0100,,,,,,,,,,,,,,,,,,,,,,,,,,,,,,,,,,,,,,,,,116.703,117.527,47.067,,,,23.116,80.682,,,,,,,,,,,,,,,,,,,,,DE_KN_residential3_circulation_pump | DE_KN_residential3_dishwasher
2015-02-15T21:00:00Z,2015-02-15T22:00:00+0100,,,,,,,,,,,,,,,,,,,,,,,,,,,,,,,,,,,,,,,,,116.776,117.529,47.069,,,,23.121,80.682,,,,,,,,,,,,,,,,,,,,,DE_KN_residential3_circulation_pump | DE_KN_residential3_dishwasher
2015-02-15T22:00:00Z,2015-02-15T23:00:00+0100,,,,,,,,,,,,,,,,,,,,,,,,,,,,,,,,,,,,,,,,,116.846,117.532,47.110,,,,23.138,80.682,,,,,,,,,,,,,,,,,,,,,DE_KN_residential3_circulation_pump | DE_KN_residential3_dishwasher
2015-02-15T23:00:00Z,2015-02-16T00:00:00+0100,,,,,,,,,,,,,,,,,,,,,,,,,,,,,,,,,,,,,,,,,116.915,117.534,47.152,,,,23.160,80.682,,,,,,,,,,,,,,,,,,,,,DE_KN_residential3_circulation_pump | DE_KN_residential3_dishwasher
2015-02-16T00:00:00Z,2015-02-16T01:00:00+0100,,,,,,,,,,,,,,,,,,,,,,,,,,,,,,,,,,,,,,,,,116.989,117.537,47.154,,,,23.161,80.682,,,,,,,,,,,,,,,,,,,,,DE_KN_residential3_circulation_pump | DE_KN_residential3_dishwasher
2015-02-16T01:00:00Z,2015-02-16T02:00:00+0100,,,,,,,,,,,,,,,,,,,,,,,,,,,,,,,,,,,,,,,,,117.060,117.540,47.195,,,,23.183,80.682,,,,,,,,,,,,,,,,,,,,,DE_KN_residential3_circulation_pump | DE_KN_residential3_dishwasher
2015-02-16T02:00:00Z,2015-02-16T03:00:00+0100,,,,,,,,,,,,,,,,,,,,,,,,,,,,,,,,,,,,,,,,,117.135,117.542,47.237,,,,23.203,80.682,,,,,,,,,,,,,,,,,,,,,DE_KN_residential3_circulation_pump | DE_KN_residential3_dishwasher
2015-02-16T03:00:00Z,2015-02-16T04:00:00+0100,,,,,,,,,,,,,,,,,,,,,,,,,,,,,,,,,,,,,,,,,117.205,117.544,47.239,,,,23.205,80.682,,,,,,,,,,,,,,,,,,,,,DE_KN_residential3_circulation_pump | DE_KN_residential3_dishwasher
2015-02-16T04:00:00Z,2015-02-16T05:00:00+0100,,,,,,,,,,,,,,,,,,,,,,,,,,,,,,,,,,,,,,,,,117.279,117.547,47.280,,,,23.226,80.682,,,,,,,,,,,,,,,,,,,,,DE_KN_residential3_circulation_pump | DE_KN_residential3_dishwasher
2015-02-16T05:00:00Z,2015-02-16T06:00:00+0100,,,,,,,,,,,,,,,,,,,,,,,,,,,,,,,,,,,,,,,,,117.350,117.549,47.322,,,,23.236,80.682,,,,,,,,,,,,,,,,,,,,,DE_KN_residential3_circulation_pump | DE_KN_residential3_dishwasher
2015-02-16T06:00:00Z,2015-02-16T07:00:00+0100,,,,,,,,,,,,,,,,,,,,,,,,,,,,,,,,,,,,,,,,,117.421,117.552,47.324,,,,23.249,80.682,,,,,,,,,,,,,,,,,,,,,DE_KN_residential3_circulation_pump | DE_KN_residential3_dishwasher
2015-02-16T07:00:00Z,2015-02-16T08:00:00+0100,,,,,,,,,,,,,,,,,,,,,,,,,,,,,,,,,,,,,,,,,117.492,117.555,47.366,,,,23.272,80.682,,,,,,,,,,,,,,,,,,,,,DE_KN_residential3_circulation_pump | DE_KN_residential3_dishwasher
2015-02-16T08:00:00Z,2015-02-16T09:00:00+0100,,,,,,,,,,,,,,,,,,,,,,,,,,,,,,,,,,,,,,,,,117.563,117.557,47.408,,,,23.296,80.682,,,,,,,,,,,,,,,,,,,,,DE_KN_residential3_circulation_pump | DE_KN_residential3_dishwasher
2015-02-16T09:00:00Z,2015-02-16T10:00:00+0100,,,,,,,,,,,,,,,,,,,,,,,,,,,,,,,,,,,,,,,,,117.634,117.560,47.436,,,,23.299,80.682,,,,,,,,,,,,,,,,,,,,,DE_KN_residential3_circulation_pump | DE_KN_residential3_dishwasher
2015-02-16T10:00:00Z,2015-02-16T11:00:00+0100,,,,,,,,,,,,,,,,,,,,,,,,,,,,,,,,,,,,,,,,,117.706,117.562,47.452,,,,23.321,80.682,,,,,,,,,,,,,,,,,,,,,DE_KN_residential3_circulation_pump | DE_KN_residential3_dishwasher
2015-02-16T11:00:00Z,2015-02-16T12:00:00+0100,,,,,,,,,,,,,,,,,,,,,,,,,,,,,,,,,,,,,,,,,117.776,117.565,47.494,,,,23.343,80.682,,,,,,,,,,,,,,,,,,,,,DE_KN_residential3_circulation_pump | DE_KN_residential3_dishwasher
2015-02-16T12:00:00Z,2015-02-16T13:00:00+0100,,,,,,,,,,,,,,,,,,,,,,,,,,,,,,,,,,,,,,,,,117.849,117.569,47.528,,,,23.360,80.682,,,,,,,,,,,,,,,,,,,,,DE_KN_residential3_circulation_pump | DE_KN_residential3_dishwasher
2015-02-16T13:00:00Z,2015-02-16T14:00:00+0100,,,,,,,,,,,,,,,,,,,,,,,,,,,,,,,,,,,,,,,,,117.929,117.571,47.537,,,,23.368,80.682,,,,,,,,,,,,,,,,,,,,,
2015-02-16T14:00:00Z,2015-02-16T15:00:00+0100,,,,,,,,,,,,,,,,,,,,,,,,,,,,,,,,,,,,,,,,,118.007,117.574,47.578,,,,23.392,80.682,,,,,,,,,,,,,,,,,,,,,
2015-02-16T15:00:00Z,2015-02-16T16:00:00+0100,,,,,,,,,,,,,,,,,,,,,,,,,,,,,,,,,,,,,,,,,118.086,117.576,47.615,,,,23.405,80.682,,,,,,,,,,,,,,,,,,,,,DE_KN_residential3_washing_machine
2015-02-16T16:00:00Z,2015-02-16T17:00:00+0100,,,,,,,,,,,,,,,,,,,,,,,,,,,,,,,,,,,,,,,,,118.157,117.579,47.622,,,,23.415,80.682,,,,,,,,,,,,,,,,,,,,,
2015-02-16T17:00:00Z,2015-02-16T18:00:00+0100,,,,,,,,,,,,,,,,,,,,,,,,,,,,,,,,,,,,,,,,,118.228,117.581,47.662,,,,23.438,80.682,,,,,,,,,,,,,,,,,,,,,DE_KN_residential3_circulation_pump | DE_KN_residential3_washing_machine | DE_KN_residential3_freezer | DE_KN_residential3_dishwasher
2015-02-16T18:00:00Z,2015-02-16T19:00:00+0100,,,,,,,,,,,,,,,,,,,,,,,,,,,,,,,,,,,,,,,,,118.300,117.584,47.700,,,,23.440,80.683,,,,,,,,,,,,,,,,,,,,,
2015-02-16T19:00:00Z,2015-02-16T20:00:00+0100,,,,,,,,,,,,,,,,,,,,,,,,,,,,,,,,,,,,,,,,,118.373,117.587,47.706,,,,23.462,80.683,,,,,,,,,,,,,,,,,,,,,
2015-02-16T20:00:00Z,2015-02-16T21:00:00+0100,,,,,,,,,,,,,,,,,,,,,,,,,,,,,,,,,,,,,,,,,118.445,117.960,47.747,,,,23.485,80.683,,,,,,,,,,,,,,,,,,,,,
2015-02-16T21:00:00Z,2015-02-16T22:00:00+0100,,,,,,,,,,,,,,,,,,,,,,,,,,,,,,,,,,,,,,,,,118.520,118.837,47.786,,,,23.512,80.683,,,,,,,,,,,,,,,,,,,,,
2015-02-16T22:00:00Z,2015-02-16T23:00:00+0100,,,,,,,,,,,,,,,,,,,,,,,,,,,,,,,,,,,,,,,,,118.590,118.839,47.790,,,,23.517,80.683,,,,,,,,,,,,,,,,,,,,,
2015-02-16T23:00:00Z,2015-02-17T00:00:00+0100,,,,,,,,,,,,,,,,,,,,,,,,,,,,,,,,,,,,,,,,,118.659,118.842,47.832,,,,23.546,80.683,,,,,,,,,,,,,,,,,,,,,
2015-02-17T00:00:00Z,2015-02-17T01:00:00+0100,,,,,,,,,,,,,,,,,,,,,,,,,,,,,,,,,,,,,,,,,118.732,118.844,47.871,,,,23.570,80.683,,,,,,,,,,,,,,,,,,,,,
2015-02-17T01:00:00Z,2015-02-17T02:00:00+0100,,,,,,,,,,,,,,,,,,,,,,,,,,,,,,,,,,,,,,,,,118.800,118.847,47.876,,,,23.570,80.683,,,,,,,,,,,,,,,,,,,,,
2015-02-17T02:00:00Z,2015-02-17T03:00:00+0100,,,,,,,,,,,,,,,,,,,,,,,,,,,,,,,,,,,,,,,,,118.875,118.850,47.916,,,,23.618,80.683,,,,,,,,,,,,,,,,,,,,,
2015-02-17T03:00:00Z,2015-02-17T04:00:00+0100,,,,,,,,,,,,,,,,,,,,,,,,,,,,,,,,,,,,,,,,,118.943,118.852,47.960,,,,23.640,80.683,,,,,,,,,,,,,,,,,,,,,
2015-02-17T04:00:00Z,2015-02-17T05:00:00+0100,,,,,,,,,,,,,,,,,,,,,,,,,,,,,,,,,,,,,,,,,119.016,118.855,47.966,,,,23.656,80.683,,,,,,,,,,,,,,,,,,,,,
2015-02-17T05:00:00Z,2015-02-17T06:00:00+0100,,,,,,,,,,,,,,,,,,,,,,,,,,,,,,,,,,,,,,,,,119.088,118.857,48.004,,,,23.681,80.683,,,,,,,,,,,,,,,,,,,,,
2015-02-17T06:00:00Z,2015-02-17T07:00:00+0100,,,,,,,,,,,,,,,,,,,,,,,,,,,,,,,,,,,,,,,,,119.159,118.860,48.046,,,,23.706,80.683,,,,,,,,,,,,,,,,,,,,,DE_KN_residential3_washing_machine
2015-02-17T07:00:00Z,2015-02-17T08:00:00+0100,,,,,,,,,,,,,,,,,,,,,,,,,,,,,,,,,,,,,,,,,119.231,118.862,48.052,,,,23.718,80.683,,,,,,,,,,,,,,,,,,,,,DE_KN_residential3_washing_machine
2015-02-17T08:00:00Z,2015-02-17T09:00:00+0100,,,,,,,,,,,,,,,,,,,,,,,,,,,,,,,,,,,,,,,,,119.302,118.865,48.090,,,,23.734,80.683,,,,,,,,,,,,,,,,,,,,,
2015-02-17T09:00:00Z,2015-02-17T10:00:00+0100,,,,,,,,,,,,,,,,,,,,,,,,,,,,,,,,,,,,,,,,,119.374,118.868,48.133,,,,23.752,80.683,,,,,,,,,,,,,,,,,,,,,
2015-02-17T10:00:00Z,2015-02-17T11:00:00+0100,,,,,,,,,,,,,,,,,,,,,,,,,,,,,,,,,,,,,,,,,119.447,118.870,48.136,,,,23.778,80.683,,,,,,,,,,,,,,,,,,,,,
2015-02-17T11:00:00Z,2015-02-17T12:00:00+0100,,,,,,,,,,,,,,,,,,,,,,,,,,,,,,,,,,,,,,,,,119.518,118.873,48.177,,,,23.781,80.683,,,,,,,,,,,,,,,,,,,,,
2015-02-17T12:00:00Z,2015-02-17T13:00:00+0100,,,,,,,,,,,,,,,,,,,,,,,,,,,,,,,,,,,,,,,,,119.589,118.875,48.219,,,,23.805,80.683,,,,,,,,,,,,,,,,,,,,,
2015-02-17T13:00:00Z,2015-02-17T14:00:00+0100,,,,,,,,,,,,,,,,,,,,,,,,,,,,,,,,,,,,,,,,,119.669,119.672,48.221,,,,23.830,80.683,,,,,,,,,,,,,,,,,,,,,
2015-02-17T14:00:00Z,2015-02-17T15:00:00+0100,,,,,,,,,,,,,,,,,,,,,,,,,,,,,,,,,,,,,,,,,119.747,120.250,48.263,,,,23.835,80.683,,,,,,,,,,,,,,,,,,,,,
2015-02-17T15:00:00Z,2015-02-17T16:00:00+0100,,,,,,,,,,,,,,,,,,,,,,,,,,,,,,,,,,,,,,,,,119.823,120.253,48.305,,,,23.856,80.916,,,,,,,,,,,,,,,,,,,,,
2015-02-17T16:00:00Z,2015-02-17T17:00:00+0100,,,,,,,,,,,,,,,,,,,,,,,,,,,,,,,,,,,,,,,,,119.895,120.255,48.308,,,,23.878,81.142,,,,,,,,,,,,,,,,,,,,,
2015-02-17T17:00:00Z,2015-02-17T18:00:00+0100,,,,,,,,,,,,,,,,,,,,,,,,,,,,,,,,,,,,,,,,,119.966,120.257,48.349,,,,23.886,81.213,,,,,,,,,,,,,,,,,,,,,
2015-02-17T18:00:00Z,2015-02-17T19:00:00+0100,,,,,,,,,,,,,,,,,,,,,,,,,,,,,,,,,,,,,,,,,120.037,120.260,48.386,,,,23.916,81.469,,,,,,,,,,,,,,,,,,,,,
2015-02-17T19:00:00Z,2015-02-17T20:00:00+0100,,,,,,,,,,,,,,,,,,,,,,,,,,,,,,,,,,,,,,,,,120.110,120.262,48.393,,,,23.942,81.499,,,,,,,,,,,,,,,,,,,,,
2015-02-17T20:00:00Z,2015-02-17T21:00:00+0100,,,,,,,,,,,,,,,,,,,,,,,,,,,,,,,,,,,,,,,,,120.182,120.265,48.435,,,,23.948,81.500,,,,,,,,,,,,,,,,,,,,,
2015-02-17T21:00:00Z,2015-02-17T22:00:00+0100,,,,,,,,,,,,,,,,,,,,,,,,,,,,,,,,,,,,,,,,,120.255,120.268,48.477,,,,23.972,81.500,,,,,,,,,,,,,,,,,,,,,
2015-02-17T22:00:00Z,2015-02-17T23:00:00+0100,,,,,,,,,,,,,,,,,,,,,,,,,,,,,,,,,,,,,,,,,120.302,121.274,48.480,,,,23.996,81.763,,,,,,,,,,,,,,,,,,,,,
2015-02-17T23:00:00Z,2015-02-18T00:00:00+0100,,,,,,,,,,,,,,,,,,,,,,,,,,,,,,,,,,,,,,,,,120.362,121.617,48.522,,,,23.998,81.765,,,,,,,,,,,,,,,,,,,,,
2015-02-18T00:00:00Z,2015-02-18T01:00:00+0100,,,,,,,,,,,,,,,,,,,,,,,,,,,,,,,,,,,,,,,,,120.436,121.621,48.560,,,,24.023,81.765,,,,,,,,,,,,,,,,,,,,,
2015-02-18T01:00:00Z,2015-02-18T02:00:00+0100,,,,,,,,,,,,,,,,,,,,,,,,,,,,,,,,,,,,,,,,,120.504,121.625,48.566,,,,24.032,81.765,,,,,,,,,,,,,,,,,,,,,
2015-02-18T02:00:00Z,2015-02-18T03:00:00+0100,,,,,,,,,,,,,,,,,,,,,,,,,,,,,,,,,,,,,,,,,120.578,121.629,48.608,,,,24.049,81.765,,,,,,,,,,,,,,,,,,,,,
2015-02-18T03:00:00Z,2015-02-18T04:00:00+0100,,,,,,,,,,,,,,,,,,,,,,,,,,,,,,,,,,,,,,,,,120.647,121.633,48.643,,,,24.069,81.765,,,,,,,,,,,,,,,,,,,,,
2015-02-18T04:00:00Z,2015-02-18T05:00:00+0100,,,,,,,,,,,,,,,,,,,,,,,,,,,,,,,,,,,,,,,,,120.719,121.637,48.652,,,,24.074,81.765,,,,,,,,,,,,,,,,,,,,,
2015-02-18T05:00:00Z,2015-02-18T06:00:00+0100,,,,,,,,,,,,,,,,,,,,,,,,,,,,,,,,,,,,,,,,,120.790,121.641,48.694,,,,24.099,81.765,,,,,,,,,,,,,,,,,,,,,
2015-02-18T06:00:00Z,2015-02-18T07:00:00+0100,,,,,,,,,,,,,,,,,,,,,,,,,,,,,,,,,,,,,,,,,120.861,121.644,48.726,,,,24.099,81.765,,,,,,,,,,,,,,,,,,,,,
2015-02-18T07:00:00Z,2015-02-18T08:00:00+0100,,,,,,,,,,,,,,,,,,,,,,,,,,,,,,,,,,,,,,,,,120.934,121.646,48.738,,,,24.128,82.017,,,,,,,,,,,,,,,,,,,,,
2015-02-18T08:00:00Z,2015-02-18T09:00:00+0100,,,,,,,,,,,,,,,,,,,,,,,,,,,,,,,,,,,,,,,,,121.007,121.649,48.780,,,,24.137,82.369,,,,,,,,,,,,,,,,,,,,,
2015-02-18T09:00:00Z,2015-02-18T10:00:00+0100,,,,,,,,,,,,,,,,,,,,,,,,,,,,,,,,,,,,,,,,,121.079,121.651,48.808,,,,24.156,82.974,,,,,,,,,,,,,,,,,,,,,
2015-02-18T10:00:00Z,2015-02-18T11:00:00+0100,,,,,,,,,,,,,,,,,,,,,,,,,,,,,,,,,,,,,,,,,121.152,121.654,48.825,,,,24.181,83.081,,,,,,,,,,,,,,,,,,,,,
2015-02-18T11:00:00Z,2015-02-18T12:00:00+0100,,,,,,,,,,,,,,,,,,,,,,,,,,,,,,,,,,,,,,,,,121.224,121.657,48.867,,,,24.182,83.138,,,,,,,,,,,,,,,,,,,,,
2015-02-18T12:00:00Z,2015-02-18T13:00:00+0100,,,,,,,,,,,,,,,,,,,,,,,,,,,,,,,,,,,,,,,,,121.297,121.659,48.888,,,,24.210,83.138,,,,,,,,,,,,,,,,,,,,,
2015-02-18T13:00:00Z,2015-02-18T14:00:00+0100,,,,,,,,,,,,,,,,,,,,,,,,,,,,,,,,,,,,,,,,,121.374,121.662,48.911,,,,24.223,83.676,,,,,,,,,,,,,,,,,,,,,
2015-02-18T14:00:00Z,2015-02-18T15:00:00+0100,,,,,,,,,,,,,,,,,,,,,,,,,,,,,,,,,,,,,,,,,121.452,121.664,48.952,,,,24.236,84.445,,,,,,,,,,,,,,,,,,,,,
2015-02-18T15:00:00Z,2015-02-18T16:00:00+0100,,,,,,,,,,,,,,,,,,,,,,,,,,,,,,,,,,,,,,,,,121.529,121.667,48.965,,,,24.249,84.990,,,,,,,,,,,,,,,,,,,,,
2015-02-18T16:00:00Z,2015-02-18T17:00:00+0100,,,,,,,,,,,,,,,,,,,,,,,,,,,,,,,,,,,,,,,,,121.601,121.669,48.996,,,,24.262,85.473,,,,,,,,,,,,,,,,,,,,,
2015-02-18T17:00:00Z,2015-02-18T18:00:00+0100,,,,,,,,,,,,,,,,,,,,,,,,,,,,,,,,,,,,,,,,,121.671,121.672,49.038,,,,24.275,85.473,,,,,,,,,,,,,,,,,,,,,
2015-02-18T18:00:00Z,2015-02-18T19:00:00+0100,,,,,,,,,,,,,,,,,,,,,,,,,,,,,,,,,,,,,,,,,121.742,121.675,49.040,,,,24.291,85.473,,,,,,,,,,,,,,,,,,,,,
2015-02-18T19:00:00Z,2015-02-18T20:00:00+0100,,,,,,,,,,,,,,,,,,,,,,,,,,,,,,,,,,,,,,,,,121.814,121.677,49.082,,,,24.305,85.473,,,,,,,,,,,,,,,,,,,,,DE_KN_residential3_washing_machine | DE_KN_residential3_dishwasher | DE_KN_residential3_refrigerator | DE_KN_residential3_freezer | DE_KN_residential3_circulation_pump
2015-02-18T20:00:00Z,2015-02-18T21:00:00+0100,,,,,,,,,,,,,,,,,,,,,,,,,,,,,,,,,,,,,,,,,121.883,121.679,49.126,,,,24.328,85.473,,,,,,,,,,,,,,,,,,,,,DE_KN_residential3_washing_machine | DE_KN_residential3_dishwasher | DE_KN_residential3_refrigerator | DE_KN_residential3_freezer | DE_KN_residential3_circulation_pump
2015-02-18T21:00:00Z,2015-02-18T22:00:00+0100,,,,,,,,,,,,,,,,,,,,,,,,,,,,,,,,,,,,,,,,,121.954,121.682,49.132,,,,24.330,85.473,,,,,,,,,,,,,,,,,,,,,DE_KN_residential3_washing_machine | DE_KN_residential3_dishwasher | DE_KN_residential3_refrigerator | DE_KN_residential3_freezer | DE_KN_residential3_circulation_pump
2015-02-18T22:00:00Z,2015-02-18T23:00:00+0100,,,,,,,,,,,,,,,,,,,,,,,,,,,,,,,,,,,,,,,,,122.024,121.684,49.175,,,,24.358,85.473,,,,,,,,,,,,,,,,,,,,,DE_KN_residential3_washing_machine | DE_KN_residential3_dishwasher | DE_KN_residential3_refrigerator | DE_KN_residential3_freezer | DE_KN_residential3_circulation_pump
2015-02-18T23:00:00Z,2015-02-19T00:00:00+0100,,,,,,,,,,,,,,,,,,,,,,,,,,,,,,,,,,,,,,,,,122.092,121.687,49.211,,,,24.382,85.473,,,,,,,,,,,,,,,,,,,,,DE_KN_residential3_washing_machine | DE_KN_residential3_dishwasher | DE_KN_residential3_refrigerator | DE_KN_residential3_freezer | DE_KN_residential3_circulation_pump
2015-02-19T00:00:00Z,2015-02-19T01:00:00+0100,,,,,,,,,,,,,,,,,,,,,,,,,,,,,,,,,,,,,,,,,122.165,121.690,49.222,,,,24.392,85.473,,,,,,,,,,,,,,,,,,,,,DE_KN_residential3_washing_machine | DE_KN_residential3_dishwasher | DE_KN_residential3_refrigerator | DE_KN_residential3_freezer | DE_KN_residential3_circulation_pump
2015-02-19T01:00:00Z,2015-02-19T02:00:00+0100,,,,,,,,,,,,,,,,,,,,,,,,,,,,,,,,,,,,,,,,,122.234,121.692,49.268,,,,24.406,85.473,,,,,,,,,,,,,,,,,,,,,DE_KN_residential3_washing_machine | DE_KN_residential3_dishwasher | DE_KN_residential3_refrigerator | DE_KN_residential3_freezer | DE_KN_residential3_circulation_pump
2015-02-19T02:00:00Z,2015-02-19T03:00:00+0100,,,,,,,,,,,,,,,,,,,,,,,,,,,,,,,,,,,,,,,,,122.307,121.695,49.290,,,,24.430,85.473,,,,,,,,,,,,,,,,,,,,,DE_KN_residential3_washing_machine | DE_KN_residential3_dishwasher | DE_KN_residential3_refrigerator | DE_KN_residential3_freezer | DE_KN_residential3_circulation_pump
2015-02-19T03:00:00Z,2015-02-19T04:00:00+0100,,,,,,,,,,,,,,,,,,,,,,,,,,,,,,,,,,,,,,,,,122.376,121.697,49.315,,,,24.436,85.473,,,,,,,,,,,,,,,,,,,,,DE_KN_residential3_washing_machine | DE_KN_residential3_dishwasher | DE_KN_residential3_refrigerator | DE_KN_residential3_freezer | DE_KN_residential3_circulation_pump
2015-02-19T04:00:00Z,2015-02-19T05:00:00+0100,,,,,,,,,,,,,,,,,,,,,,,,,,,,,,,,,,,,,,,,,122.448,121.700,49.360,,,,24.453,85.473,,,,,,,,,,,,,,,,,,,,,DE_KN_residential3_washing_machine | DE_KN_residential3_dishwasher | DE_KN_residential3_refrigerator | DE_KN_residential3_freezer | DE_KN_residential3_circulation_pump
2015-02-19T05:00:00Z,2015-02-19T06:00:00+0100,,,,,,,,,,,,,,,,,,,,,,,,,,,,,,,,,,,,,,,,,122.518,121.703,49.362,,,,24.480,85.473,,,,,,,,,,,,,,,,,,,,,DE_KN_residential3_washing_machine | DE_KN_residential3_dishwasher | DE_KN_residential3_refrigerator | DE_KN_residential3_freezer | DE_KN_residential3_circulation_pump
2015-02-19T06:00:00Z,2015-02-19T07:00:00+0100,,,,,,,,,,,,,,,,,,,,,,,,,,,,,,,,,,,,,,,,,122.588,121.705,49.408,,,,24.497,85.473,,,,,,,,,,,,,,,,,,,,,DE_KN_residential3_washing_machine | DE_KN_residential3_dishwasher | DE_KN_residential3_refrigerator | DE_KN_residential3_freezer | DE_KN_residential3_circulation_pump
2015-02-19T07:00:00Z,2015-02-19T08:00:00+0100,,,,,,,,,,,,,,,,,,,,,,,,,,,,,,,,,,,,,,,,,122.661,122.313,49.445,,,,24.509,85.473,,,,,,,,,,,,,,,,,,,,,DE_KN_residential3_washing_machine | DE_KN_residential3_dishwasher | DE_KN_residential3_refrigerator | DE_KN_residential3_freezer | DE_KN_residential3_circulation_pump
2015-02-19T08:00:00Z,2015-02-19T09:00:00+0100,,,,,,,,,,,,,,,,,,,,,,,,,,,,,,,,,,,,,,,,,122.732,122.833,49.455,,,,24.532,85.474,,,,,,,,,,,,,,,,,,,,,DE_KN_residential3_washing_machine | DE_KN_residential3_dishwasher | DE_KN_residential3_refrigerator | DE_KN_residential3_freezer | DE_KN_residential3_circulation_pump
2015-02-19T09:00:00Z,2015-02-19T10:00:00+0100,,,,,,,,,,,,,,,,,,,,,,,,,,,,,,,,,,,,,,,,,122.804,122.835,49.501,,,,24.543,85.474,,,,,,,,,,,,,,,,,,,,,DE_KN_residential3_washing_machine | DE_KN_residential3_dishwasher | DE_KN_residential3_refrigerator | DE_KN_residential3_freezer | DE_KN_residential3_circulation_pump
2015-02-19T10:00:00Z,2015-02-19T11:00:00+0100,,,,,,,,,,,,,,,,,,,,,,,,,,,,,,,,,,,,,,,,,122.874,122.837,49.512,,,,24.555,85.474,,,,,,,,,,,,,,,,,,,,,DE_KN_residential3_washing_machine | DE_KN_residential3_dishwasher | DE_KN_residential3_refrigerator | DE_KN_residential3_freezer | DE_KN_residential3_circulation_pump
2015-02-19T11:00:00Z,2015-02-19T12:00:00+0100,,,,,,,,,,,,,,,,,,,,,,,,,,,,,,,,,,,,,,,,,122.945,122.840,49.549,,,,24.577,85.474,,,,,,,,,,,,,,,,,,,,,DE_KN_residential3_washing_machine | DE_KN_residential3_dishwasher | DE_KN_residential3_refrigerator | DE_KN_residential3_freezer | DE_KN_residential3_circulation_pump
2015-02-19T12:00:00Z,2015-02-19T13:00:00+0100,,,,,,,,,,,,,,,,,,,,,,,,,,,,,,,,,,,,,,,,,123.017,122.842,49.595,,,,24.583,85.474,,,,,,,,,,,,,,,,,,,,,DE_KN_residential3_washing_machine | DE_KN_residential3_dishwasher | DE_KN_residential3_refrigerator | DE_KN_residential3_freezer | DE_KN_residential3_circulation_pump
2015-02-19T13:00:00Z,2015-02-19T14:00:00+0100,,,,,,,,,,,,,,,,,,,,,,,,,,,,,,,,,,,,,,,,,123.095,122.845,49.598,,,,24.599,85.474,,,,,,,,,,,,,,,,,,,,,DE_KN_residential3_washing_machine | DE_KN_residential3_dishwasher | DE_KN_residential3_refrigerator | DE_KN_residential3_freezer | DE_KN_residential3_circulation_pump
2015-02-19T14:00:00Z,2015-02-19T15:00:00+0100,,,,,,,,,,,,,,,,,,,,,,,,,,,,,,,,,,,,,,,,,123.173,122.847,49.644,,,,24.622,85.474,,,,,,,,,,,,,,,,,,,,,DE_KN_residential3_washing_machine | DE_KN_residential3_dishwasher | DE_KN_residential3_refrigerator | DE_KN_residential3_freezer | DE_KN_residential3_circulation_pump
2015-02-19T15:00:00Z,2015-02-19T16:00:00+0100,,,,,,,,,,,,,,,,,,,,,,,,,,,,,,,,,,,,,,,,,123.250,122.850,49.660,,,,24.622,85.474,,,,,,,,,,,,,,,,,,,,,DE_KN_residential3_washing_machine | DE_KN_residential3_dishwasher | DE_KN_residential3_refrigerator | DE_KN_residential3_freezer | DE_KN_residential3_circulation_pump
2015-02-19T16:00:00Z,2015-02-19T17:00:00+0100,,,,,,,,,,,,,,,,,,,,,,,,,,,,,,,,,,,,,,,,,123.320,122.852,49.693,,,,24.644,85.474,,,,,,,,,,,,,,,,,,,,,DE_KN_residential3_washing_machine | DE_KN_residential3_dishwasher | DE_KN_residential3_refrigerator | DE_KN_residential3_freezer | DE_KN_residential3_circulation_pump
2015-02-19T17:00:00Z,2015-02-19T18:00:00+0100,,,,,,,,,,,,,,,,,,,,,,,,,,,,,,,,,,,,,,,,,123.390,122.855,49.739,,,,24.662,85.474,,,,,,,,,,,,,,,,,,,,,DE_KN_residential3_washing_machine | DE_KN_residential3_dishwasher | DE_KN_residential3_refrigerator | DE_KN_residential3_freezer | DE_KN_residential3_circulation_pump
2015-02-19T18:00:00Z,2015-02-19T19:00:00+0100,,,,,,,,,,,,,,,,,,,,,,,,,,,,,,,,,,,,,,,,,123.461,122.858,49.741,,,,24.681,85.474,,,,,,,,,,,,,,,,,,,,,DE_KN_residential3_washing_machine | DE_KN_residential3_dishwasher | DE_KN_residential3_refrigerator | DE_KN_residential3_freezer | DE_KN_residential3_circulation_pump
2015-02-19T19:00:00Z,2015-02-19T20:00:00+0100,,,,,,,,,,,,,,,,,,,,,,,,,,,,,,,,,,,,,,,,,123.533,122.860,49.789,,,,24.698,85.474,,,,,,,,,,,,,,,,,,,,,DE_KN_residential3_washing_machine | DE_KN_residential3_dishwasher | DE_KN_residential3_refrigerator | DE_KN_residential3_freezer | DE_KN_residential3_circulation_pump
2015-02-19T20:00:00Z,2015-02-19T21:00:00+0100,,,,,,,,,,,,,,,,,,,,,,,,,,,,,,,,,,,,,,,,,123.604,122.863,49.804,,,,24.720,85.474,,,,,,,,,,,,,,,,,,,,,DE_KN_residential3_washing_machine | DE_KN_residential3_dishwasher | DE_KN_residential3_refrigerator | DE_KN_residential3_freezer | DE_KN_residential3_circulation_pump
2015-02-19T21:00:00Z,2015-02-19T22:00:00+0100,,,,,,,,,,,,,,,,,,,,,,,,,,,,,,,,,,,,,,,,,123.676,122.865,49.838,,,,24.729,85.474,,,,,,,,,,,,,,,,,,,,,DE_KN_residential3_washing_machine | DE_KN_residential3_dishwasher | DE_KN_residential3_refrigerator | DE_KN_residential3_freezer | DE_KN_residential3_circulation_pump
2015-02-19T22:00:00Z,2015-02-19T23:00:00+0100,,,,,,,,,,,,,,,,,,,,,,,,,,,,,,,,,,,,,,,,,123.748,123.668,49.885,,,,24.744,85.474,,,,,,,,,,,,,,,,,,,,,DE_KN_residential3_washing_machine | DE_KN_residential3_dishwasher | DE_KN_residential3_refrigerator | DE_KN_residential3_freezer | DE_KN_residential3_circulation_pump
2015-02-19T23:00:00Z,2015-02-20T00:00:00+0100,,,,,,,,,,,,,,,,,,,,,,,,,,,,,,,,,,,,,,,,,123.818,124.276,49.887,,,,24.766,85.474,,,,,,,,,,,,,,,,,,,,,DE_KN_residential3_washing_machine | DE_KN_residential3_dishwasher | DE_KN_residential3_refrigerator | DE_KN_residential3_freezer | DE_KN_residential3_circulation_pump
2015-02-20T00:00:00Z,2015-02-20T01:00:00+0100,,,,,,,,,,,,,,,,,,,,,,,,,,,,,,,,,,,,,,,,,123.892,124.281,49.935,,,,24.767,85.474,,,,,,,,,,,,,,,,,,,,,DE_KN_residential3_washing_machine | DE_KN_residential3_dishwasher | DE_KN_residential3_refrigerator | DE_KN_residential3_freezer | DE_KN_residential3_circulation_pump
2015-02-20T01:00:00Z,2015-02-20T02:00:00+0100,,,,,,,,,,,,,,,,,,,,,,,,,,,,,,,,,,,,,,,,,123.962,124.284,49.946,,,,24.790,85.474,,,,,,,,,,,,,,,,,,,,,DE_KN_residential3_washing_machine | DE_KN_residential3_dishwasher | DE_KN_residential3_refrigerator | DE_KN_residential3_freezer | DE_KN_residential3_circulation_pump
2015-02-20T02:00:00Z,2015-02-20T03:00:00+0100,,,,,,,,,,,,,,,,,,,,,,,,,,,,,,,,,,,,,,,,,124.037,124.287,49.985,,,,24.812,85.474,,,,,,,,,,,,,,,,,,,,,DE_KN_residential3_washing_machine | DE_KN_residential3_dishwasher | DE_KN_residential3_refrigerator | DE_KN_residential3_freezer | DE_KN_residential3_circulation_pump
2015-02-20T03:00:00Z,2015-02-20T04:00:00+0100,,,,,,,,,,,,,,,,,,,,,,,,,,,,,,,,,,,,,,,,,124.107,124.290,50.025,,,,24.813,85.474,,,,,,,,,,,,,,,,,,,,,DE_KN_residential3_washing_machine | DE_KN_residential3_dishwasher | DE_KN_residential3_refrigerator | DE_KN_residential3_freezer | DE_KN_residential3_circulation_pump
2015-02-20T04:00:00Z,2015-02-20T05:00:00+0100,,,,,,,,,,,,,,,,,,,,,,,,,,,,,,,,,,,,,,,,,124.180,124.292,50.035,,,,24.836,85.474,,,,,,,,,,,,,,,,,,,,,DE_KN_residential3_washing_machine | DE_KN_residential3_dishwasher | DE_KN_residential3_refrigerator | DE_KN_residential3_freezer | DE_KN_residential3_circulation_pump
2015-02-20T05:00:00Z,2015-02-20T06:00:00+0100,,,,,,,,,,,,,,,,,,,,,,,,,,,,,,,,,,,,,,,,,124.251,124.295,50.082,,,,24.851,85.474,,,,,,,,,,,,,,,,,,,,,DE_KN_residential3_washing_machine | DE_KN_residential3_dishwasher | DE_KN_residential3_refrigerator | DE_KN_residential3_freezer | DE_KN_residential3_circulation_pump
2015-02-20T06:00:00Z,2015-02-20T07:00:00+0100,,,,,,,,,,,,,,,,,,,,,,,,,,,,,,,,,,,,,,,,,124.323,124.297,50.084,,,,24.865,86.031,,,,,,,,,,,,,,,,,,,,,DE_KN_residential3_washing_machine | DE_KN_residential3_dishwasher | DE_KN_residential3_refrigerator | DE_KN_residential3_freezer | DE_KN_residential3_circulation_pump
2015-02-20T07:00:00Z,2015-02-20T08:00:00+0100,,,,,,,,,,,,,,,,,,,,,,,,,,,,,,,,,,,,,,,,,124.394,124.300,50.132,,,,24.888,86.441,,,,,,,,,,,,,,,,,,,,,DE_KN_residential3_washing_machine | DE_KN_residential3_dishwasher | DE_KN_residential3_refrigerator | DE_KN_residential3_freezer | DE_KN_residential3_circulation_pump
2015-02-20T08:00:00Z,2015-02-20T09:00:00+0100,,,,,,,,,,,,,,,,,,,,,,,,,,,,,,,,,,,,,,,,,124.464,124.302,50.158,,,,24.888,86.537,,,,,,,,,,,,,,,,,,,,,DE_KN_residential3_washing_machine | DE_KN_residential3_dishwasher | DE_KN_residential3_refrigerator | DE_KN_residential3_freezer | DE_KN_residential3_circulation_pump
2015-02-20T09:00:00Z,2015-02-20T10:00:00+0100,,,,,,,,,,,,,,,,,,,,,,,,,,,,,,,,,,,,,,,,,124.534,124.305,50.181,,,,24.911,86.576,,,,,,,,,,,,,,,,,,,,,DE_KN_residential3_washing_machine | DE_KN_residential3_dishwasher | DE_KN_residential3_refrigerator | DE_KN_residential3_freezer | DE_KN_residential3_circulation_pump
2015-02-20T10:00:00Z,2015-02-20T11:00:00+0100,,,,,,,,,,,,,,,,,,,,,,,,,,,,,,,,,,,,,,,,,124.604,124.308,50.228,,,,24.934,86.576,,,,,,,,,,,,,,,,,,,,,DE_KN_residential3_washing_machine | DE_KN_residential3_dishwasher | DE_KN_residential3_refrigerator | DE_KN_residential3_freezer | DE_KN_residential3_circulation_pump
2015-02-20T11:00:00Z,2015-02-20T12:00:00+0100,,,,,,,,,,,,,,,,,,,,,,,,,,,,,,,,,,,,,,,,,124.674,124.310,50.231,,,,24.936,86.576,,,,,,,,,,,,,,,,,,,,,DE_KN_residential3_washing_machine | DE_KN_residential3_dishwasher | DE_KN_residential3_refrigerator | DE_KN_residential3_freezer | DE_KN_residential3_circulation_pump
2015-02-20T12:00:00Z,2015-02-20T13:00:00+0100,,,,,,,,,,,,,,,,,,,,,,,,,,,,,,,,,,,,,,,,,124.744,124.313,50.275,,,,24.959,86.883,,,,,,,,,,,,,,,,,,,,,DE_KN_residential3_washing_machine | DE_KN_residential3_dishwasher | DE_KN_residential3_refrigerator | DE_KN_residential3_freezer | DE_KN_residential3_circulation_pump
2015-02-20T13:00:00Z,2015-02-20T14:00:00+0100,,,,,,,,,,,,,,,,,,,,,,,,,,,,,,,,,,,,,,,,,124.820,124.315,50.319,,,,24.981,86.883,,,,,,,,,,,,,,,,,,,,,DE_KN_residential3_washing_machine | DE_KN_residential3_dishwasher | DE_KN_residential3_refrigerator | DE_KN_residential3_freezer | DE_KN_residential3_circulation_pump
2015-02-20T14:00:00Z,2015-02-20T15:00:00+0100,,,,,,,,,,,,,,,,,,,,,,,,,,,,,,,,,,,,,,,,,124.897,124.317,50.321,,,,24.983,86.883,,,,,,,,,,,,,,,,,,,,,DE_KN_residential3_washing_machine | DE_KN_residential3_dishwasher | DE_KN_residential3_refrigerator | DE_KN_residential3_freezer | DE_KN_residential3_circulation_pump
2015-02-20T15:00:00Z,2015-02-20T16:00:00+0100,,,,,,,,,,,,,,,,,,,,,,,,,,,,,,,,,,,,,,,,,124.975,124.320,50.364,,,,25.005,86.883,,,,,,,,,,,,,,,,,,,,,DE_KN_residential3_washing_machine | DE_KN_residential3_dishwasher | DE_KN_residential3_refrigerator | DE_KN_residential3_freezer | DE_KN_residential3_circulation_pump
2015-02-20T16:00:00Z,2015-02-20T17:00:00+0100,,,,,,,,,,,,,,,,,,,,,,,,,,,,,,,,,,,,,,,,,125.045,124.322,50.405,,,,25.017,86.883,,,,,,,,,,,,,,,,,,,,,DE_KN_residential3_washing_machine | DE_KN_residential3_dishwasher | DE_KN_residential3_refrigerator | DE_KN_residential3_freezer | DE_KN_residential3_circulation_pump
2015-02-20T17:00:00Z,2015-02-20T18:00:00+0100,,,,,,,,,,,,,,,,,,,,,,,,,,,,,,,,,,,,,,,,,125.115,124.325,50.410,,,,25.028,86.883,,,,,,,,,,,,,,,,,,,,,DE_KN_residential3_washing_machine | DE_KN_residential3_dishwasher | DE_KN_residential3_refrigerator | DE_KN_residential3_freezer | DE_KN_residential3_circulation_pump
2015-02-20T18:00:00Z,2015-02-20T19:00:00+0100,,,,,,,,,,,,,,,,,,,,,,,,,,,,,,,,,,,,,,,,,125.186,124.328,50.453,,,,25.059,86.883,,,,,,,,,,,,,,,,,,,,,DE_KN_residential3_washing_machine | DE_KN_residential3_dishwasher | DE_KN_residential3_refrigerator | DE_KN_residential3_freezer | DE_KN_residential3_circulation_pump
2015-02-20T19:00:00Z,2015-02-20T20:00:00+0100,,,,,,,,,,,,,,,,,,,,,,,,,,,,,,,,,,,,,,,,,125.257,124.330,50.483,,,,25.061,86.883,,,,,,,,,,,,,,,,,,,,,DE_KN_residential3_washing_machine | DE_KN_residential3_dishwasher | DE_KN_residential3_refrigerator | DE_KN_residential3_freezer | DE_KN_residential3_circulation_pump
2015-02-20T20:00:00Z,2015-02-20T21:00:00+0100,,,,,,,,,,,,,,,,,,,,,,,,,,,,,,,,,,,,,,,,,125.330,125.156,50.499,,,,25.088,86.884,,,,,,,,,,,,,,,,,,,,,DE_KN_residential3_washing_machine | DE_KN_residential3_dishwasher | DE_KN_residential3_refrigerator | DE_KN_residential3_freezer | DE_KN_residential3_circulation_pump
2015-02-20T21:00:00Z,2015-02-20T22:00:00+0100,,,,,,,,,,,,,,,,,,,,,,,,,,,,,,,,,,,,,,,,,125.405,125.774,50.543,,,,25.109,87.929,,,,,,,,,,,,,,,,,,,,,DE_KN_residential3_washing_machine | DE_KN_residential3_dishwasher | DE_KN_residential3_refrigerator | DE_KN_residential3_freezer | DE_KN_residential3_circulation_pump
2015-02-20T22:00:00Z,2015-02-20T23:00:00+0100,,,,,,,,,,,,,,,,,,,,,,,,,,,,,,,,,,,,,,,,,125.477,125.776,50.558,,,,25.114,88.268,,,,,,,,,,,,,,,,,,,,,DE_KN_residential3_washing_machine | DE_KN_residential3_dishwasher | DE_KN_residential3_refrigerator | DE_KN_residential3_freezer | DE_KN_residential3_circulation_pump
2015-02-20T23:00:00Z,2015-02-21T00:00:00+0100,,,,,,,,,,,,,,,,,,,,,,,,,,,,,,,,,,,,,,,,,125.545,125.778,50.589,,,,25.132,88.767,,,,,,,,,,,,,,,,,,,,,DE_KN_residential3_washing_machine | DE_KN_residential3_dishwasher | DE_KN_residential3_refrigerator | DE_KN_residential3_freezer | DE_KN_residential3_circulation_pump
2015-02-21T00:00:00Z,2015-02-21T01:00:00+0100,,,,,,,,,,,,,,,,,,,,,,,,,,,,,,,,,,,,,,,,,125.620,125.781,50.632,,,,25.156,88.786,,,,,,,,,,,,,,,,,,,,,DE_KN_residential3_washing_machine | DE_KN_residential3_dishwasher | DE_KN_residential3_refrigerator | DE_KN_residential3_freezer | DE_KN_residential3_circulation_pump
2015-02-21T01:00:00Z,2015-02-21T02:00:00+0100,,,,,,,,,,,,,,,,,,,,,,,,,,,,,,,,,,,,,,,,,125.690,125.784,50.634,,,,25.162,88.801,,,,,,,,,,,,,,,,,,,,,DE_KN_residential3_washing_machine | DE_KN_residential3_dishwasher | DE_KN_residential3_refrigerator | DE_KN_residential3_freezer | DE_KN_residential3_circulation_pump
2015-02-21T02:00:00Z,2015-02-21T03:00:00+0100,,,,,,,,,,,,,,,,,,,,,,,,,,,,,,,,,,,,,,,,,125.766,125.786,50.678,,,,25.179,88.801,,,,,,,,,,,,,,,,,,,,,DE_KN_residential3_washing_machine | DE_KN_residential3_dishwasher | DE_KN_residential3_refrigerator | DE_KN_residential3_freezer | DE_KN_residential3_circulation_pump
2015-02-21T03:00:00Z,2015-02-21T04:00:00+0100,,,,,,,,,,,,,,,,,,,,,,,,,,,,,,,,,,,,,,,,,125.838,125.789,50.722,,,,25.201,88.801,,,,,,,,,,,,,,,,,,,,,DE_KN_residential3_washing_machine | DE_KN_residential3_dishwasher | DE_KN_residential3_refrigerator | DE_KN_residential3_freezer | DE_KN_residential3_circulation_pump
2015-02-21T04:00:00Z,2015-02-21T05:00:00+0100,,,,,,,,,,,,,,,,,,,,,,,,,,,,,,,,,,,,,,,,,125.912,125.791,50.724,,,,25.201,88.801,,,,,,,,,,,,,,,,,,,,,DE_KN_residential3_washing_machine | DE_KN_residential3_dishwasher | DE_KN_residential3_refrigerator | DE_KN_residential3_freezer | DE_KN_residential3_circulation_pump
2015-02-21T05:00:00Z,2015-02-21T06:00:00+0100,,,,,,,,,,,,,,,,,,,,,,,,,,,,,,,,,,,,,,,,,125.985,125.794,50.768,,,,25.222,88.801,,,,,,,,,,,,,,,,,,,,,DE_KN_residential3_washing_machine | DE_KN_residential3_dishwasher | DE_KN_residential3_refrigerator | DE_KN_residential3_freezer | DE_KN_residential3_circulation_pump
2015-02-21T06:00:00Z,2015-02-21T07:00:00+0100,,,,,,,,,,,,,,,,,,,,,,,,,,,,,,,,,,,,,,,,,126.057,125.796,50.801,,,,25.235,88.802,,,,,,,,,,,,,,,,,,,,,DE_KN_residential3_washing_machine | DE_KN_residential3_dishwasher | DE_KN_residential3_refrigerator | DE_KN_residential3_freezer | DE_KN_residential3_circulation_pump
2015-02-21T07:00:00Z,2015-02-21T08:00:00+0100,,,,,,,,,,,,,,,,,,,,,,,,,,,,,,,,,,,,,,,,,126.129,125.799,50.814,,,,25.246,88.802,,,,,,,,,,,,,,,,,,,,,DE_KN_residential3_washing_machine | DE_KN_residential3_dishwasher | DE_KN_residential3_refrigerator | DE_KN_residential3_freezer | DE_KN_residential3_circulation_pump
2015-02-21T08:00:00Z,2015-02-21T09:00:00+0100,,,,,,,,,,,,,,,,,,,,,,,,,,,,,,,,,,,,,,,,,126.202,125.802,50.858,,,,25.267,88.802,,,,,,,,,,,,,,,,,,,,,DE_KN_residential3_washing_machine | DE_KN_residential3_dishwasher | DE_KN_residential3_refrigerator | DE_KN_residential3_freezer | DE_KN_residential3_circulation_pump
2015-02-21T09:00:00Z,2015-02-21T10:00:00+0100,,,,,,,,,,,,,,,,,,,,,,,,,,,,,,,,,,,,,,,,,126.276,125.804,50.877,,,,25.279,88.802,,,,,,,,,,,,,,,,,,,,,DE_KN_residential3_washing_machine | DE_KN_residential3_dishwasher | DE_KN_residential3_refrigerator | DE_KN_residential3_freezer | DE_KN_residential3_circulation_pump
2015-02-21T10:00:00Z,2015-02-21T11:00:00+0100,,,,,,,,,,,,,,,,,,,,,,,,,,,,,,,,,,,,,,,,,126.350,125.807,50.903,,,,25.290,88.802,,,,,,,,,,,,,,,,,,,,,DE_KN_residential3_washing_machine | DE_KN_residential3_dishwasher | DE_KN_residential3_refrigerator | DE_KN_residential3_freezer | DE_KN_residential3_circulation_pump
2015-02-21T11:00:00Z,2015-02-21T12:00:00+0100,,,,,,,,,,,,,,,,,,,,,,,,,,,,,,,,,,,,,,,,,126.441,125.809,50.946,,,,25.312,88.802,,,,,,,,,,,,,,,,,,,,,DE_KN_residential3_washing_machine | DE_KN_residential3_dishwasher | DE_KN_residential3_refrigerator | DE_KN_residential3_freezer | DE_KN_residential3_circulation_pump
2015-02-21T12:00:00Z,2015-02-21T13:00:00+0100,,,,,,,,,,,,,,,,,,,,,,,,,,,,,,,,,,,,,,,,,126.565,125.812,50.953,,,,25.312,88.802,,,,,,,,,,,,,,,,,,,,,DE_KN_residential3_washing_machine | DE_KN_residential3_dishwasher | DE_KN_residential3_refrigerator | DE_KN_residential3_freezer | DE_KN_residential3_circulation_pump
2015-02-21T13:00:00Z,2015-02-21T14:00:00+0100,,,,,,,,,,,,,,,,,,,,,,,,,,,,,,,,,,,,,,,,,126.692,125.814,50.991,,,,25.335,88.802,,,,,,,,,,,,,,,,,,,,,DE_KN_residential3_washing_machine | DE_KN_residential3_dishwasher | DE_KN_residential3_refrigerator | DE_KN_residential3_freezer | DE_KN_residential3_circulation_pump
2015-02-21T14:00:00Z,2015-02-21T15:00:00+0100,,,,,,,,,,,,,,,,,,,,,,,,,,,,,,,,,,,,,,,,,126.811,125.818,51.034,,,,25.353,88.802,,,,,,,,,,,,,,,,,,,,,DE_KN_residential3_washing_machine | DE_KN_residential3_dishwasher | DE_KN_residential3_refrigerator | DE_KN_residential3_freezer | DE_KN_residential3_circulation_pump
2015-02-21T15:00:00Z,2015-02-21T16:00:00+0100,,,,,,,,,,,,,,,,,,,,,,,,,,,,,,,,,,,,,,,,,126.909,125.820,51.036,,,,25.358,88.802,,,,,,,,,,,,,,,,,,,,,DE_KN_residential3_washing_machine | DE_KN_residential3_dishwasher | DE_KN_residential3_refrigerator | DE_KN_residential3_freezer | DE_KN_residential3_circulation_pump
2015-02-21T16:00:00Z,2015-02-21T17:00:00+0100,,,,,,,,,,,,,,,,,,,,,,,,,,,,,,,,,,,,,,,,,126.979,125.822,51.080,,,,25.380,88.802,,,,,,,,,,,,,,,,,,,,,DE_KN_residential3_washing_machine | DE_KN_residential3_dishwasher | DE_KN_residential3_refrigerator | DE_KN_residential3_freezer | DE_KN_residential3_circulation_pump
2015-02-21T17:00:00Z,2015-02-21T18:00:00+0100,,,,,,,,,,,,,,,,,,,,,,,,,,,,,,,,,,,,,,,,,127.048,125.826,51.123,,,,25.402,88.802,,,,,,,,,,,,,,,,,,,,,DE_KN_residential3_washing_machine | DE_KN_residential3_dishwasher | DE_KN_residential3_refrigerator | DE_KN_residential3_freezer | DE_KN_residential3_circulation_pump
2015-02-21T18:00:00Z,2015-02-21T19:00:00+0100,,,,,,,,,,,,,,,,,,,,,,,,,,,,,,,,,,,,,,,,,127.121,126.796,51.125,,,,25.409,89.326,,,,,,,,,,,,,,,,,,,,,DE_KN_residential3_washing_machine | DE_KN_residential3_dishwasher | DE_KN_residential3_refrigerator | DE_KN_residential3_freezer | DE_KN_residential3_circulation_pump
2015-02-21T19:00:00Z,2015-02-21T20:00:00+0100,,,,,,,,,,,,,,,,,,,,,,,,,,,,,,,,,,,,,,,,,127.195,127.055,51.169,,,,25.432,89.764,,,,,,,,,,,,,,,,,,,,,DE_KN_residential3_washing_machine | DE_KN_residential3_dishwasher | DE_KN_residential3_refrigerator | DE_KN_residential3_freezer | DE_KN_residential3_circulation_pump
2015-02-21T20:00:00Z,2015-02-21T21:00:00+0100,,,,,,,,,,,,,,,,,,,,,,,,,,,,,,,,,,,,,,,,,127.267,127.058,51.198,,,,25.434,89.852,,,,,,,,,,,,,,,,,,,,,DE_KN_residential3_washing_machine | DE_KN_residential3_dishwasher | DE_KN_residential3_refrigerator | DE_KN_residential3_freezer | DE_KN_residential3_circulation_pump
2015-02-21T21:00:00Z,2015-02-21T22:00:00+0100,,,,,,,,,,,,,,,,,,,,,,,,,,,,,,,,,,,,,,,,,127.341,127.060,51.213,,,,25.454,90.533,,,,,,,,,,,,,,,,,,,,,DE_KN_residential3_washing_machine | DE_KN_residential3_dishwasher | DE_KN_residential3_refrigerator | DE_KN_residential3_freezer | DE_KN_residential3_circulation_pump
2015-02-21T22:00:00Z,2015-02-21T23:00:00+0100,,,,,,,,,,,,,,,,,,,,,,,,,,,,,,,,,,,,,,,,,127.412,127.062,51.256,,,,25.478,91.079,,,,,,,,,,,,,,,,,,,,,DE_KN_residential3_washing_machine | DE_KN_residential3_dishwasher | DE_KN_residential3_refrigerator | DE_KN_residential3_freezer | DE_KN_residential3_circulation_pump
2015-02-21T23:00:00Z,2015-02-22T00:00:00+0100,,,,,,,,,,,,,,,,,,,,,,,,,,,,,,,,,,,,,,,,,127.482,127.065,51.296,,,,25.487,92.067,,,,,,,,,,,,,,,,,,,,,DE_KN_residential3_washing_machine | DE_KN_residential3_dishwasher | DE_KN_residential3_refrigerator | DE_KN_residential3_freezer | DE_KN_residential3_circulation_pump
2015-02-22T00:00:00Z,2015-02-22T01:00:00+0100,,,,,,,,,,,,,,,,,,,,,,,,,,,,,,,,,,,,,,,,,127.558,127.067,51.323,,,,25.502,92.391,,,,,,,,,,,,,,,,,,,,,DE_KN_residential3_washing_machine | DE_KN_residential3_dishwasher | DE_KN_residential3_refrigerator | DE_KN_residential3_freezer | DE_KN_residential3_circulation_pump
2015-02-22T01:00:00Z,2015-02-22T02:00:00+0100,,,,,,,,,,,,,,,,,,,,,,,,,,,,,,,,,,,,,,,,,127.629,127.070,51.343,,,,25.524,92.407,,,,,,,,,,,,,,,,,,,,,DE_KN_residential3_washing_machine | DE_KN_residential3_dishwasher | DE_KN_residential3_refrigerator | DE_KN_residential3_freezer | DE_KN_residential3_circulation_pump
2015-02-22T02:00:00Z,2015-02-22T03:00:00+0100,,,,,,,,,,,,,,,,,,,,,,,,,,,,,,,,,,,,,,,,,127.706,127.073,51.387,,,,25.525,92.416,,,,,,,,,,,,,,,,,,,,,DE_KN_residential3_washing_machine | DE_KN_residential3_dishwasher | DE_KN_residential3_refrigerator | DE_KN_residential3_freezer | DE_KN_residential3_circulation_pump
2015-02-22T03:00:00Z,2015-02-22T04:00:00+0100,,,,,,,,,,,,,,,,,,,,,,,,,,,,,,,,,,,,,,,,,127.777,127.075,51.416,,,,25.547,92.416,,,,,,,,,,,,,,,,,,,,,DE_KN_residential3_washing_machine | DE_KN_residential3_dishwasher | DE_KN_residential3_refrigerator | DE_KN_residential3_freezer | DE_KN_residential3_circulation_pump
2015-02-22T04:00:00Z,2015-02-22T05:00:00+0100,,,,,,,,,,,,,,,,,,,,,,,,,,,,,,,,,,,,,,,,,127.852,127.078,51.433,,,,25.562,92.416,,,,,,,,,,,,,,,,,,,,,DE_KN_residential3_washing_machine | DE_KN_residential3_dishwasher | DE_KN_residential3_refrigerator | DE_KN_residential3_freezer | DE_KN_residential3_circulation_pump
2015-02-22T05:00:00Z,2015-02-22T06:00:00+0100,,,,,,,,,,,,,,,,,,,,,,,,,,,,,,,,,,,,,,,,,127.925,127.080,51.476,,,,25.570,92.416,,,,,,,,,,,,,,,,,,,,,DE_KN_residential3_washing_machine | DE_KN_residential3_dishwasher | DE_KN_residential3_refrigerator | DE_KN_residential3_freezer | DE_KN_residential3_circulation_pump
2015-02-22T06:00:00Z,2015-02-22T07:00:00+0100,,,,,,,,,,,,,,,,,,,,,,,,,,,,,,,,,,,,,,,,,127.998,127.083,51.494,,,,25.592,92.416,,,,,,,,,,,,,,,,,,,,,DE_KN_residential3_washing_machine | DE_KN_residential3_dishwasher | DE_KN_residential3_refrigerator | DE_KN_residential3_freezer | DE_KN_residential3_circulation_pump
2015-02-22T07:00:00Z,2015-02-22T08:00:00+0100,,,,,,,,,,,,,,,,,,,,,,,,,,,,,,,,,,,,,,,,,128.070,127.085,51.522,,,,25.602,92.433,,,,,,,,,,,,,,,,,,,,,DE_KN_residential3_washing_machine | DE_KN_residential3_dishwasher | DE_KN_residential3_refrigerator | DE_KN_residential3_freezer | DE_KN_residential3_circulation_pump
2015-02-22T08:00:00Z,2015-02-22T09:00:00+0100,,,,,,,,,,,,,,,,,,,,,,,,,,,,,,,,,,,,,,,,,128.142,127.088,51.564,,,,25.630,92.636,,,,,,,,,,,,,,,,,,,,,DE_KN_residential3_washing_machine | DE_KN_residential3_dishwasher | DE_KN_residential3_refrigerator | DE_KN_residential3_freezer | DE_KN_residential3_circulation_pump
2015-02-22T09:00:00Z,2015-02-22T10:00:00+0100,,,,,,,,,,,,,,,,,,,,,,,,,,,,,,,,,,,,,,,,,128.216,127.091,51.566,,,,25.648,92.808,,,,,,,,,,,,,,,,,,,,,DE_KN_residential3_washing_machine | DE_KN_residential3_dishwasher | DE_KN_residential3_refrigerator | DE_KN_residential3_freezer | DE_KN_residential3_circulation_pump
2015-02-22T10:00:00Z,2015-02-22T11:00:00+0100,,,,,,,,,,,,,,,,,,,,,,,,,,,,,,,,,,,,,,,,,128.288,127.093,51.610,,,,25.656,92.893,,,,,,,,,,,,,,,,,,,,,DE_KN_residential3_washing_machine | DE_KN_residential3_dishwasher | DE_KN_residential3_refrigerator | DE_KN_residential3_freezer | DE_KN_residential3_circulation_pump
2015-02-22T11:00:00Z,2015-02-22T12:00:00+0100,,,,,,,,,,,,,,,,,,,,,,,,,,,,,,,,,,,,,,,,,128.360,127.096,51.653,,,,25.683,92.893,,,,,,,,,,,,,,,,,,,,,DE_KN_residential3_washing_machine | DE_KN_residential3_dishwasher | DE_KN_residential3_refrigerator | DE_KN_residential3_freezer | DE_KN_residential3_circulation_pump
2015-02-22T12:00:00Z,2015-02-22T13:00:00+0100,,,,,,,,,,,,,,,,,,,,,,,,,,,,,,,,,,,,,,,,,128.472,127.098,51.655,,,,25.698,92.893,,,,,,,,,,,,,,,,,,,,,DE_KN_residential3_washing_machine | DE_KN_residential3_dishwasher | DE_KN_residential3_refrigerator | DE_KN_residential3_freezer | DE_KN_residential3_circulation_pump
2015-02-22T13:00:00Z,2015-02-22T14:00:00+0100,,,,,,,,,,,,,,,,,,,,,,,,,,,,,,,,,,,,,,,,,128.590,127.101,51.699,,,,25.714,92.893,,,,,,,,,,,,,,,,,,,,,DE_KN_residential3_washing_machine | DE_KN_residential3_dishwasher | DE_KN_residential3_refrigerator | DE_KN_residential3_freezer | DE_KN_residential3_circulation_pump
2015-02-22T14:00:00Z,2015-02-22T15:00:00+0100,,,,,,,,,,,,,,,,,,,,,,,,,,,,,,,,,,,,,,,,,128.674,127.103,51.729,,,,25.736,92.893,,,,,,,,,,,,,,,,,,,,,DE_KN_residential3_washing_machine | DE_KN_residential3_dishwasher | DE_KN_residential3_refrigerator | DE_KN_residential3_freezer | DE_KN_residential3_circulation_pump
2015-02-22T15:00:00Z,2015-02-22T16:00:00+0100,,,,,,,,,,,,,,,,,,,,,,,,,,,,,,,,,,,,,,,,,128.752,127.106,51.746,,,,25.750,92.893,,,,,,,,,,,,,,,,,,,,,DE_KN_residential3_washing_machine | DE_KN_residential3_dishwasher | DE_KN_residential3_refrigerator | DE_KN_residential3_freezer | DE_KN_residential3_circulation_pump
2015-02-22T16:00:00Z,2015-02-22T17:00:00+0100,,,,,,,,,,,,,,,,,,,,,,,,,,,,,,,,,,,,,,,,,128.823,127.109,51.789,,,,25.760,92.893,,,,,,,,,,,,,,,,,,,,,DE_KN_residential3_washing_machine | DE_KN_residential3_dishwasher | DE_KN_residential3_refrigerator | DE_KN_residential3_freezer | DE_KN_residential3_circulation_pump
2015-02-22T17:00:00Z,2015-02-22T18:00:00+0100,,,,,,,,,,,,,,,,,,,,,,,,,,,,,,,,,,,,,,,,,128.893,127.111,51.801,,,,25.785,92.893,,,,,,,,,,,,,,,,,,,,,DE_KN_residential3_washing_machine | DE_KN_residential3_dishwasher | DE_KN_residential3_refrigerator | DE_KN_residential3_freezer | DE_KN_residential3_circulation_pump
2015-02-22T18:00:00Z,2015-02-22T19:00:00+0100,,,,,,,,,,,,,,,,,,,,,,,,,,,,,,,,,,,,,,,,,128.964,127.114,51.834,,,,25.802,92.893,,,,,,,,,,,,,,,,,,,,,DE_KN_residential3_washing_machine | DE_KN_residential3_dishwasher | DE_KN_residential3_refrigerator | DE_KN_residential3_freezer | DE_KN_residential3_circulation_pump
2015-02-22T19:00:00Z,2015-02-22T20:00:00+0100,,,,,,,,,,,,,,,,,,,,,,,,,,,,,,,,,,,,,,,,,129.037,128.010,51.877,,,,25.810,92.893,,,,,,,,,,,,,,,,,,,,,DE_KN_residential3_washing_machine | DE_KN_residential3_dishwasher | DE_KN_residential3_refrigerator | DE_KN_residential3_freezer | DE_KN_residential3_circulation_pump
2015-02-22T20:00:00Z,2015-02-22T21:00:00+0100,,,,,,,,,,,,,,,,,,,,,,,,,,,,,,,,,,,,,,,,,129.110,128.488,51.879,,,,25.834,92.893,,,,,,,,,,,,,,,,,,,,,DE_KN_residential3_washing_machine | DE_KN_residential3_dishwasher | DE_KN_residential3_refrigerator | DE_KN_residential3_freezer | DE_KN_residential3_circulation_pump
2015-02-22T21:00:00Z,2015-02-22T22:00:00+0100,,,,,,,,,,,,,,,,,,,,,,,,,,,,,,,,,,,,,,,,,129.183,128.490,51.922,,,,25.849,92.893,,,,,,,,,,,,,,,,,,,,,DE_KN_residential3_washing_machine | DE_KN_residential3_dishwasher | DE_KN_residential3_refrigerator | DE_KN_residential3_freezer | DE_KN_residential3_circulation_pump
2015-02-22T22:00:00Z,2015-02-22T23:00:00+0100,,,,,,,,,,,,,,,,,,,,,,,,,,,,,,,,,,,,,,,,,129.253,128.493,51.965,,,,25.858,92.893,,,,,,,,,,,,,,,,,,,,,DE_KN_residential3_washing_machine | DE_KN_residential3_dishwasher | DE_KN_residential3_refrigerator | DE_KN_residential3_freezer | DE_KN_residential3_circulation_pump
2015-02-22T23:00:00Z,2015-02-23T00:00:00+0100,,,,,,,,,,,,,,,,,,,,,,,,,,,,,,,,,,,,,,,,,129.322,128.495,51.969,,,,25.881,92.894,,,,,,,,,,,,,,,,,,,,,DE_KN_residential3_washing_machine | DE_KN_residential3_dishwasher | DE_KN_residential3_refrigerator | DE_KN_residential3_freezer | DE_KN_residential3_circulation_pump
2015-02-23T00:00:00Z,2015-02-23T01:00:00+0100,,,,,,,,,,,,,,,,,,,,,,,,,,,,,,,,,,,,,,,,,129.396,128.498,52.012,,,,25.888,92.894,,,,,,,,,,,,,,,,,,,,,DE_KN_residential3_washing_machine | DE_KN_residential3_dishwasher | DE_KN_residential3_refrigerator | DE_KN_residential3_freezer | DE_KN_residential3_circulation_pump
2015-02-23T01:00:00Z,2015-02-23T02:00:00+0100,,,,,,,,,,,,,,,,,,,,,,,,,,,,,,,,,,,,,,,,,129.467,128.501,52.041,,,,25.903,92.894,,,,,,,,,,,,,,,,,,,,,DE_KN_residential3_washing_machine | DE_KN_residential3_dishwasher | DE_KN_residential3_refrigerator | DE_KN_residential3_freezer | DE_KN_residential3_circulation_pump
2015-02-23T02:00:00Z,2015-02-23T03:00:00+0100,,,,,,,,,,,,,,,,,,,,,,,,,,,,,,,,,,,,,,,,,129.542,128.503,52.058,,,,25.926,92.894,,,,,,,,,,,,,,,,,,,,,DE_KN_residential3_washing_machine | DE_KN_residential3_dishwasher | DE_KN_residential3_refrigerator | DE_KN_residential3_freezer | DE_KN_residential3_circulation_pump
2015-02-23T03:00:00Z,2015-02-23T04:00:00+0100,,,,,,,,,,,,,,,,,,,,,,,,,,,,,,,,,,,,,,,,,129.612,128.505,52.101,,,,25.926,92.894,,,,,,,,,,,,,,,,,,,,,DE_KN_residential3_washing_machine | DE_KN_residential3_dishwasher | DE_KN_residential3_refrigerator | DE_KN_residential3_freezer | DE_KN_residential3_circulation_pump
2015-02-23T04:00:00Z,2015-02-23T05:00:00+0100,,,,,,,,,,,,,,,,,,,,,,,,,,,,,,,,,,,,,,,,,129.686,128.508,52.116,,,,25.949,92.894,,,,,,,,,,,,,,,,,,,,,DE_KN_residential3_washing_machine | DE_KN_residential3_dishwasher | DE_KN_residential3_refrigerator | DE_KN_residential3_freezer | DE_KN_residential3_circulation_pump
2015-02-23T05:00:00Z,2015-02-23T06:00:00+0100,,,,,,,,,,,,,,,,,,,,,,,,,,,,,,,,,,,,,,,,,129.757,128.510,52.146,,,,25.965,92.894,,,,,,,,,,,,,,,,,,,,,DE_KN_residential3_washing_machine | DE_KN_residential3_dishwasher | DE_KN_residential3_refrigerator | DE_KN_residential3_freezer | DE_KN_residential3_circulation_pump
2015-02-23T06:00:00Z,2015-02-23T07:00:00+0100,,,,,,,,,,,,,,,,,,,,,,,,,,,,,,,,,,,,,,,,,129.828,128.513,52.187,,,,25.973,92.894,,,,,,,,,,,,,,,,,,,,,DE_KN_residential3_washing_machine | DE_KN_residential3_dishwasher | DE_KN_residential3_refrigerator | DE_KN_residential3_freezer | DE_KN_residential3_circulation_pump
2015-02-23T07:00:00Z,2015-02-23T08:00:00+0100,,,,,,,,,,,,,,,,,,,,,,,,,,,,,,,,,,,,,,,,,129.899,128.516,52.206,,,,25.996,92.894,,,,,,,,,,,,,,,,,,,,,DE_KN_residential3_washing_machine | DE_KN_residential3_dishwasher | DE_KN_residential3_refrigerator | DE_KN_residential3_freezer | DE_KN_residential3_circulation_pump
2015-02-23T08:00:00Z,2015-02-23T09:00:00+0100,,,,,,,,,,,,,,,,,,,,,,,,,,,,,,,,,,,,,,,,,129.970,128.518,52.230,,,,26.014,92.894,,,,,,,,,,,,,,,,,,,,,DE_KN_residential3_washing_machine | DE_KN_residential3_dishwasher | DE_KN_residential3_refrigerator | DE_KN_residential3_freezer | DE_KN_residential3_circulation_pump
2015-02-23T09:00:00Z,2015-02-23T10:00:00+0100,,,,,,,,,,,,,,,,,,,,,,,,,,,,,,,,,,,,,,,,,130.041,128.521,52.271,,,,26.018,92.894,,,,,,,,,,,,,,,,,,,,,DE_KN_residential3_washing_machine | DE_KN_residential3_dishwasher | DE_KN_residential3_refrigerator | DE_KN_residential3_freezer | DE_KN_residential3_circulation_pump
2015-02-23T10:00:00Z,2015-02-23T11:00:00+0100,,,,,,,,,,,,,,,,,,,,,,,,,,,,,,,,,,,,,,,,,130.113,128.523,52.290,,,,26.040,92.894,,,,,,,,,,,,,,,,,,,,,DE_KN_residential3_washing_machine | DE_KN_residential3_dishwasher | DE_KN_residential3_refrigerator | DE_KN_residential3_freezer | DE_KN_residential3_circulation_pump
2015-02-23T11:00:00Z,2015-02-23T12:00:00+0100,,,,,,,,,,,,,,,,,,,,,,,,,,,,,,,,,,,,,,,,,130.183,128.526,52.314,,,,26.057,92.894,,,,,,,,,,,,,,,,,,,,,DE_KN_residential3_washing_machine | DE_KN_residential3_dishwasher | DE_KN_residential3_refrigerator | DE_KN_residential3_freezer | DE_KN_residential3_circulation_pump
2015-02-23T12:00:00Z,2015-02-23T13:00:00+0100,,,,,,,,,,,,,,,,,,,,,,,,,,,,,,,,,,,,,,,,,130.255,128.528,52.355,,,,26.063,92.894,,,,,,,,,,,,,,,,,,,,,DE_KN_residential3_washing_machine | DE_KN_residential3_dishwasher | DE_KN_residential3_refrigerator | DE_KN_residential3_freezer | DE_KN_residential3_circulation_pump
2015-02-23T13:00:00Z,2015-02-23T14:00:00+0100,,,,,,,,,,,,,,,,,,,,,,,,,,,,,,,,,,,,,,,,,130.331,128.927,52.375,,,,26.088,92.894,,,,,,,,,,,,,,,,,,,,,DE_KN_residential3_washing_machine | DE_KN_residential3_dishwasher | DE_KN_residential3_refrigerator | DE_KN_residential3_freezer | DE_KN_residential3_circulation_pump
2015-02-23T14:00:00Z,2015-02-23T15:00:00+0100,,,,,,,,,,,,,,,,,,,,,,,,,,,,,,,,,,,,,,,,,130.412,129.900,52.399,,,,26.111,92.894,,,,,,,,,,,,,,,,,,,,,DE_KN_residential3_washing_machine | DE_KN_residential3_dishwasher | DE_KN_residential3_refrigerator | DE_KN_residential3_freezer | DE_KN_residential3_circulation_pump
2015-02-23T15:00:00Z,2015-02-23T16:00:00+0100,,,,,,,,,,,,,,,,,,,,,,,,,,,,,,,,,,,,,,,,,130.488,129.903,52.440,,,,26.125,92.894,,,,,,,,,,,,,,,,,,,,,DE_KN_residential3_washing_machine | DE_KN_residential3_dishwasher | DE_KN_residential3_refrigerator | DE_KN_residential3_freezer | DE_KN_residential3_circulation_pump
2015-02-23T16:00:00Z,2015-02-23T17:00:00+0100,,,,,,,,,,,,,,,,,,,,,,,,,,,,,,,,,,,,,,,,,130.560,129.905,52.458,,,,26.135,92.894,,,,,,,,,,,,,,,,,,,,,DE_KN_residential3_washing_machine | DE_KN_residential3_dishwasher | DE_KN_residential3_refrigerator | DE_KN_residential3_freezer | DE_KN_residential3_circulation_pump
2015-02-23T17:00:00Z,2015-02-23T18:00:00+0100,,,,,,,,,,,,,,,,,,,,,,,,,,,,,,,,,,,,,,,,,130.628,129.908,52.483,,,,26.171,92.894,,,,,,,,,,,,,,,,,,,,,DE_KN_residential3_washing_machine | DE_KN_residential3_dishwasher | DE_KN_residential3_refrigerator | DE_KN_residential3_freezer | DE_KN_residential3_circulation_pump
2015-02-23T18:00:00Z,2015-02-23T19:00:00+0100,,,,,,,,,,,,,,,,,,,,,,,,,,,,,,,,,,,,,,,,,130.700,129.910,52.524,,,,26.180,92.894,,,,,,,,,,,,,,,,,,,,,DE_KN_residential3_washing_machine | DE_KN_residential3_dishwasher | DE_KN_residential3_refrigerator | DE_KN_residential3_freezer | DE_KN_residential3_circulation_pump
2015-02-23T19:00:00Z,2015-02-23T20:00:00+0100,,,,,,,,,,,,,,,,,,,,,,,,,,,,,,,,,,,,,,,,,130.772,129.913,52.542,,,,26.199,92.894,,,,,,,,,,,,,,,,,,,,,DE_KN_residential3_washing_machine | DE_KN_residential3_dishwasher | DE_KN_residential3_refrigerator | DE_KN_residential3_freezer | DE_KN_residential3_circulation_pump
2015-02-23T20:00:00Z,2015-02-23T21:00:00+0100,,,,,,,,,,,,,,,,,,,,,,,,,,,,,,,,,,,,,,,,,130.844,129.916,52.567,,,,26.224,92.894,,,,,,,,,,,,,,,,,,,,,DE_KN_residential3_washing_machine | DE_KN_residential3_dishwasher | DE_KN_residential3_refrigerator | DE_KN_residential3_freezer | DE_KN_residential3_circulation_pump
2015-02-23T21:00:00Z,2015-02-23T22:00:00+0100,,,,,,,,,,,,,,,,,,,,,,,,,,,,,,,,,,,,,,,,,130.920,130.732,52.608,,,,26.226,92.894,,,,,,,,,,,,,,,,,,,,,DE_KN_residential3_washing_machine | DE_KN_residential3_dishwasher | DE_KN_residential3_refrigerator | DE_KN_residential3_freezer | DE_KN_residential3_circulation_pump
2015-02-23T22:00:00Z,2015-02-23T23:00:00+0100,,,,,,,,,,,,,,,,,,,,,,,,,,,,,,,,,,,,,,,,,130.992,131.325,52.621,,,,26.258,93.263,,,,,,,,,,,,,,,,,,,,,DE_KN_residential3_washing_machine | DE_KN_residential3_dishwasher | DE_KN_residential3_refrigerator | DE_KN_residential3_freezer | DE_KN_residential3_circulation_pump
2015-02-23T23:00:00Z,2015-02-24T00:00:00+0100,,,,,,,,,,,,,,,,,,,,,,,,,,,,,,,,,,,,,,,,,131.061,131.327,52.652,,,,26.287,93.617,,,,,,,,,,,,,,,,,,,,,DE_KN_residential3_washing_machine | DE_KN_residential3_dishwasher | DE_KN_residential3_refrigerator | DE_KN_residential3_freezer | DE_KN_residential3_circulation_pump
2015-02-24T00:00:00Z,2015-02-24T01:00:00+0100,,,,,,,,,,,,,,,,,,,,,,,,,,,,,,,,,,,,,,,,,131.135,131.330,52.693,,,,26.314,93.679,,,,,,,,,,,,,,,,,,,,,DE_KN_residential3_washing_machine | DE_KN_residential3_dishwasher | DE_KN_residential3_refrigerator | DE_KN_residential3_freezer | DE_KN_residential3_circulation_pump
2015-02-24T01:00:00Z,2015-02-24T02:00:00+0100,,,,,,,,,,,,,,,,,,,,,,,,,,,,,,,,,,,,,,,,,131.204,131.332,52.712,,,,26.335,93.762,,,,,,,,,,,,,,,,,,,,,DE_KN_residential3_washing_machine | DE_KN_residential3_dishwasher | DE_KN_residential3_refrigerator | DE_KN_residential3_freezer | DE_KN_residential3_circulation_pump
2015-02-24T02:00:00Z,2015-02-24T03:00:00+0100,,,,,,,,,,,,,,,,,,,,,,,,,,,,,,,,,,,,,,,,,131.279,131.335,52.737,,,,26.345,93.762,,,,,,,,,,,,,,,,,,,,,DE_KN_residential3_washing_machine | DE_KN_residential3_dishwasher | DE_KN_residential3_refrigerator | DE_KN_residential3_freezer | DE_KN_residential3_circulation_pump
2015-02-24T03:00:00Z,2015-02-24T04:00:00+0100,,,,,,,,,,,,,,,,,,,,,,,,,,,,,,,,,,,,,,,,,131.349,131.337,52.778,,,,26.364,93.762,,,,,,,,,,,,,,,,,,,,,DE_KN_residential3_washing_machine | DE_KN_residential3_dishwasher | DE_KN_residential3_refrigerator | DE_KN_residential3_freezer | DE_KN_residential3_circulation_pump
2015-02-24T04:00:00Z,2015-02-24T05:00:00+0100,,,,,,,,,,,,,,,,,,,,,,,,,,,,,,,,,,,,,,,,,131.421,131.340,52.798,,,,26.389,93.762,,,,,,,,,,,,,,,,,,,,,DE_KN_residential3_washing_machine | DE_KN_residential3_dishwasher | DE_KN_residential3_refrigerator | DE_KN_residential3_freezer | DE_KN_residential3_circulation_pump
2015-02-24T05:00:00Z,2015-02-24T06:00:00+0100,,,,,,,,,,,,,,,,,,,,,,,,,,,,,,,,,,,,,,,,,131.493,131.343,52.822,,,,26.407,93.762,,,,,,,,,,,,,,,,,,,,,DE_KN_residential3_washing_machine | DE_KN_residential3_dishwasher | DE_KN_residential3_refrigerator | DE_KN_residential3_freezer | DE_KN_residential3_circulation_pump
2015-02-24T06:00:00Z,2015-02-24T07:00:00+0100,,,,,,,,,,,,,,,,,,,,,,,,,,,,,,,,,,,,,,,,,131.566,131.345,52.863,,,,26.418,93.762,,,,,,,,,,,,,,,,,,,,,DE_KN_residential3_washing_machine | DE_KN_residential3_dishwasher | DE_KN_residential3_refrigerator | DE_KN_residential3_freezer | DE_KN_residential3_circulation_pump
2015-02-24T07:00:00Z,2015-02-24T08:00:00+0100,,,,,,,,,,,,,,,,,,,,,,,,,,,,,,,,,,,,,,,,,131.637,131.348,52.883,,,,26.442,93.762,,,,,,,,,,,,,,,,,,,,,DE_KN_residential3_washing_machine | DE_KN_residential3_dishwasher | DE_KN_residential3_refrigerator | DE_KN_residential3_freezer | DE_KN_residential3_circulation_pump
2015-02-24T08:00:00Z,2015-02-24T09:00:00+0100,,,,,,,,,,,,,,,,,,,,,,,,,,,,,,,,,,,,,,,,,131.715,131.350,52.906,,,,26.465,93.821,,,,,,,,,,,,,,,,,,,,,DE_KN_residential3_washing_machine | DE_KN_residential3_dishwasher | DE_KN_residential3_refrigerator | DE_KN_residential3_freezer | DE_KN_residential3_circulation_pump
2015-02-24T09:00:00Z,2015-02-24T10:00:00+0100,,,,,,,,,,,,,,,,,,,,,,,,,,,,,,,,,,,,,,,,,131.840,131.353,52.947,,,,26.468,95.215,,,,,,,,,,,,,,,,,,,,,DE_KN_residential3_washing_machine | DE_KN_residential3_dishwasher | DE_KN_residential3_refrigerator | DE_KN_residential3_freezer | DE_KN_residential3_circulation_pump
2015-02-24T10:00:00Z,2015-02-24T11:00:00+0100,,,,,,,,,,,,,,,,,,,,,,,,,,,,,,,,,,,,,,,,,131.964,131.355,52.968,,,,26.489,95.387,,,,,,,,,,,,,,,,,,,,,DE_KN_residential3_washing_machine | DE_KN_residential3_dishwasher | DE_KN_residential3_refrigerator | DE_KN_residential3_freezer | DE_KN_residential3_circulation_pump
2015-02-24T11:00:00Z,2015-02-24T12:00:00+0100,,,,,,,,,,,,,,,,,,,,,,,,,,,,,,,,,,,,,,,,,132.085,131.358,52.990,,,,26.514,95.413,,,,,,,,,,,,,,,,,,,,,DE_KN_residential3_washing_machine | DE_KN_residential3_dishwasher | DE_KN_residential3_refrigerator | DE_KN_residential3_freezer | DE_KN_residential3_circulation_pump
2015-02-24T12:00:00Z,2015-02-24T13:00:00+0100,,,,,,,,,,,,,,,,,,,,,,,,,,,,,,,,,,,,,,,,,132.199,131.361,53.031,,,,26.514,95.824,,,,,,,,,,,,,,,,,,,,,DE_KN_residential3_washing_machine | DE_KN_residential3_dishwasher | DE_KN_residential3_refrigerator | DE_KN_residential3_freezer | DE_KN_residential3_circulation_pump
2015-02-24T13:00:00Z,2015-02-24T14:00:00+0100,,,,,,,,,,,,,,,,,,,,,,,,,,,,,,,,,,,,,,,,,132.312,131.363,53.048,,,,26.537,95.908,,,,,,,,,,,,,,,,,,,,,DE_KN_residential3_washing_machine | DE_KN_residential3_dishwasher | DE_KN_residential3_refrigerator | DE_KN_residential3_freezer | DE_KN_residential3_circulation_pump
2015-02-24T14:00:00Z,2015-02-24T15:00:00+0100,,,,,,,,,,,,,,,,,,,,,,,,,,,,,,,,,,,,,,,,,132.422,131.366,53.075,,,,26.559,95.935,,,,,,,,,,,,,,,,,,,,,DE_KN_residential3_washing_machine | DE_KN_residential3_dishwasher | DE_KN_residential3_refrigerator | DE_KN_residential3_freezer | DE_KN_residential3_circulation_pump
2015-02-24T15:00:00Z,2015-02-24T16:00:00+0100,,,,,,,,,,,,,,,,,,,,,,,,,,,,,,,,,,,,,,,,,132.522,131.368,53.116,,,,26.559,96.172,,,,,,,,,,,,,,,,,,,,,DE_KN_residential3_washing_machine | DE_KN_residential3_dishwasher | DE_KN_residential3_refrigerator | DE_KN_residential3_freezer | DE_KN_residential3_circulation_pump
2015-02-24T16:00:00Z,2015-02-24T17:00:00+0100,,,,,,,,,,,,,,,,,,,,,,,,,,,,,,,,,,,,,,,,,132.592,131.371,53.129,,,,26.586,96.375,,,,,,,,,,,,,,,,,,,,,DE_KN_residential3_washing_machine | DE_KN_residential3_dishwasher | DE_KN_residential3_refrigerator | DE_KN_residential3_freezer | DE_KN_residential3_circulation_pump
2015-02-24T17:00:00Z,2015-02-24T18:00:00+0100,,,,,,,,,,,,,,,,,,,,,,,,,,,,,,,,,,,,,,,,,132.661,131.978,53.159,,,,26.614,96.423,,,,,,,,,,,,,,,,,,,,,DE_KN_residential3_washing_machine | DE_KN_residential3_dishwasher | DE_KN_residential3_refrigerator | DE_KN_residential3_freezer | DE_KN_residential3_circulation_pump
2015-02-24T18:00:00Z,2015-02-24T19:00:00+0100,,,,,,,,,,,,,,,,,,,,,,,,,,,,,,,,,,,,,,,,,132.733,132.842,53.200,,,,26.618,96.710,,,,,,,,,,,,,,,,,,,,,DE_KN_residential3_washing_machine | DE_KN_residential3_dishwasher | DE_KN_residential3_refrigerator | DE_KN_residential3_freezer | DE_KN_residential3_circulation_pump
2015-02-24T19:00:00Z,2015-02-24T20:00:00+0100,,,,,,,,,,,,,,,,,,,,,,,,,,,,,,,,,,,,,,,,,132.804,132.964,53.217,,,,26.645,97.051,,,,,,,,,,,,,,,,,,,,,DE_KN_residential3_washing_machine | DE_KN_residential3_dishwasher | DE_KN_residential3_refrigerator | DE_KN_residential3_freezer | DE_KN_residential3_circulation_pump
2015-02-24T20:00:00Z,2015-02-24T21:00:00+0100,,,,,,,,,,,,,,,,,,,,,,,,,,,,,,,,,,,,,,,,,132.873,132.968,53.244,,,,26.648,97.198,,,,,,,,,,,,,,,,,,,,,DE_KN_residential3_washing_machine | DE_KN_residential3_dishwasher | DE_KN_residential3_refrigerator | DE_KN_residential3_freezer | DE_KN_residential3_circulation_pump
2015-02-24T21:00:00Z,2015-02-24T22:00:00+0100,,,,,,,,,,,,,,,,,,,,,,,,,,,,,,,,,,,,,,,,,132.945,132.971,53.285,,,,26.669,97.252,,,,,,,,,,,,,,,,,,,,,DE_KN_residential3_washing_machine | DE_KN_residential3_dishwasher | DE_KN_residential3_refrigerator | DE_KN_residential3_freezer | DE_KN_residential3_circulation_pump
2015-02-24T22:00:00Z,2015-02-24T23:00:00+0100,,,,,,,,,,,,,,,,,,,,,,,,,,,,,,,,,,,,,,,,,133.014,132.974,53.307,,,,26.691,97.516,,,,,,,,,,,,,,,,,,,,,DE_KN_residential3_washing_machine | DE_KN_residential3_dishwasher | DE_KN_residential3_refrigerator | DE_KN_residential3_freezer | DE_KN_residential3_circulation_pump
2015-02-24T23:00:00Z,2015-02-25T00:00:00+0100,,,,,,,,,,,,,,,,,,,,,,,,,,,,,,,,,,,,,,,,,133.082,132.976,53.328,,,,26.693,97.517,,,,,,,,,,,,,,,,,,,,,DE_KN_residential3_washing_machine | DE_KN_residential3_dishwasher | DE_KN_residential3_refrigerator | DE_KN_residential3_freezer | DE_KN_residential3_circulation_pump
2015-02-25T00:00:00Z,2015-02-25T01:00:00+0100,,,,,,,,,,,,,,,,,,,,,,,,,,,,,,,,,,,,,,,,,133.156,132.979,53.370,,,,26.715,97.517,,,,,,,,,,,,,,,,,,,,,DE_KN_residential3_washing_machine | DE_KN_residential3_dishwasher | DE_KN_residential3_refrigerator | DE_KN_residential3_freezer | DE_KN_residential3_circulation_pump
2015-02-25T01:00:00Z,2015-02-25T02:00:00+0100,,,,,,,,,,,,,,,,,,,,,,,,,,,,,,,,,,,,,,,,,133.225,132.982,53.393,,,,26.728,97.517,,,,,,,,,,,,,,,,,,,,,DE_KN_residential3_washing_machine | DE_KN_residential3_dishwasher | DE_KN_residential3_refrigerator | DE_KN_residential3_freezer | DE_KN_residential3_circulation_pump
2015-02-25T02:00:00Z,2015-02-25T03:00:00+0100,,,,,,,,,,,,,,,,,,,,,,,,,,,,,,,,,,,,,,,,,133.299,132.984,53.413,,,,26.738,97.517,,,,,,,,,,,,,,,,,,,,,DE_KN_residential3_washing_machine | DE_KN_residential3_dishwasher | DE_KN_residential3_refrigerator | DE_KN_residential3_freezer | DE_KN_residential3_circulation_pump
2015-02-25T03:00:00Z,2015-02-25T04:00:00+0100,,,,,,,,,,,,,,,,,,,,,,,,,,,,,,,,,,,,,,,,,133.368,132.987,53.455,,,,26.760,97.517,,,,,,,,,,,,,,,,,,,,,DE_KN_residential3_washing_machine | DE_KN_residential3_dishwasher | DE_KN_residential3_refrigerator | DE_KN_residential3_freezer | DE_KN_residential3_circulation_pump
2015-02-25T04:00:00Z,2015-02-25T05:00:00+0100,,,,,,,,,,,,,,,,,,,,,,,,,,,,,,,,,,,,,,,,,133.441,132.990,53.479,,,,26.767,97.518,,,,,,,,,,,,,,,,,,,,,DE_KN_residential3_washing_machine | DE_KN_residential3_dishwasher | DE_KN_residential3_refrigerator | DE_KN_residential3_freezer | DE_KN_residential3_circulation_pump
2015-02-25T05:00:00Z,2015-02-25T06:00:00+0100,,,,,,,,,,,,,,,,,,,,,,,,,,,,,,,,,,,,,,,,,133.512,132.992,53.498,,,,26.783,97.518,,,,,,,,,,,,,,,,,,,,,DE_KN_residential3_washing_machine | DE_KN_residential3_dishwasher | DE_KN_residential3_refrigerator | DE_KN_residential3_freezer | DE_KN_residential3_circulation_pump
2015-02-25T06:00:00Z,2015-02-25T07:00:00+0100,,,,,,,,,,,,,,,,,,,,,,,,,,,,,,,,,,,,,,,,,133.586,132.995,53.539,,,,26.808,97.760,,,,,,,,,,,,,,,,,,,,,DE_KN_residential3_washing_machine | DE_KN_residential3_dishwasher | DE_KN_residential3_refrigerator | DE_KN_residential3_freezer | DE_KN_residential3_circulation_pump
2015-02-25T07:00:00Z,2015-02-25T08:00:00+0100,,,,,,,,,,,,,,,,,,,,,,,,,,,,,,,,,,,,,,,,,133.658,133.858,53.566,,,,26.824,97.810,,,,,,,,,,,,,,,,,,,,,DE_KN_residential3_washing_machine | DE_KN_residential3_dishwasher | DE_KN_residential3_refrigerator | DE_KN_residential3_freezer | DE_KN_residential3_circulation_pump
2015-02-25T08:00:00Z,2015-02-25T09:00:00+0100,,,,,,,,,,,,,,,,,,,,,,,,,,,,,,,,,,,,,,,,,133.729,134.325,53.582,,,,26.830,97.811,,,,,,,,,,,,,,,,,,,,,DE_KN_residential3_washing_machine | DE_KN_residential3_dishwasher | DE_KN_residential3_refrigerator | DE_KN_residential3_freezer | DE_KN_residential3_circulation_pump
2015-02-25T09:00:00Z,2015-02-25T10:00:00+0100,,,,,,,,,,,,,,,,,,,,,,,,,,,,,,,,,,,,,,,,,133.833,134.330,53.623,,,,26.851,97.953,,,,,,,,,,,,,,,,,,,,,DE_KN_residential3_washing_machine | DE_KN_residential3_dishwasher | DE_KN_residential3_refrigerator | DE_KN_residential3_freezer | DE_KN_residential3_circulation_pump
2015-02-25T10:00:00Z,2015-02-25T11:00:00+0100,,,,,,,,,,,,,,,,,,,,,,,,,,,,,,,,,,,,,,,,,133.955,134.335,53.651,,,,26.866,98.053,,,,,,,,,,,,,,,,,,,,,DE_KN_residential3_washing_machine | DE_KN_residential3_dishwasher | DE_KN_residential3_refrigerator | DE_KN_residential3_freezer | DE_KN_residential3_circulation_pump
2015-02-25T11:00:00Z,2015-02-25T12:00:00+0100,,,,,,,,,,,,,,,,,,,,,,,,,,,,,,,,,,,,,,,,,134.073,134.340,53.666,,,,26.887,98.328,,,,,,,,,,,,,,,,,,,,,DE_KN_residential3_washing_machine | DE_KN_residential3_dishwasher | DE_KN_residential3_refrigerator | DE_KN_residential3_freezer | DE_KN_residential3_circulation_pump
2015-02-25T12:00:00Z,2015-02-25T13:00:00+0100,,,,,,,,,,,,,,,,,,,,,,,,,,,,,,,,,,,,,,,,,134.193,134.344,53.711,,,,26.912,98.347,,,,,,,,,,,,,,,,,,,,,DE_KN_residential3_washing_machine | DE_KN_residential3_dishwasher | DE_KN_residential3_refrigerator | DE_KN_residential3_freezer | DE_KN_residential3_circulation_pump
2015-02-25T13:00:00Z,2015-02-25T14:00:00+0100,,,,,,,,,,,,,,,,,,,,,,,,,,,,,,,,,,,,,,,,,134.311,134.347,53.755,,,,26.932,98.624,,,,,,,,,,,,,,,,,,,,,DE_KN_residential3_washing_machine | DE_KN_residential3_dishwasher | DE_KN_residential3_refrigerator | DE_KN_residential3_freezer | DE_KN_residential3_circulation_pump
2015-02-25T14:00:00Z,2015-02-25T15:00:00+0100,,,,,,,,,,,,,,,,,,,,,,,,,,,,,,,,,,,,,,,,,134.408,134.349,53.791,,,,26.941,98.870,,,,,,,,,,,,,,,,,,,,,DE_KN_residential3_washing_machine | DE_KN_residential3_dishwasher | DE_KN_residential3_refrigerator | DE_KN_residential3_freezer | DE_KN_residential3_circulation_pump
2015-02-25T15:00:00Z,2015-02-25T16:00:00+0100,,,,,,,,,,,,,,,,,,,,,,,,,,,,,,,,,,,,,,,,,134.483,134.352,53.804,,,,26.954,98.878,,,,,,,,,,,,,,,,,,,,,DE_KN_residential3_washing_machine | DE_KN_residential3_dishwasher | DE_KN_residential3_refrigerator | DE_KN_residential3_freezer | DE_KN_residential3_circulation_pump
2015-02-25T16:00:00Z,2015-02-25T17:00:00+0100,,,,,,,,,,,,,,,,,,,,,,,,,,,,,,,,,,,,,,,,,134.552,134.355,53.847,,,,26.976,98.878,,,,,,,,,,,,,,,,,,,,,DE_KN_residential3_washing_machine | DE_KN_residential3_dishwasher | DE_KN_residential3_refrigerator | DE_KN_residential3_freezer | DE_KN_residential3_circulation_pump
2015-02-25T17:00:00Z,2015-02-25T18:00:00+0100,,,,,,,,,,,,,,,,,,,,,,,,,,,,,,,,,,,,,,,,,134.621,134.357,53.892,,,,26.987,98.878,,,,,,,,,,,,,,,,,,,,,DE_KN_residential3_washing_machine | DE_KN_residential3_dishwasher | DE_KN_residential3_refrigerator | DE_KN_residential3_freezer | DE_KN_residential3_circulation_pump
2015-02-25T18:00:00Z,2015-02-25T19:00:00+0100,,,,,,,,,,,,,,,,,,,,,,,,,,,,,,,,,,,,,,,,,134.693,135.406,53.923,,,,26.999,98.878,,,,,,,,,,,,,,,,,,,,,DE_KN_residential3_washing_machine | DE_KN_residential3_dishwasher | DE_KN_residential3_refrigerator | DE_KN_residential3_freezer | DE_KN_residential3_circulation_pump
2015-02-25T19:00:00Z,2015-02-25T20:00:00+0100,,,,,,,,,,,,,,,,,,,,,,,,,,,,,,,,,,,,,,,,,134.763,135.478,53.938,,,,27.021,98.878,,,,,,,,,,,,,,,,,,,,,DE_KN_residential3_washing_machine | DE_KN_residential3_dishwasher | DE_KN_residential3_refrigerator | DE_KN_residential3_freezer | DE_KN_residential3_circulation_pump
2015-02-25T20:00:00Z,2015-02-25T21:00:00+0100,,,,,,,,,,,,,,,,,,,,,,,,,,,,,,,,,,,,,,,,,134.833,135.480,53.980,,,,27.035,98.950,,,,,,,,,,,,,,,,,,,,,DE_KN_residential3_washing_machine | DE_KN_residential3_dishwasher | DE_KN_residential3_refrigerator | DE_KN_residential3_freezer | DE_KN_residential3_circulation_pump
2015-02-25T21:00:00Z,2015-02-25T22:00:00+0100,,,,,,,,,,,,,,,,,,,,,,,,,,,,,,,,,,,,,,,,,134.903,135.483,54.022,,,,27.045,99.160,,,,,,,,,,,,,,,,,,,,,DE_KN_residential3_washing_machine | DE_KN_residential3_dishwasher | DE_KN_residential3_refrigerator | DE_KN_residential3_freezer | DE_KN_residential3_circulation_pump
2015-02-25T22:00:00Z,2015-02-25T23:00:00+0100,,,,,,,,,,,,,,,,,,,,,,,,,,,,,,,,,,,,,,,,,134.974,135.485,54.024,,,,27.067,99.333,,,,,,,,,,,,,,,,,,,,,DE_KN_residential3_washing_machine | DE_KN_residential3_dishwasher | DE_KN_residential3_refrigerator | DE_KN_residential3_freezer | DE_KN_residential3_circulation_pump
2015-02-25T23:00:00Z,2015-02-26T00:00:00+0100,,,,,,,,,,,,,,,,,,,,,,,,,,,,,,,,,,,,,,,,,135.041,135.488,54.065,,,,27.084,100.309,,,,,,,,,,,,,,,,,,,,,DE_KN_residential3_washing_machine | DE_KN_residential3_dishwasher | DE_KN_residential3_refrigerator | DE_KN_residential3_freezer | DE_KN_residential3_circulation_pump
2015-02-26T00:00:00Z,2015-02-26T01:00:00+0100,,,,,,,,,,,,,,,,,,,,,,,,,,,,,,,,,,,,,,,,,135.115,135.491,54.106,,,,27.089,100.379,,,,,,,,,,,,,,,,,,,,,DE_KN_residential3_washing_machine | DE_KN_residential3_dishwasher | DE_KN_residential3_refrigerator | DE_KN_residential3_freezer | DE_KN_residential3_circulation_pump
2015-02-26T01:00:00Z,2015-02-26T02:00:00+0100,,,,,,,,,,,,,,,,,,,,,,,,,,,,,,,,,,,,,,,,,135.183,135.493,54.117,,,,27.110,100.381,,,,,,,,,,,,,,,,,,,,,DE_KN_residential3_washing_machine | DE_KN_residential3_dishwasher | DE_KN_residential3_refrigerator | DE_KN_residential3_freezer | DE_KN_residential3_circulation_pump
2015-02-26T02:00:00Z,2015-02-26T03:00:00+0100,,,,,,,,,,,,,,,,,,,,,,,,,,,,,,,,,,,,,,,,,135.257,135.496,54.150,,,,27.127,100.381,,,,,,,,,,,,,,,,,,,,,DE_KN_residential3_washing_machine | DE_KN_residential3_dishwasher | DE_KN_residential3_refrigerator | DE_KN_residential3_freezer | DE_KN_residential3_circulation_pump
2015-02-26T03:00:00Z,2015-02-26T04:00:00+0100,,,,,,,,,,,,,,,,,,,,,,,,,,,,,,,,,,,,,,,,,135.325,135.498,54.191,,,,27.132,100.381,,,,,,,,,,,,,,,,,,,,,DE_KN_residential3_washing_machine | DE_KN_residential3_dishwasher | DE_KN_residential3_refrigerator | DE_KN_residential3_freezer | DE_KN_residential3_circulation_pump
2015-02-26T04:00:00Z,2015-02-26T05:00:00+0100,,,,,,,,,,,,,,,,,,,,,,,,,,,,,,,,,,,,,,,,,135.397,135.501,54.205,,,,27.155,100.381,,,,,,,,,,,,,,,,,,,,,DE_KN_residential3_washing_machine | DE_KN_residential3_dishwasher | DE_KN_residential3_refrigerator | DE_KN_residential3_freezer | DE_KN_residential3_circulation_pump
2015-02-26T05:00:00Z,2015-02-26T06:00:00+0100,,,,,,,,,,,,,,,,,,,,,,,,,,,,,,,,,,,,,,,,,135.468,135.504,54.234,,,,27.166,101.538,,,,,,,,,,,,,,,,,,,,,DE_KN_residential3_washing_machine | DE_KN_residential3_dishwasher | DE_KN_residential3_refrigerator | DE_KN_residential3_freezer | DE_KN_residential3_circulation_pump
2015-02-26T06:00:00Z,2015-02-26T07:00:00+0100,,,,,,,,,,,,,,,,,,,,,,,,,,,,,,,,,,,,,,,,,135.537,135.506,54.275,,,,27.177,101.768,,,,,,,,,,,,,,,,,,,,,DE_KN_residential3_washing_machine | DE_KN_residential3_dishwasher | DE_KN_residential3_refrigerator | DE_KN_residential3_freezer | DE_KN_residential3_circulation_pump
2015-02-26T07:00:00Z,2015-02-26T08:00:00+0100,,,,,,,,,,,,,,,,,,,,,,,,,,,,,,,,,,,,,,,,,135.610,136.113,54.290,,,,27.198,101.809,,,,,,,,,,,,,,,,,,,,,DE_KN_residential3_washing_machine | DE_KN_residential3_dishwasher | DE_KN_residential3_refrigerator | DE_KN_residential3_freezer | DE_KN_residential3_circulation_pump
2015-02-26T08:00:00Z,2015-02-26T09:00:00+0100,,,,,,,,,,,,,,,,,,,,,,,,,,,,,,,,,,,,,,,,,135.681,136.634,54.318,,,,27.214,102.860,,,,,,,,,,,,,,,,,,,,,DE_KN_residential3_washing_machine | DE_KN_residential3_dishwasher | DE_KN_residential3_refrigerator | DE_KN_residential3_freezer | DE_KN_residential3_circulation_pump
2015-02-26T09:00:00Z,2015-02-26T10:00:00+0100,,,,,,,,,,,,,,,,,,,,,,,,,,,,,,,,,,,,,,,,,135.753,136.636,54.358,,,,27.221,103.281,,,,,,,,,,,,,,,,,,,,,DE_KN_residential3_washing_machine | DE_KN_residential3_dishwasher | DE_KN_residential3_refrigerator | DE_KN_residential3_freezer | DE_KN_residential3_circulation_pump
2015-02-26T10:00:00Z,2015-02-26T11:00:00+0100,,,,,,,,,,,,,,,,,,,,,,,,,,,,,,,,,,,,,,,,,135.824,136.638,54.376,,,,27.242,103.282,,,,,,,,,,,,,,,,,,,,,DE_KN_residential3_washing_machine | DE_KN_residential3_dishwasher | DE_KN_residential3_refrigerator | DE_KN_residential3_freezer | DE_KN_residential3_circulation_pump
2015-02-26T11:00:00Z,2015-02-26T12:00:00+0100,,,,,,,,,,,,,,,,,,,,,,,,,,,,,,,,,,,,,,,,,135.895,136.640,54.401,,,,27.255,103.282,,,,,,,,,,,,,,,,,,,,,DE_KN_residential3_washing_machine | DE_KN_residential3_dishwasher | DE_KN_residential3_refrigerator | DE_KN_residential3_freezer | DE_KN_residential3_circulation_pump
2015-02-26T12:00:00Z,2015-02-26T13:00:00+0100,,,,,,,,,,,,,,,,,,,,,,,,,,,,,,,,,,,,,,,,,135.966,136.643,54.442,,,,27.267,103.282,,,,,,,,,,,,,,,,,,,,,DE_KN_residential3_washing_machine | DE_KN_residential3_dishwasher | DE_KN_residential3_refrigerator | DE_KN_residential3_freezer | DE_KN_residential3_circulation_pump
2015-02-26T13:00:00Z,2015-02-26T14:00:00+0100,,,,,,,,,,,,,,,,,,,,,,,,,,,,,,,,,,,,,,,,,136.044,136.646,54.462,,,,27.293,103.282,,,,,,,,,,,,,,,,,,,,,DE_KN_residential3_washing_machine | DE_KN_residential3_dishwasher | DE_KN_residential3_refrigerator | DE_KN_residential3_freezer | DE_KN_residential3_circulation_pump
2015-02-26T14:00:00Z,2015-02-26T15:00:00+0100,,,,,,,,,,,,,,,,,,,,,,,,,,,,,,,,,,,,,,,,,136.122,136.648,54.485,,,,27.314,103.282,,,,,,,,,,,,,,,,,,,,,DE_KN_residential3_washing_machine | DE_KN_residential3_dishwasher | DE_KN_residential3_refrigerator | DE_KN_residential3_freezer | DE_KN_residential3_circulation_pump
2015-02-26T15:00:00Z,2015-02-26T16:00:00+0100,,,,,,,,,,,,,,,,,,,,,,,,,,,,,,,,,,,,,,,,,136.199,136.651,54.526,,,,27.316,103.282,,,,,,,,,,,,,,,,,,,,,DE_KN_residential3_washing_machine | DE_KN_residential3_dishwasher | DE_KN_residential3_refrigerator | DE_KN_residential3_freezer | DE_KN_residential3_circulation_pump
2015-02-26T16:00:00Z,2015-02-26T17:00:00+0100,,,,,,,,,,,,,,,,,,,,,,,,,,,,,,,,,,,,,,,,,136.269,136.653,54.549,,,,27.338,103.283,,,,,,,,,,,,,,,,,,,,,DE_KN_residential3_washing_machine | DE_KN_residential3_dishwasher | DE_KN_residential3_refrigerator | DE_KN_residential3_freezer | DE_KN_residential3_circulation_pump
2015-02-26T17:00:00Z,2015-02-26T18:00:00+0100,,,,,,,,,,,,,,,,,,,,,,,,,,,,,,,,,,,,,,,,,136.339,136.655,54.569,,,,27.361,103.283,,,,,,,,,,,,,,,,,,,,,DE_KN_residential3_washing_machine | DE_KN_residential3_dishwasher | DE_KN_residential3_refrigerator | DE_KN_residential3_freezer | DE_KN_residential3_circulation_pump
2015-02-26T18:00:00Z,2015-02-26T19:00:00+0100,,,,,,,,,,,,,,,,,,,,,,,,,,,,,,,,,,,,,,,,,136.410,136.658,54.610,,,,27.384,103.283,,,,,,,,,,,,,,,,,,,,,DE_KN_residential3_washing_machine | DE_KN_residential3_dishwasher | DE_KN_residential3_refrigerator | DE_KN_residential3_freezer | DE_KN_residential3_circulation_pump
2015-02-26T19:00:00Z,2015-02-26T20:00:00+0100,,,,,,,,,,,,,,,,,,,,,,,,,,,,,,,,,,,,,,,,,136.482,136.661,54.635,,,,27.392,103.283,,,,,,,,,,,,,,,,,,,,,DE_KN_residential3_washing_machine | DE_KN_residential3_dishwasher | DE_KN_residential3_refrigerator | DE_KN_residential3_freezer | DE_KN_residential3_circulation_pump
2015-02-26T20:00:00Z,2015-02-26T21:00:00+0100,,,,,,,,,,,,,,,,,,,,,,,,,,,,,,,,,,,,,,,,,136.553,136.663,54.653,,,,27.406,103.283,,,,,,,,,,,,,,,,,,,,,DE_KN_residential3_washing_machine | DE_KN_residential3_dishwasher | DE_KN_residential3_refrigerator | DE_KN_residential3_freezer | DE_KN_residential3_circulation_pump
2015-02-26T21:00:00Z,2015-02-26T22:00:00+0100,,,,,,,,,,,,,,,,,,,,,,,,,,,,,,,,,,,,,,,,,136.625,136.666,54.694,,,,27.435,103.283,,,,,,,,,,,,,,,,,,,,,DE_KN_residential3_washing_machine | DE_KN_residential3_dishwasher | DE_KN_residential3_refrigerator | DE_KN_residential3_freezer | DE_KN_residential3_circulation_pump
2015-02-26T22:00:00Z,2015-02-26T23:00:00+0100,,,,,,,,,,,,,,,,,,,,,,,,,,,,,,,,,,,,,,,,,136.697,137.469,54.722,,,,27.445,103.283,,,,,,,,,,,,,,,,,,,,,DE_KN_residential3_washing_machine | DE_KN_residential3_dishwasher | DE_KN_residential3_refrigerator | DE_KN_residential3_freezer | DE_KN_residential3_circulation_pump
2015-02-26T23:00:00Z,2015-02-27T00:00:00+0100,,,,,,,,,,,,,,,,,,,,,,,,,,,,,,,,,,,,,,,,,136.767,138.077,54.738,,,,27.459,103.283,,,,,,,,,,,,,,,,,,,,,DE_KN_residential3_washing_machine | DE_KN_residential3_dishwasher | DE_KN_residential3_refrigerator | DE_KN_residential3_freezer | DE_KN_residential3_circulation_pump
2015-02-27T00:00:00Z,2015-02-27T01:00:00+0100,,,,,,,,,,,,,,,,,,,,,,,,,,,,,,,,,,,,,,,,,136.842,138.082,54.779,,,,27.481,103.283,,,,,,,,,,,,,,,,,,,,,DE_KN_residential3_washing_machine | DE_KN_residential3_dishwasher | DE_KN_residential3_refrigerator | DE_KN_residential3_freezer | DE_KN_residential3_circulation_pump
2015-02-27T01:00:00Z,2015-02-27T02:00:00+0100,,,,,,,,,,,,,,,,,,,,,,,,,,,,,,,,,,,,,,,,,136.911,138.085,54.808,,,,27.490,103.283,,,,,,,,,,,,,,,,,,,,,DE_KN_residential3_washing_machine | DE_KN_residential3_dishwasher | DE_KN_residential3_refrigerator | DE_KN_residential3_freezer | DE_KN_residential3_circulation_pump
2015-02-27T02:00:00Z,2015-02-27T03:00:00+0100,,,,,,,,,,,,,,,,,,,,,,,,,,,,,,,,,,,,,,,,,136.987,138.088,54.822,,,,27.503,103.283,,,,,,,,,,,,,,,,,,,,,DE_KN_residential3_washing_machine | DE_KN_residential3_dishwasher | DE_KN_residential3_refrigerator | DE_KN_residential3_freezer | DE_KN_residential3_circulation_pump
2015-02-27T03:00:00Z,2015-02-27T04:00:00+0100,,,,,,,,,,,,,,,,,,,,,,,,,,,,,,,,,,,,,,,,,137.056,138.091,54.863,,,,27.524,103.283,,,,,,,,,,,,,,,,,,,,,DE_KN_residential3_washing_machine | DE_KN_residential3_dishwasher | DE_KN_residential3_refrigerator | DE_KN_residential3_freezer | DE_KN_residential3_circulation_pump
2015-02-27T04:00:00Z,2015-02-27T05:00:00+0100,,,,,,,,,,,,,,,,,,,,,,,,,,,,,,,,,,,,,,,,,137.129,138.093,54.895,,,,27.530,103.283,,,,,,,,,,,,,,,,,,,,,DE_KN_residential3_washing_machine | DE_KN_residential3_dishwasher | DE_KN_residential3_refrigerator | DE_KN_residential3_freezer | DE_KN_residential3_circulation_pump
2015-02-27T05:00:00Z,2015-02-27T06:00:00+0100,,,,,,,,,,,,,,,,,,,,,,,,,,,,,,,,,,,,,,,,,137.200,138.096,54.906,,,,27.546,103.283,,,,,,,,,,,,,,,,,,,,,DE_KN_residential3_washing_machine | DE_KN_residential3_dishwasher | DE_KN_residential3_refrigerator | DE_KN_residential3_freezer | DE_KN_residential3_circulation_pump
2015-02-27T06:00:00Z,2015-02-27T07:00:00+0100,,,,,,,,,,,,,,,,,,,,,,,,,,,,,,,,,,,,,,,,,137.273,138.098,54.947,,,,27.572,103.283,,,,,,,,,,,,,,,,,,,,,DE_KN_residential3_washing_machine | DE_KN_residential3_dishwasher | DE_KN_residential3_refrigerator | DE_KN_residential3_freezer | DE_KN_residential3_circulation_pump
2015-02-27T07:00:00Z,2015-02-27T08:00:00+0100,,,,,,,,,,,,,,,,,,,,,,,,,,,,,,,,,,,,,,,,,137.343,138.101,54.981,,,,27.576,103.283,,,,,,,,,,,,,,,,,,,,,DE_KN_residential3_washing_machine | DE_KN_residential3_dishwasher | DE_KN_residential3_refrigerator | DE_KN_residential3_freezer | DE_KN_residential3_circulation_pump
2015-02-27T08:00:00Z,2015-02-27T09:00:00+0100,,,,,,,,,,,,,,,,,,,,,,,,,,,,,,,,,,,,,,,,,137.413,138.103,54.990,,,,27.595,103.283,,,,,,,,,,,,,,,,,,,,,DE_KN_residential3_washing_machine | DE_KN_residential3_dishwasher | DE_KN_residential3_refrigerator | DE_KN_residential3_freezer | DE_KN_residential3_circulation_pump
2015-02-27T09:00:00Z,2015-02-27T10:00:00+0100,,,,,,,,,,,,,,,,,,,,,,,,,,,,,,,,,,,,,,,,,137.485,138.106,55.031,,,,27.617,103.283,,,,,,,,,,,,,,,,,,,,,DE_KN_residential3_washing_machine | DE_KN_residential3_dishwasher | DE_KN_residential3_refrigerator | DE_KN_residential3_freezer | DE_KN_residential3_circulation_pump
2015-02-27T10:00:00Z,2015-02-27T11:00:00+0100,,,,,,,,,,,,,,,,,,,,,,,,,,,,,,,,,,,,,,,,,137.556,138.108,55.066,,,,27.622,103.283,,,,,,,,,,,,,,,,,,,,,DE_KN_residential3_washing_machine | DE_KN_residential3_dishwasher | DE_KN_residential3_refrigerator | DE_KN_residential3_freezer | DE_KN_residential3_circulation_pump
2015-02-27T11:00:00Z,2015-02-27T12:00:00+0100,,,,,,,,,,,,,,,,,,,,,,,,,,,,,,,,,,,,,,,,,137.641,138.111,55.074,,,,27.638,103.283,,,,,,,,,,,,,,,,,,,,,DE_KN_residential3_washing_machine | DE_KN_residential3_dishwasher | DE_KN_residential3_refrigerator | DE_KN_residential3_freezer | DE_KN_residential3_circulation_pump
2015-02-27T12:00:00Z,2015-02-27T13:00:00+0100,,,,,,,,,,,,,,,,,,,,,,,,,,,,,,,,,,,,,,,,,137.754,138.114,55.115,,,,27.659,103.283,,,,,,,,,,,,,,,,,,,,,DE_KN_residential3_washing_machine | DE_KN_residential3_dishwasher | DE_KN_residential3_refrigerator | DE_KN_residential3_freezer | DE_KN_residential3_circulation_pump
2015-02-27T13:00:00Z,2015-02-27T14:00:00+0100,,,,,,,,,,,,,,,,,,,,,,,,,,,,,,,,,,,,,,,,,137.877,138.383,55.152,,,,27.674,103.283,,,,,,,,,,,,,,,,,,,,,DE_KN_residential3_washing_machine | DE_KN_residential3_dishwasher | DE_KN_residential3_refrigerator | DE_KN_residential3_freezer | DE_KN_residential3_circulation_pump
2015-02-27T14:00:00Z,2015-02-27T15:00:00+0100,,,,,,,,,,,,,,,,,,,,,,,,,,,,,,,,,,,,,,,,,138.011,139.237,55.158,,,,27.682,103.283,,,,,,,,,,,,,,,,,,,,,DE_KN_residential3_washing_machine | DE_KN_residential3_dishwasher | DE_KN_residential3_refrigerator | DE_KN_residential3_freezer | DE_KN_residential3_circulation_pump
2015-02-27T15:00:00Z,2015-02-27T16:00:00+0100,,,,,,,,,,,,,,,,,,,,,,,,,,,,,,,,,,,,,,,,,138.120,139.602,55.199,,,,27.704,103.283,,,,,,,,,,,,,,,,,,,,,DE_KN_residential3_washing_machine | DE_KN_residential3_dishwasher | DE_KN_residential3_refrigerator | DE_KN_residential3_freezer | DE_KN_residential3_circulation_pump
2015-02-27T16:00:00Z,2015-02-27T17:00:00+0100,,,,,,,,,,,,,,,,,,,,,,,,,,,,,,,,,,,,,,,,,138.191,139.604,55.237,,,,27.712,103.284,,,,,,,,,,,,,,,,,,,,,DE_KN_residential3_washing_machine | DE_KN_residential3_dishwasher | DE_KN_residential3_refrigerator | DE_KN_residential3_freezer | DE_KN_residential3_circulation_pump
2015-02-27T17:00:00Z,2015-02-27T18:00:00+0100,,,,,,,,,,,,,,,,,,,,,,,,,,,,,,,,,,,,,,,,,138.262,139.606,55.242,,,,27.727,103.284,,,,,,,,,,,,,,,,,,,,,DE_KN_residential3_washing_machine | DE_KN_residential3_dishwasher | DE_KN_residential3_refrigerator | DE_KN_residential3_freezer | DE_KN_residential3_circulation_pump
2015-02-27T18:00:00Z,2015-02-27T19:00:00+0100,,,,,,,,,,,,,,,,,,,,,,,,,,,,,,,,,,,,,,,,,138.334,139.609,55.283,,,,27.748,103.284,,,,,,,,,,,,,,,,,,,,,DE_KN_residential3_washing_machine | DE_KN_residential3_dishwasher | DE_KN_residential3_refrigerator | DE_KN_residential3_freezer | DE_KN_residential3_circulation_pump
2015-02-27T19:00:00Z,2015-02-27T20:00:00+0100,,,,,,,,,,,,,,,,,,,,,,,,,,,,,,,,,,,,,,,,,138.406,139.612,55.324,,,,27.775,103.284,,,,,,,,,,,,,,,,,,,,,DE_KN_residential3_washing_machine | DE_KN_residential3_dishwasher | DE_KN_residential3_refrigerator | DE_KN_residential3_freezer | DE_KN_residential3_circulation_pump
2015-02-27T20:00:00Z,2015-02-27T21:00:00+0100,,,,,,,,,,,,,,,,,,,,,,,,,,,,,,,,,,,,,,,,,138.476,139.614,55.326,,,,27.801,103.284,,,,,,,,,,,,,,,,,,,,,DE_KN_residential3_washing_machine | DE_KN_residential3_dishwasher | DE_KN_residential3_refrigerator | DE_KN_residential3_freezer | DE_KN_residential3_circulation_pump
2015-02-27T21:00:00Z,2015-02-27T22:00:00+0100,,,,,,,,,,,,,,,,,,,,,,,,,,,,,,,,,,,,,,,,,138.548,139.617,55.367,,,,27.828,103.284,,,,,,,,,,,,,,,,,,,,,DE_KN_residential3_washing_machine | DE_KN_residential3_dishwasher | DE_KN_residential3_refrigerator | DE_KN_residential3_freezer | DE_KN_residential3_circulation_pump
2015-02-27T22:00:00Z,2015-02-27T23:00:00+0100,,,,,,,,,,,,,,,,,,,,,,,,,,,,,,,,,,,,,,,,,138.619,139.619,55.409,,,,27.833,103.284,,,,,,,,,,,,,,,,,,,,,DE_KN_residential3_washing_machine | DE_KN_residential3_dishwasher | DE_KN_residential3_refrigerator | DE_KN_residential3_freezer | DE_KN_residential3_circulation_pump
2015-02-27T23:00:00Z,2015-02-28T00:00:00+0100,,,,,,,,,,,,,,,,,,,,,,,,,,,,,,,,,,,,,,,,,138.687,139.622,55.411,,,,27.849,103.284,,,,,,,,,,,,,,,,,,,,,DE_KN_residential3_washing_machine | DE_KN_residential3_dishwasher | DE_KN_residential3_refrigerator | DE_KN_residential3_freezer | DE_KN_residential3_circulation_pump
2015-02-28T00:00:00Z,2015-02-28T01:00:00+0100,,,,,,,,,,,,,,,,,,,,,,,,,,,,,,,,,,,,,,,,,138.762,139.625,55.452,,,,27.871,103.284,,,,,,,,,,,,,,,,,,,,,DE_KN_residential3_washing_machine | DE_KN_residential3_dishwasher | DE_KN_residential3_refrigerator | DE_KN_residential3_freezer | DE_KN_residential3_circulation_pump
2015-02-28T01:00:00Z,2015-02-28T02:00:00+0100,,,,,,,,,,,,,,,,,,,,,,,,,,,,,,,,,,,,,,,,,138.831,139.627,55.494,,,,27.882,103.284,,,,,,,,,,,,,,,,,,,,,DE_KN_residential3_washing_machine | DE_KN_residential3_dishwasher | DE_KN_residential3_refrigerator | DE_KN_residential3_freezer | DE_KN_residential3_circulation_pump
2015-02-28T02:00:00Z,2015-02-28T03:00:00+0100,,,,,,,,,,,,,,,,,,,,,,,,,,,,,,,,,,,,,,,,,138.906,139.630,55.496,,,,27.892,103.284,,,,,,,,,,,,,,,,,,,,,DE_KN_residential3_washing_machine | DE_KN_residential3_dishwasher | DE_KN_residential3_refrigerator | DE_KN_residential3_freezer | DE_KN_residential3_circulation_pump
2015-02-28T03:00:00Z,2015-02-28T04:00:00+0100,,,,,,,,,,,,,,,,,,,,,,,,,,,,,,,,,,,,,,,,,138.976,139.632,55.537,,,,27.913,103.284,,,,,,,,,,,,,,,,,,,,,DE_KN_residential3_washing_machine | DE_KN_residential3_dishwasher | DE_KN_residential3_refrigerator | DE_KN_residential3_freezer | DE_KN_residential3_circulation_pump
2015-02-28T04:00:00Z,2015-02-28T05:00:00+0100,,,,,,,,,,,,,,,,,,,,,,,,,,,,,,,,,,,,,,,,,139.049,139.635,55.579,,,,27.919,103.284,,,,,,,,,,,,,,,,,,,,,DE_KN_residential3_washing_machine | DE_KN_residential3_dishwasher | DE_KN_residential3_refrigerator | DE_KN_residential3_freezer | DE_KN_residential3_circulation_pump
2015-02-28T05:00:00Z,2015-02-28T06:00:00+0100,,,,,,,,,,,,,,,,,,,,,,,,,,,,,,,,,,,,,,,,,139.121,139.637,55.581,,,,27.935,103.300,,,,,,,,,,,,,,,,,,,,,DE_KN_residential3_washing_machine | DE_KN_residential3_dishwasher | DE_KN_residential3_refrigerator | DE_KN_residential3_freezer | DE_KN_residential3_circulation_pump
2015-02-28T06:00:00Z,2015-02-28T07:00:00+0100,,,,,,,,,,,,,,,,,,,,,,,,,,,,,,,,,,,,,,,,,139.194,139.640,55.622,,,,27.958,103.300,,,,,,,,,,,,,,,,,,,,,DE_KN_residential3_washing_machine | DE_KN_residential3_dishwasher | DE_KN_residential3_refrigerator | DE_KN_residential3_freezer | DE_KN_residential3_circulation_pump
2015-02-28T07:00:00Z,2015-02-28T08:00:00+0100,,,,,,,,,,,,,,,,,,,,,,,,,,,,,,,,,,,,,,,,,139.265,139.643,55.662,,,,27.966,103.300,,,,,,,,,,,,,,,,,,,,,DE_KN_residential3_washing_machine | DE_KN_residential3_dishwasher | DE_KN_residential3_refrigerator | DE_KN_residential3_freezer | DE_KN_residential3_circulation_pump
2015-02-28T08:00:00Z,2015-02-28T09:00:00+0100,,,,,,,,,,,,,,,,,,,,,,,,,,,,,,,,,,,,,,,,,139.337,139.645,55.685,,,,27.979,103.300,,,,,,,,,,,,,,,,,,,,,DE_KN_residential3_washing_machine | DE_KN_residential3_dishwasher | DE_KN_residential3_refrigerator | DE_KN_residential3_freezer | DE_KN_residential3_circulation_pump
2015-02-28T09:00:00Z,2015-02-28T10:00:00+0100,,,,,,,,,,,,,,,,,,,,,,,,,,,,,,,,,,,,,,,,,139.408,139.648,55.704,,,,28.001,103.300,,,,,,,,,,,,,,,,,,,,,DE_KN_residential3_washing_machine | DE_KN_residential3_dishwasher | DE_KN_residential3_refrigerator | DE_KN_residential3_freezer | DE_KN_residential3_circulation_pump
2015-02-28T10:00:00Z,2015-02-28T11:00:00+0100,,,,,,,,,,,,,,,,,,,,,,,,,,,,,,,,,,,,,,,,,139.484,139.650,55.744,,,,28.001,103.300,,,,,,,,,,,,,,,,,,,,,DE_KN_residential3_washing_machine | DE_KN_residential3_dishwasher | DE_KN_residential3_refrigerator | DE_KN_residential3_freezer | DE_KN_residential3_circulation_pump
2015-02-28T11:00:00Z,2015-02-28T12:00:00+0100,,,,,,,,,,,,,,,,,,,,,,,,,,,,,,,,,,,,,,,,,139.609,139.653,55.775,,,,28.024,103.300,,,,,,,,,,,,,,,,,,,,,DE_KN_residential3_washing_machine | DE_KN_residential3_dishwasher | DE_KN_residential3_refrigerator | DE_KN_residential3_freezer | DE_KN_residential3_circulation_pump
2015-02-28T12:00:00Z,2015-02-28T13:00:00+0100,,,,,,,,,,,,,,,,,,,,,,,,,,,,,,,,,,,,,,,,,139.729,139.655,55.786,,,,28.050,103.300,,,,,,,,,,,,,,,,,,,,,DE_KN_residential3_washing_machine | DE_KN_residential3_dishwasher | DE_KN_residential3_refrigerator | DE_KN_residential3_freezer | DE_KN_residential3_circulation_pump
2015-02-28T13:00:00Z,2015-02-28T14:00:00+0100,,,,,,,,,,,,,,,,,,,,,,,,,,,,,,,,,,,,,,,,,139.852,140.553,55.826,,,,28.067,103.300,,,,,,,,,,,,,,,,,,,,,DE_KN_residential3_washing_machine | DE_KN_residential3_dishwasher | DE_KN_residential3_refrigerator | DE_KN_residential3_freezer | DE_KN_residential3_circulation_pump
2015-02-28T14:00:00Z,2015-02-28T15:00:00+0100,,,,,,,,,,,,,,,,,,,,,,,,,,,,,,,,,,,,,,,,,139.968,141.170,55.865,,,,28.073,103.300,,,,,,,,,,,,,,,,,,,,,DE_KN_residential3_washing_machine | DE_KN_residential3_dishwasher | DE_KN_residential3_refrigerator | DE_KN_residential3_freezer | DE_KN_residential3_circulation_pump
2015-02-28T15:00:00Z,2015-02-28T16:00:00+0100,,,,,,,,,,,,,,,,,,,,,,,,,,,,,,,,,,,,,,,,,140.074,141.173,55.868,,,,28.096,103.300,,,,,,,,,,,,,,,,,,,,,DE_KN_residential3_washing_machine | DE_KN_residential3_dishwasher | DE_KN_residential3_refrigerator | DE_KN_residential3_freezer | DE_KN_residential3_circulation_pump
2015-02-28T16:00:00Z,2015-02-28T17:00:00+0100,,,,,,,,,,,,,,,,,,,,,,,,,,,,,,,,,,,,,,,,,140.159,141.176,55.908,,,,28.117,103.301,,,,,,,,,,,,,,,,,,,,,DE_KN_residential3_washing_machine | DE_KN_residential3_dishwasher | DE_KN_residential3_refrigerator | DE_KN_residential3_freezer | DE_KN_residential3_circulation_pump
2015-02-28T17:00:00Z,2015-02-28T18:00:00+0100,,,,,,,,,,,,,,,,,,,,,,,,,,,,,,,,,,,,,,,,,140.228,141.178,55.947,,,,28.130,103.301,,,,,,,,,,,,,,,,,,,,,DE_KN_residential3_washing_machine | DE_KN_residential3_dishwasher | DE_KN_residential3_refrigerator | DE_KN_residential3_freezer | DE_KN_residential3_circulation_pump
2015-02-28T18:00:00Z,2015-02-28T19:00:00+0100,,,,,,,,,,,,,,,,,,,,,,,,,,,,,,,,,,,,,,,,,140.298,141.181,55.951,,,,28.152,103.301,,,,,,,,,,,,,,,,,,,,,DE_KN_residential3_washing_machine | DE_KN_residential3_dishwasher | DE_KN_residential3_refrigerator | DE_KN_residential3_freezer | DE_KN_residential3_circulation_pump
2015-02-28T19:00:00Z,2015-02-28T20:00:00+0100,,,,,,,,,,,,,,,,,,,,,,,,,,,,,,,,,,,,,,,,,140.369,141.183,55.989,,,,28.177,103.301,,,,,,,,,,,,,,,,,,,,,DE_KN_residential3_washing_machine | DE_KN_residential3_dishwasher | DE_KN_residential3_refrigerator | DE_KN_residential3_freezer | DE_KN_residential3_circulation_pump
2015-02-28T20:00:00Z,2015-02-28T21:00:00+0100,,,,,,,,,,,,,,,,,,,,,,,,,,,,,,,,,,,,,,,,,140.441,141.185,56.029,,,,28.192,103.301,,,,,,,,,,,,,,,,,,,,,DE_KN_residential3_washing_machine | DE_KN_residential3_dishwasher | DE_KN_residential3_refrigerator | DE_KN_residential3_freezer | DE_KN_residential3_circulation_pump
2015-02-28T21:00:00Z,2015-02-28T22:00:00+0100,,,,,,,,,,,,,,,,,,,,,,,,,,,,,,,,,,,,,,,,,140.512,141.188,56.043,,,,28.201,103.301,,,,,,,,,,,,,,,,,,,,,DE_KN_residential3_washing_machine | DE_KN_residential3_dishwasher | DE_KN_residential3_refrigerator | DE_KN_residential3_freezer | DE_KN_residential3_circulation_pump
2015-02-28T22:00:00Z,2015-02-28T23:00:00+0100,,,,,,,,,,,,,,,,,,,,,,,,,,,,,,,,,,,,,,,,,140.583,141.191,56.072,,,,28.224,103.301,,,,,,,,,,,,,,,,,,,,,DE_KN_residential3_washing_machine | DE_KN_residential3_dishwasher | DE_KN_residential3_refrigerator | DE_KN_residential3_freezer | DE_KN_residential3_circulation_pump
2015-02-28T23:00:00Z,2015-03-01T00:00:00+0100,,,,,,,,,,,,,,,,,,,,,,,,,,,,,,,,,,,,,,,,,140.651,141.193,56.112,,,,28.245,103.301,,,,,,,,,,,,,,,,,,,,,DE_KN_residential3_washing_machine | DE_KN_residential3_dishwasher | DE_KN_residential3_refrigerator | DE_KN_residential3_freezer | DE_KN_residential3_circulation_pump
2015-03-01T00:00:00Z,2015-03-01T01:00:00+0100,,,,,,,,,,,,,,,,,,,,,,,,,,,,,,,,,,,,,,,,,140.726,141.196,56.134,,,,28.246,103.301,,,,,,,,,,,,,,,,,,,,,DE_KN_residential3_washing_machine | DE_KN_residential3_dishwasher | DE_KN_residential3_refrigerator | DE_KN_residential3_freezer | DE_KN_residential3_circulation_pump
2015-03-01T01:00:00Z,2015-03-01T02:00:00+0100,,,,,,,,,,,,,,,,,,,,,,,,,,,,,,,,,,,,,,,,,140.795,141.198,56.154,,,,28.268,103.301,,,,,,,,,,,,,,,,,,,,,DE_KN_residential3_washing_machine | DE_KN_residential3_dishwasher | DE_KN_residential3_refrigerator | DE_KN_residential3_freezer | DE_KN_residential3_circulation_pump
2015-03-01T02:00:00Z,2015-03-01T03:00:00+0100,,,,,,,,,,,,,,,,,,,,,,,,,,,,,,,,,,,,,,,,,140.870,141.201,56.194,,,,28.288,103.301,,,,,,,,,,,,,,,,,,,,,DE_KN_residential3_washing_machine | DE_KN_residential3_dishwasher | DE_KN_residential3_refrigerator | DE_KN_residential3_freezer | DE_KN_residential3_circulation_pump
2015-03-01T03:00:00Z,2015-03-01T04:00:00+0100,,,,,,,,,,,,,,,,,,,,,,,,,,,,,,,,,,,,,,,,,140.940,141.204,56.225,,,,28.290,103.301,,,,,,,,,,,,,,,,,,,,,DE_KN_residential3_washing_machine | DE_KN_residential3_dishwasher | DE_KN_residential3_refrigerator | DE_KN_residential3_freezer | DE_KN_residential3_circulation_pump
2015-03-01T04:00:00Z,2015-03-01T05:00:00+0100,,,,,,,,,,,,,,,,,,,,,,,,,,,,,,,,,,,,,,,,,141.015,141.206,56.237,,,,28.312,103.301,,,,,,,,,,,,,,,,,,,,,DE_KN_residential3_washing_machine | DE_KN_residential3_dishwasher | DE_KN_residential3_refrigerator | DE_KN_residential3_freezer | DE_KN_residential3_circulation_pump
2015-03-01T05:00:00Z,2015-03-01T06:00:00+0100,,,,,,,,,,,,,,,,,,,,,,,,,,,,,,,,,,,,,,,,,141.087,141.209,56.277,,,,28.327,103.301,,,,,,,,,,,,,,,,,,,,,DE_KN_residential3_washing_machine | DE_KN_residential3_dishwasher | DE_KN_residential3_refrigerator | DE_KN_residential3_freezer | DE_KN_residential3_circulation_pump
2015-03-01T06:00:00Z,2015-03-01T07:00:00+0100,,,,,,,,,,,,,,,,,,,,,,,,,,,,,,,,,,,,,,,,,141.161,141.211,56.317,,,,28.333,103.301,,,,,,,,,,,,,,,,,,,,,DE_KN_residential3_washing_machine | DE_KN_residential3_dishwasher | DE_KN_residential3_refrigerator | DE_KN_residential3_freezer | DE_KN_residential3_circulation_pump
2015-03-01T07:00:00Z,2015-03-01T08:00:00+0100,,,,,,,,,,,,,,,,,,,,,,,,,,,,,,,,,,,,,,,,,141.233,141.214,56.319,,,,28.355,103.301,,,,,,,,,,,,,,,,,,,,,DE_KN_residential3_washing_machine | DE_KN_residential3_dishwasher | DE_KN_residential3_refrigerator | DE_KN_residential3_freezer | DE_KN_residential3_circulation_pump
2015-03-01T08:00:00Z,2015-03-01T09:00:00+0100,,,,,,,,,,,,,,,,,,,,,,,,,,,,,,,,,,,,,,,,,141.305,141.216,56.359,,,,28.374,103.301,,,,,,,,,,,,,,,,,,,,,DE_KN_residential3_washing_machine | DE_KN_residential3_dishwasher | DE_KN_residential3_refrigerator | DE_KN_residential3_freezer | DE_KN_residential3_circulation_pump
2015-03-01T09:00:00Z,2015-03-01T10:00:00+0100,,,,,,,,,,,,,,,,,,,,,,,,,,,,,,,,,,,,,,,,,141.378,141.219,56.399,,,,28.379,103.301,,,,,,,,,,,,,,,,,,,,,DE_KN_residential3_washing_machine | DE_KN_residential3_dishwasher | DE_KN_residential3_refrigerator | DE_KN_residential3_freezer | DE_KN_residential3_circulation_pump
2015-03-01T10:00:00Z,2015-03-01T11:00:00+0100,,,,,,,,,,,,,,,,,,,,,,,,,,,,,,,,,,,,,,,,,141.450,141.222,56.404,,,,28.402,103.301,,,,,,,,,,,,,,,,,,,,,DE_KN_residential3_washing_machine | DE_KN_residential3_dishwasher | DE_KN_residential3_refrigerator | DE_KN_residential3_freezer | DE_KN_residential3_circulation_pump
2015-03-01T11:00:00Z,2015-03-01T12:00:00+0100,,,,,,,,,,,,,,,,,,,,,,,,,,,,,,,,,,,,,,,,,141.522,141.224,56.441,,,,28.422,103.301,,,,,,,,,,,,,,,,,,,,,DE_KN_residential3_washing_machine | DE_KN_residential3_dishwasher | DE_KN_residential3_refrigerator | DE_KN_residential3_freezer | DE_KN_residential3_circulation_pump
2015-03-01T12:00:00Z,2015-03-01T13:00:00+0100,,,,,,,,,,,,,,,,,,,,,,,,,,,,,,,,,,,,,,,,,141.594,141.227,56.484,,,,28.431,103.301,,,,,,,,,,,,,,,,,,,,,DE_KN_residential3_washing_machine | DE_KN_residential3_dishwasher | DE_KN_residential3_refrigerator | DE_KN_residential3_freezer | DE_KN_residential3_circulation_pump
2015-03-01T13:00:00Z,2015-03-01T14:00:00+0100,,,,,,,,,,,,,,,,,,,,,,,,,,,,,,,,,,,,,,,,,141.672,141.229,56.524,,,,28.449,103.301,,,,,,,,,,,,,,,,,,,,,DE_KN_residential3_washing_machine | DE_KN_residential3_dishwasher | DE_KN_residential3_refrigerator | DE_KN_residential3_freezer | DE_KN_residential3_circulation_pump
2015-03-01T14:00:00Z,2015-03-01T15:00:00+0100,,,,,,,,,,,,,,,,,,,,,,,,,,,,,,,,,,,,,,,,,141.750,141.232,56.526,,,,28.473,103.301,,,,,,,,,,,,,,,,,,,,,DE_KN_residential3_washing_machine | DE_KN_residential3_dishwasher | DE_KN_residential3_refrigerator | DE_KN_residential3_freezer | DE_KN_residential3_circulation_pump
2015-03-01T15:00:00Z,2015-03-01T16:00:00+0100,,,,,,,,,,,,,,,,,,,,,,,,,,,,,,,,,,,,,,,,,141.827,141.234,56.567,,,,28.483,103.301,,,,,,,,,,,,,,,,,,,,,DE_KN_residential3_washing_machine | DE_KN_residential3_dishwasher | DE_KN_residential3_refrigerator | DE_KN_residential3_freezer | DE_KN_residential3_circulation_pump
2015-03-01T16:00:00Z,2015-03-01T17:00:00+0100,,,,,,,,,,,,,,,,,,,,,,,,,,,,,,,,,,,,,,,,,141.898,141.237,56.608,,,,28.497,103.302,,,,,,,,,,,,,,,,,,,,,DE_KN_residential3_washing_machine | DE_KN_residential3_dishwasher | DE_KN_residential3_refrigerator | DE_KN_residential3_freezer | DE_KN_residential3_circulation_pump
2015-03-01T17:00:00Z,2015-03-01T18:00:00+0100,,,,,,,,,,,,,,,,,,,,,,,,,,,,,,,,,,,,,,,,,141.968,141.240,56.616,,,,28.520,103.302,,,,,,,,,,,,,,,,,,,,,DE_KN_residential3_washing_machine | DE_KN_residential3_dishwasher | DE_KN_residential3_refrigerator | DE_KN_residential3_freezer | DE_KN_residential3_circulation_pump
2015-03-01T18:00:00Z,2015-03-01T19:00:00+0100,,,,,,,,,,,,,,,,,,,,,,,,,,,,,,,,,,,,,,,,,142.039,141.242,56.651,,,,28.531,103.302,,,,,,,,,,,,,,,,,,,,,DE_KN_residential3_washing_machine | DE_KN_residential3_dishwasher | DE_KN_residential3_refrigerator | DE_KN_residential3_freezer | DE_KN_residential3_circulation_pump
2015-03-01T19:00:00Z,2015-03-01T20:00:00+0100,,,,,,,,,,,,,,,,,,,,,,,,,,,,,,,,,,,,,,,,,142.111,141.245,56.693,,,,28.544,103.302,,,,,,,,,,,,,,,,,,,,,DE_KN_residential3_washing_machine | DE_KN_residential3_dishwasher | DE_KN_residential3_refrigerator | DE_KN_residential3_freezer | DE_KN_residential3_circulation_pump
2015-03-01T20:00:00Z,2015-03-01T21:00:00+0100,,,,,,,,,,,,,,,,,,,,,,,,,,,,,,,,,,,,,,,,,142.183,141.312,56.734,,,,28.569,103.302,,,,,,,,,,,,,,,,,,,,,DE_KN_residential3_washing_machine | DE_KN_residential3_dishwasher | DE_KN_residential3_refrigerator | DE_KN_residential3_freezer | DE_KN_residential3_circulation_pump
2015-03-01T21:00:00Z,2015-03-01T22:00:00+0100,,,,,,,,,,,,,,,,,,,,,,,,,,,,,,,,,,,,,,,,,142.256,141.314,56.737,,,,28.574,103.302,,,,,,,,,,,,,,,,,,,,,DE_KN_residential3_washing_machine | DE_KN_residential3_dishwasher | DE_KN_residential3_refrigerator | DE_KN_residential3_freezer | DE_KN_residential3_circulation_pump
2015-03-01T22:00:00Z,2015-03-01T23:00:00+0100,,,,,,,,,,,,,,,,,,,,,,,,,,,,,,,,,,,,,,,,,142.326,141.316,56.778,,,,28.591,103.302,,,,,,,,,,,,,,,,,,,,,DE_KN_residential3_washing_machine | DE_KN_residential3_dishwasher | DE_KN_residential3_refrigerator | DE_KN_residential3_freezer | DE_KN_residential3_circulation_pump
2015-03-01T23:00:00Z,2015-03-02T00:00:00+0100,,,,,,,,,,,,,,,,,,,,,,,,,,,,,,,,,,,,,,,,,142.395,141.319,56.819,,,,28.613,103.302,,,,,,,,,,,,,,,,,,,,,DE_KN_residential3_washing_machine | DE_KN_residential3_dishwasher | DE_KN_residential3_refrigerator | DE_KN_residential3_freezer | DE_KN_residential3_circulation_pump
2015-03-02T00:00:00Z,2015-03-02T01:00:00+0100,,,,,,,,,,,,,,,,,,,,,,,,,,,,,,,,,,,,,,,,,142.469,141.322,56.821,,,,28.614,103.302,,,,,,,,,,,,,,,,,,,,,DE_KN_residential3_washing_machine | DE_KN_residential3_dishwasher | DE_KN_residential3_refrigerator | DE_KN_residential3_freezer | DE_KN_residential3_circulation_pump
2015-03-02T01:00:00Z,2015-03-02T02:00:00+0100,,,,,,,,,,,,,,,,,,,,,,,,,,,,,,,,,,,,,,,,,142.540,141.324,56.863,,,,28.636,103.302,,,,,,,,,,,,,,,,,,,,,DE_KN_residential3_washing_machine | DE_KN_residential3_dishwasher | DE_KN_residential3_refrigerator | DE_KN_residential3_freezer | DE_KN_residential3_circulation_pump
2015-03-02T02:00:00Z,2015-03-02T03:00:00+0100,,,,,,,,,,,,,,,,,,,,,,,,,,,,,,,,,,,,,,,,,142.615,141.327,56.904,,,,28.656,103.302,,,,,,,,,,,,,,,,,,,,,DE_KN_residential3_washing_machine | DE_KN_residential3_dishwasher | DE_KN_residential3_refrigerator | DE_KN_residential3_freezer | DE_KN_residential3_circulation_pump
2015-03-02T03:00:00Z,2015-03-02T04:00:00+0100,,,,,,,,,,,,,,,,,,,,,,,,,,,,,,,,,,,,,,,,,142.685,141.329,56.907,,,,28.658,103.302,,,,,,,,,,,,,,,,,,,,,DE_KN_residential3_washing_machine | DE_KN_residential3_dishwasher | DE_KN_residential3_refrigerator | DE_KN_residential3_freezer | DE_KN_residential3_circulation_pump
2015-03-02T04:00:00Z,2015-03-02T05:00:00+0100,,,,,,,,,,,,,,,,,,,,,,,,,,,,,,,,,,,,,,,,,142.759,141.332,56.948,,,,28.679,103.302,,,,,,,,,,,,,,,,,,,,,DE_KN_residential3_washing_machine | DE_KN_residential3_dishwasher | DE_KN_residential3_refrigerator | DE_KN_residential3_freezer | DE_KN_residential3_circulation_pump
2015-03-02T05:00:00Z,2015-03-02T06:00:00+0100,,,,,,,,,,,,,,,,,,,,,,,,,,,,,,,,,,,,,,,,,142.830,141.334,56.990,,,,28.689,103.302,,,,,,,,,,,,,,,,,,,,,DE_KN_residential3_washing_machine | DE_KN_residential3_dishwasher | DE_KN_residential3_refrigerator | DE_KN_residential3_freezer | DE_KN_residential3_circulation_pump
2015-03-02T06:00:00Z,2015-03-02T07:00:00+0100,,,,,,,,,,,,,,,,,,,,,,,,,,,,,,,,,,,,,,,,,142.901,141.337,56.992,,,,28.702,103.302,,,,,,,,,,,,,,,,,,,,,DE_KN_residential3_washing_machine | DE_KN_residential3_dishwasher | DE_KN_residential3_refrigerator | DE_KN_residential3_freezer | DE_KN_residential3_circulation_pump
2015-03-02T07:00:00Z,2015-03-02T08:00:00+0100,,,,,,,,,,,,,,,,,,,,,,,,,,,,,,,,,,,,,,,,,142.972,141.340,57.034,,,,28.725,103.302,,,,,,,,,,,,,,,,,,,,,DE_KN_residential3_washing_machine | DE_KN_residential3_dishwasher | DE_KN_residential3_refrigerator | DE_KN_residential3_freezer | DE_KN_residential3_circulation_pump
2015-03-02T08:00:00Z,2015-03-02T09:00:00+0100,,,,,,,,,,,,,,,,,,,,,,,,,,,,,,,,,,,,,,,,,143.043,141.342,57.076,,,,28.749,103.302,,,,,,,,,,,,,,,,,,,,,DE_KN_residential3_washing_machine | DE_KN_residential3_dishwasher | DE_KN_residential3_refrigerator | DE_KN_residential3_freezer | DE_KN_residential3_circulation_pump
2015-03-02T09:00:00Z,2015-03-02T10:00:00+0100,,,,,,,,,,,,,,,,,,,,,,,,,,,,,,,,,,,,,,,,,143.114,141.345,57.104,,,,28.752,103.302,,,,,,,,,,,,,,,,,,,,,DE_KN_residential3_washing_machine | DE_KN_residential3_dishwasher | DE_KN_residential3_refrigerator | DE_KN_residential3_freezer | DE_KN_residential3_circulation_pump
2015-03-02T10:00:00Z,2015-03-02T11:00:00+0100,,,,,,,,,,,,,,,,,,,,,,,,,,,,,,,,,,,,,,,,,143.186,141.347,57.120,,,,28.774,103.302,,,,,,,,,,,,,,,,,,,,,DE_KN_residential3_washing_machine | DE_KN_residential3_dishwasher | DE_KN_residential3_refrigerator | DE_KN_residential3_freezer | DE_KN_residential3_circulation_pump
2015-03-02T11:00:00Z,2015-03-02T12:00:00+0100,,,,,,,,,,,,,,,,,,,,,,,,,,,,,,,,,,,,,,,,,143.256,141.350,57.161,,,,28.796,103.302,,,,,,,,,,,,,,,,,,,,,DE_KN_residential3_washing_machine | DE_KN_residential3_dishwasher | DE_KN_residential3_refrigerator | DE_KN_residential3_freezer | DE_KN_residential3_circulation_pump
2015-03-02T12:00:00Z,2015-03-02T13:00:00+0100,,,,,,,,,,,,,,,,,,,,,,,,,,,,,,,,,,,,,,,,,143.329,141.353,57.196,,,,28.813,103.302,,,,,,,,,,,,,,,,,,,,,DE_KN_residential3_washing_machine | DE_KN_residential3_dishwasher | DE_KN_residential3_refrigerator | DE_KN_residential3_freezer | DE_KN_residential3_circulation_pump
2015-03-02T13:00:00Z,2015-03-02T14:00:00+0100,,,,,,,,,,,,,,,,,,,,,,,,,,,,,,,,,,,,,,,,,143.409,141.356,57.205,,,,28.821,103.302,,,,,,,,,,,,,,,,,,,,,DE_KN_residential3_washing_machine | DE_KN_residential3_dishwasher | DE_KN_residential3_refrigerator | DE_KN_residential3_freezer | DE_KN_residential3_circulation_pump
2015-03-02T14:00:00Z,2015-03-02T15:00:00+0100,,,,,,,,,,,,,,,,,,,,,,,,,,,,,,,,,,,,,,,,,143.487,141.358,57.246,,,,28.845,103.302,,,,,,,,,,,,,,,,,,,,,DE_KN_residential3_washing_machine | DE_KN_residential3_dishwasher | DE_KN_residential3_refrigerator | DE_KN_residential3_freezer | DE_KN_residential3_circulation_pump
2015-03-02T15:00:00Z,2015-03-02T16:00:00+0100,,,,,,,,,,,,,,,,,,,,,,,,,,,,,,,,,,,,,,,,,143.566,141.361,57.282,,,,28.858,103.302,,,,,,,,,,,,,,,,,,,,,DE_KN_residential3_washing_machine | DE_KN_residential3_dishwasher | DE_KN_residential3_refrigerator | DE_KN_residential3_freezer | DE_KN_residential3_circulation_pump
2015-03-02T16:00:00Z,2015-03-02T17:00:00+0100,,,,,,,,,,,,,,,,,,,,,,,,,,,,,,,,,,,,,,,,,143.637,141.363,57.289,,,,28.868,103.303,,,,,,,,,,,,,,,,,,,,,DE_KN_residential3_washing_machine | DE_KN_residential3_dishwasher | DE_KN_residential3_refrigerator | DE_KN_residential3_freezer | DE_KN_residential3_circulation_pump
2015-03-02T17:00:00Z,2015-03-02T18:00:00+0100,,,,,,,,,,,,,,,,,,,,,,,,,,,,,,,,,,,,,,,,,143.708,141.366,57.330,,,,28.891,103.303,,,,,,,,,,,,,,,,,,,,,DE_KN_residential3_washing_machine | DE_KN_residential3_dishwasher | DE_KN_residential3_refrigerator | DE_KN_residential3_freezer | DE_KN_residential3_circulation_pump
2015-03-02T18:00:00Z,2015-03-02T19:00:00+0100,,,,,,,,,,,,,,,,,,,,,,,,,,,,,,,,,,,,,,,,,143.780,141.368,57.368,,,,28.893,103.303,,,,,,,,,,,,,,,,,,,,,DE_KN_residential3_washing_machine | DE_KN_residential3_dishwasher | DE_KN_residential3_refrigerator | DE_KN_residential3_freezer | DE_KN_residential3_circulation_pump
2015-03-02T19:00:00Z,2015-03-02T20:00:00+0100,,,,,,,,,,,,,,,,,,,,,,,,,,,,,,,,,,,,,,,,,143.853,141.371,57.373,,,,28.915,103.303,,,,,,,,,,,,,,,,,,,,,DE_KN_residential3_washing_machine | DE_KN_residential3_dishwasher | DE_KN_residential3_refrigerator | DE_KN_residential3_freezer | DE_KN_residential3_circulation_pump
2015-03-02T20:00:00Z,2015-03-02T21:00:00+0100,,,,,,,,,,,,,,,,,,,,,,,,,,,,,,,,,,,,,,,,,143.925,141.744,57.415,,,,28.938,103.303,,,,,,,,,,,,,,,,,,,,,DE_KN_residential3_washing_machine | DE_KN_residential3_dishwasher | DE_KN_residential3_refrigerator | DE_KN_residential3_freezer | DE_KN_residential3_circulation_pump
2015-03-02T21:00:00Z,2015-03-02T22:00:00+0100,,,,,,,,,,,,,,,,,,,,,,,,,,,,,,,,,,,,,,,,,144.000,142.621,57.453,,,,28.965,103.303,,,,,,,,,,,,,,,,,,,,,DE_KN_residential3_washing_machine | DE_KN_residential3_dishwasher | DE_KN_residential3_refrigerator | DE_KN_residential3_freezer | DE_KN_residential3_circulation_pump
2015-03-02T22:00:00Z,2015-03-02T23:00:00+0100,,,,,,,,,,,,,,,,,,,,,,,,,,,,,,,,,,,,,,,,,144.070,142.624,57.458,,,,28.970,103.303,,,,,,,,,,,,,,,,,,,,,DE_KN_residential3_washing_machine | DE_KN_residential3_dishwasher | DE_KN_residential3_refrigerator | DE_KN_residential3_freezer | DE_KN_residential3_circulation_pump
2015-03-02T23:00:00Z,2015-03-03T00:00:00+0100,,,,,,,,,,,,,,,,,,,,,,,,,,,,,,,,,,,,,,,,,144.139,142.626,57.500,,,,28.999,103.303,,,,,,,,,,,,,,,,,,,,,DE_KN_residential3_washing_machine | DE_KN_residential3_dishwasher | DE_KN_residential3_refrigerator | DE_KN_residential3_freezer | DE_KN_residential3_circulation_pump
2015-03-03T00:00:00Z,2015-03-03T01:00:00+0100,,,,,,,,,,,,,,,,,,,,,,,,,,,,,,,,,,,,,,,,,144.212,142.629,57.539,,,,29.023,103.303,,,,,,,,,,,,,,,,,,,,,DE_KN_residential3_washing_machine | DE_KN_residential3_dishwasher | DE_KN_residential3_refrigerator | DE_KN_residential3_freezer | DE_KN_residential3_circulation_pump
2015-03-03T01:00:00Z,2015-03-03T02:00:00+0100,,,,,,,,,,,,,,,,,,,,,,,,,,,,,,,,,,,,,,,,,144.280,142.631,57.543,,,,29.023,103.303,,,,,,,,,,,,,,,,,,,,,DE_KN_residential3_washing_machine | DE_KN_residential3_dishwasher | DE_KN_residential3_refrigerator | DE_KN_residential3_freezer | DE_KN_residential3_circulation_pump
2015-03-03T02:00:00Z,2015-03-03T03:00:00+0100,,,,,,,,,,,,,,,,,,,,,,,,,,,,,,,,,,,,,,,,,144.355,142.635,57.584,,,,29.071,103.303,,,,,,,,,,,,,,,,,,,,,DE_KN_residential3_washing_machine | DE_KN_residential3_dishwasher | DE_KN_residential3_refrigerator | DE_KN_residential3_freezer | DE_KN_residential3_circulation_pump
2015-03-03T03:00:00Z,2015-03-03T04:00:00+0100,,,,,,,,,,,,,,,,,,,,,,,,,,,,,,,,,,,,,,,,,144.423,142.637,57.627,,,,29.093,103.303,,,,,,,,,,,,,,,,,,,,,DE_KN_residential3_washing_machine | DE_KN_residential3_dishwasher | DE_KN_residential3_refrigerator | DE_KN_residential3_freezer | DE_KN_residential3_circulation_pump
2015-03-03T04:00:00Z,2015-03-03T05:00:00+0100,,,,,,,,,,,,,,,,,,,,,,,,,,,,,,,,,,,,,,,,,144.496,142.640,57.633,,,,29.109,103.303,,,,,,,,,,,,,,,,,,,,,DE_KN_residential3_washing_machine | DE_KN_residential3_dishwasher | DE_KN_residential3_refrigerator | DE_KN_residential3_freezer | DE_KN_residential3_circulation_pump
2015-03-03T05:00:00Z,2015-03-03T06:00:00+0100,,,,,,,,,,,,,,,,,,,,,,,,,,,,,,,,,,,,,,,,,144.568,142.642,57.672,,,,29.134,103.303,,,,,,,,,,,,,,,,,,,,,DE_KN_residential3_washing_machine | DE_KN_residential3_dishwasher | DE_KN_residential3_refrigerator | DE_KN_residential3_freezer | DE_KN_residential3_circulation_pump
2015-03-03T06:00:00Z,2015-03-03T07:00:00+0100,,,,,,,,,,,,,,,,,,,,,,,,,,,,,,,,,,,,,,,,,144.639,142.645,57.714,,,,29.159,103.303,,,,,,,,,,,,,,,,,,,,,DE_KN_residential3_washing_machine | DE_KN_residential3_dishwasher | DE_KN_residential3_refrigerator | DE_KN_residential3_freezer | DE_KN_residential3_circulation_pump
2015-03-03T07:00:00Z,2015-03-03T08:00:00+0100,,,,,,,,,,,,,,,,,,,,,,,,,,,,,,,,,,,,,,,,,144.711,142.647,57.720,,,,29.171,103.303,,,,,,,,,,,,,,,,,,,,,DE_KN_residential3_washing_machine | DE_KN_residential3_dishwasher | DE_KN_residential3_refrigerator | DE_KN_residential3_freezer | DE_KN_residential3_circulation_pump
2015-03-03T08:00:00Z,2015-03-03T09:00:00+0100,,,,,,,,,,,,,,,,,,,,,,,,,,,,,,,,,,,,,,,,,144.782,142.650,57.758,,,,29.187,103.303,,,,,,,,,,,,,,,,,,,,,DE_KN_residential3_washing_machine | DE_KN_residential3_dishwasher | DE_KN_residential3_refrigerator | DE_KN_residential3_freezer | DE_KN_residential3_circulation_pump
2015-03-03T09:00:00Z,2015-03-03T10:00:00+0100,,,,,,,,,,,,,,,,,,,,,,,,,,,,,,,,,,,,,,,,,144.854,142.653,57.800,,,,29.205,103.303,,,,,,,,,,,,,,,,,,,,,DE_KN_residential3_washing_machine | DE_KN_residential3_dishwasher | DE_KN_residential3_refrigerator | DE_KN_residential3_freezer | DE_KN_residential3_circulation_pump
2015-03-03T10:00:00Z,2015-03-03T11:00:00+0100,,,,,,,,,,,,,,,,,,,,,,,,,,,,,,,,,,,,,,,,,144.927,142.655,57.804,,,,29.231,103.303,,,,,,,,,,,,,,,,,,,,,DE_KN_residential3_washing_machine | DE_KN_residential3_dishwasher | DE_KN_residential3_refrigerator | DE_KN_residential3_freezer | DE_KN_residential3_circulation_pump
2015-03-03T11:00:00Z,2015-03-03T12:00:00+0100,,,,,,,,,,,,,,,,,,,,,,,,,,,,,,,,,,,,,,,,,144.998,142.658,57.844,,,,29.234,103.303,,,,,,,,,,,,,,,,,,,,,DE_KN_residential3_washing_machine | DE_KN_residential3_dishwasher | DE_KN_residential3_refrigerator | DE_KN_residential3_freezer | DE_KN_residential3_circulation_pump
2015-03-03T12:00:00Z,2015-03-03T13:00:00+0100,,,,,,,,,,,,,,,,,,,,,,,,,,,,,,,,,,,,,,,,,145.069,142.660,57.886,,,,29.258,103.303,,,,,,,,,,,,,,,,,,,,,DE_KN_residential3_washing_machine | DE_KN_residential3_dishwasher | DE_KN_residential3_refrigerator | DE_KN_residential3_freezer | DE_KN_residential3_circulation_pump
2015-03-03T13:00:00Z,2015-03-03T14:00:00+0100,,,,,,,,,,,,,,,,,,,,,,,,,,,,,,,,,,,,,,,,,145.149,143.456,57.889,,,,29.283,103.303,,,,,,,,,,,,,,,,,,,,,DE_KN_residential3_washing_machine | DE_KN_residential3_dishwasher | DE_KN_residential3_refrigerator | DE_KN_residential3_freezer | DE_KN_residential3_circulation_pump
2015-03-03T14:00:00Z,2015-03-03T15:00:00+0100,,,,,,,,,,,,,,,,,,,,,,,,,,,,,,,,,,,,,,,,,145.227,144.035,57.931,,,,29.288,103.303,,,,,,,,,,,,,,,,,,,,,DE_KN_residential3_washing_machine | DE_KN_residential3_dishwasher | DE_KN_residential3_refrigerator | DE_KN_residential3_freezer | DE_KN_residential3_circulation_pump
2015-03-03T15:00:00Z,2015-03-03T16:00:00+0100,,,,,,,,,,,,,,,,,,,,,,,,,,,,,,,,,,,,,,,,,145.303,144.037,57.973,,,,29.309,103.536,,,,,,,,,,,,,,,,,,,,,DE_KN_residential3_washing_machine | DE_KN_residential3_dishwasher | DE_KN_residential3_refrigerator | DE_KN_residential3_freezer | DE_KN_residential3_circulation_pump
2015-03-03T16:00:00Z,2015-03-03T17:00:00+0100,,,,,,,,,,,,,,,,,,,,,,,,,,,,,,,,,,,,,,,,,145.375,144.040,57.975,,,,29.331,103.762,,,,,,,,,,,,,,,,,,,,,DE_KN_residential3_washing_machine | DE_KN_residential3_dishwasher | DE_KN_residential3_refrigerator | DE_KN_residential3_freezer | DE_KN_residential3_circulation_pump
2015-03-03T17:00:00Z,2015-03-03T18:00:00+0100,,,,,,,,,,,,,,,,,,,,,,,,,,,,,,,,,,,,,,,,,145.446,144.042,58.017,,,,29.339,103.833,,,,,,,,,,,,,,,,,,,,,DE_KN_residential3_washing_machine | DE_KN_residential3_dishwasher | DE_KN_residential3_refrigerator | DE_KN_residential3_freezer | DE_KN_residential3_circulation_pump
2015-03-03T18:00:00Z,2015-03-03T19:00:00+0100,,,,,,,,,,,,,,,,,,,,,,,,,,,,,,,,,,,,,,,,,145.517,144.045,58.054,,,,29.369,104.089,,,,,,,,,,,,,,,,,,,,,DE_KN_residential3_washing_machine | DE_KN_residential3_dishwasher | DE_KN_residential3_refrigerator | DE_KN_residential3_freezer | DE_KN_residential3_circulation_pump
2015-03-03T19:00:00Z,2015-03-03T20:00:00+0100,,,,,,,,,,,,,,,,,,,,,,,,,,,,,,,,,,,,,,,,,145.590,144.047,58.061,,,,29.395,104.119,,,,,,,,,,,,,,,,,,,,,DE_KN_residential3_washing_machine | DE_KN_residential3_dishwasher | DE_KN_residential3_refrigerator | DE_KN_residential3_freezer | DE_KN_residential3_circulation_pump
2015-03-03T20:00:00Z,2015-03-03T21:00:00+0100,,,,,,,,,,,,,,,,,,,,,,,,,,,,,,,,,,,,,,,,,145.662,144.050,58.103,,,,29.401,104.120,,,,,,,,,,,,,,,,,,,,,DE_KN_residential3_washing_machine | DE_KN_residential3_dishwasher | DE_KN_residential3_refrigerator | DE_KN_residential3_freezer | DE_KN_residential3_circulation_pump
2015-03-03T21:00:00Z,2015-03-03T22:00:00+0100,,,,,,,,,,,,,,,,,,,,,,,,,,,,,,,,,,,,,,,,,145.735,144.052,58.144,,,,29.425,104.120,,,,,,,,,,,,,,,,,,,,,DE_KN_residential3_washing_machine | DE_KN_residential3_dishwasher | DE_KN_residential3_refrigerator | DE_KN_residential3_freezer | DE_KN_residential3_circulation_pump
2015-03-03T22:00:00Z,2015-03-03T23:00:00+0100,,,,,,,,,,,,,,,,,,,,,,,,,,,,,,,,,,,,,,,,,145.782,145.058,58.147,,,,29.449,104.384,,,,,,,,,,,,,,,,,,,,,DE_KN_residential3_washing_machine | DE_KN_residential3_dishwasher | DE_KN_residential3_refrigerator | DE_KN_residential3_freezer | DE_KN_residential3_circulation_pump
2015-03-03T23:00:00Z,2015-03-04T00:00:00+0100,,,,,,,,,,,,,,,,,,,,,,,,,,,,,,,,,,,,,,,,,145.842,145.402,58.190,,,,29.451,104.385,,,,,,,,,,,,,,,,,,,,,DE_KN_residential3_washing_machine | DE_KN_residential3_dishwasher | DE_KN_residential3_refrigerator | DE_KN_residential3_freezer | DE_KN_residential3_circulation_pump
2015-03-04T00:00:00Z,2015-03-04T01:00:00+0100,,,,,,,,,,,,,,,,,,,,,,,,,,,,,,,,,,,,,,,,,145.916,145.406,58.227,,,,29.476,104.385,,,,,,,,,,,,,,,,,,,,,DE_KN_residential3_washing_machine | DE_KN_residential3_dishwasher | DE_KN_residential3_refrigerator | DE_KN_residential3_freezer | DE_KN_residential3_circulation_pump
2015-03-04T01:00:00Z,2015-03-04T02:00:00+0100,,,,,,,,,,,,,,,,,,,,,,,,,,,,,,,,,,,,,,,,,145.984,145.410,58.234,,,,29.485,104.385,,,,,,,,,,,,,,,,,,,,,DE_KN_residential3_washing_machine | DE_KN_residential3_dishwasher | DE_KN_residential3_refrigerator | DE_KN_residential3_freezer | DE_KN_residential3_circulation_pump
2015-03-04T02:00:00Z,2015-03-04T03:00:00+0100,,,,,,,,,,,,,,,,,,,,,,,,,,,,,,,,,,,,,,,,,146.058,145.414,58.276,,,,29.502,104.385,,,,,,,,,,,,,,,,,,,,,DE_KN_residential3_washing_machine | DE_KN_residential3_dishwasher | DE_KN_residential3_refrigerator | DE_KN_residential3_freezer | DE_KN_residential3_circulation_pump
2015-03-04T03:00:00Z,2015-03-04T04:00:00+0100,,,,,,,,,,,,,,,,,,,,,,,,,,,,,,,,,,,,,,,,,146.127,145.418,58.310,,,,29.522,104.385,,,,,,,,,,,,,,,,,,,,,DE_KN_residential3_washing_machine | DE_KN_residential3_dishwasher | DE_KN_residential3_refrigerator | DE_KN_residential3_freezer | DE_KN_residential3_circulation_pump
2015-03-04T04:00:00Z,2015-03-04T05:00:00+0100,,,,,,,,,,,,,,,,,,,,,,,,,,,,,,,,,,,,,,,,,146.199,145.422,58.320,,,,29.527,104.385,,,,,,,,,,,,,,,,,,,,,DE_KN_residential3_washing_machine | DE_KN_residential3_dishwasher | DE_KN_residential3_refrigerator | DE_KN_residential3_freezer | DE_KN_residential3_circulation_pump
2015-03-04T05:00:00Z,2015-03-04T06:00:00+0100,,,,,,,,,,,,,,,,,,,,,,,,,,,,,,,,,,,,,,,,,146.270,145.425,58.362,,,,29.552,104.385,,,,,,,,,,,,,,,,,,,,,DE_KN_residential3_washing_machine | DE_KN_residential3_dishwasher | DE_KN_residential3_refrigerator | DE_KN_residential3_freezer | DE_KN_residential3_circulation_pump
2015-03-04T06:00:00Z,2015-03-04T07:00:00+0100,,,,,,,,,,,,,,,,,,,,,,,,,,,,,,,,,,,,,,,,,146.341,145.429,58.394,,,,29.552,104.385,,,,,,,,,,,,,,,,,,,,,DE_KN_residential3_washing_machine | DE_KN_residential3_dishwasher | DE_KN_residential3_refrigerator | DE_KN_residential3_freezer | DE_KN_residential3_circulation_pump
2015-03-04T07:00:00Z,2015-03-04T08:00:00+0100,,,,,,,,,,,,,,,,,,,,,,,,,,,,,,,,,,,,,,,,,146.414,145.431,58.406,,,,29.581,104.637,,,,,,,,,,,,,,,,,,,,,DE_KN_residential3_washing_machine | DE_KN_residential3_dishwasher | DE_KN_residential3_refrigerator | DE_KN_residential3_freezer | DE_KN_residential3_circulation_pump
2015-03-04T08:00:00Z,2015-03-04T09:00:00+0100,,,,,,,,,,,,,,,,,,,,,,,,,,,,,,,,,,,,,,,,,146.487,145.434,58.448,,,,29.590,104.989,,,,,,,,,,,,,,,,,,,,,DE_KN_residential3_washing_machine | DE_KN_residential3_dishwasher | DE_KN_residential3_refrigerator | DE_KN_residential3_freezer | DE_KN_residential3_circulation_pump
2015-03-04T09:00:00Z,2015-03-04T10:00:00+0100,,,,,,,,,,,,,,,,,,,,,,,,,,,,,,,,,,,,,,,,,146.559,145.436,58.476,,,,29.609,105.594,,,,,,,,,,,,,,,,,,,,,DE_KN_residential3_washing_machine | DE_KN_residential3_dishwasher | DE_KN_residential3_refrigerator | DE_KN_residential3_freezer | DE_KN_residential3_circulation_pump
2015-03-04T10:00:00Z,2015-03-04T11:00:00+0100,,,,,,,,,,,,,,,,,,,,,,,,,,,,,,,,,,,,,,,,,146.632,145.439,58.492,,,,29.634,105.701,,,,,,,,,,,,,,,,,,,,,DE_KN_residential3_washing_machine | DE_KN_residential3_dishwasher | DE_KN_residential3_refrigerator | DE_KN_residential3_freezer | DE_KN_residential3_circulation_pump
2015-03-04T11:00:00Z,2015-03-04T12:00:00+0100,,,,,,,,,,,,,,,,,,,,,,,,,,,,,,,,,,,,,,,,,146.704,145.442,58.534,,,,29.635,105.758,,,,,,,,,,,,,,,,,,,,,DE_KN_residential3_washing_machine | DE_KN_residential3_dishwasher | DE_KN_residential3_refrigerator | DE_KN_residential3_freezer | DE_KN_residential3_circulation_pump
2015-03-04T12:00:00Z,2015-03-04T13:00:00+0100,,,,,,,,,,,,,,,,,,,,,,,,,,,,,,,,,,,,,,,,,146.777,145.444,58.556,,,,29.663,105.758,,,,,,,,,,,,,,,,,,,,,DE_KN_residential3_washing_machine | DE_KN_residential3_dishwasher | DE_KN_residential3_refrigerator | DE_KN_residential3_freezer | DE_KN_residential3_circulation_pump
2015-03-04T13:00:00Z,2015-03-04T14:00:00+0100,,,,,,,,,,,,,,,,,,,,,,,,,,,,,,,,,,,,,,,,,146.854,145.447,58.578,,,,29.676,106.296,,,,,,,,,,,,,,,,,,,,,DE_KN_residential3_washing_machine | DE_KN_residential3_dishwasher | DE_KN_residential3_refrigerator | DE_KN_residential3_freezer | DE_KN_residential3_circulation_pump
2015-03-04T14:00:00Z,2015-03-04T15:00:00+0100,,,,,,,,,,,,,,,,,,,,,,,,,,,,,,,,,,,,,,,,,146.932,145.449,58.620,,,,29.689,107.065,,,,,,,,,,,,,,,,,,,,,DE_KN_residential3_washing_machine | DE_KN_residential3_dishwasher | DE_KN_residential3_refrigerator | DE_KN_residential3_freezer | DE_KN_residential3_circulation_pump
2015-03-04T15:00:00Z,2015-03-04T16:00:00+0100,,,,,,,,,,,,,,,,,,,,,,,,,,,,,,,,,,,,,,,,,147.009,145.452,58.632,,,,29.702,107.610,,,,,,,,,,,,,,,,,,,,,DE_KN_residential3_washing_machine | DE_KN_residential3_dishwasher | DE_KN_residential3_refrigerator | DE_KN_residential3_freezer | DE_KN_residential3_circulation_pump
2015-03-04T16:00:00Z,2015-03-04T17:00:00+0100,,,,,,,,,,,,,,,,,,,,,,,,,,,,,,,,,,,,,,,,,147.081,145.454,58.664,,,,29.715,108.093,,,,,,,,,,,,,,,,,,,,,DE_KN_residential3_washing_machine | DE_KN_residential3_dishwasher | DE_KN_residential3_refrigerator | DE_KN_residential3_freezer | DE_KN_residential3_circulation_pump
2015-03-04T17:00:00Z,2015-03-04T18:00:00+0100,,,,,,,,,,,,,,,,,,,,,,,,,,,,,,,,,,,,,,,,,147.151,145.457,58.706,,,,29.728,108.093,,,,,,,,,,,,,,,,,,,,,DE_KN_residential3_washing_machine | DE_KN_residential3_dishwasher | DE_KN_residential3_refrigerator | DE_KN_residential3_freezer | DE_KN_residential3_circulation_pump
2015-03-04T18:00:00Z,2015-03-04T19:00:00+0100,,,,,,,,,,,,,,,,,,,,,,,,,,,,,,,,,,,,,,,,,147.222,145.460,58.708,,,,29.744,108.093,,,,,,,,,,,,,,,,,,,,,DE_KN_residential3_washing_machine | DE_KN_residential3_dishwasher | DE_KN_residential3_refrigerator | DE_KN_residential3_freezer | DE_KN_residential3_circulation_pump
2015-03-04T19:00:00Z,2015-03-04T20:00:00+0100,,,,,,,,,,,,,,,,,,,,,,,,,,,,,,,,,,,,,,,,,147.294,145.462,58.750,,,,29.761,108.093,,,,,,,,,,,,,,,,,,,,,DE_KN_residential3_washing_machine | DE_KN_residential3_dishwasher | DE_KN_residential3_refrigerator | DE_KN_residential3_freezer | DE_KN_residential3_circulation_pump
2015-03-04T20:00:00Z,2015-03-04T21:00:00+0100,,,,,,,,,,,,,,,,,,,,,,,,,,,,,,,,,,,,,,,,,147.363,145.464,58.792,,,,29.775,108.166,,,,,,,,,,,,,,,,,,,,,DE_KN_residential3_washing_machine | DE_KN_residential3_dishwasher | DE_KN_residential3_refrigerator | DE_KN_residential3_freezer | DE_KN_residential3_circulation_pump
2015-03-04T21:00:00Z,2015-03-04T22:00:00+0100,,,,,,,,,,,,,,,,,,,,,,,,,,,,,,,,,,,,,,,,,147.434,145.467,58.833,,,,29.785,108.375,,,,,,,,,,,,,,,,,,,,,DE_KN_residential3_washing_machine | DE_KN_residential3_dishwasher | DE_KN_residential3_refrigerator | DE_KN_residential3_freezer | DE_KN_residential3_circulation_pump
2015-03-04T22:00:00Z,2015-03-04T23:00:00+0100,,,,,,,,,,,,,,,,,,,,,,,,,,,,,,,,,,,,,,,,,147.504,145.469,58.835,,,,29.807,108.548,,,,,,,,,,,,,,,,,,,,,DE_KN_residential3_washing_machine | DE_KN_residential3_dishwasher | DE_KN_residential3_refrigerator | DE_KN_residential3_freezer | DE_KN_residential3_circulation_pump
2015-03-04T23:00:00Z,2015-03-05T00:00:00+0100,,,,,,,,,,,,,,,,,,,,,,,,,,,,,,,,,,,,,,,,,147.572,145.472,58.876,,,,29.824,109.524,,,,,,,,,,,,,,,,,,,,,DE_KN_residential3_washing_machine | DE_KN_residential3_dishwasher | DE_KN_residential3_refrigerator | DE_KN_residential3_freezer | DE_KN_residential3_circulation_pump
2015-03-05T00:00:00Z,2015-03-05T01:00:00+0100,,,,,,,,,,,,,,,,,,,,,,,,,,,,,,,,,,,,,,,,,147.645,145.475,58.917,,,,29.829,109.595,,,,,,,,,,,,,,,,,,,,,DE_KN_residential3_washing_machine | DE_KN_residential3_dishwasher | DE_KN_residential3_refrigerator | DE_KN_residential3_freezer | DE_KN_residential3_circulation_pump
2015-03-05T01:00:00Z,2015-03-05T02:00:00+0100,,,,,,,,,,,,,,,,,,,,,,,,,,,,,,,,,,,,,,,,,147.714,145.477,58.928,,,,29.850,109.596,,,,,,,,,,,,,,,,,,,,,DE_KN_residential3_washing_machine | DE_KN_residential3_dishwasher | DE_KN_residential3_refrigerator | DE_KN_residential3_freezer | DE_KN_residential3_circulation_pump
2015-03-05T02:00:00Z,2015-03-05T03:00:00+0100,,,,,,,,,,,,,,,,,,,,,,,,,,,,,,,,,,,,,,,,,147.787,145.480,58.961,,,,29.867,109.596,,,,,,,,,,,,,,,,,,,,,DE_KN_residential3_washing_machine | DE_KN_residential3_dishwasher | DE_KN_residential3_refrigerator | DE_KN_residential3_freezer | DE_KN_residential3_circulation_pump
2015-03-05T03:00:00Z,2015-03-05T04:00:00+0100,,,,,,,,,,,,,,,,,,,,,,,,,,,,,,,,,,,,,,,,,147.856,145.482,59.002,,,,29.872,109.596,,,,,,,,,,,,,,,,,,,,,DE_KN_residential3_washing_machine | DE_KN_residential3_dishwasher | DE_KN_residential3_refrigerator | DE_KN_residential3_freezer | DE_KN_residential3_circulation_pump
2015-03-05T04:00:00Z,2015-03-05T05:00:00+0100,,,,,,,,,,,,,,,,,,,,,,,,,,,,,,,,,,,,,,,,,147.928,145.485,59.016,,,,29.896,109.596,,,,,,,,,,,,,,,,,,,,,DE_KN_residential3_washing_machine | DE_KN_residential3_dishwasher | DE_KN_residential3_refrigerator | DE_KN_residential3_freezer | DE_KN_residential3_circulation_pump
2015-03-05T05:00:00Z,2015-03-05T06:00:00+0100,,,,,,,,,,,,,,,,,,,,,,,,,,,,,,,,,,,,,,,,,147.998,145.488,59.045,,,,29.906,110.753,,,,,,,,,,,,,,,,,,,,,DE_KN_residential3_washing_machine | DE_KN_residential3_dishwasher | DE_KN_residential3_refrigerator | DE_KN_residential3_freezer | DE_KN_residential3_circulation_pump
2015-03-05T06:00:00Z,2015-03-05T07:00:00+0100,,,,,,,,,,,,,,,,,,,,,,,,,,,,,,,,,,,,,,,,,148.068,145.490,59.086,,,,29.917,110.984,,,,,,,,,,,,,,,,,,,,,DE_KN_residential3_washing_machine | DE_KN_residential3_dishwasher | DE_KN_residential3_refrigerator | DE_KN_residential3_freezer | DE_KN_residential3_circulation_pump
2015-03-05T07:00:00Z,2015-03-05T08:00:00+0100,,,,,,,,,,,,,,,,,,,,,,,,,,,,,,,,,,,,,,,,,148.141,146.097,59.102,,,,29.938,111.024,,,,,,,,,,,,,,,,,,,,,DE_KN_residential3_washing_machine | DE_KN_residential3_dishwasher | DE_KN_residential3_refrigerator | DE_KN_residential3_freezer | DE_KN_residential3_circulation_pump
2015-03-05T08:00:00Z,2015-03-05T09:00:00+0100,,,,,,,,,,,,,,,,,,,,,,,,,,,,,,,,,,,,,,,,,148.212,146.618,59.129,,,,29.954,112.076,,,,,,,,,,,,,,,,,,,,,DE_KN_residential3_washing_machine | DE_KN_residential3_dishwasher | DE_KN_residential3_refrigerator | DE_KN_residential3_freezer | DE_KN_residential3_circulation_pump
2015-03-05T09:00:00Z,2015-03-05T10:00:00+0100,,,,,,,,,,,,,,,,,,,,,,,,,,,,,,,,,,,,,,,,,148.284,146.620,59.170,,,,29.961,112.496,,,,,,,,,,,,,,,,,,,,,DE_KN_residential3_washing_machine | DE_KN_residential3_dishwasher | DE_KN_residential3_refrigerator | DE_KN_residential3_freezer | DE_KN_residential3_circulation_pump
2015-03-05T10:00:00Z,2015-03-05T11:00:00+0100,,,,,,,,,,,,,,,,,,,,,,,,,,,,,,,,,,,,,,,,,148.354,146.622,59.187,,,,29.982,112.497,,,,,,,,,,,,,,,,,,,,,DE_KN_residential3_washing_machine | DE_KN_residential3_dishwasher | DE_KN_residential3_refrigerator | DE_KN_residential3_freezer | DE_KN_residential3_circulation_pump
2015-03-05T11:00:00Z,2015-03-05T12:00:00+0100,,,,,,,,,,,,,,,,,,,,,,,,,,,,,,,,,,,,,,,,,148.425,146.624,59.213,,,,29.995,112.498,,,,,,,,,,,,,,,,,,,,,DE_KN_residential3_washing_machine | DE_KN_residential3_dishwasher | DE_KN_residential3_refrigerator | DE_KN_residential3_freezer | DE_KN_residential3_circulation_pump
2015-03-05T12:00:00Z,2015-03-05T13:00:00+0100,,,,,,,,,,,,,,,,,,,,,,,,,,,,,,,,,,,,,,,,,148.497,146.627,59.253,,,,30.007,112.498,,,,,,,,,,,,,,,,,,,,,DE_KN_residential3_washing_machine | DE_KN_residential3_dishwasher | DE_KN_residential3_refrigerator | DE_KN_residential3_freezer | DE_KN_residential3_circulation_pump
2015-03-05T13:00:00Z,2015-03-05T14:00:00+0100,,,,,,,,,,,,,,,,,,,,,,,,,,,,,,,,,,,,,,,,,148.575,146.630,59.274,,,,30.033,112.498,,,,,,,,,,,,,,,,,,,,,DE_KN_residential3_washing_machine | DE_KN_residential3_dishwasher | DE_KN_residential3_refrigerator | DE_KN_residential3_freezer | DE_KN_residential3_circulation_pump
2015-03-05T14:00:00Z,2015-03-05T15:00:00+0100,,,,,,,,,,,,,,,,,,,,,,,,,,,,,,,,,,,,,,,,,148.653,146.632,59.296,,,,30.054,112.498,,,,,,,,,,,,,,,,,,,,,DE_KN_residential3_washing_machine | DE_KN_residential3_dishwasher | DE_KN_residential3_refrigerator | DE_KN_residential3_freezer | DE_KN_residential3_circulation_pump
2015-03-05T15:00:00Z,2015-03-05T16:00:00+0100,,,,,,,,,,,,,,,,,,,,,,,,,,,,,,,,,,,,,,,,,148.730,146.635,59.338,,,,30.056,112.498,,,,,,,,,,,,,,,,,,,,,DE_KN_residential3_washing_machine | DE_KN_residential3_dishwasher | DE_KN_residential3_refrigerator | DE_KN_residential3_freezer | DE_KN_residential3_circulation_pump
2015-03-05T16:00:00Z,2015-03-05T17:00:00+0100,,,,,,,,,,,,,,,,,,,,,,,,,,,,,,,,,,,,,,,,,148.800,146.637,59.360,,,,30.078,112.498,,,,,,,,,,,,,,,,,,,,,DE_KN_residential3_washing_machine | DE_KN_residential3_dishwasher | DE_KN_residential3_refrigerator | DE_KN_residential3_freezer | DE_KN_residential3_circulation_pump
2015-03-05T17:00:00Z,2015-03-05T18:00:00+0100,,,,,,,,,,,,,,,,,,,,,,,,,,,,,,,,,,,,,,,,,148.870,146.639,59.381,,,,30.101,112.498,,,,,,,,,,,,,,,,,,,,,DE_KN_residential3_washing_machine | DE_KN_residential3_dishwasher | DE_KN_residential3_refrigerator | DE_KN_residential3_freezer | DE_KN_residential3_circulation_pump
2015-03-05T18:00:00Z,2015-03-05T19:00:00+0100,,,,,,,,,,,,,,,,,,,,,,,,,,,,,,,,,,,,,,,,,148.941,146.642,59.422,,,,30.124,112.498,,,,,,,,,,,,,,,,,,,,,DE_KN_residential3_washing_machine | DE_KN_residential3_dishwasher | DE_KN_residential3_refrigerator | DE_KN_residential3_freezer | DE_KN_residential3_circulation_pump
2015-03-05T19:00:00Z,2015-03-05T20:00:00+0100,,,,,,,,,,,,,,,,,,,,,,,,,,,,,,,,,,,,,,,,,149.013,146.645,59.446,,,,30.132,112.498,,,,,,,,,,,,,,,,,,,,,DE_KN_residential3_washing_machine | DE_KN_residential3_dishwasher | DE_KN_residential3_refrigerator | DE_KN_residential3_freezer | DE_KN_residential3_circulation_pump
2015-03-05T20:00:00Z,2015-03-05T21:00:00+0100,,,,,,,,,,,,,,,,,,,,,,,,,,,,,,,,,,,,,,,,,149.082,147.234,59.491,,,,30.150,112.498,,,,,,,,,,,,,,,,,,,,,
2015-03-05T21:00:00Z,2015-03-05T22:00:00+0100,,,,,,,,,,,,,,,,,,,,,,,,,,,,,,,,,,,,,,,,,149.154,147.938,59.494,,,,30.160,112.711,,,,,,,,,,,,,,,,,,,,,
2015-03-05T22:00:00Z,2015-03-05T23:00:00+0100,,,,,,,,,,,,,,,,,,,,,,,,,,,,,,,,,,,,,,,,,149.198,147.941,59.536,,,,30.182,112.748,,,,,,,,,,,,,,,,,,,,,
2015-03-05T23:00:00Z,2015-03-06T00:00:00+0100,,,,,,,,,,,,,,,,,,,,,,,,,,,,,,,,,,,,,,,,,149.263,147.943,59.578,,,,30.203,113.023,,,,,,,,,,,,,,,,,,,,,
2015-03-06T00:00:00Z,2015-03-06T01:00:00+0100,,,,,,,,,,,,,,,,,,,,,,,,,,,,,,,,,,,,,,,,,149.335,147.946,59.580,,,,30.205,113.113,,,,,,,,,,,,,,,,,,,,,
2015-03-06T01:00:00Z,2015-03-06T02:00:00+0100,,,,,,,,,,,,,,,,,,,,,,,,,,,,,,,,,,,,,,,,,149.401,147.948,59.622,,,,30.225,113.473,,,,,,,,,,,,,,,,,,,,,
2015-03-06T02:00:00Z,2015-03-06T03:00:00+0100,,,,,,,,,,,,,,,,,,,,,,,,,,,,,,,,,,,,,,,,,149.474,147.951,59.664,,,,30.247,113.525,,,,,,,,,,,,,,,,,,,,,
2015-03-06T03:00:00Z,2015-03-06T04:00:00+0100,,,,,,,,,,,,,,,,,,,,,,,,,,,,,,,,,,,,,,,,,149.541,147.953,59.666,,,,30.251,113.526,,,,,,,,,,,,,,,,,,,,,
2015-03-06T04:00:00Z,2015-03-06T05:00:00+0100,,,,,,,,,,,,,,,,,,,,,,,,,,,,,,,,,,,,,,,,,149.613,147.956,59.708,,,,30.268,113.526,,,,,,,,,,,,,,,,,,,,,
2015-03-06T05:00:00Z,2015-03-06T06:00:00+0100,,,,,,,,,,,,,,,,,,,,,,,,,,,,,,,,,,,,,,,,,149.684,147.959,59.749,,,,30.297,113.526,,,,,,,,,,,,,,,,,,,,,
2015-03-06T06:00:00Z,2015-03-06T07:00:00+0100,,,,,,,,,,,,,,,,,,,,,,,,,,,,,,,,,,,,,,,,,149.754,147.961,59.751,,,,30.304,113.770,,,,,,,,,,,,,,,,,,,,,
2015-03-06T07:00:00Z,2015-03-06T08:00:00+0100,,,,,,,,,,,,,,,,,,,,,,,,,,,,,,,,,,,,,,,,,149.825,147.964,59.792,,,,30.326,113.822,,,,,,,,,,,,,,,,,,,,,
2015-03-06T08:00:00Z,2015-03-06T09:00:00+0100,,,,,,,,,,,,,,,,,,,,,,,,,,,,,,,,,,,,,,,,,149.932,147.966,59.833,,,,30.347,113.823,,,,,,,,,,,,,,,,,,,,,
2015-03-06T09:00:00Z,2015-03-06T10:00:00+0100,,,,,,,,,,,,,,,,,,,,,,,,,,,,,,,,,,,,,,,,,150.054,147.969,59.836,,,,30.348,113.823,,,,,,,,,,,,,,,,,,,,,
2015-03-06T10:00:00Z,2015-03-06T11:00:00+0100,,,,,,,,,,,,,,,,,,,,,,,,,,,,,,,,,,,,,,,,,150.174,147.972,59.876,,,,30.369,113.823,,,,,,,,,,,,,,,,,,,,,
2015-03-06T11:00:00Z,2015-03-06T12:00:00+0100,,,,,,,,,,,,,,,,,,,,,,,,,,,,,,,,,,,,,,,,,150.288,147.974,59.917,,,,30.391,113.940,,,,,,,,,,,,,,,,,,,,,
2015-03-06T12:00:00Z,2015-03-06T13:00:00+0100,,,,,,,,,,,,,,,,,,,,,,,,,,,,,,,,,,,,,,,,,150.394,147.977,59.921,,,,30.398,114.004,,,,,,,,,,,,,,,,,,,,,
2015-03-06T13:00:00Z,2015-03-06T14:00:00+0100,,,,,,,,,,,,,,,,,,,,,,,,,,,,,,,,,,,,,,,,,150.503,147.979,59.960,,,,30.429,114.006,,,,,,,,,,,,,,,,,,,,,
2015-03-06T14:00:00Z,2015-03-06T15:00:00+0100,,,,,,,,,,,,,,,,,,,,,,,,,,,,,,,,,,,,,,,,,150.609,147.982,60.001,,,,30.446,114.006,,,,,,,,,,,,,,,,,,,,,
2015-03-06T15:00:00Z,2015-03-06T16:00:00+0100,,,,,,,,,,,,,,,,,,,,,,,,,,,,,,,,,,,,,,,,,150.708,147.984,60.003,,,,30.453,114.006,,,,,,,,,,,,,,,,,,,,,
2015-03-06T16:00:00Z,2015-03-06T17:00:00+0100,,,,,,,,,,,,,,,,,,,,,,,,,,,,,,,,,,,,,,,,,150.780,147.987,60.044,,,,30.475,114.006,,,,,,,,,,,,,,,,,,,,,
2015-03-06T17:00:00Z,2015-03-06T18:00:00+0100,,,,,,,,,,,,,,,,,,,,,,,,,,,,,,,,,,,,,,,,,150.849,148.187,60.085,,,,30.489,114.006,,,,,,,,,,,,,,,,,,,,,
2015-03-06T18:00:00Z,2015-03-06T19:00:00+0100,,,,,,,,,,,,,,,,,,,,,,,,,,,,,,,,,,,,,,,,,150.919,149.014,60.087,,,,30.501,114.006,,,,,,,,,,,,,,,,,,,,,
2015-03-06T19:00:00Z,2015-03-06T20:00:00+0100,,,,,,,,,,,,,,,,,,,,,,,,,,,,,,,,,,,,,,,,,150.988,149.017,60.128,,,,30.525,114.006,,,,,,,,,,,,,,,,,,,,,
2015-03-06T20:00:00Z,2015-03-06T21:00:00+0100,,,,,,,,,,,,,,,,,,,,,,,,,,,,,,,,,,,,,,,,,151.058,149.019,60.169,,,,30.536,114.006,,,,,,,,,,,,,,,,,,,,,
2015-03-06T21:00:00Z,2015-03-06T22:00:00+0100,,,,,,,,,,,,,,,,,,,,,,,,,,,,,,,,,,,,,,,,,151.129,149.021,60.171,,,,30.548,114.006,,,,,,,,,,,,,,,,,,,,,
2015-03-06T22:00:00Z,2015-03-06T23:00:00+0100,,,,,,,,,,,,,,,,,,,,,,,,,,,,,,,,,,,,,,,,,151.171,149.024,60.212,,,,30.572,114.006,,,,,,,,,,,,,,,,,,,,,
2015-03-06T23:00:00Z,2015-03-07T00:00:00+0100,,,,,,,,,,,,,,,,,,,,,,,,,,,,,,,,,,,,,,,,,151.228,149.026,60.254,,,,30.579,114.006,,,,,,,,,,,,,,,,,,,,,
2015-03-07T00:00:00Z,2015-03-07T01:00:00+0100,,,,,,,,,,,,,,,,,,,,,,,,,,,,,,,,,,,,,,,,,151.299,149.029,60.256,,,,30.595,114.006,,,,,,,,,,,,,,,,,,,,,
2015-03-07T01:00:00Z,2015-03-07T02:00:00+0100,,,,,,,,,,,,,,,,,,,,,,,,,,,,,,,,,,,,,,,,,151.366,149.032,60.297,,,,30.618,114.006,,,,,,,,,,,,,,,,,,,,,
2015-03-07T02:00:00Z,2015-03-07T03:00:00+0100,,,,,,,,,,,,,,,,,,,,,,,,,,,,,,,,,,,,,,,,,151.439,149.034,60.338,,,,30.622,114.006,,,,,,,,,,,,,,,,,,,,,
2015-03-07T03:00:00Z,2015-03-07T04:00:00+0100,,,,,,,,,,,,,,,,,,,,,,,,,,,,,,,,,,,,,,,,,151.506,149.037,60.340,,,,30.641,114.006,,,,,,,,,,,,,,,,,,,,,
2015-03-07T04:00:00Z,2015-03-07T05:00:00+0100,,,,,,,,,,,,,,,,,,,,,,,,,,,,,,,,,,,,,,,,,151.578,149.039,60.381,,,,30.664,114.006,,,,,,,,,,,,,,,,,,,,,
2015-03-07T05:00:00Z,2015-03-07T06:00:00+0100,,,,,,,,,,,,,,,,,,,,,,,,,,,,,,,,,,,,,,,,,151.649,149.042,60.422,,,,30.664,114.007,,,,,,,,,,,,,,,,,,,,,
2015-03-07T06:00:00Z,2015-03-07T07:00:00+0100,,,,,,,,,,,,,,,,,,,,,,,,,,,,,,,,,,,,,,,,,151.720,149.045,60.424,,,,30.687,114.280,,,,,,,,,,,,,,,,,,,,,
2015-03-07T07:00:00Z,2015-03-07T08:00:00+0100,,,,,,,,,,,,,,,,,,,,,,,,,,,,,,,,,,,,,,,,,151.790,149.048,60.465,,,,30.714,114.299,,,,,,,,,,,,,,,,,,,,,
2015-03-07T08:00:00Z,2015-03-07T09:00:00+0100,,,,,,,,,,,,,,,,,,,,,,,,,,,,,,,,,,,,,,,,,151.892,149.050,60.505,,,,30.714,114.299,,,,,,,,,,,,,,,,,,,,,
2015-03-07T09:00:00Z,2015-03-07T10:00:00+0100,,,,,,,,,,,,,,,,,,,,,,,,,,,,,,,,,,,,,,,,,152.018,149.053,60.508,,,,30.736,114.299,,,,,,,,,,,,,,,,,,,,,
2015-03-07T10:00:00Z,2015-03-07T11:00:00+0100,,,,,,,,,,,,,,,,,,,,,,,,,,,,,,,,,,,,,,,,,152.138,149.055,60.549,,,,30.755,114.299,,,,,,,,,,,,,,,,,,,,,
2015-03-07T11:00:00Z,2015-03-07T12:00:00+0100,,,,,,,,,,,,,,,,,,,,,,,,,,,,,,,,,,,,,,,,,152.252,149.058,60.587,,,,30.758,114.299,,,,,,,,,,,,,,,,,,,,,DE_KN_residential3_washing_machine
2015-03-07T12:00:00Z,2015-03-07T13:00:00+0100,,,,,,,,,,,,,,,,,,,,,,,,,,,,,,,,,,,,,,,,,152.363,149.061,60.592,,,,30.787,114.299,,,,,,,,,,,,,,,,,,,,,
2015-03-07T13:00:00Z,2015-03-07T14:00:00+0100,,,,,,,,,,,,,,,,,,,,,,,,,,,,,,,,,,,,,,,,,152.475,149.633,60.633,,,,30.807,114.299,,,,,,,,,,,,,,,,,,,,,
2015-03-07T14:00:00Z,2015-03-07T15:00:00+0100,,,,,,,,,,,,,,,,,,,,,,,,,,,,,,,,,,,,,,,,,152.587,150.095,60.666,,,,30.810,114.299,,,,,,,,,,,,,,,,,,,,,
2015-03-07T15:00:00Z,2015-03-07T16:00:00+0100,,,,,,,,,,,,,,,,,,,,,,,,,,,,,,,,,,,,,,,,,152.692,150.098,60.676,,,,30.832,114.299,,,,,,,,,,,,,,,,,,,,,
2015-03-07T16:00:00Z,2015-03-07T17:00:00+0100,,,,,,,,,,,,,,,,,,,,,,,,,,,,,,,,,,,,,,,,,152.775,150.100,60.717,,,,30.854,114.299,,,,,,,,,,,,,,,,,,,,,
2015-03-07T17:00:00Z,2015-03-07T18:00:00+0100,,,,,,,,,,,,,,,,,,,,,,,,,,,,,,,,,,,,,,,,,152.841,150.102,60.746,,,,30.872,114.299,,,,,,,,,,,,,,,,,,,,,
2015-03-07T18:00:00Z,2015-03-07T19:00:00+0100,,,,,,,,,,,,,,,,,,,,,,,,,,,,,,,,,,,,,,,,,152.909,150.105,60.760,,,,30.880,114.299,,,,,,,,,,,,,,,,,,,,,
2015-03-07T19:00:00Z,2015-03-07T20:00:00+0100,,,,,,,,,,,,,,,,,,,,,,,,,,,,,,,,,,,,,,,,,152.977,150.107,60.801,,,,30.913,114.299,,,,,,,,,,,,,,,,,,,,,
2015-03-07T20:00:00Z,2015-03-07T21:00:00+0100,,,,,,,,,,,,,,,,,,,,,,,,,,,,,,,,,,,,,,,,,153.047,150.110,60.828,,,,30.937,114.299,,,,,,,,,,,,,,,,,,,,,
2015-03-07T21:00:00Z,2015-03-07T22:00:00+0100,,,,,,,,,,,,,,,,,,,,,,,,,,,,,,,,,,,,,,,,,153.117,150.113,60.844,,,,30.959,114.299,,,,,,,,,,,,,,,,,,,,,
2015-03-07T22:00:00Z,2015-03-07T23:00:00+0100,,,,,,,,,,,,,,,,,,,,,,,,,,,,,,,,,,,,,,,,,153.160,150.115,60.885,,,,30.965,114.299,,,,,,,,,,,,,,,,,,,,,
2015-03-07T23:00:00Z,2015-03-08T00:00:00+0100,,,,,,,,,,,,,,,,,,,,,,,,,,,,,,,,,,,,,,,,,153.212,150.118,60.909,,,,30.988,114.299,,,,,,,,,,,,,,,,,,,,,
2015-03-08T00:00:00Z,2015-03-08T01:00:00+0100,,,,,,,,,,,,,,,,,,,,,,,,,,,,,,,,,,,,,,,,,153.283,150.120,60.928,,,,31.010,114.299,,,,,,,,,,,,,,,,,,,,,
2015-03-08T01:00:00Z,2015-03-08T02:00:00+0100,,,,,,,,,,,,,,,,,,,,,,,,,,,,,,,,,,,,,,,,,153.350,150.123,60.969,,,,31.012,114.299,,,,,,,,,,,,,,,,,,,,,
2015-03-08T02:00:00Z,2015-03-08T03:00:00+0100,,,,,,,,,,,,,,,,,,,,,,,,,,,,,,,,,,,,,,,,,153.423,150.126,60.991,,,,31.033,114.299,,,,,,,,,,,,,,,,,,,,,
2015-03-08T03:00:00Z,2015-03-08T04:00:00+0100,,,,,,,,,,,,,,,,,,,,,,,,,,,,,,,,,,,,,,,,,153.491,150.128,61.013,,,,31.055,114.299,,,,,,,,,,,,,,,,,,,,,
2015-03-08T04:00:00Z,2015-03-08T05:00:00+0100,,,,,,,,,,,,,,,,,,,,,,,,,,,,,,,,,,,,,,,,,153.563,150.131,61.054,,,,31.055,114.299,,,,,,,,,,,,,,,,,,,,,
2015-03-08T05:00:00Z,2015-03-08T06:00:00+0100,,,,,,,,,,,,,,,,,,,,,,,,,,,,,,,,,,,,,,,,,153.635,150.133,61.073,,,,31.078,114.299,,,,,,,,,,,,,,,,,,,,,DE_KN_residential3_washing_machine
2015-03-08T06:00:00Z,2015-03-08T07:00:00+0100,,,,,,,,,,,,,,,,,,,,,,,,,,,,,,,,,,,,,,,,,153.706,150.136,61.097,,,,31.096,114.299,,,,,,,,,,,,,,,,,,,,,
2015-03-08T07:00:00Z,2015-03-08T08:00:00+0100,,,,,,,,,,,,,,,,,,,,,,,,,,,,,,,,,,,,,,,,,153.778,150.138,61.138,,,,31.100,114.300,,,,,,,,,,,,,,,,,,,,,
2015-03-08T08:00:00Z,2015-03-08T09:00:00+0100,,,,,,,,,,,,,,,,,,,,,,,,,,,,,,,,,,,,,,,,,153.877,150.141,61.154,,,,31.122,114.300,,,,,,,,,,,,,,,,,,,,,
2015-03-08T09:00:00Z,2015-03-08T10:00:00+0100,,,,,,,,,,,,,,,,,,,,,,,,,,,,,,,,,,,,,,,,,153.998,150.144,61.181,,,,31.139,114.300,,,,,,,,,,,,,,,,,,,,,
2015-03-08T10:00:00Z,2015-03-08T11:00:00+0100,,,,,,,,,,,,,,,,,,,,,,,,,,,,,,,,,,,,,,,,,154.110,150.147,61.221,,,,31.144,114.300,,,,,,,,,,,,,,,,,,,,,
2015-03-08T11:00:00Z,2015-03-08T12:00:00+0100,,,,,,,,,,,,,,,,,,,,,,,,,,,,,,,,,,,,,,,,,154.218,150.149,61.236,,,,31.166,114.300,,,,,,,,,,,,,,,,,,,,,
2015-03-08T12:00:00Z,2015-03-08T13:00:00+0100,,,,,,,,,,,,,,,,,,,,,,,,,,,,,,,,,,,,,,,,,154.326,150.152,61.264,,,,31.177,114.300,,,,,,,,,,,,,,,,,,,,,
2015-03-08T13:00:00Z,2015-03-08T14:00:00+0100,,,,,,,,,,,,,,,,,,,,,,,,,,,,,,,,,,,,,,,,,154.432,150.154,61.305,,,,31.189,114.300,,,,,,,,,,,,,,,,,,,,,
2015-03-08T14:00:00Z,2015-03-08T15:00:00+0100,,,,,,,,,,,,,,,,,,,,,,,,,,,,,,,,,,,,,,,,,154.536,150.157,61.318,,,,31.211,114.300,,,,,,,,,,,,,,,,,,,,,
2015-03-08T15:00:00Z,2015-03-08T16:00:00+0100,,,,,,,,,,,,,,,,,,,,,,,,,,,,,,,,,,,,,,,,,154.622,150.159,61.348,,,,31.217,114.300,,,,,,,,,,,,,,,,,,,,,
2015-03-08T16:00:00Z,2015-03-08T17:00:00+0100,,,,,,,,,,,,,,,,,,,,,,,,,,,,,,,,,,,,,,,,,154.689,150.162,61.389,,,,31.233,114.300,,,,,,,,,,,,,,,,,,,,,
2015-03-08T17:00:00Z,2015-03-08T18:00:00+0100,,,,,,,,,,,,,,,,,,,,,,,,,,,,,,,,,,,,,,,,,154.754,150.165,61.398,,,,31.259,114.300,,,,,,,,,,,,,,,,,,,,,
2015-03-08T18:00:00Z,2015-03-08T19:00:00+0100,,,,,,,,,,,,,,,,,,,,,,,,,,,,,,,,,,,,,,,,,154.820,150.167,61.432,,,,31.260,114.300,,,,,,,,,,,,,,,,,,,,,
2015-03-08T19:00:00Z,2015-03-08T20:00:00+0100,,,,,,,,,,,,,,,,,,,,,,,,,,,,,,,,,,,,,,,,,154.886,150.169,61.473,,,,31.281,114.300,,,,,,,,,,,,,,,,,,,,,
2015-03-08T20:00:00Z,2015-03-08T21:00:00+0100,,,,,,,,,,,,,,,,,,,,,,,,,,,,,,,,,,,,,,,,,154.955,150.969,61.482,,,,31.307,114.300,,,,,,,,,,,,,,,,,,,,,
2015-03-08T21:00:00Z,2015-03-08T22:00:00+0100,,,,,,,,,,,,,,,,,,,,,,,,,,,,,,,,,,,,,,,,,155.024,151.490,61.516,,,,31.315,114.300,,,,,,,,,,,,,,,,,,,,,
2015-03-08T22:00:00Z,2015-03-08T23:00:00+0100,,,,,,,,,,,,,,,,,,,,,,,,,,,,,,,,,,,,,,,,,155.065,151.492,61.557,,,,31.331,114.300,,,,,,,,,,,,,,,,,,,,,
2015-03-08T23:00:00Z,2015-03-09T00:00:00+0100,,,,,,,,,,,,,,,,,,,,,,,,,,,,,,,,,,,,,,,,,155.107,151.495,61.564,,,,31.354,114.301,,,,,,,,,,,,,,,,,,,,,
2015-03-09T00:00:00Z,2015-03-09T01:00:00+0100,,,,,,,,,,,,,,,,,,,,,,,,,,,,,,,,,,,,,,,,,155.178,151.497,61.600,,,,31.359,114.301,,,,,,,,,,,,,,,,,,,,,
2015-03-09T01:00:00Z,2015-03-09T02:00:00+0100,,,,,,,,,,,,,,,,,,,,,,,,,,,,,,,,,,,,,,,,,155.243,151.500,61.641,,,,31.377,114.301,,,,,,,,,,,,,,,,,,,,,
2015-03-09T02:00:00Z,2015-03-09T03:00:00+0100,,,,,,,,,,,,,,,,,,,,,,,,,,,,,,,,,,,,,,,,,155.313,151.502,61.647,,,,31.399,114.301,,,,,,,,,,,,,,,,,,,,,
2015-03-09T03:00:00Z,2015-03-09T04:00:00+0100,,,,,,,,,,,,,,,,,,,,,,,,,,,,,,,,,,,,,,,,,155.378,151.505,61.684,,,,31.399,114.301,,,,,,,,,,,,,,,,,,,,,
2015-03-09T04:00:00Z,2015-03-09T05:00:00+0100,,,,,,,,,,,,,,,,,,,,,,,,,,,,,,,,,,,,,,,,,155.448,151.508,61.725,,,,31.421,114.301,,,,,,,,,,,,,,,,,,,,,
2015-03-09T05:00:00Z,2015-03-09T06:00:00+0100,,,,,,,,,,,,,,,,,,,,,,,,,,,,,,,,,,,,,,,,,155.518,151.510,61.731,,,,31.446,114.301,,,,,,,,,,,,,,,,,,,,,
2015-03-09T06:00:00Z,2015-03-09T07:00:00+0100,,,,,,,,,,,,,,,,,,,,,,,,,,,,,,,,,,,,,,,,,155.586,151.513,61.768,,,,31.451,114.301,,,,,,,,,,,,,,,,,,,,,
2015-03-09T07:00:00Z,2015-03-09T08:00:00+0100,,,,,,,,,,,,,,,,,,,,,,,,,,,,,,,,,,,,,,,,,155.655,151.515,61.808,,,,31.470,114.301,,,,,,,,,,,,,,,,,,,,,
2015-03-09T08:00:00Z,2015-03-09T09:00:00+0100,,,,,,,,,,,,,,,,,,,,,,,,,,,,,,,,,,,,,,,,,155.752,151.518,61.814,,,,31.492,114.301,,,,,,,,,,,,,,,,,,,,,
2015-03-09T09:00:00Z,2015-03-09T10:00:00+0100,,,,,,,,,,,,,,,,,,,,,,,,,,,,,,,,,,,,,,,,,155.861,151.521,61.851,,,,31.497,114.301,,,,,,,,,,,,,,,,,,,,,
2015-03-09T10:00:00Z,2015-03-09T11:00:00+0100,,,,,,,,,,,,,,,,,,,,,,,,,,,,,,,,,,,,,,,,,155.968,151.523,61.892,,,,31.514,114.301,,,,,,,,,,,,,,,,,,,,,
2015-03-09T11:00:00Z,2015-03-09T12:00:00+0100,,,,,,,,,,,,,,,,,,,,,,,,,,,,,,,,,,,,,,,,,156.075,151.526,61.907,,,,31.541,114.301,,,,,,,,,,,,,,,,,,,,,
2015-03-09T12:00:00Z,2015-03-09T13:00:00+0100,,,,,,,,,,,,,,,,,,,,,,,,,,,,,,,,,,,,,,,,,156.179,151.529,61.937,,,,31.542,114.301,,,,,,,,,,,,,,,,,,,,,
2015-03-09T13:00:00Z,2015-03-09T14:00:00+0100,,,,,,,,,,,,,,,,,,,,,,,,,,,,,,,,,,,,,,,,,156.290,151.880,61.981,,,,31.570,114.301,,,,,,,,,,,,,,,,,,,,,
2015-03-09T14:00:00Z,2015-03-09T15:00:00+0100,,,,,,,,,,,,,,,,,,,,,,,,,,,,,,,,,,,,,,,,,156.397,152.603,61.991,,,,31.611,114.727,,,,,,,,,,,,,,,,,,,,,
2015-03-09T15:00:00Z,2015-03-09T16:00:00+0100,,,,,,,,,,,,,,,,,,,,,,,,,,,,,,,,,,,,,,,,,156.496,152.608,62.027,,,,31.640,114.811,,,,,,,,,,,,,,,,,,,,,
2015-03-09T16:00:00Z,2015-03-09T17:00:00+0100,,,,,,,,,,,,,,,,,,,,,,,,,,,,,,,,,,,,,,,,,156.567,152.610,62.071,,,,31.661,114.845,,,,,,,,,,,,,,,,,,,,,
2015-03-09T17:00:00Z,2015-03-09T18:00:00+0100,,,,,,,,,,,,,,,,,,,,,,,,,,,,,,,,,,,,,,,,,156.633,152.612,62.075,,,,31.676,114.845,,,,,,,,,,,,,,,,,,,,,
2015-03-09T18:00:00Z,2015-03-09T19:00:00+0100,,,,,,,,,,,,,,,,,,,,,,,,,,,,,,,,,,,,,,,,,156.699,152.615,62.118,,,,31.708,114.845,,,,,,,,,,,,,,,,,,,,,
2015-03-09T19:00:00Z,2015-03-09T20:00:00+0100,,,,,,,,,,,,,,,,,,,,,,,,,,,,,,,,,,,,,,,,,156.765,152.618,62.162,,,,31.741,114.845,,,,,,,,,,,,,,,,,,,,,
2015-03-09T20:00:00Z,2015-03-09T21:00:00+0100,,,,,,,,,,,,,,,,,,,,,,,,,,,,,,,,,,,,,,,,,156.832,152.620,62.164,,,,31.759,114.845,,,,,,,,,,,,,,,,,,,,,
2015-03-09T21:00:00Z,2015-03-09T22:00:00+0100,,,,,,,,,,,,,,,,,,,,,,,,,,,,,,,,,,,,,,,,,156.900,152.623,62.209,,,,31.774,114.845,,,,,,,,,,,,,,,,,,,,,
2015-03-09T22:00:00Z,2015-03-09T23:00:00+0100,,,,,,,,,,,,,,,,,,,,,,,,,,,,,,,,,,,,,,,,,156.942,152.625,62.238,,,,31.798,114.845,,,,,,,,,,,,,,,,,,,,,
2015-03-09T23:00:00Z,2015-03-10T00:00:00+0100,,,,,,,,,,,,,,,,,,,,,,,,,,,,,,,,,,,,,,,,,156.987,152.627,62.255,,,,31.821,114.845,,,,,,,,,,,,,,,,,,,,,
2015-03-10T00:00:00Z,2015-03-10T01:00:00+0100,,,,,,,,,,,,,,,,,,,,,,,,,,,,,,,,,,,,,,,,,157.056,152.630,62.299,,,,31.831,114.845,,,,,,,,,,,,,,,,,,,,,
2015-03-10T01:00:00Z,2015-03-10T02:00:00+0100,,,,,,,,,,,,,,,,,,,,,,,,,,,,,,,,,,,,,,,,,157.120,152.633,62.313,,,,31.845,114.845,,,,,,,,,,,,,,,,,,,,,
2015-03-10T02:00:00Z,2015-03-10T03:00:00+0100,,,,,,,,,,,,,,,,,,,,,,,,,,,,,,,,,,,,,,,,,157.190,152.635,62.345,,,,31.868,114.846,,,,,,,,,,,,,,,,,,,,,
2015-03-10T03:00:00Z,2015-03-10T04:00:00+0100,,,,,,,,,,,,,,,,,,,,,,,,,,,,,,,,,,,,,,,,,157.254,152.638,62.390,,,,31.877,114.846,,,,,,,,,,,,,,,,,,,,,
2015-03-10T04:00:00Z,2015-03-10T05:00:00+0100,,,,,,,,,,,,,,,,,,,,,,,,,,,,,,,,,,,,,,,,,157.324,152.641,62.392,,,,31.891,114.846,,,,,,,,,,,,,,,,,,,,,
2015-03-10T05:00:00Z,2015-03-10T06:00:00+0100,,,,,,,,,,,,,,,,,,,,,,,,,,,,,,,,,,,,,,,,,157.394,152.643,62.436,,,,31.918,114.846,,,,,,,,,,,,,,,,,,,,,
2015-03-10T06:00:00Z,2015-03-10T07:00:00+0100,,,,,,,,,,,,,,,,,,,,,,,,,,,,,,,,,,,,,,,,,157.464,153.030,62.472,,,,31.929,114.846,,,,,,,,,,,,,,,,,,,,,
2015-03-10T07:00:00Z,2015-03-10T08:00:00+0100,,,,,,,,,,,,,,,,,,,,,,,,,,,,,,,,,,,,,,,,,157.535,153.766,62.482,,,,31.941,114.846,,,,,,,,,,,,,,,,,,,,,DE_KN_residential3_circulation_pump | DE_KN_residential3_dishwasher
2015-03-10T08:00:00Z,2015-03-10T09:00:00+0100,,,,,,,,,,,,,,,,,,,,,,,,,,,,,,,,,,,,,,,,,157.638,153.769,62.526,,,,31.963,115.181,,,,,,,,,,,,,,,,,,,,,
2015-03-10T09:00:00Z,2015-03-10T10:00:00+0100,,,,,,,,,,,,,,,,,,,,,,,,,,,,,,,,,,,,,,,,,157.755,153.771,62.538,,,,31.969,115.727,,,,,,,,,,,,,,,,,,,,,
2015-03-10T10:00:00Z,2015-03-10T11:00:00+0100,,,,,,,,,,,,,,,,,,,,,,,,,,,,,,,,,,,,,,,,,157.869,153.774,62.571,,,,31.986,115.830,,,,,,,,,,,,,,,,,,,,,
2015-03-10T11:00:00Z,2015-03-10T12:00:00+0100,,,,,,,,,,,,,,,,,,,,,,,,,,,,,,,,,,,,,,,,,157.978,153.776,62.615,,,,32.010,115.895,,,,,,,,,,,,,,,,,,,,,
2015-03-10T12:00:00Z,2015-03-10T13:00:00+0100,,,,,,,,,,,,,,,,,,,,,,,,,,,,,,,,,,,,,,,,,158.083,153.779,62.617,,,,32.018,116.523,,,,,,,,,,,,,,,,,,,,,
2015-03-10T13:00:00Z,2015-03-10T14:00:00+0100,,,,,,,,,,,,,,,,,,,,,,,,,,,,,,,,,,,,,,,,,158.179,153.782,62.661,,,,32.032,116.612,,,,,,,,,,,,,,,,,,,,,
2015-03-10T14:00:00Z,2015-03-10T15:00:00+0100,,,,,,,,,,,,,,,,,,,,,,,,,,,,,,,,,,,,,,,,,158.273,153.784,62.705,,,,32.055,116.642,,,,,,,,,,,,,,,,,,,,,
2015-03-10T15:00:00Z,2015-03-10T16:00:00+0100,,,,,,,,,,,,,,,,,,,,,,,,,,,,,,,,,,,,,,,,,158.360,153.787,62.707,,,,32.059,116.642,,,,,,,,,,,,,,,,,,,,,
2015-03-10T16:00:00Z,2015-03-10T17:00:00+0100,,,,,,,,,,,,,,,,,,,,,,,,,,,,,,,,,,,,,,,,,158.427,153.789,62.751,,,,32.078,116.642,,,,,,,,,,,,,,,,,,,,,DE_KN_residential3_washing_machine
2015-03-10T17:00:00Z,2015-03-10T18:00:00+0100,,,,,,,,,,,,,,,,,,,,,,,,,,,,,,,,,,,,,,,,,158.493,153.792,62.781,,,,32.111,116.642,,,,,,,,,,,,,,,,,,,,,
2015-03-10T18:00:00Z,2015-03-10T19:00:00+0100,,,,,,,,,,,,,,,,,,,,,,,,,,,,,,,,,,,,,,,,,158.559,154.114,62.796,,,,32.114,116.642,,,,,,,,,,,,,,,,,,,,,
2015-03-10T19:00:00Z,2015-03-10T20:00:00+0100,,,,,,,,,,,,,,,,,,,,,,,,,,,,,,,,,,,,,,,,,158.628,154.851,62.840,,,,32.135,117.810,,,,,,,,,,,,,,,,,,,,,
2015-03-10T20:00:00Z,2015-03-10T21:00:00+0100,,,,,,,,,,,,,,,,,,,,,,,,,,,,,,,,,,,,,,,,,158.695,154.853,62.854,,,,32.161,118.052,,,,,,,,,,,,,,,,,,,,,
2015-03-10T21:00:00Z,2015-03-10T22:00:00+0100,,,,,,,,,,,,,,,,,,,,,,,,,,,,,,,,,,,,,,,,,158.763,154.856,62.886,,,,32.168,119.262,,,,,,,,,,,,,,,,,,,,,
2015-03-10T22:00:00Z,2015-03-10T23:00:00+0100,,,,,,,,,,,,,,,,,,,,,,,,,,,,,,,,,,,,,,,,,158.805,154.858,62.930,,,,32.185,119.358,,,,,,,,,,,,,,,,,,,,,
2015-03-10T23:00:00Z,2015-03-11T00:00:00+0100,,,,,,,,,,,,,,,,,,,,,,,,,,,,,,,,,,,,,,,,,158.820,154.860,62.932,,,,32.208,119.373,,,,,,,,,,,,,,,,,,,,,
2015-03-11T00:00:00Z,2015-03-11T01:00:00+0100,,,,,,,,,,,,,,,,,,,,,,,,,,,,,,,,,,,,,,,,,158.889,154.862,62.976,,,,32.214,119.379,,,,,,,,,,,,,,,,,,,,,
2015-03-11T01:00:00Z,2015-03-11T02:00:00+0100,,,,,,,,,,,,,,,,,,,,,,,,,,,,,,,,,,,,,,,,,158.952,154.865,63.019,,,,32.231,119.379,,,,,,,,,,,,,,,,,,,,,
2015-03-11T02:00:00Z,2015-03-11T03:00:00+0100,,,,,,,,,,,,,,,,,,,,,,,,,,,,,,,,,,,,,,,,,159.025,154.867,63.022,,,,32.232,119.379,,,,,,,,,,,,,,,,,,,,,DE_KN_residential3_washing_machine | DE_KN_residential3_dishwasher | DE_KN_residential3_refrigerator | DE_KN_residential3_freezer | DE_KN_residential3_circulation_pump
2015-03-11T03:00:00Z,2015-03-11T04:00:00+0100,,,,,,,,,,,,,,,,,,,,,,,,,,,,,,,,,,,,,,,,,159.095,154.870,63.063,,,,32.254,119.379,,,,,,,,,,,,,,,,,,,,,DE_KN_residential3_washing_machine | DE_KN_residential3_dishwasher | DE_KN_residential3_refrigerator | DE_KN_residential3_freezer | DE_KN_residential3_circulation_pump
2015-03-11T04:00:00Z,2015-03-11T05:00:00+0100,,,,,,,,,,,,,,,,,,,,,,,,,,,,,,,,,,,,,,,,,159.167,154.873,63.088,,,,32.260,119.379,,,,,,,,,,,,,,,,,,,,,DE_KN_residential3_washing_machine | DE_KN_residential3_dishwasher | DE_KN_residential3_refrigerator | DE_KN_residential3_freezer | DE_KN_residential3_circulation_pump
2015-03-11T05:00:00Z,2015-03-11T06:00:00+0100,,,,,,,,,,,,,,,,,,,,,,,,,,,,,,,,,,,,,,,,,159.239,154.875,63.106,,,,32.276,119.379,,,,,,,,,,,,,,,,,,,,,DE_KN_residential3_washing_machine | DE_KN_residential3_dishwasher | DE_KN_residential3_refrigerator | DE_KN_residential3_freezer | DE_KN_residential3_circulation_pump
2015-03-11T06:00:00Z,2015-03-11T07:00:00+0100,,,,,,,,,,,,,,,,,,,,,,,,,,,,,,,,,,,,,,,,,159.312,154.878,63.148,,,,32.301,119.621,,,,,,,,,,,,,,,,,,,,,DE_KN_residential3_washing_machine | DE_KN_residential3_dishwasher | DE_KN_residential3_refrigerator | DE_KN_residential3_freezer | DE_KN_residential3_circulation_pump
2015-03-11T07:00:00Z,2015-03-11T08:00:00+0100,,,,,,,,,,,,,,,,,,,,,,,,,,,,,,,,,,,,,,,,,159.384,155.742,63.174,,,,32.317,119.671,,,,,,,,,,,,,,,,,,,,,DE_KN_residential3_washing_machine | DE_KN_residential3_dishwasher | DE_KN_residential3_refrigerator | DE_KN_residential3_freezer | DE_KN_residential3_circulation_pump
2015-03-11T08:00:00Z,2015-03-11T09:00:00+0100,,,,,,,,,,,,,,,,,,,,,,,,,,,,,,,,,,,,,,,,,159.456,156.209,63.191,,,,32.324,119.672,,,,,,,,,,,,,,,,,,,,,DE_KN_residential3_washing_machine | DE_KN_residential3_dishwasher | DE_KN_residential3_refrigerator | DE_KN_residential3_freezer | DE_KN_residential3_circulation_pump
2015-03-11T09:00:00Z,2015-03-11T10:00:00+0100,,,,,,,,,,,,,,,,,,,,,,,,,,,,,,,,,,,,,,,,,159.559,156.214,63.231,,,,32.345,119.815,,,,,,,,,,,,,,,,,,,,,DE_KN_residential3_washing_machine | DE_KN_residential3_dishwasher | DE_KN_residential3_refrigerator | DE_KN_residential3_freezer | DE_KN_residential3_circulation_pump
2015-03-11T10:00:00Z,2015-03-11T11:00:00+0100,,,,,,,,,,,,,,,,,,,,,,,,,,,,,,,,,,,,,,,,,159.682,156.219,63.260,,,,32.360,119.915,,,,,,,,,,,,,,,,,,,,,DE_KN_residential3_washing_machine | DE_KN_residential3_dishwasher | DE_KN_residential3_refrigerator | DE_KN_residential3_freezer | DE_KN_residential3_circulation_pump
2015-03-11T11:00:00Z,2015-03-11T12:00:00+0100,,,,,,,,,,,,,,,,,,,,,,,,,,,,,,,,,,,,,,,,,159.800,156.223,63.274,,,,32.381,120.189,,,,,,,,,,,,,,,,,,,,,DE_KN_residential3_washing_machine | DE_KN_residential3_dishwasher | DE_KN_residential3_refrigerator | DE_KN_residential3_freezer | DE_KN_residential3_circulation_pump
2015-03-11T12:00:00Z,2015-03-11T13:00:00+0100,,,,,,,,,,,,,,,,,,,,,,,,,,,,,,,,,,,,,,,,,159.920,156.227,63.319,,,,32.405,120.209,,,,,,,,,,,,,,,,,,,,,DE_KN_residential3_washing_machine | DE_KN_residential3_dishwasher | DE_KN_residential3_refrigerator | DE_KN_residential3_freezer | DE_KN_residential3_circulation_pump
2015-03-11T13:00:00Z,2015-03-11T14:00:00+0100,,,,,,,,,,,,,,,,,,,,,,,,,,,,,,,,,,,,,,,,,160.038,156.230,63.364,,,,32.425,120.486,,,,,,,,,,,,,,,,,,,,,DE_KN_residential3_washing_machine | DE_KN_residential3_dishwasher | DE_KN_residential3_refrigerator | DE_KN_residential3_freezer | DE_KN_residential3_circulation_pump
2015-03-11T14:00:00Z,2015-03-11T15:00:00+0100,,,,,,,,,,,,,,,,,,,,,,,,,,,,,,,,,,,,,,,,,160.135,156.232,63.399,,,,32.434,120.731,,,,,,,,,,,,,,,,,,,,,DE_KN_residential3_washing_machine | DE_KN_residential3_dishwasher | DE_KN_residential3_refrigerator | DE_KN_residential3_freezer | DE_KN_residential3_circulation_pump
2015-03-11T15:00:00Z,2015-03-11T16:00:00+0100,,,,,,,,,,,,,,,,,,,,,,,,,,,,,,,,,,,,,,,,,160.210,156.235,63.413,,,,32.447,120.739,,,,,,,,,,,,,,,,,,,,,DE_KN_residential3_washing_machine | DE_KN_residential3_dishwasher | DE_KN_residential3_refrigerator | DE_KN_residential3_freezer | DE_KN_residential3_circulation_pump
2015-03-11T16:00:00Z,2015-03-11T17:00:00+0100,,,,,,,,,,,,,,,,,,,,,,,,,,,,,,,,,,,,,,,,,160.279,156.238,63.455,,,,32.470,120.739,,,,,,,,,,,,,,,,,,,,,DE_KN_residential3_washing_machine | DE_KN_residential3_dishwasher | DE_KN_residential3_refrigerator | DE_KN_residential3_freezer | DE_KN_residential3_circulation_pump
2015-03-11T17:00:00Z,2015-03-11T18:00:00+0100,,,,,,,,,,,,,,,,,,,,,,,,,,,,,,,,,,,,,,,,,160.347,156.241,63.500,,,,32.481,120.739,,,,,,,,,,,,,,,,,,,,,DE_KN_residential3_washing_machine | DE_KN_residential3_dishwasher | DE_KN_residential3_refrigerator | DE_KN_residential3_freezer | DE_KN_residential3_circulation_pump
2015-03-11T18:00:00Z,2015-03-11T19:00:00+0100,,,,,,,,,,,,,,,,,,,,,,,,,,,,,,,,,,,,,,,,,160.420,157.289,63.532,,,,32.493,120.739,,,,,,,,,,,,,,,,,,,,,DE_KN_residential3_washing_machine | DE_KN_residential3_dishwasher | DE_KN_residential3_refrigerator | DE_KN_residential3_freezer | DE_KN_residential3_circulation_pump
2015-03-11T19:00:00Z,2015-03-11T20:00:00+0100,,,,,,,,,,,,,,,,,,,,,,,,,,,,,,,,,,,,,,,,,160.490,157.361,63.547,,,,32.514,120.739,,,,,,,,,,,,,,,,,,,,,DE_KN_residential3_washing_machine | DE_KN_residential3_dishwasher | DE_KN_residential3_refrigerator | DE_KN_residential3_freezer | DE_KN_residential3_circulation_pump
2015-03-11T20:00:00Z,2015-03-11T21:00:00+0100,,,,,,,,,,,,,,,,,,,,,,,,,,,,,,,,,,,,,,,,,160.559,157.363,63.589,,,,32.529,120.812,,,,,,,,,,,,,,,,,,,,,DE_KN_residential3_washing_machine | DE_KN_residential3_dishwasher | DE_KN_residential3_refrigerator | DE_KN_residential3_freezer | DE_KN_residential3_circulation_pump
2015-03-11T21:00:00Z,2015-03-11T22:00:00+0100,,,,,,,,,,,,,,,,,,,,,,,,,,,,,,,,,,,,,,,,,160.630,157.366,63.630,,,,32.538,121.021,,,,,,,,,,,,,,,,,,,,,DE_KN_residential3_washing_machine | DE_KN_residential3_dishwasher | DE_KN_residential3_refrigerator | DE_KN_residential3_freezer | DE_KN_residential3_circulation_pump
2015-03-11T22:00:00Z,2015-03-11T23:00:00+0100,,,,,,,,,,,,,,,,,,,,,,,,,,,,,,,,,,,,,,,,,160.700,157.368,63.632,,,,32.560,121.194,,,,,,,,,,,,,,,,,,,,,DE_KN_residential3_washing_machine | DE_KN_residential3_dishwasher | DE_KN_residential3_refrigerator | DE_KN_residential3_freezer | DE_KN_residential3_circulation_pump
2015-03-11T23:00:00Z,2015-03-12T00:00:00+0100,,,,,,,,,,,,,,,,,,,,,,,,,,,,,,,,,,,,,,,,,160.768,157.371,63.674,,,,32.577,122.170,,,,,,,,,,,,,,,,,,,,,DE_KN_residential3_washing_machine | DE_KN_residential3_dishwasher | DE_KN_residential3_refrigerator | DE_KN_residential3_freezer | DE_KN_residential3_circulation_pump
2015-03-12T00:00:00Z,2015-03-12T01:00:00+0100,,,,,,,,,,,,,,,,,,,,,,,,,,,,,,,,,,,,,,,,,160.841,157.374,63.715,,,,32.583,122.241,,,,,,,,,,,,,,,,,,,,,DE_KN_residential3_washing_machine | DE_KN_residential3_dishwasher | DE_KN_residential3_refrigerator | DE_KN_residential3_freezer | DE_KN_residential3_circulation_pump
2015-03-12T01:00:00Z,2015-03-12T02:00:00+0100,,,,,,,,,,,,,,,,,,,,,,,,,,,,,,,,,,,,,,,,,160.910,157.376,63.725,,,,32.604,122.242,,,,,,,,,,,,,,,,,,,,,DE_KN_residential3_washing_machine | DE_KN_residential3_dishwasher | DE_KN_residential3_refrigerator | DE_KN_residential3_freezer | DE_KN_residential3_circulation_pump
2015-03-12T02:00:00Z,2015-03-12T03:00:00+0100,,,,,,,,,,,,,,,,,,,,,,,,,,,,,,,,,,,,,,,,,160.983,157.379,63.758,,,,32.620,122.242,,,,,,,,,,,,,,,,,,,,,DE_KN_residential3_washing_machine | DE_KN_residential3_dishwasher | DE_KN_residential3_refrigerator | DE_KN_residential3_freezer | DE_KN_residential3_circulation_pump
2015-03-12T03:00:00Z,2015-03-12T04:00:00+0100,,,,,,,,,,,,,,,,,,,,,,,,,,,,,,,,,,,,,,,,,161.052,157.381,63.799,,,,32.626,122.242,,,,,,,,,,,,,,,,,,,,,DE_KN_residential3_washing_machine | DE_KN_residential3_dishwasher | DE_KN_residential3_refrigerator | DE_KN_residential3_freezer | DE_KN_residential3_circulation_pump
2015-03-12T04:00:00Z,2015-03-12T05:00:00+0100,,,,,,,,,,,,,,,,,,,,,,,,,,,,,,,,,,,,,,,,,161.124,157.384,63.814,,,,32.649,122.242,,,,,,,,,,,,,,,,,,,,,DE_KN_residential3_washing_machine | DE_KN_residential3_dishwasher | DE_KN_residential3_refrigerator | DE_KN_residential3_freezer | DE_KN_residential3_circulation_pump
2015-03-12T05:00:00Z,2015-03-12T06:00:00+0100,,,,,,,,,,,,,,,,,,,,,,,,,,,,,,,,,,,,,,,,,161.194,157.387,63.843,,,,32.660,123.399,,,,,,,,,,,,,,,,,,,,,DE_KN_residential3_washing_machine | DE_KN_residential3_dishwasher | DE_KN_residential3_refrigerator | DE_KN_residential3_freezer | DE_KN_residential3_circulation_pump
2015-03-12T06:00:00Z,2015-03-12T07:00:00+0100,,,,,,,,,,,,,,,,,,,,,,,,,,,,,,,,,,,,,,,,,161.264,157.389,63.884,,,,32.670,123.630,,,,,,,,,,,,,,,,,,,,,DE_KN_residential3_washing_machine | DE_KN_residential3_dishwasher | DE_KN_residential3_refrigerator | DE_KN_residential3_freezer | DE_KN_residential3_circulation_pump
2015-03-12T07:00:00Z,2015-03-12T08:00:00+0100,,,,,,,,,,,,,,,,,,,,,,,,,,,,,,,,,,,,,,,,,161.337,157.997,63.899,,,,32.692,123.670,,,,,,,,,,,,,,,,,,,,,DE_KN_residential3_washing_machine | DE_KN_residential3_dishwasher | DE_KN_residential3_refrigerator | DE_KN_residential3_freezer | DE_KN_residential3_circulation_pump
2015-03-12T08:00:00Z,2015-03-12T09:00:00+0100,,,,,,,,,,,,,,,,,,,,,,,,,,,,,,,,,,,,,,,,,161.408,158.517,63.926,,,,32.708,124.722,,,,,,,,,,,,,,,,,,,,,DE_KN_residential3_washing_machine | DE_KN_residential3_dishwasher | DE_KN_residential3_refrigerator | DE_KN_residential3_freezer | DE_KN_residential3_circulation_pump
2015-03-12T09:00:00Z,2015-03-12T10:00:00+0100,,,,,,,,,,,,,,,,,,,,,,,,,,,,,,,,,,,,,,,,,161.480,158.519,63.967,,,,32.715,125.143,,,,,,,,,,,,,,,,,,,,,DE_KN_residential3_washing_machine | DE_KN_residential3_dishwasher | DE_KN_residential3_refrigerator | DE_KN_residential3_freezer | DE_KN_residential3_circulation_pump
2015-03-12T10:00:00Z,2015-03-12T11:00:00+0100,,,,,,,,,,,,,,,,,,,,,,,,,,,,,,,,,,,,,,,,,161.550,158.521,63.985,,,,32.736,125.144,,,,,,,,,,,,,,,,,,,,,DE_KN_residential3_washing_machine | DE_KN_residential3_dishwasher | DE_KN_residential3_refrigerator | DE_KN_residential3_freezer | DE_KN_residential3_circulation_pump
2015-03-12T11:00:00Z,2015-03-12T12:00:00+0100,,,,,,,,,,,,,,,,,,,,,,,,,,,,,,,,,,,,,,,,,161.621,158.524,64.010,,,,32.749,125.144,,,,,,,,,,,,,,,,,,,,,DE_KN_residential3_washing_machine | DE_KN_residential3_dishwasher | DE_KN_residential3_refrigerator | DE_KN_residential3_freezer | DE_KN_residential3_circulation_pump
2015-03-12T12:00:00Z,2015-03-12T13:00:00+0100,,,,,,,,,,,,,,,,,,,,,,,,,,,,,,,,,,,,,,,,,161.693,158.526,64.050,,,,32.761,125.144,,,,,,,,,,,,,,,,,,,,,DE_KN_residential3_washing_machine | DE_KN_residential3_dishwasher | DE_KN_residential3_refrigerator | DE_KN_residential3_freezer | DE_KN_residential3_circulation_pump
2015-03-12T13:00:00Z,2015-03-12T14:00:00+0100,,,,,,,,,,,,,,,,,,,,,,,,,,,,,,,,,,,,,,,,,161.771,158.529,64.071,,,,32.787,125.144,,,,,,,,,,,,,,,,,,,,,DE_KN_residential3_washing_machine | DE_KN_residential3_dishwasher | DE_KN_residential3_refrigerator | DE_KN_residential3_freezer | DE_KN_residential3_circulation_pump
2015-03-12T14:00:00Z,2015-03-12T15:00:00+0100,,,,,,,,,,,,,,,,,,,,,,,,,,,,,,,,,,,,,,,,,161.849,158.531,64.094,,,,32.808,125.144,,,,,,,,,,,,,,,,,,,,,DE_KN_residential3_washing_machine | DE_KN_residential3_dishwasher | DE_KN_residential3_refrigerator | DE_KN_residential3_freezer | DE_KN_residential3_circulation_pump
2015-03-12T15:00:00Z,2015-03-12T16:00:00+0100,,,,,,,,,,,,,,,,,,,,,,,,,,,,,,,,,,,,,,,,,161.926,158.534,64.135,,,,32.810,125.144,,,,,,,,,,,,,,,,,,,,,DE_KN_residential3_washing_machine | DE_KN_residential3_dishwasher | DE_KN_residential3_refrigerator | DE_KN_residential3_freezer | DE_KN_residential3_circulation_pump
2015-03-12T16:00:00Z,2015-03-12T17:00:00+0100,,,,,,,,,,,,,,,,,,,,,,,,,,,,,,,,,,,,,,,,,161.996,158.536,64.157,,,,32.831,125.144,,,,,,,,,,,,,,,,,,,,,DE_KN_residential3_washing_machine | DE_KN_residential3_dishwasher | DE_KN_residential3_refrigerator | DE_KN_residential3_freezer | DE_KN_residential3_circulation_pump
2015-03-12T17:00:00Z,2015-03-12T18:00:00+0100,,,,,,,,,,,,,,,,,,,,,,,,,,,,,,,,,,,,,,,,,162.066,158.539,64.178,,,,32.855,125.144,,,,,,,,,,,,,,,,,,,,,DE_KN_residential3_washing_machine | DE_KN_residential3_dishwasher | DE_KN_residential3_refrigerator | DE_KN_residential3_freezer | DE_KN_residential3_circulation_pump
2015-03-12T18:00:00Z,2015-03-12T19:00:00+0100,,,,,,,,,,,,,,,,,,,,,,,,,,,,,,,,,,,,,,,,,162.137,158.542,64.219,,,,32.878,125.144,,,,,,,,,,,,,,,,,,,,,DE_KN_residential3_washing_machine | DE_KN_residential3_dishwasher | DE_KN_residential3_refrigerator | DE_KN_residential3_freezer | DE_KN_residential3_circulation_pump
2015-03-12T19:00:00Z,2015-03-12T20:00:00+0100,,,,,,,,,,,,,,,,,,,,,,,,,,,,,,,,,,,,,,,,,162.209,158.544,64.243,,,,32.886,125.144,,,,,,,,,,,,,,,,,,,,,DE_KN_residential3_washing_machine | DE_KN_residential3_dishwasher | DE_KN_residential3_refrigerator | DE_KN_residential3_freezer | DE_KN_residential3_circulation_pump
2015-03-12T20:00:00Z,2015-03-12T21:00:00+0100,,,,,,,,,,,,,,,,,,,,,,,,,,,,,,,,,,,,,,,,,162.280,158.547,64.262,,,,32.900,125.144,,,,,,,,,,,,,,,,,,,,,DE_KN_residential3_washing_machine | DE_KN_residential3_dishwasher | DE_KN_residential3_refrigerator | DE_KN_residential3_freezer | DE_KN_residential3_circulation_pump
2015-03-12T21:00:00Z,2015-03-12T22:00:00+0100,,,,,,,,,,,,,,,,,,,,,,,,,,,,,,,,,,,,,,,,,162.352,158.549,64.303,,,,32.929,125.144,,,,,,,,,,,,,,,,,,,,,DE_KN_residential3_washing_machine | DE_KN_residential3_dishwasher | DE_KN_residential3_refrigerator | DE_KN_residential3_freezer | DE_KN_residential3_circulation_pump
2015-03-12T22:00:00Z,2015-03-12T23:00:00+0100,,,,,,,,,,,,,,,,,,,,,,,,,,,,,,,,,,,,,,,,,162.424,159.352,64.331,,,,32.938,125.144,,,,,,,,,,,,,,,,,,,,,DE_KN_residential3_washing_machine | DE_KN_residential3_dishwasher | DE_KN_residential3_refrigerator | DE_KN_residential3_freezer | DE_KN_residential3_circulation_pump
2015-03-12T23:00:00Z,2015-03-13T00:00:00+0100,,,,,,,,,,,,,,,,,,,,,,,,,,,,,,,,,,,,,,,,,162.494,159.960,64.346,,,,32.952,125.144,,,,,,,,,,,,,,,,,,,,,DE_KN_residential3_washing_machine | DE_KN_residential3_dishwasher | DE_KN_residential3_refrigerator | DE_KN_residential3_freezer | DE_KN_residential3_circulation_pump
2015-03-13T00:00:00Z,2015-03-13T01:00:00+0100,,,,,,,,,,,,,,,,,,,,,,,,,,,,,,,,,,,,,,,,,162.568,159.965,64.387,,,,32.974,125.144,,,,,,,,,,,,,,,,,,,,,DE_KN_residential3_washing_machine | DE_KN_residential3_dishwasher | DE_KN_residential3_refrigerator | DE_KN_residential3_freezer | DE_KN_residential3_circulation_pump
2015-03-13T01:00:00Z,2015-03-13T02:00:00+0100,,,,,,,,,,,,,,,,,,,,,,,,,,,,,,,,,,,,,,,,,162.638,159.968,64.417,,,,32.983,125.144,,,,,,,,,,,,,,,,,,,,,DE_KN_residential3_washing_machine | DE_KN_residential3_dishwasher | DE_KN_residential3_refrigerator | DE_KN_residential3_freezer | DE_KN_residential3_circulation_pump
2015-03-13T02:00:00Z,2015-03-13T03:00:00+0100,,,,,,,,,,,,,,,,,,,,,,,,,,,,,,,,,,,,,,,,,162.713,159.971,64.431,,,,32.996,125.144,,,,,,,,,,,,,,,,,,,,,DE_KN_residential3_washing_machine | DE_KN_residential3_dishwasher | DE_KN_residential3_refrigerator | DE_KN_residential3_freezer | DE_KN_residential3_circulation_pump
2015-03-13T03:00:00Z,2015-03-13T04:00:00+0100,,,,,,,,,,,,,,,,,,,,,,,,,,,,,,,,,,,,,,,,,162.783,159.974,64.472,,,,33.018,125.144,,,,,,,,,,,,,,,,,,,,,DE_KN_residential3_washing_machine | DE_KN_residential3_dishwasher | DE_KN_residential3_refrigerator | DE_KN_residential3_freezer | DE_KN_residential3_circulation_pump
2015-03-13T04:00:00Z,2015-03-13T05:00:00+0100,,,,,,,,,,,,,,,,,,,,,,,,,,,,,,,,,,,,,,,,,162.856,159.976,64.503,,,,33.023,125.144,,,,,,,,,,,,,,,,,,,,,DE_KN_residential3_washing_machine | DE_KN_residential3_dishwasher | DE_KN_residential3_refrigerator | DE_KN_residential3_freezer | DE_KN_residential3_circulation_pump
2015-03-13T05:00:00Z,2015-03-13T06:00:00+0100,,,,,,,,,,,,,,,,,,,,,,,,,,,,,,,,,,,,,,,,,162.927,159.979,64.515,,,,33.040,125.144,,,,,,,,,,,,,,,,,,,,,DE_KN_residential3_washing_machine | DE_KN_residential3_dishwasher | DE_KN_residential3_refrigerator | DE_KN_residential3_freezer | DE_KN_residential3_circulation_pump
2015-03-13T06:00:00Z,2015-03-13T07:00:00+0100,,,,,,,,,,,,,,,,,,,,,,,,,,,,,,,,,,,,,,,,,162.999,159.981,64.556,,,,33.065,125.145,,,,,,,,,,,,,,,,,,,,,DE_KN_residential3_washing_machine | DE_KN_residential3_dishwasher | DE_KN_residential3_refrigerator | DE_KN_residential3_freezer | DE_KN_residential3_circulation_pump
2015-03-13T07:00:00Z,2015-03-13T08:00:00+0100,,,,,,,,,,,,,,,,,,,,,,,,,,,,,,,,,,,,,,,,,163.070,159.984,64.589,,,,33.070,125.145,,,,,,,,,,,,,,,,,,,,,DE_KN_residential3_washing_machine | DE_KN_residential3_dishwasher | DE_KN_residential3_refrigerator | DE_KN_residential3_freezer | DE_KN_residential3_circulation_pump
2015-03-13T08:00:00Z,2015-03-13T09:00:00+0100,,,,,,,,,,,,,,,,,,,,,,,,,,,,,,,,,,,,,,,,,163.140,159.986,64.599,,,,33.089,125.145,,,,,,,,,,,,,,,,,,,,,DE_KN_residential3_washing_machine | DE_KN_residential3_dishwasher | DE_KN_residential3_refrigerator | DE_KN_residential3_freezer | DE_KN_residential3_circulation_pump
2015-03-13T09:00:00Z,2015-03-13T10:00:00+0100,,,,,,,,,,,,,,,,,,,,,,,,,,,,,,,,,,,,,,,,,163.211,159.989,64.639,,,,33.110,125.145,,,,,,,,,,,,,,,,,,,,,DE_KN_residential3_washing_machine | DE_KN_residential3_dishwasher | DE_KN_residential3_refrigerator | DE_KN_residential3_freezer | DE_KN_residential3_circulation_pump
2015-03-13T10:00:00Z,2015-03-13T11:00:00+0100,,,,,,,,,,,,,,,,,,,,,,,,,,,,,,,,,,,,,,,,,163.283,159.991,64.674,,,,33.116,125.145,,,,,,,,,,,,,,,,,,,,,DE_KN_residential3_washing_machine | DE_KN_residential3_dishwasher | DE_KN_residential3_refrigerator | DE_KN_residential3_freezer | DE_KN_residential3_circulation_pump
2015-03-13T11:00:00Z,2015-03-13T12:00:00+0100,,,,,,,,,,,,,,,,,,,,,,,,,,,,,,,,,,,,,,,,,163.368,159.994,64.682,,,,33.132,125.145,,,,,,,,,,,,,,,,,,,,,DE_KN_residential3_washing_machine | DE_KN_residential3_dishwasher | DE_KN_residential3_refrigerator | DE_KN_residential3_freezer | DE_KN_residential3_circulation_pump
2015-03-13T12:00:00Z,2015-03-13T13:00:00+0100,,,,,,,,,,,,,,,,,,,,,,,,,,,,,,,,,,,,,,,,,163.481,159.997,64.723,,,,33.153,125.145,,,,,,,,,,,,,,,,,,,,,DE_KN_residential3_washing_machine | DE_KN_residential3_dishwasher | DE_KN_residential3_refrigerator | DE_KN_residential3_freezer | DE_KN_residential3_circulation_pump
2015-03-13T13:00:00Z,2015-03-13T14:00:00+0100,,,,,,,,,,,,,,,,,,,,,,,,,,,,,,,,,,,,,,,,,163.603,160.266,64.761,,,,33.167,125.145,,,,,,,,,,,,,,,,,,,,,DE_KN_residential3_washing_machine | DE_KN_residential3_dishwasher | DE_KN_residential3_refrigerator | DE_KN_residential3_freezer | DE_KN_residential3_circulation_pump
2015-03-13T14:00:00Z,2015-03-13T15:00:00+0100,,,,,,,,,,,,,,,,,,,,,,,,,,,,,,,,,,,,,,,,,163.737,161.120,64.767,,,,33.176,125.145,,,,,,,,,,,,,,,,,,,,,DE_KN_residential3_washing_machine | DE_KN_residential3_dishwasher | DE_KN_residential3_refrigerator | DE_KN_residential3_freezer | DE_KN_residential3_circulation_pump
2015-03-13T15:00:00Z,2015-03-13T16:00:00+0100,,,,,,,,,,,,,,,,,,,,,,,,,,,,,,,,,,,,,,,,,163.846,161.485,64.807,,,,33.198,125.145,,,,,,,,,,,,,,,,,,,,,DE_KN_residential3_washing_machine | DE_KN_residential3_dishwasher | DE_KN_residential3_refrigerator | DE_KN_residential3_freezer | DE_KN_residential3_circulation_pump
2015-03-13T16:00:00Z,2015-03-13T17:00:00+0100,,,,,,,,,,,,,,,,,,,,,,,,,,,,,,,,,,,,,,,,,163.918,161.487,64.846,,,,33.205,125.145,,,,,,,,,,,,,,,,,,,,,DE_KN_residential3_washing_machine | DE_KN_residential3_dishwasher | DE_KN_residential3_refrigerator | DE_KN_residential3_freezer | DE_KN_residential3_circulation_pump
2015-03-13T17:00:00Z,2015-03-13T18:00:00+0100,,,,,,,,,,,,,,,,,,,,,,,,,,,,,,,,,,,,,,,,,163.989,161.490,64.850,,,,33.221,125.145,,,,,,,,,,,,,,,,,,,,,DE_KN_residential3_washing_machine | DE_KN_residential3_dishwasher | DE_KN_residential3_refrigerator | DE_KN_residential3_freezer | DE_KN_residential3_circulation_pump
2015-03-13T18:00:00Z,2015-03-13T19:00:00+0100,,,,,,,,,,,,,,,,,,,,,,,,,,,,,,,,,,,,,,,,,164.061,161.493,64.892,,,,33.242,125.145,,,,,,,,,,,,,,,,,,,,,DE_KN_residential3_washing_machine | DE_KN_residential3_dishwasher | DE_KN_residential3_refrigerator | DE_KN_residential3_freezer | DE_KN_residential3_circulation_pump
2015-03-13T19:00:00Z,2015-03-13T20:00:00+0100,,,,,,,,,,,,,,,,,,,,,,,,,,,,,,,,,,,,,,,,,164.132,161.495,64.932,,,,33.269,125.145,,,,,,,,,,,,,,,,,,,,,DE_KN_residential3_washing_machine | DE_KN_residential3_dishwasher | DE_KN_residential3_refrigerator | DE_KN_residential3_freezer | DE_KN_residential3_circulation_pump
2015-03-13T20:00:00Z,2015-03-13T21:00:00+0100,,,,,,,,,,,,,,,,,,,,,,,,,,,,,,,,,,,,,,,,,164.203,161.497,64.935,,,,33.295,125.145,,,,,,,,,,,,,,,,,,,,,DE_KN_residential3_washing_machine | DE_KN_residential3_dishwasher | DE_KN_residential3_refrigerator | DE_KN_residential3_freezer | DE_KN_residential3_circulation_pump
2015-03-13T21:00:00Z,2015-03-13T22:00:00+0100,,,,,,,,,,,,,,,,,,,,,,,,,,,,,,,,,,,,,,,,,164.275,161.500,64.976,,,,33.321,125.145,,,,,,,,,,,,,,,,,,,,,DE_KN_residential3_washing_machine | DE_KN_residential3_dishwasher | DE_KN_residential3_refrigerator | DE_KN_residential3_freezer | DE_KN_residential3_circulation_pump
2015-03-13T22:00:00Z,2015-03-13T23:00:00+0100,,,,,,,,,,,,,,,,,,,,,,,,,,,,,,,,,,,,,,,,,164.345,161.502,65.017,,,,33.327,125.145,,,,,,,,,,,,,,,,,,,,,DE_KN_residential3_washing_machine | DE_KN_residential3_dishwasher | DE_KN_residential3_refrigerator | DE_KN_residential3_freezer | DE_KN_residential3_circulation_pump
2015-03-13T23:00:00Z,2015-03-14T00:00:00+0100,,,,,,,,,,,,,,,,,,,,,,,,,,,,,,,,,,,,,,,,,164.413,161.505,65.019,,,,33.343,125.145,,,,,,,,,,,,,,,,,,,,,DE_KN_residential3_washing_machine | DE_KN_residential3_dishwasher | DE_KN_residential3_refrigerator | DE_KN_residential3_freezer | DE_KN_residential3_circulation_pump
2015-03-14T00:00:00Z,2015-03-14T01:00:00+0100,,,,,,,,,,,,,,,,,,,,,,,,,,,,,,,,,,,,,,,,,164.488,161.508,65.061,,,,33.365,125.145,,,,,,,,,,,,,,,,,,,,,DE_KN_residential3_washing_machine | DE_KN_residential3_dishwasher | DE_KN_residential3_refrigerator | DE_KN_residential3_freezer | DE_KN_residential3_circulation_pump
2015-03-14T01:00:00Z,2015-03-14T02:00:00+0100,,,,,,,,,,,,,,,,,,,,,,,,,,,,,,,,,,,,,,,,,164.557,161.510,65.102,,,,33.376,125.145,,,,,,,,,,,,,,,,,,,,,DE_KN_residential3_washing_machine | DE_KN_residential3_dishwasher | DE_KN_residential3_refrigerator | DE_KN_residential3_freezer | DE_KN_residential3_circulation_pump
2015-03-14T02:00:00Z,2015-03-14T03:00:00+0100,,,,,,,,,,,,,,,,,,,,,,,,,,,,,,,,,,,,,,,,,164.632,161.513,65.104,,,,33.386,125.145,,,,,,,,,,,,,,,,,,,,,DE_KN_residential3_washing_machine | DE_KN_residential3_dishwasher | DE_KN_residential3_refrigerator | DE_KN_residential3_freezer | DE_KN_residential3_circulation_pump
2015-03-14T03:00:00Z,2015-03-14T04:00:00+0100,,,,,,,,,,,,,,,,,,,,,,,,,,,,,,,,,,,,,,,,,164.702,161.516,65.146,,,,33.407,125.145,,,,,,,,,,,,,,,,,,,,,DE_KN_residential3_washing_machine | DE_KN_residential3_dishwasher | DE_KN_residential3_refrigerator | DE_KN_residential3_freezer | DE_KN_residential3_circulation_pump
2015-03-14T04:00:00Z,2015-03-14T05:00:00+0100,,,,,,,,,,,,,,,,,,,,,,,,,,,,,,,,,,,,,,,,,164.776,161.518,65.187,,,,33.413,125.145,,,,,,,,,,,,,,,,,,,,,DE_KN_residential3_washing_machine | DE_KN_residential3_dishwasher | DE_KN_residential3_refrigerator | DE_KN_residential3_freezer | DE_KN_residential3_circulation_pump
2015-03-14T05:00:00Z,2015-03-14T06:00:00+0100,,,,,,,,,,,,,,,,,,,,,,,,,,,,,,,,,,,,,,,,,164.848,161.521,65.189,,,,33.429,125.161,,,,,,,,,,,,,,,,,,,,,DE_KN_residential3_washing_machine | DE_KN_residential3_dishwasher | DE_KN_residential3_refrigerator | DE_KN_residential3_freezer | DE_KN_residential3_circulation_pump
2015-03-14T06:00:00Z,2015-03-14T07:00:00+0100,,,,,,,,,,,,,,,,,,,,,,,,,,,,,,,,,,,,,,,,,164.921,161.523,65.231,,,,33.451,125.162,,,,,,,,,,,,,,,,,,,,,DE_KN_residential3_washing_machine | DE_KN_residential3_dishwasher | DE_KN_residential3_refrigerator | DE_KN_residential3_freezer | DE_KN_residential3_circulation_pump
2015-03-14T07:00:00Z,2015-03-14T08:00:00+0100,,,,,,,,,,,,,,,,,,,,,,,,,,,,,,,,,,,,,,,,,164.991,161.526,65.271,,,,33.459,125.162,,,,,,,,,,,,,,,,,,,,,DE_KN_residential3_washing_machine | DE_KN_residential3_dishwasher | DE_KN_residential3_refrigerator | DE_KN_residential3_freezer | DE_KN_residential3_circulation_pump
2015-03-14T08:00:00Z,2015-03-14T09:00:00+0100,,,,,,,,,,,,,,,,,,,,,,,,,,,,,,,,,,,,,,,,,165.064,161.528,65.294,,,,33.473,125.162,,,,,,,,,,,,,,,,,,,,,DE_KN_residential3_washing_machine | DE_KN_residential3_dishwasher | DE_KN_residential3_refrigerator | DE_KN_residential3_freezer | DE_KN_residential3_circulation_pump
2015-03-14T09:00:00Z,2015-03-14T10:00:00+0100,,,,,,,,,,,,,,,,,,,,,,,,,,,,,,,,,,,,,,,,,165.135,161.531,65.313,,,,33.494,125.162,,,,,,,,,,,,,,,,,,,,,DE_KN_residential3_washing_machine | DE_KN_residential3_dishwasher | DE_KN_residential3_refrigerator | DE_KN_residential3_freezer | DE_KN_residential3_circulation_pump
2015-03-14T10:00:00Z,2015-03-14T11:00:00+0100,,,,,,,,,,,,,,,,,,,,,,,,,,,,,,,,,,,,,,,,,165.211,161.533,65.352,,,,33.494,125.162,,,,,,,,,,,,,,,,,,,,,DE_KN_residential3_washing_machine | DE_KN_residential3_dishwasher | DE_KN_residential3_refrigerator | DE_KN_residential3_freezer | DE_KN_residential3_circulation_pump
2015-03-14T11:00:00Z,2015-03-14T12:00:00+0100,,,,,,,,,,,,,,,,,,,,,,,,,,,,,,,,,,,,,,,,,165.336,161.536,65.384,,,,33.517,125.162,,,,,,,,,,,,,,,,,,,,,DE_KN_residential3_washing_machine | DE_KN_residential3_dishwasher | DE_KN_residential3_refrigerator | DE_KN_residential3_freezer | DE_KN_residential3_circulation_pump
2015-03-14T12:00:00Z,2015-03-14T13:00:00+0100,,,,,,,,,,,,,,,,,,,,,,,,,,,,,,,,,,,,,,,,,165.456,161.539,65.394,,,,33.543,125.162,,,,,,,,,,,,,,,,,,,,,DE_KN_residential3_washing_machine | DE_KN_residential3_dishwasher | DE_KN_residential3_refrigerator | DE_KN_residential3_freezer | DE_KN_residential3_circulation_pump
2015-03-14T13:00:00Z,2015-03-14T14:00:00+0100,,,,,,,,,,,,,,,,,,,,,,,,,,,,,,,,,,,,,,,,,165.579,162.436,65.434,,,,33.561,125.162,,,,,,,,,,,,,,,,,,,,,DE_KN_residential3_washing_machine | DE_KN_residential3_dishwasher | DE_KN_residential3_refrigerator | DE_KN_residential3_freezer | DE_KN_residential3_circulation_pump
2015-03-14T14:00:00Z,2015-03-14T15:00:00+0100,,,,,,,,,,,,,,,,,,,,,,,,,,,,,,,,,,,,,,,,,165.695,163.053,65.473,,,,33.567,125.162,,,,,,,,,,,,,,,,,,,,,DE_KN_residential3_washing_machine | DE_KN_residential3_dishwasher | DE_KN_residential3_refrigerator | DE_KN_residential3_freezer | DE_KN_residential3_circulation_pump
2015-03-14T15:00:00Z,2015-03-14T16:00:00+0100,,,,,,,,,,,,,,,,,,,,,,,,,,,,,,,,,,,,,,,,,165.801,163.056,65.476,,,,33.590,125.162,,,,,,,,,,,,,,,,,,,,,DE_KN_residential3_washing_machine | DE_KN_residential3_dishwasher | DE_KN_residential3_refrigerator | DE_KN_residential3_freezer | DE_KN_residential3_circulation_pump
2015-03-14T16:00:00Z,2015-03-14T17:00:00+0100,,,,,,,,,,,,,,,,,,,,,,,,,,,,,,,,,,,,,,,,,165.886,163.059,65.516,,,,33.611,125.162,,,,,,,,,,,,,,,,,,,,,DE_KN_residential3_washing_machine | DE_KN_residential3_dishwasher | DE_KN_residential3_refrigerator | DE_KN_residential3_freezer | DE_KN_residential3_circulation_pump
2015-03-14T17:00:00Z,2015-03-14T18:00:00+0100,,,,,,,,,,,,,,,,,,,,,,,,,,,,,,,,,,,,,,,,,165.955,163.061,65.556,,,,33.623,125.162,,,,,,,,,,,,,,,,,,,,,DE_KN_residential3_washing_machine | DE_KN_residential3_dishwasher | DE_KN_residential3_refrigerator | DE_KN_residential3_freezer | DE_KN_residential3_circulation_pump
2015-03-14T18:00:00Z,2015-03-14T19:00:00+0100,,,,,,,,,,,,,,,,,,,,,,,,,,,,,,,,,,,,,,,,,166.025,163.064,65.559,,,,33.646,125.162,,,,,,,,,,,,,,,,,,,,,DE_KN_residential3_washing_machine | DE_KN_residential3_dishwasher | DE_KN_residential3_refrigerator | DE_KN_residential3_freezer | DE_KN_residential3_circulation_pump
2015-03-14T19:00:00Z,2015-03-14T20:00:00+0100,,,,,,,,,,,,,,,,,,,,,,,,,,,,,,,,,,,,,,,,,166.096,163.066,65.598,,,,33.671,125.162,,,,,,,,,,,,,,,,,,,,,DE_KN_residential3_washing_machine | DE_KN_residential3_dishwasher | DE_KN_residential3_refrigerator | DE_KN_residential3_freezer | DE_KN_residential3_circulation_pump
2015-03-14T20:00:00Z,2015-03-14T21:00:00+0100,,,,,,,,,,,,,,,,,,,,,,,,,,,,,,,,,,,,,,,,,166.168,163.068,65.638,,,,33.686,125.162,,,,,,,,,,,,,,,,,,,,,DE_KN_residential3_washing_machine | DE_KN_residential3_dishwasher | DE_KN_residential3_refrigerator | DE_KN_residential3_freezer | DE_KN_residential3_circulation_pump
2015-03-14T21:00:00Z,2015-03-14T22:00:00+0100,,,,,,,,,,,,,,,,,,,,,,,,,,,,,,,,,,,,,,,,,166.239,163.071,65.652,,,,33.695,125.162,,,,,,,,,,,,,,,,,,,,,DE_KN_residential3_washing_machine | DE_KN_residential3_dishwasher | DE_KN_residential3_refrigerator | DE_KN_residential3_freezer | DE_KN_residential3_circulation_pump
2015-03-14T22:00:00Z,2015-03-14T23:00:00+0100,,,,,,,,,,,,,,,,,,,,,,,,,,,,,,,,,,,,,,,,,166.310,163.074,65.680,,,,33.717,125.162,,,,,,,,,,,,,,,,,,,,,DE_KN_residential3_washing_machine | DE_KN_residential3_dishwasher | DE_KN_residential3_refrigerator | DE_KN_residential3_freezer | DE_KN_residential3_circulation_pump
2015-03-14T23:00:00Z,2015-03-15T00:00:00+0100,,,,,,,,,,,,,,,,,,,,,,,,,,,,,,,,,,,,,,,,,166.378,163.076,65.721,,,,33.738,125.162,,,,,,,,,,,,,,,,,,,,,DE_KN_residential3_washing_machine | DE_KN_residential3_dishwasher | DE_KN_residential3_refrigerator | DE_KN_residential3_freezer | DE_KN_residential3_circulation_pump
2015-03-15T00:00:00Z,2015-03-15T01:00:00+0100,,,,,,,,,,,,,,,,,,,,,,,,,,,,,,,,,,,,,,,,,166.453,163.079,65.743,,,,33.740,125.162,,,,,,,,,,,,,,,,,,,,,DE_KN_residential3_washing_machine | DE_KN_residential3_dishwasher | DE_KN_residential3_refrigerator | DE_KN_residential3_freezer | DE_KN_residential3_circulation_pump
2015-03-15T01:00:00Z,2015-03-15T02:00:00+0100,,,,,,,,,,,,,,,,,,,,,,,,,,,,,,,,,,,,,,,,,166.522,163.081,65.763,,,,33.762,125.162,,,,,,,,,,,,,,,,,,,,,DE_KN_residential3_washing_machine | DE_KN_residential3_dishwasher | DE_KN_residential3_refrigerator | DE_KN_residential3_freezer | DE_KN_residential3_circulation_pump
2015-03-15T02:00:00Z,2015-03-15T03:00:00+0100,,,,,,,,,,,,,,,,,,,,,,,,,,,,,,,,,,,,,,,,,166.597,163.084,65.803,,,,33.782,125.162,,,,,,,,,,,,,,,,,,,,,DE_KN_residential3_washing_machine | DE_KN_residential3_dishwasher | DE_KN_residential3_refrigerator | DE_KN_residential3_freezer | DE_KN_residential3_circulation_pump
2015-03-15T03:00:00Z,2015-03-15T04:00:00+0100,,,,,,,,,,,,,,,,,,,,,,,,,,,,,,,,,,,,,,,,,166.667,163.087,65.834,,,,33.784,125.162,,,,,,,,,,,,,,,,,,,,,DE_KN_residential3_washing_machine | DE_KN_residential3_dishwasher | DE_KN_residential3_refrigerator | DE_KN_residential3_freezer | DE_KN_residential3_circulation_pump
2015-03-15T04:00:00Z,2015-03-15T05:00:00+0100,,,,,,,,,,,,,,,,,,,,,,,,,,,,,,,,,,,,,,,,,166.742,163.089,65.845,,,,33.805,125.162,,,,,,,,,,,,,,,,,,,,,DE_KN_residential3_washing_machine | DE_KN_residential3_dishwasher | DE_KN_residential3_refrigerator | DE_KN_residential3_freezer | DE_KN_residential3_circulation_pump
2015-03-15T05:00:00Z,2015-03-15T06:00:00+0100,,,,,,,,,,,,,,,,,,,,,,,,,,,,,,,,,,,,,,,,,166.814,163.092,65.886,,,,33.821,125.162,,,,,,,,,,,,,,,,,,,,,DE_KN_residential3_washing_machine | DE_KN_residential3_dishwasher | DE_KN_residential3_refrigerator | DE_KN_residential3_freezer | DE_KN_residential3_circulation_pump
2015-03-15T06:00:00Z,2015-03-15T07:00:00+0100,,,,,,,,,,,,,,,,,,,,,,,,,,,,,,,,,,,,,,,,,166.888,163.094,65.925,,,,33.827,125.163,,,,,,,,,,,,,,,,,,,,,DE_KN_residential3_washing_machine | DE_KN_residential3_dishwasher | DE_KN_residential3_refrigerator | DE_KN_residential3_freezer | DE_KN_residential3_circulation_pump
2015-03-15T07:00:00Z,2015-03-15T08:00:00+0100,,,,,,,,,,,,,,,,,,,,,,,,,,,,,,,,,,,,,,,,,166.960,163.097,65.928,,,,33.849,125.163,,,,,,,,,,,,,,,,,,,,,DE_KN_residential3_washing_machine | DE_KN_residential3_dishwasher | DE_KN_residential3_refrigerator | DE_KN_residential3_freezer | DE_KN_residential3_circulation_pump
2015-03-15T08:00:00Z,2015-03-15T09:00:00+0100,,,,,,,,,,,,,,,,,,,,,,,,,,,,,,,,,,,,,,,,,167.032,163.099,65.967,,,,33.868,125.163,,,,,,,,,,,,,,,,,,,,,DE_KN_residential3_washing_machine | DE_KN_residential3_dishwasher | DE_KN_residential3_refrigerator | DE_KN_residential3_freezer | DE_KN_residential3_circulation_pump
2015-03-15T09:00:00Z,2015-03-15T10:00:00+0100,,,,,,,,,,,,,,,,,,,,,,,,,,,,,,,,,,,,,,,,,167.105,163.102,66.007,,,,33.873,125.163,,,,,,,,,,,,,,,,,,,,,DE_KN_residential3_washing_machine | DE_KN_residential3_dishwasher | DE_KN_residential3_refrigerator | DE_KN_residential3_freezer | DE_KN_residential3_circulation_pump
2015-03-15T10:00:00Z,2015-03-15T11:00:00+0100,,,,,,,,,,,,,,,,,,,,,,,,,,,,,,,,,,,,,,,,,167.177,163.105,66.012,,,,33.895,125.163,,,,,,,,,,,,,,,,,,,,,DE_KN_residential3_washing_machine | DE_KN_residential3_dishwasher | DE_KN_residential3_refrigerator | DE_KN_residential3_freezer | DE_KN_residential3_circulation_pump
2015-03-15T11:00:00Z,2015-03-15T12:00:00+0100,,,,,,,,,,,,,,,,,,,,,,,,,,,,,,,,,,,,,,,,,167.249,163.107,66.049,,,,33.915,125.163,,,,,,,,,,,,,,,,,,,,,DE_KN_residential3_washing_machine | DE_KN_residential3_dishwasher | DE_KN_residential3_refrigerator | DE_KN_residential3_freezer | DE_KN_residential3_circulation_pump
2015-03-15T12:00:00Z,2015-03-15T13:00:00+0100,,,,,,,,,,,,,,,,,,,,,,,,,,,,,,,,,,,,,,,,,167.321,163.110,66.092,,,,33.924,125.163,,,,,,,,,,,,,,,,,,,,,DE_KN_residential3_washing_machine | DE_KN_residential3_dishwasher | DE_KN_residential3_refrigerator | DE_KN_residential3_freezer | DE_KN_residential3_circulation_pump
2015-03-15T13:00:00Z,2015-03-15T14:00:00+0100,,,,,,,,,,,,,,,,,,,,,,,,,,,,,,,,,,,,,,,,,167.399,163.112,66.133,,,,33.943,125.163,,,,,,,,,,,,,,,,,,,,,DE_KN_residential3_washing_machine | DE_KN_residential3_dishwasher | DE_KN_residential3_refrigerator | DE_KN_residential3_freezer | DE_KN_residential3_circulation_pump
2015-03-15T14:00:00Z,2015-03-15T15:00:00+0100,,,,,,,,,,,,,,,,,,,,,,,,,,,,,,,,,,,,,,,,,167.477,163.115,66.135,,,,33.966,125.163,,,,,,,,,,,,,,,,,,,,,DE_KN_residential3_washing_machine | DE_KN_residential3_dishwasher | DE_KN_residential3_refrigerator | DE_KN_residential3_freezer | DE_KN_residential3_circulation_pump
2015-03-15T15:00:00Z,2015-03-15T16:00:00+0100,,,,,,,,,,,,,,,,,,,,,,,,,,,,,,,,,,,,,,,,,167.554,163.117,66.175,,,,33.976,125.163,,,,,,,,,,,,,,,,,,,,,DE_KN_residential3_washing_machine | DE_KN_residential3_dishwasher | DE_KN_residential3_refrigerator | DE_KN_residential3_freezer | DE_KN_residential3_circulation_pump
2015-03-15T16:00:00Z,2015-03-15T17:00:00+0100,,,,,,,,,,,,,,,,,,,,,,,,,,,,,,,,,,,,,,,,,167.625,163.120,66.217,,,,33.991,125.163,,,,,,,,,,,,,,,,,,,,,DE_KN_residential3_washing_machine | DE_KN_residential3_dishwasher | DE_KN_residential3_refrigerator | DE_KN_residential3_freezer | DE_KN_residential3_circulation_pump
2015-03-15T17:00:00Z,2015-03-15T18:00:00+0100,,,,,,,,,,,,,,,,,,,,,,,,,,,,,,,,,,,,,,,,,167.695,163.123,66.224,,,,34.014,125.163,,,,,,,,,,,,,,,,,,,,,DE_KN_residential3_washing_machine | DE_KN_residential3_dishwasher | DE_KN_residential3_refrigerator | DE_KN_residential3_freezer | DE_KN_residential3_circulation_pump
2015-03-15T18:00:00Z,2015-03-15T19:00:00+0100,,,,,,,,,,,,,,,,,,,,,,,,,,,,,,,,,,,,,,,,,167.766,163.125,66.260,,,,34.025,125.163,,,,,,,,,,,,,,,,,,,,,DE_KN_residential3_washing_machine | DE_KN_residential3_dishwasher | DE_KN_residential3_refrigerator | DE_KN_residential3_freezer | DE_KN_residential3_circulation_pump
2015-03-15T19:00:00Z,2015-03-15T20:00:00+0100,,,,,,,,,,,,,,,,,,,,,,,,,,,,,,,,,,,,,,,,,167.838,163.128,66.302,,,,34.037,125.163,,,,,,,,,,,,,,,,,,,,,DE_KN_residential3_washing_machine | DE_KN_residential3_dishwasher | DE_KN_residential3_refrigerator | DE_KN_residential3_freezer | DE_KN_residential3_circulation_pump
2015-03-15T20:00:00Z,2015-03-15T21:00:00+0100,,,,,,,,,,,,,,,,,,,,,,,,,,,,,,,,,,,,,,,,,167.910,163.195,66.343,,,,34.062,125.163,,,,,,,,,,,,,,,,,,,,,DE_KN_residential3_washing_machine | DE_KN_residential3_dishwasher | DE_KN_residential3_refrigerator | DE_KN_residential3_freezer | DE_KN_residential3_circulation_pump
2015-03-15T21:00:00Z,2015-03-15T22:00:00+0100,,,,,,,,,,,,,,,,,,,,,,,,,,,,,,,,,,,,,,,,,167.983,163.197,66.345,,,,34.068,125.163,,,,,,,,,,,,,,,,,,,,,DE_KN_residential3_washing_machine | DE_KN_residential3_dishwasher | DE_KN_residential3_refrigerator | DE_KN_residential3_freezer | DE_KN_residential3_circulation_pump
2015-03-15T22:00:00Z,2015-03-15T23:00:00+0100,,,,,,,,,,,,,,,,,,,,,,,,,,,,,,,,,,,,,,,,,168.053,163.200,66.386,,,,34.085,125.163,,,,,,,,,,,,,,,,,,,,,DE_KN_residential3_washing_machine | DE_KN_residential3_dishwasher | DE_KN_residential3_refrigerator | DE_KN_residential3_freezer | DE_KN_residential3_circulation_pump
2015-03-15T23:00:00Z,2015-03-16T00:00:00+0100,,,,,,,,,,,,,,,,,,,,,,,,,,,,,,,,,,,,,,,,,168.122,163.202,66.428,,,,34.107,125.163,,,,,,,,,,,,,,,,,,,,,DE_KN_residential3_washing_machine | DE_KN_residential3_dishwasher | DE_KN_residential3_refrigerator | DE_KN_residential3_freezer | DE_KN_residential3_circulation_pump
2015-03-16T00:00:00Z,2015-03-16T01:00:00+0100,,,,,,,,,,,,,,,,,,,,,,,,,,,,,,,,,,,,,,,,,168.196,163.205,66.430,,,,34.107,125.163,,,,,,,,,,,,,,,,,,,,,DE_KN_residential3_washing_machine | DE_KN_residential3_dishwasher | DE_KN_residential3_refrigerator | DE_KN_residential3_freezer | DE_KN_residential3_circulation_pump
2015-03-16T01:00:00Z,2015-03-16T02:00:00+0100,,,,,,,,,,,,,,,,,,,,,,,,,,,,,,,,,,,,,,,,,168.267,163.208,66.471,,,,34.129,125.163,,,,,,,,,,,,,,,,,,,,,DE_KN_residential3_washing_machine | DE_KN_residential3_dishwasher | DE_KN_residential3_refrigerator | DE_KN_residential3_freezer | DE_KN_residential3_circulation_pump
2015-03-16T02:00:00Z,2015-03-16T03:00:00+0100,,,,,,,,,,,,,,,,,,,,,,,,,,,,,,,,,,,,,,,,,168.342,163.210,66.513,,,,34.149,125.163,,,,,,,,,,,,,,,,,,,,,DE_KN_residential3_washing_machine | DE_KN_residential3_dishwasher | DE_KN_residential3_refrigerator | DE_KN_residential3_freezer | DE_KN_residential3_circulation_pump
2015-03-16T03:00:00Z,2015-03-16T04:00:00+0100,,,,,,,,,,,,,,,,,,,,,,,,,,,,,,,,,,,,,,,,,168.412,163.212,66.515,,,,34.151,125.163,,,,,,,,,,,,,,,,,,,,,DE_KN_residential3_washing_machine | DE_KN_residential3_dishwasher | DE_KN_residential3_refrigerator | DE_KN_residential3_freezer | DE_KN_residential3_circulation_pump
2015-03-16T04:00:00Z,2015-03-16T05:00:00+0100,,,,,,,,,,,,,,,,,,,,,,,,,,,,,,,,,,,,,,,,,168.486,163.215,66.557,,,,34.173,125.163,,,,,,,,,,,,,,,,,,,,,DE_KN_residential3_washing_machine | DE_KN_residential3_dishwasher | DE_KN_residential3_refrigerator | DE_KN_residential3_freezer | DE_KN_residential3_circulation_pump
2015-03-16T05:00:00Z,2015-03-16T06:00:00+0100,,,,,,,,,,,,,,,,,,,,,,,,,,,,,,,,,,,,,,,,,168.557,163.217,66.598,,,,34.183,125.163,,,,,,,,,,,,,,,,,,,,,DE_KN_residential3_washing_machine | DE_KN_residential3_dishwasher | DE_KN_residential3_refrigerator | DE_KN_residential3_freezer | DE_KN_residential3_circulation_pump
2015-03-16T06:00:00Z,2015-03-16T07:00:00+0100,,,,,,,,,,,,,,,,,,,,,,,,,,,,,,,,,,,,,,,,,168.628,163.220,66.600,,,,34.196,125.164,,,,,,,,,,,,,,,,,,,,,DE_KN_residential3_washing_machine | DE_KN_residential3_dishwasher | DE_KN_residential3_refrigerator | DE_KN_residential3_freezer | DE_KN_residential3_circulation_pump
2015-03-16T07:00:00Z,2015-03-16T08:00:00+0100,,,,,,,,,,,,,,,,,,,,,,,,,,,,,,,,,,,,,,,,,168.699,163.223,66.642,,,,34.218,125.164,,,,,,,,,,,,,,,,,,,,,DE_KN_residential3_washing_machine | DE_KN_residential3_dishwasher | DE_KN_residential3_refrigerator | DE_KN_residential3_freezer | DE_KN_residential3_circulation_pump
2015-03-16T08:00:00Z,2015-03-16T09:00:00+0100,,,,,,,,,,,,,,,,,,,,,,,,,,,,,,,,,,,,,,,,,168.770,163.225,66.685,,,,34.243,125.164,,,,,,,,,,,,,,,,,,,,,DE_KN_residential3_washing_machine | DE_KN_residential3_dishwasher | DE_KN_residential3_refrigerator | DE_KN_residential3_freezer | DE_KN_residential3_circulation_pump
2015-03-16T09:00:00Z,2015-03-16T10:00:00+0100,,,,,,,,,,,,,,,,,,,,,,,,,,,,,,,,,,,,,,,,,168.841,163.228,66.712,,,,34.246,125.164,,,,,,,,,,,,,,,,,,,,,DE_KN_residential3_washing_machine | DE_KN_residential3_dishwasher | DE_KN_residential3_refrigerator | DE_KN_residential3_freezer | DE_KN_residential3_circulation_pump
2015-03-16T10:00:00Z,2015-03-16T11:00:00+0100,,,,,,,,,,,,,,,,,,,,,,,,,,,,,,,,,,,,,,,,,168.913,163.230,66.729,,,,34.267,125.164,,,,,,,,,,,,,,,,,,,,,DE_KN_residential3_washing_machine | DE_KN_residential3_dishwasher | DE_KN_residential3_refrigerator | DE_KN_residential3_freezer | DE_KN_residential3_circulation_pump
2015-03-16T11:00:00Z,2015-03-16T12:00:00+0100,,,,,,,,,,,,,,,,,,,,,,,,,,,,,,,,,,,,,,,,,168.983,163.233,66.770,,,,34.289,125.164,,,,,,,,,,,,,,,,,,,,,DE_KN_residential3_washing_machine | DE_KN_residential3_dishwasher | DE_KN_residential3_refrigerator | DE_KN_residential3_freezer | DE_KN_residential3_circulation_pump
2015-03-16T12:00:00Z,2015-03-16T13:00:00+0100,,,,,,,,,,,,,,,,,,,,,,,,,,,,,,,,,,,,,,,,,169.056,163.236,66.805,,,,34.307,125.164,,,,,,,,,,,,,,,,,,,,,DE_KN_residential3_washing_machine | DE_KN_residential3_dishwasher | DE_KN_residential3_refrigerator | DE_KN_residential3_freezer | DE_KN_residential3_circulation_pump
2015-03-16T13:00:00Z,2015-03-16T14:00:00+0100,,,,,,,,,,,,,,,,,,,,,,,,,,,,,,,,,,,,,,,,,169.135,163.239,66.813,,,,34.314,125.164,,,,,,,,,,,,,,,,,,,,,DE_KN_residential3_washing_machine | DE_KN_residential3_dishwasher | DE_KN_residential3_refrigerator | DE_KN_residential3_freezer | DE_KN_residential3_circulation_pump
2015-03-16T14:00:00Z,2015-03-16T15:00:00+0100,,,,,,,,,,,,,,,,,,,,,,,,,,,,,,,,,,,,,,,,,169.214,163.241,66.854,,,,34.338,125.164,,,,,,,,,,,,,,,,,,,,,DE_KN_residential3_washing_machine | DE_KN_residential3_dishwasher | DE_KN_residential3_refrigerator | DE_KN_residential3_freezer | DE_KN_residential3_circulation_pump
2015-03-16T15:00:00Z,2015-03-16T16:00:00+0100,,,,,,,,,,,,,,,,,,,,,,,,,,,,,,,,,,,,,,,,,169.292,163.244,66.891,,,,34.351,125.164,,,,,,,,,,,,,,,,,,,,,DE_KN_residential3_washing_machine | DE_KN_residential3_dishwasher | DE_KN_residential3_refrigerator | DE_KN_residential3_freezer | DE_KN_residential3_circulation_pump
2015-03-16T16:00:00Z,2015-03-16T17:00:00+0100,,,,,,,,,,,,,,,,,,,,,,,,,,,,,,,,,,,,,,,,,169.364,163.246,66.898,,,,34.362,125.164,,,,,,,,,,,,,,,,,,,,,DE_KN_residential3_washing_machine | DE_KN_residential3_dishwasher | DE_KN_residential3_refrigerator | DE_KN_residential3_freezer | DE_KN_residential3_circulation_pump
2015-03-16T17:00:00Z,2015-03-16T18:00:00+0100,,,,,,,,,,,,,,,,,,,,,,,,,,,,,,,,,,,,,,,,,169.434,163.249,66.939,,,,34.384,125.164,,,,,,,,,,,,,,,,,,,,,DE_KN_residential3_washing_machine | DE_KN_residential3_dishwasher | DE_KN_residential3_refrigerator | DE_KN_residential3_freezer | DE_KN_residential3_circulation_pump
2015-03-16T18:00:00Z,2015-03-16T19:00:00+0100,,,,,,,,,,,,,,,,,,,,,,,,,,,,,,,,,,,,,,,,,169.507,163.251,66.977,,,,34.386,125.164,,,,,,,,,,,,,,,,,,,,,DE_KN_residential3_washing_machine | DE_KN_residential3_dishwasher | DE_KN_residential3_refrigerator | DE_KN_residential3_freezer | DE_KN_residential3_circulation_pump
2015-03-16T19:00:00Z,2015-03-16T20:00:00+0100,,,,,,,,,,,,,,,,,,,,,,,,,,,,,,,,,,,,,,,,,169.579,163.254,66.982,,,,34.408,125.164,,,,,,,,,,,,,,,,,,,,,DE_KN_residential3_washing_machine | DE_KN_residential3_dishwasher | DE_KN_residential3_refrigerator | DE_KN_residential3_freezer | DE_KN_residential3_circulation_pump
2015-03-16T20:00:00Z,2015-03-16T21:00:00+0100,,,,,,,,,,,,,,,,,,,,,,,,,,,,,,,,,,,,,,,,,169.652,163.627,67.023,,,,34.431,125.164,,,,,,,,,,,,,,,,,,,,,DE_KN_residential3_washing_machine | DE_KN_residential3_dishwasher | DE_KN_residential3_refrigerator | DE_KN_residential3_freezer | DE_KN_residential3_circulation_pump
2015-03-16T21:00:00Z,2015-03-16T22:00:00+0100,,,,,,,,,,,,,,,,,,,,,,,,,,,,,,,,,,,,,,,,,169.726,164.504,67.062,,,,34.459,125.164,,,,,,,,,,,,,,,,,,,,,DE_KN_residential3_washing_machine | DE_KN_residential3_dishwasher | DE_KN_residential3_refrigerator | DE_KN_residential3_freezer | DE_KN_residential3_circulation_pump
2015-03-16T22:00:00Z,2015-03-16T23:00:00+0100,,,,,,,,,,,,,,,,,,,,,,,,,,,,,,,,,,,,,,,,,169.797,164.507,67.067,,,,34.464,125.164,,,,,,,,,,,,,,,,,,,,,DE_KN_residential3_washing_machine | DE_KN_residential3_dishwasher | DE_KN_residential3_refrigerator | DE_KN_residential3_freezer | DE_KN_residential3_circulation_pump
2015-03-16T23:00:00Z,2015-03-17T00:00:00+0100,,,,,,,,,,,,,,,,,,,,,,,,,,,,,,,,,,,,,,,,,169.865,164.509,67.108,,,,34.493,125.164,,,,,,,,,,,,,,,,,,,,,DE_KN_residential3_washing_machine | DE_KN_residential3_dishwasher | DE_KN_residential3_refrigerator | DE_KN_residential3_freezer | DE_KN_residential3_circulation_pump
2015-03-17T00:00:00Z,2015-03-17T01:00:00+0100,,,,,,,,,,,,,,,,,,,,,,,,,,,,,,,,,,,,,,,,,169.938,164.512,67.147,,,,34.516,125.164,,,,,,,,,,,,,,,,,,,,,DE_KN_residential3_washing_machine | DE_KN_residential3_dishwasher | DE_KN_residential3_refrigerator | DE_KN_residential3_freezer | DE_KN_residential3_circulation_pump
2015-03-17T01:00:00Z,2015-03-17T02:00:00+0100,,,,,,,,,,,,,,,,,,,,,,,,,,,,,,,,,,,,,,,,,170.007,164.514,67.152,,,,34.517,125.164,,,,,,,,,,,,,,,,,,,,,DE_KN_residential3_washing_machine | DE_KN_residential3_dishwasher | DE_KN_residential3_refrigerator | DE_KN_residential3_freezer | DE_KN_residential3_circulation_pump
2015-03-17T02:00:00Z,2015-03-17T03:00:00+0100,,,,,,,,,,,,,,,,,,,,,,,,,,,,,,,,,,,,,,,,,170.081,164.518,67.193,,,,34.565,125.164,,,,,,,,,,,,,,,,,,,,,DE_KN_residential3_washing_machine | DE_KN_residential3_dishwasher | DE_KN_residential3_refrigerator | DE_KN_residential3_freezer | DE_KN_residential3_circulation_pump
2015-03-17T03:00:00Z,2015-03-17T04:00:00+0100,,,,,,,,,,,,,,,,,,,,,,,,,,,,,,,,,,,,,,,,,170.150,164.520,67.236,,,,34.586,125.164,,,,,,,,,,,,,,,,,,,,,DE_KN_residential3_washing_machine | DE_KN_residential3_dishwasher | DE_KN_residential3_refrigerator | DE_KN_residential3_freezer | DE_KN_residential3_circulation_pump
2015-03-17T04:00:00Z,2015-03-17T05:00:00+0100,,,,,,,,,,,,,,,,,,,,,,,,,,,,,,,,,,,,,,,,,170.222,164.523,67.242,,,,34.602,125.164,,,,,,,,,,,,,,,,,,,,,DE_KN_residential3_washing_machine | DE_KN_residential3_dishwasher | DE_KN_residential3_refrigerator | DE_KN_residential3_freezer | DE_KN_residential3_circulation_pump
2015-03-17T05:00:00Z,2015-03-17T06:00:00+0100,,,,,,,,,,,,,,,,,,,,,,,,,,,,,,,,,,,,,,,,,170.294,164.525,67.280,,,,34.628,125.164,,,,,,,,,,,,,,,,,,,,,DE_KN_residential3_washing_machine | DE_KN_residential3_dishwasher | DE_KN_residential3_refrigerator | DE_KN_residential3_freezer | DE_KN_residential3_circulation_pump
2015-03-17T06:00:00Z,2015-03-17T07:00:00+0100,,,,,,,,,,,,,,,,,,,,,,,,,,,,,,,,,,,,,,,,,170.366,164.528,67.322,,,,34.653,125.165,,,,,,,,,,,,,,,,,,,,,DE_KN_residential3_washing_machine | DE_KN_residential3_dishwasher | DE_KN_residential3_refrigerator | DE_KN_residential3_freezer | DE_KN_residential3_circulation_pump
2015-03-17T07:00:00Z,2015-03-17T08:00:00+0100,,,,,,,,,,,,,,,,,,,,,,,,,,,,,,,,,,,,,,,,,170.438,164.530,67.329,,,,34.664,125.165,,,,,,,,,,,,,,,,,,,,,DE_KN_residential3_washing_machine | DE_KN_residential3_dishwasher | DE_KN_residential3_refrigerator | DE_KN_residential3_freezer | DE_KN_residential3_circulation_pump
2015-03-17T08:00:00Z,2015-03-17T09:00:00+0100,,,,,,,,,,,,,,,,,,,,,,,,,,,,,,,,,,,,,,,,,170.509,164.533,67.366,,,,34.681,125.165,,,,,,,,,,,,,,,,,,,,,DE_KN_residential3_washing_machine | DE_KN_residential3_dishwasher | DE_KN_residential3_refrigerator | DE_KN_residential3_freezer | DE_KN_residential3_circulation_pump
2015-03-17T09:00:00Z,2015-03-17T10:00:00+0100,,,,,,,,,,,,,,,,,,,,,,,,,,,,,,,,,,,,,,,,,170.580,164.536,67.409,,,,34.699,125.165,,,,,,,,,,,,,,,,,,,,,DE_KN_residential3_washing_machine | DE_KN_residential3_dishwasher | DE_KN_residential3_refrigerator | DE_KN_residential3_freezer | DE_KN_residential3_circulation_pump
2015-03-17T10:00:00Z,2015-03-17T11:00:00+0100,,,,,,,,,,,,,,,,,,,,,,,,,,,,,,,,,,,,,,,,,170.654,164.538,67.412,,,,34.725,125.165,,,,,,,,,,,,,,,,,,,,,DE_KN_residential3_washing_machine | DE_KN_residential3_dishwasher | DE_KN_residential3_refrigerator | DE_KN_residential3_freezer | DE_KN_residential3_circulation_pump
2015-03-17T11:00:00Z,2015-03-17T12:00:00+0100,,,,,,,,,,,,,,,,,,,,,,,,,,,,,,,,,,,,,,,,,170.724,164.541,67.453,,,,34.728,125.165,,,,,,,,,,,,,,,,,,,,,DE_KN_residential3_washing_machine | DE_KN_residential3_dishwasher | DE_KN_residential3_refrigerator | DE_KN_residential3_freezer | DE_KN_residential3_circulation_pump
2015-03-17T12:00:00Z,2015-03-17T13:00:00+0100,,,,,,,,,,,,,,,,,,,,,,,,,,,,,,,,,,,,,,,,,170.796,164.543,67.495,,,,34.752,125.165,,,,,,,,,,,,,,,,,,,,,DE_KN_residential3_washing_machine | DE_KN_residential3_dishwasher | DE_KN_residential3_refrigerator | DE_KN_residential3_freezer | DE_KN_residential3_circulation_pump
2015-03-17T13:00:00Z,2015-03-17T14:00:00+0100,,,,,,,,,,,,,,,,,,,,,,,,,,,,,,,,,,,,,,,,,170.875,165.339,67.497,,,,34.777,125.165,,,,,,,,,,,,,,,,,,,,,DE_KN_residential3_washing_machine | DE_KN_residential3_dishwasher | DE_KN_residential3_refrigerator | DE_KN_residential3_freezer | DE_KN_residential3_circulation_pump
2015-03-17T14:00:00Z,2015-03-17T15:00:00+0100,,,,,,,,,,,,,,,,,,,,,,,,,,,,,,,,,,,,,,,,,170.953,165.918,67.540,,,,34.781,125.165,,,,,,,,,,,,,,,,,,,,,DE_KN_residential3_washing_machine | DE_KN_residential3_dishwasher | DE_KN_residential3_refrigerator | DE_KN_residential3_freezer | DE_KN_residential3_circulation_pump
2015-03-17T15:00:00Z,2015-03-17T16:00:00+0100,,,,,,,,,,,,,,,,,,,,,,,,,,,,,,,,,,,,,,,,,171.030,165.920,67.582,,,,34.802,125.398,,,,,,,,,,,,,,,,,,,,,DE_KN_residential3_washing_machine | DE_KN_residential3_dishwasher | DE_KN_residential3_refrigerator | DE_KN_residential3_freezer | DE_KN_residential3_circulation_pump
2015-03-17T16:00:00Z,2015-03-17T17:00:00+0100,,,,,,,,,,,,,,,,,,,,,,,,,,,,,,,,,,,,,,,,,171.102,165.923,67.584,,,,34.825,125.623,,,,,,,,,,,,,,,,,,,,,DE_KN_residential3_washing_machine | DE_KN_residential3_dishwasher | DE_KN_residential3_refrigerator | DE_KN_residential3_freezer | DE_KN_residential3_circulation_pump
2015-03-17T17:00:00Z,2015-03-17T18:00:00+0100,,,,,,,,,,,,,,,,,,,,,,,,,,,,,,,,,,,,,,,,,171.172,165.925,67.626,,,,34.832,125.694,,,,,,,,,,,,,,,,,,,,,DE_KN_residential3_washing_machine | DE_KN_residential3_dishwasher | DE_KN_residential3_refrigerator | DE_KN_residential3_freezer | DE_KN_residential3_circulation_pump
2015-03-17T18:00:00Z,2015-03-17T19:00:00+0100,,,,,,,,,,,,,,,,,,,,,,,,,,,,,,,,,,,,,,,,,171.244,165.928,67.663,,,,34.863,125.950,,,,,,,,,,,,,,,,,,,,,DE_KN_residential3_washing_machine | DE_KN_residential3_dishwasher | DE_KN_residential3_refrigerator | DE_KN_residential3_freezer | DE_KN_residential3_circulation_pump
2015-03-17T19:00:00Z,2015-03-17T20:00:00+0100,,,,,,,,,,,,,,,,,,,,,,,,,,,,,,,,,,,,,,,,,171.317,165.930,67.670,,,,34.889,125.981,,,,,,,,,,,,,,,,,,,,,DE_KN_residential3_washing_machine | DE_KN_residential3_dishwasher | DE_KN_residential3_refrigerator | DE_KN_residential3_freezer | DE_KN_residential3_circulation_pump
2015-03-17T20:00:00Z,2015-03-17T21:00:00+0100,,,,,,,,,,,,,,,,,,,,,,,,,,,,,,,,,,,,,,,,,171.389,165.933,67.711,,,,34.895,125.981,,,,,,,,,,,,,,,,,,,,,DE_KN_residential3_washing_machine | DE_KN_residential3_dishwasher | DE_KN_residential3_refrigerator | DE_KN_residential3_freezer | DE_KN_residential3_circulation_pump
2015-03-17T21:00:00Z,2015-03-17T22:00:00+0100,,,,,,,,,,,,,,,,,,,,,,,,,,,,,,,,,,,,,,,,,171.461,165.935,67.753,,,,34.918,125.981,,,,,,,,,,,,,,,,,,,,,DE_KN_residential3_washing_machine | DE_KN_residential3_dishwasher | DE_KN_residential3_refrigerator | DE_KN_residential3_freezer | DE_KN_residential3_circulation_pump
2015-03-17T22:00:00Z,2015-03-17T23:00:00+0100,,,,,,,,,,,,,,,,,,,,,,,,,,,,,,,,,,,,,,,,,171.509,166.941,67.756,,,,34.943,126.245,,,,,,,,,,,,,,,,,,,,,DE_KN_residential3_washing_machine | DE_KN_residential3_dishwasher | DE_KN_residential3_refrigerator | DE_KN_residential3_freezer | DE_KN_residential3_circulation_pump
2015-03-17T23:00:00Z,2015-03-18T00:00:00+0100,,,,,,,,,,,,,,,,,,,,,,,,,,,,,,,,,,,,,,,,,171.569,167.285,67.798,,,,34.944,126.246,,,,,,,,,,,,,,,,,,,,,DE_KN_residential3_washing_machine | DE_KN_residential3_dishwasher | DE_KN_residential3_refrigerator | DE_KN_residential3_freezer | DE_KN_residential3_circulation_pump
2015-03-18T00:00:00Z,2015-03-18T01:00:00+0100,,,,,,,,,,,,,,,,,,,,,,,,,,,,,,,,,,,,,,,,,171.642,167.289,67.836,,,,34.970,126.246,,,,,,,,,,,,,,,,,,,,,DE_KN_residential3_washing_machine | DE_KN_residential3_dishwasher | DE_KN_residential3_refrigerator | DE_KN_residential3_freezer | DE_KN_residential3_circulation_pump
2015-03-18T01:00:00Z,2015-03-18T02:00:00+0100,,,,,,,,,,,,,,,,,,,,,,,,,,,,,,,,,,,,,,,,,171.711,167.293,67.842,,,,34.979,126.246,,,,,,,,,,,,,,,,,,,,,DE_KN_residential3_washing_machine | DE_KN_residential3_dishwasher | DE_KN_residential3_refrigerator | DE_KN_residential3_freezer | DE_KN_residential3_circulation_pump
2015-03-18T02:00:00Z,2015-03-18T03:00:00+0100,,,,,,,,,,,,,,,,,,,,,,,,,,,,,,,,,,,,,,,,,171.785,167.297,67.884,,,,34.996,126.247,,,,,,,,,,,,,,,,,,,,,DE_KN_residential3_washing_machine | DE_KN_residential3_dishwasher | DE_KN_residential3_refrigerator | DE_KN_residential3_freezer | DE_KN_residential3_circulation_pump
2015-03-18T03:00:00Z,2015-03-18T04:00:00+0100,,,,,,,,,,,,,,,,,,,,,,,,,,,,,,,,,,,,,,,,,171.854,167.301,67.919,,,,35.016,126.247,,,,,,,,,,,,,,,,,,,,,DE_KN_residential3_washing_machine | DE_KN_residential3_dishwasher | DE_KN_residential3_refrigerator | DE_KN_residential3_freezer | DE_KN_residential3_circulation_pump
2015-03-18T04:00:00Z,2015-03-18T05:00:00+0100,,,,,,,,,,,,,,,,,,,,,,,,,,,,,,,,,,,,,,,,,171.925,167.305,67.929,,,,35.021,126.247,,,,,,,,,,,,,,,,,,,,,DE_KN_residential3_washing_machine | DE_KN_residential3_dishwasher | DE_KN_residential3_refrigerator | DE_KN_residential3_freezer | DE_KN_residential3_circulation_pump
2015-03-18T05:00:00Z,2015-03-18T06:00:00+0100,,,,,,,,,,,,,,,,,,,,,,,,,,,,,,,,,,,,,,,,,171.996,167.308,67.971,,,,35.045,126.247,,,,,,,,,,,,,,,,,,,,,DE_KN_residential3_washing_machine | DE_KN_residential3_dishwasher | DE_KN_residential3_refrigerator | DE_KN_residential3_freezer | DE_KN_residential3_circulation_pump
2015-03-18T06:00:00Z,2015-03-18T07:00:00+0100,,,,,,,,,,,,,,,,,,,,,,,,,,,,,,,,,,,,,,,,,172.067,167.312,68.003,,,,35.046,126.247,,,,,,,,,,,,,,,,,,,,,DE_KN_residential3_washing_machine | DE_KN_residential3_dishwasher | DE_KN_residential3_refrigerator | DE_KN_residential3_freezer | DE_KN_residential3_circulation_pump
2015-03-18T07:00:00Z,2015-03-18T08:00:00+0100,,,,,,,,,,,,,,,,,,,,,,,,,,,,,,,,,,,,,,,,,172.140,167.314,68.015,,,,35.075,126.498,,,,,,,,,,,,,,,,,,,,,DE_KN_residential3_washing_machine | DE_KN_residential3_dishwasher | DE_KN_residential3_refrigerator | DE_KN_residential3_freezer | DE_KN_residential3_circulation_pump
2015-03-18T08:00:00Z,2015-03-18T09:00:00+0100,,,,,,,,,,,,,,,,,,,,,,,,,,,,,,,,,,,,,,,,,172.213,167.317,68.056,,,,35.084,126.850,,,,,,,,,,,,,,,,,,,,,DE_KN_residential3_washing_machine | DE_KN_residential3_dishwasher | DE_KN_residential3_refrigerator | DE_KN_residential3_freezer | DE_KN_residential3_circulation_pump
2015-03-18T09:00:00Z,2015-03-18T10:00:00+0100,,,,,,,,,,,,,,,,,,,,,,,,,,,,,,,,,,,,,,,,,172.286,167.319,68.084,,,,35.102,127.455,,,,,,,,,,,,,,,,,,,,,DE_KN_residential3_washing_machine | DE_KN_residential3_dishwasher | DE_KN_residential3_refrigerator | DE_KN_residential3_freezer | DE_KN_residential3_circulation_pump
2015-03-18T10:00:00Z,2015-03-18T11:00:00+0100,,,,,,,,,,,,,,,,,,,,,,,,,,,,,,,,,,,,,,,,,172.358,167.322,68.101,,,,35.127,127.562,,,,,,,,,,,,,,,,,,,,,DE_KN_residential3_washing_machine | DE_KN_residential3_dishwasher | DE_KN_residential3_refrigerator | DE_KN_residential3_freezer | DE_KN_residential3_circulation_pump
2015-03-18T11:00:00Z,2015-03-18T12:00:00+0100,,,,,,,,,,,,,,,,,,,,,,,,,,,,,,,,,,,,,,,,,172.431,167.325,68.143,,,,35.129,127.619,,,,,,,,,,,,,,,,,,,,,DE_KN_residential3_washing_machine | DE_KN_residential3_dishwasher | DE_KN_residential3_refrigerator | DE_KN_residential3_freezer | DE_KN_residential3_circulation_pump
2015-03-18T12:00:00Z,2015-03-18T13:00:00+0100,,,,,,,,,,,,,,,,,,,,,,,,,,,,,,,,,,,,,,,,,172.503,167.327,68.165,,,,35.157,127.620,,,,,,,,,,,,,,,,,,,,,DE_KN_residential3_washing_machine | DE_KN_residential3_dishwasher | DE_KN_residential3_refrigerator | DE_KN_residential3_freezer | DE_KN_residential3_circulation_pump
2015-03-18T13:00:00Z,2015-03-18T14:00:00+0100,,,,,,,,,,,,,,,,,,,,,,,,,,,,,,,,,,,,,,,,,172.580,167.330,68.187,,,,35.170,128.158,,,,,,,,,,,,,,,,,,,,,DE_KN_residential3_washing_machine | DE_KN_residential3_dishwasher | DE_KN_residential3_refrigerator | DE_KN_residential3_freezer | DE_KN_residential3_circulation_pump
2015-03-18T14:00:00Z,2015-03-18T15:00:00+0100,,,,,,,,,,,,,,,,,,,,,,,,,,,,,,,,,,,,,,,,,172.658,167.332,68.229,,,,35.183,128.927,,,,,,,,,,,,,,,,,,,,,DE_KN_residential3_washing_machine | DE_KN_residential3_dishwasher | DE_KN_residential3_refrigerator | DE_KN_residential3_freezer | DE_KN_residential3_circulation_pump
2015-03-18T15:00:00Z,2015-03-18T16:00:00+0100,,,,,,,,,,,,,,,,,,,,,,,,,,,,,,,,,,,,,,,,,172.736,167.335,68.241,,,,35.195,129.472,,,,,,,,,,,,,,,,,,,,,DE_KN_residential3_washing_machine | DE_KN_residential3_dishwasher | DE_KN_residential3_refrigerator | DE_KN_residential3_freezer | DE_KN_residential3_circulation_pump
2015-03-18T16:00:00Z,2015-03-18T17:00:00+0100,,,,,,,,,,,,,,,,,,,,,,,,,,,,,,,,,,,,,,,,,172.805,167.337,68.293,,,,35.206,129.705,,,,,,,,,,,,,,,,,,,,,DE_KN_residential3_washing_machine | DE_KN_residential3_dishwasher | DE_KN_residential3_refrigerator | DE_KN_residential3_freezer | DE_KN_residential3_circulation_pump
2015-03-18T17:00:00Z,2015-03-18T18:00:00+0100,,,,,,,,,,,,,,,,,,,,,,,,,,,,,,,,,,,,,,,,,172.869,167.340,68.335,,,,35.215,129.730,,,,,,,,,,,,,,,,,,,,,
2015-03-18T18:00:00Z,2015-03-18T19:00:00+0100,,,,,,,,,,,,,,,,,,,,,,,,,,,,,,,,,,,,,,,,,172.934,167.342,68.355,,,,35.247,129.730,,,,,,,,,,,,,,,,,,,,,
2015-03-18T19:00:00Z,2015-03-18T20:00:00+0100,,,,,,,,,,,,,,,,,,,,,,,,,,,,,,,,,,,,,,,,,173.000,167.826,68.385,,,,35.269,129.730,,,,,,,,,,,,,,,,,,,,,DE_KN_residential3_washing_machine
2015-03-18T20:00:00Z,2015-03-18T21:00:00+0100,,,,,,,,,,,,,,,,,,,,,,,,,,,,,,,,,,,,,,,,,173.067,168.481,68.429,,,,35.282,129.730,,,,,,,,,,,,,,,,,,,,,
2015-03-18T21:00:00Z,2015-03-18T22:00:00+0100,,,,,,,,,,,,,,,,,,,,,,,,,,,,,,,,,,,,,,,,,173.133,168.486,68.474,,,,35.290,129.730,,,,,,,,,,,,,,,,,,,,,
2015-03-18T22:00:00Z,2015-03-18T23:00:00+0100,,,,,,,,,,,,,,,,,,,,,,,,,,,,,,,,,,,,,,,,,173.172,168.490,68.491,,,,35.310,129.730,,,,,,,,,,,,,,,,,,,,,
2015-03-18T23:00:00Z,2015-03-19T00:00:00+0100,,,,,,,,,,,,,,,,,,,,,,,,,,,,,,,,,,,,,,,,,173.196,168.493,68.521,,,,35.336,130.483,,,,,,,,,,,,,,,,,,,,,
2015-03-19T00:00:00Z,2015-03-19T01:00:00+0100,,,,,,,,,,,,,,,,,,,,,,,,,,,,,,,,,,,,,,,,,173.265,168.496,68.566,,,,35.350,130.555,,,,,,,,,,,,,,,,,,,,,
2015-03-19T01:00:00Z,2015-03-19T02:00:00+0100,,,,,,,,,,,,,,,,,,,,,,,,,,,,,,,,,,,,,,,,,173.330,168.499,68.604,,,,35.368,130.588,,,,,,,,,,,,,,,,,,,,,
2015-03-19T02:00:00Z,2015-03-19T03:00:00+0100,,,,,,,,,,,,,,,,,,,,,,,,,,,,,,,,,,,,,,,,,173.399,168.501,68.612,,,,35.385,130.588,,,,,,,,,,,,,,,,,,,,,
2015-03-19T03:00:00Z,2015-03-19T04:00:00+0100,,,,,,,,,,,,,,,,,,,,,,,,,,,,,,,,,,,,,,,,,173.463,168.504,68.654,,,,35.388,130.588,,,,,,,,,,,,,,,,,,,,,
2015-03-19T04:00:00Z,2015-03-19T05:00:00+0100,,,,,,,,,,,,,,,,,,,,,,,,,,,,,,,,,,,,,,,,,173.531,168.506,68.696,,,,35.403,130.588,,,,,,,,,,,,,,,,,,,,,
2015-03-19T05:00:00Z,2015-03-19T06:00:00+0100,,,,,,,,,,,,,,,,,,,,,,,,,,,,,,,,,,,,,,,,,173.598,168.509,68.711,,,,35.438,130.588,,,,,,,,,,,,,,,,,,,,,
2015-03-19T06:00:00Z,2015-03-19T07:00:00+0100,,,,,,,,,,,,,,,,,,,,,,,,,,,,,,,,,,,,,,,,,173.666,168.511,68.741,,,,35.455,130.588,,,,,,,,,,,,,,,,,,,,,
2015-03-19T07:00:00Z,2015-03-19T08:00:00+0100,,,,,,,,,,,,,,,,,,,,,,,,,,,,,,,,,,,,,,,,,173.734,168.514,68.783,,,,35.463,130.588,,,,,,,,,,,,,,,,,,,,,
2015-03-19T08:00:00Z,2015-03-19T09:00:00+0100,,,,,,,,,,,,,,,,,,,,,,,,,,,,,,,,,,,,,,,,,173.840,168.517,68.809,,,,35.477,130.588,,,,,,,,,,,,,,,,,,,,,
2015-03-19T09:00:00Z,2015-03-19T10:00:00+0100,,,,,,,,,,,,,,,,,,,,,,,,,,,,,,,,,,,,,,,,,173.945,168.519,68.828,,,,35.495,130.588,,,,,,,,,,,,,,,,,,,,,
2015-03-19T10:00:00Z,2015-03-19T11:00:00+0100,,,,,,,,,,,,,,,,,,,,,,,,,,,,,,,,,,,,,,,,,174.051,168.522,68.870,,,,35.513,130.589,,,,,,,,,,,,,,,,,,,,,
2015-03-19T11:00:00Z,2015-03-19T12:00:00+0100,,,,,,,,,,,,,,,,,,,,,,,,,,,,,,,,,,,,,,,,,174.155,168.524,68.911,,,,35.523,130.589,,,,,,,,,,,,,,,,,,,,,
2015-03-19T12:00:00Z,2015-03-19T13:00:00+0100,,,,,,,,,,,,,,,,,,,,,,,,,,,,,,,,,,,,,,,,,174.257,168.527,68.921,,,,35.533,130.589,,,,,,,,,,,,,,,,,,,,,
2015-03-19T13:00:00Z,2015-03-19T14:00:00+0100,,,,,,,,,,,,,,,,,,,,,,,,,,,,,,,,,,,,,,,,,174.362,168.529,68.955,,,,35.551,130.589,,,,,,,,,,,,,,,,,,,,,
2015-03-19T14:00:00Z,2015-03-19T15:00:00+0100,,,,,,,,,,,,,,,,,,,,,,,,,,,,,,,,,,,,,,,,,174.463,168.533,68.996,,,,35.570,130.589,,,,,,,,,,,,,,,,,,,,,
2015-03-19T15:00:00Z,2015-03-19T16:00:00+0100,,,,,,,,,,,,,,,,,,,,,,,,,,,,,,,,,,,,,,,,,174.556,168.535,69.014,,,,35.590,130.589,,,,,,,,,,,,,,,,,,,,,
2015-03-19T16:00:00Z,2015-03-19T17:00:00+0100,,,,,,,,,,,,,,,,,,,,,,,,,,,,,,,,,,,,,,,,,174.622,168.538,69.040,,,,35.602,130.589,,,,,,,,,,,,,,,,,,,,,DE_KN_residential3_washing_machine
2015-03-19T17:00:00Z,2015-03-19T18:00:00+0100,,,,,,,,,,,,,,,,,,,,,,,,,,,,,,,,,,,,,,,,,174.686,168.540,69.081,,,,35.613,130.589,,,,,,,,,,,,,,,,,,,,,
2015-03-19T18:00:00Z,2015-03-19T19:00:00+0100,,,,,,,,,,,,,,,,,,,,,,,,,,,,,,,,,,,,,,,,,174.750,168.543,69.098,,,,35.633,130.589,,,,,,,,,,,,,,,,,,,,,
2015-03-19T19:00:00Z,2015-03-19T20:00:00+0100,,,,,,,,,,,,,,,,,,,,,,,,,,,,,,,,,,,,,,,,,174.816,168.545,69.124,,,,35.652,130.589,,,,,,,,,,,,,,,,,,,,,
2015-03-19T20:00:00Z,2015-03-19T21:00:00+0100,,,,,,,,,,,,,,,,,,,,,,,,,,,,,,,,,,,,,,,,,174.882,169.050,69.165,,,,35.673,130.589,,,,,,,,,,,,,,,,,,,,,
2015-03-19T21:00:00Z,2015-03-19T22:00:00+0100,,,,,,,,,,,,,,,,,,,,,,,,,,,,,,,,,,,,,,,,,174.951,169.930,69.175,,,,35.692,130.589,,,,,,,,,,,,,,,,,,,,,
2015-03-19T22:00:00Z,2015-03-19T23:00:00+0100,,,,,,,,,,,,,,,,,,,,,,,,,,,,,,,,,,,,,,,,,174.992,169.933,69.209,,,,35.700,130.589,,,,,,,,,,,,,,,,,,,,,
2015-03-19T23:00:00Z,2015-03-20T00:00:00+0100,,,,,,,,,,,,,,,,,,,,,,,,,,,,,,,,,,,,,,,,,175.024,169.935,69.251,,,,35.717,130.589,,,,,,,,,,,,,,,,,,,,,
2015-03-20T00:00:00Z,2015-03-20T01:00:00+0100,,,,,,,,,,,,,,,,,,,,,,,,,,,,,,,,,,,,,,,,,175.092,169.938,69.256,,,,35.735,130.589,,,,,,,,,,,,,,,,,,,,,
2015-03-20T01:00:00Z,2015-03-20T02:00:00+0100,,,,,,,,,,,,,,,,,,,,,,,,,,,,,,,,,,,,,,,,,175.156,169.940,69.294,,,,35.755,130.589,,,,,,,,,,,,,,,,,,,,,
2015-03-20T02:00:00Z,2015-03-20T03:00:00+0100,,,,,,,,,,,,,,,,,,,,,,,,,,,,,,,,,,,,,,,,,175.226,169.943,69.336,,,,35.775,130.589,,,,,,,,,,,,,,,,,,,,,
2015-03-20T03:00:00Z,2015-03-20T04:00:00+0100,,,,,,,,,,,,,,,,,,,,,,,,,,,,,,,,,,,,,,,,,175.289,169.946,69.338,,,,35.791,130.589,,,,,,,,,,,,,,,,,,,,,
2015-03-20T04:00:00Z,2015-03-20T05:00:00+0100,,,,,,,,,,,,,,,,,,,,,,,,,,,,,,,,,,,,,,,,,175.358,169.948,69.379,,,,35.796,130.589,,,,,,,,,,,,,,,,,,,,,
2015-03-20T05:00:00Z,2015-03-20T06:00:00+0100,,,,,,,,,,,,,,,,,,,,,,,,,,,,,,,,,,,,,,,,,175.428,169.951,69.421,,,,35.814,130.589,,,,,,,,,,,,,,,,,,,,,
2015-03-20T06:00:00Z,2015-03-20T07:00:00+0100,,,,,,,,,,,,,,,,,,,,,,,,,,,,,,,,,,,,,,,,,175.496,169.953,69.423,,,,35.834,130.589,,,,,,,,,,,,,,,,,,,,,
2015-03-20T07:00:00Z,2015-03-20T08:00:00+0100,,,,,,,,,,,,,,,,,,,,,,,,,,,,,,,,,,,,,,,,,175.572,169.956,69.464,,,,35.854,130.589,,,,,,,,,,,,,,,,,,,,,
2015-03-20T08:00:00Z,2015-03-20T09:00:00+0100,,,,,,,,,,,,,,,,,,,,,,,,,,,,,,,,,,,,,,,,,175.679,169.959,69.495,,,,35.869,131.246,,,,,,,,,,,,,,,,,,,,,
2015-03-20T09:00:00Z,2015-03-20T10:00:00+0100,,,,,,,,,,,,,,,,,,,,,,,,,,,,,,,,,,,,,,,,,175.783,169.961,69.507,,,,35.877,131.324,,,,,,,,,,,,,,,,,,,,,
2015-03-20T10:00:00Z,2015-03-20T11:00:00+0100,,,,,,,,,,,,,,,,,,,,,,,,,,,,,,,,,,,,,,,,,175.894,169.964,69.548,,,,35.893,131.429,,,,,,,,,,,,,,,,,,,,,
2015-03-20T11:00:00Z,2015-03-20T12:00:00+0100,,,,,,,,,,,,,,,,,,,,,,,,,,,,,,,,,,,,,,,,,176.002,169.967,69.564,,,,35.913,132.381,,,,,,,,,,,,,,,,,,,,,
2015-03-20T12:00:00Z,2015-03-20T13:00:00+0100,,,,,,,,,,,,,,,,,,,,,,,,,,,,,,,,,,,,,,,,,176.110,169.970,69.592,,,,35.933,133.028,,,,,,,,,,,,,,,,,,,,,
2015-03-20T13:00:00Z,2015-03-20T14:00:00+0100,,,,,,,,,,,,,,,,,,,,,,,,,,,,,,,,,,,,,,,,,176.219,169.972,69.633,,,,35.954,133.049,,,,,,,,,,,,,,,,,,,,,
2015-03-20T14:00:00Z,2015-03-20T15:00:00+0100,,,,,,,,,,,,,,,,,,,,,,,,,,,,,,,,,,,,,,,,,176.325,170.323,69.637,,,,35.970,133.049,,,,,,,,,,,,,,,,,,,,,
2015-03-20T15:00:00Z,2015-03-20T16:00:00+0100,,,,,,,,,,,,,,,,,,,,,,,,,,,,,,,,,,,,,,,,,176.427,171.279,69.677,,,,35.978,133.049,,,,,,,,,,,,,,,,,,,,,
2015-03-20T16:00:00Z,2015-03-20T17:00:00+0100,,,,,,,,,,,,,,,,,,,,,,,,,,,,,,,,,,,,,,,,,176.502,171.284,69.718,,,,35.999,133.049,,,,,,,,,,,,,,,,,,,,,
2015-03-20T17:00:00Z,2015-03-20T18:00:00+0100,,,,,,,,,,,,,,,,,,,,,,,,,,,,,,,,,,,,,,,,,176.568,171.288,69.720,,,,36.020,133.049,,,,,,,,,,,,,,,,,,,,,
2015-03-20T18:00:00Z,2015-03-20T19:00:00+0100,,,,,,,,,,,,,,,,,,,,,,,,,,,,,,,,,,,,,,,,,176.633,171.292,69.762,,,,36.041,133.049,,,,,,,,,,,,,,,,,,,,,
2015-03-20T19:00:00Z,2015-03-20T20:00:00+0100,,,,,,,,,,,,,,,,,,,,,,,,,,,,,,,,,,,,,,,,,176.700,171.296,69.801,,,,36.061,133.049,,,,,,,,,,,,,,,,,,,,,
2015-03-20T20:00:00Z,2015-03-20T21:00:00+0100,,,,,,,,,,,,,,,,,,,,,,,,,,,,,,,,,,,,,,,,,176.767,171.300,69.805,,,,36.070,133.049,,,,,,,,,,,,,,,,,,,,,
2015-03-20T21:00:00Z,2015-03-20T22:00:00+0100,,,,,,,,,,,,,,,,,,,,,,,,,,,,,,,,,,,,,,,,,176.834,171.304,69.847,,,,36.082,133.049,,,,,,,,,,,,,,,,,,,,,
2015-03-20T22:00:00Z,2015-03-20T23:00:00+0100,,,,,,,,,,,,,,,,,,,,,,,,,,,,,,,,,,,,,,,,,176.877,171.308,69.874,,,,36.115,133.049,,,,,,,,,,,,,,,,,,,,,
2015-03-20T23:00:00Z,2015-03-21T00:00:00+0100,,,,,,,,,,,,,,,,,,,,,,,,,,,,,,,,,,,,,,,,,176.917,171.853,69.891,,,,36.165,133.049,,,,,,,,,,,,,,,,,,,,,
2015-03-21T00:00:00Z,2015-03-21T01:00:00+0100,,,,,,,,,,,,,,,,,,,,,,,,,,,,,,,,,,,,,,,,,176.989,172.564,69.932,,,,36.180,133.049,,,,,,,,,,,,,,,,,,,,,
2015-03-21T01:00:00Z,2015-03-21T02:00:00+0100,,,,,,,,,,,,,,,,,,,,,,,,,,,,,,,,,,,,,,,,,177.053,172.569,69.972,,,,36.203,133.049,,,,,,,,,,,,,,,,,,,,,
2015-03-21T02:00:00Z,2015-03-21T03:00:00+0100,,,,,,,,,,,,,,,,,,,,,,,,,,,,,,,,,,,,,,,,,177.122,172.574,69.974,,,,36.224,133.049,,,,,,,,,,,,,,,,,,,,,
2015-03-21T03:00:00Z,2015-03-21T04:00:00+0100,,,,,,,,,,,,,,,,,,,,,,,,,,,,,,,,,,,,,,,,,177.187,172.579,70.014,,,,36.226,133.049,,,,,,,,,,,,,,,,,,,,,
2015-03-21T04:00:00Z,2015-03-21T05:00:00+0100,,,,,,,,,,,,,,,,,,,,,,,,,,,,,,,,,,,,,,,,,177.256,172.583,70.053,,,,36.245,133.049,,,,,,,,,,,,,,,,,,,,,
2015-03-21T05:00:00Z,2015-03-21T06:00:00+0100,,,,,,,,,,,,,,,,,,,,,,,,,,,,,,,,,,,,,,,,,177.326,172.588,70.056,,,,36.265,133.049,,,,,,,,,,,,,,,,,,,,,
2015-03-21T06:00:00Z,2015-03-21T07:00:00+0100,,,,,,,,,,,,,,,,,,,,,,,,,,,,,,,,,,,,,,,,,177.395,172.591,70.095,,,,36.266,133.049,,,,,,,,,,,,,,,,,,,,,
2015-03-21T07:00:00Z,2015-03-21T08:00:00+0100,,,,,,,,,,,,,,,,,,,,,,,,,,,,,,,,,,,,,,,,,177.463,172.593,70.134,,,,36.285,133.049,,,,,,,,,,,,,,,,,,,,,
2015-03-21T08:00:00Z,2015-03-21T09:00:00+0100,,,,,,,,,,,,,,,,,,,,,,,,,,,,,,,,,,,,,,,,,177.532,172.596,70.139,,,,36.298,133.050,,,,,,,,,,,,,,,,,,,,,
2015-03-21T09:00:00Z,2015-03-21T10:00:00+0100,,,,,,,,,,,,,,,,,,,,,,,,,,,,,,,,,,,,,,,,,177.612,172.598,70.174,,,,36.308,133.050,,,,,,,,,,,,,,,,,,,,,
2015-03-21T10:00:00Z,2015-03-21T11:00:00+0100,,,,,,,,,,,,,,,,,,,,,,,,,,,,,,,,,,,,,,,,,177.716,172.601,70.213,,,,36.330,133.050,,,,,,,,,,,,,,,,,,,,,
2015-03-21T11:00:00Z,2015-03-21T12:00:00+0100,,,,,,,,,,,,,,,,,,,,,,,,,,,,,,,,,,,,,,,,,177.820,172.603,70.229,,,,36.344,133.050,,,,,,,,,,,,,,,,,,,,,
2015-03-21T12:00:00Z,2015-03-21T13:00:00+0100,,,,,,,,,,,,,,,,,,,,,,,,,,,,,,,,,,,,,,,,,177.920,172.606,70.254,,,,36.358,133.050,,,,,,,,,,,,,,,,,,,,,
2015-03-21T13:00:00Z,2015-03-21T14:00:00+0100,,,,,,,,,,,,,,,,,,,,,,,,,,,,,,,,,,,,,,,,,178.024,173.640,70.294,,,,36.388,133.050,,,,,,,,,,,,,,,,,,,,,
2015-03-21T14:00:00Z,2015-03-21T15:00:00+0100,,,,,,,,,,,,,,,,,,,,,,,,,,,,,,,,,,,,,,,,,178.104,173.680,70.319,,,,36.397,133.050,,,,,,,,,,,,,,,,,,,,,
2015-03-21T15:00:00Z,2015-03-21T16:00:00+0100,,,,,,,,,,,,,,,,,,,,,,,,,,,,,,,,,,,,,,,,,178.176,173.682,70.335,,,,36.415,133.050,,,,,,,,,,,,,,,,,,,,,
2015-03-21T16:00:00Z,2015-03-21T17:00:00+0100,,,,,,,,,,,,,,,,,,,,,,,,,,,,,,,,,,,,,,,,,178.242,173.685,70.375,,,,36.440,133.050,,,,,,,,,,,,,,,,,,,,,
2015-03-21T17:00:00Z,2015-03-21T18:00:00+0100,,,,,,,,,,,,,,,,,,,,,,,,,,,,,,,,,,,,,,,,,178.308,173.687,70.403,,,,36.461,133.050,,,,,,,,,,,,,,,,,,,,,
2015-03-21T18:00:00Z,2015-03-21T19:00:00+0100,,,,,,,,,,,,,,,,,,,,,,,,,,,,,,,,,,,,,,,,,178.375,173.690,70.416,,,,36.473,133.050,,,,,,,,,,,,,,,,,,,,,
2015-03-21T19:00:00Z,2015-03-21T20:00:00+0100,,,,,,,,,,,,,,,,,,,,,,,,,,,,,,,,,,,,,,,,,178.443,173.692,70.455,,,,36.499,133.050,,,,,,,,,,,,,,,,,,,,,
2015-03-21T20:00:00Z,2015-03-21T21:00:00+0100,,,,,,,,,,,,,,,,,,,,,,,,,,,,,,,,,,,,,,,,,178.510,173.695,70.489,,,,36.526,133.050,,,,,,,,,,,,,,,,,,,,,
2015-03-21T21:00:00Z,2015-03-21T22:00:00+0100,,,,,,,,,,,,,,,,,,,,,,,,,,,,,,,,,,,,,,,,,178.578,173.698,70.497,,,,36.538,133.050,,,,,,,,,,,,,,,,,,,,,
2015-03-21T22:00:00Z,2015-03-21T23:00:00+0100,,,,,,,,,,,,,,,,,,,,,,,,,,,,,,,,,,,,,,,,,178.621,173.700,70.536,,,,36.552,133.050,,,,,,,,,,,,,,,,,,,,,
2015-03-21T23:00:00Z,2015-03-22T00:00:00+0100,,,,,,,,,,,,,,,,,,,,,,,,,,,,,,,,,,,,,,,,,178.665,173.704,70.572,,,,36.577,133.050,,,,,,,,,,,,,,,,,,,,,
2015-03-22T00:00:00Z,2015-03-22T01:00:00+0100,,,,,,,,,,,,,,,,,,,,,,,,,,,,,,,,,,,,,,,,,178.736,174.602,70.577,,,,36.589,133.050,,,,,,,,,,,,,,,,,,,,,
2015-03-22T01:00:00Z,2015-03-22T02:00:00+0100,,,,,,,,,,,,,,,,,,,,,,,,,,,,,,,,,,,,,,,,,178.800,174.938,70.617,,,,36.603,133.050,,,,,,,,,,,,,,,,,,,,,
2015-03-22T02:00:00Z,2015-03-22T03:00:00+0100,,,,,,,,,,,,,,,,,,,,,,,,,,,,,,,,,,,,,,,,,178.870,174.940,70.655,,,,36.628,133.050,,,,,,,,,,,,,,,,,,,,,
2015-03-22T03:00:00Z,2015-03-22T04:00:00+0100,,,,,,,,,,,,,,,,,,,,,,,,,,,,,,,,,,,,,,,,,178.935,174.943,70.658,,,,36.629,133.050,,,,,,,,,,,,,,,,,,,,,
2015-03-22T04:00:00Z,2015-03-22T05:00:00+0100,,,,,,,,,,,,,,,,,,,,,,,,,,,,,,,,,,,,,,,,,179.004,174.945,70.698,,,,36.653,133.050,,,,,,,,,,,,,,,,,,,,,
2015-03-22T05:00:00Z,2015-03-22T06:00:00+0100,,,,,,,,,,,,,,,,,,,,,,,,,,,,,,,,,,,,,,,,,179.075,174.947,70.736,,,,36.676,133.050,,,,,,,,,,,,,,,,,,,,,
2015-03-22T06:00:00Z,2015-03-22T07:00:00+0100,,,,,,,,,,,,,,,,,,,,,,,,,,,,,,,,,,,,,,,,,179.145,174.950,70.739,,,,36.682,133.050,,,,,,,,,,,,,,,,,,,,,
2015-03-22T07:00:00Z,2015-03-22T08:00:00+0100,,,,,,,,,,,,,,,,,,,,,,,,,,,,,,,,,,,,,,,,,179.216,174.952,70.778,,,,36.707,133.050,,,,,,,,,,,,,,,,,,,,,
2015-03-22T08:00:00Z,2015-03-22T09:00:00+0100,,,,,,,,,,,,,,,,,,,,,,,,,,,,,,,,,,,,,,,,,179.287,174.955,70.813,,,,36.715,133.050,,,,,,,,,,,,,,,,,,,,,
2015-03-22T09:00:00Z,2015-03-22T10:00:00+0100,,,,,,,,,,,,,,,,,,,,,,,,,,,,,,,,,,,,,,,,,179.398,174.958,70.820,,,,36.732,133.051,,,,,,,,,,,,,,,,,,,,,DE_KN_residential3_washing_machine
2015-03-22T10:00:00Z,2015-03-22T11:00:00+0100,,,,,,,,,,,,,,,,,,,,,,,,,,,,,,,,,,,,,,,,,179.502,174.960,70.859,,,,36.753,133.051,,,,,,,,,,,,,,,,,,,,,
2015-03-22T11:00:00Z,2015-03-22T12:00:00+0100,,,,,,,,,,,,,,,,,,,,,,,,,,,,,,,,,,,,,,,,,179.576,174.963,70.891,,,,36.756,133.051,,,,,,,,,,,,,,,,,,,,,
2015-03-22T12:00:00Z,2015-03-22T13:00:00+0100,,,,,,,,,,,,,,,,,,,,,,,,,,,,,,,,,,,,,,,,,179.646,174.966,70.900,,,,36.780,133.051,,,,,,,,,,,,,,,,,,,,,
2015-03-22T13:00:00Z,2015-03-22T14:00:00+0100,,,,,,,,,,,,,,,,,,,,,,,,,,,,,,,,,,,,,,,,,179.721,174.968,70.939,,,,36.781,133.051,,,,,,,,,,,,,,,,,,,,,
2015-03-22T14:00:00Z,2015-03-22T15:00:00+0100,,,,,,,,,,,,,,,,,,,,,,,,,,,,,,,,,,,,,,,,,179.796,174.971,70.972,,,,36.805,133.051,,,,,,,,,,,,,,,,,,,,,
2015-03-22T15:00:00Z,2015-03-22T16:00:00+0100,,,,,,,,,,,,,,,,,,,,,,,,,,,,,,,,,,,,,,,,,179.872,174.973,70.981,,,,36.817,133.051,,,,,,,,,,,,,,,,,,,,,
2015-03-22T16:00:00Z,2015-03-22T17:00:00+0100,,,,,,,,,,,,,,,,,,,,,,,,,,,,,,,,,,,,,,,,,179.941,174.976,71.019,,,,36.829,133.051,,,,,,,,,,,,,,,,,,,,,
2015-03-22T17:00:00Z,2015-03-22T18:00:00+0100,,,,,,,,,,,,,,,,,,,,,,,,,,,,,,,,,,,,,,,,,180.009,174.979,71.056,,,,36.851,133.051,,,,,,,,,,,,,,,,,,,,,
2015-03-22T18:00:00Z,2015-03-22T19:00:00+0100,,,,,,,,,,,,,,,,,,,,,,,,,,,,,,,,,,,,,,,,,180.077,174.981,71.061,,,,36.853,133.051,,,,,,,,,,,,,,,,,,,,,
2015-03-22T19:00:00Z,2015-03-22T20:00:00+0100,,,,,,,,,,,,,,,,,,,,,,,,,,,,,,,,,,,,,,,,,180.146,174.984,71.100,,,,36.877,133.051,,,,,,,,,,,,,,,,,,,,,
2015-03-22T20:00:00Z,2015-03-22T21:00:00+0100,,,,,,,,,,,,,,,,,,,,,,,,,,,,,,,,,,,,,,,,,180.215,174.986,71.136,,,,36.877,133.051,,,,,,,,,,,,,,,,,,,,,
2015-03-22T21:00:00Z,2015-03-22T22:00:00+0100,,,,,,,,,,,,,,,,,,,,,,,,,,,,,,,,,,,,,,,,,180.284,174.989,71.141,,,,36.901,133.051,,,,,,,,,,,,,,,,,,,,,
2015-03-22T22:00:00Z,2015-03-22T23:00:00+0100,,,,,,,,,,,,,,,,,,,,,,,,,,,,,,,,,,,,,,,,,180.326,174.991,71.181,,,,36.921,133.928,,,,,,,,,,,,,,,,,,,,,
2015-03-22T23:00:00Z,2015-03-23T00:00:00+0100,,,,,,,,,,,,,,,,,,,,,,,,,,,,,,,,,,,,,,,,,180.365,174.994,71.213,,,,36.927,134.922,,,,,,,,,,,,,,,,,,,,,
2015-03-23T00:00:00Z,2015-03-23T01:00:00+0100,,,,,,,,,,,,,,,,,,,,,,,,,,,,,,,,,,,,,,,,,180.435,174.997,71.223,,,,36.952,135.008,,,,,,,,,,,,,,,,,,,,,
2015-03-23T01:00:00Z,2015-03-23T02:00:00+0100,,,,,,,,,,,,,,,,,,,,,,,,,,,,,,,,,,,,,,,,,180.499,174.999,71.262,,,,36.956,135.009,,,,,,,,,,,,,,,,,,,,,
2015-03-23T02:00:00Z,2015-03-23T03:00:00+0100,,,,,,,,,,,,,,,,,,,,,,,,,,,,,,,,,,,,,,,,,180.569,175.002,71.299,,,,36.976,135.009,,,,,,,,,,,,,,,,,,,,,
2015-03-23T03:00:00Z,2015-03-23T04:00:00+0100,,,,,,,,,,,,,,,,,,,,,,,,,,,,,,,,,,,,,,,,,180.633,175.004,71.304,,,,36.993,135.009,,,,,,,,,,,,,,,,,,,,,
2015-03-23T04:00:00Z,2015-03-23T05:00:00+0100,,,,,,,,,,,,,,,,,,,,,,,,,,,,,,,,,,,,,,,,,180.703,175.007,71.343,,,,37.000,135.009,,,,,,,,,,,,,,,,,,,,,
2015-03-23T05:00:00Z,2015-03-23T06:00:00+0100,,,,,,,,,,,,,,,,,,,,,,,,,,,,,,,,,,,,,,,,,180.773,175.010,71.381,,,,37.025,135.009,,,,,,,,,,,,,,,,,,,,,
2015-03-23T06:00:00Z,2015-03-23T07:00:00+0100,,,,,,,,,,,,,,,,,,,,,,,,,,,,,,,,,,,,,,,,,180.843,175.013,71.384,,,,37.026,135.929,,,,,,,,,,,,,,,,,,,,,
2015-03-23T07:00:00Z,2015-03-23T08:00:00+0100,,,,,,,,,,,,,,,,,,,,,,,,,,,,,,,,,,,,,,,,,180.911,175.015,71.422,,,,37.050,136.929,,,,,,,,,,,,,,,,,,,,,
2015-03-23T08:00:00Z,2015-03-23T09:00:00+0100,,,,,,,,,,,,,,,,,,,,,,,,,,,,,,,,,,,,,,,,,180.980,175.018,71.459,,,,37.053,136.951,,,,,,,,,,,,,,,,,,,,,
2015-03-23T09:00:00Z,2015-03-23T10:00:00+0100,,,,,,,,,,,,,,,,,,,,,,,,,,,,,,,,,,,,,,,,,181.076,175.020,71.464,,,,37.074,136.966,,,,,,,,,,,,,,,,,,,,,
2015-03-23T10:00:00Z,2015-03-23T11:00:00+0100,,,,,,,,,,,,,,,,,,,,,,,,,,,,,,,,,,,,,,,,,181.192,175.023,71.503,,,,37.087,136.969,,,,,,,,,,,,,,,,,,,,,
2015-03-23T11:00:00Z,2015-03-23T12:00:00+0100,,,,,,,,,,,,,,,,,,,,,,,,,,,,,,,,,,,,,,,,,181.311,175.025,71.539,,,,37.099,136.969,,,,,,,,,,,,,,,,,,,,,
2015-03-23T12:00:00Z,2015-03-23T13:00:00+0100,,,,,,,,,,,,,,,,,,,,,,,,,,,,,,,,,,,,,,,,,181.420,175.028,71.544,,,,37.125,137.498,,,,,,,,,,,,,,,,,,,,,
2015-03-23T13:00:00Z,2015-03-23T14:00:00+0100,,,,,,,,,,,,,,,,,,,,,,,,,,,,,,,,,,,,,,,,,181.533,175.746,71.583,,,,37.126,137.578,,,,,,,,,,,,,,,,,,,,,
2015-03-23T14:00:00Z,2015-03-23T15:00:00+0100,,,,,,,,,,,,,,,,,,,,,,,,,,,,,,,,,,,,,,,,,181.642,176.323,71.613,,,,37.147,138.003,,,,,,,,,,,,,,,,,,,,,
2015-03-23T15:00:00Z,2015-03-23T16:00:00+0100,,,,,,,,,,,,,,,,,,,,,,,,,,,,,,,,,,,,,,,,,181.744,176.328,71.625,,,,37.164,138.073,,,,,,,,,,,,,,,,,,,,,
2015-03-23T16:00:00Z,2015-03-23T17:00:00+0100,,,,,,,,,,,,,,,,,,,,,,,,,,,,,,,,,,,,,,,,,181.823,176.331,71.664,,,,37.169,138.110,,,,,,,,,,,,,,,,,,,,,
2015-03-23T17:00:00Z,2015-03-23T18:00:00+0100,,,,,,,,,,,,,,,,,,,,,,,,,,,,,,,,,,,,,,,,,181.890,176.333,71.701,,,,37.194,138.110,,,,,,,,,,,,,,,,,,,,,
2015-03-23T18:00:00Z,2015-03-23T19:00:00+0100,,,,,,,,,,,,,,,,,,,,,,,,,,,,,,,,,,,,,,,,,181.957,176.569,71.706,,,,37.226,138.110,,,,,,,,,,,,,,,,,,,,,
2015-03-23T19:00:00Z,2015-03-23T20:00:00+0100,,,,,,,,,,,,,,,,,,,,,,,,,,,,,,,,,,,,,,,,,182.027,177.522,71.745,,,,37.236,138.110,,,,,,,,,,,,,,,,,,,,,
2015-03-23T20:00:00Z,2015-03-23T21:00:00+0100,,,,,,,,,,,,,,,,,,,,,,,,,,,,,,,,,,,,,,,,,182.095,177.540,71.779,,,,37.250,138.872,,,,,,,,,,,,,,,,,,,,,
2015-03-23T21:00:00Z,2015-03-23T22:00:00+0100,,,,,,,,,,,,,,,,,,,,,,,,,,,,,,,,,,,,,,,,,182.164,177.542,71.786,,,,37.272,139.765,,,,,,,,,,,,,,,,,,,,,
2015-03-23T22:00:00Z,2015-03-23T23:00:00+0100,,,,,,,,,,,,,,,,,,,,,,,,,,,,,,,,,,,,,,,,,182.205,177.545,71.826,,,,37.293,139.854,,,,,,,,,,,,,,,,,,,,,
2015-03-23T23:00:00Z,2015-03-24T00:00:00+0100,,,,,,,,,,,,,,,,,,,,,,,,,,,,,,,,,,,,,,,,,182.250,177.548,71.865,,,,37.294,139.855,,,,,,,,,,,,,,,,,,,,,
2015-03-24T00:00:00Z,2015-03-24T01:00:00+0100,,,,,,,,,,,,,,,,,,,,,,,,,,,,,,,,,,,,,,,,,182.319,177.550,71.867,,,,37.315,139.855,,,,,,,,,,,,,,,,,,,,,
2015-03-24T01:00:00Z,2015-03-24T02:00:00+0100,,,,,,,,,,,,,,,,,,,,,,,,,,,,,,,,,,,,,,,,,182.383,177.553,71.906,,,,37.336,139.855,,,,,,,,,,,,,,,,,,,,,
2015-03-24T02:00:00Z,2015-03-24T03:00:00+0100,,,,,,,,,,,,,,,,,,,,,,,,,,,,,,,,,,,,,,,,,182.453,177.555,71.945,,,,37.336,139.855,,,,,,,,,,,,,,,,,,,,,
2015-03-24T03:00:00Z,2015-03-24T04:00:00+0100,,,,,,,,,,,,,,,,,,,,,,,,,,,,,,,,,,,,,,,,,182.517,177.558,71.948,,,,37.357,139.855,,,,,,,,,,,,,,,,,,,,,
2015-03-24T04:00:00Z,2015-03-24T05:00:00+0100,,,,,,,,,,,,,,,,,,,,,,,,,,,,,,,,,,,,,,,,,182.586,177.560,71.986,,,,37.378,139.855,,,,,,,,,,,,,,,,,,,,,
2015-03-24T05:00:00Z,2015-03-24T06:00:00+0100,,,,,,,,,,,,,,,,,,,,,,,,,,,,,,,,,,,,,,,,,182.657,177.563,72.026,,,,37.399,139.856,,,,,,,,,,,,,,,,,,,,,
2015-03-24T06:00:00Z,2015-03-24T07:00:00+0100,,,,,,,,,,,,,,,,,,,,,,,,,,,,,,,,,,,,,,,,,182.728,177.950,72.061,,,,37.412,139.950,,,,,,,,,,,,,,,,,,,,,DE_KN_residential3_washing_machine | DE_KN_residential3_dishwasher | DE_KN_residential3_refrigerator | DE_KN_residential3_freezer | DE_KN_residential3_circulation_pump
2015-03-24T07:00:00Z,2015-03-24T08:00:00+0100,,,,,,,,,,,,,,,,,,,,,,,,,,,,,,,,,,,,,,,,,182.798,178.686,72.072,,,,37.424,139.950,,,,,,,,,,,,,,,,,,,,,DE_KN_residential3_washing_machine | DE_KN_residential3_dishwasher | DE_KN_residential3_refrigerator | DE_KN_residential3_freezer | DE_KN_residential3_circulation_pump
2015-03-24T08:00:00Z,2015-03-24T09:00:00+0100,,,,,,,,,,,,,,,,,,,,,,,,,,,,,,,,,,,,,,,,,182.902,178.689,72.115,,,,37.446,140.286,,,,,,,,,,,,,,,,,,,,,DE_KN_residential3_washing_machine | DE_KN_residential3_dishwasher | DE_KN_residential3_refrigerator | DE_KN_residential3_freezer | DE_KN_residential3_circulation_pump
2015-03-24T09:00:00Z,2015-03-24T10:00:00+0100,,,,,,,,,,,,,,,,,,,,,,,,,,,,,,,,,,,,,,,,,183.019,178.691,72.127,,,,37.453,140.831,,,,,,,,,,,,,,,,,,,,,DE_KN_residential3_washing_machine | DE_KN_residential3_dishwasher | DE_KN_residential3_refrigerator | DE_KN_residential3_freezer | DE_KN_residential3_circulation_pump
2015-03-24T10:00:00Z,2015-03-24T11:00:00+0100,,,,,,,,,,,,,,,,,,,,,,,,,,,,,,,,,,,,,,,,,183.133,178.694,72.161,,,,37.469,140.934,,,,,,,,,,,,,,,,,,,,,DE_KN_residential3_washing_machine | DE_KN_residential3_dishwasher | DE_KN_residential3_refrigerator | DE_KN_residential3_freezer | DE_KN_residential3_circulation_pump
2015-03-24T11:00:00Z,2015-03-24T12:00:00+0100,,,,,,,,,,,,,,,,,,,,,,,,,,,,,,,,,,,,,,,,,183.242,178.696,72.205,,,,37.493,140.999,,,,,,,,,,,,,,,,,,,,,DE_KN_residential3_washing_machine | DE_KN_residential3_dishwasher | DE_KN_residential3_refrigerator | DE_KN_residential3_freezer | DE_KN_residential3_circulation_pump
2015-03-24T12:00:00Z,2015-03-24T13:00:00+0100,,,,,,,,,,,,,,,,,,,,,,,,,,,,,,,,,,,,,,,,,183.346,178.699,72.207,,,,37.501,141.627,,,,,,,,,,,,,,,,,,,,,DE_KN_residential3_washing_machine | DE_KN_residential3_dishwasher | DE_KN_residential3_refrigerator | DE_KN_residential3_freezer | DE_KN_residential3_circulation_pump
2015-03-24T13:00:00Z,2015-03-24T14:00:00+0100,,,,,,,,,,,,,,,,,,,,,,,,,,,,,,,,,,,,,,,,,183.443,178.702,72.250,,,,37.516,141.717,,,,,,,,,,,,,,,,,,,,,DE_KN_residential3_washing_machine | DE_KN_residential3_dishwasher | DE_KN_residential3_refrigerator | DE_KN_residential3_freezer | DE_KN_residential3_circulation_pump
2015-03-24T14:00:00Z,2015-03-24T15:00:00+0100,,,,,,,,,,,,,,,,,,,,,,,,,,,,,,,,,,,,,,,,,183.536,178.704,72.294,,,,37.538,141.746,,,,,,,,,,,,,,,,,,,,,DE_KN_residential3_washing_machine | DE_KN_residential3_dishwasher | DE_KN_residential3_refrigerator | DE_KN_residential3_freezer | DE_KN_residential3_circulation_pump
2015-03-24T15:00:00Z,2015-03-24T16:00:00+0100,,,,,,,,,,,,,,,,,,,,,,,,,,,,,,,,,,,,,,,,,183.624,178.707,72.296,,,,37.542,141.747,,,,,,,,,,,,,,,,,,,,,DE_KN_residential3_washing_machine | DE_KN_residential3_dishwasher | DE_KN_residential3_refrigerator | DE_KN_residential3_freezer | DE_KN_residential3_circulation_pump
2015-03-24T16:00:00Z,2015-03-24T17:00:00+0100,,,,,,,,,,,,,,,,,,,,,,,,,,,,,,,,,,,,,,,,,183.691,178.709,72.340,,,,37.561,141.747,,,,,,,,,,,,,,,,,,,,,DE_KN_residential3_washing_machine | DE_KN_residential3_dishwasher | DE_KN_residential3_refrigerator | DE_KN_residential3_freezer | DE_KN_residential3_circulation_pump
2015-03-24T17:00:00Z,2015-03-24T18:00:00+0100,,,,,,,,,,,,,,,,,,,,,,,,,,,,,,,,,,,,,,,,,183.757,178.712,72.370,,,,37.594,141.747,,,,,,,,,,,,,,,,,,,,,DE_KN_residential3_washing_machine | DE_KN_residential3_dishwasher | DE_KN_residential3_refrigerator | DE_KN_residential3_freezer | DE_KN_residential3_circulation_pump
2015-03-24T18:00:00Z,2015-03-24T19:00:00+0100,,,,,,,,,,,,,,,,,,,,,,,,,,,,,,,,,,,,,,,,,183.823,179.034,72.386,,,,37.598,141.747,,,,,,,,,,,,,,,,,,,,,DE_KN_residential3_washing_machine | DE_KN_residential3_dishwasher | DE_KN_residential3_refrigerator | DE_KN_residential3_freezer | DE_KN_residential3_circulation_pump
2015-03-24T19:00:00Z,2015-03-24T20:00:00+0100,,,,,,,,,,,,,,,,,,,,,,,,,,,,,,,,,,,,,,,,,183.892,179.771,72.429,,,,37.619,142.914,,,,,,,,,,,,,,,,,,,,,DE_KN_residential3_washing_machine | DE_KN_residential3_dishwasher | DE_KN_residential3_refrigerator | DE_KN_residential3_freezer | DE_KN_residential3_circulation_pump
2015-03-24T20:00:00Z,2015-03-24T21:00:00+0100,,,,,,,,,,,,,,,,,,,,,,,,,,,,,,,,,,,,,,,,,183.959,179.773,72.443,,,,37.644,143.157,,,,,,,,,,,,,,,,,,,,,DE_KN_residential3_washing_machine | DE_KN_residential3_dishwasher | DE_KN_residential3_refrigerator | DE_KN_residential3_freezer | DE_KN_residential3_circulation_pump
2015-03-24T21:00:00Z,2015-03-24T22:00:00+0100,,,,,,,,,,,,,,,,,,,,,,,,,,,,,,,,,,,,,,,,,184.027,179.776,72.475,,,,37.652,144.367,,,,,,,,,,,,,,,,,,,,,DE_KN_residential3_washing_machine | DE_KN_residential3_dishwasher | DE_KN_residential3_refrigerator | DE_KN_residential3_freezer | DE_KN_residential3_circulation_pump
2015-03-24T22:00:00Z,2015-03-24T23:00:00+0100,,,,,,,,,,,,,,,,,,,,,,,,,,,,,,,,,,,,,,,,,184.068,179.778,72.519,,,,37.668,144.462,,,,,,,,,,,,,,,,,,,,,DE_KN_residential3_washing_machine | DE_KN_residential3_dishwasher | DE_KN_residential3_refrigerator | DE_KN_residential3_freezer | DE_KN_residential3_circulation_pump
2015-03-24T23:00:00Z,2015-03-25T00:00:00+0100,,,,,,,,,,,,,,,,,,,,,,,,,,,,,,,,,,,,,,,,,184.084,179.780,72.521,,,,37.691,144.477,,,,,,,,,,,,,,,,,,,,,DE_KN_residential3_washing_machine | DE_KN_residential3_dishwasher | DE_KN_residential3_refrigerator | DE_KN_residential3_freezer | DE_KN_residential3_circulation_pump
2015-03-25T00:00:00Z,2015-03-25T01:00:00+0100,,,,,,,,,,,,,,,,,,,,,,,,,,,,,,,,,,,,,,,,,184.152,179.782,72.565,,,,37.697,144.483,,,,,,,,,,,,,,,,,,,,,DE_KN_residential3_washing_machine | DE_KN_residential3_dishwasher | DE_KN_residential3_refrigerator | DE_KN_residential3_freezer | DE_KN_residential3_circulation_pump
2015-03-25T01:00:00Z,2015-03-25T02:00:00+0100,,,,,,,,,,,,,,,,,,,,,,,,,,,,,,,,,,,,,,,,,184.216,179.785,72.608,,,,37.715,144.483,,,,,,,,,,,,,,,,,,,,,DE_KN_residential3_washing_machine | DE_KN_residential3_dishwasher | DE_KN_residential3_refrigerator | DE_KN_residential3_freezer | DE_KN_residential3_circulation_pump
2015-03-25T02:00:00Z,2015-03-25T03:00:00+0100,,,,,,,,,,,,,,,,,,,,,,,,,,,,,,,,,,,,,,,,,184.289,179.787,72.611,,,,37.715,144.483,,,,,,,,,,,,,,,,,,,,,DE_KN_residential3_washing_machine | DE_KN_residential3_dishwasher | DE_KN_residential3_refrigerator | DE_KN_residential3_freezer | DE_KN_residential3_circulation_pump
2015-03-25T03:00:00Z,2015-03-25T04:00:00+0100,,,,,,,,,,,,,,,,,,,,,,,,,,,,,,,,,,,,,,,,,184.358,179.790,72.653,,,,37.737,144.483,,,,,,,,,,,,,,,,,,,,,DE_KN_residential3_washing_machine | DE_KN_residential3_dishwasher | DE_KN_residential3_refrigerator | DE_KN_residential3_freezer | DE_KN_residential3_circulation_pump
2015-03-25T04:00:00Z,2015-03-25T05:00:00+0100,,,,,,,,,,,,,,,,,,,,,,,,,,,,,,,,,,,,,,,,,184.431,179.793,72.677,,,,37.743,144.483,,,,,,,,,,,,,,,,,,,,,DE_KN_residential3_washing_machine | DE_KN_residential3_dishwasher | DE_KN_residential3_refrigerator | DE_KN_residential3_freezer | DE_KN_residential3_circulation_pump
2015-03-25T05:00:00Z,2015-03-25T06:00:00+0100,,,,,,,,,,,,,,,,,,,,,,,,,,,,,,,,,,,,,,,,,184.502,179.795,72.696,,,,37.760,144.483,,,,,,,,,,,,,,,,,,,,,DE_KN_residential3_washing_machine | DE_KN_residential3_dishwasher | DE_KN_residential3_refrigerator | DE_KN_residential3_freezer | DE_KN_residential3_circulation_pump
2015-03-25T06:00:00Z,2015-03-25T07:00:00+0100,,,,,,,,,,,,,,,,,,,,,,,,,,,,,,,,,,,,,,,,,184.576,179.798,72.737,,,,37.784,144.726,,,,,,,,,,,,,,,,,,,,,DE_KN_residential3_washing_machine | DE_KN_residential3_dishwasher | DE_KN_residential3_refrigerator | DE_KN_residential3_freezer | DE_KN_residential3_circulation_pump
2015-03-25T07:00:00Z,2015-03-25T08:00:00+0100,,,,,,,,,,,,,,,,,,,,,,,,,,,,,,,,,,,,,,,,,184.648,180.662,72.764,,,,37.800,144.776,,,,,,,,,,,,,,,,,,,,,DE_KN_residential3_washing_machine | DE_KN_residential3_dishwasher | DE_KN_residential3_refrigerator | DE_KN_residential3_freezer | DE_KN_residential3_circulation_pump
2015-03-25T08:00:00Z,2015-03-25T09:00:00+0100,,,,,,,,,,,,,,,,,,,,,,,,,,,,,,,,,,,,,,,,,184.719,181.129,72.780,,,,37.807,144.776,,,,,,,,,,,,,,,,,,,,,DE_KN_residential3_washing_machine | DE_KN_residential3_dishwasher | DE_KN_residential3_refrigerator | DE_KN_residential3_freezer | DE_KN_residential3_circulation_pump
2015-03-25T09:00:00Z,2015-03-25T10:00:00+0100,,,,,,,,,,,,,,,,,,,,,,,,,,,,,,,,,,,,,,,,,184.823,181.134,72.821,,,,37.828,144.919,,,,,,,,,,,,,,,,,,,,,DE_KN_residential3_washing_machine | DE_KN_residential3_dishwasher | DE_KN_residential3_refrigerator | DE_KN_residential3_freezer | DE_KN_residential3_circulation_pump
2015-03-25T10:00:00Z,2015-03-25T11:00:00+0100,,,,,,,,,,,,,,,,,,,,,,,,,,,,,,,,,,,,,,,,,184.946,181.139,72.849,,,,37.843,145.019,,,,,,,,,,,,,,,,,,,,,DE_KN_residential3_washing_machine | DE_KN_residential3_dishwasher | DE_KN_residential3_refrigerator | DE_KN_residential3_freezer | DE_KN_residential3_circulation_pump
2015-03-25T11:00:00Z,2015-03-25T12:00:00+0100,,,,,,,,,,,,,,,,,,,,,,,,,,,,,,,,,,,,,,,,,185.064,181.143,72.864,,,,37.864,145.293,,,,,,,,,,,,,,,,,,,,,DE_KN_residential3_washing_machine | DE_KN_residential3_dishwasher | DE_KN_residential3_refrigerator | DE_KN_residential3_freezer | DE_KN_residential3_circulation_pump
2015-03-25T12:00:00Z,2015-03-25T13:00:00+0100,,,,,,,,,,,,,,,,,,,,,,,,,,,,,,,,,,,,,,,,,185.184,181.147,72.909,,,,37.889,145.313,,,,,,,,,,,,,,,,,,,,,DE_KN_residential3_washing_machine | DE_KN_residential3_dishwasher | DE_KN_residential3_refrigerator | DE_KN_residential3_freezer | DE_KN_residential3_circulation_pump
2015-03-25T13:00:00Z,2015-03-25T14:00:00+0100,,,,,,,,,,,,,,,,,,,,,,,,,,,,,,,,,,,,,,,,,185.302,181.150,72.953,,,,37.909,145.590,,,,,,,,,,,,,,,,,,,,,DE_KN_residential3_washing_machine | DE_KN_residential3_dishwasher | DE_KN_residential3_refrigerator | DE_KN_residential3_freezer | DE_KN_residential3_circulation_pump
2015-03-25T14:00:00Z,2015-03-25T15:00:00+0100,,,,,,,,,,,,,,,,,,,,,,,,,,,,,,,,,,,,,,,,,185.398,181.152,72.989,,,,37.917,145.836,,,,,,,,,,,,,,,,,,,,,DE_KN_residential3_washing_machine | DE_KN_residential3_dishwasher | DE_KN_residential3_refrigerator | DE_KN_residential3_freezer | DE_KN_residential3_circulation_pump
2015-03-25T15:00:00Z,2015-03-25T16:00:00+0100,,,,,,,,,,,,,,,,,,,,,,,,,,,,,,,,,,,,,,,,,185.473,181.155,73.002,,,,37.930,145.844,,,,,,,,,,,,,,,,,,,,,DE_KN_residential3_washing_machine | DE_KN_residential3_dishwasher | DE_KN_residential3_refrigerator | DE_KN_residential3_freezer | DE_KN_residential3_circulation_pump
2015-03-25T16:00:00Z,2015-03-25T17:00:00+0100,,,,,,,,,,,,,,,,,,,,,,,,,,,,,,,,,,,,,,,,,185.542,181.158,73.045,,,,37.953,145.844,,,,,,,,,,,,,,,,,,,,,DE_KN_residential3_washing_machine | DE_KN_residential3_dishwasher | DE_KN_residential3_refrigerator | DE_KN_residential3_freezer | DE_KN_residential3_circulation_pump
2015-03-25T17:00:00Z,2015-03-25T18:00:00+0100,,,,,,,,,,,,,,,,,,,,,,,,,,,,,,,,,,,,,,,,,185.611,181.161,73.090,,,,37.964,145.844,,,,,,,,,,,,,,,,,,,,,DE_KN_residential3_washing_machine | DE_KN_residential3_dishwasher | DE_KN_residential3_refrigerator | DE_KN_residential3_freezer | DE_KN_residential3_circulation_pump
2015-03-25T18:00:00Z,2015-03-25T19:00:00+0100,,,,,,,,,,,,,,,,,,,,,,,,,,,,,,,,,,,,,,,,,185.683,182.209,73.121,,,,37.976,145.844,,,,,,,,,,,,,,,,,,,,,DE_KN_residential3_washing_machine | DE_KN_residential3_dishwasher | DE_KN_residential3_refrigerator | DE_KN_residential3_freezer | DE_KN_residential3_circulation_pump
2015-03-25T19:00:00Z,2015-03-25T20:00:00+0100,,,,,,,,,,,,,,,,,,,,,,,,,,,,,,,,,,,,,,,,,185.753,182.281,73.136,,,,37.998,145.844,,,,,,,,,,,,,,,,,,,,,DE_KN_residential3_washing_machine | DE_KN_residential3_dishwasher | DE_KN_residential3_refrigerator | DE_KN_residential3_freezer | DE_KN_residential3_circulation_pump
2015-03-25T20:00:00Z,2015-03-25T21:00:00+0100,,,,,,,,,,,,,,,,,,,,,,,,,,,,,,,,,,,,,,,,,185.823,182.283,73.179,,,,38.012,145.916,,,,,,,,,,,,,,,,,,,,,DE_KN_residential3_washing_machine | DE_KN_residential3_dishwasher | DE_KN_residential3_refrigerator | DE_KN_residential3_freezer | DE_KN_residential3_circulation_pump
2015-03-25T21:00:00Z,2015-03-25T22:00:00+0100,,,,,,,,,,,,,,,,,,,,,,,,,,,,,,,,,,,,,,,,,185.893,182.286,73.220,,,,38.021,146.125,,,,,,,,,,,,,,,,,,,,,DE_KN_residential3_washing_machine | DE_KN_residential3_dishwasher | DE_KN_residential3_refrigerator | DE_KN_residential3_freezer | DE_KN_residential3_circulation_pump
2015-03-25T22:00:00Z,2015-03-25T23:00:00+0100,,,,,,,,,,,,,,,,,,,,,,,,,,,,,,,,,,,,,,,,,185.964,182.288,73.222,,,,38.044,146.299,,,,,,,,,,,,,,,,,,,,,DE_KN_residential3_washing_machine | DE_KN_residential3_dishwasher | DE_KN_residential3_refrigerator | DE_KN_residential3_freezer | DE_KN_residential3_circulation_pump
2015-03-25T23:00:00Z,2015-03-26T00:00:00+0100,,,,,,,,,,,,,,,,,,,,,,,,,,,,,,,,,,,,,,,,,186.031,182.291,73.263,,,,38.060,147.275,,,,,,,,,,,,,,,,,,,,,DE_KN_residential3_washing_machine | DE_KN_residential3_dishwasher | DE_KN_residential3_refrigerator | DE_KN_residential3_freezer | DE_KN_residential3_circulation_pump
2015-03-26T00:00:00Z,2015-03-26T01:00:00+0100,,,,,,,,,,,,,,,,,,,,,,,,,,,,,,,,,,,,,,,,,186.105,182.294,73.304,,,,38.066,147.345,,,,,,,,,,,,,,,,,,,,,DE_KN_residential3_washing_machine | DE_KN_residential3_dishwasher | DE_KN_residential3_refrigerator | DE_KN_residential3_freezer | DE_KN_residential3_circulation_pump
2015-03-26T01:00:00Z,2015-03-26T02:00:00+0100,,,,,,,,,,,,,,,,,,,,,,,,,,,,,,,,,,,,,,,,,186.173,182.296,73.315,,,,38.087,147.346,,,,,,,,,,,,,,,,,,,,,DE_KN_residential3_washing_machine | DE_KN_residential3_dishwasher | DE_KN_residential3_refrigerator | DE_KN_residential3_freezer | DE_KN_residential3_circulation_pump
2015-03-26T02:00:00Z,2015-03-26T03:00:00+0100,,,,,,,,,,,,,,,,,,,,,,,,,,,,,,,,,,,,,,,,,186.247,182.299,73.348,,,,38.104,147.346,,,,,,,,,,,,,,,,,,,,,DE_KN_residential3_washing_machine | DE_KN_residential3_dishwasher | DE_KN_residential3_refrigerator | DE_KN_residential3_freezer | DE_KN_residential3_circulation_pump
2015-03-26T03:00:00Z,2015-03-26T04:00:00+0100,,,,,,,,,,,,,,,,,,,,,,,,,,,,,,,,,,,,,,,,,186.315,182.301,73.389,,,,38.109,147.347,,,,,,,,,,,,,,,,,,,,,DE_KN_residential3_washing_machine | DE_KN_residential3_dishwasher | DE_KN_residential3_refrigerator | DE_KN_residential3_freezer | DE_KN_residential3_circulation_pump
2015-03-26T04:00:00Z,2015-03-26T05:00:00+0100,,,,,,,,,,,,,,,,,,,,,,,,,,,,,,,,,,,,,,,,,186.387,182.304,73.403,,,,38.132,147.347,,,,,,,,,,,,,,,,,,,,,DE_KN_residential3_washing_machine | DE_KN_residential3_dishwasher | DE_KN_residential3_refrigerator | DE_KN_residential3_freezer | DE_KN_residential3_circulation_pump
2015-03-26T05:00:00Z,2015-03-26T06:00:00+0100,,,,,,,,,,,,,,,,,,,,,,,,,,,,,,,,,,,,,,,,,186.458,182.307,73.432,,,,38.143,148.504,,,,,,,,,,,,,,,,,,,,,DE_KN_residential3_washing_machine | DE_KN_residential3_dishwasher | DE_KN_residential3_refrigerator | DE_KN_residential3_freezer | DE_KN_residential3_circulation_pump
2015-03-26T06:00:00Z,2015-03-26T07:00:00+0100,,,,,,,,,,,,,,,,,,,,,,,,,,,,,,,,,,,,,,,,,186.527,182.309,73.473,,,,38.154,148.734,,,,,,,,,,,,,,,,,,,,,DE_KN_residential3_washing_machine | DE_KN_residential3_dishwasher | DE_KN_residential3_refrigerator | DE_KN_residential3_freezer | DE_KN_residential3_circulation_pump
2015-03-26T07:00:00Z,2015-03-26T08:00:00+0100,,,,,,,,,,,,,,,,,,,,,,,,,,,,,,,,,,,,,,,,,186.600,182.917,73.488,,,,38.175,148.775,,,,,,,,,,,,,,,,,,,,,DE_KN_residential3_washing_machine | DE_KN_residential3_dishwasher | DE_KN_residential3_refrigerator | DE_KN_residential3_freezer | DE_KN_residential3_circulation_pump
2015-03-26T08:00:00Z,2015-03-26T09:00:00+0100,,,,,,,,,,,,,,,,,,,,,,,,,,,,,,,,,,,,,,,,,186.671,183.437,73.516,,,,38.191,149.826,,,,,,,,,,,,,,,,,,,,,DE_KN_residential3_washing_machine | DE_KN_residential3_dishwasher | DE_KN_residential3_refrigerator | DE_KN_residential3_freezer | DE_KN_residential3_circulation_pump
2015-03-26T09:00:00Z,2015-03-26T10:00:00+0100,,,,,,,,,,,,,,,,,,,,,,,,,,,,,,,,,,,,,,,,,186.743,183.439,73.556,,,,38.198,150.247,,,,,,,,,,,,,,,,,,,,,DE_KN_residential3_washing_machine | DE_KN_residential3_dishwasher | DE_KN_residential3_refrigerator | DE_KN_residential3_freezer | DE_KN_residential3_circulation_pump
2015-03-26T10:00:00Z,2015-03-26T11:00:00+0100,,,,,,,,,,,,,,,,,,,,,,,,,,,,,,,,,,,,,,,,,186.814,183.441,73.574,,,,38.219,150.248,,,,,,,,,,,,,,,,,,,,,DE_KN_residential3_washing_machine | DE_KN_residential3_dishwasher | DE_KN_residential3_refrigerator | DE_KN_residential3_freezer | DE_KN_residential3_circulation_pump
2015-03-26T11:00:00Z,2015-03-26T12:00:00+0100,,,,,,,,,,,,,,,,,,,,,,,,,,,,,,,,,,,,,,,,,186.885,183.444,73.599,,,,38.232,150.248,,,,,,,,,,,,,,,,,,,,,DE_KN_residential3_washing_machine | DE_KN_residential3_dishwasher | DE_KN_residential3_refrigerator | DE_KN_residential3_freezer | DE_KN_residential3_circulation_pump
2015-03-26T12:00:00Z,2015-03-26T13:00:00+0100,,,,,,,,,,,,,,,,,,,,,,,,,,,,,,,,,,,,,,,,,186.956,183.446,73.640,,,,38.244,150.248,,,,,,,,,,,,,,,,,,,,,DE_KN_residential3_washing_machine | DE_KN_residential3_dishwasher | DE_KN_residential3_refrigerator | DE_KN_residential3_freezer | DE_KN_residential3_circulation_pump
2015-03-26T13:00:00Z,2015-03-26T14:00:00+0100,,,,,,,,,,,,,,,,,,,,,,,,,,,,,,,,,,,,,,,,,187.034,183.449,73.660,,,,38.270,150.248,,,,,,,,,,,,,,,,,,,,,DE_KN_residential3_washing_machine | DE_KN_residential3_dishwasher | DE_KN_residential3_refrigerator | DE_KN_residential3_freezer | DE_KN_residential3_circulation_pump
2015-03-26T14:00:00Z,2015-03-26T15:00:00+0100,,,,,,,,,,,,,,,,,,,,,,,,,,,,,,,,,,,,,,,,,187.112,183.451,73.683,,,,38.291,150.248,,,,,,,,,,,,,,,,,,,,,DE_KN_residential3_washing_machine | DE_KN_residential3_dishwasher | DE_KN_residential3_refrigerator | DE_KN_residential3_freezer | DE_KN_residential3_circulation_pump
2015-03-26T15:00:00Z,2015-03-26T16:00:00+0100,,,,,,,,,,,,,,,,,,,,,,,,,,,,,,,,,,,,,,,,,187.189,183.454,73.724,,,,38.293,150.248,,,,,,,,,,,,,,,,,,,,,DE_KN_residential3_washing_machine | DE_KN_residential3_dishwasher | DE_KN_residential3_refrigerator | DE_KN_residential3_freezer | DE_KN_residential3_circulation_pump
2015-03-26T16:00:00Z,2015-03-26T17:00:00+0100,,,,,,,,,,,,,,,,,,,,,,,,,,,,,,,,,,,,,,,,,187.259,183.456,73.747,,,,38.315,150.248,,,,,,,,,,,,,,,,,,,,,DE_KN_residential3_washing_machine | DE_KN_residential3_dishwasher | DE_KN_residential3_refrigerator | DE_KN_residential3_freezer | DE_KN_residential3_circulation_pump
2015-03-26T17:00:00Z,2015-03-26T18:00:00+0100,,,,,,,,,,,,,,,,,,,,,,,,,,,,,,,,,,,,,,,,,187.329,183.459,73.767,,,,38.338,150.248,,,,,,,,,,,,,,,,,,,,,DE_KN_residential3_washing_machine | DE_KN_residential3_dishwasher | DE_KN_residential3_refrigerator | DE_KN_residential3_freezer | DE_KN_residential3_circulation_pump
2015-03-26T18:00:00Z,2015-03-26T19:00:00+0100,,,,,,,,,,,,,,,,,,,,,,,,,,,,,,,,,,,,,,,,,187.400,183.462,73.808,,,,38.361,150.249,,,,,,,,,,,,,,,,,,,,,DE_KN_residential3_washing_machine | DE_KN_residential3_dishwasher | DE_KN_residential3_refrigerator | DE_KN_residential3_freezer | DE_KN_residential3_circulation_pump
2015-03-26T19:00:00Z,2015-03-26T20:00:00+0100,,,,,,,,,,,,,,,,,,,,,,,,,,,,,,,,,,,,,,,,,187.472,183.464,73.833,,,,38.369,150.249,,,,,,,,,,,,,,,,,,,,,DE_KN_residential3_washing_machine | DE_KN_residential3_dishwasher | DE_KN_residential3_refrigerator | DE_KN_residential3_freezer | DE_KN_residential3_circulation_pump
2015-03-26T20:00:00Z,2015-03-26T21:00:00+0100,,,,,,,,,,,,,,,,,,,,,,,,,,,,,,,,,,,,,,,,,187.543,183.467,73.851,,,,38.383,150.249,,,,,,,,,,,,,,,,,,,,,DE_KN_residential3_washing_machine | DE_KN_residential3_dishwasher | DE_KN_residential3_refrigerator | DE_KN_residential3_freezer | DE_KN_residential3_circulation_pump
2015-03-26T21:00:00Z,2015-03-26T22:00:00+0100,,,,,,,,,,,,,,,,,,,,,,,,,,,,,,,,,,,,,,,,,187.615,183.469,73.892,,,,38.412,150.249,,,,,,,,,,,,,,,,,,,,,DE_KN_residential3_washing_machine | DE_KN_residential3_dishwasher | DE_KN_residential3_refrigerator | DE_KN_residential3_freezer | DE_KN_residential3_circulation_pump
2015-03-26T22:00:00Z,2015-03-26T23:00:00+0100,,,,,,,,,,,,,,,,,,,,,,,,,,,,,,,,,,,,,,,,,187.687,184.272,73.920,,,,38.421,150.249,,,,,,,,,,,,,,,,,,,,,DE_KN_residential3_washing_machine | DE_KN_residential3_dishwasher | DE_KN_residential3_refrigerator | DE_KN_residential3_freezer | DE_KN_residential3_circulation_pump
2015-03-26T23:00:00Z,2015-03-27T00:00:00+0100,,,,,,,,,,,,,,,,,,,,,,,,,,,,,,,,,,,,,,,,,187.757,184.880,73.936,,,,38.435,150.249,,,,,,,,,,,,,,,,,,,,,DE_KN_residential3_washing_machine | DE_KN_residential3_dishwasher | DE_KN_residential3_refrigerator | DE_KN_residential3_freezer | DE_KN_residential3_circulation_pump
2015-03-27T00:00:00Z,2015-03-27T01:00:00+0100,,,,,,,,,,,,,,,,,,,,,,,,,,,,,,,,,,,,,,,,,187.832,184.885,73.977,,,,38.457,150.249,,,,,,,,,,,,,,,,,,,,,DE_KN_residential3_washing_machine | DE_KN_residential3_dishwasher | DE_KN_residential3_refrigerator | DE_KN_residential3_freezer | DE_KN_residential3_circulation_pump
2015-03-27T01:00:00Z,2015-03-27T02:00:00+0100,,,,,,,,,,,,,,,,,,,,,,,,,,,,,,,,,,,,,,,,,187.901,184.888,74.006,,,,38.466,150.249,,,,,,,,,,,,,,,,,,,,,DE_KN_residential3_washing_machine | DE_KN_residential3_dishwasher | DE_KN_residential3_refrigerator | DE_KN_residential3_freezer | DE_KN_residential3_circulation_pump
2015-03-27T02:00:00Z,2015-03-27T03:00:00+0100,,,,,,,,,,,,,,,,,,,,,,,,,,,,,,,,,,,,,,,,,187.977,184.891,74.020,,,,38.479,150.249,,,,,,,,,,,,,,,,,,,,,DE_KN_residential3_washing_machine | DE_KN_residential3_dishwasher | DE_KN_residential3_refrigerator | DE_KN_residential3_freezer | DE_KN_residential3_circulation_pump
2015-03-27T03:00:00Z,2015-03-27T04:00:00+0100,,,,,,,,,,,,,,,,,,,,,,,,,,,,,,,,,,,,,,,,,188.046,184.894,74.061,,,,38.501,150.249,,,,,,,,,,,,,,,,,,,,,DE_KN_residential3_washing_machine | DE_KN_residential3_dishwasher | DE_KN_residential3_refrigerator | DE_KN_residential3_freezer | DE_KN_residential3_circulation_pump
2015-03-27T04:00:00Z,2015-03-27T05:00:00+0100,,,,,,,,,,,,,,,,,,,,,,,,,,,,,,,,,,,,,,,,,188.119,184.896,74.093,,,,38.507,150.249,,,,,,,,,,,,,,,,,,,,,DE_KN_residential3_washing_machine | DE_KN_residential3_dishwasher | DE_KN_residential3_refrigerator | DE_KN_residential3_freezer | DE_KN_residential3_circulation_pump
2015-03-27T05:00:00Z,2015-03-27T06:00:00+0100,,,,,,,,,,,,,,,,,,,,,,,,,,,,,,,,,,,,,,,,,188.190,184.899,74.104,,,,38.523,150.249,,,,,,,,,,,,,,,,,,,,,DE_KN_residential3_washing_machine | DE_KN_residential3_dishwasher | DE_KN_residential3_refrigerator | DE_KN_residential3_freezer | DE_KN_residential3_circulation_pump
2015-03-27T06:00:00Z,2015-03-27T07:00:00+0100,,,,,,,,,,,,,,,,,,,,,,,,,,,,,,,,,,,,,,,,,188.263,184.901,74.145,,,,38.548,150.249,,,,,,,,,,,,,,,,,,,,,DE_KN_residential3_washing_machine | DE_KN_residential3_dishwasher | DE_KN_residential3_refrigerator | DE_KN_residential3_freezer | DE_KN_residential3_circulation_pump
2015-03-27T07:00:00Z,2015-03-27T08:00:00+0100,,,,,,,,,,,,,,,,,,,,,,,,,,,,,,,,,,,,,,,,,188.333,184.904,74.179,,,,38.553,150.249,,,,,,,,,,,,,,,,,,,,,DE_KN_residential3_washing_machine | DE_KN_residential3_dishwasher | DE_KN_residential3_refrigerator | DE_KN_residential3_freezer | DE_KN_residential3_circulation_pump
2015-03-27T08:00:00Z,2015-03-27T09:00:00+0100,,,,,,,,,,,,,,,,,,,,,,,,,,,,,,,,,,,,,,,,,188.403,184.906,74.188,,,,38.572,150.249,,,,,,,,,,,,,,,,,,,,,DE_KN_residential3_washing_machine | DE_KN_residential3_dishwasher | DE_KN_residential3_refrigerator | DE_KN_residential3_freezer | DE_KN_residential3_circulation_pump
2015-03-27T09:00:00Z,2015-03-27T10:00:00+0100,,,,,,,,,,,,,,,,,,,,,,,,,,,,,,,,,,,,,,,,,188.475,184.909,74.229,,,,38.593,150.249,,,,,,,,,,,,,,,,,,,,,DE_KN_residential3_washing_machine | DE_KN_residential3_dishwasher | DE_KN_residential3_refrigerator | DE_KN_residential3_freezer | DE_KN_residential3_circulation_pump
2015-03-27T10:00:00Z,2015-03-27T11:00:00+0100,,,,,,,,,,,,,,,,,,,,,,,,,,,,,,,,,,,,,,,,,188.546,184.911,74.264,,,,38.599,150.249,,,,,,,,,,,,,,,,,,,,,DE_KN_residential3_washing_machine | DE_KN_residential3_dishwasher | DE_KN_residential3_refrigerator | DE_KN_residential3_freezer | DE_KN_residential3_circulation_pump
2015-03-27T11:00:00Z,2015-03-27T12:00:00+0100,,,,,,,,,,,,,,,,,,,,,,,,,,,,,,,,,,,,,,,,,188.632,184.914,74.272,,,,38.615,150.249,,,,,,,,,,,,,,,,,,,,,DE_KN_residential3_washing_machine | DE_KN_residential3_dishwasher | DE_KN_residential3_refrigerator | DE_KN_residential3_freezer | DE_KN_residential3_circulation_pump
2015-03-27T12:00:00Z,2015-03-27T13:00:00+0100,,,,,,,,,,,,,,,,,,,,,,,,,,,,,,,,,,,,,,,,,188.745,184.917,74.313,,,,38.636,150.249,,,,,,,,,,,,,,,,,,,,,DE_KN_residential3_washing_machine | DE_KN_residential3_dishwasher | DE_KN_residential3_refrigerator | DE_KN_residential3_freezer | DE_KN_residential3_circulation_pump
2015-03-27T13:00:00Z,2015-03-27T14:00:00+0100,,,,,,,,,,,,,,,,,,,,,,,,,,,,,,,,,,,,,,,,,188.867,185.186,74.350,,,,38.650,150.249,,,,,,,,,,,,,,,,,,,,,DE_KN_residential3_washing_machine | DE_KN_residential3_dishwasher | DE_KN_residential3_refrigerator | DE_KN_residential3_freezer | DE_KN_residential3_circulation_pump
2015-03-27T14:00:00Z,2015-03-27T15:00:00+0100,,,,,,,,,,,,,,,,,,,,,,,,,,,,,,,,,,,,,,,,,189.001,186.040,74.356,,,,38.659,150.249,,,,,,,,,,,,,,,,,,,,,DE_KN_residential3_washing_machine | DE_KN_residential3_dishwasher | DE_KN_residential3_refrigerator | DE_KN_residential3_freezer | DE_KN_residential3_circulation_pump
2015-03-27T15:00:00Z,2015-03-27T16:00:00+0100,,,,,,,,,,,,,,,,,,,,,,,,,,,,,,,,,,,,,,,,,189.110,186.405,74.397,,,,38.681,150.249,,,,,,,,,,,,,,,,,,,,,DE_KN_residential3_washing_machine | DE_KN_residential3_dishwasher | DE_KN_residential3_refrigerator | DE_KN_residential3_freezer | DE_KN_residential3_circulation_pump
2015-03-27T16:00:00Z,2015-03-27T17:00:00+0100,,,,,,,,,,,,,,,,,,,,,,,,,,,,,,,,,,,,,,,,,189.181,186.407,74.435,,,,38.689,150.249,,,,,,,,,,,,,,,,,,,,,DE_KN_residential3_washing_machine | DE_KN_residential3_dishwasher | DE_KN_residential3_refrigerator | DE_KN_residential3_freezer | DE_KN_residential3_circulation_pump
2015-03-27T17:00:00Z,2015-03-27T18:00:00+0100,,,,,,,,,,,,,,,,,,,,,,,,,,,,,,,,,,,,,,,,,189.252,186.410,74.440,,,,38.704,150.249,,,,,,,,,,,,,,,,,,,,,DE_KN_residential3_washing_machine | DE_KN_residential3_dishwasher | DE_KN_residential3_refrigerator | DE_KN_residential3_freezer | DE_KN_residential3_circulation_pump
2015-03-27T18:00:00Z,2015-03-27T19:00:00+0100,,,,,,,,,,,,,,,,,,,,,,,,,,,,,,,,,,,,,,,,,189.324,186.413,74.481,,,,38.725,150.250,,,,,,,,,,,,,,,,,,,,,DE_KN_residential3_washing_machine | DE_KN_residential3_dishwasher | DE_KN_residential3_refrigerator | DE_KN_residential3_freezer | DE_KN_residential3_circulation_pump
2015-03-27T19:00:00Z,2015-03-27T20:00:00+0100,,,,,,,,,,,,,,,,,,,,,,,,,,,,,,,,,,,,,,,,,189.396,186.415,74.522,,,,38.752,150.250,,,,,,,,,,,,,,,,,,,,,DE_KN_residential3_washing_machine | DE_KN_residential3_dishwasher | DE_KN_residential3_refrigerator | DE_KN_residential3_freezer | DE_KN_residential3_circulation_pump
2015-03-27T20:00:00Z,2015-03-27T21:00:00+0100,,,,,,,,,,,,,,,,,,,,,,,,,,,,,,,,,,,,,,,,,189.466,186.417,74.524,,,,38.778,150.250,,,,,,,,,,,,,,,,,,,,,DE_KN_residential3_washing_machine | DE_KN_residential3_dishwasher | DE_KN_residential3_refrigerator | DE_KN_residential3_freezer | DE_KN_residential3_circulation_pump
2015-03-27T21:00:00Z,2015-03-27T22:00:00+0100,,,,,,,,,,,,,,,,,,,,,,,,,,,,,,,,,,,,,,,,,189.538,186.420,74.565,,,,38.805,150.250,,,,,,,,,,,,,,,,,,,,,DE_KN_residential3_washing_machine | DE_KN_residential3_dishwasher | DE_KN_residential3_refrigerator | DE_KN_residential3_freezer | DE_KN_residential3_circulation_pump
2015-03-27T22:00:00Z,2015-03-27T23:00:00+0100,,,,,,,,,,,,,,,,,,,,,,,,,,,,,,,,,,,,,,,,,189.609,186.422,74.607,,,,38.810,150.250,,,,,,,,,,,,,,,,,,,,,DE_KN_residential3_washing_machine | DE_KN_residential3_dishwasher | DE_KN_residential3_refrigerator | DE_KN_residential3_freezer | DE_KN_residential3_circulation_pump
2015-03-27T23:00:00Z,2015-03-28T00:00:00+0100,,,,,,,,,,,,,,,,,,,,,,,,,,,,,,,,,,,,,,,,,189.677,186.425,74.609,,,,38.826,150.250,,,,,,,,,,,,,,,,,,,,,DE_KN_residential3_washing_machine | DE_KN_residential3_dishwasher | DE_KN_residential3_refrigerator | DE_KN_residential3_freezer | DE_KN_residential3_circulation_pump
2015-03-28T00:00:00Z,2015-03-28T01:00:00+0100,,,,,,,,,,,,,,,,,,,,,,,,,,,,,,,,,,,,,,,,,189.752,186.428,74.650,,,,38.848,150.250,,,,,,,,,,,,,,,,,,,,,DE_KN_residential3_washing_machine | DE_KN_residential3_dishwasher | DE_KN_residential3_refrigerator | DE_KN_residential3_freezer | DE_KN_residential3_circulation_pump
2015-03-28T01:00:00Z,2015-03-28T02:00:00+0100,,,,,,,,,,,,,,,,,,,,,,,,,,,,,,,,,,,,,,,,,189.821,186.430,74.692,,,,38.859,150.250,,,,,,,,,,,,,,,,,,,,,DE_KN_residential3_washing_machine | DE_KN_residential3_dishwasher | DE_KN_residential3_refrigerator | DE_KN_residential3_freezer | DE_KN_residential3_circulation_pump
2015-03-28T02:00:00Z,2015-03-28T03:00:00+0100,,,,,,,,,,,,,,,,,,,,,,,,,,,,,,,,,,,,,,,,,189.896,186.433,74.694,,,,38.869,150.250,,,,,,,,,,,,,,,,,,,,,DE_KN_residential3_washing_machine | DE_KN_residential3_dishwasher | DE_KN_residential3_refrigerator | DE_KN_residential3_freezer | DE_KN_residential3_circulation_pump
2015-03-28T03:00:00Z,2015-03-28T04:00:00+0100,,,,,,,,,,,,,,,,,,,,,,,,,,,,,,,,,,,,,,,,,189.966,186.436,74.735,,,,38.890,150.250,,,,,,,,,,,,,,,,,,,,,DE_KN_residential3_washing_machine | DE_KN_residential3_dishwasher | DE_KN_residential3_refrigerator | DE_KN_residential3_freezer | DE_KN_residential3_circulation_pump
2015-03-28T04:00:00Z,2015-03-28T05:00:00+0100,,,,,,,,,,,,,,,,,,,,,,,,,,,,,,,,,,,,,,,,,190.039,186.438,74.777,,,,38.896,150.250,,,,,,,,,,,,,,,,,,,,,DE_KN_residential3_washing_machine | DE_KN_residential3_dishwasher | DE_KN_residential3_refrigerator | DE_KN_residential3_freezer | DE_KN_residential3_circulation_pump
2015-03-28T05:00:00Z,2015-03-28T06:00:00+0100,,,,,,,,,,,,,,,,,,,,,,,,,,,,,,,,,,,,,,,,,190.111,186.441,74.779,,,,38.912,150.265,,,,,,,,,,,,,,,,,,,,,DE_KN_residential3_washing_machine | DE_KN_residential3_dishwasher | DE_KN_residential3_refrigerator | DE_KN_residential3_freezer | DE_KN_residential3_circulation_pump
2015-03-28T06:00:00Z,2015-03-28T07:00:00+0100,,,,,,,,,,,,,,,,,,,,,,,,,,,,,,,,,,,,,,,,,190.184,186.443,74.820,,,,38.934,150.266,,,,,,,,,,,,,,,,,,,,,DE_KN_residential3_washing_machine | DE_KN_residential3_dishwasher | DE_KN_residential3_refrigerator | DE_KN_residential3_freezer | DE_KN_residential3_circulation_pump
2015-03-28T07:00:00Z,2015-03-28T08:00:00+0100,,,,,,,,,,,,,,,,,,,,,,,,,,,,,,,,,,,,,,,,,190.255,186.446,74.860,,,,38.943,150.266,,,,,,,,,,,,,,,,,,,,,DE_KN_residential3_washing_machine | DE_KN_residential3_dishwasher | DE_KN_residential3_refrigerator | DE_KN_residential3_freezer | DE_KN_residential3_circulation_pump
2015-03-28T08:00:00Z,2015-03-28T09:00:00+0100,,,,,,,,,,,,,,,,,,,,,,,,,,,,,,,,,,,,,,,,,190.327,186.448,74.883,,,,38.956,150.266,,,,,,,,,,,,,,,,,,,,,DE_KN_residential3_washing_machine | DE_KN_residential3_dishwasher | DE_KN_residential3_refrigerator | DE_KN_residential3_freezer | DE_KN_residential3_circulation_pump
2015-03-28T09:00:00Z,2015-03-28T10:00:00+0100,,,,,,,,,,,,,,,,,,,,,,,,,,,,,,,,,,,,,,,,,190.398,186.451,74.902,,,,38.977,150.266,,,,,,,,,,,,,,,,,,,,,DE_KN_residential3_washing_machine | DE_KN_residential3_dishwasher | DE_KN_residential3_refrigerator | DE_KN_residential3_freezer | DE_KN_residential3_circulation_pump
2015-03-28T10:00:00Z,2015-03-28T11:00:00+0100,,,,,,,,,,,,,,,,,,,,,,,,,,,,,,,,,,,,,,,,,190.475,186.453,74.942,,,,38.978,150.266,,,,,,,,,,,,,,,,,,,,,DE_KN_residential3_washing_machine | DE_KN_residential3_dishwasher | DE_KN_residential3_refrigerator | DE_KN_residential3_freezer | DE_KN_residential3_circulation_pump
2015-03-28T11:00:00Z,2015-03-28T12:00:00+0100,,,,,,,,,,,,,,,,,,,,,,,,,,,,,,,,,,,,,,,,,190.600,186.456,74.973,,,,39.000,150.266,,,,,,,,,,,,,,,,,,,,,DE_KN_residential3_washing_machine | DE_KN_residential3_dishwasher | DE_KN_residential3_refrigerator | DE_KN_residential3_freezer | DE_KN_residential3_circulation_pump
2015-03-28T12:00:00Z,2015-03-28T13:00:00+0100,,,,,,,,,,,,,,,,,,,,,,,,,,,,,,,,,,,,,,,,,190.720,186.459,74.984,,,,39.027,150.266,,,,,,,,,,,,,,,,,,,,,DE_KN_residential3_washing_machine | DE_KN_residential3_dishwasher | DE_KN_residential3_refrigerator | DE_KN_residential3_freezer | DE_KN_residential3_circulation_pump
2015-03-28T13:00:00Z,2015-03-28T14:00:00+0100,,,,,,,,,,,,,,,,,,,,,,,,,,,,,,,,,,,,,,,,,190.843,187.356,75.024,,,,39.044,150.266,,,,,,,,,,,,,,,,,,,,,DE_KN_residential3_washing_machine | DE_KN_residential3_dishwasher | DE_KN_residential3_refrigerator | DE_KN_residential3_freezer | DE_KN_residential3_circulation_pump
2015-03-28T14:00:00Z,2015-03-28T15:00:00+0100,,,,,,,,,,,,,,,,,,,,,,,,,,,,,,,,,,,,,,,,,190.958,187.973,75.063,,,,39.050,150.266,,,,,,,,,,,,,,,,,,,,,DE_KN_residential3_washing_machine | DE_KN_residential3_dishwasher | DE_KN_residential3_refrigerator | DE_KN_residential3_freezer | DE_KN_residential3_circulation_pump
2015-03-28T15:00:00Z,2015-03-28T16:00:00+0100,,,,,,,,,,,,,,,,,,,,,,,,,,,,,,,,,,,,,,,,,191.065,187.976,75.066,,,,39.073,150.266,,,,,,,,,,,,,,,,,,,,,DE_KN_residential3_washing_machine | DE_KN_residential3_dishwasher | DE_KN_residential3_refrigerator | DE_KN_residential3_freezer | DE_KN_residential3_circulation_pump
2015-03-28T16:00:00Z,2015-03-28T17:00:00+0100,,,,,,,,,,,,,,,,,,,,,,,,,,,,,,,,,,,,,,,,,191.150,187.979,75.106,,,,39.094,150.266,,,,,,,,,,,,,,,,,,,,,DE_KN_residential3_washing_machine | DE_KN_residential3_dishwasher | DE_KN_residential3_refrigerator | DE_KN_residential3_freezer | DE_KN_residential3_circulation_pump
2015-03-28T17:00:00Z,2015-03-28T18:00:00+0100,,,,,,,,,,,,,,,,,,,,,,,,,,,,,,,,,,,,,,,,,191.218,187.981,75.145,,,,39.106,150.266,,,,,,,,,,,,,,,,,,,,,DE_KN_residential3_washing_machine | DE_KN_residential3_dishwasher | DE_KN_residential3_refrigerator | DE_KN_residential3_freezer | DE_KN_residential3_circulation_pump
2015-03-28T18:00:00Z,2015-03-28T19:00:00+0100,,,,,,,,,,,,,,,,,,,,,,,,,,,,,,,,,,,,,,,,,191.288,187.984,75.149,,,,39.129,150.267,,,,,,,,,,,,,,,,,,,,,DE_KN_residential3_washing_machine | DE_KN_residential3_dishwasher | DE_KN_residential3_refrigerator | DE_KN_residential3_freezer | DE_KN_residential3_circulation_pump
2015-03-28T19:00:00Z,2015-03-28T20:00:00+0100,,,,,,,,,,,,,,,,,,,,,,,,,,,,,,,,,,,,,,,,,191.359,187.986,75.187,,,,39.154,150.267,,,,,,,,,,,,,,,,,,,,,DE_KN_residential3_washing_machine | DE_KN_residential3_dishwasher | DE_KN_residential3_refrigerator | DE_KN_residential3_freezer | DE_KN_residential3_circulation_pump
2015-03-28T20:00:00Z,2015-03-28T21:00:00+0100,,,,,,,,,,,,,,,,,,,,,,,,,,,,,,,,,,,,,,,,,191.431,187.988,75.227,,,,39.169,150.267,,,,,,,,,,,,,,,,,,,,,DE_KN_residential3_washing_machine | DE_KN_residential3_dishwasher | DE_KN_residential3_refrigerator | DE_KN_residential3_freezer | DE_KN_residential3_circulation_pump
2015-03-28T21:00:00Z,2015-03-28T22:00:00+0100,,,,,,,,,,,,,,,,,,,,,,,,,,,,,,,,,,,,,,,,,191.503,187.991,75.241,,,,39.178,150.267,,,,,,,,,,,,,,,,,,,,,DE_KN_residential3_washing_machine | DE_KN_residential3_dishwasher | DE_KN_residential3_refrigerator | DE_KN_residential3_freezer | DE_KN_residential3_circulation_pump
2015-03-28T22:00:00Z,2015-03-28T23:00:00+0100,,,,,,,,,,,,,,,,,,,,,,,,,,,,,,,,,,,,,,,,,191.574,187.994,75.270,,,,39.201,150.267,,,,,,,,,,,,,,,,,,,,,DE_KN_residential3_washing_machine | DE_KN_residential3_dishwasher | DE_KN_residential3_refrigerator | DE_KN_residential3_freezer | DE_KN_residential3_circulation_pump
2015-03-28T23:00:00Z,2015-03-29T00:00:00+0100,,,,,,,,,,,,,,,,,,,,,,,,,,,,,,,,,,,,,,,,,191.642,187.996,75.310,,,,39.222,150.267,,,,,,,,,,,,,,,,,,,,,DE_KN_residential3_washing_machine | DE_KN_residential3_dishwasher | DE_KN_residential3_refrigerator | DE_KN_residential3_freezer | DE_KN_residential3_circulation_pump
2015-03-29T00:00:00Z,2015-03-29T01:00:00+0100,,,,,,,,,,,,,,,,,,,,,,,,,,,,,,,,,,,,,,,,,191.716,187.999,75.332,,,,39.223,150.267,,,,,,,,,,,,,,,,,,,,,DE_KN_residential3_washing_machine | DE_KN_residential3_dishwasher | DE_KN_residential3_refrigerator | DE_KN_residential3_freezer | DE_KN_residential3_circulation_pump
2015-03-29T01:00:00Z,2015-03-29T03:00:00+0200,,,,,,,,,,,,,,,,,,,,,,,,,,,,,,,,,,,,,,,,,191.786,188.001,75.352,,,,39.245,150.267,,,,,,,,,,,,,,,,,,,,,DE_KN_residential3_washing_machine | DE_KN_residential3_dishwasher | DE_KN_residential3_refrigerator | DE_KN_residential3_freezer | DE_KN_residential3_circulation_pump
2015-03-29T02:00:00Z,2015-03-29T04:00:00+0200,,,,,,,,,,,,,,,,,,,,,,,,,,,,,,,,,,,,,,,,,191.861,188.004,75.392,,,,39.265,150.267,,,,,,,,,,,,,,,,,,,,,DE_KN_residential3_washing_machine | DE_KN_residential3_dishwasher | DE_KN_residential3_refrigerator | DE_KN_residential3_freezer | DE_KN_residential3_circulation_pump
2015-03-29T03:00:00Z,2015-03-29T05:00:00+0200,,,,,,,,,,,,,,,,,,,,,,,,,,,,,,,,,,,,,,,,,191.931,188.007,75.423,,,,39.267,150.267,,,,,,,,,,,,,,,,,,,,,DE_KN_residential3_washing_machine | DE_KN_residential3_dishwasher | DE_KN_residential3_refrigerator | DE_KN_residential3_freezer | DE_KN_residential3_circulation_pump
2015-03-29T04:00:00Z,2015-03-29T06:00:00+0200,,,,,,,,,,,,,,,,,,,,,,,,,,,,,,,,,,,,,,,,,192.005,188.009,75.435,,,,39.289,150.267,,,,,,,,,,,,,,,,,,,,,DE_KN_residential3_washing_machine | DE_KN_residential3_dishwasher | DE_KN_residential3_refrigerator | DE_KN_residential3_freezer | DE_KN_residential3_circulation_pump
2015-03-29T05:00:00Z,2015-03-29T07:00:00+0200,,,,,,,,,,,,,,,,,,,,,,,,,,,,,,,,,,,,,,,,,192.078,188.012,75.475,,,,39.304,150.267,,,,,,,,,,,,,,,,,,,,,DE_KN_residential3_washing_machine | DE_KN_residential3_dishwasher | DE_KN_residential3_refrigerator | DE_KN_residential3_freezer | DE_KN_residential3_circulation_pump
2015-03-29T06:00:00Z,2015-03-29T08:00:00+0200,,,,,,,,,,,,,,,,,,,,,,,,,,,,,,,,,,,,,,,,,192.151,188.014,75.515,,,,39.310,150.267,,,,,,,,,,,,,,,,,,,,,DE_KN_residential3_washing_machine | DE_KN_residential3_dishwasher | DE_KN_residential3_refrigerator | DE_KN_residential3_freezer | DE_KN_residential3_circulation_pump
2015-03-29T07:00:00Z,2015-03-29T09:00:00+0200,,,,,,,,,,,,,,,,,,,,,,,,,,,,,,,,,,,,,,,,,192.224,188.017,75.517,,,,39.332,150.267,,,,,,,,,,,,,,,,,,,,,DE_KN_residential3_washing_machine | DE_KN_residential3_dishwasher | DE_KN_residential3_refrigerator | DE_KN_residential3_freezer | DE_KN_residential3_circulation_pump
2015-03-29T08:00:00Z,2015-03-29T10:00:00+0200,,,,,,,,,,,,,,,,,,,,,,,,,,,,,,,,,,,,,,,,,192.295,188.019,75.557,,,,39.351,150.267,,,,,,,,,,,,,,,,,,,,,DE_KN_residential3_washing_machine | DE_KN_residential3_dishwasher | DE_KN_residential3_refrigerator | DE_KN_residential3_freezer | DE_KN_residential3_circulation_pump
2015-03-29T09:00:00Z,2015-03-29T11:00:00+0200,,,,,,,,,,,,,,,,,,,,,,,,,,,,,,,,,,,,,,,,,192.368,188.022,75.597,,,,39.356,150.267,,,,,,,,,,,,,,,,,,,,,DE_KN_residential3_washing_machine | DE_KN_residential3_dishwasher | DE_KN_residential3_refrigerator | DE_KN_residential3_freezer | DE_KN_residential3_circulation_pump
2015-03-29T10:00:00Z,2015-03-29T12:00:00+0200,,,,,,,,,,,,,,,,,,,,,,,,,,,,,,,,,,,,,,,,,192.441,188.025,75.602,,,,39.378,150.267,,,,,,,,,,,,,,,,,,,,,DE_KN_residential3_washing_machine | DE_KN_residential3_dishwasher | DE_KN_residential3_refrigerator | DE_KN_residential3_freezer | DE_KN_residential3_circulation_pump
2015-03-29T11:00:00Z,2015-03-29T13:00:00+0200,,,,,,,,,,,,,,,,,,,,,,,,,,,,,,,,,,,,,,,,,192.512,188.027,75.639,,,,39.399,150.267,,,,,,,,,,,,,,,,,,,,,DE_KN_residential3_washing_machine | DE_KN_residential3_dishwasher | DE_KN_residential3_refrigerator | DE_KN_residential3_freezer | DE_KN_residential3_circulation_pump
2015-03-29T12:00:00Z,2015-03-29T14:00:00+0200,,,,,,,,,,,,,,,,,,,,,,,,,,,,,,,,,,,,,,,,,192.584,188.030,75.682,,,,39.407,150.267,,,,,,,,,,,,,,,,,,,,,DE_KN_residential3_washing_machine | DE_KN_residential3_dishwasher | DE_KN_residential3_refrigerator | DE_KN_residential3_freezer | DE_KN_residential3_circulation_pump
2015-03-29T13:00:00Z,2015-03-29T15:00:00+0200,,,,,,,,,,,,,,,,,,,,,,,,,,,,,,,,,,,,,,,,,192.663,188.032,75.722,,,,39.426,150.267,,,,,,,,,,,,,,,,,,,,,DE_KN_residential3_washing_machine | DE_KN_residential3_dishwasher | DE_KN_residential3_refrigerator | DE_KN_residential3_freezer | DE_KN_residential3_circulation_pump
2015-03-29T14:00:00Z,2015-03-29T16:00:00+0200,,,,,,,,,,,,,,,,,,,,,,,,,,,,,,,,,,,,,,,,,192.740,188.035,75.724,,,,39.450,150.267,,,,,,,,,,,,,,,,,,,,,DE_KN_residential3_washing_machine | DE_KN_residential3_dishwasher | DE_KN_residential3_refrigerator | DE_KN_residential3_freezer | DE_KN_residential3_circulation_pump
2015-03-29T15:00:00Z,2015-03-29T17:00:00+0200,,,,,,,,,,,,,,,,,,,,,,,,,,,,,,,,,,,,,,,,,192.817,188.037,75.765,,,,39.460,150.267,,,,,,,,,,,,,,,,,,,,,DE_KN_residential3_washing_machine | DE_KN_residential3_dishwasher | DE_KN_residential3_refrigerator | DE_KN_residential3_freezer | DE_KN_residential3_circulation_pump
2015-03-29T16:00:00Z,2015-03-29T18:00:00+0200,,,,,,,,,,,,,,,,,,,,,,,,,,,,,,,,,,,,,,,,,192.889,188.040,75.806,,,,39.474,150.267,,,,,,,,,,,,,,,,,,,,,DE_KN_residential3_washing_machine | DE_KN_residential3_dishwasher | DE_KN_residential3_refrigerator | DE_KN_residential3_freezer | DE_KN_residential3_circulation_pump
2015-03-29T17:00:00Z,2015-03-29T19:00:00+0200,,,,,,,,,,,,,,,,,,,,,,,,,,,,,,,,,,,,,,,,,192.958,188.043,75.814,,,,39.497,150.267,,,,,,,,,,,,,,,,,,,,,DE_KN_residential3_washing_machine | DE_KN_residential3_dishwasher | DE_KN_residential3_refrigerator | DE_KN_residential3_freezer | DE_KN_residential3_circulation_pump
2015-03-29T18:00:00Z,2015-03-29T20:00:00+0200,,,,,,,,,,,,,,,,,,,,,,,,,,,,,,,,,,,,,,,,,193.030,188.045,75.849,,,,39.508,150.268,,,,,,,,,,,,,,,,,,,,,DE_KN_residential3_washing_machine | DE_KN_residential3_dishwasher | DE_KN_residential3_refrigerator | DE_KN_residential3_freezer | DE_KN_residential3_circulation_pump
2015-03-29T19:00:00Z,2015-03-29T21:00:00+0200,,,,,,,,,,,,,,,,,,,,,,,,,,,,,,,,,,,,,,,,,193.102,188.048,75.891,,,,39.521,150.268,,,,,,,,,,,,,,,,,,,,,DE_KN_residential3_washing_machine | DE_KN_residential3_dishwasher | DE_KN_residential3_refrigerator | DE_KN_residential3_freezer | DE_KN_residential3_circulation_pump
2015-03-29T20:00:00Z,2015-03-29T22:00:00+0200,,,,,,,,,,,,,,,,,,,,,,,,,,,,,,,,,,,,,,,,,193.174,188.115,75.932,,,,39.546,150.268,,,,,,,,,,,,,,,,,,,,,DE_KN_residential3_washing_machine | DE_KN_residential3_dishwasher | DE_KN_residential3_refrigerator | DE_KN_residential3_freezer | DE_KN_residential3_circulation_pump
2015-03-29T21:00:00Z,2015-03-29T23:00:00+0200,,,,,,,,,,,,,,,,,,,,,,,,,,,,,,,,,,,,,,,,,193.247,188.117,75.935,,,,39.551,150.268,,,,,,,,,,,,,,,,,,,,,DE_KN_residential3_washing_machine | DE_KN_residential3_dishwasher | DE_KN_residential3_refrigerator | DE_KN_residential3_freezer | DE_KN_residential3_circulation_pump
2015-03-29T22:00:00Z,2015-03-30T00:00:00+0200,,,,,,,,,,,,,,,,,,,,,,,,,,,,,,,,,,,,,,,,,193.317,188.120,75.976,,,,39.568,150.268,,,,,,,,,,,,,,,,,,,,,DE_KN_residential3_washing_machine | DE_KN_residential3_dishwasher | DE_KN_residential3_refrigerator | DE_KN_residential3_freezer | DE_KN_residential3_circulation_pump
2015-03-29T23:00:00Z,2015-03-30T01:00:00+0200,,,,,,,,,,,,,,,,,,,,,,,,,,,,,,,,,,,,,,,,,193.385,188.122,76.017,,,,39.590,150.268,,,,,,,,,,,,,,,,,,,,,DE_KN_residential3_washing_machine | DE_KN_residential3_dishwasher | DE_KN_residential3_refrigerator | DE_KN_residential3_freezer | DE_KN_residential3_circulation_pump
2015-03-30T00:00:00Z,2015-03-30T02:00:00+0200,,,,,,,,,,,,,,,,,,,,,,,,,,,,,,,,,,,,,,,,,193.460,188.125,76.019,,,,39.590,150.268,,,,,,,,,,,,,,,,,,,,,DE_KN_residential3_washing_machine | DE_KN_residential3_dishwasher | DE_KN_residential3_refrigerator | DE_KN_residential3_freezer | DE_KN_residential3_circulation_pump
2015-03-30T01:00:00Z,2015-03-30T03:00:00+0200,,,,,,,,,,,,,,,,,,,,,,,,,,,,,,,,,,,,,,,,,193.530,188.128,76.061,,,,39.612,150.268,,,,,,,,,,,,,,,,,,,,,DE_KN_residential3_washing_machine | DE_KN_residential3_dishwasher | DE_KN_residential3_refrigerator | DE_KN_residential3_freezer | DE_KN_residential3_circulation_pump
2015-03-30T02:00:00Z,2015-03-30T04:00:00+0200,,,,,,,,,,,,,,,,,,,,,,,,,,,,,,,,,,,,,,,,,193.605,188.130,76.102,,,,39.632,150.268,,,,,,,,,,,,,,,,,,,,,DE_KN_residential3_washing_machine | DE_KN_residential3_dishwasher | DE_KN_residential3_refrigerator | DE_KN_residential3_freezer | DE_KN_residential3_circulation_pump
2015-03-30T03:00:00Z,2015-03-30T05:00:00+0200,,,,,,,,,,,,,,,,,,,,,,,,,,,,,,,,,,,,,,,,,193.676,188.132,76.105,,,,39.635,150.268,,,,,,,,,,,,,,,,,,,,,DE_KN_residential3_washing_machine | DE_KN_residential3_dishwasher | DE_KN_residential3_refrigerator | DE_KN_residential3_freezer | DE_KN_residential3_circulation_pump
2015-03-30T04:00:00Z,2015-03-30T06:00:00+0200,,,,,,,,,,,,,,,,,,,,,,,,,,,,,,,,,,,,,,,,,193.749,188.135,76.146,,,,39.656,150.268,,,,,,,,,,,,,,,,,,,,,DE_KN_residential3_washing_machine | DE_KN_residential3_dishwasher | DE_KN_residential3_refrigerator | DE_KN_residential3_freezer | DE_KN_residential3_circulation_pump
2015-03-30T05:00:00Z,2015-03-30T07:00:00+0200,,,,,,,,,,,,,,,,,,,,,,,,,,,,,,,,,,,,,,,,,193.820,188.137,76.188,,,,39.666,150.268,,,,,,,,,,,,,,,,,,,,,DE_KN_residential3_washing_machine | DE_KN_residential3_dishwasher | DE_KN_residential3_refrigerator | DE_KN_residential3_freezer | DE_KN_residential3_circulation_pump
2015-03-30T06:00:00Z,2015-03-30T08:00:00+0200,,,,,,,,,,,,,,,,,,,,,,,,,,,,,,,,,,,,,,,,,193.891,188.140,76.190,,,,39.679,150.268,,,,,,,,,,,,,,,,,,,,,DE_KN_residential3_washing_machine | DE_KN_residential3_dishwasher | DE_KN_residential3_refrigerator | DE_KN_residential3_freezer | DE_KN_residential3_circulation_pump
2015-03-30T07:00:00Z,2015-03-30T09:00:00+0200,,,,,,,,,,,,,,,,,,,,,,,,,,,,,,,,,,,,,,,,,193.962,188.143,76.232,,,,39.702,150.268,,,,,,,,,,,,,,,,,,,,,DE_KN_residential3_washing_machine | DE_KN_residential3_dishwasher | DE_KN_residential3_refrigerator | DE_KN_residential3_freezer | DE_KN_residential3_circulation_pump
2015-03-30T08:00:00Z,2015-03-30T10:00:00+0200,,,,,,,,,,,,,,,,,,,,,,,,,,,,,,,,,,,,,,,,,194.033,188.145,76.274,,,,39.726,150.268,,,,,,,,,,,,,,,,,,,,,DE_KN_residential3_washing_machine | DE_KN_residential3_dishwasher | DE_KN_residential3_refrigerator | DE_KN_residential3_freezer | DE_KN_residential3_circulation_pump
2015-03-30T09:00:00Z,2015-03-30T11:00:00+0200,,,,,,,,,,,,,,,,,,,,,,,,,,,,,,,,,,,,,,,,,194.104,188.148,76.302,,,,39.729,150.268,,,,,,,,,,,,,,,,,,,,,DE_KN_residential3_washing_machine | DE_KN_residential3_dishwasher | DE_KN_residential3_refrigerator | DE_KN_residential3_freezer | DE_KN_residential3_circulation_pump
2015-03-30T10:00:00Z,2015-03-30T12:00:00+0200,,,,,,,,,,,,,,,,,,,,,,,,,,,,,,,,,,,,,,,,,194.176,188.150,76.318,,,,39.750,150.268,,,,,,,,,,,,,,,,,,,,,DE_KN_residential3_washing_machine | DE_KN_residential3_dishwasher | DE_KN_residential3_refrigerator | DE_KN_residential3_freezer | DE_KN_residential3_circulation_pump
2015-03-30T11:00:00Z,2015-03-30T13:00:00+0200,,,,,,,,,,,,,,,,,,,,,,,,,,,,,,,,,,,,,,,,,194.247,188.153,76.359,,,,39.773,150.268,,,,,,,,,,,,,,,,,,,,,DE_KN_residential3_washing_machine | DE_KN_residential3_dishwasher | DE_KN_residential3_refrigerator | DE_KN_residential3_freezer | DE_KN_residential3_circulation_pump
2015-03-30T12:00:00Z,2015-03-30T14:00:00+0200,,,,,,,,,,,,,,,,,,,,,,,,,,,,,,,,,,,,,,,,,194.320,188.156,76.394,,,,39.790,150.268,,,,,,,,,,,,,,,,,,,,,DE_KN_residential3_washing_machine | DE_KN_residential3_dishwasher | DE_KN_residential3_refrigerator | DE_KN_residential3_freezer | DE_KN_residential3_circulation_pump
2015-03-30T13:00:00Z,2015-03-30T15:00:00+0200,,,,,,,,,,,,,,,,,,,,,,,,,,,,,,,,,,,,,,,,,194.399,188.159,76.403,,,,39.798,150.268,,,,,,,,,,,,,,,,,,,,,DE_KN_residential3_washing_machine | DE_KN_residential3_dishwasher | DE_KN_residential3_refrigerator | DE_KN_residential3_freezer | DE_KN_residential3_circulation_pump
2015-03-30T14:00:00Z,2015-03-30T16:00:00+0200,,,,,,,,,,,,,,,,,,,,,,,,,,,,,,,,,,,,,,,,,194.478,188.161,76.444,,,,39.822,150.268,,,,,,,,,,,,,,,,,,,,,DE_KN_residential3_washing_machine | DE_KN_residential3_dishwasher | DE_KN_residential3_refrigerator | DE_KN_residential3_freezer | DE_KN_residential3_circulation_pump
2015-03-30T15:00:00Z,2015-03-30T17:00:00+0200,,,,,,,,,,,,,,,,,,,,,,,,,,,,,,,,,,,,,,,,,194.556,188.164,76.481,,,,39.834,150.268,,,,,,,,,,,,,,,,,,,,,DE_KN_residential3_washing_machine | DE_KN_residential3_dishwasher | DE_KN_residential3_refrigerator | DE_KN_residential3_freezer | DE_KN_residential3_circulation_pump
2015-03-30T16:00:00Z,2015-03-30T18:00:00+0200,,,,,,,,,,,,,,,,,,,,,,,,,,,,,,,,,,,,,,,,,194.628,188.166,76.487,,,,39.845,150.268,,,,,,,,,,,,,,,,,,,,,DE_KN_residential3_washing_machine | DE_KN_residential3_dishwasher | DE_KN_residential3_refrigerator | DE_KN_residential3_freezer | DE_KN_residential3_circulation_pump
2015-03-30T17:00:00Z,2015-03-30T19:00:00+0200,,,,,,,,,,,,,,,,,,,,,,,,,,,,,,,,,,,,,,,,,194.698,188.169,76.528,,,,39.867,150.268,,,,,,,,,,,,,,,,,,,,,DE_KN_residential3_washing_machine | DE_KN_residential3_dishwasher | DE_KN_residential3_refrigerator | DE_KN_residential3_freezer | DE_KN_residential3_circulation_pump
2015-03-30T18:00:00Z,2015-03-30T20:00:00+0200,,,,,,,,,,,,,,,,,,,,,,,,,,,,,,,,,,,,,,,,,194.771,188.171,76.566,,,,39.870,150.269,,,,,,,,,,,,,,,,,,,,,DE_KN_residential3_washing_machine | DE_KN_residential3_dishwasher | DE_KN_residential3_refrigerator | DE_KN_residential3_freezer | DE_KN_residential3_circulation_pump
2015-03-30T19:00:00Z,2015-03-30T21:00:00+0200,,,,,,,,,,,,,,,,,,,,,,,,,,,,,,,,,,,,,,,,,194.843,188.174,76.571,,,,39.892,150.269,,,,,,,,,,,,,,,,,,,,,DE_KN_residential3_washing_machine | DE_KN_residential3_dishwasher | DE_KN_residential3_refrigerator | DE_KN_residential3_freezer | DE_KN_residential3_circulation_pump
2015-03-30T20:00:00Z,2015-03-30T22:00:00+0200,,,,,,,,,,,,,,,,,,,,,,,,,,,,,,,,,,,,,,,,,194.916,188.547,76.613,,,,39.914,150.269,,,,,,,,,,,,,,,,,,,,,DE_KN_residential3_washing_machine | DE_KN_residential3_dishwasher | DE_KN_residential3_refrigerator | DE_KN_residential3_freezer | DE_KN_residential3_circulation_pump
2015-03-30T21:00:00Z,2015-03-30T23:00:00+0200,,,,,,,,,,,,,,,,,,,,,,,,,,,,,,,,,,,,,,,,,194.990,189.424,76.651,,,,39.942,150.269,,,,,,,,,,,,,,,,,,,,,DE_KN_residential3_washing_machine | DE_KN_residential3_dishwasher | DE_KN_residential3_refrigerator | DE_KN_residential3_freezer | DE_KN_residential3_circulation_pump
2015-03-30T22:00:00Z,2015-03-31T00:00:00+0200,,,,,,,,,,,,,,,,,,,,,,,,,,,,,,,,,,,,,,,,,195.061,189.427,76.656,,,,39.947,150.269,,,,,,,,,,,,,,,,,,,,,DE_KN_residential3_washing_machine | DE_KN_residential3_dishwasher | DE_KN_residential3_refrigerator | DE_KN_residential3_freezer | DE_KN_residential3_circulation_pump
2015-03-30T23:00:00Z,2015-03-31T01:00:00+0200,,,,,,,,,,,,,,,,,,,,,,,,,,,,,,,,,,,,,,,,,195.129,189.429,76.698,,,,39.976,150.269,,,,,,,,,,,,,,,,,,,,,DE_KN_residential3_washing_machine | DE_KN_residential3_dishwasher | DE_KN_residential3_refrigerator | DE_KN_residential3_freezer | DE_KN_residential3_circulation_pump
2015-03-31T00:00:00Z,2015-03-31T02:00:00+0200,,,,,,,,,,,,,,,,,,,,,,,,,,,,,,,,,,,,,,,,,195.202,189.432,76.737,,,,40.000,150.269,,,,,,,,,,,,,,,,,,,,,DE_KN_residential3_washing_machine | DE_KN_residential3_dishwasher | DE_KN_residential3_refrigerator | DE_KN_residential3_freezer | DE_KN_residential3_circulation_pump
2015-03-31T01:00:00Z,2015-03-31T03:00:00+0200,,,,,,,,,,,,,,,,,,,,,,,,,,,,,,,,,,,,,,,,,195.271,189.434,76.741,,,,40.000,150.269,,,,,,,,,,,,,,,,,,,,,DE_KN_residential3_washing_machine | DE_KN_residential3_dishwasher | DE_KN_residential3_refrigerator | DE_KN_residential3_freezer | DE_KN_residential3_circulation_pump
2015-03-31T02:00:00Z,2015-03-31T04:00:00+0200,,,,,,,,,,,,,,,,,,,,,,,,,,,,,,,,,,,,,,,,,195.345,189.438,76.782,,,,40.048,150.269,,,,,,,,,,,,,,,,,,,,,DE_KN_residential3_washing_machine | DE_KN_residential3_dishwasher | DE_KN_residential3_refrigerator | DE_KN_residential3_freezer | DE_KN_residential3_circulation_pump
2015-03-31T03:00:00Z,2015-03-31T05:00:00+0200,,,,,,,,,,,,,,,,,,,,,,,,,,,,,,,,,,,,,,,,,195.414,189.440,76.825,,,,40.070,150.269,,,,,,,,,,,,,,,,,,,,,DE_KN_residential3_washing_machine | DE_KN_residential3_dishwasher | DE_KN_residential3_refrigerator | DE_KN_residential3_freezer | DE_KN_residential3_circulation_pump
2015-03-31T04:00:00Z,2015-03-31T06:00:00+0200,,,,,,,,,,,,,,,,,,,,,,,,,,,,,,,,,,,,,,,,,195.486,189.443,76.831,,,,40.085,150.269,,,,,,,,,,,,,,,,,,,,,DE_KN_residential3_washing_machine | DE_KN_residential3_dishwasher | DE_KN_residential3_refrigerator | DE_KN_residential3_freezer | DE_KN_residential3_circulation_pump
2015-03-31T05:00:00Z,2015-03-31T07:00:00+0200,,,,,,,,,,,,,,,,,,,,,,,,,,,,,,,,,,,,,,,,,195.558,189.445,76.870,,,,40.111,150.269,,,,,,,,,,,,,,,,,,,,,DE_KN_residential3_washing_machine | DE_KN_residential3_dishwasher | DE_KN_residential3_refrigerator | DE_KN_residential3_freezer | DE_KN_residential3_circulation_pump
2015-03-31T06:00:00Z,2015-03-31T08:00:00+0200,,,,,,,,,,,,,,,,,,,,,,,,,,,,,,,,,,,,,,,,,195.630,189.448,76.912,,,,40.136,150.269,,,,,,,,,,,,,,,,,,,,,DE_KN_residential3_washing_machine | DE_KN_residential3_dishwasher | DE_KN_residential3_refrigerator | DE_KN_residential3_freezer | DE_KN_residential3_circulation_pump
2015-03-31T07:00:00Z,2015-03-31T09:00:00+0200,,,,,,,,,,,,,,,,,,,,,,,,,,,,,,,,,,,,,,,,,195.702,189.450,76.918,,,,40.148,150.269,,,,,,,,,,,,,,,,,,,,,DE_KN_residential3_washing_machine | DE_KN_residential3_dishwasher | DE_KN_residential3_refrigerator | DE_KN_residential3_freezer | DE_KN_residential3_circulation_pump
2015-03-31T08:00:00Z,2015-03-31T10:00:00+0200,,,,,,,,,,,,,,,,,,,,,,,,,,,,,,,,,,,,,,,,,195.773,189.453,76.956,,,,40.164,150.269,,,,,,,,,,,,,,,,,,,,,DE_KN_residential3_washing_machine | DE_KN_residential3_dishwasher | DE_KN_residential3_refrigerator | DE_KN_residential3_freezer | DE_KN_residential3_circulation_pump
2015-03-31T09:00:00Z,2015-03-31T11:00:00+0200,,,,,,,,,,,,,,,,,,,,,,,,,,,,,,,,,,,,,,,,,195.844,189.456,76.998,,,,40.182,150.269,,,,,,,,,,,,,,,,,,,,,DE_KN_residential3_washing_machine | DE_KN_residential3_dishwasher | DE_KN_residential3_refrigerator | DE_KN_residential3_freezer | DE_KN_residential3_circulation_pump
2015-03-31T10:00:00Z,2015-03-31T12:00:00+0200,,,,,,,,,,,,,,,,,,,,,,,,,,,,,,,,,,,,,,,,,195.918,189.458,77.002,,,,40.208,150.269,,,,,,,,,,,,,,,,,,,,,DE_KN_residential3_washing_machine | DE_KN_residential3_dishwasher | DE_KN_residential3_refrigerator | DE_KN_residential3_freezer | DE_KN_residential3_circulation_pump
2015-03-31T11:00:00Z,2015-03-31T13:00:00+0200,,,,,,,,,,,,,,,,,,,,,,,,,,,,,,,,,,,,,,,,,195.988,189.461,77.042,,,,40.211,150.269,,,,,,,,,,,,,,,,,,,,,DE_KN_residential3_washing_machine | DE_KN_residential3_dishwasher | DE_KN_residential3_refrigerator | DE_KN_residential3_freezer | DE_KN_residential3_circulation_pump
2015-03-31T12:00:00Z,2015-03-31T14:00:00+0200,,,,,,,,,,,,,,,,,,,,,,,,,,,,,,,,,,,,,,,,,196.060,189.463,77.084,,,,40.235,150.269,,,,,,,,,,,,,,,,,,,,,DE_KN_residential3_washing_machine | DE_KN_residential3_dishwasher | DE_KN_residential3_refrigerator | DE_KN_residential3_freezer | DE_KN_residential3_circulation_pump
2015-03-31T13:00:00Z,2015-03-31T15:00:00+0200,,,,,,,,,,,,,,,,,,,,,,,,,,,,,,,,,,,,,,,,,196.139,190.259,77.087,,,,40.260,150.269,,,,,,,,,,,,,,,,,,,,,DE_KN_residential3_washing_machine | DE_KN_residential3_dishwasher | DE_KN_residential3_refrigerator | DE_KN_residential3_freezer | DE_KN_residential3_circulation_pump
2015-03-31T14:00:00Z,2015-03-31T16:00:00+0200,,,,,,,,,,,,,,,,,,,,,,,,,,,,,,,,,,,,,,,,,196.217,190.838,77.129,,,,40.265,150.269,,,,,,,,,,,,,,,,,,,,,DE_KN_residential3_washing_machine | DE_KN_residential3_dishwasher | DE_KN_residential3_refrigerator | DE_KN_residential3_freezer | DE_KN_residential3_circulation_pump
2015-03-31T15:00:00Z,2015-03-31T17:00:00+0200,,,,,,,,,,,,,,,,,,,,,,,,,,,,,,,,,,,,,,,,,196.294,190.840,77.171,,,,40.285,150.502,,,,,,,,,,,,,,,,,,,,,DE_KN_residential3_washing_machine | DE_KN_residential3_dishwasher | DE_KN_residential3_refrigerator | DE_KN_residential3_freezer | DE_KN_residential3_circulation_pump
2015-03-31T16:00:00Z,2015-03-31T18:00:00+0200,,,,,,,,,,,,,,,,,,,,,,,,,,,,,,,,,,,,,,,,,196.365,190.843,77.173,,,,40.308,150.728,,,,,,,,,,,,,,,,,,,,,DE_KN_residential3_washing_machine | DE_KN_residential3_dishwasher | DE_KN_residential3_refrigerator | DE_KN_residential3_freezer | DE_KN_residential3_circulation_pump
2015-03-31T17:00:00Z,2015-03-31T19:00:00+0200,,,,,,,,,,,,,,,,,,,,,,,,,,,,,,,,,,,,,,,,,196.436,190.845,77.215,,,,40.316,150.799,,,,,,,,,,,,,,,,,,,,,DE_KN_residential3_washing_machine | DE_KN_residential3_dishwasher | DE_KN_residential3_refrigerator | DE_KN_residential3_freezer | DE_KN_residential3_circulation_pump
2015-03-31T18:00:00Z,2015-03-31T20:00:00+0200,,,,,,,,,,,,,,,,,,,,,,,,,,,,,,,,,,,,,,,,,196.508,190.848,77.252,,,,40.346,151.055,,,,,,,,,,,,,,,,,,,,,DE_KN_residential3_washing_machine | DE_KN_residential3_dishwasher | DE_KN_residential3_refrigerator | DE_KN_residential3_freezer | DE_KN_residential3_circulation_pump
2015-03-31T19:00:00Z,2015-03-31T21:00:00+0200,,,,,,,,,,,,,,,,,,,,,,,,,,,,,,,,,,,,,,,,,196.581,190.850,77.259,,,,40.372,151.085,,,,,,,,,,,,,,,,,,,,,DE_KN_residential3_washing_machine | DE_KN_residential3_dishwasher | DE_KN_residential3_refrigerator | DE_KN_residential3_freezer | DE_KN_residential3_circulation_pump
2015-03-31T20:00:00Z,2015-03-31T22:00:00+0200,,,,,,,,,,,,,,,,,,,,,,,,,,,,,,,,,,,,,,,,,196.653,190.853,77.301,,,,40.378,151.086,,,,,,,,,,,,,,,,,,,,,DE_KN_residential3_washing_machine | DE_KN_residential3_dishwasher | DE_KN_residential3_refrigerator | DE_KN_residential3_freezer | DE_KN_residential3_circulation_pump
2015-03-31T21:00:00Z,2015-03-31T23:00:00+0200,,,,,,,,,,,,,,,,,,,,,,,,,,,,,,,,,,,,,,,,,196.725,190.855,77.342,,,,40.401,151.086,,,,,,,,,,,,,,,,,,,,,DE_KN_residential3_washing_machine | DE_KN_residential3_dishwasher | DE_KN_residential3_refrigerator | DE_KN_residential3_freezer | DE_KN_residential3_circulation_pump
2015-03-31T22:00:00Z,2015-04-01T00:00:00+0200,,,,,,,,,,,,,,,,,,,,,,,,,,,,,,,,,,,,,,,,,196.773,191.861,77.345,,,,40.426,151.349,,,,,,,,,,,,,,,,,,,,,DE_KN_residential3_washing_machine | DE_KN_residential3_dishwasher | DE_KN_residential3_refrigerator | DE_KN_residential3_freezer | DE_KN_residential3_circulation_pump
2015-03-31T23:00:00Z,2015-04-01T01:00:00+0200,,,,,,,,,,,,,,,,,,,,,,,,,,,,,,,,,,,,,,,,,196.833,192.205,77.388,,,,40.428,151.351,,,,,,,,,,,,,,,,,,,,,DE_KN_residential3_washing_machine | DE_KN_residential3_dishwasher | DE_KN_residential3_refrigerator | DE_KN_residential3_freezer | DE_KN_residential3_circulation_pump
2015-04-01T00:00:00Z,2015-04-01T02:00:00+0200,,,,,,,,,,,,,,,,,,,,,,,,,,,,,,,,,,,,,,,,,196.906,192.209,77.425,,,,40.453,151.351,,,,,,,,,,,,,,,,,,,,,DE_KN_residential3_washing_machine | DE_KN_residential3_dishwasher | DE_KN_residential3_refrigerator | DE_KN_residential3_freezer | DE_KN_residential3_circulation_pump
2015-04-01T01:00:00Z,2015-04-01T03:00:00+0200,,,,,,,,,,,,,,,,,,,,,,,,,,,,,,,,,,,,,,,,,196.975,192.213,77.432,,,,40.462,151.351,,,,,,,,,,,,,,,,,,,,,DE_KN_residential3_washing_machine | DE_KN_residential3_dishwasher | DE_KN_residential3_refrigerator | DE_KN_residential3_freezer | DE_KN_residential3_circulation_pump
2015-04-01T02:00:00Z,2015-04-01T04:00:00+0200,,,,,,,,,,,,,,,,,,,,,,,,,,,,,,,,,,,,,,,,,197.049,192.217,77.474,,,,40.479,151.351,,,,,,,,,,,,,,,,,,,,,DE_KN_residential3_washing_machine | DE_KN_residential3_dishwasher | DE_KN_residential3_refrigerator | DE_KN_residential3_freezer | DE_KN_residential3_circulation_pump
2015-04-01T03:00:00Z,2015-04-01T05:00:00+0200,,,,,,,,,,,,,,,,,,,,,,,,,,,,,,,,,,,,,,,,,197.118,192.221,77.508,,,,40.499,151.351,,,,,,,,,,,,,,,,,,,,,DE_KN_residential3_washing_machine | DE_KN_residential3_dishwasher | DE_KN_residential3_refrigerator | DE_KN_residential3_freezer | DE_KN_residential3_circulation_pump
2015-04-01T04:00:00Z,2015-04-01T06:00:00+0200,,,,,,,,,,,,,,,,,,,,,,,,,,,,,,,,,,,,,,,,,197.189,192.225,77.518,,,,40.504,151.351,,,,,,,,,,,,,,,,,,,,,DE_KN_residential3_washing_machine | DE_KN_residential3_dishwasher | DE_KN_residential3_refrigerator | DE_KN_residential3_freezer | DE_KN_residential3_circulation_pump
2015-04-01T05:00:00Z,2015-04-01T07:00:00+0200,,,,,,,,,,,,,,,,,,,,,,,,,,,,,,,,,,,,,,,,,197.260,192.228,77.560,,,,40.529,151.351,,,,,,,,,,,,,,,,,,,,,DE_KN_residential3_washing_machine | DE_KN_residential3_dishwasher | DE_KN_residential3_refrigerator | DE_KN_residential3_freezer | DE_KN_residential3_circulation_pump
2015-04-01T06:00:00Z,2015-04-01T08:00:00+0200,,,,,,,,,,,,,,,,,,,,,,,,,,,,,,,,,,,,,,,,,197.331,192.232,77.592,,,,40.529,151.351,,,,,,,,,,,,,,,,,,,,,DE_KN_residential3_washing_machine | DE_KN_residential3_dishwasher | DE_KN_residential3_refrigerator | DE_KN_residential3_freezer | DE_KN_residential3_circulation_pump
2015-04-01T07:00:00Z,2015-04-01T09:00:00+0200,,,,,,,,,,,,,,,,,,,,,,,,,,,,,,,,,,,,,,,,,197.404,192.234,77.604,,,,40.558,151.603,,,,,,,,,,,,,,,,,,,,,DE_KN_residential3_washing_machine | DE_KN_residential3_dishwasher | DE_KN_residential3_refrigerator | DE_KN_residential3_freezer | DE_KN_residential3_circulation_pump
2015-04-01T08:00:00Z,2015-04-01T10:00:00+0200,,,,,,,,,,,,,,,,,,,,,,,,,,,,,,,,,,,,0.045,,,,,197.508,192.237,77.644,,,,40.559,151.604,,,,,,,,,,,,,,,,,,,,,DE_KN_residential3_washing_machine | DE_KN_residential3_dishwasher | DE_KN_residential3_refrigerator | DE_KN_residential3_freezer | DE_KN_residential3_circulation_pump
2015-04-01T09:00:00Z,2015-04-01T11:00:00+0200,,,,,,,,,,,,,,,,,,,,,,,,,,,,,,,,,,,,0.120,,,,,197.610,192.239,77.660,,,,40.581,151.604,,,,,,,,,,,,,,,,,,,,,
2015-04-01T10:00:00Z,2015-04-01T12:00:00+0200,,,,,,,,,,,,,,,,,,,,,,,,,,,,,,,,,,,,0.209,,,,,197.719,192.241,77.690,,,,40.596,151.604,,,,,,,,,,,,,,,,,,,,,
2015-04-01T11:00:00Z,2015-04-01T13:00:00+0200,,,,,,,,,,,,,,,,,,,,,,,,,,,,,,,,,,,,0.337,,,,,197.822,192.244,77.733,,,,40.605,151.604,,,,,,,,,,,,,,,,,,,,,
2015-04-01T12:00:00Z,2015-04-01T14:00:00+0200,,,,,,,,,,,,,,,,,,,,,,,,,,,,,,,,,,,,0.374,,,,,197.937,192.246,77.736,,,,40.627,151.604,,,,,,,,,,,,,,,,,,,,,
2015-04-01T13:00:00Z,2015-04-01T15:00:00+0200,,,,,,,,,,,,,,,,,,,,,,,,,,,,,,,,,,,,0.380,,,,,198.039,192.249,77.779,,,,40.644,151.605,,,,,,,,,,,,,,,,,,,,,
2015-04-01T14:00:00Z,2015-04-01T16:00:00+0200,,,,,,,,,,,,,,,,,,,,,,,,,,,,,,,,,,,,0.537,,,,,198.139,192.252,77.797,,,,40.649,151.605,,,,,,,,,,,,,,,,,,,,,
2015-04-01T15:00:00Z,2015-04-01T17:00:00+0200,,,,,,,,,,,,,,,,,,,,,,,,,,,,,,,,,,,,0.597,,,,,198.232,192.255,77.825,,,,40.671,151.605,,,,,,,,,,,,,,,,,,,,,
2015-04-01T16:00:00Z,2015-04-01T18:00:00+0200,,,,,,,,,,,,,,,,,,,,,,,,,,,,,,,,,,,,0.697,,,,,198.308,192.257,77.869,,,,40.691,151.605,,,,,,,,,,,,,,,,,,,,,
2015-04-01T17:00:00Z,2015-04-01T19:00:00+0200,,,,,,,,,,,,,,,,,,,,,,,,,,,,,,,,,,,,0.803,,,,,198.377,192.260,77.871,,,,40.701,151.605,,,,,,,,,,,,,,,,,,,,,
2015-04-01T18:00:00Z,2015-04-01T20:00:00+0200,,,,,,,,,,,,,,,,,,,,,,,,,,,,,,,,,,,,0.838,,,,,198.446,192.355,77.914,,,,40.721,151.605,,,,,,,,,,,,,,,,,,,,,
2015-04-01T19:00:00Z,2015-04-01T21:00:00+0200,,,,,,,,,,,,,,,,,,,,,,,,,,,,,,,,,,,,0.841,,,,,198.519,193.417,77.939,,,,40.744,151.605,,,,,,,,,,,,,,,,,,,,,
2015-04-01T20:00:00Z,2015-04-01T22:00:00+0200,,,,,,,,,,,,,,,,,,,,,,,,,,,,,,,,,,,,0.845,,,,,198.588,193.573,77.960,,,,40.766,151.605,,,,,,,,,,,,,,,,,,,,,
2015-04-01T21:00:00Z,2015-04-01T23:00:00+0200,,,,,,,,,,,,,,,,,,,,,,,,,,,,,,,,,,,,0.849,,,,,198.631,193.576,78.004,,,,40.770,151.605,,,,,,,,,,,,,,,,,,,,,
2015-04-01T22:00:00Z,2015-04-02T00:00:00+0200,,,,,,,,,,,,,,,,,,,,,,,,,,,,,,,,,,,,0.853,,,,,198.674,193.579,78.006,,,,40.789,151.605,,,,,,,,,,,,,,,,,,,,,
2015-04-01T23:00:00Z,2015-04-02T01:00:00+0200,,,,,,,,,,,,,,,,,,,,,,,,,,,,,,,,,,,,0.856,,,,,198.738,193.581,78.050,,,,40.811,151.605,,,,,,,,,,,,,,,,,,,,,
2015-04-02T00:00:00Z,2015-04-02T02:00:00+0200,,,,,,,,,,,,,,,,,,,,,,,,,,,,,,,,,,,,0.860,,,,,198.809,193.584,78.083,,,,40.815,151.605,,,,,,,,,,,,,,,,,,,,,
2015-04-02T01:00:00Z,2015-04-02T03:00:00+0200,,,,,,,,,,,,,,,,,,,,,,,,,,,,,,,,,,,,0.864,,,,,198.873,193.587,78.097,,,,40.833,151.605,,,,,,,,,,,,,,,,,,,,,
2015-04-02T02:00:00Z,2015-04-02T04:00:00+0200,,,,,,,,,,,,,,,,,,,,,,,,,,,,,,,,,,,,0.867,,,,,198.943,193.589,78.141,,,,40.854,151.605,,,,,,,,,,,,,,,,,,,,,
2015-04-02T03:00:00Z,2015-04-02T05:00:00+0200,,,,,,,,,,,,,,,,,,,,,,,,,,,,,,,,,,,,1.068,,,,,199.012,193.592,78.144,,,,40.855,151.605,,,,,,,,,,,,,,,,,,,,,
2015-04-02T04:00:00Z,2015-04-02T06:00:00+0200,,,,,,,,,,,,,,,,,,,,,,,,,,,,,,,,,,,,1.201,,,,,199.082,193.595,78.186,,,,40.876,151.605,,,,,,,,,,,,,,,,,,,,,
2015-04-02T05:00:00Z,2015-04-02T07:00:00+0200,,,,,,,,,,,,,,,,,,,,,,,,,,,,,,,,,,,,1.290,,,,,199.152,193.597,78.226,,,,40.897,151.605,,,,,,,,,,,,,,,,,,,,,
2015-04-02T06:00:00Z,2015-04-02T08:00:00+0200,,,,,,,,,,,,,,,,,,,,,,,,,,,,,,,,,,,,1.375,,,,,199.221,193.600,78.232,,,,40.900,151.605,,,,,,,,,,,,,,,,,,,,,
2015-04-02T07:00:00Z,2015-04-02T09:00:00+0200,,,,,,,,,,,,,,,,,,,,,,,,,,,,,,,,,,,,1.432,,,,,199.290,193.602,78.276,,,,40.924,151.605,,,,,,,,,,,,,,,,,,,,,
2015-04-02T08:00:00Z,2015-04-02T10:00:00+0200,,,,,,,,,,,,,,,,,,,,,,,,,,,,,,,,,,,,1.435,,,,,199.358,193.605,78.284,,,,40.945,151.605,,,,,,,,,,,,,,,,,,,,,
2015-04-02T09:00:00Z,2015-04-02T11:00:00+0200,,,,,,,,,,,,,,,,,,,,,,,,,,,,,,,,,,,,1.439,,,,,199.427,193.607,78.321,,,,40.959,151.605,,,,,,,,,,,,,,,,,,,,,
2015-04-02T10:00:00Z,2015-04-02T12:00:00+0200,,,,,,,,,,,,,,,,,,,,,,,,,,,,,,,,,,,,1.443,,,,,199.496,193.610,78.365,,,,40.966,151.605,,,,,,,,,,,,,,,,,,,,,
2015-04-02T11:00:00Z,2015-04-02T13:00:00+0200,,,,,,,,,,,,,,,,,,,,,,,,,,,,,,,,,,,,1.446,,,,,199.565,193.613,78.367,,,,40.994,151.605,,,,,,,,,,,,,,,,,,,,,
2015-04-02T12:00:00Z,2015-04-02T14:00:00+0200,,,,,,,,,,,,,,,,,,,,,,,,,,,,,,,,,,,,1.450,,,,,199.636,194.417,78.411,,,,40.995,151.605,,,,,,,,,,,,,,,,,,,,,
2015-04-02T13:00:00Z,2015-04-02T15:00:00+0200,,,,,,,,,,,,,,,,,,,,,,,,,,,,,,,,,,,,1.536,,,,,199.711,194.851,78.427,,,,41.015,151.606,,,,,,,,,,,,,,,,,,,,,
2015-04-02T14:00:00Z,2015-04-02T16:00:00+0200,,,,,,,,,,,,,,,,,,,,,,,,,,,,,,,,,,,,1.758,,,,,199.818,194.856,78.457,,,,41.029,151.606,,,,,,,,,,,,,,,,,,,,,
2015-04-02T15:00:00Z,2015-04-02T17:00:00+0200,,,,,,,,,,,,,,,,,,,,,,,,,,,,,,,,,,,,1.837,,,,,199.899,194.859,78.501,,,,41.037,151.606,,,,,,,,,,,,,,,,,,,,,
2015-04-02T16:00:00Z,2015-04-02T18:00:00+0200,,,,,,,,,,,,,,,,,,,,,,,,,,,,,,,,,,,,1.938,,,,,199.969,194.862,78.503,,,,41.059,151.606,,,,,,,,,,,,,,,,,,,,,
2015-04-02T17:00:00Z,2015-04-02T19:00:00+0200,,,,,,,,,,,,,,,,,,,,,,,,,,,,,,,,,,,,2.067,,,,,200.039,194.864,78.547,,,,41.083,151.606,,,,,,,,,,,,,,,,,,,,,DE_KN_residential3_washing_machine
2015-04-02T18:00:00Z,2015-04-02T20:00:00+0200,,,,,,,,,,,,,,,,,,,,,,,,,,,,,,,,,,,,2.128,,,,,200.108,194.867,78.571,,,,41.083,151.606,,,,,,,,,,,,,,,,,,,,,
2015-04-02T19:00:00Z,2015-04-02T21:00:00+0200,,,,,,,,,,,,,,,,,,,,,,,,,,,,,,,,,,,,2.132,,,,,200.179,194.869,78.593,,,,41.104,151.606,,,,,,,,,,,,,,,,,,,,,
2015-04-02T20:00:00Z,2015-04-02T22:00:00+0200,,,,,,,,,,,,,,,,,,,,,,,,,,,,,,,,,,,,2.157,,,,,200.250,194.873,78.636,,,,41.125,151.606,,,,,,,,,,,,,,,,,,,,,
2015-04-02T21:00:00Z,2015-04-02T23:00:00+0200,,,,,,,,,,,,,,,,,,,,,,,,,,,,,,,,,,,,2.202,,,,,200.293,194.875,78.639,,,,41.125,151.606,,,,,,,,,,,,,,,,,,,,,
2015-04-02T22:00:00Z,2015-04-03T00:00:00+0200,,,,,,,,,,,,,,,,,,,,,,,,,,,,,,,,,,,,2.249,,,,,200.344,194.878,78.682,,,,41.146,151.606,,,,,,,,,,,,,,,,,,,,,
2015-04-02T23:00:00Z,2015-04-03T01:00:00+0200,,,,,,,,,,,,,,,,,,,,,,,,,,,,,,,,,,,,2.291,,,,,200.410,194.880,78.718,,,,41.165,151.606,,,,,,,,,,,,,,,,,,,,,
2015-04-03T00:00:00Z,2015-04-03T02:00:00+0200,,,,,,,,,,,,,,,,,,,,,,,,,,,,,,,,,,,,2.327,,,,,200.481,194.883,78.728,,,,41.166,151.606,,,,,,,,,,,,,,,,,,,,,
2015-04-03T01:00:00Z,2015-04-03T03:00:00+0200,,,,,,,,,,,,,,,,,,,,,,,,,,,,,,,,,,,,2.364,,,,,200.548,194.885,78.772,,,,41.186,151.606,,,,,,,,,,,,,,,,,,,,,
2015-04-03T02:00:00Z,2015-04-03T04:00:00+0200,,,,,,,,,,,,,,,,,,,,,,,,,,,,,,,,,,,,2.470,,,,,200.620,194.888,78.778,,,,41.198,151.606,,,,,,,,,,,,,,,,,,,,,
2015-04-03T03:00:00Z,2015-04-03T05:00:00+0200,,,,,,,,,,,,,,,,,,,,,,,,,,,,,,,,,,,,2.649,,,,,200.691,194.891,78.819,,,,41.207,151.606,,,,,,,,,,,,,,,,,,,,,
2015-04-03T04:00:00Z,2015-04-03T06:00:00+0200,,,,,,,,,,,,,,,,,,,,,,,,,,,,,,,,,,,,2.752,,,,,200.763,194.893,78.858,,,,41.228,151.606,,,,,,,,,,,,,,,,,,,,,
2015-04-03T05:00:00Z,2015-04-03T07:00:00+0200,,,,,,,,,,,,,,,,,,,,,,,,,,,,,,,,,,,,2.852,,,,,200.835,194.896,78.864,,,,41.231,151.606,,,,,,,,,,,,,,,,,,,,,
2015-04-03T06:00:00Z,2015-04-03T08:00:00+0200,,,,,,,,,,,,,,,,,,,,,,,,,,,,,,,,,,,,2.939,,,,,200.906,194.898,78.908,,,,41.249,151.606,,,,,,,,,,,,,,,,,,,,,
2015-04-03T07:00:00Z,2015-04-03T09:00:00+0200,,,,,,,,,,,,,,,,,,,,,,,,,,,,,,,,,,,,3.026,,,,,200.977,194.901,78.919,,,,41.269,151.606,,,,,,,,,,,,,,,,,,,,,
2015-04-03T08:00:00Z,2015-04-03T10:00:00+0200,,,,,,,,,,,,,,,,,,,,,,,,,,,,,,,,,,,,3.165,,,,,201.061,194.903,78.951,,,,41.289,151.606,,,,,,,,,,,,,,,,,,,,,
2015-04-03T09:00:00Z,2015-04-03T11:00:00+0200,,,,,,,,,,,,,,,,,,,,,,,,,,,,,,,,,,,,3.268,,,,,201.182,194.907,78.996,,,,41.297,151.606,,,,,,,,,,,,,,,,,,,,,DE_KN_residential3_washing_machine
2015-04-03T10:00:00Z,2015-04-03T12:00:00+0200,,,,,,,,,,,,,,,,,,,,,,,,,,,,,,,,,,,,3.368,,,,,201.305,194.909,78.998,,,,41.313,151.606,,,,,,,,,,,,,,,,,,,,,
2015-04-03T11:00:00Z,2015-04-03T13:00:00+0200,,,,,,,,,,,,,,,,,,,,,,,,,,,,,,,,,,,,3.454,,,,,201.423,194.912,79.046,,,,41.334,151.606,,,,,,,,,,,,,,,,,,,,,
2015-04-03T12:00:00Z,2015-04-03T14:00:00+0200,,,,,,,,,,,,,,,,,,,,,,,,,,,,,,,,,,,,3.562,,,,,201.536,195.708,79.061,,,,41.355,152.053,,,,,,,,,,,,,,,,,,,,,
2015-04-03T13:00:00Z,2015-04-03T15:00:00+0200,,,,,,,,,,,,,,,,,,,,,,,,,,,,,,,,,,,,3.661,,,,,201.648,196.261,79.096,,,,41.361,152.126,,,,,,,,,,,,,,,,,,,,,
2015-04-03T14:00:00Z,2015-04-03T16:00:00+0200,,,,,,,,,,,,,,,,,,,,,,,,,,,,,,,,,,,,3.719,,,,,201.759,196.263,79.124,,,,41.376,152.482,,,,,,,,,,,,,,,,,,,,,
2015-04-03T15:00:00Z,2015-04-03T17:00:00+0200,,,,,,,,,,,,,,,,,,,,,,,,,,,,,,,,,,,,3.844,,,,,201.865,196.266,79.147,,,,41.397,152.528,,,,,,,,,,,,,,,,,,,,,
2015-04-03T16:00:00Z,2015-04-03T18:00:00+0200,,,,,,,,,,,,,,,,,,,,,,,,,,,,,,,,,,,,3.954,,,,,201.953,196.269,79.195,,,,41.418,152.528,,,,,,,,,,,,,,,,,,,,,
2015-04-03T17:00:00Z,2015-04-03T19:00:00+0200,,,,,,,,,,,,,,,,,,,,,,,,,,,,,,,,,,,,4.049,,,,,202.024,196.271,79.197,,,,41.423,152.667,,,,,,,,,,,,,,,,,,,,,
2015-04-03T18:00:00Z,2015-04-03T20:00:00+0200,,,,,,,,,,,,,,,,,,,,,,,,,,,,,,,,,,,,4.135,,,,,202.091,196.274,79.245,,,,41.440,153.129,,,,,,,,,,,,,,,,,,,,,
2015-04-03T19:00:00Z,2015-04-03T21:00:00+0200,,,,,,,,,,,,,,,,,,,,,,,,,,,,,,,,,,,,4.140,,,,,202.160,196.830,79.247,,,,41.461,153.388,,,,,,,,,,,,,,,,,,,,,
2015-04-03T20:00:00Z,2015-04-03T22:00:00+0200,,,,,,,,,,,,,,,,,,,,,,,,,,,,,,,,,,,,4.144,,,,,202.229,197.326,79.295,,,,41.472,153.609,,,,,,,,,,,,,,,,,,,,,
2015-04-03T21:00:00Z,2015-04-03T23:00:00+0200,,,,,,,,,,,,,,,,,,,,,,,,,,,,,,,,,,,,4.147,,,,,202.270,197.329,79.316,,,,41.484,153.717,,,,,,,,,,,,,,,,,,,,,
2015-04-03T22:00:00Z,2015-04-04T00:00:00+0200,,,,,,,,,,,,,,,,,,,,,,,,,,,,,,,,,,,,4.151,,,,,202.309,197.331,79.345,,,,41.505,153.720,,,,,,,,,,,,,,,,,,,,,
2015-04-03T23:00:00Z,2015-04-04T01:00:00+0200,,,,,,,,,,,,,,,,,,,,,,,,,,,,,,,,,,,,4.155,,,,,202.374,197.333,79.388,,,,41.517,153.720,,,,,,,,,,,,,,,,,,,,,
2015-04-04T00:00:00Z,2015-04-04T02:00:00+0200,,,,,,,,,,,,,,,,,,,,,,,,,,,,,,,,,,,,4.159,,,,,202.445,197.336,79.396,,,,41.526,153.720,,,,,,,,,,,,,,,,,,,,,
2015-04-04T01:00:00Z,2015-04-04T03:00:00+0200,,,,,,,,,,,,,,,,,,,,,,,,,,,,,,,,,,,,4.162,,,,,202.511,197.339,79.444,,,,41.547,153.720,,,,,,,,,,,,,,,,,,,,,
2015-04-04T02:00:00Z,2015-04-04T04:00:00+0200,,,,,,,,,,,,,,,,,,,,,,,,,,,,,,,,,,,,4.166,,,,,202.582,197.341,79.447,,,,41.558,153.720,,,,,,,,,,,,,,,,,,,,,
2015-04-04T03:00:00Z,2015-04-04T05:00:00+0200,,,,,,,,,,,,,,,,,,,,,,,,,,,,,,,,,,,,4.170,,,,,202.652,197.344,79.495,,,,41.568,153.720,,,,,,,,,,,,,,,,,,,,,
2015-04-04T04:00:00Z,2015-04-04T06:00:00+0200,,,,,,,,,,,,,,,,,,,,,,,,,,,,,,,,,,,,4.357,,,,,202.722,197.346,79.497,,,,41.588,153.720,,,,,,,,,,,,,,,,,,,,,
2015-04-04T05:00:00Z,2015-04-04T07:00:00+0200,,,,,,,,,,,,,,,,,,,,,,,,,,,,,,,,,,,,4.568,,,,,202.792,197.349,79.545,,,,41.599,153.720,,,,,,,,,,,,,,,,,,,,,
2015-04-04T06:00:00Z,2015-04-04T08:00:00+0200,,,,,,,,,,,,,,,,,,,,,,,,,,,,,,,,,,,,4.645,,,,,202.860,197.352,79.565,,,,41.609,153.720,,,,,,,,,,,,,,,,,,,,,
2015-04-04T07:00:00Z,2015-04-04T09:00:00+0200,,,,,,,,,,,,,,,,,,,,,,,,,,,,,,,,,,,,4.747,,,,,202.929,197.354,79.596,,,,41.632,154.382,,,,,,,,,,,,,,,,,,,,,
2015-04-04T08:00:00Z,2015-04-04T10:00:00+0200,,,,,,,,,,,,,,,,,,,,,,,,,,,,,,,,,,,,4.847,,,,,203.000,197.357,79.644,,,,41.653,154.482,,,,,,,,,,,,,,,,,,,,,
2015-04-04T09:00:00Z,2015-04-04T11:00:00+0200,,,,,,,,,,,,,,,,,,,,,,,,,,,,,,,,,,,,4.959,,,,,203.070,197.359,79.646,,,,41.655,154.589,,,,,,,,,,,,,,,,,,,,,
2015-04-04T10:00:00Z,2015-04-04T12:00:00+0200,,,,,,,,,,,,,,,,,,,,,,,,,,,,,,,,,,,,5.041,,,,,203.140,197.362,79.695,,,,41.676,154.591,,,,,,,,,,,,,,,,,,,,,
2015-04-04T11:00:00Z,2015-04-04T13:00:00+0200,,,,,,,,,,,,,,,,,,,,,,,,,,,,,,,,,,,,5.152,,,,,203.211,197.364,79.704,,,,41.699,154.591,,,,,,,,,,,,,,,,,,,,,
2015-04-04T12:00:00Z,2015-04-04T14:00:00+0200,,,,,,,,,,,,,,,,,,,,,,,,,,,,,,,,,,,,5.254,,,,,203.283,197.727,79.745,,,,41.713,154.591,,,,,,,,,,,,,,,,,,,,,
2015-04-04T13:00:00Z,2015-04-04T15:00:00+0200,,,,,,,,,,,,,,,,,,,,,,,,,,,,,,,,,,,,5.358,,,,,203.362,198.749,79.773,,,,41.719,156.018,,,,,,,,,,,,,,,,,,,,,
2015-04-04T14:00:00Z,2015-04-04T16:00:00+0200,,,,,,,,,,,,,,,,,,,,,,,,,,,,,,,,,,,,5.470,,,,,203.438,198.753,79.796,,,,41.740,156.440,,,,,,,,,,,,,,,,,,,,,
2015-04-04T15:00:00Z,2015-04-04T17:00:00+0200,,,,,,,,,,,,,,,,,,,,,,,,,,,,,,,,,,,,5.540,,,,,203.513,198.755,79.842,,,,41.761,156.465,,,,,,,,,,,,,,,,,,,,,
2015-04-04T16:00:00Z,2015-04-04T18:00:00+0200,,,,,,,,,,,,,,,,,,,,,,,,,,,,,,,,,,,,5.665,,,,,203.583,198.757,79.847,,,,41.782,156.514,,,,,,,,,,,,,,,,,,,,,
2015-04-04T17:00:00Z,2015-04-04T19:00:00+0200,,,,,,,,,,,,,,,,,,,,,,,,,,,,,,,,,,,,5.786,,,,,203.654,198.760,79.895,,,,41.794,156.766,,,,,,,,,,,,,,,,,,,,,
2015-04-04T18:00:00Z,2015-04-04T20:00:00+0200,,,,,,,,,,,,,,,,,,,,,,,,,,,,,,,,,,,,5.911,,,,,203.723,198.762,79.898,,,,41.818,156.999,,,,,,,,,,,,,,,,,,,,,
2015-04-04T19:00:00Z,2015-04-04T21:00:00+0200,,,,,,,,,,,,,,,,,,,,,,,,,,,,,,,,,,,,5.985,,,,,203.793,198.765,79.946,,,,41.841,157.008,,,,,,,,,,,,,,,,,,,,,
2015-04-04T20:00:00Z,2015-04-04T22:00:00+0200,,,,,,,,,,,,,,,,,,,,,,,,,,,,,,,,,,,,6.053,,,,,203.864,198.768,79.950,,,,41.843,157.008,,,,,,,,,,,,,,,,,,,,,
2015-04-04T21:00:00Z,2015-04-04T23:00:00+0200,,,,,,,,,,,,,,,,,,,,,,,,,,,,,,,,,,,,6.124,,,,,203.907,198.771,79.997,,,,41.863,157.008,,,,,,,,,,,,,,,,,,,,,
2015-04-04T22:00:00Z,2015-04-05T00:00:00+0200,,,,,,,,,,,,,,,,,,,,,,,,,,,,,,,,,,,,6.189,,,,,203.956,198.773,80.022,,,,41.885,157.230,,,,,,,,,,,,,,,,,,,,,
2015-04-04T23:00:00Z,2015-04-05T01:00:00+0200,,,,,,,,,,,,,,,,,,,,,,,,,,,,,,,,,,,,6.255,,,,,204.022,198.776,80.048,,,,41.892,157.230,,,,,,,,,,,,,,,,,,,,,
2015-04-05T00:00:00Z,2015-04-05T02:00:00+0200,,,,,,,,,,,,,,,,,,,,,,,,,,,,,,,,,,,,6.322,,,,,204.095,198.778,80.092,,,,41.907,157.442,,,,,,,,,,,,,,,,,,,,,
2015-04-05T01:00:00Z,2015-04-05T03:00:00+0200,,,,,,,,,,,,,,,,,,,,,,,,,,,,,,,,,,,,6.388,,,,,204.162,198.781,80.099,,,,41.928,157.442,,,,,,,,,,,,,,,,,,,,,
2015-04-05T02:00:00Z,2015-04-05T04:00:00+0200,,,,,,,,,,,,,,,,,,,,,,,,,,,,,,,,,,,,6.454,,,,,204.235,198.784,80.148,,,,41.934,157.442,,,,,,,,,,,,,,,,,,,,,DE_KN_residential3_washing_machine
2015-04-05T03:00:00Z,2015-04-05T05:00:00+0200,,,,,,,,,,,,,,,,,,,,,,,,,,,,,,,,,,,,6.519,,,,,204.309,198.786,80.150,,,,41.950,157.442,,,,,,,,,,,,,,,,,,,,,
2015-04-05T04:00:00Z,2015-04-05T06:00:00+0200,,,,,,,,,,,,,,,,,,,,,,,,,,,,,,,,,,,,6.715,,,,,204.382,198.789,80.199,,,,41.972,157.442,,,,,,,,,,,,,,,,,,,,,
2015-04-05T05:00:00Z,2015-04-05T07:00:00+0200,,,,,,,,,,,,,,,,,,,,,,,,,,,,,,,,,,,,6.921,,,,,204.455,198.791,80.201,,,,41.993,157.443,,,,,,,,,,,,,,,,,,,,,
2015-04-05T06:00:00Z,2015-04-05T08:00:00+0200,,,,,,,,,,,,,,,,,,,,,,,,,,,,,,,,,,,,7.001,,,,,204.527,198.794,80.249,,,,41.994,157.443,,,,,,,,,,,,,,,,,,,,,
2015-04-05T07:00:00Z,2015-04-05T09:00:00+0200,,,,,,,,,,,,,,,,,,,,,,,,,,,,,,,,,,,,7.109,,,,,204.599,198.796,80.265,,,,42.016,157.443,,,,,,,,,,,,,,,,,,,,,
2015-04-05T08:00:00Z,2015-04-05T10:00:00+0200,,,,,,,,,,,,,,,,,,,,,,,,,,,,,,,,,,,,7.209,,,,,204.710,198.799,80.300,,,,42.033,157.443,,,,,,,,,,,,,,,,,,,,,
2015-04-05T09:00:00Z,2015-04-05T11:00:00+0200,,,,,,,,,,,,,,,,,,,,,,,,,,,,,,,,,,,,7.319,,,,,204.824,198.802,80.332,,,,42.038,157.443,,,,,,,,,,,,,,,,,,,,,
2015-04-05T10:00:00Z,2015-04-05T12:00:00+0200,,,,,,,,,,,,,,,,,,,,,,,,,,,,,,,,,,,,7.407,,,,,204.931,198.805,80.350,,,,42.059,157.443,,,,,,,,,,,,,,,,,,,,,
2015-04-05T11:00:00Z,2015-04-05T13:00:00+0200,,,,,,,,,,,,,,,,,,,,,,,,,,,,,,,,,,,,7.523,,,,,205.040,198.807,80.399,,,,42.070,157.443,,,,,,,,,,,,,,,,,,,,,
2015-04-05T12:00:00Z,2015-04-05T14:00:00+0200,,,,,,,,,,,,,,,,,,,,,,,,,,,,,,,,,,,,7.619,,,,,205.147,198.810,80.401,,,,42.080,157.443,,,,,,,,,,,,,,,,,,,,,DE_KN_residential3_washing_machine
2015-04-05T13:00:00Z,2015-04-05T15:00:00+0200,,,,,,,,,,,,,,,,,,,,,,,,,,,,,,,,,,,,7.715,,,,,205.246,198.812,80.450,,,,42.101,157.443,,,,,,,,,,,,,,,,,,,,,
2015-04-05T14:00:00Z,2015-04-05T16:00:00+0200,,,,,,,,,,,,,,,,,,,,,,,,,,,,,,,,,,,,7.826,,,,,205.350,198.815,80.452,,,,42.107,157.443,,,,,,,,,,,,,,,,,,,,,
2015-04-05T15:00:00Z,2015-04-05T17:00:00+0200,,,,,,,,,,,,,,,,,,,,,,,,,,,,,,,,,,,,7.924,,,,,205.424,198.817,80.500,,,,42.123,157.443,,,,,,,,,,,,,,,,,,,,,
2015-04-05T16:00:00Z,2015-04-05T18:00:00+0200,,,,,,,,,,,,,,,,,,,,,,,,,,,,,,,,,,,,8.030,,,,,205.492,198.820,80.510,,,,42.144,157.443,,,,,,,,,,,,,,,,,,,,,
2015-04-05T17:00:00Z,2015-04-05T19:00:00+0200,,,,,,,,,,,,,,,,,,,,,,,,,,,,,,,,,,,,8.157,,,,,205.560,198.823,80.551,,,,42.144,157.443,,,,,,,,,,,,,,,,,,,,,
2015-04-05T18:00:00Z,2015-04-05T20:00:00+0200,,,,,,,,,,,,,,,,,,,,,,,,,,,,,,,,,,,,8.260,,,,,205.627,198.825,80.580,,,,42.165,157.443,,,,,,,,,,,,,,,,,,,,,
2015-04-05T19:00:00Z,2015-04-05T21:00:00+0200,,,,,,,,,,,,,,,,,,,,,,,,,,,,,,,,,,,,8.320,,,,,205.696,198.828,80.601,,,,42.183,157.443,,,,,,,,,,,,,,,,,,,,,
2015-04-05T20:00:00Z,2015-04-05T22:00:00+0200,,,,,,,,,,,,,,,,,,,,,,,,,,,,,,,,,,,,8.388,,,,,205.766,198.830,80.649,,,,42.187,157.443,,,,,,,,,,,,,,,,,,,,,
2015-04-05T21:00:00Z,2015-04-05T23:00:00+0200,,,,,,,,,,,,,,,,,,,,,,,,,,,,,,,,,,,,8.457,,,,,205.808,198.833,80.652,,,,42.223,157.620,,,,,,,,,,,,,,,,,,,,,
2015-04-05T22:00:00Z,2015-04-06T00:00:00+0200,,,,,,,,,,,,,,,,,,,,,,,,,,,,,,,,,,,,8.540,,,,,205.864,198.835,80.700,,,,42.243,157.694,,,,,,,,,,,,,,,,,,,,,
2015-04-05T23:00:00Z,2015-04-06T01:00:00+0200,,,,,,,,,,,,,,,,,,,,,,,,,,,,,,,,,,,,8.638,,,,,205.930,198.839,80.703,,,,42.248,157.696,,,,,,,,,,,,,,,,,,,,,
2015-04-06T00:00:00Z,2015-04-06T02:00:00+0200,,,,,,,,,,,,,,,,,,,,,,,,,,,,,,,,,,,,8.707,,,,,206.002,198.841,80.751,,,,42.271,157.696,,,,,,,,,,,,,,,,,,,,,
2015-04-06T01:00:00Z,2015-04-06T03:00:00+0200,,,,,,,,,,,,,,,,,,,,,,,,,,,,,,,,,,,,8.773,,,,,206.069,198.844,80.754,,,,42.289,157.696,,,,,,,,,,,,,,,,,,,,,
2015-04-06T02:00:00Z,2015-04-06T04:00:00+0200,,,,,,,,,,,,,,,,,,,,,,,,,,,,,,,,,,,,8.835,,,,,206.142,198.846,80.802,,,,42.294,157.696,,,,,,,,,,,,,,,,,,,,,
2015-04-06T03:00:00Z,2015-04-06T05:00:00+0200,,,,,,,,,,,,,,,,,,,,,,,,,,,,,,,,,,,,8.990,,,,,206.215,198.849,80.823,,,,42.316,157.696,,,,,,,,,,,,,,,,,,,,,
2015-04-06T04:00:00Z,2015-04-06T06:00:00+0200,,,,,,,,,,,,,,,,,,,,,,,,,,,,,,,,,,,,9.086,,,,,206.289,198.851,80.853,,,,42.324,157.696,,,,,,,,,,,,,,,,,,,,,
2015-04-06T05:00:00Z,2015-04-06T07:00:00+0200,,,,,,,,,,,,,,,,,,,,,,,,,,,,,,,,,,,,9.175,,,,,206.361,198.854,80.891,,,,42.338,157.696,,,,,,,,,,,,,,,,,,,,,DE_KN_residential3_washing_machine
2015-04-06T06:00:00Z,2015-04-06T08:00:00+0200,,,,,,,,,,,,,,,,,,,,,,,,,,,,,,,,,,,,9.239,,,,,206.432,198.857,80.903,,,,42.359,157.696,,,,,,,,,,,,,,,,,,,,,
2015-04-06T07:00:00Z,2015-04-06T09:00:00+0200,,,,,,,,,,,,,,,,,,,,,,,,,,,,,,,,,,,,9.317,,,,,206.509,198.859,80.952,,,,42.360,157.696,,,,,,,,,,,,,,,,,,,,,
2015-04-06T08:00:00Z,2015-04-06T10:00:00+0200,,,,,,,,,,,,,,,,,,,,,,,,,,,,,,,,,,,,9.450,,,,,206.623,198.862,80.954,,,,42.389,157.697,,,,,,,,,,,,,,,,,,,,,
2015-04-06T09:00:00Z,2015-04-06T11:00:00+0200,,,,,,,,,,,,,,,,,,,,,,,,,,,,,,,,,,,,9.566,,,,,206.743,198.865,81.002,,,,42.406,157.697,,,,,,,,,,,,,,,,,,,,,
2015-04-06T10:00:00Z,2015-04-06T12:00:00+0200,,,,,,,,,,,,,,,,,,,,,,,,,,,,,,,,,,,,9.649,,,,,206.860,199.668,81.004,,,,42.421,157.697,,,,,,,,,,,,,,,,,,,,,
2015-04-06T11:00:00Z,2015-04-06T13:00:00+0200,,,,,,,,,,,,,,,,,,,,,,,,,,,,,,,,,,,,9.732,,,,,206.969,200.216,81.053,,,,42.446,158.158,,,,,,,,,,,,,,,,,,,,,
2015-04-06T12:00:00Z,2015-04-06T14:00:00+0200,,,,,,,,,,,,,,,,,,,,,,,,,,,,,,,,,,,,9.801,,,,,207.071,200.218,81.055,,,,42.459,158.206,,,,,,,,,,,,,,,,,,,,,
2015-04-06T13:00:00Z,2015-04-06T15:00:00+0200,,,,,,,,,,,,,,,,,,,,,,,,,,,,,,,,,,,,9.808,,,,,207.158,200.221,81.104,,,,42.483,158.283,,,,,,,,,,,,,,,,,,,,,
2015-04-06T14:00:00Z,2015-04-06T16:00:00+0200,,,,,,,,,,,,,,,,,,,,,,,,,,,,,,,,,,,,9.897,,,,,207.233,200.223,81.129,,,,42.497,158.503,,,,,,,,,,,,,,,,,,,,,
2015-04-06T15:00:00Z,2015-04-06T17:00:00+0200,,,,,,,,,,,,,,,,,,,,,,,,,,,,,,,,,,,,10.009,,,,,207.307,200.419,81.154,,,,42.520,158.503,,,,,,,,,,,,,,,,,,,,,DE_KN_residential3_washing_machine
2015-04-06T16:00:00Z,2015-04-06T18:00:00+0200,,,,,,,,,,,,,,,,,,,,,,,,,,,,,,,,,,,,10.095,,,,,207.377,201.190,81.199,,,,42.542,158.503,,,,,,,,,,,,,,,,,,,,,DE_KN_residential3_washing_machine
2015-04-06T17:00:00Z,2015-04-06T19:00:00+0200,,,,,,,,,,,,,,,,,,,,,,,,,,,,,,,,,,,,10.177,,,,,207.445,201.544,81.205,,,,42.558,158.503,,,,,,,,,,,,,,,,,,,,,
2015-04-06T18:00:00Z,2015-04-06T20:00:00+0200,,,,,,,,,,,,,,,,,,,,,,,,,,,,,,,,,,,,10.231,,,,,207.513,201.546,81.253,,,,42.565,158.726,,,,,,,,,,,,,,,,,,,,,
2015-04-06T19:00:00Z,2015-04-06T21:00:00+0200,,,,,,,,,,,,,,,,,,,,,,,,,,,,,,,,,,,,10.250,,,,,207.582,201.549,81.255,,,,42.592,158.726,,,,,,,,,,,,,,,,,,,,,
2015-04-06T20:00:00Z,2015-04-06T22:00:00+0200,,,,,,,,,,,,,,,,,,,,,,,,,,,,,,,,,,,,10.291,,,,,207.652,201.551,81.303,,,,42.611,158.726,,,,,,,,,,,,,,,,,,,,,
2015-04-06T21:00:00Z,2015-04-06T23:00:00+0200,,,,,,,,,,,,,,,,,,,,,,,,,,,,,,,,,,,,10.331,,,,,207.695,201.553,81.305,,,,42.615,158.963,,,,,,,,,,,,,,,,,,,,,
2015-04-06T22:00:00Z,2015-04-07T00:00:00+0200,,,,,,,,,,,,,,,,,,,,,,,,,,,,,,,,,,,,10.369,,,,,207.744,201.556,81.354,,,,42.637,159.261,,,,,,,,,,,,,,,,,,,,,
2015-04-06T23:00:00Z,2015-04-07T01:00:00+0200,,,,,,,,,,,,,,,,,,,,,,,,,,,,,,,,,,,,10.407,,,,,207.810,201.558,81.395,,,,42.659,159.299,,,,,,,,,,,,,,,,,,,,,
2015-04-07T00:00:00Z,2015-04-07T02:00:00+0200,,,,,,,,,,,,,,,,,,,,,,,,,,,,,,,,,,,,10.445,,,,,207.882,201.561,81.404,,,,42.660,159.299,,,,,,,,,,,,,,,,,,,,,
2015-04-07T01:00:00Z,2015-04-07T03:00:00+0200,,,,,,,,,,,,,,,,,,,,,,,,,,,,,,,,,,,,10.485,,,,,207.949,201.563,81.453,,,,42.683,159.299,,,,,,,,,,,,,,,,,,,,,
2015-04-07T02:00:00Z,2015-04-07T04:00:00+0200,,,,,,,,,,,,,,,,,,,,,,,,,,,,,,,,,,,,10.609,,,,,208.020,201.566,81.455,,,,42.702,159.299,,,,,,,,,,,,,,,,,,,,,
2015-04-07T03:00:00Z,2015-04-07T05:00:00+0200,,,,,,,,,,,,,,,,,,,,,,,,,,,,,,,,,,,,10.788,,,,,208.093,201.568,81.503,,,,42.705,159.299,,,,,,,,,,,,,,,,,,,,,
2015-04-07T04:00:00Z,2015-04-07T06:00:00+0200,,,,,,,,,,,,,,,,,,,,,,,,,,,,,,,,,,,,10.907,,,,,208.165,201.571,81.505,,,,42.727,159.299,,,,,,,,,,,,,,,,,,,,,
2015-04-07T05:00:00Z,2015-04-07T07:00:00+0200,,,,,,,,,,,,,,,,,,,,,,,,,,,,,,,,,,,,10.995,,,,,208.233,201.574,81.553,,,,42.741,159.299,,,,,,,,,,,,,,,,,,,,,
2015-04-07T06:00:00Z,2015-04-07T08:00:00+0200,,,,,,,,,,,,,,,,,,,,,,,,,,,,,,,,,,,,11.078,,,,,208.301,201.577,81.574,,,,42.763,159.299,,,,,,,,,,,,,,,,,,,,,DE_KN_residential3_washing_machine
2015-04-07T07:00:00Z,2015-04-07T09:00:00+0200,,,,,,,,,,,,,,,,,,,,,,,,,,,,,,,,,,,,11.141,,,,,208.370,201.579,81.603,,,,42.780,159.299,,,,,,,,,,,,,,,,,,,,,
2015-04-07T08:00:00Z,2015-04-07T10:00:00+0200,,,,,,,,,,,,,,,,,,,,,,,,,,,,,,,,,,,,11.213,,,,,208.481,201.582,81.641,,,,42.802,159.299,,,,,,,,,,,,,,,,,,,,,
2015-04-07T09:00:00Z,2015-04-07T11:00:00+0200,,,,,,,,,,,,,,,,,,,,,,,,,,,,,,,,,,,,11.268,,,,,208.599,201.584,81.653,,,,42.815,159.299,,,,,,,,,,,,,,,,,,,,,
2015-04-07T10:00:00Z,2015-04-07T12:00:00+0200,,,,,,,,,,,,,,,,,,,,,,,,,,,,,,,,,,,,11.323,,,,,208.709,201.587,81.701,,,,42.826,159.299,,,,,,,,,,,,,,,,,,,,,
2015-04-07T11:00:00Z,2015-04-07T13:00:00+0200,,,,,,,,,,,,,,,,,,,,,,,,,,,,,,,,,,,,11.387,,,,,208.817,201.589,81.703,,,,42.848,159.299,,,,,,,,,,,,,,,,,,,,,
2015-04-07T12:00:00Z,2015-04-07T14:00:00+0200,,,,,,,,,,,,,,,,,,,,,,,,,,,,,,,,,,,,11.402,,,,,208.924,201.592,81.751,,,,42.864,159.299,,,,,,,,,,,,,,,,,,,,,
2015-04-07T13:00:00Z,2015-04-07T15:00:00+0200,,,,,,,,,,,,,,,,,,,,,,,,,,,,,,,,,,,,11.474,,,,,209.034,201.595,81.753,,,,42.875,159.299,,,,,,,,,,,,,,,,,,,,,
2015-04-07T14:00:00Z,2015-04-07T16:00:00+0200,,,,,,,,,,,,,,,,,,,,,,,,,,,,,,,,,,,,11.616,,,,,209.142,201.597,81.801,,,,42.916,159.299,,,,,,,,,,,,,,,,,,,,,
2015-04-07T15:00:00Z,2015-04-07T17:00:00+0200,,,,,,,,,,,,,,,,,,,,,,,,,,,,,,,,,,,,11.681,,,,,209.244,201.690,81.819,,,,42.925,159.299,,,,,,,,,,,,,,,,,,,,,
2015-04-07T16:00:00Z,2015-04-07T18:00:00+0200,,,,,,,,,,,,,,,,,,,,,,,,,,,,,,,,,,,,11.747,,,,,209.325,202.591,81.851,,,,42.941,159.299,,,,,,,,,,,,,,,,,,,,,
2015-04-07T17:00:00Z,2015-04-07T19:00:00+0200,,,,,,,,,,,,,,,,,,,,,,,,,,,,,,,,,,,,11.850,,,,,209.395,202.935,81.888,,,,42.961,159.299,,,,,,,,,,,,,,,,,,,,,
2015-04-07T18:00:00Z,2015-04-07T20:00:00+0200,,,,,,,,,,,,,,,,,,,,,,,,,,,,,,,,,,,,11.935,,,,,209.463,202.937,81.901,,,,42.967,159.299,,,,,,,,,,,,,,,,,,,,,
2015-04-07T19:00:00Z,2015-04-07T21:00:00+0200,,,,,,,,,,,,,,,,,,,,,,,,,,,,,,,,,,,,11.939,,,,,209.533,203.541,81.949,,,,42.991,159.299,,,,,,,,,,,,,,,,,,,,,
2015-04-07T20:00:00Z,2015-04-07T22:00:00+0200,,,,,,,,,,,,,,,,,,,,,,,,,,,,,,,,,,,,11.973,,,,,209.603,204.182,81.951,,,,42.996,159.299,,,,,,,,,,,,,,,,,,,,,
2015-04-07T21:00:00Z,2015-04-07T23:00:00+0200,,,,,,,,,,,,,,,,,,,,,,,,,,,,,,,,,,,,12.038,,,,,209.646,204.184,81.999,,,,43.016,159.299,,,,,,,,,,,,,,,,,,,,,
2015-04-07T22:00:00Z,2015-04-08T00:00:00+0200,,,,,,,,,,,,,,,,,,,,,,,,,,,,,,,,,,,,12.105,,,,,209.694,204.187,82.002,,,,43.032,159.300,,,,,,,,,,,,,,,,,,,,,
2015-04-07T23:00:00Z,2015-04-08T01:00:00+0200,,,,,,,,,,,,,,,,,,,,,,,,,,,,,,,,,,,,12.172,,,,,209.759,204.189,82.050,,,,43.040,159.300,,,,,,,,,,,,,,,,,,,,,
2015-04-08T00:00:00Z,2015-04-08T02:00:00+0200,,,,,,,,,,,,,,,,,,,,,,,,,,,,,,,,,,,,12.239,,,,,209.830,204.191,82.071,,,,43.063,159.300,,,,,,,,,,,,,,,,,,,,,
2015-04-08T01:00:00Z,2015-04-08T03:00:00+0200,,,,,,,,,,,,,,,,,,,,,,,,,,,,,,,,,,,,12.335,,,,,209.896,204.193,82.100,,,,43.063,159.300,,,,,,,,,,,,,,,,,,,,,
2015-04-08T02:00:00Z,2015-04-08T04:00:00+0200,,,,,,,,,,,,,,,,,,,,,,,,,,,,,,,,,,,,12.452,,,,,209.967,204.196,82.141,,,,43.087,159.300,,,,,,,,,,,,,,,,,,,,,
2015-04-08T03:00:00Z,2015-04-08T05:00:00+0200,,,,,,,,,,,,,,,,,,,,,,,,,,,,,,,,,,,,12.651,,,,,210.039,204.198,82.150,,,,43.087,159.300,,,,,,,,,,,,,,,,,,,,,
2015-04-08T04:00:00Z,2015-04-08T06:00:00+0200,,,,,,,,,,,,,,,,,,,,,,,,,,,,,,,,,,,,12.767,,,,,210.110,204.200,82.198,,,,43.111,159.300,,,,,,,,,,,,,,,,,,,,,
2015-04-08T05:00:00Z,2015-04-08T07:00:00+0200,,,,,,,,,,,,,,,,,,,,,,,,,,,,,,,,,,,,12.889,,,,,210.179,204.203,82.200,,,,43.133,159.300,,,,,,,,,,,,,,,,,,,,,
2015-04-08T06:00:00Z,2015-04-08T08:00:00+0200,,,,,,,,,,,,,,,,,,,,,,,,,,,,,,,,,,,,12.954,,,,,210.248,204.205,82.248,,,,43.134,159.300,,,,,,,,,,,,,,,,,,,,,
2015-04-08T07:00:00Z,2015-04-08T09:00:00+0200,,,,,,,,,,,,,,,,,,,,,,,,,,,,,,,,,,,,13.038,,,,,210.322,204.208,82.250,,,,43.156,159.300,,,,,,,,,,,,,,,,,,,,,
2015-04-08T08:00:00Z,2015-04-08T10:00:00+0200,,,,,,,,,,,,,,,,,,,,,,,,,,,,,,,,,,,,13.104,,,,,210.437,204.211,82.298,,,,43.176,159.300,,,,,,,,,,,,,,,,,,,,,
2015-04-08T09:00:00Z,2015-04-08T11:00:00+0200,,,,,,,,,,,,,,,,,,,,,,,,,,,,,,,,,,,,13.176,,,,,210.556,204.213,82.318,,,,43.180,159.300,,,,,,,,,,,,,,,,,,,,,
2015-04-08T10:00:00Z,2015-04-08T12:00:00+0200,,,,,,,,,,,,,,,,,,,,,,,,,,,,,,,,,,,,13.238,,,,,210.668,204.216,82.348,,,,43.204,159.300,,,,,,,,,,,,,,,,,,,,,
2015-04-08T11:00:00Z,2015-04-08T13:00:00+0200,,,,,,,,,,,,,,,,,,,,,,,,,,,,,,,,,,,,13.247,,,,,210.776,204.218,82.387,,,,43.226,159.300,,,,,,,,,,,,,,,,,,,,,
2015-04-08T12:00:00Z,2015-04-08T14:00:00+0200,,,,,,,,,,,,,,,,,,,,,,,,,,,,,,,,,,,,13.250,,,,,210.882,204.221,82.425,,,,43.232,159.300,,,,,,,,,,,,,,,,,,,,,
2015-04-08T13:00:00Z,2015-04-08T15:00:00+0200,,,,,,,,,,,,,,,,,,,,,,,,,,,,,,,,,,,,13.329,,,,,210.993,204.223,82.446,,,,43.249,159.300,,,,,,,,,,,,,,,,,,,,,
2015-04-08T14:00:00Z,2015-04-08T16:00:00+0200,,,,,,,,,,,,,,,,,,,,,,,,,,,,,,,,,,,,13.517,,,,,211.100,205.124,82.491,,,,43.271,159.300,,,,,,,,,,,,,,,,,,,,,
2015-04-08T15:00:00Z,2015-04-08T17:00:00+0200,,,,,,,,,,,,,,,,,,,,,,,,,,,,,,,,,,,,13.591,,,,,211.203,205.575,82.502,,,,43.283,159.300,,,,,,,,,,,,,,,,,,,,,
2015-04-08T16:00:00Z,2015-04-08T18:00:00+0200,,,,,,,,,,,,,,,,,,,,,,,,,,,,,,,,,,,,13.650,,,,,211.289,205.578,82.540,,,,43.299,159.300,,,,,,,,,,,,,,,,,,,,,DE_KN_residential3_refrigerator
2015-04-08T17:00:00Z,2015-04-08T19:00:00+0200,,,,,,,,,,,,,,,,,,,,,,,,,,,,,,,,,,,,13.750,,,,,211.356,205.581,82.581,,,,43.318,159.300,,,,,,,,,,,,,,,,,,,,,DE_KN_residential3_refrigerator
2015-04-08T18:00:00Z,2015-04-08T20:00:00+0200,,,,,,,,,,,,,,,,,,,,,,,,,,,,,,,,,,,,13.831,,,,,211.422,205.583,82.591,,,,43.340,159.300,,,,,,,,,,,,,,,,,,,,,
2015-04-08T19:00:00Z,2015-04-08T21:00:00+0200,,,,,,,,,,,,,,,,,,,,,,,,,,,,,,,,,,,,13.835,,,,,211.490,205.586,82.639,,,,43.356,159.300,,,,,,,,,,,,,,,,,,,,,
2015-04-08T20:00:00Z,2015-04-08T22:00:00+0200,,,,,,,,,,,,,,,,,,,,,,,,,,,,,,,,,,,,13.839,,,,,211.557,205.588,82.641,,,,43.381,159.300,,,,,,,,,,,,,,,,,,,,,
2015-04-08T21:00:00Z,2015-04-08T23:00:00+0200,,,,,,,,,,,,,,,,,,,,,,,,,,,,,,,,,,,,13.843,,,,,211.599,205.591,82.690,,,,43.391,159.300,,,,,,,,,,,,,,,,,,,,,
2015-04-08T22:00:00Z,2015-04-09T00:00:00+0200,,,,,,,,,,,,,,,,,,,,,,,,,,,,,,,,,,,,13.847,,,,,211.628,205.594,82.693,,,,43.420,159.301,,,,,,,,,,,,,,,,,,,,,
2015-04-08T23:00:00Z,2015-04-09T01:00:00+0200,,,,,,,,,,,,,,,,,,,,,,,,,,,,,,,,,,,,13.850,,,,,211.693,205.596,82.740,,,,43.447,159.301,,,,,,,,,,,,,,,,,,,,,
2015-04-09T00:00:00Z,2015-04-09T02:00:00+0200,,,,,,,,,,,,,,,,,,,,,,,,,,,,,,,,,,,,13.854,,,,,211.763,205.599,82.766,,,,43.470,159.301,,,,,,,,,,,,,,,,,,,,,DE_KN_residential3_washing_machine
2015-04-09T01:00:00Z,2015-04-09T03:00:00+0200,,,,,,,,,,,,,,,,,,,,,,,,,,,,,,,,,,,,13.858,,,,,211.827,205.601,82.790,,,,43.486,159.301,,,,,,,,,,,,,,,,,,,,,DE_KN_residential3_washing_machine
2015-04-09T02:00:00Z,2015-04-09T04:00:00+0200,,,,,,,,,,,,,,,,,,,,,,,,,,,,,,,,,,,,13.861,,,,,211.897,205.604,82.834,,,,43.493,159.301,,,,,,,,,,,,,,,,,,,,,
2015-04-09T03:00:00Z,2015-04-09T05:00:00+0200,,,,,,,,,,,,,,,,,,,,,,,,,,,,,,,,,,,,14.051,,,,,211.968,205.606,82.841,,,,43.515,159.301,,,,,,,,,,,,,,,,,,,,,
2015-04-09T04:00:00Z,2015-04-09T06:00:00+0200,,,,,,,,,,,,,,,,,,,,,,,,,,,,,,,,,,,,14.175,,,,,212.040,205.609,82.889,,,,43.524,159.301,,,,,,,,,,,,,,,,,,,,,
2015-04-09T05:00:00Z,2015-04-09T07:00:00+0200,,,,,,,,,,,,,,,,,,,,,,,,,,,,,,,,,,,,14.248,,,,,212.108,205.612,82.891,,,,43.539,159.301,,,,,,,,,,,,,,,,,,,,,
2015-04-09T06:00:00Z,2015-04-09T08:00:00+0200,,,,,,,,,,,,,,,,,,,,,,,,,,,,,,,,,,,,14.324,,,,,212.174,205.614,82.940,,,,43.564,159.301,,,,,,,,,,,,,,,,,,,,,
2015-04-09T07:00:00Z,2015-04-09T09:00:00+0200,,,,,,,,,,,,,,,,,,,,,,,,,,,,,,,,,,,,14.387,,,,,212.257,206.036,82.942,,,,43.577,159.301,,,,,,,,,,,,,,,,,,,,,DE_KN_residential3_washing_machine
2015-04-09T08:00:00Z,2015-04-09T10:00:00+0200,,,,,,,,,,,,,,,,,,,,,,,,,,,,,,,,,,,,14.402,,,,,212.367,206.978,82.990,,,,43.588,159.301,,,,,,,,,,,,,,,,,,,,,
2015-04-09T09:00:00Z,2015-04-09T11:00:00+0200,,,,,,,,,,,,,,,,,,,,,,,,,,,,,,,,,,,,14.406,,,,,212.473,206.983,83.009,,,,43.611,159.301,,,,,,,,,,,,,,,,,,,,,
2015-04-09T10:00:00Z,2015-04-09T12:00:00+0200,,,,,,,,,,,,,,,,,,,,,,,,,,,,,,,,,,,,14.410,,,,,212.580,206.988,83.040,,,,43.626,159.301,,,,,,,,,,,,,,,,,,,,,
2015-04-09T11:00:00Z,2015-04-09T13:00:00+0200,,,,,,,,,,,,,,,,,,,,,,,,,,,,,,,,,,,,14.414,,,,,212.686,206.991,83.077,,,,43.636,159.301,,,,,,,,,,,,,,,,,,,,,
2015-04-09T12:00:00Z,2015-04-09T14:00:00+0200,,,,,,,,,,,,,,,,,,,,,,,,,,,,,,,,,,,,14.417,,,,,212.789,206.994,83.091,,,,43.659,159.301,,,,,,,,,,,,,,,,,,,,,
2015-04-09T13:00:00Z,2015-04-09T15:00:00+0200,,,,,,,,,,,,,,,,,,,,,,,,,,,,,,,,,,,,14.493,,,,,212.897,206.996,83.139,,,,43.675,159.301,,,,,,,,,,,,,,,,,,,,,
2015-04-09T14:00:00Z,2015-04-09T16:00:00+0200,,,,,,,,,,,,,,,,,,,,,,,,,,,,,,,,,,,,14.627,,,,,213.003,206.999,83.141,,,,43.683,159.301,,,,,,,,,,,,,,,,,,,,,
2015-04-09T15:00:00Z,2015-04-09T17:00:00+0200,,,,,,,,,,,,,,,,,,,,,,,,,,,,,,,,,,,,14.701,,,,,213.104,207.002,83.190,,,,43.707,159.301,,,,,,,,,,,,,,,,,,,,,
2015-04-09T16:00:00Z,2015-04-09T18:00:00+0200,,,,,,,,,,,,,,,,,,,,,,,,,,,,,,,,,,,,14.761,,,,,213.190,207.004,83.192,,,,43.724,159.301,,,,,,,,,,,,,,,,,,,,,
2015-04-09T17:00:00Z,2015-04-09T19:00:00+0200,,,,,,,,,,,,,,,,,,,,,,,,,,,,,,,,,,,,14.854,,,,,213.256,207.312,83.241,,,,43.734,159.301,,,,,,,,,,,,,,,,,,,,,
2015-04-09T18:00:00Z,2015-04-09T20:00:00+0200,,,,,,,,,,,,,,,,,,,,,,,,,,,,,,,,,,,,14.892,,,,,213.324,208.285,83.258,,,,43.758,159.301,,,,,,,,,,,,,,,,,,,,,
2015-04-09T19:00:00Z,2015-04-09T21:00:00+0200,,,,,,,,,,,,,,,,,,,,,,,,,,,,,,,,,,,,14.896,,,,,213.390,208.289,83.292,,,,43.772,159.301,,,,,,,,,,,,,,,,,,,,,
2015-04-09T20:00:00Z,2015-04-09T22:00:00+0200,,,,,,,,,,,,,,,,,,,,,,,,,,,,,,,,,,,,14.900,,,,,213.456,208.291,83.328,,,,43.785,159.301,,,,,,,,,,,,,,,,,,,,,
2015-04-09T21:00:00Z,2015-04-09T23:00:00+0200,,,,,,,,,,,,,,,,,,,,,,,,,,,,,,,,,,,,14.903,,,,,213.497,208.294,83.343,,,,43.808,159.301,,,,,,,,,,,,,,,,,,,,,
2015-04-09T22:00:00Z,2015-04-10T00:00:00+0200,,,,,,,,,,,,,,,,,,,,,,,,,,,,,,,,,,,,14.907,,,,,213.510,208.297,83.392,,,,43.834,159.302,,,,,,,,,,,,,,,,,,,,,
2015-04-09T23:00:00Z,2015-04-10T01:00:00+0200,,,,,,,,,,,,,,,,,,,,,,,,,,,,,,,,,,,,14.911,,,,,213.575,208.299,83.394,,,,43.834,159.302,,,,,,,,,,,,,,,,,,,,,
2015-04-10T00:00:00Z,2015-04-10T02:00:00+0200,,,,,,,,,,,,,,,,,,,,,,,,,,,,,,,,,,,,14.915,,,,,213.645,208.302,83.443,,,,43.858,159.302,,,,,,,,,,,,,,,,,,,,,DE_KN_residential3_washing_machine
2015-04-10T01:00:00Z,2015-04-10T03:00:00+0200,,,,,,,,,,,,,,,,,,,,,,,,,,,,,,,,,,,,14.918,,,,,213.709,208.304,83.445,,,,43.875,159.302,,,,,,,,,,,,,,,,,,,,,
2015-04-10T02:00:00Z,2015-04-10T04:00:00+0200,,,,,,,,,,,,,,,,,,,,,,,,,,,,,,,,,,,,14.922,,,,,213.779,208.307,83.494,,,,43.883,159.302,,,,,,,,,,,,,,,,,,,,,
2015-04-10T03:00:00Z,2015-04-10T05:00:00+0200,,,,,,,,,,,,,,,,,,,,,,,,,,,,,,,,,,,,15.133,,,,,213.849,208.309,83.498,,,,43.906,159.302,,,,,,,,,,,,,,,,,,,,,
2015-04-10T04:00:00Z,2015-04-10T06:00:00+0200,,,,,,,,,,,,,,,,,,,,,,,,,,,,,,,,,,,,15.275,,,,,213.921,208.312,83.544,,,,43.908,159.302,,,,,,,,,,,,,,,,,,,,,
2015-04-10T05:00:00Z,2015-04-10T07:00:00+0200,,,,,,,,,,,,,,,,,,,,,,,,,,,,,,,,,,,,15.352,,,,,213.988,208.315,83.565,,,,43.930,159.302,,,,,,,,,,,,,,,,,,,,,
2015-04-10T06:00:00Z,2015-04-10T08:00:00+0200,,,,,,,,,,,,,,,,,,,,,,,,,,,,,,,,,,,,15.431,,,,,214.054,208.318,83.595,,,,43.944,159.871,,,,,,,,,,,,,,,,,,,,,
2015-04-10T07:00:00Z,2015-04-10T09:00:00+0200,,,,,,,,,,,,,,,,,,,,,,,,,,,,,,,,,,,,15.467,0.000,0.000,,0.000,214.127,208.320,83.624,,,,43.955,159.990,,,,,,,,,,,,,,,,,,,,,
2015-04-10T08:00:00Z,2015-04-10T10:00:00+0200,,,,,,,,,,,,,,,,,,,,,,,,,,,,,,,,,,,,15.471,0.000,0.012,,0.000,214.229,208.323,83.646,,,,43.979,160.140,,,,,,,,,,,,,,,,,,,,,
2015-04-10T09:00:00Z,2015-04-10T11:00:00+0200,,,,,,,,,,,,,,,,,,,,,,,,,,,,,,,,,,,,15.475,0.000,0.030,,0.000,214.335,208.325,83.695,,,,43.982,160.143,,,,,,,,,,,,,,,,,,,,,
2015-04-10T10:00:00Z,2015-04-10T12:00:00+0200,,,,,,,,,,,,,,,,,,,,,,,,,,,,,,,,,,,,15.535,0.001,0.044,,0.000,214.443,208.328,83.697,,,,44.003,160.143,,,,,,,,,,,,,,,,,,,,,
2015-04-10T11:00:00Z,2015-04-10T13:00:00+0200,,,,,,,,,,,,,,,,,,,,,,,,,,,,,,,,,,,,15.631,0.001,0.055,,0.000,214.546,208.330,83.746,,,,44.032,160.143,,,,,,,,,,,,,,,,,,,,,
2015-04-10T12:00:00Z,2015-04-10T14:00:00+0200,,,,,,,,,,,,,,,,,,,,,,,,,,,,,,,,,,,,15.694,0.001,0.066,,0.000,214.648,208.333,83.748,,,,44.037,160.815,,,,,,,,,,,,,,,,,,,,,
2015-04-10T13:00:00Z,2015-04-10T15:00:00+0200,,,,,,,,,,,,,,,,,,,,,,,,,,,,,,,,,,,,15.753,0.001,0.077,,0.000,214.755,209.226,83.797,,,,44.058,161.806,,,,,,,,,,,,,,,,,,,,,
2015-04-10T14:00:00Z,2015-04-10T16:00:00+0200,,,,,,,,,,,,,,,,,,,,,,,,,,,,,,,,,,,,15.813,0.002,0.088,,0.000,214.854,209.521,83.804,,,,44.082,161.829,,,,,,,,,,,,,,,,,,,,,
2015-04-10T15:00:00Z,2015-04-10T17:00:00+0200,,,,,,,,,,,,,,,,,,,,,,,,,,,,,,,,,,,,15.952,0.002,0.100,,0.000,214.940,209.524,83.848,,,,44.086,161.850,,,,,,,,,,,,,,,,,,,,,
2015-04-10T16:00:00Z,2015-04-10T18:00:00+0200,,,,,,,,,,,,,,,,,,,,,,,,,,,,,,,,,,,,16.000,0.002,0.116,,0.000,215.031,209.527,83.877,,,,44.110,161.850,,,,,,,,,,,,,,,,,,,,,
2015-04-10T17:00:00Z,2015-04-10T19:00:00+0200,,,,,,,,,,,,,,,,,,,,,,,,,,,,,,,,,,,,16.010,0.002,0.132,,0.000,215.106,209.529,83.900,,,,44.143,161.850,,,,,,,,,,,,,,,,,,,,,
2015-04-10T18:00:00Z,2015-04-10T20:00:00+0200,,,,,,,,,,,,,,,,,,,,,,,,,,,,,,,,,,,,16.019,0.002,0.143,,0.001,215.169,209.532,83.944,,,,44.160,161.850,,,,,,,,,,,,,,,,,,,,,
2015-04-10T19:00:00Z,2015-04-10T21:00:00+0200,,,,,,,,,,,,,,,,,,,,,,,,,,,,,,,,,,,,16.023,0.003,0.154,,0.001,215.233,209.534,83.951,,,,44.172,161.905,,,,,,,,,,,,,,,,,,,,,
2015-04-10T20:00:00Z,2015-04-10T22:00:00+0200,,,,,,,,,,,,,,,,,,,,,,,,,,,,,,,,,,,,16.026,0.003,0.165,,0.001,215.298,209.537,84.000,,,,44.198,162.065,,,,,,,,,,,,,,,,,,,,,
2015-04-10T21:00:00Z,2015-04-10T23:00:00+0200,,,,,,,,,,,,,,,,,,,,,,,,,,,,,,,,,,,,16.030,0.003,0.177,,0.001,215.338,209.540,84.003,,,,44.214,162.477,,,,,,,,,,,,,,,,,,,,,
2015-04-10T22:00:00Z,2015-04-11T00:00:00+0200,,,,,,,,,,,,,,,,,,,,,,,,,,,,,,,,,,,,16.034,0.003,0.188,,0.001,215.347,209.542,84.052,,,,44.224,162.533,,,,,,,,,,,,,,,,,,,,,
2015-04-10T23:00:00Z,2015-04-11T01:00:00+0200,,,,,,,,,,,,,,,,,,,,,,,,,,,,,,,,,,,,16.038,0.003,0.204,,0.001,215.386,209.545,84.054,,,,44.249,162.574,,,,,,,,,,,,,,,,,,,,,
2015-04-11T00:00:00Z,2015-04-11T02:00:00+0200,,,,,,,,,,,,,,,,,,,,,,,,,,,,,,,,,,,,16.041,0.004,0.220,,0.001,215.455,209.547,84.103,,,,44.255,162.574,,,,,,,,,,,,,,,,,,,,,
2015-04-11T01:00:00Z,2015-04-11T03:00:00+0200,,,,,,,,,,,,,,,,,,,,,,,,,,,,,,,,,,,,16.045,0.004,0.231,,0.001,215.519,209.550,84.120,,,,44.274,162.574,,,,,,,,,,,,,,,,,,,,,
2015-04-11T02:00:00Z,2015-04-11T04:00:00+0200,,,,,,,,,,,,,,,,,,,,,,,,,,,,,,,,,,,,16.049,0.004,0.242,,0.001,215.587,209.553,84.155,,,,44.298,162.574,,,,,,,,,,,,,,,,,,,,,
2015-04-11T03:00:00Z,2015-04-11T05:00:00+0200,,,,,,,,,,,,,,,,,,,,,,,,,,,,,,,,,,,,16.053,0.004,0.253,,0.001,215.658,209.555,84.190,,,,44.299,162.574,,,,,,,,,,,,,,,,,,,,,
2015-04-11T04:00:00Z,2015-04-11T06:00:00+0200,,,,,,,,,,,,,,,,,,,,,,,,,,,,,,,,,,,,16.231,0.005,0.264,,0.001,215.728,209.558,84.207,,,,44.324,162.574,,,,,,,,,,,,,,,,,,,,,
2015-04-11T05:00:00Z,2015-04-11T07:00:00+0200,,,,,,,,,,,,,,,,,,,,,,,,,,,,,,,,,,,,16.331,0.005,0.277,,0.001,215.794,209.561,84.256,,,,44.350,162.574,,,,,,,,,,,,,,,,,,,,,
2015-04-11T06:00:00Z,2015-04-11T08:00:00+0200,,,,,,,,,,,,,,,,,,,,,,,,,,,,,,,,,,,,16.391,0.016,0.293,,0.001,215.859,209.563,84.258,,,,44.356,162.574,,,,,,,,,,,,,,,,,,,,,
2015-04-11T07:00:00Z,2015-04-11T09:00:00+0200,,,,,,,,,,,,,,,,,,,,,,,,,,,,,,,,,,,,16.450,1.140,0.308,,0.001,215.939,209.566,84.307,,,,44.375,162.574,,,,,,,,,,,,,,,,,,,,,
2015-04-11T08:00:00Z,2015-04-11T10:00:00+0200,,,,,,,,,,,,,,,,,,,,,,,,,,,,,,,,,,,,16.513,1.365,0.319,,0.001,216.050,209.568,84.309,,,,44.400,162.574,,,,,,,,,,,,,,,,,,,,,
2015-04-11T09:00:00Z,2015-04-11T11:00:00+0200,,,,,,,,,,,,,,,,,,,,,,,,,,,,,,,,,,,,16.610,1.366,0.330,,0.001,216.156,209.571,84.358,,,,44.400,162.574,,,,,,,,,,,,,,,,,,,,,
2015-04-11T10:00:00Z,2015-04-11T12:00:00+0200,,,,,,,,,,,,,,,,,,,,,,,,,,,,,,,,,,,,16.672,1.366,0.341,,0.001,216.265,209.574,84.361,,,,44.424,162.575,,,,,,,,,,,,,,,,,,,,,
2015-04-11T11:00:00Z,2015-04-11T13:00:00+0200,,,,,,,,,,,,,,,,,,,,,,,,,,,,,,,,,,,,16.719,1.366,0.352,,0.001,216.366,209.576,84.409,,,,44.452,162.575,,,,,,,,,,,,,,,,,,,,,
2015-04-11T12:00:00Z,2015-04-11T14:00:00+0200,,,,,,,,,,,,,,,,,,,,,,,,,,,,,,,,,,,,16.778,1.366,0.366,,0.002,216.465,209.579,84.432,,,,44.455,162.575,,,,,,,,,,,,,,,,,,,,,
2015-04-11T13:00:00Z,2015-04-11T15:00:00+0200,,,,,,,,,,,,,,,,,,,,,,,,,,,,,,,,,,,,16.839,1.366,0.383,,0.002,216.572,209.581,84.460,,,,44.480,162.575,,,,,,,,,,,,,,,,,,,,,DE_KN_residential3_washing_machine
2015-04-11T14:00:00Z,2015-04-11T16:00:00+0200,,,,,,,,,,,,,,,,,,,,,,,,,,,,,,,,,,,,16.897,1.367,0.395,,0.002,216.649,209.584,84.501,,,,44.496,162.575,,,,,,,,,,,,,,,,,,,,,
2015-04-11T15:00:00Z,2015-04-11T17:00:00+0200,,,,,,,,,,,,,,,,,,,,,,,,,,,,,,,,,,,,16.956,1.367,0.406,,0.002,216.717,209.586,84.511,,,,44.504,162.575,,,,,,,,,,,,,,,,,,,,,
2015-04-11T16:00:00Z,2015-04-11T18:00:00+0200,,,,,,,,,,,,,,,,,,,,,,,,,,,,,,,,,,,,17.049,1.367,0.417,,0.002,216.781,209.589,84.560,,,,44.528,162.575,,,,,,,,,,,,,,,,,,,,,
2015-04-11T17:00:00Z,2015-04-11T19:00:00+0200,,,,,,,,,,,,,,,,,,,,,,,,,,,,,,,,,,,,17.108,1.367,0.428,,0.002,216.844,209.592,84.562,,,,44.537,163.058,,,,,,,,,,,,,,,,,,,,,
2015-04-11T18:00:00Z,2015-04-11T20:00:00+0200,,,,,,,,,,,,,,,,,,,,,,,,,,,,,,,,,,,,17.166,1.368,0.439,,0.002,216.906,209.594,84.611,,,,44.553,163.194,,,,,,,,,,,,,,,,,,,,,
2015-04-11T19:00:00Z,2015-04-11T21:00:00+0200,,,,,,,,,,,,,,,,,,,,,,,,,,,,,,,,,,,,17.207,1.368,0.455,,0.002,216.970,209.597,84.613,,,,44.576,163.238,,,,,,,,,,,,,,,,,,,,,
2015-04-11T20:00:00Z,2015-04-11T22:00:00+0200,,,,,,,,,,,,,,,,,,,,,,,,,,,,,,,,,,,,17.211,1.368,0.472,,0.002,217.034,209.599,84.663,,,,44.590,163.447,,,,,,,,,,,,,,,,,,,,,
2015-04-11T21:00:00Z,2015-04-11T23:00:00+0200,,,,,,,,,,,,,,,,,,,,,,,,,,,,,,,,,,,,17.215,1.368,0.484,,0.002,217.075,210.129,84.702,,,,44.600,163.448,,,,,,,,,,,,,,,,,,,,,
2015-04-11T22:00:00Z,2015-04-12T00:00:00+0200,,,,,,,,,,,,,,,,,,,,,,,,,,,,,,,,,,,,17.218,1.368,0.495,,0.002,217.086,210.986,84.714,,,,44.625,163.448,,,,,,,,,,,,,,,,,,,,,
2015-04-11T23:00:00Z,2015-04-12T01:00:00+0200,,,,,,,,,,,,,,,,,,,,,,,,,,,,,,,,,,,,17.222,1.368,0.506,,0.002,217.131,210.989,84.763,,,,44.647,163.448,,,,,,,,,,,,,,,,,,,,,
2015-04-12T00:00:00Z,2015-04-12T02:00:00+0200,,,,,,,,,,,,,,,,,,,,,,,,,,,,,,,,,,,,17.226,1.369,0.517,,0.002,217.201,210.991,84.765,,,,44.649,163.448,,,,,,,,,,,,,,,,,,,,,
2015-04-12T01:00:00Z,2015-04-12T03:00:00+0200,,,,,,,,,,,,,,,,,,,,,,,,,,,,,,,,,,,,17.229,1.369,0.528,,0.002,217.264,210.993,84.814,,,,44.673,163.448,,,,,,,,,,,,,,,,,,,,,
2015-04-12T02:00:00Z,2015-04-12T04:00:00+0200,,,,,,,,,,,,,,,,,,,,,,,,,,,,,,,,,,,,17.233,1.369,0.545,,0.002,217.332,210.995,84.816,,,,44.693,163.448,,,,,,,,,,,,,,,,,,,,,
2015-04-12T03:00:00Z,2015-04-12T05:00:00+0200,,,,,,,,,,,,,,,,,,,,,,,,,,,,,,,,,,,,17.237,1.369,0.561,,0.002,217.403,210.997,84.865,,,,44.696,163.448,,,,,,,,,,,,,,,,,,,,,
2015-04-12T04:00:00Z,2015-04-12T06:00:00+0200,,,,,,,,,,,,,,,,,,,,,,,,,,,,,,,,,,,,17.386,1.370,0.572,,0.002,217.473,211.000,84.871,,,,44.719,163.449,,,,,,,,,,,,,,,,,,,,,
2015-04-12T05:00:00Z,2015-04-12T07:00:00+0200,,,,,,,,,,,,,,,,,,,,,,,,,,,,,,,,,,,,17.474,1.370,0.583,,0.002,217.540,211.002,84.916,,,,44.733,163.449,,,,,,,,,,,,,,,,,,,,,
2015-04-12T06:00:00Z,2015-04-12T08:00:00+0200,,,,,,,,,,,,,,,,,,,,,,,,,,,,,,,,,,,,17.536,1.370,0.594,,0.002,217.618,211.004,84.941,,,,44.746,163.449,,,,,,,,,,,,,,,,,,,,,
2015-04-12T07:00:00Z,2015-04-12T09:00:00+0200,,,,,,,,,,,,,,,,,,,,,,,,,,,,,,,,,,,,17.595,1.370,0.605,,0.002,217.709,211.007,84.981,,,,44.765,163.449,,,,,,,,,,,,,,,,,,,,,DE_KN_residential3_washing_machine | DE_KN_residential3_dishwasher | DE_KN_residential3_refrigerator | DE_KN_residential3_freezer | DE_KN_residential3_circulation_pump
2015-04-12T08:00:00Z,2015-04-12T10:00:00+0200,,,,,,,,,,,,,,,,,,,,,,,,,,,,,,,,,,,,17.641,1.371,0.617,,0.002,217.819,211.010,85.016,,,,44.783,163.449,,,,,,,,,,,,,,,,,,,,,DE_KN_residential3_washing_machine | DE_KN_residential3_dishwasher | DE_KN_residential3_refrigerator | DE_KN_residential3_freezer | DE_KN_residential3_circulation_pump
2015-04-12T09:00:00Z,2015-04-12T11:00:00+0200,,,,,,,,,,,,,,,,,,,,,,,,,,,,,,,,,,,,17.705,1.371,0.634,,0.002,217.934,211.013,85.048,,,,44.787,163.449,,,,,,,,,,,,,,,,,,,,,DE_KN_residential3_washing_machine | DE_KN_residential3_dishwasher | DE_KN_residential3_refrigerator | DE_KN_residential3_freezer | DE_KN_residential3_circulation_pump
2015-04-12T10:00:00Z,2015-04-12T12:00:00+0200,,,,,,,,,,,,,,,,,,,,,,,,,,,,,,,,,,,,17.802,1.371,0.649,,0.002,218.040,211.016,85.066,,,,44.808,163.449,,,,,,,,,,,,,,,,,,,,,DE_KN_residential3_washing_machine | DE_KN_residential3_dishwasher | DE_KN_residential3_refrigerator | DE_KN_residential3_freezer | DE_KN_residential3_circulation_pump
2015-04-12T11:00:00Z,2015-04-12T13:00:00+0200,,,,,,,,,,,,,,,,,,,,,,,,,,,,,,,,,,,,17.874,1.371,0.661,,0.003,218.150,211.018,85.115,,,,44.820,163.449,,,,,,,,,,,,,,,,,,,,,DE_KN_residential3_washing_machine | DE_KN_residential3_dishwasher | DE_KN_residential3_refrigerator | DE_KN_residential3_freezer | DE_KN_residential3_circulation_pump
2015-04-12T12:00:00Z,2015-04-12T14:00:00+0200,,,,,,,,,,,,,,,,,,,,,,,,,,,,,,,,,,,,17.934,1.371,0.661,,0.017,218.256,211.021,85.117,,,,44.830,163.449,,,,,,,,,,,,,,,,,,,,,DE_KN_residential3_washing_machine | DE_KN_residential3_dishwasher | DE_KN_residential3_refrigerator | DE_KN_residential3_freezer | DE_KN_residential3_circulation_pump | DE_KN_residential2_dishwasher
2015-04-12T13:00:00Z,2015-04-12T15:00:00+0200,,,,,,,,,,,,,,,,,,,,,,,,,,,,,,,,,,,,17.981,1.371,0.670,,0.399,218.356,211.023,85.166,,,,44.851,163.449,,,,,,,,,,,,,,,,,,,,,DE_KN_residential3_washing_machine | DE_KN_residential2_freezer | DE_KN_residential3_dishwasher | DE_KN_residential3_refrigerator | DE_KN_residential3_freezer | DE_KN_residential3_circulation_pump | DE_KN_residential2_dishwasher
2015-04-12T14:00:00Z,2015-04-12T16:00:00+0200,,,,,,,,,,,,,,,,,,,,,,,,,,,,,,,,,,,,18.039,1.371,0.672,,0.801,218.459,211.026,85.168,,,,44.857,163.449,,,,,,,,,,,,,,,,,,,,,DE_KN_residential3_washing_machine | DE_KN_residential2_freezer | DE_KN_residential3_dishwasher | DE_KN_residential3_refrigerator | DE_KN_residential3_freezer | DE_KN_residential3_circulation_pump | DE_KN_residential2_dishwasher
2015-04-12T15:00:00Z,2015-04-12T17:00:00+0200,,,,,,,,,,,,,,,,,,,,,,,,,,,,,,,,,,,,18.056,1.371,0.680,,1.202,218.533,211.028,85.216,,,,44.872,163.449,,,,,,,,,,,,,,,,,,,,,DE_KN_residential3_washing_machine | DE_KN_residential2_freezer | DE_KN_residential3_dishwasher | DE_KN_residential3_refrigerator | DE_KN_residential3_freezer | DE_KN_residential3_circulation_pump | DE_KN_residential2_dishwasher
2015-04-12T16:00:00Z,2015-04-12T18:00:00+0200,,,,,,,,,,,,,,,,,,,,,,,,,,,,,,,,,,,,18.065,1.372,0.693,,1.318,218.601,211.031,85.226,,,,44.893,163.449,,,,,,,,,,,,,,,,,,,,,DE_KN_residential3_washing_machine | DE_KN_residential3_dishwasher | DE_KN_residential3_refrigerator | DE_KN_residential3_freezer | DE_KN_residential3_circulation_pump | DE_KN_residential2_dishwasher
2015-04-12T17:00:00Z,2015-04-12T19:00:00+0200,,,,,,,,,,,,,,,,,,,,,,,,,,,,,,,,,,,,18.139,1.372,0.737,,1.351,218.669,211.034,85.267,,,,44.894,163.449,,,,,,,,,,,,,,,,,,,,,DE_KN_residential3_washing_machine | DE_KN_residential3_dishwasher | DE_KN_residential3_refrigerator | DE_KN_residential3_freezer | DE_KN_residential3_circulation_pump
2015-04-12T18:00:00Z,2015-04-12T20:00:00+0200,,,,,,,,,,,,,,,,,,,,,,,,,,,,,,,,,,,,18.145,1.373,0.747,,1.351,218.737,211.036,85.296,,,,44.915,163.449,,,,,,,,,,,,,,,,,,,,,DE_KN_residential3_washing_machine | DE_KN_residential3_dishwasher | DE_KN_residential3_refrigerator | DE_KN_residential3_freezer | DE_KN_residential3_circulation_pump
2015-04-12T19:00:00Z,2015-04-12T21:00:00+0200,,,,,,,,,,,,,,,,,,,,,,,,,,,,,,,,,,,,18.149,1.373,0.758,,1.351,218.806,211.039,85.317,,,,44.933,163.449,,,,,,,,,,,,,,,,,,,,,DE_KN_residential3_washing_machine | DE_KN_residential3_dishwasher | DE_KN_residential3_refrigerator | DE_KN_residential3_freezer | DE_KN_residential3_circulation_pump
2015-04-12T20:00:00Z,2015-04-12T22:00:00+0200,,,,,,,,,,,,,,,,,,,,,,,,,,,,,,,,,,,,18.152,1.373,0.769,,1.351,218.875,211.041,85.365,,,,44.937,163.449,,,,,,,,,,,,,,,,,,,,,DE_KN_residential3_washing_machine | DE_KN_residential3_dishwasher | DE_KN_residential3_refrigerator | DE_KN_residential3_freezer | DE_KN_residential3_circulation_pump
2015-04-12T21:00:00Z,2015-04-12T23:00:00+0200,,,,,,,,,,,,,,,,,,,,,,,,,,,,,,,,,,,,18.156,1.373,0.781,,1.351,218.918,211.044,85.368,,,,44.973,163.626,,,,,,,,,,,,,,,,,,,,,DE_KN_residential3_washing_machine | DE_KN_residential3_dishwasher | DE_KN_residential3_refrigerator | DE_KN_residential3_freezer | DE_KN_residential3_circulation_pump
2015-04-12T22:00:00Z,2015-04-13T00:00:00+0200,,,,,,,,,,,,,,,,,,,,,,,,,,,,,,,,,,,,18.160,1.373,0.798,,1.351,218.973,211.046,85.416,,,,44.992,163.700,,,,,,,,,,,,,,,,,,,,,DE_KN_residential3_washing_machine | DE_KN_residential3_dishwasher | DE_KN_residential3_refrigerator | DE_KN_residential3_freezer | DE_KN_residential3_circulation_pump
2015-04-12T23:00:00Z,2015-04-13T01:00:00+0200,,,,,,,,,,,,,,,,,,,,,,,,,,,,,,,,,,,,18.163,1.374,0.813,,1.351,219.039,211.050,85.419,,,,44.997,163.702,,,,,,,,,,,,,,,,,,,,,DE_KN_residential3_washing_machine | DE_KN_residential3_dishwasher | DE_KN_residential3_refrigerator | DE_KN_residential3_freezer | DE_KN_residential3_circulation_pump
2015-04-13T00:00:00Z,2015-04-13T02:00:00+0200,,,,,,,,,,,,,,,,,,,,,,,,,,,,,,,,,,,,18.167,1.374,0.824,,1.351,219.111,211.052,85.467,,,,45.020,163.702,,,,,,,,,,,,,,,,,,,,,DE_KN_residential3_washing_machine | DE_KN_residential3_dishwasher | DE_KN_residential3_refrigerator | DE_KN_residential3_freezer | DE_KN_residential3_circulation_pump
2015-04-13T01:00:00Z,2015-04-13T03:00:00+0200,,,,,,,,,,,,,,,,,,,,,,,,,,,,,,,,,,,,18.171,1.374,0.835,,1.351,219.179,211.055,85.470,,,,45.039,163.702,,,,,,,,,,,,,,,,,,,,,DE_KN_residential3_washing_machine | DE_KN_residential3_dishwasher | DE_KN_residential3_refrigerator | DE_KN_residential3_freezer | DE_KN_residential3_circulation_pump
2015-04-13T02:00:00Z,2015-04-13T04:00:00+0200,,,,,,,,,,,,,,,,,,,,,,,,,,,,,,,,,,,,18.174,1.374,0.846,,1.351,219.252,211.057,85.518,,,,45.043,163.702,,,,,,,,,,,,,,,,,,,,,DE_KN_residential3_washing_machine | DE_KN_residential3_dishwasher | DE_KN_residential3_refrigerator | DE_KN_residential3_freezer | DE_KN_residential3_circulation_pump
2015-04-13T03:00:00Z,2015-04-13T05:00:00+0200,,,,,,,,,,,,,,,,,,,,,,,,,,,,,,,,,,,,18.297,1.375,0.857,,1.351,219.325,211.060,85.538,,,,45.066,163.702,,,,,,,,,,,,,,,,,,,,,DE_KN_residential3_washing_machine | DE_KN_residential3_dishwasher | DE_KN_residential3_refrigerator | DE_KN_residential3_freezer | DE_KN_residential3_circulation_pump
2015-04-13T04:00:00Z,2015-04-13T06:00:00+0200,,,,,,,,,,,,,,,,,,,,,,,,,,,,,,,,,,,,18.368,1.375,0.873,,1.351,219.399,211.062,85.569,,,,45.074,163.702,,,,,,,,,,,,,,,,,,,,,DE_KN_residential3_washing_machine | DE_KN_residential3_dishwasher | DE_KN_residential3_refrigerator | DE_KN_residential3_freezer | DE_KN_residential3_circulation_pump
2015-04-13T05:00:00Z,2015-04-13T07:00:00+0200,,,,,,,,,,,,,,,,,,,,,,,,,,,,,,,,,,,,18.447,1.375,0.890,,1.351,219.471,211.065,85.607,,,,45.088,163.703,,,,,,,,,,,,,,,,,,,,,DE_KN_residential3_washing_machine | DE_KN_residential3_dishwasher | DE_KN_residential3_refrigerator | DE_KN_residential3_freezer | DE_KN_residential3_circulation_pump
2015-04-13T06:00:00Z,2015-04-13T08:00:00+0200,,,,,,,,,,,,,,,,,,,,,,,,,,,,,,,,,,,,18.513,1.375,0.901,,1.351,219.541,211.068,85.619,,,,45.109,163.703,,,,,,,,,,,,,,,,,,,,,DE_KN_residential3_washing_machine | DE_KN_residential3_dishwasher | DE_KN_residential3_refrigerator | DE_KN_residential3_freezer | DE_KN_residential3_circulation_pump
2015-04-13T07:00:00Z,2015-04-13T09:00:00+0200,,,,,,,,,,,,,,,,,,,,,,,,,,,,,,,,,,,,18.562,1.375,0.912,,1.351,219.618,211.070,85.668,,,,45.109,163.703,,,,,,,,,,,,,,,,,,,,,DE_KN_residential3_washing_machine | DE_KN_residential3_dishwasher | DE_KN_residential3_refrigerator | DE_KN_residential3_freezer | DE_KN_residential3_circulation_pump
2015-04-13T08:00:00Z,2015-04-13T10:00:00+0200,,,,,,,,,,,,,,,,,,,,,,,,,,,,,,,,,,,,18.566,1.376,0.923,,1.351,219.732,211.073,85.670,,,,45.139,163.703,,,,,,,,,,,,,,,,,,,,,DE_KN_residential3_washing_machine | DE_KN_residential3_dishwasher | DE_KN_residential3_refrigerator | DE_KN_residential3_freezer | DE_KN_residential3_circulation_pump
2015-04-13T09:00:00Z,2015-04-13T11:00:00+0200,,,,,,,,,,,,,,,,,,,,,,,,,,,,,,,,,,,,18.569,1.376,0.933,,1.351,219.852,211.076,85.718,,,,45.155,163.703,,,,,,,,,,,,,,,,,,,,,DE_KN_residential3_washing_machine | DE_KN_residential3_dishwasher | DE_KN_residential3_refrigerator | DE_KN_residential3_freezer | DE_KN_residential3_circulation_pump
2015-04-13T10:00:00Z,2015-04-13T12:00:00+0200,,,,,,,,,,,,,,,,,,,,,,,,,,,,,,,,,,,,18.573,1.376,0.947,,1.351,219.970,211.879,85.720,,,,45.171,163.703,,,,,,,,,,,,,,,,,,,,,DE_KN_residential3_washing_machine | DE_KN_residential3_dishwasher | DE_KN_residential3_refrigerator | DE_KN_residential3_freezer | DE_KN_residential3_circulation_pump
2015-04-13T11:00:00Z,2015-04-13T13:00:00+0200,,,,,,,,,,,,,,,,,,,,,,,,,,,,,,,,,,,,18.577,1.376,0.964,,1.351,220.078,212.427,85.769,,,,45.196,164.164,,,,,,,,,,,,,,,,,,,,,DE_KN_residential3_washing_machine | DE_KN_residential3_dishwasher | DE_KN_residential3_refrigerator | DE_KN_residential3_freezer | DE_KN_residential3_circulation_pump
2015-04-13T12:00:00Z,2015-04-13T14:00:00+0200,,,,,,,,,,,,,,,,,,,,,,,,,,,,,,,,,,,,18.581,1.376,0.977,,1.352,220.180,212.429,85.771,,,,45.208,164.212,,,,,,,,,,,,,,,,,,,,,DE_KN_residential3_washing_machine | DE_KN_residential3_dishwasher | DE_KN_residential3_refrigerator | DE_KN_residential3_freezer | DE_KN_residential3_circulation_pump
2015-04-13T13:00:00Z,2015-04-13T15:00:00+0200,,,,,,,,,,,,,,,,,,,,,,,,,,,,,,,,,,,,18.650,1.377,0.987,,1.352,220.268,212.432,85.819,,,,45.233,164.289,,,,,,,,,,,,,,,,,,,,,DE_KN_residential3_washing_machine | DE_KN_residential3_dishwasher | DE_KN_residential3_refrigerator | DE_KN_residential3_freezer | DE_KN_residential3_circulation_pump
2015-04-13T14:00:00Z,2015-04-13T16:00:00+0200,,,,,,,,,,,,,,,,,,,,,,,,,,,,,,,,,,,,18.660,1.377,0.999,,1.352,220.343,212.434,85.845,,,,45.246,164.509,,,,,,,,,,,,,,,,,,,,,DE_KN_residential3_washing_machine | DE_KN_residential3_dishwasher | DE_KN_residential3_refrigerator | DE_KN_residential3_freezer | DE_KN_residential3_circulation_pump
2015-04-13T15:00:00Z,2015-04-13T17:00:00+0200,,,,,,,,,,,,,,,,,,,,,,,,,,,,,,,,,,,,18.669,1.377,1.009,,1.352,220.417,212.630,85.870,,,,45.269,164.509,,,,,,,,,,,,,,,,,,,,,DE_KN_residential3_washing_machine | DE_KN_residential3_dishwasher | DE_KN_residential3_refrigerator | DE_KN_residential3_freezer | DE_KN_residential3_circulation_pump
2015-04-13T16:00:00Z,2015-04-13T18:00:00+0200,,,,,,,,,,,,,,,,,,,,,,,,,,,,,,,,,,,,18.678,1.377,1.023,,1.352,220.487,213.401,85.915,,,,45.292,164.509,,,,,,,,,,,,,,,,,,,,,DE_KN_residential3_washing_machine | DE_KN_residential3_dishwasher | DE_KN_residential3_refrigerator | DE_KN_residential3_freezer | DE_KN_residential3_circulation_pump
2015-04-13T17:00:00Z,2015-04-13T19:00:00+0200,,,,,,,,,,,,,,,,,,,,,,,,,,,,,,,,,,,,18.687,1.378,1.040,,1.352,220.555,213.755,85.921,,,,45.308,164.510,,,,,,,,,,,,,,,,,,,,,DE_KN_residential3_washing_machine | DE_KN_residential3_dishwasher | DE_KN_residential3_refrigerator | DE_KN_residential3_freezer | DE_KN_residential3_circulation_pump
2015-04-13T18:00:00Z,2015-04-13T20:00:00+0200,,,,,,,,,,,,,,,,,,,,,,,,,,,,,,,,,,,,18.694,1.378,1.052,,1.352,220.623,213.757,85.969,,,,45.315,164.732,,,,,,,,,,,,,,,,,,,,,DE_KN_residential3_washing_machine | DE_KN_residential3_dishwasher | DE_KN_residential3_refrigerator | DE_KN_residential3_freezer | DE_KN_residential3_circulation_pump
2015-04-13T19:00:00Z,2015-04-13T21:00:00+0200,,,,,,,,,,,,,,,,,,,,,,,,,,,,,,,,,,,,18.697,1.378,1.063,,1.352,220.692,213.760,85.971,,,,45.341,164.732,,,,,,,,,,,,,,,,,,,,,DE_KN_residential3_washing_machine | DE_KN_residential3_dishwasher | DE_KN_residential3_refrigerator | DE_KN_residential3_freezer | DE_KN_residential3_circulation_pump
2015-04-13T20:00:00Z,2015-04-13T22:00:00+0200,,,,,,,,,,,,,,,,,,,,,,,,,,,,,,,,,,,,18.701,1.378,1.074,,1.352,220.762,213.762,86.019,,,,45.361,164.732,,,,,,,,,,,,,,,,,,,,,DE_KN_residential3_washing_machine | DE_KN_residential3_dishwasher | DE_KN_residential3_refrigerator | DE_KN_residential3_freezer | DE_KN_residential3_circulation_pump
2015-04-13T21:00:00Z,2015-04-13T23:00:00+0200,,,,,,,,,,,,,,,,,,,,,,,,,,,,,,,,,,,,18.705,1.378,1.085,,1.352,220.805,213.764,86.021,,,,45.364,164.969,,,,,,,,,,,,,,,,,,,,,DE_KN_residential3_washing_machine | DE_KN_residential3_dishwasher | DE_KN_residential3_refrigerator | DE_KN_residential3_freezer | DE_KN_residential3_circulation_pump
2015-04-13T22:00:00Z,2015-04-14T00:00:00+0200,,,,,,,,,,,,,,,,,,,,,,,,,,,,,,,,,,,,18.709,1.379,1.101,,1.352,220.854,213.767,86.070,,,,45.387,165.267,,,,,,,,,,,,,,,,,,,,,DE_KN_residential3_washing_machine | DE_KN_residential3_dishwasher | DE_KN_residential3_refrigerator | DE_KN_residential3_freezer | DE_KN_residential3_circulation_pump
2015-04-13T23:00:00Z,2015-04-14T01:00:00+0200,,,,,,,,,,,,,,,,,,,,,,,,,,,,,,,,,,,,18.713,1.379,1.117,,1.352,220.920,213.769,86.110,,,,45.408,165.305,,,,,,,,,,,,,,,,,,,,,DE_KN_residential3_washing_machine | DE_KN_residential3_dishwasher | DE_KN_residential3_refrigerator | DE_KN_residential3_freezer | DE_KN_residential3_circulation_pump
2015-04-14T00:00:00Z,2015-04-14T02:00:00+0200,,,,,,,,,,,,,,,,,,,,,,,,,,,,,,,,,,,,18.716,1.379,1.128,,1.352,220.992,213.772,86.120,,,,45.410,165.305,,,,,,,,,,,,,,,,,,,,,DE_KN_residential3_washing_machine | DE_KN_residential3_dishwasher | DE_KN_residential3_refrigerator | DE_KN_residential3_freezer | DE_KN_residential3_circulation_pump
2015-04-14T01:00:00Z,2015-04-14T03:00:00+0200,,,,,,,,,,,,,,,,,,,,,,,,,,,,,,,,,,,,18.720,1.379,1.139,,1.352,221.059,213.774,86.169,,,,45.432,165.305,,,,,,,,,,,,,,,,,,,,,DE_KN_residential3_washing_machine | DE_KN_residential3_dishwasher | DE_KN_residential3_refrigerator | DE_KN_residential3_freezer | DE_KN_residential3_circulation_pump
2015-04-14T02:00:00Z,2015-04-14T04:00:00+0200,,,,,,,,,,,,,,,,,,,,,,,,,,,,,,,,,,,,18.724,1.379,1.149,,1.352,221.130,213.777,86.171,,,,45.451,165.305,,,,,,,,,,,,,,,,,,,,,DE_KN_residential3_washing_machine | DE_KN_residential3_dishwasher | DE_KN_residential3_refrigerator | DE_KN_residential3_freezer | DE_KN_residential3_circulation_pump
2015-04-14T03:00:00Z,2015-04-14T05:00:00+0200,,,,,,,,,,,,,,,,,,,,,,,,,,,,,,,,,,,,18.896,1.380,1.161,,1.352,221.203,213.779,86.219,,,,45.454,165.305,,,,,,,,,,,,,,,,,,,,,DE_KN_residential3_washing_machine | DE_KN_residential3_dishwasher | DE_KN_residential3_refrigerator | DE_KN_residential3_freezer | DE_KN_residential3_circulation_pump
2015-04-14T04:00:00Z,2015-04-14T06:00:00+0200,,,,,,,,,,,,,,,,,,,,,,,,,,,,,,,,,,,,18.967,1.380,1.179,,1.352,221.275,213.782,86.221,,,,45.476,165.305,,,,,,,,,,,,,,,,,,,,,DE_KN_residential3_washing_machine | DE_KN_residential3_dishwasher | DE_KN_residential3_refrigerator | DE_KN_residential3_freezer | DE_KN_residential3_circulation_pump
2015-04-14T05:00:00Z,2015-04-14T07:00:00+0200,,,,,,,,,,,,,,,,,,,,,,,,,,,,,,,,,,,,19.042,2.061,1.192,,1.352,221.343,213.785,86.269,,,,45.491,165.305,,,,,,,,,,,,,,,,,,,,,DE_KN_residential3_washing_machine | DE_KN_residential3_dishwasher | DE_KN_residential3_refrigerator | DE_KN_residential3_freezer | DE_KN_residential3_circulation_pump
2015-04-14T06:00:00Z,2015-04-14T08:00:00+0200,,,,,,,,,,,,,,,,,,,,,,,,,,,,,,,,,,,,19.118,2.750,1.202,,1.352,221.411,213.788,86.290,,,,45.513,165.305,,,,,,,,,,,,,,,,,,,,,DE_KN_residential3_washing_machine | DE_KN_residential3_dishwasher | DE_KN_residential3_refrigerator | DE_KN_residential3_freezer | DE_KN_residential3_circulation_pump
2015-04-14T07:00:00Z,2015-04-14T09:00:00+0200,,,,,,,,,,,,,,,,,,,,,,,,,,,,,,,,,,,,19.155,2.752,1.213,,1.352,221.479,213.790,86.319,,,,45.529,165.305,,,,,,,,,,,,,,,,,,,,,DE_KN_residential3_washing_machine | DE_KN_residential3_dishwasher | DE_KN_residential3_refrigerator | DE_KN_residential3_freezer | DE_KN_residential3_circulation_pump
2015-04-14T08:00:00Z,2015-04-14T10:00:00+0200,,,,,,,,,,,,,,,,,,,,,,,,,,,,,,,,,,,,19.159,2.753,1.224,,1.353,221.591,213.793,86.357,,,,45.552,165.305,,,,,,,,,,,,,,,,,,,,,DE_KN_residential3_washing_machine | DE_KN_residential3_dishwasher | DE_KN_residential3_refrigerator | DE_KN_residential3_freezer | DE_KN_residential3_circulation_pump
2015-04-14T09:00:00Z,2015-04-14T11:00:00+0200,,,,,,,,,,,,,,,,,,,,,,,,,,,,,,,,,,,,19.163,2.754,1.239,,1.353,221.709,213.795,86.369,,,,45.564,165.305,,,,,,,,,,,,,,,,,,,,,DE_KN_residential3_washing_machine | DE_KN_residential3_dishwasher | DE_KN_residential3_refrigerator | DE_KN_residential3_freezer | DE_KN_residential3_circulation_pump
2015-04-14T10:00:00Z,2015-04-14T12:00:00+0200,,,,,,,,,,,,,,,,,,,,,,,,,,,,,,,,,,,,19.167,2.755,1.256,,1.353,221.819,213.798,86.416,,,,45.575,165.305,,,,,,,,,,,,,,,,,,,,,DE_KN_residential3_washing_machine | DE_KN_residential3_dishwasher | DE_KN_residential3_refrigerator | DE_KN_residential3_freezer | DE_KN_residential3_circulation_pump
2015-04-14T11:00:00Z,2015-04-14T13:00:00+0200,,,,,,,,,,,,,,,,,,,,,,,,,,,,,,,,,,,,19.170,2.757,1.267,,1.353,221.927,213.800,86.419,,,,45.598,165.305,,,,,,,,,,,,,,,,,,,,,DE_KN_residential3_washing_machine | DE_KN_residential3_dishwasher | DE_KN_residential3_refrigerator | DE_KN_residential3_freezer | DE_KN_residential3_circulation_pump
2015-04-14T12:00:00Z,2015-04-14T14:00:00+0200,,,,,,,,,,,,,,,,,,,,,,,,,,,,,,,,,,,,19.174,2.758,1.278,,1.353,222.033,213.803,86.467,,,,45.614,165.305,,,,,,,,,,,,,,,,,,,,,DE_KN_residential3_washing_machine | DE_KN_residential3_dishwasher | DE_KN_residential3_refrigerator | DE_KN_residential3_freezer | DE_KN_residential3_circulation_pump
2015-04-14T13:00:00Z,2015-04-14T15:00:00+0200,,,,,,,,,,,,,,,,,,,,,,,,,,,,,,,,,,,,19.237,2.759,1.289,,1.353,222.143,213.806,86.469,,,,45.624,165.305,,,,,,,,,,,,,,,,,,,,,DE_KN_residential3_washing_machine | DE_KN_residential3_dishwasher | DE_KN_residential3_refrigerator | DE_KN_residential3_freezer | DE_KN_residential3_circulation_pump
2015-04-14T14:00:00Z,2015-04-14T16:00:00+0200,,,,,,,,,,,,,,,,,,,,,,,,,,,,,,,,,,,,19.261,2.760,1.300,,1.353,222.251,213.808,86.516,,,,45.665,165.305,,,,,,,,,,,,,,,,,,,,,DE_KN_residential3_washing_machine | DE_KN_residential3_dishwasher | DE_KN_residential3_refrigerator | DE_KN_residential3_freezer | DE_KN_residential3_circulation_pump
2015-04-14T15:00:00Z,2015-04-14T17:00:00+0200,,,,,,,,,,,,,,,,,,,,,,,,,,,,,,,,,,,,19.271,2.761,1.318,,1.353,222.354,213.901,86.535,,,,45.674,165.305,,,,,,,,,,,,,,,,,,,,,DE_KN_residential3_washing_machine | DE_KN_residential3_dishwasher | DE_KN_residential3_refrigerator | DE_KN_residential3_freezer | DE_KN_residential3_circulation_pump
2015-04-14T16:00:00Z,2015-04-14T18:00:00+0200,,,,,,,,,,,,,,,,,,,,,,,,,,,,,,,,,,,,19.280,2.761,1.332,,1.353,222.434,214.802,86.567,,,,45.690,165.305,,,,,,,,,,,,,,,,,,,,,DE_KN_residential3_washing_machine | DE_KN_residential3_dishwasher | DE_KN_residential3_refrigerator | DE_KN_residential3_freezer | DE_KN_residential3_circulation_pump
2015-04-14T17:00:00Z,2015-04-14T19:00:00+0200,,,,,,,,,,,,,,,,,,,,,,,,,,,,,,,,,,,,19.289,2.761,1.342,,1.353,222.504,215.146,86.604,,,,45.711,165.305,,,,,,,,,,,,,,,,,,,,,DE_KN_residential3_washing_machine | DE_KN_residential3_dishwasher | DE_KN_residential3_refrigerator | DE_KN_residential3_freezer | DE_KN_residential3_circulation_pump
2015-04-14T18:00:00Z,2015-04-14T20:00:00+0200,,,,,,,,,,,,,,,,,,,,,,,,,,,,,,,,,,,,19.295,2.761,1.353,,1.353,222.572,215.148,86.617,,,,45.716,165.305,,,,,,,,,,,,,,,,,,,,,DE_KN_residential3_washing_machine | DE_KN_residential3_dishwasher | DE_KN_residential3_refrigerator | DE_KN_residential3_freezer | DE_KN_residential3_circulation_pump
2015-04-14T19:00:00Z,2015-04-14T21:00:00+0200,,,,,,,,,,,,,,,,,,,,,,,,,,,,,,,,,,,,19.299,2.762,1.364,,1.353,222.643,215.752,86.665,,,,45.741,165.305,,,,,,,,,,,,,,,,,,,,,DE_KN_residential3_washing_machine | DE_KN_residential3_dishwasher | DE_KN_residential3_refrigerator | DE_KN_residential3_freezer | DE_KN_residential3_circulation_pump
2015-04-14T20:00:00Z,2015-04-14T22:00:00+0200,,,,,,,,,,,,,,,,,,,,,,,,,,,,,,,,,,,,19.303,2.762,1.378,,1.353,222.713,216.393,86.667,,,,45.746,165.306,,,,,,,,,,,,,,,,,,,,,DE_KN_residential3_washing_machine | DE_KN_residential3_dishwasher | DE_KN_residential3_refrigerator | DE_KN_residential3_freezer | DE_KN_residential3_circulation_pump
2015-04-14T21:00:00Z,2015-04-14T23:00:00+0200,,,,,,,,,,,,,,,,,,,,,,,,,,,,,,,,,,,,19.306,2.762,1.395,,1.353,222.756,216.395,86.715,,,,45.765,165.306,,,,,,,,,,,,,,,,,,,,,DE_KN_residential3_washing_machine | DE_KN_residential3_dishwasher | DE_KN_residential3_refrigerator | DE_KN_residential3_freezer | DE_KN_residential3_circulation_pump
2015-04-14T22:00:00Z,2015-04-15T00:00:00+0200,,,,,,,,,,,,,,,,,,,,,,,,,,,,,,,,,,,,19.310,2.762,1.407,,1.353,222.803,216.398,86.717,,,,45.782,165.306,,,,,,,,,,,,,,,,,,,,,DE_KN_residential3_washing_machine | DE_KN_residential3_dishwasher | DE_KN_residential3_refrigerator | DE_KN_residential3_freezer | DE_KN_residential3_circulation_pump
2015-04-14T23:00:00Z,2015-04-15T01:00:00+0200,,,,,,,,,,,,,,,,,,,,,,,,,,,,,,,,,,,,19.314,2.762,1.417,,1.353,222.869,216.400,86.766,,,,45.789,165.306,,,,,,,,,,,,,,,,,,,,,DE_KN_residential3_washing_machine | DE_KN_residential3_dishwasher | DE_KN_residential3_refrigerator | DE_KN_residential3_freezer | DE_KN_residential3_circulation_pump
2015-04-15T00:00:00Z,2015-04-15T02:00:00+0200,,,,,,,,,,,,,,,,,,,,,,,,,,,,,,,,,,,,19.318,2.763,1.428,,1.353,222.940,216.402,86.787,,,,45.812,165.306,,,,,,,,,,,,,,,,,,,,,DE_KN_residential3_washing_machine | DE_KN_residential3_dishwasher | DE_KN_residential3_refrigerator | DE_KN_residential3_freezer | DE_KN_residential3_circulation_pump
2015-04-15T01:00:00Z,2015-04-15T03:00:00+0200,,,,,,,,,,,,,,,,,,,,,,,,,,,,,,,,,,,,19.321,2.763,1.439,,1.353,223.006,216.404,86.816,,,,45.813,165.306,,,,,,,,,,,,,,,,,,,,,DE_KN_residential3_washing_machine | DE_KN_residential3_dishwasher | DE_KN_residential3_refrigerator | DE_KN_residential3_freezer | DE_KN_residential3_circulation_pump
2015-04-15T02:00:00Z,2015-04-15T04:00:00+0200,,,,,,,,,,,,,,,,,,,,,,,,,,,,,,,,,,,,19.325,2.763,1.458,,1.353,223.077,216.407,86.857,,,,45.836,165.306,,,,,,,,,,,,,,,,,,,,,DE_KN_residential3_washing_machine | DE_KN_residential3_dishwasher | DE_KN_residential3_refrigerator | DE_KN_residential3_freezer | DE_KN_residential3_circulation_pump
2015-04-15T03:00:00Z,2015-04-15T05:00:00+0200,,,,,,,,,,,,,,,,,,,,,,,,,,,,,,,,,,,,19.496,2.763,1.471,,1.353,223.148,216.409,86.866,,,,45.837,165.306,,,,,,,,,,,,,,,,,,,,,DE_KN_residential3_washing_machine | DE_KN_residential3_dishwasher | DE_KN_residential3_refrigerator | DE_KN_residential3_freezer | DE_KN_residential3_circulation_pump
2015-04-15T04:00:00Z,2015-04-15T06:00:00+0200,,,,,,,,,,,,,,,,,,,,,,,,,,,,,,,,,,,,19.586,2.764,1.481,,1.354,223.219,216.411,86.914,,,,45.860,165.306,,,,,,,,,,,,,,,,,,,,,DE_KN_residential3_washing_machine | DE_KN_residential3_dishwasher | DE_KN_residential3_refrigerator | DE_KN_residential3_freezer | DE_KN_residential3_circulation_pump
2015-04-15T05:00:00Z,2015-04-15T07:00:00+0200,,,,,,,,,,,,,,,,,,,,,,,,,,,,,,,,,,,,19.663,2.764,1.492,,1.661,223.288,216.414,86.916,,,,45.883,165.306,,,,,,,,,,,,,,,,,,,,,DE_KN_residential3_washing_machine | DE_KN_residential3_dishwasher | DE_KN_residential3_refrigerator | DE_KN_residential3_freezer | DE_KN_residential3_circulation_pump
2015-04-15T06:00:00Z,2015-04-15T08:00:00+0200,,,,,,,,,,,,,,,,,,,,,,,,,,,,,,,,,,,,19.729,2.764,1.502,,2.143,223.358,216.416,86.964,,,,45.883,165.306,,,,,,,,,,,,,,,,,,,,,DE_KN_residential3_washing_machine | DE_KN_residential3_dishwasher | DE_KN_residential3_refrigerator | DE_KN_residential3_freezer | DE_KN_residential3_circulation_pump
2015-04-15T07:00:00Z,2015-04-15T09:00:00+0200,,,,,,,,,,,,,,,,,,,,,,,,,,,,,,,,,,,,19.765,2.764,1.503,,2.185,223.431,216.419,86.966,,,,45.906,165.306,,,,,,,,,,,,,,,,,,,,,DE_KN_residential3_washing_machine | DE_KN_residential3_dishwasher | DE_KN_residential3_refrigerator | DE_KN_residential3_freezer | DE_KN_residential3_circulation_pump
2015-04-15T08:00:00Z,2015-04-15T10:00:00+0200,,,,,,,,,,,,,,,,,,,,,,,,,,,,,,,,,,,,19.769,2.764,1.535,,2.259,223.532,216.422,86.968,,,,45.912,165.306,,,,,,,,,,,,,,,,,,,,,
2015-04-15T09:00:00Z,2015-04-15T11:00:00+0200,,,,,,,,,,,,,,,,,,,,,,,,,,,,,,,,,,,,19.773,2.765,1.546,0.070,2.260,223.634,216.424,87.017,,,,45.934,165.306,,,,,,,,,,,,,,,,,,,,,
2015-04-15T10:00:00Z,2015-04-15T12:00:00+0200,,,,,,,,,,,,,,,,,,,,,,,,,,,,,,,,,,,,19.777,2.765,1.556,0.150,2.261,223.740,216.427,87.035,,,,45.945,165.306,,,,,,,,,,,,,,,,,,,,,
2015-04-15T11:00:00Z,2015-04-15T13:00:00+0200,,,,,,,,,,,,,,,,,,,,,,,,,,,,,,,,,,,,19.781,2.765,1.567,0.265,2.262,223.842,216.429,87.068,,,,45.960,165.306,,,,,,,,,,,,,,,,,,,,,
2015-04-15T12:00:00Z,2015-04-15T14:00:00+0200,,,,,,,,,,,,,,,,,,,,,,,,,,,,,,,,,,,,19.785,2.765,1.579,0.420,2.263,223.931,216.774,87.105,,,,45.984,165.306,,,,,,,,,,,,,,,,,,,,,
2015-04-15T13:00:00Z,2015-04-15T15:00:00+0200,,,,,,,,,,,,,,,,,,,,,,,,,,,,,,,,,,,,19.855,2.765,1.595,0.575,2.264,223.985,217.767,87.119,,,,45.996,165.306,,,,,,,,,,,,,,,,,,,,,DE_KN_residential3_washing_machine
2015-04-15T14:00:00Z,2015-04-15T16:00:00+0200,,,,,,,,,,,,,,,,,,,,,,,,,,,,,,,,,,,,19.867,2.766,1.611,0.665,2.265,224.032,217.772,87.168,,,,46.009,165.306,,,,,,,,,,,,,,,,,,,,,
2015-04-15T15:00:00Z,2015-04-15T17:00:00+0200,,,,,,,,,,,,,,,,,,,,,,,,,,,,,,,,,,,,19.876,2.766,1.622,0.835,2.265,224.070,217.777,87.170,,,,46.033,165.306,,,,,,,,,,,,,,,,,,,,,
2015-04-15T16:00:00Z,2015-04-15T18:00:00+0200,,,,,,,,,,,,,,,,,,,,,,,,,,,,,,,,,,,,19.885,2.766,1.632,1.015,2.266,224.104,217.780,87.219,,,,46.035,165.306,,,,,,,,,,,,,,,,,,,,,DE_KN_residential3_washing_machine
2015-04-15T17:00:00Z,2015-04-15T19:00:00+0200,,,,,,,,,,,,,,,,,,,,,,,,,,,,,,,,,,,,19.894,2.766,1.643,1.115,2.266,224.168,217.783,87.221,,,,46.057,165.306,,,,,,,,,,,,,,,,,,,,,
2015-04-15T18:00:00Z,2015-04-15T20:00:00+0200,,,,,,,,,,,,,,,,,,,,,,,,,,,,,,,,,,,,19.901,2.767,1.657,1.420,2.266,224.231,218.512,87.270,,,,46.078,165.306,,,,,,,,,,,,,,,,,,,,,
2015-04-15T19:00:00Z,2015-04-15T21:00:00+0200,,,,,,,,,,,,,,,,,,,,,,,,,,,,,,,,,,,,19.905,2.767,1.674,1.685,2.266,224.294,218.782,87.286,,,,46.081,165.306,,,,,,,,,,,,,,,,,,,,,
2015-04-15T20:00:00Z,2015-04-15T22:00:00+0200,,,,,,,,,,,,,,,,,,,,,,,,,,,,,,,,,,,,19.908,2.767,1.686,1.810,2.266,224.357,218.784,87.321,,,,46.104,165.306,,,,,,,,,,,,,,,,,,,,,
2015-04-15T21:00:00Z,2015-04-15T23:00:00+0200,,,,,,,,,,,,,,,,,,,,,,,,,,,,,,,,,,,,19.912,2.767,1.697,1.955,2.266,224.396,218.787,87.354,,,,46.115,165.307,,,,,,,,,,,,,,,,,,,,,DE_KN_residential3_washing_machine
2015-04-15T22:00:00Z,2015-04-16T00:00:00+0200,,,,,,,,,,,,,,,,,,,,,,,,,,,,,,,,,,,,19.916,2.767,1.707,2.030,2.266,224.405,218.789,87.373,,,,46.128,165.307,,,,,,,,,,,,,,,,,,,,,DE_KN_residential3_washing_machine
2015-04-15T23:00:00Z,2015-04-16T01:00:00+0200,,,,,,,,,,,,,,,,,,,,,,,,,,,,,,,,,,,,19.920,2.768,1.718,2.110,2.266,224.420,218.792,87.422,,,,46.151,165.307,,,,,,,,,,,,,,,,,,,,,DE_KN_residential3_washing_machine
2015-04-16T00:00:00Z,2015-04-16T02:00:00+0200,,,,,,,,,,,,,,,,,,,,,,,,,,,,,,,,,,,,19.924,2.768,1.735,2.255,2.266,224.489,218.795,87.424,,,,46.152,165.307,,,,,,,,,,,,,,,,,,,,,
2015-04-16T01:00:00Z,2015-04-16T03:00:00+0200,,,,,,,,,,,,,,,,,,,,,,,,,,,,,,,,,,,,19.927,2.768,1.750,2.330,2.266,224.553,218.797,87.473,,,,46.175,165.307,,,,,,,,,,,,,,,,,,,,,
2015-04-16T02:00:00Z,2015-04-16T04:00:00+0200,,,,,,,,,,,,,,,,,,,,,,,,,,,,,,,,,,,,19.931,2.768,1.761,2.415,2.266,224.621,218.800,87.475,,,,46.188,165.307,,,,,,,,,,,,,,,,,,,,,
2015-04-16T03:00:00Z,2015-04-16T05:00:00+0200,,,,,,,,,,,,,,,,,,,,,,,,,,,,,,,,,,,,20.103,2.768,1.771,2.725,2.266,224.690,218.802,87.524,,,,46.199,165.307,,,,,,,,,,,,,,,,,,,,,
2015-04-16T04:00:00Z,2015-04-16T06:00:00+0200,,,,,,,,,,,,,,,,,,,,,,,,,,,,,,,,,,,,20.187,2.769,1.782,2.885,2.266,224.758,218.805,87.530,,,,46.225,165.307,,,,,,,,,,,,,,,,,,,,,DE_KN_residential3_washing_machine
2015-04-16T05:00:00Z,2015-04-16T07:00:00+0200,,,,,,,,,,,,,,,,,,,,,,,,,,,,,,,,,,,,20.262,2.769,1.798,3.065,2.266,224.822,218.808,87.575,,,,46.232,165.307,,,,,,,,,,,,,,,,,,,,,
2015-04-16T06:00:00Z,2015-04-16T08:00:00+0200,,,,,,,,,,,,,,,,,,,,,,,,,,,,,,,,,,,,20.337,2.769,1.814,3.275,2.266,224.886,218.811,87.600,,,,46.253,165.307,,,,,,,,,,,,,,,,,,,,,
2015-04-16T07:00:00Z,2015-04-16T09:00:00+0200,,,,,,,,,,,,,,,,,,,,,,,,,,,,,,,,,,,,20.375,2.769,1.825,3.370,2.266,224.976,218.813,87.626,,,,46.277,165.307,,,,,,,,,,,,,,,,,,,,,
2015-04-16T08:00:00Z,2015-04-16T10:00:00+0200,,,,,,,,,,,,,,,,,,,,,,,,,,,,,,,,,,,,20.379,2.769,1.835,3.460,2.266,225.071,218.816,87.668,,,,46.286,165.307,,,,,,,,,,,,,,,,,,,,,
2015-04-16T09:00:00Z,2015-04-16T11:00:00+0200,,,,,,,,,,,,,,,,,,,,,,,,,,,,,,,,,,,,20.382,2.770,1.846,3.595,2.266,225.167,218.818,87.677,,,,46.301,165.307,,,,,,,,,,,,,,,,,,,,,
2015-04-16T10:00:00Z,2015-04-16T12:00:00+0200,,,,,,,,,,,,,,,,,,,,,,,,,,,,,,,,,,,,20.386,2.770,1.861,3.675,2.266,225.272,218.821,87.726,,,,46.328,165.307,,,,,,,,,,,,,,,,,,,,,
2015-04-16T11:00:00Z,2015-04-16T13:00:00+0200,,,,,,,,,,,,,,,,,,,,,,,,,,,,,,,,,,,,20.390,2.770,1.877,3.755,2.266,225.373,218.823,87.728,,,,46.332,165.307,,,,,,,,,,,,,,,,,,,,,
2015-04-16T12:00:00Z,2015-04-16T14:00:00+0200,,,,,,,,,,,,,,,,,,,,,,,,,,,,,,,,,,,,20.394,2.770,1.888,3.895,2.266,225.467,218.826,87.777,,,,46.355,165.307,,,,,,,,,,,,,,,,,,,,,
2015-04-16T13:00:00Z,2015-04-16T15:00:00+0200,,,,,,,,,,,,,,,,,,,,,,,,,,,,,,,,,,,,20.457,2.771,1.899,4.040,2.267,225.516,218.829,87.779,,,,46.382,165.307,,,,,,,,,,,,,,,,,,,,,
2015-04-16T14:00:00Z,2015-04-16T16:00:00+0200,,,,,,,,,,,,,,,,,,,,,,,,,,,,,,,,,,,,20.466,2.771,1.909,4.115,2.267,225.555,218.831,87.828,,,,46.403,165.307,,,,,,,,,,,,,,,,,,,,,
2015-04-16T15:00:00Z,2015-04-16T17:00:00+0200,,,,,,,,,,,,,,,,,,,,,,,,,,,,,,,,,,,,20.476,2.771,1.930,4.525,2.267,225.573,218.834,87.850,,,,46.413,165.307,,,,,,,,,,,,,,,,,,,,,
2015-04-16T16:00:00Z,2015-04-16T18:00:00+0200,,,,,,,,,,,,,,,,,,,,,,,,,,,,,,,,,,,,20.485,3.443,1.941,5.485,2.267,225.600,218.836,87.880,,,,46.437,165.307,,,,,,,,,,,,,,,,,,,,,
2015-04-16T17:00:00Z,2015-04-16T19:00:00+0200,,,,,,,,,,,,,,,,,,,,,,,,,,,,,,,,,,,,20.638,4.158,1.958,6.515,2.267,225.664,218.839,87.921,,,,46.462,165.442,,,,,,,,,,,,,,,,,,,,,
2015-04-16T18:00:00Z,2015-04-16T20:00:00+0200,,,,,,,,,,,,,,,,,,,,,,,,,,,,,,,,,,,,20.646,4.163,1.971,6.755,2.267,225.725,218.841,87.931,,,,46.482,165.633,,,,,,,,,,,,,,,,,,,,,
2015-04-16T19:00:00Z,2015-04-16T21:00:00+0200,,,,,,,,,,,,,,,,,,,,,,,,,,,,,,,,,,,,20.649,4.163,1.984,6.970,2.267,225.789,218.844,87.980,,,,46.498,166.003,,,,,,,,,,,,,,,,,,,,,
2015-04-16T20:00:00Z,2015-04-16T22:00:00+0200,,,,,,,,,,,,,,,,,,,,,,,,,,,,,,,,,,,,20.653,4.163,2.001,7.115,2.267,225.852,218.847,87.982,,,,46.515,166.099,,,,,,,,,,,,,,,,,,,,,
2015-04-16T21:00:00Z,2015-04-16T23:00:00+0200,,,,,,,,,,,,,,,,,,,,,,,,,,,,,,,,,,,,20.657,4.164,2.011,7.260,2.267,225.892,218.849,88.031,,,,46.540,166.101,,,,,,,,,,,,,,,,,,,,,
2015-04-16T22:00:00Z,2015-04-17T00:00:00+0200,,,,,,,,,,,,,,,,,,,,,,,,,,,,,,,,,,,,20.660,4.164,2.030,7.465,2.267,225.901,218.852,88.033,,,,46.552,166.101,,,,,,,,,,,,,,,,,,,,,
2015-04-16T23:00:00Z,2015-04-17T01:00:00+0200,,,,,,,,,,,,,,,,,,,,,,,,,,,,,,,,,,,,20.664,4.164,2.041,7.550,2.267,225.911,218.854,88.082,,,,46.565,166.101,,,,,,,,,,,,,,,,,,,,,
2015-04-17T00:00:00Z,2015-04-17T02:00:00+0200,,,,,,,,,,,,,,,,,,,,,,,,,,,,,,,,,,,,20.668,4.164,2.061,7.655,2.267,225.926,218.857,88.101,,,,46.589,166.267,,,,,,,,,,,,,,,,,,,,,
2015-04-17T01:00:00Z,2015-04-17T03:00:00+0200,,,,,,,,,,,,,,,,,,,,,,,,,,,,,,,,,,,,20.672,4.164,2.071,7.800,2.267,225.935,218.859,88.132,,,,46.601,166.700,,,,,,,,,,,,,,,,,,,,,
2015-04-17T02:00:00Z,2015-04-17T04:00:00+0200,,,,,,,,,,,,,,,,,,,,,,,,,,,,,,,,,,,,20.676,4.165,2.085,7.870,2.267,225.950,218.862,88.180,,,,46.615,166.781,,,,,,,,,,,,,,,,,,,,,
2015-04-17T03:00:00Z,2015-04-17T05:00:00+0200,,,,,,,,,,,,,,,,,,,,,,,,,,,,,,,,,,,,20.780,4.165,2.101,8.085,2.267,226.006,218.865,88.182,,,,46.641,166.855,,,,,,,,,,,,,,,,,,,,,
2015-04-17T04:00:00Z,2015-04-17T06:00:00+0200,,,,,,,,,,,,,,,,,,,,,,,,,,,,,,,,,,,,20.844,4.165,2.111,8.500,2.275,226.073,218.867,88.230,,,,46.654,167.900,,,,,,,,,,,,,,,,,,,,,
2015-04-17T05:00:00Z,2015-04-17T07:00:00+0200,,,,,,,,,,,,,,,,,,,,,,,,,,,,,,,,,,,,20.916,4.165,2.118,9.175,2.864,226.136,218.870,88.236,,,,46.668,168.277,,,,,,,,,,,,,,,,,,,,,
2015-04-17T06:00:00Z,2015-04-17T08:00:00+0200,,,,,,,,,,,,,,,,,,,,,,,,,,,,,,,,,,,,20.992,4.165,2.130,9.400,2.938,226.200,219.392,88.281,,,,46.695,168.292,,,,,,,,,,,,,,,,,,,,,
2015-04-17T07:00:00Z,2015-04-17T09:00:00+0200,,,,,,,,,,,,,,,,,,,,,,,,,,,,,,,,,,,,21.028,4.166,2.151,9.555,3.026,226.263,219.923,88.310,,,,46.721,168.315,,,,,,,,,,,,,,,,,,,,,
2015-04-17T08:00:00Z,2015-04-17T10:00:00+0200,,,,,,,,,,,,,,,,,,,,,,,,,,,,,,,,,,,,21.031,4.166,2.168,9.690,3.027,226.325,219.928,88.331,,,,46.724,168.316,,,,,,,,,,,,,,,,,,,,,
2015-04-17T09:00:00Z,2015-04-17T11:00:00+0200,,,,,,,,,,,,,,,,,,,,,,,,,,,,,,,,,,,,21.035,4.166,2.181,9.755,3.028,226.405,219.933,88.379,,,,46.745,168.316,,,,,,,,,,,,,,,,,,,,,
2015-04-17T10:00:00Z,2015-04-17T12:00:00+0200,,,,,,,,,,,,,,,,,,,,,,,,,,,,,,,,,,,,21.093,4.166,2.191,9.925,3.029,226.501,219.937,88.381,,,,46.771,168.316,,,,,,,,,,,,,,,,,,,,,
2015-04-17T11:00:00Z,2015-04-17T13:00:00+0200,,,,,,,,,,,,,,,,,,,,,,,,,,,,,,,,,,,,21.144,4.167,2.203,10.190,3.030,226.598,219.940,88.429,,,,46.780,168.316,,,,,,,,,,,,,,,,,,,,,DE_KN_residential3_circulation_pump | DE_KN_residential3_dishwasher
2015-04-17T12:00:00Z,2015-04-17T14:00:00+0200,,,,,,,,,,,,,,,,,,,,,,,,,,,,,,,,,,,,21.218,4.167,2.212,11.170,3.347,226.711,220.736,88.431,,,,46.799,168.316,,,,,,,,,,,,,,,,,,,,,DE_KN_residential3_circulation_pump | DE_KN_residential3_dishwasher
2015-04-17T13:00:00Z,2015-04-17T15:00:00+0200,,,,,,,,,,,,,,,,,,,,,,,,,,,,,,,,,,,,21.284,4.167,2.223,11.445,3.881,226.823,221.289,88.479,,,,46.823,168.316,,,,,,,,,,,,,,,,,,,,,DE_KN_residential3_circulation_pump | DE_KN_residential3_dishwasher
2015-04-17T14:00:00Z,2015-04-17T16:00:00+0200,,,,,,,,,,,,,,,,,,,,,,,,,,,,,,,,,,,,21.348,4.167,2.231,11.840,3.924,226.934,221.291,88.502,,,,46.831,168.316,,,,,,,,,,,,,,,,,,,,,DE_KN_residential3_circulation_pump | DE_KN_residential3_dishwasher
2015-04-17T15:00:00Z,2015-04-17T17:00:00+0200,,,,,,,,,,,,,,,,,,,,,,,,,,,,,,,,,,,,21.395,4.167,2.256,13.025,4.003,227.040,221.294,88.530,,,,46.846,168.316,,,,,,,,,,,,,,,,,,,,,DE_KN_residential3_circulation_pump | DE_KN_residential3_dishwasher
2015-04-17T16:00:00Z,2015-04-17T18:00:00+0200,,,,,,,,,,,,,,,,,,,,,,,,,,,,,,,,,,,,21.455,4.168,2.274,13.615,4.003,227.128,221.297,88.576,,,,46.869,168.316,,,,,,,,,,,,,,,,,,,,,DE_KN_residential3_circulation_pump | DE_KN_residential3_dishwasher
2015-04-17T17:00:00Z,2015-04-17T19:00:00+0200,,,,,,,,,,,,,,,,,,,,,,,,,,,,,,,,,,,,21.503,4.168,2.284,13.820,4.003,227.199,221.299,88.580,,,,46.891,168.316,,,,,,,,,,,,,,,,,,,,,DE_KN_residential3_circulation_pump | DE_KN_residential3_dishwasher
2015-04-17T18:00:00Z,2015-04-17T20:00:00+0200,,,,,,,,,,,,,,,,,,,,,,,,,,,,,,,,,,,,21.594,4.168,2.295,15.325,4.003,227.266,221.302,88.628,,,,46.907,168.316,,,,,,,,,,,,,,,,,,,,,DE_KN_residential3_circulation_pump | DE_KN_residential3_dishwasher
2015-04-17T19:00:00Z,2015-04-17T21:00:00+0200,,,,,,,,,,,,,,,,,,,,,,,,,,,,,,,,,,,,21.599,4.168,2.306,16.925,4.003,227.335,221.858,88.630,,,,46.923,168.316,,,,,,,,,,,,,,,,,,,,,DE_KN_residential3_circulation_pump | DE_KN_residential3_dishwasher
2015-04-17T20:00:00Z,2015-04-17T22:00:00+0200,,,,,,,,,,,,,,,,,,,,,,,,,,,,,,,,,,,,21.603,4.169,2.324,18.460,4.003,227.404,222.354,88.679,,,,46.947,168.316,,,,,,,,,,,,,,,,,,,,,DE_KN_residential3_circulation_pump | DE_KN_residential3_dishwasher
2015-04-17T21:00:00Z,2015-04-17T23:00:00+0200,,,,,,,,,,,,,,,,,,,,,,,,,,,,,,,,,,,,21.607,4.169,2.337,19.425,4.003,227.445,222.357,88.694,,,,46.953,168.316,,,,,,,,,,,,,,,,,,,,,DE_KN_residential3_circulation_pump | DE_KN_residential3_dishwasher
2015-04-17T22:00:00Z,2015-04-18T00:00:00+0200,,,,,,,,,,,,,,,,,,,,,,,,,,,,,,,,,,,,21.611,4.169,2.347,19.550,4.003,227.484,222.359,88.729,,,,46.972,168.316,,,,,,,,,,,,,,,,,,,,,DE_KN_residential3_circulation_pump | DE_KN_residential3_dishwasher
2015-04-17T23:00:00Z,2015-04-18T01:00:00+0200,,,,,,,,,,,,,,,,,,,,,,,,,,,,,,,,,,,,21.614,4.169,2.358,19.705,4.003,227.549,222.361,88.768,,,,46.997,168.316,,,,,,,,,,,,,,,,,,,,,DE_KN_residential3_circulation_pump | DE_KN_residential3_dishwasher
2015-04-18T00:00:00Z,2015-04-18T02:00:00+0200,,,,,,,,,,,,,,,,,,,,,,,,,,,,,,,,,,,,21.618,4.169,2.374,19.890,4.003,227.620,222.364,88.780,,,,46.997,168.317,,,,,,,,,,,,,,,,,,,,,DE_KN_residential3_circulation_pump | DE_KN_residential3_dishwasher
2015-04-18T01:00:00Z,2015-04-18T03:00:00+0200,,,,,,,,,,,,,,,,,,,,,,,,,,,,,,,,,,,,21.622,4.170,2.389,20.000,4.003,227.686,222.367,88.828,,,,47.021,168.317,,,,,,,,,,,,,,,,,,,,,DE_KN_residential3_circulation_pump | DE_KN_residential3_dishwasher
2015-04-18T02:00:00Z,2015-04-18T04:00:00+0200,,,,,,,,,,,,,,,,,,,,,,,,,,,,,,,,,,,,21.625,4.170,2.400,20.155,4.003,227.757,222.369,88.831,,,,47.032,168.317,,,,,,,,,,,,,,,,,,,,,DE_KN_residential3_circulation_pump | DE_KN_residential3_dishwasher
2015-04-18T03:00:00Z,2015-04-18T05:00:00+0200,,,,,,,,,,,,,,,,,,,,,,,,,,,,,,,,,,,,21.629,4.170,2.411,20.320,4.003,227.827,222.372,88.879,,,,47.045,168.317,,,,,,,,,,,,,,,,,,,,,DE_KN_residential3_circulation_pump | DE_KN_residential3_dishwasher
2015-04-18T04:00:00Z,2015-04-18T06:00:00+0200,,,,,,,,,,,,,,,,,,,,,,,,,,,,,,,,,,,,21.799,4.170,2.422,20.580,4.003,227.897,222.374,88.884,,,,47.068,168.317,,,,,,,,,,,,,,,,,,,,,DE_KN_residential3_circulation_pump | DE_KN_residential3_dishwasher
2015-04-18T05:00:00Z,2015-04-18T07:00:00+0200,,,,,,,,,,,,,,,,,,,,,,,,,,,,,,,,,,,,21.866,4.170,2.431,21.170,4.211,227.967,222.377,88.929,,,,47.070,168.317,,,,,,,,,,,,,,,,,,,,,DE_KN_residential3_circulation_pump | DE_KN_residential3_dishwasher
2015-04-18T06:00:00Z,2015-04-18T08:00:00+0200,,,,,,,,,,,,,,,,,,,,,,,,,,,,,,,,,,,,21.942,4.171,2.452,22.260,4.362,228.035,222.380,88.956,,,,47.092,168.317,,,,,,,,,,,,,,,,,,,,,DE_KN_residential3_circulation_pump | DE_KN_residential3_dishwasher
2015-04-18T07:00:00Z,2015-04-18T09:00:00+0200,,,,,,,,,,,,,,,,,,,,,,,,,,,,,,,,,,,,22.020,4.171,2.463,22.430,4.363,228.104,222.382,88.979,,,,47.111,168.317,,,,,,,,,,,,,,,,,,,,,DE_KN_residential3_circulation_pump | DE_KN_residential3_dishwasher
2015-04-18T08:00:00Z,2015-04-18T10:00:00+0200,,,,,,,,,,,,,,,,,,,,,,,,,,,,,,,,,,,,22.084,4.171,2.473,22.635,4.363,228.175,222.385,89.026,,,,47.117,168.317,,,,,,,,,,,,,,,,,,,,,DE_KN_residential3_circulation_pump | DE_KN_residential3_dishwasher
2015-04-18T09:00:00Z,2015-04-18T11:00:00+0200,,,,,,,,,,,,,,,,,,,,,,,,,,,,,,,,,,,,22.166,4.171,2.492,22.885,4.363,228.245,222.387,89.030,,,,47.141,168.317,,,,,,,,,,,,,,,,,,,,,DE_KN_residential3_circulation_pump | DE_KN_residential3_dishwasher
2015-04-18T10:00:00Z,2015-04-18T12:00:00+0200,,,,,,,,,,,,,,,,,,,,,,,,,,,,,,,,,,,,22.248,4.172,2.503,23.060,4.363,228.315,222.390,89.078,,,,47.149,168.317,,,,,,,,,,,,,,,,,,,,,DE_KN_residential3_circulation_pump | DE_KN_residential3_dishwasher
2015-04-18T11:00:00Z,2015-04-18T13:00:00+0200,,,,,,,,,,,,,,,,,,,,,,,,,,,,,,,,,,,,22.319,4.172,2.514,23.260,4.363,228.386,222.392,89.080,,,,47.165,168.317,,,,,,,,,,,,,,,,,,,,,DE_KN_residential3_circulation_pump | DE_KN_residential3_dishwasher
2015-04-18T12:00:00Z,2015-04-18T14:00:00+0200,,,,,,,,,,,,,,,,,,,,,,,,,,,,,,,,,,,,22.400,4.172,2.524,23.515,4.363,228.458,222.755,89.128,,,,47.193,168.317,,,,,,,,,,,,,,,,,,,,,DE_KN_residential3_circulation_pump | DE_KN_residential3_dishwasher
2015-04-18T13:00:00Z,2015-04-18T15:00:00+0200,,,,,,,,,,,,,,,,,,,,,,,,,,,,,,,,,,,,22.460,4.172,2.541,23.675,4.363,228.537,223.777,89.144,,,,47.213,168.317,,,,,,,,,,,,,,,,,,,,,DE_KN_residential3_circulation_pump | DE_KN_residential3_dishwasher
2015-04-18T14:00:00Z,2015-04-18T16:00:00+0200,,,,,,,,,,,,,,,,,,,,,,,,,,,,,,,,,,,,22.523,4.172,2.556,23.865,4.363,228.613,223.781,89.178,,,,47.216,168.317,,,,,,,,,,,,,,,,,,,,,DE_KN_residential3_circulation_pump | DE_KN_residential3_dishwasher
2015-04-18T15:00:00Z,2015-04-18T17:00:00+0200,,,,,,,,,,,,,,,,,,,,,,,,,,,,,,,,,,,,22.570,4.173,2.567,24.095,4.363,228.688,223.783,89.215,,,,47.244,168.317,,,,,,,,,,,,,,,,,,,,,DE_KN_residential3_circulation_pump | DE_KN_residential3_dishwasher
2015-04-18T16:00:00Z,2015-04-18T18:00:00+0200,,,,,,,,,,,,,,,,,,,,,,,,,,,,,,,,,,,,22.632,4.173,2.577,24.315,4.363,228.758,223.785,89.229,,,,47.276,168.317,,,,,,,,,,,,,,,,,,,,,DE_KN_residential3_circulation_pump | DE_KN_residential3_dishwasher
2015-04-18T17:00:00Z,2015-04-18T19:00:00+0200,,,,,,,,,,,,,,,,,,,,,,,,,,,,,,,,,,,,22.715,4.903,2.588,25.400,4.363,228.829,223.788,89.277,,,,47.313,168.317,,,,,,,,,,,,,,,,,,,,,DE_KN_residential3_circulation_pump | DE_KN_residential3_washing_machine | DE_KN_residential3_dishwasher
2015-04-18T18:00:00Z,2015-04-18T20:00:00+0200,,,,,,,,,,,,,,,,,,,,,,,,,,,,,,,,,,,,22.812,5.606,2.607,26.680,4.363,228.898,223.790,89.279,,,,47.336,168.317,,,,,,,,,,,,,,,,,,,,,DE_KN_residential3_circulation_pump | DE_KN_residential3_dishwasher
2015-04-18T19:00:00Z,2015-04-18T21:00:00+0200,,,,,,,,,,,,,,,,,,,,,,,,,,,,,,,,,,,,22.838,5.609,2.620,27.750,4.363,228.968,223.793,89.327,,,,47.353,168.317,,,,,,,,,,,,,,,,,,,,,DE_KN_residential3_circulation_pump | DE_KN_residential3_dishwasher
2015-04-18T20:00:00Z,2015-04-18T22:00:00+0200,,,,,,,,,,,,,,,,,,,,,,,,,,,,,,,,,,,,22.841,5.609,2.629,29.390,4.363,229.039,223.796,89.329,,,,47.360,168.317,,,,,,,,,,,,,,,,,,,,,DE_KN_residential3_circulation_pump | DE_KN_residential3_dishwasher
2015-04-18T21:00:00Z,2015-04-18T23:00:00+0200,,,,,,,,,,,,,,,,,,,,,,,,,,,,,,,,,,,,22.845,5.609,2.640,30.000,4.363,229.082,223.799,89.377,,,,47.384,168.317,,,,,,,,,,,,,,,,,,,,,DE_KN_residential3_circulation_pump | DE_KN_residential3_dishwasher
2015-04-18T22:00:00Z,2015-04-19T00:00:00+0200,,,,,,,,,,,,,,,,,,,,,,,,,,,,,,,,,,,,22.849,5.609,2.657,30.095,4.363,229.131,223.801,89.403,,,,47.395,168.317,,,,,,,,,,,,,,,,,,,,,DE_KN_residential3_circulation_pump | DE_KN_residential3_dishwasher
2015-04-18T23:00:00Z,2015-04-19T01:00:00+0200,,,,,,,,,,,,,,,,,,,,,,,,,,,,,,,,,,,,22.852,5.610,2.672,30.265,4.363,229.197,223.804,89.428,,,,47.407,168.317,,,,,,,,,,,,,,,,,,,,,DE_KN_residential3_circulation_pump | DE_KN_residential3_dishwasher
2015-04-19T00:00:00Z,2015-04-19T02:00:00+0200,,,,,,,,,,,,,,,,,,,,,,,,,,,,,,,,,,,,22.856,5.610,2.683,30.390,4.363,229.270,223.806,89.475,,,,47.429,168.317,,,,,,,,,,,,,,,,,,,,,DE_KN_residential3_circulation_pump | DE_KN_residential3_dishwasher
2015-04-19T01:00:00Z,2015-04-19T03:00:00+0200,,,,,,,,,,,,,,,,,,,,,,,,,,,,,,,,,,,,22.860,5.610,2.693,30.485,4.363,229.337,223.809,89.479,,,,47.430,168.317,,,,,,,,,,,,,,,,,,,,,DE_KN_residential3_circulation_pump | DE_KN_residential3_dishwasher
2015-04-19T02:00:00Z,2015-04-19T04:00:00+0200,,,,,,,,,,,,,,,,,,,,,,,,,,,,,,,,,,,,22.864,5.610,2.704,30.655,4.363,229.410,223.812,89.527,,,,47.453,168.317,,,,,,,,,,,,,,,,,,,,,DE_KN_residential3_circulation_pump | DE_KN_residential3_dishwasher
2015-04-19T03:00:00Z,2015-04-19T05:00:00+0200,,,,,,,,,,,,,,,,,,,,,,,,,,,,,,,,,,,,22.867,5.610,2.722,30.745,4.363,229.484,223.814,89.529,,,,47.471,168.318,,,,,,,,,,,,,,,,,,,,,DE_KN_residential3_circulation_pump | DE_KN_residential3_dishwasher
2015-04-19T04:00:00Z,2015-04-19T06:00:00+0200,,,,,,,,,,,,,,,,,,,,,,,,,,,,,,,,,,,,23.013,5.611,2.735,31.015,4.363,229.557,223.817,89.577,,,,47.476,168.318,,,,,,,,,,,,,,,,,,,,,DE_KN_residential3_circulation_pump | DE_KN_residential3_dishwasher
2015-04-19T05:00:00Z,2015-04-19T07:00:00+0200,,,,,,,,,,,,,,,,,,,,,,,,,,,,,,,,,,,,23.094,5.611,2.744,32.665,4.563,229.630,223.819,89.586,,,,47.498,168.318,,,,,,,,,,,,,,,,,,,,,DE_KN_residential3_circulation_pump | DE_KN_residential3_washing_machine | DE_KN_residential3_dishwasher
2015-04-19T06:00:00Z,2015-04-19T08:00:00+0200,,,,,,,,,,,,,,,,,,,,,,,,,,,,,,,,,,,,23.155,5.611,2.755,34.110,5.033,229.702,223.822,89.628,,,,47.507,168.318,,,,,,,,,,,,,,,,,,,,,DE_KN_residential3_circulation_pump | DE_KN_residential3_dishwasher
2015-04-19T07:00:00Z,2015-04-19T09:00:00+0200,,,,,,,,,,,,,,,,,,,,,,,,,,,,,,,,,,,,23.239,5.611,2.756,34.435,5.080,229.774,223.824,89.658,,,,47.526,168.318,,,,,,,,,,,,,,,,,,,,,DE_KN_residential3_circulation_pump | DE_KN_residential3_dishwasher
2015-04-19T08:00:00Z,2015-04-19T10:00:00+0200,,,,,,,,,,,,,,,,,,,,,,,,,,,,,,,,,,,,23.304,5.611,2.787,34.665,5.170,229.885,223.827,89.678,,,,47.560,168.318,,,,,,,,,,,,,,,,,,,,,DE_KN_residential3_circulation_pump | DE_KN_residential3_dishwasher
2015-04-19T09:00:00Z,2015-04-19T11:00:00+0200,,,,,,,,,,,,,,,,,,,,,,,,,,,,,,,,,,,,23.385,5.612,2.797,34.830,5.170,229.999,223.830,89.726,,,,47.575,168.318,,,,,,,,,,,,,,,,,,,,,DE_KN_residential3_circulation_pump | DE_KN_residential3_dishwasher
2015-04-19T10:00:00Z,2015-04-19T12:00:00+0200,,,,,,,,,,,,,,,,,,,,,,,,,,,,,,,,,,,,23.470,5.612,2.807,35.045,5.170,230.106,223.833,89.754,,,,47.586,168.318,,,,,,,,,,,,,,,,,,,,,DE_KN_residential3_circulation_pump | DE_KN_residential3_dishwasher
2015-04-19T11:00:00Z,2015-04-19T13:00:00+0200,,,,,,,,,,,,,,,,,,,,,,,,,,,,,,,,,,,,23.516,5.612,2.822,35.255,5.170,230.215,223.835,89.776,,,,47.613,168.318,,,,,,,,,,,,,,,,,,,,,DE_KN_residential3_circulation_pump | DE_KN_residential3_dishwasher
2015-04-19T12:00:00Z,2015-04-19T14:00:00+0200,,,,,,,,,,,,,,,,,,,,,,,,,,,,,,,,,,,,23.578,5.612,2.838,35.415,5.170,230.322,223.838,89.824,,,,47.634,168.318,,,,,,,,,,,,,,,,,,,,,DE_KN_residential3_circulation_pump | DE_KN_residential3_dishwasher
2015-04-19T13:00:00Z,2015-04-19T15:00:00+0200,,,,,,,,,,,,,,,,,,,,,,,,,,,,,,,,,,,,23.640,5.612,2.848,35.595,5.170,230.421,223.840,89.873,,,,47.640,168.522,,,,,,,,,,,,,,,,,,,,,DE_KN_residential3_circulation_pump | DE_KN_residential3_dishwasher
2015-04-19T14:00:00Z,2015-04-19T16:00:00+0200,,,,,,,,,,,,,,,,,,,,,,,,,,,,,,,,,,,,23.776,5.613,2.859,35.895,5.170,230.525,223.843,89.891,,,,47.666,168.572,,,,,,,,,,,,,,,,,,,,,DE_KN_residential3_circulation_pump | DE_KN_residential3_dishwasher
2015-04-19T15:00:00Z,2015-04-19T17:00:00+0200,,,,,,,,,,,,,,,,,,,,,,,,,,,,,,,,,,,,23.830,5.613,2.874,36.195,5.170,230.599,223.845,89.923,,,,47.686,168.573,,,,,,,,,,,,,,,,,,,,,DE_KN_residential3_circulation_pump | DE_KN_residential3_dishwasher
2015-04-19T16:00:00Z,2015-04-19T18:00:00+0200,,,,,,,,,,,,,,,,,,,,,,,,,,,,,,,,,,,,23.908,5.613,2.890,36.500,5.171,230.667,223.848,89.970,,,,47.708,168.573,,,,,,,,,,,,,,,,,,,,,DE_KN_residential3_circulation_pump | DE_KN_residential3_dishwasher
2015-04-19T17:00:00Z,2015-04-19T19:00:00+0200,,,,,,,,,,,,,,,,,,,,,,,,,,,,,,,,,,,,24.011,5.613,2.900,36.775,5.171,230.735,223.851,90.007,,,,47.726,168.573,,,,,,,,,,,,,,,,,,,,,DE_KN_residential3_circulation_pump | DE_KN_residential3_dishwasher
2015-04-19T18:00:00Z,2015-04-19T20:00:00+0200,,,,,,,,,,,,,,,,,,,,,,,,,,,,,,,,,,,,24.043,5.614,2.910,37.140,5.171,230.802,223.853,90.019,,,,47.742,168.573,,,,,,,,,,,,,,,,,,,,,DE_KN_residential3_circulation_pump | DE_KN_residential3_dishwasher
2015-04-19T19:00:00Z,2015-04-19T21:00:00+0200,,,,,,,,,,,,,,,,,,,,,,,,,,,,,,,,,,,,24.047,5.614,2.924,38.015,5.171,230.871,223.856,90.067,,,,47.756,168.573,,,,,,,,,,,,,,,,,,,,,DE_KN_residential3_circulation_pump | DE_KN_residential3_washing_machine | DE_KN_residential3_dishwasher
2015-04-19T20:00:00Z,2015-04-19T22:00:00+0200,,,,,,,,,,,,,,,,,,,,,,,,,,,,,,,,,,,,24.050,5.614,2.941,39.595,5.171,230.941,223.858,90.111,,,,47.767,168.573,,,,,,,,,,,,,,,,,,,,,DE_KN_residential3_circulation_pump | DE_KN_residential3_washing_machine | DE_KN_residential3_dishwasher
2015-04-19T21:00:00Z,2015-04-19T23:00:00+0200,,,,,,,,,,,,,,,,,,,,,,,,,,,,,,,,,,,,24.054,5.614,2.952,39.915,5.171,230.983,223.861,90.117,,,,47.778,168.573,,,,,,,,,,,,,,,,,,,,,DE_KN_residential3_circulation_pump | DE_KN_residential3_dishwasher
2015-04-19T22:00:00Z,2015-04-20T00:00:00+0200,,,,,,,,,,,,,,,,,,,,,,,,,,,,,,,,,,,,24.057,5.614,2.963,40.095,5.171,231.039,223.863,90.164,,,,47.795,168.573,,,,,,,,,,,,,,,,,,,,,DE_KN_residential3_circulation_pump | DE_KN_residential3_dishwasher
2015-04-19T23:00:00Z,2015-04-20T01:00:00+0200,,,,,,,,,,,,,,,,,,,,,,,,,,,,,,,,,,,,24.061,5.615,2.973,40.185,5.171,231.105,223.867,90.198,,,,47.811,168.573,,,,,,,,,,,,,,,,,,,,,DE_KN_residential3_circulation_pump | DE_KN_residential3_washing_machine | DE_KN_residential3_dishwasher
2015-04-20T00:00:00Z,2015-04-20T02:00:00+0200,,,,,,,,,,,,,,,,,,,,,,,,,,,,,,,,,,,,24.065,5.615,2.992,40.325,5.171,231.177,223.869,90.214,,,,47.827,168.573,,,,,,,,,,,,,,,,,,,,,DE_KN_residential3_circulation_pump | DE_KN_residential3_dishwasher
2015-04-20T01:00:00Z,2015-04-20T03:00:00+0200,,,,,,,,,,,,,,,,,,,,,,,,,,,,,,,,,,,,24.069,5.615,3.005,40.480,5.171,231.244,223.872,90.263,,,,47.842,168.573,,,,,,,,,,,,,,,,,,,,,DE_KN_residential3_circulation_pump | DE_KN_residential3_dishwasher
2015-04-20T02:00:00Z,2015-04-20T04:00:00+0200,,,,,,,,,,,,,,,,,,,,,,,,,,,,,,,,,,,,24.072,5.615,3.015,40.560,5.171,231.317,223.874,90.266,,,,47.858,168.573,,,,,,,,,,,,,,,,,,,,,DE_KN_residential3_circulation_pump | DE_KN_residential3_dishwasher
2015-04-20T03:00:00Z,2015-04-20T05:00:00+0200,,,,,,,,,,,,,,,,,,,,,,,,,,,,,,,,,,,,24.209,5.615,3.025,40.830,5.171,231.390,223.877,90.315,,,,47.873,168.573,,,,,,,,,,,,,,,,,,,,,DE_KN_residential3_circulation_pump | DE_KN_residential3_dishwasher
2015-04-20T04:00:00Z,2015-04-20T06:00:00+0200,,,,,,,,,,,,,,,,,,,,,,,,,,,,,,,,,,,,24.306,5.616,3.041,41.075,5.171,231.464,223.879,90.340,,,,47.894,168.573,,,,,,,,,,,,,,,,,,,,,DE_KN_residential3_circulation_pump | DE_KN_residential3_dishwasher
2015-04-20T05:00:00Z,2015-04-20T07:00:00+0200,,,,,,,,,,,,,,,,,,,,,,,,,,,,,,,,,,,,24.380,5.616,3.057,42.615,5.171,231.536,223.882,90.366,,,,47.911,168.573,,,,,,,,,,,,,,,,,,,,,DE_KN_residential3_circulation_pump | DE_KN_residential3_dishwasher
2015-04-20T06:00:00Z,2015-04-20T08:00:00+0200,,,,,,,,,,,,,,,,,,,,,,,,,,,,,,,,,,,,24.450,5.616,3.067,44.400,5.171,231.607,223.885,90.413,,,,47.925,168.573,,,,,,,,,,,,,,,,,,,,,DE_KN_residential3_circulation_pump | DE_KN_residential3_dishwasher
2015-04-20T07:00:00Z,2015-04-20T09:00:00+0200,,,,,,,,,,,,,,,,,,,,,,,,,,,,,,,,,,,,24.487,5.616,3.078,45.840,5.171,231.684,223.887,90.417,,,,47.940,168.573,,,,,,,,,,,,,,,,,,,,,DE_KN_residential3_circulation_pump | DE_KN_residential3_dishwasher
2015-04-20T08:00:00Z,2015-04-20T10:00:00+0200,,,,,,,,,,,,,,,,,,,,,,,,,,,,,,,,,,,,24.490,5.616,3.088,45.965,5.171,231.798,223.890,90.466,,,,47.953,168.573,,,,,,,,,,,,,,,,,,,,,DE_KN_residential3_circulation_pump | DE_KN_residential3_washing_machine | DE_KN_residential3_dishwasher
2015-04-20T09:00:00Z,2015-04-20T11:00:00+0200,,,,,,,,,,,,,,,,,,,,,,,,,,,,,,,,,,,,24.494,5.617,3.106,46.085,5.171,231.918,223.893,90.468,,,,47.964,168.573,,,,,,,,,,,,,,,,,,,,,DE_KN_residential3_circulation_pump | DE_KN_residential3_dishwasher
2015-04-20T10:00:00Z,2015-04-20T12:00:00+0200,,,,,,,,,,,,,,,,,,,,,,,,,,,,,,,,,,,,24.498,5.617,3.120,46.235,5.172,232.035,224.696,90.517,,,,47.977,168.573,,,,,,,,,,,,,,,,,,,,,DE_KN_residential3_circulation_pump | DE_KN_residential3_dishwasher
2015-04-20T11:00:00Z,2015-04-20T13:00:00+0200,,,,,,,,,,,,,,,,,,,,,,,,,,,,,,,,,,,,24.501,5.617,3.131,46.310,5.172,232.144,225.244,90.532,,,,48.021,168.573,,,,,,,,,,,,,,,,,,,,,DE_KN_residential3_circulation_pump | DE_KN_residential3_dishwasher
2015-04-20T12:00:00Z,2015-04-20T14:00:00+0200,,,,,,,,,,,,,,,,,,,,,,,,,,,,,,,,,,,,24.505,5.617,3.142,46.415,5.172,232.246,225.246,90.568,,,,48.045,168.574,,,,,,,,,,,,,,,,,,,,,DE_KN_residential3_circulation_pump | DE_KN_residential3_dishwasher
2015-04-20T13:00:00Z,2015-04-20T15:00:00+0200,,,,,,,,,,,,,,,,,,,,,,,,,,,,,,,,,,,,24.586,5.618,3.153,46.640,5.172,232.333,225.249,90.605,,,,48.052,168.574,,,,,,,,,,,,,,,,,,,,,DE_KN_residential3_circulation_pump | DE_KN_residential3_washing_machine | DE_KN_residential3_dishwasher
2015-04-20T14:00:00Z,2015-04-20T16:00:00+0200,,,,,,,,,,,,,,,,,,,,,,,,,,,,,,,,,,,,24.666,5.618,3.172,46.790,5.172,232.408,225.251,90.620,,,,48.071,168.574,,,,,,,,,,,,,,,,,,,,,DE_KN_residential3_circulation_pump | DE_KN_residential3_washing_machine | DE_KN_residential3_dishwasher
2015-04-20T15:00:00Z,2015-04-20T17:00:00+0200,,,,,,,,,,,,,,,,,,,,,,,,,,,,,,,,,,,,24.712,5.618,3.184,47.030,5.172,232.482,225.447,90.669,,,,48.097,168.574,,,,,,,,,,,,,,,,,,,,,DE_KN_residential3_circulation_pump | DE_KN_residential3_dishwasher
2015-04-20T16:00:00Z,2015-04-20T18:00:00+0200,,,,,,,,,,,,,,,,,,,,,,,,,,,,,,,,,,,,24.759,5.618,3.194,47.285,5.172,232.552,226.218,90.671,,,,48.115,168.574,,,,,,,,,,,,,,,,,,,,,DE_KN_residential3_circulation_pump | DE_KN_residential3_dishwasher
2015-04-20T17:00:00Z,2015-04-20T19:00:00+0200,,,,,,,,,,,,,,,,,,,,,,,,,,,,,,,,,,,,24.815,5.618,3.204,47.495,5.172,232.620,226.572,90.720,,,,48.122,168.574,,,,,,,,,,,,,,,,,,,,,DE_KN_residential3_circulation_pump | DE_KN_residential3_dishwasher
2015-04-20T18:00:00Z,2015-04-20T20:00:00+0200,,,,,,,,,,,,,,,,,,,,,,,,,,,,,,,,,,,,24.843,5.629,3.219,47.760,5.172,232.688,226.574,90.722,,,,48.146,168.574,,,,,,,,,,,,,,,,,,,,,DE_KN_residential3_circulation_pump | DE_KN_residential3_dishwasher
2015-04-20T19:00:00Z,2015-04-20T21:00:00+0200,,,,,,,,,,,,,,,,,,,,,,,,,,,,,,,,,,,,24.846,6.139,3.236,48.555,5.172,232.757,226.577,90.771,,,,48.160,168.574,,,,,,,,,,,,,,,,,,,,,DE_KN_residential3_circulation_pump | DE_KN_residential3_dishwasher
2015-04-20T20:00:00Z,2015-04-20T22:00:00+0200,,,,,,,,,,,,,,,,,,,,,,,,,,,,,,,,,,,,24.850,6.785,3.246,49.360,5.172,232.827,226.579,90.790,,,,48.170,168.574,,,,,,,,,,,,,,,,,,,,,DE_KN_residential3_circulation_pump | DE_KN_residential3_dishwasher
2015-04-20T21:00:00Z,2015-04-20T23:00:00+0200,,,,,,,,,,,,,,,,,,,,,,,,,,,,,,,,,,,,24.854,6.803,3.257,49.505,5.172,232.870,226.581,90.822,,,,48.193,168.574,,,,,,,,,,,,,,,,,,,,,DE_KN_residential3_circulation_pump | DE_KN_residential3_dishwasher
2015-04-20T22:00:00Z,2015-04-21T00:00:00+0200,,,,,,,,,,,,,,,,,,,,,,,,,,,,,,,,,,,,24.857,6.804,3.269,49.610,5.172,232.919,226.584,90.858,,,,48.198,169.384,,,,,,,,,,,,,,,,,,,,,DE_KN_residential3_circulation_pump | DE_KN_residential3_dishwasher
2015-04-20T23:00:00Z,2015-04-21T01:00:00+0200,,,,,,,,,,,,,,,,,,,,,,,,,,,,,,,,,,,,24.861,6.805,3.288,49.685,5.172,232.985,226.586,90.874,,,,48.219,169.489,,,,,,,,,,,,,,,,,,,,,DE_KN_residential3_circulation_pump | DE_KN_residential3_dishwasher
2015-04-21T00:00:00Z,2015-04-21T02:00:00+0200,,,,,,,,,,,,,,,,,,,,,,,,,,,,,,,,,,,,24.865,6.807,3.299,49.835,5.172,233.057,226.589,90.923,,,,48.239,169.580,,,,,,,,,,,,,,,,,,,,,DE_KN_residential3_circulation_pump | DE_KN_residential3_dishwasher
2015-04-21T01:00:00Z,2015-04-21T03:00:00+0200,,,,,,,,,,,,,,,,,,,,,,,,,,,,,,,,,,,,24.868,6.808,3.309,49.910,5.172,233.124,226.591,90.925,,,,48.243,169.581,,,,,,,,,,,,,,,,,,,,,DE_KN_residential3_circulation_pump | DE_KN_residential3_dishwasher
2015-04-21T02:00:00Z,2015-04-21T04:00:00+0200,,,,,,,,,,,,,,,,,,,,,,,,,,,,,,,,,,,,24.872,6.809,3.320,49.980,5.172,233.195,226.594,90.974,,,,48.266,169.581,,,,,,,,,,,,,,,,,,,,,DE_KN_residential3_circulation_pump | DE_KN_residential3_dishwasher
2015-04-21T03:00:00Z,2015-04-21T05:00:00+0200,,,,,,,,,,,,,,,,,,,,,,,,,,,,,,,,,,,,25.048,6.810,3.336,50.305,5.172,233.268,226.596,90.976,,,,48.269,169.581,,,,,,,,,,,,,,,,,,,,,DE_KN_residential3_circulation_pump | DE_KN_residential3_dishwasher
2015-04-21T04:00:00Z,2015-04-21T06:00:00+0200,,,,,,,,,,,,,,,,,,,,,,,,,,,,,,,,,,,,25.128,6.812,3.351,50.525,5.172,233.340,226.599,91.025,,,,48.292,169.581,,,,,,,,,,,,,,,,,,,,,DE_KN_residential3_circulation_pump | DE_KN_residential3_dishwasher
2015-04-21T05:00:00Z,2015-04-21T07:00:00+0200,,,,,,,,,,,,,,,,,,,,,,,,,,,,,,,,,,,,25.204,6.812,3.362,50.695,5.172,233.408,226.602,91.040,,,,48.319,169.693,,,,,,,,,,,,,,,,,,,,,DE_KN_residential3_circulation_pump | DE_KN_residential3_dishwasher
2015-04-21T06:00:00Z,2015-04-21T08:00:00+0200,,,,,,,,,,,,,,,,,,,,,,,,,,,,,,,,,,,,25.270,6.812,3.373,50.895,5.172,233.476,226.605,91.076,,,,48.340,170.928,,,,,,,,,,,,,,,,,,,,,DE_KN_residential3_circulation_pump | DE_KN_residential3_dishwasher
2015-04-21T07:00:00Z,2015-04-21T09:00:00+0200,,,,,,,,,,,,,,,,,,,,,,,,,,,,,,,,,,,,25.306,6.812,3.384,51.000,5.172,233.545,226.607,91.110,,,,48.343,171.941,,,,,,,,,,,,,,,,,,,,,DE_KN_residential3_circulation_pump | DE_KN_residential3_dishwasher
2015-04-21T08:00:00Z,2015-04-21T10:00:00+0200,,,,,,,,,,,,,,,,,,,,,,,,,,,,,,,,,,,,25.310,6.813,3.403,51.095,5.173,233.656,226.610,91.127,,,,48.365,172.047,,,,,,,,,,,,,,,,,,,,,DE_KN_residential3_circulation_pump | DE_KN_residential3_dishwasher
2015-04-21T09:00:00Z,2015-04-21T11:00:00+0200,,,,,,,,,,,,,,,,,,,,,,,,,,,,,,,,,,,,25.313,6.813,3.414,51.230,5.173,233.774,226.612,91.176,,,,48.373,172.063,,,,,,,,,,,,,,,,,,,,,DE_KN_residential3_circulation_pump | DE_KN_residential3_dishwasher
2015-04-21T10:00:00Z,2015-04-21T12:00:00+0200,,,,,,,,,,,,,,,,,,,,,,,,,,,,,,,,,,,,25.317,6.813,3.425,51.300,5.173,233.884,226.615,91.178,,,,48.388,172.069,,,,,,,,,,,,,,,,,,,,,DE_KN_residential3_circulation_pump | DE_KN_residential3_dishwasher
2015-04-21T11:00:00Z,2015-04-21T13:00:00+0200,,,,,,,,,,,,,,,,,,,,,,,,,,,,,,,,,,,,25.321,6.813,3.435,51.385,5.173,233.992,226.617,91.226,,,,48.415,172.348,,,,,,,,,,,,,,,,,,,,,DE_KN_residential3_circulation_pump | DE_KN_residential3_dishwasher
2015-04-21T12:00:00Z,2015-04-21T14:00:00+0200,,,,,,,,,,,,,,,,,,,,,,,,,,,,,,,,,,,,25.324,6.814,3.452,51.525,5.173,234.099,226.620,91.229,,,,48.415,172.392,,,,,,,,,,,,,,,,,,,,,DE_KN_residential3_circulation_pump | DE_KN_residential3_dishwasher
2015-04-21T13:00:00Z,2015-04-21T15:00:00+0200,,,,,,,,,,,,,,,,,,,,,,,,,,,,,,,,,,,,25.394,6.814,3.467,51.660,5.173,234.209,226.623,91.278,,,,48.438,172.394,,,,,,,,,,,,,,,,,,,,,DE_KN_residential3_circulation_pump | DE_KN_residential3_dishwasher
2015-04-21T14:00:00Z,2015-04-21T16:00:00+0200,,,,,,,,,,,,,,,,,,,,,,,,,,,,,,,,,,,,25.422,6.814,3.478,51.975,5.173,234.317,226.625,91.289,,,,48.449,172.560,,,,,,,,,,,,,,,,,,,,,DE_KN_residential3_circulation_pump | DE_KN_residential3_dishwasher
2015-04-21T15:00:00Z,2015-04-21T17:00:00+0200,,,,,,,,,,,,,,,,,,,,,,,,,,,,,,,,,,,,25.431,6.814,3.488,52.375,5.173,234.419,226.718,91.329,,,,48.467,172.571,,,,,,,,,,,,,,,,,,,,,DE_KN_residential3_circulation_pump | DE_KN_residential3_dishwasher
2015-04-21T16:00:00Z,2015-04-21T18:00:00+0200,,,,,,,,,,,,,,,,,,,,,,,,,,,,,,,,,,,,25.440,6.814,3.500,52.550,5.173,234.500,227.619,91.361,,,,48.490,172.571,,,,,,,,,,,,,,,,,,,,,DE_KN_residential3_circulation_pump | DE_KN_residential3_dishwasher
2015-04-21T17:00:00Z,2015-04-21T19:00:00+0200,,,,,,,,,,,,,,,,,,,,,,,,,,,,,,,,,,,,25.449,6.815,3.518,52.695,5.173,234.570,227.963,91.380,,,,48.514,172.571,,,,,,,,,,,,,,,,,,,,,DE_KN_residential3_circulation_pump | DE_KN_residential3_dishwasher
2015-04-21T18:00:00Z,2015-04-21T20:00:00+0200,,,,,,,,,,,,,,,,,,,,,,,,,,,,,,,,,,,,25.455,6.815,3.529,52.910,5.173,234.638,227.965,91.429,,,,48.516,172.571,,,,,,,,,,,,,,,,,,,,,DE_KN_residential3_circulation_pump | DE_KN_residential3_dishwasher
2015-04-21T19:00:00Z,2015-04-21T21:00:00+0200,,,,,,,,,,,,,,,,,,,,,,,,,,,,,,,,,,,,25.459,6.815,3.539,53.095,5.173,234.708,228.569,91.431,,,,48.541,172.572,,,,,,,,,,,,,,,,,,,,,DE_KN_residential3_circulation_pump | DE_KN_residential3_dishwasher
2015-04-21T20:00:00Z,2015-04-21T22:00:00+0200,,,,,,,,,,,,,,,,,,,,,,,,,,,,,,,,,,,,25.463,6.815,3.551,53.240,5.173,234.778,229.210,91.480,,,,48.559,172.797,,,,,,,,,,,,,,,,,,,,,DE_KN_residential3_circulation_pump | DE_KN_residential3_dishwasher
2015-04-21T21:00:00Z,2015-04-21T23:00:00+0200,,,,,,,,,,,,,,,,,,,,,,,,,,,,,,,,,,,,25.466,6.816,3.570,53.315,5.173,234.821,229.212,91.496,,,,48.566,172.797,,,,,,,,,,,,,,,,,,,,,DE_KN_residential3_circulation_pump | DE_KN_residential3_dishwasher
2015-04-21T22:00:00Z,2015-04-22T00:00:00+0200,,,,,,,,,,,,,,,,,,,,,,,,,,,,,,,,,,,,25.470,6.816,3.581,53.455,5.173,234.869,229.215,91.531,,,,48.589,172.797,,,,,,,,,,,,,,,,,,,,,DE_KN_residential3_circulation_pump | DE_KN_residential3_dishwasher
2015-04-21T23:00:00Z,2015-04-22T01:00:00+0200,,,,,,,,,,,,,,,,,,,,,,,,,,,,,,,,,,,,25.473,6.816,3.591,53.570,5.173,234.934,229.217,91.568,,,,48.597,172.797,,,,,,,,,,,,,,,,,,,,,DE_KN_residential3_circulation_pump | DE_KN_residential3_dishwasher
2015-04-22T00:00:00Z,2015-04-22T02:00:00+0200,,,,,,,,,,,,,,,,,,,,,,,,,,,,,,,,,,,,25.477,6.816,3.601,53.665,5.173,235.005,229.219,91.582,,,,48.613,172.797,,,,,,,,,,,,,,,,,,,,,DE_KN_residential3_circulation_pump | DE_KN_residential3_dishwasher
2015-04-22T01:00:00Z,2015-04-22T03:00:00+0200,,,,,,,,,,,,,,,,,,,,,,,,,,,,,,,,,,,,25.481,6.816,3.620,53.805,5.174,235.071,229.221,91.630,,,,48.636,172.797,,,,,,,,,,,,,,,,,,,,,DE_KN_residential3_circulation_pump | DE_KN_residential3_dishwasher
2015-04-22T02:00:00Z,2015-04-22T04:00:00+0200,,,,,,,,,,,,,,,,,,,,,,,,,,,,,,,,,,,,25.485,6.817,3.632,53.870,5.174,235.142,229.224,91.632,,,,48.637,172.797,,,,,,,,,,,,,,,,,,,,,DE_KN_residential3_circulation_pump | DE_KN_residential3_dishwasher
2015-04-22T03:00:00Z,2015-04-22T05:00:00+0200,,,,,,,,,,,,,,,,,,,,,,,,,,,,,,,,,,,,25.657,6.817,3.643,54.150,5.174,235.214,229.226,91.681,,,,48.660,172.797,,,,,,,,,,,,,,,,,,,,,DE_KN_residential3_circulation_pump | DE_KN_residential3_dishwasher
2015-04-22T04:00:00Z,2015-04-22T06:00:00+0200,,,,,,,,,,,,,,,,,,,,,,,,,,,,,,,,,,,,25.742,6.817,3.653,54.360,5.174,235.285,229.228,91.683,,,,48.671,172.797,,,,,,,,,,,,,,,,,,,,,DE_KN_residential3_circulation_pump | DE_KN_residential3_dishwasher
2015-04-22T05:00:00Z,2015-04-22T07:00:00+0200,,,,,,,,,,,,,,,,,,,,,,,,,,,,,,,,,,,,25.816,6.817,3.670,54.495,5.174,235.354,229.231,91.732,,,,48.684,172.797,,,,,,,,,,,,,,,,,,,,,DE_KN_residential3_circulation_pump | DE_KN_residential3_dishwasher
2015-04-22T06:00:00Z,2015-04-22T08:00:00+0200,,,,,,,,,,,,,,,,,,,,,,,,,,,,,,,,,,,,25.892,6.817,3.684,54.690,5.174,235.423,229.233,91.754,,,,48.713,172.797,,,,,,,,,,,,,,,,,,,,,DE_KN_residential3_circulation_pump | DE_KN_residential3_dishwasher
2015-04-22T07:00:00Z,2015-04-22T09:00:00+0200,,,,,,,,,,,,,,,,,,,,,,,,,,,,,,,,,,,,25.929,6.818,3.695,54.850,5.174,235.497,229.236,91.782,,,,48.730,172.797,,,,,,,,,,,,,,,,,,,,,DE_KN_residential3_circulation_pump | DE_KN_residential3_dishwasher
2015-04-22T08:00:00Z,2015-04-22T10:00:00+0200,,,,,,,,,,,,,,,,,,,,,,,,,,,,,,,,,,,,25.933,6.818,3.705,54.905,5.174,235.612,229.239,91.827,,,,48.737,172.797,,,,,,,,,,,,,,,,,,,,,DE_KN_residential3_circulation_pump | DE_KN_residential3_dishwasher
2015-04-22T09:00:00Z,2015-04-22T11:00:00+0200,,,,,,,,,,,,,,,,,,,,,,,,,,,,,,,,,,,,25.937,6.818,3.718,55.025,5.174,235.731,229.241,91.833,,,,48.772,172.797,,,,,,,,,,,,,,,,,,,,,DE_KN_residential3_circulation_pump | DE_KN_residential3_dishwasher
2015-04-22T10:00:00Z,2015-04-22T12:00:00+0200,,,,,,,,,,,,,,,,,,,,,,,,,,,,,,,,,,,,25.941,6.818,3.736,55.150,5.174,235.843,229.244,91.882,,,,48.779,172.797,,,,,,,,,,,,,,,,,,,,,DE_KN_residential3_circulation_pump | DE_KN_residential3_dishwasher
2015-04-22T11:00:00Z,2015-04-22T13:00:00+0200,,,,,,,,,,,,,,,,,,,,,,,,,,,,,,,,,,,,25.944,6.819,3.747,55.210,5.174,235.951,229.246,91.884,,,,48.801,172.797,,,,,,,,,,,,,,,,,,,,,DE_KN_residential3_circulation_pump | DE_KN_residential3_dishwasher
2015-04-22T12:00:00Z,2015-04-22T14:00:00+0200,,,,,,,,,,,,,,,,,,,,,,,,,,,,,,,,,,,,25.948,6.819,3.757,55.330,5.174,236.057,229.249,91.932,,,,48.826,172.797,,,,,,,,,,,,,,,,,,,,,DE_KN_residential3_circulation_pump | DE_KN_residential3_dishwasher
2015-04-22T13:00:00Z,2015-04-22T15:00:00+0200,,,,,,,,,,,,,,,,,,,,,,,,,,,,,,,,,,,,26.014,6.819,3.768,55.505,5.174,236.168,229.251,91.941,,,,48.831,172.797,,,,,,,,,,,,,,,,,,,,,DE_KN_residential3_circulation_pump | DE_KN_residential3_dishwasher
2015-04-22T14:00:00Z,2015-04-22T16:00:00+0200,,,,,,,,,,,,,,,,,,,,,,,,,,,,,,,,,,,,26.024,6.819,3.786,55.575,5.174,236.275,230.152,91.983,,,,48.850,172.797,,,,,,,,,,,,,,,,,,,,,DE_KN_residential3_circulation_pump | DE_KN_residential3_dishwasher
2015-04-22T15:00:00Z,2015-04-22T17:00:00+0200,,,,,,,,,,,,,,,,,,,,,,,,,,,,,,,,,,,,26.033,6.819,3.799,55.815,5.174,236.378,230.603,92.016,,,,48.876,172.798,,,,,,,,,,,,,,,,,,,,,DE_KN_residential3_circulation_pump | DE_KN_residential3_dishwasher
2015-04-22T16:00:00Z,2015-04-22T18:00:00+0200,,,,,,,,,,,,,,,,,,,,,,,,,,,,,,,,,,,,26.042,6.820,3.810,56.025,5.174,236.464,230.606,92.034,,,,48.876,172.798,,,,,,,,,,,,,,,,,,,,,DE_KN_residential3_circulation_pump | DE_KN_residential3_dishwasher
2015-04-22T17:00:00Z,2015-04-22T19:00:00+0200,,,,,,,,,,,,,,,,,,,,,,,,,,,,,,,,,,,,26.153,6.820,3.820,56.265,5.174,236.531,230.609,92.083,,,,48.905,172.798,,,,,,,,,,,,,,,,,,,,,DE_KN_residential3_circulation_pump | DE_KN_residential3_dishwasher
2015-04-22T18:00:00Z,2015-04-22T20:00:00+0200,,,,,,,,,,,,,,,,,,,,,,,,,,,,,,,,,,,,26.159,6.820,3.835,56.520,5.174,236.597,230.611,92.085,,,,48.923,172.798,,,,,,,,,,,,,,,,,,,,,DE_KN_residential3_circulation_pump | DE_KN_residential3_dishwasher
2015-04-22T19:00:00Z,2015-04-22T21:00:00+0200,,,,,,,,,,,,,,,,,,,,,,,,,,,,,,,,,,,,26.163,6.820,3.851,56.775,5.174,236.665,230.614,92.134,,,,48.929,172.798,,,,,,,,,,,,,,,,,,,,,DE_KN_residential3_circulation_pump | DE_KN_residential3_dishwasher
2015-04-22T20:00:00Z,2015-04-22T22:00:00+0200,,,,,,,,,,,,,,,,,,,,,,,,,,,,,,,,,,,,26.166,6.820,3.862,56.905,5.174,236.732,230.616,92.136,,,,48.952,172.798,,,,,,,,,,,,,,,,,,,,,DE_KN_residential3_circulation_pump | DE_KN_residential3_dishwasher
2015-04-22T21:00:00Z,2015-04-22T23:00:00+0200,,,,,,,,,,,,,,,,,,,,,,,,,,,,,,,,,,,,26.170,6.821,3.872,57.030,5.174,236.774,230.619,92.184,,,,48.973,172.798,,,,,,,,,,,,,,,,,,,,,DE_KN_residential3_circulation_pump | DE_KN_residential3_dishwasher
2015-04-22T22:00:00Z,2015-04-23T00:00:00+0200,,,,,,,,,,,,,,,,,,,,,,,,,,,,,,,,,,,,26.174,6.821,3.884,57.140,5.174,236.803,230.622,92.195,,,,48.974,172.798,,,,,,,,,,,,,,,,,,,,,DE_KN_residential3_circulation_pump | DE_KN_residential3_dishwasher
2015-04-22T23:00:00Z,2015-04-23T01:00:00+0200,,,,,,,,,,,,,,,,,,,,,,,,,,,,,,,,,,,,26.178,6.821,3.903,57.205,5.175,236.868,230.624,92.235,,,,48.997,172.798,,,,,,,,,,,,,,,,,,,,,DE_KN_residential3_circulation_pump | DE_KN_residential3_dishwasher
2015-04-23T00:00:00Z,2015-04-23T02:00:00+0200,,,,,,,,,,,,,,,,,,,,,,,,,,,,,,,,,,,,26.181,6.821,3.914,57.355,5.175,236.938,230.627,92.263,,,,49.014,172.798,,,,,,,,,,,,,,,,,,,,,DE_KN_residential3_circulation_pump | DE_KN_residential3_dishwasher
2015-04-23T01:00:00Z,2015-04-23T03:00:00+0200,,,,,,,,,,,,,,,,,,,,,,,,,,,,,,,,,,,,26.185,6.821,3.924,57.430,5.175,237.002,230.629,92.286,,,,49.020,172.798,,,,,,,,,,,,,,,,,,,,,DE_KN_residential3_circulation_pump | DE_KN_residential3_dishwasher
2015-04-23T02:00:00Z,2015-04-23T04:00:00+0200,,,,,,,,,,,,,,,,,,,,,,,,,,,,,,,,,,,,26.189,6.822,3.935,57.515,5.175,237.072,230.632,92.331,,,,49.042,172.798,,,,,,,,,,,,,,,,,,,,,DE_KN_residential3_circulation_pump | DE_KN_residential3_dishwasher
2015-04-23T03:00:00Z,2015-04-23T05:00:00+0200,,,,,,,,,,,,,,,,,,,,,,,,,,,,,,,,,,,,26.342,6.822,3.954,57.815,5.175,237.143,230.634,92.337,,,,49.049,172.798,,,,,,,,,,,,,,,,,,,,,DE_KN_residential3_circulation_pump | DE_KN_residential3_dishwasher
2015-04-23T04:00:00Z,2015-04-23T06:00:00+0200,,,,,,,,,,,,,,,,,,,,,,,,,,,,,,,,,,,,26.417,6.822,3.965,57.965,5.175,237.215,230.637,92.385,,,,49.065,172.798,,,,,,,,,,,,,,,,,,,,,DE_KN_residential3_circulation_pump | DE_KN_residential3_dishwasher
2015-04-23T05:00:00Z,2015-04-23T07:00:00+0200,,,,,,,,,,,,,,,,,,,,,,,,,,,,,,,,,,,,26.492,6.822,3.976,58.145,5.175,237.283,230.640,92.387,,,,49.091,172.798,,,,,,,,,,,,,,,,,,,,,DE_KN_residential3_circulation_pump | DE_KN_residential2_freezer | DE_KN_residential3_dishwasher
2015-04-23T06:00:00Z,2015-04-23T08:00:00+0200,,,,,,,,,,,,,,,,,,,,,,,,,,,,,,,,,,,,26.568,6.823,3.986,58.355,5.175,237.349,230.642,92.436,,,,49.097,172.798,,,,,,,,,,,,,,,,,,,,,DE_KN_residential3_circulation_pump | DE_KN_residential2_freezer | DE_KN_residential3_dishwasher
2015-04-23T07:00:00Z,2015-04-23T09:00:00+0200,,,,,,,,,,,,,,,,,,,,,,,,,,,,,,,,,,,,26.604,6.823,4.001,58.450,5.175,237.432,231.064,92.438,,,,49.114,172.798,,,,,,,,,,,,,,,,,,,,,DE_KN_residential3_circulation_pump | DE_KN_residential2_freezer | DE_KN_residential3_dishwasher
2015-04-23T08:00:00Z,2015-04-23T10:00:00+0200,,,,,,,,,,,,,,,,,,,,,,,,,,,,,,,,,,,,26.608,6.823,4.015,58.545,5.175,237.542,232.006,92.486,,,,49.137,172.798,,,,,,,,,,,,,,,,,,,,,DE_KN_residential3_circulation_pump | DE_KN_residential2_freezer | DE_KN_residential3_dishwasher
2015-04-23T09:00:00Z,2015-04-23T11:00:00+0200,,,,,,,,,,,,,,,,,,,,,,,,,,,,,,,,,,,,26.611,6.823,4.028,58.685,5.175,237.648,232.011,92.499,,,,49.138,172.798,,,,,,,,,,,,,,,,,,,,,DE_KN_residential3_circulation_pump | DE_KN_residential2_freezer | DE_KN_residential3_dishwasher
2015-04-23T10:00:00Z,2015-04-23T12:00:00+0200,,,,,,,,,,,,,,,,,,,,,,,,,,,,,,,,,,,,26.615,6.823,4.038,58.760,5.175,237.755,232.016,92.537,,,,49.162,172.798,,,,,,,,,,,,,,,,,,,,,DE_KN_residential3_circulation_pump | DE_KN_residential3_dishwasher
2015-04-23T11:00:00Z,2015-04-23T13:00:00+0200,,,,,,,,,,,,,,,,,,,,,,,,,,,,,,,,,,,,26.618,6.824,4.053,58.835,5.175,237.861,232.019,92.568,,,,49.183,172.798,,,,,,,,,,,,,,,,,,,,,DE_KN_residential3_circulation_pump | DE_KN_residential3_dishwasher
2015-04-23T12:00:00Z,2015-04-23T14:00:00+0200,,,,,,,,,,,,,,,,,,,,,,,,,,,,,,,,,,,,26.622,6.824,4.064,58.985,5.175,237.964,232.022,92.587,,,,49.186,172.798,,,,,,,,,,,,,,,,,,,,,DE_KN_residential3_circulation_pump | DE_KN_residential2_freezer | DE_KN_residential3_dishwasher
2015-04-23T13:00:00Z,2015-04-23T15:00:00+0200,,,,,,,,,,,,,,,,,,,,,,,,,,,,,,,,,,,,26.690,6.824,4.076,59.125,5.175,238.072,232.024,92.636,,,,49.209,172.799,,,,,,,,,,,,,,,,,,,,,DE_KN_residential3_circulation_pump | DE_KN_residential2_freezer | DE_KN_residential3_dishwasher
2015-04-23T14:00:00Z,2015-04-23T16:00:00+0200,,,,,,,,,,,,,,,,,,,,,,,,,,,,,,,,,,,,26.778,6.824,4.090,59.285,5.175,238.178,232.027,92.638,,,,49.226,172.799,,,,,,,,,,,,,,,,,,,,,DE_KN_residential3_circulation_pump | DE_KN_residential2_freezer | DE_KN_residential3_dishwasher
2015-04-23T15:00:00Z,2015-04-23T17:00:00+0200,,,,,,,,,,,,,,,,,,,,,,,,,,,,,,,,,,,,26.824,6.824,4.104,60.085,5.175,238.279,232.030,92.687,,,,49.232,172.799,,,,,,,,,,,,,,,,,,,,,DE_KN_residential3_circulation_pump | DE_KN_residential2_freezer | DE_KN_residential3_dishwasher
2015-04-23T16:00:00Z,2015-04-23T18:00:00+0200,,,,,,,,,,,,,,,,,,,,,,,,,,,,,,,,,,,,26.885,7.272,4.120,60.810,5.175,238.365,232.032,92.689,,,,49.260,172.799,,,,,,,,,,,,,,,,,,,,,DE_KN_residential3_circulation_pump | DE_KN_residential3_dishwasher
2015-04-23T17:00:00Z,2015-04-23T19:00:00+0200,,,,,,,,,,,,,,,,,,,,,,,,,,,,,,,,,,,,26.972,7.576,4.130,61.415,5.175,238.431,232.340,92.738,,,,49.277,172.933,,,,,,,,,,,,,,,,,,,,,DE_KN_residential3_circulation_pump | DE_KN_residential3_washing_machine | DE_KN_residential3_dishwasher
2015-04-23T18:00:00Z,2015-04-23T20:00:00+0200,,,,,,,,,,,,,,,,,,,,,,,,,,,,,,,,,,,,26.999,7.924,4.140,62.080,5.176,238.499,233.313,92.752,,,,49.291,173.083,,,,,,,,,,,,,,,,,,,,,DE_KN_residential3_circulation_pump | DE_KN_residential3_washing_machine | DE_KN_residential3_dishwasher
2015-04-23T19:00:00Z,2015-04-23T21:00:00+0200,,,,,,,,,,,,,,,,,,,,,,,,,,,,,,,,,,,,27.002,7.932,4.157,62.315,5.176,238.565,233.317,92.789,,,,49.308,173.083,,,,,,,,,,,,,,,,,,,,,DE_KN_residential3_circulation_pump | DE_KN_residential3_washing_machine | DE_KN_residential3_dishwasher
2015-04-23T20:00:00Z,2015-04-23T22:00:00+0200,,,,,,,,,,,,,,,,,,,,,,,,,,,,,,,,,,,,27.006,7.933,4.170,62.525,5.176,238.631,233.319,92.822,,,,49.331,173.083,,,,,,,,,,,,,,,,,,,,,DE_KN_residential3_circulation_pump | DE_KN_residential3_dishwasher
2015-04-23T21:00:00Z,2015-04-23T23:00:00+0200,,,,,,,,,,,,,,,,,,,,,,,,,,,,,,,,,,,,27.010,7.933,4.181,62.650,5.176,238.672,233.322,92.840,,,,49.338,173.083,,,,,,,,,,,,,,,,,,,,,DE_KN_residential3_circulation_pump | DE_KN_residential3_dishwasher
2015-04-23T22:00:00Z,2015-04-24T00:00:00+0200,,,,,,,,,,,,,,,,,,,,,,,,,,,,,,,,,,,,27.013,7.933,4.191,62.735,5.176,238.685,233.325,92.889,,,,49.355,173.083,,,,,,,,,,,,,,,,,,,,,DE_KN_residential3_circulation_pump | DE_KN_residential3_dishwasher
2015-04-23T23:00:00Z,2015-04-24T01:00:00+0200,,,,,,,,,,,,,,,,,,,,,,,,,,,,,,,,,,,,27.017,7.933,4.211,62.905,5.176,238.750,233.327,92.891,,,,49.379,173.083,,,,,,,,,,,,,,,,,,,,,DE_KN_residential3_circulation_pump | DE_KN_residential3_dishwasher
2015-04-24T00:00:00Z,2015-04-24T02:00:00+0200,,,,,,,,,,,,,,,,,,,,,,,,,,,,,,,,,,,,27.021,7.934,4.222,63.000,5.176,238.820,233.330,92.940,,,,49.383,173.083,,,,,,,,,,,,,,,,,,,,,DE_KN_residential3_circulation_pump | DE_KN_residential3_dishwasher
2015-04-24T01:00:00Z,2015-04-24T03:00:00+0200,,,,,,,,,,,,,,,,,,,,,,,,,,,,,,,,,,,,27.024,7.934,4.232,63.075,5.176,238.884,233.332,92.943,,,,49.404,173.083,,,,,,,,,,,,,,,,,,,,,DE_KN_residential3_circulation_pump | DE_KN_residential3_dishwasher
2015-04-24T02:00:00Z,2015-04-24T04:00:00+0200,,,,,,,,,,,,,,,,,,,,,,,,,,,,,,,,,,,,27.028,7.934,4.242,63.215,5.176,238.954,233.335,92.992,,,,49.427,173.083,,,,,,,,,,,,,,,,,,,,,DE_KN_residential3_circulation_pump | DE_KN_residential3_dishwasher
2015-04-24T03:00:00Z,2015-04-24T05:00:00+0200,,,,,,,,,,,,,,,,,,,,,,,,,,,,,,,,,,,,27.191,7.934,4.262,63.455,5.176,239.024,233.337,93.003,,,,49.428,173.083,,,,,,,,,,,,,,,,,,,,,DE_KN_residential3_circulation_pump | DE_KN_residential3_dishwasher
2015-04-24T04:00:00Z,2015-04-24T06:00:00+0200,,,,,,,,,,,,,,,,,,,,,,,,,,,,,,,,,,,,27.272,7.934,4.273,63.680,5.176,239.096,233.340,93.043,,,,49.453,173.083,,,,,,,,,,,,,,,,,,,,,DE_KN_residential3_circulation_pump | DE_KN_residential3_dishwasher
2015-04-24T05:00:00Z,2015-04-24T07:00:00+0200,,,,,,,,,,,,,,,,,,,,,,,,,,,,,,,,,,,,27.347,7.935,4.283,63.885,5.176,239.163,233.343,93.072,,,,49.480,173.684,,,,,,,,,,,,,,,,,,,,,DE_KN_residential3_circulation_pump | DE_KN_residential3_dishwasher
2015-04-24T06:00:00Z,2015-04-24T08:00:00+0200,,,,,,,,,,,,,,,,,,,,,,,,,,,,,,,,,,,,27.410,7.935,4.294,64.015,5.176,239.229,233.346,93.094,,,,49.489,173.913,,,,,,,,,,,,,,,,,,,,,DE_KN_residential3_circulation_pump | DE_KN_residential3_dishwasher
2015-04-24T07:00:00Z,2015-04-24T09:00:00+0200,,,,,,,,,,,,,,,,,,,,,,,,,,,,,,,,,,,,27.446,7.935,4.311,64.155,5.176,239.302,233.348,93.140,,,,49.505,174.008,,,,,,,,,,,,,,,,,,,,,DE_KN_residential3_circulation_pump | DE_KN_residential3_dishwasher
2015-04-24T08:00:00Z,2015-04-24T10:00:00+0200,,,,,,,,,,,,,,,,,,,,,,,,,,,,,,,,,,,,27.450,7.935,4.326,64.295,5.176,239.404,233.351,93.145,,,,49.529,174.123,,,,,,,,,,,,,,,,,,,,,DE_KN_residential3_circulation_pump | DE_KN_residential3_dishwasher
2015-04-24T09:00:00Z,2015-04-24T11:00:00+0200,,,,,,,,,,,,,,,,,,,,,,,,,,,,,,,,,,,,27.454,7.935,4.336,64.385,5.176,239.510,233.353,93.193,,,,49.537,174.123,,,,,,,,,,,,,,,,,,,,,DE_KN_residential3_circulation_pump | DE_KN_residential3_dishwasher
2015-04-24T10:00:00Z,2015-04-24T12:00:00+0200,,,,,,,,,,,,,,,,,,,,,,,,,,,,,,,,,,,,27.490,7.936,4.347,64.475,5.176,239.618,233.356,93.195,,,,49.553,174.123,,,,,,,,,,,,,,,,,,,,,DE_KN_residential3_circulation_pump | DE_KN_residential3_dishwasher
2015-04-24T11:00:00Z,2015-04-24T13:00:00+0200,,,,,,,,,,,,,,,,,,,,,,,,,,,,,,,,,,,,27.572,7.936,4.357,65.355,5.718,239.721,233.358,93.244,,,,49.584,174.123,,,,,,,,,,,,,,,,,,,,,DE_KN_residential3_circulation_pump | DE_KN_residential2_freezer | DE_KN_residential3_dishwasher
2015-04-24T12:00:00Z,2015-04-24T14:00:00+0200,,,,,,,,,,,,,,,,,,,,,,,,,,,,,,,,,,,,27.632,7.936,4.368,65.635,5.835,239.823,233.361,93.284,,,,49.604,174.123,,,,,,,,,,,,,,,,,,,,,DE_KN_residential3_circulation_pump | DE_KN_residential3_dishwasher
2015-04-24T13:00:00Z,2015-04-24T15:00:00+0200,,,,,,,,,,,,,,,,,,,,,,,,,,,,,,,,,,,,27.680,7.936,4.378,65.860,5.917,239.930,234.254,93.292,,,,49.608,174.123,,,,,,,,,,,,,,,,,,,,,DE_KN_residential3_circulation_pump | DE_KN_residential3_dishwasher
2015-04-24T14:00:00Z,2015-04-24T16:00:00+0200,,,,,,,,,,,,,,,,,,,,,,,,,,,,,,,,,,,,27.726,7.936,4.388,67.740,6.343,240.029,234.549,93.343,,,,49.633,175.207,,,,,,,,,,,,,,,,,,,,,DE_KN_residential3_circulation_pump | DE_KN_residential3_dishwasher
2015-04-24T15:00:00Z,2015-04-24T17:00:00+0200,,,,,,,,,,,,,,,,,,,,,,,,,,,,,,,,,,,,27.755,7.937,4.398,68.480,6.595,240.115,234.552,93.384,,,,49.657,175.843,,,,,,,,,,,,,,,,,,,,,DE_KN_residential3_circulation_pump | DE_KN_residential3_dishwasher
2015-04-24T16:00:00Z,2015-04-24T18:00:00+0200,,,,,,,,,,,,,,,,,,,,,,,,,,,,,,,,,,,,27.764,7.937,4.409,68.635,6.704,240.206,234.555,93.395,,,,49.670,176.900,,,,,,,,,,,,,,,,,,,,,DE_KN_residential3_circulation_pump | DE_KN_residential3_dishwasher
2015-04-24T17:00:00Z,2015-04-24T19:00:00+0200,,,,,,,,,,,,,,,,,,,,,,,,,,,,,,,,,,,,27.856,8.582,4.440,69.545,6.711,240.281,234.557,93.444,,,,49.685,177.060,,,,,,,,,,,,,,,,,,,,,DE_KN_residential3_circulation_pump | DE_KN_residential3_dishwasher
2015-04-24T18:00:00Z,2015-04-24T20:00:00+0200,,,,,,,,,,,,,,,,,,,,,,,,,,,,,,,,,,,,27.866,9.260,4.450,70.455,6.711,240.344,234.560,93.455,,,,49.711,177.076,,,,,,,,,,,,,,,,,,,,,DE_KN_residential3_circulation_pump | DE_KN_residential3_dishwasher
2015-04-24T19:00:00Z,2015-04-24T21:00:00+0200,,,,,,,,,,,,,,,,,,,,,,,,,,,,,,,,,,,,27.870,9.265,4.461,70.675,6.712,240.408,234.562,93.495,,,,49.734,177.082,,,,,,,,,,,,,,,,,,,,,DE_KN_residential3_circulation_pump | DE_KN_residential3_washing_machine | DE_KN_residential3_dishwasher
2015-04-24T20:00:00Z,2015-04-24T22:00:00+0200,,,,,,,,,,,,,,,,,,,,,,,,,,,,,,,,,,,,27.874,9.266,4.480,70.935,6.712,240.473,234.565,93.537,,,,49.736,177.083,,,,,,,,,,,,,,,,,,,,,DE_KN_residential3_circulation_pump | DE_KN_residential3_washing_machine | DE_KN_residential3_dishwasher
2015-04-24T21:00:00Z,2015-04-24T23:00:00+0200,,,,,,,,,,,,,,,,,,,,,,,,,,,,,,,,,,,,27.877,9.266,4.492,71.075,6.712,240.513,234.568,93.543,,,,49.760,177.083,,,,,,,,,,,,,,,,,,,,,DE_KN_residential3_circulation_pump | DE_KN_residential3_washing_machine | DE_KN_residential3_dishwasher
2015-04-24T22:00:00Z,2015-04-25T00:00:00+0200,,,,,,,,,,,,,,,,,,,,,,,,,,,,,,,,,,,,27.881,9.266,4.502,71.140,6.712,240.522,234.570,93.592,,,,49.780,177.083,,,,,,,,,,,,,,,,,,,,,DE_KN_residential3_circulation_pump | DE_KN_residential3_washing_machine | DE_KN_residential3_dishwasher
2015-04-24T23:00:00Z,2015-04-25T01:00:00+0200,,,,,,,,,,,,,,,,,,,,,,,,,,,,,,,,,,,,27.885,9.267,4.513,71.285,6.712,240.561,234.573,93.607,,,,49.784,177.083,,,,,,,,,,,,,,,,,,,,,DE_KN_residential3_circulation_pump | DE_KN_residential3_washing_machine | DE_KN_residential3_dishwasher
2015-04-25T00:00:00Z,2015-04-25T02:00:00+0200,,,,,,,,,,,,,,,,,,,,,,,,,,,,,,,,,,,,27.888,9.267,4.531,71.425,6.712,240.630,234.575,93.644,,,,49.808,177.083,,,,,,,,,,,,,,,,,,,,,DE_KN_residential3_circulation_pump | DE_KN_residential3_washing_machine | DE_KN_residential3_dishwasher
2015-04-25T01:00:00Z,2015-04-25T03:00:00+0200,,,,,,,,,,,,,,,,,,,,,,,,,,,,,,,,,,,,27.892,9.267,4.543,71.495,6.712,240.694,234.578,93.681,,,,49.822,177.083,,,,,,,,,,,,,,,,,,,,,DE_KN_residential3_circulation_pump | DE_KN_residential3_washing_machine | DE_KN_residential3_dishwasher
2015-04-25T02:00:00Z,2015-04-25T04:00:00+0200,,,,,,,,,,,,,,,,,,,,,,,,,,,,,,,,,,,,27.896,9.267,4.554,71.620,6.712,240.762,234.581,93.695,,,,49.832,177.083,,,,,,,,,,,,,,,,,,,,,DE_KN_residential3_circulation_pump | DE_KN_residential3_dishwasher
2015-04-25T03:00:00Z,2015-04-25T05:00:00+0200,,,,,,,,,,,,,,,,,,,,,,,,,,,,,,,,,,,,27.899,9.267,4.564,71.745,6.712,240.833,234.583,93.743,,,,49.856,177.083,,,,,,,,,,,,,,,,,,,,,DE_KN_residential3_circulation_pump | DE_KN_residential3_dishwasher
2015-04-25T04:00:00Z,2015-04-25T06:00:00+0200,,,,,,,,,,,,,,,,,,,,,,,,,,,,,,,,,,,,28.047,9.268,4.583,71.965,6.712,240.903,234.586,93.745,,,,49.861,177.083,,,,,,,,,,,,,,,,,,,,,DE_KN_residential3_circulation_pump | DE_KN_residential3_washing_machine | DE_KN_residential3_dishwasher
2015-04-25T05:00:00Z,2015-04-25T07:00:00+0200,,,,,,,,,,,,,,,,,,,,,,,,,,,,,,,,,,,,28.106,9.268,4.595,72.260,6.712,240.969,234.589,93.794,,,,49.884,177.100,,,,,,,,,,,,,,,,,,,,,DE_KN_residential3_circulation_pump | DE_KN_residential3_dishwasher
2015-04-25T06:00:00Z,2015-04-25T08:00:00+0200,,,,,,,,,,,,,,,,,,,,,,,,,,,,,,,,,,,,28.181,9.268,4.606,73.090,6.764,241.034,234.591,93.796,,,,49.905,177.100,,,,,,,,,,,,,,,,,,,,,DE_KN_residential3_circulation_pump | DE_KN_residential3_dishwasher
2015-04-25T07:00:00Z,2015-04-25T09:00:00+0200,,,,,,,,,,,,,,,,,,,,,,,,,,,,,,,,,,,,28.260,9.268,4.606,75.130,7.534,241.114,234.594,93.844,,,,49.908,177.100,,,,,,,,,,,,,,,,,,,,,DE_KN_residential3_circulation_pump | DE_KN_residential3_dishwasher
2015-04-25T08:00:00Z,2015-04-25T10:00:00+0200,,,,,,,,,,,,,,,,,,,,,,,,,,,,,,,,,,,,28.337,9.268,4.616,76.320,7.697,241.225,234.596,93.867,,,,49.934,177.100,,,,,,,,,,,,,,,,,,,,,DE_KN_residential3_circulation_pump | DE_KN_residential3_dishwasher
2015-04-25T09:00:00Z,2015-04-25T11:00:00+0200,,,,,,,,,,,,,,,,,,,,,,,,,,,,,,,,,,,,28.436,9.269,4.634,76.770,7.803,241.331,234.599,93.895,,,,49.957,177.100,,,,,,,,,,,,,,,,,,,,,DE_KN_residential3_circulation_pump | DE_KN_residential3_dishwasher
2015-04-25T10:00:00Z,2015-04-25T12:00:00+0200,,,,,,,,,,,,,,,,,,,,,,,,,,,,,,,,,,,,28.481,9.269,4.658,76.925,7.804,241.440,234.602,93.940,,,,49.960,177.100,,,,,,,,,,,,,,,,,,,,,DE_KN_residential3_circulation_pump | DE_KN_residential3_dishwasher
2015-04-25T11:00:00Z,2015-04-25T13:00:00+0200,,,,,,,,,,,,,,,,,,,,,,,,,,,,,,,,,,,,28.548,9.269,4.678,77.160,7.804,241.541,234.604,93.945,,,,49.981,177.100,,,,,,,,,,,,,,,,,,,,,DE_KN_residential3_circulation_pump | DE_KN_residential3_dishwasher
2015-04-25T12:00:00Z,2015-04-25T14:00:00+0200,,,,,,,,,,,,,,,,,,,,,,,,,,,,,,,,,,,,28.620,9.269,4.689,77.375,7.804,241.640,234.607,93.994,,,,50.004,177.100,,,,,,,,,,,,,,,,,,,,,DE_KN_residential3_circulation_pump | DE_KN_residential3_dishwasher
2015-04-25T13:00:00Z,2015-04-25T15:00:00+0200,,,,,,,,,,,,,,,,,,,,,,,,,,,,,,,,,,,,28.629,9.270,4.703,77.450,7.804,241.747,234.609,93.996,,,,50.011,177.100,,,,,,,,,,,,,,,,,,,,,DE_KN_residential3_circulation_pump | DE_KN_residential3_dishwasher
2015-04-25T14:00:00Z,2015-04-25T16:00:00+0200,,,,,,,,,,,,,,,,,,,,,,,,,,,,,,,,,,,,28.638,9.270,4.721,77.550,7.804,241.824,234.612,94.045,,,,50.028,177.100,,,,,,,,,,,,,,,,,,,,,DE_KN_residential3_circulation_pump | DE_KN_residential3_dishwasher
2015-04-25T15:00:00Z,2015-04-25T17:00:00+0200,,,,,,,,,,,,,,,,,,,,,,,,,,,,,,,,,,,,28.647,9.270,4.731,77.705,7.804,241.892,234.614,94.059,,,,50.051,177.100,,,,,,,,,,,,,,,,,,,,,DE_KN_residential3_circulation_pump | DE_KN_residential3_washing_machine | DE_KN_residential3_dishwasher
2015-04-25T16:00:00Z,2015-04-25T18:00:00+0200,,,,,,,,,,,,,,,,,,,,,,,,,,,,,,,,,,,,28.656,9.270,4.751,77.820,7.804,241.956,234.617,94.096,,,,50.052,177.100,,,,,,,,,,,,,,,,,,,,,DE_KN_residential3_circulation_pump | DE_KN_residential3_dishwasher
2015-04-25T17:00:00Z,2015-04-25T19:00:00+0200,,,,,,,,,,,,,,,,,,,,,,,,,,,,,,,,,,,,28.717,9.270,4.762,78.115,7.804,242.019,234.620,94.133,,,,50.075,177.100,,,,,,,,,,,,,,,,,,,,,DE_KN_residential3_circulation_pump | DE_KN_residential3_dishwasher
2015-04-25T18:00:00Z,2015-04-25T20:00:00+0200,,,,,,,,,,,,,,,,,,,,,,,,,,,,,,,,,,,,28.726,9.271,4.779,78.420,7.805,242.081,234.622,94.143,,,,50.090,177.100,,,,,,,,,,,,,,,,,,,,,DE_KN_residential3_circulation_pump | DE_KN_residential3_dishwasher
2015-04-25T19:00:00Z,2015-04-25T21:00:00+0200,,,,,,,,,,,,,,,,,,,,,,,,,,,,,,,,,,,,28.732,9.271,4.790,78.695,7.805,242.145,234.625,94.193,,,,50.100,177.100,,,,,,,,,,,,,,,,,,,,,DE_KN_residential3_circulation_pump | DE_KN_residential3_dishwasher
2015-04-25T20:00:00Z,2015-04-25T22:00:00+0200,,,,,,,,,,,,,,,,,,,,,,,,,,,,,,,,,,,,28.736,9.271,4.802,78.875,7.805,242.209,234.627,94.216,,,,50.124,177.100,,,,,,,,,,,,,,,,,,,,,DE_KN_residential3_circulation_pump | DE_KN_residential3_dishwasher
2015-04-25T21:00:00Z,2015-04-25T23:00:00+0200,,,,,,,,,,,,,,,,,,,,,,,,,,,,,,,,,,,,28.740,9.271,4.821,79.045,7.805,242.250,235.157,94.244,,,,50.127,177.100,,,,,,,,,,,,,,,,,,,,,DE_KN_residential3_circulation_pump | DE_KN_residential3_dishwasher
2015-04-25T22:00:00Z,2015-04-26T00:00:00+0200,,,,,,,,,,,,,,,,,,,,,,,,,,,,,,,,,,,,28.743,9.271,4.831,79.175,7.805,242.261,236.014,94.293,,,,50.148,177.100,,,,,,,,,,,,,,,,,,,,,DE_KN_residential3_circulation_pump | DE_KN_residential3_dishwasher
2015-04-25T23:00:00Z,2015-04-26T01:00:00+0200,,,,,,,,,,,,,,,,,,,,,,,,,,,,,,,,,,,,28.747,9.272,4.845,79.250,7.805,242.306,236.017,94.295,,,,50.168,177.100,,,,,,,,,,,,,,,,,,,,,DE_KN_residential3_circulation_pump | DE_KN_residential3_dishwasher
2015-04-26T00:00:00Z,2015-04-26T02:00:00+0200,,,,,,,,,,,,,,,,,,,,,,,,,,,,,,,,,,,,28.750,9.272,4.861,79.365,7.805,242.376,236.019,94.345,,,,50.172,177.100,,,,,,,,,,,,,,,,,,,,,DE_KN_residential3_circulation_pump | DE_KN_residential3_dishwasher
2015-04-26T01:00:00Z,2015-04-26T03:00:00+0200,,,,,,,,,,,,,,,,,,,,,,,,,,,,,,,,,,,,28.754,9.272,4.871,79.515,7.805,242.439,236.021,94.347,,,,50.195,177.100,,,,,,,,,,,,,,,,,,,,,DE_KN_residential3_circulation_pump | DE_KN_residential3_dishwasher
2015-04-26T02:00:00Z,2015-04-26T04:00:00+0200,,,,,,,,,,,,,,,,,,,,,,,,,,,,,,,,,,,,28.758,9.272,4.884,79.605,7.805,242.507,236.023,94.396,,,,50.201,177.100,,,,,,,,,,,,,,,,,,,,,DE_KN_residential3_circulation_pump | DE_KN_residential3_dishwasher
2015-04-26T03:00:00Z,2015-04-26T05:00:00+0200,,,,,,,,,,,,,,,,,,,,,,,,,,,,,,,,,,,,28.762,9.273,4.902,79.680,7.805,242.578,236.025,94.414,,,,50.219,177.101,,,,,,,,,,,,,,,,,,,,,DE_KN_residential3_circulation_pump | DE_KN_residential3_dishwasher
2015-04-26T04:00:00Z,2015-04-26T06:00:00+0200,,,,,,,,,,,,,,,,,,,,,,,,,,,,,,,,,,,,28.890,9.273,4.912,79.960,7.805,242.648,236.028,94.447,,,,50.241,177.101,,,,,,,,,,,,,,,,,,,,,DE_KN_residential3_circulation_pump | DE_KN_residential3_dishwasher
2015-04-26T05:00:00Z,2015-04-26T07:00:00+0200,,,,,,,,,,,,,,,,,,,,,,,,,,,,,,,,,,,,28.940,9.273,4.922,80.375,7.805,242.715,236.030,94.487,,,,50.242,177.101,,,,,,,,,,,,,,,,,,,,,DE_KN_residential3_circulation_pump | DE_KN_residential3_dishwasher
2015-04-26T06:00:00Z,2015-04-26T08:00:00+0200,,,,,,,,,,,,,,,,,,,,,,,,,,,,,,,,,,,,29.002,9.273,4.939,80.560,7.811,242.793,236.032,94.498,,,,50.266,177.101,,,,,,,,,,,,,,,,,,,,,DE_KN_residential3_circulation_pump | DE_KN_residential3_dishwasher
2015-04-26T07:00:00Z,2015-04-26T09:00:00+0200,,,,,,,,,,,,,,,,,,,,,,,,,,,,,,,,,,,,29.143,9.273,4.943,81.505,8.412,242.884,236.035,94.547,,,,50.295,177.101,,,,,,,,,,,,,,,,,,,,,DE_KN_residential3_circulation_pump | DE_KN_residential3_dishwasher
2015-04-26T08:00:00Z,2015-04-26T10:00:00+0200,,,,,,,,,,,,,,,,,,,,,,,,,,,,,,,,,,,,29.194,9.274,4.953,82.040,8.495,242.994,236.038,94.549,,,,50.306,177.101,,,,,,,,,,,,,,,,,,,,,DE_KN_residential3_circulation_pump | DE_KN_residential3_dishwasher
2015-04-26T09:00:00Z,2015-04-26T11:00:00+0200,,,,,,,,,,,,,,,,,,,,,,,,,,,,,,,,,,,,29.257,9.274,4.974,83.645,8.592,243.109,236.041,94.598,,,,50.333,177.101,,,,,,,,,,,,,,,,,,,,,DE_KN_residential3_circulation_pump | DE_KN_residential3_dishwasher
2015-04-26T10:00:00Z,2015-04-26T12:00:00+0200,,,,,,,,,,,,,,,,,,,,,,,,,,,,,,,,,,,,29.336,9.274,4.994,83.905,8.593,243.215,236.044,94.607,,,,50.357,177.101,,,,,,,,,,,,,,,,,,,,,DE_KN_residential3_circulation_pump | DE_KN_residential3_dishwasher
2015-04-26T11:00:00Z,2015-04-26T13:00:00+0200,,,,,,,,,,,,,,,,,,,,,,,,,,,,,,,,,,,,29.401,9.692,5.004,84.690,8.593,243.325,236.046,94.649,,,,50.375,177.101,,,,,,,,,,,,,,,,,,,,,DE_KN_residential3_circulation_pump | DE_KN_residential3_dishwasher
2015-04-26T12:00:00Z,2015-04-26T14:00:00+0200,,,,,,,,,,,,,,,,,,,,,,,,,,,,,,,,,,,,29.439,10.007,5.014,85.210,8.593,243.431,236.049,94.683,,,,50.388,177.101,,,,,,,,,,,,,,,,,,,,,DE_KN_residential3_circulation_pump | DE_KN_residential3_dishwasher
2015-04-26T13:00:00Z,2015-04-26T15:00:00+0200,,,,,,,,,,,,,,,,,,,,,,,,,,,,,,,,,,,,29.448,10.323,5.032,85.970,8.593,243.531,236.051,94.700,,,,50.416,177.101,,,,,,,,,,,,,,,,,,,,,DE_KN_residential3_circulation_pump | DE_KN_residential3_dishwasher
2015-04-26T14:00:00Z,2015-04-26T16:00:00+0200,,,,,,,,,,,,,,,,,,,,,,,,,,,,,,,,,,,,29.461,10.330,5.044,86.300,8.593,243.634,236.054,94.750,,,,50.438,177.101,,,,,,,,,,,,,,,,,,,,,DE_KN_residential3_circulation_pump | DE_KN_residential3_dishwasher
2015-04-26T15:00:00Z,2015-04-26T17:00:00+0200,,,,,,,,,,,,,,,,,,,,,,,,,,,,,,,,,,,,29.568,10.330,5.054,86.790,8.593,243.708,236.056,94.752,,,,50.440,177.101,,,,,,,,,,,,,,,,,,,,,DE_KN_residential3_circulation_pump | DE_KN_residential3_dishwasher
2015-04-26T16:00:00Z,2015-04-26T18:00:00+0200,,,,,,,,,,,,,,,,,,,,,,,,,,,,,,,,,,,,29.576,10.330,5.067,87.015,8.593,243.776,236.059,94.807,,,,50.466,177.101,,,,,,,,,,,,,,,,,,,,,DE_KN_residential3_circulation_pump | DE_KN_residential3_dishwasher
2015-04-26T17:00:00Z,2015-04-26T19:00:00+0200,,,,,,,,,,,,,,,,,,,,,,,,,,,,,,,,,,,,29.585,10.330,5.085,87.300,8.593,243.844,236.062,94.859,,,,50.488,177.101,,,,,,,,,,,,,,,,,,,,,DE_KN_residential3_circulation_pump | DE_KN_residential3_dishwasher
2015-04-26T18:00:00Z,2015-04-26T20:00:00+0200,,,,,,,,,,,,,,,,,,,,,,,,,,,,,,,,,,,,29.591,10.330,5.095,87.575,8.594,243.912,236.064,94.862,,,,50.492,177.101,,,,,,,,,,,,,,,,,,,,,DE_KN_residential3_circulation_pump | DE_KN_residential3_dishwasher
2015-04-26T19:00:00Z,2015-04-26T21:00:00+0200,,,,,,,,,,,,,,,,,,,,,,,,,,,,,,,,,,,,29.595,10.331,5.105,87.765,8.594,243.981,236.067,94.910,,,,50.517,177.102,,,,,,,,,,,,,,,,,,,,,DE_KN_residential3_circulation_pump | DE_KN_residential3_dishwasher
2015-04-26T20:00:00Z,2015-04-26T22:00:00+0200,,,,,,,,,,,,,,,,,,,,,,,,,,,,,,,,,,,,29.598,10.331,5.120,87.960,8.594,244.050,236.069,94.941,,,,50.533,177.102,,,,,,,,,,,,,,,,,,,,,DE_KN_residential3_circulation_pump | DE_KN_residential3_dishwasher
2015-04-26T21:00:00Z,2015-04-26T23:00:00+0200,,,,,,,,,,,,,,,,,,,,,,,,,,,,,,,,,,,,29.602,10.331,5.135,88.095,8.594,244.093,236.072,94.960,,,,50.543,177.102,,,,,,,,,,,,,,,,,,,,,DE_KN_residential3_circulation_pump | DE_KN_residential3_dishwasher
2015-04-26T22:00:00Z,2015-04-27T00:00:00+0200,,,,,,,,,,,,,,,,,,,,,,,,,,,,,,,,,,,,29.606,10.331,5.146,88.180,8.594,244.148,236.074,95.009,,,,50.567,177.102,,,,,,,,,,,,,,,,,,,,,DE_KN_residential3_circulation_pump | DE_KN_residential3_dishwasher
2015-04-26T23:00:00Z,2015-04-27T01:00:00+0200,,,,,,,,,,,,,,,,,,,,,,,,,,,,,,,,,,,,29.610,10.332,5.156,88.320,8.594,244.214,236.078,95.011,,,,50.575,177.102,,,,,,,,,,,,,,,,,,,,,DE_KN_residential3_circulation_pump | DE_KN_residential3_dishwasher
2015-04-27T00:00:00Z,2015-04-27T02:00:00+0200,,,,,,,,,,,,,,,,,,,,,,,,,,,,,,,,,,,,29.613,10.332,5.175,88.485,8.594,244.286,236.080,95.060,,,,50.592,177.102,,,,,,,,,,,,,,,,,,,,,DE_KN_residential3_circulation_pump | DE_KN_residential3_dishwasher
2015-04-27T01:00:00Z,2015-04-27T03:00:00+0200,,,,,,,,,,,,,,,,,,,,,,,,,,,,,,,,,,,,29.617,10.332,5.186,88.560,8.594,244.354,236.083,95.077,,,,50.617,177.102,,,,,,,,,,,,,,,,,,,,,DE_KN_residential3_circulation_pump | DE_KN_residential3_dishwasher
2015-04-27T02:00:00Z,2015-04-27T04:00:00+0200,,,,,,,,,,,,,,,,,,,,,,,,,,,,,,,,,,,,29.620,10.332,5.197,88.670,8.594,244.427,236.085,95.110,,,,50.617,177.102,,,,,,,,,,,,,,,,,,,,,DE_KN_residential3_circulation_pump | DE_KN_residential3_dishwasher
2015-04-27T03:00:00Z,2015-04-27T05:00:00+0200,,,,,,,,,,,,,,,,,,,,,,,,,,,,,,,,,,,,29.730,10.332,5.209,88.940,8.594,244.500,236.088,95.155,,,,50.642,177.102,,,,,,,,,,,,,,,,,,,,,DE_KN_residential3_circulation_pump | DE_KN_residential3_dishwasher
2015-04-27T04:00:00Z,2015-04-27T06:00:00+0200,,,,,,,,,,,,,,,,,,,,,,,,,,,,,,,,,,,,29.800,10.333,5.227,89.120,8.594,244.574,236.090,95.160,,,,50.671,177.102,,,,,,,,,,,,,,,,,,,,,DE_KN_residential3_circulation_pump | DE_KN_residential3_dishwasher
2015-04-27T05:00:00Z,2015-04-27T07:00:00+0200,,,,,,,,,,,,,,,,,,,,,,,,,,,,,,,,,,,,29.872,10.333,5.237,89.305,8.594,244.646,236.093,95.207,,,,50.677,177.881,,,,,,,,,,,,,,,,,,,,,DE_KN_residential3_circulation_pump | DE_KN_residential3_dishwasher
2015-04-27T06:00:00Z,2015-04-27T08:00:00+0200,,,,,,,,,,,,,,,,,,,,,,,,,,,,,,,,,,,,29.937,10.333,5.247,89.525,8.594,244.716,236.096,95.210,,,,50.696,177.979,,,,,,,,,,,,,,,,,,,,,DE_KN_residential3_circulation_pump | DE_KN_residential3_dishwasher
2015-04-27T07:00:00Z,2015-04-27T09:00:00+0200,,,,,,,,,,,,,,,,,,,,,,,,,,,,,,,,,,,,29.984,10.333,5.265,89.650,8.594,244.793,236.098,95.257,,,,50.720,178.093,,,,,,,,,,,,,,,,,,,,,DE_KN_residential3_circulation_pump | DE_KN_residential3_dishwasher
2015-04-27T08:00:00Z,2015-04-27T10:00:00+0200,,,,,,,,,,,,,,,,,,,,,,,,,,,,,,,,,,,,29.987,10.333,5.278,89.755,8.594,244.907,236.101,95.284,,,,50.721,178.096,,,,,,,,,,,,,,,,,,,,,DE_KN_residential3_circulation_pump | DE_KN_residential3_dishwasher
2015-04-27T09:00:00Z,2015-04-27T11:00:00+0200,,,,,,,,,,,,,,,,,,,,,,,,,,,,,,,,,,,,29.991,10.334,5.288,89.915,8.594,245.027,236.104,95.307,,,,50.745,178.096,,,,,,,,,,,,,,,,,,,,,DE_KN_residential3_circulation_pump | DE_KN_residential3_dishwasher
2015-04-27T10:00:00Z,2015-04-27T12:00:00+0200,,,,,,,,,,,,,,,,,,,,,,,,,,,,,,,,,,,,29.994,10.334,5.299,90.040,8.594,245.145,236.907,95.354,,,,50.762,178.766,,,,,,,,,,,,,,,,,,,,,DE_KN_residential3_circulation_pump | DE_KN_residential3_dishwasher
2015-04-27T11:00:00Z,2015-04-27T13:00:00+0200,,,,,,,,,,,,,,,,,,,,,,,,,,,,,,,,,,,,29.998,10.334,5.318,90.120,8.594,245.253,237.455,95.357,,,,50.770,179.535,,,,,,,,,,,,,,,,,,,,,DE_KN_residential3_circulation_pump | DE_KN_residential3_dishwasher
2015-04-27T12:00:00Z,2015-04-27T14:00:00+0200,,,,,,,,,,,,,,,,,,,,,,,,,,,,,,,,,,,,30.002,10.334,5.328,90.255,8.594,245.355,237.457,95.404,,,,50.795,179.550,,,,,,,,,,,,,,,,,,,,,DE_KN_residential3_circulation_pump | DE_KN_residential3_dishwasher
2015-04-27T13:00:00Z,2015-04-27T15:00:00+0200,,,,,,,,,,,,,,,,,,,,,,,,,,,,,,,,,,,,30.066,10.334,5.338,90.465,8.594,245.443,237.460,95.414,,,,50.814,180.287,,,,,,,,,,,,,,,,,,,,,DE_KN_residential3_circulation_pump | DE_KN_residential3_dishwasher
2015-04-27T14:00:00Z,2015-04-27T16:00:00+0200,,,,,,,,,,,,,,,,,,,,,,,,,,,,,,,,,,,,30.075,10.335,5.355,90.580,8.594,245.518,237.462,95.454,,,,50.821,180.834,,,,,,,,,,,,,,,,,,,,,DE_KN_residential3_circulation_pump | DE_KN_residential3_dishwasher
2015-04-27T15:00:00Z,2015-04-27T17:00:00+0200,,,,,,,,,,,,,,,,,,,,,,,,,,,,,,,,,,,,30.084,10.335,5.369,90.755,8.594,245.592,237.658,95.490,,,,50.846,180.848,,,,,,,,,,,,,,,,,,,,,DE_KN_residential3_circulation_pump | DE_KN_residential3_dishwasher
2015-04-27T16:00:00Z,2015-04-27T18:00:00+0200,,,,,,,,,,,,,,,,,,,,,,,,,,,,,,,,,,,,30.093,10.335,5.379,90.975,8.595,245.662,238.429,95.504,,,,50.855,180.860,,,,,,,,,,,,,,,,,,,,,DE_KN_residential3_circulation_pump | DE_KN_residential3_dishwasher
2015-04-27T17:00:00Z,2015-04-27T19:00:00+0200,,,,,,,,,,,,,,,,,,,,,,,,,,,,,,,,,,,,30.102,10.335,5.389,91.250,8.595,245.730,238.783,95.552,,,,50.870,180.861,,,,,,,,,,,,,,,,,,,,,DE_KN_residential3_circulation_pump | DE_KN_residential3_dishwasher
2015-04-27T18:00:00Z,2015-04-27T20:00:00+0200,,,,,,,,,,,,,,,,,,,,,,,,,,,,,,,,,,,,30.109,10.336,5.408,91.560,8.595,245.798,238.785,95.554,,,,50.896,180.861,,,,,,,,,,,,,,,,,,,,,DE_KN_residential3_circulation_pump | DE_KN_residential3_dishwasher
2015-04-27T19:00:00Z,2015-04-27T21:00:00+0200,,,,,,,,,,,,,,,,,,,,,,,,,,,,,,,,,,,,30.112,10.336,5.420,91.855,8.595,245.867,238.788,95.602,,,,50.920,180.861,,,,,,,,,,,,,,,,,,,,,DE_KN_residential3_circulation_pump | DE_KN_residential3_dishwasher
2015-04-27T20:00:00Z,2015-04-27T22:00:00+0200,,,,,,,,,,,,,,,,,,,,,,,,,,,,,,,,,,,,30.116,10.336,5.430,92.090,8.595,245.937,238.790,95.619,,,,50.929,180.876,,,,,,,,,,,,,,,,,,,,,DE_KN_residential3_circulation_pump | DE_KN_residential3_dishwasher
2015-04-27T21:00:00Z,2015-04-27T23:00:00+0200,,,,,,,,,,,,,,,,,,,,,,,,,,,,,,,,,,,,30.119,10.336,5.442,92.215,8.595,245.980,238.792,95.652,,,,50.946,180.877,,,,,,,,,,,,,,,,,,,,,DE_KN_residential3_circulation_pump | DE_KN_residential3_dishwasher
2015-04-27T22:00:00Z,2015-04-28T00:00:00+0200,,,,,,,,,,,,,,,,,,,,,,,,,,,,,,,,,,,,30.123,10.336,5.460,92.300,8.595,246.029,238.795,95.694,,,,50.971,180.877,,,,,,,,,,,,,,,,,,,,,DE_KN_residential3_circulation_pump | DE_KN_residential3_dishwasher
2015-04-27T23:00:00Z,2015-04-28T01:00:00+0200,,,,,,,,,,,,,,,,,,,,,,,,,,,,,,,,,,,,30.127,10.337,5.470,92.455,8.595,246.095,238.797,95.703,,,,50.972,180.877,,,,,,,,,,,,,,,,,,,,,DE_KN_residential3_circulation_pump | DE_KN_residential3_dishwasher
2015-04-28T00:00:00Z,2015-04-28T02:00:00+0200,,,,,,,,,,,,,,,,,,,,,,,,,,,,,,,,,,,,30.131,10.337,5.481,92.570,8.595,246.167,238.800,95.751,,,,50.997,180.877,,,,,,,,,,,,,,,,,,,,,DE_KN_residential3_circulation_pump | DE_KN_residential3_dishwasher
2015-04-28T01:00:00Z,2015-04-28T03:00:00+0200,,,,,,,,,,,,,,,,,,,,,,,,,,,,,,,,,,,,30.134,10.337,5.498,92.640,8.595,246.234,238.802,95.753,,,,51.004,180.877,,,,,,,,,,,,,,,,,,,,,DE_KN_residential3_circulation_pump | DE_KN_residential3_dishwasher
2015-04-28T02:00:00Z,2015-04-28T04:00:00+0200,,,,,,,,,,,,,,,,,,,,,,,,,,,,,,,,,,,,30.138,10.337,5.511,92.780,8.595,246.305,238.805,95.802,,,,51.022,180.877,,,,,,,,,,,,,,,,,,,,,DE_KN_residential3_circulation_pump | DE_KN_residential3_dishwasher
2015-04-28T03:00:00Z,2015-04-28T05:00:00+0200,,,,,,,,,,,,,,,,,,,,,,,,,,,,,,,,,,,,30.309,10.337,5.521,93.060,8.595,246.378,238.807,95.821,,,,51.044,180.877,,,,,,,,,,,,,,,,,,,,,DE_KN_residential3_circulation_pump | DE_KN_residential3_washing_machine | DE_KN_residential3_dishwasher
2015-04-28T04:00:00Z,2015-04-28T06:00:00+0200,,,,,,,,,,,,,,,,,,,,,,,,,,,,,,,,,,,,30.382,10.338,5.534,93.220,8.595,246.450,238.810,95.851,,,,51.053,180.877,,,,,,,,,,,,,,,,,,,,,DE_KN_residential3_circulation_pump | DE_KN_residential3_dishwasher
2015-04-28T05:00:00Z,2015-04-28T07:00:00+0200,,,,,,,,,,,,,,,,,,,,,,,,,,,,,,,,,,,,30.458,10.338,5.550,93.465,8.595,246.518,238.813,95.895,,,,51.082,180.988,,,,,,,,,,,,,,,,,,,,,DE_KN_residential3_circulation_pump | DE_KN_residential3_washing_machine | DE_KN_residential3_dishwasher
2015-04-28T06:00:00Z,2015-04-28T08:00:00+0200,,,,,,,,,,,,,,,,,,,,,,,,,,,,,,,,,,,,30.523,10.338,5.560,93.600,8.595,246.586,238.816,95.901,,,,51.100,182.223,,,,,,,,,,,,,,,,,,,,,DE_KN_residential3_circulation_pump | DE_KN_residential3_washing_machine | DE_KN_residential3_dishwasher
2015-04-28T07:00:00Z,2015-04-28T09:00:00+0200,,,,,,,,,,,,,,,,,,,,,,,,,,,,,,,,,,,,30.570,10.338,5.571,93.745,8.595,246.654,238.818,95.949,,,,51.108,182.679,,,,,,,,,,,,,,,,,,,,,DE_KN_residential3_circulation_pump | DE_KN_residential3_dishwasher
2015-04-28T08:00:00Z,2015-04-28T10:00:00+0200,,,,,,,,,,,,,,,,,,,,,,,,,,,,,,,,,,,,30.574,10.338,5.589,93.895,8.595,246.766,238.821,95.951,,,,51.133,182.761,,,,,,,,,,,,,,,,,,,,,DE_KN_residential3_circulation_pump | DE_KN_residential3_dishwasher
2015-04-28T09:00:00Z,2015-04-28T11:00:00+0200,,,,,,,,,,,,,,,,,,,,,,,,,,,,,,,,,,,,30.577,10.339,5.601,93.960,8.595,246.884,238.823,95.998,,,,51.136,182.763,,,,,,,,,,,,,,,,,,,,,DE_KN_residential3_circulation_pump | DE_KN_residential3_dishwasher
2015-04-28T10:00:00Z,2015-04-28T12:00:00+0200,,,,,,,,,,,,,,,,,,,,,,,,,,,,,,,,,,,,30.581,10.339,5.612,94.075,8.595,246.994,238.826,96.020,,,,51.157,182.946,,,,,,,,,,,,,,,,,,,,,DE_KN_residential3_circulation_pump | DE_KN_residential3_dishwasher
2015-04-28T11:00:00Z,2015-04-28T13:00:00+0200,,,,,,,,,,,,,,,,,,,,,,,,,,,,,,,,,,,,30.585,10.339,5.622,94.230,8.595,247.102,238.828,96.048,,,,51.177,182.946,,,,,,,,,,,,,,,,,,,,,DE_KN_residential3_circulation_pump | DE_KN_residential3_dishwasher
2015-04-28T12:00:00Z,2015-04-28T14:00:00+0200,,,,,,,,,,,,,,,,,,,,,,,,,,,,,,,,,,,,30.589,10.339,5.641,94.310,8.596,247.187,238.831,96.093,,,,51.185,183.155,,,,,,,,,,,,,,,,,,,,,DE_KN_residential3_circulation_pump | DE_KN_residential3_dishwasher
2015-04-28T13:00:00Z,2015-04-28T15:00:00+0200,,,,,,,,,,,,,,,,,,,,,,,,,,,,,,,,,,,,30.653,10.807,5.652,95.055,8.596,247.256,238.833,96.098,,,,51.210,183.155,,,,,,,,,,,,,,,,,,,,,
2015-04-28T14:00:00Z,2015-04-28T16:00:00+0200,,,,,,,,,,,,,,,,,,,,,,,,,,,,,,,,,,,,30.743,11.402,5.662,95.935,8.596,247.325,238.836,96.145,,,,51.212,183.155,,,,,,,,,,,,,,,,,,,,,
2015-04-28T15:00:00Z,2015-04-28T17:00:00+0200,,,,,,,,,,,,,,,,,,,,,,,,,,,,,,,,,,,,30.820,11.420,5.678,96.940,8.596,247.395,238.839,96.147,,,,51.238,183.155,,,,,,,,,,,,,,,,,,,,,
2015-04-28T16:00:00Z,2015-04-28T18:00:00+0200,,,,,,,,,,,,,,,,,,,,,,,,,,,,,,,,,,,,30.888,11.421,5.693,97.425,8.596,247.501,238.841,96.195,,,,51.266,183.155,,,,,,,,,,,,,,,,,,,,,
2015-04-28T17:00:00Z,2015-04-28T19:00:00+0200,,,,,,,,,,,,,,,,,,,,,,,,,,,,,,,,,,,,30.985,11.421,5.703,97.635,8.596,247.579,238.844,96.216,,,,51.271,183.155,,,,,,,,,,,,,,,,,,,,,
2015-04-28T18:00:00Z,2015-04-28T20:00:00+0200,,,,,,,,,,,,,,,,,,,,,,,,,,,,,,,,,,,,31.022,11.421,5.713,97.920,8.596,247.645,238.846,96.245,,,,51.303,183.155,,,,,,,,,,,,,,,,,,,,,
2015-04-28T19:00:00Z,2015-04-28T21:00:00+0200,,,,,,,,,,,,,,,,,,,,,,,,,,,,,,,,,,,,31.025,11.421,5.733,98.195,8.596,247.711,238.849,96.292,,,,51.324,183.155,,,,,,,,,,,,,,,,,,,,,
2015-04-28T20:00:00Z,2015-04-28T22:00:00+0200,,,,,,,,,,,,,,,,,,,,,,,,,,,,,,,,,,,,31.029,11.422,5.743,98.360,8.596,247.778,238.851,96.295,,,,51.330,183.155,,,,,,,,,,,,,,,,,,,,,
2015-04-28T21:00:00Z,2015-04-28T23:00:00+0200,,,,,,,,,,,,,,,,,,,,,,,,,,,,,,,,,,,,31.033,11.422,5.753,98.510,8.596,247.821,239.200,96.344,,,,51.356,183.155,,,,,,,,,,,,,,,,,,,,,
2015-04-28T22:00:00Z,2015-04-29T00:00:00+0200,,,,,,,,,,,,,,,,,,,,,,,,,,,,,,,,,,,,31.036,11.422,5.770,98.600,8.596,247.861,239.933,96.365,,,,51.367,183.155,,,,,,,,,,,,,,,,,,,,,
2015-04-28T23:00:00Z,2015-04-29T01:00:00+0200,,,,,,,,,,,,,,,,,,,,,,,,,,,,,,,,,,,,31.040,11.422,5.784,98.715,8.596,247.925,239.936,96.394,,,,51.383,183.155,,,,,,,,,,,,,,,,,,,,,
2015-04-29T00:00:00Z,2015-04-29T02:00:00+0200,,,,,,,,,,,,,,,,,,,,,,,,,,,,,,,,,,,,31.044,11.423,5.794,98.840,8.596,247.995,239.938,96.437,,,,51.408,183.156,,,,,,,,,,,,,,,,,,,,,
2015-04-29T01:00:00Z,2015-04-29T03:00:00+0200,,,,,,,,,,,,,,,,,,,,,,,,,,,,,,,,,,,,31.047,11.423,5.805,98.905,8.596,248.059,239.940,96.445,,,,51.409,183.156,,,,,,,,,,,,,,,,,,,,,
2015-04-29T02:00:00Z,2015-04-29T04:00:00+0200,,,,,,,,,,,,,,,,,,,,,,,,,,,,,,,,,,,,31.051,11.423,5.825,99.065,8.596,248.132,239.942,96.494,,,,51.435,183.156,,,,,,,,,,,,,,,,,,,,,
2015-04-29T03:00:00Z,2015-04-29T05:00:00+0200,,,,,,,,,,,,,,,,,,,,,,,,,,,,,,,,,,,,31.199,11.423,5.836,99.305,8.596,248.201,239.945,96.496,,,,51.441,183.156,,,,,,,,,,,,,,,,,,,,,
2015-04-29T04:00:00Z,2015-04-29T06:00:00+0200,,,,,,,,,,,,,,,,,,,,,,,,,,,,,,,,,,,,31.310,11.423,5.846,99.530,8.596,248.271,239.947,96.544,,,,51.461,183.156,,,,,,,,,,,,,,,,,,,,,
2015-04-29T05:00:00Z,2015-04-29T07:00:00+0200,,,,,,,,,,,,,,,,,,,,,,,,,,,,,,,,,,,,31.385,11.424,5.857,99.745,8.597,248.338,239.949,96.556,,,,51.496,183.156,,,,,,,,,,,,,,,,,,,,,
2015-04-29T06:00:00Z,2015-04-29T08:00:00+0200,,,,,,,,,,,,,,,,,,,,,,,,,,,,,,,,,,,,31.461,11.424,5.877,99.905,8.597,248.404,239.952,96.594,,,,51.508,183.156,,,,,,,,,,,,,,,,,,,,,
2015-04-29T07:00:00Z,2015-04-29T09:00:00+0200,,,,,,,,,,,,,,,,,,,,,,,,,,,,,,,,,,,,31.497,11.424,5.887,100.035,8.597,248.513,239.955,96.630,,,,51.524,183.156,,,,,,,,,,,,,,,,,,,,,
2015-04-29T08:00:00Z,2015-04-29T10:00:00+0200,,,,,,,,,,,,,,,,,,,,,,,,,,,,,,,,,,,,31.501,11.424,5.896,100.175,8.597,248.629,239.957,96.645,,,,51.550,183.156,,,,,,,,,,,,,,,,,,,,,
2015-04-29T09:00:00Z,2015-04-29T11:00:00+0200,,,,,,,,,,,,,,,,,,,,,,,,,,,,,,,,,,,,31.504,11.424,5.912,100.255,8.597,248.742,239.960,96.693,,,,51.568,183.156,,,,,,,,,,,,,,,,,,,,,
2015-04-29T10:00:00Z,2015-04-29T12:00:00+0200,,,,,,,,,,,,,,,,,,,,,,,,,,,,,,,,,,,,31.508,11.425,5.927,100.365,8.597,248.855,239.963,96.695,,,,51.588,183.156,,,,,,,,,,,,,,,,,,,,,
2015-04-29T11:00:00Z,2015-04-29T13:00:00+0200,,,,,,,,,,,,,,,,,,,,,,,,,,,,,,,,,,,,31.512,11.425,5.937,100.505,8.597,248.960,239.965,96.743,,,,51.613,183.156,,,,,,,,,,,,,,,,,,,,,
2015-04-29T12:00:00Z,2015-04-29T14:00:00+0200,,,,,,,,,,,,,,,,,,,,,,,,,,,,,,,,,,,,31.516,11.425,5.948,100.580,8.597,249.065,240.567,96.748,,,,51.613,183.156,,,,,,,,,,,,,,,,,,,,,
2015-04-29T13:00:00Z,2015-04-29T15:00:00+0200,,,,,,,,,,,,,,,,,,,,,,,,,,,,,,,,,,,,31.580,11.425,5.965,100.735,8.597,249.174,241.282,96.794,,,,51.637,183.156,,,,,,,,,,,,,,,,,,,,,
2015-04-29T14:00:00Z,2015-04-29T16:00:00+0200,,,,,,,,,,,,,,,,,,,,,,,,,,,,,,,,,,,,31.662,11.425,5.978,100.975,8.597,249.276,241.284,96.825,,,,51.652,183.156,,,,,,,,,,,,,,,,,,,,,
2015-04-29T15:00:00Z,2015-04-29T17:00:00+0200,,,,,,,,,,,,,,,,,,,,,,,,,,,,,,,,,,,,31.709,11.426,5.988,101.815,8.597,249.362,241.287,96.844,,,,51.662,183.156,,,,,,,,,,,,,,,,,,,,,
2015-04-29T16:00:00Z,2015-04-29T18:00:00+0200,,,,,,,,,,,,,,,,,,,,,,,,,,,,,,,,,,,,31.754,11.426,6.000,102.120,8.597,249.426,241.289,96.893,,,,51.693,183.156,,,,,,,,,,,,,,,,,,,,,
2015-04-29T17:00:00Z,2015-04-29T19:00:00+0200,,,,,,,,,,,,,,,,,,,,,,,,,,,,,,,,,,,,31.875,11.904,6.019,102.860,8.597,249.491,241.291,96.895,,,,51.708,183.156,,,,,,,,,,,,,,,,,,,,,
2015-04-29T18:00:00Z,2015-04-29T20:00:00+0200,,,,,,,,,,,,,,,,,,,,,,,,,,,,,,,,,,,,31.901,12.154,6.029,103.350,8.597,249.557,241.294,96.943,,,,51.716,183.156,,,,,,,,,,,,,,,,,,,,,
2015-04-29T19:00:00Z,2015-04-29T21:00:00+0200,,,,,,,,,,,,,,,,,,,,,,,,,,,,,,,,,,,,31.905,12.572,6.038,104.055,8.597,249.622,241.297,96.950,,,,51.739,183.156,,,,,,,,,,,,,,,,,,,,,
2015-04-29T20:00:00Z,2015-04-29T22:00:00+0200,,,,,,,,,,,,,,,,,,,,,,,,,,,,,,,,,,,,31.908,12.579,6.055,104.200,8.597,249.689,241.817,96.994,,,,51.764,183.156,,,,,,,,,,,,,,,,,,,,,
2015-04-29T21:00:00Z,2015-04-29T23:00:00+0200,,,,,,,,,,,,,,,,,,,,,,,,,,,,,,,,,,,,31.912,12.579,6.069,104.310,8.597,249.732,242.365,97.024,,,,51.768,183.156,,,,,,,,,,,,,,,,,,,,,
2015-04-29T22:00:00Z,2015-04-30T00:00:00+0200,,,,,,,,,,,,,,,,,,,,,,,,,,,,,,,,,,,,31.916,12.580,6.079,104.455,8.597,249.742,242.367,97.045,,,,51.794,183.156,,,,,,,,,,,,,,,,,,,,,
2015-04-29T23:00:00Z,2015-04-30T01:00:00+0200,,,,,,,,,,,,,,,,,,,,,,,,,,,,,,,,,,,,31.919,12.580,6.091,104.520,8.597,249.792,242.369,97.093,,,,51.817,183.156,,,,,,,,,,,,,,,,,,,,,
2015-04-30T00:00:00Z,2015-04-30T02:00:00+0200,,,,,,,,,,,,,,,,,,,,,,,,,,,,,,,,,,,,31.923,12.580,6.109,104.635,8.597,249.862,242.372,97.095,,,,51.820,183.157,,,,,,,,,,,,,,,,,,,,,
2015-04-30T01:00:00Z,2015-04-30T03:00:00+0200,,,,,,,,,,,,,,,,,,,,,,,,,,,,,,,,,,,,31.927,12.580,6.119,104.780,8.597,249.926,242.374,97.144,,,,51.844,183.157,,,,,,,,,,,,,,,,,,,,,
2015-04-30T02:00:00Z,2015-04-30T04:00:00+0200,,,,,,,,,,,,,,,,,,,,,,,,,,,,,,,,,,,,31.930,12.581,6.129,104.855,8.597,249.997,242.376,97.148,,,,51.859,183.157,,,,,,,,,,,,,,,,,,,,,
2015-04-30T03:00:00Z,2015-04-30T05:00:00+0200,,,,,,,,,,,,,,,,,,,,,,,,,,,,,,,,,,,,32.067,12.581,6.146,105.090,8.598,250.065,242.378,97.195,,,,51.868,183.157,,,,,,,,,,,,,,,,,,,,,DE_KN_residential3_washing_machine
2015-04-30T04:00:00Z,2015-04-30T06:00:00+0200,,,,,,,,,,,,,,,,,,,,,,,,,,,,,,,,,,,,32.158,12.581,6.160,105.460,8.598,250.136,242.380,97.224,,,,51.895,183.157,,,,,,,,,,,,,,,,,,,,,
2015-04-30T05:00:00Z,2015-04-30T07:00:00+0200,,,,,,,,,,,,,,,,,,,,,,,,,,,,,,,,,,,,32.230,12.581,6.171,105.630,8.598,250.201,242.383,97.245,,,,51.921,183.157,,,,,,,,,,,,,,,,,,,,,
2015-04-30T06:00:00Z,2015-04-30T08:00:00+0200,,,,,,,,,,,,,,,,,,,,,,,,,,,,,,,,,,,,32.306,12.581,6.181,105.785,8.598,250.266,242.386,97.293,,,,51.928,183.157,,,,,,,,,,,,,,,,,,,,,
2015-04-30T07:00:00Z,2015-04-30T09:00:00+0200,,,,,,,,,,,,,,,,,,,,,,,,,,,,,,,,,,,,32.344,12.582,6.200,105.985,8.598,250.370,242.388,97.295,,,,51.945,183.157,,,,,,,,,,,,,,,,,,,,,
2015-04-30T08:00:00Z,2015-04-30T10:00:00+0200,,,,,,,,,,,,,,,,,,,,,,,,,,,,,,,,,,,,32.347,12.582,6.211,106.080,8.598,250.475,242.391,97.343,,,,51.969,183.157,,,,,,,,,,,,,,,,,,,,,
2015-04-30T09:00:00Z,2015-04-30T11:00:00+0200,,,,,,,,,,,,,,,,,,,,,,,,,,,,,,,,,,,,32.351,12.582,6.221,106.165,8.598,250.578,242.394,97.345,,,,51.978,183.157,,,,,,,,,,,,,,,,,,,,,
2015-04-30T10:00:00Z,2015-04-30T12:00:00+0200,,,,,,,,,,,,,,,,,,,,,,,,,,,,,,,,,,,,32.355,12.582,6.232,106.335,8.598,250.684,242.396,97.393,,,,51.992,183.157,,,,,,,,,,,,,,,,,,,,,
2015-04-30T11:00:00Z,2015-04-30T13:00:00+0200,,,,,,,,,,,,,,,,,,,,,,,,,,,,,,,,,,,,32.358,12.582,6.253,106.460,8.598,250.785,242.399,97.418,,,,52.016,183.157,,,,,,,,,,,,,,,,,,,,,
2015-04-30T12:00:00Z,2015-04-30T14:00:00+0200,,,,,,,,,,,,,,,,,,,,,,,,,,,,,,,,,,,,32.362,12.583,6.263,106.555,8.598,250.886,242.402,97.444,,,,52.022,183.157,,,,,,,,,,,,,,,,,,,,,
2015-04-30T13:00:00Z,2015-04-30T15:00:00+0200,,,,,,,,,,,,,,,,,,,,,,,,,,,,,,,,,,,,32.432,12.583,6.273,107.590,8.806,250.988,242.404,97.490,,,,52.040,183.157,,,,,,,,,,,,,,,,,,,,,DE_KN_residential3_circulation_pump | DE_KN_residential3_washing_machine
2015-04-30T14:00:00Z,2015-04-30T16:00:00+0200,,,,,,,,,,,,,,,,,,,,,,,,,,,,,,,,,,,,32.494,12.583,6.283,108.090,9.336,251.083,242.407,97.492,,,,52.057,183.157,,,,,,,,,,,,,,,,,,,,,
2015-04-30T15:00:00Z,2015-04-30T17:00:00+0200,,,,,,,,,,,,,,,,,,,,,,,,,,,,,,,,,,,,32.550,12.583,6.283,108.565,9.379,251.157,242.409,97.541,,,,52.062,183.157,,,,,,,,,,,,,,,,,,,,,
2015-04-30T16:00:00Z,2015-04-30T18:00:00+0200,,,,,,,,,,,,,,,,,,,,,,,,,,,,,,,,,,,,32.596,12.583,6.304,109.160,9.602,251.223,242.412,97.544,,,,52.091,183.157,,,,,,,,,,,,,,,,,,,,,
2015-04-30T17:00:00Z,2015-04-30T19:00:00+0200,,,,,,,,,,,,,,,,,,,,,,,,,,,,,,,,,,,,32.677,12.584,6.324,109.360,9.799,251.287,242.414,97.592,,,,52.107,183.292,,,,,,,,,,,,,,,,,,,,,
2015-04-30T18:00:00Z,2015-04-30T20:00:00+0200,,,,,,,,,,,,,,,,,,,,,,,,,,,,,,,,,,,,32.733,12.584,6.338,109.645,9.799,251.352,243.190,97.606,,,,52.122,183.441,,,,,,,,,,,,,,,,,,,,,
2015-04-30T19:00:00Z,2015-04-30T21:00:00+0200,,,,,,,,,,,,,,,,,,,,,,,,,,,,,,,,,,,,32.737,12.584,6.355,109.980,9.799,251.418,243.777,97.643,,,,52.138,183.441,,,,,,,,,,,,,,,,,,,,,
2015-04-30T20:00:00Z,2015-04-30T22:00:00+0200,,,,,,,,,,,,,,,,,,,,,,,,,,,,,,,,,,,,32.741,12.584,6.365,110.175,9.799,251.483,243.780,97.676,,,,52.161,183.441,,,,,,,,,,,,,,,,,,,,,
2015-04-30T21:00:00Z,2015-04-30T23:00:00+0200,,,,,,,,,,,,,,,,,,,,,,,,,,,,,,,,,,,,32.744,12.585,6.375,110.295,9.799,251.523,243.783,97.694,,,,52.168,183.441,,,,,,,,,,,,,,,,,,,,,
2015-04-30T22:00:00Z,2015-05-01T00:00:00+0200,,,,,,,,,,,,,,,,,,,,,,,,,,,,,,,,,,,,32.748,12.585,6.393,110.425,9.799,251.533,243.786,97.743,,,,52.186,183.442,,,,,,,,,,,,,,,,,,,,,
2015-04-30T23:00:00Z,2015-05-01T01:00:00+0200,,,,,,,,,,,,,,,,,,,,,,,,,,,,,,,,,,,,32.751,12.585,6.406,110.490,9.799,251.590,244.657,97.746,,,,52.210,183.442,,,,,,,,,,,,,,,,,,,,,
2015-05-01T00:00:00Z,2015-05-01T02:00:00+0200,,,,,,,,,,,,,,,,,,,,,,,,,,,,,,,,,,,,32.755,12.585,6.416,110.630,9.799,251.660,245.034,97.795,,,,52.213,183.442,,,,,,,,,,,,,,,,,,,,,
2015-05-01T01:00:00Z,2015-05-01T03:00:00+0200,,,,,,,,,,,,,,,,,,,,,,,,,,,,,,,,,,,,32.759,12.585,6.427,110.740,9.799,251.724,245.038,97.797,,,,52.234,183.442,,,,,,,,,,,,,,,,,,,,,
2015-05-01T02:00:00Z,2015-05-01T04:00:00+0200,,,,,,,,,,,,,,,,,,,,,,,,,,,,,,,,,,,,32.763,12.586,6.446,110.810,9.799,251.797,245.043,97.846,,,,52.258,183.442,,,,,,,,,,,,,,,,,,,,,
2015-05-01T03:00:00Z,2015-05-01T05:00:00+0200,,,,,,,,,,,,,,,,,,,,,,,,,,,,,,,,,,,,32.896,12.586,6.457,111.070,9.799,251.866,245.048,97.857,,,,52.259,183.442,,,,,,,,,,,,,,,,,,,,,
2015-05-01T04:00:00Z,2015-05-01T06:00:00+0200,,,,,,,,,,,,,,,,,,,,,,,,,,,,,,,,,,,,32.976,12.586,6.467,111.265,9.799,251.937,245.053,97.897,,,,52.283,183.442,,,,,,,,,,,,,,,,,,,,,
2015-05-01T05:00:00Z,2015-05-01T07:00:00+0200,,,,,,,,,,,,,,,,,,,,,,,,,,,,,,,,,,,,33.055,12.586,6.479,111.415,9.799,252.002,245.058,97.927,,,,52.310,184.042,,,,,,,,,,,,,,,,,,,,,
2015-05-01T06:00:00Z,2015-05-01T08:00:00+0200,,,,,,,,,,,,,,,,,,,,,,,,,,,,,,,,,,,,33.120,12.598,6.498,111.755,9.799,252.068,245.061,97.948,,,,52.319,184.271,,,,,,,,,,,,,,,,,,,,,
2015-05-01T07:00:00Z,2015-05-01T09:00:00+0200,,,,,,,,,,,,,,,,,,,,,,,,,,,,,,,,,,,,33.156,13.070,6.508,112.660,9.800,252.133,245.063,97.994,,,,52.336,184.366,,,,,,,,,,,,,,,,,,,,,
2015-05-01T08:00:00Z,2015-05-01T10:00:00+0200,,,,,,,,,,,,,,,,,,,,,,,,,,,,,,,,,,,,33.161,13.651,6.518,113.525,9.800,252.198,245.066,97.999,,,,52.359,184.481,,,,,,,,,,,,,,,,,,,,,
2015-05-01T09:00:00Z,2015-05-01T11:00:00+0200,,,,,,,,,,,,,,,,,,,,,,,,,,,,,,,,,,,,33.198,13.653,6.533,113.705,9.800,252.263,245.068,98.047,,,,52.367,184.482,,,,,,,,,,,,,,,,,,,,,
2015-05-01T10:00:00Z,2015-05-01T12:00:00+0200,,,,,,,,,,,,,,,,,,,,,,,,,,,,,,,,,,,,33.235,13.653,6.548,113.830,9.800,252.329,245.071,98.050,,,,52.384,184.482,,,,,,,,,,,,,,,,,,,,,
2015-05-01T11:00:00Z,2015-05-01T13:00:00+0200,,,,,,,,,,,,,,,,,,,,,,,,,,,,,,,,,,,,33.272,13.653,6.558,113.935,9.800,252.394,245.074,98.098,,,,52.415,184.482,,,,,,,,,,,,,,,,,,,,,
2015-05-01T12:00:00Z,2015-05-01T14:00:00+0200,,,,,,,,,,,,,,,,,,,,,,,,,,,,,,,,,,,,33.327,13.653,6.569,114.135,9.800,252.498,245.076,98.138,,,,52.435,184.482,,,,,,,,,,,,,,,,,,,,,
2015-05-01T13:00:00Z,2015-05-01T15:00:00+0200,,,,,,,,,,,,,,,,,,,,,,,,,,,,,,,,,,,,33.365,13.654,6.586,114.255,9.800,252.608,245.079,98.146,,,,52.439,184.482,,,,,,,,,,,,,,,,,,,,,
2015-05-01T14:00:00Z,2015-05-01T16:00:00+0200,,,,,,,,,,,,,,,,,,,,,,,,,,,,,,,,,,,,33.402,13.654,6.599,114.365,9.800,252.714,245.081,98.197,,,,52.463,185.565,,,,,,,,,,,,,,,,,,,,,
2015-05-01T15:00:00Z,2015-05-01T17:00:00+0200,,,,,,,,,,,,,,,,,,,,,,,,,,,,,,,,,,,,33.439,13.654,6.610,114.545,9.800,252.815,245.383,98.238,,,,52.488,186.202,,,,,,,,,,,,,,,,,,,,,DE_KN_residential3_washing_machine | DE_KN_residential3_dishwasher | DE_KN_residential3_refrigerator | DE_KN_residential3_freezer | DE_KN_residential3_circulation_pump
2015-05-01T16:00:00Z,2015-05-01T18:00:00+0200,,,,,,,,,,,,,,,,,,,,,,,,,,,,,,,,,,,,33.476,13.654,6.620,114.655,9.800,252.907,245.386,98.249,,,,52.500,187.259,,,,,,,,,,,,,,,,,,,,,DE_KN_residential3_washing_machine | DE_KN_residential3_dishwasher | DE_KN_residential3_refrigerator | DE_KN_residential3_freezer | DE_KN_residential3_circulation_pump
2015-05-01T17:00:00Z,2015-05-01T19:00:00+0200,,,,,,,,,,,,,,,,,,,,,,,,,,,,,,,,,,,,33.512,13.655,6.640,114.775,9.800,252.981,245.389,98.298,,,,52.516,187.419,,,,,,,,,,,,,,,,,,,,,DE_KN_residential3_washing_machine | DE_KN_residential3_dishwasher | DE_KN_residential3_refrigerator | DE_KN_residential3_freezer | DE_KN_residential3_circulation_pump
2015-05-01T18:00:00Z,2015-05-01T20:00:00+0200,,,,,,,,,,,,,,,,,,,,,,,,,,,,,,,,,,,,33.548,13.655,6.650,114.955,9.800,253.044,245.391,98.310,,,,52.541,187.434,,,,,,,,,,,,,,,,,,,,,DE_KN_residential3_washing_machine | DE_KN_residential3_dishwasher | DE_KN_residential3_refrigerator | DE_KN_residential3_freezer | DE_KN_residential3_circulation_pump
2015-05-01T19:00:00Z,2015-05-01T21:00:00+0200,,,,,,,,,,,,,,,,,,,,,,,,,,,,,,,,,,,,33.584,13.655,6.661,115.060,9.800,253.108,245.393,98.349,,,,52.565,187.441,,,,,,,,,,,,,,,,,,,,,DE_KN_residential3_washing_machine | DE_KN_residential3_dishwasher | DE_KN_residential3_refrigerator | DE_KN_residential3_freezer | DE_KN_residential3_circulation_pump
2015-05-01T20:00:00Z,2015-05-01T22:00:00+0200,,,,,,,,,,,,,,,,,,,,,,,,,,,,,,,,,,,,33.639,13.655,6.675,115.205,9.800,253.173,245.396,98.392,,,,52.566,187.441,,,,,,,,,,,,,,,,,,,,,DE_KN_residential3_washing_machine | DE_KN_residential3_dishwasher | DE_KN_residential3_refrigerator | DE_KN_residential3_freezer | DE_KN_residential3_circulation_pump
2015-05-01T21:00:00Z,2015-05-01T23:00:00+0200,,,,,,,,,,,,,,,,,,,,,,,,,,,,,,,,,,,,33.678,13.655,6.690,115.395,9.800,253.213,245.399,98.398,,,,52.591,187.441,,,,,,,,,,,,,,,,,,,,,DE_KN_residential3_washing_machine | DE_KN_residential3_dishwasher | DE_KN_residential3_refrigerator | DE_KN_residential3_freezer | DE_KN_residential3_circulation_pump
2015-05-01T22:00:00Z,2015-05-02T00:00:00+0200,,,,,,,,,,,,,,,,,,,,,,,,,,,,,,,,,,,,33.684,13.656,6.700,115.465,9.800,253.222,245.401,98.447,,,,52.611,187.442,,,,,,,,,,,,,,,,,,,,,DE_KN_residential3_washing_machine | DE_KN_residential3_dishwasher | DE_KN_residential3_refrigerator | DE_KN_residential3_freezer | DE_KN_residential3_circulation_pump
2015-05-01T23:00:00Z,2015-05-02T01:00:00+0200,,,,,,,,,,,,,,,,,,,,,,,,,,,,,,,,,,,,33.687,13.656,6.711,115.555,9.800,253.262,245.404,98.461,,,,52.615,187.442,,,,,,,,,,,,,,,,,,,,,DE_KN_residential3_washing_machine | DE_KN_residential3_dishwasher | DE_KN_residential3_refrigerator | DE_KN_residential3_freezer | DE_KN_residential3_circulation_pump
2015-05-02T00:00:00Z,2015-05-02T02:00:00+0200,,,,,,,,,,,,,,,,,,,,,,,,,,,,,,,,,,,,33.691,13.656,6.730,115.715,9.800,253.330,245.406,98.498,,,,52.639,187.442,,,,,,,,,,,,,,,,,,,,,DE_KN_residential3_washing_machine | DE_KN_residential3_dishwasher | DE_KN_residential3_refrigerator | DE_KN_residential3_freezer | DE_KN_residential3_circulation_pump
2015-05-02T01:00:00Z,2015-05-02T03:00:00+0200,,,,,,,,,,,,,,,,,,,,,,,,,,,,,,,,,,,,33.695,13.656,6.740,115.790,9.800,253.394,245.409,98.535,,,,52.652,187.442,,,,,,,,,,,,,,,,,,,,,DE_KN_residential3_washing_machine | DE_KN_residential3_dishwasher | DE_KN_residential3_refrigerator | DE_KN_residential3_freezer | DE_KN_residential3_circulation_pump
2015-05-02T02:00:00Z,2015-05-02T04:00:00+0200,,,,,,,,,,,,,,,,,,,,,,,,,,,,,,,,,,,,33.699,13.656,6.750,115.885,9.800,253.463,245.412,98.549,,,,52.663,187.442,,,,,,,,,,,,,,,,,,,,,DE_KN_residential3_washing_machine | DE_KN_residential3_dishwasher | DE_KN_residential3_refrigerator | DE_KN_residential3_freezer | DE_KN_residential3_circulation_pump
2015-05-02T03:00:00Z,2015-05-02T05:00:00+0200,,,,,,,,,,,,,,,,,,,,,,,,,,,,,,,,,,,,33.702,13.657,6.767,116.045,9.801,253.534,245.415,98.597,,,,52.686,187.442,,,,,,,,,,,,,,,,,,,,,DE_KN_residential3_washing_machine | DE_KN_residential3_dishwasher | DE_KN_residential3_refrigerator | DE_KN_residential3_freezer | DE_KN_residential3_circulation_pump
2015-05-02T04:00:00Z,2015-05-02T06:00:00+0200,,,,,,,,,,,,,,,,,,,,,,,,,,,,,,,,,,,,33.832,13.657,6.780,116.235,9.801,253.603,245.417,98.600,,,,52.692,187.442,,,,,,,,,,,,,,,,,,,,,DE_KN_residential3_washing_machine | DE_KN_residential3_dishwasher | DE_KN_residential3_refrigerator | DE_KN_residential3_freezer | DE_KN_residential3_circulation_pump
2015-05-02T05:00:00Z,2015-05-02T07:00:00+0200,,,,,,,,,,,,,,,,,,,,,,,,,,,,,,,,,,,,33.914,13.657,6.790,116.395,9.801,253.670,245.420,98.648,,,,52.714,187.458,,,,,,,,,,,,,,,,,,,,,DE_KN_residential3_washing_machine | DE_KN_residential3_dishwasher | DE_KN_residential3_refrigerator | DE_KN_residential3_freezer | DE_KN_residential3_circulation_pump
2015-05-02T06:00:00Z,2015-05-02T08:00:00+0200,,,,,,,,,,,,,,,,,,,,,,,,,,,,,,,,,,,,33.990,13.657,6.802,116.615,9.801,253.734,245.422,98.650,,,,52.736,187.458,,,,,,,,,,,,,,,,,,,,,DE_KN_residential3_washing_machine | DE_KN_residential3_dishwasher | DE_KN_residential3_refrigerator | DE_KN_residential3_freezer | DE_KN_residential3_circulation_pump
2015-05-02T07:00:00Z,2015-05-02T09:00:00+0200,,,,,,,,,,,,,,,,,,,,,,,,,,,,,,,,,,,,34.069,13.658,6.822,116.765,9.801,253.815,245.425,98.698,,,,52.738,187.458,,,,,,,,,,,,,,,,,,,,,DE_KN_residential3_washing_machine | DE_KN_residential3_dishwasher | DE_KN_residential3_refrigerator | DE_KN_residential3_freezer | DE_KN_residential3_circulation_pump
2015-05-02T08:00:00Z,2015-05-02T10:00:00+0200,,,,,,,,,,,,,,,,,,,,,,,,,,,,,,,,,,,,34.146,13.658,6.831,116.925,9.801,253.925,245.427,98.721,,,,52.764,187.458,,,,,,,,,,,,,,,,,,,,,DE_KN_residential3_washing_machine | DE_KN_residential3_dishwasher | DE_KN_residential3_refrigerator | DE_KN_residential3_freezer | DE_KN_residential3_circulation_pump
2015-05-02T09:00:00Z,2015-05-02T11:00:00+0200,,,,,,,,,,,,,,,,,,,,,,,,,,,,,,,,,,,,34.212,13.658,6.842,117.125,9.801,254.031,245.430,98.749,,,,52.787,187.458,,,,,,,,,,,,,,,,,,,,,DE_KN_residential3_washing_machine | DE_KN_residential3_dishwasher | DE_KN_residential3_refrigerator | DE_KN_residential3_freezer | DE_KN_residential3_circulation_pump
2015-05-02T10:00:00Z,2015-05-02T12:00:00+0200,,,,,,,,,,,,,,,,,,,,,,,,,,,,,,,,,,,,34.275,13.658,6.855,117.255,9.801,254.140,245.433,98.794,,,,52.790,187.458,,,,,,,,,,,,,,,,,,,,,DE_KN_residential3_washing_machine | DE_KN_residential3_dishwasher | DE_KN_residential3_refrigerator | DE_KN_residential3_freezer | DE_KN_residential3_circulation_pump
2015-05-02T11:00:00Z,2015-05-02T13:00:00+0200,,,,,,,,,,,,,,,,,,,,,,,,,,,,,,,,,,,,34.321,13.658,6.872,117.400,9.801,254.241,245.435,98.800,,,,52.811,187.458,,,,,,,,,,,,,,,,,,,,,DE_KN_residential3_washing_machine | DE_KN_residential3_dishwasher | DE_KN_residential3_refrigerator | DE_KN_residential3_freezer | DE_KN_residential3_circulation_pump
2015-05-02T12:00:00Z,2015-05-02T14:00:00+0200,,,,,,,,,,,,,,,,,,,,,,,,,,,,,,,,,,,,34.405,13.659,6.882,117.625,9.801,254.340,245.438,98.848,,,,52.835,187.459,,,,,,,,,,,,,,,,,,,,,DE_KN_residential3_washing_machine | DE_KN_residential3_dishwasher | DE_KN_residential3_refrigerator | DE_KN_residential3_freezer | DE_KN_residential3_circulation_pump
2015-05-02T13:00:00Z,2015-05-02T15:00:00+0200,,,,,,,,,,,,,,,,,,,,,,,,,,,,,,,,,,,,34.415,13.659,6.892,117.690,9.801,254.447,245.441,98.850,,,,52.841,187.459,,,,,,,,,,,,,,,,,,,,,DE_KN_residential3_washing_machine | DE_KN_residential3_dishwasher | DE_KN_residential3_refrigerator | DE_KN_residential3_freezer | DE_KN_residential3_circulation_pump
2015-05-02T14:00:00Z,2015-05-02T16:00:00+0200,,,,,,,,,,,,,,,,,,,,,,,,,,,,,,,,,,,,34.424,13.659,6.909,117.805,9.801,254.524,245.443,98.899,,,,52.858,187.459,,,,,,,,,,,,,,,,,,,,,DE_KN_residential3_washing_machine | DE_KN_residential3_dishwasher | DE_KN_residential3_refrigerator | DE_KN_residential3_freezer | DE_KN_residential3_circulation_pump
2015-05-02T15:00:00Z,2015-05-02T17:00:00+0200,,,,,,,,,,,,,,,,,,,,,,,,,,,,,,,,,,,,34.433,13.659,6.923,117.955,9.801,254.592,245.446,98.914,,,,52.882,187.459,,,,,,,,,,,,,,,,,,,,,DE_KN_residential3_washing_machine | DE_KN_residential3_dishwasher | DE_KN_residential3_refrigerator | DE_KN_residential3_freezer | DE_KN_residential3_circulation_pump
2015-05-02T16:00:00Z,2015-05-02T18:00:00+0200,,,,,,,,,,,,,,,,,,,,,,,,,,,,,,,,,,,,34.442,13.660,6.933,118.020,9.801,254.656,245.448,98.950,,,,52.882,187.459,,,,,,,,,,,,,,,,,,,,,DE_KN_residential3_washing_machine | DE_KN_residential3_dishwasher | DE_KN_residential3_refrigerator | DE_KN_residential3_freezer | DE_KN_residential3_circulation_pump
2015-05-02T17:00:00Z,2015-05-02T19:00:00+0200,,,,,,,,,,,,,,,,,,,,,,,,,,,,,,,,,,,,34.451,13.660,6.943,118.120,9.801,254.719,245.451,98.988,,,,52.906,187.459,,,,,,,,,,,,,,,,,,,,,DE_KN_residential3_washing_machine | DE_KN_residential3_dishwasher | DE_KN_residential3_refrigerator | DE_KN_residential3_freezer | DE_KN_residential3_circulation_pump
2015-05-02T18:00:00Z,2015-05-02T20:00:00+0200,,,,,,,,,,,,,,,,,,,,,,,,,,,,,,,,,,,,34.460,13.660,6.963,118.280,9.801,254.782,245.453,98.997,,,,52.921,187.459,,,,,,,,,,,,,,,,,,,,,DE_KN_residential3_washing_machine | DE_KN_residential3_dishwasher | DE_KN_residential3_refrigerator | DE_KN_residential3_freezer | DE_KN_residential3_circulation_pump
2015-05-02T19:00:00Z,2015-05-02T21:00:00+0200,,,,,,,,,,,,,,,,,,,,,,,,,,,,,,,,,,,,34.466,13.660,6.973,118.355,9.801,254.845,245.456,99.047,,,,52.931,187.459,,,,,,,,,,,,,,,,,,,,,DE_KN_residential3_washing_machine | DE_KN_residential3_dishwasher | DE_KN_residential3_refrigerator | DE_KN_residential3_freezer | DE_KN_residential3_circulation_pump
2015-05-02T20:00:00Z,2015-05-02T22:00:00+0200,,,,,,,,,,,,,,,,,,,,,,,,,,,,,,,,,,,,34.470,13.660,6.984,118.455,9.801,254.909,245.458,99.070,,,,52.954,187.459,,,,,,,,,,,,,,,,,,,,,DE_KN_residential3_washing_machine | DE_KN_residential3_dishwasher | DE_KN_residential3_refrigerator | DE_KN_residential3_freezer | DE_KN_residential3_circulation_pump
2015-05-02T21:00:00Z,2015-05-02T23:00:00+0200,,,,,,,,,,,,,,,,,,,,,,,,,,,,,,,,,,,,34.473,13.660,6.996,118.590,9.802,254.950,245.988,99.098,,,,52.957,187.459,,,,,,,,,,,,,,,,,,,,,DE_KN_residential3_washing_machine | DE_KN_residential3_dishwasher | DE_KN_residential3_refrigerator | DE_KN_residential3_freezer | DE_KN_residential3_circulation_pump
2015-05-02T22:00:00Z,2015-05-03T00:00:00+0200,,,,,,,,,,,,,,,,,,,,,,,,,,,,,,,,,,,,34.477,13.661,7.015,118.670,9.802,254.962,246.845,99.147,,,,52.978,187.459,,,,,,,,,,,,,,,,,,,,,DE_KN_residential3_washing_machine | DE_KN_residential3_dishwasher | DE_KN_residential3_refrigerator | DE_KN_residential3_freezer | DE_KN_residential3_circulation_pump
2015-05-02T23:00:00Z,2015-05-03T01:00:00+0200,,,,,,,,,,,,,,,,,,,,,,,,,,,,,,,,,,,,34.481,13.661,7.025,118.780,9.802,255.007,246.848,99.150,,,,52.999,187.459,,,,,,,,,,,,,,,,,,,,,DE_KN_residential3_washing_machine | DE_KN_residential3_dishwasher | DE_KN_residential3_refrigerator | DE_KN_residential3_freezer | DE_KN_residential3_circulation_pump
2015-05-03T00:00:00Z,2015-05-03T02:00:00+0200,,,,,,,,,,,,,,,,,,,,,,,,,,,,,,,,,,,,34.485,13.661,7.036,118.905,9.802,255.076,246.850,99.199,,,,53.002,187.459,,,,,,,,,,,,,,,,,,,,,DE_KN_residential3_washing_machine | DE_KN_residential3_dishwasher | DE_KN_residential3_refrigerator | DE_KN_residential3_freezer | DE_KN_residential3_circulation_pump
2015-05-03T01:00:00Z,2015-05-03T03:00:00+0200,,,,,,,,,,,,,,,,,,,,,,,,,,,,,,,,,,,,34.488,13.661,7.051,118.975,9.802,255.139,246.852,99.201,,,,53.026,187.459,,,,,,,,,,,,,,,,,,,,,DE_KN_residential3_washing_machine | DE_KN_residential3_dishwasher | DE_KN_residential3_refrigerator | DE_KN_residential3_freezer | DE_KN_residential3_circulation_pump
2015-05-03T02:00:00Z,2015-05-03T04:00:00+0200,,,,,,,,,,,,,,,,,,,,,,,,,,,,,,,,,,,,34.492,13.662,7.066,119.095,9.802,255.207,246.854,99.250,,,,53.031,187.459,,,,,,,,,,,,,,,,,,,,,DE_KN_residential3_washing_machine | DE_KN_residential3_dishwasher | DE_KN_residential3_refrigerator | DE_KN_residential3_freezer | DE_KN_residential3_circulation_pump
2015-05-03T03:00:00Z,2015-05-03T05:00:00+0200,,,,,,,,,,,,,,,,,,,,,,,,,,,,,,,,,,,,34.496,13.662,7.077,119.215,9.802,255.279,246.856,99.268,,,,53.049,187.459,,,,,,,,,,,,,,,,,,,,,DE_KN_residential3_washing_machine | DE_KN_residential3_dishwasher | DE_KN_residential3_refrigerator | DE_KN_residential3_freezer | DE_KN_residential3_circulation_pump
2015-05-03T04:00:00Z,2015-05-03T06:00:00+0200,,,,,,,,,,,,,,,,,,,,,,,,,,,,,,,,,,,,34.614,13.662,7.087,119.385,9.802,255.348,246.859,99.301,,,,53.071,187.459,,,,,,,,,,,,,,,,,,,,,DE_KN_residential3_washing_machine | DE_KN_residential3_dishwasher | DE_KN_residential3_refrigerator | DE_KN_residential3_freezer | DE_KN_residential3_circulation_pump
2015-05-03T05:00:00Z,2015-05-03T07:00:00+0200,,,,,,,,,,,,,,,,,,,,,,,,,,,,,,,,,,,,34.679,13.662,7.104,119.575,9.802,255.415,246.861,99.342,,,,53.073,187.459,,,,,,,,,,,,,,,,,,,,,DE_KN_residential3_washing_machine | DE_KN_residential3_dishwasher | DE_KN_residential3_refrigerator | DE_KN_residential3_freezer | DE_KN_residential3_circulation_pump
2015-05-03T06:00:00Z,2015-05-03T08:00:00+0200,,,,,,,,,,,,,,,,,,,,,,,,,,,,,,,,,,,,34.749,13.662,7.117,119.760,9.802,255.493,246.864,99.352,,,,53.096,187.459,,,,,,,,,,,,,,,,,,,,,DE_KN_residential3_washing_machine | DE_KN_residential3_dishwasher | DE_KN_residential3_refrigerator | DE_KN_residential3_freezer | DE_KN_residential3_circulation_pump
2015-05-03T07:00:00Z,2015-05-03T09:00:00+0200,,,,,,,,,,,,,,,,,,,,,,,,,,,,,,,,,,,,34.825,13.663,7.127,119.895,9.802,255.584,246.866,99.401,,,,53.126,187.459,,,,,,,,,,,,,,,,,,,,,DE_KN_residential3_washing_machine | DE_KN_residential3_dishwasher | DE_KN_residential3_refrigerator | DE_KN_residential3_freezer | DE_KN_residential3_circulation_pump
2015-05-03T08:00:00Z,2015-05-03T10:00:00+0200,,,,,,,,,,,,,,,,,,,,,,,,,,,,,,,,,,,,34.903,13.663,7.138,120.080,9.802,255.695,246.869,99.403,,,,53.136,187.459,,,,,,,,,,,,,,,,,,,,,DE_KN_residential3_washing_machine | DE_KN_residential3_dishwasher | DE_KN_residential3_refrigerator | DE_KN_residential3_freezer | DE_KN_residential3_circulation_pump
2015-05-03T09:00:00Z,2015-05-03T11:00:00+0200,,,,,,,,,,,,,,,,,,,,,,,,,,,,,,,,,,,,34.979,13.663,7.158,120.285,9.802,255.809,246.872,99.452,,,,53.164,187.459,,,,,,,,,,,,,,,,,,,,,DE_KN_residential3_washing_machine | DE_KN_residential3_dishwasher | DE_KN_residential3_refrigerator | DE_KN_residential3_freezer | DE_KN_residential3_circulation_pump
2015-05-03T10:00:00Z,2015-05-03T12:00:00+0200,,,,,,,,,,,,,,,,,,,,,,,,,,,,,,,,,,,,35.055,13.663,7.168,120.415,9.802,255.916,246.875,99.462,,,,53.187,187.459,,,,,,,,,,,,,,,,,,,,,DE_KN_residential3_washing_machine | DE_KN_residential3_dishwasher | DE_KN_residential3_refrigerator | DE_KN_residential3_freezer | DE_KN_residential3_circulation_pump
2015-05-03T11:00:00Z,2015-05-03T13:00:00+0200,,,,,,,,,,,,,,,,,,,,,,,,,,,,,,,,,,,,35.152,13.663,7.178,120.625,9.802,256.025,246.877,99.503,,,,53.205,187.459,,,,,,,,,,,,,,,,,,,,,DE_KN_residential3_washing_machine | DE_KN_residential3_dishwasher | DE_KN_residential3_refrigerator | DE_KN_residential3_freezer | DE_KN_residential3_circulation_pump
2015-05-03T12:00:00Z,2015-05-03T14:00:00+0200,,,,,,,,,,,,,,,,,,,,,,,,,,,,,,,,,,,,35.205,13.664,7.192,120.795,9.802,256.132,246.880,99.537,,,,53.218,187.459,,,,,,,,,,,,,,,,,,,,,DE_KN_residential3_washing_machine | DE_KN_residential3_dishwasher | DE_KN_residential3_refrigerator | DE_KN_residential3_freezer | DE_KN_residential3_circulation_pump
2015-05-03T13:00:00Z,2015-05-03T15:00:00+0200,,,,,,,,,,,,,,,,,,,,,,,,,,,,,,,,,,,,35.250,13.664,7.209,120.910,9.802,256.231,246.882,99.555,,,,53.246,187.459,,,,,,,,,,,,,,,,,,,,,DE_KN_residential3_washing_machine | DE_KN_residential3_dishwasher | DE_KN_residential3_refrigerator | DE_KN_residential3_freezer | DE_KN_residential3_circulation_pump
2015-05-03T14:00:00Z,2015-05-03T16:00:00+0200,,,,,,,,,,,,,,,,,,,,,,,,,,,,,,,,,,,,35.390,13.664,7.219,121.175,9.802,256.335,246.885,99.604,,,,53.268,187.459,,,,,,,,,,,,,,,,,,,,,DE_KN_residential3_washing_machine | DE_KN_residential3_dishwasher | DE_KN_residential3_refrigerator | DE_KN_residential3_freezer | DE_KN_residential3_circulation_pump
2015-05-03T15:00:00Z,2015-05-03T17:00:00+0200,,,,,,,,,,,,,,,,,,,,,,,,,,,,,,,,,,,,35.494,13.664,7.229,121.675,9.802,256.409,246.888,99.606,,,,53.271,187.459,,,,,,,,,,,,,,,,,,,,,DE_KN_residential3_washing_machine | DE_KN_residential3_dishwasher | DE_KN_residential3_refrigerator | DE_KN_residential3_freezer | DE_KN_residential3_circulation_pump
2015-05-03T16:00:00Z,2015-05-03T18:00:00+0200,,,,,,,,,,,,,,,,,,,,,,,,,,,,,,,,,,,,35.503,13.665,7.247,121.895,9.802,256.477,246.891,99.661,,,,53.296,187.460,,,,,,,,,,,,,,,,,,,,,DE_KN_residential3_washing_machine | DE_KN_residential3_dishwasher | DE_KN_residential3_refrigerator | DE_KN_residential3_freezer | DE_KN_residential3_circulation_pump
2015-05-03T17:00:00Z,2015-05-03T19:00:00+0200,,,,,,,,,,,,,,,,,,,,,,,,,,,,,,,,,,,,35.512,13.665,7.259,122.205,9.802,256.545,246.893,99.714,,,,53.319,187.460,,,,,,,,,,,,,,,,,,,,,DE_KN_residential3_washing_machine | DE_KN_residential3_dishwasher | DE_KN_residential3_refrigerator | DE_KN_residential3_freezer | DE_KN_residential3_circulation_pump
2015-05-03T18:00:00Z,2015-05-03T20:00:00+0200,,,,,,,,,,,,,,,,,,,,,,,,,,,,,,,,,,,,35.518,13.665,7.270,122.485,9.802,256.612,246.895,99.716,,,,53.323,187.460,,,,,,,,,,,,,,,,,,,,,DE_KN_residential3_washing_machine | DE_KN_residential3_dishwasher | DE_KN_residential3_refrigerator | DE_KN_residential3_freezer | DE_KN_residential3_circulation_pump
2015-05-03T19:00:00Z,2015-05-03T21:00:00+0200,,,,,,,,,,,,,,,,,,,,,,,,,,,,,,,,,,,,35.522,13.665,7.281,122.825,9.803,256.681,246.898,99.764,,,,53.348,187.460,,,,,,,,,,,,,,,,,,,,,DE_KN_residential3_washing_machine | DE_KN_residential3_dishwasher | DE_KN_residential3_refrigerator | DE_KN_residential3_freezer | DE_KN_residential3_circulation_pump
2015-05-03T20:00:00Z,2015-05-03T22:00:00+0200,,,,,,,,,,,,,,,,,,,,,,,,,,,,,,,,,,,,35.525,13.665,7.300,122.945,9.803,256.751,246.900,99.795,,,,53.364,187.460,,,,,,,,,,,,,,,,,,,,,DE_KN_residential3_washing_machine | DE_KN_residential3_dishwasher | DE_KN_residential3_refrigerator | DE_KN_residential3_freezer | DE_KN_residential3_circulation_pump
2015-05-03T21:00:00Z,2015-05-03T23:00:00+0200,,,,,,,,,,,,,,,,,,,,,,,,,,,,,,,,,,,,35.529,13.666,7.310,123.085,9.803,256.793,246.903,99.815,,,,53.373,187.460,,,,,,,,,,,,,,,,,,,,,DE_KN_residential3_washing_machine | DE_KN_residential3_dishwasher | DE_KN_residential3_refrigerator | DE_KN_residential3_freezer | DE_KN_residential3_circulation_pump
2015-05-03T22:00:00Z,2015-05-04T00:00:00+0200,,,,,,,,,,,,,,,,,,,,,,,,,,,,,,,,,,,,35.533,13.666,7.320,123.200,9.803,256.849,246.906,99.863,,,,53.398,187.460,,,,,,,,,,,,,,,,,,,,,DE_KN_residential3_washing_machine | DE_KN_residential3_dishwasher | DE_KN_residential3_refrigerator | DE_KN_residential3_freezer | DE_KN_residential3_circulation_pump
2015-05-03T23:00:00Z,2015-05-04T01:00:00+0200,,,,,,,,,,,,,,,,,,,,,,,,,,,,,,,,,,,,35.536,13.666,7.337,123.285,9.803,256.915,246.909,99.865,,,,53.405,187.460,,,,,,,,,,,,,,,,,,,,,DE_KN_residential3_washing_machine | DE_KN_residential3_dishwasher | DE_KN_residential3_refrigerator | DE_KN_residential3_freezer | DE_KN_residential3_circulation_pump
2015-05-04T00:00:00Z,2015-05-04T02:00:00+0200,,,,,,,,,,,,,,,,,,,,,,,,,,,,,,,,,,,,35.540,13.666,7.351,123.460,9.803,256.987,246.911,99.914,,,,53.423,187.460,,,,,,,,,,,,,,,,,,,,,DE_KN_residential3_washing_machine | DE_KN_residential3_dishwasher | DE_KN_residential3_refrigerator | DE_KN_residential3_freezer | DE_KN_residential3_circulation_pump
2015-05-04T01:00:00Z,2015-05-04T03:00:00+0200,,,,,,,,,,,,,,,,,,,,,,,,,,,,,,,,,,,,35.544,13.666,7.360,123.540,9.803,257.054,246.914,99.931,,,,53.447,187.460,,,,,,,,,,,,,,,,,,,,,DE_KN_residential3_washing_machine | DE_KN_residential3_dishwasher | DE_KN_residential3_refrigerator | DE_KN_residential3_freezer | DE_KN_residential3_circulation_pump
2015-05-04T02:00:00Z,2015-05-04T04:00:00+0200,,,,,,,,,,,,,,,,,,,,,,,,,,,,,,,,,,,,35.548,13.667,7.372,123.665,9.803,257.127,246.916,99.964,,,,53.448,187.461,,,,,,,,,,,,,,,,,,,,,DE_KN_residential3_washing_machine | DE_KN_residential3_dishwasher | DE_KN_residential3_refrigerator | DE_KN_residential3_freezer | DE_KN_residential3_circulation_pump
2015-05-04T03:00:00Z,2015-05-04T05:00:00+0200,,,,,,,,,,,,,,,,,,,,,,,,,,,,,,,,,,,,35.653,13.667,7.391,123.900,9.803,257.200,246.919,100.009,,,,53.472,187.461,,,,,,,,,,,,,,,,,,,,,DE_KN_residential3_washing_machine | DE_KN_residential3_dishwasher | DE_KN_residential3_refrigerator | DE_KN_residential3_freezer | DE_KN_residential3_circulation_pump
2015-05-04T04:00:00Z,2015-05-04T06:00:00+0200,,,,,,,,,,,,,,,,,,,,,,,,,,,,,,,,,,,,35.663,13.667,7.401,124.005,9.803,257.274,246.921,100.014,,,,53.502,187.461,,,,,,,,,,,,,,,,,,,,,DE_KN_residential3_washing_machine | DE_KN_residential3_dishwasher | DE_KN_residential3_refrigerator | DE_KN_residential3_freezer | DE_KN_residential3_circulation_pump
2015-05-04T05:00:00Z,2015-05-04T07:00:00+0200,,,,,,,,,,,,,,,,,,,,,,,,,,,,,,,,,,,,35.730,13.667,7.411,124.225,9.803,257.346,246.924,100.062,,,,53.508,188.239,,,,,,,,,,,,,,,,,,,,,DE_KN_residential3_washing_machine | DE_KN_residential3_dishwasher | DE_KN_residential3_refrigerator | DE_KN_residential3_freezer | DE_KN_residential3_circulation_pump
2015-05-04T06:00:00Z,2015-05-04T08:00:00+0200,,,,,,,,,,,,,,,,,,,,,,,,,,,,,,,,,,,,35.792,13.667,7.427,124.375,9.803,257.417,246.927,100.064,,,,53.526,188.337,,,,,,,,,,,,,,,,,,,,,DE_KN_residential3_washing_machine | DE_KN_residential3_dishwasher | DE_KN_residential3_refrigerator | DE_KN_residential3_freezer | DE_KN_residential3_circulation_pump
2015-05-04T07:00:00Z,2015-05-04T09:00:00+0200,,,,,,,,,,,,,,,,,,,,,,,,,,,,,,,,,,,,35.827,13.668,7.442,124.495,9.803,257.494,246.929,100.111,,,,53.550,188.452,,,,,,,,,,,,,,,,,,,,,DE_KN_residential3_washing_machine | DE_KN_residential3_dishwasher | DE_KN_residential3_refrigerator | DE_KN_residential3_freezer | DE_KN_residential3_circulation_pump
2015-05-04T08:00:00Z,2015-05-04T10:00:00+0200,,,,,,,,,,,,,,,,,,,,,,,,,,,,,,,,,,,,35.831,13.668,7.452,124.660,9.803,257.608,246.932,100.138,,,,53.551,188.455,,,,,,,,,,,,,,,,,,,,,DE_KN_residential3_washing_machine | DE_KN_residential3_dishwasher | DE_KN_residential3_refrigerator | DE_KN_residential3_freezer | DE_KN_residential3_circulation_pump
2015-05-04T09:00:00Z,2015-05-04T11:00:00+0200,,,,,,,,,,,,,,,,,,,,,,,,,,,,,,,,,,,,35.835,13.668,7.462,124.740,9.803,257.728,246.935,100.161,,,,53.575,188.455,,,,,,,,,,,,,,,,,,,,,DE_KN_residential3_washing_machine | DE_KN_residential3_dishwasher | DE_KN_residential3_refrigerator | DE_KN_residential3_freezer | DE_KN_residential3_circulation_pump
2015-05-04T10:00:00Z,2015-05-04T12:00:00+0200,,,,,,,,,,,,,,,,,,,,,,,,,,,,,,,,,,,,35.838,13.668,7.480,124.845,9.803,257.845,247.739,100.209,,,,53.593,189.124,,,,,,,,,,,,,,,,,,,,,DE_KN_residential3_washing_machine | DE_KN_residential3_dishwasher | DE_KN_residential3_refrigerator | DE_KN_residential3_freezer | DE_KN_residential3_circulation_pump
2015-05-04T11:00:00Z,2015-05-04T13:00:00+0200,,,,,,,,,,,,,,,,,,,,,,,,,,,,,,,,,,,,35.842,13.669,7.494,125.000,9.803,257.954,248.286,100.211,,,,53.601,189.894,,,,,,,,,,,,,,,,,,,,,DE_KN_residential3_washing_machine | DE_KN_residential3_dishwasher | DE_KN_residential3_refrigerator | DE_KN_residential3_freezer | DE_KN_residential3_circulation_pump
2015-05-04T12:00:00Z,2015-05-04T14:00:00+0200,,,,,,,,,,,,,,,,,,,,,,,,,,,,,,,,,,,,35.846,13.669,7.504,125.080,9.803,258.056,248.288,100.258,,,,53.626,189.908,,,,,,,,,,,,,,,,,,,,,DE_KN_residential3_washing_machine | DE_KN_residential3_dishwasher | DE_KN_residential3_refrigerator | DE_KN_residential3_freezer | DE_KN_residential3_circulation_pump
2015-05-04T13:00:00Z,2015-05-04T15:00:00+0200,,,,,,,,,,,,,,,,,,,,,,,,,,,,,,,,,,,,35.917,13.669,7.514,125.255,9.803,258.143,248.291,100.268,,,,53.645,190.645,,,,,,,,,,,,,,,,,,,,,DE_KN_residential3_washing_machine | DE_KN_residential3_dishwasher | DE_KN_residential3_refrigerator | DE_KN_residential3_freezer | DE_KN_residential3_circulation_pump
2015-05-04T14:00:00Z,2015-05-04T16:00:00+0200,,,,,,,,,,,,,,,,,,,,,,,,,,,,,,,,,,,,35.927,13.669,7.533,125.420,9.804,258.218,248.293,100.308,,,,53.652,191.192,,,,,,,,,,,,,,,,,,,,,DE_KN_residential3_washing_machine | DE_KN_residential3_dishwasher | DE_KN_residential3_refrigerator | DE_KN_residential3_freezer | DE_KN_residential3_circulation_pump
2015-05-04T15:00:00Z,2015-05-04T17:00:00+0200,,,,,,,,,,,,,,,,,,,,,,,,,,,,,,,,,,,,35.936,13.669,7.544,125.500,9.804,258.292,248.490,100.344,,,,53.676,191.206,,,,,,,,,,,,,,,,,,,,,DE_KN_residential3_washing_machine | DE_KN_residential3_dishwasher | DE_KN_residential3_refrigerator | DE_KN_residential3_freezer | DE_KN_residential3_circulation_pump
2015-05-04T16:00:00Z,2015-05-04T18:00:00+0200,,,,,,,,,,,,,,,,,,,,,,,,,,,,,,,,,,,,35.945,13.670,7.554,125.705,9.804,258.362,249.261,100.358,,,,53.685,191.219,,,,,,,,,,,,,,,,,,,,,DE_KN_residential3_washing_machine | DE_KN_residential3_dishwasher | DE_KN_residential3_refrigerator | DE_KN_residential3_freezer | DE_KN_residential3_circulation_pump
2015-05-04T17:00:00Z,2015-05-04T19:00:00+0200,,,,,,,,,,,,,,,,,,,,,,,,,,,,,,,,,,,,35.954,13.670,7.568,125.875,9.804,258.430,249.614,100.406,,,,53.701,191.219,,,,,,,,,,,,,,,,,,,,,DE_KN_residential3_washing_machine | DE_KN_residential3_dishwasher | DE_KN_residential3_refrigerator | DE_KN_residential3_freezer | DE_KN_residential3_circulation_pump
2015-05-04T18:00:00Z,2015-05-04T20:00:00+0200,,,,,,,,,,,,,,,,,,,,,,,,,,,,,,,,,,,,35.960,13.670,7.584,126.130,9.804,258.498,249.616,100.409,,,,53.727,191.219,,,,,,,,,,,,,,,,,,,,,DE_KN_residential3_washing_machine | DE_KN_residential3_dishwasher | DE_KN_residential3_refrigerator | DE_KN_residential3_freezer | DE_KN_residential3_circulation_pump
2015-05-04T19:00:00Z,2015-05-04T21:00:00+0200,,,,,,,,,,,,,,,,,,,,,,,,,,,,,,,,,,,,35.964,13.670,7.595,126.385,9.804,258.567,249.619,100.456,,,,53.750,191.219,,,,,,,,,,,,,,,,,,,,,DE_KN_residential3_washing_machine | DE_KN_residential3_dishwasher | DE_KN_residential3_refrigerator | DE_KN_residential3_freezer | DE_KN_residential3_circulation_pump
2015-05-04T20:00:00Z,2015-05-04T22:00:00+0200,,,,,,,,,,,,,,,,,,,,,,,,,,,,,,,,,,,,35.967,13.670,7.605,126.540,9.804,258.637,249.621,100.473,,,,53.760,191.235,,,,,,,,,,,,,,,,,,,,,DE_KN_residential3_washing_machine | DE_KN_residential3_dishwasher | DE_KN_residential3_refrigerator | DE_KN_residential3_freezer | DE_KN_residential3_circulation_pump
2015-05-04T21:00:00Z,2015-05-04T23:00:00+0200,,,,,,,,,,,,,,,,,,,,,,,,,,,,,,,,,,,,35.971,13.671,7.624,126.695,9.804,258.680,249.623,100.507,,,,53.776,191.235,,,,,,,,,,,,,,,,,,,,,DE_KN_residential3_washing_machine | DE_KN_residential3_dishwasher | DE_KN_residential3_refrigerator | DE_KN_residential3_freezer | DE_KN_residential3_circulation_pump
2015-05-04T22:00:00Z,2015-05-05T00:00:00+0200,,,,,,,,,,,,,,,,,,,,,,,,,,,,,,,,,,,,35.975,13.671,7.636,126.770,9.804,258.729,249.626,100.548,,,,53.802,191.235,,,,,,,,,,,,,,,,,,,,,DE_KN_residential3_washing_machine | DE_KN_residential3_dishwasher | DE_KN_residential3_refrigerator | DE_KN_residential3_freezer | DE_KN_residential3_circulation_pump
2015-05-04T23:00:00Z,2015-05-05T01:00:00+0200,,,,,,,,,,,,,,,,,,,,,,,,,,,,,,,,,,,,35.978,13.671,7.646,126.905,9.804,258.795,249.628,100.557,,,,53.802,191.235,,,,,,,,,,,,,,,,,,,,,DE_KN_residential3_washing_machine | DE_KN_residential3_dishwasher | DE_KN_residential3_refrigerator | DE_KN_residential3_freezer | DE_KN_residential3_circulation_pump
2015-05-05T00:00:00Z,2015-05-05T02:00:00+0200,,,,,,,,,,,,,,,,,,,,,,,,,,,,,,,,,,,,35.982,13.671,7.656,127.010,9.804,258.867,249.631,100.605,,,,53.828,191.235,,,,,,,,,,,,,,,,,,,,,DE_KN_residential3_washing_machine | DE_KN_residential3_dishwasher | DE_KN_residential3_refrigerator | DE_KN_residential3_freezer | DE_KN_residential3_circulation_pump
2015-05-05T01:00:00Z,2015-05-05T03:00:00+0200,,,,,,,,,,,,,,,,,,,,,,,,,,,,,,,,,,,,35.986,13.672,7.676,127.095,9.804,258.934,249.634,100.608,,,,53.834,191.235,,,,,,,,,,,,,,,,,,,,,DE_KN_residential3_washing_machine | DE_KN_residential3_dishwasher | DE_KN_residential3_refrigerator | DE_KN_residential3_freezer | DE_KN_residential3_circulation_pump
2015-05-05T02:00:00Z,2015-05-05T04:00:00+0200,,,,,,,,,,,,,,,,,,,,,,,,,,,,,,,,,,,,35.989,13.672,7.686,127.245,9.804,259.005,249.636,100.656,,,,53.853,191.235,,,,,,,,,,,,,,,,,,,,,DE_KN_residential3_washing_machine | DE_KN_residential3_dishwasher | DE_KN_residential3_refrigerator | DE_KN_residential3_freezer | DE_KN_residential3_circulation_pump
2015-05-05T03:00:00Z,2015-05-05T05:00:00+0200,,,,,,,,,,,,,,,,,,,,,,,,,,,,,,,,,,,,36.137,13.672,7.697,127.460,9.804,259.078,249.639,100.675,,,,53.874,191.235,,,,,,,,,,,,,,,,,,,,,DE_KN_residential3_washing_machine | DE_KN_residential3_dishwasher | DE_KN_residential3_refrigerator | DE_KN_residential3_freezer | DE_KN_residential3_circulation_pump
2015-05-05T04:00:00Z,2015-05-05T06:00:00+0200,,,,,,,,,,,,,,,,,,,,,,,,,,,,,,,,,,,,36.214,13.672,7.711,127.745,9.804,259.150,249.641,100.706,,,,53.883,191.235,,,,,,,,,,,,,,,,,,,,,DE_KN_residential3_washing_machine | DE_KN_residential3_dishwasher | DE_KN_residential3_refrigerator | DE_KN_residential3_freezer | DE_KN_residential3_circulation_pump
2015-05-05T05:00:00Z,2015-05-05T07:00:00+0200,,,,,,,,,,,,,,,,,,,,,,,,,,,,,,,,,,,,36.288,13.672,7.728,127.945,9.804,259.218,249.644,100.750,,,,53.913,191.347,,,,,,,,,,,,,,,,,,,,,DE_KN_residential3_washing_machine | DE_KN_residential3_dishwasher | DE_KN_residential3_refrigerator | DE_KN_residential3_freezer | DE_KN_residential3_circulation_pump
2015-05-05T06:00:00Z,2015-05-05T08:00:00+0200,,,,,,,,,,,,,,,,,,,,,,,,,,,,,,,,,,,,36.353,13.673,7.738,128.065,9.804,259.286,249.647,100.755,,,,53.930,192.582,,,,,,,,,,,,,,,,,,,,,DE_KN_residential3_washing_machine | DE_KN_residential3_dishwasher | DE_KN_residential3_refrigerator | DE_KN_residential3_freezer | DE_KN_residential3_circulation_pump
2015-05-05T07:00:00Z,2015-05-05T09:00:00+0200,,,,,,,,,,,,,,,,,,,,,,,,,,,,,,,,,,,,36.388,13.673,7.748,128.225,9.805,259.355,249.649,100.803,,,,53.938,193.038,,,,,,,,,,,,,,,,,,,,,DE_KN_residential3_washing_machine | DE_KN_residential3_dishwasher | DE_KN_residential3_refrigerator | DE_KN_residential3_freezer | DE_KN_residential3_circulation_pump
2015-05-05T08:00:00Z,2015-05-05T10:00:00+0200,,,,,,,,,,,,,,,,,,,,,,,,,,,,,,,,,,,,36.391,13.673,7.766,128.340,9.805,259.459,249.652,100.805,,,,53.960,193.100,,,,,,,,,,,,,,,,,,,,,DE_KN_residential3_washing_machine | DE_KN_residential3_dishwasher | DE_KN_residential3_refrigerator | DE_KN_residential3_freezer | DE_KN_residential3_circulation_pump
2015-05-05T09:00:00Z,2015-05-05T11:00:00+0200,,,,,,,,,,,,,,,,,,,,,,,,,,,,,,,,,,,,36.395,13.673,7.778,128.400,9.805,259.556,249.656,100.853,,,,53.991,193.100,,,,,,,,,,,,,,,,,,,,,
2015-05-05T10:00:00Z,2015-05-05T12:00:00+0200,,,,,,,,,,,,,,,,,,,,,,,,,,,,,,,,,,,,36.399,13.673,7.789,128.535,9.805,259.652,249.659,100.859,,,,53.992,193.100,,,,,,,,,,,,,,,,,,,,,
2015-05-05T11:00:00Z,2015-05-05T13:00:00+0200,,,,,,,,,,,,,,,,,,,,,,,,,,,,,,,,,,,,36.402,13.674,7.801,128.665,9.805,259.699,249.661,100.904,,,,54.017,193.100,,,,,,,,,,,,,,,,,,,,,
2015-05-05T12:00:00Z,2015-05-05T14:00:00+0200,,,,,,,,,,,,,,,,,,,,,,,,,,,,,,,,,,,,36.406,13.674,7.818,128.740,9.805,259.744,249.664,100.936,,,,54.044,193.100,,,,,,,,,,,,,,,,,,,,,
2015-05-05T13:00:00Z,2015-05-05T15:00:00+0200,,,,,,,,,,,,,,,,,,,,,,,,,,,,,,,,,,,,36.474,13.674,7.828,128.930,9.805,259.788,249.666,100.954,,,,54.044,193.100,,,,,,,,,,,,,,,,,,,,,DE_KN_residential3_washing_machine
2015-05-05T14:00:00Z,2015-05-05T16:00:00+0200,,,,,,,,,,,,,,,,,,,,,,,,,,,,,,,,,,,,36.484,13.674,7.838,129.040,9.805,259.836,249.669,101.002,,,,54.069,193.100,,,,,,,,,,,,,,,,,,,,,
2015-05-05T15:00:00Z,2015-05-05T17:00:00+0200,,,,,,,,,,,,,,,,,,,,,,,,,,,,,,,,,,,,36.493,13.674,7.858,129.295,9.805,259.882,249.671,101.005,,,,54.094,193.100,,,,,,,,,,,,,,,,,,,,,
2015-05-05T16:00:00Z,2015-05-05T18:00:00+0200,,,,,,,,,,,,,,,,,,,,,,,,,,,,,,,,,,,,36.502,13.675,7.868,129.655,9.805,259.952,249.674,101.053,,,,54.094,193.100,,,,,,,,,,,,,,,,,,,,,
2015-05-05T17:00:00Z,2015-05-05T19:00:00+0200,,,,,,,,,,,,,,,,,,,,,,,,,,,,,,,,,,,,36.563,13.675,7.878,129.910,9.805,260.014,249.676,101.061,,,,54.119,193.100,,,,,,,,,,,,,,,,,,,,,
2015-05-05T18:00:00Z,2015-05-05T20:00:00+0200,,,,,,,,,,,,,,,,,,,,,,,,,,,,,,,,,,,,36.569,13.675,7.895,130.460,9.805,260.077,249.679,101.103,,,,54.146,193.100,,,,,,,,,,,,,,,,,,,,,
2015-05-05T19:00:00Z,2015-05-05T21:00:00+0200,,,,,,,,,,,,,,,,,,,,,,,,,,,,,,,,,,,,36.573,13.675,7.908,130.795,9.805,260.142,250.459,101.136,,,,54.148,193.100,,,,,,,,,,,,,,,,,,,,,
2015-05-05T20:00:00Z,2015-05-05T22:00:00+0200,,,,,,,,,,,,,,,,,,,,,,,,,,,,,,,,,,,,36.577,13.675,7.918,130.945,9.805,260.206,250.964,101.153,,,,54.171,193.101,,,,,,,,,,,,,,,,,,,,,
2015-05-05T21:00:00Z,2015-05-05T23:00:00+0200,,,,,,,,,,,,,,,,,,,,,,,,,,,,,,,,,,,,36.581,13.676,7.931,131.085,9.805,260.244,250.967,101.206,,,,54.196,193.101,,,,,,,,,,,,,,,,,,,,,
2015-05-05T22:00:00Z,2015-05-06T00:00:00+0200,,,,,,,,,,,,,,,,,,,,,,,,,,,,,,,,,,,,36.585,13.676,7.947,131.210,9.805,260.253,250.969,101.212,,,,54.197,193.101,,,,,,,,,,,,,,,,,,,,,
2015-05-05T23:00:00Z,2015-05-06T01:00:00+0200,,,,,,,,,,,,,,,,,,,,,,,,,,,,,,,,,,,,36.588,13.676,7.958,131.285,9.805,260.263,250.972,101.256,,,,54.221,193.101,,,,,,,,,,,,,,,,,,,,,
2015-05-06T00:00:00Z,2015-05-06T02:00:00+0200,,,,,,,,,,,,,,,,,,,,,,,,,,,,,,,,,,,,36.592,13.676,7.968,131.445,9.805,260.284,250.974,101.292,,,,54.237,193.101,,,,,,,,,,,,,,,,,,,,,
2015-05-06T01:00:00Z,2015-05-06T03:00:00+0200,,,,,,,,,,,,,,,,,,,,,,,,,,,,,,,,,,,,36.596,13.677,7.988,131.560,9.805,260.348,250.977,101.306,,,,54.246,193.101,,,,,,,,,,,,,,,,,,,,,
2015-05-06T02:00:00Z,2015-05-06T04:00:00+0200,,,,,,,,,,,,,,,,,,,,,,,,,,,,,,,,,,,,36.599,13.677,7.997,131.635,9.805,260.420,250.979,101.354,,,,54.270,193.101,,,,,,,,,,,,,,,,,,,,,
2015-05-06T03:00:00Z,2015-05-06T05:00:00+0200,,,,,,,,,,,,,,,,,,,,,,,,,,,,,,,,,,,,36.746,13.677,8.007,131.930,9.806,260.486,250.982,101.356,,,,54.274,193.101,,,,,,,,,,,,,,,,,,,,,
2015-05-06T04:00:00Z,2015-05-06T06:00:00+0200,,,,,,,,,,,,,,,,,,,,,,,,,,,,,,,,,,,,36.815,13.677,8.027,132.130,9.806,260.552,250.985,101.403,,,,54.308,193.101,,,,,,,,,,,,,,,,,,,,,
2015-05-06T05:00:00Z,2015-05-06T07:00:00+0200,,,,,,,,,,,,,,,,,,,,,,,,,,,,,,,,,,,,36.885,13.677,8.037,132.285,9.806,260.615,250.987,101.424,,,,54.345,193.101,,,,,,,,,,,,,,,,,,,,,DE_KN_residential3_refrigerator
2015-05-06T06:00:00Z,2015-05-06T08:00:00+0200,,,,,,,,,,,,,,,,,,,,,,,,,,,,,,,,,,,,36.958,13.678,8.048,132.515,9.806,260.678,250.990,101.453,,,,54.364,193.101,,,,,,,,,,,,,,,,,,,,,DE_KN_residential3_refrigerator
2015-05-06T07:00:00Z,2015-05-06T09:00:00+0200,,,,,,,,,,,,,,,,,,,,,,,,,,,,,,,,,,,,36.994,13.678,8.061,132.625,9.806,260.740,250.992,101.499,,,,54.395,193.101,,,,,,,,,,,,,,,,,,,,,DE_KN_residential3_washing_machine
2015-05-06T08:00:00Z,2015-05-06T10:00:00+0200,,,,,,,,,,,,,,,,,,,,,,,,,,,,,,,,,,,,36.997,13.678,8.078,132.735,9.806,260.801,250.995,101.502,,,,54.397,193.101,,,,,,,,,,,,,,,,,,,,,
2015-05-06T09:00:00Z,2015-05-06T11:00:00+0200,,,,,,,,,,,,,,,,,,,,,,,,,,,,,,,,,,,,37.001,13.678,8.089,132.885,9.806,260.886,250.997,101.549,,,,54.421,193.101,,,,,,,,,,,,,,,,,,,,,
2015-05-06T10:00:00Z,2015-05-06T12:00:00+0200,,,,,,,,,,,,,,,,,,,,,,,,,,,,,,,,,,,,37.005,13.679,8.099,132.955,9.806,260.999,251.000,101.604,,,,54.447,193.101,,,,,,,,,,,,,,,,,,,,,DE_KN_residential3_refrigerator
2015-05-06T11:00:00Z,2015-05-06T13:00:00+0200,,,,,,,,,,,,,,,,,,,,,,,,,,,,,,,,,,,,37.009,13.679,8.116,133.065,9.806,261.106,251.003,101.634,,,,54.453,193.101,,,,,,,,,,,,,,,,,,,,,
2015-05-06T12:00:00Z,2015-05-06T14:00:00+0200,,,,,,,,,,,,,,,,,,,,,,,,,,,,,,,,,,,,37.012,13.679,8.129,133.225,9.806,261.210,251.005,101.663,,,,54.473,193.273,,,,,,,,,,,,,,,,,,,,,
2015-05-06T13:00:00Z,2015-05-06T15:00:00+0200,,,,,,,,,,,,,,,,,,,,,,,,,,,,,,,,,,,,37.086,13.679,8.139,133.365,9.806,261.316,251.008,101.718,,,,54.502,193.276,,,,,,,,,,,,,,,,,,,,,
2015-05-06T14:00:00Z,2015-05-06T16:00:00+0200,,,,,,,,,,,,,,,,,,,,,,,,,,,,,,,,,,,,37.167,13.679,8.150,133.545,9.806,261.421,251.011,101.780,,,,54.503,193.276,,,,,,,,,,,,,,,,,,,,,
2015-05-06T15:00:00Z,2015-05-06T17:00:00+0200,,,,,,,,,,,,,,,,,,,,,,,,,,,,,,,,,,,,37.226,13.680,8.170,134.155,9.806,261.503,251.013,101.813,,,,54.530,193.276,,,,,,,,,,,,,,,,,,,,,
2015-05-06T16:00:00Z,2015-05-06T18:00:00+0200,,,,,,,,,,,,,,,,,,,,,,,,,,,,,,,,,,,,37.272,13.680,8.180,134.505,9.806,261.567,251.016,101.842,,,,54.555,193.276,,,,,,,,,,,,,,,,,,,,,
2015-05-06T17:00:00Z,2015-05-06T19:00:00+0200,,,,,,,,,,,,,,,,,,,,,,,,,,,,,,,,,,,,37.321,13.687,8.191,134.720,9.806,261.630,251.019,101.900,,,,54.564,193.276,,,,,,,,,,,,,,,,,,,,,
2015-05-06T18:00:00Z,2015-05-06T20:00:00+0200,,,,,,,,,,,,,,,,,,,,,,,,,,,,,,,,,,,,37.396,14.911,8.205,136.270,9.806,261.693,251.021,101.951,,,,54.590,193.276,,,,,,,,,,,,,,,,,,,,,
2015-05-06T19:00:00Z,2015-05-06T21:00:00+0200,,,,,,,,,,,,,,,,,,,,,,,,,,,,,,,,,,,,37.399,15.081,8.221,136.695,9.806,261.757,251.024,101.966,,,,54.608,193.276,,,,,,,,,,,,,,,,,,,,,
2015-05-06T20:00:00Z,2015-05-06T22:00:00+0200,,,,,,,,,,,,,,,,,,,,,,,,,,,,,,,,,,,,37.403,15.082,8.231,136.945,9.806,261.821,251.467,102.014,,,,54.617,193.276,,,,,,,,,,,,,,,,,,,,,
2015-05-06T21:00:00Z,2015-05-06T23:00:00+0200,,,,,,,,,,,,,,,,,,,,,,,,,,,,,,,,,,,,37.407,15.083,8.242,137.025,9.806,261.862,252.318,102.069,,,,54.643,193.277,,,,,,,,,,,,,,,,,,,,,
2015-05-06T22:00:00Z,2015-05-07T00:00:00+0200,,,,,,,,,,,,,,,,,,,,,,,,,,,,,,,,,,,,37.410,15.083,8.261,137.155,9.806,261.871,252.321,102.088,,,,54.644,193.476,,,,,,,,,,,,,,,,,,,,,
2015-05-06T23:00:00Z,2015-05-07T01:00:00+0200,,,,,,,,,,,,,,,,,,,,,,,,,,,,,,,,,,,,37.414,15.083,8.271,137.300,9.806,261.881,252.323,102.125,,,,54.670,193.476,,,,,,,,,,,,,,,,,,,,,
2015-05-07T00:00:00Z,2015-05-07T02:00:00+0200,,,,,,,,,,,,,,,,,,,,,,,,,,,,,,,,,,,,37.418,15.083,8.281,137.370,9.807,261.912,252.325,102.177,,,,54.683,193.476,,,,,,,,,,,,,,,,,,,,,DE_KN_residential3_washing_machine
2015-05-07T01:00:00Z,2015-05-07T03:00:00+0200,,,,,,,,,,,,,,,,,,,,,,,,,,,,,,,,,,,,37.421,15.083,8.298,137.505,9.807,261.974,252.327,102.198,,,,54.696,193.476,,,,,,,,,,,,,,,,,,,,,DE_KN_residential3_washing_machine
2015-05-07T02:00:00Z,2015-05-07T04:00:00+0200,,,,,,,,,,,,,,,,,,,,,,,,,,,,,,,,,,,,37.425,15.084,8.312,137.640,9.807,262.045,252.329,102.231,,,,54.721,193.476,,,,,,,,,,,,,,,,,,,,,
2015-05-07T03:00:00Z,2015-05-07T05:00:00+0200,,,,,,,,,,,,,,,,,,,,,,,,,,,,,,,,,,,,37.564,15.084,8.322,137.845,9.807,262.111,252.332,102.281,,,,54.722,193.476,,,,,,,,,,,,,,,,,,,,,
2015-05-07T04:00:00Z,2015-05-07T06:00:00+0200,,,,,,,,,,,,,,,,,,,,,,,,,,,,,,,,,,,,37.653,15.084,8.333,138.095,9.807,262.180,252.334,102.286,,,,54.751,193.476,,,,,,,,,,,,,,,,,,,,,
2015-05-07T05:00:00Z,2015-05-07T07:00:00+0200,,,,,,,,,,,,,,,,,,,,,,,,,,,,,,,,,,,,37.726,15.084,8.353,138.295,9.807,262.244,252.337,102.333,,,,54.772,193.476,,,,,,,,,,,,,,,,,,,,,
2015-05-07T06:00:00Z,2015-05-07T08:00:00+0200,,,,,,,,,,,,,,,,,,,,,,,,,,,,,,,,,,,,37.797,15.085,8.363,138.440,9.807,262.332,252.339,102.375,,,,54.778,193.477,,,,,,,,,,,,,,,,,,,,,
2015-05-07T07:00:00Z,2015-05-07T09:00:00+0200,,,,,,,,,,,,,,,,,,,,,,,,,,,,,,,,,,,,37.839,15.085,8.373,138.615,9.807,262.431,252.342,102.384,,,,54.802,193.477,,,,,,,,,,,,,,,,,,,,,
2015-05-07T08:00:00Z,2015-05-07T10:00:00+0200,,,,,,,,,,,,,,,,,,,,,,,,,,,,,,,,,,,,37.842,15.085,8.390,138.735,9.807,262.533,252.345,102.432,,,,54.811,193.477,,,,,,,,,,,,,,,,,,,,,
2015-05-07T09:00:00Z,2015-05-07T11:00:00+0200,,,,,,,,,,,,,,,,,,,,,,,,,,,,,,,,,,,,37.846,15.085,8.403,138.810,9.807,262.635,252.347,102.434,,,,54.827,194.302,,,,,,,,,,,,,,,,,,,,,
2015-05-07T10:00:00Z,2015-05-07T12:00:00+0200,,,,,,,,,,,,,,,,,,,,,,,,,,,,,,,,,,,,37.850,15.085,8.414,138.965,9.807,262.740,252.350,102.482,,,,54.853,194.400,,,,,,,,,,,,,,,,,,,,,
2015-05-07T11:00:00Z,2015-05-07T13:00:00+0200,,,,,,,,,,,,,,,,,,,,,,,,,,,,,,,,,,,,37.853,15.086,8.425,139.075,9.807,262.842,252.353,102.517,,,,54.860,194.483,,,,,,,,,,,,,,,,,,,,,
2015-05-07T12:00:00Z,2015-05-07T14:00:00+0200,,,,,,,,,,,,,,,,,,,,,,,,,,,,,,,,,,,,37.857,15.086,8.444,139.150,9.807,262.944,252.779,102.531,,,,54.881,194.535,,,,,,,,,,,,,,,,,,,,,
2015-05-07T13:00:00Z,2015-05-07T15:00:00+0200,,,,,,,,,,,,,,,,,,,,,,,,,,,,,,,,,,,,37.923,15.086,8.454,139.375,9.807,263.054,253.640,102.578,,,,54.907,194.535,,,,,,,,,,,,,,,,,,,,,
2015-05-07T14:00:00Z,2015-05-07T16:00:00+0200,,,,,,,,,,,,,,,,,,,,,,,,,,,,,,,,,,,,37.999,15.086,8.465,139.550,9.807,263.157,253.644,102.585,,,,54.912,194.535,,,,,,,,,,,,,,,,,,,,,
2015-05-07T15:00:00Z,2015-05-07T17:00:00+0200,,,,,,,,,,,,,,,,,,,,,,,,,,,,,,,,,,,,38.045,15.086,8.478,139.905,9.807,263.254,253.646,102.628,,,,54.933,195.088,,,,,,,,,,,,,,,,,,,,,
2015-05-07T16:00:00Z,2015-05-07T18:00:00+0200,,,,,,,,,,,,,,,,,,,,,,,,,,,,,,,,,,,,38.090,15.087,8.496,140.195,9.807,263.324,253.648,102.663,,,,54.960,195.808,,,,,,,,,,,,,,,,,,,,,
2015-05-07T17:00:00Z,2015-05-07T19:00:00+0200,,,,,,,,,,,,,,,,,,,,,,,,,,,,,,,,,,,,38.187,15.087,8.506,140.470,9.807,263.388,253.651,102.677,,,,54.964,195.822,,,,,,,,,,,,,,,,,,,,,
2015-05-07T18:00:00Z,2015-05-07T20:00:00+0200,,,,,,,,,,,,,,,,,,,,,,,,,,,,,,,,,,,,38.193,15.087,8.516,140.735,9.807,263.451,253.654,102.724,,,,54.990,195.834,,,,,,,,,,,,,,,,,,,,,
2015-05-07T19:00:00Z,2015-05-07T21:00:00+0200,,,,,,,,,,,,,,,,,,,,,,,,,,,,,,,,,,,,38.196,15.087,8.533,140.970,9.808,263.513,253.656,102.726,,,,55.002,195.835,,,,,,,,,,,,,,,,,,,,,
2015-05-07T20:00:00Z,2015-05-07T22:00:00+0200,,,,,,,,,,,,,,,,,,,,,,,,,,,,,,,,,,,,38.200,15.088,8.547,141.225,9.808,263.579,254.370,102.773,,,,55.022,196.762,,,,,,,,,,,,,,,,,,,,,
2015-05-07T21:00:00Z,2015-05-07T23:00:00+0200,,,,,,,,,,,,,,,,,,,,,,,,,,,,,,,,,,,,38.204,15.088,8.557,141.320,9.808,263.619,254.922,102.801,,,,55.051,197.033,,,,,,,,,,,,,,,,,,,,,
2015-05-07T22:00:00Z,2015-05-08T00:00:00+0200,,,,,,,,,,,,,,,,,,,,,,,,,,,,,,,,,,,,38.207,15.088,8.570,141.455,9.808,263.628,254.927,102.823,,,,55.062,197.048,,,,,,,,,,,,,,,,,,,,,
2015-05-07T23:00:00Z,2015-05-08T01:00:00+0200,,,,,,,,,,,,,,,,,,,,,,,,,,,,,,,,,,,,38.211,15.088,8.587,141.585,9.808,263.665,254.931,102.869,,,,55.078,197.056,,,,,,,,,,,,,,,,,,,,,
2015-05-08T00:00:00Z,2015-05-08T02:00:00+0200,,,,,,,,,,,,,,,,,,,,,,,,,,,,,,,,,,,,38.215,15.088,8.597,141.655,9.808,263.734,254.933,102.872,,,,55.104,197.056,,,,,,,,,,,,,,,,,,,,,
2015-05-08T01:00:00Z,2015-05-08T03:00:00+0200,,,,,,,,,,,,,,,,,,,,,,,,,,,,,,,,,,,,38.218,15.089,8.607,141.815,9.808,263.798,254.935,102.919,,,,55.111,197.056,,,,,,,,,,,,,,,,,,,,,
2015-05-08T02:00:00Z,2015-05-08T04:00:00+0200,,,,,,,,,,,,,,,,,,,,,,,,,,,,,,,,,,,,38.222,15.089,8.627,141.920,9.808,263.868,254.938,102.933,,,,55.130,197.056,,,,,,,,,,,,,,,,,,,,,
2015-05-08T03:00:00Z,2015-05-08T05:00:00+0200,,,,,,,,,,,,,,,,,,,,,,,,,,,,,,,,,,,,38.349,15.089,8.636,142.150,9.808,263.935,254.940,102.968,,,,55.156,197.056,,,,,,,,,,,,,,,,,,,,,
2015-05-08T04:00:00Z,2015-05-08T06:00:00+0200,,,,,,,,,,,,,,,,,,,,,,,,,,,,,,,,,,,,38.433,15.089,8.647,142.395,9.808,264.004,254.942,103.002,,,,55.157,197.071,,,,,,,,,,,,,,,,,,,,,DE_KN_residential3_freezer
2015-05-08T05:00:00Z,2015-05-08T07:00:00+0200,,,,,,,,,,,,,,,,,,,,,,,,,,,,,,,,,,,,38.514,15.089,8.657,143.245,10.222,264.067,254.945,103.017,,,,55.192,197.072,,,,,,,,,,,,,,,,,,,,,DE_KN_residential3_freezer
2015-05-08T06:00:00Z,2015-05-08T08:00:00+0200,,,,,,,,,,,,,,,,,,,,,,,,,,,,,,,,,,,,38.579,15.090,8.667,143.540,10.527,264.129,254.947,103.064,,,,55.208,197.072,,,,,,,,,,,,,,,,,,,,,DE_KN_residential3_freezer
2015-05-08T07:00:00Z,2015-05-08T09:00:00+0200,,,,,,,,,,,,,,,,,,,,,,,,,,,,,,,,,,,,38.615,15.090,8.669,143.765,10.564,264.222,254.950,103.066,,,,55.219,197.586,,,,,,,,,,,,,,,,,,,,,
2015-05-08T08:00:00Z,2015-05-08T10:00:00+0200,,,,,,,,,,,,,,,,,,,,,,,,,,,,,,,,,,,,38.619,15.090,8.699,143.840,10.640,264.323,254.953,103.112,,,,55.245,197.758,,,,,,,,,,,,,,,,,,,,,
2015-05-08T09:00:00Z,2015-05-08T11:00:00+0200,,,,,,,,,,,,,,,,,,,,,,,,,,,,,,,,,,,,38.623,15.090,8.717,143.965,10.641,264.424,254.955,103.145,,,,55.251,197.760,,,,,,,,,,,,,,,,,,,,,
2015-05-08T10:00:00Z,2015-05-08T12:00:00+0200,,,,,,,,,,,,,,,,,,,,,,,,,,,,,,,,,,,,38.643,15.091,8.727,144.135,10.643,264.526,254.958,103.161,,,,55.270,197.760,,,,,,,,,,,,,,,,,,,,,
2015-05-08T11:00:00Z,2015-05-08T13:00:00+0200,,,,,,,,,,,,,,,,,,,,,,,,,,,,,,,,,,,,38.736,15.091,8.737,144.305,10.644,264.598,254.960,103.208,,,,55.299,197.760,,,,,,,,,,,,,,,,,,,,,
2015-05-08T12:00:00Z,2015-05-08T14:00:00+0200,,,,,,,,,,,,,,,,,,,,,,,,,,,,,,,,,,,,38.784,15.091,8.756,144.465,10.645,264.646,254.963,103.210,,,,55.299,197.760,,,,,,,,,,,,,,,,,,,,,
2015-05-08T13:00:00Z,2015-05-08T15:00:00+0200,,,,,,,,,,,,,,,,,,,,,,,,,,,,,,,,,,,,38.805,15.091,8.767,145.145,10.645,264.699,254.965,103.257,,,,55.325,197.760,,,,,,,,,,,,,,,,,,,,,
2015-05-08T14:00:00Z,2015-05-08T16:00:00+0200,,,,,,,,,,,,,,,,,,,,,,,,,,,,,,,,,,,,38.813,15.091,8.778,145.960,10.646,264.746,254.968,103.281,,,,55.341,197.761,,,,,,,,,,,,,,,,,,,,,
2015-05-08T15:00:00Z,2015-05-08T17:00:00+0200,,,,,,,,,,,,,,,,,,,,,,,,,,,,,,,,,,,,38.823,15.515,8.791,146.725,10.646,264.771,254.971,103.306,,,,55.352,197.761,,,,,,,,,,,,,,,,,,,,,
2015-05-08T16:00:00Z,2015-05-08T18:00:00+0200,,,,,,,,,,,,,,,,,,,,,,,,,,,,,,,,,,,,38.832,16.254,8.808,147.695,10.646,264.813,255.577,103.353,,,,55.384,197.761,,,,,,,,,,,,,,,,,,,,,
2015-05-08T17:00:00Z,2015-05-08T19:00:00+0200,,,,,,,,,,,,,,,,,,,,,,,,,,,,,,,,,,,,38.903,16.930,8.817,148.615,10.646,264.877,256.061,103.355,,,,55.403,197.761,,,,,,,,,,,,,,,,,,,,,
2015-05-08T18:00:00Z,2015-05-08T20:00:00+0200,,,,,,,,,,,,,,,,,,,,,,,,,,,,,,,,,,,,38.913,16.933,8.828,148.855,10.646,264.939,256.064,103.402,,,,55.410,197.761,,,,,,,,,,,,,,,,,,,,,
2015-05-08T19:00:00Z,2015-05-08T21:00:00+0200,,,,,,,,,,,,,,,,,,,,,,,,,,,,,,,,,,,,38.916,16.934,8.848,149.135,10.646,265.002,256.066,103.418,,,,55.437,197.761,,,,,,,,,,,,,,,,,,,,,
2015-05-08T20:00:00Z,2015-05-08T22:00:00+0200,,,,,,,,,,,,,,,,,,,,,,,,,,,,,,,,,,,,38.920,16.934,8.858,149.335,10.646,265.064,256.069,103.451,,,,55.467,197.761,,,,,,,,,,,,,,,,,,,,,
2015-05-08T21:00:00Z,2015-05-08T23:00:00+0200,,,,,,,,,,,,,,,,,,,,,,,,,,,,,,,,,,,,38.924,16.934,8.868,149.540,10.646,265.104,256.072,103.497,,,,55.484,197.761,,,,,,,,,,,,,,,,,,,,,
2015-05-08T22:00:00Z,2015-05-09T00:00:00+0200,,,,,,,,,,,,,,,,,,,,,,,,,,,,,,,,,,,,38.927,16.934,8.886,149.650,10.646,265.113,256.074,103.501,,,,55.493,197.761,,,,,,,,,,,,,,,,,,,,,
2015-05-08T23:00:00Z,2015-05-09T01:00:00+0200,,,,,,,,,,,,,,,,,,,,,,,,,,,,,,,,,,,,38.931,16.935,8.898,149.725,10.646,265.123,256.077,103.548,,,,55.516,197.761,,,,,,,,,,,,,,,,,,,,,
2015-05-09T00:00:00Z,2015-05-09T02:00:00+0200,,,,,,,,,,,,,,,,,,,,,,,,,,,,,,,,,,,,38.935,16.935,8.908,149.875,10.646,265.137,256.079,103.554,,,,55.535,197.761,,,,,,,,,,,,,,,,,,,,,
2015-05-09T01:00:00Z,2015-05-09T03:00:00+0200,,,,,,,,,,,,,,,,,,,,,,,,,,,,,,,,,,,,38.938,16.935,8.923,149.985,10.646,265.170,256.081,103.597,,,,55.540,197.761,,,,,,,,,,,,,,,,,,,,,
2015-05-09T02:00:00Z,2015-05-09T04:00:00+0200,,,,,,,,,,,,,,,,,,,,,,,,,,,,,,,,,,,,38.942,16.935,8.938,150.055,10.646,265.240,256.084,103.635,,,,55.564,197.761,,,,,,,,,,,,,,,,,,,,,
2015-05-09T03:00:00Z,2015-05-09T05:00:00+0200,,,,,,,,,,,,,,,,,,,,,,,,,,,,,,,,,,,,38.946,16.936,8.949,150.205,10.646,265.307,256.087,103.646,,,,55.572,197.761,,,,,,,,,,,,,,,,,,,,,
2015-05-09T04:00:00Z,2015-05-09T06:00:00+0200,,,,,,,,,,,,,,,,,,,,,,,,,,,,,,,,,,,,39.053,16.936,8.959,150.395,10.646,265.374,256.090,103.693,,,,55.589,197.761,,,,,,,,,,,,,,,,,,,,,
2015-05-09T05:00:00Z,2015-05-09T07:00:00+0200,,,,,,,,,,,,,,,,,,,,,,,,,,,,,,,,,,,,39.108,16.936,8.979,150.740,10.646,265.438,256.092,103.695,,,,55.619,197.761,,,,,,,,,,,,,,,,,,,,,DE_KN_residential3_washing_machine
2015-05-09T06:00:00Z,2015-05-09T08:00:00+0200,,,,,,,,,,,,,,,,,,,,,,,,,,,,,,,,,,,,39.167,16.936,8.989,150.955,10.646,265.500,256.095,103.742,,,,55.623,197.761,,,,,,,,,,,,,,,,,,,,,
2015-05-09T07:00:00Z,2015-05-09T09:00:00+0200,,,,,,,,,,,,,,,,,,,,,,,,,,,,,,,,,,,,39.242,16.936,8.997,151.835,11.051,265.571,256.097,103.771,,,,55.644,197.761,,,,,,,,,,,,,,,,,,,,,
2015-05-09T08:00:00Z,2015-05-09T10:00:00+0200,,,,,,,,,,,,,,,,,,,,,,,,,,,,,,,,,,,,39.316,16.936,9.009,152.170,11.371,265.663,256.100,103.791,,,,55.673,197.761,,,,,,,,,,,,,,,,,,,,,
2015-05-09T09:00:00Z,2015-05-09T11:00:00+0200,,,,,,,,,,,,,,,,,,,,,,,,,,,,,,,,,,,,39.382,16.937,9.009,153.015,11.410,265.764,256.852,103.822,,,,55.674,198.124,,,,,,,,,,,,,,,,,,,,,DE_KN_residential3_refrigerator | DE_KN_residential3_freezer
2015-05-09T10:00:00Z,2015-05-09T12:00:00+0200,,,,,,,,,,,,,,,,,,,,,,,,,,,,,,,,,,,,39.479,16.937,9.040,153.205,11.484,265.868,257.431,103.840,,,,55.697,198.206,,,,,,,,,,,,,,,,,,,,,
2015-05-09T11:00:00Z,2015-05-09T13:00:00+0200,,,,,,,,,,,,,,,,,,,,,,,,,,,,,,,,,,,,39.554,16.937,9.053,153.460,11.484,265.966,257.434,103.886,,,,55.721,198.269,,,,,,,,,,,,,,,,,,,,,
2015-05-09T12:00:00Z,2015-05-09T14:00:00+0200,,,,,,,,,,,,,,,,,,,,,,,,,,,,,,,,,,,,39.586,16.937,9.070,153.605,11.484,266.059,257.437,103.907,,,,55.731,198.269,,,,,,,,,,,,,,,,,,,,,
2015-05-09T13:00:00Z,2015-05-09T15:00:00+0200,,,,,,,,,,,,,,,,,,,,,,,,,,,,,,,,,,,,39.596,16.938,9.080,153.725,11.484,266.159,257.439,103.936,,,,55.745,198.269,,,,,,,,,,,,,,,,,,,,,
2015-05-09T14:00:00Z,2015-05-09T16:00:00+0200,,,,,,,,,,,,,,,,,,,,,,,,,,,,,,,,,,,,39.604,16.938,9.090,153.885,11.485,266.258,257.442,103.983,,,,55.769,198.270,,,,,,,,,,,,,,,,,,,,,
2015-05-09T15:00:00Z,2015-05-09T17:00:00+0200,,,,,,,,,,,,,,,,,,,,,,,,,,,,,,,,,,,,39.614,16.938,9.110,154.010,11.485,266.356,257.444,103.985,,,,55.787,198.270,,,,,,,,,,,,,,,,,,,,,
2015-05-09T16:00:00Z,2015-05-09T18:00:00+0200,,,,,,,,,,,,,,,,,,,,,,,,,,,,,,,,,,,,39.675,16.938,9.121,154.245,11.485,266.423,257.447,104.032,,,,55.793,198.270,,,,,,,,,,,,,,,,,,,,,
2015-05-09T17:00:00Z,2015-05-09T19:00:00+0200,,,,,,,,,,,,,,,,,,,,,,,,,,,,,,,,,,,,39.684,17.367,9.131,154.855,11.485,266.486,257.450,104.047,,,,55.816,198.270,,,,,,,,,,,,,,,,,,,,,
2015-05-09T18:00:00Z,2015-05-09T20:00:00+0200,,,,,,,,,,,,,,,,,,,,,,,,,,,,,,,,,,,,39.693,17.704,9.146,155.450,11.485,266.550,257.452,104.081,,,,55.829,198.270,,,,,,,,,,,,,,,,,,,,,
2015-05-09T19:00:00Z,2015-05-09T21:00:00+0200,,,,,,,,,,,,,,,,,,,,,,,,,,,,,,,,,,,,39.737,17.997,9.161,156.075,11.485,266.612,257.455,104.127,,,,55.844,198.270,,,,,,,,,,,,,,,,,,,,,
2015-05-09T20:00:00Z,2015-05-09T22:00:00+0200,,,,,,,,,,,,,,,,,,,,,,,,,,,,,,,,,,,,39.741,18.004,9.171,156.265,11.485,266.676,257.457,104.130,,,,55.865,198.270,,,,,,,,,,,,,,,,,,,,,
2015-05-09T21:00:00Z,2015-05-09T23:00:00+0200,,,,,,,,,,,,,,,,,,,,,,,,,,,,,,,,,,,,39.745,18.005,9.183,156.445,11.485,266.715,258.015,104.183,,,,55.870,198.270,,,,,,,,,,,,,,,,,,,,,DE_KN_residential3_washing_machine
2015-05-09T22:00:00Z,2015-05-10T00:00:00+0200,,,,,,,,,,,,,,,,,,,,,,,,,,,,,,,,,,,,39.749,18.005,9.201,156.560,11.485,266.726,258.572,104.186,,,,55.894,198.270,,,,,,,,,,,,,,,,,,,,,
2015-05-09T23:00:00Z,2015-05-10T01:00:00+0200,,,,,,,,,,,,,,,,,,,,,,,,,,,,,,,,,,,,39.753,18.005,9.211,156.655,11.485,266.735,258.576,104.232,,,,55.905,198.270,,,,,,,,,,,,,,,,,,,,,
2015-05-10T00:00:00Z,2015-05-10T02:00:00+0200,,,,,,,,,,,,,,,,,,,,,,,,,,,,,,,,,,,,39.756,18.005,9.222,156.805,11.485,266.776,258.581,104.271,,,,55.919,198.270,,,,,,,,,,,,,,,,,,,,,
2015-05-10T01:00:00Z,2015-05-10T03:00:00+0200,,,,,,,,,,,,,,,,,,,,,,,,,,,,,,,,,,,,39.760,18.006,9.241,156.880,11.485,266.839,258.586,104.281,,,,55.943,198.270,,,,,,,,,,,,,,,,,,,,,
2015-05-10T02:00:00Z,2015-05-10T04:00:00+0200,,,,,,,,,,,,,,,,,,,,,,,,,,,,,,,,,,,,39.764,18.006,9.252,156.985,11.485,266.910,258.591,104.328,,,,55.944,198.270,,,,,,,,,,,,,,,,,,,,,
2015-05-10T03:00:00Z,2015-05-10T05:00:00+0200,,,,,,,,,,,,,,,,,,,,,,,,,,,,,,,,,,,,39.767,18.006,9.262,157.140,11.485,266.975,258.596,104.330,,,,55.968,198.270,,,,,,,,,,,,,,,,,,,,,
2015-05-10T04:00:00Z,2015-05-10T06:00:00+0200,,,,,,,,,,,,,,,,,,,,,,,,,,,,,,,,,,,,39.857,18.006,9.279,157.290,11.485,267.043,258.601,104.377,,,,55.973,198.270,,,,,,,,,,,,,,,,,,,,,
2015-05-10T05:00:00Z,2015-05-10T07:00:00+0200,,,,,,,,,,,,,,,,,,,,,,,,,,,,,,,,,,,,39.921,18.006,9.293,157.715,11.485,267.106,258.605,104.410,,,,55.992,198.270,,,,,,,,,,,,,,,,,,,,,
2015-05-10T06:00:00Z,2015-05-10T08:00:00+0200,,,,,,,,,,,,,,,,,,,,,,,,,,,,,,,,,,,,39.993,18.007,9.303,158.190,11.485,267.169,258.607,104.425,,,,56.017,198.270,,,,,,,,,,,,,,,,,,,,,
2015-05-10T07:00:00Z,2015-05-10T09:00:00+0200,,,,,,,,,,,,,,,,,,,,,,,,,,,,,,,,,,,,40.058,18.007,9.314,159.460,11.485,267.213,258.903,104.471,,,,56.017,198.270,,,,,,,,,,,,,,,,,,,,,DE_KN_residential3_washing_machine
2015-05-10T08:00:00Z,2015-05-10T10:00:00+0200,,,,,,,,,,,,,,,,,,,,,,,,,,,,,,,,,,,,40.136,18.007,9.333,160.275,11.485,267.278,259.700,104.473,,,,56.043,198.270,,,,,,,,,,,,,,,,,,,,,DE_KN_residential3_washing_machine
2015-05-10T09:00:00Z,2015-05-10T11:00:00+0200,,,,,,,,,,,,,,,,,,,,,,,,,,,,,,,,,,,,40.204,18.007,9.343,160.570,11.486,267.388,259.702,104.520,,,,56.061,198.271,,,,,,,,,,,,,,,,,,,,,
2015-05-10T10:00:00Z,2015-05-10T12:00:00+0200,,,,,,,,,,,,,,,,,,,,,,,,,,,,,,,,,,,,40.300,18.007,9.353,160.795,11.486,267.500,259.704,104.548,,,,56.069,198.983,,,,,,,,,,,,,,,,,,,,,
2015-05-10T11:00:00Z,2015-05-10T13:00:00+0200,,,,,,,,,,,,,,,,,,,,,,,,,,,,,,,,,,,,40.345,18.008,9.372,161.325,11.486,267.606,259.723,104.568,,,,56.106,199.321,,,,,,,,,,,,,,,,,,,,,
2015-05-10T12:00:00Z,2015-05-10T14:00:00+0200,,,,,,,,,,,,,,,,,,,,,,,,,,,,,,,,,,,,40.391,18.008,9.382,161.775,11.486,267.659,260.745,104.615,,,,56.110,199.604,,,,,,,,,,,,,,,,,,,,,
2015-05-10T13:00:00Z,2015-05-10T15:00:00+0200,,,,,,,,,,,,,,,,,,,,,,,,,,,,,,,,,,,,40.408,18.008,9.392,162.060,11.486,267.712,260.789,104.617,,,,56.133,199.843,,,,,,,,,,,,,,,,,,,,,
2015-05-10T14:00:00Z,2015-05-10T16:00:00+0200,,,,,,,,,,,,,,,,,,,,,,,,,,,,,,,,,,,,40.417,18.008,9.411,162.165,11.486,267.762,260.792,104.663,,,,56.160,199.861,,,,,,,,,,,,,,,,,,,,,
2015-05-10T15:00:00Z,2015-05-10T17:00:00+0200,,,,,,,,,,,,,,,,,,,,,,,,,,,,,,,,,,,,40.426,18.008,9.422,162.345,11.486,267.806,260.794,104.691,,,,56.162,200.086,,,,,,,,,,,,,,,,,,,,,
2015-05-10T16:00:00Z,2015-05-10T18:00:00+0200,,,,,,,,,,,,,,,,,,,,,,,,,,,,,,,,,,,,40.494,18.009,9.431,162.610,11.486,267.883,260.797,104.712,,,,56.188,200.103,,,,,,,,,,,,,,,,,,,,,
2015-05-10T17:00:00Z,2015-05-10T19:00:00+0200,,,,,,,,,,,,,,,,,,,,,,,,,,,,,,,,,,,,40.503,18.482,9.451,163.180,11.486,267.944,260.799,104.758,,,,56.212,200.103,,,,,,,,,,,,,,,,,,,,,
2015-05-10T18:00:00Z,2015-05-10T20:00:00+0200,,,,,,,,,,,,,,,,,,,,,,,,,,,,,,,,,,,,40.509,18.780,9.462,163.760,11.486,268.005,260.802,104.760,,,,56.220,200.103,,,,,,,,,,,,,,,,,,,,,
2015-05-10T19:00:00Z,2015-05-10T21:00:00+0200,,,,,,,,,,,,,,,,,,,,,,,,,,,,,,,,,,,,40.512,19.123,9.471,164.375,11.486,268.068,261.420,104.806,,,,56.247,200.103,,,,,,,,,,,,,,,,,,,,,
2015-05-10T20:00:00Z,2015-05-10T22:00:00+0200,,,,,,,,,,,,,,,,,,,,,,,,,,,,,,,,,,,,40.516,19.131,9.490,164.485,11.486,268.130,261.801,104.832,,,,56.289,200.275,,,,,,,,,,,,,,,,,,,,,
2015-05-10T21:00:00Z,2015-05-10T23:00:00+0200,,,,,,,,,,,,,,,,,,,,,,,,,,,,,,,,,,,,40.519,19.132,9.501,164.690,11.486,268.170,261.804,104.855,,,,56.309,200.304,,,,,,,,,,,,,,,,,,,,,
2015-05-10T22:00:00Z,2015-05-11T00:00:00+0200,,,,,,,,,,,,,,,,,,,,,,,,,,,,,,,,,,,,40.523,19.134,9.511,164.805,11.486,268.179,261.806,104.901,,,,56.329,200.304,,,,,,,,,,,,,,,,,,,,,DE_KN_residential3_washing_machine
2015-05-10T23:00:00Z,2015-05-11T01:00:00+0200,,,,,,,,,,,,,,,,,,,,,,,,,,,,,,,,,,,,40.527,19.135,9.530,164.880,11.486,268.189,261.808,104.903,,,,56.355,200.304,,,,,,,,,,,,,,,,,,,,,
2015-05-11T00:00:00Z,2015-05-11T02:00:00+0200,,,,,,,,,,,,,,,,,,,,,,,,,,,,,,,,,,,,40.531,19.136,9.541,165.030,11.486,268.223,261.810,104.950,,,,56.374,200.304,,,,,,,,,,,,,,,,,,,,,
2015-05-11T01:00:00Z,2015-05-11T03:00:00+0200,,,,,,,,,,,,,,,,,,,,,,,,,,,,,,,,,,,,40.534,19.138,9.550,165.140,11.486,268.286,261.813,104.973,,,,56.381,200.304,,,,,,,,,,,,,,,,,,,,,
2015-05-11T02:00:00Z,2015-05-11T04:00:00+0200,,,,,,,,,,,,,,,,,,,,,,,,,,,,,,,,,,,,40.538,19.139,9.570,165.225,11.486,268.358,261.815,104.998,,,,56.407,200.304,,,,,,,,,,,,,,,,,,,,,
2015-05-11T03:00:00Z,2015-05-11T05:00:00+0200,,,,,,,,,,,,,,,,,,,,,,,,,,,,,,,,,,,,40.666,19.140,9.580,165.495,11.486,268.424,261.817,105.045,,,,56.414,200.304,,,,,,,,,,,,,,,,,,,,,
2015-05-11T04:00:00Z,2015-05-11T06:00:00+0200,,,,,,,,,,,,,,,,,,,,,,,,,,,,,,,,,,,,40.748,19.141,9.591,165.665,11.486,268.492,261.819,105.047,,,,56.433,200.524,,,,,,,,,,,,,,,,,,,,,
2015-05-11T05:00:00Z,2015-05-11T07:00:00+0200,,,,,,,,,,,,,,,,,,,,,,,,,,,,,,,,,,,,40.819,19.141,9.607,165.835,11.486,268.554,261.822,105.093,,,,56.459,200.740,,,,,,,,,,,,,,,,,,,,,DE_KN_residential3_freezer
2015-05-11T06:00:00Z,2015-05-11T08:00:00+0200,,,,,,,,,,,,,,,,,,,,,,,,,,,,,,,,,,,,40.882,19.141,9.621,166.045,11.486,268.626,261.825,105.095,,,,56.460,200.751,,,,,,,,,,,,,,,,,,,,,DE_KN_residential3_freezer
2015-05-11T07:00:00Z,2015-05-11T09:00:00+0200,,,,,,,,,,,,,,,,,,,,,,,,,,,,,,,,,,,,40.918,19.142,9.631,166.200,11.487,268.669,261.827,105.142,,,,56.486,200.751,,,,,,,,,,,,,,,,,,,,,DE_KN_residential3_freezer
2015-05-11T08:00:00Z,2015-05-11T10:00:00+0200,,,,,,,,,,,,,,,,,,,,,,,,,,,,,,,,,,,,40.922,19.142,9.645,166.265,11.487,268.716,261.830,105.188,,,,56.498,200.755,,,,,,,,,,,,,,,,,,,,,DE_KN_residential3_freezer
2015-05-11T09:00:00Z,2015-05-11T11:00:00+0200,,,,,,,,,,,,,,,,,,,,,,,,,,,,,,,,,,,,40.926,19.142,9.661,166.395,11.487,268.763,261.832,105.200,,,,56.515,201.081,,,,,,,,,,,,,,,,,,,,,DE_KN_residential3_freezer
2015-05-11T10:00:00Z,2015-05-11T12:00:00+0200,,,,,,,,,,,,,,,,,,,,,,,,,,,,,,,,,,,,40.929,19.142,9.671,166.540,11.487,268.825,261.835,105.236,,,,56.541,201.295,,,,,,,,,,,,,,,,,,,,,DE_KN_residential3_freezer
2015-05-11T11:00:00Z,2015-05-11T13:00:00+0200,,,,,,,,,,,,,,,,,,,,,,,,,,,,,,,,,,,,40.933,19.142,9.681,166.640,11.487,268.870,261.837,105.253,,,,56.541,201.397,,,,,,,,,,,,,,,,,,,,,DE_KN_residential3_freezer
2015-05-11T12:00:00Z,2015-05-11T14:00:00+0200,,,,,,,,,,,,,,,,,,,,,,,,,,,,,,,,,,,,40.937,19.143,9.701,166.710,11.487,268.915,262.323,105.284,,,,56.567,201.705,,,,,,,,,,,,,,,,,,,,,
2015-05-11T13:00:00Z,2015-05-11T15:00:00+0200,,,,,,,,,,,,,,,,,,,,,,,,,,,,,,,,,,,,41.007,19.143,9.711,166.925,11.487,268.965,263.027,105.330,,,,56.583,201.862,,,,,,,,,,,,,,,,,,,,,
2015-05-11T14:00:00Z,2015-05-11T16:00:00+0200,,,,,,,,,,,,,,,,,,,,,,,,,,,,,,,,,,,,41.016,19.143,9.721,167.070,11.487,269.008,263.029,105.332,,,,56.593,202.156,,,,,,,,,,,,,,,,,,,,,
2015-05-11T15:00:00Z,2015-05-11T17:00:00+0200,,,,,,,,,,,,,,,,,,,,,,,,,,,,,,,,,,,,41.026,19.143,9.741,167.225,11.487,269.048,263.032,105.379,,,,56.619,202.180,,,,,,,,,,,,,,,,,,,,,DE_KN_residential3_washing_machine
2015-05-11T16:00:00Z,2015-05-11T18:00:00+0200,,,,,,,,,,,,,,,,,,,,,,,,,,,,,,,,,,,,41.035,19.143,9.751,167.415,11.487,269.058,263.034,105.395,,,,56.644,202.180,,,,,,,,,,,,,,,,,,,,,
2015-05-11T17:00:00Z,2015-05-11T19:00:00+0200,,,,,,,,,,,,,,,,,,,,,,,,,,,,,,,,,,,,41.043,19.144,9.761,167.660,11.487,269.067,263.037,105.426,,,,56.674,202.374,,,,,,,,,,,,,,,,,,,,,
2015-05-11T18:00:00Z,2015-05-11T20:00:00+0200,,,,,,,,,,,,,,,,,,,,,,,,,,,,,,,,,,,,41.050,19.144,9.779,167.855,11.487,269.112,263.039,105.474,,,,56.706,202.410,,,,,,,,,,,,,,,,,,,,,
2015-05-11T19:00:00Z,2015-05-11T21:00:00+0200,,,,,,,,,,,,,,,,,,,,,,,,,,,,,,,,,,,,41.054,19.144,9.791,168.130,11.487,269.174,263.042,105.501,,,,56.720,202.410,,,,,,,,,,,,,,,,,,,,,
2015-05-11T20:00:00Z,2015-05-11T22:00:00+0200,,,,,,,,,,,,,,,,,,,,,,,,,,,,,,,,,,,,41.057,19.144,9.801,168.330,11.487,269.236,263.044,105.522,,,,56.730,202.410,,,,,,,,,,,,,,,,,,,,,
2015-05-11T21:00:00Z,2015-05-11T23:00:00+0200,,,,,,,,,,,,,,,,,,,,,,,,,,,,,,,,,,,,41.061,19.145,9.817,168.405,11.487,269.275,263.047,105.569,,,,56.753,202.410,,,,,,,,,,,,,,,,,,,,,DE_KN_residential3_washing_machine
2015-05-11T22:00:00Z,2015-05-12T00:00:00+0200,,,,,,,,,,,,,,,,,,,,,,,,,,,,,,,,,,,,41.064,19.145,9.832,168.535,11.487,269.285,263.049,105.572,,,,56.770,203.185,,,,,,,,,,,,,,,,,,,,,
2015-05-11T23:00:00Z,2015-05-12T01:00:00+0200,,,,,,,,,,,,,,,,,,,,,,,,,,,,,,,,,,,,41.068,19.145,9.842,168.675,11.487,269.294,263.052,105.618,,,,56.777,203.289,,,,,,,,,,,,,,,,,,,,,
2015-05-12T00:00:00Z,2015-05-12T02:00:00+0200,,,,,,,,,,,,,,,,,,,,,,,,,,,,,,,,,,,,41.072,19.145,9.854,168.750,11.487,269.309,263.054,105.644,,,,56.801,203.391,,,,,,,,,,,,,,,,,,,,,
2015-05-12T01:00:00Z,2015-05-12T03:00:00+0200,,,,,,,,,,,,,,,,,,,,,,,,,,,,,,,,,,,,41.076,19.145,9.871,168.875,11.487,269.319,263.057,105.668,,,,56.809,203.393,,,,,,,,,,,,,,,,,,,,,
2015-05-12T02:00:00Z,2015-05-12T04:00:00+0200,,,,,,,,,,,,,,,,,,,,,,,,,,,,,,,,,,,,41.079,19.146,9.882,169.025,11.488,269.349,263.059,105.714,,,,56.825,203.393,,,,,,,,,,,,,,,,,,,,,
2015-05-12T03:00:00Z,2015-05-12T05:00:00+0200,,,,,,,,,,,,,,,,,,,,,,,,,,,,,,,,,,,,41.214,19.146,9.894,169.220,11.488,269.385,263.062,105.717,,,,56.849,203.393,,,,,,,,,,,,,,,,,,,,,
2015-05-12T04:00:00Z,2015-05-12T06:00:00+0200,,,,,,,,,,,,,,,,,,,,,,,,,,,,,,,,,,,,41.275,19.146,9.911,169.385,11.488,269.450,263.064,105.763,,,,56.857,203.394,,,,,,,,,,,,,,,,,,,,,
2015-05-12T05:00:00Z,2015-05-12T07:00:00+0200,,,,,,,,,,,,,,,,,,,,,,,,,,,,,,,,,,,,41.351,19.146,9.921,169.595,11.488,269.511,263.067,105.781,,,,56.877,203.598,,,,,,,,,,,,,,,,,,,,,
2015-05-12T06:00:00Z,2015-05-12T08:00:00+0200,,,,,,,,,,,,,,,,,,,,,,,,,,,,,,,,,,,,41.417,19.146,9.934,169.735,11.488,269.566,263.070,105.811,,,,56.901,203.957,,,,,,,,,,,,,,,,,,,,,
2015-05-12T07:00:00Z,2015-05-12T09:00:00+0200,,,,,,,,,,,,,,,,,,,,,,,,,,,,,,,,,,,,41.453,19.147,9.950,169.855,11.488,269.608,263.073,105.856,,,,56.903,205.115,,,,,,,,,,,,,,,,,,,,,
2015-05-12T08:00:00Z,2015-05-12T10:00:00+0200,,,,,,,,,,,,,,,,,,,,,,,,,,,,,,,,,,,,41.457,19.147,9.960,169.995,11.488,269.654,263.075,105.860,,,,56.926,206.145,,,,,,,,,,,,,,,,,,,,,
2015-05-12T09:00:00Z,2015-05-12T11:00:00+0200,,,,,,,,,,,,,,,,,,,,,,,,,,,,,,,,,,,,41.460,19.147,9.972,170.125,11.488,269.701,263.078,105.906,,,,56.952,206.739,,,,,,,,,,,,,,,,,,,,,
2015-05-12T10:00:00Z,2015-05-12T12:00:00+0200,,,,,,,,,,,,,,,,,,,,,,,,,,,,,,,,,,,,41.464,19.147,9.990,170.190,11.488,269.764,263.080,105.917,,,,56.957,206.779,,,,,,,,,,,,,,,,,,,,,
2015-05-12T11:00:00Z,2015-05-12T13:00:00+0200,,,,,,,,,,,,,,,,,,,,,,,,,,,,,,,,,,,,41.468,19.147,10.000,170.290,11.488,269.811,263.083,105.954,,,,56.990,206.937,,,,,,,,,,,,,,,,,,,,,
2015-05-12T12:00:00Z,2015-05-12T14:00:00+0200,,,,,,,,,,,,,,,,,,,,,,,,,,,,,,,,,,,,41.472,19.148,10.012,170.440,11.488,269.858,263.689,105.997,,,,57.021,207.199,,,,,,,,,,,,,,,,,,,,,
2015-05-12T13:00:00Z,2015-05-12T15:00:00+0200,,,,,,,,,,,,,,,,,,,,,,,,,,,,,,,,,,,,41.542,19.148,10.029,170.695,11.488,269.908,264.160,106.003,,,,57.050,207.218,,,,,,,,,,,,,,,,,,,,,DE_KN_residential3_washing_machine
2015-05-12T14:00:00Z,2015-05-12T16:00:00+0200,,,,,,,,,,,,,,,,,,,,,,,,,,,,,,,,,,,,41.553,19.148,10.039,170.760,11.488,269.953,264.163,106.049,,,,57.086,207.468,,,,,,,,,,,,,,,,,,,,,
2015-05-12T15:00:00Z,2015-05-12T17:00:00+0200,,,,,,,,,,,,,,,,,,,,,,,,,,,,,,,,,,,,41.562,19.148,10.053,171.560,11.488,269.993,264.166,106.057,,,,57.111,207.515,,,,,,,,,,,,,,,,,,,,,
2015-05-12T16:00:00Z,2015-05-12T18:00:00+0200,,,,,,,,,,,,,,,,,,,,,,,,,,,,,,,,,,,,41.571,19.148,10.069,171.775,11.488,270.007,264.168,106.098,,,,57.124,207.517,,,,,,,,,,,,,,,,,,,,,
2015-05-12T17:00:00Z,2015-05-12T19:00:00+0200,,,,,,,,,,,,,,,,,,,,,,,,,,,,,,,,,,,,41.629,19.594,10.079,172.420,11.488,270.016,264.170,106.138,,,,57.152,207.549,,,,,,,,,,,,,,,,,,,,,
2015-05-12T18:00:00Z,2015-05-12T20:00:00+0200,,,,,,,,,,,,,,,,,,,,,,,,,,,,,,,,,,,,41.643,20.192,10.094,173.360,11.488,270.026,264.172,106.147,,,,57.164,207.786,,,,,,,,,,,,,,,,,,,,,
2015-05-12T19:00:00Z,2015-05-12T21:00:00+0200,,,,,,,,,,,,,,,,,,,,,,,,,,,,,,,,,,,,41.646,20.214,10.110,173.665,11.488,270.035,264.175,106.194,,,,57.187,207.805,,,,,,,,,,,,,,,,,,,,,
2015-05-12T20:00:00Z,2015-05-12T22:00:00+0200,,,,,,,,,,,,,,,,,,,,,,,,,,,,,,,,,,,,41.650,20.218,10.129,173.875,11.488,270.044,264.178,106.198,,,,57.210,207.806,,,,,,,,,,,,,,,,,,,,,DE_KN_residential3_refrigerator
2015-05-12T21:00:00Z,2015-05-12T23:00:00+0200,,,,,,,,,,,,,,,,,,,,,,,,,,,,,,,,,,,,41.654,20.219,10.141,174.065,11.488,270.053,264.180,106.243,,,,57.236,208.042,,,,,,,,,,,,,,,,,,,,,
2015-05-12T22:00:00Z,2015-05-13T00:00:00+0200,,,,,,,,,,,,,,,,,,,,,,,,,,,,,,,,,,,,41.657,20.221,10.160,174.225,11.489,270.065,265.080,106.279,,,,57.240,208.043,,,,,,,,,,,,,,,,,,,,,
2015-05-12T23:00:00Z,2015-05-13T01:00:00+0200,,,,,,,,,,,,,,,,,,,,,,,,,,,,,,,,,,,,41.661,20.222,10.170,174.305,11.489,270.074,265.190,106.292,,,,57.262,208.044,,,,,,,,,,,,,,,,,,,,,
2015-05-13T00:00:00Z,2015-05-13T02:00:00+0200,,,,,,,,,,,,,,,,,,,,,,,,,,,,,,,,,,,,41.665,20.223,10.190,174.425,11.489,270.089,265.193,106.336,,,,57.285,208.044,,,,,,,,,,,,,,,,,,,,,DE_KN_residential3_refrigerator
2015-05-13T01:00:00Z,2015-05-13T03:00:00+0200,,,,,,,,,,,,,,,,,,,,,,,,,,,,,,,,,,,,41.668,20.225,10.206,174.585,11.489,270.099,265.195,106.359,,,,57.293,208.044,,,,,,,,,,,,,,,,,,,,,DE_KN_residential3_refrigerator
2015-05-13T02:00:00Z,2015-05-13T04:00:00+0200,,,,,,,,,,,,,,,,,,,,,,,,,,,,,,,,,,,,41.672,20.226,10.220,174.710,11.489,270.127,265.198,106.385,,,,57.310,208.044,,,,,,,,,,,,,,,,,,,,,
2015-05-13T03:00:00Z,2015-05-13T05:00:00+0200,,,,,,,,,,,,,,,,,,,,,,,,,,,,,,,,,,,,41.767,20.227,10.239,174.880,11.489,270.161,265.200,106.432,,,,57.333,208.044,,,,,,,,,,,,,,,,,,,,,DE_KN_residential3_washing_machine
2015-05-13T04:00:00Z,2015-05-13T06:00:00+0200,,,,,,,,,,,,,,,,,,,,,,,,,,,,,,,,,,,,41.776,20.228,10.249,175.015,11.489,270.223,265.203,106.434,,,,57.341,208.044,,,,,,,,,,,,,,,,,,,,,DE_KN_residential3_refrigerator
2015-05-13T05:00:00Z,2015-05-13T07:00:00+0200,,,,,,,,,,,,,,,,,,,,,,,,,,,,,,,,,,,,41.785,20.229,10.268,175.155,11.489,270.284,265.205,106.480,,,,57.361,208.044,,,,,,,,,,,,,,,,,,,,,
2015-05-13T06:00:00Z,2015-05-13T08:00:00+0200,,,,,,,,,,,,,,,,,,,,,,,,,,,,,,,,,,,,41.794,20.229,10.280,175.230,11.489,270.324,265.208,106.502,,,,57.387,208.044,,,,,,,,,,,,,,,,,,,,,
2015-05-13T07:00:00Z,2015-05-13T09:00:00+0200,,,,,,,,,,,,,,,,,,,,,,,,,,,,,,,,,,,,41.800,20.229,10.296,175.385,11.489,270.369,265.211,106.528,,,,57.429,208.044,,,,,,,,,,,,,,,,,,,,,
2015-05-13T08:00:00Z,2015-05-13T10:00:00+0200,,,,,,,,,,,,,,,,,,,,,,,,,,,,,,,,,,,,41.804,20.229,10.313,175.535,11.489,270.417,265.213,106.575,,,,57.443,208.044,,,,,,,,,,,,,,,,,,,,,
2015-05-13T09:00:00Z,2015-05-13T11:00:00+0200,,,,,,,,,,,,,,,,,,,,,,,,,,,,,,,,,,,,41.807,20.229,10.325,175.635,11.489,270.465,265.216,106.577,,,,57.468,208.044,,,,,,,,,,,,,,,,,,,,,
2015-05-13T10:00:00Z,2015-05-13T12:00:00+0200,,,,,,,,,,,,,,,,,,,,,,,,,,,,,,,,,,,,41.812,20.230,10.343,175.730,11.489,270.528,265.218,106.623,,,,57.492,208.044,,,,,,,,,,,,,,,,,,,,,
2015-05-13T11:00:00Z,2015-05-13T13:00:00+0200,,,,,,,,,,,,,,,,,,,,,,,,,,,,,,,,,,,,41.816,20.230,10.353,175.905,11.489,270.574,265.221,106.642,,,,57.517,208.044,,,,,,,,,,,,,,,,,,,,,
2015-05-13T12:00:00Z,2015-05-13T14:00:00+0200,,,,,,,,,,,,,,,,,,,,,,,,,,,,,,,,,,,,41.819,20.230,10.372,176.065,11.489,270.614,265.491,106.672,,,,57.518,208.044,,,,,,,,,,,,,,,,,,,,,
2015-05-13T13:00:00Z,2015-05-13T15:00:00+0200,,,,,,,,,,,,,,,,,,,,,,,,,,,,,,,,,,,,41.885,20.230,10.381,176.240,11.489,270.648,266.290,106.718,,,,57.543,208.044,,,,,,,,,,,,,,,,,,,,,
2015-05-13T14:00:00Z,2015-05-13T16:00:00+0200,,,,,,,,,,,,,,,,,,,,,,,,,,,,,,,,,,,,41.894,20.230,10.400,176.335,11.489,270.671,266.640,106.720,,,,57.569,208.118,,,,,,,,,,,,,,,,,,,,,
2015-05-13T15:00:00Z,2015-05-13T17:00:00+0200,,,,,,,,,,,,,,,,,,,,,,,,,,,,,,,,,,,,41.958,20.231,10.409,176.960,11.500,270.692,267.445,106.772,,,,57.577,208.159,,,,,,,,,,,,,,,,,,,,,
2015-05-13T16:00:00Z,2015-05-13T18:00:00+0200,,,,,,,,,,,,,,,,,,,,,,,,,,,,,,,,,,,,41.995,20.231,10.413,177.690,12.106,270.737,267.448,106.827,,,,57.600,208.161,,,,,,,,,,,,,,,,,,,,,
2015-05-13T17:00:00Z,2015-05-13T19:00:00+0200,,,,,,,,,,,,,,,,,,,,,,,,,,,,,,,,,,,,42.004,20.231,10.428,178.005,12.203,270.764,267.450,106.844,,,,57.632,208.161,,,,,,,,,,,,,,,,,,,,,
2015-05-13T18:00:00Z,2015-05-13T20:00:00+0200,,,,,,,,,,,,,,,,,,,,,,,,,,,,,,,,,,,,42.010,20.231,10.449,178.260,12.296,270.773,267.453,106.879,,,,57.653,208.161,,,,,,,,,,,,,,,,,,,,,
2015-05-13T19:00:00Z,2015-05-13T21:00:00+0200,,,,,,,,,,,,,,,,,,,,,,,,,,,,,,,,,,,,42.014,20.232,10.467,178.525,12.296,270.785,268.256,106.921,,,,57.680,208.161,,,,,,,,,,,,,,,,,,,,,
2015-05-13T20:00:00Z,2015-05-13T22:00:00+0200,,,,,,,,,,,,,,,,,,,,,,,,,,,,,,,,,,,,42.017,20.232,10.477,178.695,12.296,270.847,268.707,106.931,,,,57.692,208.161,,,,,,,,,,,,,,,,,,,,,
2015-05-13T21:00:00Z,2015-05-13T23:00:00+0200,,,,,,,,,,,,,,,,,,,,,,,,,,,,,,,,,,,,42.021,20.232,10.495,178.800,12.296,270.886,268.709,106.981,,,,57.716,208.161,,,,,,,,,,,,,,,,,,,,,
2015-05-13T22:00:00Z,2015-05-14T00:00:00+0200,,,,,,,,,,,,,,,,,,,,,,,,,,,,,,,,,,,,42.025,20.232,10.505,178.920,12.296,270.895,268.712,106.983,,,,57.739,208.161,,,,,,,,,,,,,,,,,,,,,
2015-05-13T23:00:00Z,2015-05-14T01:00:00+0200,,,,,,,,,,,,,,,,,,,,,,,,,,,,,,,,,,,,42.028,20.232,10.516,179.065,12.296,270.905,268.714,107.034,,,,57.763,208.161,,,,,,,,,,,,,,,,,,,,,
2015-05-14T00:00:00Z,2015-05-14T02:00:00+0200,,,,,,,,,,,,,,,,,,,,,,,,,,,,,,,,,,,,42.032,20.233,10.534,179.205,12.296,270.919,268.716,107.036,,,,57.786,208.161,,,,,,,,,,,,,,,,,,,,,
2015-05-14T01:00:00Z,2015-05-14T03:00:00+0200,,,,,,,,,,,,,,,,,,,,,,,,,,,,,,,,,,,,42.036,20.233,10.544,179.265,12.296,270.929,268.718,107.086,,,,57.794,208.161,,,,,,,,,,,,,,,,,,,,,
2015-05-14T02:00:00Z,2015-05-14T04:00:00+0200,,,,,,,,,,,,,,,,,,,,,,,,,,,,,,,,,,,,42.039,20.233,10.561,179.380,12.296,270.965,268.721,107.100,,,,57.809,208.162,,,,,,,,,,,,,,,,,,,,,
2015-05-14T03:00:00Z,2015-05-14T05:00:00+0200,,,,,,,,,,,,,,,,,,,,,,,,,,,,,,,,,,,,42.111,20.233,10.572,179.590,12.296,270.998,268.723,107.139,,,,57.832,208.162,,,,,,,,,,,,,,,,,,,,,DE_KN_residential3_washing_machine
2015-05-14T04:00:00Z,2015-05-14T06:00:00+0200,,,,,,,,,,,,,,,,,,,,,,,,,,,,,,,,,,,,42.119,20.234,10.582,179.700,12.296,271.061,268.725,107.168,,,,57.847,208.162,,,,,,,,,,,,,,,,,,,,,
2015-05-14T05:00:00Z,2015-05-14T07:00:00+0200,,,,,,,,,,,,,,,,,,,,,,,,,,,,,,,,,,,,42.129,20.234,10.602,180.005,12.296,271.124,268.727,107.191,,,,57.855,208.162,,,,,,,,,,,,,,,,,,,,,
2015-05-14T06:00:00Z,2015-05-14T08:00:00+0200,,,,,,,,,,,,,,,,,,,,,,,,,,,,,,,,,,,,42.137,20.234,10.610,180.800,12.373,271.187,268.730,107.234,,,,57.879,208.162,,,,,,,,,,,,,,,,,,,,,DE_KN_residential3_refrigerator
2015-05-14T07:00:00Z,2015-05-14T09:00:00+0200,,,,,,,,,,,,,,,,,,,,,,,,,,,,,,,,,,,,42.144,20.234,10.625,181.335,13.301,271.281,268.732,107.243,,,,57.904,208.162,,,,,,,,,,,,,,,,,,,,,
2015-05-14T08:00:00Z,2015-05-14T10:00:00+0200,,,,,,,,,,,,,,,,,,,,,,,,,,,,,,,,,,,,42.147,20.234,10.629,181.760,13.348,271.341,268.735,107.293,,,,57.909,208.162,,,,,,,,,,,,,,,,,,,,,DE_KN_residential2_freezer
2015-05-14T09:00:00Z,2015-05-14T11:00:00+0200,,,,,,,,,,,,,,,,,,,,,,,,,,,,,,,,,,,,42.151,20.243,10.658,182.305,13.441,271.400,268.737,107.295,,,,57.928,208.162,,,,,,,,,,,,,,,,,,,,,
2015-05-14T10:00:00Z,2015-05-14T12:00:00+0200,,,,,,,,,,,,,,,,,,,,,,,,,,,,,,,,,,,,42.154,20.699,10.669,182.885,13.441,271.472,268.740,107.345,,,,57.952,208.162,,,,,,,,,,,,,,,,,,,,,
2015-05-14T11:00:00Z,2015-05-14T13:00:00+0200,,,,,,,,,,,,,,,,,,,,,,,,,,,,,,,,,,,,42.158,21.275,10.687,183.530,13.441,271.520,268.743,107.346,,,,57.957,208.162,,,,,,,,,,,,,,,,,,,,,DE_KN_residential3_washing_machine | DE_KN_residential3_dishwasher | DE_KN_residential3_refrigerator | DE_KN_residential3_freezer | DE_KN_residential3_circulation_pump
2015-05-14T12:00:00Z,2015-05-14T14:00:00+0200,,,,,,,,,,,,,,,,,,,,,,,,,,,,,,,,,,,,42.161,21.291,10.696,183.660,13.441,271.570,268.749,107.397,,,,58.005,208.162,,,,,,,,,,,,,,,,,,,,,DE_KN_residential3_washing_machine | DE_KN_residential3_dishwasher | DE_KN_residential3_refrigerator | DE_KN_residential3_freezer | DE_KN_residential3_circulation_pump
2015-05-14T13:00:00Z,2015-05-14T15:00:00+0200,,,,,,,,,,,,,,,,,,,,,,,,,,,,,,,,,,,,42.165,21.292,10.713,183.805,13.441,271.629,269.796,107.422,,,,58.033,208.162,,,,,,,,,,,,,,,,,,,,,
2015-05-14T14:00:00Z,2015-05-14T16:00:00+0200,,,,,,,,,,,,,,,,,,,,,,,,,,,,,,,,,,,,42.169,21.294,10.726,183.940,13.441,271.682,269.799,107.470,,,,58.058,208.162,,,,,,,,,,,,,,,,,,,,,
2015-05-14T15:00:00Z,2015-05-14T17:00:00+0200,,,,,,,,,,,,,,,,,,,,,,,,,,,,,,,,,,,,42.173,21.295,10.736,184.010,13.441,271.729,269.801,107.504,,,,58.079,208.162,,,,,,,,,,,,,,,,,,,,,
2015-05-14T16:00:00Z,2015-05-14T18:00:00+0200,,,,,,,,,,,,,,,,,,,,,,,,,,,,,,,,,,,,42.176,21.296,10.756,184.085,13.441,271.763,269.804,107.558,,,,58.103,208.162,,,,,,,,,,,,,,,,,,,,,
2015-05-14T17:00:00Z,2015-05-14T19:00:00+0200,,,,,,,,,,,,,,,,,,,,,,,,,,,,,,,,,,,,42.180,21.298,10.765,184.225,13.441,271.826,269.806,107.606,,,,58.157,208.162,,,,,,,,,,,,,,,,,,,,,
2015-05-14T18:00:00Z,2015-05-14T20:00:00+0200,,,,,,,,,,,,,,,,,,,,,,,,,,,,,,,,,,,,42.183,21.299,10.777,184.355,13.441,271.886,269.809,107.619,,,,58.179,208.162,,,,,,,,,,,,,,,,,,,,,
2015-05-14T19:00:00Z,2015-05-14T21:00:00+0200,,,,,,,,,,,,,,,,,,,,,,,,,,,,,,,,,,,,42.187,21.300,10.795,184.495,13.441,271.946,269.812,107.657,,,,58.219,208.162,,,,,,,,,,,,,,,,,,,,,
2015-05-14T20:00:00Z,2015-05-14T22:00:00+0200,,,,,,,,,,,,,,,,,,,,,,,,,,,,,,,,,,,,42.190,21.302,10.805,184.580,13.441,272.007,270.046,107.706,,,,58.245,208.162,,,,,,,,,,,,,,,,,,,,,
2015-05-14T21:00:00Z,2015-05-14T23:00:00+0200,,,,,,,,,,,,,,,,,,,,,,,,,,,,,,,,,,,,42.194,21.303,10.819,184.715,13.441,272.046,270.845,107.733,,,,58.261,208.162,,,,,,,,,,,,,,,,,,,,,
2015-05-14T22:00:00Z,2015-05-15T00:00:00+0200,,,,,,,,,,,,,,,,,,,,,,,,,,,,,,,,,,,,42.197,21.305,10.833,184.865,13.441,272.056,270.850,107.758,,,,58.272,208.162,,,,,,,,,,,,,,,,,,,,,
2015-05-14T23:00:00Z,2015-05-15T01:00:00+0200,,,,,,,,,,,,,,,,,,,,,,,,,,,,,,,,,,,,42.201,21.306,10.843,184.990,13.441,272.065,270.855,107.806,,,,58.298,208.162,,,,,,,,,,,,,,,,,,,,,
2015-05-15T00:00:00Z,2015-05-15T02:00:00+0200,,,,,,,,,,,,,,,,,,,,,,,,,,,,,,,,,,,,42.204,21.307,10.862,185.050,13.442,272.080,270.860,107.835,,,,58.321,208.162,,,,,,,,,,,,,,,,,,,,,
2015-05-15T01:00:00Z,2015-05-15T03:00:00+0200,,,,,,,,,,,,,,,,,,,,,,,,,,,,,,,,,,,,42.226,21.309,10.872,185.185,13.442,272.089,270.865,107.857,,,,58.325,208.162,,,,,,,,,,,,,,,,,,,,,
2015-05-15T02:00:00Z,2015-05-15T04:00:00+0200,,,,,,,,,,,,,,,,,,,,,,,,,,,,,,,,,,,,42.264,21.310,10.886,185.365,13.442,272.124,270.869,107.905,,,,58.350,208.162,,,,,,,,,,,,,,,,,,,,,
2015-05-15T03:00:00Z,2015-05-15T05:00:00+0200,,,,,,,,,,,,,,,,,,,,,,,,,,,,,,,,,,,,42.302,21.311,10.900,185.490,13.442,272.160,270.874,107.921,,,,58.375,208.163,,,,,,,,,,,,,,,,,,,,,
2015-05-15T04:00:00Z,2015-05-15T06:00:00+0200,,,,,,,,,,,,,,,,,,,,,,,,,,,,,,,,,,,,42.339,21.313,10.910,185.580,13.442,272.224,270.879,107.955,,,,58.380,208.163,,,,,,,,,,,,,,,,,,,,,
2015-05-15T05:00:00Z,2015-05-15T07:00:00+0200,,,,,,,,,,,,,,,,,,,,,,,,,,,,,,,,,,,,42.375,21.314,10.929,185.745,13.442,272.287,270.883,108.003,,,,58.400,208.163,,,,,,,,,,,,,,,,,,,,,
2015-05-15T06:00:00Z,2015-05-15T08:00:00+0200,,,,,,,,,,,,,,,,,,,,,,,,,,,,,,,,,,,,42.412,21.315,10.940,185.910,13.442,272.348,270.886,108.005,,,,58.427,208.163,,,,,,,,,,,,,,,,,,,,,DE_KN_residential3_washing_machine
2015-05-15T07:00:00Z,2015-05-15T09:00:00+0200,,,,,,,,,,,,,,,,,,,,,,,,,,,,,,,,,,,,42.450,21.317,10.949,186.010,13.442,272.409,270.888,108.052,,,,58.456,208.163,,,,,,,,,,,,,,,,,,,,,
2015-05-15T08:00:00Z,2015-05-15T10:00:00+0200,,,,,,,,,,,,,,,,,,,,,,,,,,,,,,,,,,,,42.487,21.318,10.968,186.125,13.442,272.470,270.891,108.072,,,,58.460,208.163,,,,,,,,,,,,,,,,,,,,,
2015-05-15T09:00:00Z,2015-05-15T11:00:00+0200,,,,,,,,,,,,,,,,,,,,,,,,,,,,,,,,,,,,42.525,21.319,10.978,186.295,13.442,272.530,270.893,108.101,,,,58.487,208.163,,,,,,,,,,,,,,,,,,,,,
2015-05-15T10:00:00Z,2015-05-15T12:00:00+0200,,,,,,,,,,,,,,,,,,,,,,,,,,,,,,,,,,,,42.562,21.321,10.992,186.440,13.442,272.595,270.896,108.148,,,,58.511,208.163,,,,,,,,,,,,,,,,,,,,,
2015-05-15T11:00:00Z,2015-05-15T13:00:00+0200,,,,,,,,,,,,,,,,,,,,,,,,,,,,,,,,,,,,42.601,21.322,11.008,186.535,13.442,272.658,270.921,108.151,,,,58.525,208.165,,,,,,,,,,,,,,,,,,,,,
2015-05-15T12:00:00Z,2015-05-15T14:00:00+0200,,,,,,,,,,,,,,,,,,,,,,,,,,,,,,,,,,,,42.657,21.323,11.018,186.700,13.442,272.723,271.918,108.198,,,,58.546,208.992,,,,,,,,,,,,,,,,,,,,,
2015-05-15T13:00:00Z,2015-05-15T15:00:00+0200,,,,,,,,,,,,,,,,,,,,,,,,,,,,,,,,,,,,42.695,21.325,11.032,186.875,13.442,272.792,271.920,108.204,,,,58.573,209.093,,,,,,,,,,,,,,,,,,,,,
2015-05-15T14:00:00Z,2015-05-15T16:00:00+0200,,,,,,,,,,,,,,,,,,,,,,,,,,,,,,,,,,,,42.734,21.326,11.048,186.985,13.442,272.859,271.923,108.249,,,,58.588,209.183,,,,,,,,,,,,,,,,,,,,,
2015-05-15T15:00:00Z,2015-05-15T17:00:00+0200,,,,,,,,,,,,,,,,,,,,,,,,,,,,,,,,,,,,42.771,21.327,11.057,187.080,13.442,272.926,271.925,108.279,,,,58.600,209.681,,,,,,,,,,,,,,,,,,,,,
2015-05-15T16:00:00Z,2015-05-15T18:00:00+0200,,,,,,,,,,,,,,,,,,,,,,,,,,,,,,,,,,,,42.810,21.329,11.074,187.265,13.442,272.993,271.928,108.299,,,,58.628,210.747,,,,,,,,,,,,,,,,,,,,,
2015-05-15T17:00:00Z,2015-05-15T19:00:00+0200,,,,,,,,,,,,,,,,,,,,,,,,,,,,,,,,,,,,42.864,21.330,11.088,187.415,13.442,273.056,271.931,108.348,,,,58.658,210.769,,,,,,,,,,,,,,,,,,,,,
2015-05-15T18:00:00Z,2015-05-15T20:00:00+0200,,,,,,,,,,,,,,,,,,,,,,,,,,,,,,,,,,,,42.903,21.332,11.097,187.505,13.442,273.121,271.933,108.350,,,,58.687,211.179,,,,,,,,,,,,,,,,,,,,,
2015-05-15T19:00:00Z,2015-05-15T21:00:00+0200,,,,,,,,,,,,,,,,,,,,,,,,,,,,,,,,,,,,42.941,21.333,11.115,187.675,13.442,273.187,271.936,108.398,,,,58.707,211.891,,,,,,,,,,,,,,,,,,,,,
2015-05-15T20:00:00Z,2015-05-15T22:00:00+0200,,,,,,,,,,,,,,,,,,,,,,,,,,,,,,,,,,,,42.979,21.334,11.126,187.850,13.443,273.251,271.938,108.401,,,,58.711,211.908,,,,,,,,,,,,,,,,,,,,,
2015-05-15T21:00:00Z,2015-05-15T23:00:00+0200,,,,,,,,,,,,,,,,,,,,,,,,,,,,,,,,,,,,43.018,21.336,11.136,187.960,13.443,273.290,271.941,108.449,,,,58.735,211.938,,,,,,,,,,,,,,,,,,,,,
2015-05-15T22:00:00Z,2015-05-16T00:00:00+0200,,,,,,,,,,,,,,,,,,,,,,,,,,,,,,,,,,,,43.074,21.337,11.155,188.125,13.443,273.300,271.943,108.472,,,,58.753,212.184,,,,,,,,,,,,,,,,,,,,,
2015-05-15T23:00:00Z,2015-05-16T01:00:00+0200,,,,,,,,,,,,,,,,,,,,,,,,,,,,,,,,,,,,43.114,21.338,11.165,188.305,13.443,273.364,271.946,108.501,,,,58.760,212.184,,,,,,,,,,,,,,,,,,,,,
2015-05-16T00:00:00Z,2015-05-16T02:00:00+0200,,,,,,,,,,,,,,,,,,,,,,,,,,,,,,,,,,,,43.153,21.340,11.178,188.400,13.443,273.433,271.948,108.544,,,,58.785,212.184,,,,,,,,,,,,,,,,,,,,,
2015-05-16T01:00:00Z,2015-05-16T03:00:00+0200,,,,,,,,,,,,,,,,,,,,,,,,,,,,,,,,,,,,43.192,21.341,11.195,188.525,13.443,273.497,271.950,108.552,,,,58.786,212.184,,,,,,,,,,,,,,,,,,,,,
2015-05-16T02:00:00Z,2015-05-16T04:00:00+0200,,,,,,,,,,,,,,,,,,,,,,,,,,,,,,,,,,,,43.230,21.342,11.205,188.700,13.443,273.571,271.953,108.601,,,,58.809,212.184,,,,,,,,,,,,,,,,,,,,,
2015-05-16T03:00:00Z,2015-05-16T05:00:00+0200,,,,,,,,,,,,,,,,,,,,,,,,,,,,,,,,,,,,43.286,21.344,11.217,188.825,13.443,273.639,271.956,108.603,,,,58.826,212.184,,,,,,,,,,,,,,,,,,,,,
2015-05-16T04:00:00Z,2015-05-16T06:00:00+0200,,,,,,,,,,,,,,,,,,,,,,,,,,,,,,,,,,,,43.325,21.345,11.234,188.935,13.443,273.709,271.959,108.652,,,,58.834,212.184,,,,,,,,,,,,,,,,,,,,,DE_KN_residential3_washing_machine
2015-05-16T05:00:00Z,2015-05-16T07:00:00+0200,,,,,,,,,,,,,,,,,,,,,,,,,,,,,,,,,,,,43.363,21.346,11.244,189.105,13.443,273.773,271.961,108.665,,,,58.859,212.373,,,,,,,,,,,,,,,,,,,,,
2015-05-16T06:00:00Z,2015-05-16T08:00:00+0200,,,,,,,,,,,,,,,,,,,,,,,,,,,,,,,,,,,,43.400,21.348,11.261,189.225,13.443,273.837,271.963,108.702,,,,58.872,212.411,,,,,,,,,,,,,,,,,,,,,
2015-05-16T07:00:00Z,2015-05-16T09:00:00+0200,,,,,,,,,,,,,,,,,,,,,,,,,,,,,,,,,,,,43.437,21.349,11.273,189.315,13.443,273.930,271.966,108.738,,,,58.886,212.411,,,,,,,,,,,,,,,,,,,,,
2015-05-16T08:00:00Z,2015-05-16T10:00:00+0200,,,,,,,,,,,,,,,,,,,,,,,,,,,,,,,,,,,,43.475,21.350,11.282,189.495,13.443,274.033,272.095,108.752,,,,58.912,212.509,,,,,,,,,,,,,,,,,,,,,DE_KN_residential3_washing_machine | DE_KN_residential3_dishwasher | DE_KN_residential3_refrigerator | DE_KN_residential3_freezer | DE_KN_residential3_circulation_pump
2015-05-16T09:00:00Z,2015-05-16T11:00:00+0200,,,,,,,,,,,,,,,,,,,,,,,,,,,,,,,,,,,,43.511,21.352,11.302,189.630,13.443,274.140,273.043,108.801,,,,58.936,212.534,,,,,,,,,,,,,,,,,,,,,
2015-05-16T10:00:00Z,2015-05-16T12:00:00+0200,,,,,,,,,,,,,,,,,,,,,,,,,,,,,,,,,,,,43.549,21.353,11.312,189.715,13.443,274.254,273.045,108.803,,,,58.952,212.534,,,,,,,,,,,,,,,,,,,,,
2015-05-16T11:00:00Z,2015-05-16T13:00:00+0200,,,,,,,,,,,,,,,,,,,,,,,,,,,,,,,,,,,,43.587,21.354,11.322,189.875,13.443,274.367,273.047,108.852,,,,58.962,212.534,,,,,,,,,,,,,,,,,,,,,
2015-05-16T12:00:00Z,2015-05-16T14:00:00+0200,,,,,,,,,,,,,,,,,,,,,,,,,,,,,,,,,,,,43.626,21.356,11.342,190.035,13.443,274.479,273.049,108.855,,,,58.987,212.534,,,,,,,,,,,,,,,,,,,,,
2015-05-16T13:00:00Z,2015-05-16T15:00:00+0200,,,,,,,,,,,,,,,,,,,,,,,,,,,,,,,,,,,,43.664,21.357,11.352,190.120,13.443,274.591,273.052,108.903,,,,59.001,212.534,,,,,,,,,,,,,,,,,,,,,DE_KN_residential3_washing_machine
2015-05-16T14:00:00Z,2015-05-16T16:00:00+0200,,,,,,,,,,,,,,,,,,,,,,,,,,,,,,,,,,,,43.722,21.358,11.364,190.285,13.443,274.700,273.055,108.932,,,,59.009,212.534,,,,,,,,,,,,,,,,,,,,,
2015-05-16T15:00:00Z,2015-05-16T17:00:00+0200,,,,,,,,,,,,,,,,,,,,,,,,,,,,,,,,,,,,43.761,21.360,11.382,190.460,13.444,274.802,273.766,108.954,,,,59.031,212.534,,,,,,,,,,,,,,,,,,,,,
2015-05-16T16:00:00Z,2015-05-16T18:00:00+0200,,,,,,,,,,,,,,,,,,,,,,,,,,,,,,,,,,,,43.799,21.361,11.391,190.550,13.444,274.877,274.129,109.002,,,,59.033,212.534,,,,,,,,,,,,,,,,,,,,,
2015-05-16T17:00:00Z,2015-05-16T19:00:00+0200,,,,,,,,,,,,,,,,,,,,,,,,,,,,,,,,,,,,43.813,21.363,11.404,190.655,13.444,274.940,274.132,109.004,,,,59.056,212.534,,,,,,,,,,,,,,,,,,,,,
2015-05-16T18:00:00Z,2015-05-16T20:00:00+0200,,,,,,,,,,,,,,,,,,,,,,,,,,,,,,,,,,,,43.817,21.364,11.421,190.795,13.444,275.003,274.134,109.053,,,,59.078,212.534,,,,,,,,,,,,,,,,,,,,,
2015-05-16T19:00:00Z,2015-05-16T21:00:00+0200,,,,,,,,,,,,,,,,,,,,,,,,,,,,,,,,,,,,43.820,21.365,11.430,190.880,13.444,275.066,274.137,109.057,,,,59.081,212.534,,,,,,,,,,,,,,,,,,,,,
2015-05-16T20:00:00Z,2015-05-16T22:00:00+0200,,,,,,,,,,,,,,,,,,,,,,,,,,,,,,,,,,,,43.824,21.367,11.445,190.995,13.444,275.129,274.139,109.104,,,,59.101,212.534,,,,,,,,,,,,,,,,,,,,,
2015-05-16T21:00:00Z,2015-05-16T23:00:00+0200,,,,,,,,,,,,,,,,,,,,,,,,,,,,,,,,,,,,43.832,21.368,11.461,191.145,13.444,275.169,274.142,109.134,,,,59.123,212.535,,,,,,,,,,,,,,,,,,,,,
2015-05-16T22:00:00Z,2015-05-17T00:00:00+0200,,,,,,,,,,,,,,,,,,,,,,,,,,,,,,,,,,,,43.838,21.369,11.471,191.220,13.444,275.178,274.145,109.156,,,,59.127,212.535,,,,,,,,,,,,,,,,,,,,,
2015-05-16T23:00:00Z,2015-05-17T01:00:00+0200,,,,,,,,,,,,,,,,,,,,,,,,,,,,,,,,,,,,43.841,21.371,11.486,191.315,13.444,275.188,274.147,109.205,,,,59.145,212.535,,,,,,,,,,,,,,,,,,,,,
2015-05-17T00:00:00Z,2015-05-17T02:00:00+0200,,,,,,,,,,,,,,,,,,,,,,,,,,,,,,,,,,,,43.845,21.372,11.500,191.455,13.444,275.212,274.150,109.207,,,,59.167,212.535,,,,,,,,,,,,,,,,,,,,,
2015-05-17T01:00:00Z,2015-05-17T03:00:00+0200,,,,,,,,,,,,,,,,,,,,,,,,,,,,,,,,,,,,43.849,21.373,11.510,191.520,13.444,275.274,274.152,109.256,,,,59.170,212.535,,,,,,,,,,,,,,,,,,,,,
2015-05-17T02:00:00Z,2015-05-17T04:00:00+0200,,,,,,,,,,,,,,,,,,,,,,,,,,,,,,,,,,,,43.853,21.375,11.528,191.615,13.444,275.345,274.155,109.259,,,,59.190,212.535,,,,,,,,,,,,,,,,,,,,,
2015-05-17T03:00:00Z,2015-05-17T05:00:00+0200,,,,,,,,,,,,,,,,,,,,,,,,,,,,,,,,,,,,43.856,21.376,11.540,191.755,13.444,275.410,274.157,109.308,,,,59.211,212.535,,,,,,,,,,,,,,,,,,,,,
2015-05-17T04:00:00Z,2015-05-17T06:00:00+0200,,,,,,,,,,,,,,,,,,,,,,,,,,,,,,,,,,,,44.012,21.377,11.550,191.970,13.444,275.478,274.160,109.332,,,,59.212,212.535,,,,,,,,,,,,,,,,,,,,,
2015-05-17T05:00:00Z,2015-05-17T07:00:00+0200,,,,,,,,,,,,,,,,,,,,,,,,,,,,,,,,,,,,44.073,21.379,11.568,192.115,13.444,275.541,274.163,109.359,,,,59.234,212.535,,,,,,,,,,,,,,,,,,,,,
2015-05-17T06:00:00Z,2015-05-17T08:00:00+0200,,,,,,,,,,,,,,,,,,,,,,,,,,,,,,,,,,,,44.148,21.380,11.580,192.325,13.444,275.605,274.165,109.404,,,,59.253,212.535,,,,,,,,,,,,,,,,,,,,,
2015-05-17T07:00:00Z,2015-05-17T09:00:00+0200,,,,,,,,,,,,,,,,,,,,,,,,,,,,,,,,,,,,44.214,21.382,11.591,192.455,13.444,275.670,274.168,109.410,,,,59.261,212.535,,,,,,,,,,,,,,,,,,,,,
2015-05-17T08:00:00Z,2015-05-17T10:00:00+0200,,,,,,,,,,,,,,,,,,,,,,,,,,,,,,,,,,,,44.292,21.383,11.608,192.605,13.444,275.757,274.170,109.459,,,,59.286,212.535,,,,,,,,,,,,,,,,,,,,,
2015-05-17T09:00:00Z,2015-05-17T11:00:00+0200,,,,,,,,,,,,,,,,,,,,,,,,,,,,,,,,,,,,44.359,21.384,11.621,192.810,13.444,275.852,274.173,109.461,,,,59.300,212.535,,,,,,,,,,,,,,,,,,,,,
2015-05-17T10:00:00Z,2015-05-17T12:00:00+0200,,,,,,,,,,,,,,,,,,,,,,,,,,,,,,,,,,,,44.412,21.386,11.631,192.940,13.444,275.953,274.175,109.510,,,,59.309,212.535,,,,,,,,,,,,,,,,,,,,,DE_KN_residential3_washing_machine
2015-05-17T11:00:00Z,2015-05-17T13:00:00+0200,,,,,,,,,,,,,,,,,,,,,,,,,,,,,,,,,,,,44.458,21.387,11.647,193.045,13.444,276.054,274.178,109.519,,,,59.333,212.902,,,,,,,,,,,,,,,,,,,,,
2015-05-17T12:00:00Z,2015-05-17T14:00:00+0200,,,,,,,,,,,,,,,,,,,,,,,,,,,,,,,,,,,,44.515,21.388,11.661,193.245,13.444,276.158,274.181,109.561,,,,59.354,212.962,,,,,,,,,,,,,,,,,,,,,
2015-05-17T13:00:00Z,2015-05-17T15:00:00+0200,,,,,,,,,,,,,,,,,,,,,,,,,,,,,,,,,,,,44.604,21.390,11.671,193.415,13.445,276.267,275.223,109.610,,,,59.360,213.038,,,,,,,,,,,,,,,,,,,,,
2015-05-17T14:00:00Z,2015-05-17T16:00:00+0200,,,,,,,,,,,,,,,,,,,,,,,,,,,,,,,,,,,,44.621,21.391,11.687,193.490,13.445,276.370,275.294,109.612,,,,59.382,213.484,,,,,,,,,,,,,,,,,,,,,
2015-05-17T15:00:00Z,2015-05-17T17:00:00+0200,,,,,,,,,,,,,,,,,,,,,,,,,,,,,,,,,,,,44.630,21.392,11.700,193.645,13.445,276.466,275.296,109.661,,,,59.407,213.540,,,,,,,,,,,,,,,,,,,,,
2015-05-17T16:00:00Z,2015-05-17T18:00:00+0200,,,,,,,,,,,,,,,,,,,,,,,,,,,,,,,,,,,,44.639,21.392,11.704,194.425,13.945,276.551,275.298,109.663,,,,59.435,213.541,,,,,,,,,,,,,,,,,,,,,
2015-05-17T17:00:00Z,2015-05-17T19:00:00+0200,,,,,,,,,,,,,,,,,,,,,,,,,,,,,,,,,,,,44.647,21.393,11.720,194.705,14.087,276.617,275.302,109.711,,,,59.435,213.848,,,,,,,,,,,,,,,,,,,,,
2015-05-17T18:00:00Z,2015-05-17T20:00:00+0200,,,,,,,,,,,,,,,,,,,,,,,,,,,,,,,,,,,,44.654,21.393,11.730,194.925,14.193,276.678,275.304,109.732,,,,59.461,213.983,,,,,,,,,,,,,,,,,,,,,
2015-05-17T19:00:00Z,2015-05-17T21:00:00+0200,,,,,,,,,,,,,,,,,,,,,,,,,,,,,,,,,,,,44.657,21.393,11.750,195.245,14.193,276.741,275.923,109.777,,,,59.481,213.995,,,,,,,,,,,,,,,,,,,,,DE_KN_residential3_washing_machine | DE_KN_residential3_dishwasher | DE_KN_residential3_refrigerator | DE_KN_residential3_freezer | DE_KN_residential3_circulation_pump
2015-05-17T20:00:00Z,2015-05-17T22:00:00+0200,,,,,,,,,,,,,,,,,,,,,,,,,,,,,,,,,,,,44.661,21.393,11.769,195.440,14.193,276.803,276.304,109.808,,,,59.497,213.995,,,,,,,,,,,,,,,,,,,,,DE_KN_residential3_washing_machine | DE_KN_residential3_dishwasher | DE_KN_residential3_refrigerator | DE_KN_residential3_freezer | DE_KN_residential3_circulation_pump
2015-05-17T21:00:00Z,2015-05-17T23:00:00+0200,,,,,,,,,,,,,,,,,,,,,,,,,,,,,,,,,,,,44.664,21.394,11.780,195.615,14.193,276.843,276.307,109.828,,,,59.507,213.995,,,,,,,,,,,,,,,,,,,,,DE_KN_residential3_washing_machine | DE_KN_residential3_dishwasher | DE_KN_residential3_refrigerator | DE_KN_residential3_freezer | DE_KN_residential3_circulation_pump
2015-05-17T22:00:00Z,2015-05-18T00:00:00+0200,,,,,,,,,,,,,,,,,,,,,,,,,,,,,,,,,,,,44.668,21.394,11.790,195.750,14.193,276.852,276.309,109.876,,,,59.531,213.995,,,,,,,,,,,,,,,,,,,,,DE_KN_residential3_washing_machine | DE_KN_residential3_dishwasher | DE_KN_residential3_refrigerator | DE_KN_residential3_freezer | DE_KN_residential3_circulation_pump
2015-05-17T23:00:00Z,2015-05-18T01:00:00+0200,,,,,,,,,,,,,,,,,,,,,,,,,,,,,,,,,,,,44.672,21.394,11.808,195.825,14.194,276.862,276.311,109.879,,,,59.538,213.995,,,,,,,,,,,,,,,,,,,,,DE_KN_residential3_washing_machine | DE_KN_residential3_dishwasher | DE_KN_residential3_refrigerator | DE_KN_residential3_freezer | DE_KN_residential3_circulation_pump
2015-05-18T00:00:00Z,2015-05-18T02:00:00+0200,,,,,,,,,,,,,,,,,,,,,,,,,,,,,,,,,,,,44.675,21.394,11.819,195.975,14.194,276.896,276.313,109.927,,,,59.556,213.995,,,,,,,,,,,,,,,,,,,,,DE_KN_residential3_washing_machine | DE_KN_residential3_dishwasher | DE_KN_residential3_refrigerator | DE_KN_residential3_freezer | DE_KN_residential3_circulation_pump
2015-05-18T01:00:00Z,2015-05-18T03:00:00+0200,,,,,,,,,,,,,,,,,,,,,,,,,,,,,,,,,,,,44.680,21.395,11.829,196.070,14.194,276.959,276.316,109.945,,,,59.580,213.995,,,,,,,,,,,,,,,,,,,,,DE_KN_residential3_washing_machine | DE_KN_residential3_dishwasher | DE_KN_residential3_refrigerator | DE_KN_residential3_freezer | DE_KN_residential3_circulation_pump
2015-05-18T02:00:00Z,2015-05-18T04:00:00+0200,,,,,,,,,,,,,,,,,,,,,,,,,,,,,,,,,,,,44.683,21.395,11.847,196.160,14.194,277.031,276.318,109.977,,,,59.581,213.995,,,,,,,,,,,,,,,,,,,,,DE_KN_residential3_washing_machine | DE_KN_residential3_dishwasher | DE_KN_residential3_refrigerator | DE_KN_residential3_freezer | DE_KN_residential3_circulation_pump
2015-05-18T03:00:00Z,2015-05-18T05:00:00+0200,,,,,,,,,,,,,,,,,,,,,,,,,,,,,,,,,,,,44.828,21.395,11.857,196.445,14.194,277.097,276.320,110.022,,,,59.606,213.995,,,,,,,,,,,,,,,,,,,,,DE_KN_residential3_washing_machine | DE_KN_residential3_dishwasher | DE_KN_residential3_refrigerator | DE_KN_residential3_freezer | DE_KN_residential3_circulation_pump
2015-05-18T04:00:00Z,2015-05-18T06:00:00+0200,,,,,,,,,,,,,,,,,,,,,,,,,,,,,,,,,,,,44.923,21.395,11.875,196.625,14.194,277.165,276.322,110.027,,,,59.635,213.995,,,,,,,,,,,,,,,,,,,,,DE_KN_residential3_washing_machine | DE_KN_residential3_dishwasher | DE_KN_residential3_refrigerator | DE_KN_residential3_freezer | DE_KN_residential3_circulation_pump
2015-05-18T05:00:00Z,2015-05-18T07:00:00+0200,,,,,,,,,,,,,,,,,,,,,,,,,,,,,,,,,,,,44.992,21.395,11.885,196.795,14.194,277.227,276.325,110.075,,,,59.641,214.774,,,,,,,,,,,,,,,,,,,,,DE_KN_residential3_washing_machine | DE_KN_residential3_dishwasher | DE_KN_residential3_refrigerator | DE_KN_residential3_freezer | DE_KN_residential3_circulation_pump
2015-05-18T06:00:00Z,2015-05-18T08:00:00+0200,,,,,,,,,,,,,,,,,,,,,,,,,,,,,,,,,,,,45.061,21.396,11.895,197.000,14.194,277.299,276.328,110.077,,,,59.660,214.872,,,,,,,,,,,,,,,,,,,,,DE_KN_residential3_washing_machine | DE_KN_residential3_dishwasher | DE_KN_residential3_refrigerator | DE_KN_residential3_freezer | DE_KN_residential3_circulation_pump
2015-05-18T07:00:00Z,2015-05-18T09:00:00+0200,,,,,,,,,,,,,,,,,,,,,,,,,,,,,,,,,,,,45.104,21.396,11.915,197.150,14.194,277.342,276.330,110.124,,,,59.683,214.987,,,,,,,,,,,,,,,,,,,,,DE_KN_residential3_washing_machine | DE_KN_residential3_dishwasher | DE_KN_residential3_refrigerator | DE_KN_residential3_freezer | DE_KN_residential3_circulation_pump
2015-05-18T08:00:00Z,2015-05-18T10:00:00+0200,,,,,,,,,,,,,,,,,,,,,,,,,,,,,,,,,,,,45.107,21.396,11.925,197.210,14.194,277.389,276.333,110.152,,,,59.684,214.990,,,,,,,,,,,,,,,,,,,,,DE_KN_residential3_washing_machine | DE_KN_residential3_dishwasher | DE_KN_residential3_refrigerator | DE_KN_residential3_freezer | DE_KN_residential3_circulation_pump
2015-05-18T09:00:00Z,2015-05-18T11:00:00+0200,,,,,,,,,,,,,,,,,,,,,,,,,,,,,,,,,,,,45.111,21.396,11.935,197.355,14.194,277.436,276.335,110.174,,,,59.708,214.990,,,,,,,,,,,,,,,,,,,,,DE_KN_residential3_washing_machine | DE_KN_residential3_dishwasher | DE_KN_residential3_refrigerator | DE_KN_residential3_freezer | DE_KN_residential3_circulation_pump
2015-05-18T10:00:00Z,2015-05-18T12:00:00+0200,,,,,,,,,,,,,,,,,,,,,,,,,,,,,,,,,,,,45.115,21.396,11.954,197.595,14.194,277.498,276.338,110.222,,,,59.726,215.659,,,,,,,,,,,,,,,,,,,,,DE_KN_residential3_washing_machine | DE_KN_residential3_dishwasher | DE_KN_residential3_refrigerator | DE_KN_residential3_freezer | DE_KN_residential3_circulation_pump
2015-05-18T11:00:00Z,2015-05-18T13:00:00+0200,,,,,,,,,,,,,,,,,,,,,,,,,,,,,,,,,,,,45.118,21.397,11.964,197.775,14.194,277.543,276.340,110.224,,,,59.734,216.428,,,,,,,,,,,,,,,,,,,,,DE_KN_residential3_washing_machine | DE_KN_residential3_dishwasher | DE_KN_residential3_refrigerator | DE_KN_residential3_freezer | DE_KN_residential3_circulation_pump
2015-05-18T12:00:00Z,2015-05-18T14:00:00+0200,,,,,,,,,,,,,,,,,,,,,,,,,,,,,,,,,,,,45.122,21.397,11.976,198.010,14.194,277.588,276.826,110.272,,,,59.759,216.443,,,,,,,,,,,,,,,,,,,,,DE_KN_residential3_washing_machine | DE_KN_residential3_dishwasher | DE_KN_residential3_refrigerator | DE_KN_residential3_freezer | DE_KN_residential3_circulation_pump
2015-05-18T13:00:00Z,2015-05-18T15:00:00+0200,,,,,,,,,,,,,,,,,,,,,,,,,,,,,,,,,,,,45.185,21.397,11.994,198.325,14.194,277.638,277.530,110.281,,,,59.778,217.180,,,,,,,,,,,,,,,,,,,,,DE_KN_residential3_washing_machine | DE_KN_residential3_dishwasher | DE_KN_residential3_refrigerator | DE_KN_residential3_freezer | DE_KN_residential3_circulation_pump
2015-05-18T14:00:00Z,2015-05-18T16:00:00+0200,,,,,,,,,,,,,,,,,,,,,,,,,,,,,,,,,,,,45.194,21.397,12.004,198.505,14.194,277.681,277.532,110.322,,,,59.785,217.727,,,,,,,,,,,,,,,,,,,,,DE_KN_residential3_washing_machine | DE_KN_residential3_dishwasher | DE_KN_residential3_refrigerator | DE_KN_residential3_freezer | DE_KN_residential3_circulation_pump
2015-05-18T15:00:00Z,2015-05-18T17:00:00+0200,,,,,,,,,,,,,,,,,,,,,,,,,,,,,,,,,,,,45.203,21.397,12.016,198.740,14.194,277.721,277.535,110.357,,,,59.810,217.741,,,,,,,,,,,,,,,,,,,,,DE_KN_residential3_washing_machine | DE_KN_residential3_dishwasher | DE_KN_residential3_refrigerator | DE_KN_residential3_freezer | DE_KN_residential3_circulation_pump
2015-05-18T16:00:00Z,2015-05-18T18:00:00+0200,,,,,,,,,,,,,,,,,,,,,,,,,,,,,,,,,,,,45.212,21.398,12.034,199.105,14.194,277.731,277.537,110.372,,,,59.818,217.754,,,,,,,,,,,,,,,,,,,,,DE_KN_residential3_washing_machine | DE_KN_residential3_dishwasher | DE_KN_residential3_refrigerator | DE_KN_residential3_freezer | DE_KN_residential3_circulation_pump
2015-05-18T17:00:00Z,2015-05-18T19:00:00+0200,,,,,,,,,,,,,,,,,,,,,,,,,,,,,,,,,,,,45.221,21.398,12.045,199.365,14.194,277.740,277.540,110.419,,,,59.834,217.754,,,,,,,,,,,,,,,,,,,,,DE_KN_residential3_washing_machine | DE_KN_residential3_dishwasher | DE_KN_residential3_refrigerator | DE_KN_residential3_freezer | DE_KN_residential3_circulation_pump
2015-05-18T18:00:00Z,2015-05-18T20:00:00+0200,,,,,,,,,,,,,,,,,,,,,,,,,,,,,,,,,,,,45.228,21.398,12.055,199.670,14.194,277.785,277.542,110.422,,,,59.860,217.754,,,,,,,,,,,,,,,,,,,,,DE_KN_residential3_washing_machine | DE_KN_residential3_dishwasher | DE_KN_residential3_refrigerator | DE_KN_residential3_freezer | DE_KN_residential3_circulation_pump
2015-05-18T19:00:00Z,2015-05-18T21:00:00+0200,,,,,,,,,,,,,,,,,,,,,,,,,,,,,,,,,,,,45.231,21.398,12.074,200.250,14.194,277.847,277.545,110.470,,,,59.883,217.754,,,,,,,,,,,,,,,,,,,,,DE_KN_residential3_washing_machine | DE_KN_residential3_dishwasher | DE_KN_residential3_refrigerator | DE_KN_residential3_freezer | DE_KN_residential3_circulation_pump
2015-05-18T20:00:00Z,2015-05-18T22:00:00+0200,,,,,,,,,,,,,,,,,,,,,,,,,,,,,,,,,,,,45.235,21.398,12.084,200.585,14.194,277.909,277.547,110.486,,,,59.893,217.770,,,,,,,,,,,,,,,,,,,,,DE_KN_residential3_washing_machine | DE_KN_residential3_dishwasher | DE_KN_residential3_refrigerator | DE_KN_residential3_freezer | DE_KN_residential3_circulation_pump
2015-05-18T21:00:00Z,2015-05-18T23:00:00+0200,,,,,,,,,,,,,,,,,,,,,,,,,,,,,,,,,,,,45.238,21.399,12.096,200.840,14.195,277.948,277.550,110.520,,,,59.910,217.770,,,,,,,,,,,,,,,,,,,,,DE_KN_residential3_washing_machine | DE_KN_residential3_dishwasher | DE_KN_residential3_refrigerator | DE_KN_residential3_freezer | DE_KN_residential3_circulation_pump
2015-05-18T22:00:00Z,2015-05-19T00:00:00+0200,,,,,,,,,,,,,,,,,,,,,,,,,,,,,,,,,,,,45.242,21.399,12.114,201.115,14.195,277.958,277.552,110.561,,,,59.935,217.770,,,,,,,,,,,,,,,,,,,,,DE_KN_residential3_washing_machine | DE_KN_residential3_dishwasher | DE_KN_residential3_refrigerator | DE_KN_residential3_freezer | DE_KN_residential3_circulation_pump
2015-05-18T23:00:00Z,2015-05-19T01:00:00+0200,,,,,,,,,,,,,,,,,,,,,,,,,,,,,,,,,,,,45.246,21.399,12.123,201.385,14.195,277.967,277.555,110.570,,,,59.936,217.770,,,,,,,,,,,,,,,,,,,,,DE_KN_residential3_washing_machine | DE_KN_residential3_dishwasher | DE_KN_residential3_refrigerator | DE_KN_residential3_freezer | DE_KN_residential3_circulation_pump
2015-05-19T00:00:00Z,2015-05-19T02:00:00+0200,,,,,,,,,,,,,,,,,,,,,,,,,,,,,,,,,,,,45.250,21.399,12.139,201.595,14.195,277.982,277.557,110.618,,,,59.961,217.770,,,,,,,,,,,,,,,,,,,,,DE_KN_residential3_washing_machine | DE_KN_residential3_dishwasher | DE_KN_residential3_refrigerator | DE_KN_residential3_freezer | DE_KN_residential3_circulation_pump
2015-05-19T01:00:00Z,2015-05-19T03:00:00+0200,,,,,,,,,,,,,,,,,,,,,,,,,,,,,,,,,,,,45.253,21.400,12.153,201.795,14.195,277.992,277.560,110.621,,,,59.968,217.770,,,,,,,,,,,,,,,,,,,,,DE_KN_residential3_washing_machine | DE_KN_residential3_dishwasher | DE_KN_residential3_refrigerator | DE_KN_residential3_freezer | DE_KN_residential3_circulation_pump
2015-05-19T02:00:00Z,2015-05-19T04:00:00+0200,,,,,,,,,,,,,,,,,,,,,,,,,,,,,,,,,,,,45.257,21.400,12.163,202.065,14.195,278.022,277.562,110.669,,,,59.986,217.770,,,,,,,,,,,,,,,,,,,,,DE_KN_residential3_washing_machine | DE_KN_residential3_dishwasher | DE_KN_residential3_refrigerator | DE_KN_residential3_freezer | DE_KN_residential3_circulation_pump
2015-05-19T03:00:00Z,2015-05-19T05:00:00+0200,,,,,,,,,,,,,,,,,,,,,,,,,,,,,,,,,,,,45.382,21.400,12.180,202.425,14.195,278.058,277.565,110.688,,,,60.008,217.770,,,,,,,,,,,,,,,,,,,,,DE_KN_residential3_washing_machine | DE_KN_residential3_dishwasher | DE_KN_residential3_refrigerator | DE_KN_residential3_freezer | DE_KN_residential3_circulation_pump
2015-05-19T04:00:00Z,2015-05-19T06:00:00+0200,,,,,,,,,,,,,,,,,,,,,,,,,,,,,,,,,,,,45.447,21.400,12.192,202.685,14.195,278.123,277.567,110.719,,,,60.017,217.770,,,,,,,,,,,,,,,,,,,,,DE_KN_residential3_washing_machine | DE_KN_residential3_dishwasher | DE_KN_residential3_refrigerator | DE_KN_residential3_freezer | DE_KN_residential3_circulation_pump
2015-05-19T05:00:00Z,2015-05-19T07:00:00+0200,,,,,,,,,,,,,,,,,,,,,,,,,,,,,,,,,,,,45.524,21.400,12.201,203.015,14.195,278.184,277.570,110.763,,,,60.046,217.881,,,,,,,,,,,,,,,,,,,,,DE_KN_residential3_washing_machine | DE_KN_residential3_dishwasher | DE_KN_residential3_refrigerator | DE_KN_residential3_freezer | DE_KN_residential3_circulation_pump
2015-05-19T06:00:00Z,2015-05-19T08:00:00+0200,,,,,,,,,,,,,,,,,,,,,,,,,,,,,,,,,,,,45.621,21.401,12.221,203.600,14.195,278.239,277.573,110.768,,,,60.064,219.117,,,,,,,,,,,,,,,,,,,,,DE_KN_residential3_washing_machine | DE_KN_residential3_dishwasher | DE_KN_residential3_refrigerator | DE_KN_residential3_freezer | DE_KN_residential3_circulation_pump
2015-05-19T07:00:00Z,2015-05-19T09:00:00+0200,,,,,,,,,,,,,,,,,,,,,,,,,,,,,,,,,,,,45.648,21.401,12.231,203.875,14.195,278.281,277.576,110.816,,,,60.072,219.572,,,,,,,,,,,,,,,,,,,,,DE_KN_residential3_washing_machine | DE_KN_residential3_dishwasher | DE_KN_residential3_refrigerator | DE_KN_residential3_freezer | DE_KN_residential3_circulation_pump
2015-05-19T08:00:00Z,2015-05-19T10:00:00+0200,,,,,,,,,,,,,,,,,,,,,,,,,,,,,,,,,,,,45.652,21.401,12.240,204.115,14.195,278.327,277.578,110.818,,,,60.094,219.635,,,,,,,,,,,,,,,,,,,,,DE_KN_residential3_washing_machine | DE_KN_residential3_dishwasher | DE_KN_residential3_refrigerator | DE_KN_residential3_freezer | DE_KN_residential3_circulation_pump
2015-05-19T09:00:00Z,2015-05-19T11:00:00+0200,,,,,,,,,,,,,,,,,,,,,,,,,,,,,,,,,,,,45.656,21.401,12.260,204.380,14.195,278.374,277.581,110.866,,,,60.125,219.635,,,,,,,,,,,,,,,,,,,,,DE_KN_residential3_washing_machine | DE_KN_residential3_dishwasher | DE_KN_residential3_refrigerator | DE_KN_residential3_freezer | DE_KN_residential3_circulation_pump
2015-05-19T10:00:00Z,2015-05-19T12:00:00+0200,,,,,,,,,,,,,,,,,,,,,,,,,,,,,,,,,,,,45.659,21.401,12.270,204.595,14.195,278.437,277.583,110.872,,,,60.125,219.635,,,,,,,,,,,,,,,,,,,,,DE_KN_residential3_washing_machine | DE_KN_residential3_dishwasher | DE_KN_residential3_refrigerator | DE_KN_residential3_freezer | DE_KN_residential3_circulation_pump
2015-05-19T11:00:00Z,2015-05-19T13:00:00+0200,,,,,,,,,,,,,,,,,,,,,,,,,,,,,,,,,,,,45.663,21.402,12.281,204.860,14.195,278.484,277.586,110.917,,,,60.150,219.635,,,,,,,,,,,,,,,,,,,,,DE_KN_residential3_washing_machine | DE_KN_residential3_dishwasher | DE_KN_residential3_refrigerator | DE_KN_residential3_freezer | DE_KN_residential3_circulation_pump
2015-05-19T12:00:00Z,2015-05-19T14:00:00+0200,,,,,,,,,,,,,,,,,,,,,,,,,,,,,,,,,,,,45.667,21.402,12.300,205.075,14.195,278.531,278.192,110.949,,,,60.177,219.635,,,,,,,,,,,,,,,,,,,,,DE_KN_residential3_washing_machine | DE_KN_residential3_dishwasher | DE_KN_residential3_refrigerator | DE_KN_residential3_freezer | DE_KN_residential3_circulation_pump
2015-05-19T13:00:00Z,2015-05-19T15:00:00+0200,,,,,,,,,,,,,,,,,,,,,,,,,,,,,,,,,,,,45.747,21.402,12.310,205.350,14.195,278.581,278.663,110.967,,,,60.178,219.635,,,,,,,,,,,,,,,,,,,,,DE_KN_residential3_washing_machine | DE_KN_residential3_dishwasher | DE_KN_residential3_refrigerator | DE_KN_residential3_freezer | DE_KN_residential3_circulation_pump
2015-05-19T14:00:00Z,2015-05-19T16:00:00+0200,,,,,,,,,,,,,,,,,,,,,,,,,,,,,,,,,,,,45.809,21.402,12.322,205.675,14.195,278.626,278.666,111.015,,,,60.202,219.635,,,,,,,,,,,,,,,,,,,,,DE_KN_residential3_washing_machine | DE_KN_residential3_dishwasher | DE_KN_residential3_refrigerator | DE_KN_residential3_freezer | DE_KN_residential3_circulation_pump
2015-05-19T15:00:00Z,2015-05-19T17:00:00+0200,,,,,,,,,,,,,,,,,,,,,,,,,,,,,,,,,,,,45.865,21.403,12.339,205.945,14.195,278.666,278.668,111.018,,,,60.227,219.635,,,,,,,,,,,,,,,,,,,,,DE_KN_residential3_washing_machine | DE_KN_residential3_dishwasher | DE_KN_residential3_refrigerator | DE_KN_residential3_freezer | DE_KN_residential3_circulation_pump
2015-05-19T16:00:00Z,2015-05-19T18:00:00+0200,,,,,,,,,,,,,,,,,,,,,,,,,,,,,,,,,,,,45.910,21.411,12.348,206.370,14.196,278.680,278.671,111.066,,,,60.228,219.635,,,,,,,,,,,,,,,,,,,,,DE_KN_residential3_washing_machine | DE_KN_residential3_dishwasher | DE_KN_residential3_refrigerator | DE_KN_residential3_freezer | DE_KN_residential3_circulation_pump
2015-05-19T17:00:00Z,2015-05-19T19:00:00+0200,,,,,,,,,,,,,,,,,,,,,,,,,,,,,,,,,,,,45.955,21.937,12.363,207.450,14.196,278.689,278.673,111.074,,,,60.252,219.635,,,,,,,,,,,,,,,,,,,,,DE_KN_residential3_washing_machine | DE_KN_residential3_dishwasher | DE_KN_residential3_refrigerator | DE_KN_residential3_freezer | DE_KN_residential3_circulation_pump
2015-05-19T18:00:00Z,2015-05-19T20:00:00+0200,,,,,,,,,,,,,,,,,,,,,,,,,,,,,,,,,,,,45.980,22.540,12.378,208.345,14.196,278.699,278.675,111.116,,,,60.279,219.635,,,,,,,,,,,,,,,,,,,,,DE_KN_residential3_washing_machine | DE_KN_residential3_dishwasher | DE_KN_residential3_refrigerator | DE_KN_residential3_freezer | DE_KN_residential3_circulation_pump
2015-05-19T19:00:00Z,2015-05-19T21:00:00+0200,,,,,,,,,,,,,,,,,,,,,,,,,,,,,,,,,,,,45.983,22.556,12.388,208.570,14.196,278.708,278.678,111.149,,,,60.281,219.635,,,,,,,,,,,,,,,,,,,,,DE_KN_residential3_washing_machine | DE_KN_residential3_dishwasher | DE_KN_residential3_refrigerator | DE_KN_residential3_freezer | DE_KN_residential3_circulation_pump
2015-05-19T20:00:00Z,2015-05-19T22:00:00+0200,,,,,,,,,,,,,,,,,,,,,,,,,,,,,,,,,,,,45.987,22.556,12.406,208.820,14.196,278.717,278.681,111.167,,,,60.305,219.635,,,,,,,,,,,,,,,,,,,,,DE_KN_residential3_washing_machine | DE_KN_residential3_dishwasher | DE_KN_residential3_refrigerator | DE_KN_residential3_freezer | DE_KN_residential3_circulation_pump
2015-05-19T21:00:00Z,2015-05-19T23:00:00+0200,,,,,,,,,,,,,,,,,,,,,,,,,,,,,,,,,,,,45.991,22.557,12.417,208.965,14.196,278.726,278.683,111.219,,,,60.330,219.635,,,,,,,,,,,,,,,,,,,,,DE_KN_residential3_washing_machine | DE_KN_residential3_dishwasher | DE_KN_residential3_refrigerator | DE_KN_residential3_freezer | DE_KN_residential3_circulation_pump
2015-05-19T22:00:00Z,2015-05-20T00:00:00+0200,,,,,,,,,,,,,,,,,,,,,,,,,,,,,,,,,,,,45.994,22.557,12.427,209.075,14.196,278.738,279.583,111.226,,,,60.330,219.635,,,,,,,,,,,,,,,,,,,,,DE_KN_residential3_washing_machine | DE_KN_residential3_dishwasher | DE_KN_residential3_refrigerator | DE_KN_residential3_freezer | DE_KN_residential3_circulation_pump
2015-05-19T23:00:00Z,2015-05-20T01:00:00+0200,,,,,,,,,,,,,,,,,,,,,,,,,,,,,,,,,,,,45.998,22.557,12.446,209.245,14.196,278.747,279.693,111.269,,,,60.354,219.635,,,,,,,,,,,,,,,,,,,,,DE_KN_residential3_washing_machine | DE_KN_residential3_dishwasher | DE_KN_residential3_refrigerator | DE_KN_residential3_freezer | DE_KN_residential3_circulation_pump
2015-05-20T00:00:00Z,2015-05-20T02:00:00+0200,,,,,,,,,,,,,,,,,,,,,,,,,,,,,,,,,,,,46.002,22.557,12.456,209.360,14.196,278.762,279.696,111.305,,,,60.370,219.635,,,,,,,,,,,,,,,,,,,,,DE_KN_residential3_washing_machine | DE_KN_residential3_dishwasher | DE_KN_residential3_refrigerator | DE_KN_residential3_freezer | DE_KN_residential3_circulation_pump
2015-05-20T01:00:00Z,2015-05-20T03:00:00+0200,,,,,,,,,,,,,,,,,,,,,,,,,,,,,,,,,,,,46.005,22.557,12.466,209.425,14.196,278.772,279.698,111.319,,,,60.379,219.635,,,,,,,,,,,,,,,,,,,,,DE_KN_residential3_washing_machine | DE_KN_residential3_dishwasher | DE_KN_residential3_refrigerator | DE_KN_residential3_freezer | DE_KN_residential3_circulation_pump
2015-05-20T02:00:00Z,2015-05-20T04:00:00+0200,,,,,,,,,,,,,,,,,,,,,,,,,,,,,,,,,,,,46.009,22.558,12.486,209.600,14.196,278.800,279.701,111.367,,,,60.403,219.635,,,,,,,,,,,,,,,,,,,,,DE_KN_residential3_washing_machine | DE_KN_residential3_dishwasher | DE_KN_residential3_refrigerator | DE_KN_residential3_freezer | DE_KN_residential3_circulation_pump
2015-05-20T03:00:00Z,2015-05-20T05:00:00+0200,,,,,,,,,,,,,,,,,,,,,,,,,,,,,,,,,,,,46.161,22.558,12.495,209.855,14.196,278.834,279.703,111.369,,,,60.407,219.635,,,,,,,,,,,,,,,,,,,,,DE_KN_residential3_washing_machine | DE_KN_residential3_dishwasher | DE_KN_residential3_refrigerator | DE_KN_residential3_freezer | DE_KN_residential3_circulation_pump
2015-05-20T04:00:00Z,2015-05-20T06:00:00+0200,,,,,,,,,,,,,,,,,,,,,,,,,,,,,,,,,,,,46.225,22.558,12.510,210.010,14.196,278.896,279.706,111.417,,,,60.441,219.635,,,,,,,,,,,,,,,,,,,,,DE_KN_residential3_washing_machine | DE_KN_residential3_dishwasher | DE_KN_residential3_refrigerator | DE_KN_residential3_freezer | DE_KN_residential3_circulation_pump
2015-05-20T05:00:00Z,2015-05-20T07:00:00+0200,,,,,,,,,,,,,,,,,,,,,,,,,,,,,,,,,,,,46.305,22.558,12.523,210.235,14.196,278.957,279.708,111.437,,,,60.478,219.636,,,,,,,,,,,,,,,,,,,,,DE_KN_residential3_washing_machine | DE_KN_residential3_dishwasher | DE_KN_residential3_refrigerator | DE_KN_residential3_freezer | DE_KN_residential3_circulation_pump
2015-05-20T06:00:00Z,2015-05-20T08:00:00+0200,,,,,,,,,,,,,,,,,,,,,,,,,,,,,,,,,,,,46.368,22.558,12.532,210.520,14.196,278.997,279.711,111.466,,,,60.497,219.636,,,,,,,,,,,,,,,,,,,,,DE_KN_residential3_washing_machine | DE_KN_residential3_dishwasher | DE_KN_residential3_refrigerator | DE_KN_residential3_freezer | DE_KN_residential3_circulation_pump
2015-05-20T07:00:00Z,2015-05-20T09:00:00+0200,,,,,,,,,,,,,,,,,,,,,,,,,,,,,,,,,,,,46.415,22.559,12.552,210.755,14.196,279.045,279.714,111.512,,,,60.528,219.636,,,,,,,,,,,,,,,,,,,,,DE_KN_residential3_washing_machine | DE_KN_residential3_dishwasher | DE_KN_residential3_refrigerator | DE_KN_residential3_freezer | DE_KN_residential3_circulation_pump
2015-05-20T08:00:00Z,2015-05-20T10:00:00+0200,,,,,,,,,,,,,,,,,,,,,,,,,,,,,,,,,,,,46.419,22.559,12.562,210.875,14.196,279.109,279.716,111.515,,,,60.531,219.636,,,,,,,,,,,,,,,,,,,,,
2015-05-20T09:00:00Z,2015-05-20T11:00:00+0200,,,,,,,,,,,,,,,,,,,,,,,,,,,,,,,,,,,,46.423,22.559,12.572,210.980,14.196,279.184,279.719,111.562,,,,60.555,219.636,,,,,,,,,,,,,,,,,,,,,
2015-05-20T10:00:00Z,2015-05-20T12:00:00+0200,,,,,,,,,,,,,,,,,,,,,,,,,,,,,,,,,,,,46.426,22.559,12.592,211.140,14.196,279.296,279.721,111.617,,,,60.580,219.636,,,,,,,,,,,,,,,,,,,,,
2015-05-20T11:00:00Z,2015-05-20T13:00:00+0200,,,,,,,,,,,,,,,,,,,,,,,,,,,,,,,,,,,,46.430,22.560,12.601,211.210,14.196,279.403,280.499,111.647,,,,60.587,219.636,,,,,,,,,,,,,,,,,,,,,
2015-05-20T12:00:00Z,2015-05-20T14:00:00+0200,,,,,,,,,,,,,,,,,,,,,,,,,,,,,,,,,,,,46.434,22.560,12.613,211.315,14.197,279.510,280.751,111.676,,,,60.606,219.808,,,,,,,,,,,,,,,,,,,,,
2015-05-20T13:00:00Z,2015-05-20T15:00:00+0200,,,,,,,,,,,,,,,,,,,,,,,,,,,,,,,,,,,,46.513,22.560,12.631,211.545,14.197,279.582,280.753,111.732,,,,60.636,219.810,,,,,,,,,,,,,,,,,,,,,
2015-05-20T14:00:00Z,2015-05-20T16:00:00+0200,,,,,,,,,,,,,,,,,,,,,,,,,,,,,,,,,,,,46.581,22.560,12.640,211.680,14.197,279.665,280.756,111.793,,,,60.636,219.810,,,,,,,,,,,,,,,,,,,,,
2015-05-20T15:00:00Z,2015-05-20T17:00:00+0200,,,,,,,,,,,,,,,,,,,,,,,,,,,,,,,,,,,,46.640,22.560,12.650,213.290,14.262,279.752,280.758,111.826,,,,60.663,219.810,,,,,,,,,,,,,,,,,,,,,
2015-05-20T16:00:00Z,2015-05-20T18:00:00+0200,,,,,,,,,,,,,,,,,,,,,,,,,,,,,,,,,,,,46.694,22.560,12.660,214.280,14.811,279.819,280.760,111.855,,,,60.688,219.810,,,,,,,,,,,,,,,,,,,,,
2015-05-20T17:00:00Z,2015-05-20T19:00:00+0200,,,,,,,,,,,,,,,,,,,,,,,,,,,,,,,,,,,,46.772,22.561,12.670,214.820,14.892,279.885,280.762,111.913,,,,60.697,219.810,,,,,,,,,,,,,,,,,,,,,
2015-05-20T18:00:00Z,2015-05-20T20:00:00+0200,,,,,,,,,,,,,,,,,,,,,,,,,,,,,,,,,,,,46.824,22.561,12.696,215.480,14.981,279.951,280.765,111.964,,,,60.724,219.810,,,,,,,,,,,,,,,,,,,,,DE_KN_residential2_dishwasher
2015-05-20T19:00:00Z,2015-05-20T21:00:00+0200,,,,,,,,,,,,,,,,,,,,,,,,,,,,,,,,,,,,46.827,22.561,12.710,216.245,14.981,280.017,280.767,111.979,,,,60.741,219.810,,,,,,,,,,,,,,,,,,,,,DE_KN_residential2_dishwasher
2015-05-20T20:00:00Z,2015-05-20T22:00:00+0200,,,,,,,,,,,,,,,,,,,,,,,,,,,,,,,,,,,,46.831,22.561,12.719,216.555,14.981,280.084,280.770,112.027,,,,60.750,219.810,,,,,,,,,,,,,,,,,,,,,DE_KN_residential2_dishwasher
2015-05-20T21:00:00Z,2015-05-20T23:00:00+0200,,,,,,,,,,,,,,,,,,,,,,,,,,,,,,,,,,,,46.835,22.562,12.737,216.675,14.981,280.125,280.773,112.082,,,,60.777,219.811,,,,,,,,,,,,,,,,,,,,,DE_KN_residential2_dishwasher
2015-05-20T22:00:00Z,2015-05-21T00:00:00+0200,,,,,,,,,,,,,,,,,,,,,,,,,,,,,,,,,,,,46.838,22.562,12.749,216.810,14.981,280.153,280.775,112.101,,,,60.777,220.011,,,,,,,,,,,,,,,,,,,,,DE_KN_residential2_dishwasher
2015-05-20T23:00:00Z,2015-05-21T01:00:00+0200,,,,,,,,,,,,,,,,,,,,,,,,,,,,,,,,,,,,46.842,22.562,12.759,216.965,14.981,280.217,280.778,112.138,,,,60.803,220.011,,,,,,,,,,,,,,,,,,,,,DE_KN_residential2_dishwasher
2015-05-21T00:00:00Z,2015-05-21T02:00:00+0200,,,,,,,,,,,,,,,,,,,,,,,,,,,,,,,,,,,,46.845,22.562,12.778,217.060,14.981,280.287,280.780,112.190,,,,60.816,220.011,,,,,,,,,,,,,,,,,,,,,DE_KN_residential2_dishwasher
2015-05-21T01:00:00Z,2015-05-21T03:00:00+0200,,,,,,,,,,,,,,,,,,,,,,,,,,,,,,,,,,,,46.849,22.563,12.789,217.205,14.981,280.352,280.783,112.211,,,,60.829,220.011,,,,,,,,,,,,,,,,,,,,,DE_KN_residential2_dishwasher
2015-05-21T02:00:00Z,2015-05-21T04:00:00+0200,,,,,,,,,,,,,,,,,,,,,,,,,,,,,,,,,,,,46.853,22.563,12.799,217.340,14.981,280.425,280.786,112.244,,,,60.854,220.011,,,,,,,,,,,,,,,,,,,,,DE_KN_residential2_dishwasher
2015-05-21T03:00:00Z,2015-05-21T05:00:00+0200,,,,,,,,,,,,,,,,,,,,,,,,,,,,,,,,,,,,46.999,22.563,12.817,217.565,14.981,280.493,280.789,112.295,,,,60.855,220.011,,,,,,,,,,,,,,,,,,,,,DE_KN_residential2_dishwasher
2015-05-21T04:00:00Z,2015-05-21T06:00:00+0200,,,,,,,,,,,,,,,,,,,,,,,,,,,,,,,,,,,,47.085,22.563,12.829,217.875,14.981,280.563,280.791,112.300,,,,60.884,220.011,,,,,,,,,,,,,,,,,,,,,DE_KN_residential2_dishwasher
2015-05-21T05:00:00Z,2015-05-21T07:00:00+0200,,,,,,,,,,,,,,,,,,,,,,,,,,,,,,,,,,,,47.157,22.563,12.838,218.070,14.981,280.627,280.794,112.346,,,,60.906,220.011,,,,,,,,,,,,,,,,,,,,,
2015-05-21T06:00:00Z,2015-05-21T08:00:00+0200,,,,,,,,,,,,,,,,,,,,,,,,,,,,,,,,,,,,47.281,22.563,12.857,218.545,14.981,280.693,281.142,112.389,,,,60.911,220.011,,,,,,,,,,,,,,,,,,,,,
2015-05-21T07:00:00Z,2015-05-21T09:00:00+0200,,,,,,,,,,,,,,,,,,,,,,,,,,,,,,,,,,,,47.306,22.564,12.868,218.735,14.981,280.772,281.836,112.397,,,,60.935,220.011,,,,,,,,,,,,,,,,,,,,,
2015-05-21T08:00:00Z,2015-05-21T10:00:00+0200,,,,,,,,,,,,,,,,,,,,,,,,,,,,,,,,,,,,47.309,22.564,12.878,219.955,14.981,280.884,281.839,112.445,,,,60.944,220.011,,,,,,,,,,,,,,,,,,,,,
2015-05-21T09:00:00Z,2015-05-21T11:00:00+0200,,,,,,,,,,,,,,,,,,,,,,,,,,,,,,,,,,,,47.312,22.564,12.897,220.165,14.981,280.991,281.842,112.447,,,,60.961,220.837,,,,,,,,,,,,,,,,,,,,,
2015-05-21T10:00:00Z,2015-05-21T12:00:00+0200,,,,,,,,,,,,,,,,,,,,,,,,,,,,,,,,,,,,47.316,22.564,12.908,220.270,14.982,281.086,281.845,112.495,,,,60.986,220.935,,,,,,,,,,,,,,,,,,,,,
2015-05-21T11:00:00Z,2015-05-21T13:00:00+0200,,,,,,,,,,,,,,,,,,,,,,,,,,,,,,,,,,,,47.320,22.565,12.917,220.365,14.982,281.173,281.847,112.530,,,,60.993,221.018,,,,,,,,,,,,,,,,,,,,,
2015-05-21T12:00:00Z,2015-05-21T14:00:00+0200,,,,,,,,,,,,,,,,,,,,,,,,,,,,,,,,,,,,47.323,22.565,12.937,220.515,14.982,281.278,281.850,112.544,,,,61.014,221.069,,,,,,,,,,,,,,,,,,,,,
2015-05-21T13:00:00Z,2015-05-21T15:00:00+0200,,,,,,,,,,,,,,,,,,,,,,,,,,,,,,,,,,,,47.408,22.565,12.946,220.675,14.982,281.354,281.852,112.591,,,,61.041,221.069,,,,,,,,,,,,,,,,,,,,,
2015-05-21T14:00:00Z,2015-05-21T16:00:00+0200,,,,,,,,,,,,,,,,,,,,,,,,,,,,,,,,,,,,47.479,22.565,12.956,220.870,14.982,281.450,281.855,112.598,,,,61.045,221.070,,,,,,,,,,,,,,,,,,,,,
2015-05-21T15:00:00Z,2015-05-21T17:00:00+0200,,,,,,,,,,,,,,,,,,,,,,,,,,,,,,,,0.107,0.010,0.135,,47.548,22.565,12.973,221.590,14.991,281.560,281.857,112.641,,,,61.066,221.623,,,,,,,,,,,,,,,,,,,,,
2015-05-21T16:00:00Z,2015-05-21T18:00:00+0200,,,,,,,,,,,,,,,,,,,,,,,,,,,,,,,,0.482,0.510,0.889,,47.628,22.565,12.978,222.745,15.525,281.646,281.860,112.677,,,,61.093,222.342,,,,,,,,,,,,,,,,,,,,,DE_KN_residential2_freezer
2015-05-21T17:00:00Z,2015-05-21T19:00:00+0200,,,,,,,,,,,,,,,,,,,,,,,,,,,,,,,,1.045,0.859,1.354,,47.741,22.567,12.987,224.175,15.611,281.712,281.863,112.690,,,,61.097,222.357,,,,,,,,,,,,,,,,,,,,,DE_KN_residential2_dishwasher | DE_KN_residential2_freezer
2015-05-21T18:00:00Z,2015-05-21T20:00:00+0200,,,,,,,,,,,,,,,,,,,,,,,,,,,,,,,,1.572,1.449,1.410,,47.767,22.568,13.016,224.425,15.708,281.778,281.865,112.737,,,,61.123,222.369,,,,,,,,,,,,,,,,,,,,,DE_KN_residential2_dishwasher
2015-05-21T19:00:00Z,2015-05-21T21:00:00+0200,,,,,,,,,,,,,,,,,,,,,,,,,,,,,,,,2.152,2.133,1.410,,47.770,22.568,13.026,224.665,15.708,281.844,281.868,112.740,,,,61.136,222.369,,,,,,,,,,,,,,,,,,,,,
2015-05-21T20:00:00Z,2015-05-21T22:00:00+0200,,,,,,,,,,,,,,,,,,,,,,,,,,,,,,,,2.662,2.641,1.410,,47.774,22.568,13.042,224.860,15.708,281.911,281.871,112.786,,,,61.155,223.297,,,,,,,,,,,,,,,,,,,,,
2015-05-21T21:00:00Z,2015-05-21T23:00:00+0200,,,,,,,,,,,,,,,,,,,,,,,,,,,,,,,,3.104,3.480,1.410,,47.777,22.568,13.056,225.010,15.708,281.953,281.873,112.814,,,,61.184,223.567,,,,,,,,,,,,,,,,,,,,,
2015-05-21T22:00:00Z,2015-05-22T00:00:00+0200,,,,,,,,,,,,,,,,,,,,,,,,,,,,,,,,3.417,3.750,1.410,,47.781,22.569,13.066,225.195,15.708,281.967,281.875,112.836,,,,61.196,223.582,,,,,,,,,,,,,,,,,,,,,
2015-05-21T23:00:00Z,2015-05-22T01:00:00+0200,,,,,,,,,,,,,,,,,,,,,,,,,,,,,,,,3.737,3.770,1.410,,47.785,22.569,13.081,225.305,15.708,282.032,281.879,112.883,,,,61.211,223.590,,,,,,,,,,,,,,,,,,,,,
2015-05-22T00:00:00Z,2015-05-22T02:00:00+0200,,,,,,,,,,,,,,,,,,,,,,,,,,,,,,,,4.037,3.779,1.410,,47.789,22.569,13.097,225.465,15.708,282.103,281.881,112.885,,,,61.238,223.590,,,,,,,,,,,,,,,,,,,,,
2015-05-22T01:00:00Z,2015-05-22T03:00:00+0200,,,,,,,,,,,,,,,,,,,,,,,,,,,,,,,,4.347,3.791,1.410,,47.793,22.569,13.107,225.635,15.708,282.168,281.884,112.932,,,,61.245,223.590,,,,,,,,,,,,,,,,,,,,,
2015-05-22T02:00:00Z,2015-05-22T04:00:00+0200,,,,,,,,,,,,,,,,,,,,,,,,,,,,,,,,4.657,3.811,1.410,,47.796,22.569,13.119,225.740,15.708,282.240,281.886,112.946,,,,61.264,223.590,,,,,,,,,,,,,,,,,,,,,
2015-05-22T03:00:00Z,2015-05-22T05:00:00+0200,,,,,,,,,,,,,,,,,,,,,,,,,,,,,,,,4.997,4.158,1.410,,47.926,22.570,13.138,226.025,15.708,282.309,281.889,112.982,,,,61.289,223.590,,,,,,,,,,,,,,,,,,,,,
2015-05-22T04:00:00Z,2015-05-22T06:00:00+0200,,,,,,,,,,,,,,,,,,,,,,,,,,,,,,,,5.402,5.802,1.478,,48.028,22.570,13.148,226.365,15.708,282.382,281.891,113.015,,,,61.290,223.606,,,,,,,,,,,,,,,,,,,,,
2015-05-22T05:00:00Z,2015-05-22T07:00:00+0200,,,,,,,,,,,,,,,,,,,,,,,,,,,,,,,,5.977,7.881,1.917,,48.102,22.570,13.159,226.550,15.708,282.447,281.894,113.030,,,,61.325,223.606,,,,,,,,,,,,,,,,,,,,,
2015-05-22T06:00:00Z,2015-05-22T08:00:00+0200,,,,,,,,,,,,,,,,,,,,,,,,,,,,,,,,6.324,8.221,4.654,,48.174,22.570,13.177,226.810,15.709,282.526,281.897,113.077,,,,61.342,223.606,,,,,,,,,,,,,,,,,,,,,
2015-05-22T07:00:00Z,2015-05-22T09:00:00+0200,,,,,,,,,,,,,,,,,,,,,,,,,,,,,,,,8.559,8.230,7.481,,48.209,22.571,13.187,226.945,15.709,282.639,281.899,113.079,,,,61.352,224.121,,,,,,,,,,,,,,,,,,,,,
2015-05-22T08:00:00Z,2015-05-22T10:00:00+0200,,,,,,,,,,,,,,,,,,,,,,,,,,,,,,,,10.457,8.820,13.807,,48.213,22.571,13.197,227.085,15.709,282.754,281.902,113.126,,,,61.378,224.293,,,,,,,,,,,,,,,,,,,,,
2015-05-22T09:00:00Z,2015-05-22T11:00:00+0200,,,,,,,,,,,,,,,,,,,,,,,,,,,,,,,,12.242,9.100,17.414,,48.216,22.571,13.217,227.395,15.709,282.865,281.905,113.158,,,,61.385,224.295,,,,,,,,,,,,,,,,,,,,,
2015-05-22T10:00:00Z,2015-05-22T12:00:00+0200,,,,,,,,,,,,,,,,,,,,,,,,,,,,,,,,13.205,9.109,20.758,,48.292,22.571,13.227,228.205,15.709,282.979,281.907,113.174,,,,61.403,224.295,,,,,,,,,,,,,,,,,,,,,
2015-05-22T11:00:00Z,2015-05-22T13:00:00+0200,,,,,,,,,,,,,,,,,,,,,,,,,,,,,,,,13.635,9.131,26.586,,48.355,22.571,13.237,228.765,15.709,283.093,281.968,113.221,,,,61.432,224.295,,,,,,,,,,,,,,,,,,,,,
2015-05-22T12:00:00Z,2015-05-22T14:00:00+0200,,,,,,,,,,,,,,,,,,,,,,,,,,,,,,,,14.125,9.471,28.271,0.000,48.416,22.572,13.257,229.115,15.709,283.200,282.965,113.223,,,,61.432,224.295,,,,,,,,,,,,,,,,,,,,,
2015-05-22T13:00:00Z,2015-05-22T15:00:00+0200,,,,,,,,,,,,,,,,,,,,,,,,,,,,,,0.000,,14.475,9.480,31.781,0.000,48.498,22.572,13.268,229.425,15.709,283.311,282.970,113.270,,,,61.458,224.295,,,,,,,,,,,,,,,,,,,,,
2015-05-22T14:00:00Z,2015-05-22T16:00:00+0200,,,,,,,,,,,,,,,,,,,,,,,,,,,,,,0.000,,14.875,9.490,35.946,0.000,48.538,22.572,13.278,229.780,15.709,283.434,282.973,113.295,,,,61.474,224.295,,,,,,,,,,,,,,,,,,,,,DE_KN_residential1_dishwasher | DE_KN_residential1_washing_machine
2015-05-22T15:00:00Z,2015-05-22T17:00:00+0200,,,,,,,,,,,,,,,,,,,,,,,,,,,,,,0.000,,15.207,9.510,38.658,0.000,48.578,22.572,13.294,230.105,15.709,283.544,282.976,113.319,,,,61.485,224.295,,,,,,,,,,,,,,,,,,,,,DE_KN_residential1_dishwasher | DE_KN_residential1_washing_machine
2015-05-22T16:00:00Z,2015-05-22T18:00:00+0200,,,,,,,,,,,,,,,,,,,,,,,,,,,,,,0.000,,15.602,9.891,39.708,0.000,48.616,22.572,13.308,230.400,15.709,283.630,282.979,113.366,,,,61.517,224.295,,,,,,,,,,,,,,,,,,,,,
2015-05-22T17:00:00Z,2015-05-22T19:00:00+0200,,,,,,,,,,,,,,,,,,,,,,,,,,,,,,0.000,,16.045,10.573,40.124,0.000,48.654,23.039,13.318,231.010,15.709,283.695,282.981,113.368,,,,61.536,224.295,,,,,,,,,,,,,,,,,,,,,
2015-05-22T18:00:00Z,2015-05-22T20:00:00+0200,,,,,,,,,,,,,,,,,,,,,,,,,,,,,,0.000,,16.645,10.866,40.289,0.000,48.692,23.634,13.332,231.735,15.709,283.760,282.984,113.415,,,,61.544,224.295,,,,,,,,,,,,,,,,,,,,,
2015-05-22T19:00:00Z,2015-05-22T21:00:00+0200,,,,,,,,,,,,,,,,,,,,,,,,,,,,,,0.000,,17.362,11.837,40.289,0.000,48.730,23.654,13.349,231.895,15.709,283.825,282.986,113.431,,,,61.570,224.295,,,,,,,,,,,,,,,,,,,,,
2015-05-22T20:00:00Z,2015-05-22T22:00:00+0200,,,,,,,,,,,,,,,,,,,,,,,,,,,,,,0.000,,17.942,12.188,40.289,0.000,48.768,23.656,13.359,231.995,15.709,283.890,282.988,113.464,,,,61.600,224.295,,,,,,,,,,,,,,,,,,,,,
2015-05-22T21:00:00Z,2015-05-22T23:00:00+0200,,,,,,,,,,,,,,,,,,,,,,,,,,,,,,0.000,,18.385,12.910,40.289,0.000,48.806,23.658,13.369,232.155,15.709,283.931,282.991,113.511,,,,61.617,224.295,,,,,,,,,,,,,,,,,,,,,
2015-05-22T22:00:00Z,2015-05-23T00:00:00+0200,,,,,,,,,,,,,,,,,,,,,,,,,,,,,,0.000,,18.715,13.330,40.289,0.000,48.862,23.659,13.389,232.280,15.709,283.940,282.994,113.514,,,,61.626,224.295,,,,,,,,,,,,,,,,,,,,,
2015-05-22T23:00:00Z,2015-05-23T01:00:00+0200,,,,,,,,,,,,,,,,,,,,,,,,,,,,,,0.000,,19.045,13.340,40.289,0.001,48.901,23.660,13.399,232.435,15.709,283.991,282.996,113.561,,,,61.649,224.296,,,,,,,,,,,,,,,,,,,,,
2015-05-23T00:00:00Z,2015-05-23T02:00:00+0200,,,,,,,,,,,,,,,,,,,,,,,,,,,,,,0.000,,19.377,13.350,40.289,0.001,48.940,23.662,13.409,232.540,15.709,284.060,282.999,113.568,,,,61.668,224.296,,,,,,,,,,,,,,,,,,,,,
2015-05-23T01:00:00Z,2015-05-23T03:00:00+0200,,,,,,,,,,,,,,,,,,,,,,,,,,,,,,0.000,,19.694,13.369,40.289,0.001,48.997,23.663,13.428,232.685,15.709,284.124,283.001,113.610,,,,61.674,224.296,,,,,,,,,,,,,,,,,,,,,
2015-05-23T02:00:00Z,2015-05-23T04:00:00+0200,,,,,,,,,,,,,,,,,,,,,,,,,,,,,,0.000,,20.017,13.381,40.289,0.001,49.053,23.664,13.439,232.840,15.710,284.197,283.004,113.648,,,,61.698,224.296,,,,,,,,,,,,,,,,,,,,,
2015-05-23T03:00:00Z,2015-05-23T05:00:00+0200,,,,,,,,,,,,,,,,,,,,,,,,,,,,,,0.000,,20.352,13.451,40.289,0.001,49.093,23.666,13.449,232.920,15.710,284.266,283.007,113.659,,,,61.705,224.296,,,,,,,,,,,,,,,,,,,,,
2015-05-23T04:00:00Z,2015-05-23T06:00:00+0200,,,,,,,,,,,,,,,,,,,,,,,,,,,,,,0.001,,20.745,14.699,40.506,0.001,49.148,23.667,13.469,233.105,15.710,284.338,283.009,113.706,,,,61.723,224.296,,,,,,,,,,,,,,,,,,,,,
2015-05-23T05:00:00Z,2015-05-23T07:00:00+0200,,,,,,,,,,,,,,,,,,,,,,,,,,,,,,0.001,,21.125,15.520,41.249,0.001,49.188,23.668,13.479,233.190,15.710,284.405,283.012,113.708,,,,61.752,224.296,,,,,,,,,,,,,,,,,,,,,
2015-05-23T06:00:00Z,2015-05-23T08:00:00+0200,,,,,,,,,,,,,,,,,,,,,,,,,,,,,,0.001,,21.524,15.541,42.771,0.001,49.242,23.670,13.489,233.330,15.710,284.469,283.014,113.755,,,,61.756,224.296,,,,,,,,,,,,,,,,,,,,,
2015-05-23T07:00:00Z,2015-05-23T09:00:00+0200,,,,,,,,,,,,,,,,,,,,,,,,,,,,,,0.001,,21.885,15.971,44.768,0.001,49.280,23.671,13.509,233.465,15.710,284.540,283.016,113.784,,,,61.777,224.296,,,,,,,,,,,,,,,,,,,,,
2015-05-23T08:00:00Z,2015-05-23T10:00:00+0200,,,,,,,,,,,,,,,,,,,,,,,,,,,,,,0.001,,22.282,15.980,47.446,0.001,49.319,23.672,13.519,233.545,15.710,284.644,283.019,113.804,,,,61.806,224.296,,,,,,,,,,,,,,,,,,,,,
2015-05-23T09:00:00Z,2015-05-23T11:00:00+0200,,,,,,,,,,,,,,,,,,,,,,,,,,,,,,0.001,,24.687,15.990,51.368,0.594,49.357,23.674,13.529,233.705,15.710,284.751,283.021,113.835,,,,61.807,224.659,,,,,,,,,,,,,,,,,,,,,DE_KN_residential1_dishwasher | DE_KN_residential1_washing_machine
2015-05-23T10:00:00Z,2015-05-23T12:00:00+0200,,,,,,,,,,,,,,,,,,,,,,,,,,,,,,0.001,,25.805,16.000,55.533,0.807,49.395,23.675,13.548,233.800,15.710,284.858,283.024,113.853,,,,61.831,224.741,,,,,,,,,,,,,,,,,,,,,DE_KN_residential1_dishwasher | DE_KN_residential1_washing_machine
2015-05-23T11:00:00Z,2015-05-23T13:00:00+0200,,,,,,,,,,,,,,,,,,,,,,,,,,,,,,0.001,,26.530,16.020,58.406,1.134,49.432,23.676,13.558,233.925,15.710,284.961,283.271,113.900,,,,61.854,224.803,,,,,,,,,,,,,,,,,,,,,
2015-05-23T12:00:00Z,2015-05-23T14:00:00+0200,,,,,,,,,,,,,,,,,,,,,,,,,,,,,,0.001,,27.604,16.029,62.478,1.216,49.470,23.678,13.568,234.050,15.710,285.067,284.106,113.920,,,,61.865,224.804,,,,,,,,,,,,,,,,,,,,,DE_KN_residential1_dishwasher | DE_KN_residential1_washing_machine
2015-05-23T13:00:00Z,2015-05-23T15:00:00+0200,,,,,,,,,,,,,,,,,,,,,,,,,,,,,,0.001,,29.297,16.041,65.839,1.219,49.524,23.679,13.587,234.155,15.710,285.168,284.111,113.949,,,,61.878,224.804,,,,,,,,,,,,,,,,,,,,,
2015-05-23T14:00:00Z,2015-05-23T16:00:00+0200,,,,,,,,,,,,,,,,,,,,,,,,,,,,,,0.001,,29.725,16.279,68.639,1.222,49.565,23.680,13.599,234.320,15.710,285.271,284.115,113.996,,,,61.902,224.804,,,,,,,,,,,,,,,,,,,,,
2015-05-23T15:00:00Z,2015-05-23T17:00:00+0200,,,,,,,,,,,,,,,,,,,,,,,,,,,,,,0.001,,30.185,16.680,70.005,1.222,49.603,23.682,13.609,234.410,15.710,285.349,284.120,113.998,,,,61.920,224.804,,,,,,,,,,,,,,,,,,,,,
2015-05-23T16:00:00Z,2015-05-23T18:00:00+0200,,,,,,,,,,,,,,,,,,,,,,,,,,,,,,0.001,,30.547,17.029,71.113,1.222,49.641,23.683,13.624,234.535,15.710,285.450,284.123,114.045,,,,61.926,224.804,,,,,,,,,,,,,,,,,,,,,
2015-05-23T17:00:00Z,2015-05-23T19:00:00+0200,,,,,,,,,,,,,,,,,,,,,,,,,,,,,,0.001,,31.012,17.439,71.602,1.222,49.678,23.684,13.639,234.665,15.710,285.515,284.125,114.060,,,,61.950,224.804,,,,,,,,,,,,,,,,,,,,,
2015-05-23T18:00:00Z,2015-05-23T20:00:00+0200,,,,,,,,,,,,,,,,,,,,,,,,,,,,,,0.001,,31.652,18.100,71.648,1.222,49.716,23.686,13.650,234.745,15.710,285.579,284.128,114.094,,,,61.962,224.804,,,,,,,,,,,,,,,,,,,,,
2015-05-23T19:00:00Z,2015-05-23T21:00:00+0200,,,,,,,,,,,,,,,,,,,,,,,,,,,,,,0.001,,32.175,18.529,71.648,1.222,49.754,23.687,13.662,234.945,15.710,285.645,284.467,114.140,,,,61.977,224.804,,,,,,,,,,,,,,,,,,,,,
2015-05-23T20:00:00Z,2015-05-23T22:00:00+0200,,,,,,,,,,,,,,,,,,,,,,,,,,,,,,0.001,,32.675,18.779,71.648,1.222,49.810,23.688,13.680,235.075,15.710,285.711,285.154,114.144,,,,61.998,224.804,,,,,,,,,,,,,,,,,,,,,
2015-05-23T21:00:00Z,2015-05-23T23:00:00+0200,,,,,,,,,,,,,,,,,,,,,,,,,,,,,,0.001,,33.172,19.041,71.648,1.222,49.849,23.690,13.690,235.205,15.710,285.751,285.156,114.196,,,,62.003,224.804,,,,,,,,,,,,,,,,,,,,,
2015-05-23T22:00:00Z,2015-05-24T00:00:00+0200,,,,,,,,,,,,,,,,,,,,,,,,,,,,,,0.001,,33.555,19.291,71.648,1.223,49.887,23.691,13.700,235.335,15.711,285.760,285.158,114.199,,,,62.027,224.804,,,,,,,,,,,,,,,,,,,,,
2015-05-23T23:00:00Z,2015-05-24T01:00:00+0200,,,,,,,,,,,,,,,,,,,,,,,,,,,,,,0.001,,33.887,19.301,71.648,1.223,49.926,23.693,13.720,235.425,15.711,285.770,285.161,114.245,,,,62.038,224.804,,,,,,,,,,,,,,,,,,,,,
2015-05-24T00:00:00Z,2015-05-24T02:00:00+0200,,,,,,,,,,,,,,,,,,,,,,,,,,,,,,0.001,,34.215,19.311,71.648,1.223,49.964,23.694,13.731,235.595,15.711,285.819,285.163,114.284,,,,62.052,224.805,,,,,,,,,,,,,,,,,,,,,
2015-05-24T01:00:00Z,2015-05-24T03:00:00+0200,,,,,,,,,,,,,,,,,,,,,,,,,,,,,,0.001,,34.545,19.330,71.648,1.223,50.020,23.695,13.741,235.700,15.711,285.883,285.165,114.294,,,,62.077,224.805,,,,,,,,,,,,,,,,,,,,,
2015-05-24T02:00:00Z,2015-05-24T04:00:00+0200,,,,,,,,,,,,,,,,,,,,,,,,,,,,,,0.001,,34.857,19.340,71.648,1.223,50.058,23.697,13.758,235.825,15.711,285.956,285.167,114.341,,,,62.077,224.805,,,,,,,,,,,,,,,,,,,,,
2015-05-24T03:00:00Z,2015-05-24T05:00:00+0200,,,,,,,,,,,,,,,,,,,,,,,,,,,,,,0.001,,35.194,19.440,71.648,1.223,50.096,23.698,13.772,235.955,15.711,286.024,285.170,114.343,,,,62.101,224.805,,,,,,,,,,,,,,,,,,,,,
2015-05-24T04:00:00Z,2015-05-24T06:00:00+0200,,,,,,,,,,,,,,,,,,,,,,,,,,,,,,0.001,,35.604,20.910,71.776,1.223,50.134,23.699,13.782,236.035,15.711,286.094,285.172,114.390,,,,62.106,224.805,,,,,,,,,,,,,,,,,,,,,
2015-05-24T05:00:00Z,2015-05-24T07:00:00+0200,,,,,,,,,,,,,,,,,,,,,,,,,,,,,,0.002,,35.957,21.400,72.553,1.223,50.172,23.701,13.794,236.195,15.711,286.162,285.175,114.423,,,,62.125,224.805,,,,,,,,,,,,,,,,,,,,,
2015-05-24T06:00:00Z,2015-05-24T08:00:00+0200,,,,,,,,,,,,,,,,,,,,,,,,,,,,,,0.002,,36.447,22.650,74.538,1.223,50.228,23.702,13.812,236.305,15.711,286.241,285.178,114.438,,,,62.150,224.805,,,,,,,,,,,,,,,,,,,,,
2015-05-24T07:00:00Z,2015-05-24T09:00:00+0200,,,,,,,,,,,,,,,,,,,,,,,,,,,,,,0.002,,37.227,22.660,77.229,1.223,50.265,23.703,13.823,236.425,15.711,286.357,285.180,114.484,,,,62.151,224.805,,,,,,,,,,,,,,,,,,,,,
2015-05-24T08:00:00Z,2015-05-24T10:00:00+0200,,,,,,,,,,,,,,,,,,,,,,,,,,,,,,0.002,,38.210,22.680,80.173,1.223,50.302,23.705,13.833,236.550,15.711,286.473,285.183,114.487,,,,62.176,224.805,,,,,,,,,,,,,,,,,,,,,
2015-05-24T09:00:00Z,2015-05-24T11:00:00+0200,,,,,,,,,,,,,,,,,,,,,,,,,,,,,,0.002,,39.447,22.689,84.106,1.223,50.339,23.706,13.852,236.635,15.711,286.588,285.185,114.533,,,,62.195,224.805,,,,,,,,,,,,,,,,,,,,,
2015-05-24T10:00:00Z,2015-05-24T12:00:00+0200,,,,,,,,,,,,,,,,,,,,,,,,,,,,,,0.652,,40.505,22.699,88.289,1.223,50.376,23.707,13.863,236.795,15.711,286.707,285.188,114.561,,,,62.202,225.518,,,,,,,,,,,,,,,,,,,,,DE_KN_residential1_dishwasher
2015-05-24T11:00:00Z,2015-05-24T13:00:00+0200,,,,,,,,,,,,,,,,,,,,,,,,,,,,,,0.655,,41.404,22.721,92.999,1.223,50.414,23.709,13.873,236.885,15.711,286.818,285.191,114.581,,,,62.239,225.856,,,,,,,,,,,,,,,,,,,,,DE_KN_residential1_dishwasher
2015-05-24T12:00:00Z,2015-05-24T14:00:00+0200,,,,,,,,,,,,,,,,,,,,,,,,,,,,,,0.656,,41.755,22.730,96.370,1.223,50.469,23.710,13.889,237.025,15.711,286.926,286.159,114.628,,,,62.243,226.138,,,,,,,,,,,,,,,,,,,,,DE_KN_residential1_dishwasher
2015-05-24T13:00:00Z,2015-05-24T15:00:00+0200,,,,,,,,,,,,,,,,,,,,,,,,,,,,,,0.656,,42.117,22.740,99.398,1.223,50.507,23.711,13.903,237.160,15.711,287.033,286.399,114.630,,,,62.267,226.378,,,,,,,,,,,,,,,,,,,,,DE_KN_residential1_dishwasher
2015-05-24T14:00:00Z,2015-05-24T16:00:00+0200,,,,,,,,,,,,,,,,,,,,,,,,,,,,,,0.656,,42.465,22.760,102.139,1.223,50.545,23.713,13.914,237.240,15.711,287.141,287.123,114.676,,,,62.294,226.396,,,,,,,,,,,,,,,,,,,,,DE_KN_residential1_dishwasher
2015-05-24T15:00:00Z,2015-05-24T17:00:00+0200,,,,,,,,,,,,,,,,,,,,,,,,,,,,,,0.656,,42.777,22.770,103.960,1.223,50.558,23.714,13.927,237.375,15.711,287.238,287.389,114.704,,,,62.295,226.621,,,,,,,,,,,,,,,,,,,,,DE_KN_residential1_dishwasher
2015-05-24T16:00:00Z,2015-05-24T18:00:00+0200,,,,,,,,,,,,,,,,,,,,,,,,,,,,,,0.656,,43.097,22.779,105.209,1.223,50.562,23.715,13.944,237.440,15.712,287.331,287.392,114.725,,,,62.321,226.637,,,,,,,,,,,,,,,,,,,,,DE_KN_residential1_dishwasher
2015-05-24T17:00:00Z,2015-05-24T19:00:00+0200,,,,,,,,,,,,,,,,,,,,,,,,,,,,,,0.656,,43.425,23.020,105.874,1.224,50.565,23.716,13.954,237.518,15.712,287.418,287.395,114.771,,,,62.345,226.637,,,,,,,,,,,,,,,,,,,,,DE_KN_residential1_dishwasher
2015-05-24T18:00:00Z,2015-05-24T20:00:00+0200,,,,,,,,,,,,,,,,,,,,,,,,,,,,,,0.656,,43.892,23.270,105.980,1.224,50.569,23.718,13.965,237.620,15.712,287.485,287.397,114.773,,,,62.353,226.637,,,,,,,,,,,,,,,,,,,,,DE_KN_residential1_dishwasher
2015-05-24T19:00:00Z,2015-05-24T21:00:00+0200,,,,,,,,,,,,,,,,,,,,,,,,,,,,,,0.656,,44.540,23.510,105.980,1.224,50.572,23.719,13.983,237.680,15.712,287.548,288.112,114.819,,,,62.380,226.637,,,,,,,,,,,,,,,,,,,,,DE_KN_residential1_dishwasher
2015-05-24T20:00:00Z,2015-05-24T22:00:00+0200,,,,,,,,,,,,,,,,,,,,,,,,,,,,,,0.656,,45.392,23.811,105.980,1.224,50.576,23.720,13.994,237.807,15.712,287.612,288.664,114.845,,,,62.422,226.810,,,,,,,,,,,,,,,,,,,,,
2015-05-24T21:00:00Z,2015-05-24T23:00:00+0200,,,,,,,,,,,,,,,,,,,,,,,,,,,,,,0.656,,45.864,24.061,105.980,1.224,50.579,23.722,14.004,237.880,15.712,287.651,288.667,114.868,,,,62.443,226.839,,,,,,,,,,,,,,,,,,,,,DE_KN_residential1_washing_machine
2015-05-24T22:00:00Z,2015-05-25T00:00:00+0200,,,,,,,,,,,,,,,,,,,,,,,,,,,,,,0.656,,46.194,24.311,105.980,1.224,50.633,23.723,14.021,238.018,15.712,287.660,288.670,114.914,,,,62.462,226.839,,,,,,,,,,,,,,,,,,,,,
2015-05-24T23:00:00Z,2015-05-25T01:00:00+0200,,,,,,,,,,,,,,,,,,,,,,,,,,,,,,0.656,,46.505,24.320,105.980,1.224,50.673,23.724,14.035,238.160,15.712,287.669,288.672,114.916,,,,62.488,226.839,,,,,,,,,,,,,,,,,,,,,DE_KN_residential1_washing_machine
2015-05-25T00:00:00Z,2015-05-25T02:00:00+0200,,,,,,,,,,,,,,,,,,,,,,,,,,,,,,0.656,,46.817,24.330,105.980,1.224,50.711,23.726,14.046,238.258,15.712,287.684,288.675,114.963,,,,62.507,226.839,,,,,,,,,,,,,,,,,,,,,
2015-05-25T01:00:00Z,2015-05-25T03:00:00+0200,,,,,,,,,,,,,,,,,,,,,,,,,,,,,,0.656,,47.125,24.350,105.980,1.224,50.748,23.727,14.058,238.417,15.712,287.694,288.677,114.986,,,,62.515,226.839,,,,,,,,,,,,,,,,,,,,,DE_KN_residential1_washing_machine
2015-05-25T02:00:00Z,2015-05-25T04:00:00+0200,,,,,,,,,,,,,,,,,,,,,,,,,,,,,,0.656,,47.437,24.359,105.980,1.224,50.786,23.728,14.075,238.520,15.712,287.754,288.680,115.012,,,,62.540,226.839,,,,,,,,,,,,,,,,,,,,,
2015-05-25T03:00:00Z,2015-05-25T05:00:00+0200,,,,,,,,,,,,,,,,,,,,,,,,,,,,,,0.656,,47.757,24.404,105.980,1.224,50.843,23.730,14.086,238.648,15.712,287.822,288.682,115.058,,,,62.548,226.839,,,,,,,,,,,,,,,,,,,,,DE_KN_residential1_dishwasher | DE_KN_residential1_washing_machine
2015-05-25T04:00:00Z,2015-05-25T06:00:00+0200,,,,,,,,,,,,,,,,,,,,,,,,,,,,,,0.656,,48.145,25.410,106.037,1.224,50.882,23.731,14.096,238.780,15.712,287.890,288.685,115.060,,,,62.566,227.058,,,,,,,,,,,,,,,,,,,,,DE_KN_residential1_dishwasher | DE_KN_residential1_washing_machine
2015-05-25T05:00:00Z,2015-05-25T07:00:00+0200,,,,,,,,,,,,,,,,,,,,,,,,,,,,,,0.656,,48.484,25.670,106.422,1.224,50.920,23.733,14.116,238.870,15.712,287.956,288.688,115.106,,,,62.593,227.274,,,,,,,,,,,,,,,,,,,,,DE_KN_residential1_dishwasher | DE_KN_residential1_washing_machine
2015-05-25T06:00:00Z,2015-05-25T08:00:00+0200,,,,,,,,,,,,,,,,,,,,,,,,,,,,,,0.656,,49.045,26.100,107.463,1.224,50.958,23.734,14.126,239.020,15.712,288.040,288.690,115.108,,,,62.593,227.286,,,,,,,,,,,,,,,,,,,,,DE_KN_residential1_dishwasher | DE_KN_residential1_washing_machine
2015-05-25T07:00:00Z,2015-05-25T09:00:00+0200,,,,,,,,,,,,,,,,,,,,,,,,,,,,,,0.656,,49.515,26.119,109.744,1.224,51.014,23.735,14.136,239.138,15.712,288.146,288.693,115.155,,,,62.619,227.286,,,,,,,,,,,,,,,,,,,,,DE_KN_residential1_dishwasher
2015-05-25T08:00:00Z,2015-05-25T10:00:00+0200,,,,,,,,,,,,,,,,,,,,,,,,,,,,,,0.656,,50.614,26.131,114.651,1.224,51.051,23.737,14.153,239.247,15.712,288.259,288.696,115.201,,,,62.632,227.290,,,,,,,,,,,,,,,,,,,,,DE_KN_residential1_dishwasher
2015-05-25T09:00:00Z,2015-05-25T11:00:00+0200,,,,,,,,,,,,,,,,,,,,,,,,,,,,,,0.656,,51.219,26.141,121.113,1.224,51.064,23.737,14.165,239.397,15.712,288.372,288.698,115.214,,,,62.648,227.616,,,,,,,,,,,,,,,,,,,,,DE_KN_residential2_freezer | DE_KN_residential2_circulation_pump | DE_KN_residential2_dishwasher | DE_KN_residential2_washing_machine | DE_KN_residential1_dishwasher | DE_KN_residential2_grid_import
2015-05-25T10:00:00Z,2015-05-25T12:00:00+0200,,,,,,,,,,,,,,,,,,,,,,,,,,,,,,0.656,,54.159,26.160,127.610,1.225,51.091,23.738,14.185,239.537,15.712,288.483,288.701,115.249,,,,62.674,227.830,,,,,,,,,,,,,,,,,,,,,DE_KN_residential2_freezer | DE_KN_residential2_circulation_pump | DE_KN_residential2_dishwasher | DE_KN_residential2_washing_machine | DE_KN_residential1_dishwasher | DE_KN_residential2_grid_import
2015-05-25T11:00:00Z,2015-05-25T13:00:00+0200,,,,,,,,,,,,,,,,,,,,,,,,,,,,,,0.825,,55.002,26.170,130.273,1.225,51.128,23.739,14.200,239.685,15.713,288.544,288.704,115.266,,,,62.674,227.931,,,,,,,,,,,,,,,,,,,,,DE_KN_residential3_washing_machine | DE_KN_residential3_dishwasher | DE_KN_residential3_refrigerator | DE_KN_residential3_freezer | DE_KN_residential3_circulation_pump
2015-05-25T12:00:00Z,2015-05-25T14:00:00+0200,,,,,,,,,,,,,,,,,,,,,,,,,,,,,,1.566,,56.205,26.180,132.002,1.225,51.156,23.741,14.214,239.787,15.713,288.629,288.706,115.336,,,,62.684,228.240,,,,,,,,,,,,,,,,,,,,,
2015-05-25T13:00:00Z,2015-05-25T15:00:00+0200,,,,,,,,,,,,,,,,,,,,,,,,,,,,,,1.570,,56.574,26.199,133.169,1.225,51.159,23.742,14.224,239.848,15.713,288.696,288.709,115.347,,,,62.708,228.397,,,,,,,,,,,,,,,,,,,,,DE_KN_residential2_circulation_pump
2015-05-25T14:00:00Z,2015-05-25T16:00:00+0200,,,,,,,,,,,,,,,,,,,,,,,,,,,,,,1.570,,57.055,26.340,134.139,1.225,51.163,23.743,14.238,239.967,15.713,288.764,288.711,115.396,,,,62.724,228.691,,,,,,,,,,,,,,,,,,,,,DE_KN_residential2_circulation_pump
2015-05-25T15:00:00Z,2015-05-25T17:00:00+0200,,,,,,,,,,,,,,,,,,,,,,,,,,,,,,1.570,,57.444,26.480,134.636,1.225,51.166,23.745,14.254,240.017,15.713,288.831,288.714,115.398,,,,62.731,228.714,,,,,,,,,,,,,,,,,,,,,
2015-05-25T16:00:00Z,2015-05-25T18:00:00+0200,,,,,,,,,,,,,,,,,,,,,,,,,,,,,,1.570,,57.795,26.500,135.057,1.225,51.170,23.746,14.264,240.127,15.713,288.895,288.716,115.446,,,,62.754,228.715,,,,,,,,,,,,,,,,,,,,,DE_KN_residential2_circulation_pump
2015-05-25T17:00:00Z,2015-05-25T19:00:00+0200,,,,,,,,,,,,,,,,,,,,,,,,,,,,,,1.570,,58.292,26.658,135.180,1.225,51.173,23.747,14.275,240.205,15.713,288.956,288.719,115.453,,,,62.754,228.909,,,,,,,,,,,,,,,,,,,,,DE_KN_residential2_circulation_pump
2015-05-25T18:00:00Z,2015-05-25T20:00:00+0200,,,,,,,,,,,,,,,,,,,,,,,,,,,,,,1.570,,58.942,26.670,135.180,1.225,51.223,23.749,14.294,240.315,15.713,289.018,288.722,115.497,,,,62.777,228.944,,,,,,,,,,,,,,,,,,,,,
2015-05-25T19:00:00Z,2015-05-25T21:00:00+0200,,,,,,,,,,,,,,,,,,,,,,,,,,,,,,1.570,,59.662,27.177,135.180,1.225,51.260,23.750,14.304,240.467,15.713,289.079,288.724,115.528,,,,62.793,228.944,,,,,,,,,,,,,,,,,,,,,DE_KN_residential1_dishwasher | DE_KN_residential1_washing_machine
2015-05-25T20:00:00Z,2015-05-25T22:00:00+0200,,,,,,,,,,,,,,,,,,,,,,,,,,,,,,1.570,,60.197,27.189,135.180,1.225,51.297,23.751,14.314,240.547,15.713,289.142,288.727,115.549,,,,62.800,228.944,,,,,,,,,,,,,,,,,,,,,DE_KN_residential1_dishwasher | DE_KN_residential1_washing_machine
2015-05-25T21:00:00Z,2015-05-25T23:00:00+0200,,,,,,,,,,,,,,,,,,,,,,,,,,,,,,1.570,,60.607,27.520,135.180,1.225,51.334,23.752,14.334,240.695,15.713,289.182,288.729,115.598,,,,62.828,228.944,,,,,,,,,,,,,,,,,,,,,DE_KN_residential3_washing_machine | DE_KN_residential1_dishwasher | DE_KN_residential1_washing_machine | DE_KN_residential3_dishwasher
2015-05-25T22:00:00Z,2015-05-26T00:00:00+0200,,,,,,,,,,,,,,,,,,,,,,,,,,,,,,1.570,,60.944,27.820,135.180,1.225,51.390,23.754,14.344,240.827,15.713,289.192,288.732,115.600,,,,62.828,229.720,,,,,,,,,,,,,,,,,,,,,DE_KN_residential3_washing_machine | DE_KN_residential3_dishwasher
2015-05-25T23:00:00Z,2015-05-26T01:00:00+0200,,,,,,,,,,,,,,,,,,,,,,,,,,,,,,1.570,,61.255,27.830,135.180,1.225,51.428,23.755,14.354,240.925,15.713,289.202,288.734,115.649,,,,62.853,229.824,,,,,,,,,,,,,,,,,,,,,DE_KN_residential3_refrigerator | DE_KN_residential3_washing_machine
2015-05-26T00:00:00Z,2015-05-26T02:00:00+0200,,,,,,,,,,,,,,,,,,,,,,,,,,,,,,1.570,,61.574,27.850,135.180,1.225,51.466,23.757,14.372,241.087,15.713,289.272,288.737,115.652,,,,62.874,229.926,,,,,,,,,,,,,,,,,,,,,
2015-05-26T01:00:00Z,2015-05-26T03:00:00+0200,,,,,,,,,,,,,,,,,,,,,,,,,,,,,,1.570,,61.885,27.859,135.180,1.225,51.504,23.758,14.384,241.177,15.713,289.335,288.740,115.701,,,,62.877,229.928,,,,,,,,,,,,,,,,,,,,,DE_KN_residential3_washing_machine | DE_KN_residential3_dishwasher
2015-05-26T02:00:00Z,2015-05-26T04:00:00+0200,,,,,,,,,,,,,,,,,,,,,,,,,,,,,,1.570,,62.215,27.869,135.180,1.225,51.541,23.759,14.394,241.315,15.713,289.406,288.742,115.718,,,,62.901,229.928,,,,,,,,,,,,,,,,,,,,,DE_KN_residential3_washing_machine | DE_KN_residential3_dishwasher
2015-05-26T03:00:00Z,2015-05-26T05:00:00+0200,,,,,,,,,,,,,,,,,,,,,,,,,,,,,,1.570,,62.535,27.935,135.180,1.225,51.596,23.761,14.409,241.447,15.713,289.474,288.745,115.752,,,,62.914,229.928,,,,,,,,,,,,,,,,,,,,,
2015-05-26T04:00:00Z,2015-05-26T06:00:00+0200,,,,,,,,,,,,,,,,,,,,,,,,,,,,,,1.570,,62.885,28.641,135.188,1.225,51.650,23.762,14.424,241.555,15.713,289.542,288.748,115.789,,,,62.924,229.928,,,,,,,,,,,,,,,,,,,,,
2015-05-26T05:00:00Z,2015-05-26T07:00:00+0200,,,,,,,,,,,,,,,,,,,,,,,,,,,,,,1.570,,63.317,29.250,135.323,1.226,51.689,23.763,14.434,241.715,15.713,289.607,288.750,115.803,,,,62.951,230.132,,,,,,,,,,,,,,,,,,,,,
2015-05-26T06:00:00Z,2015-05-26T08:00:00+0200,,,,,,,,,,,,,,,,,,,,,,,,,,,,,,1.570,,64.312,29.541,135.815,1.791,51.727,23.765,14.447,241.795,15.713,289.670,288.753,115.852,,,,62.954,230.491,,,,,,,,,,,,,,,,,,,,,
2015-05-26T07:00:00Z,2015-05-26T09:00:00+0200,,,,,,,,,,,,,,,,,,,,,,,,,,,,,,1.570,,64.712,29.561,137.279,1.822,51.782,23.766,14.464,241.947,15.714,289.734,288.756,115.854,,,,62.976,231.650,,,,,,,,,,,,,,,,,,,,,DE_KN_residential1_dishwasher | DE_KN_residential1_washing_machine
2015-05-26T08:00:00Z,2015-05-26T10:00:00+0200,,,,,,,,,,,,,,,,,,,,,,,,,,,,,,1.570,,65.162,30.212,142.527,1.824,51.820,23.767,14.474,242.057,15.714,289.834,288.758,115.903,,,,62.992,232.680,,,,,,,,,,,,,,,,,,,,,DE_KN_residential3_washing_machine | DE_KN_residential1_dishwasher | DE_KN_residential1_washing_machine | DE_KN_residential3_dishwasher
2015-05-26T09:00:00Z,2015-05-26T11:00:00+0200,,,,,,,,,,,,,,,,,,,,,,,,,,,,,,1.570,,65.515,30.420,144.725,1.826,51.856,23.769,14.485,242.145,15.714,289.924,288.761,115.905,,,,63.006,233.273,,,,,,,,,,,,,,,,,,,,,
2015-05-26T10:00:00Z,2015-05-26T12:00:00+0200,,,,,,,,,,,,,,,,,,,,,,,,,,,,,,1.571,,65.897,30.430,149.942,1.829,51.895,23.770,14.503,242.317,15.714,290.028,288.763,115.954,,,,63.030,233.314,,,,,,,,,,,,,,,,,,,,,
2015-05-26T11:00:00Z,2015-05-26T13:00:00+0200,,,,,,,,,,,,,,,,,,,,,,,,,,,,,,1.571,,66.274,30.449,154.242,1.831,51.932,23.771,14.514,242.395,15.714,290.119,288.766,115.976,,,,63.048,233.472,,,,,,,,,,,,,,,,,,,,,
2015-05-26T12:00:00Z,2015-05-26T14:00:00+0200,,,,,,,,,,,,,,,,,,,,,,,,,,,,,,1.571,,66.840,30.609,155.248,1.833,51.970,23.773,14.523,242.525,15.714,290.182,288.769,116.005,,,,63.059,233.734,,,,,,,,,,,,,,,,,,,,,DE_KN_residential3_washing_machine | DE_KN_residential3_dishwasher
2015-05-26T13:00:00Z,2015-05-26T15:00:00+0200,,,,,,,,,,,,,,,,,,,,,,,,,,,,,,1.571,,68.697,30.619,156.116,1.835,52.027,23.774,14.543,242.665,15.714,290.268,289.812,116.054,,,,63.081,233.752,,,,,,,,,,,,,,,,,,,,,DE_KN_residential1_washing_machine
2015-05-26T14:00:00Z,2015-05-26T16:00:00+0200,,,,,,,,,,,,,,,,,,,,,,,,,,,,,,1.571,,69.099,30.750,156.534,1.836,52.065,23.775,14.554,242.755,15.714,290.337,289.875,116.056,,,,63.100,234.002,,,,,,,,,,,,,,,,,,,,,
2015-05-26T15:00:00Z,2015-05-26T17:00:00+0200,,,,,,,,,,,,,,,,,,,,,,,,,,,,,,1.571,,69.512,30.760,158.011,1.838,52.103,23.777,14.563,242.907,15.714,290.407,289.880,116.106,,,,63.104,234.050,,,,,,,,,,,,,,,,,,,,,
2015-05-26T16:00:00Z,2015-05-26T18:00:00+0200,,,,,,,,,,,,,,,,,,,,,,,,,,,,,,1.571,,70.665,30.939,159.028,1.839,52.141,23.778,14.582,242.995,15.714,290.474,289.885,116.129,,,,63.126,234.052,,,,,,,,,,,,,,,,,,,,,
2015-05-26T17:00:00Z,2015-05-26T19:00:00+0200,,,,,,,,,,,,,,,,,,,,,,,,,,,,,,1.571,,71.285,31.119,159.548,1.841,52.180,23.779,14.594,243.135,15.714,290.539,289.888,116.158,,,,63.141,234.084,,,,,,,,,,,,,,,,,,,,,DE_KN_residential1_dishwasher
2015-05-26T18:00:00Z,2015-05-26T20:00:00+0200,,,,,,,,,,,,,,,,,,,,,,,,,,,,,,1.571,,71.742,31.760,159.578,1.843,52.236,23.781,14.604,243.265,15.714,290.603,289.890,116.201,,,,63.151,234.321,,,,,,,,,,,,,,,,,,,,,DE_KN_residential1_heat_pump
2015-05-26T19:00:00Z,2015-05-26T21:00:00+0200,,,,,,,,,,,,,,,,,,,,,,,,,,,,,,2.509,,73.399,31.988,159.578,1.844,52.274,23.782,14.618,243.365,15.714,290.670,289.893,116.209,,,,63.174,234.340,,,,,,,,,,,,,,,,,,,,,DE_KN_residential1_heat_pump
2015-05-26T20:00:00Z,2015-05-26T22:00:00+0200,,,,,,,,,,,,,,,,,,,,,,,,,,,,,,2.511,,73.920,32.496,159.578,1.844,52.296,23.783,14.633,243.555,15.714,290.735,289.895,116.259,,,,63.187,234.341,,,,,,,,,,,,,,,,,,,,,DE_KN_residential1_pv | DE_KN_residential1_heat_pump | DE_KN_residential1_grid_import | DE_KN_residential1_washing_machine | DE_KN_residential1_dishwasher
2015-05-26T21:00:00Z,2015-05-26T23:00:00+0200,,,,,,,,,,,,,,,,,,,,,,,,,,,,,,2.511,,74.362,33.336,159.578,1.844,52.299,23.783,14.644,243.700,15.714,290.776,289.898,116.261,,,,63.197,234.576,,,,,,,,,,,,,,,,,,,,,DE_KN_residential1_pv | DE_KN_residential1_heat_pump | DE_KN_residential1_grid_import | DE_KN_residential1_washing_machine | DE_KN_residential1_dishwasher
2015-05-26T22:00:00Z,2015-05-27T00:00:00+0200,,,,,,,,,,,,,,,,,,,,,,,,,,,,,,2.511,,74.675,33.605,159.578,1.844,52.303,23.783,14.654,243.810,15.714,290.786,290.114,116.311,,,,63.219,234.577,,,,,,,,,,,,,,,,,,,,,DE_KN_residential1_pv | DE_KN_residential1_heat_pump | DE_KN_residential1_grid_import | DE_KN_residential1_washing_machine | DE_KN_residential1_dishwasher
2015-05-26T23:00:00Z,2015-05-27T01:00:00+0200,,,,,,,,,,,,,,,,,,,,,,,,,,,,,,2.511,,74.994,33.625,159.578,1.844,52.307,23.783,14.673,243.980,15.714,290.796,290.272,116.343,,,,63.242,234.578,,,,,,,,,,,,,,,,,,,,,DE_KN_residential1_pv | DE_KN_residential1_heat_pump | DE_KN_residential1_grid_import | DE_KN_residential1_washing_machine | DE_KN_residential1_dishwasher
2015-05-27T00:00:00Z,2015-05-27T02:00:00+0200,,,,,,,,,,,,,,,,,,,,,,,,,,,,,,2.511,,75.295,33.635,159.578,1.844,52.310,23.784,14.683,244.095,15.714,290.811,290.275,116.379,,,,63.258,234.578,,,,,,,,,,,,,,,,,,,,,DE_KN_residential1_pv | DE_KN_residential1_heat_pump | DE_KN_residential1_grid_import | DE_KN_residential1_washing_machine | DE_KN_residential1_dishwasher
2015-05-27T01:00:00Z,2015-05-27T03:00:00+0200,,,,,,,,,,,,,,,,,,,,,,,,,,,,,,2.511,,75.604,33.646,159.578,1.844,52.314,23.784,14.693,244.160,15.714,290.820,290.277,116.393,,,,63.267,234.579,,,,,,,,,,,,,,,,,,,,,DE_KN_residential1_pv | DE_KN_residential1_heat_pump | DE_KN_residential1_grid_import | DE_KN_residential1_washing_machine | DE_KN_residential1_dishwasher
2015-05-27T02:00:00Z,2015-05-27T04:00:00+0200,,,,,,,,,,,,,,,,,,,,,,,,,,,,,,2.511,,75.914,33.666,159.578,1.844,52.318,23.784,14.713,244.335,15.714,290.848,290.280,116.441,,,,63.291,234.579,,,,,,,,,,,,,,,,,,,,,DE_KN_residential1_pv | DE_KN_residential1_heat_pump | DE_KN_residential1_grid_import | DE_KN_residential1_washing_machine | DE_KN_residential1_dishwasher
2015-05-27T03:00:00Z,2015-05-27T05:00:00+0200,,,,,,,,,,,,,,,,,,,,,,,,,,,,,,2.511,,76.255,34.013,159.578,1.845,52.470,23.784,14.722,244.590,15.714,290.882,290.282,116.443,,,,63.295,234.579,,,,,,,,,,,,,,,,,,,,,DE_KN_residential1_pv | DE_KN_residential1_heat_pump | DE_KN_residential1_grid_import | DE_KN_residential1_washing_machine | DE_KN_residential1_dishwasher
2015-05-27T04:00:00Z,2015-05-27T06:00:00+0200,,,,,,,,,,,,,,,,,,,,,,,,,,,,,,2.511,,76.659,35.658,159.587,1.845,52.533,23.784,14.737,244.745,15.714,290.944,290.285,116.491,,,,63.329,234.579,,,,,,,,,,,,,,,,,,,,,DE_KN_residential1_pv | DE_KN_residential1_heat_pump | DE_KN_residential1_grid_import | DE_KN_residential1_washing_machine | DE_KN_residential1_dishwasher
2015-05-27T05:00:00Z,2015-05-27T07:00:00+0200,,,,,,,,,,,,,,,,,,,,,,,,,,,,,,2.511,,77.234,37.736,159.722,1.845,52.613,23.785,14.751,244.970,15.714,291.005,290.287,116.511,,,,63.366,234.579,,,,,,,,,,,,,,,,,,,,,DE_KN_residential1_pv | DE_KN_residential1_heat_pump | DE_KN_residential1_grid_import | DE_KN_residential1_washing_machine | DE_KN_residential1_dishwasher
2015-05-27T06:00:00Z,2015-05-27T08:00:00+0200,,,,,,,,,,,,,,,,,,,,,,,,,,,,,,2.511,,77.582,38.076,160.214,1.845,52.677,23.785,14.760,245.255,15.715,291.046,290.290,116.540,,,,63.385,234.579,,,,,,,,,,,,,,,,,,,,,DE_KN_residential1_pv | DE_KN_residential1_heat_pump | DE_KN_residential1_grid_import | DE_KN_residential1_washing_machine | DE_KN_residential1_dishwasher
2015-05-27T07:00:00Z,2015-05-27T09:00:00+0200,,,,,,,,,,,,,,,,,,,,,,,,,,,,,,2.511,,79.817,38.086,161.678,1.846,52.724,23.785,14.779,245.490,15.715,291.122,290.292,116.587,,,,63.420,234.579,,,,,,,,,,,,,,,,,,,,,DE_KN_residential1_pv | DE_KN_residential1_heat_pump | DE_KN_residential1_grid_import | DE_KN_residential1_washing_machine | DE_KN_residential1_dishwasher
2015-05-27T08:00:00Z,2015-05-27T10:00:00+0200,,,,,,,,,,,,,,,,,,,,,,,,,,,,,,2.511,,81.715,38.676,166.926,1.847,52.728,23.785,14.790,245.610,15.715,291.224,290.294,116.590,,,,63.422,234.579,,,,,,,,,,,,,,,,,,,,,DE_KN_residential2_grid_import | DE_KN_residential2_freezer | DE_KN_residential1_pv | DE_KN_residential1_heat_pump | DE_KN_residential2_dishwasher | DE_KN_residential1_grid_import | DE_KN_residential2_washing_machine | DE_KN_residential1_dishwasher | DE_KN_residential2_circulation_pump