dwelling_id,dataset_source,ibso_ref,representativeness,dwelling_provider,dwelling_type,construction_year,construction_band,floor_area_m2,living_area_pct,size_band,region,ber_class,retrofit_status,air_permeability_m3ph_m2,u_value_summary,primary_space_heating_generator,primary_space_heating_fuel,secondary_space_heating_gen,has_secondary_heating,num_room_heaters,hp_flag,primary_water_heater,secondary_water_heater,renewable_energy_kwh_yr,has_solar_pv,has_smart_controls,occupants,tenure_type,income_band
D0001,UoG_like,SD1,0.104,IERC,semi_detached,1994,1990s_2000s,128,40.6,medium,Dublin,F/G,Partially Retrofitted,5.42,"External Wall - 0.39, Roof - 0.28, Ground Floor - 0.45, Windows - 1.60",heat_pump,electric,none,0,0,1,gas_boiler,none,0,0,0,2,private,medium
D0002,Archetype_only,SD2,0.019,DCSix,apartment_duplex,1975,1970s_1980s,79.9,38.1,small,Other,C,Requiring Retrofit,6.18,"External Wall - 1.54, Roof - 0.71, Ground Floor - 0.70, Windows - 2.80",gas_boiler,gas,stove,1,1,0,heat_pump_cylinder,none,1500,1,1,2,private,medium
D0003,ESC_like,SD13,0.069,DCSix,semi_detached,2001,1990s_2000s,97,26.6,medium,Dublin,D/E,Requiring Retrofit,5.51,"External Wall - 0.39, Roof - 0.28, Ground Floor - 0.45, Windows - 1.60",heat_pump,electric,stove,1,1,1,gas_boiler,none,0,0,1,2,social,high
D0004,UoG_like,SD19,0.044,Other,end_terrace,1985,1970s_1980s,81.2,36.2,small,Galway,A/B,Partially Retrofitted,3.71,"External Wall - 0.39, Roof - 0.28, Ground Floor - 0.45, Windows - 1.60",heat_pump,electric,open_fire,1,4,1,oil_boiler,immersion,1500,1,1,1,social,high
D0005,Archetype_only,SD2,0.013,IERC,semi_detached,2011,post2010,91.2,26.4,medium,Limerick,C,Requiring Retrofit,4.43,"External Wall - 0.27, Roof - 0.21, Ground Floor - 0.25, Windows - 1.20",heat_pump,electric,none,0,0,1,oil_boiler,immersion,0,0,0,5,private,medium
D0006,ESC_like,SD8,0.011,IERC,semi_detached,1942,pre1970,126.8,32.8,medium,Dublin,A/B,Retrofitted,4.5,"External Wall - 0.27, Roof - 0.21, Ground Floor - 0.25, Windows - 1.20",gas_boiler,gas,none,0,0,0,gas_boiler,none,0,0,1,2,social,low
D0007,UoG_like,SD19,0.087,DCSix,mid_terrace,1984,1970s_1980s,99.9,37.1,medium,Galway,D/E,Retrofitted,6.68,"External Wall - 0.27, Roof - 0.21, Ground Floor - 0.25, Windows - 1.20",gas_boiler,gas,open_fire,1,1,0,instant_gas,solar_thermal,697,0,0,2,private,low
D0008,UoG_like,SD20,0.037,DCSix,mid_terrace,1993,1990s_2000s,104.9,28.4,medium,Dublin,D/E,Requiring Retrofit,6.41,"External Wall - 0.39, Roof - 0.28, Ground Floor - 0.45, Windows - 1.60",gas_boiler,gas,electric_heater,1,1,0,direct_electric,none,0,0,1,1,social,medium
D0009,UoG_like,SD16,0.008,DCSix,semi_detached,1951,pre1970,132.1,28.7,medium,Cork,C,Partially Retrofitted,7.08,"External Wall - 0.39, Roof - 0.28, Ground Floor - 0.45, Windows - 1.60",heat_pump,electric,open_fire,1,1,1,instant_gas,none,0,0,0,4,private,high
D0010,ESC_like,SD7,0.026,IERC,apartment_duplex,1971,1970s_1980s,84.4,31.4,small,Dublin,D/E,Requiring Retrofit,9.1,"External Wall - 1.54, Roof - 0.71, Ground Floor - 0.70, Windows - 2.80",oil_boiler,oil,none,0,0,0,oil_boiler,none,0,0,0,3,private,medium
D0011,UoG_like,SD13,0.104,Other,semi_detached,1975,1970s_1980s,91.8,40.1,medium,Limerick,F/G,Requiring Retrofit,12.79,"External Wall - 1.54, Roof - 0.71, Ground Floor - 0.70, Windows - 2.80",heat_pump,electric,none,0,0,1,gas_boiler,none,0,0,1,2,private,high
D0012,Archetype_only,SD3,0.017,DCSix,semi_detached,1955,pre1970,137.4,30.2,medium,Galway,F/G,Partially Retrofitted,10.84,"External Wall - 0.39, Roof - 0.28, Ground Floor - 0.45, Windows - 1.60",heat_pump,electric,none,0,0,1,oil_boiler,immersion,2061,1,1,2,private,high
D0013,ESC_like,SD6,0.06,IERC,apartment_duplex,1993,1990s_2000s,65,32.1,small,Dublin,C,Retrofitted,5.97,"External Wall - 0.27, Roof - 0.21, Ground Floor - 0.25, Windows - 1.20",heat_pump,electric,none,0,0,1,heat_pump_cylinder,none,0,0,0,3,social,low
D0014,ESC_like,SD6,0.083,DCSix,detached,1961,pre1970,168.3,29.2,large,Dublin,D/E,Requiring Retrofit,7.96,"External Wall - 1.54, Roof - 0.71, Ground Floor - 0.70, Windows - 2.80",heat_pump,electric,none,0,0,1,direct_electric,none,2524.5,1,0,3,private,medium
D0015,Archetype_only,SD10,0.086,IERC,apartment_duplex,1981,1970s_1980s,54.8,35.9,small,Dublin,F/G,Retrofitted,5.4,"External Wall - 0.27, Roof - 0.21, Ground Floor - 0.25, Windows - 1.20",gas_boiler,gas,stove,1,1,0,oil_boiler,solar_thermal,768,0,0,3,private,medium
D0016,UoG_like,SD4,0.046,DCSix,semi_detached,2008,1990s_2000s,158.9,34.5,large,Other,D/E,Requiring Retrofit,3.34,"External Wall - 0.39, Roof - 0.28, Ground Floor - 0.45, Windows - 1.60",heat_pump,electric,none,0,0,1,oil_boiler,solar_thermal,741,0,0,2,private,low
D0017,ESC_like,SD2,0.039,DCSix,apartment_duplex,1984,1970s_1980s,40,38.9,small,Cork,C,Requiring Retrofit,11.07,"External Wall - 1.54, Roof - 0.71, Ground Floor - 0.70, Windows - 2.80",heat_pump,electric,stove,1,2,1,heat_pump_cylinder,immersion,1500,1,1,1,social,medium
D0018,UoG_like,SD6,0.108,IERC,apartment_duplex,1962,pre1970,101.7,37.8,medium,Other,D/E,Requiring Retrofit,6.35,"External Wall - 1.54, Roof - 0.71, Ground Floor - 0.70, Windows - 2.80",oil_boiler,oil,open_fire,1,3,0,oil_boiler,immersion,0,0,0,2,private,high
D0019,Archetype_only,SD18,0.042,IERC,apartment_duplex,1948,pre1970,59.9,34.7,small,Other,C,Requiring Retrofit,9.67,"External Wall - 1.54, Roof - 0.71, Ground Floor - 0.70, Windows - 2.80",gas_boiler,gas,none,0,0,0,gas_boiler,none,0,0,0,2,private,medium
D0020,ESC_like,SD17,0.009,DCSix,detached,2021,post2010,160.2,31.4,large,Other,F/G,Partially Retrofitted,1.92,"External Wall - 0.27, Roof - 0.21, Ground Floor - 0.25, Windows - 1.20",gas_boiler,gas,none,0,0,0,gas_boiler,immersion,0,0,0,2,private,medium
D0021,UoG_like,SD8,0.098,IERC,semi_detached,1987,1970s_1980s,79.5,35.7,small,Galway,F/G,Partially Retrofitted,6.23,"External Wall - 0.39, Roof - 0.28, Ground Floor - 0.45, Windows - 1.60",heat_pump,electric,none,0,0,1,heat_pump_cylinder,immersion,0,0,1,5,private,low
D0022,ESC_like,SD1,0.014,DCSix,apartment_duplex,2003,1990s_2000s,50.8,33.4,small,Other,F/G,Partially Retrofitted,6.53,"External Wall - 0.39, Roof - 0.28, Ground Floor - 0.45, Windows - 1.60",gas_boiler,gas,electric_heater,1,1,0,oil_boiler,solar_thermal,703,0,0,5,social,medium
D0023,ESC_like,SD7,0.089,DCSix,apartment_duplex,1967,pre1970,55.3,35.9,small,Dublin,C,Requiring Retrofit,11.02,"External Wall - 1.54, Roof - 0.71, Ground Floor - 0.70, Windows - 2.80",heat_pump,electric,none,0,0,1,heat_pump_cylinder,none,0,0,0,3,private,medium
D0024,ESC_like,SD6,0.095,IERC,apartment_duplex,2010,post2010,54.7,38.2,small,Other,F/G,Requiring Retrofit,4.11,"External Wall - 0.27, Roof - 0.21, Ground Floor - 0.25, Windows - 1.20",heat_pump,electric,none,0,0,1,gas_boiler,solar_thermal,841,0,1,4,private,medium
D0025,ESC_like,SD1,0.031,DCSix,apartment_duplex,2014,post2010,40,34.5,small,Limerick,F/G,Requiring Retrofit,2.67,"External Wall - 0.27, Roof - 0.21, Ground Floor - 0.25, Windows - 1.20",oil_boiler,oil,open_fire,1,2,0,oil_boiler,none,0,0,0,1,social,low
D0026,ESC_like,SD15,0.114,Other,detached,1947,pre1970,154.8,36,large,Cork,F/G,Requiring Retrofit,8.85,"External Wall - 1.54, Roof - 0.71, Ground Floor - 0.70, Windows - 2.80",heat_pump,electric,electric_heater,1,1,1,heat_pump_cylinder,none,0,0,1,5,social,medium
D0027,ESC_like,SD5,0.023,IERC,detached,1968,pre1970,137.1,31.4,medium,Other,C,Partially Retrofitted,5.96,"External Wall - 0.39, Roof - 0.28, Ground Floor - 0.45, Windows - 1.60",heat_pump,electric,open_fire,1,4,1,instant_gas,none,0,0,0,2,private,medium
D0028,ESC_like,SD4,0.069,IERC,detached,1974,1970s_1980s,150,31.9,large,Other,C,Partially Retrofitted,8.87,"External Wall - 0.39, Roof - 0.28, Ground Floor - 0.45, Windows - 1.60",heat_pump,electric,stove,1,3,1,oil_boiler,none,0,0,0,1,private,high
D0029,ESC_like,SD16,0.087,Other,end_terrace,1990,1990s_2000s,89.3,38.7,small,Galway,C,Partially Retrofitted,8.09,"External Wall - 0.39, Roof - 0.28, Ground Floor - 0.45, Windows - 1.60",heat_pump,electric,none,0,0,1,oil_boiler,none,0,0,0,5,private,low
D0030,UoG_like,SD4,0.078,Other,mid_terrace,1984,1970s_1980s,111.1,31.7,medium,Other,D/E,Partially Retrofitted,8.19,"External Wall - 0.39, Roof - 0.28, Ground Floor - 0.45, Windows - 1.60",heat_pump,electric,none,0,0,1,direct_electric,none,0,0,1,5,private,medium
D0031,ESC_like,SD5,0.048,DCSix,detached,2011,post2010,200,32.4,large,Limerick,C,Partially Retrofitted,3.06,"External Wall - 0.27, Roof - 0.21, Ground Floor - 0.25, Windows - 1.20",gas_boiler,gas,none,0,0,0,gas_boiler,none,0,0,0,4,private,medium
D0032,UoG_like,SD6,0.115,DCSix,detached,2005,1990s_2000s,198.5,39.6,large,Other,D/E,Requiring Retrofit,1,"External Wall - 0.39, Roof - 0.28, Ground Floor - 0.45, Windows - 1.60",gas_boiler,gas,none,0,0,0,gas_boiler,none,0,0,0,3,private,medium
D0033,UoG_like,SD20,0.041,IERC,semi_detached,2020,post2010,65,32.8,small,Limerick,F/G,Requiring Retrofit,2.34,"External Wall - 0.27, Roof - 0.21, Ground Floor - 0.25, Windows - 1.20",gas_boiler,gas,stove,1,1,0,gas_boiler,none,1500,1,0,1,private,low
D0034,UoG_like,SD18,0.102,IERC,mid_terrace,2006,1990s_2000s,79.9,32.1,small,Other,D/E,Requiring Retrofit,2.96,"External Wall - 0.39, Roof - 0.28, Ground Floor - 0.45, Windows - 1.60",heat_pump,electric,none,0,0,1,oil_boiler,none,0,0,0,4,private,medium
D0035,ESC_like,SD3,0.014,Other,mid_terrace,1974,1970s_1980s,76.4,35.3,small,Dublin,C,Retrofitted,8.3,"External Wall - 0.27, Roof - 0.21, Ground Floor - 0.25, Windows - 1.20",heat_pump,electric,electric_heater,1,1,1,direct_electric,none,0,0,0,5,social,medium
D0036,UoG_like,SD17,0.031,DCSix,semi_detached,1952,pre1970,132.1,39.9,medium,Other,A/B,Partially Retrofitted,3.18,"External Wall - 0.39, Roof - 0.28, Ground Floor - 0.45, Windows - 1.60",heat_pump,electric,stove,1,1,1,direct_electric,none,0,0,1,4,private,low
D0037,ESC_like,SD13,0.091,DCSix,apartment_duplex,1948,pre1970,69.7,32.6,small,Dublin,D/E,Requiring Retrofit,6.81,"External Wall - 1.54, Roof - 0.71, Ground Floor - 0.70, Windows - 2.80",heat_pump,electric,open_fire,1,3,1,direct_electric,none,0,0,1,4,private,high
D0038,UoG_like,SD15,0.03,DCSix,end_terrace,2014,post2010,85.5,34.8,small,Cork,C,Partially Retrofitted,2.55,"External Wall - 0.27, Roof - 0.21, Ground Floor - 0.25, Windows - 1.20",heat_pump,electric,stove,1,4,1,oil_boiler,immersion,0,0,0,4,private,medium
D0039,ESC_like,SD8,0.021,Other,mid_terrace,2020,post2010,106.3,35.2,medium,Cork,F/G,Partially Retrofitted,3.35,"External Wall - 0.27, Roof - 0.21, Ground Floor - 0.25, Windows - 1.20",oil_boiler,oil,stove,1,1,0,gas_boiler,immersion,0,0,1,2,social,high
D0040,ESC_like,SD1,0.114,IERC,mid_terrace,1977,1970s_1980s,94.4,35.2,medium,Cork,F/G,Requiring Retrofit,18.3,"External Wall - 1.54, Roof - 0.71, Ground Floor - 0.70, Windows - 2.80",oil_boiler,oil,none,0,0,0,direct_electric,none,1500,1,0,1,social,high
D0041,UoG_like,SD16,0.02,DCSix,detached,2004,1990s_2000s,189.9,38.4,large,Dublin,C,Retrofitted,4.15,"External Wall - 0.27, Roof - 0.21, Ground Floor - 0.25, Windows - 1.20",heat_pump,electric,stove,1,4,1,instant_gas,none,0,0,0,3,private,medium
D0042,UoG_like,SD12,0.06,DCSix,mid_terrace,1987,1970s_1980s,108.9,39.4,medium,Galway,D/E,Retrofitted,4.5,"External Wall - 0.27, Roof - 0.21, Ground Floor - 0.25, Windows - 1.20",heat_pump,electric,none,0,0,1,oil_boiler,immersion,0,0,0,4,social,low
D0043,UoG_like,SD3,0.026,Other,apartment_duplex,1970,1970s_1980s,61,35.2,small,Cork,C,Requiring Retrofit,10.92,"External Wall - 1.54, Roof - 0.71, Ground Floor - 0.70, Windows - 2.80",heat_pump,electric,stove,1,1,1,gas_boiler,none,0,0,0,5,social,medium
D0044,UoG_like,SD13,0.074,IERC,mid_terrace,2009,1990s_2000s,117,25.4,medium,Galway,A/B,Partially Retrofitted,4.16,"External Wall - 0.39, Roof - 0.28, Ground Floor - 0.45, Windows - 1.60",heat_pump,electric,none,0,0,1,gas_boiler,none,0,0,1,1,social,medium
D0045,ESC_like,SD1,0.096,DCSix,detached,2007,1990s_2000s,183.1,33.5,large,Dublin,D/E,Requiring Retrofit,1.33,"External Wall - 0.39, Roof - 0.28, Ground Floor - 0.45, Windows - 1.60",heat_pump,electric,none,0,0,1,direct_electric,solar_thermal,762,0,1,4,social,medium
D0046,Archetype_only,SD18,0.04,IERC,semi_detached,1997,1990s_2000s,132,39.1,medium,Dublin,D/E,Partially Retrofitted,4.44,"External Wall - 0.39, Roof - 0.28, Ground Floor - 0.45, Windows - 1.60",heat_pump,electric,open_fire,1,3,1,heat_pump_cylinder,none,0,0,0,5,private,medium
D0047,UoG_like,SD16,0.005,IERC,end_terrace,2022,post2010,106.5,47.3,medium,Limerick,A/B,Requiring Retrofit,3.51,"External Wall - 0.27, Roof - 0.21, Ground Floor - 0.25, Windows - 1.20",gas_boiler,gas,stove,1,2,0,oil_boiler,immersion,0,0,1,4,social,medium
D0048,Archetype_only,SD7,0.109,DCSix,mid_terrace,1987,1970s_1980s,101.1,40,medium,Limerick,F/G,Requiring Retrofit,10.1,"External Wall - 1.54, Roof - 0.71, Ground Floor - 0.70, Windows - 2.80",oil_boiler,oil,stove,1,1,0,instant_gas,none,0,0,0,2,social,medium
D0049,Archetype_only,SD6,0.056,Other,mid_terrace,2013,post2010,63.7,32.3,small,Limerick,C,Requiring Retrofit,1.68,"External Wall - 0.27, Roof - 0.21, Ground Floor - 0.25, Windows - 1.20",heat_pump,electric,stove,1,1,1,gas_boiler,none,0,0,0,3,private,low
D0050,ESC_like,SD14,0.024,DCSix,semi_detached,1990,1990s_2000s,111.5,31,medium,Galway,F/G,Retrofitted,5.45,"External Wall - 0.27, Roof - 0.21, Ground Floor - 0.25, Windows - 1.20",heat_pump,electric,none,0,0,1,heat_pump_cylinder,solar_thermal,2447.5,1,1,3,social,low
D0051,UoG_like,SD3,0.078,Other,detached,2017,post2010,139.1,35,medium,Dublin,F/G,Retrofitted,1.98,"External Wall - 0.27, Roof - 0.21, Ground Floor - 0.25, Windows - 1.20",gas_boiler,gas,electric_heater,1,3,0,direct_electric,none,0,0,0,5,social,medium
D0052,ESC_like,SD13,0.039,IERC,mid_terrace,2019,post2010,126.2,42.1,medium,Cork,C,Retrofitted,2.55,"External Wall - 0.27, Roof - 0.21, Ground Floor - 0.25, Windows - 1.20",gas_boiler,gas,stove,1,1,0,instant_gas,solar_thermal,936,0,0,2,social,medium
D0053,ESC_like,SD7,0.1,DCSix,detached,2018,post2010,121.3,30.6,medium,Dublin,F/G,Requiring Retrofit,3.22,"External Wall - 0.27, Roof - 0.21, Ground Floor - 0.25, Windows - 1.20",gas_boiler,gas,stove,1,1,0,heat_pump_cylinder,none,0,0,0,5,private,high
D0054,Archetype_only,SD7,0.079,Other,apartment_duplex,2016,post2010,40.2,36.6,small,Dublin,C,Partially Retrofitted,3.09,"External Wall - 0.27, Roof - 0.21, Ground Floor - 0.25, Windows - 1.20",gas_boiler,gas,none,0,0,0,oil_boiler,none,0,0,0,3,private,medium
D0055,Archetype_only,SD2,0.059,IERC,mid_terrace,2021,post2010,56.9,40.5,small,Dublin,F/G,Retrofitted,1.61,"External Wall - 0.27, Roof - 0.21, Ground Floor - 0.25, Windows - 1.20",oil_boiler,oil,none,0,0,0,gas_boiler,none,0,0,0,2,private,medium
D0056,ESC_like,SD1,0.03,DCSix,apartment_duplex,1973,1970s_1980s,80.2,37.3,small,Dublin,C,Partially Retrofitted,6.83,"External Wall - 0.39, Roof - 0.28, Ground Floor - 0.45, Windows - 1.60",gas_boiler,gas,open_fire,1,2,0,gas_boiler,none,0,0,1,5,private,low
D0057,Archetype_only,SD5,0.052,Other,apartment_duplex,1976,1970s_1980s,85,40.9,small,Other,D/E,Requiring Retrofit,4.37,"External Wall - 1.54, Roof - 0.71, Ground Floor - 0.70, Windows - 2.80",heat_pump,electric,none,0,0,1,instant_gas,none,0,0,1,4,private,low
D0058,Archetype_only,SD4,0.03,Other,semi_detached,1961,pre1970,141.4,40,large,Dublin,D/E,Requiring Retrofit,11.49,"External Wall - 1.54, Roof - 0.71, Ground Floor - 0.70, Windows - 2.80",gas_boiler,gas,none,0,0,0,gas_boiler,immersion,0,0,0,3,private,low
D0059,UoG_like,SD4,0.07,Other,detached,1992,1990s_2000s,206.4,36.5,large,Galway,D/E,Requiring Retrofit,5.16,"External Wall - 0.39, Roof - 0.28, Ground Floor - 0.45, Windows - 1.60",gas_boiler,gas,none,0,0,0,gas_boiler,solar_thermal,942,0,1,3,private,medium
D0060,ESC_like,SD5,0.083,Other,semi_detached,1957,pre1970,90.1,29.7,medium,Cork,A/B,Partially Retrofitted,9.69,"External Wall - 0.39, Roof - 0.28, Ground Floor - 0.45, Windows - 1.60",gas_boiler,gas,stove,1,1,0,oil_boiler,none,1500,1,0,1,private,medium
D0061,UoG_like,SD7,0.093,IERC,semi_detached,1980,1970s_1980s,109.1,36.1,medium,Galway,C,Partially Retrofitted,4.05,"External Wall - 0.39, Roof - 0.28, Ground Floor - 0.45, Windows - 1.60",gas_boiler,gas,none,0,0,0,gas_boiler,none,1636.5,1,0,5,private,medium
D0062,ESC_like,SD7,0.12,IERC,semi_detached,2010,post2010,124,34.8,medium,Other,D/E,Requiring Retrofit,3.64,"External Wall - 0.27, Roof - 0.21, Ground Floor - 0.25, Windows - 1.20",heat_pump,electric,none,0,0,1,heat_pump_cylinder,none,0,0,1,4,private,low
D0063,ESC_like,SD19,0.057,IERC,semi_detached,1951,pre1970,81.7,28.5,small,Other,F/G,Partially Retrofitted,6.76,"External Wall - 0.39, Roof - 0.28, Ground Floor - 0.45, Windows - 1.60",heat_pump,electric,open_fire,1,1,1,direct_electric,immersion,0,0,1,3,private,medium
D0064,Archetype_only,SD4,0.072,DCSix,detached,1983,1970s_1980s,176.4,33.8,large,Other,D/E,Retrofitted,6.11,"External Wall - 0.27, Roof - 0.21, Ground Floor - 0.25, Windows - 1.20",heat_pump,electric,none,0,0,1,gas_boiler,immersion,0,0,0,1,private,low
D0065,ESC_like,SD11,0.027,DCSix,mid_terrace,1962,pre1970,114.3,37.7,medium,Other,F/G,Requiring Retrofit,10.76,"External Wall - 1.54, Roof - 0.71, Ground Floor - 0.70, Windows - 2.80",oil_boiler,oil,open_fire,1,1,0,oil_boiler,none,0,0,0,5,social,high
D0066,ESC_like,SD13,0.058,Other,detached,1987,1970s_1980s,150,40.1,large,Limerick,F/G,Retrofitted,5.16,"External Wall - 0.27, Roof - 0.21, Ground Floor - 0.25, Windows - 1.20",gas_boiler,gas,open_fire,1,1,0,direct_electric,immersion,0,0,0,5,private,low
D0067,ESC_like,SD9,0.054,DCSix,semi_detached,1977,1970s_1980s,95.5,36.5,medium,Dublin,C,Retrofitted,4.53,"External Wall - 0.27, Roof - 0.21, Ground Floor - 0.25, Windows - 1.20",heat_pump,electric,electric_heater,1,1,1,oil_boiler,none,0,0,1,3,social,low
D0068,UoG_like,SD5,0.063,IERC,end_terrace,1990,1990s_2000s,102,25.9,medium,Other,C,Requiring Retrofit,3.93,"External Wall - 0.39, Roof - 0.28, Ground Floor - 0.45, Windows - 1.60",heat_pump,electric,open_fire,1,1,1,oil_boiler,immersion,0,0,0,2,social,medium
D0069,ESC_like,SD14,0.09,DCSix,mid_terrace,1957,pre1970,121.4,24.7,medium,Other,F/G,Requiring Retrofit,11.36,"External Wall - 1.54, Roof - 0.71, Ground Floor - 0.70, Windows - 2.80",gas_boiler,gas,none,0,0,0,gas_boiler,none,0,0,0,2,private,high
D0070,UoG_like,SD14,0.048,DCSix,apartment_duplex,2008,1990s_2000s,94,35,medium,Dublin,D/E,Requiring Retrofit,3.09,"External Wall - 0.39, Roof - 0.28, Ground Floor - 0.45, Windows - 1.60",heat_pump,electric,stove,1,1,1,direct_electric,none,1500,1,0,4,private,medium
D0071,Archetype_only,SD10,0.111,IERC,mid_terrace,2022,post2010,122.1,42.4,medium,Galway,F/G,Requiring Retrofit,3.02,"External Wall - 0.27, Roof - 0.21, Ground Floor - 0.25, Windows - 1.20",gas_boiler,gas,none,0,0,0,direct_electric,none,0,0,0,2,social,medium
D0072,ESC_like,SD20,0.059,IERC,mid_terrace,1949,pre1970,127.6,36.8,medium,Limerick,F/G,Retrofitted,4.49,"External Wall - 0.27, Roof - 0.21, Ground Floor - 0.25, Windows - 1.20",heat_pump,electric,none,0,0,1,heat_pump_cylinder,solar_thermal,761,0,0,1,social,medium
D0073,Archetype_only,SD2,0.073,IERC,semi_detached,1957,pre1970,110.1,40.7,medium,Other,F/G,Partially Retrofitted,7.45,"External Wall - 0.39, Roof - 0.28, Ground Floor - 0.45, Windows - 1.60",heat_pump,electric,none,0,0,1,gas_boiler,none,0,0,1,5,social,medium
D0074,UoG_like,SD1,0.051,IERC,detached,2003,1990s_2000s,206.5,31.4,large,Limerick,D/E,Requiring Retrofit,3.58,"External Wall - 0.39, Roof - 0.28, Ground Floor - 0.45, Windows - 1.60",heat_pump,electric,none,0,0,1,oil_boiler,none,0,0,0,5,private,medium
D0075,Archetype_only,SD14,0.107,DCSix,semi_detached,1949,pre1970,140.9,32.1,large,Cork,D/E,Requiring Retrofit,12.49,"External Wall - 1.54, Roof - 0.71, Ground Floor - 0.70, Windows - 2.80",heat_pump,electric,open_fire,1,1,1,gas_boiler,immersion,0,0,0,2,private,medium
D0076,Archetype_only,SD13,0.113,IERC,mid_terrace,1991,1990s_2000s,114.7,36.4,medium,Cork,D/E,Requiring Retrofit,7.56,"External Wall - 0.39, Roof - 0.28, Ground Floor - 0.45, Windows - 1.60",heat_pump,electric,stove,1,1,1,heat_pump_cylinder,solar_thermal,852,0,1,4,private,high
D0077,ESC_like,SD15,0.065,DCSix,semi_detached,2002,1990s_2000s,88.4,31.8,small,Galway,F/G,Requiring Retrofit,7.34,"External Wall - 0.39, Roof - 0.28, Ground Floor - 0.45, Windows - 1.60",heat_pump,electric,none,0,0,1,direct_electric,none,1500,1,1,3,private,medium
D0078,UoG_like,SD12,0.011,DCSix,detached,2016,post2010,135.7,39.3,medium,Cork,D/E,Retrofitted,1.92,"External Wall - 0.27, Roof - 0.21, Ground Floor - 0.25, Windows - 1.20",heat_pump,electric,none,0,0,1,oil_boiler,immersion,0,0,0,3,social,medium
D0079,ESC_like,SD14,0.091,DCSix,mid_terrace,1997,1990s_2000s,60.5,39.3,small,Galway,F/G,Requiring Retrofit,8.67,"External Wall - 0.39, Roof - 0.28, Ground Floor - 0.45, Windows - 1.60",heat_pump,electric,stove,1,1,1,gas_boiler,none,0,0,0,1,social,high
D0080,UoG_like,SD14,0.063,DCSix,detached,1988,1970s_1980s,175.3,38.3,large,Cork,F/G,Partially Retrofitted,5.63,"External Wall - 0.39, Roof - 0.28, Ground Floor - 0.45, Windows - 1.60",gas_boiler,gas,stove,1,1,0,instant_gas,none,0,0,1,2,private,low
D0081,Archetype_only,SD17,0.084,Other,detached,1971,1970s_1980s,180.8,37.9,large,Other,C,Requiring Retrofit,4.84,"External Wall - 1.54, Roof - 0.71, Ground Floor - 0.70, Windows - 2.80",gas_boiler,gas,none,0,0,0,gas_boiler,none,0,0,0,4,private,low
D0082,UoG_like,SD15,0.059,DCSix,apartment_duplex,1965,pre1970,83.4,29.3,small,Dublin,F/G,Requiring Retrofit,14.35,"External Wall - 1.54, Roof - 0.71, Ground Floor - 0.70, Windows - 2.80",heat_pump,electric,none,0,0,1,gas_boiler,none,0,0,0,3,private,low
D0083,ESC_like,SD7,0.103,DCSix,semi_detached,2012,post2010,160.6,41.1,large,Dublin,D/E,Partially Retrofitted,1.97,"External Wall - 0.27, Roof - 0.21, Ground Floor - 0.25, Windows - 1.20",heat_pump,electric,none,0,0,1,direct_electric,immersion,0,0,1,3,social,low
D0084,UoG_like,SD5,0.045,DCSix,apartment_duplex,1976,1970s_1980s,72.3,32.9,small,Cork,C,Retrofitted,7.9,"External Wall - 0.27, Roof - 0.21, Ground Floor - 0.25, Windows - 1.20",heat_pump,electric,none,0,0,1,heat_pump_cylinder,none,1500,1,0,3,private,low
D0085,UoG_like,SD12,0.08,Other,semi_detached,1976,1970s_1980s,107.8,38.3,medium,Dublin,F/G,Requiring Retrofit,10.67,"External Wall - 1.54, Roof - 0.71, Ground Floor - 0.70, Windows - 2.80",heat_pump,electric,electric_heater,1,4,1,oil_boiler,none,0,0,0,4,private,medium
D0086,UoG_like,SD1,0.006,DCSix,detached,1984,1970s_1980s,159.3,34.9,large,Cork,D/E,Requiring Retrofit,7.49,"External Wall - 1.54, Roof - 0.71, Ground Floor - 0.70, Windows - 2.80",heat_pump,electric,none,0,0,1,gas_boiler,solar_thermal,872,0,0,4,private,high
D0087,UoG_like,SD16,0.112,IERC,semi_detached,1948,pre1970,153.8,32.2,large,Dublin,A/B,Partially Retrofitted,7.56,"External Wall - 0.39, Roof - 0.28, Ground Floor - 0.45, Windows - 1.60",heat_pump,electric,open_fire,1,2,1,instant_gas,immersion,2307,1,0,2,private,low
D0088,UoG_like,SD6,0.058,DCSix,detached,2013,post2010,186.6,25.4,large,Dublin,C,Partially Retrofitted,2.16,"External Wall - 0.27, Roof - 0.21, Ground Floor - 0.25, Windows - 1.20",gas_boiler,gas,none,0,0,0,heat_pump_cylinder,none,0,0,0,5,private,high
D0089,ESC_like,SD13,0.115,DCSix,semi_detached,1980,1970s_1980s,122,36.6,medium,Cork,D/E,Retrofitted,6.21,"External Wall - 0.27, Roof - 0.21, Ground Floor - 0.25, Windows - 1.20",gas_boiler,gas,none,0,0,0,oil_boiler,solar_thermal,746,0,1,3,private,low
D0090,UoG_like,SD6,0.1,DCSix,mid_terrace,1999,1990s_2000s,102.3,36.9,medium,Other,D/E,Requiring Retrofit,7.49,"External Wall - 0.39, Roof - 0.28, Ground Floor - 0.45, Windows - 1.60",gas_boiler,gas,none,0,0,0,instant_gas,none,1534.5,1,0,4,private,medium
D0091,UoG_like,SD17,0.116,DCSix,detached,2008,1990s_2000s,165.5,25.6,large,Dublin,D/E,Requiring Retrofit,3.58,"External Wall - 0.39, Roof - 0.28, Ground Floor - 0.45, Windows - 1.60",heat_pump,electric,none,0,0,1,gas_boiler,immersion,2482.5,1,1,3,private,low
D0092,UoG_like,SD9,0.094,DCSix,detached,1975,1970s_1980s,165.6,34.5,large,Galway,C,Partially Retrofitted,8.21,"External Wall - 0.39, Roof - 0.28, Ground Floor - 0.45, Windows - 1.60",heat_pump,electric,stove,1,1,1,direct_electric,immersion,0,0,0,4,social,high
D0093,ESC_like,SD5,0.022,IERC,detached,1964,pre1970,102.5,34,medium,Dublin,D/E,Requiring Retrofit,11.72,"External Wall - 1.54, Roof - 0.71, Ground Floor - 0.70, Windows - 2.80",gas_boiler,gas,stove,1,1,0,heat_pump_cylinder,none,0,0,0,5,social,low
D0094,Archetype_only,SD12,0.117,IERC,end_terrace,1967,pre1970,122.8,36.8,medium,Galway,D/E,Requiring Retrofit,8.52,"External Wall - 1.54, Roof - 0.71, Ground Floor - 0.70, Windows - 2.80",heat_pump,electric,stove,1,1,1,gas_boiler,none,1842,1,0,4,private,medium
D0095,ESC_like,SD19,0.033,Other,semi_detached,2010,post2010,92.3,35.8,medium,Dublin,D/E,Requiring Retrofit,2.99,"External Wall - 0.27, Roof - 0.21, Ground Floor - 0.25, Windows - 1.20",heat_pump,electric,none,0,0,1,gas_boiler,none,1500,1,0,3,private,medium
D0096,ESC_like,SD3,0.098,IERC,end_terrace,2001,1990s_2000s,75.8,37.1,small,Other,F/G,Retrofitted,4.87,"External Wall - 0.27, Roof - 0.21, Ground Floor - 0.25, Windows - 1.20",heat_pump,electric,open_fire,1,1,1,direct_electric,none,0,0,0,5,private,low
D0097,ESC_like,SD16,0.024,IERC,semi_detached,1979,1970s_1980s,141.2,36.7,large,Galway,D/E,Retrofitted,9.85,"External Wall - 0.27, Roof - 0.21, Ground Floor - 0.25, Windows - 1.20",heat_pump,electric,stove,1,1,1,direct_electric,none,0,0,1,1,private,low
D0098,Archetype_only,SD13,0.091,Other,apartment_duplex,2006,1990s_2000s,48.7,33.9,small,Other,C,Requiring Retrofit,2.9,"External Wall - 0.39, Roof - 0.28, Ground Floor - 0.45, Windows - 1.60",heat_pump,electric,stove,1,1,1,instant_gas,none,0,0,1,5,private,medium
D0099,UoG_like,SD18,0.027,DCSix,semi_detached,1979,1970s_1980s,133,44.4,medium,Dublin,C,Retrofitted,9.05,"External Wall - 0.27, Roof - 0.21, Ground Floor - 0.25, Windows - 1.20",heat_pump,electric,electric_heater,1,1,1,direct_electric,solar_thermal,702,0,1,1,private,medium
D0100,UoG_like,SD20,0.108,DCSix,mid_terrace,1974,1970s_1980s,96.7,35.3,medium,Other,D/E,Requiring Retrofit,8.6,"External Wall - 1.54, Roof - 0.71, Ground Floor - 0.70, Windows - 2.80",heat_pump,electric,stove,1,1,1,gas_boiler,none,0,0,0,4,social,low
D0101,ESC_like,SD7,0.032,IERC,end_terrace,2000,1990s_2000s,135.6,42.3,medium,Dublin,D/E,Retrofitted,3.14,"External Wall - 0.27, Roof - 0.21, Ground Floor - 0.25, Windows - 1.20",gas_boiler,gas,none,0,0,0,gas_boiler,immersion,2034,1,0,5,private,low
D0102,ESC_like,SD5,0.034,DCSix,apartment_duplex,1967,pre1970,62.5,37.1,small,Cork,C,Retrofitted,8.3,"External Wall - 0.27, Roof - 0.21, Ground Floor - 0.25, Windows - 1.20",heat_pump,electric,stove,1,4,1,oil_boiler,immersion,0,0,1,5,private,medium
D0103,ESC_like,SD7,0.108,IERC,detached,1980,1970s_1980s,85.7,35.8,small,Galway,D/E,Requiring Retrofit,9,"External Wall - 1.54, Roof - 0.71, Ground Floor - 0.70, Windows - 2.80",heat_pump,electric,none,0,0,1,oil_boiler,none,1500,1,0,2,private,high
D0104,Archetype_only,SD13,0.037,DCSix,apartment_duplex,1977,1970s_1980s,84.3,37.9,small,Other,F/G,Retrofitted,9.2,"External Wall - 0.27, Roof - 0.21, Ground Floor - 0.25, Windows - 1.20",gas_boiler,gas,none,0,0,0,heat_pump_cylinder,none,0,0,0,2,private,low
D0105,UoG_like,SD17,0.022,IERC,apartment_duplex,2017,post2010,49.2,30,small,Limerick,C,Requiring Retrofit,1,"External Wall - 0.27, Roof - 0.21, Ground Floor - 0.25, Windows - 1.20",heat_pump,electric,none,0,0,1,instant_gas,none,0,0,0,5,social,medium
D0106,UoG_like,SD8,0.062,DCSix,semi_detached,1998,1990s_2000s,100.5,34.6,medium,Other,F/G,Requiring Retrofit,4.96,"External Wall - 0.39, Roof - 0.28, Ground Floor - 0.45, Windows - 1.60",gas_boiler,gas,stove,1,4,0,heat_pump_cylinder,none,1507.5,1,0,4,private,medium
D0107,UoG_like,SD11,0.011,Other,semi_detached,1976,1970s_1980s,97.9,37.7,medium,Limerick,F/G,Partially Retrofitted,10.26,"External Wall - 0.39, Roof - 0.28, Ground Floor - 0.45, Windows - 1.60",gas_boiler,gas,electric_heater,1,1,0,oil_boiler,none,0,0,1,1,private,medium
D0108,ESC_like,SD10,0.036,DCSix,end_terrace,2017,post2010,71.7,35.5,small,Dublin,F/G,Retrofitted,2.95,"External Wall - 0.27, Roof - 0.21, Ground Floor - 0.25, Windows - 1.20",heat_pump,electric,stove,1,1,1,direct_electric,solar_thermal,660,0,0,2,private,medium
D0109,Archetype_only,SD18,0.103,IERC,end_terrace,1981,1970s_1980s,77.3,37.7,small,Dublin,D/E,Requiring Retrofit,2.24,"External Wall - 1.54, Roof - 0.71, Ground Floor - 0.70, Windows - 2.80",heat_pump,electric,stove,1,1,1,heat_pump_cylinder,immersion,1500,1,0,2,private,medium
D0110,ESC_like,SD11,0.059,DCSix,end_terrace,1990,1990s_2000s,103.4,31.8,medium,Cork,D/E,Requiring Retrofit,3.11,"External Wall - 0.39, Roof - 0.28, Ground Floor - 0.45, Windows - 1.60",heat_pump,electric,none,0,0,1,direct_electric,immersion,0,0,1,4,private,low
D0111,ESC_like,SD4,0.012,DCSix,semi_detached,2019,post2010,109.3,37.6,medium,Cork,D/E,Requiring Retrofit,3.65,"External Wall - 0.27, Roof - 0.21, Ground Floor - 0.25, Windows - 1.20",oil_boiler,oil,none,0,0,0,gas_boiler,solar_thermal,2511.5,1,1,5,social,high
D0112,Archetype_only,SD1,0.067,DCSix,mid_terrace,1983,1970s_1980s,94.3,32.7,medium,Dublin,A/B,Retrofitted,2.78,"External Wall - 0.27, Roof - 0.21, Ground Floor - 0.25, Windows - 1.20",heat_pump,electric,none,0,0,1,heat_pump_cylinder,none,0,0,1,4,private,medium
D0113,UoG_like,SD5,0.014,DCSix,end_terrace,2022,post2010,120.7,37,medium,Cork,C,Requiring Retrofit,1.56,"External Wall - 0.27, Roof - 0.21, Ground Floor - 0.25, Windows - 1.20",oil_boiler,oil,none,0,0,0,oil_boiler,immersion,0,0,0,5,private,low
D0114,Archetype_only,SD19,0.12,DCSix,semi_detached,1989,1970s_1980s,134.2,33.5,medium,Cork,D/E,Retrofitted,4.03,"External Wall - 0.27, Roof - 0.21, Ground Floor - 0.25, Windows - 1.20",heat_pump,electric,none,0,0,1,gas_boiler,none,2013,1,0,4,private,medium
D0115,ESC_like,SD1,0.101,DCSix,semi_detached,1974,1970s_1980s,98.1,29.1,medium,Dublin,F/G,Requiring Retrofit,6.71,"External Wall - 1.54, Roof - 0.71, Ground Floor - 0.70, Windows - 2.80",oil_boiler,oil,none,0,0,0,oil_boiler,none,1500,1,1,3,private,medium
D0116,UoG_like,SD12,0.082,IERC,semi_detached,1973,1970s_1980s,149,31.9,large,Dublin,C,Retrofitted,5.25,"External Wall - 0.27, Roof - 0.21, Ground Floor - 0.25, Windows - 1.20",heat_pump,electric,open_fire,1,1,1,heat_pump_cylinder,immersion,0,0,1,1,private,high
D0117,ESC_like,SD8,0.015,DCSix,mid_terrace,2000,1990s_2000s,71,35.2,small,Dublin,C,Retrofitted,5.74,"External Wall - 0.27, Roof - 0.21, Ground Floor - 0.25, Windows - 1.20",heat_pump,electric,none,0,0,1,gas_boiler,immersion,0,0,0,5,social,medium
D0118,UoG_like,SD5,0.099,DCSix,detached,2001,1990s_2000s,107.8,29.8,medium,Other,D/E,Requiring Retrofit,10.01,"External Wall - 0.39, Roof - 0.28, Ground Floor - 0.45, Windows - 1.60",gas_boiler,gas,electric_heater,1,1,0,instant_gas,none,0,0,0,3,social,medium
D0119,UoG_like,SD9,0.02,DCSix,semi_detached,1960,pre1970,153.3,42.2,large,Limerick,D/E,Partially Retrofitted,8.64,"External Wall - 0.39, Roof - 0.28, Ground Floor - 0.45, Windows - 1.60",heat_pump,electric,stove,1,1,1,direct_electric,immersion,0,0,0,2,social,low
D0120,ESC_like,SD19,0.03,DCSix,end_terrace,1950,pre1970,101.5,42,medium,Limerick,C,Requiring Retrofit,5.69,"External Wall - 1.54, Roof - 0.71, Ground Floor - 0.70, Windows - 2.80",gas_boiler,gas,none,0,0,0,oil_boiler,immersion,1522.5,1,1,2,private,low
D0121,UoG_like,SD9,0.09,DCSix,detached,2007,1990s_2000s,207.4,30.2,large,Dublin,C,Partially Retrofitted,2.28,"External Wall - 0.39, Roof - 0.28, Ground Floor - 0.45, Windows - 1.60",oil_boiler,oil,none,0,0,0,gas_boiler,none,3111,1,0,1,social,high
D0122,UoG_like,SD6,0.08,DCSix,detached,1973,1970s_1980s,142.3,40.9,large,Limerick,C,Retrofitted,9.29,"External Wall - 0.27, Roof - 0.21, Ground Floor - 0.25, Windows - 1.20",oil_boiler,oil,none,0,0,0,direct_electric,immersion,2134.5,1,0,5,social,medium
D0123,Archetype_only,SD8,0.066,DCSix,end_terrace,1971,1970s_1980s,86.1,23.1,small,Cork,D/E,Requiring Retrofit,7.6,"External Wall - 1.54, Roof - 0.71, Ground Floor - 0.70, Windows - 2.80",heat_pump,electric,none,0,0,1,instant_gas,none,0,0,1,4,social,medium
D0124,Archetype_only,SD14,0.118,IERC,mid_terrace,1960,pre1970,87.6,42.8,small,Dublin,F/G,Requiring Retrofit,10.18,"External Wall - 1.54, Roof - 0.71, Ground Floor - 0.70, Windows - 2.80",oil_boiler,oil,none,0,0,0,gas_boiler,none,0,0,0,4,private,medium
D0125,UoG_like,SD19,0.072,Other,mid_terrace,1991,1990s_2000s,90.9,32.5,medium,Other,A/B,Retrofitted,5.3,"External Wall - 0.27, Roof - 0.21, Ground Floor - 0.25, Windows - 1.20",heat_pump,electric,stove,1,1,1,heat_pump_cylinder,none,1500,1,0,3,private,low
D0126,ESC_like,SD10,0.084,DCSix,semi_detached,1942,pre1970,78.4,38.1,small,Other,F/G,Requiring Retrofit,12.4,"External Wall - 1.54, Roof - 0.71, Ground Floor - 0.70, Windows - 2.80",heat_pump,electric,open_fire,1,1,1,gas_boiler,none,0,0,0,2,social,low
D0127,ESC_like,SD18,0.062,DCSix,mid_terrace,2004,1990s_2000s,112.5,32.9,medium,Dublin,D/E,Partially Retrofitted,4.71,"External Wall - 0.39, Roof - 0.28, Ground Floor - 0.45, Windows - 1.60",gas_boiler,gas,stove,1,3,0,instant_gas,none,1687.5,1,1,5,private,medium
D0128,UoG_like,SD19,0.113,DCSix,detached,2012,post2010,106.4,30.4,medium,Other,C,Requiring Retrofit,2.35,"External Wall - 0.27, Roof - 0.21, Ground Floor - 0.25, Windows - 1.20",heat_pump,electric,none,0,0,1,direct_electric,none,0,0,1,2,social,medium
D0129,ESC_like,SD8,0.1,DCSix,mid_terrace,2014,post2010,85.3,28,small,Cork,D/E,Retrofitted,2.84,"External Wall - 0.27, Roof - 0.21, Ground Floor - 0.25, Windows - 1.20",gas_boiler,gas,electric_heater,1,1,0,instant_gas,none,0,0,0,2,private,low
D0130,Archetype_only,SD5,0.021,DCSix,apartment_duplex,2022,post2010,85.9,29.6,small,Dublin,D/E,Requiring Retrofit,3.29,"External Wall - 0.27, Roof - 0.21, Ground Floor - 0.25, Windows - 1.20",gas_boiler,gas,none,0,0,0,instant_gas,none,0,0,0,2,private,medium
D0131,ESC_like,SD12,0.054,DCSix,mid_terrace,2014,post2010,110.9,34,medium,Cork,D/E,Retrofitted,1.33,"External Wall - 0.27, Roof - 0.21, Ground Floor - 0.25, Windows - 1.20",heat_pump,electric,stove,1,1,1,oil_boiler,immersion,0,0,0,5,social,medium
D0132,UoG_like,SD9,0.095,IERC,apartment_duplex,1983,1970s_1980s,51.1,32.3,small,Limerick,D/E,Requiring Retrofit,7.48,"External Wall - 1.54, Roof - 0.71, Ground Floor - 0.70, Windows - 2.80",heat_pump,electric,none,0,0,1,oil_boiler,none,1500,1,0,3,private,high
D0133,UoG_like,SD18,0.065,Other,semi_detached,1994,1990s_2000s,128.9,35.6,medium,Other,C,Requiring Retrofit,7.43,"External Wall - 0.39, Roof - 0.28, Ground Floor - 0.45, Windows - 1.60",heat_pump,electric,electric_heater,1,1,1,direct_electric,none,0,0,1,4,social,medium
D0134,ESC_like,SD18,0.079,DCSix,apartment_duplex,1989,1970s_1980s,71,31,small,Dublin,F/G,Requiring Retrofit,10.66,"External Wall - 1.54, Roof - 0.71, Ground Floor - 0.70, Windows - 2.80",gas_boiler,gas,none,0,0,0,heat_pump_cylinder,none,0,0,0,5,social,medium
D0135,ESC_like,SD9,0.066,DCSix,semi_detached,1977,1970s_1980s,96.8,28.5,medium,Other,C,Partially Retrofitted,9.37,"External Wall - 0.39, Roof - 0.28, Ground Floor - 0.45, Windows - 1.60",heat_pump,electric,stove,1,1,1,gas_boiler,immersion,0,0,1,1,social,medium
D0136,ESC_like,SD4,0.056,Other,detached,1971,1970s_1980s,126.2,28.4,medium,Dublin,F/G,Requiring Retrofit,8.14,"External Wall - 1.54, Roof - 0.71, Ground Floor - 0.70, Windows - 2.80",oil_boiler,oil,none,0,0,0,gas_boiler,immersion,0,0,0,5,social,medium
D0137,ESC_like,SD12,0.019,DCSix,end_terrace,1996,1990s_2000s,47.7,32.9,small,Dublin,C,Requiring Retrofit,9.92,"External Wall - 0.39, Roof - 0.28, Ground Floor - 0.45, Windows - 1.60",heat_pump,electric,open_fire,1,1,1,oil_boiler,none,0,0,0,2,private,low
D0138,Archetype_only,SD6,0.117,IERC,detached,1973,1970s_1980s,119.1,34.2,medium,Other,F/G,Requiring Retrofit,12.12,"External Wall - 1.54, Roof - 0.71, Ground Floor - 0.70, Windows - 2.80",heat_pump,electric,none,0,0,1,direct_electric,none,0,0,0,1,private,medium
D0139,ESC_like,SD12,0.046,DCSix,apartment_duplex,1974,1970s_1980s,57.9,36.1,small,Dublin,C,Retrofitted,6.65,"External Wall - 0.27, Roof - 0.21, Ground Floor - 0.25, Windows - 1.20",heat_pump,electric,none,0,0,1,instant_gas,none,0,0,0,5,private,medium
D0140,UoG_like,SD11,0.022,DCSix,mid_terrace,1957,pre1970,78.3,43.7,small,Cork,C,Retrofitted,5.44,"External Wall - 0.27, Roof - 0.21, Ground Floor - 0.25, Windows - 1.20",heat_pump,electric,none,0,0,1,oil_boiler,immersion,0,0,0,4,private,low
D0141,UoG_like,SD1,0.098,DCSix,end_terrace,2019,post2010,89.5,28,small,Dublin,D/E,Retrofitted,1.74,"External Wall - 0.27, Roof - 0.21, Ground Floor - 0.25, Windows - 1.20",heat_pump,electric,open_fire,1,1,1,gas_boiler,none,1500,1,0,3,private,medium
D0142,ESC_like,SD18,0.01,IERC,apartment_duplex,1967,pre1970,91.9,32.2,medium,Galway,D/E,Requiring Retrofit,15.03,"External Wall - 1.54, Roof - 0.71, Ground Floor - 0.70, Windows - 2.80",oil_boiler,oil,none,0,0,0,oil_boiler,immersion,0,0,1,5,social,medium
D0143,UoG_like,SD20,0.039,DCSix,mid_terrace,1977,1970s_1980s,46.5,28.6,small,Dublin,D/E,Retrofitted,6.12,"External Wall - 0.27, Roof - 0.21, Ground Floor - 0.25, Windows - 1.20",gas_boiler,gas,none,0,0,0,heat_pump_cylinder,none,0,0,1,1,private,high
D0144,UoG_like,SD3,0.005,Other,mid_terrace,2002,1990s_2000s,79.7,32.6,small,Galway,C,Partially Retrofitted,4.88,"External Wall - 0.39, Roof - 0.28, Ground Floor - 0.45, Windows - 1.60",heat_pump,electric,none,0,0,1,direct_electric,immersion,0,0,1,3,private,medium
D0145,UoG_like,SD14,0.069,DCSix,mid_terrace,1998,1990s_2000s,99.7,28.3,medium,Limerick,C,Retrofitted,4.57,"External Wall - 0.27, Roof - 0.21, Ground Floor - 0.25, Windows - 1.20",heat_pump,electric,open_fire,1,1,1,direct_electric,none,1500,1,0,2,social,medium
D0146,ESC_like,SD16,0.069,DCSix,semi_detached,1949,pre1970,130.2,39.1,medium,Dublin,F/G,Requiring Retrofit,10.56,"External Wall - 1.54, Roof - 0.71, Ground Floor - 0.70, Windows - 2.80",heat_pump,electric,none,0,0,1,gas_boiler,none,1953,1,0,2,private,medium
D0147,ESC_like,SD11,0.037,DCSix,detached,1958,pre1970,122,31.5,medium,Dublin,F/G,Requiring Retrofit,10.48,"External Wall - 1.54, Roof - 0.71, Ground Floor - 0.70, Windows - 2.80",heat_pump,electric,none,0,0,1,instant_gas,none,1830,1,0,3,private,low
D0148,Archetype_only,SD6,0.046,DCSix,mid_terrace,1959,pre1970,103.1,34.9,medium,Galway,D/E,Requiring Retrofit,10.96,"External Wall - 1.54, Roof - 0.71, Ground Floor - 0.70, Windows - 2.80",heat_pump,electric,none,0,0,1,heat_pump_cylinder,none,0,0,0,1,social,medium
D0149,Archetype_only,SD19,0.05,Other,detached,1981,1970s_1980s,197.5,36.7,large,Dublin,C,Partially Retrofitted,6.7,"External Wall - 0.39, Roof - 0.28, Ground Floor - 0.45, Windows - 1.60",oil_boiler,oil,none,0,0,0,gas_boiler,none,0,0,1,1,private,medium
D0150,ESC_like,SD1,0.01,DCSix,end_terrace,2010,post2010,82.3,45.8,small,Galway,D/E,Partially Retrofitted,2.56,"External Wall - 0.27, Roof - 0.21, Ground Floor - 0.25, Windows - 1.20",heat_pump,electric,none,0,0,1,oil_boiler,none,0,0,1,4,private,low
D0151,ESC_like,SD7,0.068,IERC,apartment_duplex,1977,1970s_1980s,71.5,30,small,Cork,D/E,Partially Retrofitted,6.88,"External Wall - 0.39, Roof - 0.28, Ground Floor - 0.45, Windows - 1.60",gas_boiler,gas,stove,1,1,0,direct_electric,none,1500,1,0,3,private,high
D0152,UoG_like,SD10,0.115,Other,mid_terrace,1978,1970s_1980s,141.4,29.4,large,Other,D/E,Requiring Retrofit,6.72,"External Wall - 1.54, Roof - 0.71, Ground Floor - 0.70, Windows - 2.80",oil_boiler,oil,none,0,0,0,oil_boiler,immersion,0,0,0,4,social,low
D0153,ESC_like,SD10,0.11,DCSix,end_terrace,1986,1970s_1980s,65.7,39.7,small,Dublin,D/E,Requiring Retrofit,4.74,"External Wall - 1.54, Roof - 0.71, Ground Floor - 0.70, Windows - 2.80",heat_pump,electric,stove,1,1,1,direct_electric,solar_thermal,915,0,1,4,private,medium
D0154,ESC_like,SD19,0.093,IERC,detached,1980,1970s_1980s,152.4,42.2,large,Cork,C,Partially Retrofitted,2.41,"External Wall - 0.39, Roof - 0.28, Ground Floor - 0.45, Windows - 1.60",heat_pump,electric,none,0,0,1,gas_boiler,solar_thermal,888,0,1,1,social,low
D0155,UoG_like,SD17,0.077,DCSix,semi_detached,1974,1970s_1980s,106.1,29.6,medium,Dublin,A/B,Retrofitted,8.75,"External Wall - 0.27, Roof - 0.21, Ground Floor - 0.25, Windows - 1.20",heat_pump,electric,none,0,0,1,heat_pump_cylinder,immersion,0,0,0,3,social,medium
D0156,ESC_like,SD16,0.109,DCSix,detached,1963,pre1970,174.3,38.3,large,Dublin,D/E,Requiring Retrofit,9.74,"External Wall - 1.54, Roof - 0.71, Ground Floor - 0.70, Windows - 2.80",gas_boiler,gas,none,0,0,0,heat_pump_cylinder,none,0,0,1,5,private,medium
D0157,UoG_like,SD15,0.025,Other,mid_terrace,1980,1970s_1980s,109.9,41,medium,Galway,F/G,Partially Retrofitted,7.56,"External Wall - 0.39, Roof - 0.28, Ground Floor - 0.45, Windows - 1.60",gas_boiler,gas,none,0,0,0,direct_electric,immersion,0,0,0,3,private,low
D0158,Archetype_only,SD15,0.056,DCSix,mid_terrace,1986,1970s_1980s,106.3,33.9,medium,Cork,F/G,Requiring Retrofit,7.54,"External Wall - 1.54, Roof - 0.71, Ground Floor - 0.70, Windows - 2.80",heat_pump,electric,none,0,0,1,oil_boiler,immersion,0,0,0,2,private,high
D0159,UoG_like,SD15,0.087,Other,apartment_duplex,1983,1970s_1980s,68.1,35.1,small,Galway,D/E,Retrofitted,4.79,"External Wall - 0.27, Roof - 0.21, Ground Floor - 0.25, Windows - 1.20",gas_boiler,gas,stove,1,1,0,direct_electric,none,0,0,0,1,social,low
D0160,ESC_like,SD7,0.029,IERC,detached,1950,pre1970,284.3,38.9,large,Cork,D/E,Retrofitted,9.11,"External Wall - 0.27, Roof - 0.21, Ground Floor - 0.25, Windows - 1.20",gas_boiler,gas,open_fire,1,1,0,direct_electric,none,4264.5,1,0,3,social,medium
D0161,Archetype_only,SD8,0.071,DCSix,semi_detached,2004,1990s_2000s,72,40.2,small,Cork,D/E,Requiring Retrofit,7.42,"External Wall - 0.39, Roof - 0.28, Ground Floor - 0.45, Windows - 1.60",heat_pump,electric,none,0,0,1,oil_boiler,none,0,0,0,5,private,medium
D0162,ESC_like,SD6,0.041,IERC,apartment_duplex,1972,1970s_1980s,44.3,36.1,small,Cork,A/B,Retrofitted,5.27,"External Wall - 0.27, Roof - 0.21, Ground Floor - 0.25, Windows - 1.20",heat_pump,electric,none,0,0,1,heat_pump_cylinder,none,1500,1,1,2,private,medium
D0163,Archetype_only,SD4,0.01,Other,apartment_duplex,2005,1990s_2000s,56.4,28.7,small,Other,F/G,Retrofitted,2.44,"External Wall - 0.27, Roof - 0.21, Ground Floor - 0.25, Windows - 1.20",heat_pump,electric,stove,1,2,1,gas_boiler,immersion,0,0,1,5,private,medium
D0164,UoG_like,SD3,0.073,IERC,apartment_duplex,1955,pre1970,70,31,small,Cork,D/E,Partially Retrofitted,8.42,"External Wall - 0.39, Roof - 0.28, Ground Floor - 0.45, Windows - 1.60",heat_pump,electric,stove,1,1,1,instant_gas,none,0,0,1,5,private,high
D0165,Archetype_only,SD7,0.057,DCSix,detached,1977,1970s_1980s,121.5,34.8,medium,Dublin,C,Partially Retrofitted,6.67,"External Wall - 0.39, Roof - 0.28, Ground Floor - 0.45, Windows - 1.60",heat_pump,electric,open_fire,1,1,1,direct_electric,none,0,0,0,5,social,medium
D0166,UoG_like,SD1,0.064,DCSix,detached,1987,1970s_1980s,148.7,25.6,large,Dublin,F/G,Requiring Retrofit,10.09,"External Wall - 1.54, Roof - 0.71, Ground Floor - 0.70, Windows - 2.80",heat_pump,electric,electric_heater,1,1,1,gas_boiler,immersion,0,0,0,1,private,medium
D0167,UoG_like,SD5,0.093,DCSix,apartment_duplex,1966,pre1970,65,37.9,small,Dublin,F/G,Retrofitted,12.8,"External Wall - 0.27, Roof - 0.21, Ground Floor - 0.25, Windows - 1.20",heat_pump,electric,none,0,0,1,gas_boiler,immersion,0,0,0,1,social,medium
D0168,UoG_like,SD11,0.087,DCSix,end_terrace,1995,1990s_2000s,45.7,30.6,small,Other,C,Partially Retrofitted,5.29,"External Wall - 0.39, Roof - 0.28, Ground Floor - 0.45, Windows - 1.60",heat_pump,electric,stove,1,1,1,gas_boiler,none,1500,1,0,2,private,medium
D0169,Archetype_only,SD11,0.108,DCSix,semi_detached,1947,pre1970,124.9,41.1,medium,Other,F/G,Requiring Retrofit,11.72,"External Wall - 1.54, Roof - 0.71, Ground Floor - 0.70, Windows - 2.80",heat_pump,electric,open_fire,1,1,1,gas_boiler,none,0,0,1,5,private,low
D0170,ESC_like,SD13,0.059,Other,detached,1949,pre1970,180.1,30.3,large,Dublin,D/E,Partially Retrofitted,5.95,"External Wall - 0.39, Roof - 0.28, Ground Floor - 0.45, Windows - 1.60",heat_pump,electric,none,0,0,1,gas_boiler,none,0,0,1,1,private,medium
D0171,UoG_like,SD10,0.079,IERC,semi_detached,1987,1970s_1980s,156.8,31.1,large,Cork,D/E,Retrofitted,4.47,"External Wall - 0.27, Roof - 0.21, Ground Floor - 0.25, Windows - 1.20",oil_boiler,oil,none,0,0,0,gas_boiler,none,0,0,1,5,social,medium
D0172,UoG_like,SD20,0.111,Other,detached,1967,pre1970,191.8,36.9,large,Galway,C,Partially Retrofitted,4.84,"External Wall - 0.39, Roof - 0.28, Ground Floor - 0.45, Windows - 1.60",heat_pump,electric,none,0,0,1,oil_boiler,none,0,0,0,4,private,medium
D0173,ESC_like,SD2,0.106,DCSix,apartment_duplex,1965,pre1970,83.1,30.7,small,Other,C,Requiring Retrofit,3.37,"External Wall - 1.54, Roof - 0.71, Ground Floor - 0.70, Windows - 2.80",heat_pump,electric,open_fire,1,1,1,oil_boiler,none,0,0,0,2,social,medium
D0174,Archetype_only,SD12,0.099,DCSix,semi_detached,1970,1970s_1980s,121.2,34.7,medium,Other,D/E,Partially Retrofitted,7.63,"External Wall - 0.39, Roof - 0.28, Ground Floor - 0.45, Windows - 1.60",heat_pump,electric,none,0,0,1,gas_boiler,none,0,0,0,2,private,high
D0175,ESC_like,SD8,0.068,Other,detached,2009,1990s_2000s,187.6,34,large,Other,C,Requiring Retrofit,3.94,"External Wall - 0.39, Roof - 0.28, Ground Floor - 0.45, Windows - 1.60",heat_pump,electric,stove,1,1,1,oil_boiler,immersion,0,0,1,1,social,medium
D0176,UoG_like,SD16,0.068,DCSix,apartment_duplex,1952,pre1970,90.4,37.2,medium,Dublin,C,Requiring Retrofit,5.13,"External Wall - 1.54, Roof - 0.71, Ground Floor - 0.70, Windows - 2.80",gas_boiler,gas,none,0,0,0,gas_boiler,immersion,0,0,1,4,social,high
D0177,ESC_like,SD13,0.024,Other,detached,1984,1970s_1980s,211.7,36.4,large,Other,C,Partially Retrofitted,5.72,"External Wall - 0.39, Roof - 0.28, Ground Floor - 0.45, Windows - 1.60",heat_pump,electric,none,0,0,1,gas_boiler,none,0,0,0,3,social,low
D0178,UoG_like,SD6,0.091,DCSix,semi_detached,2013,post2010,105.1,28.7,medium,Cork,C,Retrofitted,1.08,"External Wall - 0.27, Roof - 0.21, Ground Floor - 0.25, Windows - 1.20",heat_pump,electric,stove,1,1,1,direct_electric,immersion,0,0,0,1,social,medium
D0179,Archetype_only,SD4,0.042,Other,detached,1943,pre1970,138.7,32.4,medium,Dublin,F/G,Requiring Retrofit,9.31,"External Wall - 1.54, Roof - 0.71, Ground Floor - 0.70, Windows - 2.80",heat_pump,electric,none,0,0,1,oil_boiler,immersion,0,0,0,4,private,high
D0180,Archetype_only,SD7,0.005,DCSix,end_terrace,1945,pre1970,93.8,34.9,medium,Galway,F/G,Requiring Retrofit,14.32,"External Wall - 1.54, Roof - 0.71, Ground Floor - 0.70, Windows - 2.80",oil_boiler,oil,open_fire,1,1,0,gas_boiler,none,0,0,0,1,social,medium
D0181,Archetype_only,SD10,0.063,DCSix,apartment_duplex,2010,post2010,74,32.5,small,Dublin,F/G,Requiring Retrofit,1.6,"External Wall - 0.27, Roof - 0.21, Ground Floor - 0.25, Windows - 1.20",heat_pump,electric,open_fire,1,1,1,oil_boiler,none,0,0,0,3,social,medium
D0182,ESC_like,SD12,0.074,DCSix,semi_detached,1982,1970s_1980s,108.5,31.8,medium,Cork,C,Requiring Retrofit,7.23,"External Wall - 1.54, Roof - 0.71, Ground Floor - 0.70, Windows - 2.80",heat_pump,electric,electric_heater,1,1,1,oil_boiler,none,0,0,1,2,private,high
D0183,ESC_like,SD5,0.035,DCSix,mid_terrace,1982,1970s_1980s,124.4,39.9,medium,Other,C,Requiring Retrofit,5.16,"External Wall - 1.54, Roof - 0.71, Ground Floor - 0.70, Windows - 2.80",heat_pump,electric,none,0,0,1,gas_boiler,none,1866,1,0,2,private,medium
D0184,UoG_like,SD8,0.073,DCSix,end_terrace,1940,pre1970,83.9,35.2,small,Dublin,C,Requiring Retrofit,5.35,"External Wall - 1.54, Roof - 0.71, Ground Floor - 0.70, Windows - 2.80",heat_pump,electric,open_fire,1,1,1,oil_boiler,none,0,0,0,5,private,low
D0185,UoG_like,SD18,0.09,IERC,semi_detached,1946,pre1970,174.2,23.2,large,Cork,C,Requiring Retrofit,5.37,"External Wall - 1.54, Roof - 0.71, Ground Floor - 0.70, Windows - 2.80",heat_pump,electric,open_fire,1,1,1,gas_boiler,none,0,0,0,4,private,medium
D0186,UoG_like,SD2,0.108,DCSix,detached,1979,1970s_1980s,133.4,30.4,medium,Other,D/E,Requiring Retrofit,12.06,"External Wall - 1.54, Roof - 0.71, Ground Floor - 0.70, Windows - 2.80",gas_boiler,gas,electric_heater,1,3,0,heat_pump_cylinder,immersion,0,0,1,2,private,high
D0187,ESC_like,SD9,0.023,DCSix,mid_terrace,1944,pre1970,78.9,33.7,small,Galway,C,Retrofitted,8.66,"External Wall - 0.27, Roof - 0.21, Ground Floor - 0.25, Windows - 1.20",oil_boiler,oil,electric_heater,1,1,0,gas_boiler,none,0,0,1,5,private,high
D0188,UoG_like,SD7,0.005,DCSix,end_terrace,1978,1970s_1980s,96.9,42,medium,Dublin,D/E,Retrofitted,6.39,"External Wall - 0.27, Roof - 0.21, Ground Floor - 0.25, Windows - 1.20",heat_pump,electric,stove,1,1,1,gas_boiler,none,0,0,0,3,private,high
D0189,ESC_like,SD7,0.063,IERC,apartment_duplex,1950,pre1970,71.7,33.1,small,Galway,C,Requiring Retrofit,8.19,"External Wall - 1.54, Roof - 0.71, Ground Floor - 0.70, Windows - 2.80",gas_boiler,gas,none,0,0,0,gas_boiler,immersion,1500,1,1,1,private,medium
D0190,UoG_like,SD12,0.009,IERC,end_terrace,1968,pre1970,99,37,medium,Galway,D/E,Requiring Retrofit,8.85,"External Wall - 1.54, Roof - 0.71, Ground Floor - 0.70, Windows - 2.80",gas_boiler,gas,none,0,0,0,direct_electric,none,0,0,1,3,private,low
D0191,Archetype_only,SD2,0.066,DCSix,apartment_duplex,1984,1970s_1980s,60.2,39.6,small,Galway,A/B,Retrofitted,4.02,"External Wall - 0.27, Roof - 0.21, Ground Floor - 0.25, Windows - 1.20",oil_boiler,oil,open_fire,1,1,0,gas_boiler,none,0,0,0,3,private,low
D0192,ESC_like,SD17,0.054,DCSix,mid_terrace,1974,1970s_1980s,63.3,44.9,small,Galway,A/B,Retrofitted,8.52,"External Wall - 0.27, Roof - 0.21, Ground Floor - 0.25, Windows - 1.20",heat_pump,electric,open_fire,1,1,1,gas_boiler,none,0,0,0,4,private,medium
D0193,Archetype_only,SD18,0.084,Other,semi_detached,1950,pre1970,114.7,34.6,medium,Cork,C,Retrofitted,6.85,"External Wall - 0.27, Roof - 0.21, Ground Floor - 0.25, Windows - 1.20",heat_pump,electric,none,0,0,1,gas_boiler,none,0,0,0,2,private,high
D0194,ESC_like,SD7,0.016,IERC,semi_detached,1948,pre1970,137.3,33.8,medium,Other,D/E,Requiring Retrofit,9.22,"External Wall - 1.54, Roof - 0.71, Ground Floor - 0.70, Windows - 2.80",heat_pump,electric,stove,1,1,1,gas_boiler,none,0,0,1,2,private,medium
D0195,UoG_like,SD2,0.046,DCSix,detached,1990,1990s_2000s,115.5,34.6,medium,Other,F/G,Requiring Retrofit,9.61,"External Wall - 0.39, Roof - 0.28, Ground Floor - 0.45, Windows - 1.60",heat_pump,electric,open_fire,1,3,1,instant_gas,immersion,0,0,0,2,private,low
D0196,Archetype_only,SD16,0.008,IERC,apartment_duplex,1998,1990s_2000s,51.4,36.2,small,Other,C,Requiring Retrofit,4.66,"External Wall - 0.39, Roof - 0.28, Ground Floor - 0.45, Windows - 1.60",oil_boiler,oil,none,0,0,0,gas_boiler,none,0,0,1,2,private,medium
D0197,Archetype_only,SD6,0.116,DCSix,mid_terrace,1945,pre1970,128.5,28.8,medium,Dublin,F/G,Retrofitted,5.79,"External Wall - 0.27, Roof - 0.21, Ground Floor - 0.25, Windows - 1.20",heat_pump,electric,electric_heater,1,1,1,oil_boiler,none,0,0,1,4,private,medium
D0198,ESC_like,SD6,0.016,IERC,mid_terrace,1945,pre1970,49.2,32,small,Dublin,A/B,Retrofitted,6.83,"External Wall - 0.27, Roof - 0.21, Ground Floor - 0.25, Windows - 1.20",heat_pump,electric,electric_heater,1,1,1,heat_pump_cylinder,immersion,0,0,0,3,private,low
D0199,UoG_like,SD17,0.074,IERC,semi_detached,2004,1990s_2000s,136.2,28.1,medium,Other,D/E,Retrofitted,3.25,"External Wall - 0.27, Roof - 0.21, Ground Floor - 0.25, Windows - 1.20",oil_boiler,oil,none,0,0,0,oil_boiler,immersion,0,0,0,4,private,high
D0200,Archetype_only,SD13,0.06,DCSix,mid_terrace,1940,pre1970,103.2,40,medium,Dublin,D/E,Retrofitted,5.88,"External Wall - 0.27, Roof - 0.21, Ground Floor - 0.25, Windows - 1.20",heat_pump,electric,electric_heater,1,3,1,heat_pump_cylinder,none,1548,1,0,3,private,medium
D0201,Archetype_only,SD7,0.082,Other,apartment_duplex,1947,pre1970,63.6,32.6,small,Dublin,F/G,Requiring Retrofit,7.95,"External Wall - 1.54, Roof - 0.71, Ground Floor - 0.70, Windows - 2.80",gas_boiler,gas,stove,1,1,0,heat_pump_cylinder,immersion,0,0,0,5,private,medium
D0202,UoG_like,SD2,0.054,DCSix,end_terrace,1944,pre1970,108.8,44.1,medium,Cork,D/E,Partially Retrofitted,8.08,"External Wall - 0.39, Roof - 0.28, Ground Floor - 0.45, Windows - 1.60",gas_boiler,gas,none,0,0,0,oil_boiler,none,1632,1,0,5,social,low
D0203,ESC_like,SD9,0.09,Other,semi_detached,2014,post2010,130.2,36,medium,Galway,D/E,Requiring Retrofit,2.43,"External Wall - 0.27, Roof - 0.21, Ground Floor - 0.25, Windows - 1.20",heat_pump,electric,none,0,0,1,oil_boiler,immersion,1953,1,0,1,private,medium
D0204,UoG_like,SD7,0.118,Other,mid_terrace,1962,pre1970,88.6,36,small,Cork,D/E,Retrofitted,5.85,"External Wall - 0.27, Roof - 0.21, Ground Floor - 0.25, Windows - 1.20",gas_boiler,gas,stove,1,1,0,gas_boiler,immersion,0,0,0,1,private,high
D0205,ESC_like,SD9,0.046,IERC,semi_detached,1970,1970s_1980s,86.5,33.8,small,Galway,F/G,Requiring Retrofit,10.08,"External Wall - 1.54, Roof - 0.71, Ground Floor - 0.70, Windows - 2.80",gas_boiler,gas,stove,1,1,0,direct_electric,immersion,0,0,1,2,social,low
D0206,ESC_like,SD1,0.029,Other,end_terrace,2012,post2010,90.8,27.2,medium,Dublin,D/E,Partially Retrofitted,3.24,"External Wall - 0.27, Roof - 0.21, Ground Floor - 0.25, Windows - 1.20",heat_pump,electric,none,0,0,1,oil_boiler,none,0,0,0,4,private,medium
D0207,UoG_like,SD17,0.119,IERC,mid_terrace,2007,1990s_2000s,53.6,31,small,Dublin,C,Retrofitted,2.86,"External Wall - 0.27, Roof - 0.21, Ground Floor - 0.25, Windows - 1.20",gas_boiler,gas,none,0,0,0,heat_pump_cylinder,none,0,0,0,3,private,low
D0208,UoG_like,SD13,0.013,Other,semi_detached,1992,1990s_2000s,156,38.5,large,Limerick,D/E,Requiring Retrofit,5.72,"External Wall - 0.39, Roof - 0.28, Ground Floor - 0.45, Windows - 1.60",heat_pump,electric,electric_heater,1,1,1,gas_boiler,solar_thermal,798,0,0,1,private,low
D0209,Archetype_only,SD20,0.022,DCSix,mid_terrace,2000,1990s_2000s,95.7,38,medium,Dublin,A/B,Partially Retrofitted,4.08,"External Wall - 0.39, Roof - 0.28, Ground Floor - 0.45, Windows - 1.60",gas_boiler,gas,open_fire,1,1,0,heat_pump_cylinder,none,0,0,0,4,private,low
D0210,ESC_like,SD1,0.103,DCSix,end_terrace,1950,pre1970,95.4,28.1,medium,Other,F/G,Requiring Retrofit,10.23,"External Wall - 1.54, Roof - 0.71, Ground Floor - 0.70, Windows - 2.80",heat_pump,electric,stove,1,1,1,gas_boiler,none,0,0,1,3,private,low
D0211,UoG_like,SD15,0.111,DCSix,mid_terrace,2003,1990s_2000s,71.3,28.7,small,Other,A/B,Partially Retrofitted,5.3,"External Wall - 0.39, Roof - 0.28, Ground Floor - 0.45, Windows - 1.60",gas_boiler,gas,none,0,0,0,heat_pump_cylinder,immersion,0,0,0,3,social,high
D0212,ESC_like,SD9,0.016,DCSix,mid_terrace,1987,1970s_1980s,107.7,30.6,medium,Dublin,D/E,Requiring Retrofit,3.31,"External Wall - 1.54, Roof - 0.71, Ground Floor - 0.70, Windows - 2.80",heat_pump,electric,open_fire,1,3,1,oil_boiler,none,0,0,0,4,private,low
D0213,UoG_like,SD14,0.101,IERC,apartment_duplex,1979,1970s_1980s,74,41,small,Dublin,C,Requiring Retrofit,9.06,"External Wall - 1.54, Roof - 0.71, Ground Floor - 0.70, Windows - 2.80",heat_pump,electric,open_fire,1,1,1,oil_boiler,none,0,0,1,3,private,high
D0214,UoG_like,SD17,0.035,IERC,detached,1999,1990s_2000s,105.3,37.6,medium,Dublin,A/B,Partially Retrofitted,5.01,"External Wall - 0.39, Roof - 0.28, Ground Floor - 0.45, Windows - 1.60",gas_boiler,gas,stove,1,1,0,gas_boiler,immersion,1579.5,1,0,4,private,medium
D0215,UoG_like,SD7,0.019,DCSix,semi_detached,1943,pre1970,126.2,35.4,medium,Dublin,F/G,Requiring Retrofit,11.28,"External Wall - 1.54, Roof - 0.71, Ground Floor - 0.70, Windows - 2.80",heat_pump,electric,none,0,0,1,gas_boiler,immersion,1893,1,0,5,social,medium
D0216,ESC_like,SD1,0.074,IERC,semi_detached,1987,1970s_1980s,124.5,36.9,medium,Cork,D/E,Requiring Retrofit,5.38,"External Wall - 1.54, Roof - 0.71, Ground Floor - 0.70, Windows - 2.80",gas_boiler,gas,none,0,0,0,gas_boiler,none,0,0,0,3,private,medium
D0217,Archetype_only,SD12,0.051,DCSix,mid_terrace,2001,1990s_2000s,95.5,42.3,medium,Cork,C,Requiring Retrofit,7.44,"External Wall - 0.39, Roof - 0.28, Ground Floor - 0.45, Windows - 1.60",gas_boiler,gas,none,0,0,0,oil_boiler,solar_thermal,2329,1,0,1,private,medium
D0218,UoG_like,SD10,0.033,Other,mid_terrace,1984,1970s_1980s,81.8,38.8,small,Cork,F/G,Requiring Retrofit,7.17,"External Wall - 1.54, Roof - 0.71, Ground Floor - 0.70, Windows - 2.80",oil_boiler,oil,none,0,0,0,direct_electric,immersion,0,0,1,5,private,medium
D0219,UoG_like,SD16,0.01,IERC,mid_terrace,1962,pre1970,106.5,35,medium,Cork,D/E,Requiring Retrofit,7.54,"External Wall - 1.54, Roof - 0.71, Ground Floor - 0.70, Windows - 2.80",heat_pump,electric,stove,1,1,1,gas_boiler,none,1597.5,1,0,5,private,low
D0220,Archetype_only,SD5,0.067,DCSix,mid_terrace,1981,1970s_1980s,97.1,38.5,medium,Cork,A/B,Partially Retrofitted,7.04,"External Wall - 0.39, Roof - 0.28, Ground Floor - 0.45, Windows - 1.60",heat_pump,electric,none,0,0,1,gas_boiler,immersion,1500,1,1,5,private,low
D0221,UoG_like,SD4,0.037,Other,detached,2007,1990s_2000s,219.7,34.4,large,Dublin,A/B,Requiring Retrofit,1,"External Wall - 0.39, Roof - 0.28, Ground Floor - 0.45, Windows - 1.60",gas_boiler,gas,stove,1,1,0,direct_electric,immersion,0,0,1,3,private,medium
D0222,UoG_like,SD10,0.033,IERC,semi_detached,1997,1990s_2000s,135.2,36.8,medium,Cork,F/G,Requiring Retrofit,7.55,"External Wall - 0.39, Roof - 0.28, Ground Floor - 0.45, Windows - 1.60",heat_pump,electric,none,0,0,1,oil_boiler,none,0,0,1,4,private,low
D0223,ESC_like,SD9,0.113,IERC,semi_detached,2016,post2010,74.2,31.2,small,Galway,C,Retrofitted,1.53,"External Wall - 0.27, Roof - 0.21, Ground Floor - 0.25, Windows - 1.20",heat_pump,electric,none,0,0,1,oil_boiler,solar_thermal,853,0,1,4,private,low
D0224,ESC_like,SD10,0.081,DCSix,mid_terrace,1952,pre1970,88.4,38,small,Limerick,D/E,Requiring Retrofit,8.7,"External Wall - 1.54, Roof - 0.71, Ground Floor - 0.70, Windows - 2.80",gas_boiler,gas,none,0,0,0,oil_boiler,solar_thermal,788,0,1,3,social,low
D0225,ESC_like,SD7,0.047,IERC,mid_terrace,1945,pre1970,58.3,39.5,small,Dublin,D/E,Partially Retrofitted,7.91,"External Wall - 0.39, Roof - 0.28, Ground Floor - 0.45, Windows - 1.60",heat_pump,electric,open_fire,1,1,1,gas_boiler,solar_thermal,2178,1,0,5,private,low
D0226,UoG_like,SD20,0.033,IERC,end_terrace,2013,post2010,81.2,36,small,Dublin,F/G,Partially Retrofitted,2.79,"External Wall - 0.27, Roof - 0.21, Ground Floor - 0.25, Windows - 1.20",heat_pump,electric,open_fire,1,3,1,gas_boiler,immersion,1500,1,0,2,social,medium
D0227,UoG_like,SD3,0.112,DCSix,end_terrace,1974,1970s_1980s,101.5,21.3,medium,Other,F/G,Requiring Retrofit,14.83,"External Wall - 1.54, Roof - 0.71, Ground Floor - 0.70, Windows - 2.80",oil_boiler,oil,none,0,0,0,gas_boiler,none,0,0,1,4,social,high
D0228,ESC_like,SD10,0.087,DCSix,semi_detached,2019,post2010,151.3,35.7,large,Cork,C,Requiring Retrofit,3.5,"External Wall - 0.27, Roof - 0.21, Ground Floor - 0.25, Windows - 1.20",heat_pump,electric,none,0,0,1,gas_boiler,immersion,2269.5,1,1,3,private,low
D0229,UoG_like,SD17,0.039,Other,apartment_duplex,2019,post2010,62.8,38.5,small,Dublin,D/E,Partially Retrofitted,1.01,"External Wall - 0.27, Roof - 0.21, Ground Floor - 0.25, Windows - 1.20",heat_pump,electric,electric_heater,1,1,1,oil_boiler,none,0,0,1,3,private,medium
D0230,ESC_like,SD17,0.057,DCSix,apartment_duplex,1969,pre1970,66.7,45.6,small,Other,D/E,Requiring Retrofit,6.03,"External Wall - 1.54, Roof - 0.71, Ground Floor - 0.70, Windows - 2.80",heat_pump,electric,none,0,0,1,gas_boiler,immersion,1500,1,0,2,private,medium
D0231,Archetype_only,SD2,0.048,IERC,apartment_duplex,1982,1970s_1980s,71.8,35.5,small,Galway,F/G,Partially Retrofitted,6.48,"External Wall - 0.39, Roof - 0.28, Ground Floor - 0.45, Windows - 1.60",oil_boiler,oil,electric_heater,1,1,0,gas_boiler,immersion,1500,1,1,5,private,low
D0232,Archetype_only,SD13,0.031,Other,end_terrace,1970,1970s_1980s,87.5,35.5,small,Dublin,F/G,Requiring Retrofit,10.07,"External Wall - 1.54, Roof - 0.71, Ground Floor - 0.70, Windows - 2.80",oil_boiler,oil,stove,1,2,0,direct_electric,none,0,0,1,4,private,medium
D0233,ESC_like,SD3,0.068,Other,semi_detached,1979,1970s_1980s,98,44.4,medium,Galway,C,Requiring Retrofit,11.07,"External Wall - 1.54, Roof - 0.71, Ground Floor - 0.70, Windows - 2.80",oil_boiler,oil,none,0,0,0,gas_boiler,none,0,0,1,4,private,medium
D0234,ESC_like,SD18,0.114,Other,detached,1983,1970s_1980s,202.2,30.1,large,Galway,F/G,Requiring Retrofit,6.81,"External Wall - 1.54, Roof - 0.71, Ground Floor - 0.70, Windows - 2.80",heat_pump,electric,stove,1,1,1,gas_boiler,immersion,0,0,1,1,private,medium
D0235,UoG_like,SD18,0.103,IERC,semi_detached,2013,post2010,142.3,30.8,large,Dublin,C,Requiring Retrofit,1,"External Wall - 0.27, Roof - 0.21, Ground Floor - 0.25, Windows - 1.20",heat_pump,electric,open_fire,1,1,1,gas_boiler,immersion,2134.5,1,1,3,private,high
D0236,UoG_like,SD2,0.01,IERC,end_terrace,1992,1990s_2000s,108.5,34.5,medium,Cork,F/G,Requiring Retrofit,4.83,"External Wall - 0.39, Roof - 0.28, Ground Floor - 0.45, Windows - 1.60",gas_boiler,gas,stove,1,1,0,oil_boiler,none,0,0,0,4,private,high
D0237,UoG_like,SD2,0.096,IERC,mid_terrace,1999,1990s_2000s,61.2,39,small,Cork,C,Partially Retrofitted,2.51,"External Wall - 0.39, Roof - 0.28, Ground Floor - 0.45, Windows - 1.60",heat_pump,electric,none,0,0,1,gas_boiler,immersion,1500,1,0,3,private,medium
D0238,ESC_like,SD15,0.081,IERC,apartment_duplex,1975,1970s_1980s,55.3,36.7,small,Galway,F/G,Requiring Retrofit,13.81,"External Wall - 1.54, Roof - 0.71, Ground Floor - 0.70, Windows - 2.80",gas_boiler,gas,none,0,0,0,instant_gas,none,0,0,0,3,private,medium
D0239,UoG_like,SD3,0.083,DCSix,detached,1990,1990s_2000s,227.9,39.2,large,Limerick,F/G,Requiring Retrofit,6.35,"External Wall - 0.39, Roof - 0.28, Ground Floor - 0.45, Windows - 1.60",heat_pump,electric,stove,1,1,1,heat_pump_cylinder,immersion,0,0,1,2,social,medium
D0240,ESC_like,SD7,0.099,DCSix,semi_detached,1992,1990s_2000s,148.4,36.2,large,Galway,C,Partially Retrofitted,5.09,"External Wall - 0.39, Roof - 0.28, Ground Floor - 0.45, Windows - 1.60",gas_boiler,gas,stove,1,1,0,gas_boiler,none,0,0,0,4,private,low
D0241,UoG_like,SD20,0.023,DCSix,apartment_duplex,2011,post2010,52.3,29.3,small,Dublin,D/E,Partially Retrofitted,1.21,"External Wall - 0.27, Roof - 0.21, Ground Floor - 0.25, Windows - 1.20",heat_pump,electric,none,0,0,1,direct_electric,immersion,1500,1,0,5,private,medium
D0242,ESC_like,SD6,0.025,DCSix,semi_detached,2022,post2010,161.4,37.7,large,Other,F/G,Partially Retrofitted,1,"External Wall - 0.27, Roof - 0.21, Ground Floor - 0.25, Windows - 1.20",oil_boiler,oil,none,0,0,0,gas_boiler,none,0,0,1,4,private,high
D0243,UoG_like,SD17,0.016,DCSix,mid_terrace,1982,1970s_1980s,114.1,35,medium,Galway,C,Retrofitted,3.15,"External Wall - 0.27, Roof - 0.21, Ground Floor - 0.25, Windows - 1.20",heat_pump,electric,none,0,0,1,oil_boiler,none,0,0,0,4,private,medium
D0244,ESC_like,SD8,0.039,DCSix,detached,2017,post2010,143.8,37.3,large,Cork,D/E,Requiring Retrofit,2.49,"External Wall - 0.27, Roof - 0.21, Ground Floor - 0.25, Windows - 1.20",heat_pump,electric,stove,1,1,1,heat_pump_cylinder,solar_thermal,832,0,1,3,private,low
D0245,Archetype_only,SD6,0.111,DCSix,apartment_duplex,1966,pre1970,92.1,38.5,medium,Other,A/B,Retrofitted,8.78,"External Wall - 0.27, Roof - 0.21, Ground Floor - 0.25, Windows - 1.20",gas_boiler,gas,none,0,0,0,gas_boiler,solar_thermal,2166,1,0,1,private,medium
D0246,UoG_like,SD6,0.048,DCSix,semi_detached,2016,post2010,91,40.2,medium,Limerick,F/G,Requiring Retrofit,1.15,"External Wall - 0.27, Roof - 0.21, Ground Floor - 0.25, Windows - 1.20",heat_pump,electric,electric_heater,1,1,1,oil_boiler,none,0,0,0,5,private,medium
D0247,UoG_like,SD6,0.085,Other,apartment_duplex,2021,post2010,67.7,41.3,small,Other,A/B,Partially Retrofitted,3.04,"External Wall - 0.27, Roof - 0.21, Ground Floor - 0.25, Windows - 1.20",oil_boiler,oil,none,0,0,0,direct_electric,none,0,0,1,5,private,high
D0248,UoG_like,SD10,0.079,IERC,detached,1977,1970s_1980s,127,28.6,medium,Dublin,C,Requiring Retrofit,12.61,"External Wall - 1.54, Roof - 0.71, Ground Floor - 0.70, Windows - 2.80",heat_pump,electric,none,0,0,1,heat_pump_cylinder,none,0,0,0,2,private,medium
D0249,UoG_like,SD3,0.057,Other,apartment_duplex,1994,1990s_2000s,70,32.3,small,Dublin,F/G,Requiring Retrofit,8.23,"External Wall - 0.39, Roof - 0.28, Ground Floor - 0.45, Windows - 1.60",heat_pump,electric,open_fire,1,1,1,gas_boiler,immersion,1500,1,1,4,private,medium
D0250,ESC_like,SD13,0.038,DCSix,apartment_duplex,2004,1990s_2000s,51.3,35.1,small,Galway,D/E,Requiring Retrofit,7.27,"External Wall - 0.39, Roof - 0.28, Ground Floor - 0.45, Windows - 1.60",oil_boiler,oil,stove,1,3,0,oil_boiler,solar_thermal,2436,1,0,3,private,low
D0251,ESC_like,SD7,0.064,DCSix,apartment_duplex,2003,1990s_2000s,64.1,37.3,small,Other,F/G,Requiring Retrofit,10.24,"External Wall - 0.39, Roof - 0.28, Ground Floor - 0.45, Windows - 1.60",heat_pump,electric,none,0,0,1,direct_electric,none,0,0,1,2,social,low
D0252,ESC_like,SD15,0.108,IERC,mid_terrace,1978,1970s_1980s,123.5,36.8,medium,Cork,F/G,Requiring Retrofit,10.74,"External Wall - 1.54, Roof - 0.71, Ground Floor - 0.70, Windows - 2.80",gas_boiler,gas,electric_heater,1,1,0,heat_pump_cylinder,none,1852.5,1,1,2,social,high
D0253,ESC_like,SD11,0.046,DCSix,apartment_duplex,1974,1970s_1980s,56.9,30,small,Dublin,D/E,Retrofitted,10.53,"External Wall - 0.27, Roof - 0.21, Ground Floor - 0.25, Windows - 1.20",heat_pump,electric,open_fire,1,4,1,oil_boiler,solar_thermal,670,0,1,5,private,medium
D0254,ESC_like,SD1,0.102,DCSix,detached,1956,pre1970,124.1,41.1,medium,Cork,C,Requiring Retrofit,2.96,"External Wall - 1.54, Roof - 0.71, Ground Floor - 0.70, Windows - 2.80",oil_boiler,oil,none,0,0,0,direct_electric,none,1861.5,1,0,2,social,low
D0255,ESC_like,SD7,0.103,DCSix,end_terrace,1943,pre1970,122.2,24,medium,Cork,C,Requiring Retrofit,10.11,"External Wall - 1.54, Roof - 0.71, Ground Floor - 0.70, Windows - 2.80",heat_pump,electric,none,0,0,1,direct_electric,immersion,0,0,1,2,private,high
D0256,UoG_like,SD18,0.087,DCSix,mid_terrace,2000,1990s_2000s,86.6,35.4,small,Other,F/G,Retrofitted,3.11,"External Wall - 0.27, Roof - 0.21, Ground Floor - 0.25, Windows - 1.20",gas_boiler,gas,none,0,0,0,direct_electric,none,0,0,0,5,private,low
D0257,ESC_like,SD1,0.071,IERC,semi_detached,1940,pre1970,102,41.3,medium,Cork,D/E,Requiring Retrofit,9.34,"External Wall - 1.54, Roof - 0.71, Ground Floor - 0.70, Windows - 2.80",gas_boiler,gas,none,0,0,0,gas_boiler,immersion,0,0,1,1,private,medium
D0258,UoG_like,SD3,0.112,IERC,end_terrace,1995,1990s_2000s,115.5,27.9,medium,Cork,D/E,Partially Retrofitted,6.48,"External Wall - 0.39, Roof - 0.28, Ground Floor - 0.45, Windows - 1.60",gas_boiler,gas,none,0,0,0,oil_boiler,none,1732.5,1,0,2,private,high
D0259,UoG_like,SD6,0.12,DCSix,detached,1978,1970s_1980s,175.7,30.8,large,Galway,F/G,Partially Retrofitted,8.54,"External Wall - 0.39, Roof - 0.28, Ground Floor - 0.45, Windows - 1.60",heat_pump,electric,none,0,0,1,oil_boiler,immersion,0,0,0,5,private,low
D0260,ESC_like,SD19,0.062,IERC,apartment_duplex,1984,1970s_1980s,98.9,35.5,medium,Galway,D/E,Retrofitted,5.36,"External Wall - 0.27, Roof - 0.21, Ground Floor - 0.25, Windows - 1.20",heat_pump,electric,open_fire,1,1,1,heat_pump_cylinder,none,0,0,0,4,private,high
D0261,UoG_like,SD17,0.078,IERC,detached,1970,1970s_1980s,120.6,32.9,medium,Cork,D/E,Retrofitted,6.43,"External Wall - 0.27, Roof - 0.21, Ground Floor - 0.25, Windows - 1.20",heat_pump,electric,open_fire,1,1,1,direct_electric,none,0,0,0,2,private,high
D0262,ESC_like,SD3,0.099,Other,mid_terrace,1955,pre1970,103.4,44.8,medium,Other,C,Retrofitted,1.25,"External Wall - 0.27, Roof - 0.21, Ground Floor - 0.25, Windows - 1.20",heat_pump,electric,none,0,0,1,oil_boiler,none,0,0,1,2,private,low
D0263,UoG_like,SD5,0.1,DCSix,end_terrace,1957,pre1970,84,32.4,small,Other,C,Retrofitted,4.97,"External Wall - 0.27, Roof - 0.21, Ground Floor - 0.25, Windows - 1.20",oil_boiler,oil,none,0,0,0,gas_boiler,none,0,0,1,5,social,medium
D0264,ESC_like,SD20,0.092,DCSix,apartment_duplex,2020,post2010,47.9,35,small,Galway,D/E,Requiring Retrofit,3.95,"External Wall - 0.27, Roof - 0.21, Ground Floor - 0.25, Windows - 1.20",gas_boiler,gas,stove,1,3,0,heat_pump_cylinder,immersion,0,0,1,3,private,medium
D0265,ESC_like,SD13,0.083,Other,mid_terrace,1965,pre1970,82.4,23.7,small,Dublin,F/G,Requiring Retrofit,11.27,"External Wall - 1.54, Roof - 0.71, Ground Floor - 0.70, Windows - 2.80",gas_boiler,gas,none,0,0,0,heat_pump_cylinder,none,0,0,1,5,private,medium
D0266,ESC_like,SD16,0.03,Other,apartment_duplex,1958,pre1970,69,39.7,small,Other,F/G,Requiring Retrofit,13.43,"External Wall - 1.54, Roof - 0.71, Ground Floor - 0.70, Windows - 2.80",gas_boiler,gas,none,0,0,0,oil_boiler,solar_thermal,2353,1,0,2,private,medium
D0267,UoG_like,SD7,0.08,IERC,semi_detached,1982,1970s_1980s,120.6,34.7,medium,Dublin,F/G,Partially Retrofitted,3.6,"External Wall - 0.39, Roof - 0.28, Ground Floor - 0.45, Windows - 1.60",gas_boiler,gas,none,0,0,0,gas_boiler,none,0,0,1,5,social,medium
D0268,UoG_like,SD11,0.041,DCSix,apartment_duplex,1969,pre1970,59,28.1,small,Other,F/G,Partially Retrofitted,6.46,"External Wall - 0.39, Roof - 0.28, Ground Floor - 0.45, Windows - 1.60",heat_pump,electric,none,0,0,1,gas_boiler,immersion,0,0,1,5,private,medium
D0269,UoG_like,SD5,0.077,IERC,end_terrace,1994,1990s_2000s,69.8,32.1,small,Cork,F/G,Requiring Retrofit,8.08,"External Wall - 0.39, Roof - 0.28, Ground Floor - 0.45, Windows - 1.60",heat_pump,electric,electric_heater,1,1,1,gas_boiler,none,0,0,0,5,private,medium
D0270,UoG_like,SD15,0.05,Other,semi_detached,1953,pre1970,111.2,34.8,medium,Galway,F/G,Requiring Retrofit,9.46,"External Wall - 1.54, Roof - 0.71, Ground Floor - 0.70, Windows - 2.80",heat_pump,electric,none,0,0,1,direct_electric,none,1668,1,1,5,private,low
D0271,ESC_like,SD13,0.113,IERC,mid_terrace,1965,pre1970,102.3,26,medium,Other,F/G,Requiring Retrofit,7.81,"External Wall - 1.54, Roof - 0.71, Ground Floor - 0.70, Windows - 2.80",heat_pump,electric,none,0,0,1,heat_pump_cylinder,solar_thermal,769,0,1,4,social,medium
D0272,UoG_like,SD4,0.093,DCSix,detached,2003,1990s_2000s,151.2,44.3,large,Dublin,C,Partially Retrofitted,6.26,"External Wall - 0.39, Roof - 0.28, Ground Floor - 0.45, Windows - 1.60",gas_boiler,gas,electric_heater,1,1,0,gas_boiler,none,2268,1,1,3,private,low
D0273,Archetype_only,SD12,0.007,IERC,semi_detached,1996,1990s_2000s,130,40.4,medium,Limerick,F/G,Requiring Retrofit,4.58,"External Wall - 0.39, Roof - 0.28, Ground Floor - 0.45, Windows - 1.60",gas_boiler,gas,none,0,0,0,heat_pump_cylinder,immersion,0,0,0,5,social,medium
D0274,ESC_like,SD18,0.115,DCSix,semi_detached,1977,1970s_1980s,126,37.6,medium,Other,D/E,Requiring Retrofit,9.95,"External Wall - 1.54, Roof - 0.71, Ground Floor - 0.70, Windows - 2.80",heat_pump,electric,none,0,0,1,gas_boiler,none,0,0,1,1,private,low
D0275,Archetype_only,SD1,0.04,IERC,end_terrace,1965,pre1970,99.5,36.2,medium,Limerick,C,Partially Retrofitted,6.24,"External Wall - 0.39, Roof - 0.28, Ground Floor - 0.45, Windows - 1.60",heat_pump,electric,none,0,0,1,gas_boiler,none,0,0,1,3,private,high
D0276,UoG_like,SD2,0.051,DCSix,mid_terrace,1985,1970s_1980s,82.7,29.8,small,Dublin,F/G,Requiring Retrofit,8.46,"External Wall - 1.54, Roof - 0.71, Ground Floor - 0.70, Windows - 2.80",gas_boiler,gas,none,0,0,0,gas_boiler,none,1500,1,0,3,social,low
D0277,ESC_like,SD15,0.052,IERC,semi_detached,1989,1970s_1980s,149.5,35.4,large,Other,C,Partially Retrofitted,6.83,"External Wall - 0.39, Roof - 0.28, Ground Floor - 0.45, Windows - 1.60",oil_boiler,oil,stove,1,1,0,oil_boiler,none,0,0,1,5,social,low
D0278,UoG_like,SD5,0.056,IERC,apartment_duplex,1977,1970s_1980s,63.5,34.1,small,Cork,F/G,Requiring Retrofit,12.98,"External Wall - 1.54, Roof - 0.71, Ground Floor - 0.70, Windows - 2.80",heat_pump,electric,none,0,0,1,direct_electric,none,0,0,0,1,private,low
D0279,ESC_like,SD10,0.073,IERC,semi_detached,2004,1990s_2000s,106.8,37,medium,Other,F/G,Requiring Retrofit,6.26,"External Wall - 0.39, Roof - 0.28, Ground Floor - 0.45, Windows - 1.60",heat_pump,electric,none,0,0,1,heat_pump_cylinder,none,0,0,0,1,private,medium
D0280,UoG_like,SD1,0.04,IERC,semi_detached,1963,pre1970,123.7,27.5,medium,Other,D/E,Requiring Retrofit,11.16,"External Wall - 1.54, Roof - 0.71, Ground Floor - 0.70, Windows - 2.80",gas_boiler,gas,stove,1,1,0,oil_boiler,immersion,0,0,0,1,private,medium
D0281,UoG_like,SD18,0.014,IERC,apartment_duplex,1979,1970s_1980s,83.3,23.7,small,Cork,C,Requiring Retrofit,5.89,"External Wall - 1.54, Roof - 0.71, Ground Floor - 0.70, Windows - 2.80",heat_pump,electric,stove,1,1,1,oil_boiler,none,0,0,0,5,private,medium
D0282,ESC_like,SD14,0.093,DCSix,mid_terrace,2006,1990s_2000s,88.6,34,small,Cork,D/E,Partially Retrofitted,2.62,"External Wall - 0.39, Roof - 0.28, Ground Floor - 0.45, Windows - 1.60",heat_pump,electric,stove,1,1,1,gas_boiler,solar_thermal,652,0,1,3,private,high
D0283,ESC_like,SD15,0.092,IERC,mid_terrace,1971,1970s_1980s,82.4,25.2,small,Limerick,A/B,Retrofitted,10.43,"External Wall - 0.27, Roof - 0.21, Ground Floor - 0.25, Windows - 1.20",heat_pump,electric,none,0,0,1,gas_boiler,none,0,0,0,1,private,medium
D0284,UoG_like,SD5,0.032,IERC,semi_detached,2010,post2010,87.6,35.9,small,Dublin,F/G,Requiring Retrofit,2.22,"External Wall - 0.27, Roof - 0.21, Ground Floor - 0.25, Windows - 1.20",heat_pump,electric,none,0,0,1,gas_boiler,none,1500,1,0,4,private,low
D0285,UoG_like,SD15,0.03,DCSix,mid_terrace,2004,1990s_2000s,110.8,25.9,medium,Limerick,D/E,Requiring Retrofit,5.85,"External Wall - 0.39, Roof - 0.28, Ground Floor - 0.45, Windows - 1.60",heat_pump,electric,none,0,0,1,gas_boiler,immersion,0,0,1,4,private,low
D0286,Archetype_only,SD14,0.097,Other,end_terrace,1970,1970s_1980s,89.7,35.8,small,Dublin,F/G,Partially Retrofitted,6.83,"External Wall - 0.39, Roof - 0.28, Ground Floor - 0.45, Windows - 1.60",heat_pump,electric,stove,1,1,1,heat_pump_cylinder,none,0,0,1,1,private,high
D0287,ESC_like,SD3,0.019,DCSix,end_terrace,1963,pre1970,66.6,40.4,small,Cork,F/G,Requiring Retrofit,11.93,"External Wall - 1.54, Roof - 0.71, Ground Floor - 0.70, Windows - 2.80",heat_pump,electric,none,0,0,1,gas_boiler,immersion,0,0,1,5,private,medium
D0288,ESC_like,SD10,0.023,DCSix,semi_detached,1963,pre1970,109.1,36.9,medium,Galway,D/E,Requiring Retrofit,12.76,"External Wall - 1.54, Roof - 0.71, Ground Floor - 0.70, Windows - 2.80",heat_pump,electric,electric_heater,1,4,1,oil_boiler,none,1636.5,1,0,1,social,medium
D0289,ESC_like,SD1,0.03,DCSix,apartment_duplex,2022,post2010,80.4,33.4,small,Dublin,D/E,Partially Retrofitted,2.25,"External Wall - 0.27, Roof - 0.21, Ground Floor - 0.25, Windows - 1.20",gas_boiler,gas,none,0,0,0,oil_boiler,immersion,1500,1,0,3,social,low
D0290,UoG_like,SD8,0.053,Other,end_terrace,1995,1990s_2000s,75.1,41.9,small,Dublin,F/G,Requiring Retrofit,5.21,"External Wall - 0.39, Roof - 0.28, Ground Floor - 0.45, Windows - 1.60",gas_boiler,gas,none,0,0,0,instant_gas,none,1500,1,0,5,private,medium
D0291,Archetype_only,SD13,0.118,Other,apartment_duplex,2001,1990s_2000s,98.8,36.2,medium,Limerick,C,Requiring Retrofit,7.96,"External Wall - 0.39, Roof - 0.28, Ground Floor - 0.45, Windows - 1.60",gas_boiler,gas,none,0,0,0,instant_gas,none,1500,1,1,5,social,medium
D0292,UoG_like,SD11,0.025,Other,apartment_duplex,1962,pre1970,79.7,37.4,small,Galway,C,Retrofitted,8.48,"External Wall - 0.27, Roof - 0.21, Ground Floor - 0.25, Windows - 1.20",gas_boiler,gas,none,0,0,0,direct_electric,none,0,0,0,5,private,low
D0293,UoG_like,SD12,0.083,IERC,apartment_duplex,1970,1970s_1980s,76.8,37.1,small,Cork,F/G,Partially Retrofitted,10.23,"External Wall - 0.39, Roof - 0.28, Ground Floor - 0.45, Windows - 1.60",heat_pump,electric,none,0,0,1,oil_boiler,immersion,0,0,1,5,private,low
D0294,Archetype_only,SD12,0.02,IERC,detached,2003,1990s_2000s,173,32.1,large,Dublin,C,Requiring Retrofit,8.04,"External Wall - 0.39, Roof - 0.28, Ground Floor - 0.45, Windows - 1.60",gas_boiler,gas,none,0,0,0,direct_electric,none,0,0,0,3,social,medium
D0295,UoG_like,SD19,0.015,DCSix,semi_detached,1987,1970s_1980s,51.7,35.2,small,Cork,D/E,Requiring Retrofit,6.01,"External Wall - 1.54, Roof - 0.71, Ground Floor - 0.70, Windows - 2.80",heat_pump,electric,none,0,0,1,gas_boiler,none,1500,1,1,3,private,medium
D0296,Archetype_only,SD15,0.01,IERC,semi_detached,1977,1970s_1980s,155.5,31.2,large,Limerick,D/E,Requiring Retrofit,4.88,"External Wall - 1.54, Roof - 0.71, Ground Floor - 0.70, Windows - 2.80",oil_boiler,oil,none,0,0,0,gas_boiler,none,0,0,0,3,social,low
D0297,ESC_like,SD11,0.119,DCSix,semi_detached,1948,pre1970,55.2,39.5,small,Cork,D/E,Requiring Retrofit,13.44,"External Wall - 1.54, Roof - 0.71, Ground Floor - 0.70, Windows - 2.80",heat_pump,electric,stove,1,1,1,gas_boiler,none,0,0,1,5,social,medium
D0298,Archetype_only,SD6,0.049,DCSix,apartment_duplex,1982,1970s_1980s,89,36.2,small,Cork,D/E,Requiring Retrofit,4.98,"External Wall - 1.54, Roof - 0.71, Ground Floor - 0.70, Windows - 2.80",heat_pump,electric,none,0,0,1,gas_boiler,immersion,0,0,1,3,social,low
D0299,Archetype_only,SD4,0.037,IERC,semi_detached,1964,pre1970,96.4,34.7,medium,Galway,F/G,Partially Retrofitted,6.58,"External Wall - 0.39, Roof - 0.28, Ground Floor - 0.45, Windows - 1.60",heat_pump,electric,none,0,0,1,oil_boiler,none,1500,1,0,1,private,medium
D0300,UoG_like,SD9,0.114,DCSix,apartment_duplex,2018,post2010,65.1,38,small,Dublin,A/B,Requiring Retrofit,2.07,"External Wall - 0.27, Roof - 0.21, Ground Floor - 0.25, Windows - 1.20",heat_pump,electric,stove,1,1,1,oil_boiler,none,0,0,1,5,social,low
D0301,ESC_like,SD2,0.014,IERC,detached,1967,pre1970,205.9,37.4,large,Cork,C,Partially Retrofitted,4.59,"External Wall - 0.39, Roof - 0.28, Ground Floor - 0.45, Windows - 1.60",heat_pump,electric,stove,1,1,1,gas_boiler,immersion,3088.5,1,1,4,private,high
D0302,UoG_like,SD20,0.102,DCSix,mid_terrace,2007,1990s_2000s,74.9,35.4,small,Galway,D/E,Retrofitted,1.49,"External Wall - 0.27, Roof - 0.21, Ground Floor - 0.25, Windows - 1.20",gas_boiler,gas,electric_heater,1,1,0,heat_pump_cylinder,none,0,0,1,3,social,medium
D0303,ESC_like,SD15,0.012,Other,semi_detached,1977,1970s_1980s,152,44,large,Dublin,A/B,Partially Retrofitted,4.48,"External Wall - 0.39, Roof - 0.28, Ground Floor - 0.45, Windows - 1.60",heat_pump,electric,stove,1,1,1,heat_pump_cylinder,immersion,0,0,0,1,private,medium
D0304,UoG_like,SD4,0.095,DCSix,apartment_duplex,2002,1990s_2000s,73.4,35.4,small,Cork,C,Requiring Retrofit,8.23,"External Wall - 0.39, Roof - 0.28, Ground Floor - 0.45, Windows - 1.60",gas_boiler,gas,stove,1,1,0,oil_boiler,immersion,0,0,0,2,private,low
D0305,Archetype_only,SD18,0.114,DCSix,apartment_duplex,1987,1970s_1980s,72.6,30.5,small,Other,C,Requiring Retrofit,7.73,"External Wall - 1.54, Roof - 0.71, Ground Floor - 0.70, Windows - 2.80",gas_boiler,gas,stove,1,1,0,gas_boiler,none,0,0,0,3,social,medium
D0306,UoG_like,SD17,0.093,DCSix,semi_detached,2008,1990s_2000s,146.1,48.2,large,Dublin,A/B,Requiring Retrofit,3.57,"External Wall - 0.39, Roof - 0.28, Ground Floor - 0.45, Windows - 1.60",oil_boiler,oil,none,0,0,0,oil_boiler,none,0,0,0,5,private,medium
D0307,ESC_like,SD16,0.064,DCSix,apartment_duplex,1995,1990s_2000s,58.7,41.9,small,Limerick,C,Partially Retrofitted,5.04,"External Wall - 0.39, Roof - 0.28, Ground Floor - 0.45, Windows - 1.60",heat_pump,electric,none,0,0,1,oil_boiler,immersion,0,0,0,3,private,medium
D0308,Archetype_only,SD13,0.074,DCSix,mid_terrace,1974,1970s_1980s,79.2,28.8,small,Dublin,F/G,Retrofitted,5.43,"External Wall - 0.27, Roof - 0.21, Ground Floor - 0.25, Windows - 1.20",gas_boiler,gas,none,0,0,0,direct_electric,none,0,0,0,4,private,high
D0309,UoG_like,SD8,0.043,DCSix,mid_terrace,1993,1990s_2000s,69,29.6,small,Galway,F/G,Requiring Retrofit,4.68,"External Wall - 0.39, Roof - 0.28, Ground Floor - 0.45, Windows - 1.60",gas_boiler,gas,stove,1,1,0,oil_boiler,immersion,0,0,1,1,private,low
D0310,ESC_like,SD14,0.026,DCSix,detached,1973,1970s_1980s,129.5,29.3,medium,Dublin,F/G,Partially Retrofitted,8.14,"External Wall - 0.39, Roof - 0.28, Ground Floor - 0.45, Windows - 1.60",heat_pump,electric,none,0,0,1,instant_gas,none,0,0,0,2,private,medium
D0311,ESC_like,SD14,0.027,IERC,apartment_duplex,1981,1970s_1980s,59.7,33.2,small,Other,A/B,Retrofitted,5.42,"External Wall - 0.27, Roof - 0.21, Ground Floor - 0.25, Windows - 1.20",heat_pump,electric,none,0,0,1,oil_boiler,immersion,0,0,0,4,social,high
D0312,ESC_like,SD5,0.062,IERC,mid_terrace,1987,1970s_1980s,84.3,29.9,small,Dublin,D/E,Partially Retrofitted,5.39,"External Wall - 0.39, Roof - 0.28, Ground Floor - 0.45, Windows - 1.60",gas_boiler,gas,none,0,0,0,heat_pump_cylinder,none,0,0,0,5,social,low
D0313,UoG_like,SD13,0.053,DCSix,mid_terrace,1959,pre1970,97.6,28.5,medium,Cork,C,Requiring Retrofit,8.19,"External Wall - 1.54, Roof - 0.71, Ground Floor - 0.70, Windows - 2.80",heat_pump,electric,open_fire,1,1,1,oil_boiler,none,0,0,1,4,private,high
D0314,UoG_like,SD11,0.014,DCSix,semi_detached,2006,1990s_2000s,80.6,27.9,small,Other,C,Retrofitted,1.61,"External Wall - 0.27, Roof - 0.21, Ground Floor - 0.25, Windows - 1.20",gas_boiler,gas,electric_heater,1,1,0,direct_electric,immersion,0,0,0,3,private,low
D0315,ESC_like,SD11,0.116,Other,mid_terrace,2008,1990s_2000s,60.1,37,small,Other,A/B,Requiring Retrofit,4.46,"External Wall - 0.39, Roof - 0.28, Ground Floor - 0.45, Windows - 1.60",heat_pump,electric,stove,1,1,1,gas_boiler,immersion,0,0,0,4,social,medium
D0316,UoG_like,SD10,0.012,IERC,detached,1975,1970s_1980s,160.4,28.8,large,Other,C,Requiring Retrofit,13.1,"External Wall - 1.54, Roof - 0.71, Ground Floor - 0.70, Windows - 2.80",heat_pump,electric,stove,1,1,1,gas_boiler,none,0,0,1,2,social,low
D0317,ESC_like,SD3,0.051,DCSix,semi_detached,2003,1990s_2000s,145.3,31.6,large,Limerick,D/E,Requiring Retrofit,9.61,"External Wall - 0.39, Roof - 0.28, Ground Floor - 0.45, Windows - 1.60",heat_pump,electric,none,0,0,1,oil_boiler,none,0,0,1,5,private,medium
D0318,ESC_like,SD9,0.103,IERC,detached,2001,1990s_2000s,199.3,37.2,large,Other,C,Retrofitted,5.22,"External Wall - 0.27, Roof - 0.21, Ground Floor - 0.25, Windows - 1.20",oil_boiler,oil,none,0,0,0,gas_boiler,none,2989.5,1,1,3,social,medium
D0319,UoG_like,SD3,0.051,DCSix,semi_detached,2016,post2010,115.2,33.6,medium,Other,C,Requiring Retrofit,1.94,"External Wall - 0.27, Roof - 0.21, Ground Floor - 0.25, Windows - 1.20",heat_pump,electric,none,0,0,1,gas_boiler,immersion,0,0,1,4,social,medium
D0320,UoG_like,SD17,0.1,DCSix,semi_detached,2020,post2010,140.5,34.7,large,Dublin,F/G,Requiring Retrofit,3.94,"External Wall - 0.27, Roof - 0.21, Ground Floor - 0.25, Windows - 1.20",gas_boiler,gas,none,0,0,0,gas_boiler,none,2107.5,1,1,2,private,medium
D0321,UoG_like,SD7,0.083,IERC,semi_detached,2002,1990s_2000s,149.1,34.3,large,Dublin,D/E,Partially Retrofitted,4.44,"External Wall - 0.39, Roof - 0.28, Ground Floor - 0.45, Windows - 1.60",oil_boiler,oil,none,0,0,0,gas_boiler,immersion,0,0,1,4,private,high
D0322,UoG_like,SD20,0.061,IERC,detached,1962,pre1970,146.4,35.6,large,Dublin,D/E,Partially Retrofitted,10.41,"External Wall - 0.39, Roof - 0.28, Ground Floor - 0.45, Windows - 1.60",heat_pump,electric,open_fire,1,2,1,oil_boiler,immersion,0,0,1,5,private,low
D0323,ESC_like,SD3,0.103,IERC,detached,2004,1990s_2000s,197.9,31.1,large,Cork,F/G,Requiring Retrofit,5.43,"External Wall - 0.39, Roof - 0.28, Ground Floor - 0.45, Windows - 1.60",heat_pump,electric,open_fire,1,1,1,oil_boiler,immersion,0,0,1,2,private,low
D0324,ESC_like,SD5,0.119,Other,semi_detached,1986,1970s_1980s,137.9,31.2,medium,Limerick,F/G,Requiring Retrofit,5.77,"External Wall - 1.54, Roof - 0.71, Ground Floor - 0.70, Windows - 2.80",gas_boiler,gas,electric_heater,1,3,0,direct_electric,none,0,0,0,4,private,medium
D0325,ESC_like,SD3,0.035,DCSix,detached,1953,pre1970,157.5,31.6,large,Dublin,D/E,Partially Retrofitted,6.16,"External Wall - 0.39, Roof - 0.28, Ground Floor - 0.45, Windows - 1.60",heat_pump,electric,none,0,0,1,oil_boiler,none,2362.5,1,1,2,private,high
D0326,UoG_like,SD12,0.045,DCSix,detached,1969,pre1970,145.8,26.4,large,Other,C,Retrofitted,3.52,"External Wall - 0.27, Roof - 0.21, Ground Floor - 0.25, Windows - 1.20",oil_boiler,oil,open_fire,1,1,0,instant_gas,solar_thermal,3041,1,0,3,private,medium
D0327,UoG_like,SD6,0.024,DCSix,end_terrace,2007,1990s_2000s,91.4,36.6,medium,Other,F/G,Retrofitted,1,"External Wall - 0.27, Roof - 0.21, Ground Floor - 0.25, Windows - 1.20",heat_pump,electric,stove,1,4,1,direct_electric,none,1500,1,1,3,social,high
D0328,UoG_like,SD12,0.057,DCSix,detached,2013,post2010,162.7,35.1,large,Dublin,C,Retrofitted,4.07,"External Wall - 0.27, Roof - 0.21, Ground Floor - 0.25, Windows - 1.20",heat_pump,electric,none,0,0,1,instant_gas,solar_thermal,794,0,0,4,social,high
D0329,Archetype_only,SD12,0.107,DCSix,apartment_duplex,1987,1970s_1980s,70.6,35,small,Dublin,D/E,Requiring Retrofit,8.94,"External Wall - 1.54, Roof - 0.71, Ground Floor - 0.70, Windows - 2.80",heat_pump,electric,none,0,0,1,oil_boiler,none,0,0,0,2,private,high
D0330,UoG_like,SD4,0.026,Other,detached,2011,post2010,123.8,34.1,medium,Galway,D/E,Retrofitted,1.26,"External Wall - 0.27, Roof - 0.21, Ground Floor - 0.25, Windows - 1.20",heat_pump,electric,stove,1,3,1,gas_boiler,immersion,0,0,1,1,social,low
D0331,Archetype_only,SD2,0.117,IERC,end_terrace,1951,pre1970,101.7,21.2,medium,Other,A/B,Partially Retrofitted,5.56,"External Wall - 0.39, Roof - 0.28, Ground Floor - 0.45, Windows - 1.60",heat_pump,electric,stove,1,4,1,heat_pump_cylinder,none,0,0,0,4,private,low
D0332,UoG_like,SD6,0.055,IERC,end_terrace,1971,1970s_1980s,78.5,27.8,small,Other,F/G,Partially Retrofitted,6.53,"External Wall - 0.39, Roof - 0.28, Ground Floor - 0.45, Windows - 1.60",heat_pump,electric,stove,1,1,1,oil_boiler,immersion,0,0,0,4,private,medium
D0333,UoG_like,SD19,0.09,DCSix,detached,2002,1990s_2000s,217.2,33.9,large,Dublin,D/E,Requiring Retrofit,8.15,"External Wall - 0.39, Roof - 0.28, Ground Floor - 0.45, Windows - 1.60",gas_boiler,gas,none,0,0,0,oil_boiler,none,3258,1,0,5,social,medium
D0334,Archetype_only,SD2,0.088,IERC,detached,1962,pre1970,129.8,37.3,medium,Galway,F/G,Partially Retrofitted,7.36,"External Wall - 0.39, Roof - 0.28, Ground Floor - 0.45, Windows - 1.60",heat_pump,electric,stove,1,2,1,gas_boiler,none,0,0,1,5,social,low
D0335,UoG_like,SD7,0.078,IERC,mid_terrace,1976,1970s_1980s,89,35.5,small,Limerick,F/G,Requiring Retrofit,10.65,"External Wall - 1.54, Roof - 0.71, Ground Floor - 0.70, Windows - 2.80",gas_boiler,gas,stove,1,1,0,oil_boiler,immersion,0,0,0,4,private,high
D0336,UoG_like,SD7,0.093,IERC,detached,1973,1970s_1980s,141.6,46.2,large,Other,D/E,Requiring Retrofit,9.08,"External Wall - 1.54, Roof - 0.71, Ground Floor - 0.70, Windows - 2.80",heat_pump,electric,none,0,0,1,oil_boiler,none,0,0,1,2,private,medium
D0337,Archetype_only,SD16,0.066,IERC,apartment_duplex,1961,pre1970,48.5,31.2,small,Dublin,D/E,Requiring Retrofit,12.21,"External Wall - 1.54, Roof - 0.71, Ground Floor - 0.70, Windows - 2.80",heat_pump,electric,none,0,0,1,instant_gas,none,0,0,0,1,private,medium
D0338,UoG_like,SD12,0.013,IERC,apartment_duplex,1986,1970s_1980s,107.6,28.7,medium,Cork,F/G,Requiring Retrofit,10.01,"External Wall - 1.54, Roof - 0.71, Ground Floor - 0.70, Windows - 2.80",oil_boiler,oil,stove,1,2,0,oil_boiler,immersion,1614,1,1,2,private,low
D0339,ESC_like,SD6,0.12,DCSix,mid_terrace,1995,1990s_2000s,108.8,25.1,medium,Dublin,F/G,Requiring Retrofit,6.83,"External Wall - 0.39, Roof - 0.28, Ground Floor - 0.45, Windows - 1.60",gas_boiler,gas,none,0,0,0,oil_boiler,immersion,0,0,0,5,private,medium
D0340,ESC_like,SD11,0.078,DCSix,apartment_duplex,1991,1990s_2000s,69.1,34.3,small,Galway,D/E,Requiring Retrofit,4.87,"External Wall - 0.39, Roof - 0.28, Ground Floor - 0.45, Windows - 1.60",gas_boiler,gas,none,0,0,0,direct_electric,none,0,0,1,2,private,low
D0341,ESC_like,SD4,0.071,IERC,end_terrace,1981,1970s_1980s,120.4,33.5,medium,Dublin,A/B,Retrofitted,6.69,"External Wall - 0.27, Roof - 0.21, Ground Floor - 0.25, Windows - 1.20",heat_pump,electric,none,0,0,1,gas_boiler,immersion,0,0,0,5,private,medium
D0342,ESC_like,SD9,0.093,Other,semi_detached,1995,1990s_2000s,83,43.8,small,Other,A/B,Retrofitted,5.66,"External Wall - 0.27, Roof - 0.21, Ground Floor - 0.25, Windows - 1.20",gas_boiler,gas,stove,1,1,0,instant_gas,none,0,0,1,2,private,medium
D0343,ESC_like,SD13,0.063,DCSix,detached,1970,1970s_1980s,213.1,32.1,large,Dublin,F/G,Requiring Retrofit,13.87,"External Wall - 1.54, Roof - 0.71, Ground Floor - 0.70, Windows - 2.80",gas_boiler,gas,stove,1,1,0,heat_pump_cylinder,immersion,0,0,1,2,private,low
D0344,UoG_like,SD12,0.107,DCSix,detached,2006,1990s_2000s,176.1,42.8,large,Cork,C,Partially Retrofitted,2.38,"External Wall - 0.39, Roof - 0.28, Ground Floor - 0.45, Windows - 1.60",heat_pump,electric,stove,1,1,1,instant_gas,none,2641.5,1,0,1,social,low
D0345,ESC_like,SD11,0.058,DCSix,mid_terrace,1991,1990s_2000s,61.4,32,small,Cork,F/G,Requiring Retrofit,7.19,"External Wall - 0.39, Roof - 0.28, Ground Floor - 0.45, Windows - 1.60",heat_pump,electric,none,0,0,1,oil_boiler,none,0,0,0,4,private,high
D0346,UoG_like,SD16,0.039,DCSix,end_terrace,2009,1990s_2000s,117.7,43.3,medium,Other,A/B,Retrofitted,2.82,"External Wall - 0.27, Roof - 0.21, Ground Floor - 0.25, Windows - 1.20",gas_boiler,gas,open_fire,1,1,0,gas_boiler,none,0,0,0,2,private,medium
D0347,Archetype_only,SD6,0.118,Other,apartment_duplex,2005,1990s_2000s,41.4,37.1,small,Cork,C,Retrofitted,3.09,"External Wall - 0.27, Roof - 0.21, Ground Floor - 0.25, Windows - 1.20",heat_pump,electric,none,0,0,1,oil_boiler,none,0,0,1,5,private,low
D0348,UoG_like,SD14,0.031,Other,detached,1981,1970s_1980s,129.8,44.3,medium,Cork,F/G,Requiring Retrofit,5.97,"External Wall - 1.54, Roof - 0.71, Ground Floor - 0.70, Windows - 2.80",heat_pump,electric,open_fire,1,1,1,oil_boiler,immersion,0,0,0,2,private,medium
D0349,UoG_like,SD18,0.115,Other,detached,2001,1990s_2000s,190.9,34.7,large,Other,D/E,Partially Retrofitted,5.75,"External Wall - 0.39, Roof - 0.28, Ground Floor - 0.45, Windows - 1.60",gas_boiler,gas,none,0,0,0,heat_pump_cylinder,immersion,0,0,1,2,private,medium
D0350,ESC_like,SD15,0.092,Other,mid_terrace,1985,1970s_1980s,79.1,33,small,Limerick,D/E,Partially Retrofitted,4.04,"External Wall - 0.39, Roof - 0.28, Ground Floor - 0.45, Windows - 1.60",heat_pump,electric,none,0,0,1,gas_boiler,none,0,0,0,2,social,medium
D0351,ESC_like,SD6,0.09,DCSix,detached,1943,pre1970,240,33.7,large,Cork,F/G,Retrofitted,7.71,"External Wall - 0.27, Roof - 0.21, Ground Floor - 0.25, Windows - 1.20",heat_pump,electric,none,0,0,1,instant_gas,none,0,0,0,3,private,low
D0352,Archetype_only,SD13,0.042,IERC,apartment_duplex,1974,1970s_1980s,63.3,25.3,small,Other,A/B,Partially Retrofitted,2.56,"External Wall - 0.39, Roof - 0.28, Ground Floor - 0.45, Windows - 1.60",heat_pump,electric,none,0,0,1,instant_gas,solar_thermal,2303,1,0,4,private,low
D0353,Archetype_only,SD4,0.066,DCSix,mid_terrace,2008,1990s_2000s,125.4,34.7,medium,Limerick,D/E,Retrofitted,2.43,"External Wall - 0.27, Roof - 0.21, Ground Floor - 0.25, Windows - 1.20",gas_boiler,gas,none,0,0,0,oil_boiler,none,1881,1,0,2,social,medium
D0354,UoG_like,SD18,0.074,Other,mid_terrace,2000,1990s_2000s,131.3,34.8,medium,Limerick,F/G,Partially Retrofitted,6.07,"External Wall - 0.39, Roof - 0.28, Ground Floor - 0.45, Windows - 1.60",heat_pump,electric,electric_heater,1,4,1,gas_boiler,none,0,0,1,3,private,low
D0355,ESC_like,SD8,0.028,DCSix,semi_detached,2005,1990s_2000s,104.2,38.8,medium,Limerick,D/E,Retrofitted,2.21,"External Wall - 0.27, Roof - 0.21, Ground Floor - 0.25, Windows - 1.20",oil_boiler,oil,none,0,0,0,instant_gas,none,0,0,0,2,private,medium
D0356,UoG_like,SD17,0.045,DCSix,detached,2009,1990s_2000s,138.2,41.9,medium,Other,F/G,Partially Retrofitted,1.04,"External Wall - 0.39, Roof - 0.28, Ground Floor - 0.45, Windows - 1.60",heat_pump,electric,stove,1,1,1,direct_electric,immersion,0,0,0,1,social,high
D0357,UoG_like,SD10,0.114,Other,mid_terrace,1980,1970s_1980s,72.4,35.1,small,Galway,F/G,Requiring Retrofit,3.67,"External Wall - 1.54, Roof - 0.71, Ground Floor - 0.70, Windows - 2.80",heat_pump,electric,none,0,0,1,gas_boiler,solar_thermal,729,0,1,3,private,low
D0358,ESC_like,SD12,0.087,DCSix,detached,1947,pre1970,139.6,33.6,medium,Dublin,D/E,Requiring Retrofit,12.91,"External Wall - 1.54, Roof - 0.71, Ground Floor - 0.70, Windows - 2.80",heat_pump,electric,open_fire,1,1,1,direct_electric,solar_thermal,777,0,0,5,social,medium
D0359,UoG_like,SD2,0.086,DCSix,apartment_duplex,1999,1990s_2000s,86.2,28.2,small,Other,C,Requiring Retrofit,7.01,"External Wall - 0.39, Roof - 0.28, Ground Floor - 0.45, Windows - 1.60",heat_pump,electric,none,0,0,1,gas_boiler,none,0,0,0,2,private,medium
D0360,ESC_like,SD7,0.032,IERC,mid_terrace,2005,1990s_2000s,68.1,38.8,small,Dublin,D/E,Requiring Retrofit,2.41,"External Wall - 0.39, Roof - 0.28, Ground Floor - 0.45, Windows - 1.60",heat_pump,electric,stove,1,3,1,instant_gas,none,0,0,0,5,private,low
D0361,Archetype_only,SD11,0.094,DCSix,mid_terrace,1944,pre1970,108,38.7,medium,Galway,A/B,Retrofitted,7.72,"External Wall - 0.27, Roof - 0.21, Ground Floor - 0.25, Windows - 1.20",heat_pump,electric,stove,1,1,1,gas_boiler,immersion,0,0,0,4,private,medium
D0362,Archetype_only,SD17,0.055,DCSix,detached,1977,1970s_1980s,133.1,37.6,medium,Galway,D/E,Requiring Retrofit,13.08,"External Wall - 1.54, Roof - 0.71, Ground Floor - 0.70, Windows - 2.80",heat_pump,electric,none,0,0,1,gas_boiler,none,0,0,1,2,private,high
D0363,UoG_like,SD1,0.029,Other,detached,2003,1990s_2000s,186.8,33,large,Other,D/E,Requiring Retrofit,4.46,"External Wall - 0.39, Roof - 0.28, Ground Floor - 0.45, Windows - 1.60",heat_pump,electric,open_fire,1,1,1,heat_pump_cylinder,none,2802,1,1,1,private,low
D0364,Archetype_only,SD18,0.055,DCSix,mid_terrace,2022,post2010,97.5,28.5,medium,Other,D/E,Retrofitted,3.21,"External Wall - 0.27, Roof - 0.21, Ground Floor - 0.25, Windows - 1.20",oil_boiler,oil,stove,1,3,0,gas_boiler,none,0,0,0,2,private,low
D0365,Archetype_only,SD10,0.108,IERC,semi_detached,1987,1970s_1980s,111.7,47.3,medium,Other,F/G,Partially Retrofitted,4.57,"External Wall - 0.39, Roof - 0.28, Ground Floor - 0.45, Windows - 1.60",heat_pump,electric,stove,1,1,1,heat_pump_cylinder,none,0,0,1,4,private,low
D0366,ESC_like,SD8,0.055,IERC,semi_detached,2000,1990s_2000s,98.5,44.7,medium,Other,F/G,Retrofitted,3.61,"External Wall - 0.27, Roof - 0.21, Ground Floor - 0.25, Windows - 1.20",heat_pump,electric,none,0,0,1,direct_electric,none,0,0,0,3,social,medium
D0367,UoG_like,SD6,0.088,IERC,mid_terrace,2018,post2010,91.6,32,medium,Dublin,F/G,Requiring Retrofit,3.32,"External Wall - 0.27, Roof - 0.21, Ground Floor - 0.25, Windows - 1.20",gas_boiler,gas,none,0,0,0,gas_boiler,none,0,0,1,1,social,low
D0368,UoG_like,SD18,0.092,DCSix,detached,1989,1970s_1980s,104.3,33.1,medium,Limerick,C,Retrofitted,2.75,"External Wall - 0.27, Roof - 0.21, Ground Floor - 0.25, Windows - 1.20",heat_pump,electric,stove,1,1,1,instant_gas,none,1564.5,1,1,3,social,high
D0369,ESC_like,SD8,0.017,Other,end_terrace,1971,1970s_1980s,135.2,32.8,medium,Galway,D/E,Requiring Retrofit,2.69,"External Wall - 1.54, Roof - 0.71, Ground Floor - 0.70, Windows - 2.80",heat_pump,electric,none,0,0,1,direct_electric,none,0,0,0,5,private,low
D0370,ESC_like,SD9,0.114,IERC,mid_terrace,1977,1970s_1980s,59.5,38.1,small,Other,C,Retrofitted,7.77,"External Wall - 0.27, Roof - 0.21, Ground Floor - 0.25, Windows - 1.20",gas_boiler,gas,none,0,0,0,direct_electric,immersion,0,0,1,1,private,medium
D0371,UoG_like,SD10,0.013,DCSix,mid_terrace,1952,pre1970,124.7,37.8,medium,Dublin,F/G,Requiring Retrofit,11.55,"External Wall - 1.54, Roof - 0.71, Ground Floor - 0.70, Windows - 2.80",heat_pump,electric,none,0,0,1,instant_gas,none,0,0,0,3,social,low
D0372,ESC_like,SD3,0.04,IERC,detached,2002,1990s_2000s,127.9,35.5,medium,Dublin,C,Partially Retrofitted,4.92,"External Wall - 0.39, Roof - 0.28, Ground Floor - 0.45, Windows - 1.60",heat_pump,electric,none,0,0,1,gas_boiler,immersion,1918.5,1,0,5,private,medium
D0373,ESC_like,SD13,0.074,DCSix,apartment_duplex,1974,1970s_1980s,78.7,43.5,small,Dublin,A/B,Partially Retrofitted,6.61,"External Wall - 0.39, Roof - 0.28, Ground Floor - 0.45, Windows - 1.60",heat_pump,electric,none,0,0,1,heat_pump_cylinder,none,1500,1,1,1,private,high
D0374,UoG_like,SD1,0.011,DCSix,semi_detached,2005,1990s_2000s,115.3,32.4,medium,Dublin,D/E,Requiring Retrofit,4.74,"External Wall - 0.39, Roof - 0.28, Ground Floor - 0.45, Windows - 1.60",heat_pump,electric,stove,1,1,1,heat_pump_cylinder,none,1729.5,1,0,1,social,low
D0375,Archetype_only,SD17,0.03,IERC,semi_detached,1979,1970s_1980s,110.4,30.5,medium,Other,F/G,Requiring Retrofit,10.78,"External Wall - 1.54, Roof - 0.71, Ground Floor - 0.70, Windows - 2.80",heat_pump,electric,stove,1,2,1,gas_boiler,solar_thermal,759,0,0,5,social,medium
D0376,UoG_like,SD9,0.09,DCSix,mid_terrace,1994,1990s_2000s,88.6,36.2,small,Galway,D/E,Requiring Retrofit,8.44,"External Wall - 0.39, Roof - 0.28, Ground Floor - 0.45, Windows - 1.60",gas_boiler,gas,stove,1,1,0,gas_boiler,none,0,0,1,3,private,medium
D0377,Archetype_only,SD9,0.08,DCSix,semi_detached,1968,pre1970,181.9,36.7,large,Dublin,D/E,Partially Retrofitted,4.26,"External Wall - 0.39, Roof - 0.28, Ground Floor - 0.45, Windows - 1.60",heat_pump,electric,none,0,0,1,instant_gas,immersion,0,0,0,1,private,medium
D0378,ESC_like,SD6,0.015,DCSix,detached,1982,1970s_1980s,192.5,33.9,large,Other,D/E,Partially Retrofitted,6.04,"External Wall - 0.39, Roof - 0.28, Ground Floor - 0.45, Windows - 1.60",gas_boiler,gas,none,0,0,0,gas_boiler,none,0,0,0,3,private,medium
D0379,Archetype_only,SD7,0.088,IERC,mid_terrace,1983,1970s_1980s,110.4,27.8,medium,Cork,D/E,Retrofitted,3.32,"External Wall - 0.27, Roof - 0.21, Ground Floor - 0.25, Windows - 1.20",heat_pump,electric,none,0,0,1,direct_electric,immersion,0,0,0,2,private,medium
D0380,Archetype_only,SD13,0.014,IERC,semi_detached,1957,pre1970,87.3,40.2,small,Cork,C,Partially Retrofitted,7.19,"External Wall - 0.39, Roof - 0.28, Ground Floor - 0.45, Windows - 1.60",oil_boiler,oil,none,0,0,0,gas_boiler,none,1500,1,1,5,private,high
D0381,UoG_like,SD10,0.022,DCSix,detached,2015,post2010,173.6,44.2,large,Dublin,D/E,Requiring Retrofit,4.88,"External Wall - 0.27, Roof - 0.21, Ground Floor - 0.25, Windows - 1.20",gas_boiler,gas,none,0,0,0,oil_boiler,none,2604,1,1,4,private,medium
D0382,UoG_like,SD7,0.045,Other,semi_detached,1942,pre1970,79.9,30.2,small,Galway,A/B,Partially Retrofitted,7.2,"External Wall - 0.39, Roof - 0.28, Ground Floor - 0.45, Windows - 1.60",oil_boiler,oil,open_fire,1,4,0,oil_boiler,none,0,0,0,1,private,low
D0383,ESC_like,SD17,0.115,DCSix,detached,2007,1990s_2000s,142,36.3,large,Other,C,Retrofitted,2.38,"External Wall - 0.27, Roof - 0.21, Ground Floor - 0.25, Windows - 1.20",heat_pump,electric,none,0,0,1,heat_pump_cylinder,immersion,2130,1,0,5,private,low
D0384,ESC_like,SD10,0.1,Other,mid_terrace,2003,1990s_2000s,91.1,33.4,medium,Galway,F/G,Requiring Retrofit,5.7,"External Wall - 0.39, Roof - 0.28, Ground Floor - 0.45, Windows - 1.60",heat_pump,electric,none,0,0,1,instant_gas,none,1500,1,0,5,private,medium
D0385,Archetype_only,SD4,0.113,DCSix,end_terrace,2001,1990s_2000s,113.8,36.5,medium,Galway,A/B,Partially Retrofitted,3.66,"External Wall - 0.39, Roof - 0.28, Ground Floor - 0.45, Windows - 1.60",gas_boiler,gas,none,0,0,0,oil_boiler,none,0,0,0,1,social,high
D0386,UoG_like,SD8,0.07,DCSix,semi_detached,1995,1990s_2000s,141.5,43.1,large,Dublin,D/E,Retrofitted,5.68,"External Wall - 0.27, Roof - 0.21, Ground Floor - 0.25, Windows - 1.20",heat_pump,electric,stove,1,1,1,direct_electric,solar_thermal,832,0,0,2,private,low
D0387,Archetype_only,SD18,0.069,DCSix,apartment_duplex,1940,pre1970,58.5,31.8,small,Galway,F/G,Requiring Retrofit,10.37,"External Wall - 1.54, Roof - 0.71, Ground Floor - 0.70, Windows - 2.80",gas_boiler,gas,none,0,0,0,oil_boiler,none,0,0,1,2,private,medium
D0388,ESC_like,SD4,0.103,IERC,apartment_duplex,1978,1970s_1980s,47.6,36.8,small,Cork,C,Requiring Retrofit,10.63,"External Wall - 1.54, Roof - 0.71, Ground Floor - 0.70, Windows - 2.80",heat_pump,electric,stove,1,1,1,oil_boiler,none,1500,1,1,2,private,low
D0389,UoG_like,SD4,0.021,IERC,detached,1994,1990s_2000s,165.2,33.5,large,Dublin,F/G,Retrofitted,6.37,"External Wall - 0.27, Roof - 0.21, Ground Floor - 0.25, Windows - 1.20",heat_pump,electric,open_fire,1,1,1,gas_boiler,none,0,0,1,3,private,high
D0390,ESC_like,SD2,0.104,DCSix,apartment_duplex,2001,1990s_2000s,84.1,37.9,small,Dublin,D/E,Partially Retrofitted,3.45,"External Wall - 0.39, Roof - 0.28, Ground Floor - 0.45, Windows - 1.60",heat_pump,electric,stove,1,1,1,gas_boiler,none,1500,1,1,3,social,low
D0391,UoG_like,SD20,0.113,DCSix,detached,1985,1970s_1980s,142.1,36.1,large,Cork,C,Requiring Retrofit,8.23,"External Wall - 1.54, Roof - 0.71, Ground Floor - 0.70, Windows - 2.80",heat_pump,electric,open_fire,1,1,1,gas_boiler,immersion,0,0,0,3,private,low
D0392,ESC_like,SD6,0.021,DCSix,end_terrace,1972,1970s_1980s,106.7,39.1,medium,Other,A/B,Partially Retrofitted,9.88,"External Wall - 0.39, Roof - 0.28, Ground Floor - 0.45, Windows - 1.60",gas_boiler,gas,none,0,0,0,oil_boiler,none,0,0,0,1,private,high
D0393,UoG_like,SD5,0.014,DCSix,semi_detached,1985,1970s_1980s,188.5,29.9,large,Dublin,D/E,Partially Retrofitted,6.4,"External Wall - 0.39, Roof - 0.28, Ground Floor - 0.45, Windows - 1.60",heat_pump,electric,open_fire,1,1,1,direct_electric,immersion,0,0,0,1,private,high
D0394,ESC_like,SD5,0.042,Other,mid_terrace,1981,1970s_1980s,91.3,28.7,medium,Galway,D/E,Retrofitted,5.73,"External Wall - 0.27, Roof - 0.21, Ground Floor - 0.25, Windows - 1.20",heat_pump,electric,stove,1,1,1,gas_boiler,none,1500,1,1,5,private,medium
D0395,ESC_like,SD20,0.025,DCSix,detached,2004,1990s_2000s,150.2,36.2,large,Cork,C,Retrofitted,6.7,"External Wall - 0.27, Roof - 0.21, Ground Floor - 0.25, Windows - 1.20",heat_pump,electric,stove,1,1,1,oil_boiler,none,0,0,1,4,private,high
D0396,Archetype_only,SD9,0.028,IERC,apartment_duplex,1988,1970s_1980s,89.7,33,small,Other,F/G,Requiring Retrofit,3.31,"External Wall - 1.54, Roof - 0.71, Ground Floor - 0.70, Windows - 2.80",heat_pump,electric,electric_heater,1,1,1,oil_boiler,none,1500,1,0,2,private,high
D0397,Archetype_only,SD3,0.024,DCSix,end_terrace,1973,1970s_1980s,99.2,26.3,medium,Other,D/E,Requiring Retrofit,12.35,"External Wall - 1.54, Roof - 0.71, Ground Floor - 0.70, Windows - 2.80",heat_pump,electric,open_fire,1,1,1,gas_boiler,none,0,0,1,4,private,medium
D0398,ESC_like,SD3,0.008,Other,mid_terrace,2001,1990s_2000s,53.9,30,small,Other,C,Requiring Retrofit,8.04,"External Wall - 0.39, Roof - 0.28, Ground Floor - 0.45, Windows - 1.60",gas_boiler,gas,none,0,0,0,gas_boiler,none,1500,1,0,1,private,medium
D0399,ESC_like,SD16,0.118,IERC,semi_detached,1963,pre1970,98.7,33.2,medium,Dublin,C,Requiring Retrofit,11.49,"External Wall - 1.54, Roof - 0.71, Ground Floor - 0.70, Windows - 2.80",gas_boiler,gas,electric_heater,1,1,0,oil_boiler,none,0,0,0,1,private,medium
D0400,ESC_like,SD17,0.026,DCSix,end_terrace,2006,1990s_2000s,80.9,43.4,small,Other,A/B,Requiring Retrofit,4.03,"External Wall - 0.39, Roof - 0.28, Ground Floor - 0.45, Windows - 1.60",gas_boiler,gas,none,0,0,0,oil_boiler,immersion,0,0,0,5,social,medium
D0401,Archetype_only,SD5,0.059,Other,mid_terrace,1979,1970s_1980s,124,31.8,medium,Dublin,D/E,Requiring Retrofit,6.7,"External Wall - 1.54, Roof - 0.71, Ground Floor - 0.70, Windows - 2.80",gas_boiler,gas,none,0,0,0,oil_boiler,none,0,0,1,2,private,medium
D0402,Archetype_only,SD2,0.079,DCSix,semi_detached,2011,post2010,88.5,35,small,Galway,A/B,Requiring Retrofit,6.11,"External Wall - 0.27, Roof - 0.21, Ground Floor - 0.25, Windows - 1.20",gas_boiler,gas,electric_heater,1,1,0,gas_boiler,none,0,0,0,5,social,medium
D0403,UoG_like,SD3,0.017,DCSix,detached,1993,1990s_2000s,160,36.9,large,Galway,D/E,Partially Retrofitted,5.25,"External Wall - 0.39, Roof - 0.28, Ground Floor - 0.45, Windows - 1.60",heat_pump,electric,none,0,0,1,direct_electric,none,0,0,0,5,private,low
D0404,Archetype_only,SD12,0.098,IERC,detached,1984,1970s_1980s,201.7,34.4,large,Dublin,D/E,Retrofitted,5.89,"External Wall - 0.27, Roof - 0.21, Ground Floor - 0.25, Windows - 1.20",heat_pump,electric,none,0,0,1,gas_boiler,none,0,0,1,3,private,low
D0405,Archetype_only,SD5,0.116,DCSix,detached,2019,post2010,126.1,37,medium,Limerick,F/G,Requiring Retrofit,5.41,"External Wall - 0.27, Roof - 0.21, Ground Floor - 0.25, Windows - 1.20",heat_pump,electric,none,0,0,1,gas_boiler,none,1891.5,1,1,3,social,medium
D0406,ESC_like,SD12,0.07,Other,mid_terrace,1959,pre1970,105.8,35.9,medium,Limerick,C,Retrofitted,5.34,"External Wall - 0.27, Roof - 0.21, Ground Floor - 0.25, Windows - 1.20",heat_pump,electric,none,0,0,1,oil_boiler,immersion,0,0,1,3,private,medium
D0407,UoG_like,SD5,0.059,DCSix,detached,1986,1970s_1980s,148.7,29.9,large,Dublin,D/E,Requiring Retrofit,7.33,"External Wall - 1.54, Roof - 0.71, Ground Floor - 0.70, Windows - 2.80",heat_pump,electric,none,0,0,1,heat_pump_cylinder,none,0,0,1,5,private,low
D0408,UoG_like,SD4,0.012,DCSix,end_terrace,1949,pre1970,84.4,33.5,small,Limerick,A/B,Retrofitted,10.31,"External Wall - 0.27, Roof - 0.21, Ground Floor - 0.25, Windows - 1.20",heat_pump,electric,none,0,0,1,direct_electric,none,0,0,0,2,private,medium
D0409,ESC_like,SD19,0.017,IERC,semi_detached,1969,pre1970,165.7,39.8,large,Cork,C,Requiring Retrofit,8.82,"External Wall - 1.54, Roof - 0.71, Ground Floor - 0.70, Windows - 2.80",heat_pump,electric,none,0,0,1,direct_electric,solar_thermal,698,0,1,2,private,high
D0410,UoG_like,SD20,0.021,Other,apartment_duplex,1955,pre1970,72,27.7,small,Galway,C,Requiring Retrofit,9.12,"External Wall - 1.54, Roof - 0.71, Ground Floor - 0.70, Windows - 2.80",gas_boiler,gas,open_fire,1,1,0,gas_boiler,none,1500,1,1,3,private,low
D0411,UoG_like,SD4,0.087,IERC,semi_detached,1981,1970s_1980s,111.8,34,medium,Other,D/E,Requiring Retrofit,6.85,"External Wall - 1.54, Roof - 0.71, Ground Floor - 0.70, Windows - 2.80",heat_pump,electric,none,0,0,1,oil_boiler,none,1677,1,0,3,social,medium
D0412,ESC_like,SD7,0.038,Other,apartment_duplex,1985,1970s_1980s,83,27.1,small,Other,D/E,Requiring Retrofit,8.99,"External Wall - 1.54, Roof - 0.71, Ground Floor - 0.70, Windows - 2.80",gas_boiler,gas,open_fire,1,1,0,gas_boiler,none,0,0,1,1,private,low
D0413,ESC_like,SD5,0.086,IERC,apartment_duplex,1949,pre1970,79.3,32,small,Cork,C,Retrofitted,4.82,"External Wall - 0.27, Roof - 0.21, Ground Floor - 0.25, Windows - 1.20",oil_boiler,oil,stove,1,4,0,oil_boiler,none,1500,1,1,5,private,low
D0414,UoG_like,SD10,0.082,DCSix,semi_detached,1991,1990s_2000s,143,41.5,large,Galway,C,Partially Retrofitted,7.22,"External Wall - 0.39, Roof - 0.28, Ground Floor - 0.45, Windows - 1.60",gas_boiler,gas,none,0,0,0,oil_boiler,none,2145,1,0,4,private,high
D0415,ESC_like,SD15,0.024,DCSix,detached,1982,1970s_1980s,147.5,33.1,large,Galway,A/B,Retrofitted,4.5,"External Wall - 0.27, Roof - 0.21, Ground Floor - 0.25, Windows - 1.20",heat_pump,electric,electric_heater,1,1,1,oil_boiler,solar_thermal,3022.5,1,1,2,private,low
D0416,UoG_like,SD4,0.031,IERC,semi_detached,2017,post2010,106.9,39.5,medium,Dublin,C,Requiring Retrofit,2.23,"External Wall - 0.27, Roof - 0.21, Ground Floor - 0.25, Windows - 1.20",heat_pump,electric,none,0,0,1,oil_boiler,immersion,1603.5,1,1,1,private,low
D0417,UoG_like,SD16,0.031,Other,end_terrace,1974,1970s_1980s,80.5,30.6,small,Galway,D/E,Requiring Retrofit,8.14,"External Wall - 1.54, Roof - 0.71, Ground Floor - 0.70, Windows - 2.80",heat_pump,electric,open_fire,1,1,1,gas_boiler,none,0,0,0,1,private,medium
D0418,ESC_like,SD10,0.03,IERC,apartment_duplex,2013,post2010,80.3,29.1,small,Dublin,D/E,Partially Retrofitted,2.91,"External Wall - 0.27, Roof - 0.21, Ground Floor - 0.25, Windows - 1.20",heat_pump,electric,none,0,0,1,oil_boiler,none,0,0,1,3,private,high
D0419,ESC_like,SD4,0.015,IERC,end_terrace,1966,pre1970,101.1,37,medium,Galway,D/E,Requiring Retrofit,3.7,"External Wall - 1.54, Roof - 0.71, Ground Floor - 0.70, Windows - 2.80",gas_boiler,gas,stove,1,1,0,oil_boiler,none,0,0,0,1,private,medium
D0420,Archetype_only,SD16,0.013,DCSix,detached,2010,post2010,220.4,34.2,large,Limerick,C,Requiring Retrofit,2.78,"External Wall - 0.27, Roof - 0.21, Ground Floor - 0.25, Windows - 1.20",gas_boiler,gas,electric_heater,1,1,0,gas_boiler,none,0,0,1,2,private,medium
D0421,UoG_like,SD3,0.046,IERC,semi_detached,2021,post2010,117,30.2,medium,Dublin,D/E,Retrofitted,1.63,"External Wall - 0.27, Roof - 0.21, Ground Floor - 0.25, Windows - 1.20",heat_pump,electric,stove,1,1,1,instant_gas,immersion,0,0,0,3,private,medium
D0422,ESC_like,SD14,0.008,IERC,end_terrace,1971,1970s_1980s,96.9,37.3,medium,Cork,D/E,Requiring Retrofit,6.64,"External Wall - 1.54, Roof - 0.71, Ground Floor - 0.70, Windows - 2.80",gas_boiler,gas,none,0,0,0,gas_boiler,none,0,0,0,4,private,medium
D0423,Archetype_only,SD4,0.099,DCSix,semi_detached,1974,1970s_1980s,149.4,41.3,large,Galway,C,Partially Retrofitted,6.03,"External Wall - 0.39, Roof - 0.28, Ground Floor - 0.45, Windows - 1.60",gas_boiler,gas,none,0,0,0,oil_boiler,none,0,0,1,1,private,high
D0424,ESC_like,SD17,0.029,DCSix,mid_terrace,2018,post2010,128.1,31.4,medium,Dublin,D/E,Retrofitted,2.91,"External Wall - 0.27, Roof - 0.21, Ground Floor - 0.25, Windows - 1.20",heat_pump,electric,stove,1,1,1,gas_boiler,immersion,1921.5,1,0,4,private,medium
D0425,ESC_like,SD7,0.108,Other,end_terrace,2022,post2010,124.7,33,medium,Galway,C,Requiring Retrofit,5.95,"External Wall - 0.27, Roof - 0.21, Ground Floor - 0.25, Windows - 1.20",oil_boiler,oil,none,0,0,0,direct_electric,none,0,0,1,2,social,medium
D0426,UoG_like,SD8,0.062,DCSix,detached,2001,1990s_2000s,181.6,33.9,large,Other,D/E,Requiring Retrofit,4.41,"External Wall - 0.39, Roof - 0.28, Ground Floor - 0.45, Windows - 1.60",heat_pump,electric,none,0,0,1,direct_electric,none,0,0,0,5,private,low
D0427,Archetype_only,SD20,0.067,IERC,detached,2020,post2010,113.7,37.9,medium,Other,F/G,Requiring Retrofit,3.07,"External Wall - 0.27, Roof - 0.21, Ground Floor - 0.25, Windows - 1.20",heat_pump,electric,stove,1,1,1,direct_electric,none,0,0,0,3,private,medium
D0428,ESC_like,SD15,0.039,Other,mid_terrace,1955,pre1970,122.6,26.9,medium,Dublin,C,Requiring Retrofit,14.34,"External Wall - 1.54, Roof - 0.71, Ground Floor - 0.70, Windows - 2.80",heat_pump,electric,none,0,0,1,oil_boiler,none,0,0,1,3,private,medium
D0429,Archetype_only,SD12,0.09,DCSix,semi_detached,1985,1970s_1980s,63.3,41.5,small,Limerick,D/E,Partially Retrofitted,3.41,"External Wall - 0.39, Roof - 0.28, Ground Floor - 0.45, Windows - 1.60",heat_pump,electric,open_fire,1,1,1,instant_gas,none,0,0,1,3,private,medium
D0430,ESC_like,SD6,0.11,IERC,apartment_duplex,2004,1990s_2000s,46.6,30.5,small,Dublin,D/E,Requiring Retrofit,4.25,"External Wall - 0.39, Roof - 0.28, Ground Floor - 0.45, Windows - 1.60",heat_pump,electric,stove,1,1,1,gas_boiler,immersion,0,0,1,4,private,medium
D0431,UoG_like,SD5,0.053,DCSix,detached,2007,1990s_2000s,84.1,30.8,small,Cork,A/B,Requiring Retrofit,1,"External Wall - 0.39, Roof - 0.28, Ground Floor - 0.45, Windows - 1.60",heat_pump,electric,none,0,0,1,gas_boiler,none,0,0,0,5,private,low
D0432,Archetype_only,SD7,0.057,DCSix,mid_terrace,1997,1990s_2000s,77.2,39.1,small,Dublin,F/G,Retrofitted,3.8,"External Wall - 0.27, Roof - 0.21, Ground Floor - 0.25, Windows - 1.20",gas_boiler,gas,electric_heater,1,3,0,oil_boiler,none,0,0,1,2,private,medium
D0433,UoG_like,SD8,0.079,DCSix,detached,1986,1970s_1980s,137.4,34.7,medium,Galway,C,Requiring Retrofit,3.49,"External Wall - 1.54, Roof - 0.71, Ground Floor - 0.70, Windows - 2.80",oil_boiler,oil,stove,1,1,0,gas_boiler,immersion,0,0,0,2,social,medium
D0434,UoG_like,SD13,0.085,IERC,semi_detached,2018,post2010,94,41.8,medium,Galway,C,Requiring Retrofit,3.19,"External Wall - 0.27, Roof - 0.21, Ground Floor - 0.25, Windows - 1.20",gas_boiler,gas,stove,1,1,0,gas_boiler,none,0,0,0,4,social,medium
D0435,Archetype_only,SD11,0.096,DCSix,apartment_duplex,1960,pre1970,95.5,39,medium,Dublin,D/E,Requiring Retrofit,7.02,"External Wall - 1.54, Roof - 0.71, Ground Floor - 0.70, Windows - 2.80",heat_pump,electric,none,0,0,1,gas_boiler,none,0,0,0,1,private,high
D0436,Archetype_only,SD5,0.114,DCSix,semi_detached,1981,1970s_1980s,140.1,35.5,large,Dublin,A/B,Partially Retrofitted,8.56,"External Wall - 0.39, Roof - 0.28, Ground Floor - 0.45, Windows - 1.60",gas_boiler,gas,electric_heater,1,1,0,heat_pump_cylinder,immersion,0,0,1,2,social,low
D0437,ESC_like,SD12,0.108,IERC,end_terrace,1985,1970s_1980s,97.8,35.3,medium,Limerick,D/E,Partially Retrofitted,4.37,"External Wall - 0.39, Roof - 0.28, Ground Floor - 0.45, Windows - 1.60",heat_pump,electric,none,0,0,1,instant_gas,solar_thermal,871,0,1,3,private,medium
D0438,Archetype_only,SD11,0.089,DCSix,detached,1976,1970s_1980s,143,37.4,large,Dublin,D/E,Retrofitted,7.35,"External Wall - 0.27, Roof - 0.21, Ground Floor - 0.25, Windows - 1.20",heat_pump,electric,none,0,0,1,direct_electric,immersion,2145,1,1,1,private,high
D0439,ESC_like,SD7,0.06,Other,detached,1969,pre1970,170.6,35.8,large,Limerick,C,Retrofitted,10.66,"External Wall - 0.27, Roof - 0.21, Ground Floor - 0.25, Windows - 1.20",heat_pump,electric,none,0,0,1,gas_boiler,none,0,0,1,4,private,high
D0440,UoG_like,SD20,0.111,Other,detached,1970,1970s_1980s,189.3,35.9,large,Cork,D/E,Retrofitted,11.34,"External Wall - 0.27, Roof - 0.21, Ground Floor - 0.25, Windows - 1.20",heat_pump,electric,none,0,0,1,oil_boiler,none,0,0,0,3,private,high
D0441,UoG_like,SD7,0.069,DCSix,semi_detached,1981,1970s_1980s,131.8,36.7,medium,Other,D/E,Requiring Retrofit,8.18,"External Wall - 1.54, Roof - 0.71, Ground Floor - 0.70, Windows - 2.80",oil_boiler,oil,stove,1,4,0,direct_electric,none,0,0,1,2,social,low
D0442,ESC_like,SD20,0.019,DCSix,apartment_duplex,1981,1970s_1980s,66,35.3,small,Other,A/B,Retrofitted,4.59,"External Wall - 0.27, Roof - 0.21, Ground Floor - 0.25, Windows - 1.20",oil_boiler,oil,none,0,0,0,oil_boiler,none,0,0,0,3,private,low
D0443,ESC_like,SD10,0.084,DCSix,apartment_duplex,1973,1970s_1980s,65.9,38.1,small,Other,F/G,Retrofitted,5.25,"External Wall - 0.27, Roof - 0.21, Ground Floor - 0.25, Windows - 1.20",gas_boiler,gas,open_fire,1,2,0,gas_boiler,none,0,0,0,5,private,low
D0444,ESC_like,SD9,0.072,Other,semi_detached,1998,1990s_2000s,126.2,33.7,medium,Dublin,D/E,Partially Retrofitted,6.34,"External Wall - 0.39, Roof - 0.28, Ground Floor - 0.45, Windows - 1.60",oil_boiler,oil,stove,1,1,0,gas_boiler,none,0,0,0,4,private,medium
D0445,ESC_like,SD18,0.02,DCSix,semi_detached,1993,1990s_2000s,119.5,34.1,medium,Other,A/B,Partially Retrofitted,4.73,"External Wall - 0.39, Roof - 0.28, Ground Floor - 0.45, Windows - 1.60",heat_pump,electric,none,0,0,1,heat_pump_cylinder,none,1792.5,1,0,2,social,low
D0446,Archetype_only,SD1,0.032,IERC,mid_terrace,1948,pre1970,91.4,38.9,medium,Other,F/G,Partially Retrofitted,8.47,"External Wall - 0.39, Roof - 0.28, Ground Floor - 0.45, Windows - 1.60",heat_pump,electric,none,0,0,1,heat_pump_cylinder,solar_thermal,860,0,1,5,private,medium
D0447,UoG_like,SD14,0.054,DCSix,semi_detached,1979,1970s_1980s,98,33.5,medium,Limerick,F/G,Requiring Retrofit,12.56,"External Wall - 1.54, Roof - 0.71, Ground Floor - 0.70, Windows - 2.80",gas_boiler,gas,none,0,0,0,oil_boiler,solar_thermal,844,0,1,3,private,low
D0448,ESC_like,SD9,0.094,Other,end_terrace,1963,pre1970,107.5,25.3,medium,Limerick,D/E,Requiring Retrofit,6.12,"External Wall - 1.54, Roof - 0.71, Ground Floor - 0.70, Windows - 2.80",heat_pump,electric,none,0,0,1,gas_boiler,none,0,0,1,5,social,medium
D0449,ESC_like,SD17,0.073,Other,end_terrace,1941,pre1970,123.1,33.8,medium,Galway,D/E,Retrofitted,2.74,"External Wall - 0.27, Roof - 0.21, Ground Floor - 0.25, Windows - 1.20",oil_boiler,oil,none,0,0,0,gas_boiler,none,0,0,1,2,private,high
D0450,Archetype_only,SD15,0.018,DCSix,semi_detached,2022,post2010,156,32.2,large,Other,A/B,Requiring Retrofit,1,"External Wall - 0.27, Roof - 0.21, Ground Floor - 0.25, Windows - 1.20",heat_pump,electric,none,0,0,1,oil_boiler,immersion,2340,1,0,3,social,low
D0451,Archetype_only,SD9,0.112,DCSix,end_terrace,1997,1990s_2000s,92.9,31.9,medium,Other,F/G,Requiring Retrofit,7.98,"External Wall - 0.39, Roof - 0.28, Ground Floor - 0.45, Windows - 1.60",oil_boiler,oil,none,0,0,0,oil_boiler,none,1500,1,1,2,private,high
D0452,ESC_like,SD5,0.007,DCSix,apartment_duplex,1983,1970s_1980s,50,36,small,Cork,F/G,Retrofitted,4.55,"External Wall - 0.27, Roof - 0.21, Ground Floor - 0.25, Windows - 1.20",heat_pump,electric,electric_heater,1,1,1,gas_boiler,solar_thermal,2288,1,0,5,private,low
D0453,Archetype_only,SD15,0.035,Other,mid_terrace,1969,pre1970,110.8,37.4,medium,Dublin,A/B,Retrofitted,5.13,"External Wall - 0.27, Roof - 0.21, Ground Floor - 0.25, Windows - 1.20",heat_pump,electric,none,0,0,1,oil_boiler,immersion,0,0,1,2,private,medium
D0454,Archetype_only,SD8,0.111,IERC,apartment_duplex,1940,pre1970,65.1,30.9,small,Cork,D/E,Requiring Retrofit,7.88,"External Wall - 1.54, Roof - 0.71, Ground Floor - 0.70, Windows - 2.80",gas_boiler,gas,none,0,0,0,heat_pump_cylinder,immersion,0,0,0,2,private,low
D0455,ESC_like,SD7,0.042,Other,end_terrace,1982,1970s_1980s,94.1,32.3,medium,Dublin,F/G,Requiring Retrofit,9.24,"External Wall - 1.54, Roof - 0.71, Ground Floor - 0.70, Windows - 2.80",gas_boiler,gas,none,0,0,0,instant_gas,none,1500,1,1,3,private,high
D0456,UoG_like,SD1,0.011,Other,mid_terrace,1991,1990s_2000s,103.3,34.3,medium,Galway,F/G,Requiring Retrofit,5.46,"External Wall - 0.39, Roof - 0.28, Ground Floor - 0.45, Windows - 1.60",gas_boiler,gas,none,0,0,0,direct_electric,none,1549.5,1,0,1,private,low
D0457,Archetype_only,SD9,0.037,DCSix,semi_detached,2020,post2010,112.8,34.8,medium,Dublin,D/E,Requiring Retrofit,1,"External Wall - 0.27, Roof - 0.21, Ground Floor - 0.25, Windows - 1.20",heat_pump,electric,stove,1,1,1,oil_boiler,none,0,0,0,2,social,low
D0458,UoG_like,SD6,0.04,IERC,end_terrace,1995,1990s_2000s,96.7,48.5,medium,Other,D/E,Requiring Retrofit,5.21,"External Wall - 0.39, Roof - 0.28, Ground Floor - 0.45, Windows - 1.60",heat_pump,electric,none,0,0,1,gas_boiler,immersion,1500,1,0,2,private,low
D0459,ESC_like,SD11,0.018,DCSix,mid_terrace,1996,1990s_2000s,133.5,41.7,medium,Dublin,F/G,Requiring Retrofit,7.95,"External Wall - 0.39, Roof - 0.28, Ground Floor - 0.45, Windows - 1.60",gas_boiler,gas,none,0,0,0,oil_boiler,immersion,0,0,0,3,private,low
D0460,UoG_like,SD1,0.05,Other,semi_detached,1977,1970s_1980s,158.7,33.8,large,Dublin,C,Requiring Retrofit,6.56,"External Wall - 1.54, Roof - 0.71, Ground Floor - 0.70, Windows - 2.80",oil_boiler,oil,none,0,0,0,instant_gas,none,0,0,1,4,private,low
D0461,UoG_like,SD2,0.007,Other,semi_detached,1987,1970s_1980s,140.1,41.8,large,Cork,F/G,Requiring Retrofit,6.08,"External Wall - 1.54, Roof - 0.71, Ground Floor - 0.70, Windows - 2.80",gas_boiler,gas,none,0,0,0,oil_boiler,immersion,2101.5,1,0,4,private,medium
D0462,UoG_like,SD10,0.101,Other,apartment_duplex,1953,pre1970,81.8,39.7,small,Dublin,F/G,Partially Retrofitted,9.83,"External Wall - 0.39, Roof - 0.28, Ground Floor - 0.45, Windows - 1.60",gas_boiler,gas,open_fire,1,1,0,oil_boiler,immersion,1500,1,1,3,private,high
D0463,UoG_like,SD12,0.056,Other,end_terrace,2001,1990s_2000s,116.5,30.5,medium,Other,C,Requiring Retrofit,8.12,"External Wall - 0.39, Roof - 0.28, Ground Floor - 0.45, Windows - 1.60",heat_pump,electric,stove,1,1,1,gas_boiler,none,0,0,0,3,private,medium
D0464,ESC_like,SD10,0.02,DCSix,semi_detached,2001,1990s_2000s,105.3,32.4,medium,Dublin,F/G,Requiring Retrofit,5.13,"External Wall - 0.39, Roof - 0.28, Ground Floor - 0.45, Windows - 1.60",oil_boiler,oil,stove,1,1,0,oil_boiler,none,1579.5,1,1,2,social,medium
D0465,ESC_like,SD5,0.008,Other,detached,1989,1970s_1980s,268,32.9,large,Dublin,D/E,Requiring Retrofit,7.8,"External Wall - 1.54, Roof - 0.71, Ground Floor - 0.70, Windows - 2.80",heat_pump,electric,electric_heater,1,1,1,instant_gas,immersion,0,0,0,4,private,medium
D0466,ESC_like,SD20,0.038,IERC,semi_detached,1982,1970s_1980s,129.3,34.7,medium,Other,F/G,Retrofitted,6.8,"External Wall - 0.27, Roof - 0.21, Ground Floor - 0.25, Windows - 1.20",oil_boiler,oil,open_fire,1,1,0,gas_boiler,immersion,0,0,0,4,private,high
D0467,ESC_like,SD4,0.077,DCSix,mid_terrace,1979,1970s_1980s,96.3,33.9,medium,Limerick,D/E,Requiring Retrofit,10.35,"External Wall - 1.54, Roof - 0.71, Ground Floor - 0.70, Windows - 2.80",heat_pump,electric,stove,1,1,1,instant_gas,immersion,0,0,0,1,private,low
D0468,UoG_like,SD11,0.093,Other,semi_detached,1973,1970s_1980s,93.8,40.6,medium,Other,D/E,Partially Retrofitted,8.96,"External Wall - 0.39, Roof - 0.28, Ground Floor - 0.45, Windows - 1.60",heat_pump,electric,none,0,0,1,gas_boiler,none,0,0,0,5,private,medium
D0469,UoG_like,SD18,0.046,DCSix,apartment_duplex,2004,1990s_2000s,69.2,37.2,small,Other,D/E,Retrofitted,4.39,"External Wall - 0.27, Roof - 0.21, Ground Floor - 0.25, Windows - 1.20",heat_pump,electric,none,0,0,1,direct_electric,none,0,0,1,2,social,low
D0470,Archetype_only,SD10,0.074,IERC,apartment_duplex,1977,1970s_1980s,66.9,30.9,small,Dublin,D/E,Requiring Retrofit,8.4,"External Wall - 1.54, Roof - 0.71, Ground Floor - 0.70, Windows - 2.80",heat_pump,electric,none,0,0,1,oil_boiler,none,1500,1,0,4,social,medium
D0471,UoG_like,SD20,0.073,DCSix,semi_detached,1974,1970s_1980s,103.2,29.7,medium,Cork,D/E,Requiring Retrofit,5.68,"External Wall - 1.54, Roof - 0.71, Ground Floor - 0.70, Windows - 2.80",heat_pump,electric,none,0,0,1,heat_pump_cylinder,solar_thermal,806,0,1,1,private,medium
D0472,Archetype_only,SD1,0.036,Other,mid_terrace,1955,pre1970,75.2,29.7,small,Limerick,F/G,Requiring Retrofit,9.5,"External Wall - 1.54, Roof - 0.71, Ground Floor - 0.70, Windows - 2.80",heat_pump,electric,none,0,0,1,gas_boiler,none,0,0,1,2,private,low
D0473,ESC_like,SD9,0.032,IERC,detached,1985,1970s_1980s,106.9,38.6,medium,Dublin,C,Partially Retrofitted,3.93,"External Wall - 0.39, Roof - 0.28, Ground Floor - 0.45, Windows - 1.60",gas_boiler,gas,none,0,0,0,oil_boiler,none,0,0,0,1,private,medium
D0474,UoG_like,SD5,0.024,Other,detached,1944,pre1970,95.1,33.6,medium,Dublin,F/G,Requiring Retrofit,11.2,"External Wall - 1.54, Roof - 0.71, Ground Floor - 0.70, Windows - 2.80",gas_boiler,gas,none,0,0,0,gas_boiler,immersion,0,0,1,3,private,low
D0475,ESC_like,SD17,0.079,IERC,mid_terrace,2010,post2010,83,33.3,small,Cork,D/E,Requiring Retrofit,3.39,"External Wall - 0.27, Roof - 0.21, Ground Floor - 0.25, Windows - 1.20",heat_pump,electric,stove,1,1,1,oil_boiler,none,1500,1,1,4,private,medium
D0476,UoG_like,SD16,0.019,IERC,semi_detached,2009,1990s_2000s,100.3,44.4,medium,Galway,D/E,Requiring Retrofit,4.14,"External Wall - 0.39, Roof - 0.28, Ground Floor - 0.45, Windows - 1.60",heat_pump,electric,none,0,0,1,oil_boiler,immersion,0,0,1,2,private,medium
D0477,ESC_like,SD17,0.016,DCSix,detached,1959,pre1970,220,39.9,large,Other,D/E,Retrofitted,9.73,"External Wall - 0.27, Roof - 0.21, Ground Floor - 0.25, Windows - 1.20",gas_boiler,gas,stove,1,3,0,gas_boiler,none,0,0,0,2,private,medium
D0478,Archetype_only,SD17,0.056,IERC,detached,1985,1970s_1980s,138,35.9,medium,Dublin,F/G,Requiring Retrofit,6.85,"External Wall - 1.54, Roof - 0.71, Ground Floor - 0.70, Windows - 2.80",heat_pump,electric,none,0,0,1,heat_pump_cylinder,none,0,0,0,5,private,high
D0479,UoG_like,SD4,0.082,DCSix,mid_terrace,2006,1990s_2000s,92.9,32.6,medium,Limerick,F/G,Retrofitted,2.25,"External Wall - 0.27, Roof - 0.21, Ground Floor - 0.25, Windows - 1.20",heat_pump,electric,none,0,0,1,direct_electric,immersion,0,0,1,3,private,high
D0480,Archetype_only,SD20,0.088,Other,apartment_duplex,1977,1970s_1980s,65.5,29.5,small,Dublin,D/E,Partially Retrofitted,5.84,"External Wall - 0.39, Roof - 0.28, Ground Floor - 0.45, Windows - 1.60",heat_pump,electric,open_fire,1,1,1,gas_boiler,none,0,0,1,1,private,high
D0481,UoG_like,SD14,0.102,IERC,end_terrace,1954,pre1970,96.1,28.9,medium,Galway,F/G,Requiring Retrofit,10.04,"External Wall - 1.54, Roof - 0.71, Ground Floor - 0.70, Windows - 2.80",heat_pump,electric,none,0,0,1,gas_boiler,immersion,0,0,0,4,social,medium
D0482,ESC_like,SD13,0.058,Other,semi_detached,2010,post2010,143.3,36.7,large,Cork,C,Requiring Retrofit,2.79,"External Wall - 0.27, Roof - 0.21, Ground Floor - 0.25, Windows - 1.20",heat_pump,electric,none,0,0,1,gas_boiler,immersion,2149.5,1,0,1,private,high
D0483,UoG_like,SD11,0.011,DCSix,semi_detached,2008,1990s_2000s,79.5,37.2,small,Other,C,Partially Retrofitted,1,"External Wall - 0.39, Roof - 0.28, Ground Floor - 0.45, Windows - 1.60",heat_pump,electric,electric_heater,1,1,1,oil_boiler,none,0,0,0,1,private,high
D0484,ESC_like,SD3,0.099,DCSix,end_terrace,1945,pre1970,105.8,31,medium,Dublin,C,Retrofitted,10.95,"External Wall - 0.27, Roof - 0.21, Ground Floor - 0.25, Windows - 1.20",oil_boiler,oil,open_fire,1,4,0,oil_boiler,immersion,1587,1,1,1,social,low
D0485,UoG_like,SD2,0.005,Other,semi_detached,2006,1990s_2000s,171.4,36.7,large,Dublin,D/E,Partially Retrofitted,3.62,"External Wall - 0.39, Roof - 0.28, Ground Floor - 0.45, Windows - 1.60",gas_boiler,gas,stove,1,1,0,instant_gas,immersion,0,0,0,2,private,medium
D0486,UoG_like,SD12,0.029,DCSix,semi_detached,1950,pre1970,124,38.4,medium,Other,F/G,Requiring Retrofit,10.68,"External Wall - 1.54, Roof - 0.71, Ground Floor - 0.70, Windows - 2.80",oil_boiler,oil,stove,1,1,0,gas_boiler,none,0,0,0,3,social,low
D0487,Archetype_only,SD13,0.064,Other,apartment_duplex,1992,1990s_2000s,82.2,33.8,small,Dublin,D/E,Retrofitted,3.65,"External Wall - 0.27, Roof - 0.21, Ground Floor - 0.25, Windows - 1.20",heat_pump,electric,open_fire,1,2,1,heat_pump_cylinder,none,0,0,1,1,social,medium
D0488,ESC_like,SD14,0.008,DCSix,semi_detached,2003,1990s_2000s,79.7,33.5,small,Limerick,C,Requiring Retrofit,4.22,"External Wall - 0.39, Roof - 0.28, Ground Floor - 0.45, Windows - 1.60",heat_pump,electric,none,0,0,1,heat_pump_cylinder,none,0,0,0,4,private,high
D0489,UoG_like,SD18,0.078,IERC,mid_terrace,1982,1970s_1980s,107.3,30.9,medium,Other,F/G,Requiring Retrofit,2.88,"External Wall - 1.54, Roof - 0.71, Ground Floor - 0.70, Windows - 2.80",oil_boiler,oil,none,0,0,0,oil_boiler,immersion,0,0,0,1,private,low
D0490,ESC_like,SD18,0.114,Other,end_terrace,1997,1990s_2000s,60.3,35.3,small,Dublin,F/G,Retrofitted,5.78,"External Wall - 0.27, Roof - 0.21, Ground Floor - 0.25, Windows - 1.20",heat_pump,electric,stove,1,1,1,instant_gas,immersion,0,0,0,1,private,low
D0491,UoG_like,SD19,0.068,IERC,semi_detached,2009,1990s_2000s,97.7,37.5,medium,Dublin,F/G,Requiring Retrofit,3.89,"External Wall - 0.39, Roof - 0.28, Ground Floor - 0.45, Windows - 1.60",oil_boiler,oil,none,0,0,0,oil_boiler,immersion,0,0,0,2,private,low
D0492,Archetype_only,SD6,0.018,DCSix,end_terrace,1950,pre1970,107.2,36.9,medium,Other,F/G,Requiring Retrofit,11.31,"External Wall - 1.54, Roof - 0.71, Ground Floor - 0.70, Windows - 2.80",heat_pump,electric,electric_heater,1,1,1,gas_boiler,immersion,0,0,1,5,social,high
D0493,Archetype_only,SD20,0.028,IERC,detached,1985,1970s_1980s,184.5,38.9,large,Limerick,A/B,Partially Retrofitted,5.88,"External Wall - 0.39, Roof - 0.28, Ground Floor - 0.45, Windows - 1.60",heat_pump,electric,none,0,0,1,oil_boiler,solar_thermal,3500.5,1,1,2,private,medium
D0494,UoG_like,SD20,0.084,IERC,semi_detached,1955,pre1970,100.9,32.7,medium,Cork,A/B,Partially Retrofitted,9.6,"External Wall - 0.39, Roof - 0.28, Ground Floor - 0.45, Windows - 1.60",heat_pump,electric,none,0,0,1,heat_pump_cylinder,none,0,0,0,5,social,high
D0495,UoG_like,SD12,0.102,DCSix,apartment_duplex,2015,post2010,84.5,29,small,Dublin,C,Retrofitted,1,"External Wall - 0.27, Roof - 0.21, Ground Floor - 0.25, Windows - 1.20",heat_pump,electric,open_fire,1,1,1,heat_pump_cylinder,none,0,0,0,5,private,medium
D0496,Archetype_only,SD2,0.075,DCSix,apartment_duplex,1972,1970s_1980s,81.5,41.3,small,Limerick,F/G,Requiring Retrofit,5.82,"External Wall - 1.54, Roof - 0.71, Ground Floor - 0.70, Windows - 2.80",gas_boiler,gas,none,0,0,0,heat_pump_cylinder,immersion,0,0,1,5,social,high
D0497,ESC_like,SD16,0.026,DCSix,semi_detached,1945,pre1970,116.5,30.4,medium,Galway,C,Requiring Retrofit,8.39,"External Wall - 1.54, Roof - 0.71, Ground Floor - 0.70, Windows - 2.80",gas_boiler,gas,none,0,0,0,oil_boiler,immersion,1747.5,1,1,3,private,medium
D0498,ESC_like,SD19,0.11,DCSix,end_terrace,2001,1990s_2000s,92.6,38.5,medium,Galway,D/E,Retrofitted,5.18,"External Wall - 0.27, Roof - 0.21, Ground Floor - 0.25, Windows - 1.20",gas_boiler,gas,open_fire,1,1,0,heat_pump_cylinder,none,0,0,1,1,social,high
D0499,ESC_like,SD7,0.07,DCSix,semi_detached,2022,post2010,153.7,33,large,Dublin,A/B,Requiring Retrofit,2.79,"External Wall - 0.27, Roof - 0.21, Ground Floor - 0.25, Windows - 1.20",heat_pump,electric,stove,1,1,1,oil_boiler,none,0,0,0,4,private,low
D0500,ESC_like,SD7,0.049,DCSix,detached,1968,pre1970,99.6,32.8,medium,Dublin,D/E,Requiring Retrofit,9.01,"External Wall - 1.54, Roof - 0.71, Ground Floor - 0.70, Windows - 2.80",heat_pump,electric,stove,1,1,1,heat_pump_cylinder,immersion,0,0,1,1,private,high
D0501,UoG_like,SD10,0.104,DCSix,semi_detached,1952,pre1970,126.3,33,medium,Galway,C,Requiring Retrofit,9.82,"External Wall - 1.54, Roof - 0.71, Ground Floor - 0.70, Windows - 2.80",heat_pump,electric,stove,1,1,1,direct_electric,immersion,0,0,1,4,social,low
D0502,UoG_like,SD9,0.014,Other,apartment_duplex,2019,post2010,66.6,29.1,small,Limerick,C,Partially Retrofitted,1.81,"External Wall - 0.27, Roof - 0.21, Ground Floor - 0.25, Windows - 1.20",heat_pump,electric,stove,1,1,1,gas_boiler,immersion,0,0,1,3,private,medium
D0503,ESC_like,SD11,0.113,DCSix,semi_detached,2000,1990s_2000s,125.7,39.6,medium,Dublin,C,Retrofitted,6.37,"External Wall - 0.27, Roof - 0.21, Ground Floor - 0.25, Windows - 1.20",heat_pump,electric,stove,1,1,1,gas_boiler,none,0,0,0,4,private,low
D0504,Archetype_only,SD4,0.051,IERC,semi_detached,1971,1970s_1980s,93.8,38.8,medium,Dublin,D/E,Requiring Retrofit,9.14,"External Wall - 1.54, Roof - 0.71, Ground Floor - 0.70, Windows - 2.80",gas_boiler,gas,none,0,0,0,instant_gas,solar_thermal,2255,1,0,3,private,medium
D0505,ESC_like,SD9,0.059,IERC,detached,2001,1990s_2000s,190,41,large,Dublin,F/G,Requiring Retrofit,8.1,"External Wall - 0.39, Roof - 0.28, Ground Floor - 0.45, Windows - 1.60",oil_boiler,oil,none,0,0,0,direct_electric,immersion,0,0,1,4,social,medium
D0506,UoG_like,SD1,0.012,DCSix,mid_terrace,2010,post2010,132.7,30.9,medium,Cork,F/G,Partially Retrofitted,1,"External Wall - 0.27, Roof - 0.21, Ground Floor - 0.25, Windows - 1.20",gas_boiler,gas,open_fire,1,4,0,gas_boiler,none,0,0,0,4,private,low
D0507,ESC_like,SD2,0.048,IERC,mid_terrace,1946,pre1970,140.9,33.8,large,Other,C,Retrofitted,10.16,"External Wall - 0.27, Roof - 0.21, Ground Floor - 0.25, Windows - 1.20",gas_boiler,gas,none,0,0,0,gas_boiler,solar_thermal,915,0,1,5,private,low
D0508,UoG_like,SD10,0.103,DCSix,semi_detached,2005,1990s_2000s,128.4,26.7,medium,Other,D/E,Partially Retrofitted,1,"External Wall - 0.39, Roof - 0.28, Ground Floor - 0.45, Windows - 1.60",heat_pump,electric,stove,1,1,1,direct_electric,none,0,0,1,4,private,medium
D0509,ESC_like,SD1,0.063,DCSix,semi_detached,2021,post2010,131.5,34.7,medium,Limerick,A/B,Requiring Retrofit,3.43,"External Wall - 0.27, Roof - 0.21, Ground Floor - 0.25, Windows - 1.20",oil_boiler,oil,stove,1,1,0,gas_boiler,immersion,0,0,0,3,private,high
D0510,Archetype_only,SD18,0.016,DCSix,detached,1989,1970s_1980s,103.8,38.2,medium,Dublin,C,Retrofitted,5.18,"External Wall - 0.27, Roof - 0.21, Ground Floor - 0.25, Windows - 1.20",heat_pump,electric,none,0,0,1,gas_boiler,immersion,0,0,0,2,private,high
D0511,Archetype_only,SD11,0.019,DCSix,apartment_duplex,1994,1990s_2000s,73.4,33.3,small,Galway,F/G,Requiring Retrofit,6.62,"External Wall - 0.39, Roof - 0.28, Ground Floor - 0.45, Windows - 1.60",heat_pump,electric,electric_heater,1,1,1,heat_pump_cylinder,solar_thermal,818,0,1,5,private,medium
D0512,ESC_like,SD11,0.101,Other,end_terrace,1969,pre1970,84.6,33.5,small,Galway,C,Retrofitted,7.54,"External Wall - 0.27, Roof - 0.21, Ground Floor - 0.25, Windows - 1.20",oil_boiler,oil,none,0,0,0,instant_gas,none,0,0,0,1,social,high
D0513,UoG_like,SD13,0.042,Other,detached,1972,1970s_1980s,224.4,33.4,large,Dublin,F/G,Requiring Retrofit,12.53,"External Wall - 1.54, Roof - 0.71, Ground Floor - 0.70, Windows - 2.80",heat_pump,electric,stove,1,1,1,oil_boiler,immersion,0,0,1,2,private,high
D0514,UoG_like,SD5,0.083,DCSix,end_terrace,1986,1970s_1980s,116.1,30,medium,Limerick,A/B,Partially Retrofitted,5.7,"External Wall - 0.39, Roof - 0.28, Ground Floor - 0.45, Windows - 1.60",heat_pump,electric,electric_heater,1,1,1,gas_boiler,none,0,0,0,5,private,medium
D0515,ESC_like,SD17,0.12,Other,apartment_duplex,1960,pre1970,58.5,29.9,small,Dublin,D/E,Retrofitted,7.78,"External Wall - 0.27, Roof - 0.21, Ground Floor - 0.25, Windows - 1.20",gas_boiler,gas,stove,1,1,0,gas_boiler,immersion,0,0,0,4,social,medium
D0516,UoG_like,SD8,0.054,IERC,detached,1983,1970s_1980s,125.4,29.5,medium,Dublin,F/G,Requiring Retrofit,4.78,"External Wall - 1.54, Roof - 0.71, Ground Floor - 0.70, Windows - 2.80",oil_boiler,oil,none,0,0,0,gas_boiler,none,0,0,0,1,social,medium
D0517,ESC_like,SD12,0.033,DCSix,semi_detached,1959,pre1970,130.3,32.2,medium,Cork,F/G,Requiring Retrofit,10.76,"External Wall - 1.54, Roof - 0.71, Ground Floor - 0.70, Windows - 2.80",gas_boiler,gas,none,0,0,0,gas_boiler,solar_thermal,677,0,0,3,social,high
D0518,ESC_like,SD17,0.077,DCSix,end_terrace,1996,1990s_2000s,96.2,38.2,medium,Limerick,D/E,Retrofitted,3.46,"External Wall - 0.27, Roof - 0.21, Ground Floor - 0.25, Windows - 1.20",heat_pump,electric,none,0,0,1,gas_boiler,none,0,0,0,4,private,medium
D0519,ESC_like,SD14,0.061,IERC,semi_detached,1973,1970s_1980s,147.7,32,large,Cork,F/G,Requiring Retrofit,13.67,"External Wall - 1.54, Roof - 0.71, Ground Floor - 0.70, Windows - 2.80",heat_pump,electric,none,0,0,1,heat_pump_cylinder,none,2215.5,1,1,3,social,high
D0520,Archetype_only,SD8,0.092,Other,apartment_duplex,1953,pre1970,69.3,42.3,small,Dublin,C,Retrofitted,11.04,"External Wall - 0.27, Roof - 0.21, Ground Floor - 0.25, Windows - 1.20",oil_boiler,oil,stove,1,3,0,oil_boiler,none,1500,1,1,3,private,medium
D0521,UoG_like,SD5,0.031,Other,semi_detached,1958,pre1970,110.5,42.1,medium,Cork,F/G,Partially Retrofitted,8.37,"External Wall - 0.39, Roof - 0.28, Ground Floor - 0.45, Windows - 1.60",heat_pump,electric,stove,1,1,1,instant_gas,immersion,0,0,0,1,private,high
D0522,ESC_like,SD6,0.098,DCSix,semi_detached,1956,pre1970,101.1,32.8,medium,Other,D/E,Requiring Retrofit,10.55,"External Wall - 1.54, Roof - 0.71, Ground Floor - 0.70, Windows - 2.80",heat_pump,electric,stove,1,1,1,direct_electric,none,1516.5,1,1,2,social,medium
D0523,UoG_like,SD3,0.028,DCSix,semi_detached,2003,1990s_2000s,124.7,42.3,medium,Limerick,D/E,Retrofitted,3.52,"External Wall - 0.27, Roof - 0.21, Ground Floor - 0.25, Windows - 1.20",heat_pump,electric,electric_heater,1,1,1,direct_electric,immersion,0,0,0,4,private,medium
D0524,ESC_like,SD15,0.014,IERC,detached,1981,1970s_1980s,166.7,32.7,large,Other,A/B,Partially Retrofitted,4.84,"External Wall - 0.39, Roof - 0.28, Ground Floor - 0.45, Windows - 1.60",heat_pump,electric,none,0,0,1,gas_boiler,none,0,0,0,2,private,high
D0525,ESC_like,SD7,0.032,Other,end_terrace,1950,pre1970,133.3,25.7,medium,Limerick,D/E,Retrofitted,7.27,"External Wall - 0.27, Roof - 0.21, Ground Floor - 0.25, Windows - 1.20",gas_boiler,gas,none,0,0,0,gas_boiler,none,1999.5,1,0,3,private,low
D0526,Archetype_only,SD4,0.029,IERC,detached,1980,1970s_1980s,131.1,27.6,medium,Limerick,D/E,Retrofitted,3.12,"External Wall - 0.27, Roof - 0.21, Ground Floor - 0.25, Windows - 1.20",heat_pump,electric,none,0,0,1,heat_pump_cylinder,immersion,0,0,1,3,private,medium
D0527,ESC_like,SD8,0.112,DCSix,end_terrace,1990,1990s_2000s,111.2,32,medium,Cork,C,Requiring Retrofit,7.59,"External Wall - 0.39, Roof - 0.28, Ground Floor - 0.45, Windows - 1.60",heat_pump,electric,open_fire,1,1,1,direct_electric,immersion,0,0,0,3,private,high
D0528,ESC_like,SD18,0.111,DCSix,apartment_duplex,1974,1970s_1980s,76.7,32.1,small,Other,C,Retrofitted,6.78,"External Wall - 0.27, Roof - 0.21, Ground Floor - 0.25, Windows - 1.20",heat_pump,electric,open_fire,1,1,1,gas_boiler,none,0,0,0,1,private,medium
D0529,UoG_like,SD13,0.083,Other,detached,1973,1970s_1980s,189.5,36.7,large,Other,C,Retrofitted,4.31,"External Wall - 0.27, Roof - 0.21, Ground Floor - 0.25, Windows - 1.20",heat_pump,electric,stove,1,1,1,direct_electric,immersion,0,0,1,1,social,high
D0530,Archetype_only,SD9,0.11,DCSix,detached,2022,post2010,155.6,34.8,large,Dublin,D/E,Retrofitted,3.27,"External Wall - 0.27, Roof - 0.21, Ground Floor - 0.25, Windows - 1.20",oil_boiler,oil,open_fire,1,1,0,instant_gas,none,2334,1,0,5,social,low
D0531,Archetype_only,SD19,0.045,IERC,detached,1985,1970s_1980s,100.1,37.9,medium,Galway,C,Retrofitted,4.9,"External Wall - 0.27, Roof - 0.21, Ground Floor - 0.25, Windows - 1.20",heat_pump,electric,none,0,0,1,gas_boiler,none,0,0,1,1,social,medium
D0532,UoG_like,SD13,0.042,DCSix,semi_detached,2010,post2010,77.3,35,small,Other,C,Requiring Retrofit,2.5,"External Wall - 0.27, Roof - 0.21, Ground Floor - 0.25, Windows - 1.20",oil_boiler,oil,none,0,0,0,direct_electric,solar_thermal,796,0,0,1,private,high
D0533,Archetype_only,SD15,0.034,DCSix,apartment_duplex,1984,1970s_1980s,75.7,30.1,small,Galway,D/E,Partially Retrofitted,2.36,"External Wall - 0.39, Roof - 0.28, Ground Floor - 0.45, Windows - 1.60",heat_pump,electric,none,0,0,1,oil_boiler,none,0,0,0,1,private,medium
D0534,UoG_like,SD8,0.043,IERC,end_terrace,1972,1970s_1980s,116.4,32.4,medium,Dublin,D/E,Requiring Retrofit,15.71,"External Wall - 1.54, Roof - 0.71, Ground Floor - 0.70, Windows - 2.80",gas_boiler,gas,none,0,0,0,instant_gas,none,0,0,1,5,private,low
D0535,ESC_like,SD15,0.048,IERC,detached,1954,pre1970,149.3,40.6,large,Dublin,C,Retrofitted,11.08,"External Wall - 0.27, Roof - 0.21, Ground Floor - 0.25, Windows - 1.20",heat_pump,electric,none,0,0,1,instant_gas,none,0,0,0,1,social,medium
D0536,Archetype_only,SD6,0.107,DCSix,mid_terrace,1952,pre1970,84.2,23.8,small,Limerick,F/G,Retrofitted,10.56,"External Wall - 0.27, Roof - 0.21, Ground Floor - 0.25, Windows - 1.20",gas_boiler,gas,none,0,0,0,instant_gas,immersion,0,0,0,3,private,high
D0537,UoG_like,SD7,0.052,IERC,semi_detached,1979,1970s_1980s,153.5,35.2,large,Other,D/E,Retrofitted,4.34,"External Wall - 0.27, Roof - 0.21, Ground Floor - 0.25, Windows - 1.20",gas_boiler,gas,electric_heater,1,1,0,instant_gas,none,0,0,1,2,private,low
D0538,UoG_like,SD5,0.018,Other,detached,2005,1990s_2000s,169.8,25.6,large,Limerick,D/E,Requiring Retrofit,2.61,"External Wall - 0.39, Roof - 0.28, Ground Floor - 0.45, Windows - 1.60",heat_pump,electric,none,0,0,1,gas_boiler,none,0,0,1,2,private,high
D0539,UoG_like,SD1,0.018,IERC,detached,1955,pre1970,177,41.8,large,Dublin,A/B,Partially Retrofitted,10.5,"External Wall - 0.39, Roof - 0.28, Ground Floor - 0.45, Windows - 1.60",heat_pump,electric,stove,1,1,1,gas_boiler,none,0,0,1,1,social,medium
D0540,ESC_like,SD20,0.114,IERC,end_terrace,1992,1990s_2000s,106.3,32.5,medium,Dublin,F/G,Requiring Retrofit,8.45,"External Wall - 0.39, Roof - 0.28, Ground Floor - 0.45, Windows - 1.60",oil_boiler,oil,stove,1,1,0,direct_electric,immersion,0,0,0,1,private,low
D0541,ESC_like,SD4,0.067,DCSix,end_terrace,2008,1990s_2000s,94.7,33.7,medium,Galway,C,Requiring Retrofit,2.11,"External Wall - 0.39, Roof - 0.28, Ground Floor - 0.45, Windows - 1.60",heat_pump,electric,none,0,0,1,heat_pump_cylinder,none,1500,1,0,1,social,medium
D0542,ESC_like,SD14,0.107,DCSix,mid_terrace,1962,pre1970,103.5,39.1,medium,Cork,F/G,Requiring Retrofit,13.55,"External Wall - 1.54, Roof - 0.71, Ground Floor - 0.70, Windows - 2.80",gas_boiler,gas,electric_heater,1,1,0,oil_boiler,immersion,0,0,1,1,private,medium
D0543,UoG_like,SD19,0.116,DCSix,detached,1994,1990s_2000s,190.3,38.2,large,Dublin,D/E,Partially Retrofitted,5.46,"External Wall - 0.39, Roof - 0.28, Ground Floor - 0.45, Windows - 1.60",heat_pump,electric,electric_heater,1,1,1,oil_boiler,none,0,0,0,5,private,medium
D0544,UoG_like,SD4,0.095,IERC,mid_terrace,1982,1970s_1980s,89.7,40.5,small,Cork,F/G,Retrofitted,4.64,"External Wall - 0.27, Roof - 0.21, Ground Floor - 0.25, Windows - 1.20",heat_pump,electric,none,0,0,1,gas_boiler,none,0,0,0,4,private,high
D0545,ESC_like,SD2,0.023,DCSix,detached,1948,pre1970,121.4,33.9,medium,Galway,D/E,Partially Retrofitted,7.28,"External Wall - 0.39, Roof - 0.28, Ground Floor - 0.45, Windows - 1.60",oil_boiler,oil,electric_heater,1,1,0,oil_boiler,immersion,0,0,0,1,private,medium
D0546,Archetype_only,SD4,0.082,DCSix,apartment_duplex,1990,1990s_2000s,67.2,39.2,small,Cork,C,Partially Retrofitted,4.23,"External Wall - 0.39, Roof - 0.28, Ground Floor - 0.45, Windows - 1.60",oil_boiler,oil,none,0,0,0,gas_boiler,immersion,1500,1,1,3,private,medium
D0547,UoG_like,SD15,0.055,Other,apartment_duplex,1991,1990s_2000s,88.1,36.3,small,Dublin,A/B,Retrofitted,1.89,"External Wall - 0.27, Roof - 0.21, Ground Floor - 0.25, Windows - 1.20",gas_boiler,gas,none,0,0,0,instant_gas,none,1500,1,0,2,social,medium
D0548,ESC_like,SD11,0.096,DCSix,detached,1995,1990s_2000s,140.4,32.7,large,Galway,D/E,Retrofitted,4.94,"External Wall - 0.27, Roof - 0.21, Ground Floor - 0.25, Windows - 1.20",gas_boiler,gas,stove,1,1,0,instant_gas,immersion,0,0,0,2,private,low
D0549,ESC_like,SD4,0.046,IERC,semi_detached,2019,post2010,129.4,36.1,medium,Dublin,C,Retrofitted,2.78,"External Wall - 0.27, Roof - 0.21, Ground Floor - 0.25, Windows - 1.20",heat_pump,electric,stove,1,3,1,gas_boiler,none,1941,1,0,2,private,low
D0550,UoG_like,SD8,0.022,DCSix,apartment_duplex,1988,1970s_1980s,88.1,34.7,small,Cork,F/G,Requiring Retrofit,4.31,"External Wall - 1.54, Roof - 0.71, Ground Floor - 0.70, Windows - 2.80",oil_boiler,oil,open_fire,1,1,0,gas_boiler,none,1500,1,1,4,private,medium
D0551,ESC_like,SD19,0.087,Other,semi_detached,2003,1990s_2000s,130.7,37.1,medium,Other,C,Requiring Retrofit,9.05,"External Wall - 0.39, Roof - 0.28, Ground Floor - 0.45, Windows - 1.60",oil_boiler,oil,none,0,0,0,instant_gas,immersion,1960.5,1,1,1,social,medium
D0552,ESC_like,SD8,0.033,DCSix,semi_detached,1983,1970s_1980s,129.5,24,medium,Limerick,D/E,Partially Retrofitted,3.36,"External Wall - 0.39, Roof - 0.28, Ground Floor - 0.45, Windows - 1.60",heat_pump,electric,none,0,0,1,oil_boiler,none,0,0,1,2,private,low
D0553,UoG_like,SD10,0.042,IERC,detached,2021,post2010,147.1,37.5,large,Galway,A/B,Retrofitted,2.39,"External Wall - 0.27, Roof - 0.21, Ground Floor - 0.25, Windows - 1.20",oil_boiler,oil,none,0,0,0,oil_boiler,none,0,0,0,5,private,high
D0554,UoG_like,SD15,0.006,DCSix,end_terrace,2006,1990s_2000s,75.8,26.3,small,Dublin,F/G,Requiring Retrofit,3.31,"External Wall - 0.39, Roof - 0.28, Ground Floor - 0.45, Windows - 1.60",heat_pump,electric,none,0,0,1,gas_boiler,none,0,0,1,5,private,medium
D0555,UoG_like,SD16,0.107,DCSix,semi_detached,1982,1970s_1980s,111.2,41.5,medium,Cork,F/G,Requiring Retrofit,7.51,"External Wall - 1.54, Roof - 0.71, Ground Floor - 0.70, Windows - 2.80",gas_boiler,gas,electric_heater,1,1,0,direct_electric,solar_thermal,889,0,0,5,private,medium
D0556,ESC_like,SD8,0.12,IERC,mid_terrace,1975,1970s_1980s,106.2,30.3,medium,Cork,F/G,Partially Retrofitted,9.71,"External Wall - 0.39, Roof - 0.28, Ground Floor - 0.45, Windows - 1.60",oil_boiler,oil,open_fire,1,1,0,oil_boiler,immersion,0,0,1,4,social,medium
D0557,ESC_like,SD17,0.076,Other,semi_detached,2018,post2010,70.8,32.9,small,Dublin,A/B,Retrofitted,1.97,"External Wall - 0.27, Roof - 0.21, Ground Floor - 0.25, Windows - 1.20",heat_pump,electric,open_fire,1,1,1,gas_boiler,none,0,0,0,3,social,medium
D0558,UoG_like,SD11,0.067,DCSix,detached,2017,post2010,170.6,37.8,large,Cork,F/G,Requiring Retrofit,1,"External Wall - 0.27, Roof - 0.21, Ground Floor - 0.25, Windows - 1.20",heat_pump,electric,stove,1,1,1,oil_boiler,none,0,0,1,2,social,high
D0559,ESC_like,SD19,0.032,IERC,end_terrace,1960,pre1970,108.3,36.8,medium,Dublin,F/G,Requiring Retrofit,9.81,"External Wall - 1.54, Roof - 0.71, Ground Floor - 0.70, Windows - 2.80",heat_pump,electric,open_fire,1,1,1,gas_boiler,immersion,0,0,0,3,private,low
D0560,UoG_like,SD13,0.117,DCSix,detached,1957,pre1970,52.8,46.2,small,Cork,C,Partially Retrofitted,8.21,"External Wall - 0.39, Roof - 0.28, Ground Floor - 0.45, Windows - 1.60",heat_pump,electric,stove,1,1,1,heat_pump_cylinder,none,0,0,0,2,private,high
D0561,UoG_like,SD18,0.032,IERC,semi_detached,1987,1970s_1980s,104.6,34.1,medium,Cork,C,Requiring Retrofit,10.32,"External Wall - 1.54, Roof - 0.71, Ground Floor - 0.70, Windows - 2.80",heat_pump,electric,none,0,0,1,direct_electric,none,1569,1,0,4,private,low
D0562,ESC_like,SD2,0.02,IERC,mid_terrace,1963,pre1970,106.1,37.6,medium,Limerick,C,Retrofitted,5.21,"External Wall - 0.27, Roof - 0.21, Ground Floor - 0.25, Windows - 1.20",heat_pump,electric,open_fire,1,3,1,oil_boiler,none,0,0,1,3,private,medium
D0563,ESC_like,SD18,0.088,IERC,detached,1987,1970s_1980s,192,30.4,large,Other,F/G,Requiring Retrofit,4.97,"External Wall - 1.54, Roof - 0.71, Ground Floor - 0.70, Windows - 2.80",heat_pump,electric,none,0,0,1,gas_boiler,immersion,0,0,0,2,private,medium
D0564,ESC_like,SD19,0.073,IERC,end_terrace,1982,1970s_1980s,105,49.8,medium,Other,F/G,Requiring Retrofit,7.55,"External Wall - 1.54, Roof - 0.71, Ground Floor - 0.70, Windows - 2.80",heat_pump,electric,none,0,0,1,gas_boiler,none,0,0,0,4,private,medium
D0565,ESC_like,SD3,0.109,DCSix,semi_detached,1990,1990s_2000s,53.7,37.3,small,Cork,C,Requiring Retrofit,8.17,"External Wall - 0.39, Roof - 0.28, Ground Floor - 0.45, Windows - 1.60",gas_boiler,gas,none,0,0,0,gas_boiler,none,0,0,0,3,private,low
D0566,ESC_like,SD12,0.119,DCSix,detached,2014,post2010,145.1,36.5,large,Dublin,C,Requiring Retrofit,4.12,"External Wall - 0.27, Roof - 0.21, Ground Floor - 0.25, Windows - 1.20",gas_boiler,gas,none,0,0,0,gas_boiler,immersion,0,0,0,5,private,medium
D0567,UoG_like,SD14,0.064,DCSix,end_terrace,1970,1970s_1980s,61.6,43.9,small,Dublin,F/G,Requiring Retrofit,8.91,"External Wall - 1.54, Roof - 0.71, Ground Floor - 0.70, Windows - 2.80",oil_boiler,oil,open_fire,1,3,0,oil_boiler,immersion,0,0,0,1,social,medium
D0568,UoG_like,SD9,0.053,Other,apartment_duplex,2013,post2010,74,32.9,small,Galway,C,Requiring Retrofit,3.12,"External Wall - 0.27, Roof - 0.21, Ground Floor - 0.25, Windows - 1.20",heat_pump,electric,none,0,0,1,oil_boiler,immersion,1500,1,0,2,private,low
D0569,UoG_like,SD15,0.098,DCSix,semi_detached,1988,1970s_1980s,144.1,43,large,Other,C,Requiring Retrofit,8.78,"External Wall - 1.54, Roof - 0.71, Ground Floor - 0.70, Windows - 2.80",oil_boiler,oil,none,0,0,0,oil_boiler,none,0,0,0,3,private,medium
D0570,ESC_like,SD11,0.053,Other,semi_detached,2014,post2010,100.6,28.1,medium,Limerick,D/E,Partially Retrofitted,2.34,"External Wall - 0.27, Roof - 0.21, Ground Floor - 0.25, Windows - 1.20",oil_boiler,oil,electric_heater,1,1,0,direct_electric,solar_thermal,806,0,0,1,private,low
D0571,ESC_like,SD11,0.08,DCSix,apartment_duplex,1997,1990s_2000s,68.2,33.8,small,Limerick,F/G,Requiring Retrofit,8.43,"External Wall - 0.39, Roof - 0.28, Ground Floor - 0.45, Windows - 1.60",heat_pump,electric,none,0,0,1,direct_electric,solar_thermal,2240,1,0,5,private,medium
D0572,UoG_like,SD15,0.117,DCSix,apartment_duplex,1998,1990s_2000s,70.8,27.6,small,Dublin,F/G,Partially Retrofitted,5.55,"External Wall - 0.39, Roof - 0.28, Ground Floor - 0.45, Windows - 1.60",heat_pump,electric,none,0,0,1,instant_gas,immersion,0,0,1,5,private,medium
D0573,Archetype_only,SD2,0.008,DCSix,end_terrace,2013,post2010,101.7,35.7,medium,Limerick,C,Requiring Retrofit,2.05,"External Wall - 0.27, Roof - 0.21, Ground Floor - 0.25, Windows - 1.20",gas_boiler,gas,none,0,0,0,heat_pump_cylinder,immersion,0,0,0,5,private,medium
D0574,ESC_like,SD17,0.102,IERC,apartment_duplex,1966,pre1970,71.3,35.9,small,Other,D/E,Requiring Retrofit,4.87,"External Wall - 1.54, Roof - 0.71, Ground Floor - 0.70, Windows - 2.80",gas_boiler,gas,stove,1,1,0,gas_boiler,none,0,0,1,5,private,low
D0575,UoG_like,SD18,0.026,Other,detached,1970,1970s_1980s,153,34.2,large,Other,F/G,Retrofitted,7.91,"External Wall - 0.27, Roof - 0.21, Ground Floor - 0.25, Windows - 1.20",gas_boiler,gas,stove,1,4,0,oil_boiler,none,0,0,1,5,private,medium
D0576,ESC_like,SD11,0.005,Other,semi_detached,1977,1970s_1980s,125.8,28,medium,Other,F/G,Partially Retrofitted,7.34,"External Wall - 0.39, Roof - 0.28, Ground Floor - 0.45, Windows - 1.60",heat_pump,electric,none,0,0,1,heat_pump_cylinder,immersion,0,0,0,3,social,low
D0577,Archetype_only,SD10,0.089,IERC,detached,1952,pre1970,185.1,29.5,large,Cork,C,Retrofitted,9.67,"External Wall - 0.27, Roof - 0.21, Ground Floor - 0.25, Windows - 1.20",gas_boiler,gas,none,0,0,0,direct_electric,none,0,0,0,1,private,low
D0578,UoG_like,SD20,0.075,IERC,semi_detached,1942,pre1970,142.2,30.7,large,Cork,F/G,Retrofitted,9.16,"External Wall - 0.27, Roof - 0.21, Ground Floor - 0.25, Windows - 1.20",gas_boiler,gas,stove,1,1,0,gas_boiler,none,0,0,0,4,private,low
D0579,UoG_like,SD6,0.094,DCSix,apartment_duplex,1982,1970s_1980s,95.6,37.9,medium,Cork,D/E,Requiring Retrofit,7.29,"External Wall - 1.54, Roof - 0.71, Ground Floor - 0.70, Windows - 2.80",heat_pump,electric,open_fire,1,1,1,oil_boiler,immersion,0,0,0,1,social,high
D0580,ESC_like,SD1,0.041,DCSix,end_terrace,1960,pre1970,94.7,32.1,medium,Dublin,D/E,Retrofitted,6.64,"External Wall - 0.27, Roof - 0.21, Ground Floor - 0.25, Windows - 1.20",heat_pump,electric,none,0,0,1,oil_boiler,none,0,0,0,1,social,low
D0581,UoG_like,SD3,0.117,DCSix,semi_detached,1974,1970s_1980s,137.3,43.3,medium,Other,C,Requiring Retrofit,16.01,"External Wall - 1.54, Roof - 0.71, Ground Floor - 0.70, Windows - 2.80",gas_boiler,gas,electric_heater,1,1,0,gas_boiler,immersion,0,0,0,1,private,low
D0582,UoG_like,SD20,0.105,DCSix,apartment_duplex,1996,1990s_2000s,65.5,35.8,small,Cork,C,Partially Retrofitted,3.3,"External Wall - 0.39, Roof - 0.28, Ground Floor - 0.45, Windows - 1.60",heat_pump,electric,electric_heater,1,1,1,oil_boiler,solar_thermal,2233,1,0,1,private,low
D0583,Archetype_only,SD6,0.068,DCSix,semi_detached,1946,pre1970,126,24.7,medium,Other,F/G,Requiring Retrofit,4.96,"External Wall - 1.54, Roof - 0.71, Ground Floor - 0.70, Windows - 2.80",gas_boiler,gas,stove,1,1,0,oil_boiler,none,0,0,0,4,private,high
D0584,UoG_like,SD14,0.119,DCSix,semi_detached,2007,1990s_2000s,95,38.3,medium,Other,F/G,Partially Retrofitted,1.37,"External Wall - 0.39, Roof - 0.28, Ground Floor - 0.45, Windows - 1.60",gas_boiler,gas,stove,1,1,0,heat_pump_cylinder,none,0,0,1,5,social,high
D0585,UoG_like,SD4,0.042,IERC,semi_detached,1967,pre1970,138.6,42.4,medium,Cork,F/G,Requiring Retrofit,9.35,"External Wall - 1.54, Roof - 0.71, Ground Floor - 0.70, Windows - 2.80",heat_pump,electric,open_fire,1,1,1,instant_gas,none,0,0,1,2,private,medium
D0586,UoG_like,SD4,0.079,Other,apartment_duplex,1976,1970s_1980s,49.2,36.7,small,Other,C,Retrofitted,7.58,"External Wall - 0.27, Roof - 0.21, Ground Floor - 0.25, Windows - 1.20",oil_boiler,oil,none,0,0,0,gas_boiler,none,0,0,1,5,social,medium
D0587,UoG_like,SD11,0.067,DCSix,detached,2013,post2010,133.2,42.6,medium,Other,C,Partially Retrofitted,1.75,"External Wall - 0.27, Roof - 0.21, Ground Floor - 0.25, Windows - 1.20",heat_pump,electric,none,0,0,1,gas_boiler,immersion,0,0,1,2,social,high
D0588,UoG_like,SD17,0.081,Other,mid_terrace,1947,pre1970,70,37.8,small,Limerick,F/G,Requiring Retrofit,12.93,"External Wall - 1.54, Roof - 0.71, Ground Floor - 0.70, Windows - 2.80",heat_pump,electric,open_fire,1,1,1,heat_pump_cylinder,immersion,0,0,0,4,private,medium
D0589,Archetype_only,SD9,0.103,Other,detached,1978,1970s_1980s,126.5,37.5,medium,Galway,F/G,Partially Retrofitted,6.63,"External Wall - 0.39, Roof - 0.28, Ground Floor - 0.45, Windows - 1.60",heat_pump,electric,none,0,0,1,heat_pump_cylinder,none,1897.5,1,1,4,private,medium
D0590,UoG_like,SD12,0.081,DCSix,apartment_duplex,1981,1970s_1980s,52,39.3,small,Dublin,F/G,Requiring Retrofit,4.26,"External Wall - 1.54, Roof - 0.71, Ground Floor - 0.70, Windows - 2.80",heat_pump,electric,electric_heater,1,1,1,instant_gas,immersion,1500,1,1,2,private,medium
D0591,Archetype_only,SD6,0.036,IERC,semi_detached,1986,1970s_1980s,104.9,29.2,medium,Galway,D/E,Retrofitted,4.94,"External Wall - 0.27, Roof - 0.21, Ground Floor - 0.25, Windows - 1.20",heat_pump,electric,open_fire,1,1,1,gas_boiler,immersion,0,0,0,5,social,medium
D0592,UoG_like,SD12,0.02,DCSix,apartment_duplex,1977,1970s_1980s,62,35.7,small,Other,F/G,Requiring Retrofit,8.33,"External Wall - 1.54, Roof - 0.71, Ground Floor - 0.70, Windows - 2.80",heat_pump,electric,none,0,0,1,gas_boiler,none,0,0,1,3,social,medium
D0593,UoG_like,SD6,0.077,DCSix,detached,1958,pre1970,116.6,41.2,medium,Dublin,D/E,Requiring Retrofit,16.11,"External Wall - 1.54, Roof - 0.71, Ground Floor - 0.70, Windows - 2.80",heat_pump,electric,stove,1,1,1,oil_boiler,none,1749,1,0,5,private,low
D0594,UoG_like,SD7,0.091,DCSix,semi_detached,1995,1990s_2000s,99.4,29.1,medium,Galway,D/E,Requiring Retrofit,6.15,"External Wall - 0.39, Roof - 0.28, Ground Floor - 0.45, Windows - 1.60",gas_boiler,gas,stove,1,3,0,gas_boiler,none,0,0,0,1,private,high
D0595,ESC_like,SD13,0.016,IERC,semi_detached,1959,pre1970,111.6,38.5,medium,Dublin,F/G,Partially Retrofitted,8.16,"External Wall - 0.39, Roof - 0.28, Ground Floor - 0.45, Windows - 1.60",heat_pump,electric,none,0,0,1,gas_boiler,immersion,0,0,0,1,social,high
D0596,UoG_like,SD12,0.033,DCSix,detached,1999,1990s_2000s,169.9,36.5,large,Cork,D/E,Retrofitted,7.65,"External Wall - 0.27, Roof - 0.21, Ground Floor - 0.25, Windows - 1.20",gas_boiler,gas,none,0,0,0,oil_boiler,none,0,0,0,4,private,low
D0597,ESC_like,SD13,0.043,DCSix,apartment_duplex,2008,1990s_2000s,56.2,38.6,small,Galway,D/E,Retrofitted,3.42,"External Wall - 0.27, Roof - 0.21, Ground Floor - 0.25, Windows - 1.20",gas_boiler,gas,none,0,0,0,gas_boiler,immersion,0,0,0,5,private,low
D0598,ESC_like,SD13,0.093,Other,apartment_duplex,1998,1990s_2000s,71.2,41.2,small,Cork,C,Retrofitted,6.66,"External Wall - 0.27, Roof - 0.21, Ground Floor - 0.25, Windows - 1.20",heat_pump,electric,electric_heater,1,1,1,oil_boiler,none,0,0,0,1,social,medium
D0599,ESC_like,SD15,0.095,IERC,end_terrace,1950,pre1970,99.1,30.7,medium,Cork,D/E,Requiring Retrofit,8.57,"External Wall - 1.54, Roof - 0.71, Ground Floor - 0.70, Windows - 2.80",gas_boiler,gas,none,0,0,0,instant_gas,none,0,0,1,1,private,low
D0600,Archetype_only,SD2,0.011,IERC,semi_detached,1984,1970s_1980s,106.9,31.2,medium,Galway,D/E,Retrofitted,6.53,"External Wall - 0.27, Roof - 0.21, Ground Floor - 0.25, Windows - 1.20",gas_boiler,gas,open_fire,1,1,0,oil_boiler,immersion,0,0,0,5,private,low
D0601,ESC_like,SD15,0.038,Other,mid_terrace,1955,pre1970,95.7,33.2,medium,Galway,F/G,Partially Retrofitted,5.12,"External Wall - 0.39, Roof - 0.28, Ground Floor - 0.45, Windows - 1.60",heat_pump,electric,none,0,0,1,heat_pump_cylinder,none,1500,1,0,5,private,medium
D0602,Archetype_only,SD8,0.058,DCSix,semi_detached,1959,pre1970,113.1,36.7,medium,Cork,C,Retrofitted,7.81,"External Wall - 0.27, Roof - 0.21, Ground Floor - 0.25, Windows - 1.20",heat_pump,electric,none,0,0,1,oil_boiler,none,1696.5,1,0,3,private,high
D0603,ESC_like,SD16,0.111,DCSix,semi_detached,1944,pre1970,111,39.8,medium,Cork,D/E,Partially Retrofitted,7.27,"External Wall - 0.39, Roof - 0.28, Ground Floor - 0.45, Windows - 1.60",heat_pump,electric,electric_heater,1,1,1,direct_electric,none,1665,1,0,4,private,medium
D0604,Archetype_only,SD9,0.034,IERC,mid_terrace,1985,1970s_1980s,56.9,41.8,small,Limerick,C,Requiring Retrofit,10.08,"External Wall - 1.54, Roof - 0.71, Ground Floor - 0.70, Windows - 2.80",gas_boiler,gas,stove,1,4,0,gas_boiler,none,0,0,1,2,private,low
D0605,UoG_like,SD6,0.081,IERC,detached,1992,1990s_2000s,182.2,34.4,large,Dublin,D/E,Retrofitted,4.3,"External Wall - 0.27, Roof - 0.21, Ground Floor - 0.25, Windows - 1.20",heat_pump,electric,stove,1,1,1,heat_pump_cylinder,immersion,2733,1,1,4,social,medium
D0606,UoG_like,SD11,0.032,Other,detached,2013,post2010,169,27.7,large,Limerick,F/G,Requiring Retrofit,2.2,"External Wall - 0.27, Roof - 0.21, Ground Floor - 0.25, Windows - 1.20",heat_pump,electric,stove,1,1,1,oil_boiler,immersion,0,0,0,5,social,low
D0607,ESC_like,SD1,0.054,DCSix,mid_terrace,1998,1990s_2000s,98.7,40.7,medium,Cork,D/E,Partially Retrofitted,6.83,"External Wall - 0.39, Roof - 0.28, Ground Floor - 0.45, Windows - 1.60",gas_boiler,gas,open_fire,1,1,0,direct_electric,none,0,0,0,2,private,medium
D0608,UoG_like,SD2,0.03,DCSix,detached,2007,1990s_2000s,166.5,38.2,large,Other,A/B,Retrofitted,1,"External Wall - 0.27, Roof - 0.21, Ground Floor - 0.25, Windows - 1.20",gas_boiler,gas,stove,1,1,0,gas_boiler,immersion,0,0,0,1,social,medium
D0609,UoG_like,SD1,0.028,IERC,mid_terrace,2014,post2010,104.3,41,medium,Dublin,A/B,Requiring Retrofit,1,"External Wall - 0.27, Roof - 0.21, Ground Floor - 0.25, Windows - 1.20",heat_pump,electric,none,0,0,1,oil_boiler,none,1564.5,1,0,3,private,high
D0610,ESC_like,SD2,0.039,DCSix,apartment_duplex,2005,1990s_2000s,87.3,38,small,Other,A/B,Requiring Retrofit,4.2,"External Wall - 0.39, Roof - 0.28, Ground Floor - 0.45, Windows - 1.60",gas_boiler,gas,none,0,0,0,heat_pump_cylinder,none,0,0,1,4,private,medium
D0611,UoG_like,SD18,0.067,DCSix,apartment_duplex,1999,1990s_2000s,61.5,35.8,small,Other,F/G,Retrofitted,3.96,"External Wall - 0.27, Roof - 0.21, Ground Floor - 0.25, Windows - 1.20",heat_pump,electric,stove,1,1,1,gas_boiler,none,1500,1,0,4,social,medium
D0612,ESC_like,SD5,0.06,DCSix,semi_detached,1965,pre1970,107.7,36.7,medium,Cork,F/G,Retrofitted,12.56,"External Wall - 0.27, Roof - 0.21, Ground Floor - 0.25, Windows - 1.20",heat_pump,electric,open_fire,1,1,1,gas_boiler,immersion,0,0,1,5,social,low
D0613,UoG_like,SD5,0.009,DCSix,mid_terrace,1988,1970s_1980s,69.6,41.9,small,Cork,D/E,Requiring Retrofit,3.38,"External Wall - 1.54, Roof - 0.71, Ground Floor - 0.70, Windows - 2.80",oil_boiler,oil,none,0,0,0,oil_boiler,none,0,0,1,2,private,medium
D0614,UoG_like,SD4,0.019,DCSix,detached,1977,1970s_1980s,175.7,37.8,large,Cork,C,Requiring Retrofit,6.6,"External Wall - 1.54, Roof - 0.71, Ground Floor - 0.70, Windows - 2.80",gas_boiler,gas,none,0,0,0,instant_gas,none,2635.5,1,1,4,social,low
D0615,ESC_like,SD3,0.08,DCSix,semi_detached,1940,pre1970,86.4,32.1,small,Other,F/G,Requiring Retrofit,9.8,"External Wall - 1.54, Roof - 0.71, Ground Floor - 0.70, Windows - 2.80",heat_pump,electric,none,0,0,1,oil_boiler,solar_thermal,833,0,0,3,social,high
D0616,ESC_like,SD10,0.022,DCSix,end_terrace,1952,pre1970,127,45,medium,Dublin,C,Partially Retrofitted,10.75,"External Wall - 0.39, Roof - 0.28, Ground Floor - 0.45, Windows - 1.60",heat_pump,electric,none,0,0,1,oil_boiler,none,0,0,1,3,private,low
D0617,ESC_like,SD3,0.069,Other,semi_detached,1954,pre1970,136.1,38.6,medium,Other,F/G,Requiring Retrofit,5.78,"External Wall - 1.54, Roof - 0.71, Ground Floor - 0.70, Windows - 2.80",heat_pump,electric,none,0,0,1,heat_pump_cylinder,none,0,0,0,5,private,medium
D0618,ESC_like,SD5,0.052,Other,detached,1967,pre1970,135.7,38.5,medium,Dublin,F/G,Retrofitted,11.24,"External Wall - 0.27, Roof - 0.21, Ground Floor - 0.25, Windows - 1.20",heat_pump,electric,electric_heater,1,1,1,oil_boiler,none,0,0,1,1,private,medium
D0619,Archetype_only,SD13,0.12,DCSix,detached,1954,pre1970,203.8,26.2,large,Dublin,D/E,Partially Retrofitted,5.47,"External Wall - 0.39, Roof - 0.28, Ground Floor - 0.45, Windows - 1.60",gas_boiler,gas,open_fire,1,1,0,direct_electric,none,0,0,0,2,social,medium
D0620,ESC_like,SD7,0.078,DCSix,apartment_duplex,2015,post2010,77.1,32.2,small,Other,F/G,Requiring Retrofit,4.45,"External Wall - 0.27, Roof - 0.21, Ground Floor - 0.25, Windows - 1.20",gas_boiler,gas,none,0,0,0,gas_boiler,none,0,0,1,2,private,low
D0621,ESC_like,SD19,0.046,IERC,semi_detached,1955,pre1970,134.9,25.1,medium,Galway,F/G,Requiring Retrofit,8.44,"External Wall - 1.54, Roof - 0.71, Ground Floor - 0.70, Windows - 2.80",heat_pump,electric,none,0,0,1,direct_electric,immersion,0,0,0,3,private,medium
D0622,Archetype_only,SD4,0.053,DCSix,apartment_duplex,1986,1970s_1980s,92.9,27.5,medium,Dublin,F/G,Requiring Retrofit,8,"External Wall - 1.54, Roof - 0.71, Ground Floor - 0.70, Windows - 2.80",gas_boiler,gas,open_fire,1,1,0,gas_boiler,none,0,0,1,2,social,high
D0623,Archetype_only,SD8,0.065,IERC,detached,1978,1970s_1980s,211.1,28.5,large,Dublin,D/E,Requiring Retrofit,9.65,"External Wall - 1.54, Roof - 0.71, Ground Floor - 0.70, Windows - 2.80",heat_pump,electric,stove,1,1,1,gas_boiler,none,0,0,1,3,social,high
D0624,UoG_like,SD18,0.054,DCSix,apartment_duplex,1943,pre1970,74.8,34.1,small,Galway,A/B,Retrofitted,4.72,"External Wall - 0.27, Roof - 0.21, Ground Floor - 0.25, Windows - 1.20",heat_pump,electric,open_fire,1,1,1,heat_pump_cylinder,none,0,0,0,2,private,low
D0625,UoG_like,SD12,0.106,DCSix,semi_detached,1956,pre1970,124.7,35.3,medium,Dublin,D/E,Requiring Retrofit,7.04,"External Wall - 1.54, Roof - 0.71, Ground Floor - 0.70, Windows - 2.80",heat_pump,electric,electric_heater,1,1,1,heat_pump_cylinder,solar_thermal,2552.5,1,0,5,social,medium
D0626,Archetype_only,SD19,0.007,DCSix,semi_detached,1983,1970s_1980s,97.8,38.4,medium,Dublin,F/G,Retrofitted,5.91,"External Wall - 0.27, Roof - 0.21, Ground Floor - 0.25, Windows - 1.20",heat_pump,electric,none,0,0,1,gas_boiler,none,0,0,0,5,private,low
D0627,Archetype_only,SD19,0.1,DCSix,semi_detached,2001,1990s_2000s,106.4,40.3,medium,Other,C,Partially Retrofitted,8.35,"External Wall - 0.39, Roof - 0.28, Ground Floor - 0.45, Windows - 1.60",heat_pump,electric,stove,1,1,1,oil_boiler,none,1596,1,1,1,private,medium
D0628,ESC_like,SD17,0.065,DCSix,end_terrace,2008,1990s_2000s,70.8,37.4,small,Dublin,C,Retrofitted,2.13,"External Wall - 0.27, Roof - 0.21, Ground Floor - 0.25, Windows - 1.20",heat_pump,electric,none,0,0,1,gas_boiler,none,0,0,0,3,private,medium
D0629,ESC_like,SD4,0.024,DCSix,semi_detached,1986,1970s_1980s,131.4,43,medium,Dublin,D/E,Partially Retrofitted,5.1,"External Wall - 0.39, Roof - 0.28, Ground Floor - 0.45, Windows - 1.60",heat_pump,electric,electric_heater,1,1,1,instant_gas,immersion,0,0,1,5,social,low
D0630,Archetype_only,SD8,0.09,DCSix,mid_terrace,1956,pre1970,61,45.3,small,Dublin,D/E,Retrofitted,9.09,"External Wall - 0.27, Roof - 0.21, Ground Floor - 0.25, Windows - 1.20",heat_pump,electric,none,0,0,1,instant_gas,none,0,0,0,2,private,medium
D0631,ESC_like,SD2,0.116,Other,detached,2010,post2010,213.5,35.4,large,Galway,D/E,Requiring Retrofit,5.42,"External Wall - 0.27, Roof - 0.21, Ground Floor - 0.25, Windows - 1.20",heat_pump,electric,open_fire,1,1,1,gas_boiler,none,0,0,1,2,private,high
D0632,UoG_like,SD2,0.092,IERC,detached,1969,pre1970,137.1,32.1,medium,Galway,F/G,Requiring Retrofit,6.75,"External Wall - 1.54, Roof - 0.71, Ground Floor - 0.70, Windows - 2.80",heat_pump,electric,none,0,0,1,gas_boiler,none,0,0,0,3,private,low
D0633,UoG_like,SD8,0.018,DCSix,detached,1977,1970s_1980s,166.8,33,large,Limerick,C,Retrofitted,9.69,"External Wall - 0.27, Roof - 0.21, Ground Floor - 0.25, Windows - 1.20",oil_boiler,oil,open_fire,1,1,0,gas_boiler,solar_thermal,670,0,1,2,social,medium
D0634,UoG_like,SD19,0.008,DCSix,mid_terrace,1990,1990s_2000s,117.9,29.2,medium,Cork,D/E,Partially Retrofitted,3.69,"External Wall - 0.39, Roof - 0.28, Ground Floor - 0.45, Windows - 1.60",heat_pump,electric,none,0,0,1,oil_boiler,none,0,0,0,3,social,low
D0635,ESC_like,SD13,0.098,DCSix,end_terrace,1974,1970s_1980s,94.1,30.8,medium,Galway,F/G,Retrofitted,8.54,"External Wall - 0.27, Roof - 0.21, Ground Floor - 0.25, Windows - 1.20",heat_pump,electric,none,0,0,1,instant_gas,immersion,0,0,1,2,private,high
D0636,ESC_like,SD8,0.107,DCSix,detached,1961,pre1970,133.6,32.7,medium,Cork,F/G,Requiring Retrofit,11.52,"External Wall - 1.54, Roof - 0.71, Ground Floor - 0.70, Windows - 2.80",heat_pump,electric,none,0,0,1,direct_electric,none,0,0,0,5,social,low
D0637,UoG_like,SD6,0.06,IERC,end_terrace,1990,1990s_2000s,99.4,42.2,medium,Dublin,A/B,Partially Retrofitted,6.78,"External Wall - 0.39, Roof - 0.28, Ground Floor - 0.45, Windows - 1.60",gas_boiler,gas,open_fire,1,1,0,oil_boiler,none,0,0,0,2,private,medium
D0638,Archetype_only,SD8,0.109,Other,detached,2009,1990s_2000s,83.2,33.4,small,Other,A/B,Retrofitted,1,"External Wall - 0.27, Roof - 0.21, Ground Floor - 0.25, Windows - 1.20",heat_pump,electric,stove,1,1,1,direct_electric,none,0,0,0,5,private,medium
D0639,Archetype_only,SD11,0.093,DCSix,semi_detached,1954,pre1970,79.8,30.4,small,Dublin,D/E,Retrofitted,4.8,"External Wall - 0.27, Roof - 0.21, Ground Floor - 0.25, Windows - 1.20",gas_boiler,gas,none,0,0,0,instant_gas,none,0,0,1,1,social,medium
D0640,UoG_like,SD6,0.026,DCSix,mid_terrace,1977,1970s_1980s,87,36,small,Other,F/G,Requiring Retrofit,6.42,"External Wall - 1.54, Roof - 0.71, Ground Floor - 0.70, Windows - 2.80",heat_pump,electric,stove,1,1,1,instant_gas,none,0,0,0,3,private,high
D0641,ESC_like,SD10,0.051,IERC,mid_terrace,1995,1990s_2000s,93.9,32.8,medium,Galway,F/G,Retrofitted,7.22,"External Wall - 0.27, Roof - 0.21, Ground Floor - 0.25, Windows - 1.20",gas_boiler,gas,none,0,0,0,oil_boiler,immersion,1500,1,0,4,private,medium
D0642,ESC_like,SD10,0.027,DCSix,detached,1948,pre1970,112.7,31,medium,Dublin,F/G,Requiring Retrofit,10.7,"External Wall - 1.54, Roof - 0.71, Ground Floor - 0.70, Windows - 2.80",gas_boiler,gas,none,0,0,0,oil_boiler,none,0,0,1,5,social,low
D0643,ESC_like,SD9,0.007,IERC,apartment_duplex,2006,1990s_2000s,69.1,35.2,small,Limerick,A/B,Requiring Retrofit,5.25,"External Wall - 0.39, Roof - 0.28, Ground Floor - 0.45, Windows - 1.60",heat_pump,electric,open_fire,1,1,1,direct_electric,solar_thermal,802,0,0,3,private,low
D0644,UoG_like,SD9,0.058,IERC,semi_detached,1973,1970s_1980s,131.8,41.3,medium,Cork,D/E,Requiring Retrofit,8.11,"External Wall - 1.54, Roof - 0.71, Ground Floor - 0.70, Windows - 2.80",gas_boiler,gas,none,0,0,0,gas_boiler,none,0,0,1,3,private,high
D0645,UoG_like,SD1,0.042,DCSix,apartment_duplex,1964,pre1970,63.6,35.7,small,Cork,C,Requiring Retrofit,15.72,"External Wall - 1.54, Roof - 0.71, Ground Floor - 0.70, Windows - 2.80",gas_boiler,gas,stove,1,1,0,oil_boiler,immersion,1500,1,1,5,social,low
D0646,UoG_like,SD1,0.041,DCSix,detached,1964,pre1970,191.6,34.2,large,Cork,C,Partially Retrofitted,10.04,"External Wall - 0.39, Roof - 0.28, Ground Floor - 0.45, Windows - 1.60",heat_pump,electric,none,0,0,1,heat_pump_cylinder,immersion,2874,1,1,2,private,medium
D0647,ESC_like,SD15,0.114,Other,semi_detached,1972,1970s_1980s,123.3,30.1,medium,Dublin,A/B,Retrofitted,6.1,"External Wall - 0.27, Roof - 0.21, Ground Floor - 0.25, Windows - 1.20",heat_pump,electric,electric_heater,1,1,1,gas_boiler,immersion,0,0,1,1,social,low
D0648,UoG_like,SD16,0.048,Other,semi_detached,2003,1990s_2000s,111.1,34.2,medium,Galway,D/E,Requiring Retrofit,5.83,"External Wall - 0.39, Roof - 0.28, Ground Floor - 0.45, Windows - 1.60",heat_pump,electric,none,0,0,1,oil_boiler,immersion,0,0,1,4,private,low
D0649,UoG_like,SD4,0.053,IERC,detached,1951,pre1970,155.6,31.9,large,Other,F/G,Partially Retrofitted,9.11,"External Wall - 0.39, Roof - 0.28, Ground Floor - 0.45, Windows - 1.60",heat_pump,electric,stove,1,1,1,heat_pump_cylinder,immersion,0,0,0,3,private,high
D0650,Archetype_only,SD4,0.023,DCSix,apartment_duplex,1941,pre1970,43.1,47.4,small,Other,F/G,Retrofitted,5.83,"External Wall - 0.27, Roof - 0.21, Ground Floor - 0.25, Windows - 1.20",heat_pump,electric,open_fire,1,1,1,gas_boiler,immersion,1500,1,0,2,social,medium
D0651,UoG_like,SD3,0.079,IERC,semi_detached,1973,1970s_1980s,139.3,35.8,medium,Dublin,F/G,Partially Retrofitted,10.32,"External Wall - 0.39, Roof - 0.28, Ground Floor - 0.45, Windows - 1.60",heat_pump,electric,none,0,0,1,heat_pump_cylinder,none,0,0,0,3,private,low
D0652,ESC_like,SD2,0.11,IERC,apartment_duplex,2015,post2010,77.6,30.7,small,Other,C,Requiring Retrofit,1.26,"External Wall - 0.27, Roof - 0.21, Ground Floor - 0.25, Windows - 1.20",oil_boiler,oil,none,0,0,0,heat_pump_cylinder,none,0,0,1,3,private,medium
D0653,Archetype_only,SD1,0.08,Other,mid_terrace,1975,1970s_1980s,98.7,30.3,medium,Other,D/E,Retrofitted,4.91,"External Wall - 0.27, Roof - 0.21, Ground Floor - 0.25, Windows - 1.20",heat_pump,electric,none,0,0,1,oil_boiler,none,1500,1,1,3,social,medium
D0654,UoG_like,SD17,0.068,IERC,detached,1953,pre1970,211.3,40.2,large,Dublin,D/E,Requiring Retrofit,11.18,"External Wall - 1.54, Roof - 0.71, Ground Floor - 0.70, Windows - 2.80",heat_pump,electric,stove,1,4,1,direct_electric,immersion,3169.5,1,1,1,private,medium
D0655,Archetype_only,SD10,0.086,DCSix,semi_detached,1967,pre1970,111.8,29.6,medium,Other,F/G,Requiring Retrofit,7.93,"External Wall - 1.54, Roof - 0.71, Ground Floor - 0.70, Windows - 2.80",heat_pump,electric,stove,1,1,1,direct_electric,solar_thermal,923,0,0,2,private,medium
D0656,Archetype_only,SD6,0.043,Other,semi_detached,1979,1970s_1980s,129.7,35.6,medium,Limerick,F/G,Requiring Retrofit,14.58,"External Wall - 1.54, Roof - 0.71, Ground Floor - 0.70, Windows - 2.80",gas_boiler,gas,none,0,0,0,oil_boiler,none,1945.5,1,0,2,private,high
D0657,ESC_like,SD1,0.028,DCSix,semi_detached,1942,pre1970,197.7,27,large,Other,A/B,Partially Retrofitted,5.43,"External Wall - 0.39, Roof - 0.28, Ground Floor - 0.45, Windows - 1.60",oil_boiler,oil,stove,1,1,0,gas_boiler,immersion,0,0,0,1,private,medium
D0658,UoG_like,SD10,0.093,IERC,end_terrace,1947,pre1970,84.8,40.9,small,Dublin,D/E,Partially Retrofitted,8.29,"External Wall - 0.39, Roof - 0.28, Ground Floor - 0.45, Windows - 1.60",heat_pump,electric,open_fire,1,3,1,gas_boiler,solar_thermal,862,0,1,5,private,medium
D0659,UoG_like,SD6,0.035,IERC,end_terrace,1982,1970s_1980s,76.4,32.4,small,Other,C,Requiring Retrofit,9.2,"External Wall - 1.54, Roof - 0.71, Ground Floor - 0.70, Windows - 2.80",heat_pump,electric,stove,1,1,1,oil_boiler,solar_thermal,776,0,0,3,social,low
D0660,UoG_like,SD9,0.011,DCSix,end_terrace,1943,pre1970,112,37,medium,Cork,C,Partially Retrofitted,8.06,"External Wall - 0.39, Roof - 0.28, Ground Floor - 0.45, Windows - 1.60",heat_pump,electric,electric_heater,1,1,1,oil_boiler,immersion,0,0,0,1,private,medium
D0661,ESC_like,SD14,0.058,DCSix,semi_detached,1982,1970s_1980s,97.2,31.2,medium,Dublin,D/E,Requiring Retrofit,6.34,"External Wall - 1.54, Roof - 0.71, Ground Floor - 0.70, Windows - 2.80",heat_pump,electric,electric_heater,1,1,1,direct_electric,none,1500,1,0,2,private,high
D0662,Archetype_only,SD13,0.099,IERC,semi_detached,1953,pre1970,106,32,medium,Other,C,Requiring Retrofit,7.67,"External Wall - 1.54, Roof - 0.71, Ground Floor - 0.70, Windows - 2.80",gas_boiler,gas,open_fire,1,1,0,gas_boiler,none,1590,1,0,5,social,high
D0663,UoG_like,SD9,0.066,DCSix,mid_terrace,1986,1970s_1980s,69.4,41.9,small,Limerick,A/B,Partially Retrofitted,6.03,"External Wall - 0.39, Roof - 0.28, Ground Floor - 0.45, Windows - 1.60",oil_boiler,oil,none,0,0,0,heat_pump_cylinder,none,0,0,0,4,private,medium
D0664,ESC_like,SD10,0.027,DCSix,semi_detached,2001,1990s_2000s,114.1,33,medium,Dublin,C,Requiring Retrofit,8.61,"External Wall - 0.39, Roof - 0.28, Ground Floor - 0.45, Windows - 1.60",heat_pump,electric,none,0,0,1,heat_pump_cylinder,immersion,0,0,0,5,private,low
D0665,ESC_like,SD20,0.112,Other,apartment_duplex,1959,pre1970,67.8,29.9,small,Cork,C,Partially Retrofitted,6.37,"External Wall - 0.39, Roof - 0.28, Ground Floor - 0.45, Windows - 1.60",oil_boiler,oil,none,0,0,0,direct_electric,immersion,0,0,0,2,social,medium
D0666,UoG_like,SD14,0.007,IERC,semi_detached,2001,1990s_2000s,125,44.6,medium,Dublin,D/E,Requiring Retrofit,9.14,"External Wall - 0.39, Roof - 0.28, Ground Floor - 0.45, Windows - 1.60",heat_pump,electric,stove,1,1,1,instant_gas,none,1875,1,1,5,private,low
D0667,UoG_like,SD18,0.068,IERC,semi_detached,1993,1990s_2000s,153,31.1,large,Dublin,C,Requiring Retrofit,8.24,"External Wall - 0.39, Roof - 0.28, Ground Floor - 0.45, Windows - 1.60",gas_boiler,gas,none,0,0,0,heat_pump_cylinder,none,0,0,0,3,private,high
D0668,ESC_like,SD5,0.081,Other,end_terrace,1986,1970s_1980s,96.5,33.4,medium,Cork,D/E,Partially Retrofitted,6.43,"External Wall - 0.39, Roof - 0.28, Ground Floor - 0.45, Windows - 1.60",oil_boiler,oil,none,0,0,0,gas_boiler,immersion,0,0,1,1,social,low
D0669,UoG_like,SD19,0.065,Other,mid_terrace,1948,pre1970,104.3,35.7,medium,Cork,D/E,Partially Retrofitted,6.28,"External Wall - 0.39, Roof - 0.28, Ground Floor - 0.45, Windows - 1.60",heat_pump,electric,none,0,0,1,direct_electric,none,0,0,1,5,private,medium
D0670,UoG_like,SD19,0.067,DCSix,end_terrace,2002,1990s_2000s,90.4,31.6,medium,Galway,D/E,Partially Retrofitted,5.75,"External Wall - 0.39, Roof - 0.28, Ground Floor - 0.45, Windows - 1.60",gas_boiler,gas,stove,1,1,0,oil_boiler,none,0,0,0,3,private,medium
D0671,UoG_like,SD5,0.102,DCSix,apartment_duplex,1985,1970s_1980s,71.2,33.8,small,Cork,C,Requiring Retrofit,9.04,"External Wall - 1.54, Roof - 0.71, Ground Floor - 0.70, Windows - 2.80",heat_pump,electric,stove,1,3,1,direct_electric,none,0,0,0,3,private,medium
D0672,ESC_like,SD9,0.061,IERC,detached,1976,1970s_1980s,133.4,34.8,medium,Other,C,Retrofitted,9.33,"External Wall - 0.27, Roof - 0.21, Ground Floor - 0.25, Windows - 1.20",heat_pump,electric,none,0,0,1,direct_electric,none,2001,1,0,2,private,medium
D0673,ESC_like,SD12,0.076,Other,apartment_duplex,1989,1970s_1980s,83.7,36.1,small,Dublin,C,Partially Retrofitted,2.44,"External Wall - 0.39, Roof - 0.28, Ground Floor - 0.45, Windows - 1.60",heat_pump,electric,none,0,0,1,oil_boiler,none,0,0,0,2,social,medium
D0674,ESC_like,SD9,0.055,Other,end_terrace,2011,post2010,131.4,36.5,medium,Dublin,D/E,Retrofitted,2.13,"External Wall - 0.27, Roof - 0.21, Ground Floor - 0.25, Windows - 1.20",heat_pump,electric,electric_heater,1,1,1,oil_boiler,none,0,0,0,5,private,medium
D0675,Archetype_only,SD18,0.078,DCSix,semi_detached,2020,post2010,141.2,39.7,large,Cork,C,Partially Retrofitted,3.24,"External Wall - 0.27, Roof - 0.21, Ground Floor - 0.25, Windows - 1.20",heat_pump,electric,none,0,0,1,gas_boiler,none,0,0,0,3,private,high
D0676,UoG_like,SD8,0.091,DCSix,detached,1979,1970s_1980s,185.9,35.4,large,Galway,D/E,Partially Retrofitted,8.25,"External Wall - 0.39, Roof - 0.28, Ground Floor - 0.45, Windows - 1.60",heat_pump,electric,electric_heater,1,4,1,heat_pump_cylinder,immersion,0,0,1,2,social,medium
D0677,UoG_like,SD9,0.097,DCSix,semi_detached,1948,pre1970,107.3,41,medium,Dublin,D/E,Retrofitted,10.31,"External Wall - 0.27, Roof - 0.21, Ground Floor - 0.25, Windows - 1.20",oil_boiler,oil,none,0,0,0,oil_boiler,immersion,1609.5,1,0,4,private,high
D0678,ESC_like,SD14,0.029,Other,semi_detached,1994,1990s_2000s,85.1,42.8,small,Galway,A/B,Partially Retrofitted,2.67,"External Wall - 0.39, Roof - 0.28, Ground Floor - 0.45, Windows - 1.60",oil_boiler,oil,electric_heater,1,1,0,gas_boiler,none,0,0,0,4,social,high
D0679,Archetype_only,SD17,0.023,DCSix,detached,1989,1970s_1980s,177.1,32.7,large,Galway,C,Retrofitted,4.98,"External Wall - 0.27, Roof - 0.21, Ground Floor - 0.25, Windows - 1.20",gas_boiler,gas,none,0,0,0,heat_pump_cylinder,none,0,0,0,4,social,medium
D0680,ESC_like,SD5,0.095,IERC,mid_terrace,1985,1970s_1980s,109.7,31.8,medium,Other,D/E,Partially Retrofitted,3.81,"External Wall - 0.39, Roof - 0.28, Ground Floor - 0.45, Windows - 1.60",gas_boiler,gas,stove,1,3,0,gas_boiler,none,0,0,1,5,private,low
D0681,ESC_like,SD12,0.052,IERC,semi_detached,1975,1970s_1980s,169.9,37,large,Cork,C,Requiring Retrofit,9.65,"External Wall - 1.54, Roof - 0.71, Ground Floor - 0.70, Windows - 2.80",gas_boiler,gas,none,0,0,0,instant_gas,solar_thermal,825,0,1,3,social,high
D0682,Archetype_only,SD17,0.046,DCSix,end_terrace,1972,1970s_1980s,108.1,35.4,medium,Dublin,C,Requiring Retrofit,9.63,"External Wall - 1.54, Roof - 0.71, Ground Floor - 0.70, Windows - 2.80",oil_boiler,oil,none,0,0,0,heat_pump_cylinder,none,1621.5,1,0,4,social,low
D0683,ESC_like,SD17,0.036,Other,semi_detached,1980,1970s_1980s,88.8,35.7,small,Dublin,F/G,Partially Retrofitted,4.53,"External Wall - 0.39, Roof - 0.28, Ground Floor - 0.45, Windows - 1.60",gas_boiler,gas,open_fire,1,1,0,gas_boiler,none,1500,1,1,1,private,medium
D0684,UoG_like,SD16,0.116,DCSix,semi_detached,1981,1970s_1980s,143.2,39.1,large,Galway,F/G,Requiring Retrofit,8.19,"External Wall - 1.54, Roof - 0.71, Ground Floor - 0.70, Windows - 2.80",heat_pump,electric,electric_heater,1,1,1,gas_boiler,none,0,0,0,5,social,high
D0685,Archetype_only,SD5,0.031,IERC,end_terrace,1944,pre1970,63.5,45.5,small,Other,C,Retrofitted,4.51,"External Wall - 0.27, Roof - 0.21, Ground Floor - 0.25, Windows - 1.20",heat_pump,electric,none,0,0,1,instant_gas,immersion,1500,1,1,5,private,high
D0686,UoG_like,SD18,0.049,IERC,mid_terrace,1993,1990s_2000s,110.9,21.9,medium,Cork,D/E,Requiring Retrofit,8.7,"External Wall - 0.39, Roof - 0.28, Ground Floor - 0.45, Windows - 1.60",gas_boiler,gas,stove,1,1,0,gas_boiler,none,0,0,1,5,social,low
D0687,ESC_like,SD17,0.107,DCSix,apartment_duplex,2022,post2010,81.8,36.2,small,Other,D/E,Requiring Retrofit,1,"External Wall - 0.27, Roof - 0.21, Ground Floor - 0.25, Windows - 1.20",heat_pump,electric,stove,1,1,1,heat_pump_cylinder,none,1500,1,0,4,private,low
D0688,Archetype_only,SD15,0.084,Other,semi_detached,1979,1970s_1980s,105.1,32,medium,Limerick,F/G,Requiring Retrofit,10.69,"External Wall - 1.54, Roof - 0.71, Ground Floor - 0.70, Windows - 2.80",heat_pump,electric,none,0,0,1,heat_pump_cylinder,none,0,0,1,1,private,low
D0689,Archetype_only,SD1,0.1,Other,apartment_duplex,2017,post2010,60,40.5,small,Dublin,C,Requiring Retrofit,1.44,"External Wall - 0.27, Roof - 0.21, Ground Floor - 0.25, Windows - 1.20",gas_boiler,gas,none,0,0,0,gas_boiler,immersion,0,0,0,1,private,high
D0690,ESC_like,SD16,0.023,IERC,apartment_duplex,1994,1990s_2000s,83.2,33,small,Cork,D/E,Retrofitted,4.74,"External Wall - 0.27, Roof - 0.21, Ground Floor - 0.25, Windows - 1.20",gas_boiler,gas,none,0,0,0,oil_boiler,none,0,0,0,3,private,medium
D0691,UoG_like,SD2,0.007,DCSix,semi_detached,1989,1970s_1980s,60.6,32.9,small,Galway,D/E,Requiring Retrofit,7.95,"External Wall - 1.54, Roof - 0.71, Ground Floor - 0.70, Windows - 2.80",heat_pump,electric,none,0,0,1,gas_boiler,immersion,0,0,0,1,private,medium
D0692,ESC_like,SD11,0.008,Other,semi_detached,2014,post2010,117.8,31.1,medium,Dublin,F/G,Requiring Retrofit,3.33,"External Wall - 0.27, Roof - 0.21, Ground Floor - 0.25, Windows - 1.20",gas_boiler,gas,none,0,0,0,oil_boiler,none,0,0,1,2,private,low
D0693,ESC_like,SD12,0.05,IERC,detached,1974,1970s_1980s,235.7,31.5,large,Other,D/E,Requiring Retrofit,8,"External Wall - 1.54, Roof - 0.71, Ground Floor - 0.70, Windows - 2.80",gas_boiler,gas,none,0,0,0,oil_boiler,immersion,0,0,0,4,private,high
D0694,UoG_like,SD6,0.021,IERC,end_terrace,1945,pre1970,111.1,34.5,medium,Dublin,F/G,Retrofitted,5.22,"External Wall - 0.27, Roof - 0.21, Ground Floor - 0.25, Windows - 1.20",heat_pump,electric,electric_heater,1,1,1,instant_gas,solar_thermal,882,0,0,1,social,medium
D0695,ESC_like,SD15,0.109,DCSix,mid_terrace,1945,pre1970,75.9,35.2,small,Other,C,Requiring Retrofit,9.66,"External Wall - 1.54, Roof - 0.71, Ground Floor - 0.70, Windows - 2.80",heat_pump,electric,none,0,0,1,heat_pump_cylinder,none,0,0,1,4,private,medium
D0696,ESC_like,SD14,0.107,DCSix,end_terrace,1970,1970s_1980s,97.3,30.7,medium,Other,C,Requiring Retrofit,12.62,"External Wall - 1.54, Roof - 0.71, Ground Floor - 0.70, Windows - 2.80",gas_boiler,gas,none,0,0,0,gas_boiler,none,0,0,0,4,private,medium
D0697,ESC_like,SD9,0.078,DCSix,semi_detached,2016,post2010,140.6,31.7,large,Limerick,D/E,Requiring Retrofit,3.64,"External Wall - 0.27, Roof - 0.21, Ground Floor - 0.25, Windows - 1.20",oil_boiler,oil,none,0,0,0,oil_boiler,none,0,0,0,5,private,medium
D0698,ESC_like,SD1,0.103,DCSix,mid_terrace,1961,pre1970,109.2,36.6,medium,Limerick,D/E,Requiring Retrofit,7.85,"External Wall - 1.54, Roof - 0.71, Ground Floor - 0.70, Windows - 2.80",heat_pump,electric,none,0,0,1,direct_electric,none,0,0,0,2,social,low
D0699,Archetype_only,SD19,0.114,DCSix,end_terrace,2005,1990s_2000s,124.5,30.5,medium,Cork,F/G,Retrofitted,1.96,"External Wall - 0.27, Roof - 0.21, Ground Floor - 0.25, Windows - 1.20",gas_boiler,gas,none,0,0,0,oil_boiler,none,0,0,1,2,social,high
D0700,ESC_like,SD17,0.12,DCSix,semi_detached,1985,1970s_1980s,94.4,42.4,medium,Other,A/B,Partially Retrofitted,5,"External Wall - 0.39, Roof - 0.28, Ground Floor - 0.45, Windows - 1.60",heat_pump,electric,none,0,0,1,gas_boiler,none,0,0,0,3,private,high
D0701,UoG_like,SD5,0.075,IERC,mid_terrace,1978,1970s_1980s,70.6,28.3,small,Limerick,F/G,Partially Retrofitted,9.47,"External Wall - 0.39, Roof - 0.28, Ground Floor - 0.45, Windows - 1.60",heat_pump,electric,stove,1,2,1,instant_gas,immersion,0,0,0,5,private,high
D0702,UoG_like,SD19,0.071,DCSix,semi_detached,1981,1970s_1980s,107.3,34.4,medium,Dublin,D/E,Retrofitted,6.16,"External Wall - 0.27, Roof - 0.21, Ground Floor - 0.25, Windows - 1.20",heat_pump,electric,open_fire,1,1,1,oil_boiler,none,0,0,1,5,social,medium
D0703,UoG_like,SD10,0.011,IERC,apartment_duplex,1977,1970s_1980s,72.9,40,small,Dublin,D/E,Partially Retrofitted,7.4,"External Wall - 0.39, Roof - 0.28, Ground Floor - 0.45, Windows - 1.60",heat_pump,electric,none,0,0,1,direct_electric,none,0,0,0,5,private,high
D0704,ESC_like,SD20,0.048,IERC,mid_terrace,2018,post2010,118.8,33,medium,Other,F/G,Retrofitted,2.52,"External Wall - 0.27, Roof - 0.21, Ground Floor - 0.25, Windows - 1.20",gas_boiler,gas,open_fire,1,1,0,instant_gas,immersion,0,0,0,3,private,medium
D0705,Archetype_only,SD4,0.066,IERC,apartment_duplex,1942,pre1970,59.9,34.3,small,Other,D/E,Requiring Retrofit,6.29,"External Wall - 1.54, Roof - 0.71, Ground Floor - 0.70, Windows - 2.80",heat_pump,electric,none,0,0,1,gas_boiler,none,0,0,1,1,private,low
D0706,Archetype_only,SD3,0.065,DCSix,semi_detached,2012,post2010,138.7,33,medium,Other,C,Partially Retrofitted,1.54,"External Wall - 0.27, Roof - 0.21, Ground Floor - 0.25, Windows - 1.20",gas_boiler,gas,stove,1,1,0,oil_boiler,none,0,0,0,4,private,low
D0707,UoG_like,SD8,0.019,IERC,semi_detached,2002,1990s_2000s,89.1,36.1,small,Other,C,Retrofitted,5.61,"External Wall - 0.27, Roof - 0.21, Ground Floor - 0.25, Windows - 1.20",heat_pump,electric,stove,1,4,1,gas_boiler,none,0,0,0,2,private,high
D0708,ESC_like,SD20,0.009,Other,apartment_duplex,1965,pre1970,50.4,30.5,small,Cork,A/B,Retrofitted,7.15,"External Wall - 0.27, Roof - 0.21, Ground Floor - 0.25, Windows - 1.20",gas_boiler,gas,none,0,0,0,oil_boiler,none,0,0,1,4,private,low
D0709,Archetype_only,SD16,0.075,IERC,end_terrace,1971,1970s_1980s,91.9,37.4,medium,Other,D/E,Partially Retrofitted,4.64,"External Wall - 0.39, Roof - 0.28, Ground Floor - 0.45, Windows - 1.60",gas_boiler,gas,none,0,0,0,gas_boiler,none,0,0,1,3,private,low
D0710,Archetype_only,SD19,0.084,DCSix,semi_detached,1959,pre1970,143.6,43.4,large,Cork,D/E,Partially Retrofitted,9.89,"External Wall - 0.39, Roof - 0.28, Ground Floor - 0.45, Windows - 1.60",heat_pump,electric,none,0,0,1,oil_boiler,immersion,0,0,0,4,private,medium
D0711,UoG_like,SD12,0.033,DCSix,mid_terrace,2022,post2010,109.8,34.8,medium,Limerick,D/E,Partially Retrofitted,1,"External Wall - 0.27, Roof - 0.21, Ground Floor - 0.25, Windows - 1.20",heat_pump,electric,stove,1,4,1,oil_boiler,none,0,0,1,4,social,medium
D0712,UoG_like,SD11,0.008,DCSix,semi_detached,2008,1990s_2000s,135.7,30.7,medium,Other,F/G,Partially Retrofitted,1,"External Wall - 0.39, Roof - 0.28, Ground Floor - 0.45, Windows - 1.60",heat_pump,electric,none,0,0,1,heat_pump_cylinder,solar_thermal,841,0,0,5,private,low
D0713,UoG_like,SD18,0.114,Other,detached,1988,1970s_1980s,154.1,30.7,large,Other,D/E,Requiring Retrofit,2.92,"External Wall - 1.54, Roof - 0.71, Ground Floor - 0.70, Windows - 2.80",heat_pump,electric,none,0,0,1,oil_boiler,none,0,0,0,5,social,medium
D0714,ESC_like,SD10,0.017,IERC,mid_terrace,1990,1990s_2000s,130.3,42.4,medium,Dublin,C,Partially Retrofitted,5.25,"External Wall - 0.39, Roof - 0.28, Ground Floor - 0.45, Windows - 1.60",gas_boiler,gas,none,0,0,0,heat_pump_cylinder,none,0,0,0,5,private,medium
D0715,UoG_like,SD5,0.038,Other,semi_detached,1999,1990s_2000s,139.7,22.3,medium,Dublin,F/G,Requiring Retrofit,5.89,"External Wall - 0.39, Roof - 0.28, Ground Floor - 0.45, Windows - 1.60",heat_pump,electric,stove,1,2,1,gas_boiler,none,0,0,0,1,social,medium
D0716,Archetype_only,SD11,0.093,IERC,mid_terrace,1977,1970s_1980s,82.6,32.3,small,Galway,F/G,Requiring Retrofit,10.02,"External Wall - 1.54, Roof - 0.71, Ground Floor - 0.70, Windows - 2.80",heat_pump,electric,stove,1,1,1,oil_boiler,immersion,0,0,1,1,private,medium
D0717,UoG_like,SD19,0.071,DCSix,semi_detached,2009,1990s_2000s,154.7,38.9,large,Dublin,D/E,Requiring Retrofit,2.23,"External Wall - 0.39, Roof - 0.28, Ground Floor - 0.45, Windows - 1.60",oil_boiler,oil,none,0,0,0,oil_boiler,immersion,0,0,1,4,private,medium
D0718,ESC_like,SD18,0.097,DCSix,mid_terrace,2013,post2010,73.4,28.9,small,Cork,D/E,Partially Retrofitted,1.08,"External Wall - 0.27, Roof - 0.21, Ground Floor - 0.25, Windows - 1.20",gas_boiler,gas,open_fire,1,1,0,oil_boiler,immersion,1500,1,1,4,private,medium
D0719,ESC_like,SD18,0.062,DCSix,mid_terrace,1976,1970s_1980s,96.8,41.3,medium,Dublin,F/G,Requiring Retrofit,10.64,"External Wall - 1.54, Roof - 0.71, Ground Floor - 0.70, Windows - 2.80",heat_pump,electric,electric_heater,1,1,1,gas_boiler,solar_thermal,2449,1,0,4,private,medium
D0720,Archetype_only,SD17,0.082,Other,mid_terrace,1984,1970s_1980s,91.7,40.1,medium,Cork,F/G,Retrofitted,8.83,"External Wall - 0.27, Roof - 0.21, Ground Floor - 0.25, Windows - 1.20",gas_boiler,gas,stove,1,1,0,instant_gas,solar_thermal,669,0,0,4,private,medium
D0721,UoG_like,SD3,0.072,DCSix,end_terrace,1961,pre1970,102.7,27.2,medium,Cork,D/E,Retrofitted,9.9,"External Wall - 0.27, Roof - 0.21, Ground Floor - 0.25, Windows - 1.20",heat_pump,electric,none,0,0,1,gas_boiler,none,0,0,1,1,private,high
D0722,UoG_like,SD4,0.048,IERC,apartment_duplex,1964,pre1970,59.5,40.1,small,Dublin,C,Retrofitted,7.63,"External Wall - 0.27, Roof - 0.21, Ground Floor - 0.25, Windows - 1.20",heat_pump,electric,none,0,0,1,oil_boiler,none,0,0,1,3,social,high
D0723,UoG_like,SD10,0.055,DCSix,semi_detached,2008,1990s_2000s,91.9,29.1,medium,Dublin,A/B,Requiring Retrofit,5.96,"External Wall - 0.39, Roof - 0.28, Ground Floor - 0.45, Windows - 1.60",heat_pump,electric,stove,1,1,1,oil_boiler,none,0,0,0,1,private,medium
D0724,ESC_like,SD18,0.061,IERC,apartment_duplex,2016,post2010,60.2,24.7,small,Limerick,A/B,Requiring Retrofit,1,"External Wall - 0.27, Roof - 0.21, Ground Floor - 0.25, Windows - 1.20",oil_boiler,oil,open_fire,1,1,0,heat_pump_cylinder,immersion,1500,1,1,3,social,low
D0725,ESC_like,SD12,0.116,DCSix,detached,2002,1990s_2000s,131.2,43.7,medium,Other,D/E,Requiring Retrofit,3.81,"External Wall - 0.39, Roof - 0.28, Ground Floor - 0.45, Windows - 1.60",gas_boiler,gas,electric_heater,1,2,0,direct_electric,solar_thermal,2794,1,0,5,private,low
D0726,UoG_like,SD7,0.105,IERC,apartment_duplex,2018,post2010,81.1,36.1,small,Cork,A/B,Requiring Retrofit,2.78,"External Wall - 0.27, Roof - 0.21, Ground Floor - 0.25, Windows - 1.20",heat_pump,electric,open_fire,1,1,1,heat_pump_cylinder,immersion,0,0,0,2,private,medium
D0727,Archetype_only,SD13,0.098,DCSix,end_terrace,1982,1970s_1980s,99.9,39.9,medium,Cork,D/E,Partially Retrofitted,6.28,"External Wall - 0.39, Roof - 0.28, Ground Floor - 0.45, Windows - 1.60",heat_pump,electric,open_fire,1,4,1,heat_pump_cylinder,none,0,0,0,5,private,medium
D0728,ESC_like,SD3,0.09,Other,apartment_duplex,2016,post2010,76.9,29.3,small,Limerick,D/E,Retrofitted,1.54,"External Wall - 0.27, Roof - 0.21, Ground Floor - 0.25, Windows - 1.20",gas_boiler,gas,open_fire,1,3,0,instant_gas,immersion,1500,1,1,2,private,high
D0729,ESC_like,SD17,0.091,Other,semi_detached,1981,1970s_1980s,120.2,42.2,medium,Other,F/G,Requiring Retrofit,4.48,"External Wall - 1.54, Roof - 0.71, Ground Floor - 0.70, Windows - 2.80",gas_boiler,gas,none,0,0,0,gas_boiler,none,0,0,1,4,private,high
D0730,UoG_like,SD19,0.02,IERC,semi_detached,1954,pre1970,167.9,32.6,large,Limerick,F/G,Requiring Retrofit,9.72,"External Wall - 1.54, Roof - 0.71, Ground Floor - 0.70, Windows - 2.80",gas_boiler,gas,none,0,0,0,direct_electric,immersion,0,0,1,5,private,medium
D0731,ESC_like,SD6,0.109,DCSix,apartment_duplex,1942,pre1970,55.5,34.9,small,Limerick,F/G,Requiring Retrofit,7.16,"External Wall - 1.54, Roof - 0.71, Ground Floor - 0.70, Windows - 2.80",oil_boiler,oil,stove,1,1,0,oil_boiler,solar_thermal,849,0,0,1,private,medium
D0732,UoG_like,SD17,0.02,DCSix,end_terrace,1953,pre1970,97.4,33.8,medium,Other,F/G,Requiring Retrofit,9.19,"External Wall - 1.54, Roof - 0.71, Ground Floor - 0.70, Windows - 2.80",oil_boiler,oil,stove,1,4,0,oil_boiler,immersion,1500,1,0,1,private,low
D0733,ESC_like,SD4,0.095,IERC,semi_detached,1956,pre1970,155,31.2,large,Dublin,A/B,Retrofitted,7.6,"External Wall - 0.27, Roof - 0.21, Ground Floor - 0.25, Windows - 1.20",heat_pump,electric,electric_heater,1,1,1,direct_electric,immersion,0,0,0,2,private,medium
D0734,UoG_like,SD10,0.087,Other,end_terrace,1990,1990s_2000s,93.1,29.7,medium,Other,F/G,Requiring Retrofit,11.31,"External Wall - 0.39, Roof - 0.28, Ground Floor - 0.45, Windows - 1.60",gas_boiler,gas,stove,1,2,0,gas_boiler,immersion,1500,1,1,2,private,low
D0735,ESC_like,SD8,0.082,IERC,end_terrace,1979,1970s_1980s,78.4,33.1,small,Dublin,D/E,Requiring Retrofit,4.58,"External Wall - 1.54, Roof - 0.71, Ground Floor - 0.70, Windows - 2.80",heat_pump,electric,none,0,0,1,oil_boiler,none,0,0,0,5,social,high
D0736,ESC_like,SD9,0.045,Other,semi_detached,1995,1990s_2000s,114.6,30.6,medium,Cork,D/E,Partially Retrofitted,5.4,"External Wall - 0.39, Roof - 0.28, Ground Floor - 0.45, Windows - 1.60",heat_pump,electric,open_fire,1,1,1,direct_electric,none,0,0,0,1,private,low
D0737,ESC_like,SD5,0.08,DCSix,semi_detached,1973,1970s_1980s,89.4,37.5,small,Other,A/B,Retrofitted,2.26,"External Wall - 0.27, Roof - 0.21, Ground Floor - 0.25, Windows - 1.20",heat_pump,electric,open_fire,1,1,1,oil_boiler,solar_thermal,865,0,1,4,social,medium
D0738,UoG_like,SD19,0.062,IERC,detached,2003,1990s_2000s,180,35.9,large,Galway,C,Partially Retrofitted,5.6,"External Wall - 0.39, Roof - 0.28, Ground Floor - 0.45, Windows - 1.60",heat_pump,electric,stove,1,1,1,oil_boiler,solar_thermal,855,0,0,5,private,medium
D0739,ESC_like,SD4,0.03,IERC,mid_terrace,1945,pre1970,102.5,36.2,medium,Other,F/G,Retrofitted,6.95,"External Wall - 0.27, Roof - 0.21, Ground Floor - 0.25, Windows - 1.20",heat_pump,electric,stove,1,4,1,oil_boiler,none,0,0,1,1,private,low
D0740,UoG_like,SD10,0.082,DCSix,mid_terrace,1955,pre1970,83,41.3,small,Dublin,C,Retrofitted,8.89,"External Wall - 0.27, Roof - 0.21, Ground Floor - 0.25, Windows - 1.20",gas_boiler,gas,none,0,0,0,gas_boiler,immersion,0,0,0,3,private,high
D0741,ESC_like,SD5,0.029,DCSix,semi_detached,1964,pre1970,118.9,31.4,medium,Other,C,Retrofitted,6.37,"External Wall - 0.27, Roof - 0.21, Ground Floor - 0.25, Windows - 1.20",gas_boiler,gas,none,0,0,0,heat_pump_cylinder,none,1783.5,1,0,4,private,medium
D0742,ESC_like,SD5,0.061,Other,semi_detached,1989,1970s_1980s,80.1,33.5,small,Cork,D/E,Requiring Retrofit,4.5,"External Wall - 1.54, Roof - 0.71, Ground Floor - 0.70, Windows - 2.80",heat_pump,electric,none,0,0,1,oil_boiler,immersion,0,0,1,3,private,high
D0743,ESC_like,SD8,0.014,IERC,apartment_duplex,2002,1990s_2000s,63.8,38.1,small,Galway,D/E,Requiring Retrofit,7.5,"External Wall - 0.39, Roof - 0.28, Ground Floor - 0.45, Windows - 1.60",gas_boiler,gas,electric_heater,1,3,0,direct_electric,none,0,0,0,5,private,medium
D0744,UoG_like,SD8,0.026,DCSix,end_terrace,1988,1970s_1980s,100.1,42.3,medium,Galway,F/G,Requiring Retrofit,8.38,"External Wall - 1.54, Roof - 0.71, Ground Floor - 0.70, Windows - 2.80",gas_boiler,gas,open_fire,1,1,0,instant_gas,immersion,0,0,0,1,private,medium
D0745,UoG_like,SD8,0.106,Other,apartment_duplex,1991,1990s_2000s,55.6,35.8,small,Other,F/G,Requiring Retrofit,6.05,"External Wall - 0.39, Roof - 0.28, Ground Floor - 0.45, Windows - 1.60",heat_pump,electric,none,0,0,1,oil_boiler,immersion,0,0,1,2,private,medium
D0746,UoG_like,SD19,0.024,DCSix,mid_terrace,1971,1970s_1980s,74.2,35.2,small,Dublin,D/E,Retrofitted,7.81,"External Wall - 0.27, Roof - 0.21, Ground Floor - 0.25, Windows - 1.20",gas_boiler,gas,none,0,0,0,gas_boiler,none,0,0,0,5,social,medium
D0747,Archetype_only,SD12,0.087,Other,detached,1956,pre1970,181.2,36.7,large,Cork,F/G,Requiring Retrofit,10.04,"External Wall - 1.54, Roof - 0.71, Ground Floor - 0.70, Windows - 2.80",heat_pump,electric,none,0,0,1,gas_boiler,none,0,0,0,1,private,low
D0748,ESC_like,SD16,0.071,IERC,detached,1946,pre1970,190.1,40.3,large,Galway,D/E,Requiring Retrofit,14.05,"External Wall - 1.54, Roof - 0.71, Ground Floor - 0.70, Windows - 2.80",heat_pump,electric,none,0,0,1,heat_pump_cylinder,none,0,0,0,4,private,medium
D0749,ESC_like,SD1,0.005,IERC,semi_detached,1991,1990s_2000s,121.8,24.3,medium,Other,C,Requiring Retrofit,6.82,"External Wall - 0.39, Roof - 0.28, Ground Floor - 0.45, Windows - 1.60",gas_boiler,gas,none,0,0,0,oil_boiler,none,0,0,0,4,private,medium
D0750,ESC_like,SD17,0.057,IERC,semi_detached,1972,1970s_1980s,98.1,33.3,medium,Other,C,Requiring Retrofit,11.43,"External Wall - 1.54, Roof - 0.71, Ground Floor - 0.70, Windows - 2.80",oil_boiler,oil,stove,1,1,0,gas_boiler,immersion,0,0,0,2,social,low
D0751,Archetype_only,SD16,0.022,DCSix,semi_detached,2002,1990s_2000s,101.8,36.5,medium,Galway,D/E,Partially Retrofitted,5.39,"External Wall - 0.39, Roof - 0.28, Ground Floor - 0.45, Windows - 1.60",heat_pump,electric,stove,1,1,1,instant_gas,immersion,1527,1,0,4,private,low
D0752,Archetype_only,SD4,0.008,Other,mid_terrace,2012,post2010,107.3,31.2,medium,Cork,D/E,Retrofitted,1.57,"External Wall - 0.27, Roof - 0.21, Ground Floor - 0.25, Windows - 1.20",heat_pump,electric,stove,1,1,1,gas_boiler,none,1609.5,1,0,2,private,medium
D0753,ESC_like,SD16,0.091,DCSix,apartment_duplex,2009,1990s_2000s,66.6,35.4,small,Cork,A/B,Retrofitted,2.6,"External Wall - 0.27, Roof - 0.21, Ground Floor - 0.25, Windows - 1.20",oil_boiler,oil,electric_heater,1,1,0,oil_boiler,immersion,1500,1,1,5,private,low
D0754,ESC_like,SD5,0.1,IERC,mid_terrace,1991,1990s_2000s,108.1,34.3,medium,Cork,C,Retrofitted,5.21,"External Wall - 0.27, Roof - 0.21, Ground Floor - 0.25, Windows - 1.20",heat_pump,electric,none,0,0,1,direct_electric,immersion,1621.5,1,0,1,private,high
D0755,UoG_like,SD18,0.058,DCSix,apartment_duplex,1996,1990s_2000s,84.6,34.7,small,Cork,D/E,Partially Retrofitted,4.3,"External Wall - 0.39, Roof - 0.28, Ground Floor - 0.45, Windows - 1.60",heat_pump,electric,none,0,0,1,direct_electric,none,0,0,1,3,private,low
D0756,ESC_like,SD14,0.112,DCSix,semi_detached,1965,pre1970,120.1,36.5,medium,Limerick,D/E,Retrofitted,7.83,"External Wall - 0.27, Roof - 0.21, Ground Floor - 0.25, Windows - 1.20",heat_pump,electric,electric_heater,1,1,1,direct_electric,immersion,1801.5,1,0,4,private,medium
D0757,UoG_like,SD5,0.052,Other,apartment_duplex,1949,pre1970,76.8,33,small,Galway,F/G,Requiring Retrofit,11.22,"External Wall - 1.54, Roof - 0.71, Ground Floor - 0.70, Windows - 2.80",heat_pump,electric,stove,1,1,1,heat_pump_cylinder,none,1500,1,0,3,private,high
D0758,ESC_like,SD3,0.012,DCSix,end_terrace,1984,1970s_1980s,116,32.6,medium,Dublin,D/E,Partially Retrofitted,2.59,"External Wall - 0.39, Roof - 0.28, Ground Floor - 0.45, Windows - 1.60",heat_pump,electric,none,0,0,1,gas_boiler,immersion,0,0,1,5,private,low
D0759,UoG_like,SD20,0.052,DCSix,detached,1942,pre1970,129.1,38.3,medium,Other,C,Partially Retrofitted,10.5,"External Wall - 0.39, Roof - 0.28, Ground Floor - 0.45, Windows - 1.60",heat_pump,electric,none,0,0,1,oil_boiler,none,0,0,1,2,private,medium
D0760,UoG_like,SD14,0.044,IERC,apartment_duplex,1984,1970s_1980s,52.5,42,small,Galway,A/B,Partially Retrofitted,5.01,"External Wall - 0.39, Roof - 0.28, Ground Floor - 0.45, Windows - 1.60",heat_pump,electric,none,0,0,1,gas_boiler,none,0,0,1,4,social,high
D0761,Archetype_only,SD9,0.034,DCSix,semi_detached,1950,pre1970,181.8,38.2,large,Other,D/E,Requiring Retrofit,14.62,"External Wall - 1.54, Roof - 0.71, Ground Floor - 0.70, Windows - 2.80",heat_pump,electric,open_fire,1,1,1,gas_boiler,immersion,2727,1,0,1,social,medium
D0762,UoG_like,SD3,0.081,DCSix,semi_detached,1976,1970s_1980s,112.7,33.9,medium,Galway,F/G,Retrofitted,2.06,"External Wall - 0.27, Roof - 0.21, Ground Floor - 0.25, Windows - 1.20",heat_pump,electric,none,0,0,1,gas_boiler,none,0,0,0,3,private,high
D0763,UoG_like,SD4,0.007,DCSix,semi_detached,1982,1970s_1980s,136.1,33,medium,Other,C,Requiring Retrofit,8.94,"External Wall - 1.54, Roof - 0.71, Ground Floor - 0.70, Windows - 2.80",heat_pump,electric,electric_heater,1,1,1,heat_pump_cylinder,none,0,0,0,5,private,low
D0764,Archetype_only,SD14,0.048,Other,apartment_duplex,2011,post2010,70.7,33.9,small,Galway,A/B,Requiring Retrofit,2.56,"External Wall - 0.27, Roof - 0.21, Ground Floor - 0.25, Windows - 1.20",gas_boiler,gas,stove,1,1,0,oil_boiler,none,1500,1,1,4,private,low
D0765,ESC_like,SD11,0.084,IERC,semi_detached,1946,pre1970,60.5,33.2,small,Other,D/E,Requiring Retrofit,7.36,"External Wall - 1.54, Roof - 0.71, Ground Floor - 0.70, Windows - 2.80",gas_boiler,gas,none,0,0,0,heat_pump_cylinder,none,0,0,1,3,private,low
D0766,Archetype_only,SD18,0.057,Other,apartment_duplex,1993,1990s_2000s,81.2,24.4,small,Other,F/G,Requiring Retrofit,5.86,"External Wall - 0.39, Roof - 0.28, Ground Floor - 0.45, Windows - 1.60",heat_pump,electric,none,0,0,1,heat_pump_cylinder,none,0,0,0,2,private,medium
D0767,Archetype_only,SD15,0.109,DCSix,apartment_duplex,1985,1970s_1980s,47.8,31.7,small,Cork,D/E,Requiring Retrofit,5.98,"External Wall - 1.54, Roof - 0.71, Ground Floor - 0.70, Windows - 2.80",heat_pump,electric,electric_heater,1,1,1,oil_boiler,none,0,0,0,5,private,medium
D0768,ESC_like,SD18,0.086,Other,apartment_duplex,1977,1970s_1980s,73.3,42.5,small,Galway,A/B,Partially Retrofitted,7.86,"External Wall - 0.39, Roof - 0.28, Ground Floor - 0.45, Windows - 1.60",heat_pump,electric,none,0,0,1,direct_electric,none,0,0,1,2,private,medium
D0769,ESC_like,SD19,0.067,IERC,apartment_duplex,1956,pre1970,40,45.4,small,Cork,F/G,Requiring Retrofit,6.85,"External Wall - 1.54, Roof - 0.71, Ground Floor - 0.70, Windows - 2.80",heat_pump,electric,none,0,0,1,oil_boiler,none,0,0,0,4,private,low
D0770,UoG_like,SD4,0.042,DCSix,semi_detached,1987,1970s_1980s,137.9,29.7,medium,Limerick,C,Retrofitted,6.29,"External Wall - 0.27, Roof - 0.21, Ground Floor - 0.25, Windows - 1.20",heat_pump,electric,stove,1,1,1,direct_electric,none,0,0,0,1,private,low
D0771,ESC_like,SD12,0.018,DCSix,end_terrace,1965,pre1970,113.4,34.9,medium,Cork,A/B,Retrofitted,8.28,"External Wall - 0.27, Roof - 0.21, Ground Floor - 0.25, Windows - 1.20",oil_boiler,oil,none,0,0,0,oil_boiler,none,0,0,0,3,private,medium
D0772,Archetype_only,SD5,0.013,IERC,detached,1975,1970s_1980s,123.5,39,medium,Other,F/G,Requiring Retrofit,12.39,"External Wall - 1.54, Roof - 0.71, Ground Floor - 0.70, Windows - 2.80",gas_boiler,gas,none,0,0,0,gas_boiler,none,0,0,0,1,private,low
D0773,ESC_like,SD1,0.054,Other,detached,1975,1970s_1980s,200.5,28,large,Cork,D/E,Partially Retrofitted,9.77,"External Wall - 0.39, Roof - 0.28, Ground Floor - 0.45, Windows - 1.60",heat_pump,electric,stove,1,1,1,oil_boiler,none,0,0,1,5,social,low
D0774,Archetype_only,SD18,0.113,DCSix,mid_terrace,1950,pre1970,64.8,34.1,small,Dublin,C,Requiring Retrofit,11.16,"External Wall - 1.54, Roof - 0.71, Ground Floor - 0.70, Windows - 2.80",gas_boiler,gas,open_fire,1,1,0,direct_electric,none,0,0,0,4,private,high
D0775,UoG_like,SD19,0.051,Other,semi_detached,2000,1990s_2000s,164.9,35.1,large,Dublin,A/B,Partially Retrofitted,5.19,"External Wall - 0.39, Roof - 0.28, Ground Floor - 0.45, Windows - 1.60",heat_pump,electric,stove,1,1,1,gas_boiler,immersion,0,0,1,2,social,low
D0776,UoG_like,SD17,0.03,IERC,apartment_duplex,1981,1970s_1980s,58.9,33.8,small,Other,C,Partially Retrofitted,4.17,"External Wall - 0.39, Roof - 0.28, Ground Floor - 0.45, Windows - 1.60",gas_boiler,gas,stove,1,1,0,gas_boiler,immersion,0,0,0,3,private,high
D0777,Archetype_only,SD5,0.12,IERC,semi_detached,1986,1970s_1980s,101.3,25.4,medium,Cork,C,Requiring Retrofit,5.72,"External Wall - 1.54, Roof - 0.71, Ground Floor - 0.70, Windows - 2.80",gas_boiler,gas,none,0,0,0,heat_pump_cylinder,immersion,0,0,1,3,private,low
D0778,UoG_like,SD15,0.119,DCSix,mid_terrace,2021,post2010,80.4,31,small,Other,C,Partially Retrofitted,1.53,"External Wall - 0.27, Roof - 0.21, Ground Floor - 0.25, Windows - 1.20",gas_boiler,gas,none,0,0,0,gas_boiler,none,0,0,1,3,private,medium
D0779,UoG_like,SD6,0.034,DCSix,semi_detached,1962,pre1970,148.5,30.9,large,Limerick,F/G,Retrofitted,6.99,"External Wall - 0.27, Roof - 0.21, Ground Floor - 0.25, Windows - 1.20",gas_boiler,gas,stove,1,1,0,gas_boiler,immersion,0,0,1,4,private,low
D0780,Archetype_only,SD9,0.006,DCSix,detached,1982,1970s_1980s,146.2,34.8,large,Dublin,D/E,Requiring Retrofit,6.33,"External Wall - 1.54, Roof - 0.71, Ground Floor - 0.70, Windows - 2.80",gas_boiler,gas,open_fire,1,1,0,heat_pump_cylinder,none,0,0,0,1,private,medium
D0781,Archetype_only,SD14,0.02,DCSix,end_terrace,1980,1970s_1980s,90,35.1,medium,Dublin,D/E,Retrofitted,5.02,"External Wall - 0.27, Roof - 0.21, Ground Floor - 0.25, Windows - 1.20",gas_boiler,gas,open_fire,1,2,0,instant_gas,none,1500,1,0,4,private,high
D0782,ESC_like,SD11,0.046,DCSix,apartment_duplex,1988,1970s_1980s,64.1,38.3,small,Cork,C,Requiring Retrofit,6.58,"External Wall - 1.54, Roof - 0.71, Ground Floor - 0.70, Windows - 2.80",gas_boiler,gas,none,0,0,0,gas_boiler,immersion,0,0,1,1,private,medium
D0783,UoG_like,SD4,0.09,Other,mid_terrace,2007,1990s_2000s,97,30.4,medium,Galway,F/G,Requiring Retrofit,2.85,"External Wall - 0.39, Roof - 0.28, Ground Floor - 0.45, Windows - 1.60",gas_boiler,gas,none,0,0,0,gas_boiler,immersion,0,0,0,4,social,medium
D0784,UoG_like,SD1,0.032,IERC,end_terrace,1972,1970s_1980s,77.2,41.4,small,Dublin,D/E,Retrofitted,8.96,"External Wall - 0.27, Roof - 0.21, Ground Floor - 0.25, Windows - 1.20",heat_pump,electric,open_fire,1,1,1,heat_pump_cylinder,none,1500,1,1,4,private,high
D0785,Archetype_only,SD5,0.054,DCSix,semi_detached,1954,pre1970,99.8,42.1,medium,Cork,D/E,Requiring Retrofit,11.21,"External Wall - 1.54, Roof - 0.71, Ground Floor - 0.70, Windows - 2.80",gas_boiler,gas,electric_heater,1,1,0,gas_boiler,immersion,0,0,1,3,social,high
D0786,ESC_like,SD18,0.093,Other,semi_detached,1981,1970s_1980s,136.7,40.8,medium,Other,D/E,Requiring Retrofit,11.65,"External Wall - 1.54, Roof - 0.71, Ground Floor - 0.70, Windows - 2.80",gas_boiler,gas,none,0,0,0,oil_boiler,none,0,0,0,5,private,medium
D0787,ESC_like,SD20,0.088,IERC,semi_detached,1959,pre1970,132.7,34.7,medium,Limerick,F/G,Requiring Retrofit,6.67,"External Wall - 1.54, Roof - 0.71, Ground Floor - 0.70, Windows - 2.80",gas_boiler,gas,stove,1,1,0,oil_boiler,solar_thermal,754,0,0,1,private,low
D0788,ESC_like,SD9,0.052,DCSix,mid_terrace,1993,1990s_2000s,120.6,32.2,medium,Cork,F/G,Retrofitted,5.42,"External Wall - 0.27, Roof - 0.21, Ground Floor - 0.25, Windows - 1.20",heat_pump,electric,none,0,0,1,direct_electric,solar_thermal,658,0,1,2,private,low
D0789,ESC_like,SD1,0.114,IERC,semi_detached,1979,1970s_1980s,128.8,29.9,medium,Other,F/G,Partially Retrofitted,4.64,"External Wall - 0.39, Roof - 0.28, Ground Floor - 0.45, Windows - 1.60",heat_pump,electric,open_fire,1,1,1,gas_boiler,none,0,0,1,4,private,high
D0790,UoG_like,SD6,0.047,DCSix,semi_detached,1949,pre1970,124.8,37.3,medium,Dublin,D/E,Retrofitted,7.68,"External Wall - 0.27, Roof - 0.21, Ground Floor - 0.25, Windows - 1.20",gas_boiler,gas,electric_heater,1,1,0,gas_boiler,none,0,0,0,1,private,low
D0791,UoG_like,SD18,0.013,IERC,semi_detached,1997,1990s_2000s,130.2,35.7,medium,Cork,D/E,Retrofitted,7.67,"External Wall - 0.27, Roof - 0.21, Ground Floor - 0.25, Windows - 1.20",gas_boiler,gas,electric_heater,1,1,0,direct_electric,immersion,0,0,0,2,private,medium
D0792,UoG_like,SD2,0.054,DCSix,semi_detached,1989,1970s_1980s,136.8,25.1,medium,Dublin,F/G,Requiring Retrofit,7.66,"External Wall - 1.54, Roof - 0.71, Ground Floor - 0.70, Windows - 2.80",heat_pump,electric,stove,1,1,1,oil_boiler,none,0,0,0,3,private,medium
D0793,Archetype_only,SD15,0.032,Other,mid_terrace,1964,pre1970,83,35.5,small,Galway,D/E,Partially Retrofitted,5.77,"External Wall - 0.39, Roof - 0.28, Ground Floor - 0.45, Windows - 1.60",gas_boiler,gas,open_fire,1,1,0,gas_boiler,immersion,0,0,0,1,private,low
D0794,Archetype_only,SD11,0.105,Other,semi_detached,1962,pre1970,161.6,35.5,large,Dublin,F/G,Requiring Retrofit,7.43,"External Wall - 1.54, Roof - 0.71, Ground Floor - 0.70, Windows - 2.80",gas_boiler,gas,stove,1,1,0,instant_gas,none,0,0,0,3,private,medium
D0795,ESC_like,SD4,0.035,Other,semi_detached,2000,1990s_2000s,130.2,41.6,medium,Other,F/G,Requiring Retrofit,10.51,"External Wall - 0.39, Roof - 0.28, Ground Floor - 0.45, Windows - 1.60",heat_pump,electric,stove,1,1,1,gas_boiler,none,1953,1,0,4,social,high
D0796,Archetype_only,SD9,0.062,IERC,apartment_duplex,1950,pre1970,56.4,34.5,small,Galway,F/G,Requiring Retrofit,8.3,"External Wall - 1.54, Roof - 0.71, Ground Floor - 0.70, Windows - 2.80",oil_boiler,oil,none,0,0,0,direct_electric,immersion,0,0,1,2,private,low
D0797,ESC_like,SD17,0.057,DCSix,apartment_duplex,1968,pre1970,60.3,28.7,small,Limerick,D/E,Partially Retrofitted,12.1,"External Wall - 0.39, Roof - 0.28, Ground Floor - 0.45, Windows - 1.60",heat_pump,electric,electric_heater,1,1,1,heat_pump_cylinder,none,0,0,0,3,private,medium
D0798,ESC_like,SD13,0.015,DCSix,detached,1997,1990s_2000s,149.9,32.3,large,Dublin,D/E,Requiring Retrofit,3.45,"External Wall - 0.39, Roof - 0.28, Ground Floor - 0.45, Windows - 1.60",gas_boiler,gas,none,0,0,0,instant_gas,immersion,0,0,0,2,private,low
D0799,ESC_like,SD3,0.108,DCSix,semi_detached,2004,1990s_2000s,112.6,36.1,medium,Cork,A/B,Retrofitted,6.34,"External Wall - 0.27, Roof - 0.21, Ground Floor - 0.25, Windows - 1.20",gas_boiler,gas,none,0,0,0,instant_gas,solar_thermal,719,0,0,3,social,high
D0800,UoG_like,SD3,0.106,DCSix,mid_terrace,1968,pre1970,102.1,29.8,medium,Limerick,F/G,Requiring Retrofit,10.09,"External Wall - 1.54, Roof - 0.71, Ground Floor - 0.70, Windows - 2.80",heat_pump,electric,stove,1,1,1,instant_gas,none,1531.5,1,1,2,social,medium
D0801,UoG_like,SD19,0.1,Other,semi_detached,1941,pre1970,165.6,33.2,large,Other,D/E,Requiring Retrofit,7.5,"External Wall - 1.54, Roof - 0.71, Ground Floor - 0.70, Windows - 2.80",gas_boiler,gas,none,0,0,0,oil_boiler,none,0,0,1,4,social,medium
D0802,ESC_like,SD20,0.015,IERC,semi_detached,1971,1970s_1980s,110.7,37.1,medium,Cork,C,Retrofitted,8.17,"External Wall - 0.27, Roof - 0.21, Ground Floor - 0.25, Windows - 1.20",heat_pump,electric,none,0,0,1,direct_electric,none,0,0,1,4,private,high
D0803,Archetype_only,SD7,0.051,IERC,semi_detached,1974,1970s_1980s,101.6,26.8,medium,Dublin,F/G,Retrofitted,8.05,"External Wall - 0.27, Roof - 0.21, Ground Floor - 0.25, Windows - 1.20",heat_pump,electric,none,0,0,1,instant_gas,none,0,0,0,4,private,high
D0804,ESC_like,SD4,0.017,DCSix,end_terrace,2018,post2010,72.5,41.9,small,Dublin,F/G,Requiring Retrofit,4.47,"External Wall - 0.27, Roof - 0.21, Ground Floor - 0.25, Windows - 1.20",oil_boiler,oil,stove,1,1,0,gas_boiler,immersion,0,0,1,2,private,low
D0805,UoG_like,SD16,0.037,DCSix,mid_terrace,2020,post2010,113.3,37.6,medium,Dublin,A/B,Requiring Retrofit,3.97,"External Wall - 0.27, Roof - 0.21, Ground Floor - 0.25, Windows - 1.20",gas_boiler,gas,none,0,0,0,oil_boiler,immersion,0,0,0,2,social,high
D0806,UoG_like,SD4,0.096,IERC,mid_terrace,1988,1970s_1980s,55.5,33.7,small,Limerick,C,Requiring Retrofit,8.19,"External Wall - 1.54, Roof - 0.71, Ground Floor - 0.70, Windows - 2.80",heat_pump,electric,none,0,0,1,direct_electric,none,0,0,1,2,social,medium
D0807,UoG_like,SD9,0.006,DCSix,mid_terrace,1961,pre1970,109.5,36.3,medium,Cork,D/E,Requiring Retrofit,13.3,"External Wall - 1.54, Roof - 0.71, Ground Floor - 0.70, Windows - 2.80",oil_boiler,oil,none,0,0,0,gas_boiler,immersion,1642.5,1,0,2,private,medium
D0808,Archetype_only,SD19,0.019,IERC,end_terrace,2006,1990s_2000s,98.6,43.7,medium,Other,C,Requiring Retrofit,5.16,"External Wall - 0.39, Roof - 0.28, Ground Floor - 0.45, Windows - 1.60",heat_pump,electric,stove,1,1,1,oil_boiler,none,0,0,0,3,private,low
D0809,ESC_like,SD5,0.029,IERC,mid_terrace,1998,1990s_2000s,137.6,28.4,medium,Dublin,D/E,Requiring Retrofit,9.51,"External Wall - 0.39, Roof - 0.28, Ground Floor - 0.45, Windows - 1.60",heat_pump,electric,open_fire,1,3,1,oil_boiler,solar_thermal,2966,1,1,5,social,low
D0810,Archetype_only,SD1,0.018,DCSix,detached,1944,pre1970,163.3,34.7,large,Dublin,A/B,Partially Retrofitted,6.01,"External Wall - 0.39, Roof - 0.28, Ground Floor - 0.45, Windows - 1.60",gas_boiler,gas,stove,1,1,0,direct_electric,none,0,0,0,2,private,medium
D0811,ESC_like,SD13,0.097,DCSix,semi_detached,2000,1990s_2000s,132,32.3,medium,Other,D/E,Requiring Retrofit,4.75,"External Wall - 0.39, Roof - 0.28, Ground Floor - 0.45, Windows - 1.60",gas_boiler,gas,stove,1,2,0,direct_electric,none,1980,1,0,5,private,low
D0812,ESC_like,SD14,0.023,DCSix,apartment_duplex,1966,pre1970,104.1,37.4,medium,Cork,D/E,Requiring Retrofit,9.18,"External Wall - 1.54, Roof - 0.71, Ground Floor - 0.70, Windows - 2.80",gas_boiler,gas,open_fire,1,1,0,gas_boiler,solar_thermal,938,0,0,2,private,low
D0813,Archetype_only,SD9,0.006,DCSix,detached,1981,1970s_1980s,116.1,39.2,medium,Galway,C,Partially Retrofitted,5.31,"External Wall - 0.39, Roof - 0.28, Ground Floor - 0.45, Windows - 1.60",heat_pump,electric,stove,1,1,1,heat_pump_cylinder,solar_thermal,727,0,1,3,private,low
D0814,ESC_like,SD20,0.031,DCSix,semi_detached,1968,pre1970,124.2,33.1,medium,Dublin,D/E,Partially Retrofitted,8.15,"External Wall - 0.39, Roof - 0.28, Ground Floor - 0.45, Windows - 1.60",heat_pump,electric,open_fire,1,3,1,heat_pump_cylinder,immersion,0,0,1,3,private,high
D0815,ESC_like,SD12,0.023,Other,apartment_duplex,2019,post2010,62.6,37.7,small,Galway,D/E,Requiring Retrofit,2.95,"External Wall - 0.27, Roof - 0.21, Ground Floor - 0.25, Windows - 1.20",oil_boiler,oil,stove,1,1,0,oil_boiler,immersion,1500,1,0,5,private,medium
D0816,UoG_like,SD14,0.084,Other,detached,1970,1970s_1980s,194.7,46,large,Other,F/G,Requiring Retrofit,3.51,"External Wall - 1.54, Roof - 0.71, Ground Floor - 0.70, Windows - 2.80",heat_pump,electric,none,0,0,1,oil_boiler,immersion,2920.5,1,0,3,social,medium
D0817,UoG_like,SD6,0.064,Other,semi_detached,1963,pre1970,96.1,25.9,medium,Cork,F/G,Requiring Retrofit,6.19,"External Wall - 1.54, Roof - 0.71, Ground Floor - 0.70, Windows - 2.80",heat_pump,electric,stove,1,3,1,oil_boiler,none,0,0,0,4,social,medium
D0818,ESC_like,SD1,0.069,IERC,apartment_duplex,1950,pre1970,79.8,30.9,small,Limerick,C,Retrofitted,4.07,"External Wall - 0.27, Roof - 0.21, Ground Floor - 0.25, Windows - 1.20",gas_boiler,gas,stove,1,1,0,heat_pump_cylinder,none,0,0,0,3,social,medium
D0819,UoG_like,SD10,0.078,DCSix,mid_terrace,2005,1990s_2000s,110.7,35.2,medium,Dublin,C,Partially Retrofitted,3.16,"External Wall - 0.39, Roof - 0.28, Ground Floor - 0.45, Windows - 1.60",heat_pump,electric,open_fire,1,1,1,instant_gas,none,1660.5,1,1,1,private,high
D0820,ESC_like,SD5,0.115,Other,semi_detached,1996,1990s_2000s,90.9,35.5,medium,Dublin,A/B,Retrofitted,4.78,"External Wall - 0.27, Roof - 0.21, Ground Floor - 0.25, Windows - 1.20",heat_pump,electric,none,0,0,1,gas_boiler,none,0,0,0,2,social,high
D0821,Archetype_only,SD13,0.077,IERC,semi_detached,2003,1990s_2000s,131.4,30.9,medium,Cork,C,Partially Retrofitted,7.07,"External Wall - 0.39, Roof - 0.28, Ground Floor - 0.45, Windows - 1.60",oil_boiler,oil,none,0,0,0,oil_boiler,none,1971,1,1,4,private,high
D0822,Archetype_only,SD17,0.075,IERC,end_terrace,2007,1990s_2000s,102.5,33.1,medium,Dublin,C,Requiring Retrofit,6.53,"External Wall - 0.39, Roof - 0.28, Ground Floor - 0.45, Windows - 1.60",heat_pump,electric,none,0,0,1,heat_pump_cylinder,immersion,0,0,1,3,social,low
D0823,ESC_like,SD15,0.055,IERC,semi_detached,1953,pre1970,155.8,26.5,large,Dublin,F/G,Requiring Retrofit,10.69,"External Wall - 1.54, Roof - 0.71, Ground Floor - 0.70, Windows - 2.80",heat_pump,electric,none,0,0,1,gas_boiler,none,2337,1,1,4,private,medium
D0824,ESC_like,SD14,0.035,DCSix,semi_detached,1994,1990s_2000s,109.9,28.3,medium,Cork,D/E,Requiring Retrofit,7.49,"External Wall - 0.39, Roof - 0.28, Ground Floor - 0.45, Windows - 1.60",oil_boiler,oil,open_fire,1,1,0,gas_boiler,none,0,0,0,2,private,low
D0825,ESC_like,SD8,0.082,Other,semi_detached,1991,1990s_2000s,101.8,29.3,medium,Limerick,C,Requiring Retrofit,6.55,"External Wall - 0.39, Roof - 0.28, Ground Floor - 0.45, Windows - 1.60",heat_pump,electric,stove,1,1,1,oil_boiler,none,0,0,1,2,social,medium
D0826,UoG_like,SD2,0.065,IERC,end_terrace,2003,1990s_2000s,122.4,38.3,medium,Galway,D/E,Requiring Retrofit,8.19,"External Wall - 0.39, Roof - 0.28, Ground Floor - 0.45, Windows - 1.60",heat_pump,electric,none,0,0,1,gas_boiler,none,0,0,0,2,private,medium
D0827,ESC_like,SD4,0.091,DCSix,end_terrace,2019,post2010,96,30.2,medium,Dublin,D/E,Requiring Retrofit,1,"External Wall - 0.27, Roof - 0.21, Ground Floor - 0.25, Windows - 1.20",gas_boiler,gas,open_fire,1,1,0,heat_pump_cylinder,none,0,0,1,5,private,medium
D0828,Archetype_only,SD13,0.019,IERC,semi_detached,1974,1970s_1980s,112.8,37.6,medium,Dublin,D/E,Retrofitted,6.61,"External Wall - 0.27, Roof - 0.21, Ground Floor - 0.25, Windows - 1.20",heat_pump,electric,stove,1,1,1,oil_boiler,none,0,0,0,1,social,low
D0829,UoG_like,SD6,0.052,IERC,semi_detached,1954,pre1970,90.6,39.2,medium,Limerick,D/E,Partially Retrofitted,7.61,"External Wall - 0.39, Roof - 0.28, Ground Floor - 0.45, Windows - 1.60",heat_pump,electric,open_fire,1,1,1,direct_electric,immersion,0,0,0,2,private,high
D0830,ESC_like,SD20,0.016,DCSix,semi_detached,1963,pre1970,139.3,40.9,medium,Dublin,D/E,Requiring Retrofit,12.61,"External Wall - 1.54, Roof - 0.71, Ground Floor - 0.70, Windows - 2.80",heat_pump,electric,open_fire,1,1,1,instant_gas,none,0,0,1,1,social,medium
D0831,ESC_like,SD16,0.045,Other,end_terrace,1963,pre1970,81.3,36.5,small,Limerick,C,Requiring Retrofit,15.45,"External Wall - 1.54, Roof - 0.71, Ground Floor - 0.70, Windows - 2.80",heat_pump,electric,stove,1,1,1,gas_boiler,immersion,0,0,1,5,private,medium
D0832,UoG_like,SD13,0.088,IERC,detached,1958,pre1970,216.7,36.4,large,Other,D/E,Requiring Retrofit,8.59,"External Wall - 1.54, Roof - 0.71, Ground Floor - 0.70, Windows - 2.80",heat_pump,electric,electric_heater,1,2,1,gas_boiler,solar_thermal,787,0,1,1,private,medium
D0833,UoG_like,SD1,0.113,Other,end_terrace,1989,1970s_1980s,126,34.1,medium,Dublin,F/G,Retrofitted,3.93,"External Wall - 0.27, Roof - 0.21, Ground Floor - 0.25, Windows - 1.20",heat_pump,electric,electric_heater,1,1,1,oil_boiler,none,1890,1,0,4,private,medium
D0834,Archetype_only,SD8,0.031,IERC,detached,1945,pre1970,210.4,33.8,large,Other,D/E,Requiring Retrofit,13.04,"External Wall - 1.54, Roof - 0.71, Ground Floor - 0.70, Windows - 2.80",oil_boiler,oil,open_fire,1,1,0,instant_gas,none,0,0,0,4,private,medium
D0835,Archetype_only,SD20,0.016,DCSix,apartment_duplex,2003,1990s_2000s,62.5,31.2,small,Other,D/E,Retrofitted,6.18,"External Wall - 0.27, Roof - 0.21, Ground Floor - 0.25, Windows - 1.20",gas_boiler,gas,none,0,0,0,gas_boiler,none,0,0,0,1,social,medium
D0836,UoG_like,SD5,0.083,IERC,apartment_duplex,1986,1970s_1980s,74.5,36,small,Other,D/E,Requiring Retrofit,8.33,"External Wall - 1.54, Roof - 0.71, Ground Floor - 0.70, Windows - 2.80",gas_boiler,gas,none,0,0,0,oil_boiler,none,0,0,0,5,private,low
D0837,ESC_like,SD6,0.034,Other,apartment_duplex,1994,1990s_2000s,72.2,27.8,small,Cork,D/E,Requiring Retrofit,8.84,"External Wall - 0.39, Roof - 0.28, Ground Floor - 0.45, Windows - 1.60",oil_boiler,oil,open_fire,1,1,0,gas_boiler,none,0,0,0,4,social,low
D0838,ESC_like,SD18,0.1,Other,apartment_duplex,2004,1990s_2000s,65.6,28.4,small,Dublin,D/E,Requiring Retrofit,6.75,"External Wall - 0.39, Roof - 0.28, Ground Floor - 0.45, Windows - 1.60",heat_pump,electric,stove,1,1,1,gas_boiler,none,1500,1,0,4,private,medium
D0839,UoG_like,SD15,0.083,IERC,end_terrace,2014,post2010,106.6,35.3,medium,Dublin,A/B,Retrofitted,1.61,"External Wall - 0.27, Roof - 0.21, Ground Floor - 0.25, Windows - 1.20",heat_pump,electric,none,0,0,1,heat_pump_cylinder,solar_thermal,785,0,0,2,private,low
D0840,Archetype_only,SD11,0.087,DCSix,detached,2020,post2010,133.9,41.5,medium,Limerick,D/E,Retrofitted,1.93,"External Wall - 0.27, Roof - 0.21, Ground Floor - 0.25, Windows - 1.20",heat_pump,electric,none,0,0,1,oil_boiler,none,2008.5,1,1,1,private,low
D0841,ESC_like,SD19,0.088,DCSix,apartment_duplex,1963,pre1970,58.2,26.4,small,Dublin,A/B,Retrofitted,3.78,"External Wall - 0.27, Roof - 0.21, Ground Floor - 0.25, Windows - 1.20",heat_pump,electric,open_fire,1,1,1,heat_pump_cylinder,immersion,1500,1,0,4,social,medium
D0842,Archetype_only,SD16,0.087,DCSix,mid_terrace,2013,post2010,82.8,30.6,small,Dublin,D/E,Partially Retrofitted,3.16,"External Wall - 0.27, Roof - 0.21, Ground Floor - 0.25, Windows - 1.20",gas_boiler,gas,stove,1,1,0,gas_boiler,immersion,0,0,1,2,private,medium
D0843,ESC_like,SD8,0.079,DCSix,detached,1958,pre1970,150.6,38.5,large,Cork,F/G,Requiring Retrofit,9.95,"External Wall - 1.54, Roof - 0.71, Ground Floor - 0.70, Windows - 2.80",gas_boiler,gas,none,0,0,0,instant_gas,none,0,0,0,5,private,medium
D0844,UoG_like,SD13,0.11,DCSix,apartment_duplex,1981,1970s_1980s,65.9,36.3,small,Dublin,C,Requiring Retrofit,7.44,"External Wall - 1.54, Roof - 0.71, Ground Floor - 0.70, Windows - 2.80",heat_pump,electric,stove,1,1,1,gas_boiler,solar_thermal,723,0,1,5,private,medium
D0845,ESC_like,SD11,0.011,DCSix,mid_terrace,2001,1990s_2000s,52,36.7,small,Cork,D/E,Requiring Retrofit,7,"External Wall - 0.39, Roof - 0.28, Ground Floor - 0.45, Windows - 1.60",gas_boiler,gas,none,0,0,0,oil_boiler,none,0,0,1,2,private,medium
D0846,ESC_like,SD17,0.01,DCSix,end_terrace,2003,1990s_2000s,70,41.2,small,Galway,D/E,Requiring Retrofit,3.96,"External Wall - 0.39, Roof - 0.28, Ground Floor - 0.45, Windows - 1.60",heat_pump,electric,none,0,0,1,oil_boiler,immersion,0,0,1,4,private,low
D0847,Archetype_only,SD18,0.022,Other,mid_terrace,1996,1990s_2000s,83.9,33.1,small,Other,F/G,Retrofitted,4.24,"External Wall - 0.27, Roof - 0.21, Ground Floor - 0.25, Windows - 1.20",oil_boiler,oil,stove,1,1,0,oil_boiler,solar_thermal,2393,1,1,3,social,low
D0848,UoG_like,SD19,0.115,DCSix,end_terrace,1991,1990s_2000s,79.3,34,small,Dublin,C,Retrofitted,6.71,"External Wall - 0.27, Roof - 0.21, Ground Floor - 0.25, Windows - 1.20",gas_boiler,gas,none,0,0,0,instant_gas,none,0,0,0,3,private,high
D0849,Archetype_only,SD12,0.066,IERC,end_terrace,1994,1990s_2000s,76.1,28.2,small,Cork,F/G,Requiring Retrofit,10.9,"External Wall - 0.39, Roof - 0.28, Ground Floor - 0.45, Windows - 1.60",gas_boiler,gas,none,0,0,0,oil_boiler,none,0,0,1,1,social,medium
D0850,UoG_like,SD11,0.067,DCSix,semi_detached,2006,1990s_2000s,112.1,40.9,medium,Galway,F/G,Partially Retrofitted,1.38,"External Wall - 0.39, Roof - 0.28, Ground Floor - 0.45, Windows - 1.60",heat_pump,electric,stove,1,1,1,instant_gas,immersion,1681.5,1,1,1,private,medium
D0851,UoG_like,SD8,0.112,IERC,semi_detached,2005,1990s_2000s,142.7,29.9,large,Other,C,Partially Retrofitted,1.97,"External Wall - 0.39, Roof - 0.28, Ground Floor - 0.45, Windows - 1.60",oil_boiler,oil,open_fire,1,1,0,gas_boiler,immersion,2140.5,1,0,1,social,high
D0852,Archetype_only,SD4,0.053,DCSix,detached,1993,1990s_2000s,146.1,25,large,Galway,C,Requiring Retrofit,6.41,"External Wall - 0.39, Roof - 0.28, Ground Floor - 0.45, Windows - 1.60",heat_pump,electric,none,0,0,1,gas_boiler,solar_thermal,729,0,0,2,private,medium
D0853,UoG_like,SD12,0.085,DCSix,apartment_duplex,2020,post2010,62,34.8,small,Galway,D/E,Requiring Retrofit,3.84,"External Wall - 0.27, Roof - 0.21, Ground Floor - 0.25, Windows - 1.20",gas_boiler,gas,stove,1,1,0,gas_boiler,none,1500,1,1,3,social,medium
D0854,ESC_like,SD1,0.087,IERC,apartment_duplex,2003,1990s_2000s,65.7,42.6,small,Dublin,D/E,Retrofitted,6.06,"External Wall - 0.27, Roof - 0.21, Ground Floor - 0.25, Windows - 1.20",heat_pump,electric,none,0,0,1,oil_boiler,none,1500,1,0,2,private,medium
D0855,ESC_like,SD3,0.072,Other,apartment_duplex,1946,pre1970,67,35.4,small,Other,D/E,Requiring Retrofit,5.56,"External Wall - 1.54, Roof - 0.71, Ground Floor - 0.70, Windows - 2.80",heat_pump,electric,open_fire,1,1,1,heat_pump_cylinder,none,1500,1,1,3,private,medium
D0856,ESC_like,SD19,0.09,DCSix,apartment_duplex,1984,1970s_1980s,73.8,31.9,small,Galway,F/G,Requiring Retrofit,7.34,"External Wall - 1.54, Roof - 0.71, Ground Floor - 0.70, Windows - 2.80",oil_boiler,oil,none,0,0,0,oil_boiler,immersion,0,0,1,3,social,medium
D0857,UoG_like,SD5,0.042,IERC,semi_detached,1973,1970s_1980s,114.6,31.3,medium,Other,F/G,Retrofitted,10,"External Wall - 0.27, Roof - 0.21, Ground Floor - 0.25, Windows - 1.20",heat_pump,electric,electric_heater,1,1,1,heat_pump_cylinder,immersion,0,0,1,1,social,medium
D0858,UoG_like,SD9,0.07,Other,mid_terrace,1953,pre1970,139.2,33,medium,Other,F/G,Requiring Retrofit,10.43,"External Wall - 1.54, Roof - 0.71, Ground Floor - 0.70, Windows - 2.80",gas_boiler,gas,none,0,0,0,oil_boiler,none,0,0,1,1,private,medium
D0859,Archetype_only,SD7,0.097,DCSix,detached,1964,pre1970,172,38.7,large,Limerick,A/B,Retrofitted,8.4,"External Wall - 0.27, Roof - 0.21, Ground Floor - 0.25, Windows - 1.20",oil_boiler,oil,stove,1,1,0,oil_boiler,solar_thermal,3283,1,0,4,private,medium
D0860,Archetype_only,SD5,0.068,DCSix,detached,1976,1970s_1980s,191.7,28.8,large,Dublin,D/E,Partially Retrofitted,5.73,"External Wall - 0.39, Roof - 0.28, Ground Floor - 0.45, Windows - 1.60",heat_pump,electric,none,0,0,1,oil_boiler,immersion,0,0,1,1,private,low
D0861,ESC_like,SD10,0.078,IERC,mid_terrace,1951,pre1970,104.6,36.3,medium,Galway,D/E,Requiring Retrofit,4.51,"External Wall - 1.54, Roof - 0.71, Ground Floor - 0.70, Windows - 2.80",gas_boiler,gas,none,0,0,0,gas_boiler,none,0,0,0,4,private,medium
D0862,Archetype_only,SD12,0.056,DCSix,semi_detached,2010,post2010,86.3,37.8,small,Limerick,C,Retrofitted,1.94,"External Wall - 0.27, Roof - 0.21, Ground Floor - 0.25, Windows - 1.20",heat_pump,electric,none,0,0,1,instant_gas,none,0,0,1,2,private,medium
D0863,ESC_like,SD11,0.117,DCSix,apartment_duplex,1991,1990s_2000s,76.6,35,small,Limerick,D/E,Requiring Retrofit,4.43,"External Wall - 0.39, Roof - 0.28, Ground Floor - 0.45, Windows - 1.60",heat_pump,electric,electric_heater,1,1,1,gas_boiler,immersion,1500,1,1,5,social,high
D0864,UoG_like,SD12,0.019,DCSix,detached,1943,pre1970,83.5,39.6,small,Limerick,D/E,Requiring Retrofit,6.54,"External Wall - 1.54, Roof - 0.71, Ground Floor - 0.70, Windows - 2.80",gas_boiler,gas,none,0,0,0,instant_gas,none,0,0,0,2,social,high
D0865,UoG_like,SD17,0.117,DCSix,semi_detached,1974,1970s_1980s,133.5,35.7,medium,Dublin,A/B,Partially Retrofitted,2.22,"External Wall - 0.39, Roof - 0.28, Ground Floor - 0.45, Windows - 1.60",oil_boiler,oil,none,0,0,0,heat_pump_cylinder,none,2002.5,1,1,1,private,medium
D0866,ESC_like,SD1,0.081,DCSix,semi_detached,1961,pre1970,93.4,27.4,medium,Dublin,C,Requiring Retrofit,11.63,"External Wall - 1.54, Roof - 0.71, Ground Floor - 0.70, Windows - 2.80",oil_boiler,oil,none,0,0,0,oil_boiler,none,0,0,0,5,private,low
D0867,UoG_like,SD4,0.009,IERC,end_terrace,2013,post2010,115.8,37.2,medium,Cork,D/E,Requiring Retrofit,1,"External Wall - 0.27, Roof - 0.21, Ground Floor - 0.25, Windows - 1.20",heat_pump,electric,none,0,0,1,direct_electric,immersion,1737,1,1,4,social,high
D0868,ESC_like,SD14,0.057,DCSix,apartment_duplex,2001,1990s_2000s,73.8,36.2,small,Cork,F/G,Partially Retrofitted,4.81,"External Wall - 0.39, Roof - 0.28, Ground Floor - 0.45, Windows - 1.60",heat_pump,electric,stove,1,1,1,gas_boiler,none,1500,1,0,1,private,low
D0869,UoG_like,SD18,0.056,IERC,detached,1962,pre1970,151.4,32,large,Cork,C,Retrofitted,8.63,"External Wall - 0.27, Roof - 0.21, Ground Floor - 0.25, Windows - 1.20",heat_pump,electric,none,0,0,1,instant_gas,none,0,0,0,3,private,medium
D0870,ESC_like,SD20,0.061,DCSix,end_terrace,2011,post2010,88.5,37.1,small,Dublin,C,Requiring Retrofit,3.95,"External Wall - 0.27, Roof - 0.21, Ground Floor - 0.25, Windows - 1.20",gas_boiler,gas,stove,1,1,0,heat_pump_cylinder,none,1500,1,1,5,private,low
D0871,UoG_like,SD7,0.083,IERC,end_terrace,1965,pre1970,115.8,36.6,medium,Limerick,C,Requiring Retrofit,8.67,"External Wall - 1.54, Roof - 0.71, Ground Floor - 0.70, Windows - 2.80",heat_pump,electric,none,0,0,1,oil_boiler,immersion,1737,1,0,5,social,medium
D0872,UoG_like,SD10,0.026,Other,mid_terrace,1979,1970s_1980s,63.9,36.8,small,Cork,F/G,Partially Retrofitted,9.93,"External Wall - 0.39, Roof - 0.28, Ground Floor - 0.45, Windows - 1.60",gas_boiler,gas,none,0,0,0,gas_boiler,immersion,1500,1,0,4,private,medium
D0873,UoG_like,SD20,0.112,Other,semi_detached,2009,1990s_2000s,123.6,32.9,medium,Other,A/B,Requiring Retrofit,2.98,"External Wall - 0.39, Roof - 0.28, Ground Floor - 0.45, Windows - 1.60",heat_pump,electric,none,0,0,1,gas_boiler,none,0,0,1,1,private,medium
D0874,ESC_like,SD11,0.013,DCSix,detached,2005,1990s_2000s,165.9,32.6,large,Cork,D/E,Requiring Retrofit,4.18,"External Wall - 0.39, Roof - 0.28, Ground Floor - 0.45, Windows - 1.60",heat_pump,electric,electric_heater,1,1,1,instant_gas,none,0,0,0,4,private,high
D0875,ESC_like,SD20,0.019,DCSix,mid_terrace,2007,1990s_2000s,115.6,40,medium,Galway,D/E,Retrofitted,2.9,"External Wall - 0.27, Roof - 0.21, Ground Floor - 0.25, Windows - 1.20",heat_pump,electric,none,0,0,1,heat_pump_cylinder,immersion,1734,1,1,5,private,medium
D0876,Archetype_only,SD20,0.073,Other,semi_detached,1985,1970s_1980s,101.3,28.5,medium,Dublin,F/G,Requiring Retrofit,5.62,"External Wall - 1.54, Roof - 0.71, Ground Floor - 0.70, Windows - 2.80",heat_pump,electric,stove,1,1,1,instant_gas,none,0,0,1,4,private,low
D0877,ESC_like,SD1,0.046,Other,semi_detached,1988,1970s_1980s,108.7,35.4,medium,Limerick,D/E,Retrofitted,4.1,"External Wall - 0.27, Roof - 0.21, Ground Floor - 0.25, Windows - 1.20",heat_pump,electric,open_fire,1,1,1,instant_gas,immersion,0,0,0,4,private,high
D0878,ESC_like,SD7,0.096,Other,mid_terrace,2004,1990s_2000s,77.4,39.4,small,Other,A/B,Retrofitted,4.44,"External Wall - 0.27, Roof - 0.21, Ground Floor - 0.25, Windows - 1.20",heat_pump,electric,open_fire,1,1,1,oil_boiler,none,0,0,0,3,private,high
D0879,Archetype_only,SD12,0.059,IERC,semi_detached,1997,1990s_2000s,69.4,34.8,small,Galway,C,Partially Retrofitted,4.8,"External Wall - 0.39, Roof - 0.28, Ground Floor - 0.45, Windows - 1.60",heat_pump,electric,stove,1,1,1,direct_electric,immersion,0,0,1,5,private,low
D0880,UoG_like,SD3,0.027,DCSix,detached,1994,1990s_2000s,125.4,37.9,medium,Galway,C,Requiring Retrofit,6.63,"External Wall - 0.39, Roof - 0.28, Ground Floor - 0.45, Windows - 1.60",heat_pump,electric,none,0,0,1,oil_boiler,immersion,0,0,1,4,private,high
D0881,Archetype_only,SD10,0.03,IERC,semi_detached,1961,pre1970,104.8,36.6,medium,Dublin,C,Partially Retrofitted,4.85,"External Wall - 0.39, Roof - 0.28, Ground Floor - 0.45, Windows - 1.60",heat_pump,electric,none,0,0,1,direct_electric,none,1572,1,1,4,private,medium
D0882,ESC_like,SD12,0.105,DCSix,detached,1989,1970s_1980s,134.8,26.2,medium,Dublin,D/E,Requiring Retrofit,5.99,"External Wall - 1.54, Roof - 0.71, Ground Floor - 0.70, Windows - 2.80",heat_pump,electric,none,0,0,1,oil_boiler,none,2022,1,1,3,private,medium
D0883,UoG_like,SD9,0.058,IERC,mid_terrace,1976,1970s_1980s,73,35.9,small,Other,C,Requiring Retrofit,14.63,"External Wall - 1.54, Roof - 0.71, Ground Floor - 0.70, Windows - 2.80",heat_pump,electric,none,0,0,1,oil_boiler,none,1500,1,1,2,private,low
D0884,UoG_like,SD4,0.079,IERC,apartment_duplex,2002,1990s_2000s,48.4,37.4,small,Dublin,F/G,Requiring Retrofit,3.08,"External Wall - 0.39, Roof - 0.28, Ground Floor - 0.45, Windows - 1.60",gas_boiler,gas,none,0,0,0,oil_boiler,none,0,0,1,2,private,low
D0885,ESC_like,SD19,0.118,IERC,semi_detached,1955,pre1970,116,34.9,medium,Limerick,C,Partially Retrofitted,3.7,"External Wall - 0.39, Roof - 0.28, Ground Floor - 0.45, Windows - 1.60",heat_pump,electric,none,0,0,1,gas_boiler,none,0,0,0,1,social,medium
D0886,Archetype_only,SD16,0.019,DCSix,apartment_duplex,1984,1970s_1980s,94.5,41.3,medium,Galway,C,Retrofitted,4.54,"External Wall - 0.27, Roof - 0.21, Ground Floor - 0.25, Windows - 1.20",heat_pump,electric,electric_heater,1,1,1,direct_electric,solar_thermal,871,0,0,3,private,medium
D0887,ESC_like,SD3,0.029,IERC,apartment_duplex,1988,1970s_1980s,66.1,30,small,Cork,D/E,Requiring Retrofit,7.53,"External Wall - 1.54, Roof - 0.71, Ground Floor - 0.70, Windows - 2.80",heat_pump,electric,none,0,0,1,oil_boiler,immersion,0,0,1,2,social,low
D0888,ESC_like,SD3,0.09,DCSix,semi_detached,2001,1990s_2000s,86.4,34.6,small,Dublin,C,Requiring Retrofit,5.32,"External Wall - 0.39, Roof - 0.28, Ground Floor - 0.45, Windows - 1.60",gas_boiler,gas,electric_heater,1,1,0,heat_pump_cylinder,none,0,0,0,1,private,medium
D0889,ESC_like,SD11,0.04,DCSix,end_terrace,1982,1970s_1980s,121.2,33.3,medium,Galway,D/E,Retrofitted,2.56,"External Wall - 0.27, Roof - 0.21, Ground Floor - 0.25, Windows - 1.20",gas_boiler,gas,electric_heater,1,1,0,oil_boiler,none,0,0,1,3,social,medium
D0890,UoG_like,SD5,0.074,Other,semi_detached,2012,post2010,142,40.3,large,Cork,F/G,Retrofitted,1.44,"External Wall - 0.27, Roof - 0.21, Ground Floor - 0.25, Windows - 1.20",oil_boiler,oil,none,0,0,0,oil_boiler,none,0,0,0,1,private,low
D0891,ESC_like,SD5,0.021,DCSix,apartment_duplex,1941,pre1970,59.6,43.7,small,Dublin,F/G,Requiring Retrofit,17.65,"External Wall - 1.54, Roof - 0.71, Ground Floor - 0.70, Windows - 2.80",gas_boiler,gas,none,0,0,0,gas_boiler,immersion,0,0,0,3,social,low
D0892,ESC_like,SD10,0.042,DCSix,semi_detached,2009,1990s_2000s,146.4,27.6,large,Dublin,D/E,Requiring Retrofit,3.2,"External Wall - 0.39, Roof - 0.28, Ground Floor - 0.45, Windows - 1.60",heat_pump,electric,open_fire,1,1,1,gas_boiler,solar_thermal,823,0,0,2,private,medium
D0893,Archetype_only,SD13,0.111,DCSix,detached,1983,1970s_1980s,203.1,38.8,large,Limerick,D/E,Partially Retrofitted,5.57,"External Wall - 0.39, Roof - 0.28, Ground Floor - 0.45, Windows - 1.60",gas_boiler,gas,electric_heater,1,1,0,heat_pump_cylinder,none,0,0,0,1,private,medium
D0894,ESC_like,SD10,0.11,Other,apartment_duplex,2011,post2010,51.7,38.4,small,Dublin,F/G,Retrofitted,2.97,"External Wall - 0.27, Roof - 0.21, Ground Floor - 0.25, Windows - 1.20",heat_pump,electric,none,0,0,1,gas_boiler,none,0,0,0,1,private,high
D0895,ESC_like,SD8,0.111,DCSix,semi_detached,2006,1990s_2000s,155.5,38.3,large,Other,F/G,Partially Retrofitted,1.56,"External Wall - 0.39, Roof - 0.28, Ground Floor - 0.45, Windows - 1.60",gas_boiler,gas,none,0,0,0,heat_pump_cylinder,none,0,0,0,4,private,high
D0896,ESC_like,SD20,0.097,DCSix,detached,1960,pre1970,209.7,43.1,large,Other,F/G,Requiring Retrofit,4.11,"External Wall - 1.54, Roof - 0.71, Ground Floor - 0.70, Windows - 2.80",gas_boiler,gas,none,0,0,0,gas_boiler,immersion,0,0,1,4,social,medium
D0897,ESC_like,SD18,0.045,DCSix,apartment_duplex,1990,1990s_2000s,76.8,40.9,small,Cork,D/E,Partially Retrofitted,3.18,"External Wall - 0.39, Roof - 0.28, Ground Floor - 0.45, Windows - 1.60",heat_pump,electric,open_fire,1,1,1,gas_boiler,none,0,0,1,1,private,low
D0898,Archetype_only,SD6,0.027,Other,end_terrace,2000,1990s_2000s,86.1,33,small,Cork,D/E,Retrofitted,5.47,"External Wall - 0.27, Roof - 0.21, Ground Floor - 0.25, Windows - 1.20",gas_boiler,gas,none,0,0,0,oil_boiler,immersion,0,0,0,5,private,medium
D0899,UoG_like,SD11,0.061,IERC,detached,2022,post2010,193.2,33.2,large,Galway,C,Retrofitted,2.32,"External Wall - 0.27, Roof - 0.21, Ground Floor - 0.25, Windows - 1.20",gas_boiler,gas,electric_heater,1,3,0,gas_boiler,none,2898,1,0,5,private,low
D0900,ESC_like,SD4,0.117,Other,detached,1948,pre1970,166,25,large,Dublin,D/E,Requiring Retrofit,14.47,"External Wall - 1.54, Roof - 0.71, Ground Floor - 0.70, Windows - 2.80",heat_pump,electric,electric_heater,1,2,1,oil_boiler,none,2490,1,1,5,private,medium
D0901,UoG_like,SD19,0.026,DCSix,mid_terrace,1987,1970s_1980s,82.5,32.5,small,Galway,C,Partially Retrofitted,6.56,"External Wall - 0.39, Roof - 0.28, Ground Floor - 0.45, Windows - 1.60",oil_boiler,oil,none,0,0,0,oil_boiler,immersion,0,0,0,2,private,medium
D0902,Archetype_only,SD14,0.102,DCSix,semi_detached,1993,1990s_2000s,110.7,33.8,medium,Cork,D/E,Partially Retrofitted,4.75,"External Wall - 0.39, Roof - 0.28, Ground Floor - 0.45, Windows - 1.60",gas_boiler,gas,none,0,0,0,gas_boiler,none,0,0,1,1,private,low
D0903,UoG_like,SD19,0.114,IERC,mid_terrace,2015,post2010,118.1,34.3,medium,Limerick,C,Retrofitted,1.91,"External Wall - 0.27, Roof - 0.21, Ground Floor - 0.25, Windows - 1.20",heat_pump,electric,none,0,0,1,gas_boiler,none,1771.5,1,1,1,private,low
D0904,UoG_like,SD11,0.075,IERC,mid_terrace,1970,1970s_1980s,127.5,31.6,medium,Dublin,F/G,Requiring Retrofit,6.79,"External Wall - 1.54, Roof - 0.71, Ground Floor - 0.70, Windows - 2.80",heat_pump,electric,open_fire,1,1,1,gas_boiler,immersion,0,0,1,4,private,high
D0905,UoG_like,SD14,0.061,DCSix,mid_terrace,1993,1990s_2000s,68.3,38.9,small,Cork,C,Partially Retrofitted,8.57,"External Wall - 0.39, Roof - 0.28, Ground Floor - 0.45, Windows - 1.60",gas_boiler,gas,stove,1,1,0,gas_boiler,solar_thermal,797,0,1,1,social,medium
D0906,ESC_like,SD19,0.098,Other,semi_detached,2011,post2010,83.1,32.3,small,Other,F/G,Retrofitted,1,"External Wall - 0.27, Roof - 0.21, Ground Floor - 0.25, Windows - 1.20",gas_boiler,gas,stove,1,3,0,oil_boiler,solar_thermal,771,0,1,5,private,medium
D0907,UoG_like,SD19,0.064,DCSix,apartment_duplex,1982,1970s_1980s,76.1,27.3,small,Dublin,D/E,Partially Retrofitted,4.5,"External Wall - 0.39, Roof - 0.28, Ground Floor - 0.45, Windows - 1.60",heat_pump,electric,stove,1,1,1,oil_boiler,none,0,0,0,2,private,high
D0908,ESC_like,SD20,0.115,IERC,detached,1967,pre1970,173.6,38.9,large,Cork,C,Retrofitted,5.73,"External Wall - 0.27, Roof - 0.21, Ground Floor - 0.25, Windows - 1.20",heat_pump,electric,stove,1,1,1,heat_pump_cylinder,immersion,0,0,0,3,private,low
D0909,Archetype_only,SD1,0.12,DCSix,semi_detached,2004,1990s_2000s,94.6,28.6,medium,Dublin,F/G,Requiring Retrofit,6.47,"External Wall - 0.39, Roof - 0.28, Ground Floor - 0.45, Windows - 1.60",gas_boiler,gas,none,0,0,0,instant_gas,solar_thermal,857,0,0,4,private,high
D0910,UoG_like,SD5,0.077,DCSix,detached,2000,1990s_2000s,230.2,32.5,large,Cork,D/E,Retrofitted,3.13,"External Wall - 0.27, Roof - 0.21, Ground Floor - 0.25, Windows - 1.20",heat_pump,electric,none,0,0,1,gas_boiler,none,0,0,0,4,private,low
D0911,UoG_like,SD14,0.115,DCSix,detached,1982,1970s_1980s,152.8,35.8,large,Cork,D/E,Requiring Retrofit,7.9,"External Wall - 1.54, Roof - 0.71, Ground Floor - 0.70, Windows - 2.80",heat_pump,electric,open_fire,1,1,1,oil_boiler,immersion,0,0,1,3,private,high
D0912,Archetype_only,SD15,0.02,IERC,semi_detached,1973,1970s_1980s,122.3,42,medium,Galway,F/G,Requiring Retrofit,9.95,"External Wall - 1.54, Roof - 0.71, Ground Floor - 0.70, Windows - 2.80",gas_boiler,gas,electric_heater,1,4,0,oil_boiler,immersion,0,0,0,2,social,medium
D0913,ESC_like,SD20,0.083,DCSix,mid_terrace,1966,pre1970,102.5,36.8,medium,Other,D/E,Requiring Retrofit,12.65,"External Wall - 1.54, Roof - 0.71, Ground Floor - 0.70, Windows - 2.80",heat_pump,electric,open_fire,1,1,1,gas_boiler,none,0,0,0,1,private,medium
D0914,UoG_like,SD19,0.08,IERC,apartment_duplex,1980,1970s_1980s,70.7,35.3,small,Cork,D/E,Retrofitted,6.28,"External Wall - 0.27, Roof - 0.21, Ground Floor - 0.25, Windows - 1.20",gas_boiler,gas,none,0,0,0,oil_boiler,immersion,0,0,0,3,private,medium
D0915,UoG_like,SD19,0.116,IERC,mid_terrace,2010,post2010,114.6,32.8,medium,Cork,C,Requiring Retrofit,2.99,"External Wall - 0.27, Roof - 0.21, Ground Floor - 0.25, Windows - 1.20",gas_boiler,gas,none,0,0,0,gas_boiler,none,0,0,0,3,private,high
D0916,Archetype_only,SD16,0.106,IERC,detached,1944,pre1970,164.5,40.5,large,Dublin,F/G,Requiring Retrofit,11.59,"External Wall - 1.54, Roof - 0.71, Ground Floor - 0.70, Windows - 2.80",heat_pump,electric,electric_heater,1,1,1,oil_boiler,immersion,0,0,0,2,private,medium
D0917,UoG_like,SD11,0.032,Other,apartment_duplex,2015,post2010,55,33.4,small,Dublin,F/G,Retrofitted,2.6,"External Wall - 0.27, Roof - 0.21, Ground Floor - 0.25, Windows - 1.20",heat_pump,electric,none,0,0,1,gas_boiler,solar_thermal,2399,1,1,1,private,low
D0918,UoG_like,SD13,0.068,DCSix,detached,2019,post2010,186.6,45.2,large,Galway,D/E,Partially Retrofitted,2.87,"External Wall - 0.27, Roof - 0.21, Ground Floor - 0.25, Windows - 1.20",gas_boiler,gas,stove,1,2,0,gas_boiler,none,0,0,0,5,private,low
D0919,UoG_like,SD14,0.047,IERC,detached,1950,pre1970,155.8,33.7,large,Galway,C,Retrofitted,7.88,"External Wall - 0.27, Roof - 0.21, Ground Floor - 0.25, Windows - 1.20",gas_boiler,gas,none,0,0,0,gas_boiler,solar_thermal,803,0,0,5,private,low
D0920,ESC_like,SD14,0.02,Other,semi_detached,1983,1970s_1980s,137.2,38.4,medium,Galway,D/E,Requiring Retrofit,5.16,"External Wall - 1.54, Roof - 0.71, Ground Floor - 0.70, Windows - 2.80",heat_pump,electric,stove,1,1,1,instant_gas,none,0,0,0,3,private,low
D0921,ESC_like,SD4,0.015,DCSix,mid_terrace,1984,1970s_1980s,115.8,36.8,medium,Galway,C,Partially Retrofitted,3.69,"External Wall - 0.39, Roof - 0.28, Ground Floor - 0.45, Windows - 1.60",oil_boiler,oil,none,0,0,0,heat_pump_cylinder,none,0,0,0,3,private,medium
D0922,ESC_like,SD1,0.118,Other,semi_detached,2011,post2010,93.4,29.3,medium,Dublin,C,Retrofitted,2,"External Wall - 0.27, Roof - 0.21, Ground Floor - 0.25, Windows - 1.20",heat_pump,electric,none,0,0,1,oil_boiler,immersion,0,0,0,1,private,low
D0923,ESC_like,SD12,0.093,DCSix,detached,2000,1990s_2000s,186.3,33.3,large,Galway,D/E,Requiring Retrofit,7.37,"External Wall - 0.39, Roof - 0.28, Ground Floor - 0.45, Windows - 1.60",heat_pump,electric,none,0,0,1,gas_boiler,immersion,0,0,0,1,private,low
D0924,UoG_like,SD13,0.065,Other,semi_detached,2009,1990s_2000s,97.7,36.6,medium,Dublin,D/E,Requiring Retrofit,4.82,"External Wall - 0.39, Roof - 0.28, Ground Floor - 0.45, Windows - 1.60",gas_boiler,gas,none,0,0,0,gas_boiler,none,0,0,1,5,private,medium
D0925,ESC_like,SD2,0.108,DCSix,detached,1986,1970s_1980s,189.3,39.8,large,Dublin,C,Partially Retrofitted,7.16,"External Wall - 0.39, Roof - 0.28, Ground Floor - 0.45, Windows - 1.60",gas_boiler,gas,stove,1,1,0,heat_pump_cylinder,solar_thermal,3574.5,1,1,4,private,high
D0926,ESC_like,SD18,0.046,DCSix,detached,1982,1970s_1980s,151.6,33.3,large,Cork,C,Requiring Retrofit,7.31,"External Wall - 1.54, Roof - 0.71, Ground Floor - 0.70, Windows - 2.80",heat_pump,electric,electric_heater,1,2,1,heat_pump_cylinder,none,0,0,0,3,private,medium
D0927,ESC_like,SD8,0.091,IERC,mid_terrace,1955,pre1970,81.5,32.8,small,Limerick,D/E,Retrofitted,9.82,"External Wall - 0.27, Roof - 0.21, Ground Floor - 0.25, Windows - 1.20",heat_pump,electric,none,0,0,1,gas_boiler,immersion,1500,1,0,3,private,medium
D0928,ESC_like,SD12,0.008,IERC,semi_detached,1998,1990s_2000s,138,32.4,medium,Other,D/E,Retrofitted,3.54,"External Wall - 0.27, Roof - 0.21, Ground Floor - 0.25, Windows - 1.20",gas_boiler,gas,stove,1,1,0,gas_boiler,solar_thermal,896,0,1,5,social,medium
D0929,UoG_like,SD7,0.081,DCSix,detached,2013,post2010,115.5,33,medium,Dublin,A/B,Requiring Retrofit,3.24,"External Wall - 0.27, Roof - 0.21, Ground Floor - 0.25, Windows - 1.20",heat_pump,electric,none,0,0,1,gas_boiler,none,1732.5,1,0,5,private,medium
D0930,Archetype_only,SD13,0.101,IERC,semi_detached,1997,1990s_2000s,72.2,34.4,small,Dublin,F/G,Requiring Retrofit,4.8,"External Wall - 0.39, Roof - 0.28, Ground Floor - 0.45, Windows - 1.60",gas_boiler,gas,none,0,0,0,oil_boiler,none,1500,1,1,5,social,high
D0931,ESC_like,SD7,0.076,DCSix,end_terrace,1980,1970s_1980s,76,34.9,small,Other,D/E,Partially Retrofitted,1,"External Wall - 0.39, Roof - 0.28, Ground Floor - 0.45, Windows - 1.60",heat_pump,electric,none,0,0,1,direct_electric,none,0,0,0,1,private,medium
D0932,UoG_like,SD3,0.031,Other,detached,1966,pre1970,89.7,42.9,small,Other,D/E,Retrofitted,3.8,"External Wall - 0.27, Roof - 0.21, Ground Floor - 0.25, Windows - 1.20",gas_boiler,gas,none,0,0,0,oil_boiler,none,1500,1,0,1,social,low
D0933,ESC_like,SD1,0.041,DCSix,detached,1978,1970s_1980s,148.3,35.3,large,Cork,D/E,Requiring Retrofit,11.19,"External Wall - 1.54, Roof - 0.71, Ground Floor - 0.70, Windows - 2.80",heat_pump,electric,open_fire,1,1,1,oil_boiler,none,0,0,1,5,private,medium
D0934,ESC_like,SD17,0.11,DCSix,semi_detached,1983,1970s_1980s,125.3,48.4,medium,Dublin,D/E,Requiring Retrofit,8.15,"External Wall - 1.54, Roof - 0.71, Ground Floor - 0.70, Windows - 2.80",gas_boiler,gas,open_fire,1,1,0,oil_boiler,immersion,0,0,0,1,private,high
D0935,ESC_like,SD20,0.119,Other,end_terrace,2016,post2010,40,40.4,small,Dublin,D/E,Retrofitted,1,"External Wall - 0.27, Roof - 0.21, Ground Floor - 0.25, Windows - 1.20",heat_pump,electric,electric_heater,1,1,1,oil_boiler,none,1500,1,1,4,private,low
D0936,Archetype_only,SD5,0.091,DCSix,mid_terrace,1993,1990s_2000s,119.9,36.5,medium,Dublin,D/E,Requiring Retrofit,6.29,"External Wall - 0.39, Roof - 0.28, Ground Floor - 0.45, Windows - 1.60",heat_pump,electric,open_fire,1,1,1,instant_gas,none,0,0,0,1,private,medium
D0937,ESC_like,SD17,0.102,DCSix,end_terrace,2007,1990s_2000s,110.7,39,medium,Galway,D/E,Requiring Retrofit,3.12,"External Wall - 0.39, Roof - 0.28, Ground Floor - 0.45, Windows - 1.60",gas_boiler,gas,open_fire,1,1,0,instant_gas,none,0,0,0,4,private,medium
D0938,UoG_like,SD2,0.091,DCSix,mid_terrace,2000,1990s_2000s,97.7,39.4,medium,Galway,D/E,Requiring Retrofit,6.76,"External Wall - 0.39, Roof - 0.28, Ground Floor - 0.45, Windows - 1.60",heat_pump,electric,stove,1,3,1,heat_pump_cylinder,none,1500,1,0,3,private,low
D0939,Archetype_only,SD12,0.102,DCSix,semi_detached,1985,1970s_1980s,71.4,32,small,Cork,C,Requiring Retrofit,8.59,"External Wall - 1.54, Roof - 0.71, Ground Floor - 0.70, Windows - 2.80",oil_boiler,oil,stove,1,1,0,direct_electric,immersion,1500,1,0,3,social,low
D0940,ESC_like,SD5,0.071,Other,detached,1981,1970s_1980s,145.5,34.5,large,Limerick,C,Requiring Retrofit,6.33,"External Wall - 1.54, Roof - 0.71, Ground Floor - 0.70, Windows - 2.80",heat_pump,electric,stove,1,4,1,gas_boiler,none,0,0,1,1,social,low
D0941,ESC_like,SD17,0.085,DCSix,apartment_duplex,1991,1990s_2000s,72.9,38.9,small,Dublin,A/B,Partially Retrofitted,6.5,"External Wall - 0.39, Roof - 0.28, Ground Floor - 0.45, Windows - 1.60",heat_pump,electric,electric_heater,1,1,1,oil_boiler,none,1500,1,0,4,private,medium
D0942,Archetype_only,SD20,0.015,Other,semi_detached,2015,post2010,136.4,38.8,medium,Other,A/B,Partially Retrofitted,1,"External Wall - 0.27, Roof - 0.21, Ground Floor - 0.25, Windows - 1.20",heat_pump,electric,none,0,0,1,gas_boiler,none,0,0,1,5,private,medium
D0943,ESC_like,SD2,0.01,IERC,apartment_duplex,1971,1970s_1980s,81.5,26.2,small,Dublin,C,Requiring Retrofit,7.1,"External Wall - 1.54, Roof - 0.71, Ground Floor - 0.70, Windows - 2.80",gas_boiler,gas,none,0,0,0,direct_electric,immersion,1500,1,0,3,social,low
D0944,Archetype_only,SD2,0.018,DCSix,detached,1982,1970s_1980s,92.3,31.3,medium,Dublin,C,Retrofitted,5.21,"External Wall - 0.27, Roof - 0.21, Ground Floor - 0.25, Windows - 1.20",oil_boiler,oil,none,0,0,0,oil_boiler,none,0,0,1,4,private,low
D0945,UoG_like,SD6,0.02,IERC,detached,1941,pre1970,211.7,32.4,large,Other,D/E,Retrofitted,9.04,"External Wall - 0.27, Roof - 0.21, Ground Floor - 0.25, Windows - 1.20",gas_boiler,gas,none,0,0,0,gas_boiler,immersion,0,0,0,1,social,medium
D0946,UoG_like,SD11,0.097,Other,detached,1994,1990s_2000s,188.6,32.2,large,Galway,D/E,Partially Retrofitted,4.26,"External Wall - 0.39, Roof - 0.28, Ground Floor - 0.45, Windows - 1.60",gas_boiler,gas,none,0,0,0,instant_gas,immersion,0,0,1,3,private,low
D0947,Archetype_only,SD1,0.114,IERC,apartment_duplex,1980,1970s_1980s,95.6,43.5,medium,Dublin,C,Requiring Retrofit,4.69,"External Wall - 1.54, Roof - 0.71, Ground Floor - 0.70, Windows - 2.80",gas_boiler,gas,open_fire,1,3,0,instant_gas,immersion,0,0,1,4,private,medium
D0948,Archetype_only,SD10,0.058,IERC,semi_detached,1960,pre1970,144.1,36.5,large,Limerick,D/E,Requiring Retrofit,9.77,"External Wall - 1.54, Roof - 0.71, Ground Floor - 0.70, Windows - 2.80",heat_pump,electric,electric_heater,1,1,1,heat_pump_cylinder,none,0,0,0,5,private,medium
D0949,ESC_like,SD1,0.071,DCSix,mid_terrace,1978,1970s_1980s,117,41.5,medium,Galway,D/E,Requiring Retrofit,10.72,"External Wall - 1.54, Roof - 0.71, Ground Floor - 0.70, Windows - 2.80",heat_pump,electric,stove,1,2,1,gas_boiler,none,0,0,0,1,private,high
D0950,UoG_like,SD1,0.086,DCSix,end_terrace,1975,1970s_1980s,112.7,32.5,medium,Galway,F/G,Requiring Retrofit,12.91,"External Wall - 1.54, Roof - 0.71, Ground Floor - 0.70, Windows - 2.80",gas_boiler,gas,stove,1,1,0,gas_boiler,immersion,0,0,1,3,private,low
D0951,UoG_like,SD2,0.063,DCSix,semi_detached,1974,1970s_1980s,115.5,26.9,medium,Cork,D/E,Retrofitted,2.8,"External Wall - 0.27, Roof - 0.21, Ground Floor - 0.25, Windows - 1.20",heat_pump,electric,none,0,0,1,gas_boiler,none,0,0,1,5,private,low
D0952,Archetype_only,SD20,0.055,DCSix,detached,1989,1970s_1980s,149.5,35.9,large,Cork,D/E,Partially Retrofitted,3.63,"External Wall - 0.39, Roof - 0.28, Ground Floor - 0.45, Windows - 1.60",gas_boiler,gas,open_fire,1,1,0,gas_boiler,immersion,0,0,1,4,private,high
D0953,UoG_like,SD7,0.053,DCSix,mid_terrace,1975,1970s_1980s,128.7,33.5,medium,Other,F/G,Requiring Retrofit,5.75,"External Wall - 1.54, Roof - 0.71, Ground Floor - 0.70, Windows - 2.80",heat_pump,electric,none,0,0,1,heat_pump_cylinder,solar_thermal,818,0,1,1,private,medium
D0954,ESC_like,SD6,0.054,DCSix,detached,1961,pre1970,151.5,31.3,large,Galway,C,Partially Retrofitted,6.97,"External Wall - 0.39, Roof - 0.28, Ground Floor - 0.45, Windows - 1.60",heat_pump,electric,stove,1,1,1,gas_boiler,immersion,0,0,0,4,private,medium
D0955,ESC_like,SD14,0.049,DCSix,apartment_duplex,1994,1990s_2000s,87.3,25.4,small,Other,D/E,Requiring Retrofit,3.98,"External Wall - 0.39, Roof - 0.28, Ground Floor - 0.45, Windows - 1.60",oil_boiler,oil,none,0,0,0,heat_pump_cylinder,solar_thermal,789,0,0,3,social,medium
D0956,ESC_like,SD10,0.012,IERC,mid_terrace,1982,1970s_1980s,123,33.7,medium,Limerick,F/G,Requiring Retrofit,8.81,"External Wall - 1.54, Roof - 0.71, Ground Floor - 0.70, Windows - 2.80",heat_pump,electric,none,0,0,1,instant_gas,none,1845,1,0,5,private,medium
D0957,ESC_like,SD4,0.08,DCSix,end_terrace,1973,1970s_1980s,111.2,42.8,medium,Other,C,Partially Retrofitted,6.47,"External Wall - 0.39, Roof - 0.28, Ground Floor - 0.45, Windows - 1.60",heat_pump,electric,none,0,0,1,direct_electric,none,0,0,0,3,private,low
D0958,ESC_like,SD15,0.041,DCSix,end_terrace,1997,1990s_2000s,108.8,42.6,medium,Galway,C,Requiring Retrofit,7.38,"External Wall - 0.39, Roof - 0.28, Ground Floor - 0.45, Windows - 1.60",oil_boiler,oil,none,0,0,0,heat_pump_cylinder,none,1632,1,1,4,private,high
D0959,ESC_like,SD19,0.039,Other,mid_terrace,1980,1970s_1980s,102.5,39.5,medium,Dublin,F/G,Requiring Retrofit,2.63,"External Wall - 1.54, Roof - 0.71, Ground Floor - 0.70, Windows - 2.80",heat_pump,electric,stove,1,1,1,gas_boiler,immersion,0,0,0,1,private,low
D0960,ESC_like,SD15,0.114,DCSix,apartment_duplex,2017,post2010,40,35.5,small,Galway,D/E,Requiring Retrofit,4.5,"External Wall - 0.27, Roof - 0.21, Ground Floor - 0.25, Windows - 1.20",heat_pump,electric,stove,1,3,1,gas_boiler,immersion,0,0,0,1,private,medium
D0961,UoG_like,SD6,0.075,IERC,mid_terrace,2018,post2010,49.6,33.7,small,Galway,A/B,Requiring Retrofit,4.48,"External Wall - 0.27, Roof - 0.21, Ground Floor - 0.25, Windows - 1.20",heat_pump,electric,open_fire,1,1,1,oil_boiler,none,0,0,0,1,private,low
D0962,UoG_like,SD12,0.061,DCSix,apartment_duplex,1970,1970s_1980s,46.5,36.8,small,Cork,D/E,Retrofitted,6.48,"External Wall - 0.27, Roof - 0.21, Ground Floor - 0.25, Windows - 1.20",heat_pump,electric,electric_heater,1,4,1,gas_boiler,immersion,1500,1,1,1,private,low
D0963,UoG_like,SD19,0.071,DCSix,mid_terrace,2001,1990s_2000s,91.5,35.8,medium,Galway,C,Requiring Retrofit,10.15,"External Wall - 0.39, Roof - 0.28, Ground Floor - 0.45, Windows - 1.60",heat_pump,electric,none,0,0,1,gas_boiler,none,0,0,0,3,private,high
D0964,ESC_like,SD17,0.088,Other,apartment_duplex,1941,pre1970,75.5,43,small,Dublin,F/G,Requiring Retrofit,9.06,"External Wall - 1.54, Roof - 0.71, Ground Floor - 0.70, Windows - 2.80",oil_boiler,oil,none,0,0,0,instant_gas,none,0,0,1,5,social,high
D0965,Archetype_only,SD6,0.05,DCSix,mid_terrace,1989,1970s_1980s,114.9,32.9,medium,Cork,D/E,Requiring Retrofit,4.44,"External Wall - 1.54, Roof - 0.71, Ground Floor - 0.70, Windows - 2.80",heat_pump,electric,stove,1,1,1,oil_boiler,immersion,1723.5,1,0,2,social,high
D0966,UoG_like,SD19,0.075,DCSix,end_terrace,2006,1990s_2000s,81.5,39.6,small,Dublin,D/E,Retrofitted,1.37,"External Wall - 0.27, Roof - 0.21, Ground Floor - 0.25, Windows - 1.20",oil_boiler,oil,none,0,0,0,gas_boiler,none,0,0,0,4,social,high
D0967,Archetype_only,SD13,0.116,Other,end_terrace,1999,1990s_2000s,76.7,37.3,small,Other,C,Partially Retrofitted,3.16,"External Wall - 0.39, Roof - 0.28, Ground Floor - 0.45, Windows - 1.60",oil_boiler,oil,open_fire,1,1,0,oil_boiler,immersion,1500,1,1,5,private,medium
D0968,UoG_like,SD13,0.05,Other,semi_detached,2002,1990s_2000s,110.4,37.4,medium,Dublin,A/B,Retrofitted,6.58,"External Wall - 0.27, Roof - 0.21, Ground Floor - 0.25, Windows - 1.20",heat_pump,electric,none,0,0,1,gas_boiler,immersion,0,0,0,4,social,medium
D0969,Archetype_only,SD13,0.112,DCSix,semi_detached,2021,post2010,92.7,32.6,medium,Dublin,A/B,Retrofitted,1.71,"External Wall - 0.27, Roof - 0.21, Ground Floor - 0.25, Windows - 1.20",gas_boiler,gas,none,0,0,0,heat_pump_cylinder,none,0,0,0,1,private,medium
D0970,Archetype_only,SD15,0.036,Other,semi_detached,2004,1990s_2000s,140.4,34.2,large,Cork,D/E,Retrofitted,6.05,"External Wall - 0.27, Roof - 0.21, Ground Floor - 0.25, Windows - 1.20",heat_pump,electric,stove,1,1,1,oil_boiler,none,0,0,0,1,private,high
D0971,UoG_like,SD9,0.023,DCSix,semi_detached,1983,1970s_1980s,142.9,36.4,large,Dublin,C,Requiring Retrofit,1.23,"External Wall - 1.54, Roof - 0.71, Ground Floor - 0.70, Windows - 2.80",heat_pump,electric,open_fire,1,1,1,oil_boiler,immersion,0,0,1,1,private,medium
D0972,ESC_like,SD11,0.072,DCSix,apartment_duplex,1977,1970s_1980s,76.3,33.4,small,Other,D/E,Requiring Retrofit,12.86,"External Wall - 1.54, Roof - 0.71, Ground Floor - 0.70, Windows - 2.80",heat_pump,electric,none,0,0,1,direct_electric,immersion,0,0,0,5,social,low
D0973,UoG_like,SD9,0.014,IERC,semi_detached,1998,1990s_2000s,117.9,27.4,medium,Dublin,C,Retrofitted,3.69,"External Wall - 0.27, Roof - 0.21, Ground Floor - 0.25, Windows - 1.20",oil_boiler,oil,stove,1,1,0,oil_boiler,immersion,0,0,0,2,private,medium
D0974,ESC_like,SD9,0.109,DCSix,semi_detached,2013,post2010,89.8,35.3,small,Dublin,C,Requiring Retrofit,2.13,"External Wall - 0.27, Roof - 0.21, Ground Floor - 0.25, Windows - 1.20",gas_boiler,gas,none,0,0,0,oil_boiler,none,0,0,0,3,private,low
D0975,ESC_like,SD8,0.075,Other,apartment_duplex,1977,1970s_1980s,63.8,25.8,small,Cork,A/B,Partially Retrofitted,7.47,"External Wall - 0.39, Roof - 0.28, Ground Floor - 0.45, Windows - 1.60",oil_boiler,oil,electric_heater,1,1,0,oil_boiler,immersion,0,0,0,4,private,medium
D0976,ESC_like,SD8,0.077,DCSix,detached,1970,1970s_1980s,177.7,42.2,large,Galway,C,Retrofitted,11.83,"External Wall - 0.27, Roof - 0.21, Ground Floor - 0.25, Windows - 1.20",gas_boiler,gas,open_fire,1,1,0,heat_pump_cylinder,immersion,0,0,0,5,private,high
D0977,ESC_like,SD10,0.03,DCSix,semi_detached,2014,post2010,117.7,40,medium,Dublin,C,Requiring Retrofit,5.37,"External Wall - 0.27, Roof - 0.21, Ground Floor - 0.25, Windows - 1.20",heat_pump,electric,none,0,0,1,gas_boiler,none,1765.5,1,1,1,private,low
D0978,UoG_like,SD8,0.025,DCSix,mid_terrace,2001,1990s_2000s,76.8,34,small,Galway,F/G,Requiring Retrofit,8.6,"External Wall - 0.39, Roof - 0.28, Ground Floor - 0.45, Windows - 1.60",heat_pump,electric,stove,1,1,1,heat_pump_cylinder,none,0,0,0,1,private,high
D0979,UoG_like,SD8,0.039,IERC,detached,1993,1990s_2000s,183.5,34,large,Galway,D/E,Requiring Retrofit,8.55,"External Wall - 0.39, Roof - 0.28, Ground Floor - 0.45, Windows - 1.60",heat_pump,electric,electric_heater,1,1,1,direct_electric,immersion,0,0,0,2,private,medium
D0980,ESC_like,SD12,0.024,IERC,apartment_duplex,2022,post2010,56.4,33.5,small,Dublin,A/B,Requiring Retrofit,5.89,"External Wall - 0.27, Roof - 0.21, Ground Floor - 0.25, Windows - 1.20",gas_boiler,gas,stove,1,3,0,heat_pump_cylinder,immersion,0,0,1,2,private,low
D0981,ESC_like,SD12,0.103,DCSix,apartment_duplex,1995,1990s_2000s,87,38.6,small,Galway,D/E,Requiring Retrofit,6.4,"External Wall - 0.39, Roof - 0.28, Ground Floor - 0.45, Windows - 1.60",oil_boiler,oil,none,0,0,0,gas_boiler,solar_thermal,895,0,0,2,private,low
D0982,ESC_like,SD1,0.068,Other,semi_detached,2002,1990s_2000s,118.8,33.4,medium,Galway,F/G,Partially Retrofitted,4.06,"External Wall - 0.39, Roof - 0.28, Ground Floor - 0.45, Windows - 1.60",heat_pump,electric,stove,1,1,1,instant_gas,immersion,0,0,0,1,private,medium
D0983,ESC_like,SD17,0.104,DCSix,semi_detached,2005,1990s_2000s,143.1,30.4,large,Limerick,D/E,Requiring Retrofit,3.29,"External Wall - 0.39, Roof - 0.28, Ground Floor - 0.45, Windows - 1.60",heat_pump,electric,none,0,0,1,oil_boiler,solar_thermal,943,0,0,1,private,high
D0984,ESC_like,SD6,0.101,DCSix,semi_detached,1999,1990s_2000s,154.7,38.2,large,Dublin,F/G,Requiring Retrofit,9.37,"External Wall - 0.39, Roof - 0.28, Ground Floor - 0.45, Windows - 1.60",gas_boiler,gas,stove,1,1,0,oil_boiler,none,0,0,0,3,private,medium
D0985,Archetype_only,SD5,0.067,DCSix,detached,1997,1990s_2000s,181.9,34.3,large,Limerick,D/E,Requiring Retrofit,5.63,"External Wall - 0.39, Roof - 0.28, Ground Floor - 0.45, Windows - 1.60",heat_pump,electric,none,0,0,1,oil_boiler,immersion,0,0,0,3,private,low
D0986,UoG_like,SD7,0.005,DCSix,semi_detached,1987,1970s_1980s,105.2,36,medium,Cork,D/E,Requiring Retrofit,10.08,"External Wall - 1.54, Roof - 0.71, Ground Floor - 0.70, Windows - 2.80",heat_pump,electric,none,0,0,1,oil_boiler,none,0,0,1,2,private,medium
D0987,Archetype_only,SD16,0.105,DCSix,semi_detached,1988,1970s_1980s,151.5,38.4,large,Other,D/E,Requiring Retrofit,5.76,"External Wall - 1.54, Roof - 0.71, Ground Floor - 0.70, Windows - 2.80",heat_pump,electric,none,0,0,1,heat_pump_cylinder,none,0,0,1,3,private,high
D0988,ESC_like,SD9,0.016,DCSix,apartment_duplex,2009,1990s_2000s,77.4,39.6,small,Dublin,A/B,Partially Retrofitted,2.73,"External Wall - 0.39, Roof - 0.28, Ground Floor - 0.45, Windows - 1.60",heat_pump,electric,none,0,0,1,oil_boiler,none,0,0,1,1,private,low
D0989,Archetype_only,SD2,0.091,DCSix,end_terrace,2017,post2010,106.7,32.7,medium,Other,D/E,Requiring Retrofit,2.87,"External Wall - 0.27, Roof - 0.21, Ground Floor - 0.25, Windows - 1.20",heat_pump,electric,none,0,0,1,oil_boiler,none,0,0,0,3,private,high
D0990,UoG_like,SD15,0.029,IERC,apartment_duplex,1991,1990s_2000s,70,39.8,small,Other,C,Retrofitted,6.19,"External Wall - 0.27, Roof - 0.21, Ground Floor - 0.25, Windows - 1.20",gas_boiler,gas,none,0,0,0,oil_boiler,none,1500,1,0,1,social,medium
D0991,Archetype_only,SD4,0.037,IERC,mid_terrace,1994,1990s_2000s,87.8,37.7,small,Limerick,C,Retrofitted,4.35,"External Wall - 0.27, Roof - 0.21, Ground Floor - 0.25, Windows - 1.20",heat_pump,electric,none,0,0,1,heat_pump_cylinder,none,0,0,0,5,private,medium
D0992,ESC_like,SD8,0.097,DCSix,semi_detached,1958,pre1970,155.7,34.9,large,Galway,D/E,Requiring Retrofit,10.26,"External Wall - 1.54, Roof - 0.71, Ground Floor - 0.70, Windows - 2.80",oil_boiler,oil,none,0,0,0,gas_boiler,none,0,0,1,1,private,medium
D0993,ESC_like,SD4,0.027,IERC,apartment_duplex,1993,1990s_2000s,89.7,34.4,small,Other,C,Retrofitted,6.05,"External Wall - 0.27, Roof - 0.21, Ground Floor - 0.25, Windows - 1.20",oil_boiler,oil,none,0,0,0,gas_boiler,immersion,0,0,1,1,private,medium
D0994,Archetype_only,SD13,0.033,DCSix,mid_terrace,1949,pre1970,107.2,20.9,medium,Other,F/G,Requiring Retrofit,16.51,"External Wall - 1.54, Roof - 0.71, Ground Floor - 0.70, Windows - 2.80",gas_boiler,gas,none,0,0,0,instant_gas,none,0,0,1,5,private,medium
D0995,ESC_like,SD3,0.023,Other,apartment_duplex,1949,pre1970,57,38,small,Dublin,D/E,Requiring Retrofit,12.76,"External Wall - 1.54, Roof - 0.71, Ground Floor - 0.70, Windows - 2.80",heat_pump,electric,electric_heater,1,3,1,gas_boiler,none,0,0,1,1,private,low
D0996,ESC_like,SD16,0.007,IERC,detached,1981,1970s_1980s,137,33.4,medium,Dublin,F/G,Requiring Retrofit,6.18,"External Wall - 1.54, Roof - 0.71, Ground Floor - 0.70, Windows - 2.80",gas_boiler,gas,open_fire,1,1,0,instant_gas,none,0,0,1,3,private,medium
D0997,UoG_like,SD4,0.113,DCSix,semi_detached,1949,pre1970,71.4,39.9,small,Galway,F/G,Requiring Retrofit,15,"External Wall - 1.54, Roof - 0.71, Ground Floor - 0.70, Windows - 2.80",heat_pump,electric,none,0,0,1,oil_boiler,none,1500,1,0,5,private,medium
D0998,UoG_like,SD16,0.039,DCSix,mid_terrace,2004,1990s_2000s,121.2,24.3,medium,Dublin,C,Requiring Retrofit,5.94,"External Wall - 0.39, Roof - 0.28, Ground Floor - 0.45, Windows - 1.60",heat_pump,electric,open_fire,1,1,1,heat_pump_cylinder,immersion,0,0,0,4,private,medium
D0999,ESC_like,SD12,0.059,DCSix,end_terrace,1987,1970s_1980s,90.7,32.7,medium,Dublin,F/G,Requiring Retrofit,4.52,"External Wall - 1.54, Roof - 0.71, Ground Floor - 0.70, Windows - 2.80",heat_pump,electric,stove,1,1,1,heat_pump_cylinder,immersion,1500,1,0,1,private,low
D1000,ESC_like,SD8,0.097,Other,mid_terrace,1965,pre1970,91.7,34.4,medium,Cork,C,Partially Retrofitted,7.84,"External Wall - 0.39, Roof - 0.28, Ground Floor - 0.45, Windows - 1.60",heat_pump,electric,none,0,0,1,oil_boiler,none,0,0,0,5,social,high