Delivery_Contractor,Property_ID,Postcode_1,Participant_Age,EmployStatus,EmployType,HouseIncome,Date_Contact,Tenure,Tenure_Length,Social_Group,Date_Survey,Name_Survey,House_Type,House_Form,House_Env,House_Age,House_SAP,No_Adults,No_Child,No_Storeys,Total_Floor_Area,Habitable_Rooms,Bedrooms,Heated_rooms,Floor_Height,Wall_Type,Floor_Type,Roof_Type,Glazed_Type,Mains_Gas_Flag,Main_Fuel,Heat_Primary_Source,Heat_Secondary_Source,TS_Existing,TS_Existing_Size,No_Underfloor,Existing_Fires,Existing_Cooking,Elec_currentuse,Gas_currentuse,MCS_SHLoad,MCS_Hloss,MCS_SHAnnual,MCS_DHWAnnual,MCS_Immersion,MCS_Flow_Temp,MCS_SCOP,,,,,,,,,,,,,,,,,,,,,,,,,,,,,,,,,,,,,,,,,,,,,,,,,,,,,,,,,,,,,,,,,,,,,,,,,,,,,,,
E.ON,EOH1838,NE7,63,Working Full time (>30hrs),Professional,"25,001 - 30,000",2020-07-10T00:00:00.000Z,Owner-Occupied,19,C1,13/10/2020,Phoenix,House,Detached,Urban,1930 - 1949,null,2,0,2,200,6,4,13,2.7,Cavity_Insulated,Suspended,Pitched,Double,Yes,Gas,Gas Boiler - Standard,Fire - Gas,Water,150,0,2,1,2760,27600,15.91,79.55,31869,4254,0,null,null,,,,,,,,,,,,,,,,,,,,,,,,,,,,,,,,,,,,,,,,,,,,,,,,,,,,,,,,,,,,,,,,,,,,,,,,,,,,,,,
E.ON,EOH0136,NE6,54,Working Full time (>30hrs),Professional,"30,001 - 40,000",2020-07-09T00:00:00.000Z,Owner-Occupied,16,AB,24/07/2020,E.ON,House,Mid-Terrace,Suburban,1976 - 1982,null,1,0,2,53,3,2,6,2.3,Cavity_Insulated,Solid,Pitched,Double,Yes,Gas,Gas Boiler - Standard,None,Water,100,0,0,1,443,null,3.798,83.3,6995.4,1910,0,48,3.04,,,,,,,,,,,,,,,,,,,,,,,,,,,,,,,,,,,,,,,,,,,,,,,,,,,,,,,,,,,,,,,,,,,,,,,,,,,,,,,
E.ON,EOH0569,NE6,56,Working Full time (>30hrs),Professional,"40,001 - 50,000",2020-07-22T00:00:00.000Z,Owner-Occupied,25,AB,07/09/2020,Phoenix,House,Semi-Detached,Urban,1950 - 1966,null,3,0,2,78,5,3,10,2.4,Cavity_Insulated,Solid,Pitched,Double,Yes,Gas,Gas Boiler - Standard,Fire - Gas,Water,180,0,1,1,5304,16142,5.86,84,14112.6,4002,181,null,null,,,,,,,,,,,,,,,,,,,,,,,,,,,,,,,,,,,,,,,,,,,,,,,,,,,,,,,,,,,,,,,,,,,,,,,,,,,,,,,
E.ON,EOH1318,NE6,36,Working Full time (>30hrs),Professional,"50,001+",2020-07-10T00:00:00.000Z,Owner-Occupied,4,AB,28/07/2020,E.ON,House,End-Terrace,Suburban,1996 - 2002,C,3,0,2,106,5,5,9,2.4,Cavity_Insulated,Suspended,Pitched,Double,Yes,Gas,Gas Boiler - Standard,None,Water,153,0,0,1,null,null,6.181,64.52,12223,3734,551,45,3.57,,,,,,,,,,,,,,,,,,,,,,,,,,,,,,,,,,,,,,,,,,,,,,,,,,,,,,,,,,,,,,,,,,,,,,,,,,,,,,,
E.ON,EOH1703,NE15,70,Retired,Pensioner,Prefer not to say,2020-07-11T00:00:00.000Z,Owner-Occupied,32,DE,29/07/2020,E.ON,House,Detached,Urban,1976 - 1982,null,2,0,2,91,6,4,11,2.4,Cavity_Insulated,Suspended,Pitched,Double,Yes,Gas,Gas Boiler - Standard,None,Water,117,0,0,0,4000,10000,5.744,64.057,12948.1,3734,551,45,3.57,,,,,,,,,,,,,,,,,,,,,,,,,,,,,,,,,,,,,,,,,,,,,,,,,,,,,,,,,,,,,,,,,,,,,,,,,,,,,,,
E.ON,EOH2086,NE3,51,Working Full time (>30hrs),Professional,"50,001+",2020-07-28T00:00:00.000Z,Owner-Occupied,16,AB,22/09/2020,Phoenix,House,Detached,Suburban,2003 - 2006,null,1,0,3,235.34,9,6,18,2.4,Cavity_Insulated,Solid,Pitched,Double,Yes,Gas,Gas Boiler - Standard,None,Water,300,0,0,1,null,null,null,null,null,null,null,null,null,,,,,,,,,,,,,,,,,,,,,,,,,,,,,,,,,,,,,,,,,,,,,,,,,,,,,,,,,,,,,,,,,,,,,,,,,,,,,,,
E.ON,EOH1922,NE3,64,Working Full time (>30hrs),Professional,"50,001+",2020-08-04T00:00:00.000Z,Owner-Occupied,20,AB,14/10/2020,Phoenix,House,Detached,Suburban,1996 - 2002,null,2,0,2,90,6,4,11,2.4,Cavity_Insulated,Solid,Pitched,Double,Yes,Gas,Gas Boiler - Standard,Fire - Gas,Water,110,0,1,1,null,null,5.75,73.822,11529,5225,996,null,null,,,,,,,,,,,,,,,,,,,,,,,,,,,,,,,,,,,,,,,,,,,,,,,,,,,,,,,,,,,,,,,,,,,,,,,,,,,,,,,
E.ON,EOH2543,NE3,63,Working Full time (>30hrs),Professional,"50,001+",2020-08-06T00:00:00.000Z,Owner-Occupied,17,AB,05/10/2020,Phoenix,House,Detached,Urban,1976 - 1982,null,2,0,2,130,6,4,12,2.4,Cavity_No_insulation,Suspended,Pitched,Double,Yes,Gas,Gas Boiler - Standard,None,Water,120,0,0,1,8754,21170,null,null,null,null,null,null,null,,,,,,,,,,,,,,,,,,,,,,,,,,,,,,,,,,,,,,,,,,,,,,,,,,,,,,,,,,,,,,,,,,,,,,,,,,,,,,,
E.ON,EOH1398,NE3,44,Working Full time (>30hrs),Manager,"50,001+",2020-08-24T00:00:00.000Z,Owner-Occupied,7,AB,25/09/2020,Phoenix,House,Semi-Detached,Suburban,2003 - 2006,null,2,2,3,173.65,7,5,16,2.5,Cavity_Insulated,Solid,Pitched,Double,Yes,Gas,Gas Boiler - Standard,None,Water,210,0,0,1,2892,20818,null,null,null,null,null,null,null,,,,,,,,,,,,,,,,,,,,,,,,,,,,,,,,,,,,,,,,,,,,,,,,,,,,,,,,,,,,,,,,,,,,,,,,,,,,,,,
E.ON,EOH1365,NE13,38,Working Full time (>30hrs),Professional,"50,001+",2020-08-12T00:00:00.000Z,Owner-Occupied,3,AB,25/09/2020,E.ON,House,Detached,Suburban,1967 - 1975,D,2,0,2,80,4,3,4,2.3,Cavity_Insulated,Suspended,Pitched,Double,Yes,Gas,Gas Boiler - Standard,Electric - Direct,Water,117,0,1,0,2762.3,10781,7.68,98.96,18580,3820,0,45,3.77,,,,,,,,,,,,,,,,,,,,,,,,,,,,,,,,,,,,,,,,,,,,,,,,,,,,,,,,,,,,,,,,,,,,,,,,,,,,,,,
E.ON,EOH1653,NE3,73,Retired,Pensioner,"16,201 - 20,000",2020-09-02T00:00:00.000Z,Owner-Occupied,30,DE,07/10/2020,Phoenix,House,Detached,Urban,1983 - 1990,null,1,0,2,85,4,3,8,2.4,Cavity_No_insulation,Suspended,Pitched,Double,Yes,Gas,Gas Boiler - Standard,Fire - Gas,Water,117,0,1,1,3322,7541,null,null,null,null,null,null,null,,,,,,,,,,,,,,,,,,,,,,,,,,,,,,,,,,,,,,,,,,,,,,,,,,,,,,,,,,,,,,,,,,,,,,,,,,,,,,,
E.ON,EOH0597,NE3,51,Working Full time (>30hrs),Professional,"50,001+",2020-09-02T00:00:00.000Z,Owner-Occupied,6,AB,12/10/2020,Phoenix,House,Detached,Suburban,2003 - 2006,D,2,2,3,186,9,7,18,2.4,Cavity_Insulated,Solid,Pitched,Double,Yes,Gas,Gas Boiler - Standard,None,Water,210,0,0,0,null,null,null,null,null,null,null,null,null,,,,,,,,,,,,,,,,,,,,,,,,,,,,,,,,,,,,,,,,,,,,,,,,,,,,,,,,,,,,,,,,,,,,,,,,,,,,,,,
E.ON,EOH1533,NE3,35,Working Full time (>30hrs),Professional,"50,001+",2020-08-18T00:00:00.000Z,Owner-Occupied,3,AB,15/09/2020,Phoenix,House,Semi-Detached,Urban,1930 - 1949,null,2,3,2,105,6,4,12,2.6,Cavity_No_insulation,Suspended,Pitched,Double,Yes,Gas,Gas Boiler - Standard,Fire - Gas,Water,120,0,1,1,3706,23051,16.502,135.58,15974,4776,0,null,null,,,,,,,,,,,,,,,,,,,,,,,,,,,,,,,,,,,,,,,,,,,,,,,,,,,,,,,,,,,,,,,,,,,,,,,,,,,,,,,
E.ON,EOH0574,NE3,71,Working Full time (>30hrs),Manager,"50,001+",2020-08-18T00:00:00.000Z,Owner-Occupied,1,AB,07/10/2020,Phoenix,House,Semi-Detached,Urban,1950 - 1966,null,2,0,2,84,5,3,12,2.4,Cavity_Insulated,Solid,Pitched,Double,Yes,Gas,Gas Boiler - Standard,None,Water,100,0,1,1,663,15896,6.612,78.71,13245,3820,0,55,2.96,,,,,,,,,,,,,,,,,,,,,,,,,,,,,,,,,,,,,,,,,,,,,,,,,,,,,,,,,,,,,,,,,,,,,,,,,,,,,,,
E.ON,EOH1169,NE3,55,Working Full time (>30hrs),Professional,"40,001 - 50,000",2020-09-08T00:00:00.000Z,Owner-Occupied,15,AB,20/10/2020,Phoenix,House,Detached,Urban,1983 - 1990,null,1,0,2,86,5,4,14,2.4,Cavity_Insulated,Solid,Pitched,Single,Yes,Gas,Gas Boiler - Standard,Fire - Gas,Water,110,0,1,0,null,null,null,null,null,null,null,null,null,,,,,,,,,,,,,,,,,,,,,,,,,,,,,,,,,,,,,,,,,,,,,,,,,,,,,,,,,,,,,,,,,,,,,,,,,,,,,,,
E.ON,EOH1828,NE3,63,Working Full time (>30hrs),Professional,"50,001+",2020-08-19T00:00:00.000Z,Owner-Occupied,20,AB,09/10/2020,Phoenix,House,Semi-Detached,Urban,1930 - 1949,null,1,0,2,179,6,4,15,2.7,Cavity_Insulated,Suspended,Pitched,Double,Yes,Gas,Gas Boiler - Standard,Fire - Gas,Water,117,0,1,1,1254,211,null,null,null,null,null,null,null,,,,,,,,,,,,,,,,,,,,,,,,,,,,,,,,,,,,,,,,,,,,,,,,,,,,,,,,,,,,,,,,,,,,,,,,,,,,,,,
E.ON,EOH0167,NE3,66,Working Full time (>30hrs),Professional,"50,001+",2020-10-08T00:00:00.000Z,Owner-Occupied,14,AB,21/10/2020,E.ON,House,Detached,Suburban,1900 - 1929,null,2,0,2,158.5,7,4,13,2.5,Cavity_No_insulation,Suspended,Pitched,Double,Yes,Gas,Gas Boiler - Standard,Fire - Coal,Water,150,0,2,1,null,null,null,null,null,null,null,null,null,,,,,,,,,,,,,,,,,,,,,,,,,,,,,,,,,,,,,,,,,,,,,,,,,,,,,,,,,,,,,,,,,,,,,,,,,,,,,,,
E.ON,EOH2114,NE5,71,Retired,Pensioner,"40,001 - 50,000",2020-08-24T00:00:00.000Z,Owner-Occupied,32,DE,25/09/2020,Phoenix,House,Detached,Suburban,1983 - 1990,null,2,0,2,100,5,4,9,2.35,Cavity_Insulated,Suspended,Pitched,Double,Yes,Gas,Gas Boiler - Standard,None,Water,110,0,0,0,3487,13291,7.062,67.94,17105,4993,218,null,null,,,,,,,,,,,,,,,,,,,,,,,,,,,,,,,,,,,,,,,,,,,,,,,,,,,,,,,,,,,,,,,,,,,,,,,,,,,,,,,
E.ON,EOH2592,NE13,45,Working Full time (>30hrs),Manager,"50,001+",2020-08-28T00:00:00.000Z,Owner-Occupied,6,AB,22/10/2020,E.ON,House,Detached,Urban,2012 onwards,B,3,0,2,147,6,5,14,2.3,Cavity_Insulated,Solid,Pitched,Double,Yes,Gas,Gas Boiler - Standard,None,Water,210,0,0,1,null,null,5.636,38,13649,6271,923,null,null,,,,,,,,,,,,,,,,,,,,,,,,,,,,,,,,,,,,,,,,,,,,,,,,,,,,,,,,,,,,,,,,,,,,,,,,,,,,,,,
E.ON,EOH1849,NE2,60,Working Part time,Professional,"50,001+",2020-08-28T00:00:00.000Z,Owner-Occupied,15,AB,15/10/2020,Phoenix,House,Detached,Urban,1976 - 1982,null,4,0,2,195,7,4,16,2.3,Cavity_Insulated,Solid,Pitched,Double,Yes,Gas,Gas Boiler - Standard,Fire - Wood,Water,210,0,0,1,4165,18973,null,null,null,null,null,null,null,,,,,,,,,,,,,,,,,,,,,,,,,,,,,,,,,,,,,,,,,,,,,,,,,,,,,,,,,,,,,,,,,,,,,,,,,,,,,,,
E.ON,EOH2366,NE3,60,Working Full time (>30hrs),Professional,"40,001 - 50,000",2020-08-28T00:00:00.000Z,Owner-Occupied,24,AB,30/09/2020,Phoenix,House,Detached,Suburban,1930 - 1949,null,4,0,2,131.14,6,4,11,2.6,Cavity_Insulated,Suspended,Pitched,Double,Yes,Gas,Gas Boiler - Standard,Fire - Gas,Water,150,0,1,1,1583,16944,10.29,78.54,20629,4993,218,55,3.54,,,,,,,,,,,,,,,,,,,,,,,,,,,,,,,,,,,,,,,,,,,,,,,,,,,,,,,,,,,,,,,,,,,,,,,,,,,,,,,
E.ON,EOH0734,NE3,56,Working Part time,Manager,"50,001+",2020-08-28T00:00:00.000Z,Owner-Occupied,4,AB,13/10/2020,Phoenix,House,Detached,Suburban,1991 - 1995,D,2,1,2,261,7,5,15,2.4,Cavity_No_insulation,Solid,Pitched,Double,Yes,Gas,Gas Boiler - Standard,Fire - Gas,Water,210,0,1,1,null,null,null,null,null,null,null,null,null,,,,,,,,,,,,,,,,,,,,,,,,,,,,,,,,,,,,,,,,,,,,,,,,,,,,,,,,,,,,,,,,,,,,,,,,,,,,,,,
E.ON,EOH1785,NE2,70,Working Part time,Professional,Prefer not to say,2020-09-08T00:00:00.000Z,Owner-Occupied,30,AB,19/10/2020,Phoenix,House,Detached,Urban,1991 - 1995,null,2,0,2,81,4,3,10,2.4,Cavity_No_insulation,Solid,Pitched,Single,Yes,Gas,Gas Boiler - Standard,None,Water,120,0,0,0,null,null,null,null,null,null,null,null,null,,,,,,,,,,,,,,,,,,,,,,,,,,,,,,,,,,,,,,,,,,,,,,,,,,,,,,,,,,,,,,,,,,,,,,,,,,,,,,,
E.ON,EOH1235,NE13,64,Retired,Pensioner,"30,001 - 40,000",2020-09-09T00:00:00.000Z,Owner-Occupied,6,DE,06/11/2020,Phoenix,House,Detached,Urban,2012 ONWARDS,C,1,0,2,207,7,4,9,2.5,Cavity_Insulated,Solid,Pitched,Double,No,LPG,LPG Boiler,Fire - LPG,Water,200,0,1,1,4414,null,null,null,null,null,null,null,null,,,,,,,,,,,,,,,,,,,,,,,,,,,,,,,,,,,,,,,,,,,,,,,,,,,,,,,,,,,,,,,,,,,,,,,,,,,,,,,
E.ON,EOH2826,NE2,62,Working Full time (>30hrs),Professional,"50,001+",2020-09-08T00:00:00.000Z,Owner-Occupied,22,AB,27/10/2020,Phoenix,House,Detached,Urban,1950 - 1966,null,2,0,2,263,8,5,8,2.5,Cavity_Unknown,Suspended,Pitched,Double,Yes,Gas,Gas Boiler - Standard,Unknown,Water,120,3,1,1,null,null,null,null,null,null,null,null,null,,,,,,,,,,,,,,,,,,,,,,,,,,,,,,,,,,,,,,,,,,,,,,,,,,,,,,,,,,,,,,,,,,,,,,,,,,,,,,,
E.ON,EOH1237,NE7,25,Working Full time (>30hrs),Professional,"50,001+",2020-09-18T00:00:00.000Z,Owner-Occupied,0.9,AB,13/10/2020,Phoenix,House,Semi-Detached,Urban,1930 - 1949,E,2,0,2,83,4,3,10,2.5,Cavity_Insulated,Solid,Pitched,Double,Yes,Gas,Gas Boiler - Standard,None,Water,117,0,0,1,null,null,6.56,83.88,13129,3820,0,45,3.07,,,,,,,,,,,,,,,,,,,,,,,,,,,,,,,,,,,,,,,,,,,,,,,,,,,,,,,,,,,,,,,,,,,,,,,,,,,,,,,
E.ON,EOH1281,NE5,51,Working Full time (>30hrs),Professional,"50,001+",2020-09-16T00:00:00.000Z,Owner-Occupied,23,AB,29/09/2020,Phoenix,House,Semi-Detached,Urban,1950 - 1966,null,3,0,2,76,4,3,10,2.3,Cavity_Insulated,Suspended,Pitched,Double,Yes,Gas,Gas - Warm Air,Fire - Gas,Water,90,0,1,1,null,null,5.883,77,11779,4182,616,45,3.57,,,,,,,,,,,,,,,,,,,,,,,,,,,,,,,,,,,,,,,,,,,,,,,,,,,,,,,,,,,,,,,,,,,,,,,,,,,,,,,
E.ON,EOH2524,NE7,62,Working Full time (>30hrs),Professional,"50,001+",2020-09-21T00:00:00.000Z,Owner-Occupied,18,AB,16/10/2020,Phoenix,House,Detached,Suburban,1991 - 1995,null,3,0,2,150,5,3,13,2.4,Cavity_Insulated,Solid,Pitched,Double,Yes,Gas,Gas Boiler - Standard,Fire - Gas,Water,210,0,1,1,null,null,11.23,57.52,22106,3933,0,50,3.85,,,,,,,,,,,,,,,,,,,,,,,,,,,,,,,,,,,,,,,,,,,,,,,,,,,,,,,,,,,,,,,,,,,,,,,,,,,,,,,
E.ON,EOH1694,NE15,52,Working Full time (>30hrs),Professional,"40,001 - 50,000",2020-10-30T00:00:00.000Z,Owner-Occupied,21,AB,11/11/2020,Phoenix,House,Semi-Detached,Urban,1996 - 2002,null,3,1,2,95,5,3,7,2.4,Cavity_Insulated,Solid,Pitched,Double,No,Electricity,Electric - Storage,Electric - Warm Air,Water,200,0,0,0,8200,null,5.757,60.6,7577.5,4457,0,55,2.96,,,,,,,,,,,,,,,,,,,,,,,,,,,,,,,,,,,,,,,,,,,,,,,,,,,,,,,,,,,,,,,,,,,,,,,,,,,,,,,
E.ON,EOH2160,NE7,50,Working Full time (>30hrs),Manager,"50,001+",2020-10-13T00:00:00.000Z,Owner-Occupied,22,AB,27/10/2020,Phoenix,House,Detached,Urban,1991 - 1995,null,2,2,2,96,5,3,12,2.4,Cavity_Insulated,Solid,Pitched,Double,Yes,Gas,Gas Boiler - Standard,Fire - Gas,Water,110,0,1,1,7573,12000,null,null,null,null,null,null,null,,,,,,,,,,,,,,,,,,,,,,,,,,,,,,,,,,,,,,,,,,,,,,,,,,,,,,,,,,,,,,,,,,,,,,,,,,,,,,,
E.ON,EOH2248,NE7,74,Retired,Pensioner,"50,001+",2020-09-16T00:00:00.000Z,Owner-Occupied,15,DE,02/10/2020,Phoenix,House,Detached,Suburban,1996 - 2002,null,2,0,2,145,7,4,17,2.3,Cavity_Insulated,Solid,Pitched,Double,Yes,Gas,Gas Boiler - Standard,Fire - Gas,Water,110,0,1,1,null,null,null,null,null,null,null,null,null,,,,,,,,,,,,,,,,,,,,,,,,,,,,,,,,,,,,,,,,,,,,,,,,,,,,,,,,,,,,,,,,,,,,,,,,,,,,,,,
E.ON,EOH2978,NE15,72,Retired,Pensioner,"25,001 - 30,000",2020-09-16T00:00:00.000Z,Owner-Occupied,26,DE,01/10/2020,Phoenix,House,Detached,Urban,1991 - 1995,null,1,0,2,108,5,4,11,2.3,Cavity_Insulated,Solid,Pitched,Double,Yes,Gas,Gas Boiler - Standard,Fire - Gas,Water,110,0,1,1,1471,19775,null,null,null,null,null,null,null,,,,,,,,,,,,,,,,,,,,,,,,,,,,,,,,,,,,,,,,,,,,,,,,,,,,,,,,,,,,,,,,,,,,,,,,,,,,,,,
E.ON,EOH2207,NE7,53,Working Full time (>30hrs),Manager,"50,001+",2020-09-16T00:00:00.000Z,Owner-Occupied,0.9,AB,14/10/2020,Phoenix,House,Detached,Urban,1991 - 1995,D,1,0,2,122,6,4,6,2.3,Cavity_Insulated,Solid,Pitched,Double,Yes,Gas,Gas Boiler - Standard,Fire - Gas,Water,110,0,1,1,2900,null,8.073,75.35,16175.5,4993,218,null,null,,,,,,,,,,,,,,,,,,,,,,,,,,,,,,,,,,,,,,,,,,,,,,,,,,,,,,,,,,,,,,,,,,,,,,,,,,,,,,,
E.ON,EOH0472,NE3,55,Working Full time (>30hrs),Manager,"50,001+",2020-09-17T00:00:00.000Z,Owner-Occupied,24,AB,03/11/2020,Phoenix,House,Detached,Urban,1983 - 1990,null,2,0,2,110,5,4,6,2.4,Cavity_Insulated,Solid,Pitched,Double,Yes,Gas,Gas Boiler - Standard,Fire - Gas,Water,110,0,1,1,5711,17064,8.01,72.81,16040.5,5609,834,null,null,,,,,,,,,,,,,,,,,,,,,,,,,,,,,,,,,,,,,,,,,,,,,,,,,,,,,,,,,,,,,,,,,,,,,,,,,,,,,,,
E.ON,EOH1302,NE15,50,Working Full time (>30hrs),Manager,"50,001+",2020-09-17T00:00:00.000Z,Owner-Occupied,25,AB,05/10/2020,Phoenix,House,Semi-Detached,Urban,1991 - 1995,null,3,1,2,110,5,4,11,2.4,Cavity_Insulated,Solid,Pitched,Double,No,Electricity,Electric - Storage,null,Water,110,0,0,0,17000,null,6.342,57,15349,5225,768,45,3.57,,,,,,,,,,,,,,,,,,,,,,,,,,,,,,,,,,,,,,,,,,,,,,,,,,,,,,,,,,,,,,,,,,,,,,,,,,,,,,,
E.ON,EOH2316,NE3,35,Working Full time (>30hrs),Professional,"50,001+",2020-09-22T00:00:00.000Z,Owner-Occupied,7,AB,12/10/2020,Phoenix,House,Detached,Suburban,1996 - 2002,C,2,1,2,92,4,3,9,2.4,Cavity_Insulated,Solid,Pitched,Double,Yes,Gas,Gas Boiler - Standard,None,Water,120,0,0,0,null,null,null,null,null,null,null,null,null,,,,,,,,,,,,,,,,,,,,,,,,,,,,,,,,,,,,,,,,,,,,,,,,,,,,,,,,,,,,,,,,,,,,,,,,,,,,,,,
E.ON,EOH0736,NE5,41,Working Full time (>30hrs),Professional,"50,001+",2020-10-03T00:00:00.000Z,Owner-Occupied,4,AB,08/10/2020,Phoenix,House,Semi-Detached,Suburban,1967 - 1975,null,2,2,1,80,4,3,7,2.4,Cavity_Insulated,Suspended,Pitched,Double,Yes,Gas,Gas Boiler - Combi,Fire - Wood,Water,110,0,0,0,null,null,null,null,null,null,null,null,null,,,,,,,,,,,,,,,,,,,,,,,,,,,,,,,,,,,,,,,,,,,,,,,,,,,,,,,,,,,,,,,,,,,,,,,,,,,,,,,
E.ON,EOH2386,NE3,59,Working Full time (>30hrs),Clerical,Prefer not to say,2020-09-30T00:00:00.000Z,Owner-Occupied,33,C1,09/10/2020,Phoenix,House,Semi-Detached,Suburban,1950 - 1966,null,3,0,2,72,4,3,10,2.4,Cavity_Insulated,Solid,Pitched,Double,Yes,Gas,Gas - Warm Air,null,Water,110,0,0,1,null,null,5.73,80.11,13876.2,4002,181,45,3.57,,,,,,,,,,,,,,,,,,,,,,,,,,,,,,,,,,,,,,,,,,,,,,,,,,,,,,,,,,,,,,,,,,,,,,,,,,,,,,,
E.ON,EOH2657,NE5,32,Working Full time (>30hrs),Manager,"16,201 - 20,000",2020-09-30T00:00:00.000Z,Owner-Occupied,2,C1,19/10/2020,Phoenix,House,Semi-Detached,Urban,1983 - 1990,D,1,0,2,39,2,1,6,2.4,Cavity_Insulated,Solid,Pitched,Double,No,Electricity,Electric - Storage,None,Water,110,0,0,0,null,null,3.289,102.78,6163.8,2253,181,null,null,,,,,,,,,,,,,,,,,,,,,,,,,,,,,,,,,,,,,,,,,,,,,,,,,,,,,,,,,,,,,,,,,,,,,,,,,,,,,,,
E.ON,EOH2103,NE15,74,Retired,Pensioner,Prefer not to say,2020-10-12T00:00:00.000Z,Owner-Occupied,40,DE,09/11/2020,Phoenix,House,Semi-Detached,Urban,1983 - 1990,D,2,0,2,82,4,3,7,2.4,Cavity_Insulated,Suspended,Pitched,Double,Yes,Gas,Gas - Warm Air,Electric - Warm Air,Water,110,0,0,0,3213,8568,null,null,null,null,null,null,null,,,,,,,,,,,,,,,,,,,,,,,,,,,,,,,,,,,,,,,,,,,,,,,,,,,,,,,,,,,,,,,,,,,,,,,,,,,,,,,
E.ON,EOH2927,NE15,80,Working Part time,Professional,"20,001 - 25,000",2020-10-14T00:00:00.000Z,Owner-Occupied,22,C1,27/10/2020,Phoenix,House,Detached,Suburban,1983 - 1990,C,2,0,1,70,4,2,10,2.1,Cavity_Insulated,Suspended,Pitched,Double,Yes,Gas,Gas Boiler - Standard,Fire - Wood,Water,110,0,0,1,1900,14900,6.516,82.7,15748,3372,506,null,null,,,,,,,,,,,,,,,,,,,,,,,,,,,,,,,,,,,,,,,,,,,,,,,,,,,,,,,,,,,,,,,,,,,,,,,,,,,,,,,
E.ON,EOH1065,NE15,69,Retired,Pensioner,"30,001 - 40,000",2020-10-20T00:00:00.000Z,Owner-Occupied,40,DE,23/10/2020,Phoenix,House,Semi-Detached,Urban,1983 - 1990,null,2,0,3,112,5,4,12,2.4,Cavity_No_insulation,Solid,Pitched,Double,Yes,Gas,Gas Boiler - Standard,None,Water,110,0,0,1,2330,19285,null,null,null,null,null,null,null,,,,,,,,,,,,,,,,,,,,,,,,,,,,,,,,,,,,,,,,,,,,,,,,,,,,,,,,,,,,,,,,,,,,,,,,,,,,,,,
E.ON,EOH2757,NE13,80,Retired,Pensioner,"40,001 - 50,000",2020-11-03T00:00:00.000Z,Owner-Occupied,40,DE,13/11/2020,Phoenix,House,Detached,Urban,1950 - 1966,null,2,0,2,140,7,3,10,2.5,Cavity_Insulated,Solid,Pitched,Double,Yes,Gas,Gas Boiler - Standard,Electric - Warm Air,Water,110,0,0,0,null,null,null,null,null,null,null,null,null,,,,,,,,,,,,,,,,,,,,,,,,,,,,,,,,,,,,,,,,,,,,,,,,,,,,,,,,,,,,,,,,,,,,,,,,,,,,,,,
E.ON,EOH2136,NE15,71,Retired,Pensioner,"16,201 - 20,000",2020-10-23T00:00:00.000Z,Owner-Occupied,34,DE,04/11/2020,Phoenix,House,Detached,Urban,1983 - 1990,null,2,0,2,63,4,3,6,2.4,Cavity_Insulated,Suspended,Pitched,Double,Yes,Gas,Gas Boiler - Standard,Fire - Gas,Water,110,0,1,0,4272,21459,4.573,72.85,11086,4002,181,null,null,,,,,,,,,,,,,,,,,,,,,,,,,,,,,,,,,,,,,,,,,,,,,,,,,,,,,,,,,,,,,,,,,,,,,,,,,,,,,,,
E.ON,EOH1382,NE13,42,Working Full time (>30hrs),Professional,"50,001+",2020-10-22T00:00:00.000Z,Owner-Occupied,1,AB,03/11/2020,Phoenix,House,Detached,Urban,1930 - 1949,D,2,2,3,194,7,4,10,2.6,Cavity_Insulated,Suspended,Pitched,Double,Yes,Gas,Gas Boiler - Standard,Fire - Gas,Water,110,0,1,1,null,null,11.999,67.39,29044,5594,818,null,null,,,,,,,,,,,,,,,,,,,,,,,,,,,,,,,,,,,,,,,,,,,,,,,,,,,,,,,,,,,,,,,,,,,,,,,,,,,,,,,
E.ON,EOH1948,NE13,65,Working Part time,Professional,"50,001+",2020-10-21T00:00:00.000Z,Owner-Occupied,20,AB,16/11/2020,Phoenix,House,Detached,Urban,1950 - 1966,null,2,0,2,305,10,5,15,2.5,Solid_No_insulation,Suspended,Pitched,Double,Yes,Gas,Gas Boiler - Standard,Fire - Wood,Water,300,0,0,1,3126,37940,null,null,null,null,null,null,null,,,,,,,,,,,,,,,,,,,,,,,,,,,,,,,,,,,,,,,,,,,,,,,,,,,,,,,,,,,,,,,,,,,,,,,,,,,,,,,
E.ON,EOH0613,NE13,36,Working Full time (>30hrs),Professional,"50,001+",2020-11-07T00:00:00.000Z,Owner-Occupied,13,AB,25/11/2020,Phoenix,House,Detached,Urban,2003 - 2006,null,2,0,3,190,7,5,10,2.4,Cavity_Insulated,Solid,Pitched,Double,Yes,Gas,Gas Boiler - Standard,Fire - Gas,Water,220,0,1,1,2233,10564,null,null,null,null,null,null,null,,,,,,,,,,,,,,,,,,,,,,,,,,,,,,,,,,,,,,,,,,,,,,,,,,,,,,,,,,,,,,,,,,,,,,,,,,,,,,,
E.ON,EOH0712,NE6,68,Working Full time (>30hrs),Professional,"50,001+",2020-10-27T00:00:00.000Z,Owner-Occupied,23,AB,06/11/2020,E.ON,House,Semi-Detached,Suburban,1930 - 1949,E,3,0,2,95,5,4,10,2.4,Cavity_No_insulation,Suspended,Pitched,Double,Yes,Gas,Gas Boiler - Standard,None,Water,126,0,0,1,6316,21187,9.618,82.37,19279,4062,598,null,null,,,,,,,,,,,,,,,,,,,,,,,,,,,,,,,,,,,,,,,,,,,,,,,,,,,,,,,,,,,,,,,,,,,,,,,,,,,,,,,
E.ON,EOH3096,NE7,35,Working Full time (>30hrs),Professional,"50,001+",2020-10-28T00:00:00.000Z,Owner-Occupied,6,AB,09/11/2020,Phoenix,House,Semi-Detached,Urban,1900 - 1929,E,2,2,2,208,7,4,10,2.7,Solid_No_insulation,Suspended,Pitched,Single,Yes,Gas,Gas Boiler - Standard,Fire - Wood,Water,110,0,0,1,3000,13500,null,null,null,null,null,null,null,,,,,,,,,,,,,,,,,,,,,,,,,,,,,,,,,,,,,,,,,,,,,,,,,,,,,,,,,,,,,,,,,,,,,,,,,,,,,,,
E.ON,EOH1790,NE7,32,Working Full time (>30hrs),Professional,"50,001+",2020-10-28T00:00:00.000Z,Owner-Occupied,0.9,AB,04/12/2020,Phoenix,House,Mid-Terrace,Urban,1967 - 1975,C,2,0,3,151,5,3,10,2.5,Cavity_Insulated,Suspended,Flat,Double,Yes,Gas,Gas Boiler - Standard,None,Water,120,0,0,1,2358,14959,null,null,null,null,null,null,null,,,,,,,,,,,,,,,,,,,,,,,,,,,,,,,,,,,,,,,,,,,,,,,,,,,,,,,,,,,,,,,,,,,,,,,,,,,,,,,
E.ON,EOH1514,NE7,95,Retired,Pensioner,"16,201 - 20,000",2020-10-29T00:00:00.000Z,Owner-Occupied,66,DE,12/11/2020,Phoenix,House,Semi-Detached,Urban,1950 - 1966,null,1,0,2,99,5,3,6,2.5,Cavity_Insulated,Solid,Pitched,Double,Yes,Gas,Gas Boiler - Standard,None,Water,110,0,0,0,null,null,5.966,77.2,11953,3747,181,null,null,,,,,,,,,,,,,,,,,,,,,,,,,,,,,,,,,,,,,,,,,,,,,,,,,,,,,,,,,,,,,,,,,,,,,,,,,,,,,,,
E.ON,EOH2060,NE6,36,Working Full time (>30hrs),Professional,"50,001+",2020-10-29T00:00:00.000Z,Owner-Occupied,7,AB,10/11/2020,Phoenix,House,Detached,Suburban,1930 - 1949,D,2,2,2,222,9,4,13,2.7,Cavity_Insulated,Suspended,Pitched,Double,Yes,Gas,Gas Boiler - Standard,Fire - Wood,Water,180,0,0,1,null,null,null,null,null,null,null,null,null,,,,,,,,,,,,,,,,,,,,,,,,,,,,,,,,,,,,,,,,,,,,,,,,,,,,,,,,,,,,,,,,,,,,,,,,,,,,,,,
E.ON,EOH0791,NE7,38,Working Full time (>30hrs),Manager,"50,001+",2020-10-29T00:00:00.000Z,Owner-Occupied,4,AB,10/11/2020,Phoenix,House,Semi-Detached,Urban,1950 - 1966,C,2,2,2,112,6,4,9,2.5,Cavity_Insulated,Solid,Pitched,Double,Yes,Gas,Gas Boiler - Standard,Fire - Wood,Water,110,0,0,1,4491,13084,8.53,86.25,17081,4457,0,55,2.96,,,,,,,,,,,,,,,,,,,,,,,,,,,,,,,,,,,,,,,,,,,,,,,,,,,,,,,,,,,,,,,,,,,,,,,,,,,,,,,
E.ON,EOH2533,NE6,43,Working Full time (>30hrs),Clerical,"40,001 - 50,000",2020-11-18T00:00:00.000Z,Owner-Occupied,20,C1,07/01/2021,Phoenix,House,Semi-Detached,Urban,1950 - 1966,null,2,1,2,90,5,3,5,2.4,Cavity_No_insulation,Solid,Pitched,Double,Yes,Gas,Gas Boiler - Standard,Fire - Gas,Water,110,0,1,1,5400,20000,null,null,null,null,null,null,null,,,,,,,,,,,,,,,,,,,,,,,,,,,,,,,,,,,,,,,,,,,,,,,,,,,,,,,,,,,,,,,,,,,,,,,,,,,,,,,
E.ON,EOH0353,NE7,50,Working Full time (>30hrs),Manager,"50,001+",2020-11-18T00:00:00.000Z,Owner-Occupied,14,AB,10/12/2020,Phoenix,House,Detached,Urban,1950 - 1966,null,2,3,2,220,7,4,10,2.5,Cavity_No_insulation,Solid,Pitched,Double,Yes,Gas,Gas Boiler - Standard,Fire - Gas,Water,250,0,1,1,11951,null,null,null,null,null,null,null,null,,,,,,,,,,,,,,,,,,,,,,,,,,,,,,,,,,,,,,,,,,,,,,,,,,,,,,,,,,,,,,,,,,,,,,,,,,,,,,,
E.ON,EOH1549,NE6,56,Working Full time (>30hrs),Manager,"50,001+",2020-11-06T00:00:00.000Z,Owner-Occupied,0.9,AB,09/11/2020,Phoenix,House,Mid-Terrace,Urban,1996 - 2002,C,2,0,3,96,4,3,6,2.4,Cavity_Insulated,Suspended,Pitched,Double,Yes,Gas,Gas Boiler - Standard,None,Water,110,0,0,0,null,null,5.67,63.2,11355,3566,0,null,null,,,,,,,,,,,,,,,,,,,,,,,,,,,,,,,,,,,,,,,,,,,,,,,,,,,,,,,,,,,,,,,,,,,,,,,,,,,,,,,
E.ON,EOH1223,NE5,28,Working Full time (>30hrs),Skilled Manual Worker,"25,001 - 30,000",2020-11-09T00:00:00.000Z,Owner-Occupied,2,C2,25/11/2020,Phoenix,House,End-Terrace,Urban,1950 - 1966,E,2,0,2,86,5,3,6,2.3,Cavity_Insulated,Solid,Pitched,Double,No,Electricity,Electric - Storage,None,Water,150,0,0,0,null,null,5.427,63,10873,4475,655,null,null,,,,,,,,,,,,,,,,,,,,,,,,,,,,,,,,,,,,,,,,,,,,,,,,,,,,,,,,,,,,,,,,,,,,,,,,,,,,,,,
E.ON,EOH0155,NE3,40,Working Full time (>30hrs),Manager,"50,001+",2020-11-11T00:00:00.000Z,Owner-Occupied,13,AB,01/12/2020,Phoenix,House,Semi-Detached,Urban,1950 - 1966,null,2,2,2,73,5,3,7,2.4,Cavity_Insulated,Solid,Pitched,Double,Yes,Gas,Gas Boiler - Standard,Fire - Electric,Water,110,0,0,1,null,null,null,null,null,null,null,null,null,,,,,,,,,,,,,,,,,,,,,,,,,,,,,,,,,,,,,,,,,,,,,,,,,,,,,,,,,,,,,,,,,,,,,,,,,,,,,,,
E.ON,EOH3158,NE3,57,Working Full time (>30hrs),Manager,"40,001 - 50,000",2020-11-12T00:00:00.000Z,Owner-Occupied,15,AB,02/12/2020,Phoenix,House,Detached,Urban,1983 - 1990,null,2,1,2,153,8,5,9,2.4,Cavity_Insulated,Suspended,Pitched,Double,Yes,Gas,Gas Boiler - Standard,Fire - Gas,Water,110,0,1,1,3159,33524,9.396,76.44,18816.8,6183,911,49,3.15,,,,,,,,,,,,,,,,,,,,,,,,,,,,,,,,,,,,,,,,,,,,,,,,,,,,,,,,,,,,,,,,,,,,,,,,,,,,,,,
E.ON,EOH0577,NE5,65,Working Part time,Clerical,"12,501 - 16,200",2020-11-12T00:00:00.000Z,Owner-Occupied,31,C1,02/12/2020,Phoenix,House,Semi-Detached,Urban,1950 - 1966,null,1,0,2,90,5,3,8,2.4,Cavity_Insulated,Suspended,Pitched,Double,Yes,Gas,Gas Boiler - Standard,Fire - Electric,Water,110,0,0,0,null,null,6.203,83.82,15037,3820,0,55,2.96,,,,,,,,,,,,,,,,,,,,,,,,,,,,,,,,,,,,,,,,,,,,,,,,,,,,,,,,,,,,,,,,,,,,,,,,,,,,,,,
E.ON,EOH2622,NE3,72,Working Full time (>30hrs),Professional,Prefer not to say,2020-11-16T00:00:00.000Z,Owner-Occupied,28,C1,07/12/2020,Phoenix,House,Semi-Detached,Urban,1930 - 1949,D,2,0,2,131,7,4,9,2.7,Cavity_Insulated,Suspended,Pitched,Double,Yes,Gas,Gas Boiler - Standard,Fire - Gas,Water,110,0,1,1,3900,35191,8.762,84.31,17563,4776,0,55,2.96,,,,,,,,,,,,,,,,,,,,,,,,,,,,,,,,,,,,,,,,,,,,,,,,,,,,,,,,,,,,,,,,,,,,,,,,,,,,,,,
E.ON,EOH0198,NE15,91,Retired,Pensioner,"16,201 - 20,000",2020-11-17T00:00:00.000Z,Owner-Occupied,57,DE,09/12/2020,Phoenix,House,Semi-Detached,Urban,1950 - 1966,null,1,0,2,99,5,3,0,2.4,Cavity_Insulated,Solid,Pitched,Double,No,Electricity,Electric - Storage,Fire - Gas,Water,110,0,1,1,7331,3586,null,null,null,null,null,null,null,,,,,,,,,,,,,,,,,,,,,,,,,,,,,,,,,,,,,,,,,,,,,,,,,,,,,,,,,,,,,,,,,,,,,,,,,,,,,,,
E.ON,EOH1794,NE3,56,Working Full time (>30hrs),Manager,"50,001+",2020-11-24T00:00:00.000Z,Owner-Occupied,18,C1,10/12/2020,Phoenix,House,Detached,Urban,1996 - 2002,E,4,1,3,178,8,5,12,2.4,Cavity_Insulated,Solid,Pitched,Double,Yes,Gas,Gas Boiler - Standard,Fire - Gas,Water,250,1,1,1,null,null,13.873,93.1,33611,5731,0,null,null,,,,,,,,,,,,,,,,,,,,,,,,,,,,,,,,,,,,,,,,,,,,,,,,,,,,,,,,,,,,,,,,,,,,,,,,,,,,,,,
E.ON,EOH0392,NE3,69,Working Part time,Professional,"30,001 - 40,000",2020-11-24T00:00:00.000Z,Owner-Occupied,42,C1,11/12/2020,Phoenix,House,Semi-Detached,Urban,1930 - 1949,null,2,0,3,110,5,3,6,2.7,Cavity_Insulated,Suspended,Pitched,Double,Yes,Gas,Gas Boiler - Standard,Fire - Gas,Water,120,0,1,1,3923,19686,null,null,null,null,null,null,null,,,,,,,,,,,,,,,,,,,,,,,,,,,,,,,,,,,,,,,,,,,,,,,,,,,,,,,,,,,,,,,,,,,,,,,,,,,,,,,
E.ON,EOH0024,NE13,33,Working Full time (>30hrs),Professional,"40,001 - 50,000",2020-11-25T00:00:00.000Z,Owner-Occupied,2,C1,18/12/2020,Phoenix,House,Detached,Urban,1976 - 1982,D,2,1,2,122,6,3,8,2.3,Cavity_Insulated,Mix,Pitched,Double,Yes,Gas,Gas Boiler - Standard,Fire - Wood,Water,110,0,0,1,4218,11358,null,null,null,null,null,null,null,,,,,,,,,,,,,,,,,,,,,,,,,,,,,,,,,,,,,,,,,,,,,,,,,,,,,,,,,,,,,,,,,,,,,,,,,,,,,,,
E.ON,EOH3075,NE2,40,Carer,Unemployed/Benefits,"12,501 - 16,200",2020-11-26T00:00:00.000Z,Owner-Occupied,0.9,DE,16/12/2020,Phoenix,House,Semi-Detached,Urban,1900 - 1929,E,2,2,3,290,9,7,12,2.6,Solid_No_insulation,Suspended,Pitched,Double,Yes,Gas,Gas Boiler - Standard,Fire - Electric,Water,110,1,0,0,null,null,null,null,null,null,null,null,null,,,,,,,,,,,,,,,,,,,,,,,,,,,,,,,,,,,,,,,,,,,,,,,,,,,,,,,,,,,,,,,,,,,,,,,,,,,,,,,
E.ON,EOH0941,NE3,31,Working Full time (>30hrs),Professional,"30,001 - 40,000",2020-12-04T00:00:00.000Z,Owner-Occupied,2,C1,21/12/2020,Phoenix,House,Semi-Detached,Urban,1950 - 1966,C,1,0,2,104,6,4,10,2.4,Cavity_Insulated,Solid,Pitched,Double,Yes,Gas,Gas Boiler - Standard,None,Water,200,0,0,1,null,null,null,null,null,null,null,null,null,,,,,,,,,,,,,,,,,,,,,,,,,,,,,,,,,,,,,,,,,,,,,,,,,,,,,,,,,,,,,,,,,,,,,,,,,,,,,,,
E.ON,EOH2638,NE3,68,Retired,Pensioner,"16,201 - 20,000",2020-12-11T00:00:00.000Z,Owner-Occupied,25,DE,05/01/2021,Phoenix,House,Semi-Detached,Urban,1930 - 1949,D,2,0,2,119,7,5,10,2.3,Cavity_Insulated,Solid,Pitched,Double,Yes,Gas,Gas Boiler - Standard,Fire - Gas,Water,110,0,1,0,4676,11821,null,null,null,null,null,null,null,,,,,,,,,,,,,,,,,,,,,,,,,,,,,,,,,,,,,,,,,,,,,,,,,,,,,,,,,,,,,,,,,,,,,,,,,,,,,,,
E.ON,EOH0906,NE3,40,Working Full time (>30hrs),Manager,"50,001+",2020-12-15T00:00:00.000Z,Owner-Occupied,3,C1,08/01/2021,Phoenix,House,Semi-Detached,Urban,1950 - 1966,D,2,5,3,202,9,6,13,2.5,Cavity_Insulated,Suspended,Pitched,Double,Yes,Gas,Gas Boiler - Standard,Fire - Wood,Water,300,3,0,1,null,null,null,null,null,null,null,null,null,,,,,,,,,,,,,,,,,,,,,,,,,,,,,,,,,,,,,,,,,,,,,,,,,,,,,,,,,,,,,,,,,,,,,,,,,,,,,,,
E.ON,EOH2177,NE15,63,Retired,Pensioner,"30,001 - 40,000",2020-12-16T00:00:00.000Z,Owner-Occupied,34,DE,13/01/2021,Phoenix,House,Detached,Urban,1967 - 1975,null,4,0,2,90,6,3,9,2.3,Cavity_Insulated,Suspended,Pitched,Double,Yes,Gas,Gas Boiler - Standard,Fire - Gas,Water,110,0,1,0,4456,18970,7.176,79.73,14426,4038,218,50,3.2,,,,,,,,,,,,,,,,,,,,,,,,,,,,,,,,,,,,,,,,,,,,,,,,,,,,,,,,,,,,,,,,,,,,,,,,,,,,,,,
E.ON,EOH1600,NE7,59,Retired,Pensioner,"12,501 - 16,200",2020-12-18T00:00:00.000Z,Owner-Occupied,24,DE,18/01/2021,Phoenix,House,Semi-Detached,Urban,1950 - 1966,C,2,0,2,129,7,4,10,2.6,Cavity_Insulated,Suspended,Pitched,Double,Yes,Gas,Gas Boiler - Standard,Fire - Gas,Water,110,0,2,1,2537,21037,null,null,null,null,null,null,null,,,,,,,,,,,,,,,,,,,,,,,,,,,,,,,,,,,,,,,,,,,,,,,,,,,,,,,,,,,,,,,,,,,,,,,,,,,,,,,
E.ON,EOH1435,NE13,54,Working Full time (>30hrs),Manager,"50,001+",2020-12-23T00:00:00.000Z,Owner-Occupied,12,AB,22/01/2021,Phoenix,House,Detached,Urban,2007 - 2011,B,2,0,2,210,8,4,11,2.4,Cavity_Insulated,Solid,Pitched,Double,Yes,Gas,Gas Boiler - Standard,Fire - Gas,Water,250,0,1,1,null,null,6.33368,41.17,15322.2,5594,818,null,null,,,,,,,,,,,,,,,,,,,,,,,,,,,,,,,,,,,,,,,,,,,,,,,,,,,,,,,,,,,,,,,,,,,,,,,,,,,,,,,
E.ON,EOH1540,NE4,48,Unemployed,Unemployed/Benefits,"0 - 12,500",2020-12-23T00:00:00.000Z,Owner-Occupied,15,DE,19/01/2021,Phoenix,House,Semi-Detached,Urban,1930 - 1949,null,1,2,3,170,7,4,11,2.6,Cavity_Insulated,Suspended,Pitched,Double,Yes,Gas,Gas Boiler - Standard,Fire - Wood,Water,300,0,1,1,null,null,null,null,null,null,null,null,null,,,,,,,,,,,,,,,,,,,,,,,,,,,,,,,,,,,,,,,,,,,,,,,,,,,,,,,,,,,,,,,,,,,,,,,,,,,,,,,
E.ON,EOH2770,NE28,56,Working Full time (>30hrs),Skilled Manual Worker,"25,001 - 30,000",2021-01-04T00:00:00.000Z,Owner-Occupied,17,C2,20/01/2021,Phoenix,House,Detached,Urban,2003 - 2006,null,3,0,2,110,6,4,12,2.4,Cavity_Insulated,Solid,Pitched,Double,Yes,Gas,Gas Boiler - Standard,Fire - Gas,Water,210,0,1,1,null,null,6.60004,79.8,13225.7,4995,0,null,null,,,,,,,,,,,,,,,,,,,,,,,,,,,,,,,,,,,,,,,,,,,,,,,,,,,,,,,,,,,,,,,,,,,,,,,,,,,,,,,
E.ON,EOH0945,NE13,58,Working Full time (>30hrs),Professional,"50,001+",2021-01-07T00:00:00.000Z,Owner-Occupied,22,AB,27/01/2021,Phoenix,House,Detached,Urban,1967 - 1975,C,2,1,1,91,4,3,6,2.4,Cavity_Insulated,Suspended,Pitched,Double,Yes,Gas,Gas Boiler - Standard,None,Water,110,0,0,1,null,null,5.04737,75.33,7691,3311,0,null,null,,,,,,,,,,,,,,,,,,,,,,,,,,,,,,,,,,,,,,,,,,,,,,,,,,,,,,,,,,,,,,,,,,,,,,,,,,,,,,,
E.ON,EOH1261,NE20,33,Working Full time (>30hrs),Skilled Manual Worker,"40,001 - 50,000",2021-01-15T00:00:00.000Z,Owner-Occupied,2,C2,02/02/2021,Phoenix,House,Detached,Urban,2012 onwards,null,2,2,3,350,9,5,18,2.7,Cavity_Insulated,Suspended,Pitched,Double,No,LPG,LPG Boiler,None,Water,350,5,0,0,null,null,null,null,null,null,null,null,null,,,,,,,,,,,,,,,,,,,,,,,,,,,,,,,,,,,,,,,,,,,,,,,,,,,,,,,,,,,,,,,,,,,,,,,,,,,,,,,
E.ON,EOH1304,NE3,67,Retired,Pensioner,Prefer not to say,2021-01-20T00:00:00.000Z,Owner-Occupied,25,DE,04/02/2021,Phoenix,House,Detached,Urban,1967 - 1975,D,2,0,2,100,6,4,8,2.3,Cavity_Insulated,Solid,Pitched,Double,Yes,Gas,Gas Boiler - Standard,Fire - Gas,Water,100,0,1,0,null,null,6.512,65.12,15739.9,4475,655,50,3.35,,,,,,,,,,,,,,,,,,,,,,,,,,,,,,,,,,,,,,,,,,,,,,,,,,,,,,,,,,,,,,,,,,,,,,,,,,,,,,,
E.ON,EOH2637,NE3,37,Working Full time (>30hrs),Skilled Manual Worker,"40,001 - 50,000",2021-01-28T00:00:00.000Z,Owner-Occupied,0.9,C2,12/02/2021,Phoenix,House,Semi-Detached,Urban,1950 - 1966,C,2,2,2,95,5,3,7,2.4,Cavity_Insulated,Suspended,Pitched,Double,Yes,Gas,Gas Boiler - Standard,None,Water,110,0,0,1,1149,21375,7.69,80.97,18636.2,3820,0,null,null,,,,,,,,,,,,,,,,,,,,,,,,,,,,,,,,,,,,,,,,,,,,,,,,,,,,,,,,,,,,,,,,,,,,,,,,,,,,,,,
E.ON,EOH0841,NE27,39,Working Full time (>30hrs),Manager,"50,001+",2021-02-01T00:00:00.000Z,Owner-Occupied,13,C1,15/02/2021,Phoenix,House,Semi-Detached,Urban,1950 - 1966,D,2,3,2,120,6,4,9,2.6,Cavity_Insulated,Suspended,Pitched,Double,Yes,Gas,Gas Boiler - Standard,Fire - Wood,Water,110,0,0,1,null,null,null,null,null,null,null,null,null,,,,,,,,,,,,,,,,,,,,,,,,,,,,,,,,,,,,,,,,,,,,,,,,,,,,,,,,,,,,,,,,,,,,,,,,,,,,,,,
E.ON,EOH0596,NE15,33,Working Full time (>30hrs),Clerical,"25,001 - 30,000",2021-02-02T00:00:00.000Z,Owner-Occupied,0.9,C1,16/02/2021,Phoenix,House,Semi-Detached,Urban,1950 - 1966,D,2,3,2,78,5,3,5,2.4,Cavity_Insulated,Suspended,Pitched,Double,Yes,Gas,Gas - Warm Air,None,Water,120,0,0,0,null,null,4.881,62.58,11831.2,3515,0,53,2.99,,,,,,,,,,,,,,,,,,,,,,,,,,,,,,,,,,,,,,,,,,,,,,,,,,,,,,,,,,,,,,,,,,,,,,,,,,,,,,,
E.ON,EOH1641,NE21,44,Working Full time (>30hrs),Professional,"50,001+",2021-02-03T00:00:00.000Z,Owner-Occupied,0.9,AB,17/02/2021,Phoenix,House,Detached,Urban,2012 onwards,C,2,2,3,169,8,4,13,2.4,Cavity_Insulated,Solid,Pitched,Double,Yes,Gas,Gas Boiler - Standard,None,Water,210,0,0,1,null,null,null,null,null,null,null,null,null,,,,,,,,,,,,,,,,,,,,,,,,,,,,,,,,,,,,,,,,,,,,,,,,,,,,,,,,,,,,,,,,,,,,,,,,,,,,,,,
E.ON,EOH2827,NE3,48,Working Full time (>30hrs),Clerical,"30,001 - 40,000",2021-02-15T00:00:00.000Z,Owner-Occupied,8,C1,23/02/2021,Phoenix,House,Detached,Urban,1983 - 1990,D,2,2,2,110,8,4,12,2.4,Cavity_Insulated,Suspended,Pitched,Double,Yes,Gas,Gas Boiler - Standard,Fire - Electric,Water,110,0,0,0,null,null,null,null,null,null,null,null,null,,,,,,,,,,,,,,,,,,,,,,,,,,,,,,,,,,,,,,,,,,,,,,,,,,,,,,,,,,,,,,,,,,,,,,,,,,,,,,,
E.ON,EOH0126,NE27,50,Working Full time (>30hrs),Manager,"50,001+",2021-02-19T00:00:00.000Z,Owner-Occupied,20,AB,24/02/2021,Phoenix,House,Detached,Urban,1996 - 2002,null,2,1,2,90,5,3,12,2.2,Cavity_Insulated,Suspended,Pitched,Double,Yes,Gas,Gas Boiler - Standard,None,Water,110,0,0,0,null,null,5.05,56.12,10121.7,4122,607,45,3.57,,,,,,,,,,,,,,,,,,,,,,,,,,,,,,,,,,,,,,,,,,,,,,,,,,,,,,,,,,,,,,,,,,,,,,,,,,,,,,,
E.ON,EOH2042,NE13,51,Working Full time (>30hrs),Clerical,"20,001 - 25,000",2021-02-18T00:00:00.000Z,Owner-Occupied,8,C1,25/02/2021,Phoenix,House,Semi-Detached,Urban,2012 onwards,B,3,0,3,118,5,4,9,2.3,Cavity_Insulated,Solid,Pitched,Double,Yes,Gas,Gas Boiler - Standard,None,Water,160,0,0,1,null,null,null,null,null,null,null,null,null,,,,,,,,,,,,,,,,,,,,,,,,,,,,,,,,,,,,,,,,,,,,,,,,,,,,,,,,,,,,,,,,,,,,,,,,,,,,,,,
E.ON,EOH0440,NE4,46,Working Part time,Skilled Manual Worker,"0 - 12,500",2021-02-24T00:00:00.000Z,Owner-Occupied,13,C2,03/03/2021,Phoenix,House,Mid-Terrace,Urban,1950 - 1966,D,1,0,2,71,4,3,7,2.4,Cavity_Insulated,Solid,Pitched,Double,Yes,Gas,Gas Boiler - Standard,Fire - Gas,Water,110,0,1,1,null,null,5.54,78.04,11142.4,4475,655,50,3.35,,,,,,,,,,,,,,,,,,,,,,,,,,,,,,,,,,,,,,,,,,,,,,,,,,,,,,,,,,,,,,,,,,,,,,,,,,,,,,,
E.ON,EOH2818,NE13,60,Working Full time (>30hrs),Manager,"30,001 - 40,000",2021-02-22T00:00:00.000Z,Owner-Occupied,24,C1,26/02/2021,Phoenix,House,Semi-Detached,Urban,1967 - 1975,null,2,0,2,89,5,3,8,2.3,Cavity_Insulated,Solid,Pitched,Double,Yes,Gas,Gas Boiler - Standard,None,Water,110,0,0,0,4455,12628,null,null,null,null,null,null,null,,,,,,,,,,,,,,,,,,,,,,,,,,,,,,,,,,,,,,,,,,,,,,,,,,,,,,,,,,,,,,,,,,,,,,,,,,,,,,,
E.ON,EOH3116,NE15,42,Working Full time (>30hrs),Professional,"30,001 - 40,000",2021-02-23T00:00:00.000Z,Owner-Occupied,9,C1,26/02/2021,Phoenix,House,Semi-Detached,Urban,1950 - 1966,null,1,0,2,70,4,3,6,2.4,Cavity_Insulated,Solid,Pitched,Double,Yes,Gas,Gas Boiler - Standard,Fire - Gas,Water,100,0,1,1,null,null,6.169,88.13,14954.4,3820,0,55,2.96,,,,,,,,,,,,,,,,,,,,,,,,,,,,,,,,,,,,,,,,,,,,,,,,,,,,,,,,,,,,,,,,,,,,,,,,,,,,,,,
E.ON,EOH2602,NE7,32,Working Full time (>30hrs),Manager,"40,001 - 50,000",2021-02-25T00:00:00.000Z,Owner-Occupied,3,C1,01/03/2021,Phoenix,House,Semi-Detached,Urban,1950 - 1966,E,2,1,2,90,5,3,9,2.3,Cavity_Insulated,Solid,Pitched,Double,Yes,Gas,Gas Boiler - Standard,Fire - Gas,Water,150,0,1,0,4405,18000,6.686,74.29,13399.2,3566,0,52,3,,,,,,,,,,,,,,,,,,,,,,,,,,,,,,,,,,,,,,,,,,,,,,,,,,,,,,,,,,,,,,,,,,,,,,,,,,,,,,,
E.ON,EOH1294,NE3,53,Working Full time (>30hrs),Clerical,"25,001 - 30,000",2021-03-04T00:00:00.000Z,Owner-Occupied,30,C1,11/03/2021,Phoenix,House,Semi-Detached,Urban,1967 - 1975,null,1,2,2,84,5,3,7,2.4,Cavity_Insulated,Solid,Pitched,Double,Yes,Gas,Gas Boiler - Standard,Fire - Gas,Water,110,0,1,0,3612,17912,null,null,null,null,null,null,null,,,,,,,,,,,,,,,,,,,,,,,,,,,,,,,,,,,,,,,,,,,,,,,,,,,,,,,,,,,,,,,,,,,,,,,,,,,,,,,
E.ON,EOH0227,DH1,74,Retired,Pensioner,"40,001 - 50,000",2021-02-25T00:00:00.000Z,Owner-Occupied,22,DE,04/03/2021,Energist,House,Detached,Urban,1983 - 1990,null,2,0,2,120,10,4,10,2.4,Cavity_Insulated,Suspended,Pitched,Double,Yes,Gas,Gas Boiler - Standard,None,Water,150,0,0,0,null,null,5.876,50.66,16435,3496,0,45,3.91,,,,,,,,,,,,,,,,,,,,,,,,,,,,,,,,,,,,,,,,,,,,,,,,,,,,,,,,,,,,,,,,,,,,,,,,,,,,,,,
E.ON,EOH2339,DL13,64,Working Full time (>30hrs),Skilled Manual Worker,"12,501 - 16,200",2021-02-26T00:00:00.000Z,Owner-Occupied,30,C2,04/08/2021,Energist,House,Detached,Rural,1900 - 1929,F,1,0,1,61,4,2,8,2.4,Solid_No_insulation,Solid,Pitched,Double,No,LPG,LPG Boiler,None,Water,150,0,0,0,null,null,4.1,65,10140,2360,0,45,3.77,,,,,,,,,,,,,,,,,,,,,,,,,,,,,,,,,,,,,,,,,,,,,,,,,,,,,,,,,,,,,,,,,,,,,,,,,,,,,,,
E.ON,EOH3082,NE12,58,Working Full time (>30hrs),Clerical,"40,001 - 50,000",2021-03-04T00:00:00.000Z,Owner-Occupied,15,C1,09/03/2021,Phoenix,House,Detached,Urban,2003 - 2006,C,3,0,2,131,7,4,12,2.4,Cavity_Insulated,Solid,Pitched,Double,Yes,Gas,Gas Boiler - Standard,Fire - Electric,Water,150,0,0,1,null,null,7.311,55.8,14652.4,4994,181,60,3.22,,,,,,,,,,,,,,,,,,,,,,,,,,,,,,,,,,,,,,,,,,,,,,,,,,,,,,,,,,,,,,,,,,,,,,,,,,,,,,,
E.ON,EOH1273,NE7,48,Working Full time (>30hrs),Skilled Manual Worker,"25,001 - 30,000",2021-03-10T00:00:00.000Z,Owner-Occupied,10,C2,10/03/2021,Phoenix,House,Semi-Detached,Urban,1930 - 1949,E,2,0,2,94,6,3,9,2.5,Cavity_Insulated,Suspended,Pitched,Double,Yes,Gas,Gas Boiler - Standard,Fire - Gas,Water,110,0,2,1,null,null,null,null,null,null,null,null,null,,,,,,,,,,,,,,,,,,,,,,,,,,,,,,,,,,,,,,,,,,,,,,,,,,,,,,,,,,,,,,,,,,,,,,,,,,,,,,,
E.ON,EOH0522,NE15,46,Working Full time (>30hrs),Manager,Prefer not to say,2021-03-09T00:00:00.000Z,Owner-Occupied,6,C1,15/03/2021,Phoenix,House,Semi-Detached,Urban,1950 - 1966,E,2,0,2,87,5,3,7,2.4,Cavity_Insulated,Solid,Pitched,Double,Yes,Gas,Gas Boiler - Standard,Fire - Gas,Water,110,0,1,0,null,null,null,null,null,null,null,null,null,,,,,,,,,,,,,,,,,,,,,,,,,,,,,,,,,,,,,,,,,,,,,,,,,,,,,,,,,,,,,,,,,,,,,,,,,,,,,,,
E.ON,EOH0026,NE3,49,Working Full time (>30hrs),Professional,"40,001 - 50,000",2021-03-17T00:00:00.000Z,Owner-Occupied,0.9,C1,17/03/2021,Phoenix,House,Detached,Urban,1983 - 1990,C,1,1,2,87,4,3,9,2.3,Cavity_Insulated,Suspended,Pitched,Double,Yes,Gas,Gas Boiler - Standard,Fire - Electric,Water,110,0,0,0,null,null,5.49,63.09,10989.3,4122,607,53,3.22,,,,,,,,,,,,,,,,,,,,,,,,,,,,,,,,,,,,,,,,,,,,,,,,,,,,,,,,,,,,,,,,,,,,,,,,,,,,,,,
E.ON,EOH2089,NE5,35,Working Full time (>30hrs),Skilled Manual Worker,"50,001+",2021-03-10T00:00:00.000Z,Owner-Occupied,3,C2,11/03/2021,Phoenix,House,Detached,Urban,1983 - 1990,D,2,2,2,127,6,4,11,2.4,Cavity_Insulated,Solid,Pitched,Double,Yes,Gas,Gas Boiler - Standard,None,Water,150,0,0,0,3300,24000,9.024,78.94,21862.9,3820,0,55,2.96,,,,,,,,,,,,,,,,,,,,,,,,,,,,,,,,,,,,,,,,,,,,,,,,,,,,,,,,,,,,,,,,,,,,,,,,,,,,,,,
E.ON,EOH0022,NE39,46,Working Full time (>30hrs),Professional,"50,001+",2021-03-17T00:00:00.000Z,Owner-Occupied,4,AB,17/03/2021,Phoenix,House,Detached,Urban,1900 - 1929,null,2,0,2,239,6,4,8,2.3,Solid_No_insulation,Solid,Pitched,Double,No,Oil,Oil Boiler - Standard,Fire - Wood,Water,110,0,0,0,null,null,null,null,null,null,null,null,null,,,,,,,,,,,,,,,,,,,,,,,,,,,,,,,,,,,,,,,,,,,,,,,,,,,,,,,,,,,,,,,,,,,,,,,,,,,,,,,
E.ON,EOH2365,NE15,43,Working Full time (>30hrs),Manager,"50,001+",2021-03-19T00:00:00.000Z,Owner-Occupied,16,AB,26/03/2021,Phoenix,House,Semi-Detached,Urban,1983 - 1990,null,2,1,2,90,5,3,9,2.3,Cavity_Insulated,Suspended,Pitched,Double,Yes,Gas,Gas Boiler - Standard,None,Water,150,1,0,0,4900,7700,5.669,81.24,11389,4122,607,null,null,,,,,,,,,,,,,,,,,,,,,,,,,,,,,,,,,,,,,,,,,,,,,,,,,,,,,,,,,,,,,,,,,,,,,,,,,,,,,,,
E.ON,EOH0725,NE47,63,Retired,Pensioner,Prefer not to say,2021-03-16T00:00:00.000Z,Owner-Occupied,20,DE,23/03/2021,Phoenix,House,Detached,Rural,Before 1900,null,2,0,2,215,10,5,12,2,Solid_Insulated,Suspended,Pitched,Double,No,Oil,Oil Boiler - Standard,Fire - Wood,Water,165,0,0,0,3000,null,null,null,null,null,null,null,null,,,,,,,,,,,,,,,,,,,,,,,,,,,,,,,,,,,,,,,,,,,,,,,,,,,,,,,,,,,,,,,,,,,,,,,,,,,,,,,
E.ON,EOH1141,NE15,61,Working Full time (>30hrs),Skilled Manual Worker,"40,001 - 50,000",2021-03-15T00:00:00.000Z,Owner-Occupied,18,C2,22/03/2021,Phoenix,House,Semi-Detached,Urban,1967 - 1975,null,2,0,2,86,5,3,7,2.5,Cavity_Insulated,Suspended,Pitched,Double,Yes,Gas,Gas Boiler - Standard,Fire - Gas,Water,110,0,1,1,null,null,null,null,null,null,null,null,null,,,,,,,,,,,,,,,,,,,,,,,,,,,,,,,,,,,,,,,,,,,,,,,,,,,,,,,,,,,,,,,,,,,,,,,,,,,,,,,
E.ON,EOH2508,NE6,57,Working Full time (>30hrs),Supervisor,"30,001 - 40,000",2021-03-16T00:00:00.000Z,Owner-Occupied,13,C1,16/04/2021,Phoenix,House,Semi-Detached,Urban,1950 - 1966,null,2,1,2,86,5,3,8,2.6,Cavity_Insulated,Suspended,Pitched,Double,Yes,Gas,Gas Boiler - Standard,None,Water,110,0,0,1,null,null,5.317,61.83,9782.4,4122,607,45,3.57,,,,,,,,,,,,,,,,,,,,,,,,,,,,,,,,,,,,,,,,,,,,,,,,,,,,,,,,,,,,,,,,,,,,,,,,,,,,,,,
E.ON,EOH1658,NE13,51,Working Full time (>30hrs),Professional,"40,001 - 50,000",2021-04-06T00:00:00.000Z,Owner-Occupied,16,AB,08/04/2021,Phoenix,House,Detached,Urban,1950 - 1966,null,2,0,2,89,6,4,11,2.4,Cavity_Insulated,Suspended,Pitched,Double,Yes,Gas,Gas Boiler - Standard,None,Water,110,0,0,1,null,null,7.807,87.72,18925.8,5153,759,50,3.2,,,,,,,,,,,,,,,,,,,,,,,,,,,,,,,,,,,,,,,,,,,,,,,,,,,,,,,,,,,,,,,,,,,,,,,,,,,,,,,
E.ON,EOH2088,NE15,52,Working Full time (>30hrs),Skilled Manual Worker,"30,001 - 40,000",2021-04-06T00:00:00.000Z,Owner-Occupied,9,C2,20/04/2021,Phoenix,House,Detached,Urban,2003 - 2006,B,2,0,2,109,6,4,12,2.4,Cavity_Insulated,Solid,Pitched,Double,Yes,Gas,Gas Boiler - Standard,Fire - Gas,Water,110,1,1,1,null,null,4.791,43.95,9623.8,5255,768,47,3.48,,,,,,,,,,,,,,,,,,,,,,,,,,,,,,,,,,,,,,,,,,,,,,,,,,,,,,,,,,,,,,,,,,,,,,,,,,,,,,,
E.ON,EOH1654,NE7,47,Working Full time (>30hrs),Professional,"50,001+",2021-04-09T00:00:00.000Z,Owner-Occupied,0.9,AB,21/06/2021,E.ON,House,Detached,Urban,1967 - 1975,null,2,1,2,105,6,3,10,2.4,Cavity_Insulated,Suspended,Pitched,Double,Yes,Gas,Gas Boiler - Standard,Fire - Gas,Water,175,0,1,1,null,null,6.62,76.37,13283.6,4122,607,null,null,,,,,,,,,,,,,,,,,,,,,,,,,,,,,,,,,,,,,,,,,,,,,,,,,,,,,,,,,,,,,,,,,,,,,,,,,,,,,,,
E.ON,EOH0543,NE20,35,Working Full time (>30hrs),Professional,"50,001+",2021-04-14T00:00:00.000Z,Owner-Occupied,0.9,AB,23/04/2021,Phoenix,House,Detached,Urban,1967 - 1975,C,2,2,2,149,6,4,9,2.4,Cavity_Insulated,Suspended,Pitched,Double,Yes,Gas,Gas Boiler - Standard,None,Water,110,0,0,1,null,null,10.04,67.38,27003,3933,0,45,4.21,,,,,,,,,,,,,,,,,,,,,,,,,,,,,,,,,,,,,,,,,,,,,,,,,,,,,,,,,,,,,,,,,,,,,,,,,,,,,,,
E.ON,EOH2963,NE13,52,Working Full time (>30hrs),Clerical,"30,001 - 40,000",2021-04-28T00:00:00.000Z,Owner-Occupied,40,C1,27/05/2021,Phoenix,House,Detached,Urban,1983 - 1990,null,2,0,2,120,5,4,10,2.3,Cavity_No_insulation,Suspended,Pitched,Double,Yes,Gas,Gas Boiler - Standard,None,Water,110,0,0,0,null,null,9.36,85.82,9710,4394,759,55,2.96,,,,,,,,,,,,,,,,,,,,,,,,,,,,,,,,,,,,,,,,,,,,,,,,,,,,,,,,,,,,,,,,,,,,,,,,,,,,,,,
E.ON,EOH1615,NE20,51,Working Full time (>30hrs),Professional,"50,001+",2021-04-26T00:00:00.000Z,Owner-Occupied,3,AB,29/04/2021,Phoenix,House,Detached,Urban,1967 - 1975,D,2,2,2,187,8,5,11,2.6,Cavity_Insulated,Suspended,Pitched,Double,Yes,Gas,Gas Boiler - Standard,None,Water,250,0,1,1,null,null,10.592,56.64,25635.7,5153,759,null,null,,,,,,,,,,,,,,,,,,,,,,,,,,,,,,,,,,,,,,,,,,,,,,,,,,,,,,,,,,,,,,,,,,,,,,,,,,,,,,,
E.ON,EOH0315,NE5,29,Unemployed,Unemployed/Benefits,Prefer not to say,2021-05-21T00:00:00.000Z,Owner-Occupied,2,DE,28/05/2021,Phoenix,House,Mid-Terrace,Urban,1950 - 1966,D,1,1,2,99,4,3,6,2.3,Cavity_Insulated,Solid,Pitched,Double,No,Electricity,Electric - Storage,None,Water,110,0,0,0,null,null,4.29,43.33,9662.8,4002,181,50,3.4,,,,,,,,,,,,,,,,,,,,,,,,,,,,,,,,,,,,,,,,,,,,,,,,,,,,,,,,,,,,,,,,,,,,,,,,,,,,,,,
E.ON,EOH2234,NE23,33,Working Full time (>30hrs),Skilled Manual Worker,"40,001 - 50,000",2021-06-08T00:00:00.000Z,Owner-Occupied,4,C2,21/06/2021,Phoenix,House,Detached,Urban,1983 - 1990,D,2,1,2,122,6,4,11,2.4,Cavity_Insulated,Solid,Pitched,Double,Yes,Gas,Gas Boiler - Standard,Fire - Electric,Water,110,0,0,1,null,null,7.96,62.3,15944.1,4002,181,50,3.16,,,,,,,,,,,,,,,,,,,,,,,,,,,,,,,,,,,,,,,,,,,,,,,,,,,,,,,,,,,,,,,,,,,,,,,,,,,,,,,
E.ON,EOH0335,NE6,48,Working Full time (>30hrs),Professional,"25,001 - 30,000",2021-06-30T00:00:00.000Z,Owner-Occupied,12,C1,23/07/2021,Energist,House,Semi-Detached,Urban,1950 - 1966,E,2,0,1,73,5,3,7,2.4,Cavity_Insulated,Solid,Pitched,Double,Yes,Gas,Gas Boiler - Standard,None,Water,150,0,0,1,null,null,5.03,60.5,14614,3566,0,45,3.77,,,,,,,,,,,,,,,,,,,,,,,,,,,,,,,,,,,,,,,,,,,,,,,,,,,,,,,,,,,,,,,,,,,,,,,,,,,,,,,
E.ON,EOH1686,NE21,59,Working Full time (>30hrs),Manager,"50,001+",2021-07-01T00:00:00.000Z,Owner-Occupied,0.9,C1,23/07/2021,Energist,House,Detached,Urban,1967 - 1975,E,2,0,2,101,4,2,8,2.4,Cavity_Insulated,Suspended,Pitched,Double,No,LPG,LPG Boiler,None,Water,120,0,0,0,null,null,6.94,77.9,20213,3146,0,45,3.91,,,,,,,,,,,,,,,,,,,,,,,,,,,,,,,,,,,,,,,,,,,,,,,,,,,,,,,,,,,,,,,,,,,,,,,,,,,,,,,
E.ON,EOH3197,NE21,60,Working Full time (>30hrs),Skilled Manual Worker,"40,001 - 50,000",2021-07-05T00:00:00.000Z,Owner-Occupied,24,C2,15/07/2021,Energist,House,Detached,Urban,Before 1900,C,2,2,2,185,7,4,11,2.5,Solid_No_insulation,Solid,Pitched,Double,No,Oil,Oil Boiler - Standard,Fire - Wood,Water,200,0,0,0,null,null,9.7,64.31,25908,4270,0,45,4.13,,,,,,,,,,,,,,,,,,,,,,,,,,,,,,,,,,,,,,,,,,,,,,,,,,,,,,,,,,,,,,,,,,,,,,,,,,,,,,,
E.ON,EOH2004,NE2,61,Working Full time (>30hrs),Professional,"20,001 - 25,000",2021-07-23T00:00:00.000Z,Owner-Occupied,29,C1,08/08/2021,E.ON,House,Mid-Terrace,Urban,1900 - 1929,null,1,0,2,130,7,4,13,2.4,Solid_No_insulation,Solid,Pitched,Double,Yes,Gas,Gas Boiler - Standard,None,Water,150,0,0,0,null,null,13.41,111.1,26875,1910,0,null,null,,,,,,,,,,,,,,,,,,,,,,,,,,,,,,,,,,,,,,,,,,,,,,,,,,,,,,,,,,,,,,,,,,,,,,,,,,,,,,,
E.ON,EOH0355,NE27,51,Working Full time (>30hrs),Manager,"50,001+",2021-07-28T00:00:00.000Z,Owner-Occupied,12,C1,09/08/2021,Energist,House,Detached,Suburban,1991 - 1995,D,2,0,2,130,6,4,11,2.4,Cavity_Insulated,Suspended,Pitched,Double,No,Electricity,Electric Boiler,None,Water,150,0,0,0,null,null,4.18,53.6,10543,3933,0,45,3.77,,,,,,,,,,,,,,,,,,,,,,,,,,,,,,,,,,,,,,,,,,,,,,,,,,,,,,,,,,,,,,,,,,,,,,,,,,,,,,,
Warmworks,EOH2329,EH4,66,Unemployed,Professional,"30,001 - 40,000",2020-06-29T00:00:00.000Z,Owner-Occupied,10,C1,12/07/2020,Everwarm,House,Detached,Suburban,1919-1944,C,2,0,1,109.54,5,3,5,2.66,Cavity_Insulated,Suspended,Pitched,Double,Yes,Gas,Gas Boiler - Standard,Fire - Wood,Water,Normal (90-130l),0,0,1,1011.7,null,5.4,69.8,17609,4075,1237,45,3.86,,,,,,,,,,,,,,,,,,,,,,,,,,,,,,,,,,,,,,,,,,,,,,,,,,,,,,,,,,,,,,,,,,,,,,,,,,,,,,,
Warmworks,EOH0411,EH33,37,Working Full time (>30hrs),Professional,"50,001+",2020-06-29T00:00:00.000Z,Owner-Occupied,0.3,AB,21/07/2020,Everwarm,House,Semi-Detached,Urban,1981-1990,C,1,0,2,103.08,5,3,5,2.5,Cavity_Insulated,Suspended,Pitched,Double,Yes,Gas,Gas Boiler - Standard,None,Water,Normal (90-130l),0,0,0,2906,12009,7.1,97,19536,3821,0,50,3.65,,,,,,,,,,,,,,,,,,,,,,,,,,,,,,,,,,,,,,,,,,,,,,,,,,,,,,,,,,,,,,,,,,,,,,,,,,,,,,,
Warmworks,EOH0332,KY11,34,Working Full time (>30hrs),Professional,"30,001 - 40,000",2020-06-29T00:00:00.000Z,Owner-Occupied,8,C1,26/07/2020,Everwarm,House,Semi-Detached,Suburban,1981-1990,D,1,0,1,55.39,3,2,3,2.35,Cavity_No_insulation,Suspended,Pitched,Double,Yes,Gas,Gas Boiler - Standard,None,Water,Normal (90-130l),0,0,1,2729,7168,3.7,92,10063,2865,0,null,null,,,,,,,,,,,,,,,,,,,,,,,,,,,,,,,,,,,,,,,,,,,,,,,,,,,,,,,,,,,,,,,,,,,,,,,,,,,,,,,
Warmworks,EOH1064,EH30,29,Working Full time (>30hrs),Supervisor,"50,001+",2020-06-29T00:00:00.000Z,Owner-Occupied,0.1,C1,15/07/2020,Warmworks,House,Semi-Detached,Urban,1965-1980,D,2,0,2,99.64,6,3,6,2.4,Cavity_No_insulation,Suspended,Pitched,Double,Yes,Gas,Gas Boiler - Standard,None,Water,Normal (90-130l),5,0,0,4122,4000,null,null,null,null,null,null,null,,,,,,,,,,,,,,,,,,,,,,,,,,,,,,,,,,,,,,,,,,,,,,,,,,,,,,,,,,,,,,,,,,,,,,,,,,,,,,,
Warmworks,EOH1402,EH7,32,Working Part time,Professional,"20,001 - 25,000",2020-06-29T00:00:00.000Z,Owner-Occupied,3,C1,12/07/2020,Everwarm,House,Mid-Terrace,Urban,1981-1990,C,2,1,2,71.58,3,2,3,2.325,Cavity_Insulated,Suspended,Pitched,Double,Yes,Gas,Gas Boiler - Combi,None,Water,Normal (90-130l),0,0,1,3691,8918,null,null,null,null,null,null,null,,,,,,,,,,,,,,,,,,,,,,,,,,,,,,,,,,,,,,,,,,,,,,,,,,,,,,,,,,,,,,,,,,,,,,,,,,,,,,,
Warmworks,EOH3021,EH45,52,Working Full time (>30hrs),Clerical,Prefer not to say,2020-06-29T00:00:00.000Z,Owner-Occupied,11,C2,24/07/2020,Warmworks,House,Detached,Suburban,1991-2000,D,2,2,2,150.04,6,4,6,2.6,Cavity_Insulated,Solid,Pitched,Double,Yes,Gas,Gas Boiler - Standard,None,Water,Large (> 170l),0,0,0,4026,9430,7.3,63.8,18551,6113,764,55,3.63,,,,,,,,,,,,,,,,,,,,,,,,,,,,,,,,,,,,,,,,,,,,,,,,,,,,,,,,,,,,,,,,,,,,,,,,,,,,,,,
Warmworks,EOH2739,EH26,55,Training or Education,Manager,"50,001+",2020-06-29T00:00:00.000Z,Owner-Occupied,16,AB,10/08/2020,Warmworks,House,Detached,Suburban,1991-2000,C,5,0,2,159.48,9,4,9,2.43,Cavity_Insulated,Suspended,Pitched,Double,Yes,Gas,Gas Boiler - Standard,Electric - Direct,Water,Medium (131-170l),0,0,1,5865,24981,10.3,78,27255,4776,0,null,null,,,,,,,,,,,,,,,,,,,,,,,,,,,,,,,,,,,,,,,,,,,,,,,,,,,,,,,,,,,,,,,,,,,,,,,,,,,,,,,
Warmworks,EOH1194,EH18,63,Unemployed,Professional,Prefer not to say,2020-06-30T00:00:00.000Z,Owner-Occupied,12,AB,22/07/2020,Warmworks,House,Detached,Suburban,2001+,C,4,0,2,123.88,5,3,5,2.6,Cavity_Insulated,Solid,Pitched,Double,Yes,Gas,Gas Boiler - Standard,None,Water,Medium (131-170l),0,0,0,2643,9346,null,null,null,null,null,null,null,,,,,,,,,,,,,,,,,,,,,,,,,,,,,,,,,,,,,,,,,,,,,,,,,,,,,,,,,,,,,,,,,,,,,,,,,,,,,,,
Warmworks,EOH2153,EH16,44,Working Full time (>30hrs),Professional,"50,001+",2020-06-30T00:00:00.000Z,Owner-Occupied,9,AB,14/07/2020,Warmworks,House,Semi-Detached,Suburban,1991-2000,C,2,3,2,145.76,6,4,6,2.38,Cavity_Insulated,Solid,Pitched,Double,Yes,Gas,Gas Boiler - Standard,None,Water,Medium (131-170l),0,0,1,3201,null,10.5,88,30463,3821,0,50,3.65,,,,,,,,,,,,,,,,,,,,,,,,,,,,,,,,,,,,,,,,,,,,,,,,,,,,,,,,,,,,,,,,,,,,,,,,,,,,,,,
Warmworks,EOH0782,EH4,59,Working Full time (>30hrs),Clerical,"50,001+",2020-06-30T00:00:00.000Z,Owner-Occupied,14,C1,07/09/2020,Warmworks,House,Semi-Detached,Suburban,2001+,C,2,1,2,103.44,5,4,5,2.6,Cavity_Insulated,Solid,Pitched,Double,Yes,Gas,Gas Boiler - Standard,None,Water,Medium (131-170l),0,0,1,3100,1200,null,null,null,null,null,null,null,,,,,,,,,,,,,,,,,,,,,,,,,,,,,,,,,,,,,,,,,,,,,,,,,,,,,,,,,,,,,,,,,,,,,,,,,,,,,,,
Warmworks,EOH2078,EH33,57,Working Part time,Clerical,"25,001 - 30,000",2020-07-01T00:00:00.000Z,Owner-Occupied,13,C2,21/07/2020,Everwarm,House,Semi-Detached,Suburban,1981-1990,D,3,0,2,101.32,5,3,5,2.4,Cavity_No_insulation,Suspended,Pitched,Double,Yes,Gas,Gas Boiler - Standard,Fire - Gas,Water,Normal (90-130l),0,0,0,null,null,null,null,null,null,null,null,null,,,,,,,,,,,,,,,,,,,,,,,,,,,,,,,,,,,,,,,,,,,,,,,,,,,,,,,,,,,,,,,,,,,,,,,,,,,,,,,
Warmworks,EOH0220,KY11,37,Working Full time (>30hrs),Professional,"30,001 - 40,000",2020-07-01T00:00:00.000Z,Owner-Occupied,5,C1,03/08/2020,Warmworks,House,Mid-Terrace,Suburban,2001+,C,1,0,2,80.28,4,3,4,2.3,Cavity_Insulated,Solid,Pitched,Double,Yes,Gas,Gas Boiler - Standard,None,Water,Large (> 170l),0,0,1,null,null,null,null,null,null,null,null,null,,,,,,,,,,,,,,,,,,,,,,,,,,,,,,,,,,,,,,,,,,,,,,,,,,,,,,,,,,,,,,,,,,,,,,,,,,,,,,,
Warmworks,EOH0123,EH35,53,Working Full time (>30hrs),Semi and unskilled manual worker,Prefer not to say,2020-07-03T00:00:00.000Z,Owner-Occupied,1,DE,17/07/2020,Warmworks,House,Semi-Detached,Rural,1945-1964,D,2,0,1,84.03,5,3,5,2.65,Cavity_Insulated,Suspended,Pitched,Double,Yes,Gas,Gas Boiler - Standard,Fire - Gas,Water,Normal (90-130l),0,1,0,2030,19188,null,null,null,null,null,null,null,,,,,,,,,,,,,,,,,,,,,,,,,,,,,,,,,,,,,,,,,,,,,,,,,,,,,,,,,,,,,,,,,,,,,,,,,,,,,,,
Warmworks,EOH1062,EH30,36,Working Part time,Professional,"50,001+",2020-07-03T00:00:00.000Z,Owner-Occupied,1.5,C2,28/07/2020,Warmworks,House,Semi-Detached,Suburban,1991-2000,C,2,1,2,104.24,5,4,5,2.6,Cavity_Insulated,Suspended,Pitched,Double,Yes,Gas,Gas Boiler - Standard,None,Water,Large (> 170l),0,0,0,null,null,6.1,61,17214,5094,2911,45,4.14,,,,,,,,,,,,,,,,,,,,,,,,,,,,,,,,,,,,,,,,,,,,,,,,,,,,,,,,,,,,,,,,,,,,,,,,,,,,,,,
Warmworks,EOH0530,TD2,45,Working Full time (>30hrs),Professional,"40,001 - 50,000",2020-07-03T00:00:00.000Z,Owner-Occupied,1,C1,19/07/2020,Everwarm,House,Semi-Detached,Suburban,1945-1964,C,2,2,2,186.41,7,4,7,2.575,Cavity_Insulated,Suspended,Pitched,Double,Yes,Gas,Gas Boiler - Standard,Fire - Wood,Water,Normal (90-130l),0,0,1,3375,18223,7,49.6,19751,5731,1365,45,4.14,,,,,,,,,,,,,,,,,,,,,,,,,,,,,,,,,,,,,,,,,,,,,,,,,,,,,,,,,,,,,,,,,,,,,,,,,,,,,,,
Warmworks,EOH1927,EH5,43,Working Part time,Professional,"50,001+",2020-07-03T00:00:00.000Z,Owner-Occupied,1,AB,29/07/2020,Everwarm,House,Semi-Detached,Suburban,1919-1944,D,2,2,2,112.1,4,3,4,2.54,Cavity_Insulated,Suspended,Pitched,Double,Yes,Gas,Gas Boiler - Standard,None,Water,Normal (90-130l),0,0,1,3401,null,9,null,18954,7192,156,null,null,,,,,,,,,,,,,,,,,,,,,,,,,,,,,,,,,,,,,,,,,,,,,,,,,,,,,,,,,,,,,,,,,,,,,,,,,,,,,,,
Warmworks,EOH2141,EH9,50,Working Full time (>30hrs),Professional,Prefer not to say,2020-07-03T00:00:00.000Z,Owner-Occupied,14,AB,12/08/2020,Warmworks,House,Mid-Terrace,Suburban,Pre 1919,D,2,3,2,154.68,8,4,7,3,Cavity_No_insulation,Solid,Flat,Double,Yes,Gas,Gas Boiler - Standard,Fire - Wood,Water,Medium (131-170l),0,0,1,4399,20965,null,null,null,null,null,null,null,,,,,,,,,,,,,,,,,,,,,,,,,,,,,,,,,,,,,,,,,,,,,,,,,,,,,,,,,,,,,,,,,,,,,,,,,,,,,,,
Warmworks,EOH2835,TD8,61,Unemployed,Professional,"50,001+",2020-07-03T00:00:00.000Z,Owner-Occupied,2,AB,23/07/2020,Warmworks,House,Detached,Rural,1945-1964,D,2,0,2,82.85,5,3,5,2.6,Cavity_No_insulation,Suspended,Pitched,Double,Yes,Gas,Gas Boiler - Standard,Fire - Wood,Water,Large (> 170l),0,0,0,2064.2,8462,null,null,null,null,null,null,null,,,,,,,,,,,,,,,,,,,,,,,,,,,,,,,,,,,,,,,,,,,,,,,,,,,,,,,,,,,,,,,,,,,,,,,,,,,,,,,
Warmworks,EOH0309,TD11,66,Working Part time,Professional,"40,001 - 50,000",2020-07-03T00:00:00.000Z,Owner-Occupied,9,AB,13/08/2020,Warmworks,House,Detached,Rural,1981-1990,C,2,0,1,103.98,4,3,4,2.6,Cavity_No_insulation,Suspended,Pitched,Double,Yes,Gas,Gas Boiler - Standard,None,Water,Large (> 170l),0,0,1,null,null,null,null,null,null,null,null,null,,,,,,,,,,,,,,,,,,,,,,,,,,,,,,,,,,,,,,,,,,,,,,,,,,,,,,,,,,,,,,,,,,,,,,,,,,,,,,,
Warmworks,EOH2599,TD1,33,Working Full time (>30hrs),Professional,"30,001 - 40,000",2020-07-03T00:00:00.000Z,Owner-Occupied,1,C1,29/07/2020,Warmworks,House,End-Terrace,Suburban,1965-1980,D,2,2,3,133.21,6,3,6,2.4,Cavity_Insulated,Suspended,Pitched,Double,Yes,Gas,Gas Boiler - Standard,None,Water,Normal (90-130l),0,0,1,2866,24796,null,null,null,null,null,null,null,,,,,,,,,,,,,,,,,,,,,,,,,,,,,,,,,,,,,,,,,,,,,,,,,,,,,,,,,,,,,,,,,,,,,,,,,,,,,,,
Warmworks,EOH0067,EH44,44,Working Full time (>30hrs),Manager,"40,001 - 50,000",2020-07-03T00:00:00.000Z,Owner-Occupied,10,AB,31/07/2020,Warmworks,House,Semi-Detached,Suburban,2001+,C,2,3,2,92.28,4,3,4,2.6,Cavity_Insulated,Solid,Pitched,Double,Yes,Gas,Gas Boiler - Standard,None,Water,Medium (131-170l),0,0,0,3337,9231,3.1,46.1,6829,4075,1237,45,4.14,,,,,,,,,,,,,,,,,,,,,,,,,,,,,,,,,,,,,,,,,,,,,,,,,,,,,,,,,,,,,,,,,,,,,,,,,,,,,,,
Warmworks,EOH2303,EH33,66,Unemployed,Clerical,"40,001 - 50,000",2020-07-03T00:00:00.000Z,Owner-Occupied,29,DE,31/07/2020,Warmworks,House,Mid-Terrace,Suburban,1919-1944,D,2,0,2,88.26,4,2,4,2.5,Cavity_Insulated,Suspended,Pitched,Double,Yes,Gas,Gas Boiler - Standard,Fire - Gas,Water,No access,0,0,1,1800,8000,5.4,73.6,13407,2865,0,50,3.65,,,,,,,,,,,,,,,,,,,,,,,,,,,,,,,,,,,,,,,,,,,,,,,,,,,,,,,,,,,,,,,,,,,,,,,,,,,,,,,
Warmworks,EOH1085,EH27,41,Working Full time (>30hrs),Semi and unskilled manual worker,"20,001 - 25,000",2020-07-03T00:00:00.000Z,Owner-Occupied,4,DE,11/04/2021,Warmworks,House,Detached,Rural,1945-1964,E,3,3,2,130.14,5,3,5,2.46,Cavity_Insulated,Suspended,Pitched,Double,No,Wood,Biomass Boiler,Fire - Wood,Water,Large (> 170l),0,0,1,null,null,8.5,70.6,21627,4921,0,null,null,,,,,,,,,,,,,,,,,,,,,,,,,,,,,,,,,,,,,,,,,,,,,,,,,,,,,,,,,,,,,,,,,,,,,,,,,,,,,,,
Warmworks,EOH0279,EH22,42,Working Part time,Professional,"50,001+",2020-07-04T00:00:00.000Z,Owner-Occupied,6,AB,27/07/2020,Everwarm,House,Detached,Suburban,2001+,A,2,0,2,172.33,7,4,7,2.35,Cavity_Insulated,Solid,Pitched,Double,Yes,Gas,Gas Boiler - Standard,None,Water,Normal (90-130l),0,0,0,2200,null,7.9,57.2,22506,4075,1237,45,3.86,,,,,,,,,,,,,,,,,,,,,,,,,,,,,,,,,,,,,,,,,,,,,,,,,,,,,,,,,,,,,,,,,,,,,,,,,,,,,,,
Warmworks,EOH1629,EH43,54,Working Full time (>30hrs),Supervisor,Prefer not to say,2020-07-05T00:00:00.000Z,Owner-Occupied,14,C2,31/07/2020,Warmworks,House,Detached,Rural,2001+,C,2,0,2,209.38,4,3,4,2.6,Cavity_Insulated,Suspended,Pitched,Double,Yes,Gas,Gas Boiler - Standard,Fire - Wood,Water,Large (> 170l),5,0,1,null,null,14.2,70,38863,4921,0,45,3.77,,,,,,,,,,,,,,,,,,,,,,,,,,,,,,,,,,,,,,,,,,,,,,,,,,,,,,,,,,,,,,,,,,,,,,,,,,,,,,,
Warmworks,EOH2842,EH52,38,Working Full time (>30hrs),Supervisor,"50,001+",2020-07-06T00:00:00.000Z,Owner-Occupied,5,C1,05/08/2020,Warmworks,House,Detached,Suburban,2001+,C,2,2,2,127.01,6,4,6,2.6,Cavity_Insulated,Solid,Pitched,Double,Yes,Gas,Gas Boiler - Standard,None,Water,Medium (131-170l),0,0,1,4122,16535,9.2,100,24908,3821,0,null,null,,,,,,,,,,,,,,,,,,,,,,,,,,,,,,,,,,,,,,,,,,,,,,,,,,,,,,,,,,,,,,,,,,,,,,,,,,,,,,,
Warmworks,EOH0766,EH15,37,Working Full time (>30hrs),Professional,"50,001+",2020-07-06T00:00:00.000Z,Owner-Occupied,2.5,C1,27/07/2020,Warmworks,House,Detached,Suburban,2001+,C,2,1,2,117.23,6,4,6,2.6,Cavity_Insulated,Solid,Pitched,Double,Yes,Gas,Gas Boiler - Standard,None,Water,Medium (131-170l),0,0,0,1578.92,12463.63,5.3,53,15589,4457,1274,55,3.39,,,,,,,,,,,,,,,,,,,,,,,,,,,,,,,,,,,,,,,,,,,,,,,,,,,,,,,,,,,,,,,,,,,,,,,,,,,,,,,
Warmworks,EOH0412,EH6,67,Working Part time,Clerical,"40,001 - 50,000",2020-07-06T00:00:00.000Z,Owner-Occupied,32,DE,12/08/2020,Warmworks,House,Semi-Detached,Suburban,1981-1990,C,2,0,2,139.01,6,4,6,2.6,Cavity_No_insulation,Suspended,Pitched,Double,Yes,Gas,Gas Boiler - Standard,None,Water,Medium (131-170l),0,0,1,3472,14987,7.4,61.3,18831,4776,0,null,null,,,,,,,,,,,,,,,,,,,,,,,,,,,,,,,,,,,,,,,,,,,,,,,,,,,,,,,,,,,,,,,,,,,,,,,,,,,,,,,
Warmworks,EOH0011,EH5,45,Working Full time (>30hrs),Professional,"50,001+",2020-07-06T00:00:00.000Z,Owner-Occupied,8,AB,29/07/2020,Everwarm,House,End-Terrace,Suburban,1919-1944,D,2,0,3,157.65,6,3,6,2.616666667,Cavity_No_insulation,Solid,Pitched,Double,Yes,Gas,Gas Boiler - Standard,None,Water,Normal (90-130l),0,0,0,3641,17522,null,null,null,null,null,null,null,,,,,,,,,,,,,,,,,,,,,,,,,,,,,,,,,,,,,,,,,,,,,,,,,,,,,,,,,,,,,,,,,,,,,,,,,,,,,,,
Warmworks,EOH1441,EH14,68,Unemployed,Professional,"50,001+",2020-07-06T00:00:00.000Z,Owner-Occupied,25,DE,27/07/2020,Everwarm,House,Detached,Suburban,1991-2000,D,2,0,2,239.14,8,4,8,2.4,Cavity_Insulated,Suspended,Pitched,Double,Yes,Gas,Gas Boiler - Standard,Fire - Gas,Water,Normal (90-130l),0,1,1,4417,30175,null,null,null,null,null,null,null,,,,,,,,,,,,,,,,,,,,,,,,,,,,,,,,,,,,,,,,,,,,,,,,,,,,,,,,,,,,,,,,,,,,,,,,,,,,,,,
Warmworks,EOH0745,EH5,36,Working Full time (>30hrs),Manager,Prefer not to say,2020-07-06T00:00:00.000Z,Owner-Occupied,0.4,C1,06/08/2020,Warmworks,House,Semi-Detached,Urban,1981-1990,C,2,2,2,94.94,4,3,4,null,Cavity_No_insulation,Suspended,Pitched,Double,Yes,Gas,Gas Boiler - Standard,None,Water,Normal (90-130l),0,0,1,null,null,7,93,20814,3821,0,50,3.65,,,,,,,,,,,,,,,,,,,,,,,,,,,,,,,,,,,,,,,,,,,,,,,,,,,,,,,,,,,,,,,,,,,,,,,,,,,,,,,
Warmworks,EOH0895,EH49,73,Unemployed,Manager,"25,001 - 30,000",2020-07-07T00:00:00.000Z,Owner-Occupied,34,DE,28/07/2020,Warmworks,House,Semi-Detached,Urban,1919-1944,E,1,0,2,173.06,6,4,6,2.7,Cavity_Insulated,Suspended,Pitched,Double,Yes,Gas,Gas Boiler - Standard,Fire - Gas,Water,Normal (90-130l),0,2,1,null,null,null,null,null,null,null,null,null,,,,,,,,,,,,,,,,,,,,,,,,,,,,,,,,,,,,,,,,,,,,,,,,,,,,,,,,,,,,,,,,,,,,,,,,,,,,,,,
Warmworks,EOH2308,KY3,65,Unemployed,Professional,Prefer not to say,2020-07-08T00:00:00.000Z,Owner-Occupied,20,DE,10/08/2020,Warmworks,House,Detached,Rural,Pre 1919,D,2,0,2,166.42,8,4,8,3.4,Cavity_No_insulation,Suspended,Pitched,Double,Yes,Gas,Gas Boiler - Standard,Fire - Wood,Water,Normal (90-130l),0,0,1,6416,17933,18,108,null,4776,0,50,3.92,,,,,,,,,,,,,,,,,,,,,,,,,,,,,,,,,,,,,,,,,,,,,,,,,,,,,,,,,,,,,,,,,,,,,,,,,,,,,,,
Warmworks,EOH0413,EH17,64,Working Full time (>30hrs),Manager,"50,001+",2020-07-08T00:00:00.000Z,Owner-Occupied,6,C1,27/07/2020,Warmworks,House,Detached,Suburban,1991-2000,D,3,0,2,106.36,5,4,5,2.6,Cavity_Insulated,Suspended,Pitched,Double,Yes,Gas,Gas Boiler - Standard,None,Water,Medium (131-170l),0,0,1,null,null,9,95,24085,3821,0,50,3.65,,,,,,,,,,,,,,,,,,,,,,,,,,,,,,,,,,,,,,,,,,,,,,,,,,,,,,,,,,,,,,,,,,,,,,,,,,,,,,,
Warmworks,EOH3154,EH15,50,Stay at home parent,Unemployed/Benefits,"25,001 - 30,000",2020-07-08T00:00:00.000Z,Owner-Occupied,10,DE,24/07/2020,Everwarm,House,Detached,Suburban,1919-1944,D,2,2,1,119.44,4,3,4,2.85,Cavity_Insulated,Suspended,Pitched,Double,Yes,Gas,Gas Boiler - Standard,None,Water,Normal (90-130l),0,0,1,2691,18561,9.2,87,25686,3821,0,null,null,,,,,,,,,,,,,,,,,,,,,,,,,,,,,,,,,,,,,,,,,,,,,,,,,,,,,,,,,,,,,,,,,,,,,,,,,,,,,,,
Warmworks,EOH1701,EH27,34,Working Full time (>30hrs),Skilled Manual Worker,"50,001+",2020-07-08T00:00:00.000Z,Owner-Occupied,null,C2,12/04/2021,Warmworks,House,End-Terrace,Rural,2001+,E,2,0,2,332.96,10,5,10,2.27,Cavity_Insulated,Suspended,Pitched,Double,No,LPG,LPG Boiler,Fire - Coal,Water,Large (> 170l),6,0,1,null,null,22.7,76,null,5905,0,50,3.92,,,,,,,,,,,,,,,,,,,,,,,,,,,,,,,,,,,,,,,,,,,,,,,,,,,,,,,,,,,,,,,,,,,,,,,,,,,,,,,
Warmworks,EOH2276,EH5,44,Working Full time (>30hrs),Professional,"50,001+",2020-07-08T00:00:00.000Z,Owner-Occupied,6,AB,07/08/2020,Warmworks,House,Semi-Detached,Suburban,1919-1944,D,2,2,2,115.26,4,3,4,2.675,Cavity_No_insulation,Suspended,Pitched,Double,Yes,Gas,Gas Boiler - Standard,Fire - Wood,Water,Normal (90-130l),0,0,0,2992,null,9,98,24701,3821,0,null,null,,,,,,,,,,,,,,,,,,,,,,,,,,,,,,,,,,,,,,,,,,,,,,,,,,,,,,,,,,,,,,,,,,,,,,,,,,,,,,,
Warmworks,EOH2038,EH45,58,Working Part time,Professional,"40,001 - 50,000",2020-07-09T00:00:00.000Z,Owner-Occupied,21,C1,19/05/2021,Warmworks,House,Detached,Suburban,2001+,C,3,0,2,137.02,8,4,8,2.27,Cavity_Insulated,Solid,Pitched,Double,Yes,Gas,Gas Boiler - Standard,Fire - Gas,Water,Large (> 170l),0,1,1,null,null,8.9,63,21964,4775,0,50,3.51,,,,,,,,,,,,,,,,,,,,,,,,,,,,,,,,,,,,,,,,,,,,,,,,,,,,,,,,,,,,,,,,,,,,,,,,,,,,,,,
Warmworks,EOH1656,EH39,42,Working Full time (>30hrs),Manager,"50,001+",2020-07-09T00:00:00.000Z,Owner-Occupied,2,AB,24/07/2020,Warmworks,House,Semi-Detached,Urban,2001+,C,2,3,3,128.2,7,5,7,2.6,Cavity_Insulated,Solid,Pitched,Double,Yes,Gas,Gas Boiler - Standard,Fire - Wood,Water,Large (> 170l),0,0,0,6020,10414,null,null,null,null,null,null,null,,,,,,,,,,,,,,,,,,,,,,,,,,,,,,,,,,,,,,,,,,,,,,,,,,,,,,,,,,,,,,,,,,,,,,,,,,,,,,,
Warmworks,EOH1691,EH14,51,Working Part time,Professional,"30,001 - 40,000",2020-07-10T00:00:00.000Z,Owner-Occupied,2,C2,14/08/2020,Warmworks,House,Mid-Terrace,Suburban,1945-1964,C,1,1,2,81.2,5,3,5,2.46,Cavity_Insulated,Suspended,Pitched,Double,Yes,Gas,Gas Boiler - Standard,Fire - Gas,Water,Normal (90-130l),0,1,1,1919,9217,null,null,null,null,null,null,null,,,,,,,,,,,,,,,,,,,,,,,,,,,,,,,,,,,,,,,,,,,,,,,,,,,,,,,,,,,,,,,,,,,,,,,,,,,,,,,
Warmworks,EOH2578,EH39,72,Working Part time,Professional,"40,001 - 50,000",2020-07-10T00:00:00.000Z,Owner-Occupied,35,C1,24/07/2020,Warmworks,House,Detached,Suburban,1981-1990,C,2,0,2,183.18,7,4,7,2.6,Cavity_No_insulation,Suspended,Pitched,Double,Yes,Gas,Gas Boiler - Standard,Fire - Wood,Water,Medium (131-170l),0,0,0,3142.9,22081,10.9,81,29463,4776,0,50,3.92,,,,,,,,,,,,,,,,,,,,,,,,,,,,,,,,,,,,,,,,,,,,,,,,,,,,,,,,,,,,,,,,,,,,,,,,,,,,,,,
Warmworks,EOH2750,IV3,39,Working Full time (>30hrs),Skilled Manual worker,"30,001 - 40,000",2020-07-10T00:00:00.000Z,Owner-Occupied,5,C2,16/04/2021,Warmworks,House,Detached,Rural,2001+,C,3,2,2,124.44,6,4,6,2.4,Cavity_Insulated,Suspended,Pitched,Double,Yes,Gas,Gas Boiler - Standard,None,Water,Large (> 170l),0,0,1,7522.4,14840,6.6,50,15922,4495,0,45,3.91,,,,,,,,,,,,,,,,,,,,,,,,,,,,,,,,,,,,,,,,,,,,,,,,,,,,,,,,,,,,,,,,,,,,,,,,,,,,,,,
Warmworks,EOH3196,EH16,36,Working Full time (>30hrs),Professional,"50,001+",2020-07-10T00:00:00.000Z,Owner-Occupied,0.3,C1,14/08/2020,Warmworks,House,Detached,Suburban,1981-1990,D,2,0,2,107.27,6,3,6,2.37,Cavity_No_insulation,Suspended,Pitched,Double,Yes,Gas,Gas Boiler - Standard,Electric - Direct,Water,Normal (90-130l),0,0,0,null,null,6.5,67.3,18202,4075,1237,45,3.86,,,,,,,,,,,,,,,,,,,,,,,,,,,,,,,,,,,,,,,,,,,,,,,,,,,,,,,,,,,,,,,,,,,,,,,,,,,,,,,
Warmworks,EOH2018,EH41,47,Working Full time (>30hrs),Professional,"50,001+",2020-07-10T00:00:00.000Z,Owner-Occupied,6,AB,29/07/2020,Everwarm,House,Detached,Suburban,2001+,C,4,2,3,256.86,6,4,6,2.7,Cavity_Insulated,Suspended,Pitched,Double,Yes,Gas,Gas Boiler - Combi,None,Water,Medium (131-170l),0,0,1,8384,28600,null,null,null,null,null,null,null,,,,,,,,,,,,,,,,,,,,,,,,,,,,,,,,,,,,,,,,,,,,,,,,,,,,,,,,,,,,,,,,,,,,,,,,,,,,,,,
Warmworks,EOH2625,KY11,50,Working Full time (>30hrs),Professional,"50,001+",2020-07-12T00:00:00.000Z,Owner-Occupied,null,C1,15/04/2021,Warmworks,House,Detached,Suburban,1945-1964,D,3,0,2,163.08,6,4,6,2.49,Cavity_Insulated,Solid,Pitched,Double,No,Wood,Biomass Boiler,Fire - Wood,Water,Large (> 170l),0,0,0,null,null,9.3,61.9,23566,4776,0,null,null,,,,,,,,,,,,,,,,,,,,,,,,,,,,,,,,,,,,,,,,,,,,,,,,,,,,,,,,,,,,,,,,,,,,,,,,,,,,,,,
Warmworks,EOH1650,EH13,56,Working Part time,Clerical,"50,001+",2020-07-13T00:00:00.000Z,Owner-Occupied,15,C2,24/07/2020,Everwarm,House,Detached,Suburban,1945-1964,D,2,0,2,158.36,7,4,7,2.44,Cavity_Insulated,Suspended,Pitched,Double,Yes,Gas,Gas Boiler - Standard,Fire - Gas,Water,Normal (90-130l),0,1,0,3100,12000,null,null,null,null,null,null,null,,,,,,,,,,,,,,,,,,,,,,,,,,,,,,,,,,,,,,,,,,,,,,,,,,,,,,,,,,,,,,,,,,,,,,,,,,,,,,,
Warmworks,EOH3011,EH44,39,Unfit for work,Unemployed/Benefits,"12,501 - 16,200",2020-07-13T00:00:00.000Z,Owner-Occupied,7,DE,11/08/2020,Warmworks,House,Detached,Rural,1965-1980,C,2,1,1,122.1,6,4,6,2.4,Cavity_No_insulation,Suspended,Pitched,Double,Yes,Gas,Gas Boiler - Standard,Fire - Wood,Water,Normal (90-130l),0,0,1,null,null,7.7,62.2,20282,4921,0,null,null,,,,,,,,,,,,,,,,,,,,,,,,,,,,,,,,,,,,,,,,,,,,,,,,,,,,,,,,,,,,,,,,,,,,,,,,,,,,,,,
Warmworks,EOH1483,DD6,29,Working Full time (>30hrs),Professional,"25,001 - 30,000",2020-07-15T00:00:00.000Z,Owner-Occupied,1,C1,08/09/2020,Warmworks,House,End-Terrace,Suburban,1981-1990,C,1,0,2,91.57,5,3,5,2.37,Cavity_Insulated,Suspended,Pitched,Double,Yes,Gas,Gas Boiler - Standard,None,Water,Normal (90-130l),0,0,1,null,null,null,null,null,null,null,null,null,,,,,,,,,,,,,,,,,,,,,,,,,,,,,,,,,,,,,,,,,,,,,,,,,,,,,,,,,,,,,,,,,,,,,,,,,,,,,,,
Warmworks,EOH0080,KY7,62,Retired,Pensioner,Prefer not to say,2020-07-15T00:00:00.000Z,Owner-Occupied,30,DE,23/08/2020,Warmworks,House,Detached,Suburban,1991-2000,D,2,0,1,129.74,6,4,6,2.4,Cavity_Insulated,Suspended,Pitched,Double,Yes,Gas,Gas Boiler - Standard,None,Water,Medium (131-170l),0,0,0,null,null,null,null,null,null,null,null,null,,,,,,,,,,,,,,,,,,,,,,,,,,,,,,,,,,,,,,,,,,,,,,,,,,,,,,,,,,,,,,,,,,,,,,,,,,,,,,,
Warmworks,EOH0021,EH16,31,Working Full time (>30hrs),Professional,"50,001+",2020-07-17T00:00:00.000Z,Owner-Occupied,null,AB,01/10/2020,Warmworks,House,Detached,Suburban,1991-2000,C,2,0,2,119.98,6,4,6,null,Cavity_Insulated,Suspended,Pitched,Double,Yes,Gas,Gas Boiler - Standard,None,Water,Large (> 170l),0,0,1,null,null,7,65.8,15419,4495,156,50,3.81,,,,,,,,,,,,,,,,,,,,,,,,,,,,,,,,,,,,,,,,,,,,,,,,,,,,,,,,,,,,,,,,,,,,,,,,,,,,,,,
Warmworks,EOH0200,KY3,39,Working Full time (>30hrs),Professional,"30,001 - 40,000",2020-07-18T00:00:00.000Z,Owner-Occupied,0.1,C1,31/08/2020,Warmworks,House,End-Terrace,Rural,1945-1964,D,2,1,2,89.76,3,2,3,2.345,Cavity_Insulated,Suspended,Pitched,Double,Yes,Gas,Gas Boiler - Standard,Fire - Gas,Water,Normal (90-130l),0,1,1,null,null,4.4,63,12928,2674,1110,55,3.39,,,,,,,,,,,,,,,,,,,,,,,,,,,,,,,,,,,,,,,,,,,,,,,,,,,,,,,,,,,,,,,,,,,,,,,,,,,,,,,
Warmworks,EOH1655,EH6,34,Working Full time (>30hrs),Professional,"50,001+",2020-07-18T00:00:00.000Z,Owner-Occupied,0.8,AB,19/08/2020,Warmworks,House,Detached,Urban,1919-1944,D,2,0,2,135.92,5,3,4,2.7,Cavity_Insulated,Suspended,Pitched,Double,Yes,Gas,Gas Boiler - Standard,Fire - Gas,Water,Normal (90-130l),0,1,1,1720,17163,null,null,null,null,null,null,null,,,,,,,,,,,,,,,,,,,,,,,,,,,,,,,,,,,,,,,,,,,,,,,,,,,,,,,,,,,,,,,,,,,,,,,,,,,,,,,
Warmworks,EOH0650,EH13,61,Retired,Manager,"50,001+",2020-07-19T00:00:00.000Z,Owner-Occupied,19,AB,18/08/2020,Everwarm,House,Detached,Urban,1919-1944,D,3,0,2,170.01,7,3,7,2.7,Cavity_Insulated,Suspended,Pitched,Double,Yes,Gas,Gas Boiler - Standard,None,Water,Medium (131-170l),1,0,0,14371,30910,null,null,null,null,null,null,null,,,,,,,,,,,,,,,,,,,,,,,,,,,,,,,,,,,,,,,,,,,,,,,,,,,,,,,,,,,,,,,,,,,,,,,,,,,,,,,
Warmworks,EOH0919,EH45,48,Working Full time (>30hrs),Skilled Manual Worker,Prefer not to say,2020-07-19T00:00:00.000Z,Owner-Occupied,15,C2,20/08/2020,Warmworks,House,Detached,Suburban,1965-1980,C,3,1,1,144.48,6,4,6,2.4,Cavity_No_insulation,Suspended,Pitched,Double,Yes,Gas,Gas Boiler - Standard,Fire - Wood,Water,Normal (90-130l),0,0,0,3000,18000,null,null,null,null,null,null,null,,,,,,,,,,,,,,,,,,,,,,,,,,,,,,,,,,,,,,,,,,,,,,,,,,,,,,,,,,,,,,,,,,,,,,,,,,,,,,,
Warmworks,EOH1750,EH10,49,Working Full time (>30hrs),Professional,"50,001+",2020-07-19T00:00:00.000Z,Owner-Occupied,7,AB,10/08/2020,Everwarm,House,Detached,Suburban,1991-2000,C,2,1,2,151.01,7,4,7,2.275,Cavity_Insulated,Suspended,Pitched,Double,Yes,Gas,Gas Boiler - Standard,Fire - Coal,Water,Normal (90-130l),0,1,1,null,null,null,null,null,null,null,null,null,,,,,,,,,,,,,,,,,,,,,,,,,,,,,,,,,,,,,,,,,,,,,,,,,,,,,,,,,,,,,,,,,,,,,,,,,,,,,,,
Warmworks,EOH0203,EH21,41,Working Full time (>30hrs),Professional,"50,001+",2020-07-19T00:00:00.000Z,Owner-Occupied,5,C1,29/09/2020,Warmworks,House,Detached,Urban,2001+,C,3,1,2,130.5,6,4,6,2.6,Cavity_Insulated,Solid,Pitched,Double,Yes,Gas,Gas Boiler - Standard,None,Water,Large (> 170l),0,0,1,null,null,null,null,null,null,null,null,null,,,,,,,,,,,,,,,,,,,,,,,,,,,,,,,,,,,,,,,,,,,,,,,,,,,,,,,,,,,,,,,,,,,,,,,,,,,,,,,
Warmworks,EOH1522,EH4,67,Retired,Professional,Prefer not to say,2020-07-20T00:00:00.000Z,Owner-Occupied,37,DE,03/08/2020,Warmworks,House,Detached,Suburban,1945-1964,E,2,0,2,121.8,4,3,4,2.6,Cavity_Insulated,Suspended,Pitched,Double,Yes,Gas,Gas Boiler - Standard,None,Water,Normal (90-130l),0,0,1,3800,23034,null,null,null,null,null,null,null,,,,,,,,,,,,,,,,,,,,,,,,,,,,,,,,,,,,,,,,,,,,,,,,,,,,,,,,,,,,,,,,,,,,,,,,,,,,,,,
Warmworks,EOH2482,TD6,64,Unemployed,Unemployed/Benefits,Prefer not to say,2020-07-22T00:00:00.000Z,Rented (Social),21,DE,13/08/2020,Warmworks,House,Semi-Detached,Suburban,1945-1964,F,2,0,2,81.8,4,2,4,2.4,Cavity_Insulated,Suspended,Pitched,Double,No,Electricity,Electric - Direct,Fire - Coal,Water,Normal (90-130l),0,0,1,2900,null,null,null,null,null,null,null,null,,,,,,,,,,,,,,,,,,,,,,,,,,,,,,,,,,,,,,,,,,,,,,,,,,,,,,,,,,,,,,,,,,,,,,,,,,,,,,,
Warmworks,EOH0015,TD4,85,Retired,Pensioner,Prefer not to say,2020-07-22T00:00:00.000Z,Rented (Social),20,DE,28/08/2020,Warmworks,House,Semi-Detached,Suburban,1945-1964,F,1,0,2,69.3,3,2,3,2.3,Cavity_Insulated,Suspended,Pitched,Double,No,Electricity,Electric - Direct,Electric - Direct,Water,Normal (90-130l),0,0,0,null,null,null,null,null,null,null,null,null,,,,,,,,,,,,,,,,,,,,,,,,,,,,,,,,,,,,,,,,,,,,,,,,,,,,,,,,,,,,,,,,,,,,,,,,,,,,,,,
Warmworks,EOH2239,EH29,37,Stay at home parent,Unemployed/Benefits,"50,001+",2020-07-23T00:00:00.000Z,Owner-Occupied,null,DE,16/04/2021,Warmworks,House,Detached,Suburban,2001+,B,2,3,2,151.36,7,5,7,2.36,Cavity_Insulated,Solid,Pitched,Double,Yes,Gas,Gas Boiler - Standard,None,Water,Large (> 170l),0,0,1,null,null,8.7,63,21715,4775,0,50,3.66,,,,,,,,,,,,,,,,,,,,,,,,,,,,,,,,,,,,,,,,,,,,,,,,,,,,,,,,,,,,,,,,,,,,,,,,,,,,,,,
Warmworks,EOH0762,EH21,38,Working Part time,Clerical,"50,001+",2020-07-24T00:00:00.000Z,Owner-Occupied,1,C1,17/05/2021,Warmworks,House,Detached,Suburban,2001+,B,2,2,2,137.84,7,4,7,2.31,Cavity_Insulated,Solid,Pitched,Double,Yes,Gas,Gas Boiler - Standard,None,Water,Medium (131-170l),0,0,1,null,null,7.3,null,18660,4921,0,null,null,,,,,,,,,,,,,,,,,,,,,,,,,,,,,,,,,,,,,,,,,,,,,,,,,,,,,,,,,,,,,,,,,,,,,,,,,,,,,,,
Warmworks,EOH2262,EH32,50,Working Full time (>30hrs),Manager,"50,001+",2020-07-24T00:00:00.000Z,Owner-Occupied,16,AB,18/04/2021,Everwarm,House,Detached,Suburban,2001+,C,2,3,2,157.08,7,4,7,2.41,Cavity_Insulated,Suspended,Pitched,Double,Yes,Gas,Gas Boiler - Standard,Fire - Wood,Water,Medium (131-170l),0,0,1,null,null,9.5,73,24014,4776,0,49,3.98,,,,,,,,,,,,,,,,,,,,,,,,,,,,,,,,,,,,,,,,,,,,,,,,,,,,,,,,,,,,,,,,,,,,,,,,,,,,,,,
Warmworks,EOH0921,EH14,39,Working Full time (>30hrs),Professional,"50,001+",2020-07-24T00:00:00.000Z,Owner-Occupied,3.5,C1,26/08/2020,Warmworks,House,Detached,Suburban,Pre 1919,D,2,1,2,212.88,9,4,9,2.52,Cavity_No_insulation,Suspended,Pitched,Double,Yes,Gas,Gas Boiler - Standard,None,Water,No access,0,0,1,14500,21500,null,null,null,null,null,null,null,,,,,,,,,,,,,,,,,,,,,,,,,,,,,,,,,,,,,,,,,,,,,,,,,,,,,,,,,,,,,,,,,,,,,,,,,,,,,,,
Warmworks,EOH2920,EH10,60,Working Full time (>30hrs),Manager,"40,001 - 50,000",2020-07-25T00:00:00.000Z,Owner-Occupied,20,AB,30/08/2020,Warmworks,House,Detached,Suburban,1965-1980,C,2,0,2,179.67,8,4,8,2.43,Cavity_Insulated,Suspended,Pitched,Double,Yes,Gas,Gas Boiler - Standard,None,Water,Large (> 170l),0,0,0,null,null,null,null,null,null,null,null,null,,,,,,,,,,,,,,,,,,,,,,,,,,,,,,,,,,,,,,,,,,,,,,,,,,,,,,,,,,,,,,,,,,,,,,,,,,,,,,,
Warmworks,EOH1729,EH10,72,Retired,Pensioner,Prefer not to say,2020-07-25T00:00:00.000Z,Owner-Occupied,35,DE,25/08/2020,Everwarm,House,Detached,Suburban,1919-1944,E,2,0,2,389.76,11,6,11,2.75,Cavity_Insulated,Suspended,Pitched,Double,Yes,Gas,Gas Boiler - Combi,Gas Boiler - Combi,Water,Medium (131-170l),0,2,1,2977,19811,null,null,null,null,null,null,null,,,,,,,,,,,,,,,,,,,,,,,,,,,,,,,,,,,,,,,,,,,,,,,,,,,,,,,,,,,,,,,,,,,,,,,,,,,,,,,
Warmworks,EOH1293,EH10,69,Retired,Pensioner,"50,001+",2020-07-26T00:00:00.000Z,Owner-Occupied,25,DE,19/08/2020,Warmworks,House,Semi-Detached,Suburban,1919-1944,E,2,0,2,124.88,5,3,5,2.7,Cavity_Insulated,Suspended,Pitched,Double,Yes,Gas,Gas Boiler - Standard,Fire - Gas,Water,Normal (90-130l),0,1,1,2648,18589,null,null,null,null,null,null,null,,,,,,,,,,,,,,,,,,,,,,,,,,,,,,,,,,,,,,,,,,,,,,,,,,,,,,,,,,,,,,,,,,,,,,,,,,,,,,,
Warmworks,EOH0549,EH42,40,Working Part time,Skilled Manual Worker,"30,001 - 40,000",2020-07-27T00:00:00.000Z,Owner-Occupied,4,C2,11/09/2020,Warmworks,House,Detached,Rural,Pre 1919,D,2,1,1,112.24,4,3,4,2.7,Cavity_No_insulation,Suspended,Pitched,Double,No,Oil,Oil Boiler,Fire - Wood,Water,Medium (131-170l),0,0,0,null,null,null,null,null,null,null,null,null,,,,,,,,,,,,,,,,,,,,,,,,,,,,,,,,,,,,,,,,,,,,,,,,,,,,,,,,,,,,,,,,,,,,,,,,,,,,,,,
Warmworks,EOH2210,EH12,54,Working Part time,Professional,"50,001+",2020-07-27T00:00:00.000Z,Owner-Occupied,18,C1,10/09/2020,Warmworks,House,Detached,Suburban,1991-2000,B,5,0,2,145.65,7,5,7,2.6,Cavity_Insulated,Solid,Pitched,Double,Yes,Gas,Gas Boiler - Standard,None,Water,Large (> 170l),0,0,1,null,null,null,null,null,null,null,null,null,,,,,,,,,,,,,,,,,,,,,,,,,,,,,,,,,,,,,,,,,,,,,,,,,,,,,,,,,,,,,,,,,,,,,,,,,,,,,,,
Warmworks,EOH0830,EH52,45,Working Full time (>30hrs),Professional,Prefer not to say,2020-07-27T00:00:00.000Z,Owner-Occupied,13,C2,25/09/2020,Warmworks,House,Detached,Suburban,2001+,C,2,2,2,137.14,7,5,7,2.32,Cavity_Insulated,Solid,Pitched,Double,Yes,Gas,Gas Boiler - Standard,Fire - Gas,Water,Medium (131-170l),0,1,1,null,null,7.5,57.4,21472,4457,1365,null,null,,,,,,,,,,,,,,,,,,,,,,,,,,,,,,,,,,,,,,,,,,,,,,,,,,,,,,,,,,,,,,,,,,,,,,,,,,,,,,,
Warmworks,EOH2026,EH16,46,Working Full time (>30hrs),Manager,"50,001+",2020-07-29T00:00:00.000Z,Owner-Occupied,6,AB,10/08/2020,Warmworks,House,Detached,Suburban,1945-1964,D,2,0,2,101.22,5,3,5,2.44,Cavity_Insulated,Suspended,Pitched,Double,Yes,Gas,Gas Boiler - Standard,None,Water,Normal (90-130l),0,0,0,2685,13962,null,null,null,null,null,null,null,,,,,,,,,,,,,,,,,,,,,,,,,,,,,,,,,,,,,,,,,,,,,,,,,,,,,,,,,,,,,,,,,,,,,,,,,,,,,,,
Warmworks,EOH0806,KY3,50,Working Full time (>30hrs),Professional,"50,001+",2020-07-29T00:00:00.000Z,Owner-Occupied,13,C1,23/09/2020,Warmworks,House,Detached,Urban,Pre 1919,B,2,2,2,134.67,6,3,6,2.45,Cavity_No_insulation,Suspended,Pitched,Double,Yes,Gas,Gas Boiler - Standard,Fire - Gas,Water,Normal (90-130l),0,1,1,1436,11838,null,null,null,null,null,null,null,,,,,,,,,,,,,,,,,,,,,,,,,,,,,,,,,,,,,,,,,,,,,,,,,,,,,,,,,,,,,,,,,,,,,,,,,,,,,,,
Warmworks,EOH0849,EH16,73,Retired,Pensioner,"25,001 - 30,000",2020-07-30T00:00:00.000Z,Owner-Occupied,14,DE,24/08/2020,Everwarm,House,Detached,Suburban,1945-1964,D,3,0,2,137.71,5,2,5,2.45,Cavity_Insulated,Suspended,Pitched,Double,Yes,Gas,Gas Boiler - Standard,Fire - Wood,Water,Normal (90-130l),1,0,0,3118,12569,null,null,null,null,null,null,null,,,,,,,,,,,,,,,,,,,,,,,,,,,,,,,,,,,,,,,,,,,,,,,,,,,,,,,,,,,,,,,,,,,,,,,,,,,,,,,
Warmworks,EOH0938,EH19,50,Working Full time (>30hrs),Manager,Prefer not to say,2020-07-30T00:00:00.000Z,Owner-Occupied,13,AB,08/09/2020,Warmworks,House,Detached,Suburban,1991-2000,B,2,2,2,164.64,6,4,6,2.6,Cavity_Insulated,Suspended,Pitched,Double,Yes,Gas,Gas Boiler - Standard,None,Water,Large (> 170l),0,0,1,4048,21881,null,null,null,null,null,null,null,,,,,,,,,,,,,,,,,,,,,,,,,,,,,,,,,,,,,,,,,,,,,,,,,,,,,,,,,,,,,,,,,,,,,,,,,,,,,,,
Warmworks,EOH0735,KY11,44,Working Full time (>30hrs),Professional,"50,001+",2020-07-30T00:00:00.000Z,Owner-Occupied,0.5,AB,25/09/2020,Warmworks,House,Detached,Suburban,2001+,A,3,0,2,139.76,6,4,6,2.6,Cavity_Insulated,Solid,Pitched,Double,Yes,Gas,Gas Boiler - Standard,None,Water,Large (> 170l),0,0,0,null,null,7,39,13060,4495,0,45,3.91,,,,,,,,,,,,,,,,,,,,,,,,,,,,,,,,,,,,,,,,,,,,,,,,,,,,,,,,,,,,,,,,,,,,,,,,,,,,,,,
Warmworks,EOH2730,EH29,44,Working Full time (>30hrs),Professional,Prefer not to say,2020-07-30T00:00:00.000Z,Owner-Occupied,6,C1,22/09/2020,Warmworks,House,Detached,Suburban,2001+,C,2,2,2,129.56,6,4,6,2.32,Cavity_Insulated,Solid,Pitched,Double,Yes,Gas,Gas Boiler - Standard,None,Water,Medium (131-170l),0,0,1,3835,11433,null,null,null,null,null,null,null,,,,,,,,,,,,,,,,,,,,,,,,,,,,,,,,,,,,,,,,,,,,,,,,,,,,,,,,,,,,,,,,,,,,,,,,,,,,,,,
Warmworks,EOH3156,KY6,78,Retired,Pensioner,"20,001 - 25,000",2020-07-30T00:00:00.000Z,Owner-Occupied,42,DE,10/08/2020,Warmworks,House,Detached,Urban,1965-1980,D,2,0,2,126.06,5,3,5,2.39,Cavity_Insulated,Suspended,Pitched,Double,Yes,Gas,Gas Boiler - Standard,Electric - Direct,Water,Normal (90-130l),0,0,1,3364,26125,null,null,null,null,null,null,null,,,,,,,,,,,,,,,,,,,,,,,,,,,,,,,,,,,,,,,,,,,,,,,,,,,,,,,,,,,,,,,,,,,,,,,,,,,,,,,
Warmworks,EOH0391,EH45,60,Working Full time (>30hrs),Skilled Manual Worker,"40,001 - 50,000",2020-07-30T00:00:00.000Z,Owner-Occupied,15,C2,20/08/2020,Warmworks,House,Semi-Detached,Suburban,1965-1980,D,1,0,2,73.26,4,2,4,2.4,Cavity_No_insulation,Suspended,Pitched,Double,Yes,Gas,Gas Boiler - Standard,None,Water,Normal (90-130l),0,0,0,1094,null,6.5,111,17703,2865,0,50,3.65,,,,,,,,,,,,,,,,,,,,,,,,,,,,,,,,,,,,,,,,,,,,,,,,,,,,,,,,,,,,,,,,,,,,,,,,,,,,,,,
Warmworks,EOH1509,FK5,48,Working Full time (>30hrs),Professional,"50,001+",2020-08-05T00:00:00.000Z,Owner-Occupied,16,AB,21/09/2020,Warmworks,House,Detached,Urban,2001+,C,1,1,2,177.05,7,5,7,2.6,Cavity_Insulated,Suspended,Pitched,Double,Yes,Gas,Gas Boiler - Standard,None,Water,Large (> 170l),0,0,1,null,null,null,null,null,null,null,null,null,,,,,,,,,,,,,,,,,,,,,,,,,,,,,,,,,,,,,,,,,,,,,,,,,,,,,,,,,,,,,,,,,,,,,,,,,,,,,,,
Warmworks,EOH0290,EH22,45,Working Full time (>30hrs),Professional,"40,001 - 50,000",2020-08-05T00:00:00.000Z,Owner-Occupied,11,C1,01/06/2021,Warmworks,House,Semi-Detached,Suburban,2001+,C,1,0,2,154.1,7,4,7,2.37,Cavity_Insulated,Solid,Pitched,Double,Yes,Gas,Gas Boiler - Standard,None,Water,Medium (131-170l),0,0,1,null,null,9.7,68,22032,2812,0,50,3.66,,,,,,,,,,,,,,,,,,,,,,,,,,,,,,,,,,,,,,,,,,,,,,,,,,,,,,,,,,,,,,,,,,,,,,,,,,,,,,,
Warmworks,EOH1309,EH5,60,Working Full time (>30hrs),Professional,"50,001+",2020-08-05T00:00:00.000Z,Owner-Occupied,22,C1,16/09/2020,Warmworks,Flat,Flat,Suburban,Pre 1919,D,3,1,1,184.88,6,4,6,3.2,Cavity_No_insulation,Suspended,Another Dwelling Above,Double,Yes,Gas,Gas Boiler - Standard,Gas Boiler - Standard,Water,Medium (131-170l),4,0,1,8397,35670,null,null,null,null,null,null,null,,,,,,,,,,,,,,,,,,,,,,,,,,,,,,,,,,,,,,,,,,,,,,,,,,,,,,,,,,,,,,,,,,,,,,,,,,,,,,,
Warmworks,EOH1870,EH33,45,Working Full time (>30hrs),Manager,"50,001+",2020-08-05T00:00:00.000Z,Owner-Occupied,2,C1,15/09/2020,Warmworks,House,Detached,Urban,2001+,C,2,3,2,207.82,7,4,7,2.6,Cavity_Insulated,Suspended,Pitched,Double,Yes,Gas,Gas Boiler - Standard,Fire - Wood,Water,Large (> 170l),14,0,1,11729,null,11.2,48.6,26179,4495,156,45,3.97,,,,,,,,,,,,,,,,,,,,,,,,,,,,,,,,,,,,,,,,,,,,,,,,,,,,,,,,,,,,,,,,,,,,,,,,,,,,,,,
Warmworks,EOH0715,EH37,56,Working Full time (>30hrs),Professional,"50,001+",2020-08-06T00:00:00.000Z,Owner-Occupied,null,AB,27/04/2021,Warmworks,House,Detached,Rural,1991-2000,C,2,1,2,165.33,7,4,7,2.4,Cavity_Insulated,Suspended,Pitched,Double,Yes,Gas,Gas Boiler - Standard,None,Water,Large (> 170l),0,0,0,7262,25527,11.1,null,28606,4921,0,null,null,,,,,,,,,,,,,,,,,,,,,,,,,,,,,,,,,,,,,,,,,,,,,,,,,,,,,,,,,,,,,,,,,,,,,,,,,,,,,,,
Warmworks,EOH0516,EH54,57,Working Part time,Skilled Manual Worker,"50,001+",2020-08-07T00:00:00.000Z,Owner-Occupied,27,C2,25/09/2020,Warmworks,House,Semi-Detached,Urban,1965-1980,B,4,0,2,126.75,7,4,7,2.38,Cavity_Insulated,Suspended,Pitched,Double,Yes,Gas,Gas Boiler - Standard,None,Water,Normal (90-130l),0,0,1,null,null,7.3,64.8,20306,6113,1492,45,4.14,,,,,,,,,,,,,,,,,,,,,,,,,,,,,,,,,,,,,,,,,,,,,,,,,,,,,,,,,,,,,,,,,,,,,,,,,,,,,,,
Warmworks,EOH0113,EH25,62,Retired,Pensioner,"0 - 12,500",2020-08-07T00:00:00.000Z,Owner-Occupied,1.5,DE,10/09/2020,Warmworks,House,Semi-Detached,Suburban,1981-1990,C,1,0,2,116.03,4,2,4,2.6,Cavity_No_insulation,Suspended,Pitched,Double,Yes,Gas,Gas Boiler - Standard,None,Water,Large (> 170l),0,0,1,13709,6702,null,null,null,null,null,null,null,,,,,,,,,,,,,,,,,,,,,,,,,,,,,,,,,,,,,,,,,,,,,,,,,,,,,,,,,,,,,,,,,,,,,,,,,,,,,,,
Warmworks,EOH0241,G68,54,Working Full time (>30hrs),Manager,"50,001+",2020-08-07T00:00:00.000Z,Owner-Occupied,8,AB,06/05/2021,Warmworks,House,Detached,Suburban,1981-1990,C,2,0,2,127,6,4,6,2.35,Cavity_No_insulation,Suspended,Pitched,Double,Yes,Gas,Gas Boiler - Standard,None,Water,Normal (90-130l),0,0,1,null,null,8.4,79,21516,5905,0,50,3.81,,,,,,,,,,,,,,,,,,,,,,,,,,,,,,,,,,,,,,,,,,,,,,,,,,,,,,,,,,,,,,,,,,,,,,,,,,,,,,,
Warmworks,EOH3016,EH40,66,Working Full time (>30hrs),Manager,"40,001 - 50,000",2020-08-07T00:00:00.000Z,Owner-Occupied,5,C1,22/09/2020,Warmworks,House,Detached,Rural,2001+,B,2,2,2,149.64,6,4,6,2.6,Cavity_Insulated,Solid,Pitched,Double,Yes,Gas,Gas Boiler - Standard,None,Water,Large (> 170l),0,0,0,null,null,11,63.8,31959,5394,0,50,3.92,,,,,,,,,,,,,,,,,,,,,,,,,,,,,,,,,,,,,,,,,,,,,,,,,,,,,,,,,,,,,,,,,,,,,,,,,,,,,,,
Warmworks,EOH2142,EH14,45,Working Full time (>30hrs),Professional,"50,001+",2020-08-08T00:00:00.000Z,Owner-Occupied,3,AB,16/09/2020,Warmworks,House,Detached,Suburban,1981-1990,D,2,1,2,170.11,8,5,8,2.41,Cavity_Insulated,Suspended,Pitched,Double,Yes,Gas,Gas Boiler - Standard,Fire - Gas,Water,Medium (131-170l),0,0,0,4455,30031,null,null,null,null,null,null,null,,,,,,,,,,,,,,,,,,,,,,,,,,,,,,,,,,,,,,,,,,,,,,,,,,,,,,,,,,,,,,,,,,,,,,,,,,,,,,,
Warmworks,EOH0526,KY3,40,Unfit for work,Unemployed/Benefits,Prefer not to say,2020-08-10T00:00:00.000Z,Owner-Occupied,9,DE,10/11/2020,Warmworks,House,Detached,Suburban,2001+,B,2,0,2,93.49,6,3,6,2.37,Cavity_Insulated,Solid,Pitched,Double,Yes,Gas,Gas Boiler - Standard,None,Water,Large (> 170l),0,0,1,null,null,3.9,48.5,20350,3566,1237,45,3.56,,,,,,,,,,,,,,,,,,,,,,,,,,,,,,,,,,,,,,,,,,,,,,,,,,,,,,,,,,,,,,,,,,,,,,,,,,,,,,,
Warmworks,EOH0559,G45,36,Working Full time (>30hrs),Professional,"50,001+",2020-08-10T00:00:00.000Z,Owner-Occupied,4,AB,21/09/2020,Warmworks,House,Mid-Terrace,Urban,2001+,C,2,0,2,68.76,3,2,3,2.6,Cavity_Insulated,Suspended,Pitched,Double,Yes,Gas,Gas Boiler - Standard,None,Water,Medium (131-170l),0,0,0,null,null,2.9,55,1904,1371,3,45,3.93,,,,,,,,,,,,,,,,,,,,,,,,,,,,,,,,,,,,,,,,,,,,,,,,,,,,,,,,,,,,,,,,,,,,,,,,,,,,,,,
Warmworks,EOH0465,EH13,41,Working Full time (>30hrs),Skilled Manual Worker,"50,001+",2020-08-10T00:00:00.000Z,Owner-Occupied,7,AB,18/09/2020,Warmworks,House,Detached,Urban,1965-1980,C,2,2,2,117.41,5,3,5,2.37,Cavity_Insulated,Suspended,Pitched,Double,Yes,Gas,Gas Boiler - Standard,None,Water,Large (> 170l),0,0,1,null,null,11.9,96.1,27391,3596,156,50,3.92,,,,,,,,,,,,,,,,,,,,,,,,,,,,,,,,,,,,,,,,,,,,,,,,,,,,,,,,,,,,,,,,,,,,,,,,,,,,,,,
Warmworks,EOH0503,EH19,74,Retired,Pensioner,Prefer not to say,2020-08-11T00:00:00.000Z,Owner-Occupied,null,DE,20/04/2021,Warmworks,House,Detached,Suburban,1991-2000,C,2,0,2,98.99,6,3,6,2.36,Cavity_Insulated,Suspended,Pitched,Double,Yes,Gas,Gas Boiler - Standard,None,Water,Normal (90-130l),0,0,0,null,null,null,null,null,null,null,null,null,,,,,,,,,,,,,,,,,,,,,,,,,,,,,,,,,,,,,,,,,,,,,,,,,,,,,,,,,,,,,,,,,,,,,,,,,,,,,,,
Warmworks,EOH1589,EH8,67,Retired,Pensioner,"20,001 - 25,000",2020-08-11T00:00:00.000Z,Owner-Occupied,29,DE,29/09/2020,Warmworks,House,Detached,Suburban,1945-1964,D,2,0,2,189.65,7,4,7,2.7,Cavity_Insulated,Suspended,Pitched,Double,Yes,Gas,Gas Boiler - Standard,None,Water,Medium (131-170l),0,0,1,5972,20200,null,null,null,null,null,null,null,,,,,,,,,,,,,,,,,,,,,,,,,,,,,,,,,,,,,,,,,,,,,,,,,,,,,,,,,,,,,,,,,,,,,,,,,,,,,,,
Warmworks,EOH0442,EH26,54,Working Full time (>30hrs),Professional,"30,001 - 40,000",2020-08-13T00:00:00.000Z,Owner-Occupied,17,AB,27/11/2020,Warmworks,House,Detached,Suburban,2001+,C,2,0,2,167.76,8,4,8,2.34,Cavity_Insulated,Solid,Pitched,Double,Yes,Gas,Gas Boiler - Standard,Fire - Gas,Water,Large (> 170l),0,1,1,4819,23508,null,null,null,null,null,null,null,,,,,,,,,,,,,,,,,,,,,,,,,,,,,,,,,,,,,,,,,,,,,,,,,,,,,,,,,,,,,,,,,,,,,,,,,,,,,,,
Warmworks,EOH2711,EH39,58,Working Full time (>30hrs),Manager,"25,001 - 30,000",2020-08-13T00:00:00.000Z,Owner-Occupied,10,C1,15/09/2020,Warmworks,House,End-Terrace,Suburban,1945-1964,D,2,0,2,91.04,5,4,5,2.6,Cavity_Insulated,Solid,Pitched,Double,Yes,Gas,Gas Boiler - Combi,None,Water,Normal (90-130l),0,0,0,1676,11703,null,null,null,null,null,null,null,,,,,,,,,,,,,,,,,,,,,,,,,,,,,,,,,,,,,,,,,,,,,,,,,,,,,,,,,,,,,,,,,,,,,,,,,,,,,,,
Warmworks,EOH0668,EH14,49,Working Full time (>30hrs),Professional,"50,001+",2020-08-13T00:00:00.000Z,Owner-Occupied,10,C2,12/10/2020,Warmworks,House,Detached,Suburban,1965-1980,D,2,3,2,134.6,7,4,7,null,Cavity_Insulated,Suspended,Pitched,Double,Yes,Gas,Gas Boiler - Standard,Fire - Gas,Water,Normal (90-130l),0,1,1,null,null,8.9,67.4,25707,4457,1365,55,3.63,,,,,,,,,,,,,,,,,,,,,,,,,,,,,,,,,,,,,,,,,,,,,,,,,,,,,,,,,,,,,,,,,,,,,,,,,,,,,,,
Warmworks,EOH0052,EH10,63,Working Part time,Skilled Manual Worker,"30,001 - 40,000",2020-08-14T00:00:00.000Z,Owner-Occupied,3,C1,14/09/2020,Warmworks,House,Detached,Suburban,1981-1990,D,4,0,2,187.7,7,6,7,2.6,Cavity_No_insulation,Suspended,Pitched,Double,Yes,Gas,Gas Boiler - Standard,None,Water,Medium (131-170l),0,0,1,null,null,null,null,null,null,null,null,null,,,,,,,,,,,,,,,,,,,,,,,,,,,,,,,,,,,,,,,,,,,,,,,,,,,,,,,,,,,,,,,,,,,,,,,,,,,,,,,
Warmworks,EOH1634,EH22,48,Working Part time,Manager,"50,001+",2020-08-14T00:00:00.000Z,Owner-Occupied,6,C1,24/09/2020,Warmworks,House,Detached,Suburban,1991-2000,C,2,2,2,135.38,8,4,8,2.3,Cavity_Insulated,Solid,Pitched,Double,Yes,Gas,Gas Boiler - Standard,Fire - Gas,Water,Large (> 170l),0,1,1,4636,21255,null,null,null,null,null,null,null,,,,,,,,,,,,,,,,,,,,,,,,,,,,,,,,,,,,,,,,,,,,,,,,,,,,,,,,,,,,,,,,,,,,,,,,,,,,,,,
Warmworks,EOH1446,EH22,42,Working Full time (>30hrs),Manager,Prefer not to say,2020-08-14T00:00:00.000Z,Owner-Occupied,4,AB,19/11/2020,Warmworks,House,Detached,Suburban,2001+,C,2,1,2,141.85,7,4,7,2.4,Cavity_Insulated,Solid,Pitched,Double,Yes,Gas,Gas Boiler - Standard,Fire - Gas,Water,Large (> 170l),0,1,1,null,null,7.6,59.6,23038,4457,1365,55,3.63,,,,,,,,,,,,,,,,,,,,,,,,,,,,,,,,,,,,,,,,,,,,,,,,,,,,,,,,,,,,,,,,,,,,,,,,,,,,,,,
Warmworks,EOH0663,EH42,52,Working Full time (>30hrs),Manager,Prefer not to say,2020-08-15T00:00:00.000Z,Owner-Occupied,null,C1,22/09/2020,Warmworks,House,Semi-Detached,Urban,1945-1964,D,2,0,2,71.5,3,2,3,2.6,Cavity_Insulated,Suspended,Pitched,Double,Yes,Gas,Gas Boiler - Standard,None,Water,Medium (131-170l),0,0,1,1568,10603,5.6,76.4,13010,2697,156,45,3.77,,,,,,,,,,,,,,,,,,,,,,,,,,,,,,,,,,,,,,,,,,,,,,,,,,,,,,,,,,,,,,,,,,,,,,,,,,,,,,,
Warmworks,EOH1758,PA8,30,Working Full time (>30hrs),Manager,"25,001 - 30,000",2020-08-15T00:00:00.000Z,Owner-Occupied,5,C1,27/08/2020,Warmworks,House,Semi-Detached,Suburban,1991-2000,C,1,0,2,101.21,5,3,5,2.4,Cavity_Insulated,Suspended,Pitched,Double,Yes,Gas,Gas Boiler - Standard,None,Water,Normal (90-130l),0,0,1,3000,18000,null,null,null,null,null,null,null,,,,,,,,,,,,,,,,,,,,,,,,,,,,,,,,,,,,,,,,,,,,,,,,,,,,,,,,,,,,,,,,,,,,,,,,,,,,,,,
Warmworks,EOH2137,EH30,44,Working Full time (>30hrs),Professional,"50,001+",2020-08-15T00:00:00.000Z,Owner-Occupied,3,C1,18/05/2021,Warmworks,House,Semi-Detached,Suburban,1945-1964,E,1,0,2,94.39,5,3,4,2.44,Cavity_No_insulation,Solid,Pitched,Double,Yes,Gas,Gas Boiler - Standard,Fire - Gas,Water,Normal (90-130l),0,1,1,null,null,7.5,84,18943,3820,0,50,3.92,,,,,,,,,,,,,,,,,,,,,,,,,,,,,,,,,,,,,,,,,,,,,,,,,,,,,,,,,,,,,,,,,,,,,,,,,,,,,,,
Warmworks,EOH0990,EH32,41,Working Full time (>30hrs),Skilled Manual Worker,Prefer not to say,2020-08-15T00:00:00.000Z,Owner-Occupied,1,C2,06/12/2020,Warmworks,House,Detached,Suburban,2001+,B,2,3,3,169.35,8,5,8,2.6,Cavity_Insulated,Solid,Pitched,Double,Yes,Gas,Gas Boiler - Standard,None,Water,Large (> 170l),0,0,1,null,null,null,null,null,null,null,null,null,,,,,,,,,,,,,,,,,,,,,,,,,,,,,,,,,,,,,,,,,,,,,,,,,,,,,,,,,,,,,,,,,,,,,,,,,,,,,,,
Warmworks,EOH1872,KY12,35,Working Full time (>30hrs),Manager,"30,001 - 40,000",2020-08-17T00:00:00.000Z,Owner-Occupied,0.2,C1,23/09/2020,Warmworks,House,Semi-Detached,Suburban,1991-2000,D,2,2,2,89.15,5,3,5,2.4,Cavity_Insulated,Suspended,Pitched,Double,Yes,Gas,Gas Boiler - Standard,None,Water,Normal (90-130l),0,0,1,null,null,5.5,88,17566,3821,0,50,3.65,,,,,,,,,,,,,,,,,,,,,,,,,,,,,,,,,,,,,,,,,,,,,,,,,,,,,,,,,,,,,,,,,,,,,,,,,,,,,,,
Warmworks,EOH2876,EH33,47,Working Part time,Professional,"25,001 - 30,000",2020-08-18T00:00:00.000Z,Owner-Occupied,17,C1,09/09/2020,Warmworks,House,Semi-Detached,Rural,Pre 1919,B,2,0,2,117.64,4,4,4,2.6,Cavity_No_insulation,Suspended,Pitched,Double,Yes,Gas,Gas Boiler - Combi,None,Water,Medium (131-170l),0,0,1,1138,14550,null,null,null,null,null,null,null,,,,,,,,,,,,,,,,,,,,,,,,,,,,,,,,,,,,,,,,,,,,,,,,,,,,,,,,,,,,,,,,,,,,,,,,,,,,,,,
Warmworks,EOH2705,EH54,31,Working Full time (>30hrs),Skilled Manual Worker,Prefer not to say,2020-08-19T00:00:00.000Z,Owner-Occupied,2,C2,03/12/2020,Warmworks,House,Detached,Suburban,2001+,C,3,0,2,132.64,6,4,5,2.45,Cavity_Insulated,Suspended,Pitched,Double,Yes,Gas,Gas Boiler - Standard,None,Water,Medium (131-170l),0,0,1,null,null,6.6,62.5,19221,4457,1365,55,3.39,,,,,,,,,,,,,,,,,,,,,,,,,,,,,,,,,,,,,,,,,,,,,,,,,,,,,,,,,,,,,,,,,,,,,,,,,,,,,,,
Warmworks,EOH1588,EH5,34,Training or Education,Unemployed/Benefits,Prefer not to say,2020-08-19T00:00:00.000Z,Owner-Occupied,null,DE,28/10/2020,Warmworks,House,Semi-Detached,Urban,1981-1990,D,2,2,2,127,8,5,8,null,Cavity_No_insulation,Suspended,Pitched,Double,Yes,Gas,Gas Boiler - Standard,Fire - Gas,Water,Normal (90-130l),0,1,0,null,null,8.6,76.1,21883,4776,0,50,3.92,,,,,,,,,,,,,,,,,,,,,,,,,,,,,,,,,,,,,,,,,,,,,,,,,,,,,,,,,,,,,,,,,,,,,,,,,,,,,,,
Warmworks,EOH2189,KY15,62,Working Part time,Supervisor,"20,001 - 25,000",2020-08-19T00:00:00.000Z,Owner-Occupied,29,C1,16/10/2020,Warmworks,House,Detached,Rural,1965-1980,D,2,0,1,191.9,7,5,7,null,Cavity_No_insulation,Suspended,Pitched,Double,No,Oil,Oil Boiler,Oil Boiler,Water,Medium (131-170l),0,0,1,null,null,null,null,null,null,null,null,null,,,,,,,,,,,,,,,,,,,,,,,,,,,,,,,,,,,,,,,,,,,,,,,,,,,,,,,,,,,,,,,,,,,,,,,,,,,,,,,
Warmworks,EOH2849,KY11,42,Working Full time (>30hrs),Professional,"50,001+",2020-08-19T00:00:00.000Z,Owner-Occupied,9,AB,19/04/2021,Warmworks,House,Detached,Suburban,1991-2000,C,2,1,3,166.24,9,5,9,2.36,Cavity_Insulated,Solid,Pitched,Double,Yes,Gas,Gas Boiler - Standard,None,Water,Large (> 170l),0,0,1,3100,1625,null,null,null,null,null,null,null,,,,,,,,,,,,,,,,,,,,,,,,,,,,,,,,,,,,,,,,,,,,,,,,,,,,,,,,,,,,,,,,,,,,,,,,,,,,,,,
Warmworks,EOH1754,DD2,58,Working Part time,Unemployed/Benefits,"50,001+",2020-08-19T00:00:00.000Z,Owner-Occupied,25,DE,16/10/2020,Warmworks,House,Detached,Suburban,1945-1964,D,2,2,2,142.89,6,2,6,null,Cavity_Insulated,Suspended,Pitched,Double,Yes,Gas,Gas Boiler - Standard,None,Water,Medium (131-170l),0,0,1,5442,25486,null,null,null,null,null,null,null,,,,,,,,,,,,,,,,,,,,,,,,,,,,,,,,,,,,,,,,,,,,,,,,,,,,,,,,,,,,,,,,,,,,,,,,,,,,,,,
Warmworks,EOH2418,EH28,48,Working Part time,Clerical,Prefer not to say,2020-08-19T00:00:00.000Z,Owner-Occupied,18,C1,18/09/2020,Warmworks,House,Semi-Detached,Suburban,1965-1980,C,2,2,2,117.23,6,4,6,2.3,Cavity_Insulated,Solid,Pitched,Double,Yes,Gas,Gas Boiler - Standard,None,Water,Large (> 170l),0,0,1,null,null,6,60.1,17042,3596,3,45,4.14,,,,,,,,,,,,,,,,,,,,,,,,,,,,,,,,,,,,,,,,,,,,,,,,,,,,,,,,,,,,,,,,,,,,,,,,,,,,,,,
Warmworks,EOH1185,EH26,59,Working Full time (>30hrs),Professional,Prefer not to say,2020-08-19T00:00:00.000Z,Owner-Occupied,17,AB,20/09/2020,Warmworks,House,Detached,Suburban,1981-1990,C,2,2,2,134.49,7,5,7,2.4,Cavity_No_insulation,Solid,Pitched,Double,Yes,Gas,Gas Boiler - Standard,Fire - Wood,Water,Normal (90-130l),0,0,1,null,null,null,null,null,null,null,null,null,,,,,,,,,,,,,,,,,,,,,,,,,,,,,,,,,,,,,,,,,,,,,,,,,,,,,,,,,,,,,,,,,,,,,,,,,,,,,,,
Warmworks,EOH3059,EH30,48,Working Full time (>30hrs),Clerical,"50,001+",2020-08-19T00:00:00.000Z,Owner-Occupied,2,AB,16/12/2020,Everwarm,House,Detached,Suburban,2001+,C,2,2,2,155.83,7,4,7,2.38,Cavity_Insulated,Solid,Pitched,Double,Yes,Gas,Gas Boiler - Standard,None,Water,Medium (131-170l),0,0,1,3524,14149,7.6,65.6,21383,4457,1365,null,null,,,,,,,,,,,,,,,,,,,,,,,,,,,,,,,,,,,,,,,,,,,,,,,,,,,,,,,,,,,,,,,,,,,,,,,,,,,,,,,
Warmworks,EOH0616,PH5,29,Working Full time (>30hrs),Professional,"40,001 - 50,000",2020-06-29T00:00:00.000Z,Owner-Occupied,3,AB,09/09/2020,Warmworks,House,Semi-Detached,Rural,Pre 1919,F,2,1,3,183.65,7,4,7,2.26,Cavity_No_insulation,Suspended,Pitched,Double,No,Oil,Oil Boiler,Fire - Wood,Water,No access,0,0,0,null,null,13.6,112,15608,3821,0,null,null,,,,,,,,,,,,,,,,,,,,,,,,,,,,,,,,,,,,,,,,,,,,,,,,,,,,,,,,,,,,,,,,,,,,,,,,,,,,,,,
Warmworks,EOH2671,EH19,72,Retired,Pensioner,Prefer not to say,2020-08-20T00:00:00.000Z,Owner-Occupied,30,DE,25/09/2020,Warmworks,House,Detached,Rural,1965-1980,C,2,0,2,98.82,6,3,6,2.3,Cavity_Insulated,Solid,Pitched,Double,Yes,Gas,Gas Boiler - Standard,Fire - Gas,Water,Normal (90-130l),0,1,1,null,null,6.4,null,16147,3821,0,null,null,,,,,,,,,,,,,,,,,,,,,,,,,,,,,,,,,,,,,,,,,,,,,,,,,,,,,,,,,,,,,,,,,,,,,,,,,,,,,,,
Warmworks,EOH0066,KY10,63,Working Full time (>30hrs),Manager,Prefer not to say,2020-08-21T00:00:00.000Z,Owner-Occupied,16,AB,12/10/2020,Warmworks,House,Detached,Urban,1945-1964,C,2,0,2,106.86,4,3,4,null,Cavity_Insulated,Suspended,Pitched,Double,Yes,Gas,Gas Boiler - Standard,None,Water,No access,0,0,1,3567,10380,7.4,66.5,18668,3596,0,45,3.91,,,,,,,,,,,,,,,,,,,,,,,,,,,,,,,,,,,,,,,,,,,,,,,,,,,,,,,,,,,,,,,,,,,,,,,,,,,,,,,
Warmworks,EOH1331,EH32,52,Working Full time (>30hrs),Professional,Prefer not to say,2020-08-21T00:00:00.000Z,Owner-Occupied,8,AB,20/04/2021,Everwarm,House,Detached,Rural,1991-2000,C,4,1,2,247.15,9,4,9,2.42,Cavity_Insulated,Suspended,Pitched,Double,Yes,Gas,Gas Boiler - Standard,Fire - Wood,Water,Normal (90-130l),0,1,1,null,null,null,null,null,null,null,null,null,,,,,,,,,,,,,,,,,,,,,,,,,,,,,,,,,,,,,,,,,,,,,,,,,,,,,,,,,,,,,,,,,,,,,,,,,,,,,,,
Warmworks,EOH0978,EH15,52,Working Full time (>30hrs),Casual worker,"25,001 - 30,000",2020-08-21T00:00:00.000Z,Owner-Occupied,12,C2,09/10/2020,Warmworks,House,Detached,Suburban,1981-1990,D,2,2,2,126.05,6,5,6,null,Cavity_Insulated,Solid,Pitched,Double,Yes,Gas,Gas Boiler - Standard,None,Water,Normal (90-130l),0,0,1,null,15592,null,null,null,null,null,null,null,,,,,,,,,,,,,,,,,,,,,,,,,,,,,,,,,,,,,,,,,,,,,,,,,,,,,,,,,,,,,,,,,,,,,,,,,,,,,,,
Warmworks,EOH0568,EH14,53,Working Full time (>30hrs),Skilled Manual Worker,"25,001 - 30,000",2020-08-24T00:00:00.000Z,Owner-Occupied,12,DE,16/09/2020,Warmworks,House,Semi-Detached,Suburban,1919-1944,D,2,0,2,74.88,4,2,4,2.51,Cavity_Insulated,Suspended,Pitched,Double,Yes,Gas,Gas Boiler - Standard,Fire - Gas,Water,Normal (90-130l),0,1,0,null,null,5.5,71.6,11653,2697,0,50,3.41,,,,,,,,,,,,,,,,,,,,,,,,,,,,,,,,,,,,,,,,,,,,,,,,,,,,,,,,,,,,,,,,,,,,,,,,,,,,,,,
Warmworks,EOH1135,EH54,34,Working Full time (>30hrs),Professional,"50,001+",2020-08-26T00:00:00.000Z,Owner-Occupied,1,C1,01/10/2020,Warmworks,House,Detached,Suburban,1991-2000,C,2,1,2,179.75,8,4,8,2.44,Cavity_Insulated,Suspended,Pitched,Double,Yes,Gas,Gas Boiler - Standard,None,Water,Large (> 170l),0,0,0,4880,21554,8.4,58.8,22687,5094,637,55,3.63,,,,,,,,,,,,,,,,,,,,,,,,,,,,,,,,,,,,,,,,,,,,,,,,,,,,,,,,,,,,,,,,,,,,,,,,,,,,,,,
Warmworks,EOH0094,EH54,32,Working Full time (>30hrs),Manager,"50,001+",2020-08-26T00:00:00.000Z,Owner-Occupied,null,AB,01/10/2020,Warmworks,House,Semi-Detached,Suburban,1965-1980,D,2,0,2,180.47,7,5,7,2.6,Cavity_Insulated,Suspended,Pitched,Double,Yes,Gas,Gas Boiler - Standard,None,Water,Medium (131-170l),0,0,0,null,null,12.7,76.6,31281,4776,0,45,3.77,,,,,,,,,,,,,,,,,,,,,,,,,,,,,,,,,,,,,,,,,,,,,,,,,,,,,,,,,,,,,,,,,,,,,,,,,,,,,,,
Warmworks,EOH2460,EH12,41,Working Full time (>30hrs),Professional,"50,001+",2020-08-26T00:00:00.000Z,Owner-Occupied,5,C1,09/10/2020,Warmworks,House,Detached,Suburban,1991-2000,B,2,2,2,161.76,7,4,7,null,Cavity_Insulated,Suspended,Pitched,Double,Yes,Gas,Gas Boiler - Standard,None,Water,Medium (131-170l),0,0,0,1893,17567,null,null,null,null,null,null,null,,,,,,,,,,,,,,,,,,,,,,,,,,,,,,,,,,,,,,,,,,,,,,,,,,,,,,,,,,,,,,,,,,,,,,,,,,,,,,,
Warmworks,EOH2630,EH32,35,Working Full time (>30hrs),Supervisor,"50,001+",2020-08-27T00:00:00.000Z,Owner-Occupied,2,C1,18/09/2020,Warmworks,House,Detached,Suburban,1991-2000,C,2,2,2,154.29,8,4,8,2.45,Cavity_Insulated,Suspended,Pitched,Double,Yes,Gas,Gas Boiler - Standard,None,Water,Large (> 170l),0,0,1,null,null,11,68.4,26436,4495,156,45,3.97,,,,,,,,,,,,,,,,,,,,,,,,,,,,,,,,,,,,,,,,,,,,,,,,,,,,,,,,,,,,,,,,,,,,,,,,,,,,,,,
Warmworks,EOH0647,EH33,52,Working Part time,Clerical,Prefer not to say,2020-08-27T00:00:00.000Z,Owner-Occupied,3,C1,25/11/2020,Warmworks,House,Semi-Detached,Suburban,1945-1964,D,2,1,2,93.72,4,3,4,2.8,Cavity_Insulated,Suspended,Pitched,Double,Yes,Gas,Gas Boiler - Standard,None,Water,Normal (90-130l),0,0,1,null,null,6.3,69.7,19273,3566,1237,null,null,,,,,,,,,,,,,,,,,,,,,,,,,,,,,,,,,,,,,,,,,,,,,,,,,,,,,,,,,,,,,,,,,,,,,,,,,,,,,,,
Warmworks,EOH2216,EH12,47,Working Full time (>30hrs),Professional,"50,001+",2020-08-27T00:00:00.000Z,Owner-Occupied,7,AB,09/11/2020,Warmworks,House,Detached,Suburban,2001+,A,2,0,2,137.99,6,4,6,null,Cavity_Insulated,Solid,Pitched,Double,Yes,Gas,Gas Boiler - Standard,None,Water,Medium (131-170l),0,0,1,null,null,7.4,71,18775,4495,156,null,null,,,,,,,,,,,,,,,,,,,,,,,,,,,,,,,,,,,,,,,,,,,,,,,,,,,,,,,,,,,,,,,,,,,,,,,,,,,,,,,
Warmworks,EOH2634,EH26,67,Retired,Pensioner,"30,001 - 40,000",2020-08-27T00:00:00.000Z,Owner-Occupied,22,DE,20/10/2020,Warmworks,House,Detached,Urban,1991-2000,A,2,1,2,243.6,8,4,8,null,Cavity_Insulated,Suspended,Pitched,Double,Yes,Gas,Gas Boiler - Standard,None,Water,Normal (90-130l),0,0,1,null,null,12.6,64.2,28332,5394,3082,45,3.48,,,,,,,,,,,,,,,,,,,,,,,,,,,,,,,,,,,,,,,,,,,,,,,,,,,,,,,,,,,,,,,,,,,,,,,,,,,,,,,
Warmworks,EOH2881,EH15,56,Working Part time,Clerical,Prefer not to say,2020-08-28T00:00:00.000Z,Owner-Occupied,15,C2,14/10/2020,Warmworks,House,Detached,Suburban,1919-1944,D,4,0,2,144.39,7,4,7,null,Cavity_Insulated,Suspended,Pitched,Double,Yes,Gas,Gas Boiler - Standard,Fire - Gas,Water,Large (> 170l),0,1,0,null,null,null,null,null,null,null,null,null,,,,,,,,,,,,,,,,,,,,,,,,,,,,,,,,,,,,,,,,,,,,,,,,,,,,,,,,,,,,,,,,,,,,,,,,,,,,,,,
Warmworks,EOH0857,KY16,37,Working Full time (>30hrs),Manager,"50,001+",2020-08-28T00:00:00.000Z,Owner-Occupied,1,AB,18/10/2020,Warmworks,House,End-Terrace,Suburban,1965-1980,D,2,2,2,97.28,5,3,5,null,Cavity_Insulated,Suspended,Pitched,Double,Yes,Gas,Gas Boiler - Standard,None,Water,Normal (90-130l),0,0,0,3747,11362,5.4,82,15764,3566,1237,55,3.39,,,,,,,,,,,,,,,,,,,,,,,,,,,,,,,,,,,,,,,,,,,,,,,,,,,,,,,,,,,,,,,,,,,,,,,,,,,,,,,
Warmworks,EOH0379,EH39,40,Working Full time (>30hrs),Professional,"30,001 - 40,000",2020-08-28T00:00:00.000Z,Owner-Occupied,5,C1,03/11/2020,Warmworks,House,Detached,Suburban,1991-2000,C,2,2,2,133.34,8,4,8,null,Cavity_Insulated,Suspended,Pitched,Double,Yes,Gas,Gas Boiler - Standard,None,Water,Large (> 170l),0,0,1,null,null,7.8,63.2,23691,4457,1365,55,3.63,,,,,,,,,,,,,,,,,,,,,,,,,,,,,,,,,,,,,,,,,,,,,,,,,,,,,,,,,,,,,,,,,,,,,,,,,,,,,,,
Warmworks,EOH2752,EH52,42,Working Full time (>30hrs),Professional,Prefer not to say,2020-08-28T00:00:00.000Z,Owner-Occupied,1,C2,03/12/2020,Warmworks,House,Detached,Urban,2001+,B,2,2,2,130.74,7,4,7,2.33,Cavity_Insulated,Solid,Pitched,Double,Yes,Gas,Gas Boiler - Standard,None,Water,Large (> 170l),0,0,1,3627,null,null,null,null,null,null,null,null,,,,,,,,,,,,,,,,,,,,,,,,,,,,,,,,,,,,,,,,,,,,,,,,,,,,,,,,,,,,,,,,,,,,,,,,,,,,,,,
Warmworks,EOH2808,EH42,55,Working Full time (>30hrs),Manager,"40,001 - 50,000",2020-08-29T00:00:00.000Z,Owner-Occupied,2,AB,14/12/2020,Warmworks,House,Detached,Suburban,1965-1980,D,2,1,1,107.13,5,3,5,2.4,Cavity_No_insulation,Suspended,Pitched,Double,Yes,Gas,Gas Boiler - Standard,None,Water,Normal (90-130l),0,0,0,null,null,8,78.3,21873,3937,0,45,4.14,,,,,,,,,,,,,,,,,,,,,,,,,,,,,,,,,,,,,,,,,,,,,,,,,,,,,,,,,,,,,,,,,,,,,,,,,,,,,,,
Warmworks,EOH0172,EH42,45,Working Full time (>30hrs),Manager,"50,001+",2020-08-29T00:00:00.000Z,Owner-Occupied,17,AB,22/09/2020,Warmworks,House,Detached,Suburban,2001+,B,2,2,2,166.26,6,4,6,2.6,Cavity_Insulated,Solid,Pitched,Double,Yes,Gas,Gas Boiler - Standard,None,Water,Medium (131-170l),0,0,1,null,null,9.1,79,24938,4776,0,50,3.92,,,,,,,,,,,,,,,,,,,,,,,,,,,,,,,,,,,,,,,,,,,,,,,,,,,,,,,,,,,,,,,,,,,,,,,,,,,,,,,
Warmworks,EOH1212,EH48,46,Working Full time (>30hrs),Manager,"50,001+",2020-09-01T00:00:00.000Z,Owner-Occupied,18,C1,02/12/2020,Warmworks,House,Detached,Urban,2001+,C,2,2,2,186.29,7,4,7,2.38,Cavity_Insulated,Solid,Pitched,Double,Yes,Gas,Gas Boiler - Standard,Fire - Gas,Water,Large (> 170l),0,1,0,6289,32816,null,null,null,null,null,null,null,,,,,,,,,,,,,,,,,,,,,,,,,,,,,,,,,,,,,,,,,,,,,,,,,,,,,,,,,,,,,,,,,,,,,,,,,,,,,,,
Warmworks,EOH0082,EH21,55,Working Full time (>30hrs),Clerical,"40,001 - 50,000",2020-09-01T00:00:00.000Z,Owner-Occupied,2,C1,15/11/2020,Warmworks,House,Detached,Suburban,2001+,C,3,0,3,126.4,6,4,6,2.27,Cavity_Insulated,Solid,Pitched,Double,Yes,Gas,Gas Boiler - Standard,Fire - Gas,Water,Large (> 170l),0,1,1,null,null,6.2,53.6,18895,3566,1237,45,4.14,,,,,,,,,,,,,,,,,,,,,,,,,,,,,,,,,,,,,,,,,,,,,,,,,,,,,,,,,,,,,,,,,,,,,,,,,,,,,,,
Warmworks,EOH1060,EH10,59,Retired,Pensioner,Prefer not to say,2020-09-01T00:00:00.000Z,Owner-Occupied,22,DE,30/10/2020,Warmworks,House,Detached,Suburban,1991-2000,C,2,1,2,150.19,7,4,7,null,Cavity_Insulated,Suspended,Pitched,Double,Yes,Gas,Gas Boiler - Standard,None,Water,Medium (131-170l),1,0,0,4444,21046,null,null,null,null,null,null,null,,,,,,,,,,,,,,,,,,,,,,,,,,,,,,,,,,,,,,,,,,,,,,,,,,,,,,,,,,,,,,,,,,,,,,,,,,,,,,,
Warmworks,EOH0294,KY8,54,Working Full time (>30hrs),Manager,"50,001+",2020-09-01T00:00:00.000Z,Owner-Occupied,20,AB,13/10/2020,Warmworks,House,Semi-Detached,Suburban,1945-1964,A,2,2,3,299.17,8,4,8,null,Cavity_Insulated,Suspended,Pitched,Double,Yes,Gas,Gas Boiler - Standard,None,Water,Large (> 170l),0,0,0,null,null,11.1,66.2,29194,6293,3,null,null,,,,,,,,,,,,,,,,,,,,,,,,,,,,,,,,,,,,,,,,,,,,,,,,,,,,,,,,,,,,,,,,,,,,,,,,,,,,,,,
Warmworks,EOH1923,EH45,70,Retired,Pensioner,Prefer not to say,2020-09-02T00:00:00.000Z,Owner-Occupied,5,DE,28/10/2020,Warmworks,House,Detached,Rural,1965-1980,C,2,0,2,202.36,5,3,5,null,Cavity_Insulated,Suspended,Pitched,Double,Yes,Gas,Gas Boiler - Standard,Gas Boiler - Standard,Water,Medium (131-170l),4,0,0,null,null,null,null,null,null,null,null,null,,,,,,,,,,,,,,,,,,,,,,,,,,,,,,,,,,,,,,,,,,,,,,,,,,,,,,,,,,,,,,,,,,,,,,,,,,,,,,,
Warmworks,EOH2666,EH10,82,Retired,Skilled Manual Worker,"30,001 - 40,000",2020-09-02T00:00:00.000Z,Owner-Occupied,20,DE,02/10/2020,Warmworks,House,End-Terrace,Suburban,1991-2000,C,2,0,2,127.9,6,4,6,null,Cavity_Insulated,Suspended,Pitched,Double,Yes,Gas,Gas Boiler - Standard,None,Water,Normal (90-130l),0,0,0,2667,16928,null,null,null,null,null,null,null,,,,,,,,,,,,,,,,,,,,,,,,,,,,,,,,,,,,,,,,,,,,,,,,,,,,,,,,,,,,,,,,,,,,,,,,,,,,,,,
Warmworks,EOH2962,EH14,61,Retired,Clerical,Prefer not to say,2020-09-02T00:00:00.000Z,Owner-Occupied,15,C1,14/12/2020,Everwarm,House,Detached,Suburban,1965-1980,C,3,0,2,208.83,8,5,8,2.38,Cavity_Insulated,Suspended,Pitched,Double,Yes,Gas,Gas Boiler - Standard,Fire - Wood,Water,Normal (90-130l),0,0,0,4700,null,11.9,72.3,29106,5731,0,45,3.77,,,,,,,,,,,,,,,,,,,,,,,,,,,,,,,,,,,,,,,,,,,,,,,,,,,,,,,,,,,,,,,,,,,,,,,,,,,,,,,
Warmworks,EOH1852,EH32,37,Working Full time (>30hrs),Skilled Manual Worker,"50,001+",2020-09-03T00:00:00.000Z,Owner-Occupied,6,C2,08/10/2020,Warmworks,House,Detached,Suburban,1981-1990,C,2,2,2,154.54,8,4,8,null,Cavity_No_insulation,Suspended,Pitched,Double,Yes,Gas,Gas Boiler - Standard,None,Water,Normal (90-130l),0,0,1,null,null,12.1,80.2,30840,4776,0,45,3.77,,,,,,,,,,,,,,,,,,,,,,,,,,,,,,,,,,,,,,,,,,,,,,,,,,,,,,,,,,,,,,,,,,,,,,,,,,,,,,,
Warmworks,EOH2791,FK3,61,Retired,Manager,"30,001 - 40,000",2020-09-05T00:00:00.000Z,Owner-Occupied,13,DE,23/03/2021,Warmworks,House,Detached,Suburban,1991-2000,B,3,0,2,217.7,8,5,8,2.35,Cavity_Insulated,Suspended,Pitched,Double,Yes,Gas,Gas Boiler - Standard,None,Water,Medium (131-170l),0,0,0,null,null,null,null,null,null,null,null,null,,,,,,,,,,,,,,,,,,,,,,,,,,,,,,,,,,,,,,,,,,,,,,,,,,,,,,,,,,,,,,,,,,,,,,,,,,,,,,,
Warmworks,EOH0575,EH25,34,Working Full time (>30hrs),Semi and unskilled manual worker,Prefer not to say,2020-09-06T00:00:00.000Z,Owner-Occupied,1,C2,05/10/2020,Warmworks,House,Detached,Suburban,1945-1964,D,2,2,1,74.71,4,4,4,null,Cavity_No_insulation,Solid,Pitched,Double,Yes,Gas,Gas Boiler - Standard,None,Water,Normal (90-130l),0,0,1,1783,11718,5.3,81.1,14458,3821,0,null,null,,,,,,,,,,,,,,,,,,,,,,,,,,,,,,,,,,,,,,,,,,,,,,,,,,,,,,,,,,,,,,,,,,,,,,,,,,,,,,,
Warmworks,EOH2218,EH29,43,Working Part time,Semi and unskilled manual worker,"30,001 - 40,000",2020-09-06T00:00:00.000Z,Owner-Occupied,1,C2,22/09/2020,Warmworks,House,Semi-Detached,Suburban,1965-1980,D,2,2,2,80.58,4,3,4,2.3,Cavity_Insulated,Solid,Pitched,Double,Yes,Gas,Gas Boiler - Standard,Fire - Gas,Water,Normal (90-130l),0,1,0,null,null,null,null,null,null,null,null,null,,,,,,,,,,,,,,,,,,,,,,,,,,,,,,,,,,,,,,,,,,,,,,,,,,,,,,,,,,,,,,,,,,,,,,,,,,,,,,,
Warmworks,EOH0222,EH39,66,Retired,Pensioner,Prefer not to say,2020-09-06T00:00:00.000Z,Owner-Occupied,20,DE,25/11/2020,Warmworks,House,Detached,Suburban,2001+,C,3,0,2,104.34,6,4,6,2.36,Cavity_Insulated,Suspended,Pitched,Double,Yes,Gas,Gas Boiler - Standard,None,Water,Normal (90-130l),0,0,1,null,null,5.9,59.2,17619,4457,1365,55,3.39,,,,,,,,,,,,,,,,,,,,,,,,,,,,,,,,,,,,,,,,,,,,,,,,,,,,,,,,,,,,,,,,,,,,,,,,,,,,,,,
Warmworks,EOH3087,EH13,49,Working Full time (>30hrs),Manager,"50,001+",2020-09-06T00:00:00.000Z,Owner-Occupied,9,AB,27/10/2020,Warmworks,House,Mid-Terrace,Suburban,1981-1990,C,2,1,3,121.1,6,3,6,null,Cavity_No_insulation,Suspended,Pitched,Double,Yes,Gas,Gas Boiler - Standard,None,Water,Normal (90-130l),0,0,0,null,null,null,null,null,null,null,null,null,,,,,,,,,,,,,,,,,,,,,,,,,,,,,,,,,,,,,,,,,,,,,,,,,,,,,,,,,,,,,,,,,,,,,,,,,,,,,,,
Warmworks,EOH0529,TD6,83,Retired,Pensioner,"30,001 - 40,000",2020-09-07T00:00:00.000Z,Owner-Occupied,11,DE,14/10/2020,Warmworks,House,Detached,Urban,1981-1990,B,2,0,2,184.99,7,4,7,null,Cavity_No_insulation,Suspended,Pitched,Double,Yes,Gas,Gas Boiler - Standard,None,Water,Medium (131-170l),0,0,0,1543,33881,9.7,131.4,29007,5679,0,null,null,,,,,,,,,,,,,,,,,,,,,,,,,,,,,,,,,,,,,,,,,,,,,,,,,,,,,,,,,,,,,,,,,,,,,,,,,,,,,,,
Warmworks,EOH1976,EH14,44,Working Full time (>30hrs),Skilled Manual Worker,"50,001+",2020-09-08T00:00:00.000Z,Owner-Occupied,6,C2,14/12/2020,Everwarm,House,Detached,Suburban,1965-1980,B,2,2,2,160.72,6,5,6,2.43,Cavity_Insulated,Suspended,Pitched,Double,Yes,Gas,Gas Boiler - Standard,Fire - Wood,Water,Normal (90-130l),0,0,1,null,null,9.7,68.4,23664,5731,0,null,null,,,,,,,,,,,,,,,,,,,,,,,,,,,,,,,,,,,,,,,,,,,,,,,,,,,,,,,,,,,,,,,,,,,,,,,,,,,,,,,
Warmworks,EOH1896,EH10,82,Retired,Pensioner,Prefer not to say,2020-09-09T00:00:00.000Z,Owner-Occupied,49,DE,30/09/2020,Warmworks,House,Detached,Suburban,1945-1964,B,1,0,2,171.21,7,4,7,2.65,Cavity_Insulated,Suspended,Pitched,Double,Yes,Gas,Gas Boiler - Standard,None,Water,Medium (131-170l),0,0,1,725,13937,null,null,null,null,null,null,null,,,,,,,,,,,,,,,,,,,,,,,,,,,,,,,,,,,,,,,,,,,,,,,,,,,,,,,,,,,,,,,,,,,,,,,,,,,,,,,
Warmworks,EOH1186,KY6,58,Working Full time (>30hrs),Skilled Manual Worker,Prefer not to say,2020-09-11T00:00:00.000Z,Owner-Occupied,16,C2,12/10/2020,Warmworks,House,Detached,Suburban,1965-1980,C,2,1,2,113.15,5,3,5,null,Cavity_Insulated,Suspended,Pitched,Double,Yes,Gas,Gas Boiler - Standard,None,Water,Medium (131-170l),0,0,1,null,null,9.6,87.3,18075,3596,156,50,3.92,,,,,,,,,,,,,,,,,,,,,,,,,,,,,,,,,,,,,,,,,,,,,,,,,,,,,,,,,,,,,,,,,,,,,,,,,,,,,,,
Warmworks,EOH0428,EH52,47,Working Full time (>30hrs),Manager,"50,001+",2020-09-13T00:00:00.000Z,Owner-Occupied,5,C2,18/11/2020,Warmworks,House,Detached,Rural,2001+,C,2,2,2,105.89,6,4,6,2.35,Cavity_Insulated,Solid,Pitched,Double,Yes,Gas,Gas Boiler - Standard,None,Water,Large (> 170l),0,0,1,null,null,null,null,null,null,null,null,null,,,,,,,,,,,,,,,,,,,,,,,,,,,,,,,,,,,,,,,,,,,,,,,,,,,,,,,,,,,,,,,,,,,,,,,,,,,,,,,
Warmworks,EOH0286,EH22,56,Retired,Pensioner,"25,001 - 30,000",2020-09-14T00:00:00.000Z,Owner-Occupied,16,DE,19/11/2020,Warmworks,House,Detached,Rural,2001+,C,2,0,2,161.08,7,4,7,2.42,Cavity_Insulated,Suspended,Pitched,Double,Yes,Gas,Gas Boiler - Standard,Electric - Direct,Water,Normal (90-130l),0,0,0,null,null,9.1,60.4,25896,4457,1365,55,3.63,,,,,,,,,,,,,,,,,,,,,,,,,,,,,,,,,,,,,,,,,,,,,,,,,,,,,,,,,,,,,,,,,,,,,,,,,,,,,,,
Warmworks,EOH0453,EH39,41,Working Part time,Professional,Prefer not to say,2020-09-14T00:00:00.000Z,Owner-Occupied,1,AB,25/11/2020,Warmworks,House,Detached,Rural,2001+,B,2,2,2,159.29,7,4,7,2.44,Cavity_Insulated,Solid,Pitched,Double,Yes,Gas,Gas Boiler - Standard,None,Water,Large (> 170l),0,0,0,null,null,null,null,null,null,null,null,null,,,,,,,,,,,,,,,,,,,,,,,,,,,,,,,,,,,,,,,,,,,,,,,,,,,,,,,,,,,,,,,,,,,,,,,,,,,,,,,
Warmworks,EOH1774,EH5,62,Stay at home parent,Unemployed/Benefits,"50,001+",2020-09-14T00:00:00.000Z,Owner-Occupied,10,DE,02/10/2020,Warmworks,House,Detached,Urban,1981-1990,C,2,2,2,167.99,8,5,8,null,Cavity_Insulated,Suspended,Pitched,Double,Yes,Gas,Gas Boiler - Standard,Fire - Gas,Water,Normal (90-130l),0,0,1,null,null,null,null,null,null,null,null,null,,,,,,,,,,,,,,,,,,,,,,,,,,,,,,,,,,,,,,,,,,,,,,,,,,,,,,,,,,,,,,,,,,,,,,,,,,,,,,,
Warmworks,EOH0248,EH39,57,Working Full time (>30hrs),Skilled Manual Worker,"40,001 - 50,000",2020-09-15T00:00:00.000Z,Owner-Occupied,16,C2,20/10/2020,Warmworks,House,Mid-Terrace,Urban,1945-1964,D,3,0,2,91.98,5,3,5,null,Cavity_Insulated,Suspended,Pitched,Double,Yes,Gas,Gas Boiler - Standard,Fire - Gas,Water,Normal (90-130l),0,1,1,null,null,4.7,60,14317,4075,2329,45,4.14,,,,,,,,,,,,,,,,,,,,,,,,,,,,,,,,,,,,,,,,,,,,,,,,,,,,,,,,,,,,,,,,,,,,,,,,,,,,,,,
Warmworks,EOH2079,EH14,37,Working Full time (>30hrs),Clerical,"50,001+",2020-09-16T00:00:00.000Z,Owner-Occupied,1,C1,20/10/2020,Warmworks,House,End-Terrace,Suburban,1965-1980,D,2,0,2,84.63,3,2,3,null,Cavity_Insulated,Suspended,Pitched,Double,Yes,Gas,Gas Boiler - Standard,None,Water,Normal (90-130l),0,0,0,null,null,4.6,82,13565,2674,1492,55,3.39,,,,,,,,,,,,,,,,,,,,,,,,,,,,,,,,,,,,,,,,,,,,,,,,,,,,,,,,,,,,,,,,,,,,,,,,,,,,,,,
Warmworks,EOH2984,EH14,66,Retired,Pensioner,Prefer not to say,2020-09-16T00:00:00.000Z,Owner-Occupied,9,C1,24/05/2021,Warmworks,House,Detached,Suburban,1965-1980,E,2,0,2,199.55,6,4,6,2.6,Cavity_Insulated,Suspended,Pitched,Double,Yes,Gas,Gas Boiler - Standard,None,Water,Normal (90-130l),0,0,1,null,null,null,null,null,null,null,null,null,,,,,,,,,,,,,,,,,,,,,,,,,,,,,,,,,,,,,,,,,,,,,,,,,,,,,,,,,,,,,,,,,,,,,,,,,,,,,,,
Warmworks,EOH1416,EH14,57,Retired,Pensioner,Prefer not to say,2020-09-16T00:00:00.000Z,Owner-Occupied,23,DE,01/10/2020,Warmworks,House,Detached,Suburban,1991-2000,D,3,0,2,163.98,7,5,7,2.4,Cavity_Insulated,Suspended,Pitched,Double,Yes,Gas,Gas Boiler - Standard,Fire - Gas,Water,Normal (90-130l),0,0,1,null,null,12.1,80,32527,4776,0,null,null,,,,,,,,,,,,,,,,,,,,,,,,,,,,,,,,,,,,,,,,,,,,,,,,,,,,,,,,,,,,,,,,,,,,,,,,,,,,,,,
Warmworks,EOH2306,EH39,65,Retired,Skilled Manual Worker,Prefer not to say,2020-09-16T00:00:00.000Z,Owner-Occupied,7,DE,14/10/2020,Warmworks,House,Detached,Suburban,1991-2000,B,2,0,2,117.66,6,3,6,null,Cavity_Insulated,Suspended,Pitched,Double,Yes,Gas,Gas Boiler - Standard,Fire - Wood,Water,Large (> 170l),0,0,0,2697,12238,6.4,86,21147,3821,0,null,null,,,,,,,,,,,,,,,,,,,,,,,,,,,,,,,,,,,,,,,,,,,,,,,,,,,,,,,,,,,,,,,,,,,,,,,,,,,,,,,
Warmworks,EOH0164,EH14,48,Working Part time,Casual worker,Prefer not to say,2020-09-16T00:00:00.000Z,Owner-Occupied,11,DE,29/10/2020,Warmworks,House,Detached,Suburban,2001+,C,2,0,2,233.2,10,5,10,null,Cavity_Insulated,Solid,Pitched,Double,Yes,Gas,Gas Boiler - Standard,Fire - Gas,Water,Large (> 170l),0,1,0,null,null,null,null,null,null,null,null,null,,,,,,,,,,,,,,,,,,,,,,,,,,,,,,,,,,,,,,,,,,,,,,,,,,,,,,,,,,,,,,,,,,,,,,,,,,,,,,,
Warmworks,EOH0834,EH14,55,Working Full time (>30hrs),Clerical,"50,001+",2020-09-17T00:00:00.000Z,Owner-Occupied,25,C1,09/11/2020,Warmworks,Maisonette,Flat,Urban,1919-1944,D,2,0,1,69.65,4,2,4,null,Cavity_Insulated,Solid,Pitched,Double,Yes,Gas,Gas Boiler - Standard,Fire - Gas,Water,Normal (90-130l),0,0,0,null,null,null,null,null,null,null,null,null,,,,,,,,,,,,,,,,,,,,,,,,,,,,,,,,,,,,,,,,,,,,,,,,,,,,,,,,,,,,,,,,,,,,,,,,,,,,,,,
Warmworks,EOH1047,KY9,62,Working Full time (>30hrs),Skilled Manual Worker,"16,201 - 20,000",2020-09-18T00:00:00.000Z,Owner-Occupied,0.4,C2,19/10/2020,Warmworks,House,Mid-Terrace,Urban,Pre 1919,D,2,0,2,122.34,4,3,4,null,Cavity_No_insulation,Suspended,Pitched,Single,Yes,Gas,Gas Boiler - Standard,None,Water,Medium (131-170l),0,0,0,null,null,null,null,null,null,null,null,null,,,,,,,,,,,,,,,,,,,,,,,,,,,,,,,,,,,,,,,,,,,,,,,,,,,,,,,,,,,,,,,,,,,,,,,,,,,,,,,
Warmworks,EOH3078,EH39,41,Working Part time,Skilled Manual Worker,"50,001+",2020-09-19T00:00:00.000Z,Owner-Occupied,11,C1,07/10/2020,Warmworks,House,Semi-Detached,Suburban,Pre 1919,C,2,3,2,159.52,6,3,6,null,Cavity_No_insulation,Suspended,Pitched,Double,Yes,Gas,Gas Boiler - Standard,Gas Boiler - Standard,Water,Normal (90-130l),1,0,0,null,null,null,null,null,null,null,null,null,,,,,,,,,,,,,,,,,,,,,,,,,,,,,,,,,,,,,,,,,,,,,,,,,,,,,,,,,,,,,,,,,,,,,,,,,,,,,,,
Warmworks,EOH0320,EH53,36,Working Full time (>30hrs),Professional,"50,001+",2020-09-20T00:00:00.000Z,Owner-Occupied,2,AB,16/12/2020,Warmworks,House,Detached,Suburban,1965-1980,C,2,1,2,158.28,7,4,7,2.5,Cavity_Insulated,Suspended,Pitched,Double,Yes,Gas,Gas Boiler - Standard,Gas Boiler - Combi,Water,Normal (90-130l),0,1,1,4384,26171,null,null,null,null,null,null,null,,,,,,,,,,,,,,,,,,,,,,,,,,,,,,,,,,,,,,,,,,,,,,,,,,,,,,,,,,,,,,,,,,,,,,,,,,,,,,,
Warmworks,EOH0922,EH26,45,Working Full time (>30hrs),Skilled Manual Worker,Prefer not to say,2020-09-20T00:00:00.000Z,Owner-Occupied,4,C2,16/12/2020,Warmworks,House,Detached,Suburban,1965-1980,D,2,2,1,92.84,5,3,5,2.47,Cavity_Insulated,Suspended,Pitched,Double,Yes,Gas,Gas Boiler - Standard,Fire - Gas,Water,Normal (90-130l),0,1,0,5683,null,6.3,79.9,20350,3566,1237,55,3.39,,,,,,,,,,,,,,,,,,,,,,,,,,,,,,,,,,,,,,,,,,,,,,,,,,,,,,,,,,,,,,,,,,,,,,,,,,,,,,,
Warmworks,EOH0065,EH29,41,Working Full time (>30hrs),Professional,"50,001+",2020-09-24T00:00:00.000Z,Owner-Occupied,14,C1,01/12/2020,Warmworks,House,Detached,Suburban,2001+,C,2,0,2,93.8,4,3,4,2.37,Cavity_Insulated,Solid,Pitched,Double,Yes,Gas,Gas Boiler - Standard,Fire - Wood,Water,Large (> 170l),0,0,0,3659,10995,5,63.8,13869,3821,0,50,3.65,,,,,,,,,,,,,,,,,,,,,,,,,,,,,,,,,,,,,,,,,,,,,,,,,,,,,,,,,,,,,,,,,,,,,,,,,,,,,,,
Warmworks,EOH0043,EH49,42,Working Full time (>30hrs),Professional,Prefer not to say,2020-09-25T00:00:00.000Z,Owner-Occupied,6,AB,05/11/2020,Warmworks,House,Detached,Suburban,1991-2000,B,2,2,2,163.87,7,4,7,null,Cavity_Insulated,Suspended,Pitched,Double,Yes,Gas,Gas Boiler - Standard,Fire - Wood,Water,Large (> 170l),0,0,0,null,null,8.4,60.4,23842,4457,2547,55,3.58,,,,,,,,,,,,,,,,,,,,,,,,,,,,,,,,,,,,,,,,,,,,,,,,,,,,,,,,,,,,,,,,,,,,,,,,,,,,,,,
Warmworks,EOH1153,PH10,36,Working Full time (>30hrs),Professional,"50,001+",2020-09-26T00:00:00.000Z,Owner-Occupied,2,AB,11/05/2021,Warmworks,House,Detached,Suburban,Pre 1919,D,2,2,2,256.48,9,5,9,2.91,Cavity_No_insulation,Suspended,Pitched,Double,Yes,Gas,Gas Boiler - Standard,None,Water,Medium (131-170l),0,0,0,null,null,null,null,null,null,null,null,null,,,,,,,,,,,,,,,,,,,,,,,,,,,,,,,,,,,,,,,,,,,,,,,,,,,,,,,,,,,,,,,,,,,,,,,,,,,,,,,
Warmworks,EOH1912,EH52,63,Working Full time (>30hrs),Supervisor,"50,001+",2020-09-26T00:00:00.000Z,Owner-Occupied,12,DE,23/10/2020,Warmworks,House,Detached,Rural,2001+,C,2,0,2,122.4,6,4,6,null,Cavity_Insulated,Solid,Pitched,Double,Yes,Gas,Gas Boiler - Standard,None,Water,Normal (90-130l),0,0,1,null,null,7.5,67.8,18663,4776,0,null,null,,,,,,,,,,,,,,,,,,,,,,,,,,,,,,,,,,,,,,,,,,,,,,,,,,,,,,,,,,,,,,,,,,,,,,,,,,,,,,,
Warmworks,EOH2010,EH10,40,Working Full time (>30hrs),Professional,"50,001+",2020-09-28T00:00:00.000Z,Owner-Occupied,4,C1,14/12/2020,Everwarm,House,Detached,Urban,1965-1980,D,2,3,2,175.98,7,4,7,2.37,Cavity_No_insulation,Suspended,Pitched,Double,Yes,Gas,Gas Boiler - Standard,Fire - Gas,Water,Normal (90-130l),0,1,1,null,null,10.2,72.9,29055,4457,1365,null,null,,,,,,,,,,,,,,,,,,,,,,,,,,,,,,,,,,,,,,,,,,,,,,,,,,,,,,,,,,,,,,,,,,,,,,,,,,,,,,,
Warmworks,EOH2548,EH33,61,Retired,Pensioner,"30,001 - 40,000",2020-09-29T00:00:00.000Z,Owner-Occupied,16,DE,21/04/2021,Warmworks,House,Detached,Suburban,2001+,C,2,0,2,280.88,12,5,12,2.68,Cavity_Insulated,Suspended,Pitched,Double,Yes,Gas,Gas Boiler - Standard,Fire - Gas,Water,Large (> 170l),0,1,1,null,null,null,null,null,null,null,null,null,,,,,,,,,,,,,,,,,,,,,,,,,,,,,,,,,,,,,,,,,,,,,,,,,,,,,,,,,,,,,,,,,,,,,,,,,,,,,,,
Warmworks,EOH0877,EH45,45,Working Full time (>30hrs),Professional,Prefer not to say,2020-09-30T00:00:00.000Z,Owner-Occupied,6,AB,23/10/2020,Warmworks,House,Semi-Detached,Rural,1965-1980,D,2,1,2,154.38,6,4,6,null,Cavity_Insulated,Suspended,Pitched,Double,No,Wood,Biomass Boiler,Fire - Wood,Water,Large (> 170l),0,1,0,null,null,null,null,null,null,null,null,null,,,,,,,,,,,,,,,,,,,,,,,,,,,,,,,,,,,,,,,,,,,,,,,,,,,,,,,,,,,,,,,,,,,,,,,,,,,,,,,
Warmworks,EOH1042,EH26,43,Working Full time (>30hrs),Manager,"50,001+",2020-09-30T00:00:00.000Z,Owner-Occupied,null,AB,11/12/2020,Warmworks,House,Detached,Suburban,1965-1980,E,2,0,2,89.32,5,3,5,2.33,Cavity_Insulated,Suspended,Pitched,Double,Yes,Gas,Gas Boiler - Standard,Fire - Gas,Water,Normal (90-130l),0,1,0,null,null,5.8,75.5,17317,3566,1237,55,3.39,,,,,,,,,,,,,,,,,,,,,,,,,,,,,,,,,,,,,,,,,,,,,,,,,,,,,,,,,,,,,,,,,,,,,,,,,,,,,,,
Warmworks,EOH1666,EH26,52,Retired,Pensioner,Prefer not to say,2020-09-30T00:00:00.000Z,Owner-Occupied,20,DE,30/10/2020,Warmworks,House,Detached,Rural,1991-2000,D,2,0,2,166.3,8,4,8,null,Cavity_Insulated,Suspended,Pitched,Double,No,Oil,Oil Boiler,Fire - Wood,Water,Medium (131-170l),1,0,0,null,null,11.9,60.5,28993,4495,156,45,4.21,,,,,,,,,,,,,,,,,,,,,,,,,,,,,,,,,,,,,,,,,,,,,,,,,,,,,,,,,,,,,,,,,,,,,,,,,,,,,,,
Warmworks,EOH3064,EH6,58,Working Full time (>30hrs),Casual worker,"30,001 - 40,000",2020-10-01T00:00:00.000Z,Owner-Occupied,30,C2,04/12/2020,Warmworks,House,Mid-Terrace,Urban,1991-2000,C,2,0,2,81.62,5,3,5,2.41,Cavity_Insulated,Suspended,Pitched,Double,Yes,Gas,Gas Boiler - Standard,Fire - Wood,Water,Normal (90-130l),0,0,1,null,null,null,null,null,null,null,null,null,,,,,,,,,,,,,,,,,,,,,,,,,,,,,,,,,,,,,,,,,,,,,,,,,,,,,,,,,,,,,,,,,,,,,,,,,,,,,,,
Warmworks,EOH1130,EH10,67,Retired,Pensioner,Prefer not to say,2020-10-02T00:00:00.000Z,Owner-Occupied,24,DE,06/11/2020,Warmworks,House,Detached,Suburban,1991-2000,B,2,2,2,181.11,6,4,6,null,Cavity_Insulated,Suspended,Pitched,Double,Yes,Gas,Gas Boiler - Standard,None,Water,Medium (131-170l),0,0,1,null,null,7,null,20580,3566,1237,null,null,,,,,,,,,,,,,,,,,,,,,,,,,,,,,,,,,,,,,,,,,,,,,,,,,,,,,,,,,,,,,,,,,,,,,,,,,,,,,,,
Warmworks,EOH1314,TD7,32,Working Full time (>30hrs),Professional,"50,001+",2020-10-02T00:00:00.000Z,Owner-Occupied,2,C2,05/05/2021,Warmworks,House,Detached,Rural,2001+,C,2,2,2,225.47,8,5,8,2.42,Cavity_Insulated,Suspended,Pitched,Double,No,Oil,Oil Boiler,None,Water,Large (> 170l),12,0,0,2900,null,null,null,null,null,null,null,null,,,,,,,,,,,,,,,,,,,,,,,,,,,,,,,,,,,,,,,,,,,,,,,,,,,,,,,,,,,,,,,,,,,,,,,,,,,,,,,
Warmworks,EOH3171,TD9,65,Retired,Pensioner,"20,001 - 25,000",2020-10-02T00:00:00.000Z,Owner-Occupied,6,DE,04/11/2020,Warmworks,House,Detached,Rural,Pre 1919,D,2,0,2,125.75,4,2,4,null,Cavity_No_insulation,Solid,Pitched,Double,No,Wood,Biomass Boiler,None,Water,No access,3,0,0,7287,null,null,null,null,null,null,null,null,,,,,,,,,,,,,,,,,,,,,,,,,,,,,,,,,,,,,,,,,,,,,,,,,,,,,,,,,,,,,,,,,,,,,,,,,,,,,,,
Warmworks,EOH2516,TD7,44,Working Part time,Clerical,"12,501 - 16,200",2020-10-02T00:00:00.000Z,Owner-Occupied,5,DE,05/05/2021,Warmworks,House,End-Terrace,Rural,1945-1964,E,2,2,2,98.9,5,3,5,2.5,Cavity_Insulated,Solid,Pitched,Double,No,Electricity,Electric - Storage,Electric - Direct,Water,Normal (90-130l),0,0,0,null,null,5.8,67,17615,3937,0,50,3.81,,,,,,,,,,,,,,,,,,,,,,,,,,,,,,,,,,,,,,,,,,,,,,,,,,,,,,,,,,,,,,,,,,,,,,,,,,,,,,,
Warmworks,EOH3184,TD7,68,Retired,Pensioner,Prefer not to say,2020-10-03T00:00:00.000Z,Owner-Occupied,7,DE,17/11/2020,Warmworks,House,Detached,Rural,Pre 1919,F,2,0,2,186.93,9,4,8,2.64,Cavity_No_insulation,Suspended,Pitched,Double,No,Wood,Fire - Wood,Fire - Wood,Water,Medium (131-170l),0,0,0,null,null,null,null,null,null,null,null,null,,,,,,,,,,,,,,,,,,,,,,,,,,,,,,,,,,,,,,,,,,,,,,,,,,,,,,,,,,,,,,,,,,,,,,,,,,,,,,,
Warmworks,EOH2742,TD7,51,Working Full time (>30hrs),Professional,Prefer not to say,2020-10-03T00:00:00.000Z,Owner-Occupied,18,C1,09/12/2020,Warmworks,House,Detached,Rural,1965-1980,D,3,0,2,160.12,8,4,7,2.42,Cavity_Insulated,Suspended,Pitched,Double,No,Oil,Oil Boiler,Fire - Wood,Water,Normal (90-130l),0,0,0,5461,null,10.9,77,25616,3821,0,null,null,,,,,,,,,,,,,,,,,,,,,,,,,,,,,,,,,,,,,,,,,,,,,,,,,,,,,,,,,,,,,,,,,,,,,,,,,,,,,,,
Warmworks,EOH2110,EH15,53,Working Full time (>30hrs),Professional,"25,001 - 30,000",2020-10-06T00:00:00.000Z,Owner-Occupied,9,C1,28/10/2020,Warmworks,Flat,Mid-Terrace,Urban,1919-1944,C,1,0,1,75.54,4,3,4,null,Cavity_Insulated,Solid,Another Dwelling Above,Double,Yes,Gas,Gas Boiler - Standard,Fire - Gas,Water,Normal (90-130l),0,0,1,null,null,null,null,null,null,null,null,null,,,,,,,,,,,,,,,,,,,,,,,,,,,,,,,,,,,,,,,,,,,,,,,,,,,,,,,,,,,,,,,,,,,,,,,,,,,,,,,
Warmworks,EOH1242,KY8,68,Retired,Pensioner,Prefer not to say,2020-10-06T00:00:00.000Z,Owner-Occupied,17,DE,02/11/2020,Warmworks,House,Semi-Detached,Suburban,1945-1964,C,2,1,2,75.2,4,3,4,null,Cavity_Insulated,Suspended,Pitched,Double,Yes,Gas,Gas Boiler - Standard,None,Water,No access,0,0,1,5423,null,9.1,96,24680,3596,0,45,3.91,,,,,,,,,,,,,,,,,,,,,,,,,,,,,,,,,,,,,,,,,,,,,,,,,,,,,,,,,,,,,,,,,,,,,,,,,,,,,,,
Warmworks,EOH2923,KY11,61,Working Full time (>30hrs),Professional,Prefer not to say,2020-10-06T00:00:00.000Z,Owner-Occupied,17,AB,17/12/2020,Warmworks,House,Detached,Suburban,2001+,C,2,1,2,112.58,4,2,4,2.4,Cavity_Insulated,Suspended,Pitched,Triple,Yes,Gas,Gas Boiler - Standard,None,Water,Large (> 170l),4,0,1,null,null,10,88.9,10010,3937,0,null,null,,,,,,,,,,,,,,,,,,,,,,,,,,,,,,,,,,,,,,,,,,,,,,,,,,,,,,,,,,,,,,,,,,,,,,,,,,,,,,,
Warmworks,EOH1363,EH42,35,Working Full time (>30hrs),Professional,"50,001+",2020-10-07T00:00:00.000Z,Owner-Occupied,null,C2,22/10/2020,Warmworks,House,Detached,Urban,1991-2000,C,2,1,2,140.97,6,4,6,null,Cavity_Insulated,Suspended,Pitched,Double,Yes,Gas,Gas Boiler - Standard,None,Water,Large (> 170l),0,0,1,3142,24400,10,85,27618,4776,0,50,3.92,,,,,,,,,,,,,,,,,,,,,,,,,,,,,,,,,,,,,,,,,,,,,,,,,,,,,,,,,,,,,,,,,,,,,,,,,,,,,,,
Warmworks,EOH2284,KY11,69,Working Full time (>30hrs),Professional,Prefer not to say,2020-10-08T00:00:00.000Z,Owner-Occupied,31,AB,20/10/2020,Warmworks,House,Detached,Suburban,1981-1990,B,2,0,2,279.85,9,5,9,null,Cavity_No_insulation,Suspended,Pitched,Double,Yes,Gas,Gas Boiler - Standard,Gas Boiler - Standard,Water,Normal (90-130l),0,0,1,4949,33129,null,null,null,null,null,null,null,,,,,,,,,,,,,,,,,,,,,,,,,,,,,,,,,,,,,,,,,,,,,,,,,,,,,,,,,,,,,,,,,,,,,,,,,,,,,,,
Warmworks,EOH2575,DD6,59,Working Full time (>30hrs),Professional,"50,001+",2020-10-09T00:00:00.000Z,Owner-Occupied,28,AB,11/05/2021,Warmworks,House,Detached,Rural,1991-2000,D,3,0,1,238.78,6,4,6,2.49,Cavity_Insulated,Suspended,Pitched,Double,No,LPG,LPG Boiler,Fire - Wood,Water,Large (> 170l),0,0,1,null,null,null,null,null,null,null,null,null,,,,,,,,,,,,,,,,,,,,,,,,,,,,,,,,,,,,,,,,,,,,,,,,,,,,,,,,,,,,,,,,,,,,,,,,,,,,,,,
Warmworks,EOH3187,EH33,52,Working Full time (>30hrs),Professional,"40,001 - 50,000",2020-10-09T00:00:00.000Z,Owner-Occupied,3,AB,06/12/2020,Warmworks,House,Detached,Urban,2001+,B,2,0,3,131.14,7,5,7,2.32,Cavity_Insulated,Solid,Pitched,Double,Yes,Gas,Gas Boiler - Standard,None,Water,Large (> 170l),0,0,0,1402,8000,null,null,null,null,null,null,null,,,,,,,,,,,,,,,,,,,,,,,,,,,,,,,,,,,,,,,,,,,,,,,,,,,,,,,,,,,,,,,,,,,,,,,,,,,,,,,
Warmworks,EOH1373,EH52,51,Working Full time (>30hrs),Professional,"40,001 - 50,000",2020-10-09T00:00:00.000Z,Owner-Occupied,17,AB,28/10/2020,Warmworks,House,Detached,Rural,Pre 1919,E,2,3,2,292.46,8,5,8,null,Cavity_No_insulation,Solid,Pitched,Double,No,LPG,LPG Boiler,Fire - Wood,Water,Large (> 170l),2,0,1,8600,null,null,null,null,null,null,null,null,,,,,,,,,,,,,,,,,,,,,,,,,,,,,,,,,,,,,,,,,,,,,,,,,,,,,,,,,,,,,,,,,,,,,,,,,,,,,,,
Warmworks,EOH0633,EH52,42,Working Part time,Clerical,"50,001+",2020-10-10T00:00:00.000Z,Owner-Occupied,4,C1,08/12/2020,Warmworks,House,Detached,Rural,2001+,C,2,2,2,175.34,8,5,8,2.4,Cavity_Insulated,Solid,Pitched,Double,Yes,Gas,Gas Boiler - Standard,Electric - Direct,Water,Large (> 170l),0,0,1,null,null,11.2,null,28079,4776,0,null,null,,,,,,,,,,,,,,,,,,,,,,,,,,,,,,,,,,,,,,,,,,,,,,,,,,,,,,,,,,,,,,,,,,,,,,,,,,,,,,,
Warmworks,EOH0031,EH33,71,Retired,Pensioner,Prefer not to say,2020-10-10T00:00:00.000Z,Owner-Occupied,35,DE,03/11/2020,Warmworks,House,Semi-Detached,Rural,1919-1944,E,2,0,2,89,5,4,5,null,Cavity_Insulated,Suspended,Pitched,Double,Yes,Gas,Gas Boiler - Standard,Electric - Direct,Water,Normal (90-130l),0,0,1,null,null,7,84.9,17791,3821,0,50,3.65,,,,,,,,,,,,,,,,,,,,,,,,,,,,,,,,,,,,,,,,,,,,,,,,,,,,,,,,,,,,,,,,,,,,,,,,,,,,,,,
Warmworks,EOH1267,EH45,63,Retired,Pensioner,Prefer not to say,2020-10-12T00:00:00.000Z,Owner-Occupied,42,DE,23/10/2020,Warmworks,House,Mid-Terrace,Suburban,1965-1980,C,2,0,2,98.4,5,3,5,null,Cavity_Insulated,Suspended,Pitched,Double,Yes,Gas,Gas Boiler - Standard,None,Water,Medium (131-170l),0,0,0,null,null,null,null,null,null,null,null,null,,,,,,,,,,,,,,,,,,,,,,,,,,,,,,,,,,,,,,,,,,,,,,,,,,,,,,,,,,,,,,,,,,,,,,,,,,,,,,,
Warmworks,EOH0943,EH42,36,Working Part time,Professional,"50,001+",2020-10-13T00:00:00.000Z,Owner-Occupied,3,C1,12/11/2020,Warmworks,House,Detached,Suburban,2001+,C,2,2,2,146.08,8,5,8,2.38,Cavity_Insulated,Solid,Pitched,Double,Yes,Gas,Gas Boiler - Standard,Fire - Gas,Water,Medium (131-170l),0,1,1,null,null,7.3,57.5,20619,4457,1365,55,3.63,,,,,,,,,,,,,,,,,,,,,,,,,,,,,,,,,,,,,,,,,,,,,,,,,,,,,,,,,,,,,,,,,,,,,,,,,,,,,,,
Warmworks,EOH0509,FK7,52,Working Full time (>30hrs),Manager,"50,001+",2020-10-14T00:00:00.000Z,Owner-Occupied,10,AB,20/11/2020,Warmworks,House,Detached,Urban,2001+,B,3,0,2,93.39,6,4,6,2.4,Cavity_Insulated,Suspended,Pitched,Double,Yes,Gas,Gas Boiler - Standard,None,Water,Large (> 170l),0,0,0,null,null,4.3,53,11010,4457,1365,null,null,,,,,,,,,,,,,,,,,,,,,,,,,,,,,,,,,,,,,,,,,,,,,,,,,,,,,,,,,,,,,,,,,,,,,,,,,,,,,,,
Warmworks,EOH0360,KY12,50,Working Full time (>30hrs),Professional,"50,001+",2020-10-16T00:00:00.000Z,Owner-Occupied,9,C1,16/12/2020,Everwarm,House,Detached,Suburban,1991-2000,C,2,2,2,359.2,8,5,8,2.64,Cavity_Insulated,Suspended,Pitched,Double,Yes,Gas,Gas Boiler - Standard,Fire - Gas,Water,Medium (131-170l),0,1,1,8692,46652,null,null,null,null,null,null,null,,,,,,,,,,,,,,,,,,,,,,,,,,,,,,,,,,,,,,,,,,,,,,,,,,,,,,,,,,,,,,,,,,,,,,,,,,,,,,,
Warmworks,EOH0233,EH33,31,Working Full time (>30hrs),Manager,"50,001+",2020-10-16T00:00:00.000Z,Owner-Occupied,4,C1,25/11/2020,Warmworks,House,Detached,Suburban,2001+,C,2,2,2,184.25,8,5,8,2.6,Cavity_Insulated,Suspended,Pitched,Double,Yes,Gas,Gas Boiler - Standard,None,Water,Large (> 170l),0,0,1,null,null,9,61.1,27065,5349,1492,55,3.63,,,,,,,,,,,,,,,,,,,,,,,,,,,,,,,,,,,,,,,,,,,,,,,,,,,,,,,,,,,,,,,,,,,,,,,,,,,,,,,
Warmworks,EOH3192,FK14,62,Working Part time,Professional,"50,001+",2020-10-19T00:00:00.000Z,Owner-Occupied,25,AB,20/11/2020,Warmworks,House,Detached,Rural,1965-1980,D,2,0,2,308.31,10,5,10,2.5,Cavity_Insulated,Suspended,Pitched,Double,Yes,Gas,Gas Boiler - Standard,Fire - Wood,Water,Large (> 170l),0,0,1,null,null,23.3,null,15793,5905,0,null,null,,,,,,,,,,,,,,,,,,,,,,,,,,,,,,,,,,,,,,,,,,,,,,,,,,,,,,,,,,,,,,,,,,,,,,,,,,,,,,,
Warmworks,EOH3030,EH46,57,Working Part time,Semi and unskilled manual worker,"40,001 - 50,000",2020-10-19T00:00:00.000Z,Owner-Occupied,16,C2,20/04/2021,Warmworks,House,Detached,Rural,1919-1944,E,4,0,2,199.91,9,5,9,2.7,Cavity_No_insulation,Suspended,Pitched,Double,No,Oil,Oil Boiler,Fire - Wood,Water,Large (> 170l),0,0,0,null,null,13.7,null,33897,5905,0,50,3.51,,,,,,,,,,,,,,,,,,,,,,,,,,,,,,,,,,,,,,,,,,,,,,,,,,,,,,,,,,,,,,,,,,,,,,,,,,,,,,,
Warmworks,EOH1431,EH4,67,Retired,Pensioner,Prefer not to say,2020-10-26T00:00:00.000Z,Owner-Occupied,21,DE,10/12/2020,Warmworks,House,Detached,Urban,1919-1944,C,2,0,2,182.59,8,4,8,2.8,Cavity_Insulated,Suspended,Pitched,Double,Yes,Gas,Gas Boiler - Standard,Fire - Gas,Water,No access,1,2,1,4904,30000,null,null,null,null,null,null,null,,,,,,,,,,,,,,,,,,,,,,,,,,,,,,,,,,,,,,,,,,,,,,,,,,,,,,,,,,,,,,,,,,,,,,,,,,,,,,,
Warmworks,EOH2383,EH10,74,Retired,Pensioner,Prefer not to say,2020-10-27T00:00:00.000Z,Owner-Occupied,32,DE,13/12/2020,Everwarm,House,Detached,Suburban,1981-1990,D,1,0,2,128.05,6,4,6,2.35,Cavity_Insulated,Suspended,Pitched,Double,Yes,Gas,Gas - Warm air,Gas - Warm air,Water,Normal (90-130l),0,0,0,2799,35289,null,null,null,null,null,null,null,,,,,,,,,,,,,,,,,,,,,,,,,,,,,,,,,,,,,,,,,,,,,,,,,,,,,,,,,,,,,,,,,,,,,,,,,,,,,,,
Warmworks,EOH0531,EH4,52,Working Full time (>30hrs),Professional,"50,001+",2020-10-29T00:00:00.000Z,Owner-Occupied,7,AB,04/12/2020,Warmworks,House,Detached,Suburban,1945-1964,C,1,1,2,219.51,9,5,9,2.5,Cavity_Insulated,Suspended,Pitched,Double,Yes,Gas,Gas Boiler - Standard,Fire - Gas,Water,Large (> 170l),0,1,0,700,23726,12,74.3,14434,5731,0,null,null,,,,,,,,,,,,,,,,,,,,,,,,,,,,,,,,,,,,,,,,,,,,,,,,,,,,,,,,,,,,,,,,,,,,,,,,,,,,,,,
Warmworks,EOH1803,EH5,49,Stay at home parent,Unemployed/Benefits,"50,001+",2020-10-30T00:00:00.000Z,Owner-Occupied,16,DE,15/12/2020,Warmworks,House,Detached,Urban,Pre 1919,D,2,2,2,200.7,6,4,6,2.87,Cavity_No_insulation,Suspended,Pitched,Double,Yes,Gas,Gas Boiler - Standard,Fire - Wood,Water,Large (> 170l),8,0,0,7838,38677,null,null,null,null,null,null,null,,,,,,,,,,,,,,,,,,,,,,,,,,,,,,,,,,,,,,,,,,,,,,,,,,,,,,,,,,,,,,,,,,,,,,,,,,,,,,,
Warmworks,EOH2361,EH13,45,Working Part time,Clerical,"40,001 - 50,000",2020-10-31T00:00:00.000Z,Owner-Occupied,13,DE,16/12/2020,Everwarm,House,Detached,Suburban,1919-1944,D,2,3,2,153.32,6,4,6,2.73,Cavity_Insulated,Suspended,Pitched,Double,Yes,Gas,Gas Boiler - Standard,Fire - Wood,Water,Normal (90-130l),0,0,1,4554,26097,9.3,76,28527,4457,1365,55,3.63,,,,,,,,,,,,,,,,,,,,,,,,,,,,,,,,,,,,,,,,,,,,,,,,,,,,,,,,,,,,,,,,,,,,,,,,,,,,,,,
Warmworks,EOH0525,KY11,34,Working Part time,Professional,"20,001 - 25,000",2020-10-31T00:00:00.000Z,Owner-Occupied,10,C1,24/05/2021,Warmworks,House,Detached,Suburban,1981-1990,D,2,1,1,106.69,5,3,5,2.38,Cavity_Insulated,Suspended,Pitched,Double,Yes,Gas,Gas Boiler - Standard,Electric - Direct,Water,Medium (131-170l),0,0,0,null,null,8.5,76,15220,3623,156,50,3.64,,,,,,,,,,,,,,,,,,,,,,,,,,,,,,,,,,,,,,,,,,,,,,,,,,,,,,,,,,,,,,,,,,,,,,,,,,,,,,,
Warmworks,EOH1174,KY16,72,Retired,Pensioner,"40,001 - 50,000",2020-11-09T00:00:00.000Z,Owner-Occupied,2,DE,17/12/2020,Everwarm,House,Detached,Urban,2001+,B,2,0,2,277.08,6,4,6,2.36,Cavity_Insulated,Solid,Pitched,Double,Yes,Gas,Gas Boiler - Standard,None,Water,Medium (131-170l),6,0,0,5957,34677,16.7,69.2,42406,4776,0,null,null,,,,,,,,,,,,,,,,,,,,,,,,,,,,,,,,,,,,,,,,,,,,,,,,,,,,,,,,,,,,,,,,,,,,,,,,,,,,,,,
Warmworks,EOH1596,KY15,64,Retired,Pensioner,"0 - 12,500",2020-11-09T00:00:00.000Z,Owner-Occupied,26,DE,09/12/2020,Warmworks,House,Detached,Rural,Pre 1919,D,1,0,1,131,6,3,6,2.48,Cavity_No_insulation,Suspended,Pitched,Double,No,Oil,Oil Boiler,None,Water,Large (> 170l),6,0,0,2765,null,null,null,null,null,null,null,null,,,,,,,,,,,,,,,,,,,,,,,,,,,,,,,,,,,,,,,,,,,,,,,,,,,,,,,,,,,,,,,,,,,,,,,,,,,,,,,
Warmworks,EOH0684,KY1,35,Working Full time (>30hrs),Manager,"50,001+",2020-11-09T00:00:00.000Z,Owner-Occupied,0.1,C1,17/12/2020,Everwarm,House,Detached,Suburban,2001+,B,3,2,2,213.12,7,4,7,2.42,Cavity_Insulated,Suspended,Pitched,Double,Yes,Gas,Gas Boiler - Combi,None,Water,Normal (90-130l),0,0,1,2900,null,11.3,66.6,28500,4776,0,null,null,,,,,,,,,,,,,,,,,,,,,,,,,,,,,,,,,,,,,,,,,,,,,,,,,,,,,,,,,,,,,,,,,,,,,,,,,,,,,,,
Warmworks,EOH1101,TD4,52,Working Full time (>30hrs),Semi and unskilled manual worker,Prefer not to say,2021-03-11T00:00:00.000Z,Rented (Social),24,DE,14/04/2021,Warmworks,House,End-Terrace,Suburban,1919-1944,D,3,0,2,93,5,3,5,2.52,Cavity_Insulated,Solid,Pitched,Double,No,Coal,Fire - Coal,None,Water,Normal (90-130l),0,0,0,null,null,8.5,null,11730,3623,156,null,null,,,,,,,,,,,,,,,,,,,,,,,,,,,,,,,,,,,,,,,,,,,,,,,,,,,,,,,,,,,,,,,,,,,,,,,,,,,,,,,
Warmworks,EOH0474,KY12,43,Working Full time (>30hrs),Manager,Prefer not to say,2021-03-12T00:00:00.000Z,Owner-Occupied,1,AB,15/04/2021,Warmworks,House,Detached,Rural,1919-1944,E,2,0,1,61.78,4,2,4,2.58,Cavity_No_insulation,Suspended,Pitched,Double,No,Wood,Biomass Boiler,Fire - Wood,Water,Medium (131-170l),0,0,0,null,null,4.7,87.3,11856,1910,0,50,3.41,,,,,,,,,,,,,,,,,,,,,,,,,,,,,,,,,,,,,,,,,,,,,,,,,,,,,,,,,,,,,,,,,,,,,,,,,,,,,,,
Warmworks,EOH1931,EH12,47,Working Full time (>30hrs),Professional,"50,001+",2021-03-12T00:00:00.000Z,Owner-Occupied,11,AB,22/04/2021,Warmworks,House,Detached,Urban,1919-1944,C,2,2,2,157.55,6,4,6,2.74,Cavity_No_insulation,Suspended,Pitched,Double,Yes,Gas,Gas Boiler - Standard,None,Water,Large (> 170l),0,0,0,3964,16313,8.9,null,22415,4775,0,null,null,,,,,,,,,,,,,,,,,,,,,,,,,,,,,,,,,,,,,,,,,,,,,,,,,,,,,,,,,,,,,,,,,,,,,,,,,,,,,,,
Warmworks,EOH0856,EH34,34,Working Full time (>30hrs),Professional,"40,001 - 50,000",2021-03-12T00:00:00.000Z,Owner-Occupied,6,AB,04/05/2021,Warmworks,House,Detached,Suburban,Pre 1919,E,2,2,1,105.27,5,3,5,2.3,Cavity_No_insulation,Suspended,Pitched,Double,No,LPG,LPG Boiler,Fire - Wood,Water,Medium (131-170l),0,0,1,null,null,7.5,76,21033,2250,0,50,3.81,,,,,,,,,,,,,,,,,,,,,,,,,,,,,,,,,,,,,,,,,,,,,,,,,,,,,,,,,,,,,,,,,,,,,,,,,,,,,,,
Warmworks,EOH0256,KY1,49,Working Part time,Professional,"0 - 12,500",2021-03-12T00:00:00.000Z,Owner-Occupied,11,C1,15/04/2021,Warmworks,Flat,Flat,Suburban,1919-1944,D,4,0,1,99.87,6,4,5,2.62,Cavity_Insulated,Suspended,Another Dwelling Above,Double,Yes,Gas,Gas Boiler - Standard,Fire - Gas,Water,Normal (90-130l),0,1,1,null,null,7.1,80,26423,4921,0,50,3.81,,,,,,,,,,,,,,,,,,,,,,,,,,,,,,,,,,,,,,,,,,,,,,,,,,,,,,,,,,,,,,,,,,,,,,,,,,,,,,,
Warmworks,EOH1771,PH7,56,Working Full time (>30hrs),Professional,"50,001+",2021-03-12T00:00:00.000Z,Owner-Occupied,3,C1,01/07/2021,Warmworks,House,Detached,Rural,1965-1980,D,2,0,1,140.09,5,3,5,2.6,Cavity_No_insulation,Suspended,Pitched,Double,Yes,Gas,Gas Boiler - Standard,Fire - Wood,Water,Normal (90-130l),0,0,1,null,null,10.2,76,25458,3820,0,50,3.92,,,,,,,,,,,,,,,,,,,,,,,,,,,,,,,,,,,,,,,,,,,,,,,,,,,,,,,,,,,,,,,,,,,,,,,,,,,,,,,
Warmworks,EOH0969,EH4,51,Working Full time (>30hrs),Professional,"50,001+",2021-03-13T00:00:00.000Z,Owner-Occupied,14,AB,25/05/2021,Warmworks,House,Semi-Detached,Urban,1919-1944,C,2,3,1,131.73,6,4,6,2.83,Cavity_Insulated,Suspended,Pitched,Double,Yes,Gas,Gas Boiler - Standard,None,Water,Large (> 170l),0,0,1,null,null,null,null,null,null,null,null,null,,,,,,,,,,,,,,,,,,,,,,,,,,,,,,,,,,,,,,,,,,,,,,,,,,,,,,,,,,,,,,,,,,,,,,,,,,,,,,,
Warmworks,EOH2761,KY16,41,Working Full time (>30hrs),Professional,"50,001+",2021-03-15T00:00:00.000Z,Owner-Occupied,1,AB,27/05/2021,Warmworks,House,Detached,Suburban,Pre 1919,D,2,1,2,219.72,8,5,8,2.87,Cavity_No_insulation,Suspended,Pitched,Double,Yes,Gas,Gas Boiler - Standard,Fire - Wood,Water,Large (> 170l),0,0,1,null,null,null,null,null,null,null,null,null,,,,,,,,,,,,,,,,,,,,,,,,,,,,,,,,,,,,,,,,,,,,,,,,,,,,,,,,,,,,,,,,,,,,,,,,,,,,,,,
Warmworks,EOH2297,EH33,74,Carer,Casual worker,"20,001 - 25,000",2021-03-23T00:00:00.000Z,Owner-Occupied,5,DE,04/05/2021,Warmworks,House,Detached,Suburban,2001+,C,2,0,2,129.26,6,4,6,2.36,Cavity_Insulated,Suspended,Pitched,Double,Yes,Gas,Gas Boiler - Standard,None,Water,Large (> 170l),0,0,1,null,null,null,null,null,null,null,null,null,,,,,,,,,,,,,,,,,,,,,,,,,,,,,,,,,,,,,,,,,,,,,,,,,,,,,,,,,,,,,,,,,,,,,,,,,,,,,,,
Warmworks,EOH1530,KY6,50,Working Full time (>30hrs),Professional,"50,001+",2021-03-25T00:00:00.000Z,Owner-Occupied,23,C1,10/05/2021,Warmworks,House,Detached,Suburban,1991-2000,C,2,2,2,134.45,7,4,7,2.39,Cavity_Insulated,Solid,Pitched,Double,Yes,Gas,Gas Boiler - Standard,Fire - Wood,Water,Normal (90-130l),0,0,0,null,null,8.2,66,22427,4921,0,45,3.97,,,,,,,,,,,,,,,,,,,,,,,,,,,,,,,,,,,,,,,,,,,,,,,,,,,,,,,,,,,,,,,,,,,,,,,,,,,,,,,
Warmworks,EOH1934,EH40,40,Working Part time,Professional,"50,001+",2021-03-25T00:00:00.000Z,Owner-Occupied,3,C1,20/05/2021,Warmworks,House,Detached,Suburban,2001+,C,2,3,2,133.37,7,4,7,2.52,Cavity_Insulated,Solid,Pitched,Double,Yes,Gas,Gas Boiler - Standard,None,Water,Large (> 170l),0,0,1,2986,13177,9,67,18838,4921,0,50,3.66,,,,,,,,,,,,,,,,,,,,,,,,,,,,,,,,,,,,,,,,,,,,,,,,,,,,,,,,,,,,,,,,,,,,,,,,,,,,,,,
Warmworks,EOH0178,G33,48,Working Full time (>30hrs),Professional,Prefer not to say,2021-03-26T00:00:00.000Z,Owner-Occupied,16,AB,22/04/2021,Everwarm,House,Detached,Suburban,2001+,B,2,1,2,141.56,7,4,7,2.41,Cavity_Insulated,Solid,Pitched,Double,Yes,Gas,Gas Boiler - Standard,None,Water,Normal (90-130l),0,0,0,null,null,7.3,null,18016,4775,0,null,null,,,,,,,,,,,,,,,,,,,,,,,,,,,,,,,,,,,,,,,,,,,,,,,,,,,,,,,,,,,,,,,,,,,,,,,,,,,,,,,
Warmworks,EOH0800,KY11,60,Working Full time (>30hrs),Casual worker,"20,001 - 25,000",2021-03-29T00:00:00.000Z,Owner-Occupied,14,DE,24/05/2021,Warmworks,House,Detached,Suburban,2001+,C,3,0,2,221.68,10,5,10,2.48,Cavity_Insulated,Solid,Pitched,Double,Yes,Gas,Gas Boiler - Standard,None,Water,Large (> 170l),0,0,0,null,null,null,null,null,null,null,null,null,,,,,,,,,,,,,,,,,,,,,,,,,,,,,,,,,,,,,,,,,,,,,,,,,,,,,,,,,,,,,,,,,,,,,,,,,,,,,,,
Warmworks,EOH2264,PH10,45,Working Full time (>30hrs),Professional,Prefer not to say,2021-04-01T00:00:00.000Z,Owner-Occupied,3,C1,11/05/2021,Warmworks,House,Detached,Suburban,1945-1964,C,2,3,2,299.01,9,7,9,2.74,Cavity_Insulated,Suspended,Pitched,Double,Yes,Gas,Gas Boiler - Standard,Fire - Gas,Water,Large (> 170l),0,0,1,null,null,15.4,54,38698,4921,0,50,3.92,,,,,,,,,,,,,,,,,,,,,,,,,,,,,,,,,,,,,,,,,,,,,,,,,,,,,,,,,,,,,,,,,,,,,,,,,,,,,,,
Warmworks,EOH1266,EH54,60,Working Full time (>30hrs),Professional,Prefer not to say,2021-04-01T00:00:00.000Z,Owner-Occupied,10,C1,25/05/2021,Warmworks,House,Semi-Detached,Suburban,1981-1990,C,2,0,2,77.47,4,3,4,2.29,Cavity_Insulated,Suspended,Pitched,Double,Yes,Gas,Gas Boiler - Standard,None,Water,Normal (90-130l),0,0,1,null,null,null,null,null,null,null,null,null,,,,,,,,,,,,,,,,,,,,,,,,,,,,,,,,,,,,,,,,,,,,,,,,,,,,,,,,,,,,,,,,,,,,,,,,,,,,,,,
Warmworks,EOH2170,EH55,58,Working Full time (>30hrs),Professional,Prefer not to say,2021-04-01T00:00:00.000Z,Owner-Occupied,33,C1,08/06/2021,Warmworks,House,End-Terrace,Rural,Pre 1919,E,3,0,2,69.43,4,3,4,3.23,Cavity_Insulated,Suspended,Pitched,Double,No,Electricity,Electric - Direct,None,Water,Normal (90-130l),0,0,0,null,null,null,null,null,null,null,null,null,,,,,,,,,,,,,,,,,,,,,,,,,,,,,,,,,,,,,,,,,,,,,,,,,,,,,,,,,,,,,,,,,,,,,,,,,,,,,,,
Warmworks,EOH2916,KA1,49,Working Full time (>30hrs),Professional,Prefer not to say,2021-04-02T00:00:00.000Z,Owner-Occupied,11,C1,22/04/2021,Everwarm,House,Detached,Rural,1965-1980,E,3,0,2,246.91,7,3,7,2.65,Cavity_No_insulation,Suspended,Pitched,Double,No,Wood,Biomass Boiler,Fire - Wood,Water,Normal (90-130l),0,0,0,3810,null,null,null,null,null,null,null,null,,,,,,,,,,,,,,,,,,,,,,,,,,,,,,,,,,,,,,,,,,,,,,,,,,,,,,,,,,,,,,,,,,,,,,,,,,,,,,,
Warmworks,EOH2864,TD4,60,Working Full time (>30hrs),Professional,Prefer not to say,2021-04-02T00:00:00.000Z,Owner-Occupied,13,AB,18/05/2021,Warmworks,House,Detached,Rural,2001+,D,2,1,2,207.44,5,3,5,2.7,Cavity_Insulated,Solid,Pitched,Double,No,Oil,Oil Boiler,None,Water,Large (> 170l),5,1,0,null,null,10.6,null,26041,3820,0,null,null,,,,,,,,,,,,,,,,,,,,,,,,,,,,,,,,,,,,,,,,,,,,,,,,,,,,,,,,,,,,,,,,,,,,,,,,,,,,,,,
Warmworks,EOH2259,TD1,47,Working Full time (>30hrs),Professional,Prefer not to say,2021-04-05T00:00:00.000Z,Owner-Occupied,8,C1,25/05/2021,Warmworks,House,Detached,Urban,1991-2000,C,2,0,3,241.14,9,6,9,2.6,Cavity_Insulated,Suspended,Pitched,Double,Yes,Gas,Gas Boiler - Standard,None,Water,Large (> 170l),0,0,1,null,null,null,null,null,null,null,null,null,,,,,,,,,,,,,,,,,,,,,,,,,,,,,,,,,,,,,,,,,,,,,,,,,,,,,,,,,,,,,,,,,,,,,,,,,,,,,,,
Warmworks,EOH2268,EH25,41,Working Full time (>30hrs),Manager,Prefer not to say,2021-04-06T00:00:00.000Z,Owner-Occupied,5,C1,01/06/2021,Warmworks,House,Detached,Urban,2001+,C,3,1,2,148.82,7,4,7,2.33,Cavity_Insulated,Suspended,Pitched,Double,Yes,Gas,Gas Boiler - Standard,None,Water,Large (> 170l),0,0,1,null,null,null,null,null,null,null,null,null,,,,,,,,,,,,,,,,,,,,,,,,,,,,,,,,,,,,,,,,,,,,,,,,,,,,,,,,,,,,,,,,,,,,,,,,,,,,,,,
Warmworks,EOH1409,TD2,45,Working Full time (>30hrs),Professional,Prefer not to say,2021-04-06T00:00:00.000Z,Owner-Occupied,7,C1,25/05/2021,Warmworks,House,Detached,Suburban,1981-1990,B,2,1,2,152.72,4,4,4,2.35,Cavity_Insulated,Suspended,Pitched,Double,Yes,Gas,Gas Boiler - Standard,None,Water,Large (> 170l),1,0,0,null,null,9.9,74,25867,2812,0,50,3.66,,,,,,,,,,,,,,,,,,,,,,,,,,,,,,,,,,,,,,,,,,,,,,,,,,,,,,,,,,,,,,,,,,,,,,,,,,,,,,,
Warmworks,EOH0264,EH23,53,Working Full time (>30hrs),Manager,Prefer not to say,2021-04-06T00:00:00.000Z,Owner-Occupied,10,AB,01/07/2021,Warmworks,House,Detached,Suburban,2001+,B,2,2,2,164.88,7,4,7,2.42,Cavity_Insulated,Solid,Pitched,Double,Yes,Gas,Gas Boiler - Standard,None,Water,Medium (131-170l),0,0,1,3750,22914,10.9,null,23189,2812,0,null,null,,,,,,,,,,,,,,,,,,,,,,,,,,,,,,,,,,,,,,,,,,,,,,,,,,,,,,,,,,,,,,,,,,,,,,,,,,,,,,,
Warmworks,EOH2919,ML1,60,Working Full time (>30hrs),Professional,Prefer not to say,2021-04-07T00:00:00.000Z,Owner-Occupied,20,C1,17/05/2021,Warmworks,House,Detached,Suburban,1991-2000,C,2,2,2,145.54,6,4,6,2.6,Cavity_Insulated,Solid,Pitched,Double,Yes,Gas,Gas Boiler - Standard,None,Water,Large (> 170l),0,0,1,null,null,6.7,59,12270,null,0,50,3.65,,,,,,,,,,,,,,,,,,,,,,,,,,,,,,,,,,,,,,,,,,,,,,,,,,,,,,,,,,,,,,,,,,,,,,,,,,,,,,,
Warmworks,EOH1147,KY11,57,Working Full time (>30hrs),Professional,Prefer not to say,2021-04-08T00:00:00.000Z,Owner-Occupied,24,C1,27/05/2021,Warmworks,House,Detached,Urban,1965-1980,C,2,0,2,141.3,7,4,7,2.35,Cavity_Insulated,Suspended,Pitched,Double,Yes,Gas,Gas Boiler - Standard,None,Water,Medium (131-170l),0,0,1,null,null,9.1,73,22986,4921,0,50,3.66,,,,,,,,,,,,,,,,,,,,,,,,,,,,,,,,,,,,,,,,,,,,,,,,,,,,,,,,,,,,,,,,,,,,,,,,,,,,,,,
Warmworks,EOH0572,G77,55,Working Full time (>30hrs),Professional,Prefer not to say,2021-04-08T00:00:00.000Z,Owner-Occupied,20,C1,22/04/2021,Everwarm,House,Detached,Suburban,1991-2000,C,3,1,2,232.02,8,5,8,2.45,Cavity_Insulated,Suspended,Pitched,Double,Yes,Gas,Gas Boiler - Standard,Fire - Gas,Water,Normal (90-130l),0,1,1,null,13791,null,null,null,null,null,null,null,,,,,,,,,,,,,,,,,,,,,,,,,,,,,,,,,,,,,,,,,,,,,,,,,,,,,,,,,,,,,,,,,,,,,,,,,,,,,,,
Warmworks,EOH0954,G33,71,Retired,Pensioner,Prefer not to say,2021-04-12T00:00:00.000Z,Owner-Occupied,6,C1,21/04/2021,Everwarm,House,Detached,Suburban,2001+,C,2,0,2,183.75,8,5,8,2.4,Cavity_Insulated,Solid,Pitched,Double,Yes,Gas,Gas Boiler - Standard,Fire - Gas,Water,Normal (90-130l),0,1,0,4205,23605,9.5,null,22382,4775,0,null,null,,,,,,,,,,,,,,,,,,,,,,,,,,,,,,,,,,,,,,,,,,,,,,,,,,,,,,,,,,,,,,,,,,,,,,,,,,,,,,,
Warmworks,EOH2951,EH48,54,Working Full time (>30hrs),Professional,Prefer not to say,2021-04-14T00:00:00.000Z,Owner-Occupied,14,C1,20/04/2021,Everwarm,House,Detached,Suburban,2001+,C,2,2,3,257.35,9,5,9,2.42,Cavity_Insulated,Solid,Pitched,Double,Yes,Gas,Gas Boiler - Standard,Fire - Wood,Water,Normal (90-130l),0,0,1,null,null,15.2,61,37493,5731,0,50,3.92,,,,,,,,,,,,,,,,,,,,,,,,,,,,,,,,,,,,,,,,,,,,,,,,,,,,,,,,,,,,,,,,,,,,,,,,,,,,,,,
Warmworks,EOH0542,EH14,31,Working Full time (>30hrs),Professional,Prefer not to say,2021-04-16T00:00:00.000Z,Owner-Occupied,0.1,C1,13/07/2021,Warmworks,House,Mid-Terrace,Urban,1965-1980,D,1,0,2,76.46,3,3,3,2.41,Cavity_Insulated,Suspended,Pitched,Double,Yes,Gas,Gas Boiler - Combi,None,Water,No access,0,0,0,null,null,null,null,null,null,null,null,null,,,,,,,,,,,,,,,,,,,,,,,,,,,,,,,,,,,,,,,,,,,,,,,,,,,,,,,,,,,,,,,,,,,,,,,,,,,,,,,
Warmworks,EOH1210,TD9,64,Retired,Pensioner,Prefer not to say,2021-04-18T00:00:00.000Z,Owner-Occupied,36,DE,29/06/2021,Warmworks,House,Detached,Rural,1981-1990,C,2,0,1,209.01,8,3,8,2.42,Cavity_No_insulation,Suspended,Pitched,Triple,Yes,Gas,Gas Boiler - Standard,Fire - Wood,Water,Large (> 170l),1,0,1,6058,34836,null,null,null,null,null,null,null,,,,,,,,,,,,,,,,,,,,,,,,,,,,,,,,,,,,,,,,,,,,,,,,,,,,,,,,,,,,,,,,,,,,,,,,,,,,,,,
Warmworks,EOH2517,EH54,44,Working Full time (>30hrs),Professional,"40,001 - 50,000",2021-04-18T00:00:00.000Z,Owner-Occupied,1,AB,29/06/2021,Warmworks,House,Detached,Suburban,1991-2000,C,2,1,2,118.71,16,3,16,2.6,Cavity_Insulated,Suspended,Pitched,Double,Yes,Gas,Gas Boiler - Standard,None,Water,Medium (131-170l),0,0,0,null,null,null,null,null,null,null,null,null,,,,,,,,,,,,,,,,,,,,,,,,,,,,,,,,,,,,,,,,,,,,,,,,,,,,,,,,,,,,,,,,,,,,,,,,,,,,,,,
Warmworks,EOH2463,EH15,38,Working Full time (>30hrs),Skilled Manual Worker,Prefer not to say,2021-04-18T00:00:00.000Z,Owner-Occupied,0.2,C2,07/06/2021,Warmworks,House,Detached,Urban,1919-1944,E,2,2,2,149.96,6,3,6,2.62,Cavity_Insulated,Suspended,Pitched,Double,Yes,Gas,Gas Boiler - Combi,Fire - Gas,Water,No access,0,1,1,null,null,null,null,null,null,null,null,null,,,,,,,,,,,,,,,,,,,,,,,,,,,,,,,,,,,,,,,,,,,,,,,,,,,,,,,,,,,,,,,,,,,,,,,,,,,,,,,
Warmworks,EOH0648,EH10,43,Working Full time (>30hrs),Professional,Prefer not to say,2021-04-19T00:00:00.000Z,Owner-Occupied,4,C1,02/06/2021,Warmworks,House,Detached,Urban,1945-1964,D,2,1,2,193.42,7,4,7,2.35,Cavity_Insulated,Suspended,Pitched,Double,Yes,Gas,Gas Boiler - Standard,Fire - Wood,Water,Normal (90-130l),0,0,1,null,null,13.5,76,33378,4921,0,50,3.51,,,,,,,,,,,,,,,,,,,,,,,,,,,,,,,,,,,,,,,,,,,,,,,,,,,,,,,,,,,,,,,,,,,,,,,,,,,,,,,
Warmworks,EOH2338,EH15,39,Working Part time,Professional,Prefer not to say,2021-04-19T00:00:00.000Z,Owner-Occupied,6,C1,14/06/2021,Warmworks,House,Detached,Urban,1919-1944,E,2,1,2,108.78,6,3,6,2.8,Cavity_Insulated,Suspended,Pitched,Double,Yes,Gas,Gas Boiler - Standard,None,Water,Normal (90-130l),0,0,1,null,null,null,null,null,null,null,null,null,,,,,,,,,,,,,,,,,,,,,,,,,,,,,,,,,,,,,,,,,,,,,,,,,,,,,,,,,,,,,,,,,,,,,,,,,,,,,,,
Warmworks,EOH1942,TD2,42,Working Full time (>30hrs),Professional,Prefer not to say,2021-04-20T00:00:00.000Z,Owner-Occupied,16,AB,25/05/2021,Warmworks,House,Detached,Rural,1991-2000,C,2,1,2,112.47,5,3,5,2.6,Cavity_Insulated,Solid,Pitched,Double,No,Oil,Oil Boiler,Fire - Wood,Water,Normal (90-130l),0,0,0,null,null,7,57,17252,4775,0,50,3.65,,,,,,,,,,,,,,,,,,,,,,,,,,,,,,,,,,,,,,,,,,,,,,,,,,,,,,,,,,,,,,,,,,,,,,,,,,,,,,,
Warmworks,EOH0469,EH13,57,Working Full time (>30hrs),Professional,Prefer not to say,2021-04-21T00:00:00.000Z,Owner-Occupied,31,C1,14/06/2021,Warmworks,House,Detached,Urban,1991-2000,C,4,0,2,124.66,7,5,7,2.4,Cavity_Insulated,Suspended,Pitched,Double,Yes,Gas,Gas Boiler - Standard,None,Water,Medium (131-170l),0,1,0,6483,29156,7.6,null,18732,4775,0,null,null,,,,,,,,,,,,,,,,,,,,,,,,,,,,,,,,,,,,,,,,,,,,,,,,,,,,,,,,,,,,,,,,,,,,,,,,,,,,,,,
Warmworks,EOH2626,KY12,47,Working Full time (>30hrs),Professional,"30,001 - 40,000",2021-04-22T00:00:00.000Z,Owner-Occupied,6,AB,01/06/2021,Warmworks,House,Detached,Suburban,1965-1980,D,2,2,2,109.27,6,3,6,2.4,Cavity_Insulated,Suspended,Pitched,Double,Yes,Gas,Gas Boiler - Standard,Fire - Wood,Water,No access,0,0,0,5561,25211,10,null,15351,4075,0,null,null,,,,,,,,,,,,,,,,,,,,,,,,,,,,,,,,,,,,,,,,,,,,,,,,,,,,,,,,,,,,,,,,,,,,,,,,,,,,,,,
Warmworks,EOH3103,EH13,33,Working Full time (>30hrs),Manager,Prefer not to say,2021-04-23T00:00:00.000Z,Owner-Occupied,0.5,C1,14/06/2021,Warmworks,House,Detached,Suburban,1965-1980,C,2,2,2,163.19,8,4,8,2.44,Cavity_Insulated,Suspended,Pitched,Double,Yes,Gas,Gas Boiler - Combi,None,Water,Medium (131-170l),0,0,1,null,null,10.6,null,25985,5905,0,null,null,,,,,,,,,,,,,,,,,,,,,,,,,,,,,,,,,,,,,,,,,,,,,,,,,,,,,,,,,,,,,,,,,,,,,,,,,,,,,,,
Warmworks,EOH3104,EH7,47,Training or Education,Casual worker,"50,001+",2021-04-24T00:00:00.000Z,Owner-Occupied,20,DE,30/06/2021,Warmworks,House,Mid-Terrace,Urban,1965-1980,D,3,0,3,105.99,6,3,6,2.39,Cavity_Insulated,Suspended,Pitched,Double,Yes,Gas,Gas Boiler - Standard,Electric - Direct,Water,Normal (90-130l),0,0,1,3279,null,null,null,20984,2250,0,null,null,,,,,,,,,,,,,,,,,,,,,,,,,,,,,,,,,,,,,,,,,,,,,,,,,,,,,,,,,,,,,,,,,,,,,,,,,,,,,,,
Warmworks,EOH3140,DD8,45,Working Part time,Professional,"40,001 - 50,000",2021-04-24T00:00:00.000Z,Owner-Occupied,16,C1,07/06/2021,Warmworks,Maisonette,End-Terrace,Suburban,1919-1944,C,3,1,1,75.6,5,4,5,2.57,Cavity_Insulated,Suspended,Another Dwelling Above,Double,Yes,Gas,Gas Boiler - Standard,None,Water,Normal (90-130l),0,0,0,4882,14514,null,null,null,null,null,null,null,,,,,,,,,,,,,,,,,,,,,,,,,,,,,,,,,,,,,,,,,,,,,,,,,,,,,,,,,,,,,,,,,,,,,,,,,,,,,,,
Warmworks,EOH1265,KY2,69,Retired,Pensioner,"30,001 - 40,000",2021-04-25T00:00:00.000Z,Owner-Occupied,5,C2,15/06/2021,Warmworks,House,Semi-Detached,Suburban,1945-1964,B,2,1,2,111.08,5,3,5,2.6,Cavity_Insulated,Suspended,Pitched,Double,Yes,Gas,Gas Boiler - Standard,Fire - Wood,Water,Normal (90-130l),0,0,0,null,null,5.9,null,23110,2250,0,null,null,,,,,,,,,,,,,,,,,,,,,,,,,,,,,,,,,,,,,,,,,,,,,,,,,,,,,,,,,,,,,,,,,,,,,,,,,,,,,,,
Warmworks,EOH2568,PH2,51,Working Full time (>30hrs),Professional,"50,001+",2021-04-25T00:00:00.000Z,Owner-Occupied,20,AB,23/06/2021,Warmworks,House,Detached,Rural,Pre 1919,D,2,2,2,173.12,6,3,6,2.2,Cavity_No_insulation,Suspended,Pitched,Double,No,Wood,Biomass Boiler,Fire - Wood,Water,Medium (131-170l),0,0,0,null,null,9,54,22491,4921,0,50,3.92,,,,,,,,,,,,,,,,,,,,,,,,,,,,,,,,,,,,,,,,,,,,,,,,,,,,,,,,,,,,,,,,,,,,,,,,,,,,,,,
Warmworks,EOH2019,DD3,34,Working Full time (>30hrs),Skilled Manual Worker,"50,001+",2021-04-25T00:00:00.000Z,Owner-Occupied,9,C2,07/06/2021,Warmworks,House,Semi-Detached,Urban,1981-1990,E,2,2,2,68.8,5,3,5,2.4,Cavity_No_insulation,Suspended,Pitched,Double,No,Electricity,Electric - Direct,None,Water,Normal (90-130l),0,0,0,13087,null,null,null,null,null,null,null,null,,,,,,,,,,,,,,,,,,,,,,,,,,,,,,,,,,,,,,,,,,,,,,,,,,,,,,,,,,,,,,,,,,,,,,,,,,,,,,,
Warmworks,EOH2526,EH32,40,Working Full time (>30hrs),Professional,"40,001 - 50,000",2021-04-25T00:00:00.000Z,Owner-Occupied,1,C1,16/06/2021,Warmworks,House,Mid-Terrace,Suburban,1945-1964,C,2,0,2,95.35,5,3,5,2.39,Cavity_Insulated,Suspended,Pitched,Double,Yes,Gas,Gas Boiler - Standard,None,Water,Normal (90-130l),0,0,0,null,null,6.6,86,19808,3937,0,50,3.81,,,,,,,,,,,,,,,,,,,,,,,,,,,,,,,,,,,,,,,,,,,,,,,,,,,,,,,,,,,,,,,,,,,,,,,,,,,,,,,
Warmworks,EOH2778,EH12,51,Working Part time,Professional,"50,001+",2021-04-25T00:00:00.000Z,Owner-Occupied,3,C1,06/07/2021,Warmworks,House,Semi-Detached,Urban,1965-1980,C,2,2,2,92.74,4,3,4,2.44,Cavity_Insulated,Solid,Pitched,Double,Yes,Gas,Gas Boiler - Standard,None,Water,Normal (90-130l),0,0,1,2300,13000,6.1,71,18994,3937,0,50,3.81,,,,,,,,,,,,,,,,,,,,,,,,,,,,,,,,,,,,,,,,,,,,,,,,,,,,,,,,,,,,,,,,,,,,,,,,,,,,,,,
Warmworks,EOH1723,EH45,63,Working Full time (>30hrs),Professional,"50,001+",2021-04-25T00:00:00.000Z,Owner-Occupied,14,C1,22/07/2021,Warmworks,House,Detached,Suburban,1991-2000,C,2,2,2,104.1,5,4,5,2.31,Cavity_Insulated,Solid,Pitched,Double,Yes,Gas,Gas Boiler - Standard,Fire - Wood,Water,Medium (131-170l),0,0,0,null,null,null,null,null,null,null,null,null,,,,,,,,,,,,,,,,,,,,,,,,,,,,,,,,,,,,,,,,,,,,,,,,,,,,,,,,,,,,,,,,,,,,,,,,,,,,,,,
Warmworks,EOH0876,EH16,33,Working Full time (>30hrs),Professional,"40,001 - 50,000",2021-04-26T00:00:00.000Z,Owner-Occupied,1,C1,13/06/2021,Warmworks,House,Mid-Terrace,Urban,1945-1964,D,2,0,2,92.17,5,3,4,2.43,Cavity_Insulated,Suspended,Pitched,Double,Yes,Gas,Gas Boiler - Standard,Fire - Gas,Water,Normal (90-130l),0,1,0,null,null,6.3,75,15827,3820,55,50,3.65,,,,,,,,,,,,,,,,,,,,,,,,,,,,,,,,,,,,,,,,,,,,,,,,,,,,,,,,,,,,,,,,,,,,,,,,,,,,,,,
Warmworks,EOH0467,EH12,53,Working Full time (>30hrs),Professional,Prefer not to say,2021-04-26T00:00:00.000Z,Owner-Occupied,10,C1,10/06/2021,Warmworks,House,End-Terrace,Suburban,1965-1980,B,2,2,2,68.48,5,3,4,2.39,Cavity_No_insulation,Suspended,Pitched,Triple,Yes,Gas,Gas Boiler - Standard,None,Water,Normal (90-130l),0,0,1,2974,null,4.7,59,14597,2250,0,50,3.58,,,,,,,,,,,,,,,,,,,,,,,,,,,,,,,,,,,,,,,,,,,,,,,,,,,,,,,,,,,,,,,,,,,,,,,,,,,,,,,
Warmworks,EOH0313,KY12,50,Working Part time,Skilled Manual Worker,"50,001+",2021-04-26T00:00:00.000Z,Owner-Occupied,21,C1,21/06/2021,Warmworks,House,Detached,Rural,1945-1964,C,3,0,2,187.24,8,4,8,2.57,Cavity_Insulated,Suspended,Pitched,Double,Yes,Gas,Gas Boiler - Standard,Fire - Wood,Water,Large (> 170l),2,0,1,null,null,9.6,null,24481,3820,0,null,null,,,,,,,,,,,,,,,,,,,,,,,,,,,,,,,,,,,,,,,,,,,,,,,,,,,,,,,,,,,,,,,,,,,,,,,,,,,,,,,
Warmworks,EOH1967,EH30,66,Retired,Pensioner,Prefer not to say,2021-04-26T00:00:00.000Z,Owner-Occupied,21,DE,15/06/2021,Warmworks,House,Semi-Detached,Suburban,1965-1980,E,2,0,2,132.14,5,3,5,2.6,Cavity_Insulated,Suspended,Pitched,Double,Yes,Gas,Gas Boiler - Standard,Fire - Coal,Water,Normal (90-130l),0,0,0,null,null,12.8,null,33232,3937,0,null,null,,,,,,,,,,,,,,,,,,,,,,,,,,,,,,,,,,,,,,,,,,,,,,,,,,,,,,,,,,,,,,,,,,,,,,,,,,,,,,,
Warmworks,EOH0566,EH10,72,Retired,Pensioner,Prefer not to say,2021-04-27T00:00:00.000Z,Owner-Occupied,30,DE,13/06/2021,Warmworks,House,Semi-Detached,Suburban,1965-1980,E,1,0,2,125.47,7,4,7,2.45,Cavity_Insulated,Suspended,Pitched,Double,Yes,Gas,Gas Boiler - Standard,Fire - Gas,Water,Normal (90-130l),0,1,1,null,null,null,null,null,null,null,null,null,,,,,,,,,,,,,,,,,,,,,,,,,,,,,,,,,,,,,,,,,,,,,,,,,,,,,,,,,,,,,,,,,,,,,,,,,,,,,,,
Warmworks,EOH1120,KY15,55,Unemployed,Unemployed/Benefits,Prefer not to say,2021-04-28T00:00:00.000Z,Owner-Occupied,41,DE,20/06/2021,Warmworks,House,Semi-Detached,Suburban,1945-1964,E,3,0,2,82.84,5,3,5,2.45,Cavity_Insulated,Solid,Pitched,Double,No,Electricity,Electric - Storage,Electric - Direct,Water,Normal (90-130l),0,0,0,null,null,null,null,null,null,null,null,null,,,,,,,,,,,,,,,,,,,,,,,,,,,,,,,,,,,,,,,,,,,,,,,,,,,,,,,,,,,,,,,,,,,,,,,,,,,,,,,
Warmworks,EOH1638,PH2,54,Working Full time (>30hrs),Skilled Manual Worker,Prefer not to say,2021-04-28T00:00:00.000Z,Owner-Occupied,20,C2,23/06/2021,Warmworks,House,Detached,Rural,1981-1990,C,3,1,2,208.7,9,6,9,2.42,Cavity_No_insulation,Suspended,Pitched,Double,No,Oil,Oil Boiler,Electric - Direct,Water,Large (> 170l),2,0,0,null,null,null,null,null,null,null,null,null,,,,,,,,,,,,,,,,,,,,,,,,,,,,,,,,,,,,,,,,,,,,,,,,,,,,,,,,,,,,,,,,,,,,,,,,,,,,,,,
Warmworks,EOH2115,EH14,69,Retired,Pensioner,Prefer not to say,2021-04-29T00:00:00.000Z,Owner-Occupied,20,AB,14/06/2021,Warmworks,House,Detached,Suburban,1919-1944,A,2,0,2,163.38,5,3,5,2.7,Cavity_Insulated,Suspended,Pitched,Double,Yes,Gas,Gas Boiler - Standard,Fire - Gas,Water,Large (> 170l),2,1,0,null,null,11.6,null,30185,3937,0,null,null,,,,,,,,,,,,,,,,,,,,,,,,,,,,,,,,,,,,,,,,,,,,,,,,,,,,,,,,,,,,,,,,,,,,,,,,,,,,,,,
Warmworks,EOH1960,G42,52,Working Full time (>30hrs),Professional,Prefer not to say,2021-04-29T00:00:00.000Z,Owner-Occupied,0.3,C1,22/06/2021,Warmworks,House,Detached,Urban,1965-1980,D,2,0,2,102.44,6,3,6,2.42,Cavity_Insulated,Suspended,Pitched,Double,Yes,Gas,Gas Boiler - Standard,None,Water,Normal (90-130l),0,0,1,null,null,7.7,79,19543,3937,0,50,3.92,,,,,,,,,,,,,,,,,,,,,,,,,,,,,,,,,,,,,,,,,,,,,,,,,,,,,,,,,,,,,,,,,,,,,,,,,,,,,,,
Warmworks,EOH1541,KY3,55,Working Full time (>30hrs),Skilled Manual Worker,Prefer not to say,2021-04-29T00:00:00.000Z,Owner-Occupied,30,C2,08/07/2021,Warmworks,House,Detached,Rural,Pre 1919,E,2,2,2,186.47,9,5,9,2.79,Cavity_No_insulation,Suspended,Pitched,Double,No,Oil,Oil Boiler,Fire - Wood,Water,Normal (90-130l),1,0,1,null,null,null,null,null,null,null,null,null,,,,,,,,,,,,,,,,,,,,,,,,,,,,,,,,,,,,,,,,,,,,,,,,,,,,,,,,,,,,,,,,,,,,,,,,,,,,,,,
Warmworks,EOH1761,KY12,37,Working Full time (>30hrs),Professional,Prefer not to say,2021-04-30T00:00:00.000Z,Owner-Occupied,3.5,AB,21/06/2021,Warmworks,House,Detached,Urban,1945-1964,C,2,0,2,111.98,5,3,5,2.49,Cavity_Insulated,Suspended,Pitched,Double,Yes,Gas,Gas Boiler - Standard,None,Water,Normal (90-130l),0,0,1,null,null,10,80,14645,4075,0,50,3.85,,,,,,,,,,,,,,,,,,,,,,,,,,,,,,,,,,,,,,,,,,,,,,,,,,,,,,,,,,,,,,,,,,,,,,,,,,,,,,,
Warmworks,EOH1958,EH39,43,Working Full time (>30hrs),Professional,Prefer not to say,2021-05-01T00:00:00.000Z,Owner-Occupied,2,AB,24/06/2021,Warmworks,House,Detached,Rural,1919-1944,F,2,2,2,120.74,4,3,4,2.4,Cavity_No_insulation,Suspended,Pitched,Double,No,LPG,LPG Boiler,None,Water,Medium (131-170l),0,0,0,null,null,null,null,null,null,null,null,null,,,,,,,,,,,,,,,,,,,,,,,,,,,,,,,,,,,,,,,,,,,,,,,,,,,,,,,,,,,,,,,,,,,,,,,,,,,,,,,
Warmworks,EOH2549,EH40,54,Working Full time (>30hrs),Professional,Prefer not to say,2021-05-01T00:00:00.000Z,Owner-Occupied,20,C1,24/06/2021,Warmworks,House,Detached,Rural,1991-2000,A,2,0,1,136.2,5,3,5,2.6,Cavity_Insulated,Suspended,Pitched,Double,Yes,Gas,Gas Boiler - Standard,Gas Boiler - Standard,Water,Medium (131-170l),0,0,0,null,null,7.1,60,18960,2250,0,50,3.81,,,,,,,,,,,,,,,,,,,,,,,,,,,,,,,,,,,,,,,,,,,,,,,,,,,,,,,,,,,,,,,,,,,,,,,,,,,,,,,
Warmworks,EOH0255,EH15,45,Working Full time (>30hrs),Professional,Prefer not to say,2021-05-05T00:00:00.000Z,Owner-Occupied,7,AB,28/06/2021,Restricted Data,House,Mid-Terrace,Urban,1991-2000,D,2,1,3,115.76,5,3,5,2.53,Cavity_Insulated,Solid,Pitched,Double,Yes,Gas,Gas Boiler - Standard,None,Water,Normal (90-130l),0,0,0,null,null,null,null,null,null,null,null,null,,,,,,,,,,,,,,,,,,,,,,,,,,,,,,,,,,,,,,,,,,,,,,,,,,,,,,,,,,,,,,,,,,,,,,,,,,,,,,,
Warmworks,EOH0767,EH22,67,Working Full time (>30hrs),Professional,"20,001 - 25,000",2021-05-06T00:00:00.000Z,Owner-Occupied,null,C1,16/07/2021,Warmworks,House,Mid-Terrace,Suburban,Pre 1919,E,2,0,2,80.52,4,2,4,2.7,Cavity_No_insulation,Suspended,Pitched,Double,Yes,Gas,Gas Boiler - Standard,Fire - Gas,Water,Normal (90-130l),0,1,1,null,null,null,null,null,null,null,null,null,,,,,,,,,,,,,,,,,,,,,,,,,,,,,,,,,,,,,,,,,,,,,,,,,,,,,,,,,,,,,,,,,,,,,,,,,,,,,,,
Warmworks,EOH2394,EH34,48,Working Part time,Professional,Prefer not to say,2021-05-11T00:00:00.000Z,Owner-Occupied,10,C1,05/07/2021,Warmworks,House,Semi-Detached,Suburban,Pre 1919,E,2,2,2,97.98,4,3,4,2.6,Cavity_No_insulation,Suspended,Pitched,Double,Yes,Gas,Gas Boiler - Standard,Gas Boiler - Standard,Water,Normal (90-130l),0,0,0,null,null,6,null,17068,1687,0,null,null,,,,,,,,,,,,,,,,,,,,,,,,,,,,,,,,,,,,,,,,,,,,,,,,,,,,,,,,,,,,,,,,,,,,,,,,,,,,,,,
Warmworks,EOH1440,EH34,28,Unemployed,Unemployed/Benefits,"0 - 12,500",2021-05-13T00:00:00.000Z,Owner-Occupied,1,DE,14/07/2021,Warmworks,House,Mid-Terrace,Rural,1965-1980,G,1,0,2,86.41,4,3,0,2.4,Cavity_Insulated,Suspended,Pitched,Double,No,Oil,None,None,Water,No access,0,0,0,null,null,null,null,null,null,null,null,null,,,,,,,,,,,,,,,,,,,,,,,,,,,,,,,,,,,,,,,,,,,,,,,,,,,,,,,,,,,,,,,,,,,,,,,,,,,,,,,
Warmworks,EOH2428,EH33,49,Working Full time (>30hrs),Professional,Prefer not to say,2021-05-14T00:00:00.000Z,Owner-Occupied,15,AB,30/06/2021,Warmworks,House,Mid-Terrace,Rural,Pre 1919,F,1,1,1,87.11,4,2,3,2.56,Cavity_No_insulation,Suspended,Pitched,Double,No,Coal,Fire - Coal,None,Water,Medium (131-170l),0,0,0,2699,null,null,null,null,null,null,null,null,,,,,,,,,,,,,,,,,,,,,,,,,,,,,,,,,,,,,,,,,,,,,,,,,,,,,,,,,,,,,,,,,,,,,,,,,,,,,,,
Warmworks,EOH0681,TD1,43,Unemployed,Unemployed/Benefits,"0 - 12,500",2021-05-18T00:00:00.000Z,Rented (Social),1,DE,09/07/2021,Warmworks,Flat,Flat,Suburban,1965-1980,E,2,0,1,47.77,2,1,2,2.29,Cavity_No_insulation,Solid,Another Dwelling Above,Double,No,Electricity,Electric - Direct,None,Water,Normal (90-130l),0,0,0,null,null,null,null,null,null,null,null,null,,,,,,,,,,,,,,,,,,,,,,,,,,,,,,,,,,,,,,,,,,,,,,,,,,,,,,,,,,,,,,,,,,,,,,,,,,,,,,,
Warmworks,EOH0266,EH27,61,Working Full time (>30hrs),Manager,"50,001+",2021-06-03T00:00:00.000Z,Owner-Occupied,23,AB,22/07/2021,Warmworks,House,Detached,Rural,Pre 1919,E,3,0,1,215.98,5,3,5,3.24,Cavity_No_insulation,Suspended,Pitched,Double,No,Oil,Oil Boiler,Fire - Wood,Water,Large (> 170l),0,0,1,null,null,null,null,null,null,null,null,null,,,,,,,,,,,,,,,,,,,,,,,,,,,,,,,,,,,,,,,,,,,,,,,,,,,,,,,,,,,,,,,,,,,,,,,,,,,,,,,
Warmworks,EOH2532,EH10,69,Retired,Pensioner,"40,001 - 50,000",2021-06-09T00:00:00.000Z,Owner-Occupied,22,DE,06/07/2021,Warmworks,House,Detached,Urban,Pre 1919,D,2,0,2,147.59,7,4,7,3.01,Cavity_No_insulation,Suspended,Pitched,Double,Yes,Gas,Gas Boiler - Standard,Fire - Gas,Water,Normal (90-130l),0,1,1,4270,19161,null,null,null,null,null,null,null,,,,,,,,,,,,,,,,,,,,,,,,,,,,,,,,,,,,,,,,,,,,,,,,,,,,,,,,,,,,,,,,,,,,,,,,,,,,,,,
Warmworks,EOH1916,EH46,60,Working Full time (>30hrs),Clerical,Prefer not to say,2021-06-10T00:00:00.000Z,Rented (Social),20,C1,20/07/2021,Warmworks,House,End-Terrace,Suburban,2001+,D,2,0,2,89.6,5,3,4,2.4,Cavity_Insulated,Solid,Pitched,Double,No,Electricity,Electric - Storage,Electric - Direct,Water,Large (> 170l),0,0,0,null,null,null,null,null,null,null,null,null,,,,,,,,,,,,,,,,,,,,,,,,,,,,,,,,,,,,,,,,,,,,,,,,,,,,,,,,,,,,,,,,,,,,,,,,,,,,,,,
Warmworks,EOH2547,KY4,52,Working Full time (>30hrs),Professional,Prefer not to say,2021-06-11T00:00:00.000Z,Owner-Occupied,4,C1,08/07/2021,Warmworks,House,Detached,Rural,Pre 1919,C,3,0,2,215.58,6,4,6,2.36,Cavity_No_insulation,Solid,Pitched,Double,Yes,Gas,Gas Boiler - Standard,Fire - Wood,Water,Large (> 170l),0,0,0,null,null,null,null,null,null,null,null,null,,,,,,,,,,,,,,,,,,,,,,,,,,,,,,,,,,,,,,,,,,,,,,,,,,,,,,,,,,,,,,,,,,,,,,,,,,,,,,,
Warmworks,EOH2066,EH14,38,Working Full time (>30hrs),Professional,"40,001 - 50,000",2021-07-08T00:00:00.000Z,Owner-Occupied,1,C1,21/07/2021,Warmworks,House,Detached,Urban,1919-1944,D,2,0,2,120.14,5,3,5,2.75,Cavity_Insulated,Suspended,Pitched,Double,Yes,Gas,Gas Boiler - Standard,None,Water,Normal (90-130l),0,0,1,null,null,9.3,83,23278,2953,0,50,3.92,,,,,,,,,,,,,,,,,,,,,,,,,,,,,,,,,,,,,,,,,,,,,,,,,,,,,,,,,,,,,,,,,,,,,,,,,,,,,,,
OVO,EOH1545,RH13,60,Working Full time (>30hrs),Professional,"50,001+",2020-07-01T00:00:00.000Z,Owner-Occupied,8,AB,18/12/2020,Retrofitworks,House,Detached,Suburban,1991-2000,null,2,1,2,128,11,4,11,2.45,Cavity_Insulated,Solid,Pitched,Double,Yes,Gas,Gas Boiler - Standard,Electric - Warm air,Water,100,0,0,1,8000,16000,null,null,null,null,null,null,null,,,,,,,,,,,,,,,,,,,,,,,,,,,,,,,,,,,,,,,,,,,,,,,,,,,,,,,,,,,,,,,,,,,,,,,,,,,,,,,
OVO,EOH0557,RG8,46,Working Full time (>30hrs),Professional,Prefer not to say,2020-07-01T00:00:00.000Z,Owner-Occupied,20,AB,03/02/2021,Retrofitworks,House,Detached,Rural,1991-2000,null,3,1,2,170.4,10,5,16,2.35,Cavity_Insulated,Solid,Pitched,Double,Yes,Gas,Gas Boiler - Standard,None,Water,150,0,0,0,null,null,null,null,null,null,null,null,null,,,,,,,,,,,,,,,,,,,,,,,,,,,,,,,,,,,,,,,,,,,,,,,,,,,,,,,,,,,,,,,,,,,,,,,,,,,,,,,
OVO,EOH1230,PO11,37,Working Full time (>30hrs),Manager,"25,001 - 30,000",2020-07-01T00:00:00.000Z,Owner-Occupied,2,AB,14/02/2021,Retrofitworks,House,Detached,Suburban,1945-1964,null,1,1,1,82,4,2,6,2.4,Cavity_Insulated,Suspended,Pitched,Double,Yes,Gas,Gas Boiler - Standard,None,Water,100,0,0,0,null,null,null,null,null,null,null,null,null,,,,,,,,,,,,,,,,,,,,,,,,,,,,,,,,,,,,,,,,,,,,,,,,,,,,,,,,,,,,,,,,,,,,,,,,,,,,,,,
OVO,EOH0909,KT21,62,Working Full time (>30hrs),Professional,"50,001+",2020-07-01T00:00:00.000Z,Owner-Occupied,16,AB,12/10/2020,Retrofitworks,House,Detached,Suburban,Pre 1919,E,3,0,2,256.47,9,5,9,2.74,Cavity_Insulated,Suspended,Pitched,Double,Yes,Gas,Gas Boiler - Standard,null,Water,140,0,3,1,6779.6,39192.9,null,null,null,null,null,null,null,,,,,,,,,,,,,,,,,,,,,,,,,,,,,,,,,,,,,,,,,,,,,,,,,,,,,,,,,,,,,,,,,,,,,,,,,,,,,,,
OVO,EOH2283,KT22,62,Retired,Pensioner,"40,001 - 50,000",2020-01-07T00:00:00.000Z,Owner-Occupied,17,DE,25/09/2020,Restricted Data,House,Detached,Suburban,1965-1980,null,2,0,1,102.62,4,3,5,2.41,Cavity_Insulated,Solid,Pitched,Double,Yes,Gas,Gas - Warm air,Fire - Wood,Water,100,0,1,1,6885,14433,5.51,61.15,11690,2696.92,3203,50,3.43,,,,,,,,,,,,,,,,,,,,,,,,,,,,,,,,,,,,,,,,,,,,,,,,,,,,,,,,,,,,,,,,,,,,,,,,,,,,,,,
OVO,EOH1897,RH16,37,Working Full time (>30hrs),Manager,"50,001+",2020-07-02T00:00:00.000Z,Owner-Occupied,2,C1,13/01/2021,Retrofitworks,House,Semi-Detached,Suburban,1919-1944,null,2,1,2,108.34,5,3,6,2.45,Cavity_No_insulation,Solid,Pitched,Double,Yes,Gas,Gas Boiler - Standard,Fire - Wood,Water,130,0,0,0,null,null,6.18,66.34,11761,3057,109,null,null,,,,,,,,,,,,,,,,,,,,,,,,,,,,,,,,,,,,,,,,,,,,,,,,,,,,,,,,,,,,,,,,,,,,,,,,,,,,,,,
OVO,EOH0129,PO6,30,Working Full time (>30hrs),Clerical,"50,001+",2020-07-02T00:00:00.000Z,Owner-Occupied,8,C1,21/01/2021,Retrofitworks,House,Mid-Terrace,Urban,1919-1944,null,2,0,2,62.98,5,3,6,2.4,Cavity_Insulated,Suspended,Pitched,Double,Yes,Gas,Gas Boiler - Standard,None,Water,150,0,0,0,null,null,null,null,null,null,null,null,null,,,,,,,,,,,,,,,,,,,,,,,,,,,,,,,,,,,,,,,,,,,,,,,,,,,,,,,,,,,,,,,,,,,,,,,,,,,,,,,
OVO,EOH1788,TN12,60,Working Part time,Professional,"0 - 12,500",2020-07-07T00:00:00.000Z,Owner-Occupied,20,C2,19/11/2020,Retrofitworks,House,Semi-Detached,Rural,Pre 1919,null,1,0,3,75.7,5,3,5,2.29,Solid_No_insulation,Solid,Pitched,Double,Yes,Gas,Gas Boiler - Standard,Fire - Wood,Water,130,1,0,1,null,null,null,null,null,null,null,null,null,,,,,,,,,,,,,,,,,,,,,,,,,,,,,,,,,,,,,,,,,,,,,,,,,,,,,,,,,,,,,,,,,,,,,,,,,,,,,,,
OVO,EOH1460,DA9,44,Working Full time (>30hrs),Professional,"30,001 - 40,000",2020-07-02T00:00:00.000Z,Owner-Occupied,6,C1,10/12/2020,Retrofitworks,House,Semi-Detached,Suburban,1991-2000,null,3,3,2,116,6,5,8,2.5,Cavity_Insulated,Mix,Pitched,Double,Yes,Gas,Gas Boiler - Standard,None,Water,150,0,0,1,null,null,8.63,76.79,21160.96,4745,1182.94,null,null,,,,,,,,,,,,,,,,,,,,,,,,,,,,,,,,,,,,,,,,,,,,,,,,,,,,,,,,,,,,,,,,,,,,,,,,,,,,,,,
OVO,EOH0859,TW16,52,Working Full time (>30hrs),Manager,"50,001+",2020-07-01T00:00:00.000Z,Owner-Occupied,13,C1,16/09/2020,Retrofitworks,House,Detached,Suburban,1981-1990,F,2,0,2,127,5,3,5,2.45,Cavity_Insulated,Suspended,Pitched,Double,No,LPG,LPG Boiler,Fire - Wood,Water,70,0,0,0,5000,null,6.5,59.1,4616,2697,493,50,3.81,,,,,,,,,,,,,,,,,,,,,,,,,,,,,,,,,,,,,,,,,,,,,,,,,,,,,,,,,,,,,,,,,,,,,,,,,,,,,,,
OVO,EOH0579,PO8,36,Working Full time (>30hrs),Skilled Manual Worker,"50,001+",2020-07-02T00:00:00.000Z,Owner-Occupied,3,C2,19/01/2021,Retrofitworks,House,Detached,Suburban,1965-1980,null,2,1,2,78.2,5,3,5,2.4,Cavity_Insulated,Solid,Pitched,Double,Yes,Gas,Gas Boiler - Standard,None,Water,130,0,1,1,null,null,null,null,null,null,null,null,null,,,,,,,,,,,,,,,,,,,,,,,,,,,,,,,,,,,,,,,,,,,,,,,,,,,,,,,,,,,,,,,,,,,,,,,,,,,,,,,
OVO,EOH0299,RG4,36,Working Full time (>30hrs),Manager,"50,001+",2020-07-02T00:00:00.000Z,Owner-Occupied,2,AB,09/03/2021,Retrofitworks,House,Semi-Detached,Suburban,1965-1980,null,1,3,2,97.66,5,4,6,2.4,Cavity_Insulated,Suspended,Pitched,Double,Yes,Gas,Gas Boiler - Standard,None,Water,120,0,0,0,null,null,null,null,null,null,null,null,null,,,,,,,,,,,,,,,,,,,,,,,,,,,,,,,,,,,,,,,,,,,,,,,,,,,,,,,,,,,,,,,,,,,,,,,,,,,,,,,
OVO,EOH0282,KT12,48,Working Full time (>30hrs),Professional,"50,001+",2020-07-01T00:00:00.000Z,Owner-Occupied,5,AB,18/09/2020,Retrofitworks,House,Semi-Detached,Urban,2001+,B,2,1,3,141.36,6,4,6,2.53,Cavity_Insulated,Suspended,Pitched,Triple,Yes,Gas,Gas Boiler - Standard,None,Water,70,0,0,1,9320,3068.9,null,null,null,null,null,null,null,,,,,,,,,,,,,,,,,,,,,,,,,,,,,,,,,,,,,,,,,,,,,,,,,,,,,,,,,,,,,,,,,,,,,,,,,,,,,,,
OVO,EOH0148,HP9,67,Retired,Manager,"40,001 - 50,000",2020-07-02T00:00:00.000Z,Owner-Occupied,12,DE,11/03/2021,Retrofitworks,House,Detached,Suburban,2001+,null,2,0,2,110.08,8,4,8,2.4,Cavity_Insulated,Solid,Pitched,Double,Yes,Gas,Gas Boiler - Standard,None,Water,150,0,0,1,null,null,null,null,null,null,null,null,null,,,,,,,,,,,,,,,,,,,,,,,,,,,,,,,,,,,,,,,,,,,,,,,,,,,,,,,,,,,,,,,,,,,,,,,,,,,,,,,
OVO,EOH0507,RG20,65,Retired,Pensioner,"25,001 - 30,000",2020-07-03T00:00:00.000Z,Owner-Occupied,3,DE,09/03/2021,Retrofitworks,House,Detached,Rural,Pre 1919,null,2,0,2,147.5,7,4,7,2.3,Solid_No_insulation,Solid,Pitched,Double,No,Oil,Oil Boiler,null,Water,150,0,0,0,null,null,null,null,null,null,null,null,null,,,,,,,,,,,,,,,,,,,,,,,,,,,,,,,,,,,,,,,,,,,,,,,,,,,,,,,,,,,,,,,,,,,,,,,,,,,,,,,
OVO,EOH2858,OX11,33,Working Full time (>30hrs),Professional,"50,001+",2020-07-02T00:00:00.000Z,Owner-Occupied,null,C1,13/02/2021,Retrofitworks,House,Detached,Suburban,2001+,null,2,3,2,142,7,4,7,2.4,Cavity_Insulated,Solid,Pitched,Double,Yes,Gas,Gas Boiler - Standard,None,Water,200,0,0,0,null,null,null,null,null,null,null,null,null,,,,,,,,,,,,,,,,,,,,,,,,,,,,,,,,,,,,,,,,,,,,,,,,,,,,,,,,,,,,,,,,,,,,,,,,,,,,,,,
OVO,EOH0952,PO8,37,Working Full time (>30hrs),Manager,"40,001 - 50,000",2020-07-03T00:00:00.000Z,Owner-Occupied,4,AB,20/01/2021,Retrofitworks,House,Detached,Suburban,1965-1980,null,2,2,2,111.4,8,4,8,2.4,Cavity_Insulated,Suspended,Pitched,Double,Yes,Gas,Gas Boiler - Standard,None,Water,130,0,0,0,null,null,8.2,77.94,24009.1,7020.2,4745,null,null,,,,,,,,,,,,,,,,,,,,,,,,,,,,,,,,,,,,,,,,,,,,,,,,,,,,,,,,,,,,,,,,,,,,,,,,,,,,,,,
OVO,EOH2597,OX29,63,Retired,Manager,Prefer not to say,2020-07-02T00:00:00.000Z,Owner-Occupied,14,DE,11/03/2021,Retrofitworks,House,Detached,Rural,Pre 1919,null,2,0,2,243.6,10,5,10,2.7,Solid_No_insulation,Solid,Pitched,Double,No,Oil,Oil Boiler,Fire - Wood,Water,120,0,0,0,null,null,28.085,null,null,null,null,null,null,,,,,,,,,,,,,,,,,,,,,,,,,,,,,,,,,,,,,,,,,,,,,,,,,,,,,,,,,,,,,,,,,,,,,,,,,,,,,,,
OVO,EOH1933,HP22,35,Working Part time,Professional,"40,001 - 50,000",2020-07-02T00:00:00.000Z,Owner-Occupied,5,C1,11/02/2021,Retrofitworks,House,End-Terrace,Suburban,1919-1944,null,2,1,2,74.9,6,3,6,2.4,Cavity_Insulated,Solid,Pitched,Double,Yes,Gas,Gas Boiler - Standard,Fire - Wood,Water,100,0,0,0,null,null,null,null,null,null,null,null,null,,,,,,,,,,,,,,,,,,,,,,,,,,,,,,,,,,,,,,,,,,,,,,,,,,,,,,,,,,,,,,,,,,,,,,,,,,,,,,,
OVO,EOH2406,TN25,28,Working Full time (>30hrs),Professional,"40,001 - 50,000",2020-07-01T00:00:00.000Z,Owner-Occupied,5,C1,20/11/2020,Retrofitworks,House,Mid-Terrace,Suburban,2001+,null,2,1,2,73.18,3,2,3,2.42,Cavity_Insulated,Solid,Pitched,Double,Yes,Gas,Gas Boiler - Combi,null,Water,130,0,0,0,null,null,2.47,36.34,6631,2292,82,50,3.4,,,,,,,,,,,,,,,,,,,,,,,,,,,,,,,,,,,,,,,,,,,,,,,,,,,,,,,,,,,,,,,,,,,,,,,,,,,,,,,
OVO,EOH1444,SL8,73,Retired,Professional,"20,001 - 25,000",2020-07-02T00:00:00.000Z,Owner-Occupied,6,AB,01/02/2021,Retrofitworks,House,Detached,Rural,1965-1980,null,2,0,2,111.84,4,4,4,2.5,Cavity_Insulated,Solid,Pitched,Double,Yes,Gas,Gas Boiler - Standard,None,Water,100,0,0,0,null,null,null,null,null,null,null,null,null,,,,,,,,,,,,,,,,,,,,,,,,,,,,,,,,,,,,,,,,,,,,,,,,,,,,,,,,,,,,,,,,,,,,,,,,,,,,,,,
OVO,EOH2043,TN2,44,Working Full time (>30hrs),Professional,"50,001+",2020-07-02T00:00:00.000Z,Owner-Occupied,5,AB,24/11/2020,Retrofitworks,House,Detached,Suburban,1919-1944,null,2,3,2,260.93,8,5,8,2.43,Cavity_Insulated,Solid,Pitched,Double,Yes,Gas,Gas Boiler - Standard,Electric - Warm air,Water,170,1,0,0,null,null,null,null,null,null,null,null,null,,,,,,,,,,,,,,,,,,,,,,,,,,,,,,,,,,,,,,,,,,,,,,,,,,,,,,,,,,,,,,,,,,,,,,,,,,,,,,,
OVO,EOH0797,RG27,65,Retired,Pensioner,"40,001 - 50,000",2020-07-02T00:00:00.000Z,Owner-Occupied,15,DE,02/02/2021,Retrofitworks,House,Detached,Rural,1981-1990,null,5,0,2,93.48,5,4,10,2.4,Cavity_Insulated,Solid,Pitched,Double,Yes,Gas,Gas Boiler - Standard,null,Water,100,2,0,1,null,null,null,null,null,null,null,null,null,,,,,,,,,,,,,,,,,,,,,,,,,,,,,,,,,,,,,,,,,,,,,,,,,,,,,,,,,,,,,,,,,,,,,,,,,,,,,,,
OVO,EOH2851,LU6,69,Retired,Professional,"30,001 - 40,000",2020-07-02T00:00:00.000Z,Owner-Occupied,45,DE,30/01/2021,Retrofitworks,House,Mid-Terrace,Suburban,1965-1980,null,2,0,3,147,7,3,11,2.4,Solid_No_insulation,Solid,Pitched,Double,Yes,Gas,Gas Boiler - Standard,None,Water,170,0,0,0,null,null,null,null,null,null,null,null,null,,,,,,,,,,,,,,,,,,,,,,,,,,,,,,,,,,,,,,,,,,,,,,,,,,,,,,,,,,,,,,,,,,,,,,,,,,,,,,,
OVO,EOH2975,ME1,52,Working Full time (>30hrs),Professional,"50,001+",2020-07-02T00:00:00.000Z,Owner-Occupied,6,AB,04/01/2021,Retrofitworks,House,Mid-Terrace,Suburban,2001+,null,2,0,3,116,7,4,10,2.37,Cavity_Insulated,Mix,Pitched,Double,Yes,Gas,Gas Boiler - Combi,None,Water,170,0,0,1,null,null,6.52,34.35,17691.95,3650,841.01,null,null,,,,,,,,,,,,,,,,,,,,,,,,,,,,,,,,,,,,,,,,,,,,,,,,,,,,,,,,,,,,,,,,,,,,,,,,,,,,,,,
OVO,EOH1741,RG12,32,Working Full time (>30hrs),Manager,"40,001 - 50,000",2020-07-02T00:00:00.000Z,Owner-Occupied,2,C1,19/01/2021,Retrofitworks,House,Mid-Terrace,Suburban,2001+,null,2,1,3,119,9,3,9,2.35,Cavity_Insulated,Solid,Pitched,Double,Yes,Gas,Gas Boiler - Standard,None,Water,200,0,0,1,null,null,null,null,null,null,null,null,null,,,,,,,,,,,,,,,,,,,,,,,,,,,,,,,,,,,,,,,,,,,,,,,,,,,,,,,,,,,,,,,,,,,,,,,,,,,,,,,
OVO,EOH3097,TW17,43,Working Full time (>30hrs),Professional,"50,001+",2020-07-01T00:00:00.000Z,Owner-Occupied,6,AB,15/09/2020,Retrofitworks,House,Semi-Detached,Suburban,1919-1944,null,2,2,2,111.04,6,3,7,2.5,Solid_No_insulation,Suspended,Pitched,Double,Yes,Gas,Gas Boiler - Standard,None,Water,90,0,0,0,18629.81,null,8.94,86.35,11796,3596,4757,50,3.48,,,,,,,,,,,,,,,,,,,,,,,,,,,,,,,,,,,,,,,,,,,,,,,,,,,,,,,,,,,,,,,,,,,,,,,,,,,,,,,
OVO,EOH1820,PO14,42,Working Full time (>30hrs),Professional,"50,001+",2020-07-02T00:00:00.000Z,Owner-Occupied,5,AB,29/01/2021,Retrofitworks,House,Detached,Rural,1991-2000,null,2,3,2,133.6,7,4,12,2.5,Cavity_Insulated,Suspended,Pitched,Double,Yes,Gas,Gas Boiler - Standard,Fire - Wood,Water,100,0,0,0,null,null,null,null,null,null,null,null,null,,,,,,,,,,,,,,,,,,,,,,,,,,,,,,,,,,,,,,,,,,,,,,,,,,,,,,,,,,,,,,,,,,,,,,,,,,,,,,,
OVO,EOH0910,SO14,68,Retired,Pensioner,"20,001 - 25,000",2020-07-02T00:00:00.000Z,Owner-Occupied,28,DE,25/01/2021,Retrofitworks,House,Mid-Terrace,Urban,Pre 1919,null,2,1,2,99,5,3,9,2.5,Solid_Insulated,Suspended,Pitched,Double,Yes,Gas,Gas Boiler - Standard,None,Water,100,0,0,0,null,null,null,null,null,null,null,null,null,,,,,,,,,,,,,,,,,,,,,,,,,,,,,,,,,,,,,,,,,,,,,,,,,,,,,,,,,,,,,,,,,,,,,,,,,,,,,,,
OVO,EOH2520,MK10,45,Working Full time (>30hrs),Professional,"50,001+",2020-07-01T00:00:00.000Z,Owner-Occupied,5,AB,02/02/2021,Retrofitworks,House,Detached,Suburban,2001+,null,2,2,3,104,9,5,11,2.4,Cavity_Insulated,Solid,Pitched,Double,Yes,Gas,Gas Boiler - Standard,Electric - Warm air,Water,150,0,0,1,null,null,null,null,null,null,null,null,null,,,,,,,,,,,,,,,,,,,,,,,,,,,,,,,,,,,,,,,,,,,,,,,,,,,,,,,,,,,,,,,,,,,,,,,,,,,,,,,
OVO,EOH2025,BN2,42,Working Full time (>30hrs),Professional,"50,001+",2020-07-02T00:00:00.000Z,Owner-Occupied,4,C2,30/11/2020,Retrofitworks,House,Semi-Detached,Suburban,1945-1964,null,2,0,2,88,6,3,6,2.35,Cavity_Insulated,Suspended,Pitched,Double,Yes,Gas,Gas Boiler - Standard,None,Water,96,0,1,1,4217,6758,6.15,87.52,10439,3057,109,46,4.07,,,,,,,,,,,,,,,,,,,,,,,,,,,,,,,,,,,,,,,,,,,,,,,,,,,,,,,,,,,,,,,,,,,,,,,,,,,,,,,
OVO,EOH0404,OX92,54,Working Part time,Professional,"40,001 - 50,000",2020-07-02T00:00:00.000Z,Owner-Occupied,null,AB,01/02/2021,Retrofitworks,House,Semi-Detached,Suburban,2001+,null,2,0,3,96.24,5,3,5,2.6,Cavity_Insulated,Solid,Pitched,Double,Yes,Gas,Gas Boiler - Standard,None,Water,100,0,0,0,null,null,null,null,null,null,null,null,null,,,,,,,,,,,,,,,,,,,,,,,,,,,,,,,,,,,,,,,,,,,,,,,,,,,,,,,,,,,,,,,,,,,,,,,,,,,,,,,
OVO,EOH0224,RG25,42,Working Full time (>30hrs),Professional,Prefer not to say,2020-07-02T00:00:00.000Z,Owner-Occupied,7,C1,25/01/2021,Retrofitworks,House,Detached,Suburban,2001+,null,2,0,2,81.6,5,3,4,2.4,Cavity_Insulated,Solid,Pitched,Double,Yes,Gas,Gas Boiler - Standard,None,Water,100,0,0,0,null,null,null,null,null,null,null,null,null,,,,,,,,,,,,,,,,,,,,,,,,,,,,,,,,,,,,,,,,,,,,,,,,,,,,,,,,,,,,,,,,,,,,,,,,,,,,,,,
OVO,EOH1857,RG2,29,Working Part time,Professional,"50,001+",2020-07-02T00:00:00.000Z,Owner-Occupied,5,C2,21/01/2021,Retrofitworks,House,Semi-Detached,Suburban,1945-1964,null,2,1,2,85,5,2,5,2.35,Cavity_Insulated,Solid,Pitched,Double,Yes,Gas,Gas Boiler - Standard,Fire - Wood,Water,150,0,1,0,null,null,null,null,null,null,null,null,null,,,,,,,,,,,,,,,,,,,,,,,,,,,,,,,,,,,,,,,,,,,,,,,,,,,,,,,,,,,,,,,,,,,,,,,,,,,,,,,
OVO,EOH1781,SL7,80,Retired,Pensioner,"50,001+",2020-07-02T00:00:00.000Z,Owner-Occupied,8,DE,12/02/2021,Retrofitworks,House,Detached,Suburban,1945-1964,C,2,0,2,134,9,3,9,2.35,Cavity_Insulated,Suspended,Pitched,Double,Yes,Gas,Gas Boiler - Standard,null,Water,170,0,0,0,null,null,null,null,null,null,null,null,null,,,,,,,,,,,,,,,,,,,,,,,,,,,,,,,,,,,,,,,,,,,,,,,,,,,,,,,,,,,,,,,,,,,,,,,,,,,,,,,
OVO,EOH2871,GU7,42,Working Part time,Professional,"40,001 - 50,000",2020-07-02T00:00:00.000Z,Owner-Occupied,5,C1,17/02/2021,Retrofitworks,House,Mid-Terrace,Suburban,Pre 1919,null,2,1,2,68,4,2,4,2.4,Cavity_No_insulation,Mix,Pitched,Double,Yes,Gas,Gas Boiler - Standard,null,Water,120,0,1,1,null,null,null,null,null,null,null,null,null,,,,,,,,,,,,,,,,,,,,,,,,,,,,,,,,,,,,,,,,,,,,,,,,,,,,,,,,,,,,,,,,,,,,,,,,,,,,,,,
OVO,EOH2473,BN16,79,Retired,Pensioner,"16,201 - 20,000",2020-07-02T00:00:00.000Z,Owner-Occupied,20,DE,25/11/2020,Retrofitworks,House,Detached,Suburban,1919-1944,null,2,0,1,126.05,6,2,9,2.5,Cavity_Insulated,Mix,Pitched,Double,Yes,Gas,Gas Boiler - Standard,Gas - Warm air,Water,130,0,1,1,2367,null,11,115.9,24812,3872,108,null,null,,,,,,,,,,,,,,,,,,,,,,,,,,,,,,,,,,,,,,,,,,,,,,,,,,,,,,,,,,,,,,,,,,,,,,,,,,,,,,,
OVO,EOH0960,SO51,76,Retired,Pensioner,"40,001 - 50,000",2020-07-02T00:00:00.000Z,Owner-Occupied,12,DE,26/01/2021,Retrofitworks,House,Mid-Terrace,Urban,2001+,null,2,0,2,100,5,3,8,2.35,Cavity_Insulated,Solid,Pitched,Double,Yes,Gas,Gas Boiler - Standard,Fire - Gas,Water,100,0,1,1,null,null,null,null,null,null,null,null,null,,,,,,,,,,,,,,,,,,,,,,,,,,,,,,,,,,,,,,,,,,,,,,,,,,,,,,,,,,,,,,,,,,,,,,,,,,,,,,,
OVO,EOH1616,BN3,37,Stay at home parent,Unemployed/Benefits,"50,001+",2020-07-02T00:00:00.000Z,Owner-Occupied,1,DE,17/11/2020,Retrofitworks,House,Semi-Detached,Suburban,1919-1944,null,2,1,2,119,5,3,5,2.54,Cavity_No_insulation,Mix,Pitched,Double,Yes,Gas,Gas Boiler - Standard,None,Water,150,0,0,1,2106.62,18302.57,null,null,null,null,null,null,null,,,,,,,,,,,,,,,,,,,,,,,,,,,,,,,,,,,,,,,,,,,,,,,,,,,,,,,,,,,,,,,,,,,,,,,,,,,,,,,
OVO,EOH0787,BR6,71,Retired,Pensioner,"50,001+",2020-07-02T00:00:00.000Z,Owner-Occupied,38,DE,26/01/2021,Retrofitworks,House,Detached,Suburban,1919-1944,D,2,0,2,220,14,5,14,2.65,Cavity_Insulated,Solid,Pitched,Double,Yes,Gas,Gas Boiler - Standard,None,Water,170,0,1,1,4944,31745,null,null,null,null,null,null,null,,,,,,,,,,,,,,,,,,,,,,,,,,,,,,,,,,,,,,,,,,,,,,,,,,,,,,,,,,,,,,,,,,,,,,,,,,,,,,,
OVO,EOH2775,SP10,54,Working Full time (>30hrs),Manager,"50,001+",2020-07-02T00:00:00.000Z,Owner-Occupied,23,AB,22/01/2021,Retrofitworks,House,Detached,Suburban,1991-2000,null,2,0,2,136,6,4,11,2.3,Cavity_Insulated,Solid,Pitched,Double,Yes,Gas,Gas Boiler - Standard,None,Water,100,0,1,1,null,null,null,null,null,null,null,null,null,,,,,,,,,,,,,,,,,,,,,,,,,,,,,,,,,,,,,,,,,,,,,,,,,,,,,,,,,,,,,,,,,,,,,,,,,,,,,,,
OVO,EOH0437,NN8,47,Working Full time (>30hrs),Skilled Manual Worker,Prefer not to say,2020-07-02T00:00:00.000Z,Owner-Occupied,20,C1,05/02/2021,null,House,Semi-Detached,Urban,1945-1964,null,3,0,2,74.2,4,3,4,2.4,Cavity_Insulated,Solid,Pitched,Double,Yes,Gas,Gas - Warm air,None,Water,100,0,0,1,null,null,null,null,null,null,null,null,null,,,,,,,,,,,,,,,,,,,,,,,,,,,,,,,,,,,,,,,,,,,,,,,,,,,,,,,,,,,,,,,,,,,,,,,,,,,,,,,
OVO,EOH1272,RG14,85,Retired,Pensioner,Prefer not to say,2020-07-02T00:00:00.000Z,Owner-Occupied,19,DE,15/02/2021,Retrofitworks,House,Detached,Suburban,1965-1980,null,2,0,2,115,6,4,10,2.4,Cavity_Insulated,Solid,Pitched,Double,Yes,Gas,Gas Boiler - Standard,None,Water,120,0,0,1,null,null,null,null,null,null,null,null,null,,,,,,,,,,,,,,,,,,,,,,,,,,,,,,,,,,,,,,,,,,,,,,,,,,,,,,,,,,,,,,,,,,,,,,,,,,,,,,,
OVO,EOH2246,RH7,34,Working Full time (>30hrs),Clerical,"50,001+",2020-07-02T00:00:00.000Z,Owner-Occupied,1,C1,15/01/2021,Retrofitworks,House,Semi-Detached,Suburban,1965-1980,null,2,0,2,140.45,5,4,8,2.4,Cavity_No_insulation,Solid,Pitched,Double,Yes,Gas,Gas Boiler - Standard,None,Water,130,0,0,0,null,null,null,null,null,null,null,null,null,,,,,,,,,,,,,,,,,,,,,,,,,,,,,,,,,,,,,,,,,,,,,,,,,,,,,,,,,,,,,,,,,,,,,,,,,,,,,,,
OVO,EOH2836,PO7,41,Working Full time (>30hrs),Manager,"50,001+",2020-07-02T00:00:00.000Z,Owner-Occupied,5,C1,20/01/2021,Retrofitworks,House,Detached,Suburban,2001+,null,1,0,2,157.36,6,4,10,2.4,Cavity_Insulated,Solid,Pitched,Double,Yes,Gas,Gas Boiler - Standard,None,Water,130,0,0,1,null,null,null,null,null,null,null,null,null,,,,,,,,,,,,,,,,,,,,,,,,,,,,,,,,,,,,,,,,,,,,,,,,,,,,,,,,,,,,,,,,,,,,,,,,,,,,,,,
OVO,EOH1461,TN12,69,Working Part time,Professional,"50,001+",2020-07-02T00:00:00.000Z,Owner-Occupied,45,DE,23/11/2020,Retrofitworks,House,Semi-Detached,Suburban,1945-1964,null,2,0,2,126.62,7,5,9,2.35,Cavity_No_insulation,Solid,Pitched,Double,Yes,Gas,Gas Boiler - Standard,null,Water,150,0,1,1,1789.03,8544.95,null,null,null,null,null,null,null,,,,,,,,,,,,,,,,,,,,,,,,,,,,,,,,,,,,,,,,,,,,,,,,,,,,,,,,,,,,,,,,,,,,,,,,,,,,,,,
OVO,EOH3120,TN6,63,Retired,Pensioner,"40,001 - 50,000",2020-07-07T00:00:00.000Z,Owner-Occupied,9,C2,10/12/2020,Retrofitworks,House,Detached,Rural,2001+,null,2,0,2,130.15,6,4,6,2.45,Cavity_Insulated,Suspended,Pitched,Double,Yes,Gas,Gas Boiler - Standard,null,Water,170,0,0,1,3550,14530,5.92,44.55,15038,3821,136,50,3.35,,,,,,,,,,,,,,,,,,,,,,,,,,,,,,,,,,,,,,,,,,,,,,,,,,,,,,,,,,,,,,,,,,,,,,,,,,,,,,,
OVO,EOH3138,BN43,56,Working Full time (>30hrs),Professional,"40,001 - 50,000",2020-07-02T00:00:00.000Z,Owner-Occupied,13,C2,02/11/2020,Retrofitworks,House,Detached,Suburban,2001+,null,2,0,2,139.97,5,3,9,2.32,Cavity_Insulated,Solid,Pitched,Double,Yes,Gas,Gas Boiler - Standard,Fire - Wood,Water,130,0,0,1,null,null,7.51,61.79,24558.64,7665,3041.67,50,3.44,,,,,,,,,,,,,,,,,,,,,,,,,,,,,,,,,,,,,,,,,,,,,,,,,,,,,,,,,,,,,,,,,,,,,,,,,,,,,,,
OVO,EOH3180,KT6,36,Working Full time (>30hrs),Professional,"50,001+",2020-07-02T00:00:00.000Z,Owner-Occupied,3,C1,23/10/2020,Retrofitworks,House,Semi-Detached,Suburban,1919-1944,D,2,2,2,131.43,5,3,5,2.8,Solid_No_insulation,Suspended,Pitched,Double,Yes,Gas,Gas Boiler - Standard,None,Water,140,1,0,0,2270.3,null,13.33,101.6,35828.65,9855,3761.45,null,null,,,,,,,,,,,,,,,,,,,,,,,,,,,,,,,,,,,,,,,,,,,,,,,,,,,,,,,,,,,,,,,,,,,,,,,,,,,,,,,
OVO,EOH1979,PO12,46,Working Full time (>30hrs),Professional,Prefer not to say,2020-07-02T00:00:00.000Z,Owner-Occupied,6,C1,22/01/2021,Retrofitworks,House,Mid-Terrace,Urban,1965-1980,A,2,3,3,114.99,8,4,8,2.4,Cavity_Insulated,Solid,Pitched,Double,Yes,Gas,Gas Boiler - Standard,None,Water,100,0,0,0,null,null,null,null,null,null,null,null,null,,,,,,,,,,,,,,,,,,,,,,,,,,,,,,,,,,,,,,,,,,,,,,,,,,,,,,,,,,,,,,,,,,,,,,,,,,,,,,,
OVO,EOH2375,RH10,42,Working Full time (>30hrs),Manager,"50,001+",2020-07-02T00:00:00.000Z,Owner-Occupied,7,AB,10/12/2020,Retrofitworks,House,Detached,Suburban,1965-1980,null,2,2,2,102.1,6,4,6,2.35,Cavity_Insulated,Solid,Pitched,Double,Yes,Gas,Gas Boiler - Standard,None,Water,117,0,0,1,2200,11000,null,null,null,null,null,null,null,,,,,,,,,,,,,,,,,,,,,,,,,,,,,,,,,,,,,,,,,,,,,,,,,,,,,,,,,,,,,,,,,,,,,,,,,,,,,,,
OVO,EOH0761,RH19,55,Working Full time (>30hrs),Clerical,Prefer not to say,2020-07-02T00:00:00.000Z,Owner-Occupied,3,C1,03/02/2021,Retrofitworks,House,Semi-Detached,Suburban,1965-1980,null,2,1,2,84,4,3,8,2.4,Cavity_Insulated,Solid,Pitched,Double,Yes,Gas,Gas Boiler - Standard,None,Water,120,0,0,1,null,null,null,null,null,null,null,null,null,,,,,,,,,,,,,,,,,,,,,,,,,,,,,,,,,,,,,,,,,,,,,,,,,,,,,,,,,,,,,,,,,,,,,,,,,,,,,,,
OVO,EOH1231,SO19,57,Working Full time (>30hrs),Manager,"50,001+",2020-07-02T00:00:00.000Z,Owner-Occupied,23,AB,03/03/2021,Retrofitworks,House,Detached,Urban,1919-1944,null,3,0,2,85.58,6,3,6,2.46,Cavity_Insulated,Suspended,Pitched,Double,Yes,Gas,Gas Boiler - Standard,null,Water,120,0,0,0,null,null,null,null,null,null,null,null,null,,,,,,,,,,,,,,,,,,,,,,,,,,,,,,,,,,,,,,,,,,,,,,,,,,,,,,,,,,,,,,,,,,,,,,,,,,,,,,,
OVO,EOH2687,GU52,55,Working Full time (>30hrs),Professional,"50,001+",2020-07-03T00:00:00.000Z,Owner-Occupied,15,AB,16/12/2020,Retrofitworks,House,Detached,Suburban,1991-2000,null,2,1,2,100,6,4,6,2.4,Cavity_Insulated,Solid,Pitched,Double,Yes,Gas,Gas Boiler - Standard,None,Water,114,0,0,1,null,null,null,null,null,null,null,null,null,,,,,,,,,,,,,,,,,,,,,,,,,,,,,,,,,,,,,,,,,,,,,,,,,,,,,,,,,,,,,,,,,,,,,,,,,,,,,,,
OVO,EOH0781,SO18,61,Working Full time (>30hrs),Professional,"25,001 - 30,000",2020-07-04T00:00:00.000Z,Owner-Occupied,7,C1,14/02/2021,Retrofitworks,House,Semi-Detached,Suburban,1945-1964,null,3,0,3,110.7,4,2,5,2.4,Cavity_No_insulation,Solid,Pitched,Double,Yes,Gas,Gas Boiler - Standard,Fire - Gas,Water,100,0,0,1,null,null,null,null,null,null,null,null,null,,,,,,,,,,,,,,,,,,,,,,,,,,,,,,,,,,,,,,,,,,,,,,,,,,,,,,,,,,,,,,,,,,,,,,,,,,,,,,,
OVO,EOH1400,TN29,50,Working Full time (>30hrs),Professional,"30,001 - 40,000",2020-07-06T00:00:00.000Z,Owner-Occupied,4,DE,16/11/2020,Retrofitworks,House,Detached,Rural,Pre 1919,null,2,0,1,83.42,5,2,5,3.69,Solid_Insulated,Suspended,Pitched,Triple,No,Oil,Oil Boiler,Fire - Wood,Water,170,0,0,0,null,null,9.39,112.53,19434,2292,82,50,3.2,,,,,,,,,,,,,,,,,,,,,,,,,,,,,,,,,,,,,,,,,,,,,,,,,,,,,,,,,,,,,,,,,,,,,,,,,,,,,,,
OVO,EOH2908,GU51,65,Working Full time (>30hrs),Unemployed/Benefits,"50,001+",2020-07-06T00:00:00.000Z,Owner-Occupied,9,AB,24/10/2020,Retrofitworks,House,Detached,Suburban,2001+,C,4,0,3,201.05,8,5,8,2.69,Cavity_Insulated,Solid,Pitched,Double,Yes,Gas,Gas Boiler - Standard,None,Water,300,6,0,0,10788,23365.9,4.84,null,5990.2,null,null,null,null,,,,,,,,,,,,,,,,,,,,,,,,,,,,,,,,,,,,,,,,,,,,,,,,,,,,,,,,,,,,,,,,,,,,,,,,,,,,,,,
OVO,EOH1107,OX14,51,Working Part time,Professional,"50,001+",2020-07-07T00:00:00.000Z,Owner-Occupied,7,AB,24/02/2021,Retrofitworks,House,Detached,Suburban,1965-1980,null,2,1,2,183,8,4,8,2.4,Cavity_Insulated,Solid,Pitched,Double,Yes,Gas,Gas Boiler - Standard,None,Water,160,0,0,0,null,null,null,null,null,null,null,null,null,,,,,,,,,,,,,,,,,,,,,,,,,,,,,,,,,,,,,,,,,,,,,,,,,,,,,,,,,,,,,,,,,,,,,,,,,,,,,,,
OVO,EOH0606,RG21,55,Working Full time (>30hrs),Manager,"50,001+",2020-07-07T00:00:00.000Z,Owner-Occupied,21,AB,25/02/2021,Retrofitworks,House,Mid-Terrace,Urban,Pre 1919,null,2,0,2,70,3,2,3,2.5,Solid_No_insulation,Suspended,Pitched,Double,Yes,Gas,Gas Boiler - Standard,None,Water,200,0,0,0,null,null,null,null,null,null,null,null,null,,,,,,,,,,,,,,,,,,,,,,,,,,,,,,,,,,,,,,,,,,,,,,,,,,,,,,,,,,,,,,,,,,,,,,,,,,,,,,,
OVO,EOH2352,GU14,39,Working Full time (>30hrs),Professional,"50,001+",2020-07-07T00:00:00.000Z,Owner-Occupied,2,AB,11/03/2021,Retrofitworks,House,Detached,Suburban,1919-1944,null,2,2,2,136.97,7,4,7,2.4,Cavity_Insulated,Suspended,Pitched,Double,Yes,Gas,Gas Boiler - Standard,null,Water,150,0,0,1,null,null,null,null,null,null,null,null,null,,,,,,,,,,,,,,,,,,,,,,,,,,,,,,,,,,,,,,,,,,,,,,,,,,,,,,,,,,,,,,,,,,,,,,,,,,,,,,,
OVO,EOH1799,RG7,60,Retired,Pensioner,Prefer not to say,2020-07-09T00:00:00.000Z,Owner-Occupied,19,DE,15/02/2021,Retrofitworks,House,Detached,Suburban,1991-2000,null,2,0,2,191.51,12,4,12,2.65,Cavity_Insulated,Solid,Pitched,Double,Yes,Gas,Gas Boiler - Standard,None,Water,150,0,1,1,null,null,null,null,null,null,null,null,null,,,,,,,,,,,,,,,,,,,,,,,,,,,,,,,,,,,,,,,,,,,,,,,,,,,,,,,,,,,,,,,,,,,,,,,,,,,,,,,
OVO,EOH0785,SP11,50,Working Full time (>30hrs),Manager,"50,001+",2020-07-09T00:00:00.000Z,Owner-Occupied,18,AB,19/03/2021,Retrofitworks,House,Detached,Suburban,Pre 1919,null,2,2,2,209,11,4,11,2.4,Solid_No_insulation,Solid,Pitched,Double,No,Oil,Oil Boiler,null,Water,170,0,0,0,null,null,null,null,null,null,null,null,null,,,,,,,,,,,,,,,,,,,,,,,,,,,,,,,,,,,,,,,,,,,,,,,,,,,,,,,,,,,,,,,,,,,,,,,,,,,,,,,
OVO,EOH2162,PO15,48,Working Full time (>30hrs),Manager,"50,001+",2020-07-08T00:00:00.000Z,Owner-Occupied,9,AB,23/03/2021,Retrofitworks,House,Detached,Rural,1991-2000,null,2,2,2,277.5,6,5,6,2.5,Cavity_Insulated,Solid,Pitched,Double,Yes,Gas,Gas Boiler - Standard,Fire - Wood,Water,200,0,0,1,null,null,null,null,null,null,null,null,null,,,,,,,,,,,,,,,,,,,,,,,,,,,,,,,,,,,,,,,,,,,,,,,,,,,,,,,,,,,,,,,,,,,,,,,,,,,,,,,
OVO,EOH1196,PO38,62,Working Part time,Professional,Prefer not to say,2020-07-09T00:00:00.000Z,Owner-Occupied,31,C2,15/03/2021,Retrofitworks,House,Detached,Suburban,1965-1980,null,3,0,1,83.1,4,2,4,2.4,Cavity_Insulated,Solid,Pitched,Double,No,Wood,Fire - Wood,Electric - Direct,Water,100,2,0,0,null,null,null,null,null,null,null,null,null,,,,,,,,,,,,,,,,,,,,,,,,,,,,,,,,,,,,,,,,,,,,,,,,,,,,,,,,,,,,,,,,,,,,,,,,,,,,,,,
OVO,EOH0703,NN12,45,Working Full time (>30hrs),Manager,"40,001 - 50,000",2020-07-07T00:00:00.000Z,Owner-Occupied,19,C2,22/01/2021,Retrofitworks,House,End-Terrace,Rural,1965-1980,null,2,0,2,74.24,5,2,5,2.4,Cavity_Insulated,Solid,Pitched,Double,No,Electricity,Electric - Storage,None,Water,130,0,0,0,null,null,null,null,null,null,null,null,null,,,,,,,,,,,,,,,,,,,,,,,,,,,,,,,,,,,,,,,,,,,,,,,,,,,,,,,,,,,,,,,,,,,,,,,,,,,,,,,
OVO,EOH2806,SO32,43,Stay at home parent,Unemployed/Benefits,"50,001+",2020-07-08T00:00:00.000Z,Owner-Occupied,3,DE,11/03/2021,Retrofitworks,House,Detached,Rural,1919-1944,null,2,2,2,251.74,12,5,12,2.4,Cavity_Insulated,Solid,Pitched,Double,Yes,Gas,Gas Boiler - Standard,null,Water,100,0,0,1,null,null,null,null,null,null,null,null,null,,,,,,,,,,,,,,,,,,,,,,,,,,,,,,,,,,,,,,,,,,,,,,,,,,,,,,,,,,,,,,,,,,,,,,,,,,,,,,,
OVO,EOH3139,RH16,65,Working Part time,Professional,Prefer not to say,2020-07-08T00:00:00.000Z,Owner-Occupied,39,DE,19/11/2020,Retrofitworks,House,Mid-Terrace,Suburban,1965-1980,null,1,0,2,75,4,2,1,2.36,Cavity_Insulated,Suspended,Pitched,Double,Yes,Gas,Gas - Warm air,Electric - Warm air,Water,90,0,1,0,1740,2092,null,null,null,null,null,null,null,,,,,,,,,,,,,,,,,,,,,,,,,,,,,,,,,,,,,,,,,,,,,,,,,,,,,,,,,,,,,,,,,,,,,,,,,,,,,,,
OVO,EOH1103,TN24,48,Working Full time (>30hrs),Professional,"50,001+",2020-07-08T00:00:00.000Z,Owner-Occupied,15,C1,26/11/2020,Retrofitworks,House,Detached,Suburban,2001+,null,4,0,2,115.87,6,4,6,2.41,Cavity_Insulated,Solid,Pitched,Double,Yes,Gas,Gas Boiler - Standard,Fire - Wood,Water,170,0,0,1,4763,13214,4.26,35.09,11862,3821,136,50,3.35,,,,,,,,,,,,,,,,,,,,,,,,,,,,,,,,,,,,,,,,,,,,,,,,,,,,,,,,,,,,,,,,,,,,,,,,,,,,,,,
OVO,EOH2335,SP10,66,Retired,Pensioner,"25,001 - 30,000",2020-07-09T00:00:00.000Z,Owner-Occupied,12,DE,19/02/2021,Retrofitworks,House,Mid-Terrace,Suburban,1991-2000,null,2,0,2,58.6,4,2,4,2.3,Cavity_Insulated,Solid,Pitched,Double,Yes,Gas,Gas Boiler - Standard,None,Water,150,0,0,0,null,null,null,null,null,null,null,null,null,,,,,,,,,,,,,,,,,,,,,,,,,,,,,,,,,,,,,,,,,,,,,,,,,,,,,,,,,,,,,,,,,,,,,,,,,,,,,,,
OVO,EOH0041,RH12,50,Working Full time (>30hrs),Professional,"50,001+",2020-07-09T00:00:00.000Z,Owner-Occupied,5,C1,19/11/2020,Retrofitworks,House,Detached,Suburban,1991-2000,null,2,2,2,108,7,4,12,2.41,Cavity_Insulated,Mix,Pitched,Double,Yes,Gas,Gas Boiler - Standard,None,Water,162,0,0,0,290,2140,null,null,null,null,null,null,null,,,,,,,,,,,,,,,,,,,,,,,,,,,,,,,,,,,,,,,,,,,,,,,,,,,,,,,,,,,,,,,,,,,,,,,,,,,,,,,
OVO,EOH2971,GU17,52,Working Full time (>30hrs),Manager,"40,001 - 50,000",2020-07-09T00:00:00.000Z,Owner-Occupied,2,C1,16/12/2020,Retrofitworks,House,Semi-Detached,Suburban,Pre 1919,null,1,1,2,107,7,3,6,2.5,Solid_No_insulation,Suspended,Pitched,Double,Yes,Gas,Gas Boiler - Standard,None,Water,114,1,1,1,null,null,null,null,null,null,null,null,null,,,,,,,,,,,,,,,,,,,,,,,,,,,,,,,,,,,,,,,,,,,,,,,,,,,,,,,,,,,,,,,,,,,,,,,,,,,,,,,
OVO,EOH1685,GU33,41,Working Full time (>30hrs),Professional,"50,001+",2020-07-09T00:00:00.000Z,Owner-Occupied,4,AB,03/02/2021,Retrofitworks,House,Semi-Detached,Rural,Pre 1919,null,2,0,2,99.3,5,3,8,2.3,Cavity_No_insulation,Solid,Pitched,Double,Yes,Gas,Gas Boiler - Standard,None,Water,170,0,0,1,null,null,6.87,99,15147.53,3650,1067.25,45,3.42,,,,,,,,,,,,,,,,,,,,,,,,,,,,,,,,,,,,,,,,,,,,,,,,,,,,,,,,,,,,,,,,,,,,,,,,,,,,,,,
OVO,EOH3205,MK13,33,Working Full time (>30hrs),Professional,"40,001 - 50,000",2020-07-10T00:00:00.000Z,Owner-Occupied,2,C1,18/02/2021,Retrofitworks,House,Detached,Suburban,1981-1990,null,2,0,2,83.71,6,3,6,2.4,Cavity_Insulated,Solid,Pitched,Double,Yes,Gas,Gas Boiler - Standard,None,Water,150,0,0,1,null,null,null,null,null,null,null,null,null,,,,,,,,,,,,,,,,,,,,,,,,,,,,,,,,,,,,,,,,,,,,,,,,,,,,,,,,,,,,,,,,,,,,,,,,,,,,,,,
OVO,EOH0183,RG10,42,Working Full time (>30hrs),Professional,Prefer not to say,2020-07-10T00:00:00.000Z,Owner-Occupied,1,AB,22/02/2021,Retrofitworks,House,Detached,Suburban,1965-1980,null,2,1,2,105.4,7,4,7,2.4,Cavity_Insulated,Suspended,Pitched,Double,Yes,Gas,Gas Boiler - Standard,None,Water,150,0,0,1,null,null,null,null,null,null,null,null,null,,,,,,,,,,,,,,,,,,,,,,,,,,,,,,,,,,,,,,,,,,,,,,,,,,,,,,,,,,,,,,,,,,,,,,,,,,,,,,,
OVO,EOH1714,RG12,71,Retired,Clerical,"25,001 - 30,000",2020-07-11T00:00:00.000Z,Owner-Occupied,32,DE,19/01/2021,Retrofitworks,House,Semi-Detached,Suburban,1965-1980,null,2,0,2,92.33,5,4,6,2.39,Cavity_Insulated,Solid,Pitched,Double,Yes,Gas,Gas - Warm air,Electric - Warm air,Water,100,0,0,1,null,null,null,null,null,null,null,null,null,,,,,,,,,,,,,,,,,,,,,,,,,,,,,,,,,,,,,,,,,,,,,,,,,,,,,,,,,,,,,,,,,,,,,,,,,,,,,,,
OVO,EOH0280,TN6,45,Stay at home parent,Unemployed/Benefits,"30,001 - 40,000",2020-07-12T00:00:00.000Z,Owner-Occupied,7,DE,09/12/2020,Retrofitworks,House,Detached,Suburban,1965-1980,null,2,1,2,102.85,5,3,5,2.42,Cavity_Insulated,Suspended,Pitched,Double,Yes,Gas,Gas Boiler - Standard,Gas - Warm air,Water,100,0,1,1,4771,13196,4.62,46.2,9660,1118,156,null,null,,,,,,,,,,,,,,,,,,,,,,,,,,,,,,,,,,,,,,,,,,,,,,,,,,,,,,,,,,,,,,,,,,,,,,,,,,,,,,,
OVO,EOH1496,ME3,37,Working Full time (>30hrs),Professional,"40,001 - 50,000",2020-07-13T00:00:00.000Z,Owner-Occupied,1,C2,29/01/2021,null,House,Detached,Suburban,1991-2000,null,2,3,2,125,7,4,7,2.2,Cavity_Insulated,Suspended,Pitched,Double,Yes,Gas,Gas Boiler - Standard,null,Water,150,0,0,1,null,null,null,null,null,null,null,null,null,,,,,,,,,,,,,,,,,,,,,,,,,,,,,,,,,,,,,,,,,,,,,,,,,,,,,,,,,,,,,,,,,,,,,,,,,,,,,,,
OVO,EOH0496,BN14,35,Working Full time (>30hrs),Clerical,"40,001 - 50,000",2020-07-12T00:00:00.000Z,Owner-Occupied,null,C1,11/11/2020,Retrofitworks,House,Mid-Terrace,Suburban,1919-1944,null,2,0,2,97,5,3,5,2.46,Cavity_No_insulation,Suspended,Pitched,Double,Yes,Gas,Gas Boiler - Standard,None,Water,130,0,2,0,2086.9,null,4.62,47.6,9960,1118,156,null,null,,,,,,,,,,,,,,,,,,,,,,,,,,,,,,,,,,,,,,,,,,,,,,,,,,,,,,,,,,,,,,,,,,,,,,,,,,,,,,,
OVO,EOH1361,ME9,30,Working Full time (>30hrs),Professional,"40,001 - 50,000",2020-07-13T00:00:00.000Z,Owner-Occupied,1,AB,05/01/2021,Retrofitworks,House,Mid-Terrace,Suburban,Pre 1919,null,2,0,2,72,4,2,4,2.4,Solid_No_insulation,Suspended,Pitched,Double,No,Oil,Oil Boiler,null,Water,100,0,0,0,null,null,null,null,null,null,null,null,null,,,,,,,,,,,,,,,,,,,,,,,,,,,,,,,,,,,,,,,,,,,,,,,,,,,,,,,,,,,,,,,,,,,,,,,,,,,,,,,
OVO,EOH0991,TN22,48,Working Full time (>30hrs),Manager,"50,001+",2020-07-12T00:00:00.000Z,Owner-Occupied,1,AB,24/11/2020,Retrofitworks,House,Detached,Suburban,1981-1990,null,1,1,2,83.76,4,3,4,2.31,Cavity_No_insulation,Solid,Pitched,Double,Yes,Gas,Gas Boiler - Standard,None,Water,130,0,1,0,null,null,8.09,83.63,22053,3596,0,45,3.28,,,,,,,,,,,,,,,,,,,,,,,,,,,,,,,,,,,,,,,,,,,,,,,,,,,,,,,,,,,,,,,,,,,,,,,,,,,,,,,
OVO,EOH2494,MK11,74,Working Part time,Professional,"40,001 - 50,000",2020-07-13T00:00:00.000Z,Owner-Occupied,15,AB,25/02/2021,Retrofitworks,House,Semi-Detached,Suburban,1919-1944,null,2,0,2,123.7,5,3,6,2.35,Cavity_Insulated,Suspended,Pitched,Double,Yes,Gas,Gas Boiler - Standard,null,Water,150,0,0,0,null,null,null,null,null,null,null,null,null,,,,,,,,,,,,,,,,,,,,,,,,,,,,,,,,,,,,,,,,,,,,,,,,,,,,,,,,,,,,,,,,,,,,,,,,,,,,,,,
OVO,EOH2278,DA9,32,Working Full time (>30hrs),Professional,"50,001+",2020-07-14T00:00:00.000Z,Owner-Occupied,2,AB,10/12/2020,Retrofitworks,House,Semi-Detached,Suburban,2001+,null,2,0,2,111,7,3,10,2.45,Cavity_Insulated,Mix,Pitched,Double,Yes,Gas,Gas Boiler - Standard,None,Water,150,0,0,1,null,null,4.59,41.48,9480.54,3650,841,45,3.57,,,,,,,,,,,,,,,,,,,,,,,,,,,,,,,,,,,,,,,,,,,,,,,,,,,,,,,,,,,,,,,,,,,,,,,,,,,,,,,
OVO,EOH1472,GU34,36,Working Full time (>30hrs),Semi and unskilled manual worker,"40,001 - 50,000",2020-07-13T00:00:00.000Z,Owner-Occupied,6,C2,24/10/2020,Retrofitworks,House,Semi-Detached,Suburban,1919-1944,E,2,2,2,97.5,5,3,5,2.53,Solid_No_insulation,Suspended,Pitched,Double,Yes,Gas,Gas Boiler - Standard,Fire - Wood,Water,140,0,0,0,6300,22831,5.26,53.76,14964.81,4745,1049.78,45,3.56,,,,,,,,,,,,,,,,,,,,,,,,,,,,,,,,,,,,,,,,,,,,,,,,,,,,,,,,,,,,,,,,,,,,,,,,,,,,,,,
OVO,EOH0758,TN34,53,Working Part time,Professional,"50,001+",2020-07-14T00:00:00.000Z,Owner-Occupied,10,C2,02/12/2020,Retrofitworks,Maisonette,Semi-Detached,Urban,Pre 1919,null,3,1,3,185.78,5,4,5,2.37,Solid_No_insulation,Suspended,Pitched,Double,Yes,Gas,Gas Boiler - Standard,Fire - Wood,Water,150,0,0,1,9614,3267,null,null,null,null,null,null,null,,,,,,,,,,,,,,,,,,,,,,,,,,,,,,,,,,,,,,,,,,,,,,,,,,,,,,,,,,,,,,,,,,,,,,,,,,,,,,,
OVO,EOH3137,SP11,56,Working Full time (>30hrs),Professional,"50,001+",2020-07-14T00:00:00.000Z,Owner-Occupied,null,C1,01/03/2021,Retrofitworks,House,Detached,Rural,2001+,null,3,1,2,169,7,4,7,2.4,Cavity_Insulated,Suspended,Pitched,Double,Yes,Gas,Gas Boiler - Standard,None,Water,200,0,0,0,null,null,null,null,null,null,null,null,null,,,,,,,,,,,,,,,,,,,,,,,,,,,,,,,,,,,,,,,,,,,,,,,,,,,,,,,,,,,,,,,,,,,,,,,,,,,,,,,
OVO,EOH0364,RG14,53,Working Full time (>30hrs),Clerical,"30,001 - 40,000",2020-07-14T00:00:00.000Z,Owner-Occupied,8,C1,22/02/2021,Retrofitworks,House,Detached,Suburban,1945-1964,null,2,1,2,120,6,3,6,2.4,Cavity_Insulated,Suspended,Pitched,Double,Yes,Gas,Gas Boiler - Standard,None,Water,200,0,0,0,null,null,null,null,null,null,null,null,null,,,,,,,,,,,,,,,,,,,,,,,,,,,,,,,,,,,,,,,,,,,,,,,,,,,,,,,,,,,,,,,,,,,,,,,,,,,,,,,
OVO,EOH0631,MK15,68,Retired,Pensioner,Prefer not to say,2020-07-15T00:00:00.000Z,Owner-Occupied,33,DE,23/02/2021,Retrofitworks,House,Detached,Suburban,1981-1990,null,2,0,2,123.96,7,4,7,2.5,Cavity_Insulated,Solid,Pitched,Double,Yes,Gas,Gas Boiler - Standard,null,Water,200,0,0,0,null,null,null,null,null,null,null,null,null,,,,,,,,,,,,,,,,,,,,,,,,,,,,,,,,,,,,,,,,,,,,,,,,,,,,,,,,,,,,,,,,,,,,,,,,,,,,,,,
OVO,EOH0476,OX17,48,Working Full time (>30hrs),Professional,"50,001+",2020-07-15T00:00:00.000Z,Owner-Occupied,7,C1,11/02/2021,Retrofitworks,House,Detached,Rural,1981-1990,null,2,2,2,131,8,3,8,2.5,Cavity_Insulated,Solid,Pitched,Double,No,Oil,Oil Boiler,Fire - Wood,Water,200,0,0,0,null,null,null,null,null,null,null,null,null,,,,,,,,,,,,,,,,,,,,,,,,,,,,,,,,,,,,,,,,,,,,,,,,,,,,,,,,,,,,,,,,,,,,,,,,,,,,,,,
OVO,EOH0900,BH25,59,Working Full time (>30hrs),Professional,"50,001+",2020-07-15T00:00:00.000Z,Owner-Occupied,14,C1,18/02/2021,Retrofitworks,House,Detached,Suburban,1965-1980,null,2,2,2,83.71,6,3,6,2.4,Cavity_Insulated,Solid,Pitched,Double,Yes,Gas,Gas Boiler - Standard,None,Water,150,0,0,1,null,null,null,null,null,null,null,null,null,,,,,,,,,,,,,,,,,,,,,,,,,,,,,,,,,,,,,,,,,,,,,,,,,,,,,,,,,,,,,,,,,,,,,,,,,,,,,,,
OVO,EOH1625,BN43,43,Working Part time,Professional,Prefer not to say,2020-07-15T00:00:00.000Z,Owner-Occupied,4,AB,10/12/2020,Retrofitworks,House,Semi-Detached,Suburban,1919-1944,null,2,2,3,148,12,4,12,2.39,Cavity_No_insulation,Mix,Pitched,Double,Yes,Gas,Gas Boiler - Standard,null,Water,205,5,1,0,null,null,null,null,null,null,null,null,null,,,,,,,,,,,,,,,,,,,,,,,,,,,,,,,,,,,,,,,,,,,,,,,,,,,,,,,,,,,,,,,,,,,,,,,,,,,,,,,
OVO,EOH2107,CR5,63,Retired,Pensioner,"30,001 - 40,000",2020-07-14T00:00:00.000Z,Owner-Occupied,15,DE,18/12/2020,Retrofitworks,House,Detached,Rural,1965-1980,null,3,0,2,168,9,4,9,2.5,Cavity_No_insulation,Suspended,Pitched,Double,Yes,Gas,Gas Boiler - Standard,None,Water,150,0,1,1,2900,12000,null,null,null,null,null,null,null,,,,,,,,,,,,,,,,,,,,,,,,,,,,,,,,,,,,,,,,,,,,,,,,,,,,,,,,,,,,,,,,,,,,,,,,,,,,,,,
OVO,EOH1648,BN22,52,Working Full time (>30hrs),Professional,"50,001+",2020-07-16T00:00:00.000Z,Owner-Occupied,23,C1,19/11/2020,Retrofitworks,House,Mid-Terrace,Suburban,1965-1980,null,3,0,2,85.64,6,3,5,2.4,Cavity_No_insulation,Mix,Pitched,Double,Yes,Gas,Gas Boiler - Standard,Gas - Warm air,Water,130,0,1,1,5486,13870,null,null,null,null,null,null,null,,,,,,,,,,,,,,,,,,,,,,,,,,,,,,,,,,,,,,,,,,,,,,,,,,,,,,,,,,,,,,,,,,,,,,,,,,,,,,,
OVO,EOH0714,RG14,53,Working Part time,Professional,"50,001+",2020-07-16T00:00:00.000Z,Owner-Occupied,19,AB,23/02/2021,Retrofitworks,House,Semi-Detached,Suburban,1919-1944,null,4,0,2,61.52,5,3,5,2.6,Cavity_Insulated,Suspended,Flat,Single,Yes,Gas,Gas Boiler - Standard,None,Water,150,0,0,1,null,null,null,null,null,null,null,null,null,,,,,,,,,,,,,,,,,,,,,,,,,,,,,,,,,,,,,,,,,,,,,,,,,,,,,,,,,,,,,,,,,,,,,,,,,,,,,,,
OVO,EOH2510,RG12,30,Working Full time (>30hrs),Professional,"50,001+",2020-07-17T00:00:00.000Z,Owner-Occupied,null,AB,20/01/2021,Retrofitworks,House,Mid-Terrace,Suburban,1965-1980,null,2,0,2,91,4,3,4,2.4,Cavity_Insulated,Solid,Pitched,Double,No,Electricity,Electric - Storage,Electric - Warm air,Water,100,0,0,0,null,null,8.74,98.37,21539.33,6298.05,1067.25,45,3.42,,,,,,,,,,,,,,,,,,,,,,,,,,,,,,,,,,,,,,,,,,,,,,,,,,,,,,,,,,,,,,,,,,,,,,,,,,,,,,,
OVO,EOH0702,SO16,42,Working Full time (>30hrs),Clerical,"50,001+",2020-07-16T00:00:00.000Z,Owner-Occupied,null,C1,16/02/2021,Retrofitworks,House,End-Terrace,Urban,1919-1944,null,2,0,2,71.86,4,2,4,2.4,Cavity_Insulated,Suspended,Pitched,Double,Yes,Gas,Gas Boiler - Standard,None,Water,100,0,1,0,null,null,4.92,72.5,12996.45,3650,1022,45,3.57,,,,,,,,,,,,,,,,,,,,,,,,,,,,,,,,,,,,,,,,,,,,,,,,,,,,,,,,,,,,,,,,,,,,,,,,,,,,,,,
OVO,EOH1380,SO30,44,Working Full time (>30hrs),Professional,"50,001+",2020-07-18T00:00:00.000Z,Owner-Occupied,6,C1,28/02/2021,Retrofitworks,House,Detached,Suburban,1991-2000,null,2,3,2,139.24,7,4,7,2.3,Cavity_Insulated,Solid,Pitched,Double,Yes,Gas,Gas Boiler - Standard,None,Water,170,0,0,1,null,null,null,null,null,null,null,null,null,,,,,,,,,,,,,,,,,,,,,,,,,,,,,,,,,,,,,,,,,,,,,,,,,,,,,,,,,,,,,,,,,,,,,,,,,,,,,,,
OVO,EOH1755,MK3,49,Working Full time (>30hrs),Professional,"50,001+",2020-07-19T00:00:00.000Z,Owner-Occupied,5,C1,23/02/2021,Retrofitworks,House,Detached,Urban,2001+,null,3,1,2,164,9,4,9,2.4,Cavity_Insulated,Suspended,Pitched,Double,Yes,Gas,Gas Boiler - Standard,None,Water,170,0,0,1,null,null,null,null,null,null,null,null,null,,,,,,,,,,,,,,,,,,,,,,,,,,,,,,,,,,,,,,,,,,,,,,,,,,,,,,,,,,,,,,,,,,,,,,,,,,,,,,,
OVO,EOH1476,PO30,53,Working Full time (>30hrs),Skilled Manual Worker,"40,001 - 50,000",2020-07-18T00:00:00.000Z,Owner-Occupied,13,C2,25/01/2021,Retrofitworks,House,Semi-Detached,Rural,Pre 1919,null,2,0,2,101,5,3,6,2.3,Cavity_No_insulation,Suspended,Pitched,Double,No,Oil,Oil Boiler,Electric - Direct,Water,200,1,0,0,null,null,null,null,null,null,null,null,null,,,,,,,,,,,,,,,,,,,,,,,,,,,,,,,,,,,,,,,,,,,,,,,,,,,,,,,,,,,,,,,,,,,,,,,,,,,,,,,
OVO,EOH3199,HP18,35,Working Full time (>30hrs),Manager,"50,001+",2020-07-18T00:00:00.000Z,Owner-Occupied,3,AB,23/02/2021,Retrofitworks,House,Detached,Rural,2001+,null,2,2,2,177.16,7,5,7,2.4,Cavity_Insulated,Solid,Pitched,Double,Yes,Gas,Gas Boiler - Standard,None,Water,170,0,0,0,null,null,null,null,null,null,null,null,null,,,,,,,,,,,,,,,,,,,,,,,,,,,,,,,,,,,,,,,,,,,,,,,,,,,,,,,,,,,,,,,,,,,,,,,,,,,,,,,
OVO,EOH1929,MK18,40,Working Full time (>30hrs),Manager,"50,001+",2020-07-17T00:00:00.000Z,Owner-Occupied,3,C1,15/02/2021,Retrofitworks,House,Detached,Suburban,1991-2000,null,2,1,2,133.3,7,4,7,2.3,Cavity_Insulated,Solid,Pitched,Double,Yes,Gas,Gas Boiler - Standard,None,Water,200,0,0,1,null,null,null,null,null,null,null,null,null,,,,,,,,,,,,,,,,,,,,,,,,,,,,,,,,,,,,,,,,,,,,,,,,,,,,,,,,,,,,,,,,,,,,,,,,,,,,,,,
OVO,EOH0407,PO30,57,Unemployed,Unemployed/Benefits,"30,001 - 40,000",2020-07-18T00:00:00.000Z,Owner-Occupied,29,DE,03/02/2021,Retrofitworks,House,Semi-Detached,Rural,Pre 1919,null,4,0,2,87,5,3,5,2.28,Solid_No_insulation,Suspended,Pitched,Double,No,Electricity,Electric - Storage,Fire - Wood,Water,200,0,0,0,null,null,null,null,null,null,null,null,null,,,,,,,,,,,,,,,,,,,,,,,,,,,,,,,,,,,,,,,,,,,,,,,,,,,,,,,,,,,,,,,,,,,,,,,,,,,,,,,
OVO,EOH2368,HP6,34,Working Full time (>30hrs),Professional,"50,001+",2020-07-20T00:00:00.000Z,Owner-Occupied,null,C1,18/02/2021,Retrofitworks,House,Mid-Terrace,Suburban,1945-1964,null,2,1,2,84.4,4,3,4,2.4,Cavity_Insulated,Solid,Pitched,Double,Yes,Gas,Gas Boiler - Standard,None,Water,130,0,0,0,null,null,null,null,null,null,null,null,null,,,,,,,,,,,,,,,,,,,,,,,,,,,,,,,,,,,,,,,,,,,,,,,,,,,,,,,,,,,,,,,,,,,,,,,,,,,,,,,
OVO,EOH1247,BN22,63,Working Part time,Professional,"30,001 - 40,000",2020-07-22T00:00:00.000Z,Owner-Occupied,21,C1,18/12/2020,Retrofitworks,House,Semi-Detached,Suburban,Pre 1919,null,3,0,2,133.81,5,3,9,2.66,Cavity_Insulated,Mix,Pitched,Double,Yes,Gas,Gas Boiler - Standard,Fire - Wood,Water,109,0,0,0,3472,1305,null,null,null,null,null,null,null,,,,,,,,,,,,,,,,,,,,,,,,,,,,,,,,,,,,,,,,,,,,,,,,,,,,,,,,,,,,,,,,,,,,,,,,,,,,,,,
OVO,EOH0793,TN37,27,Working Full time (>30hrs),Professional,"25,001 - 30,000",2020-07-22T00:00:00.000Z,Owner-Occupied,27,C1,04/12/2020,Retrofitworks,House,Mid-Terrace,Suburban,1945-1964,null,3,0,2,78.56,4,3,4,2.29,Cavity_No_insulation,Solid,Pitched,Double,Yes,Gas,Gas - Warm air,None,Water,100,0,1,1,5145,19404,4.91,67.27,11820,3057,109,50,3.35,,,,,,,,,,,,,,,,,,,,,,,,,,,,,,,,,,,,,,,,,,,,,,,,,,,,,,,,,,,,,,,,,,,,,,,,,,,,,,,
OVO,EOH2327,OX17,46,Working Full time (>30hrs),Manager,"50,001+",2020-07-23T00:00:00.000Z,Owner-Occupied,6,C1,08/02/2021,Retrofitworks,House,Detached,Suburban,1981-1990,null,2,2,2,123,10,4,10,2.5,Cavity_Insulated,Solid,Pitched,Double,Yes,Gas,Gas Boiler - Standard,Fire - Wood,Water,150,0,0,0,null,null,null,null,null,null,null,null,null,,,,,,,,,,,,,,,,,,,,,,,,,,,,,,,,,,,,,,,,,,,,,,,,,,,,,,,,,,,,,,,,,,,,,,,,,,,,,,,
OVO,EOH2027,HP23,59,Retired,Pensioner,"0 - 12,500",2020-07-23T00:00:00.000Z,Owner-Occupied,23,DE,23/02/2021,Retrofitworks,House,Detached,Rural,1945-1964,null,2,0,2,206.7,10,4,10,2.4,Cavity_Insulated,Suspended,Pitched,Double,Yes,Gas,Gas Boiler - Standard,None,Water,130,0,0,1,null,null,null,null,null,null,null,null,null,,,,,,,,,,,,,,,,,,,,,,,,,,,,,,,,,,,,,,,,,,,,,,,,,,,,,,,,,,,,,,,,,,,,,,,,,,,,,,,
OVO,EOH0121,RH15,68,Retired,Pensioner,Prefer not to say,2020-07-23T00:00:00.000Z,Owner-Occupied,35,DE,11/11/2020,Retrofitworks,House,Semi-Detached,Suburban,1981-1990,null,2,0,2,133,8,3,8,2.54,Cavity_Insulated,Mix,Pitched,Double,Yes,Gas,Gas Boiler - Standard,None,Water,150,0,0,0,null,null,6.986,109.5,16842,4302,1304,50,3.56,,,,,,,,,,,,,,,,,,,,,,,,,,,,,,,,,,,,,,,,,,,,,,,,,,,,,,,,,,,,,,,,,,,,,,,,,,,,,,,
OVO,EOH1977,BN11,62,Working Full time (>30hrs),Professional,"50,001+",2020-07-24T00:00:00.000Z,Owner-Occupied,27,C1,02/11/2020,Retrofitworks,House,Detached,Suburban,1919-1944,null,1,0,2,177.96,13,4,13,2.37,Cavity_No_insulation,Suspended,Pitched,Double,Yes,Gas,Gas Boiler - Standard,Gas - Warm air,Water,130,0,1,1,null,null,9.31,66.96,26552.88,4745,1882.94,45,3.42,,,,,,,,,,,,,,,,,,,,,,,,,,,,,,,,,,,,,,,,,,,,,,,,,,,,,,,,,,,,,,,,,,,,,,,,,,,,,,,
OVO,EOH2321,OX26,40,Working Full time (>30hrs),Skilled Manual Worker,"25,001 - 30,000",2020-07-24T00:00:00.000Z,Owner-Occupied,11,C2,10/03/2021,Retrofitworks,House,Semi-Detached,Rural,2001+,null,2,2,2,103.04,5,3,5,2.5,Cavity_Insulated,Solid,Pitched,Double,No,Electricity,Electric - Direct,None,Water,150,0,0,0,null,null,null,null,null,null,null,null,null,,,,,,,,,,,,,,,,,,,,,,,,,,,,,,,,,,,,,,,,,,,,,,,,,,,,,,,,,,,,,,,,,,,,,,,,,,,,,,,
OVO,EOH2652,NN7,64,Working Full time (>30hrs),Professional,"50,001+",2020-07-25T00:00:00.000Z,Owner-Occupied,12,AB,19/02/2021,Retrofitworks,House,Detached,Suburban,2001+,null,3,2,3,96,7,5,7,2.4,Cavity_Insulated,Solid,Pitched,Double,Yes,Gas,Gas Boiler - Standard,None,Water,150,0,0,0,null,null,null,null,null,null,null,null,null,,,,,,,,,,,,,,,,,,,,,,,,,,,,,,,,,,,,,,,,,,,,,,,,,,,,,,,,,,,,,,,,,,,,,,,,,,,,,,,
OVO,EOH1106,LU6,49,Working Full time (>30hrs),Professional,"50,001+",2020-07-25T00:00:00.000Z,Owner-Occupied,16,C1,26/01/2021,Retrofitworks,House,Detached,Suburban,1965-1980,null,2,0,2,140,6,4,6,2.5,Cavity_Insulated,Solid,Pitched,Double,Yes,Gas,Gas Boiler - Standard,None,Water,130,0,0,1,null,null,null,null,null,null,null,null,null,,,,,,,,,,,,,,,,,,,,,,,,,,,,,,,,,,,,,,,,,,,,,,,,,,,,,,,,,,,,,,,,,,,,,,,,,,,,,,,
OVO,EOH0106,OX15,54,Working Full time (>30hrs),Professional,Prefer not to say,2020-07-25T00:00:00.000Z,Owner-Occupied,20,C1,17/02/2021,Retrofitworks,House,Semi-Detached,Rural,Pre 1919,null,2,2,2,146.63,7,4,7,2.4,Cavity_Insulated,Solid,Pitched,Double,No,Oil,Oil Boiler,None,Water,170,0,0,0,null,null,null,null,null,null,null,null,null,,,,,,,,,,,,,,,,,,,,,,,,,,,,,,,,,,,,,,,,,,,,,,,,,,,,,,,,,,,,,,,,,,,,,,,,,,,,,,,
OVO,EOH0340,RG18,57,Retired,Professional,"30,001 - 40,000",2020-07-26T00:00:00.000Z,Owner-Occupied,7,DE,18/02/2021,Retrofitworks,House,Detached,Suburban,1919-1944,null,2,0,2,108,8,3,8,2.4,Cavity_Insulated,Solid,Pitched,Double,No,Oil,Oil Boiler,None,Water,100,0,0,0,null,null,7.3,75.94,19952.42,3650,1067.25,null,null,,,,,,,,,,,,,,,,,,,,,,,,,,,,,,,,,,,,,,,,,,,,,,,,,,,,,,,,,,,,,,,,,,,,,,,,,,,,,,,
OVO,EOH2415,BN3,52,Working Part time,Manager,"12,501 - 16,200",2020-07-26T00:00:00.000Z,Owner-Occupied,2,C1,16/12/2020,Retrofitworks,Flat,Flat,Suburban,1945-1964,null,1,1,1,49,5,2,5,2.37,Cavity_Insulated,Solid,Pitched,Double,No,Electricity,Electric - Storage,None,Water,150,0,0,0,null,null,null,null,null,null,null,null,null,,,,,,,,,,,,,,,,,,,,,,,,,,,,,,,,,,,,,,,,,,,,,,,,,,,,,,,,,,,,,,,,,,,,,,,,,,,,,,,
OVO,EOH0213,RH8,45,Working Full time (>30hrs),Professional,"50,001+",2020-07-25T00:00:00.000Z,Owner-Occupied,2,AB,28/10/2020,Retrofitworks,House,Detached,Suburban,1919-1944,null,2,0,2,227,9,4,12,2.43,Cavity_Insulated,Solid,Pitched,Double,Yes,Gas,Gas Boiler - Combi,Gas - Warm air,Water,200,4,1,1,null,null,null,null,null,null,null,null,null,,,,,,,,,,,,,,,,,,,,,,,,,,,,,,,,,,,,,,,,,,,,,,,,,,,,,,,,,,,,,,,,,,,,,,,,,,,,,,,
OVO,EOH0902,HP18,54,Working Full time (>30hrs),Professional,"50,001+",2020-07-26T00:00:00.000Z,Owner-Occupied,8,AB,19/02/2021,Retrofitworks,House,Detached,Suburban,Pre 1919,null,2,1,2,249.9,7,5,7,2.5,Solid_No_insulation,Suspended,Pitched,Double,Yes,Gas,Gas Boiler - Standard,None,Water,150,0,0,0,null,null,18,null,null,null,null,null,null,,,,,,,,,,,,,,,,,,,,,,,,,,,,,,,,,,,,,,,,,,,,,,,,,,,,,,,,,,,,,,,,,,,,,,,,,,,,,,,
OVO,EOH3195,TN17,42,Stay at home parent,Professional,"50,001+",2020-07-26T00:00:00.000Z,Owner-Occupied,3,DE,16/03/2021,Retrofitworks,House,Detached,Suburban,1945-1964,null,2,2,2,134.7,8,4,8,2.4,Solid_No_insulation,Solid,Pitched,Double,No,LPG,LPG Boiler,None,Water,150,0,0,0,null,null,null,null,null,null,null,null,null,,,,,,,,,,,,,,,,,,,,,,,,,,,,,,,,,,,,,,,,,,,,,,,,,,,,,,,,,,,,,,,,,,,,,,,,,,,,,,,
OVO,EOH0803,HP10,52,Working Full time (>30hrs),Professional,"40,001 - 50,000",2020-07-26T00:00:00.000Z,Owner-Occupied,null,AB,18/02/2021,Retrofitworks,House,Detached,Suburban,1965-1980,null,2,2,2,132.73,8,4,8,2.34,Cavity_Insulated,Solid,Pitched,Double,Yes,Gas,Gas Boiler - Standard,None,Water,150,0,0,1,null,null,null,null,null,null,null,null,null,,,,,,,,,,,,,,,,,,,,,,,,,,,,,,,,,,,,,,,,,,,,,,,,,,,,,,,,,,,,,,,,,,,,,,,,,,,,,,,
OVO,EOH1753,KT11,36,Working Full time (>30hrs),Manager,"50,001+",2020-07-26T00:00:00.000Z,Owner-Occupied,3,AB,09/10/2020,Retrofitworks,House,Detached,Suburban,2001+,null,2,1,2,320,8,4,8,2.5,Cavity_Insulated,Solid,Pitched,Double,Yes,Gas,Gas Boiler - Standard,None,Water,100,1,0,0,4400,null,12.94,62.46,33919.91,6205,2368.32,null,null,,,,,,,,,,,,,,,,,,,,,,,,,,,,,,,,,,,,,,,,,,,,,,,,,,,,,,,,,,,,,,,,,,,,,,,,,,,,,,,
OVO,EOH1315,GU21,70,Retired,Pensioner,"16,201 - 20,000",2020-07-28T00:00:00.000Z,Owner-Occupied,40,DE,22/01/2021,Retrofitworks,House,Detached,Suburban,1919-1944,null,2,0,1,89,5,2,5,2.5,Solid_No_insulation,Solid,Pitched,Double,Yes,Gas,Gas Boiler - Standard,None,Water,170,0,0,1,null,null,null,null,null,null,null,null,null,,,,,,,,,,,,,,,,,,,,,,,,,,,,,,,,,,,,,,,,,,,,,,,,,,,,,,,,,,,,,,,,,,,,,,,,,,,,,,,
OVO,EOH1075,KT82,59,Unemployed,Unemployed/Benefits,"0 - 12,500",2020-07-28T00:00:00.000Z,Owner-Occupied,26,DE,19/10/2020,Retrofitworks,House,Semi-Detached,Suburban,Pre 1919,null,1,0,2,102.32,4,2,4,2.4,Solid_No_insulation,Suspended,Pitched,Double,Yes,Gas,Gas Boiler - Standard,None,Water,100,0,0,1,2328.3,21389,null,null,null,null,null,null,null,,,,,,,,,,,,,,,,,,,,,,,,,,,,,,,,,,,,,,,,,,,,,,,,,,,,,,,,,,,,,,,,,,,,,,,,,,,,,,,
OVO,EOH0289,GU15,55,Stay at home parent,Manager,"50,001+",2020-07-28T00:00:00.000Z,Owner-Occupied,3,AB,16/10/2020,Retrofitworks,House,Detached,Suburban,1965-1980,null,2,1,2,246.82,10,5,10,2.6,Cavity_Insulated,Solid,Pitched,Double,Yes,Gas,Gas Boiler - Standard,None,Water,140,0,0,0,4500,30000,null,null,null,null,null,null,null,,,,,,,,,,,,,,,,,,,,,,,,,,,,,,,,,,,,,,,,,,,,,,,,,,,,,,,,,,,,,,,,,,,,,,,,,,,,,,,
OVO,EOH3122,GU21,55,Working Part time,Clerical,"50,001+",2020-07-28T00:00:00.000Z,Owner-Occupied,19,C1,22/01/2021,Retrofitworks,House,Detached,Suburban,1945-1964,null,2,1,2,186,9,5,9,2.45,Cavity_Insulated,Suspended,Pitched,Double,Yes,Gas,Gas Boiler - Standard,None,Water,200,0,1,0,null,null,11.1,87.78,29876.29,8998.88,4745,45,3.32,,,,,,,,,,,,,,,,,,,,,,,,,,,,,,,,,,,,,,,,,,,,,,,,,,,,,,,,,,,,,,,,,,,,,,,,,,,,,,,
OVO,EOH1742,RH19,35,Working Full time (>30hrs),Manager,"50,001+",2020-07-28T00:00:00.000Z,Owner-Occupied,null,AB,23/11/2020,Retrofitworks,House,Detached,Suburban,1965-1980,null,2,0,2,184,10,4,10,2.43,Cavity_Insulated,Solid,Pitched,Double,Yes,Gas,Gas Boiler - Standard,Electric - Warm air,Water,210,0,0,1,null,null,null,null,null,null,null,null,null,,,,,,,,,,,,,,,,,,,,,,,,,,,,,,,,,,,,,,,,,,,,,,,,,,,,,,,,,,,,,,,,,,,,,,,,,,,,,,,
OVO,EOH0101,OX29,45,Working Full time (>30hrs),Professional,"50,001+",2020-07-28T00:00:00.000Z,Owner-Occupied,5,AB,27/02/2021,Retrofitworks,House,Detached,Suburban,1981-1990,null,2,3,2,207,12,5,12,2.4,Cavity_Insulated,Suspended,Pitched,Double,Yes,Gas,Gas Boiler - Standard,None,Water,150,0,0,0,null,null,null,null,null,null,null,null,null,,,,,,,,,,,,,,,,,,,,,,,,,,,,,,,,,,,,,,,,,,,,,,,,,,,,,,,,,,,,,,,,,,,,,,,,,,,,,,,
OVO,EOH0612,GU22,73,Retired,Pensioner,"30,001 - 40,000",2020-07-28T00:00:00.000Z,Owner-Occupied,38,DE,19/10/2020,Retrofitworks,House,Semi-Detached,Rural,Pre 1919,null,2,0,2,278.04,9,5,9,2.8,Solid_No_insulation,Solid,Pitched,Single,Yes,Gas,Gas Boiler - Standard,Fire - Coal,Water,140,0,1,1,3500,25000,null,null,null,null,null,null,null,,,,,,,,,,,,,,,,,,,,,,,,,,,,,,,,,,,,,,,,,,,,,,,,,,,,,,,,,,,,,,,,,,,,,,,,,,,,,,,
OVO,EOH0724,RH12,28,Working Full time (>30hrs),Skilled Manual Worker,Prefer not to say,2020-07-29T00:00:00.000Z,Owner-Occupied,1,C2,11/11/2020,Retrofitworks,House,Semi-Detached,Suburban,1945-1964,D,2,0,2,96,4,3,7,2.53,Cavity_No_insulation,Solid,Pitched,Double,Yes,Gas,Gas Boiler - Standard,Fire - Wood,Water,114,1,0,0,null,null,null,null,null,null,null,null,null,,,,,,,,,,,,,,,,,,,,,,,,,,,,,,,,,,,,,,,,,,,,,,,,,,,,,,,,,,,,,,,,,,,,,,,,,,,,,,,
OVO,EOH0058,RG14,45,Working Part time,Professional,"50,001+",2020-07-29T00:00:00.000Z,Owner-Occupied,10,AB,23/02/2021,Retrofitworks,House,Semi-Detached,Suburban,Pre 1919,null,2,2,2,168.19,8,4,8,2.5,Solid_No_insulation,Suspended,Pitched,Single,Yes,Gas,Gas Boiler - Standard,None,Water,200,0,0,1,null,null,null,null,null,null,null,null,null,,,,,,,,,,,,,,,,,,,,,,,,,,,,,,,,,,,,,,,,,,,,,,,,,,,,,,,,,,,,,,,,,,,,,,,,,,,,,,,
OVO,EOH1310,RH7,53,Working Full time (>30hrs),Clerical,Prefer not to say,2020-07-29T00:00:00.000Z,Owner-Occupied,7,C1,25/01/2021,Retrofitworks,House,Detached,Suburban,1945-1964,null,2,0,2,100.56,5,3,7,2.4,Cavity_Insulated,Solid,Pitched,Double,Yes,Gas,Gas Boiler - Standard,None,Water,130,0,1,0,null,null,null,null,null,null,null,null,null,,,,,,,,,,,,,,,,,,,,,,,,,,,,,,,,,,,,,,,,,,,,,,,,,,,,,,,,,,,,,,,,,,,,,,,,,,,,,,,
OVO,EOH2504,KT15,51,Working Full time (>30hrs),Supervisor,"50,001+",2020-07-29T00:00:00.000Z,Owner-Occupied,12,C1,23/10/2020,Retrofitworks,House,Detached,Suburban,1919-1944,D,2,1,2,139.24,7,5,7,2.5,Cavity_No_insulation,Mix,Pitched,Double,Yes,Gas,Gas Boiler - Standard,Fire - Gas,Water,140,0,1,1,3085,20514,13.05,115.34,35412.78,4745,1804.18,45,3.32,,,,,,,,,,,,,,,,,,,,,,,,,,,,,,,,,,,,,,,,,,,,,,,,,,,,,,,,,,,,,,,,,,,,,,,,,,,,,,,
OVO,EOH3058,RH17,70,Retired,Pensioner,"30,001 - 40,000",2020-07-30T00:00:00.000Z,Owner-Occupied,40,DE,13/01/2021,Retrofitworks,House,Detached,Rural,Pre 1919,null,3,0,3,99.14,8,5,7,2.5,Cavity_Insulated,Mix,Pitched,Double,Yes,Gas,Gas Boiler - Standard,None,Water,130,0,0,1,null,null,null,null,null,null,null,null,null,,,,,,,,,,,,,,,,,,,,,,,,,,,,,,,,,,,,,,,,,,,,,,,,,,,,,,,,,,,,,,,,,,,,,,,,,,,,,,,
OVO,EOH2293,RH89,45,Working Full time (>30hrs),Professional,Prefer not to say,2020-09-01T00:00:00.000Z,Owner-Occupied,16,C1,02/11/2020,Retrofitworks,House,Semi-Detached,Suburban,1945-1964,null,2,2,2,77.16,5,3,5,2.45,Cavity_Insulated,Solid,Pitched,Double,Yes,Gas,Gas Boiler - Standard,None,Water,100,1,0,1,null,null,null,null,null,null,null,null,null,,,,,,,,,,,,,,,,,,,,,,,,,,,,,,,,,,,,,,,,,,,,,,,,,,,,,,,,,,,,,,,,,,,,,,,,,,,,,,,
OVO,EOH1681,PO31,32,Working Full time (>30hrs),Manager,Prefer not to say,2020-07-30T00:00:00.000Z,Owner-Occupied,2,AB,22/02/2021,Retrofitworks,House,Semi-Detached,Suburban,Pre 1919,null,2,1,2,106.8,7,3,7,2.6,Cavity_No_insulation,Suspended,Pitched,Double,Yes,Gas,Gas Boiler - Standard,None,Water,100,0,1,1,null,null,null,null,null,null,null,null,null,,,,,,,,,,,,,,,,,,,,,,,,,,,,,,,,,,,,,,,,,,,,,,,,,,,,,,,,,,,,,,,,,,,,,,,,,,,,,,,
OVO,EOH2407,BN37,49,Working Part time,Professional,"25,001 - 30,000",2020-07-30T00:00:00.000Z,Owner-Occupied,11,C1,08/12/2020,Retrofitworks,House,Semi-Detached,Suburban,1919-1944,null,2,3,3,160.29,7,5,9,2.5,Cavity_Insulated,Mix,Pitched,Triple,Yes,Gas,Gas Boiler - Standard,None,Water,210,4,0,1,null,null,null,null,null,null,null,null,null,,,,,,,,,,,,,,,,,,,,,,,,,,,,,,,,,,,,,,,,,,,,,,,,,,,,,,,,,,,,,,,,,,,,,,,,,,,,,,,
OVO,EOH2318,CT65,58,Working Full time (>30hrs),Skilled Manual Worker,Prefer not to say,2020-07-30T00:00:00.000Z,Owner-Occupied,30,C2,04/02/2021,Retrofitworks,House,Semi-Detached,Suburban,1945-1964,null,2,2,2,76.14,6,3,8,2.44,Solid_Insulated,Solid,Pitched,Double,Yes,Gas,Gas Boiler - Standard,None,Water,100,0,0,0,null,null,6.14,null,11746,3057,109,null,null,,,,,,,,,,,,,,,,,,,,,,,,,,,,,,,,,,,,,,,,,,,,,,,,,,,,,,,,,,,,,,,,,,,,,,,,,,,,,,,
OVO,EOH2214,GU98,63,Unemployed,Unemployed/Benefits,"0 - 12,500",2020-07-31T00:00:00.000Z,Owner-Occupied,19,DE,24/10/2020,Retrofitworks,House,Semi-Detached,Suburban,Pre 1919,D,1,0,3,119.45,6,3,6,2.66,Cavity_Insulated,Suspended,Pitched,Double,Yes,Gas,Gas Boiler - Standard,None,Water,140,0,0,1,1250,null,10.38,89.66,15500,5840,2317.46,50,3.64,,,,,,,,,,,,,,,,,,,,,,,,,,,,,,,,,,,,,,,,,,,,,,,,,,,,,,,,,,,,,,,,,,,,,,,,,,,,,,,
OVO,EOH1271,RG45,44,Working Full time (>30hrs),Manager,"50,001+",2020-07-31T00:00:00.000Z,Owner-Occupied,10,C1,08/02/2021,Retrofitworks,House,Semi-Detached,Urban,1919-1944,null,2,1,2,104.54,8,3,8,2.4,Cavity_Insulated,Solid,Pitched,Double,Yes,Gas,Gas Boiler - Standard,None,Water,130,1,0,1,null,null,null,null,null,null,null,null,null,,,,,,,,,,,,,,,,,,,,,,,,,,,,,,,,,,,,,,,,,,,,,,,,,,,,,,,,,,,,,,,,,,,,,,,,,,,,,,,
OVO,EOH0425,MK5,57,Working Full time (>30hrs),Professional,"50,001+",2020-08-01T00:00:00.000Z,Owner-Occupied,19,AB,02/03/2021,Retrofitworks,House,Detached,Suburban,1991-2000,null,2,0,2,167.69,8,5,8,2.5,Cavity_Insulated,Solid,Pitched,Double,Yes,Gas,Gas Boiler - Standard,None,Water,170,0,1,1,null,null,null,null,null,null,null,null,null,,,,,,,,,,,,,,,,,,,,,,,,,,,,,,,,,,,,,,,,,,,,,,,,,,,,,,,,,,,,,,,,,,,,,,,,,,,,,,,
OVO,EOH1437,BN25,46,Working Full time (>30hrs),Professional,"50,001+",2020-01-08T00:00:00.000Z,Owner-Occupied,10,C1,05/11/2020,Retrofitworks,House,Detached,Suburban,1981-1990,null,2,1,2,155.72,8,4,13,2.36,Cavity_Insulated,Mix,Pitched,Double,Yes,Gas,Gas Boiler - Standard,Gas - Warm air,Water,300,0,1,1,null,null,null,null,null,null,null,null,null,,,,,,,,,,,,,,,,,,,,,,,,,,,,,,,,,,,,,,,,,,,,,,,,,,,,,,,,,,,,,,,,,,,,,,,,,,,,,,,
OVO,EOH0277,GU10,62,Working Part time,Professional,"50,001+",2020-08-02T00:00:00.000Z,Owner-Occupied,5,AB,30/10/2020,Retrofitworks,House,Detached,Rural,2001+,B,2,0,3,311.13,7,5,7,3,Cavity_Insulated,Solid,Pitched,Double,Yes,Gas,Gas Boiler - Standard,Fire - Wood,Water,140,5,0,0,2274,null,13.97,41.08,44209.26,5840,2220.53,null,null,,,,,,,,,,,,,,,,,,,,,,,,,,,,,,,,,,,,,,,,,,,,,,,,,,,,,,,,,,,,,,,,,,,,,,,,,,,,,,,
OVO,EOH2190,TN26,36,Working Full time (>30hrs),Manager,"50,001+",2020-07-08T00:00:00.000Z,Owner-Occupied,4,AB,21/11/2020,Retrofitworks,House,Mid-Terrace,Rural,2001+,null,2,4,3,124,7,4,7,2.3,Cavity_Insulated,Solid,Pitched,Double,Yes,Gas,Gas Boiler - Standard,None,Water,170,0,0,1,16822,3700,null,null,null,null,null,null,null,,,,,,,,,,,,,,,,,,,,,,,,,,,,,,,,,,,,,,,,,,,,,,,,,,,,,,,,,,,,,,,,,,,,,,,,,,,,,,,
OVO,EOH1029,GU7,31,Working Full time (>30hrs),Professional,"50,001+",2020-08-05T00:00:00.000Z,Owner-Occupied,null,AB,20/11/2020,Retrofitworks,House,Mid-Terrace,Suburban,1965-1980,null,2,0,2,86,6,3,6,2.431,Cavity_No_insulation,Mix,Pitched,Double,Yes,Gas,Gas Boiler - Standard,None,Water,90,0,0,1,null,null,null,null,null,null,null,null,null,,,,,,,,,,,,,,,,,,,,,,,,,,,,,,,,,,,,,,,,,,,,,,,,,,,,,,,,,,,,,,,,,,,,,,,,,,,,,,,
OVO,EOH2172,GU1,67,Retired,Pensioner,"50,001+",2020-08-06T00:00:00.000Z,Owner-Occupied,22,DE,16/10/2020,Retrofitworks,House,Detached,Suburban,1945-1964,null,2,0,2,200.22,8,5,8,2.58,Cavity_Insulated,Solid,Pitched,Double,Yes,Gas,Gas Boiler - Standard,Fire - Gas,Water,140,0,1,1,1731,28531,9.84,51.28,12178.4,4585,218,null,null,,,,,,,,,,,,,,,,,,,,,,,,,,,,,,,,,,,,,,,,,,,,,,,,,,,,,,,,,,,,,,,,,,,,,,,,,,,,,,,
OVO,EOH0540,KT20,50,Unfit for work,Unemployed/Benefits,"20,001 - 25,000",2020-08-06T00:00:00.000Z,Owner-Occupied,4,DE,13/02/2021,Retrofitworks,House,Detached,Suburban,1991-2000,null,2,0,1,95.87,5,2,5,2.4,Cavity_Insulated,Solid,Pitched,Double,Yes,Gas,Gas Boiler - Standard,None,Water,100,0,0,0,null,null,null,null,null,null,null,null,null,,,,,,,,,,,,,,,,,,,,,,,,,,,,,,,,,,,,,,,,,,,,,,,,,,,,,,,,,,,,,,,,,,,,,,,,,,,,,,,
OVO,EOH3146,BH25,67,Retired,Pensioner,"50,001+",2020-08-08T00:00:00.000Z,Owner-Occupied,10,DE,12/02/2021,Retrofitworks,House,Detached,Suburban,1981-1990,null,2,0,1,96.5,9,4,8,2.34,Cavity_Insulated,Solid,Pitched,Double,Yes,Gas,Gas Boiler - Standard,None,Water,130,0,0,0,null,null,null,null,null,null,null,null,null,,,,,,,,,,,,,,,,,,,,,,,,,,,,,,,,,,,,,,,,,,,,,,,,,,,,,,,,,,,,,,,,,,,,,,,,,,,,,,,
OVO,EOH0205,BN2,55,Working Part time,Casual worker,"0 - 12,500",2020-08-08T00:00:00.000Z,Owner-Occupied,5,DE,04/12/2020,Retrofitworks,House,Detached,Suburban,1965-1980,null,1,0,1,72,3,2,3,2.36,Cavity_Insulated,Solid,Pitched,Double,Yes,Gas,Gas Boiler - Standard,Electric - Warm air,Water,130,0,0,0,null,null,4.56,74.31,12132.69,2920,817.93,45,3.57,,,,,,,,,,,,,,,,,,,,,,,,,,,,,,,,,,,,,,,,,,,,,,,,,,,,,,,,,,,,,,,,,,,,,,,,,,,,,,,
OVO,EOH1826,TN63,48,Working Full time (>30hrs),Professional,"50,001+",2020-08-08T00:00:00.000Z,Owner-Occupied,5,C1,28/11/2020,Retrofitworks,House,Detached,Rural,2001+,null,2,1,3,292.01,8,5,8,2.33,Cavity_Insulated,Solid,Pitched,Double,No,LPG,LPG Boiler,Fire - Wood,Water,200,13,0,0,11913,null,8.53,28.46,22759,4585,163,45,3.32,,,,,,,,,,,,,,,,,,,,,,,,,,,,,,,,,,,,,,,,,,,,,,,,,,,,,,,,,,,,,,,,,,,,,,,,,,,,,,,
OVO,EOH0763,SO45,50,Working Part time,Clerical,"30,001 - 40,000",2020-08-09T00:00:00.000Z,Owner-Occupied,21,C1,12/02/2021,Retrofitworks,Maisonette,Detached,Suburban,1945-1964,E,3,0,1,70,3,2,3,2.42,Cavity_No_insulation,Suspended,Pitched,Double,No,Electricity,Electric - Storage,None,Water,100,0,0,0,null,null,null,null,null,null,null,null,null,,,,,,,,,,,,,,,,,,,,,,,,,,,,,,,,,,,,,,,,,,,,,,,,,,,,,,,,,,,,,,,,,,,,,,,,,,,,,,,
OVO,EOH1028,PO15,53,Working Full time (>30hrs),Manager,"50,001+",2020-09-08T00:00:00.000Z,Owner-Occupied,20,C1,27/02/2021,Retrofitworks,House,Detached,Suburban,1991-2000,null,4,0,2,139,9,4,9,2.4,Cavity_Insulated,Solid,Pitched,Double,Yes,Gas,Gas Boiler - Standard,None,Water,160,0,0,1,null,null,null,null,null,null,null,null,null,,,,,,,,,,,,,,,,,,,,,,,,,,,,,,,,,,,,,,,,,,,,,,,,,,,,,,,,,,,,,,,,,,,,,,,,,,,,,,,
OVO,EOH0917,TN12,43,Working Full time (>30hrs),Professional,"50,001+",2020-08-11T00:00:00.000Z,Owner-Occupied,13,AB,23/11/2020,Retrofitworks,House,End-Terrace,Rural,2001+,null,2,3,3,134.93,6,4,7,2.37,Cavity_Insulated,Solid,Pitched,Double,No,Electricity,Electric - Direct,None,Water,200,0,0,0,18248,null,null,null,null,null,null,null,null,,,,,,,,,,,,,,,,,,,,,,,,,,,,,,,,,,,,,,,,,,,,,,,,,,,,,,,,,,,,,,,,,,,,,,,,,,,,,,,
OVO,EOH0174,GU9,42,Working Full time (>30hrs),Professional,"50,001+",2020-08-12T00:00:00.000Z,Owner-Occupied,10,AB,19/10/2020,Retrofitworks,House,Detached,Suburban,1945-1964,null,2,2,2,163.97,7,4,7,2.45,Cavity_Insulated,Solid,Pitched,Double,Yes,Gas,Gas Boiler - Standard,None,Water,170,0,0,1,null,null,8.53,75.13,22902.8,6205,2405.04,45,3.42,,,,,,,,,,,,,,,,,,,,,,,,,,,,,,,,,,,,,,,,,,,,,,,,,,,,,,,,,,,,,,,,,,,,,,,,,,,,,,,
OVO,EOH0924,TN11,36,Working Full time (>30hrs),Professional,Prefer not to say,2020-08-13T00:00:00.000Z,Owner-Occupied,3,C1,30/11/2020,Retrofitworks,House,Detached,Suburban,1981-1990,null,2,2,2,112.84,7,4,7,2.31,Cavity_Insulated,Solid,Pitched,Double,Yes,Gas,Gas Boiler - Standard,Fire - Gas,Water,150,1,1,1,4691,15111,11.88,74.5,23363,3821,136,null,null,,,,,,,,,,,,,,,,,,,,,,,,,,,,,,,,,,,,,,,,,,,,,,,,,,,,,,,,,,,,,,,,,,,,,,,,,,,,,,,
OVO,EOH2698,SL6,41,Working Full time (>30hrs),Professional,Prefer not to say,2020-08-13T00:00:00.000Z,Owner-Occupied,8,AB,05/02/2021,null,Maisonette,Semi-Detached,Suburban,1945-1964,null,2,0,1,63,4,2,4,2.4,Cavity_Insulated,Solid,Pitched,Double,Yes,Gas,Gas Boiler - Standard,None,Water,90,0,0,0,null,null,null,null,null,null,null,null,null,,,,,,,,,,,,,,,,,,,,,,,,,,,,,,,,,,,,,,,,,,,,,,,,,,,,,,,,,,,,,,,,,,,,,,,,,,,,,,,
OVO,EOH1214,TN27,63,Working Full time (>30hrs),Professional,"50,001+",2020-08-13T00:00:00.000Z,Owner-Occupied,5,AB,27/11/2020,Retrofitworks,House,Detached,Rural,2001+,null,2,3,2,395,9,5,9,2.71,Solid_Insulated,Solid,Flat,Triple,Yes,Gas,Gas Boiler - Combi,Electric - Direct,Water,200,15,0,0,5225,23819,11.14,35.56,29532,4585,163,45,3.81,,,,,,,,,,,,,,,,,,,,,,,,,,,,,,,,,,,,,,,,,,,,,,,,,,,,,,,,,,,,,,,,,,,,,,,,,,,,,,,
OVO,EOH2166,RH11,26,Working Full time (>30hrs),Clerical,"50,001+",2020-08-13T00:00:00.000Z,Owner-Occupied,null,C1,03/02/2021,Retrofitworks,House,Semi-Detached,Urban,1965-1980,null,2,0,2,55,4,2,4,2.35,Cavity_Insulated,Solid,Pitched,Double,No,Electricity,Electric - Warm air,None,Water,150,0,0,0,null,null,4.61,87.47,9700,2292,82,50,3.35,,,,,,,,,,,,,,,,,,,,,,,,,,,,,,,,,,,,,,,,,,,,,,,,,,,,,,,,,,,,,,,,,,,,,,,,,,,,,,,
OVO,EOH3130,SO31,57,Working Full time (>30hrs),Professional,"50,001+",2020-08-13T00:00:00.000Z,Owner-Occupied,22,AB,23/02/2021,Retrofitworks,House,Detached,Suburban,1981-1990,null,3,0,2,95.5,7,5,7,2.35,Cavity_Insulated,Solid,Pitched,Double,Yes,Gas,Gas Boiler - Standard,None,Water,150,0,0,1,null,null,null,null,null,null,null,null,null,,,,,,,,,,,,,,,,,,,,,,,,,,,,,,,,,,,,,,,,,,,,,,,,,,,,,,,,,,,,,,,,,,,,,,,,,,,,,,,
OVO,EOH0839,PO5,34,Working Full time (>30hrs),Professional,"50,001+",2020-08-13T00:00:00.000Z,Owner-Occupied,2,C1,14/01/2021,Retrofitworks,House,Semi-Detached,Suburban,Pre 1919,null,2,0,2,212,8,4,8,3,Cavity_No_insulation,Suspended,Pitched,Double,Yes,Gas,Gas Boiler - Standard,None,Water,90,1,1,1,null,null,null,null,null,null,null,null,null,,,,,,,,,,,,,,,,,,,,,,,,,,,,,,,,,,,,,,,,,,,,,,,,,,,,,,,,,,,,,,,,,,,,,,,,,,,,,,,
OVO,EOH2143,TN31,58,Unemployed,Unemployed/Benefits,"0 - 12,500",2020-08-14T00:00:00.000Z,Owner-Occupied,9,DE,25/01/2021,Retrofitworks,House,End-Terrace,Suburban,1965-1980,null,1,0,2,70.9,4,1,1,2.35,Cavity_No_insulation,Suspended,Pitched,Single,No,Electricity,Electric - Warm air,None,Water,130,0,0,0,null,null,null,null,null,null,null,null,null,,,,,,,,,,,,,,,,,,,,,,,,,,,,,,,,,,,,,,,,,,,,,,,,,,,,,,,,,,,,,,,,,,,,,,,,,,,,,,,
OVO,EOH2807,GU12,38,Working Full time (>30hrs),Skilled Manual Worker,"40,001 - 50,000",2020-08-16T00:00:00.000Z,Owner-Occupied,6,C2,20/11/2020,Retrofitworks,House,Semi-Detached,Suburban,1919-1944,null,2,3,2,89,5,3,10,2.37,Solid_No_insulation,Suspended,Pitched,Triple,Yes,Gas,Gas Boiler - Standard,None,Water,150,4,0,1,null,null,5.33,62.74,17557.18,3650,841.01,45,3.57,,,,,,,,,,,,,,,,,,,,,,,,,,,,,,,,,,,,,,,,,,,,,,,,,,,,,,,,,,,,,,,,,,,,,,,,,,,,,,,
OVO,EOH0001,SL0,33,Working Full time (>30hrs),Manager,"50,001+",2020-08-17T00:00:00.000Z,Owner-Occupied,null,AB,09/02/2021,Retrofitworks,House,Semi-Detached,Suburban,1945-1964,E,2,0,2,82.36,5,3,5,2.4,Cavity_No_insulation,Suspended,Pitched,Double,Yes,Gas,Gas Boiler - Standard,None,Water,100,0,0,0,null,null,8.29,69,21577.77,4380,1368.75,45,3.42,,,,,,,,,,,,,,,,,,,,,,,,,,,,,,,,,,,,,,,,,,,,,,,,,,,,,,,,,,,,,,,,,,,,,,,,,,,,,,,
OVO,EOH2605,PO19,74,Retired,Pensioner,"50,001+",2020-08-19T00:00:00.000Z,Owner-Occupied,43,DE,01/03/2021,Retrofitworks,House,Detached,Suburban,Pre 1919,null,2,0,2,143,9,4,8,2.1,Cavity_Insulated,Suspended,Pitched,Double,Yes,Gas,Gas Boiler - Standard,None,Water,200,0,0,1,null,null,null,null,null,null,null,null,null,,,,,,,,,,,,,,,,,,,,,,,,,,,,,,,,,,,,,,,,,,,,,,,,,,,,,,,,,,,,,,,,,,,,,,,,,,,,,,,
OVO,EOH0475,ME20,66,Retired,Pensioner,Prefer not to say,2020-08-20T00:00:00.000Z,Owner-Occupied,34,DE,26/01/2021,Retrofitworks,House,Semi-Detached,Suburban,1945-1964,null,4,0,2,76.4,6,4,6,2.5,Cavity_Insulated,Solid,Pitched,Double,Yes,Gas,Gas Boiler - Standard,Fire - Wood,Water,100,0,0,0,null,null,null,null,null,null,null,null,null,,,,,,,,,,,,,,,,,,,,,,,,,,,,,,,,,,,,,,,,,,,,,,,,,,,,,,,,,,,,,,,,,,,,,,,,,,,,,,,
OVO,EOH1598,SO23,36,Working Full time (>30hrs),Manager,Prefer not to say,2020-08-21T00:00:00.000Z,Owner-Occupied,1,AB,05/02/2021,Retrofitworks,House,End-Terrace,Suburban,Pre 1919,null,2,0,2,80,4,2,4,2.42,Cavity_Insulated,Suspended,Pitched,Double,No,Electricity,Electric - Storage,None,Water,100,0,0,0,5058,null,null,null,null,null,null,null,null,,,,,,,,,,,,,,,,,,,,,,,,,,,,,,,,,,,,,,,,,,,,,,,,,,,,,,,,,,,,,,,,,,,,,,,,,,,,,,,
OVO,EOH0260,TN5,49,Working Full time (>30hrs),Professional,"50,001+",2020-08-21T00:00:00.000Z,Owner-Occupied,3,C2,09/12/2020,Retrofitworks,House,Detached,Rural,1991-2000,null,4,1,2,189.28,8,5,8,2.35,Cavity_Insulated,Suspended,Pitched,Double,Yes,Gas,Gas Boiler - Standard,Fire - Wood,Water,170,0,0,1,22264,5792,null,null,null,null,null,null,null,,,,,,,,,,,,,,,,,,,,,,,,,,,,,,,,,,,,,,,,,,,,,,,,,,,,,,,,,,,,,,,,,,,,,,,,,,,,,,,
OVO,EOH0934,GU14,37,Working Full time (>30hrs),Professional,"50,001+",2020-08-21T00:00:00.000Z,Owner-Occupied,null,AB,30/10/2020,Retrofitworks,House,Semi-Detached,Suburban,1945-1964,null,2,3,2,134.87,6,3,6,2.41,Cavity_Insulated,Solid,Pitched,Double,Yes,Gas,Gas Boiler - Standard,None,Water,140,0,0,1,3741,12590,7.28,54.1,23665.53,4745,1839.15,45,3.42,,,,,,,,,,,,,,,,,,,,,,,,,,,,,,,,,,,,,,,,,,,,,,,,,,,,,,,,,,,,,,,,,,,,,,,,,,,,,,,
OVO,EOH3088,TN21,36,Working Full time (>30hrs),Professional,"50,001+",2020-08-28T00:00:00.000Z,Owner-Occupied,null,C1,16/11/2020,Retrofitworks,House,Detached,Rural,1919-1944,null,2,1,2,144.54,7,4,9,2.36,Cavity_No_insulation,Solid,Pitched,Double,No,Oil,Oil Boiler,Fire - Wood,Water,150,0,0,0,null,null,10.77,67.8,20507,3821,136,null,null,,,,,,,,,,,,,,,,,,,,,,,,,,,,,,,,,,,,,,,,,,,,,,,,,,,,,,,,,,,,,,,,,,,,,,,,,,,,,,,
OVO,EOH0483,GU22,42,Working Full time (>30hrs),Professional,"50,001+",2020-08-31T00:00:00.000Z,Owner-Occupied,6,AB,19/10/2020,Retrofitworks,House,Detached,Suburban,1945-1964,null,2,2,2,147.62,7,4,7,2.39,Cavity_Insulated,Solid,Pitched,Double,Yes,Gas,Gas Boiler - Standard,None,Water,140,2,0,1,8000,22000,null,null,null,null,null,null,null,,,,,,,,,,,,,,,,,,,,,,,,,,,,,,,,,,,,,,,,,,,,,,,,,,,,,,,,,,,,,,,,,,,,,,,,,,,,,,,
OVO,EOH1706,GL7,57,Working Full time (>30hrs),Skilled Manual Worker,"40,001 - 50,000",2020-07-09T00:00:00.000Z,Owner-Occupied,10,C2,11/02/2021,Retrofitworks,House,Semi-Detached,Suburban,1945-1964,null,2,0,2,124,6,3,6,2.5,Cavity_Insulated,Solid,Pitched,Double,No,Oil,Oil Boiler,Fire - Wood,Water,110,0,0,0,null,null,null,null,null,null,null,null,null,,,,,,,,,,,,,,,,,,,,,,,,,,,,,,,,,,,,,,,,,,,,,,,,,,,,,,,,,,,,,,,,,,,,,,,,,,,,,,,
OVO,EOH2716,RH20,39,Working Full time (>30hrs),Manager,"50,001+",2020-07-09T00:00:00.000Z,Owner-Occupied,1,C1,18/01/2021,Retrofitworks,House,Detached,Rural,1981-1990,null,2,1,2,189.76,12,4,12,2.4,Cavity_Insulated,Solid,Pitched,Double,No,Oil,Oil Boiler,Electric - Warm air,Water,130,0,0,0,null,null,10.44,68.16,13464,3821,136,46,3.74,,,,,,,,,,,,,,,,,,,,,,,,,,,,,,,,,,,,,,,,,,,,,,,,,,,,,,,,,,,,,,,,,,,,,,,,,,,,,,,
OVO,EOH0685,HP10,56,Unemployed,Manager,"40,001 - 50,000",2020-08-09T00:00:00.000Z,Owner-Occupied,24,C1,12/02/2021,Retrofitworks,House,Detached,Suburban,1945-1964,null,2,2,2,128.93,8,4,8,2.34,Cavity_Insulated,Solid,Pitched,Double,Yes,Gas,Gas Boiler - Standard,None,Water,130,0,0,0,null,null,null,null,null,null,null,null,null,,,,,,,,,,,,,,,,,,,,,,,,,,,,,,,,,,,,,,,,,,,,,,,,,,,,,,,,,,,,,,,,,,,,,,,,,,,,,,,
OVO,EOH2670,SO22,42,Working Full time (>30hrs),Professional,Prefer not to say,2020-09-14T00:00:00.000Z,Owner-Occupied,6,AB,22/02/2021,Retrofitworks,House,Detached,Suburban,2001+,null,2,2,3,110.96,6,3,6,2.4,Cavity_Insulated,Solid,Pitched,Double,Yes,Gas,Gas Boiler - Standard,None,Water,100,0,0,0,null,null,null,null,null,null,null,null,null,,,,,,,,,,,,,,,,,,,,,,,,,,,,,,,,,,,,,,,,,,,,,,,,,,,,,,,,,,,,,,,,,,,,,,,,,,,,,,,
OVO,EOH1494,SL5,57,Working Full time (>30hrs),Manager,"50,001+",2020-11-09T00:00:00.000Z,Owner-Occupied,21,C1,04/02/2021,Retrofitworks,House,Detached,Suburban,1965-1980,null,1,0,2,160.74,10,4,10,2.4,Cavity_Insulated,Solid,Pitched,Double,Yes,Gas,Gas Boiler - Standard,Electric - Direct,Water,130,1,0,1,null,null,null,null,null,null,null,null,null,,,,,,,,,,,,,,,,,,,,,,,,,,,,,,,,,,,,,,,,,,,,,,,,,,,,,,,,,,,,,,,,,,,,,,,,,,,,,,,
OVO,EOH1034,TN9,27,Unemployed,Unemployed/Benefits,"50,001+",2020-09-16T00:00:00.000Z,Owner-Occupied,null,DE,15/12/2020,Retrofitworks,House,Detached,Suburban,1981-1990,null,4,1,2,180.89,8,4,8,2.26,Cavity_Insulated,Mix,Pitched,Double,Yes,Gas,Gas Boiler - Standard,Electric - Direct,Water,170,2,1,1,4028,21365,null,null,null,null,null,null,null,,,,,,,,,,,,,,,,,,,,,,,,,,,,,,,,,,,,,,,,,,,,,,,,,,,,,,,,,,,,,,,,,,,,,,,,,,,,,,,
OVO,EOH2714,CT18,53,Working Full time (>30hrs),Manager,"50,001+",2020-09-17T00:00:00.000Z,Owner-Occupied,23,AB,24/03/2021,Retrofitworks,House,Detached,Suburban,1991-2000,null,2,2,2,138,8,5,8,2.35,Cavity_Insulated,Solid,Pitched,Double,Yes,Gas,Gas Boiler - Standard,None,Water,120,0,0,1,null,null,7.79,57.87,16038,4585,163,65,2.9,,,,,,,,,,,,,,,,,,,,,,,,,,,,,,,,,,,,,,,,,,,,,,,,,,,,,,,,,,,,,,,,,,,,,,,,,,,,,,,
OVO,EOH2701,RH1,31,Working Full time (>30hrs),Professional,"50,001+",2020-09-17T00:00:00.000Z,Owner-Occupied,null,AB,19/02/2021,Retrofitworks,House,Semi-Detached,Suburban,Pre 1919,D,2,0,2,126,5,3,5,2.8,Solid_No_insulation,Suspended,Pitched,Double,Yes,Gas,Gas Boiler - Standard,None,Water,90,0,0,0,null,null,null,null,null,null,null,null,null,,,,,,,,,,,,,,,,,,,,,,,,,,,,,,,,,,,,,,,,,,,,,,,,,,,,,,,,,,,,,,,,,,,,,,,,,,,,,,,
OVO,EOH0513,BH31,51,Working Part time,Professional,"40,001 - 50,000",2020-09-27T00:00:00.000Z,Owner-Occupied,15,C2,24/02/2021,Retrofitworks,House,Detached,Suburban,1981-1990,null,2,2,2,121,8,4,8,2.4,Cavity_Insulated,Solid,Pitched,Double,Yes,Gas,Gas Boiler - Standard,None,Water,100,0,0,1,null,null,null,null,null,null,null,null,null,,,,,,,,,,,,,,,,,,,,,,,,,,,,,,,,,,,,,,,,,,,,,,,,,,,,,,,,,,,,,,,,,,,,,,,,,,,,,,,
OVO,EOH2692,ME5,56,Working Full time (>30hrs),Professional,"30,001 - 40,000",2020-09-28T00:00:00.000Z,Owner-Occupied,1,C2,04/01/2021,Retrofitworks,House,Detached,Suburban,1965-1980,null,1,0,1,37,3,1,4,2.5,Cavity_No_insulation,Solid,Pitched,Double,Yes,Gas,Gas Boiler - Standard,Electric - Warm air,Water,100,0,0,0,null,null,null,null,null,null,null,null,null,,,,,,,,,,,,,,,,,,,,,,,,,,,,,,,,,,,,,,,,,,,,,,,,,,,,,,,,,,,,,,,,,,,,,,,,,,,,,,,
OVO,EOH1903,GU15,46,Working Full time (>30hrs),Manager,Prefer not to say,2020-09-29T00:00:00.000Z,Owner-Occupied,1,C1,16/12/2020,Retrofitworks,House,Semi-Detached,Urban,1919-1944,null,2,0,2,115,6,3,6,2.5,Cavity_Insulated,Suspended,Pitched,Double,Yes,Gas,Gas Boiler - Standard,None,Water,114,0,0,1,null,null,null,null,null,null,null,null,null,,,,,,,,,,,,,,,,,,,,,,,,,,,,,,,,,,,,,,,,,,,,,,,,,,,,,,,,,,,,,,,,,,,,,,,,,,,,,,,
OVO,EOH2947,TN22,46,Working Full time (>30hrs),Manager,Prefer not to say,2020-09-29T00:00:00.000Z,Owner-Occupied,9,C1,17/02/2021,Retrofitworks,House,Semi-Detached,Suburban,1945-1964,null,2,2,2,70,6,3,6,2.3,Cavity_Insulated,Solid,Pitched,Double,Yes,Gas,Gas Boiler - Standard,None,Water,200,0,0,1,null,null,null,null,null,null,null,null,null,,,,,,,,,,,,,,,,,,,,,,,,,,,,,,,,,,,,,,,,,,,,,,,,,,,,,,,,,,,,,,,,,,,,,,,,,,,,,,,
OVO,EOH0419,HP16,72,Retired,Pensioner,Prefer not to say,2020-09-30T00:00:00.000Z,Owner-Occupied,19,DE,09/02/2021,Retrofitworks,House,Detached,Suburban,1991-2000,null,2,0,2,245.12,12,5,12,2.35,Cavity_Insulated,Solid,Pitched,Double,Yes,Gas,Gas Boiler - Standard,None,Water,170,0,0,1,null,null,null,null,null,null,null,null,null,,,,,,,,,,,,,,,,,,,,,,,,,,,,,,,,,,,,,,,,,,,,,,,,,,,,,,,,,,,,,,,,,,,,,,,,,,,,,,,
OVO,EOH1015,TN6,56,Working Full time (>30hrs),Manager,"40,001 - 50,000",2020-09-30T00:00:00.000Z,Owner-Occupied,25,C1,09/12/2020,Retrofitworks,House,Semi-Detached,Suburban,Pre 1919,null,3,0,2,93.41,5,4,5,2.51,Solid_No_insulation,Suspended,Pitched,Double,Yes,Gas,Gas Boiler - Standard,None,Water,170,0,0,1,4779,24428,null,null,null,null,null,null,null,,,,,,,,,,,,,,,,,,,,,,,,,,,,,,,,,,,,,,,,,,,,,,,,,,,,,,,,,,,,,,,,,,,,,,,,,,,,,,,
OVO,EOH0283,GU4,50,Working Full time (>30hrs),Manager,"50,001+",2020-10-02T00:00:00.000Z,Owner-Occupied,11,AB,14/12/2020,Retrofitworks,House,Semi-Detached,Rural,1919-1944,null,2,2,2,123,6,3,10,2.4,Cavity_Insulated,Suspended,Pitched,Double,No,Oil,Oil Boiler,Fire - Wood,Water,140,4,0,0,null,null,7.96,68.16,21931.03,8760,2737.5,45,3.42,,,,,,,,,,,,,,,,,,,,,,,,,,,,,,,,,,,,,,,,,,,,,,,,,,,,,,,,,,,,,,,,,,,,,,,,,,,,,,,
OVO,EOH2999,RH15,48,Working Full time (>30hrs),Manager,"50,001+",2020-10-03T00:00:00.000Z,Owner-Occupied,9,AB,19/01/2021,Retrofitworks,House,Detached,Suburban,1991-2000,null,3,1,3,139.61,8,4,8,2.33,Cavity_Insulated,Solid,Pitched,Double,Yes,Gas,Gas Boiler - Standard,Electric - Direct,Water,170,1,0,1,null,null,9.27,57.08,16034,3057,109,null,null,,,,,,,,,,,,,,,,,,,,,,,,,,,,,,,,,,,,,,,,,,,,,,,,,,,,,,,,,,,,,,,,,,,,,,,,,,,,,,,
OVO,EOH0374,OX44,38,Working Full time (>30hrs),Professional,Prefer not to say,2020-10-03T00:00:00.000Z,Owner-Occupied,6,AB,29/03/2021,Retrofitworks,House,Detached,Suburban,1965-1980,null,2,2,2,92,8,4,8,2.4,Cavity_Insulated,Solid,Pitched,Double,Yes,Gas,Gas Boiler - Standard,None,Water,120,0,0,1,null,null,null,null,null,null,null,null,null,,,,,,,,,,,,,,,,,,,,,,,,,,,,,,,,,,,,,,,,,,,,,,,,,,,,,,,,,,,,,,,,,,,,,,,,,,,,,,,
OVO,EOH2743,PO20,66,Working Part time,Skilled Manual Worker,Prefer not to say,2020-10-05T00:00:00.000Z,Owner-Occupied,5,C2,02/03/2021,Retrofitworks,House,Detached,Rural,2001+,null,4,0,1,185.56,7,4,7,2.5,Cavity_Insulated,Solid,Pitched,Double,No,Oil,Oil Boiler,None,Water,200,0,0,0,null,null,null,null,null,null,null,null,null,,,,,,,,,,,,,,,,,,,,,,,,,,,,,,,,,,,,,,,,,,,,,,,,,,,,,,,,,,,,,,,,,,,,,,,,,,,,,,,
OVO,EOH2815,OX25,43,Working Full time (>30hrs),Manager,"50,001+",2020-10-05T00:00:00.000Z,Owner-Occupied,6,AB,08/03/2021,Retrofitworks,House,Semi-Detached,Suburban,1965-1980,null,2,2,2,112.96,6,4,6,2.3,Cavity_Insulated,Solid,Pitched,Double,Yes,Gas,Gas Boiler - Standard,Fire - Gas,Water,120,0,1,1,null,null,null,null,null,null,null,null,null,,,,,,,,,,,,,,,,,,,,,,,,,,,,,,,,,,,,,,,,,,,,,,,,,,,,,,,,,,,,,,,,,,,,,,,,,,,,,,,
OVO,EOH2423,PO20,37,Working Full time (>30hrs),Manager,"50,001+",2020-08-10T00:00:00.000Z,Owner-Occupied,5,C1,12/03/2021,Retrofitworks,House,Detached,Suburban,1965-1980,null,2,2,2,92,8,4,8,2.4,Cavity_Insulated,Solid,Pitched,Double,Yes,Gas,Gas Boiler - Standard,None,Water,170,0,0,1,null,null,null,null,null,null,null,null,null,,,,,,,,,,,,,,,,,,,,,,,,,,,,,,,,,,,,,,,,,,,,,,,,,,,,,,,,,,,,,,,,,,,,,,,,,,,,,,,
OVO,EOH3173,RH8,35,Working Full time (>30hrs),Professional,Prefer not to say,2020-10-09T00:00:00.000Z,Owner-Occupied,4,AB,11/11/2020,Retrofitworks,House,End-Terrace,Suburban,2001+,null,2,1,3,128,10,3,9,2.42,Cavity_Insulated,Suspended,Pitched,Double,Yes,Gas,Gas Boiler - Standard,None,Water,170,10,0,1,null,null,null,null,null,null,null,null,null,,,,,,,,,,,,,,,,,,,,,,,,,,,,,,,,,,,,,,,,,,,,,,,,,,,,,,,,,,,,,,,,,,,,,,,,,,,,,,,
OVO,EOH2053,TN3,56,Working Full time (>30hrs),Manager,Prefer not to say,2020-12-10T00:00:00.000Z,Owner-Occupied,25,C1,17/04/2021,Retrofitworks,House,Detached,Suburban,1919-1944,null,5,0,2,150,6,4,6,2.4,Cavity_Insulated,Suspended,Pitched,Double,Yes,Gas,Gas Boiler - Standard,None,Water,170,4,0,0,null,null,null,null,null,null,null,null,null,,,,,,,,,,,,,,,,,,,,,,,,,,,,,,,,,,,,,,,,,,,,,,,,,,,,,,,,,,,,,,,,,,,,,,,,,,,,,,,
OVO,EOH0912,BN7,52,Working Full time (>30hrs),Professional,"50,001+",2020-10-17T00:00:00.000Z,Owner-Occupied,7,AB,03/12/2020,Retrofitworks,House,Semi-Detached,Suburban,1919-1944,null,3,2,2,138,11,5,11,2.41,Solid_Insulated,Solid,Pitched,Double,Yes,Gas,Gas Boiler - Standard,None,Water,300,0,1,0,null,null,null,null,null,null,null,null,null,,,,,,,,,,,,,,,,,,,,,,,,,,,,,,,,,,,,,,,,,,,,,,,,,,,,,,,,,,,,,,,,,,,,,,,,,,,,,,,
OVO,EOH0431,SP4,55,Working Full time (>30hrs),Professional,Prefer not to say,2020-10-23T00:00:00.000Z,Owner-Occupied,9,C2,24/02/2021,Retrofitworks,House,Detached,Rural,1945-1964,null,2,0,2,129,9,5,9,2.4,Cavity_Insulated,Solid,Pitched,Double,Yes,Gas,Gas Boiler - Standard,None,Water,150,0,0,0,null,null,null,null,null,null,null,null,null,,,,,,,,,,,,,,,,,,,,,,,,,,,,,,,,,,,,,,,,,,,,,,,,,,,,,,,,,,,,,,,,,,,,,,,,,,,,,,,
OVO,EOH0872,SL4,29,Working Full time (>30hrs),Supervisor,"50,001+",2020-10-25T00:00:00.000Z,Owner-Occupied,6,C1,03/02/2021,Retrofitworks,House,End-Terrace,Suburban,2001+,null,3,0,2,85.74,4,3,4,2.4,Cavity_Insulated,Solid,Pitched,Double,Yes,Gas,Gas Boiler - Standard,None,Water,100,0,0,1,null,null,null,null,null,null,null,null,null,,,,,,,,,,,,,,,,,,,,,,,,,,,,,,,,,,,,,,,,,,,,,,,,,,,,,,,,,,,,,,,,,,,,,,,,,,,,,,,
OVO,EOH2076,RG7,54,Working Full time (>30hrs),Manager,"50,001+",2020-10-27T00:00:00.000Z,Owner-Occupied,22,C1,12/03/2021,Retrofitworks,House,Detached,Suburban,1965-1980,null,3,1,2,164,8,4,8,2.5,Cavity_Insulated,Solid,Pitched,Double,Yes,Gas,Gas Boiler - Standard,None,Water,150,0,0,0,null,null,null,null,null,null,null,null,null,,,,,,,,,,,,,,,,,,,,,,,,,,,,,,,,,,,,,,,,,,,,,,,,,,,,,,,,,,,,,,,,,,,,,,,,,,,,,,,
OVO,EOH2009,RG27,55,Working Part time,Professional,Prefer not to say,2020-10-27T00:00:00.000Z,Owner-Occupied,8,C1,25/03/2021,Retrofitworks,House,Detached,Rural,1919-1944,null,2,0,2,205.6,10,4,10,2.5,Cavity_Insulated,Solid,Pitched,Double,No,Oil,Oil Boiler,None,Water,170,0,0,0,null,null,null,null,null,null,null,null,null,,,,,,,,,,,,,,,,,,,,,,,,,,,,,,,,,,,,,,,,,,,,,,,,,,,,,,,,,,,,,,,,,,,,,,,,,,,,,,,
OVO,EOH1890,PO35,73,Retired,Pensioner,"20,001 - 25,000",2020-10-28T00:00:00.000Z,Owner-Occupied,14,DE,01/02/2021,Retrofitworks,House,Detached,Rural,1945-1964,null,2,0,2,68,4,2,5,2.35,Cavity_Insulated,Solid,Pitched,Double,No,Electricity,Electric - Storage,None,Water,120,0,0,0,null,null,null,null,null,null,null,null,null,,,,,,,,,,,,,,,,,,,,,,,,,,,,,,,,,,,,,,,,,,,,,,,,,,,,,,,,,,,,,,,,,,,,,,,,,,,,,,,
OVO,EOH1125,TW16,53,Working Full time (>30hrs),Skilled Manual Worker,"25,001 - 30,000",2020-10-28T00:00:00.000Z,Owner-Occupied,2,C2,22/02/2021,Retrofitworks,House,Detached,Suburban,1965-1980,null,2,0,1,89.9,6,3,6,2.4,Cavity_Insulated,Suspended,Pitched,Double,No,Oil,Oil Boiler,None,Water,100,0,0,0,null,null,null,null,null,null,null,null,null,,,,,,,,,,,,,,,,,,,,,,,,,,,,,,,,,,,,,,,,,,,,,,,,,,,,,,,,,,,,,,,,,,,,,,,,,,,,,,,
OVO,EOH0642,BN8,65,Retired,Pensioner,"40,001 - 50,000",2020-10-31T00:00:00.000Z,Owner-Occupied,3,DE,16/02/2021,Retrofitworks,House,Detached,Rural,1981-1990,null,2,0,2,66.35,4,2,7,2.1,Cavity_Insulated,Solid,Pitched,Double,No,Oil,Oil Boiler,Fire - Wood,Water,100,1,0,0,null,null,7.33,102.46,18847,3872,108,50,3.64,,,,,,,,,,,,,,,,,,,,,,,,,,,,,,,,,,,,,,,,,,,,,,,,,,,,,,,,,,,,,,,,,,,,,,,,,,,,,,,
OVO,EOH1693,KT19,69,Retired,Pensioner,"30,001 - 40,000",2020-11-14T00:00:00.000Z,Owner-Occupied,27,DE,26/03/2021,Retrofitworks,House,Mid-Terrace,Urban,1965-1980,null,3,2,2,143,5,4,5,2.4,Cavity_Insulated,Solid,Pitched,Double,No,Electricity,Electric - Storage,None,Water,170,0,0,0,null,null,null,null,null,null,null,null,null,,,,,,,,,,,,,,,,,,,,,,,,,,,,,,,,,,,,,,,,,,,,,,,,,,,,,,,,,,,,,,,,,,,,,,,,,,,,,,,
OVO,EOH3080,ME17,45,Working Full time (>30hrs),Professional,"30,001 - 40,000",2020-11-22T00:00:00.000Z,Owner-Occupied,7,C1,15/02/2021,Retrofitworks,House,Semi-Detached,Rural,1965-1980,null,2,1,2,90.98,5,3,7,2.44,Cavity_Insulated,Solid,Pitched,Double,Yes,Gas,Gas Boiler - Standard,None,Water,130,0,0,0,null,null,null,null,null,null,null,null,null,,,,,,,,,,,,,,,,,,,,,,,,,,,,,,,,,,,,,,,,,,,,,,,,,,,,,,,,,,,,,,,,,,,,,,,,,,,,,,,
OVO,EOH0608,SO30,63,Retired,Pensioner,"30,001 - 40,000",2020-11-27T00:00:00.000Z,Owner-Occupied,27,DE,08/03/2021,Retrofitworks,House,Detached,Suburban,1965-1980,null,2,0,2,91.12,5,3,5,2.35,Cavity_Insulated,Solid,Pitched,Double,Yes,Gas,Gas Boiler - Standard,None,Water,120,0,0,0,null,null,null,null,null,null,null,null,null,,,,,,,,,,,,,,,,,,,,,,,,,,,,,,,,,,,,,,,,,,,,,,,,,,,,,,,,,,,,,,,,,,,,,,,,,,,,,,,
OVO,EOH3092,OX15,33,Working Full time (>30hrs),Professional,"50,001+",2020-11-30T00:00:00.000Z,Owner-Occupied,null,AB,25/01/2021,Retrofitworks,House,Detached,Rural,Pre 1919,null,2,0,1,260,5,2,4,2.3,Solid_Insulated,Solid,Pitched,Double,No,Electricity,Electric - Storage,None,Water,100,0,0,0,null,null,3.43,153.13,13240,4745,1416.62,45,4.14,,,,,,,,,,,,,,,,,,,,,,,,,,,,,,,,,,,,,,,,,,,,,,,,,,,,,,,,,,,,,,,,,,,,,,,,,,,,,,,
OVO,EOH2215,OX14,46,Working Full time (>30hrs),Skilled Manual Worker,"40,001 - 50,000",2020-12-04T00:00:00.000Z,Owner-Occupied,4,C2,21/03/2021,Retrofitworks,House,Semi-Detached,Suburban,1945-1964,null,2,2,2,225,8,4,4,2.5,Cavity_Insulated,Solid,Pitched,Double,Yes,Gas,Gas Boiler - Standard,None,Water,150,0,0,0,null,null,null,null,null,null,null,null,null,,,,,,,,,,,,,,,,,,,,,,,,,,,,,,,,,,,,,,,,,,,,,,,,,,,,,,,,,,,,,,,,,,,,,,,,,,,,,,,
OVO,EOH0274,RG2,60,Working Part time,Professional,"30,001 - 40,000",2020-12-05T00:00:00.000Z,Owner-Occupied,16,C2,23/02/2021,Retrofitworks,House,Semi-Detached,Suburban,1919-1944,null,2,0,2,108.54,7,3,7,2.5,Cavity_No_insulation,Suspended,Pitched,Double,Yes,Gas,Gas Boiler - Standard,None,Water,170,0,0,0,null,null,null,null,null,null,null,null,null,,,,,,,,,,,,,,,,,,,,,,,,,,,,,,,,,,,,,,,,,,,,,,,,,,,,,,,,,,,,,,,,,,,,,,,,,,,,,,,
OVO,EOH0334,HP21,30,Working Full time (>30hrs),Professional,"40,001 - 50,000",2020-12-06T00:00:00.000Z,Owner-Occupied,3,C1,04/02/2021,Retrofitworks,House,Mid-Terrace,Suburban,1919-1944,null,1,0,2,58.8,3,2,4,2.3,Cavity_No_insulation,Suspended,Pitched,Double,Yes,Gas,Gas Boiler - Standard,Electric - Direct,Water,100,0,1,1,null,null,null,null,null,null,null,null,null,,,,,,,,,,,,,,,,,,,,,,,,,,,,,,,,,,,,,,,,,,,,,,,,,,,,,,,,,,,,,,,,,,,,,,,,,,,,,,,
OVO,EOH2197,GU31,60,Retired,Pensioner,Prefer not to say,2020-12-09T00:00:00.000Z,Owner-Occupied,6,DE,23/03/2021,Retrofitworks,House,Detached,Suburban,1991-2000,null,2,0,2,217.58,9,5,9,2.5,Cavity_Insulated,Solid,Pitched,Double,Yes,Gas,Gas Boiler - Standard,None,Water,180,0,0,0,null,null,null,null,null,null,null,null,null,,,,,,,,,,,,,,,,,,,,,,,,,,,,,,,,,,,,,,,,,,,,,,,,,,,,,,,,,,,,,,,,,,,,,,,,,,,,,,,
OVO,EOH0083,RG40,63,Working Full time (>30hrs),Professional,Prefer not to say,2020-12-13T00:00:00.000Z,Owner-Occupied,30,C2,20/02/2021,Retrofitworks,House,Detached,Rural,Pre 1919,null,3,0,2,76,6,3,8,2.4,Solid_No_insulation,Solid,Pitched,Double,Yes,Gas,Gas Boiler - Standard,Fire - Gas,Water,100,0,0,1,null,null,null,null,null,null,null,null,null,,,,,,,,,,,,,,,,,,,,,,,,,,,,,,,,,,,,,,,,,,,,,,,,,,,,,,,,,,,,,,,,,,,,,,,,,,,,,,,
OVO,EOH1855,OX4,47,Working Full time (>30hrs),Manager,Prefer not to say,2020-12-14T00:00:00.000Z,Owner-Occupied,15,C1,30/03/2021,Retrofitworks,House,Semi-Detached,Suburban,1919-1944,null,2,2,2,145,5,4,5,2.4,Solid_Insulated,Mix,Pitched,Double,Yes,Gas,Gas Boiler - Standard,Fire - Wood,Water,170,1,0,1,null,null,null,null,null,null,null,null,null,,,,,,,,,,,,,,,,,,,,,,,,,,,,,,,,,,,,,,,,,,,,,,,,,,,,,,,,,,,,,,,,,,,,,,,,,,,,,,,
OVO,EOH1865,OX14,52,Working Part time,Professional,"0 - 12,500",2020-12-15T00:00:00.000Z,Owner-Occupied,19,C1,04/01/2021,Retrofitworks,House,Semi-Detached,Suburban,1981-1990,null,1,0,2,48.88,2,2,2,2.4,Cavity_No_insulation,Solid,Pitched,Double,Yes,Gas,Gas Boiler - Standard,None,Water,130,0,0,0,null,null,null,null,null,null,null,null,null,,,,,,,,,,,,,,,,,,,,,,,,,,,,,,,,,,,,,,,,,,,,,,,,,,,,,,,,,,,,,,,,,,,,,,,,,,,,,,,
OVO,EOH3098,GU4,57,Working Full time (>30hrs),Professional,"50,001+",2020-12-16T00:00:00.000Z,Owner-Occupied,20,AB,17/02/2021,Retrofitworks,House,Detached,Suburban,Pre 1919,null,3,0,2,133,7,4,7,2.4,Solid_Insulated,Suspended,Pitched,Double,Yes,Gas,Gas Boiler - Standard,None,Water,300,0,0,1,null,null,null,null,null,null,null,null,null,,,,,,,,,,,,,,,,,,,,,,,,,,,,,,,,,,,,,,,,,,,,,,,,,,,,,,,,,,,,,,,,,,,,,,,,,,,,,,,
OVO,EOH2699,ME9,37,Working Full time (>30hrs),Professional,"50,001+",2020-12-24T00:00:00.000Z,Owner-Occupied,null,C1,22/01/2021,Retrofitworks,House,End-Terrace,Rural,1965-1980,null,2,0,3,114.069,7,3,7,2.3,Cavity_No_insulation,Mix,Pitched,Double,No,Electricity,Electric - Storage,None,Water,150,0,0,0,null,null,6.07,53.21,15244.55,6205,1951.26,null,null,,,,,,,,,,,,,,,,,,,,,,,,,,,,,,,,,,,,,,,,,,,,,,,,,,,,,,,,,,,,,,,,,,,,,,,,,,,,,,,
OVO,EOH1936,OX26,41,Working Full time (>30hrs),Manager,"40,001 - 50,000",2021-01-14T00:00:00.000Z,Owner-Occupied,4,AB,30/03/2021,Retrofitworks,House,Semi-Detached,Suburban,2001+,null,1,0,3,102,5,3,5,2.34,Cavity_Insulated,Solid,Pitched,Double,Yes,Gas,Gas Boiler - Standard,None,Water,120,0,0,1,null,null,null,null,null,null,null,null,null,,,,,,,,,,,,,,,,,,,,,,,,,,,,,,,,,,,,,,,,,,,,,,,,,,,,,,,,,,,,,,,,,,,,,,,,,,,,,,,
OVO,EOH0341,OX76,51,Working Full time (>30hrs),Professional,"40,001 - 50,000",2021-01-20T00:00:00.000Z,Owner-Occupied,14,C1,04/02/2021,Retrofitworks,House,Semi-Detached,Rural,Pre 1919,null,2,0,2,192.36,8,4,8,3,Solid_No_insulation,Solid,Pitched,Double,No,Electricity,Electric - Warm air,Fire - Wood,Water,100,0,0,0,null,null,11.19,11.19,29137,5458,164,48,3.78,,,,,,,,,,,,,,,,,,,,,,,,,,,,,,,,,,,,,,,,,,,,,,,,,,,,,,,,,,,,,,,,,,,,,,,,,,,,,,,
OVO,EOH0951,RG14,30,Working Full time (>30hrs),Professional,Prefer not to say,2021-01-20T00:00:00.000Z,Owner-Occupied,1,C1,27/04/2021,Retrofitworks,House,Mid-Terrace,Urban,1965-1980,null,1,0,2,97.2,5,3,4,2.4,Cavity_No_insulation,Solid,Pitched,Double,Yes,Gas,Gas Boiler - Standard,None,Water,120,0,0,0,null,null,null,null,null,null,null,null,null,,,,,,,,,,,,,,,,,,,,,,,,,,,,,,,,,,,,,,,,,,,,,,,,,,,,,,,,,,,,,,,,,,,,,,,,,,,,,,,
OVO,EOH2713,TN33,31,Working Full time (>30hrs),Manager,"50,001+",2021-01-25T00:00:00.000Z,Owner-Occupied,null,C1,23/02/2021,Retrofitworks,House,Detached,Rural,Pre 1919,null,2,0,2,282,7,1,7,2.6,Solid_No_insulation,Solid,Pitched,Double,No,Electricity,Electric - Warm air,null,Water,200,0,0,0,null,null,18.09,64.14,43424,3353,127,45,3.77,,,,,,,,,,,,,,,,,,,,,,,,,,,,,,,,,,,,,,,,,,,,,,,,,,,,,,,,,,,,,,,,,,,,,,,,,,,,,,,
OVO,EOH0788,RH13,47,Working Full time (>30hrs),Manager,"50,001+",2021-01-26T00:00:00.000Z,Owner-Occupied,1,AB,17/02/2021,Retrofitworks,House,Semi-Detached,Rural,1945-1964,null,2,2,2,127.8,7,3,7,2.4,Cavity_Insulated,Solid,Pitched,Double,No,Oil,Oil Boiler,None,Water,100,0,0,0,null,null,6.62,51.71,15378,2795,106,null,null,,,,,,,,,,,,,,,,,,,,,,,,,,,,,,,,,,,,,,,,,,,,,,,,,,,,,,,,,,,,,,,,,,,,,,,,,,,,,,,
OVO,EOH2997,TN33,44,Working Full time (>30hrs),Professional,"40,001 - 50,000",2021-01-27T00:00:00.000Z,Owner-Occupied,null,C1,23/02/2021,Retrofitworks,House,Semi-Detached,Suburban,1919-1944,null,2,1,2,90,6,3,6,2.4,Cavity_No_insulation,Suspended,Pitched,Double,No,LPG,LPG Boiler,None,Water,150,0,0,0,null,null,7.12,121.34,16456,2236,106,null,null,,,,,,,,,,,,,,,,,,,,,,,,,,,,,,,,,,,,,,,,,,,,,,,,,,,,,,,,,,,,,,,,,,,,,,,,,,,,,,,
OVO,EOH3204,RH18,71,Retired,Pensioner,"40,001 - 50,000",2021-01-28T00:00:00.000Z,Owner-Occupied,null,DE,10/03/2021,Retrofitworks,House,Detached,Rural,1965-1980,null,2,0,2,153.7,6,4,6,2.3,Cavity_No_insulation,Solid,Pitched,Double,Yes,Gas,Gas Boiler - Standard,None,Water,180,0,0,0,null,null,8.46,67,21684,3596,605,50,3.81,,,,,,,,,,,,,,,,,,,,,,,,,,,,,,,,,,,,,,,,,,,,,,,,,,,,,,,,,,,,,,,,,,,,,,,,,,,,,,,
OVO,EOH1052,HP21,48,Working Full time (>30hrs),Manager,"50,001+",2021-01-29T00:00:00.000Z,Owner-Occupied,12,AB,01/03/2021,Retrofitworks,House,Detached,Suburban,1965-1980,null,2,0,2,146.13,7,4,8,2.3,Cavity_Insulated,Solid,Pitched,Double,Yes,Gas,Gas Boiler - Standard,None,Water,100,0,0,1,null,null,null,null,null,null,null,null,null,,,,,,,,,,,,,,,,,,,,,,,,,,,,,,,,,,,,,,,,,,,,,,,,,,,,,,,,,,,,,,,,,,,,,,,,,,,,,,,
OVO,EOH0692,GU32,42,Working Full time (>30hrs),Professional,"50,001+",2021-01-30T00:00:00.000Z,Owner-Occupied,2,AB,26/02/2021,Retrofitworks,House,Detached,Suburban,1965-1980,null,2,1,2,126.2,8,4,8,2.4,Cavity_Insulated,Solid,Pitched,Double,Yes,Gas,Gas Boiler - Standard,None,Water,150,0,0,1,null,null,null,null,null,null,null,null,null,,,,,,,,,,,,,,,,,,,,,,,,,,,,,,,,,,,,,,,,,,,,,,,,,,,,,,,,,,,,,,,,,,,,,,,,,,,,,,,
OVO,EOH0300,SO24,37,Working Full time (>30hrs),Professional,"50,001+",2021-01-31T00:00:00.000Z,Owner-Occupied,null,AB,26/02/2021,Retrofitworks,House,Semi-Detached,Suburban,1945-1964,null,2,1,2,98.5,5,3,5,2.45,Cavity_Insulated,Solid,Pitched,Double,Yes,Gas,Gas Boiler - Standard,None,Water,100,0,0,1,null,null,null,null,null,null,null,null,null,,,,,,,,,,,,,,,,,,,,,,,,,,,,,,,,,,,,,,,,,,,,,,,,,,,,,,,,,,,,,,,,,,,,,,,,,,,,,,,
OVO,EOH2679,TN13,40,Working Full time (>30hrs),Manager,"50,001+",2021-01-31T00:00:00.000Z,Owner-Occupied,3,AB,17/02/2021,Retrofitworks,House,Detached,Suburban,1945-1964,null,2,0,2,104.7,6,3,6,2.5,Cavity_Insulated,Suspended,Pitched,Double,Yes,Gas,Gas Boiler - Standard,null,Water,100,0,0,0,null,null,10.78,89.23,12612,4585,163,45,3.79,,,,,,,,,,,,,,,,,,,,,,,,,,,,,,,,,,,,,,,,,,,,,,,,,,,,,,,,,,,,,,,,,,,,,,,,,,,,,,,
OVO,EOH0322,ME8,62,Unfit for work,Supervisor,"0 - 12,500",2021-01-31T00:00:00.000Z,Owner-Occupied,30,DE,24/03/2021,Retrofitworks,House,Semi-Detached,Suburban,1919-1944,null,2,0,2,79.6,4,2,6,2.35,Cavity_Insulated,Solid,Pitched,Double,Yes,Gas,Gas Boiler - Standard,None,Water,120,0,0,0,null,null,4.7,59.05,6540,2292,82,null,null,,,,,,,,,,,,,,,,,,,,,,,,,,,,,,,,,,,,,,,,,,,,,,,,,,,,,,,,,,,,,,,,,,,,,,,,,,,,,,,
OVO,EOH3200,ME15,46,Working Full time (>30hrs),Professional,"50,001+",2021-02-09T00:00:00.000Z,Owner-Occupied,17,AB,05/03/2021,Retrofitworks,House,Mid-Terrace,Urban,1965-1980,null,2,1,2,97.34,5,3,5,2.35,Cavity_Insulated,Solid,Pitched,Double,Yes,Gas,Gas Boiler - Standard,None,Water,120,0,0,1,null,null,null,null,null,null,null,null,null,,,,,,,,,,,,,,,,,,,,,,,,,,,,,,,,,,,,,,,,,,,,,,,,,,,,,,,,,,,,,,,,,,,,,,,,,,,,,,,
OVO,EOH0728,TN6,59,Working Full time (>30hrs),Professional,"50,001+",2021-02-01T00:00:00.000Z,Owner-Occupied,9,AB,01/03/2021,Retrofitworks,House,Detached,Rural,2001+,null,2,1,2,214,8,4,8,2.4,Cavity_Insulated,Solid,Pitched,Double,No,Oil,Oil Boiler,None,Water,200,0,0,0,null,null,13.24,72.02,21922,1677,163,48,3.37,,,,,,,,,,,,,,,,,,,,,,,,,,,,,,,,,,,,,,,,,,,,,,,,,,,,,,,,,,,,,,,,,,,,,,,,,,,,,,,
OVO,EOH0077,PO10,49,Working Full time (>30hrs),Manager,"50,001+",2021-02-02T00:00:00.000Z,Owner-Occupied,11,AB,03/03/2021,Retrofitworks,House,Detached,Suburban,1965-1980,null,3,1,2,200.73,7,4,7,2.3,Cavity_Insulated,Solid,Pitched,Double,Yes,Gas,Gas Boiler - Standard,None,Water,150,0,0,0,null,null,null,null,null,null,null,null,null,,,,,,,,,,,,,,,,,,,,,,,,,,,,,,,,,,,,,,,,,,,,,,,,,,,,,,,,,,,,,,,,,,,,,,,,,,,,,,,
OVO,EOH1427,RH17,32,Working Full time (>30hrs),Professional,"50,001+",2021-02-03T00:00:00.000Z,Owner-Occupied,null,AB,30/03/2021,Retrofitworks,House,Semi-Detached,Suburban,Pre 1919,null,2,0,2,98.34,8,2,5,2.4,Cavity_Insulated,Solid,Pitched,Double,Yes,Gas,Gas Boiler - Standard,None,Water,120,0,0,0,null,null,null,null,null,null,null,null,null,,,,,,,,,,,,,,,,,,,,,,,,,,,,,,,,,,,,,,,,,,,,,,,,,,,,,,,,,,,,,,,,,,,,,,,,,,,,,,,
OVO,EOH2388,OX2,61,Working Full time (>30hrs),Manager,"50,001+",2021-02-04T00:00:00.000Z,Owner-Occupied,16,AB,24/02/2021,Retrofitworks,House,End-Terrace,Suburban,2001+,null,2,1,2,146.7,8,4,8,2.5,Cavity_No_insulation,Solid,Pitched,Double,Yes,Gas,Gas Boiler - Standard,None,Water,170,0,0,0,null,null,5.82,null,20220,null,null,null,null,,,,,,,,,,,,,,,,,,,,,,,,,,,,,,,,,,,,,,,,,,,,,,,,,,,,,,,,,,,,,,,,,,,,,,,,,,,,,,,
OVO,EOH2586,TN3,47,Working Full time (>30hrs),Professional,"50,001+",2021-02-05T00:00:00.000Z,Owner-Occupied,11,C1,16/02/2021,Retrofitworks,House,Detached,Suburban,1945-1964,null,2,0,2,189.41,9,4,9,2.4,Cavity_Insulated,Solid,Pitched,Double,No,Oil,Oil Boiler,None,Water,150,0,0,0,null,null,9.14,48.2,21217,2795,106,45,3.52,,,,,,,,,,,,,,,,,,,,,,,,,,,,,,,,,,,,,,,,,,,,,,,,,,,,,,,,,,,,,,,,,,,,,,,,,,,,,,,
OVO,EOH0620,HP22,25,Training or education,Skilled Manual Worker,"40,001 - 50,000",2021-02-05T00:00:00.000Z,Owner-Occupied,null,C2,11/03/2021,Retrofitworks,House,Semi-Detached,Suburban,1945-1964,null,2,0,2,81.2,5,2,4,2.4,Cavity_Insulated,Solid,Pitched,Double,No,Electricity,Electric - Direct,None,Water,110,0,0,0,null,null,null,null,null,null,null,null,null,,,,,,,,,,,,,,,,,,,,,,,,,,,,,,,,,,,,,,,,,,,,,,,,,,,,,,,,,,,,,,,,,,,,,,,,,,,,,,,
OVO,EOH0756,TN92,53,Working Full time (>30hrs),Professional,Prefer not to say,2021-02-08T00:00:00.000Z,Owner-Occupied,12,C2,01/03/2021,Retrofitworks,House,Semi-Detached,Suburban,1919-1944,null,2,0,2,113,6,3,6,2.4,Cavity_Insulated,Suspended,Pitched,Double,Yes,Gas,Gas Boiler - Standard,None,Water,150,0,0,0,null,null,4.95,51.56,10927,3821,136,45,3.93,,,,,,,,,,,,,,,,,,,,,,,,,,,,,,,,,,,,,,,,,,,,,,,,,,,,,,,,,,,,,,,,,,,,,,,,,,,,,,,
OVO,EOH3040,TN32,41,Working Full time (>30hrs),Manager,"30,001 - 40,000",2021-02-10T00:00:00.000Z,Owner-Occupied,null,C1,01/03/2021,Retrofitworks,House,Detached,Suburban,1965-1980,null,2,2,2,118,7,3,3,2.4,Cavity_Insulated,Suspended,Pitched,Double,No,Electricity,Electric - Warm air,None,Water,150,0,0,0,null,null,8.15,69.06,18853,2236,85,45,3.79,,,,,,,,,,,,,,,,,,,,,,,,,,,,,,,,,,,,,,,,,,,,,,,,,,,,,,,,,,,,,,,,,,,,,,,,,,,,,,,
OVO,EOH2824,TN17,38,Working Full time (>30hrs),Manager,"50,001+",2021-02-12T00:00:00.000Z,Owner-Occupied,null,AB,03/03/2021,Retrofitworks,House,Semi-Detached,Rural,Pre 1919,null,2,2,2,82.67,8,4,8,2.2,Cavity_No_insulation,Suspended,Pitched,Single,No,Oil,Oil Boiler,None,Water,100,0,0,0,null,null,null,null,null,null,null,null,null,,,,,,,,,,,,,,,,,,,,,,,,,,,,,,,,,,,,,,,,,,,,,,,,,,,,,,,,,,,,,,,,,,,,,,,,,,,,,,,
OVO,EOH2244,KT20,68,Retired,Pensioner,"30,001 - 40,000",2021-02-16T00:00:00.000Z,Owner-Occupied,35,DE,25/04/2021,Retrofitworks,House,Detached,Rural,Pre 1919,null,2,0,2,183.2,5,4,5,2.6,Cavity_No_insulation,Suspended,Pitched,Double,Yes,Gas,Gas Boiler - Standard,None,Water,150,0,0,0,null,null,10.1,51.26,23720,3596,1486,null,null,,,,,,,,,,,,,,,,,,,,,,,,,,,,,,,,,,,,,,,,,,,,,,,,,,,,,,,,,,,,,,,,,,,,,,,,,,,,,,,
OVO,EOH2422,CT5,44,Working Full time (>30hrs),Manager,"50,001+",2021-02-18T00:00:00.000Z,Owner-Occupied,2,AB,26/02/2021,Retrofitworks,House,Detached,Urban,2001+,null,2,1,2,188.6,8,4,8,2.5,Cavity_Insulated,Solid,Pitched,Double,Yes,Gas,Gas Boiler - Standard,None,Water,200,0,0,0,null,null,8.67,50,21991,3821,136,50,3.66,,,,,,,,,,,,,,,,,,,,,,,,,,,,,,,,,,,,,,,,,,,,,,,,,,,,,,,,,,,,,,,,,,,,,,,,,,,,,,,
OVO,EOH1834,CT18,56,Working Full time (>30hrs),Professional,"50,001+",2021-03-02T00:00:00.000Z,Owner-Occupied,6,AB,22/03/2021,Retrofitworks,House,Semi-Detached,Suburban,Pre 1919,null,2,0,2,103.39,6,3,6,2.4,Cavity_Insulated,Solid,Pitched,Double,No,Electricity,Electric - Storage,None,Water,110,0,0,0,null,null,8.95,86.56,20833,3057,109,50,3.16,,,,,,,,,,,,,,,,,,,,,,,,,,,,,,,,,,,,,,,,,,,,,,,,,,,,,,,,,,,,,,,,,,,,,,,,,,,,,,,
OVO,EOH1944,TN15,37,Working Full time (>30hrs),Manager,"50,001+",2021-03-10T00:00:00.000Z,Owner-Occupied,8,C1,15/03/2021,Retrofitworks,House,Semi-Detached,Rural,1945-1964,null,2,2,2,88.96,7,3,7,2.4,Cavity_Insulated,Solid,Pitched,Double,No,Oil,Oil Boiler,None,Water,170,0,0,0,null,null,7.42,83.39,16256,3057,109,50,3.81,,,,,,,,,,,,,,,,,,,,,,,,,,,,,,,,,,,,,,,,,,,,,,,,,,,,,,,,,,,,,,,,,,,,,,,,,,,,,,,
OVO,EOH3089,BN8,51,Working Full time (>30hrs),Manager,"50,001+",2021-03-18T00:00:00.000Z,Owner-Occupied,12,AB,07/04/2021,Retrofitworks,House,Detached,Suburban,1981-1990,null,2,2,2,139,8,5,10,2.45,Cavity_Insulated,Solid,Pitched,Double,No,Oil,Oil Boiler,None,Water,200,0,0,0,null,null,8.4,64.27,19140,4839,490,50,3.64,,,,,,,,,,,,,,,,,,,,,,,,,,,,,,,,,,,,,,,,,,,,,,,,,,,,,,,,,,,,,,,,,,,,,,,,,,,,,,,
OVO,EOH1704,CT20,61,Working Full time (>30hrs),Manager,"50,001+",2021-03-25T00:00:00.000Z,Owner-Occupied,34,AB,01/04/2021,Retrofitworks,House,Semi-Detached,Suburban,1965-1980,null,2,0,2,64.69,5,3,5,2.4,Cavity_Insulated,Solid,Pitched,Double,Yes,Gas,Gas Boiler - Standard,None,Water,150,0,0,0,null,null,4.01,61.99,9467,3057,109,50,3.35,,,,,,,,,,,,,,,,,,,,,,,,,,,,,,,,,,,,,,,,,,,,,,,,,,,,,,,,,,,,,,,,,,,,,,,,,,,,,,,
OVO,EOH1839,BN8,49,Working Full time (>30hrs),Professional,Prefer not to say,2021-04-06T00:00:00.000Z,Owner-Occupied,8,AB,27/04/2021,Retrofitworks,House,Semi-Detached,Suburban,1919-1944,null,2,2,2,160,7,4,7,2.4,Cavity_Insulated,Suspended,Pitched,Double,No,Oil,Oil Boiler,None,Water,120,0,0,0,null,null,6.45,63,17446,3872,108,50,3.64,,,,,,,,,,,,,,,,,,,,,,,,,,,,,,,,,,,,,,,,,,,,,,,,,,,,,,,,,,,,,,,,,,,,,,,,,,,,,,,
OVO,EOH0234,BN8,57,Working Part time,Clerical,"20,001 - 25,000",2021-04-09T00:00:00.000Z,Owner-Occupied,null,C1,26/04/2021,Retrofitworks,House,Mid-Terrace,Urban,1945-1964,null,2,0,2,82.2,5,2,4,2.3,Cavity_Insulated,Solid,Pitched,Double,No,Electricity,Electric - Warm air,Fire - Coal,Water,100,0,0,0,null,null,4.15,52.62,11946,3872,108,50,3.82,,,,,,,,,,,,,,,,,,,,,,,,,,,,,,,,,,,,,,,,,,,,,,,,,,,,,,,,,,,,,,,,,,,,,,,,,,,,,,,
OVO,EOH2758,BN8,48,Working Full time (>30hrs),Skilled Manual Worker,"30,001 - 40,000",2021-05-20T00:00:00.000Z,Owner-Occupied,13,C2,17/05/2021,Retrofitworks,House,Detached,Suburban,2001+,null,3,1,2,140,5,3,9,2.45,Solid_Insulated,Solid,Pitched,Double,No,Oil,Oil Boiler,None,Water,210,9,0,0,null,null,6,37.64,11760,2795,156,45,3.83,,,,,,,,,,,,,,,,,,,,,,,,,,,,,,,,,,,,,,,,,,,,,,,,,,,,,,,,,,,,,,,,,,,,,,,,,,,,,,,
OVO,EOH2505,BN15,56,Working Full time (>30hrs),Skilled Manual Worker,"40,001 - 50,000",2021-06-05T00:00:00.000Z,Owner-Occupied,12,C2,16/06/2021,Retrofitworks,House,Detached,Suburban,1965-1980,D,2,0,2,88,5,3,6,2.45,Cavity_Insulated,Solid,Pitched,Double,Yes,Gas,Gas Boiler - Standard,None,Water,200,6,1,0,null,null,5.4,70.86,13320,3549,108,50,3.82,,,,,,,,,,,,,,,,,,,,,,,,,,,,,,,,,,,,,,,,,,,,,,,,,,,,,,,,,,,,,,,,,,,,,,,,,,,,,,,
OVO,EOH0329,KT18,83,Retired,Pensioner,Prefer not to say,2021-06-09T00:00:00.000Z,Rented (Social),11,DE,14/03/2021,Retrofitworks,Flat,Flat,Urban,1991-2000,D,2,0,1,47,3,1,3,2.38,Cavity_Insulated,Suspended,Pitched,Double,No,Electricity,Electric - Storage,Electric - Storage,Water,100,0,0,0,null,null,2.664,36,5525,1798,0,null,null,,,,,,,,,,,,,,,,,,,,,,,,,,,,,,,,,,,,,,,,,,,,,,,,,,,,,,,,,,,,,,,,,,,,,,,,,,,,,,,
OVO,EOH2035,KT18,74,Retired,Pensioner,Prefer not to say,2021-06-09T00:00:00.000Z,Rented (Social),11,DE,14/03/2021,Retrofitworks,Flat,Flat,Urban,1991-2000,C,1,0,1,48,2,1,3,2.38,Cavity_Insulated,Suspended,Pitched,Double,No,Electricity,Electric - Storage,Electric - Storage,Water,100,0,0,0,null,null,2.3,36,4564,1798,0,null,null,,,,,,,,,,,,,,,,,,,,,,,,,,,,,,,,,,,,,,,,,,,,,,,,,,,,,,,,,,,,,,,,,,,,,,,,,,,,,,,
OVO,EOH0576,KT18,88,Retired,Pensioner,Prefer not to say,2021-06-09T00:00:00.000Z,Rented (Social),11,DE,14/03/2021,Retrofitworks,Flat,Flat,Urban,1991-2000,D,2,0,1,47,2,1,3,2.38,Cavity_Insulated,Suspended,Pitched,Double,No,Electricity,Electric - Storage,Electric - Storage,Water,100,0,0,0,null,null,2.59,36,5377,1798,0,null,null,,,,,,,,,,,,,,,,,,,,,,,,,,,,,,,,,,,,,,,,,,,,,,,,,,,,,,,,,,,,,,,,,,,,,,,,,,,,,,,
OVO,EOH0653,KT18,75,Retired,Pensioner,Prefer not to say,2021-06-09T00:00:00.000Z,Rented (Social),8,C2,14/03/2021,Retrofitworks,Flat,Flat,Urban,1991-2000,C,1,0,1,48,2,1,3,2.38,Cavity_Insulated,Suspended,Pitched,Double,No,Electricity,Electric - Storage,Electric - Storage,Water,100,0,0,0,null,null,2.59,36,5377,1798,0,null,null,,,,,,,,,,,,,,,,,,,,,,,,,,,,,,,,,,,,,,,,,,,,,,,,,,,,,,,,,,,,,,,,,,,,,,,,,,,,,,,
OVO,EOH1866,KT18,52,Unemployed,Unemployed/Benefits,Prefer not to say,2021-06-09T00:00:00.000Z,Rented (Social),null,DE,14/03/2021,Retrofitworks,Flat,Flat,Urban,1991-2000,C,1,0,1,47,2,1,3,2.38,Cavity_Insulated,Suspended,Pitched,Double,No,Electricity,Electric - Storage,Electric - Storage,Water,100,0,0,0,null,null,2.59,36,5377,1798,0,null,null,,,,,,,,,,,,,,,,,,,,,,,,,,,,,,,,,,,,,,,,,,,,,,,,,,,,,,,,,,,,,,,,,,,,,,,,,,,,,,,
OVO,EOH1765,KT18,66,Unemployed,Unemployed/Benefits,Prefer not to say,2021-06-09T00:00:00.000Z,Rented (Social),11,DE,14/03/2021,Retrofitworks,Flat,Flat,Urban,1991-2000,C,1,0,1,48,2,1,3,2.38,Cavity_Insulated,Suspended,Pitched,Double,No,Electricity,Electric - Storage,Electric - Storage,Water,100,0,0,0,null,null,2.257,36,4417,1750,0,null,null,,,,,,,,,,,,,,,,,,,,,,,,,,,,,,,,,,,,,,,,,,,,,,,,,,,,,,,,,,,,,,,,,,,,,,,,,,,,,,,
OVO,EOH0333,KT18,76,Retired,Pensioner,Prefer not to say,2021-06-09T00:00:00.000Z,Rented (Social),5,DE,14/03/2021,Retrofitworks,Flat,Flat,Urban,1991-2000,C,2,0,1,46,2,1,3,2.38,Cavity_Insulated,Suspended,Pitched,Double,No,Electricity,Electric - Storage,Electric - Storage,Water,100,0,0,0,null,null,2.257,36,4417,1798,0,null,null,,,,,,,,,,,,,,,,,,,,,,,,,,,,,,,,,,,,,,,,,,,,,,,,,,,,,,,,,,,,,,,,,,,,,,,,,,,,,,,
OVO,EOH2959,KT18,68,Retired,Pensioner,Prefer not to say,2021-06-09T00:00:00.000Z,Rented (Social),10,DE,14/03/2021,Retrofitworks,Flat,Flat,Urban,1991-2000,D,1,0,1,47,2,1,3,2.38,Cavity_Insulated,Suspended,Pitched,Double,No,Electricity,Electric - Storage,Electric - Storage,Water,100,0,0,0,null,null,2.664,36,5525,1798,0,null,null,,,,,,,,,,,,,,,,,,,,,,,,,,,,,,,,,,,,,,,,,,,,,,,,,,,,,,,,,,,,,,,,,,,,,,,,,,,,,,,
OVO,EOH0955,KT18,67,Retired,Pensioner,Prefer not to say,2021-06-09T00:00:00.000Z,Rented (Social),4,DE,14/03/2021,Retrofitworks,Flat,Flat,Urban,1991-2000,D,1,0,1,48,2,1,3,2.38,Cavity_Insulated,Suspended,Pitched,Double,No,Electricity,Electric - Storage,Electric - Storage,Water,100,0,0,0,null,null,2.664,36,5525,1798,0,null,null,,,,,,,,,,,,,,,,,,,,,,,,,,,,,,,,,,,,,,,,,,,,,,,,,,,,,,,,,,,,,,,,,,,,,,,,,,,,,,,
OVO,EOH3185,KT18,85,Retired,Pensioner,Prefer not to say,2021-06-09T00:00:00.000Z,Rented (Social),11,DE,14/03/2021,Retrofitworks,Flat,Flat,Urban,1991-2000,C,1,0,1,48,2,1,3,2.38,Cavity_Insulated,Suspended,Pitched,Double,No,Electricity,Electric - Storage,Electric - Storage,Water,100,0,0,0,null,null,2.297,36,4546,1798,0,null,null,,,,,,,,,,,,,,,,,,,,,,,,,,,,,,,,,,,,,,,,,,,,,,,,,,,,,,,,,,,,,,,,,,,,,,,,,,,,,,,
OVO,EOH2311,KT18,64,Unemployed,Unemployed/Benefits,Prefer not to say,2021-06-09T00:00:00.000Z,Rented (Social),5,DE,14/03/2021,Retrofitworks,Flat,Flat,Urban,1991-2000,C,1,0,1,47,2,1,3,2.38,Cavity_Insulated,Suspended,Pitched,Double,No,Electricity,Electric - Storage,Electric - Storage,Water,100,0,0,0,null,null,2.257,36,5377,1798,0,null,null,,,,,,,,,,,,,,,,,,,,,,,,,,,,,,,,,,,,,,,,,,,,,,,,,,,,,,,,,,,,,,,,,,,,,,,,,,,,,,,
OVO,EOH0889,RH17,81,Retired,Unemployed/Benefits,Prefer not to say,2021-06-14T00:00:00.000Z,Owner-Occupied,35,DE,14/06/2021,Retrofitworks,House,Mid-Terrace,Suburban,1919-1944,A,2,0,2,64,5,2,5,2.45,Cavity_Insulated,Suspended,Pitched,Double,No,Electricity,Electric - Direct,Fire - Wood,Water,150,0,0,0,null,null,3.29,60,7924,2904,108,50,3.58,,,,,,,,,,,,,,,,,,,,,,,,,,,,,,,,,,,,,,,,,,,,,,,,,,,,,,,,,,,,,,,,,,,,,,,,,,,,,,,