Delivery_Contractor,Property_ID,Postcode_1,Participant_Age,EmployStatus,EmployType,HouseIncome,Date_Contact,Tenure,Tenure_Length,Social_Group,HP_Awareness,Date_Survey,Name_Survey,House_Env,House_Age,House_SAP,No_Adults,No_Child,Total_Floor_Area,Habitable_Rooms,Bedrooms,Heated_rooms,Floor_Height,Wall_Type,Floor_Type,Roof_Type,Glazed_Type,Mains_Gas_Flag,Main_Fuel,Heat_Primary_Source,Heat_Secondary_Source,TS_Existing,TS_Existing_Size,No_Underfloor,Existing_Fires,Existing_Cooking,Outside_Space,Outside_Access,Elec_currentuse,Gas_currentuse,MCS_SHLoad,MCS_Hloss,MCS_SHAnnual,MCS_DHWAnnual,MCS_Immersion,MCS_Flow_Temp,MCS_SCOP,Suit_ASHP,Suit_GSHP,Suit_HTASHP,Suit_Hybrid,HP_Recommend,Measures_Recommend,EstCost_System,EstCost_Ancillary,EstCost_Running,EstCost_Etariff,EstCost_Gtariff,Part_Install_Decision,Date_Installation,Name_Install,HP_Installed,HP_Installed_Detail,HP_Brand,HP_Model,HP_Size_kW,HP_Refrigerant,GSHP_Space,TS_Type,TS_Water_Size,TS_PCM_Size,HP_Control_Zones,Measures_emitters_LT,Measures_emitters_Std,Measures_Fanassist,HP_Aesthetic,HP_Noise,Cooling,Cooling_Rooms,Fires_replaced,Cook_Replaced,Gas_disconnect,Measures_Loft,Measures_Windows,Measures_Doors,Measures_WI,Measures_DP,Cost_HP,Cost_TS,Cost_Install,Cost_Emitters,Cost_Cooling,Cost_LI,Cost_WI,Cost_Window,Cost_Door,Cost_DP,Install_time_HP,Install_time_measures,Dwelling_Type
E.ON,EOH0314,NE3,33.0,Working Full time (>30hrs),Professional,"40,001 - 50,000",2020-07-07T00:00:00.000Z,Owner-Occupied,5.0,AB,5.0,17/07/2020,Pacifica,Urban,1900 - 1929,D,2.0,2.0,97.0,6.0,4.0,11.0,2.5,Cavity_No_insulation,Suspended,Pitched,Double,Yes,Gas,Gas Boiler - Combi,,,,0.0,1.0,1.0,No,No,,,,,,,,,,No,No,No,No,None - Installation not recommended,,,,,,,,,,,,,,,,,,,,,,,,,,,,,,,,,,,,,,,,,,,,,,,,House_Semi-Detached_3.0
E.ON,EOH1350,NE3,,Working Full time (>30hrs),Professional,"50,001+",2020-07-14T00:00:00.000Z,Owner-Occupied,,AB,5.0,14/07/2020,Pacifica,Urban,1930 - 1949,,2.0,0.0,151.0,6.0,3.0,10.0,2.5,Cavity_No_insulation,Suspended,Pitched,Double,Yes,Gas,Gas Boiler - Combi,,,,0.0,0.0,1.0,No,No,,,,,,,,,,No,No,No,No,None - Installation not recommended,,,,,,,,,,,,,,,,,,,,,,,,,,,,,,,,,,,,,,,,,,,,,,,,House_Mid-Terrace_2.0
E.ON,EOH0698,NE12,,Working Full time (>30hrs),Professional,"40,001 - 50,000",2020-07-14T00:00:00.000Z,Owner-Occupied,,AB,3.0,14/07/2020,Pacifica,Urban,1991 - 1995,,2.0,0.0,89.0,4.0,3.0,9.0,2.3,Cavity_Insulated,Solid,Pitched,Double,Yes,Gas,Gas Boiler - Combi,,,,0.0,0.0,1.0,No,No,,,,,,,,,,,,,,None - Installation not recommended,,,,,,,,,,,,,,,,,,,,,,,,,,,,,,,,,,,,,,,,,,,,,,,,House_End-Terrace_3.0
E.ON,EOH3043,NE6,31.0,Working Full time (>30hrs),Professional,"40,001 - 50,000",2020-07-07T00:00:00.000Z,Owner-Occupied,2.0,AB,3.0,15/07/2020,Pacifica,Urban,before 1900,E,2.0,0.0,85.5,4.0,2.0,8.0,2.6,Solid_No_insulation,Suspended,Pitched,Double,Yes,Gas,Gas Boiler - Combi,,,,0.0,1.0,1.0,No,No,900.0,900.0,,,,,,,,No,No,No,No,None - Installation not recommended,,,,,,,,,,,,,,,,,,,,,,,,,,,,,,,,,,,,,,,,,,,,,,,,House_End-Terrace_2.0
E.ON,EOH0852,NE3,43.0,Working Full time (>30hrs),Professional,"40,001 - 50,000",2020-07-07T00:00:00.000Z,Owner-Occupied,10.0,AB,4.0,23/07/2020,E.ON,Urban,1930 - 1949,,2.0,2.0,128.0,7.0,4.0,11.0,2.5,Cavity_Insulated,Suspended,Pitched,Double,Yes,Gas,Gas Boiler - Combi,,,,0.0,1.0,0.0,Yes - Ground Loop,Yes,620.0,,8.42,72.0,16869.5,5594.0,818.0,,,Yes,No,Yes,Yes,None - Installation not recommended,None Required,12648.0,0.0,1074.0,14.3,3.8,,,,,,,,,,,,,,,,,,,,,,,,,,,,,,,,,,,,,,,,,,House_Semi-Detached_2.0
E.ON,EOH0582,NE6,40.0,Working Part time,Professional,"40,001 - 50,000",2020-07-07T00:00:00.000Z,Owner-Occupied,10.0,AB,1.0,23/07/2020,Pacifica,Suburban,Before 1900,D,2.0,2.0,109.0,4.0,3.0,4.0,2.4,Cavity_Insulated,Suspended,Pitched,Double,Yes,Gas,Gas Boiler - Combi,,,,0.0,0.0,1.0,Yes - Ground Loop,Yes,,,8.661,72.65,17351.5,4182.0,616.0,47.0,3.24,Yes,No,Yes,Yes,ASHP,None Required,16740.75,,968.0,14.3,3.8,Yes,11/12/2020,Aaron Services,ASHP,,Daikin,EDLQ014CAV3,14.0,R410A,,Water_new,200.0,,1.0,8.0,3.0,0.0,none,none,No,0.0,0.0,0.0,Yes,No,0.0,0.0,,no,9047.38,1752.34,,4163.46,0.0,0.0,0.0,0.0,0.0,0.0,2.5,,House_Mid-Terrace_2.0
E.ON,EOH2096,NE15,47.0,Working Full time (>30hrs),Professional,"30,001 - 40,000",2020-07-07T00:00:00.000Z,Owner-Occupied,2.0,AB,3.0,14/07/2020,Pacifica,Urban,1950 - 1966,E,2.0,0.0,92.6,5.0,3.0,9.0,2.4,Cavity_Insulated,Solid,Pitched,Double,Yes,Gas,Gas Boiler - Combi,,,,0.0,0.0,1.0,No,No,360.0,360.0,,,,,,,,No,No,No,No,None - Installation not recommended,,,,,,,,,,,,,,,,,,,,,,,,,,,,,,,,,,,,,,,,,,,,,,,,House_Semi-Detached_2.0
E.ON,EOH0212,NE4,68.0,Working Full time (>30hrs),Professional,"50,001+",2020-07-07T00:00:00.000Z,Owner-Occupied,14.0,AB,2.0,28/07/2020,E.ON,Suburban,1930 - 1949,D,3.0,0.0,109.0,7.0,4.0,13.0,2.5,Cavity_Insulated,Suspended,Pitched,Double,Yes,Gas,Gas Boiler - Combi,,,,0.0,0.0,1.0,Yes - Ground Loop,No,5333.0,13000.0,,,,,,,,No,No,No,No,None - Installation not recommended,,,,,,,,,,,,,,,,,,,,,,,,,,,,,,,,,,,,,,,,,,,,,,,,House_Semi-Detached_3.0
E.ON,EOH0672,NE3,58.0,Working Full time (>30hrs),Professional,"50,001+",2020-07-07T00:00:00.000Z,Owner-Occupied,10.0,AB,4.0,22/07/2020,E.ON,Urban,1900 - 1929,,2.0,0.0,95.5,4.0,3.0,6.0,2.4,Cavity_No_insulation,Suspended,Pitched,Double,Yes,Gas,Gas Boiler - Combi,,,,2.0,0.0,0.0,No,No,400.0,,5.92,77.4,11876.2,2997.0,450.0,,,Yes,No,Yes,Yes,ASHP,None Required,11750.0,0.0,632.0,14.3,3.8,No,,,,,,,,,,,,,,,,,,,,,,,,,,,,,,,,,,,,,,,,,House_Mid-Terrace_2.0
E.ON,EOH2049,NE5,61.0,Retired,Pensioner,"30,001 - 40,000",2020-07-08T00:00:00.000Z,Owner-Occupied,34.0,DE,2.0,14/07/2020,Pacifica,Urban,1950 - 1966,,2.0,2.0,78.23,7.0,3.0,9.0,2.2,Cavity_No_insulation,Solid,Pitched,Double,Yes,Gas,Gas Boiler - Combi,,,,0.0,0.0,1.0,Yes - Ground Loop,No,,,7.527,96.0,18238.0,4122.0,607.0,46.0,3.38,Yes,No,Yes,Yes,ASHP,None Required,12270.81,,980.0,14.3,3.8,Yes,09/12/2020,Aaron Services,ASHP,,Daikin,EDLQ011CAV3,11.0,R410A,,Water_new,200.0,,1.0,7.0,3.0,1.0,none,none,No,0.0,0.0,0.0,Yes,No,0.0,0.0,,no,5972.51,1752.34,,1900.0,0.0,0.0,0.0,0.0,0.0,0.0,2.5,,House_Semi-Detached_2.0
E.ON,EOH0194,NE6,45.0,Working Full time (>30hrs),Professional,"30,001 - 40,000",2020-07-16T00:00:00.000Z,Owner-Occupied,16.0,AB,1.0,19/08/2020,Phoenix,Urban,1930 - 1949,,3.0,0.0,105.0,5.0,4.0,11.0,2.6,Cavity_Insulated,Suspended,Pitched,Double,Yes,Gas,Gas Boiler - Combi,Fire - Gas,,,0.0,1.0,0.0,No,No,5200.0,15600.0,,,,,,,,No,No,No,No,None - Installation not recommended,,,,,,,,,,,,,,,,,,,,,,,,,,,,,,,,,,,,,,,,,,,,,,,,House_Semi-Detached_2.0
E.ON,EOH3144,NE4,43.0,Working Part time,Professional,"30,001 - 40,000",2020-10-07T00:00:00.000Z,Owner-Occupied,4.0,AB,5.0,15/10/2020,Phoenix,Urban,1930 - 1949,C,1.0,2.0,154.0,7.0,5.0,16.0,2.4,Solid_No_insulation,Suspended,Pitched,Double,Yes,Gas,Gas Boiler - Combi,Fire - Gas,,,0.0,1.0,1.0,No,No,,,,,,,,,,No,No,No,No,None - Installation not recommended,,,,,,,,,,,,,,,,,,,,,,,,,,,,,,,,,,,,,,,,,,,,,,,,House_Semi-Detached_3.0
E.ON,EOH1292,NE5,59.0,Working Full time (>30hrs),Manager,"40,001 - 50,000",2020-07-08T00:00:00.000Z,Owner-Occupied,21.0,AB,3.0,16/07/2020,Pacifica,Urban,1983 - 1990,,2.0,0.0,136.0,6.0,4.0,9.0,2.4,Cavity_Insulated,Solid,Pitched,Double,Yes,Gas,Gas Boiler - Combi,,,,0.0,2.0,0.0,Yes - Ground Loop,Yes,420.87,,5.23,70.6,8229.0,3566.0,0.0,,,Yes,No,Yes,Yes,Hybrid,None Required,11722.68,0.0,288.0,14.3,3.8,No,,,,,,,,,,,,,,,,,,,,,,,,,,,,,,,,,,,,,,,,,House_Detached_2.0
E.ON,EOH1838,NE7,63.0,Working Full time (>30hrs),Professional,"25,001 - 30,000",2020-07-10T00:00:00.000Z,Owner-Occupied,19.0,C1,1.0,13/10/2020,Phoenix,Urban,1930 - 1949,,2.0,0.0,200.0,6.0,4.0,13.0,2.7,Cavity_Insulated,Suspended,Pitched,Double,Yes,Gas,Gas Boiler - Standard,Fire - Gas,Water,150,0.0,2.0,1.0,No,No,2760.0,27600.0,15.91,79.55,31869.0,4254.0,0.0,,,Yes with additional measures,No,Yes with additional measures,Yes,Hybrid,None Required,12561.0,0.0,1473.0,14.3,3.8,No,,,,,,,,,,,,,,,,,,,,,,,,,,,,,,,,,,,,,,,,,House_Detached_2.0
E.ON,EOH1604,NE3,38.0,Working Full time (>30hrs),Manager,"50,001+",2020-09-09T00:00:00.000Z,Owner-Occupied,0.9,AB,1.0,09/09/2020,Phoenix,Urban,1950 - 1966,,2.0,1.0,101.0,5.0,3.0,12.0,2.4,Cavity_Insulated,Suspended,Pitched,Double,Yes,Gas,Gas Boiler - Combi,,,,0.0,0.0,0.0,No,No,2312.0,13421.0,7.67,88.1,18587.5,4002.0,181.0,,,Yes,No,Yes,Yes,ASHP,None Required,13319.15,0.0,993.0,14.3,3.8,No,,,,,,,,,,,,,,,,,,,,,,,,,,,,,,,,,,,,,,,,,House_Semi-Detached_2.0
E.ON,EOH3136,NE6,34.0,Working Full time (>30hrs),Professional,"50,001+",2020-07-09T00:00:00.000Z,Owner-Occupied,2.0,AB,4.0,15/07/2020,Pacifica,Urban,1950 - 1966,D,2.0,0.0,85.9,4.0,3.0,7.0,2.6,Cavity_Insulated,Suspended,Pitched,Double,Yes,Gas,Gas Boiler - Combi,,,,0.0,0.0,2.0,Yes - Ground Loop,Yes,390.0,695.0,,,,,,,,No,No,No,No,None - Installation not recommended,,,,,,,,,,,,,,,,,,,,,,,,,,,,,,,,,,,,,,,,,,,,,,,,House_Semi-Detached_1.0
E.ON,EOH0433,NE6,49.0,Working Full time (>30hrs),Professional,"30,001 - 40,000",2020-07-09T00:00:00.000Z,Owner-Occupied,10.0,AB,4.0,22/07/2020,E.ON,Suburban,1930 - 1949,,2.0,2.0,103.38,5.0,4.0,9.0,2.4,Cavity_Insulated,Suspended,Pitched,Double,Yes,Gas,Gas Boiler - Combi,,,,0.0,0.0,0.0,Yes - Ground Loop,No,523.0,247.0,,,,,,,,No,No,No,No,None - Installation not recommended,,,,,,,,,,,,,,,,,,,,,,,,,,,,,,,,,,,,,,,,,,,,,,,,House_Semi-Detached_3.0
E.ON,EOH0136,NE6,54.0,Working Full time (>30hrs),Professional,"30,001 - 40,000",2020-07-09T00:00:00.000Z,Owner-Occupied,16.0,AB,4.0,24/07/2020,E.ON,Suburban,1976 - 1982,,1.0,0.0,53.0,3.0,2.0,6.0,2.3,Cavity_Insulated,Solid,Pitched,Double,Yes,Gas,Gas Boiler - Standard,,Water,100,0.0,0.0,1.0,No,No,443.0,,3.798,83.3,6995.4,1910.0,0.0,48.0,3.04,No,No,No,Yes,Hybrid,None Required,9863.25,,262.0,14.3,3.8,Yes,09/12/2020,Phoenix,Hybrid,Separate_New Boiler,Daikin,EHY2KOMB28AA,4.0,R32,,,,,1.0,6.0,0.0,0.0,none,none,No,0.0,0.0,0.0,No,No,0.0,0.0,,no,5912.2,,,2315.87,0.0,0.0,0.0,0.0,0.0,0.0,2.0,,House_Mid-Terrace_2.0
E.ON,EOH1657,NE4,59.0,Working Full time (>30hrs),Manager,"40,001 - 50,000",2020-07-09T00:00:00.000Z,Owner-Occupied,28.0,AB,3.0,24/07/2020,E.ON,Suburban,1930 - 1949,,4.0,0.0,135.0,7.0,5.0,10.0,2.6,Cavity_Insulated,Suspended,Pitched,Double,Yes,Gas,Gas Boiler - Standard,,Water,,0.0,0.0,1.0,No,No,700.0,750.0,,,,,,,,No,No,No,No,None - Installation not recommended,,,,,,,,,,,,,,,,,,,,,,,,,,,,,,,,,,,,,,,,,,,,,,,,House_Semi-Detached_3.0
E.ON,EOH1462,NE6,60.0,Working Full time (>30hrs),Professional,Prefer not to say,2020-07-10T00:00:00.000Z,Owner-Occupied,23.0,AB,5.0,23/07/2020,E.ON,Urban,before 1900,,1.0,0.0,108.0,5.0,3.0,9.0,2.9,Solid_No_insulation,Suspended,Pitched,Single,Yes,Gas,Gas Boiler - Combi,Fire - Gas,,,0.0,2.0,1.0,Yes - Ground Loop,No,700.0,700.0,,,,,,,,No,No,No,No,None - Installation not recommended,,,,,,,,,,,,,,,,,,,,,,,,,,,,,,,,,,,,,,,,,,,,,,,,House_Mid-Terrace_2.0
E.ON,EOH1639,NE3,35.0,Working Full time (>30hrs),Manager,"50,001+",2020-07-10T00:00:00.000Z,Owner-Occupied,4.0,AB,1.0,24/07/2020,E.ON,Urban,1900 - 1929,E,2.0,1.0,115.0,6.0,3.0,10.0,2.6,Cavity_Insulated,Suspended,Pitched,Double,Yes,Gas,Gas Boiler - Combi,,,,0.0,0.0,1.0,Yes - Ground Loop,Yes,650.0,760.0,,,,,,,,No,No,No,No,None - Installation not recommended,,,,,,,,,,,,,,,,,,,,,,,,,,,,,,,,,,,,,,,,,,,,,,,,House_Semi-Detached_2.0
E.ON,EOH1158,NE5,51.0,Working Full time (>30hrs),Professional,"40,001 - 50,000",2020-07-20T00:00:00.000Z,Owner-Occupied,16.0,AB,5.0,21/08/2020,Phoenix,Urban,1950 - 1966,,2.0,1.0,75.0,4.0,3.0,7.0,2.4,Solid_No_insulation,Solid,Pitched,Double,Yes,Gas,Gas Boiler - Combi,Fire - Wood,,,0.0,0.0,1.0,No,No,5333.0,15600.0,,,,,,,,No,No,No,No,None - Installation not recommended,,,,,,,,,,,,,,,,,,,,,,,,,,,,,,,,,,,,,,,,,,,,,,,,House_Semi-Detached_2.0
E.ON,EOH0569,NE6,56.0,Working Full time (>30hrs),Professional,"40,001 - 50,000",2020-07-22T00:00:00.000Z,Owner-Occupied,25.0,AB,1.0,07/09/2020,Phoenix,Urban,1950 - 1966,,3.0,0.0,78.0,5.0,3.0,10.0,2.4,Cavity_Insulated,Solid,Pitched,Double,Yes,Gas,Gas Boiler - Standard,Fire - Gas,Water,180,0.0,1.0,1.0,No,No,5304.0,16142.0,5.86,84.0,14112.6,4002.0,181.0,,,Yes,No,Yes,Yes,ASHP,None Required,12394.97,0.0,797.0,14.3,3.8,No,,,,,,,,,,,,,,,,,,,,,,,,,,,,,,,,,,,,,,,,,House_Semi-Detached_2.0
E.ON,EOH1318,NE6,36.0,Working Full time (>30hrs),Professional,"50,001+",2020-07-10T00:00:00.000Z,Owner-Occupied,4.0,AB,2.0,28/07/2020,E.ON,Suburban,1996 - 2002,C,3.0,0.0,106.0,5.0,5.0,9.0,2.4,Cavity_Insulated,Suspended,Pitched,Double,Yes,Gas,Gas Boiler - Standard,,Water,153,0.0,0.0,1.0,No,No,,,6.181,64.52,12223.0,3734.0,551.0,45.0,3.57,Yes,No,No,Yes,ASHP,,11319.16,,444.0,14.37,3.8,Yes,02/09/2020,Aaron Services,ASHP,,Daikin,EDLQ07CAV3,7.0,R410A,,Water_new,180.0,,1.0,11.0,0.0,0.0,none,none,No,0.0,0.0,0.0,No,No,0.0,0.0,,no,5648.01,1752.34,,1961.96,0.0,0.0,0.0,0.0,0.0,0.0,2.5,,House_End-Terrace_2.0
E.ON,EOH1395,NE3,42.0,Working Full time (>30hrs),Professional,Prefer not to say,2020-07-10T00:00:00.000Z,Owner-Occupied,3.0,AB,2.0,27/07/2020,E.ON,Suburban,1930 - 1949,,1.0,0.0,91.5,5.0,3.0,10.0,2.5,Cavity_Insulated,Suspended,Pitched,Double,Yes,Gas,Gas Boiler - Combi,Fire - Wood,,,0.0,0.0,1.0,Yes - Ground Loop,Yes,720.0,720.0,,,,,,,,No,No,No,No,None - Installation not recommended,,,,,,,,,,,,,,,,,,,,,,,,,,,,,,,,,,,,,,,,,,,,,,,,House_Semi-Detached_2.0
E.ON,EOH0711,NE6,37.0,Working Full time (>30hrs),Professional,"50,001+",2020-07-11T00:00:00.000Z,Owner-Occupied,1.0,AB,3.0,29/07/2020,E.ON,Urban,1900 - 1929,,2.0,0.0,120.0,6.0,4.0,10.0,2.8,Solid_No_insulation,Suspended,Pitched,Double,Yes,Gas,Gas Boiler - Combi,,,,0.0,0.0,2.0,No,No,,,,,,,,,,No,No,No,No,None - Installation not recommended,,,,,,,,,,,,,,,,,,,,,,,,,,,,,,,,,,,,,,,,,,,,,,,,House_Mid-Terrace_3.0
E.ON,EOH1547,NE6,42.0,Working Full time (>30hrs),Manager,"50,001+",2020-07-14T00:00:00.000Z,Owner-Occupied,8.0,AB,4.0,06/08/2020,E.ON,Urban,1950 - 1966,,2.0,1.0,96.0,4.0,3.0,10.0,2.4,Cavity_No_insulation,Suspended,Pitched,Double,Yes,Gas,Gas Boiler - Combi,Fire - Gas,,,0.0,1.0,1.0,No,No,6339.0,17788.0,,,,,,,,Yes,No,No,No,ASHP,,,,,,,No,,,,,,,,,,,,,,,,,,,,,,,,,,,,,,,,,,,,,,,,,House_Semi-Detached_2.0
E.ON,EOH2636,NE3,44.0,Working Full time (>30hrs),Professional,"50,001+",2020-07-11T00:00:00.000Z,Owner-Occupied,10.0,AB,5.0,29/07/2020,E.ON,Urban,1976 - 1982,,2.0,3.0,85.0,6.0,4.0,8.0,2.4,Cavity_Insulated,Solid,Pitched,Double,Yes,Gas,Gas Boiler - Combi,,,,0.0,0.0,1.0,No,No,,,,,,,,,,No,No,No,No,None - Installation not recommended,,,,,,,,,,,,,,,,,,,,,,,,,,,,,,,,,,,,,,,,,,,,,,,,House_Semi-Detached_2.0
E.ON,EOH1139,NE6,50.0,Working Full time (>30hrs),Manager,"50,001+",2020-07-20T00:00:00.000Z,Owner-Occupied,20.0,AB,3.0,14/10/2020,Phoenix,Urban,1950 - 1966,,2.0,0.0,96.0,4.0,3.0,9.0,2.4,Cavity_Insulated,Suspended,Pitched,Double,Yes,Gas,Gas Boiler - Combi,,,,0.0,0.0,0.0,No,No,,,,,,,,,,,,,,,,,,,,,No,,,,,,,,,,,,,,,,,,,,,,,,,,,,,,,,,,,,,,,,,House_Semi-Detached_2.0
E.ON,EOH0940,NE2,37.0,Working Full time (>30hrs),Professional,"50,001+",2020-07-11T00:00:00.000Z,Owner-Occupied,9.0,AB,5.0,31/07/2020,E.ON,Urban,Before 1900,,2.0,1.0,84.0,5.0,3.0,11.0,3.0,Solid_No_insulation,Mix,Pitched,Double,Yes,Gas,Gas Boiler - Combi,Fire - Gas,,,0.0,1.0,1.0,No,No,3000.0,7500.0,,,,,,,,No,No,No,No,None - Installation not recommended,,,,,,,,,,,,,,,,,,,,,,,,,,,,,,,,,,,,,,,,,,,,,,,,House_Semi-Detached_2.0
E.ON,EOH0344,NE15,34.0,Working Full time (>30hrs),Professional,"30,001 - 40,000",2020-10-08T00:00:00.000Z,Owner-Occupied,3.0,AB,2.0,21/10/2020,Phoenix,Urban,1930 - 1949,D,2.0,0.0,96.0,4.0,2.0,8.0,2.4,Cavity_Insulated,Suspended,Pitched,Double,Yes,Gas,Gas Boiler - Combi,,,,0.0,0.0,0.0,No,No,,,,,,,,,,No,No,No,No,None - Installation not recommended,,,,,,,,,,,,,,,,,,,,,,,,,,,,,,,,,,,,,,,,,,,,,,,,House_Semi-Detached_2.0
E.ON,EOH1688,NE3,52.0,Working Full time (>30hrs),Professional,"40,001 - 50,000",2020-07-21T00:00:00.000Z,Owner-Occupied,2.0,AB,5.0,04/09/2020,Phoenix,Urban,1930 - 1949,D,3.0,0.0,87.0,4.0,3.0,4.0,2.4,Cavity_No_insulation,Suspended,Pitched,Double,Yes,Gas,Gas Boiler - Combi,,,,0.0,0.0,0.0,No,No,,,8.329,97.74,16696.0,4994.0,0.0,60.0,3.18,No,No,Yes,No,HT_ASHP,None Required,17750.63,,997.0,14.3,3.8,Yes,13/09/2021,Phoenix,HT_ASHP,,Daikin,EPRA14DAV3,14.0,R32,,PCM_New,,9.0,1.0,11.0,0.0,0.0,,,No,0.0,0.0,0.0,No,No,0.0,0.0,,no,9047.38,3500.65,,3425.04,,0.0,0.0,0.0,0.0,0.0,3.0,,House_Detached_2.0
E.ON,EOH1703,NE15,70.0,Retired,Pensioner,Prefer not to say,2020-07-11T00:00:00.000Z,Owner-Occupied,32.0,DE,4.0,29/07/2020,E.ON,Urban,1976 - 1982,,2.0,0.0,91.0,6.0,4.0,11.0,2.4,Cavity_Insulated,Suspended,Pitched,Double,Yes,Gas,Gas Boiler - Standard,,Water,117,0.0,0.0,0.0,No,No,4000.0,10000.0,5.744,64.057,12948.1,3734.0,551.0,45.0,3.57,Yes,No,No,No,ASHP,,10996.59,,703.0,14.37,3.8,Yes,30/09/2020,Aaron Services,ASHP,,Daikin,EDLQ07CAV3,7.0,R410A,,Water_new,180.0,,1.0,11.0,0.0,0.0,none,none,No,0.0,0.0,0.0,Yes,No,0.0,0.0,,no,5648.01,1752.34,,1583.17,0.0,0.0,0.0,0.0,0.0,0.0,3.0,,House_Detached_2.0
E.ON,EOH1081,NE7,47.0,Working Full time (>30hrs),Professional,"50,001+",2020-07-11T00:00:00.000Z,Owner-Occupied,8.0,AB,5.0,03/08/2020,E.ON,Suburban,1930 - 1949,,2.0,2.0,148.0,4.0,3.0,9.0,2.6,Cavity_No_insulation,Mix,Pitched,Double,Yes,Gas,Gas Boiler - Combi,,,,0.0,0.0,0.0,Yes - Ground Loop,Yes,3133.0,16666.0,8.58,75.2,17197.3,4182.0,616.0,,,No,No,Yes,No,None - Installation not recommended,None Required,16141.0,0.0,947.0,14.3,3.8,,,,,,,,,,,,,,,,,,,,,,,,,,,,,,,,,,,,,,,,,,House_Semi-Detached_2.0
E.ON,EOH2206,NE3,46.0,Working Part time,Clerical,"50,001+",2020-11-23T00:00:00.000Z,Owner-Occupied,18.0,AB,1.0,07/01/2021,Phoenix,Urban,1967 - 1975,,2.0,2.0,80.0,5.0,3.0,7.0,2.4,Cavity_Insulated,Solid,Pitched,Double,Yes,Gas,Gas Boiler - Combi,,,,0.0,0.0,1.0,No,No,,,6.224,73.86,12473.9,3464.0,0.0,,,No,No,No,Yes with additional measures,Hybrid,Loft Insulation,10430.06,500.0,624.0,14.3,3.8,Yes,12/05/2021,Phoenix,Hybrid,Separate_New Boiler,Daikin,EHY2KOMB28AA,4.0,R32,,,,,1.0,9.0,0.0,0.0,none,none,No,0.0,0.0,0.0,No,Yes,0.0,0.0,,no,5739.82,,,3055.06,0.0,500.0,0.0,0.0,0.0,0.0,2.0,0.5,House_Semi-Detached_2.0
E.ON,EOH0879,NE6,33.0,Working Full time (>30hrs),Professional,"30,001 - 40,000",2020-07-13T00:00:00.000Z,Owner-Occupied,1.0,AB,3.0,05/08/2020,E.ON,Urban,Before 1900,,2.0,1.0,100.0,5.0,4.0,9.0,2.8,Solid_No_insulation,Suspended,Pitched,Double,Yes,Gas,Gas Boiler - Combi,,,,0.0,0.0,0.0,No,No,,,,,,,,,,No,No,No,No,None - Installation not recommended,,,,,,,,,,,,,,,,,,,,,,,,,,,,,,,,,,,,,,,,,,,,,,,,House_Mid-Terrace_3.0
E.ON,EOH2608,NE3,41.0,Working Full time (>30hrs),Manager,"50,001+",2020-07-14T00:00:00.000Z,Owner-Occupied,3.0,AB,2.0,11/08/2020,Phoenix,Suburban,1991 - 1995,D,2.0,2.0,106.0,7.0,5.0,13.0,2.4,Cavity_Insulated,Solid,Pitched,Double,Yes,Gas,Gas Boiler - Combi,,,,0.0,0.0,0.0,Yes - Ground Loop,No,,,,,,,,,,No,No,No,No,None - Installation not recommended,,,,,,,,,,,,,,,,,,,,,,,,,,,,,,,,,,,,,,,,,,,,,,,,House_Detached_2.0
E.ON,EOH2006,NE2,76.0,Retired,Pensioner,"12,501 - 16,200",2020-07-14T00:00:00.000Z,Owner-Occupied,35.0,DE,2.0,04/09/2020,Phoenix,Unknown,1950 - 1966,,1.0,0.0,149.0,6.0,3.0,6.0,2.5,Cavity_Insulated,Suspended,Pitched,Single,Yes,Gas,Gas Boiler - Standard,Unknown,Water,Unknown,0.0,1.0,1.0,Yes - Ground Loop,No,,,,,,,,,,No,No,No,No,None - Installation not recommended,,,,,,,,,,,,,,,,,,,,,,,,,,,,,,,,,,,,,,,,,,,,,,,,House_Detached_2.0
E.ON,EOH1122,NE5,62.0,Working Full time (>30hrs),Clerical,Prefer not to say,2020-07-16T00:00:00.000Z,Owner-Occupied,4.0,C2,3.0,13/08/2020,Phoenix,Urban,1930 - 1949,D,2.0,0.0,92.0,5.0,3.0,10.0,2.45,Cavity_Insulated,Suspended,Pitched,Double,Yes,Gas,Gas Boiler - Combi,,,,0.0,0.0,1.0,No,No,1600.0,11000.0,8.258,89.76,19995.0,4002.0,181.0,,,Yes,No,No,Yes,None - Installation not recommended,None Required,13134.0,0.0,1043.0,14.3,3.8,,,,,,,,,,,,,,,,,,,,,,,,,,,,,,,,,,,,,,,,,,House_Semi-Detached_2.0
E.ON,EOH1347,NE7,44.0,Working Full time (>30hrs),Professional,"40,001 - 50,000",2020-07-16T00:00:00.000Z,Owner-Occupied,3.0,AB,3.0,14/08/2020,Phoenix,Urban,1950 - 1966,,1.0,1.0,96.0,4.0,3.0,8.0,2.4,Cavity_No_insulation,Mix,Pitched,Double,Yes,Gas,Gas Boiler - Combi,,,,0.0,0.0,1.0,No,No,1200.0,14800.0,,,,,,,,No,No,No,No,None - Installation not recommended,,,,,,,,,,,,,,,,,,,,,,,,,,,,,,,,,,,,,,,,,,,,,,,,House_Semi-Detached_2.0
E.ON,EOH0646,NE3,39.0,Working Full time (>30hrs),Professional,"50,001+",2020-07-17T00:00:00.000Z,Owner-Occupied,2.0,AB,5.0,17/08/2020,Phoenix,Urban,1900 - 1929,,2.0,4.0,159.0,6.0,5.0,14.0,2.6,Solid_No_insulation,Suspended,Pitched,Double,Yes,Gas,Gas Boiler - Combi,Fire - Wood,,,0.0,0.0,1.0,Yes - Ground Loop,No,,,,,,,,,,No,No,No,No,None - Installation not recommended,,,,,,,,,,,,,,,,,,,,,,,,,,,,,,,,,,,,,,,,,,,,,,,,House_Semi-Detached_3.0
E.ON,EOH1982,NE15,40.0,Working Full time (>30hrs),Manager,"50,001+",2020-07-17T00:00:00.000Z,Owner-Occupied,5.0,AB,4.0,19/08/2020,Phoenix,Suburban,1900 - 1929,,2.0,3.0,105.0,6.0,4.0,11.0,2.4,Cavity_Insulated,Mix,Pitched,Double,Yes,Gas,Gas Boiler - Combi,,,,0.0,0.0,1.0,No,No,9393.0,16840.0,,,,,,,,Yes,No,Yes,Yes,ASHP,,,,,,,No,,,,,,,,,,,,,,,,,,,,,,,,,,,,,,,,,,,,,,,,,House_Semi-Detached_2.0
E.ON,EOH0372,NE7,33.0,Working Full time (>30hrs),Manager,"50,001+",2020-07-17T00:00:00.000Z,Owner-Occupied,2.0,AB,5.0,18/08/2020,Phoenix,Urban,1930 - 1949,,2.0,2.0,96.0,5.0,3.0,9.0,2.4,Cavity_Insulated,Solid,Pitched,Double,Yes,Gas,Gas Boiler - Combi,,,,0.0,0.0,1.0,No,No,2666.0,10000.0,,,,,,,,,,,,,,,,,,,No,,,,,,,,,,,,,,,,,,,,,,,,,,,,,,,,,,,,,,,,,House_Semi-Detached_2.0
E.ON,EOH1447,NE7,56.0,Working Full time (>30hrs),Manager,"40,001 - 50,000",2020-07-20T00:00:00.000Z,Owner-Occupied,23.0,AB,5.0,20/08/2020,Phoenix,Urban,1900 - 1929,,3.0,0.0,109.0,7.0,3.0,10.0,2.6,Solid_No_insulation,Suspended,Pitched,Double,Yes,Gas,Gas Boiler - Combi,Fire - Gas,,,0.0,1.0,1.0,No,No,4286.0,11600.0,,,,,,,,No,No,No,No,None - Installation not recommended,,,,,,,,,,,,,,,,,,,,,,,,,,,,,,,,,,,,,,,,,,,,,,,,House_Semi-Detached_2.0
E.ON,EOH1911,NE3,45.0,Working Full time (>30hrs),Manager,"50,001+",2020-07-21T00:00:00.000Z,Owner-Occupied,9.0,AB,1.0,20/10/2020,Phoenix,Unknown,1930 - 1949,,2.0,1.0,94.0,4.0,3.0,4.0,2.4,Cavity_Insulated,Suspended,Pitched,Double,Yes,Gas,Gas Boiler - Combi,Unknown,,,0.0,0.0,1.0,No,No,,,7.23,103.7,14498.2,4002.0,181.0,,,No,No,Yes,Yes,HT_ASHP,None Required,17066.21,0.0,780.0,14.3,3.8,No,,,,,,,,,,,,,,,,,,,,,,,,,,,,,,,,,,,,,,,,,House_Semi-Detached_2.0
E.ON,EOH0587,NE1,37.0,Working Full time (>30hrs),Professional,"50,001+",2020-07-22T00:00:00.000Z,Owner-Occupied,0.9,AB,5.0,21/10/2020,Phoenix,Unknown,1950 - 1966,D,2.0,2.0,124.0,5.0,4.0,5.0,2.4,Cavity_Insulated,Suspended,Pitched,Double,Yes,Gas,Gas Boiler - Combi,,,,0.0,0.0,1.0,No,No,,,,,,,,,,No,No,No,No,None - Installation not recommended,,,,,,,,,,,,,,,,,,,,,,,,,,,,,,,,,,,,,,,,,,,,,,,,House_Semi-Detached_2.0
E.ON,EOH2086,NE3,51.0,Working Full time (>30hrs),Professional,"50,001+",2020-07-28T00:00:00.000Z,Owner-Occupied,16.0,AB,5.0,22/09/2020,Phoenix,Suburban,2003 - 2006,,1.0,0.0,235.34,9.0,6.0,18.0,2.4,Cavity_Insulated,Solid,Pitched,Double,Yes,Gas,Gas Boiler - Standard,,Water,300,0.0,0.0,1.0,No,No,,,,,,,,,,No,No,No,No,None - Installation not recommended,,,,,,,,,,,,,,,,,,,,,,,,,,,,,,,,,,,,,,,,,,,,,,,,House_Detached_3.0
E.ON,EOH0560,NE5,67.0,Working Full time (>30hrs),Casual worker,Prefer not to say,2020-08-06T00:00:00.000Z,Owner-Occupied,5.0,DE,3.0,03/12/2020,Phoenix,Urban,1950 - 1966,E,1.0,0.0,78.0,4.0,3.0,6.0,2.5,Cavity_Insulated,Solid,Pitched,Double,Yes,Gas,Gas Boiler - Combi,,,,0.0,0.0,1.0,No,No,,,5.52,72.3,11066.4,4475.0,655.0,,,Yes,No,Yes,Yes,ASHP,None Required,12602.95,0.0,780.0,14.3,3.8,No,,,,,,,,,,,,,,,,,,,,,,,,,,,,,,,,,,,,,,,,,House_Semi-Detached_2.0
E.ON,EOH2490,NE3,86.0,Working Full time (>30hrs),Professional,Prefer not to say,2020-08-04T00:00:00.000Z,Owner-Occupied,52.0,AB,5.0,24/08/2020,Phoenix,Urban,1950 - 1966,,4.0,0.0,201.0,7.0,4.0,14.0,2.5,Cavity_Insulated,Suspended,Pitched,Double,Yes,Gas,Gas Boiler - Combi,,,,0.0,0.0,1.0,No,No,6326.0,15375.0,,,,,,,,No,No,No,No,None - Installation not recommended,,,,,,,,,,,,,,,,,,,,,,,,,,,,,,,,,,,,,,,,,,,,,,,,House_Semi-Detached_3.0
E.ON,EOH2336,NE3,32.0,Working Full time (>30hrs),Professional,"50,001+",2020-08-04T00:00:00.000Z,Owner-Occupied,2.0,AB,1.0,21/09/2020,Phoenix,Suburban,1930 - 1949,,2.0,1.0,87.0,5.0,3.0,9.0,2.4,Cavity_Insulated,Suspended,Pitched,Double,Yes,Gas,Gas Boiler - Combi,Fire - Gas,,,0.0,1.0,1.0,No,No,3071.0,17714.0,7.511,80.58,16522.0,4002.0,181.0,,,No,No,Yes,Yes,HT_ASHP,None Required,16881.99,0.0,892.0,14.3,3.8,No,,,,,,,,,,,,,,,,,,,,,,,,,,,,,,,,,,,,,,,,,House_Semi-Detached_2.0
E.ON,EOH1922,NE3,64.0,Working Full time (>30hrs),Professional,"50,001+",2020-08-04T00:00:00.000Z,Owner-Occupied,20.0,AB,4.0,14/10/2020,Phoenix,Suburban,1996 - 2002,,2.0,0.0,90.0,6.0,4.0,11.0,2.4,Cavity_Insulated,Solid,Pitched,Double,Yes,Gas,Gas Boiler - Standard,Fire - Gas,Water,110,0.0,1.0,1.0,No,No,,,5.75,73.822,11529.0,5225.0,996.0,,,Yes,No,Yes,No,ASHP,None Required,12418.73,0.0,852.0,14.3,3.8,No,,,,,,,,,,,,,,,,,,,,,,,,,,,,,,,,,,,,,,,,,House_Detached_2.0
E.ON,EOH2543,NE3,63.0,Working Full time (>30hrs),Professional,"50,001+",2020-08-06T00:00:00.000Z,Owner-Occupied,17.0,AB,2.0,05/10/2020,Phoenix,Urban,1976 - 1982,,2.0,0.0,130.0,6.0,4.0,12.0,2.4,Cavity_No_insulation,Suspended,Pitched,Double,Yes,Gas,Gas Boiler - Standard,,Water,120,0.0,0.0,1.0,No,No,8754.0,21170.0,,,,,,,,No,No,No,No,None - Installation not recommended,,,,,,,,,,,,,,,,,,,,,,,,,,,,,,,,,,,,,,,,,,,,,,,,House_Detached_2.0
E.ON,EOH2700,NE3,67.0,Retired,Pensioner,"40,001 - 50,000",2021-05-17T00:00:00.000Z,Owner-Occupied,0.9,C1,5.0,30/06/2021,Energist,Urban,2012 onwards,D,2.0,0.0,163.0,5.0,3.0,11.0,2.4,Cavity_Insulated,Solid,Pitched,Double,Yes,Gas,Gas Boiler - Combi,,,,0.0,0.0,1.0,No,No,,,6.281,38.53,20671.0,3146.0,0.0,50.0,3.65,Yes,No,Yes,Yes,ASHP,None Required,14402.94,,1023.0,12.5,3.5,Yes,23/07/2021,Energist,HT_ASHP,,Vaillant,VWL 75/6 A 230V S2,7.0,R290,,Water_new,200.0,,1.0,9.0,0.0,0.0,none,none,No,0.0,0.0,0.0,No,No,0.0,0.0,,no,5648.0,1752.34,,2685.0,0.0,0.0,0.0,0.0,0.0,0.0,4.0,0.0,House_Detached_1.0
E.ON,EOH1398,NE3,44.0,Working Full time (>30hrs),Manager,"50,001+",2020-08-24T00:00:00.000Z,Owner-Occupied,7.0,AB,4.0,25/09/2020,Phoenix,Suburban,2003 - 2006,,2.0,2.0,173.65,7.0,5.0,16.0,2.5,Cavity_Insulated,Solid,Pitched,Double,Yes,Gas,Gas Boiler - Standard,,Water,210,0.0,0.0,1.0,No,No,2892.0,20818.0,,,,,,,,No,No,No,No,None - Installation not recommended,,,,,,,,,,,,,,,,,,,,,,,,,,,,,,,,,,,,,,,,,,,,,,,,House_Semi-Detached_3.0
E.ON,EOH1482,NE3,44.0,Working Full time (>30hrs),Professional,"50,001+",2020-10-22T00:00:00.000Z,Owner-Occupied,4.0,AB,5.0,02/11/2020,Phoenix,Urban,1930 - 1949,D,2.0,2.0,126.0,7.0,5.0,10.0,2.4,Cavity_Insulated,Suspended,Pitched,Double,Yes,Gas,Gas Boiler - Combi,Fire - Gas,,,0.0,1.0,1.0,No,No,4177.0,18541.0,10.613,84.23,21265.0,4457.0,0.0,,,Yes,No,Yes,Yes with additional measures,Hybrid,loft Insulation,12081.59,500.0,996.0,14.3,3.8,No,,,,,,,,,,,,,,,,,,,,,,,,,,,,,,,,,,,,,,,,,House_Semi-Detached_2.0
E.ON,EOH1365,NE13,38.0,Working Full time (>30hrs),Professional,"50,001+",2020-08-12T00:00:00.000Z,Owner-Occupied,3.0,AB,5.0,25/09/2020,E.ON,Suburban,1967 - 1975,D,2.0,0.0,80.0,4.0,3.0,4.0,2.3,Cavity_Insulated,Suspended,Pitched,Double,Yes,Gas,Gas Boiler - Standard,Electric - Direct,Water,117,0.0,1.0,0.0,Yes - Ground Loop,Yes,2762.3,10781.0,7.68,98.96,18580.0,3820.0,0.0,45.0,3.77,Yes,No,Yes,Yes,ASHP,None Required,11628.15,,1111.0,14.3,3.8,Yes,07/05/2021,Energist,HT_ASHP,,Vaillant,VWL 55/6 A 230V S2,5.0,R290,,Water_new,200.0,,1.0,5.0,0.0,0.0,none,none,No,0.0,0.0,0.0,No,No,0.0,0.0,,no,6523.74,1752.0,,2315.87,0.0,0.0,0.0,0.0,0.0,0.0,4.0,0.0,House_Detached_2.0
E.ON,EOH1653,NE3,73.0,Retired,Pensioner,"16,201 - 20,000",2020-09-02T00:00:00.000Z,Owner-Occupied,30.0,DE,4.0,07/10/2020,Phoenix,Urban,1983 - 1990,,1.0,0.0,85.0,4.0,3.0,8.0,2.4,Cavity_No_insulation,Suspended,Pitched,Double,Yes,Gas,Gas Boiler - Standard,Fire - Gas,Water,117,0.0,1.0,1.0,No,No,3322.0,7541.0,,,,,,,,No,No,No,No,None - Installation not recommended,,,,,,,,,,,,,,,,,,,,,,,,,,,,,,,,,,,,,,,,,,,,,,,,House_Detached_2.0
E.ON,EOH2814,NE3,74.0,Unemployed,Professional,"40,001 - 50,000",2020-08-11T00:00:00.000Z,Owner-Occupied,26.0,AB,1.0,24/08/2020,Phoenix,Urban,1930 - 1949,,1.0,0.0,200.0,7.0,4.0,14.0,2.7,Cavity_Insulated,Suspended,Pitched,Single,Yes,Gas,Gas Boiler - Standard,Fire - Gas,Water,Unknown,0.0,2.0,0.0,Yes - Ground Loop,Yes,,,,,,,,,,No,No,No,No,None - Installation not recommended,,,,,,,,,,,,,,,,,,,,,,,,,,,,,,,,,,,,,,,,,,,,,,,,House_Detached_2.0
E.ON,EOH0621,NE3,57.0,Working Full time (>30hrs),Manager,Prefer not to say,2020-08-18T00:00:00.000Z,Owner-Occupied,20.0,AB,1.0,21/10/2020,Phoenix,Urban,1950 - 1966,,2.0,2.0,117.0,6.0,4.0,12.0,2.7,Cavity_Insulated,Suspended,Pitched,Single,Yes,Gas,Gas Boiler - Combi,Fire - Gas,,,0.0,1.0,0.0,No,No,,40000.0,,,,,,,,No,No,No,No,None - Installation not recommended,,,,,,,,,,,,,,,,,,,,,,,,,,,,,,,,,,,,,,,,,,,,,,,,House_Semi-Detached_2.0
E.ON,EOH1679,NE6,56.0,Working Full time (>30hrs),Manager,"50,001+",2020-08-12T00:00:00.000Z,Owner-Occupied,25.0,AB,3.0,23/09/2020,Phoenix,Urban,1900 - 1929,,4.0,0.0,174.41,7.0,5.0,17.0,2.8,Solid_No_insulation,Suspended,Pitched,Double,Yes,Gas,Gas Boiler - Combi,,,,0.0,0.0,1.0,No,No,6183.0,30000.0,,,,,,,,No,No,No,No,None - Installation not recommended,,,,,,,,,,,,,,,,,,,,,,,,,,,,,,,,,,,,,,,,,,,,,,,,House_Semi-Detached_3.0
E.ON,EOH1301,NE7,60.0,Working Full time (>30hrs),Professional,"25,001 - 30,000",2020-10-07T00:00:00.000Z,Owner-Occupied,10.0,C1,4.0,20/10/2020,Phoenix,Urban,1950 - 1966,D,2.0,0.0,120.0,5.0,3.0,11.0,2.4,Cavity_Insulated,Suspended,Pitched,Double,Yes,Gas,Gas Boiler - Combi,Fire - Gas,,,0.0,1.0,1.0,No,No,,,,,,,,,,No,No,No,No,None - Installation not recommended,,,,,,,,,,,,,,,,,,,,,,,,,,,,,,,,,,,,,,,,,,,,,,,,House_Semi-Detached_2.0
E.ON,EOH0836,NE3,33.0,Working Full time (>30hrs),Professional,"50,001+",2020-08-12T00:00:00.000Z,Owner-Occupied,1.0,C1,2.0,30/09/2020,Phoenix,Suburban,1983 - 1990,,2.0,2.0,103.65,5.0,4.0,12.0,2.4,Cavity_Insulated,Suspended,Pitched,Double,Yes,Gas,Gas Boiler - Combi,Fire - Gas,,,0.0,1.0,1.0,No,No,,,9.356,90.88,18739.0,4993.0,218.0,50.0,3.59,No,No,Yes,Yes,HT_ASHP,None Required,17066.98,,1006.0,14.3,3.8,Yes,27/09/2021,Phoenix,HT_ASHP,,Daikin,EDLQ016CAV3,16.0,R410A,,Water_new,300.0,,1.0,10.0,0.0,0.0,,,No,0.0,0.0,0.0,No,No,0.0,0.0,,no,9687.81,1752.34,,2870.84,,0.0,0.0,0.0,0.0,0.0,3.0,,House_Detached_2.0
E.ON,EOH2477,NE3,43.0,Working Full time (>30hrs),Professional,Prefer not to say,2020-08-10T00:00:00.000Z,Owner-Occupied,6.0,AB,3.0,26/08/2020,Phoenix,Unknown,1983 - 1990,C,2.0,2.0,167.0,8.0,4.0,8.0,2.3,Cavity_Insulated,Solid,Pitched,Double,Yes,Gas,Gas Boiler - Combi,Fire - Gas,,,0.0,0.0,1.0,No,No,,,,,,,,,,No,No,No,No,None - Installation not recommended,,,,,,,,,,,,,,,,,,,,,,,,,,,,,,,,,,,,,,,,,,,,,,,,House_Detached_2.0
E.ON,EOH0597,NE3,51.0,Working Full time (>30hrs),Professional,"50,001+",2020-09-02T00:00:00.000Z,Owner-Occupied,6.0,AB,5.0,12/10/2020,Phoenix,Suburban,2003 - 2006,D,2.0,2.0,186.0,9.0,7.0,18.0,2.4,Cavity_Insulated,Solid,Pitched,Double,Yes,Gas,Gas Boiler - Standard,,Water,210,0.0,0.0,0.0,No,No,,,,,,,,,,No,No,No,No,None - Installation not recommended,,,,,,,,,,,,,,,,,,,,,,,,,,,,,,,,,,,,,,,,,,,,,,,,House_Detached_3.0
E.ON,EOH1019,NE3,58.0,Unemployed,Professional,"20,001 - 25,000",2020-08-17T00:00:00.000Z,Owner-Occupied,25.0,DE,1.0,29/09/2020,Phoenix,Urban,1950 - 1966,,2.0,0.0,105.0,4.0,3.0,12.0,2.6,Cavity_No_insulation,Mix,Pitched,Double,Yes,Gas,Gas Boiler - Combi,,,,0.0,0.0,1.0,No,No,1891.0,10973.0,10.272,97.83,9508.9,3820.0,0.0,55.0,2.96,No,No,No,Yes,Hybrid,Barrier,10615.82,300.0,944.0,14.3,3.8,Yes,10/06/2021,Phoenix,Hybrid,Separate_New Boiler,Daikin,EHY2KOMB28AA,4.0,R32,,,,,1.0,12.0,0.0,0.0,none,barrier,No,0.0,0.0,0.0,No,No,0.0,0.0,,no,5739.82,,,3240.82,0.0,0.0,0.0,0.0,0.0,0.0,2.5,0.0,House_Semi-Detached_2.0
E.ON,EOH1109,NE3,73.0,Retired,Pensioner,Prefer not to say,2020-08-17T00:00:00.000Z,Owner-Occupied,12.0,DE,5.0,17/05/2021,Energist,Suburban,1996 - 2002,,2.0,0.0,94.0,7.0,4.0,12.0,2.4,Cavity_Insulated,Solid,Pitched,Double,Yes,Gas,Gas Boiler - Combi,,,,0.0,0.0,0.0,No,No,,,7.01,74.57,16277.0,3933.0,0.0,45.0,3.91,Yes,No,Yes,Yes,ASHP,None Required,14057.01,,934.0,12.5,3.5,Yes,30/06/2021,Energist,HT_ASHP,,Vaillant,VWL 75/6 A 230V S2,7.0,R290,,Water_new,250.0,,1.0,12.0,0.0,0.0,none,none,No,0.0,0.0,0.0,No,No,0.0,0.0,,no,5889.0,1752.0,,3240.0,0.0,0.0,0.0,0.0,0.0,0.0,4.0,0.0,House_Detached_2.0
E.ON,EOH2030,NE7,50.0,Working Full time (>30hrs),Professional,"30,001 - 40,000",2020-08-17T00:00:00.000Z,Owner-Occupied,6.0,C1,5.0,01/10/2020,Phoenix,Urban,1900 - 1929,,2.0,2.0,85.0,4.0,3.0,10.0,2.6,Cavity_Insulated,Suspended,Pitched,Double,Yes,Gas,Gas Boiler - Combi,,,,0.0,0.0,1.0,No,No,2598.0,14532.0,,,,,,,,No,No,No,No,None - Installation not recommended,,,,,,,,,,,,,,,,,,,,,,,,,,,,,,,,,,,,,,,,,,,,,,,,House_End-Terrace_2.0
E.ON,EOH1533,NE3,35.0,Working Full time (>30hrs),Professional,"50,001+",2020-08-18T00:00:00.000Z,Owner-Occupied,3.0,AB,1.0,15/09/2020,Phoenix,Urban,1930 - 1949,,2.0,3.0,105.0,6.0,4.0,12.0,2.6,Cavity_No_insulation,Suspended,Pitched,Double,Yes,Gas,Gas Boiler - Standard,Fire - Gas,Water,120,0.0,1.0,1.0,No,No,3706.0,23051.0,16.502,135.58,15974.0,4776.0,0.0,,,No,No,No,Yes,Hybrid,None Required,10800.81,0.0,1553.0,14.3,3.8,No,,,,,,,,,,,,,,,,,,,,,,,,,,,,,,,,,,,,,,,,,House_Semi-Detached_2.0
E.ON,EOH1458,NE3,49.0,Working Full time (>30hrs),Manager,"25,001 - 30,000",2020-08-18T00:00:00.000Z,Owner-Occupied,15.0,C1,1.0,25/08/2020,Phoenix,Urban,1930 - 1949,,1.0,3.0,79.0,4.0,3.0,9.0,2.5,Solid_No_insulation,Solid,Pitched,Double,Yes,Gas,Gas Boiler - Combi,,,,0.0,0.0,0.0,No,No,,,,,,,,,,No,No,No,No,None - Installation not recommended,,,,,,,,,,,,,,,,,,,,,,,,,,,,,,,,,,,,,,,,,,,,,,,,House_Semi-Detached_2.0
E.ON,EOH0574,NE3,71.0,Working Full time (>30hrs),Manager,"50,001+",2020-08-18T00:00:00.000Z,Owner-Occupied,1.0,AB,3.0,07/10/2020,Phoenix,Urban,1950 - 1966,,2.0,0.0,84.0,5.0,3.0,12.0,2.4,Cavity_Insulated,Solid,Pitched,Double,Yes,Gas,Gas Boiler - Standard,,Water,100,0.0,1.0,1.0,No,No,663.0,15896.0,6.612,78.71,13245.0,3820.0,0.0,55.0,2.96,No,No,No,Yes,Hybrid,Barrier,11170.02,300.0,870.0,14.3,3.8,Yes,01/07/2021,Phoenix,Hybrid,Separate_New Boiler,Daikin,EHY2KOMB28AA,4.0,R32,,,,,1.0,12.0,0.0,0.0,none,barrier,No,0.0,0.0,0.0,No,No,0.0,0.0,,no,5739.8,,,3240.82,0.0,0.0,0.0,0.0,0.0,0.0,3.0,0.0,House_Semi-Detached_2.0
E.ON,EOH1869,NE15,37.0,Working Full time (>30hrs),Manager,"50,001+",2020-08-18T00:00:00.000Z,Owner-Occupied,5.0,AB,1.0,08/10/2020,Phoenix,Urban,1950 - 1966,D,2.0,2.0,84.0,4.0,3.0,10.0,2.4,Cavity_No_insulation,Solid,Pitched,Double,Yes,Gas,Gas Boiler - Combi,,,,0.0,0.0,0.0,No,No,3253.0,9770.0,,,,,,,,No,No,No,No,None - Installation not recommended,,,,,,,,,,,,,,,,,,,,,,,,,,,,,,,,,,,,,,,,,,,,,,,,House_Semi-Detached_2.0
E.ON,EOH1169,NE3,55.0,Working Full time (>30hrs),Professional,"40,001 - 50,000",2020-09-08T00:00:00.000Z,Owner-Occupied,15.0,AB,3.0,20/10/2020,Phoenix,Urban,1983 - 1990,,1.0,0.0,86.0,5.0,4.0,14.0,2.4,Cavity_Insulated,Solid,Pitched,Single,Yes,Gas,Gas Boiler - Standard,Fire - Gas,Water,110,0.0,1.0,0.0,No,Yes,,,,,,,,,,No,No,No,No,None - Installation not recommended,,,,,,,,,,,,,,,,,,,,,,,,,,,,,,,,,,,,,,,,,,,,,,,,House_Detached_2.0
E.ON,EOH1828,NE3,63.0,Working Full time (>30hrs),Professional,"50,001+",2020-08-19T00:00:00.000Z,Owner-Occupied,20.0,AB,4.0,09/10/2020,Phoenix,Urban,1930 - 1949,,1.0,0.0,179.0,6.0,4.0,15.0,2.7,Cavity_Insulated,Suspended,Pitched,Double,Yes,Gas,Gas Boiler - Standard,Fire - Gas,Water,117,0.0,1.0,1.0,No,No,1254.0,211.0,,,,,,,,No,No,No,Yes,Hybrid,,,,,,,No,,,,,,,,,,,,,,,,,,,,,,,,,,,,,,,,,,,,,,,,,House_Semi-Detached_2.0
E.ON,EOH1684,NE5,47.0,Working Part time,Casual worker,"0 - 12,500",2020-10-07T00:00:00.000Z,Owner-Occupied,46.0,DE,3.0,19/10/2020,Phoenix,Urban,1950 - 1966,D,1.0,0.0,58.0,3.0,2.0,7.0,2.4,Cavity_Insulated,Suspended,Pitched,Double,Yes,Gas,Gas Boiler - Combi,Fire - Electric,,,0.0,0.0,0.0,No,No,,,4.45,76.72,10759.0,2996.0,131.0,45.0,3.67,Yes,No,No,Yes,ASHP,None Required,11493.0,,568.0,14.3,3.8,Yes,28/01/2021,Aaron Services,ASHP,,Daikin,EDLQ07CAV3,7.0,R410A,,Water_new,180.0,,1.0,7.0,0.0,0.0,none,enclosure,No,0.0,0.0,0.0,No,No,0.0,0.0,,no,5648.01,1752.34,,2315.87,0.0,0.0,0.0,0.0,0.0,0.0,2.5,0.0,House_Semi-Detached_1.0
E.ON,EOH2054,NE6,53.0,Working Full time (>30hrs),Professional,"30,001 - 40,000",2020-08-19T00:00:00.000Z,Owner-Occupied,22.0,AB,4.0,14/10/2020,Phoenix,Urban,1900 - 1929,,2.0,2.0,205.0,7.0,5.0,14.0,2.7,Solid_No_insulation,Suspended,Pitched,Double,Yes,Gas,Gas Boiler - Combi,Fire - Gas,,,0.0,1.0,1.0,No,No,3096.0,4656.0,,,,,,,,No,No,No,No,None - Installation not recommended,,,,,,,,,,,,,,,,,,,,,,,,,,,,,,,,,,,,,,,,,,,,,,,,House_Semi-Detached_3.0
E.ON,EOH2801,NE4,48.0,Working Full time (>30hrs),Professional,"50,001+",2020-09-04T00:00:00.000Z,Owner-Occupied,19.0,AB,3.0,16/10/2020,Phoenix,Urban,1950 - 1966,,3.0,0.0,89.0,4.0,3.0,9.0,2.3,Cavity_Insulated,Solid,Pitched,Double,Yes,Gas,Gas Boiler - Combi,,,,0.0,0.0,1.0,No,No,2536.0,10403.0,,,,,,,,,,,,None - Installation not recommended,,,,,,,,,,,,,,,,,,,,,,,,,,,,,,,,,,,,,,,,,,,,,,,,House_Semi-Detached_2.0
E.ON,EOH0167,NE3,66.0,Working Full time (>30hrs),Professional,"50,001+",2020-10-08T00:00:00.000Z,Owner-Occupied,14.0,AB,5.0,21/10/2020,E.ON,Suburban,1900 - 1929,,2.0,0.0,158.5,7.0,4.0,13.0,2.5,Cavity_No_insulation,Suspended,Pitched,Double,Yes,Gas,Gas Boiler - Standard,Fire - Coal,Water,150,0.0,2.0,1.0,Yes - Ground Loop,Yes,,,,,,,,,,No,No,No,No,None - Installation not recommended,,,,,,,,,,,,,,,,,,,,,,,,,,,,,,,,,,,,,,,,,,,,,,,,House_Detached_2.0
E.ON,EOH0471,NE6,,Prefer not to say,Prefer not to say,Prefer not to say,2020-08-21T00:00:00.000Z,Rented (Social),,DE,1.0,28/08/2020,E.ON,Suburban,1930 - 1949,D,1.0,4.0,69.0,4.0,3.0,4.0,2.5,Cavity_Insulated,Suspended,Pitched,Double,Yes,Gas,Gas Boiler - Combi,Electric - Direct,,,0.0,0.0,1.0,Yes - Ground Loop,Yes,,,4.742,68.72,9504.0,2674.0,0.0,48.0,3.04,No,No,No,Yes,Hybrid,None Required,9690.0,,322.0,14.3,3.8,Yes,03/02/2021,Phoenix,Hybrid,Separate_New Boiler,Daikin,EHY2KOMB28AA,4.0,R32,,,,,1.0,8.0,0.0,0.0,none,none,No,0.0,0.0,0.0,No,No,0.0,0.0,,no,5912.2,,,2870.07,0.0,0.0,0.0,0.0,0.0,0.0,2.0,0.0,House_Mid-Terrace_2.0
E.ON,EOH0049,NE6,,Prefer not to say,Prefer not to say,Prefer not to say,2020-08-21T00:00:00.000Z,Rented (Social),,DE,1.0,24/08/2020,E.ON,Urban,1900 - 1929,,1.0,0.0,64.0,4.0,3.0,7.0,2.5,Cavity_Insulated,Suspended,Pitched,Double,Yes,Gas,Gas Boiler - Combi,Fire - Gas,,,0.0,1.0,1.0,Yes - Ground Loop,Yes,1502.0,6757.0,,,,,,,,No,No,No,Yes,Hybrid,,,,,,,No,,,,,,,,,,,,,,,,,,,,,,,,,,,,,,,,,,,,,,,,,House_Mid-Terrace_2.0
E.ON,EOH0774,NE6,,Prefer not to say,Prefer not to say,Prefer not to say,2020-08-21T00:00:00.000Z,Rented (Social),,DE,1.0,25/08/2020,E.ON,Urban,1900 - 1929,,2.0,2.0,64.0,4.0,3.0,7.0,2.5,Cavity_Insulated,Suspended,Pitched,Double,Yes,Gas,Gas Boiler - Combi,,,,0.0,0.0,1.0,Yes - Ground Loop,Yes,,,5.204,80.06,10430.0,4182.0,616.0,,,Yes,No,Yes,Yes,ASHP,None Required,,0.0,432.0,14.3,3.8,No,,,,,,,,,,,,,,,,,,,,,,,,,,,,,,,,,,,,,,,,,House_Semi-Detached_2.0
E.ON,EOH1935,NE6,,Prefer not to say,Prefer not to say,Prefer not to say,2020-08-21T00:00:00.000Z,Rented (Social),,DE,1.0,26/08/2020,E.ON,Suburban,1900 - 1929,C,1.0,3.0,81.0,4.0,3.0,4.0,2.5,Cavity_Insulated,Solid,Pitched,Double,Yes,Gas,Gas Boiler - Combi,Electric - Direct,,,0.0,0.0,1.0,Yes - Ground Loop,Yes,,,5.24,64.69,11008.0,3464.0,0.0,45.0,3.07,No,No,No,Yes,Hybrid,Barrier,9672.0,300.0,522.0,14.3,3.8,Yes,09/12/2020,Phoenix,Hybrid,Separate_New Boiler,Daikin,EHY2KOMB32AA,4.0,R32,,,,,1.0,8.0,2.0,0.0,none,none,No,0.0,0.0,0.0,No,No,0.0,0.0,,no,5912.2,,,3224.87,0.0,0.0,0.0,0.0,0.0,0.0,2.0,,House_Mid-Terrace_2.0
E.ON,EOH2263,NE13,,Working Full time (>30hrs),Supervisor,"40,001 - 50,000",2020-10-08T00:00:00.000Z,Owner-Occupied,7.0,C1,5.0,16/10/2020,Phoenix,Suburban,1950 - 1966,,2.0,0.0,95.0,4.0,3.0,,2.4,Cavity_Insulated,Solid,Pitched,Double,Yes,Gas,Gas Boiler - Combi,,,,0.0,0.0,1.0,No,No,2656.0,12302.0,,,,,,,,No,No,No,No,None - Installation not recommended,,,,,,,,,,,,,,,,,,,,,,,,,,,,,,,,,,,,,,,,,,,,,,,,House_Semi-Detached_2.0
E.ON,EOH2114,NE5,71.0,Retired,Pensioner,"40,001 - 50,000",2020-08-24T00:00:00.000Z,Owner-Occupied,32.0,DE,3.0,25/09/2020,Phoenix,Suburban,1983 - 1990,,2.0,0.0,100.0,5.0,4.0,9.0,2.35,Cavity_Insulated,Suspended,Pitched,Double,Yes,Gas,Gas Boiler - Standard,,Water,110,0.0,0.0,0.0,No,No,3487.0,13291.0,7.062,67.94,17105.0,4993.0,218.0,,,Yes,No,Yes,Yes,ASHP,None Required,13134.93,0.0,972.0,14.3,3.8,No,,,,,,,,,,,,,,,,,,,,,,,,,,,,,,,,,,,,,,,,,House_Detached_2.0
E.ON,EOH2822,NE5,69.0,Retired,Pensioner,"30,001 - 40,000",2020-08-27T00:00:00.000Z,Owner-Occupied,0.9,DE,2.0,28/09/2020,Phoenix,Suburban,1967 - 1975,,2.0,0.0,127.42,6.0,4.0,11.0,2.3,Cavity_No_insulation,Suspended,Pitched,Double,Yes,Gas,Gas Boiler - Combi,Fire - Electric,,,0.0,0.0,0.0,No,No,3839.0,19776.0,11.234,91.97,11530.0,4776.0,0.0,,,Yes,No,No,Yes,Hybrid,None Required,11342.4,0.0,1273.0,14.3,3.8,No,,,,,,,,,,,,,,,,,,,,,,,,,,,,,,,,,,,,,,,,,House_Detached_2.0
E.ON,EOH2416,NE15,45.0,Working Full time (>30hrs),Professional,"30,001 - 40,000",2020-08-28T00:00:00.000Z,Owner-Occupied,8.0,AB,1.0,13/10/2020,Phoenix,Urban,1967 - 1975,E,2.0,2.0,102.0,4.0,3.0,8.0,2.4,Cavity_Insulated,Suspended,Pitched,Double,Yes,Gas,Gas Boiler - Combi,,,,0.0,0.0,0.0,No,No,2772.0,10584.0,6.562,89.38,15875.0,4002.0,181.0,45.0,3.57,Yes,No,Yes,Yes,ASHP,None Required,11863.76,,835.0,14.3,3.8,Yes,25/03/2021,Aaron Services,ASHP,,Daikin,EDLQ07CAV5,7.0,R410A,,Water_new,200.0,,1.0,9.0,0.0,0.0,none,none,No,0.0,0.0,0.0,No,No,0.0,0.0,,no,5648.0,1752.0,,3053.0,0.0,0.0,0.0,0.0,0.0,0.0,3.0,0.0,House_Detached_2.0
E.ON,EOH2592,NE13,45.0,Working Full time (>30hrs),Manager,"50,001+",2020-08-28T00:00:00.000Z,Owner-Occupied,6.0,AB,1.0,22/10/2020,E.ON,Urban,2012 onwards,B,3.0,0.0,147.0,6.0,5.0,14.0,2.3,Cavity_Insulated,Solid,Pitched,Double,Yes,Gas,Gas Boiler - Standard,,Water,210,0.0,0.0,1.0,Yes - Ground Loop,Yes,,,5.636,38.0,13649.0,6271.0,923.0,,,Yes,No,No,No,None - Installation not recommended,None Required,13711.35,0.0,1007.0,14.3,3.8,,,,,,,,,,,,,,,,,,,,,,,,,,,,,,,,,,,,,,,,,,House_Detached_2.0
E.ON,EOH1849,NE2,60.0,Working Part time,Professional,"50,001+",2020-08-28T00:00:00.000Z,Owner-Occupied,15.0,AB,2.0,15/10/2020,Phoenix,Urban,1976 - 1982,,4.0,0.0,195.0,7.0,4.0,16.0,2.3,Cavity_Insulated,Solid,Pitched,Double,Yes,Gas,Gas Boiler - Standard,Fire - Wood,Water,210,0.0,0.0,1.0,No,No,4165.0,18973.0,,,,,,,,No,No,No,No,None - Installation not recommended,,,,,,,,,,,,,,,,,,,,,,,,,,,,,,,,,,,,,,,,,,,,,,,,House_Detached_2.0
E.ON,EOH3085,NE3,80.0,Retired,Pensioner,"25,001 - 30,000",2020-10-08T00:00:00.000Z,Owner-Occupied,1.0,DE,4.0,21/10/2020,E.ON,Suburban,1950 - 1966,C,2.0,0.0,174.0,4.0,2.0,11.0,2.4,Cavity_Insulated,Mix,Pitched,Double,Yes,Gas,Gas Boiler - Combi,,,,1.0,0.0,0.0,Yes - Ground Loop,Yes,17000.0,24000.0,,,,,,,,No,No,No,No,None - Installation not recommended,,,,,,,,,,,,,,,,,,,,,,,,,,,,,,,,,,,,,,,,,,,,,,,,House_Semi-Detached_2.0
E.ON,EOH1787,NE15,84.0,Retired,Pensioner,"16,201 - 20,000",2020-11-19T00:00:00.000Z,Owner-Occupied,58.0,DE,5.0,08/12/2020,Phoenix,Urban,1950 - 1966,D,2.0,0.0,89.0,5.0,3.0,6.0,2.5,Cavity_Insulated,Suspended,Pitched,Double,Yes,Gas,Gas Boiler - Combi,,,,0.0,0.0,0.0,No,No,,,,,,,,,,Yes with additional measures,No,Yes with additional measures,Yes with additional measures,None - Installation not recommended,,,,,,,,,,,,,,,,,,,,,,,,,,,,,,,,,,,,,,,,,,,,,,,,House_Semi-Detached_2.0
E.ON,EOH2179,NE5,55.0,Unemployed,Unemployed/Benefits,"12,501 - 16,200",2020-08-28T00:00:00.000Z,Owner-Occupied,42.0,DE,1.0,05/10/2020,Phoenix,Suburban,1950 - 1966,,2.0,0.0,94.0,5.0,3.0,11.0,2.4,Cavity_Insulated,Solid,Pitched,Double,Yes,Gas,Gas Boiler - Combi,,,,0.0,0.0,1.0,No,No,1617.0,7947.0,5.586,69.84,11237.3,4182.0,616.0,45.0,3.57,Yes,No,No,No,ASHP,,12989.76,,658.0,14.3,3.8,Yes,30/10/2020,Aaron Services,ASHP,,Daikin,EDLQ07CAV3,7.0,R410A,,Water_new,180.0,,1.0,9.0,9.0,0.0,none,none,No,0.0,0.0,0.0,No,No,0.0,0.0,,no,5648.01,1752.34,,2685.85,0.0,0.0,0.0,0.0,0.0,0.0,2.0,,House_Semi-Detached_2.0
E.ON,EOH1582,NE15,39.0,Working Full time (>30hrs),Professional,"40,001 - 50,000",2020-08-27T00:00:00.000Z,Owner-Occupied,5.0,AB,5.0,23/09/2020,Phoenix,Urban,1930 - 1949,,2.0,2.0,93.75,5.0,3.0,9.0,2.6,Cavity_Insulated,Suspended,Pitched,Double,No,LPG,LPG Boiler,Fire - Wood,,,0.0,0.0,1.0,No,No,5200.0,,,,,,,,,No,No,Yes with additional measures,Yes with additional measures,None - Installation not recommended,,,,,,,,,,,,,,,,,,,,,,,,,,,,,,,,,,,,,,,,,,,,,,,,House_End-Terrace_2.0
E.ON,EOH3048,NE6,,Prefer not to say,Prefer not to say,Prefer not to say,2020-09-09T00:00:00.000Z,Rented (Social),,DE,1.0,03/09/2020,E.ON,Suburban,1900 - 1929,D,1.0,1.0,72.0,3.0,2.0,3.0,2.5,Cavity_Insulated,Solid,Pitched,Double,Yes,Gas,Gas Boiler - Combi,Electric - Direct,,,0.0,0.0,0.0,Yes - Ground Loop,Yes,,,5.603,77.81,11220.0,3356.0,491.0,45.0,3.57,Yes,No,No,Yes,ASHP,None Required,12232.0,,614.0,14.3,3.8,Yes,11/12/2020,Aaron Services,ASHP,,Daikin,EDLQ07CAV3,7.0,R410A,,Water_new,180.0,,1.0,8.0,1.0,0.0,none,none,No,0.0,0.0,0.0,Yes,No,0.0,0.0,,no,5648.01,1752.34,,3055.66,0.0,0.0,0.0,0.0,0.0,0.0,2.5,,House_Mid-Terrace_2.0
E.ON,EOH2366,NE3,60.0,Working Full time (>30hrs),Professional,"40,001 - 50,000",2020-08-28T00:00:00.000Z,Owner-Occupied,24.0,AB,4.0,30/09/2020,Phoenix,Suburban,1930 - 1949,,4.0,0.0,131.14,6.0,4.0,11.0,2.6,Cavity_Insulated,Suspended,Pitched,Double,Yes,Gas,Gas Boiler - Standard,Fire - Gas,Water,150,0.0,1.0,1.0,No,No,1583.0,16944.0,10.29,78.54,20629.0,4993.0,218.0,55.0,3.54,Yes with additional measures,No,Yes,Yes,HT_ASHP,None Required,17251.0,,1112.0,14.3,3.8,Yes,11/10/2021,Phoenix,HT_ASHP,,Daikin,EPRA16DAV3,16.0,R32,,Water_new,300.0,,1.0,11.0,0.0,0.0,,,No,0.0,0.0,0.0,No,No,0.0,0.0,,no,9687.81,1752.34,,3055.83,,0.0,0.0,0.0,0.0,0.0,4.0,,House_Detached_2.0
E.ON,EOH0734,NE3,56.0,Working Part time,Manager,"50,001+",2020-08-28T00:00:00.000Z,Owner-Occupied,4.0,AB,5.0,13/10/2020,Phoenix,Suburban,1991 - 1995,D,2.0,1.0,261.0,7.0,5.0,15.0,2.4,Cavity_No_insulation,Solid,Pitched,Double,Yes,Gas,Gas Boiler - Standard,Fire - Gas,Water,210,0.0,1.0,1.0,No,No,,,,,,,,,,No,No,No,No,None - Installation not recommended,,,,,,,,,,,,,,,,,,,,,,,,,,,,,,,,,,,,,,,,,,,,,,,,House_Detached_2.0
E.ON,EOH1410,NE3,41.0,Working Full time (>30hrs),Manager,"50,001+",2020-09-02T00:00:00.000Z,Owner-Occupied,6.0,AB,4.0,12/10/2020,Phoenix,Urban,1950 - 1966,C,2.0,0.0,95.0,4.0,3.0,9.0,2.4,Cavity_Insulated,Suspended,Pitched,Double,Yes,Gas,Gas Boiler - Combi,Fire - Wood,,,0.0,0.0,0.0,No,No,1972.0,8030.0,,,,,,,,No,No,No,No,None - Installation not recommended,,,,,,,,,,,,,,,,,,,,,,,,,,,,,,,,,,,,,,,,,,,,,,,,House_Semi-Detached_2.0
E.ON,EOH0950,NE6,,Working Full time (>30hrs),Manager,"25,001 - 30,000",2021-03-10T00:00:00.000Z,Owner-Occupied,30.0,C1,2.0,10/03/2021,Phoenix,Urban,1950 - 1966,,2.0,1.0,100.0,5.0,3.0,8.0,2.5,Cavity_Insulated,Suspended,Pitched,Double,Yes,Gas,Gas Boiler - Combi,Fire - Gas,,,0.0,1.0,0.0,No,No,2565.0,12472.0,,,,,,,,No,No,No,No,None - Installation not recommended,,,,,,,,,,,,,,,,,,,,,,,,,,,,,,,,,,,,,,,,,,,,,,,,House_End-Terrace_2.0
E.ON,EOH2612,NE13,29.0,Working Full time (>30hrs),Professional,"50,001+",2020-09-07T00:00:00.000Z,Owner-Occupied,2.0,AB,4.0,15/10/2020,Phoenix,Suburban,2012 onwards,C,2.0,0.0,90.0,4.0,3.0,11.0,2.3,Cavity_Insulated,Solid,Pitched,Double,Yes,Gas,Gas Boiler - Combi,,,,0.0,0.0,1.0,No,Yes,2392.0,8609.0,6.14,68.28,6146.0,3196.0,1885.0,45.0,3.26,Yes,No,Yes,Yes,HT_ASHP,,13167.32,0.0,491.0,12.9,4.0,Yes,20/09/2021,Energist,HT_ASHP,,Vaillant,VWL 75/6 A 230V S2,7.0,R290,,Water_new,150.0,,1.0,8.0,0.0,0.0,,,No,0.0,0.0,0.0,No,No,0.0,0.0,,no,5789.0,1701.71,,2500.86,0.0,0.0,0.0,0.0,0.0,0.0,4.0,,House_Detached_2.0
E.ON,EOH1785,NE2,70.0,Working Part time,Professional,Prefer not to say,2020-09-08T00:00:00.000Z,Owner-Occupied,30.0,AB,3.0,19/10/2020,Phoenix,Urban,1991 - 1995,,2.0,0.0,81.0,4.0,3.0,10.0,2.4,Cavity_No_insulation,Solid,Pitched,Single,Yes,Gas,Gas Boiler - Standard,,Water,120,0.0,0.0,0.0,No,No,,,,,,,,,,No,No,No,No,None - Installation not recommended,,,,,,,,,,,,,,,,,,,,,,,,,,,,,,,,,,,,,,,,,,,,,,,,House_Detached_2.0
E.ON,EOH1235,NE13,64.0,Retired,Pensioner,"30,001 - 40,000",2020-09-09T00:00:00.000Z,Owner-Occupied,6.0,DE,4.0,06/11/2020,Phoenix,Urban,2012 ONWARDS,C,1.0,0.0,207.0,7.0,4.0,9.0,2.5,Cavity_Insulated,Solid,Pitched,Double,No,LPG,LPG Boiler,Fire - LPG,Water,200,0.0,1.0,1.0,Yes - Ground Loop,Yes,4414.0,,,,,,,,,,,,,,,,,,,,No,,,,,,,,,,,,,,,,,,,,,,,,,,,,,,,,,,,,,,,,,House_Detached_2.0
E.ON,EOH2444,NE15,60.0,Working Full time (>30hrs),Semi and unskilled manual worker,"25,001 - 30,000",2020-09-09T00:00:00.000Z,Owner-Occupied,10.0,DE,1.0,21/10/2020,Phoenix,Urban,1976 - 1982,D,2.0,0.0,100.0,4.0,2.0,10.0,2.4,Cavity_Insulated,Suspended,Pitched,Double,Yes,Gas,Gas Boiler - Combi,Fire - Gas,,,0.0,1.0,0.0,No,No,,,,,,,,,,No,No,No,No,None - Installation not recommended,,,,,,,,,,,,,,,,,,,,,,,,,,,,,,,,,,,,,,,,,,,,,,,,House_Detached_1.0
E.ON,EOH2826,NE2,62.0,Working Full time (>30hrs),Professional,"50,001+",2020-09-08T00:00:00.000Z,Owner-Occupied,22.0,AB,5.0,27/10/2020,Phoenix,Urban,1950 - 1966,,2.0,0.0,263.0,8.0,5.0,8.0,2.5,Cavity_Unknown,Suspended,Pitched,Double,Yes,Gas,Gas Boiler - Standard,Unknown,Water,120,3.0,1.0,1.0,No,No,,,,,,,,,,No,No,No,No,None - Installation not recommended,,,,,,,,,,,,,,,,,,,,,,,,,,,,,,,,,,,,,,,,,,,,,,,,House_Detached_2.0
E.ON,EOH0671,NE6,,Prefer not to say,Prefer not to say,Prefer not to say,2020-09-09T00:00:00.000Z,Rented (Social),,DE,1.0,16/09/2020,E.ON,Urban,1900 - 1929,,2.0,2.0,58.0,4.0,3.0,7.0,2.5,Cavity_No_insulation,Suspended,Pitched,Double,Yes,Gas,Gas Boiler - Combi,,,,0.0,0.0,1.0,Yes - Ground Loop,No,4666.0,18421.0,5.377,92.71,10777.3,3566.0,0.0,,,No,No,No,Yes,Hybrid,None Required,9875.86,0.0,521.0,14.3,3.8,No,,,,,,,,,,,,,,,,,,,,,,,,,,,,,,,,,,,,,,,,,House_Mid-Terrace_2.0
E.ON,EOH1608,NE6,,Prefer not to say,Prefer not to say,Prefer not to say,2020-09-09T00:00:00.000Z,Rented (Social),,DE,1.0,15/09/2020,E.ON,Urban,1900 - 1929,,2.0,2.0,64.0,4.0,3.0,8.0,2.5,Cavity_Insulated,Suspended,Pitched,Double,Yes,Gas,Gas Boiler - Combi,,,,0.0,0.0,1.0,No,No,,,4.97,77.66,9948.2,2547.0,0.0,,,No,No,No,Yes,Hybrid,None Required,9875.86,0.0,454.0,14.3,3.8,No,,,,,,,,,,,,,,,,,,,,,,,,,,,,,,,,,,,,,,,,,House_Mid-Terrace_2.0
E.ON,EOH0491,NE3,,Working Full time (>30hrs),Professional,"50,001+",2020-09-14T00:00:00.000Z,Owner-Occupied,22.0,AB,4.0,07/10/2020,Phoenix,Urban,1967 - 1975,,2.0,0.0,125.0,6.0,4.0,11.0,2.4,Solid_No_insulation,Suspended,Pitched,Double,Yes,Gas,Gas Boiler - Standard,Fire - Gas,Water,110,0.0,1.0,1.0,No,No,,,14.46,115.68,28977.0,4776.0,0.0,,,No,No,No,Yes,Hybrid,None Required,10615.0,,1369.0,14.3,3.8,Yes,16/12/2020,Phoenix,Hybrid,Separate_New Boiler,Daikin,EHY2KOMB28AA,4.0,R32,,,,,1.0,12.0,0.0,0.0,none,none,No,0.0,0.0,0.0,No,No,0.0,0.0,,no,5739.82,,,3240.82,0.0,0.0,0.0,0.0,0.0,0.0,2.5,,House_Semi-Detached_2.0
E.ON,EOH0463,NE3,,Working Full time (>30hrs),Clerical,"25,001 - 30,000",2020-09-14T00:00:00.000Z,Owner-Occupied,20.0,C1,2.0,24/09/2020,Phoenix,Urban,1900 - 1929,,2.0,0.0,101.0,6.0,3.0,12.0,2.8,Solid_No_insulation,Suspended,Pitched,Double,Yes,Gas,Gas Boiler - Combi,Fire - Gas,,,0.0,1.0,1.0,No,No,5366.0,21941.0,,,,,,,,No,No,No,No,None - Installation not recommended,,,,,,,,,,,,,,,,,,,,,,,,,,,,,,,,,,,,,,,,,,,,,,,,House_End-Terrace_2.0
E.ON,EOH1377,NE5,52.0,Working Full time (>30hrs),Professional,"50,001+",2020-09-14T00:00:00.000Z,Owner-Occupied,23.0,AB,1.0,30/09/2020,Phoenix,Suburban,1950 - 1966,,2.0,0.0,50.0,3.0,2.0,6.0,2.4,Cavity_No_insulation,Suspended,Pitched,Double,Yes,Gas,Gas - Warm Air,Fire - Electric,,,0.0,0.0,0.0,No,No,4321.0,11200.0,3.941,78.79,9553.8,3136.0,461.0,46.0,3.61,Yes,No,No,No,ASHP,,12249.78,,532.0,14.3,3.8,Yes,30/10/2020,Aaron Services,ASHP,,Daikin,EDLQ07CAV3,7.0,R410A,,Water_new,150.0,,1.0,6.0,5.0,1.0,none,none,No,0.0,0.0,0.0,No,No,0.0,0.0,,no,5648.01,1701.71,,3256.87,0.0,0.0,0.0,0.0,0.0,0.0,2.0,,House_End-Terrace_1.0
E.ON,EOH1452,NE7,59.0,Unemployed,Unemployed/Benefits,"0 - 12,500",2020-09-18T00:00:00.000Z,Owner-Occupied,25.0,DE,5.0,06/10/2020,Phoenix,Urban,1991 - 1995,,2.0,0.0,90.0,5.0,4.0,11.0,2.4,Cavity_Insulated,Solid,Pitched,Double,Yes,Gas,Gas Boiler - Combi,Fire - Gas,,,0.0,1.0,0.0,No,No,,,7.095,75.39,17062.0,5594.0,818.0,,,Yes,No,Yes,Yes,ASHP,None Required,16796.53,0.0,1153.0,14.3,3.8,No,,,,,,,,,,,,,,,,,,,,,,,,,,,,,,,,,,,,,,,,,House_Detached_2.0
E.ON,EOH2048,NE3,74.0,Retired,Pensioner,"25,001 - 30,000",2020-09-14T00:00:00.000Z,Owner-Occupied,37.0,DE,4.0,28/09/2020,Phoenix,Urban,1950 - 1966,,2.0,0.0,111.0,6.0,5.0,13.0,2.4,Cavity_Insulated,Suspended,Pitched,Double,Yes,Gas,Gas Boiler - Combi,,,,0.0,0.0,1.0,No,No,1418.0,10119.0,8.209,83.52,8571.0,5731.0,0.0,,,No,No,No,Yes,Hybrid,None Required,10245.84,0.0,995.0,14.3,3.8,No,,,,,,,,,,,,,,,,,,,,,,,,,,,,,,,,,,,,,,,,,House_Mid-Terrace_2.0
E.ON,EOH1689,NE3,76.0,Working Full time (>30hrs),Professional,"50,001+",2020-10-01T00:00:00.000Z,Owner-Occupied,33.0,AB,2.0,20/10/2020,E.ON,Suburban,1983 - 1990,,3.0,2.0,149.0,5.0,4.0,15.0,2.3,Cavity_Insulated,Solid,Pitched,Double,Yes,Gas,Gas Boiler - Combi,,,,0.0,0.0,1.0,Yes - Ground Loop,Yes,,,10.459,70.19,20956.0,4457.0,0.0,,,No,No,No,Yes,Hybrid,None Required,13472.0,0.0,995.0,14.3,3.8,Yes,,,,,,,,,,,,,,,,,,,,,,,,,,,,,,,,,,,,,,,,,House_Detached_2.0
E.ON,EOH1224,NE5,38.0,Working Full time (>30hrs),Professional,"50,001+",2020-09-15T00:00:00.000Z,Owner-Occupied,0.9,AB,3.0,05/10/2020,Phoenix,Suburban,1967 - 1975,,2.0,2.0,120.0,5.0,4.0,12.0,2.3,Cavity_Insulated,Suspended,Pitched,Double,Yes,Gas,Gas Boiler - Combi,,,,0.0,0.0,0.0,No,No,3708.0,18924.0,,,,,,,,No,No,No,No,None - Installation not recommended,,,,,,,,,,,,,,,,,,,,,,,,,,,,,,,,,,,,,,,,,,,,,,,,House_Semi-Detached_2.0
E.ON,EOH0641,NE7,45.0,Working Full time (>30hrs),Manager,"30,001 - 40,000",2020-09-15T00:00:00.000Z,Owner-Occupied,2.0,AB,3.0,29/09/2020,Phoenix,Urban,1991 - 1995,,2.0,3.0,126.0,5.0,4.0,14.0,2.4,Cavity_Insulated,Solid,Pitched,Double,Yes,Gas,Gas Boiler - Combi,,,,0.0,0.0,1.0,No,No,3823.0,15265.0,,,,,,,,No,No,No,No,None - Installation not recommended,,,,,,,,,,,,,,,,,,,,,,,,,,,,,,,,,,,,,,,,,,,,,,,,House_Detached_2.0
E.ON,EOH1237,NE7,25.0,Working Full time (>30hrs),Professional,"50,001+",2020-09-18T00:00:00.000Z,Owner-Occupied,0.9,AB,5.0,13/10/2020,Phoenix,Urban,1930 - 1949,E,2.0,0.0,83.0,4.0,3.0,10.0,2.5,Cavity_Insulated,Solid,Pitched,Double,Yes,Gas,Gas Boiler - Standard,,Water,117,0.0,0.0,1.0,No,No,,,6.56,83.88,13129.0,3820.0,0.0,45.0,3.07,Yes,No,No,Yes,Hybrid,None Required,9875.0,,606.0,14.3,3.8,Yes,09/12/2020,Phoenix,Hybrid,Separate_New Boiler,Daikin,EHY2KOMB28AA,4.0,R32,,,,,1.0,8.0,0.0,0.0,none,none,No,0.0,0.0,0.0,No,No,0.0,0.0,,no,5739.82,,,2500.86,0.0,0.0,0.0,0.0,0.0,0.0,2.0,,House_Semi-Detached_2.0
E.ON,EOH1281,NE5,51.0,Working Full time (>30hrs),Professional,"50,001+",2020-09-16T00:00:00.000Z,Owner-Occupied,23.0,AB,1.0,29/09/2020,Phoenix,Urban,1950 - 1966,,3.0,0.0,76.0,4.0,3.0,10.0,2.3,Cavity_Insulated,Suspended,Pitched,Double,Yes,Gas,Gas - Warm Air,Fire - Gas,Water,90,0.0,1.0,1.0,No,No,,,5.883,77.0,11779.0,4182.0,616.0,45.0,3.57,Yes,No,No,No,ASHP,None Required,12048.76,,680.0,14.3,3.8,Yes,09/12/2020,Aaron Services,ASHP,,Daikin,EDLQ07CAV3,7.0,R410A,,Water_new,180.0,,1.0,10.0,0.0,0.0,none,none,No,0.0,0.0,0.0,Yes,No,0.0,0.0,,no,5648.01,1752.34,,2870.84,0.0,0.0,0.0,0.0,0.0,0.0,2.0,,House_Semi-Detached_2.0
E.ON,EOH1651,NE5,56.0,Retired,Pensioner,"30,001 - 40,000",2020-09-29T00:00:00.000Z,Owner-Occupied,2.0,DE,2.0,08/10/2020,Phoenix,Suburban,1967 - 1975,,2.0,0.0,72.0,3.0,2.0,6.0,2.4,Cavity_Insulated,Suspended,Pitched,Double,Yes,Gas,Gas Boiler - Combi,Fire - Electric,,,0.0,0.0,1.0,No,Yes,,,,,,,,,,Yes,No,Yes,Yes,ASHP,,,,,,,No,,,,,,,,,,,,,,,,,,,,,,,,,,,,,,,,,,,,,,,,,House_Semi-Detached_1.0
E.ON,EOH1433,NE7,65.0,Retired,Pensioner,"30,001 - 40,000",2020-10-13T00:00:00.000Z,Owner-Occupied,20.0,DE,3.0,26/10/2020,Phoenix,Urban,1996 - 2002,C,4.0,0.0,149.0,6.0,4.0,14.0,2.4,Cavity_Insulated,Solid,Pitched,Double,Yes,Gas,Gas Boiler - Combi,,,,0.0,0.0,0.0,No,No,8355.0,18990.0,,,,,,,,No,No,No,No,None - Installation not recommended,,,,,,,,,,,,,,,,,,,,,,,,,,,,,,,,,,,,,,,,,,,,,,,,House_Detached_2.0
E.ON,EOH2524,NE7,62.0,Working Full time (>30hrs),Professional,"50,001+",2020-09-21T00:00:00.000Z,Owner-Occupied,18.0,AB,3.0,16/10/2020,Phoenix,Suburban,1991 - 1995,,3.0,0.0,150.0,5.0,3.0,13.0,2.4,Cavity_Insulated,Solid,Pitched,Double,Yes,Gas,Gas Boiler - Standard,Fire - Gas,Water,210,0.0,1.0,1.0,No,No,,,11.23,57.52,22106.0,3933.0,0.0,50.0,3.85,Yes,No,Yes,Yes,ASHP,None Required,19382.85,,1121.0,12.49,3.2,Yes,30/07/2021,Energist,HT_ASHP,,Vaillant,VWL 105/6 A 230V S2,10.0,R290,,Water_new,250.0,,1.0,15.0,0.0,0.0,none,none,No,0.0,0.0,0.0,No,No,0.0,0.0,,no,6364.0,1752.34,,3795.0,0.0,0.0,0.0,0.0,0.0,0.0,3.0,0.0,House_Detached_2.0
E.ON,EOH1694,NE15,52.0,Working Full time (>30hrs),Professional,"40,001 - 50,000",2020-10-30T00:00:00.000Z,Owner-Occupied,21.0,AB,3.0,11/11/2020,Phoenix,Urban,1996 - 2002,,3.0,1.0,95.0,5.0,3.0,7.0,2.4,Cavity_Insulated,Solid,Pitched,Double,No,Electricity,Electric - Storage,Electric - Warm Air,Water,200,0.0,0.0,0.0,No,No,8200.0,,5.757,60.6,7577.5,4457.0,0.0,55.0,2.96,No,No,No,Yes,Hybrid,None Required,9875.0,,1873.0,14.3,3.8,Yes,03/02/2021,Phoenix,Hybrid,Separate_New Boiler,Daikin,EHY2KOMB28AA,4.0,R32,,,,,1.0,8.0,0.0,0.0,none,none,No,0.0,0.0,0.0,No,No,0.0,0.0,,no,5739.82,,,2500.86,0.0,0.0,0.0,0.0,0.0,0.0,2.0,0.0,House_Semi-Detached_2.0
E.ON,EOH2160,NE7,50.0,Working Full time (>30hrs),Manager,"50,001+",2020-10-13T00:00:00.000Z,Owner-Occupied,22.0,AB,1.0,27/10/2020,Phoenix,Urban,1991 - 1995,,2.0,2.0,96.0,5.0,3.0,12.0,2.4,Cavity_Insulated,Solid,Pitched,Double,Yes,Gas,Gas Boiler - Standard,Fire - Gas,Water,110,0.0,1.0,1.0,No,No,7573.0,12000.0,,,,,,,,No,No,No,No,None - Installation not recommended,,,,,,,,,,,,,,,,,,,,,,,,,,,,,,,,,,,,,,,,,,,,,,,,House_Detached_2.0
E.ON,EOH2248,NE7,74.0,Retired,Pensioner,"50,001+",2020-09-16T00:00:00.000Z,Owner-Occupied,15.0,DE,3.0,02/10/2020,Phoenix,Suburban,1996 - 2002,,2.0,0.0,145.0,7.0,4.0,17.0,2.3,Cavity_Insulated,Solid,Pitched,Double,Yes,Gas,Gas Boiler - Standard,Fire - Gas,Water,110,0.0,1.0,1.0,No,Yes,,,,,,,,,,No,No,No,No,None - Installation not recommended,,,,,,,,,,,,,,,,,,,,,,,,,,,,,,,,,,,,,,,,,,,,,,,,House_Detached_2.0
E.ON,EOH2978,NE15,72.0,Retired,Pensioner,"25,001 - 30,000",2020-09-16T00:00:00.000Z,Owner-Occupied,26.0,DE,5.0,01/10/2020,Phoenix,Urban,1991 - 1995,,1.0,0.0,108.0,5.0,4.0,11.0,2.3,Cavity_Insulated,Solid,Pitched,Double,Yes,Gas,Gas Boiler - Standard,Fire - Gas,Water,110,0.0,1.0,1.0,No,No,1471.0,19775.0,,,,,,,,No,No,No,No,None - Installation not recommended,,,,,,,,,,,,,,,,,,,,,,,,,,,,,,,,,,,,,,,,,,,,,,,,House_Detached_2.0
E.ON,EOH2207,NE7,53.0,Working Full time (>30hrs),Manager,"50,001+",2020-09-16T00:00:00.000Z,Owner-Occupied,0.9,AB,3.0,14/10/2020,Phoenix,Urban,1991 - 1995,D,1.0,0.0,122.0,6.0,4.0,6.0,2.3,Cavity_Insulated,Solid,Pitched,Double,Yes,Gas,Gas Boiler - Standard,Fire - Gas,Water,110,0.0,1.0,1.0,No,No,2900.0,,8.073,75.35,16175.5,4993.0,218.0,,,No,No,Yes,Yes,HT_ASHP,None Required,17621.95,0.0,987.0,14.3,3.8,No,,,,,,,,,,,,,,,,,,,,,,,,,,,,,,,,,,,,,,,,,House_Detached_2.0
E.ON,EOH0472,NE3,55.0,Working Full time (>30hrs),Manager,"50,001+",2020-09-17T00:00:00.000Z,Owner-Occupied,24.0,AB,4.0,03/11/2020,Phoenix,Urban,1983 - 1990,,2.0,0.0,110.0,5.0,4.0,6.0,2.4,Cavity_Insulated,Solid,Pitched,Double,Yes,Gas,Gas Boiler - Standard,Fire - Gas,Water,110,0.0,1.0,1.0,No,No,5711.0,17064.0,8.01,72.81,16040.5,5609.0,834.0,,,No,No,Yes,No,HT_ASHP,None Required,17904.93,0.0,1099.0,14.3,3.8,Yes,,,,,,,,,,,,,,,,,,,,,,,,,,,,,,,,,,,,,,,,,House_Detached_2.0
E.ON,EOH1302,NE15,50.0,Working Full time (>30hrs),Manager,"50,001+",2020-09-17T00:00:00.000Z,Owner-Occupied,25.0,AB,5.0,05/10/2020,Phoenix,Urban,1991 - 1995,,3.0,1.0,110.0,5.0,4.0,11.0,2.4,Cavity_Insulated,Solid,Pitched,Double,No,Electricity,Electric - Storage,,Water,110,0.0,0.0,0.0,No,No,17000.0,,6.342,57.0,15349.0,5225.0,768.0,45.0,3.57,Yes,No,No,No,ASHP,None Required,12972.93,,999.0,14.3,3.8,Yes,02/02/2021,Aaron Services,ASHP,,Daikin,EDLQ07CAV3,7.0,R410A,,Water_new,200.0,,1.0,13.0,0.0,0.0,none,none,No,0.0,0.0,0.0,No,No,0.0,0.0,,no,5648.01,1752.34,,3795.02,0.0,0.0,0.0,0.0,0.0,0.0,2.5,0.0,House_Semi-Detached_2.0
E.ON,EOH1512,NE3,68.0,Working Part time,Professional,"25,001 - 30,000",2020-10-19T00:00:00.000Z,Owner-Occupied,20.0,C1,1.0,11/11/2020,Phoenix,Urban,1983 - 1990,,3.0,0.0,103.0,6.0,4.0,9.0,2.3,Solid_No_insulation,Suspended,Pitched,Double,Yes,Gas,Gas Boiler - Combi,Fire - Gas,,,0.0,1.0,1.0,No,No,,,7.371,71.56,14768.0,4457.0,0.0,55.0,2.96,No,No,No,Yes,Hybrid,None Required,10603.21,,736.0,14.3,3.8,Yes,05/03/2021,Phoenix,Hybrid,Separate_New Boiler,Daikin,EHY2KOMB32AA,4.0,R32,,,,,1.0,11.0,0.0,0.0,none,none,No,0.0,0.0,0.0,No,No,0.0,0.0,,no,5912.2,,,3055.83,0.0,0.0,0.0,0.0,0.0,0.0,3.0,0.0,House_Detached_2.0
E.ON,EOH2316,NE3,35.0,Working Full time (>30hrs),Professional,"50,001+",2020-09-22T00:00:00.000Z,Owner-Occupied,7.0,AB,3.0,12/10/2020,Phoenix,Suburban,1996 - 2002,C,2.0,1.0,92.0,4.0,3.0,9.0,2.4,Cavity_Insulated,Solid,Pitched,Double,Yes,Gas,Gas Boiler - Standard,,Water,120,0.0,0.0,0.0,No,No,,,,,,,,,,No,No,No,No,None - Installation not recommended,,,,,,,,,,,,,,,,,,,,,,,,,,,,,,,,,,,,,,,,,,,,,,,,House_Detached_2.0
E.ON,EOH1672,NE3,36.0,Working Full time (>30hrs),Professional,"50,001+",2020-09-21T00:00:00.000Z,Owner-Occupied,5.0,AB,3.0,25/09/2020,E.ON,Suburban,1950 - 1966,D,2.0,1.0,118.0,7.0,3.0,7.0,2.4,Cavity_Insulated,Suspended,Pitched,Double,Yes,Gas,Gas Boiler - Combi,Fire - Wood,,,0.0,0.0,1.0,Yes - Ground Loop,Yes,3086.1,1685.9,,,,,,,,No,No,No,No,None - Installation not recommended,,,,,,,,,,,,,,,,,,,,,,,,,,,,,,,,,,,,,,,,,,,,,,,,House_Semi-Detached_2.0
E.ON,EOH2678,NE3,,Prefer not to say,Prefer not to say,Prefer not to say,2020-09-24T00:00:00.000Z,Rented (Social),0.9,DE,1.0,11/01/2021,E.ON,Suburban,1967 - 1975,,1.0,0.0,37.6,2.0,1.0,5.0,2.3,Solid_Insulated,Solid,Pitched,Double,No,Electricity,Electric - Storage,,Water,80,0.0,0.0,0.0,Yes - Borehole,Yes,,,2.463,65.5,6056.0,1910.0,191.0,,,No,Yes,No,No,GSHP,None Required,,14707.5,351.09,14.3,,Yes,08/10/2021,Groundheat,GSHP,Shared_Groundloop,Vaillant,20260514,3.0,R410A,900.0,Water_new,100.0,,1.0,6.0,0.0,0.0,none,none,No,0.0,0.0,0.0,No,No,0.0,0.0,,no,11605.06,1702.0,,2130.01,0.0,0.0,0.0,0.0,0.0,0.0,84.0,0.0,Flat_Flat_1.0
E.ON,EOH1543,NE3,,Prefer not to say,Prefer not to say,Prefer not to say,2020-09-24T00:00:00.000Z,Rented (Social),0.9,DE,1.0,11/01/2021,E.ON,Suburban,1967 - 1975,,1.0,0.0,37.6,2.0,1.0,5.0,2.3,Solid_Insulated,Solid,Pitched,Double,No,Electricity,Electric - Storage,,Water,80,0.0,0.0,0.0,Yes - Borehole,Yes,,,2.463,65.5,6056.0,1910.0,191.0,,,No,Yes,No,No,GSHP,None Required,,14707.5,351.09,14.3,,Yes,08/10/2021,Groundheat,GSHP,Shared_Groundloop,Vaillant,20260514,3.0,R410A,900.0,Water_new,100.0,,1.0,5.0,0.0,1.0,none,none,No,0.0,0.0,0.0,No,No,0.0,0.0,,no,11605.06,1702.0,,2701.78,0.0,0.0,0.0,0.0,0.0,0.0,84.0,0.0,Flat_Flat_1.0
E.ON,EOH2862,NE3,72.0,Retired,Pensioner,Prefer not to say,2020-09-24T00:00:00.000Z,Owner-Occupied,3.0,DE,2.0,30/11/2020,Phoenix,Urban,1930 - 1949,C,1.0,0.0,92.0,5.0,3.0,6.0,2.4,Cavity_Insulated,Solid,Pitched,Double,Yes,Gas,Gas Boiler - Combi,,,,0.0,0.0,0.0,No,No,1730.0,,6.175,82.83,12377.4,3311.0,0.0,55.0,2.96,No,No,No,Yes,Hybrid,None Required,10245.07,,608.0,14.3,3.8,Yes,05/03/2021,Phoenix,Hybrid,Separate_New Boiler,Daikin,EHY2KOMB28AA,4.0,R32,,,,,1.0,8.0,0.0,0.0,none,none,No,0.0,0.0,0.0,No,No,0.0,0.0,,no,5739.82,,,2870.07,0.0,0.0,0.0,0.0,0.0,0.0,3.0,0.0,House_Semi-Detached_2.0
E.ON,EOH1076,NE5,76.0,Working Full time (>30hrs),Professional,"25,001 - 30,000",2020-09-25T00:00:00.000Z,Owner-Occupied,1.0,C1,2.0,07/10/2020,Phoenix,Unknown,1976 - 1982,,1.0,0.0,74.4,5.0,3.0,8.0,2.3,Cavity_Insulated,Solid,Pitched,Double,Yes,Gas,Gas Boiler - Combi,,,,0.0,1.0,1.0,No,No,1753.0,5352.0,,,,,,,,No,No,No,No,None - Installation not recommended,,,,,,,,,,,,,,,,,,,,,,,,,,,,,,,,,,,,,,,,,,,,,,,,House_Semi-Detached_2.0
E.ON,EOH0736,NE5,41.0,Working Full time (>30hrs),Professional,"50,001+",2020-10-03T00:00:00.000Z,Owner-Occupied,4.0,AB,5.0,08/10/2020,Phoenix,Suburban,1967 - 1975,,2.0,2.0,80.0,4.0,3.0,7.0,2.4,Cavity_Insulated,Suspended,Pitched,Double,Yes,Gas,Gas Boiler - Combi,Fire - Wood,Water,110,0.0,0.0,0.0,No,No,,,,,,,,,,No,No,No,No,None - Installation not recommended,,,,,,,,,,,,,,,,,,,,,,,,,,,,,,,,,,,,,,,,,,,,,,,,House_Semi-Detached_1.0
E.ON,EOH0028,NE7,42.0,Working Full time (>30hrs),Professional,"50,001+",2020-10-02T00:00:00.000Z,Owner-Occupied,10.0,AB,4.0,09/10/2020,Phoenix,Urban,1930 - 1949,,2.0,2.0,142.0,5.0,3.0,11.0,2.4,Cavity_Insulated,Suspended,Pitched,Double,Yes,Gas,Gas Boiler - Combi,,,,0.0,0.0,0.0,No,No,,,,,,,,,,No,No,No,No,None - Installation not recommended,,,,,,,,,,,,,,,,,,,,,,,,,,,,,,,,,,,,,,,,,,,,,,,,House_Semi-Detached_2.0
E.ON,EOH2232,NE7,60.0,Working Full time (>30hrs),Skilled Manual Worker,"40,001 - 50,000",2021-02-25T00:00:00.000Z,Owner-Occupied,21.0,C2,2.0,17/05/2021,Energist,Suburban,2012 onwards,D,2.0,0.0,109.0,8.0,4.0,14.0,2.4,Cavity_Insulated,Solid,Pitched,Double,Yes,Gas,Gas Boiler - Combi,Fire - Electric,,,0.0,0.0,0.0,No,No,,,5.496,50.42,14602.0,3496.0,0.0,45.0,3.91,Yes,No,Yes,Yes,ASHP,None Required,14612.88,,642.0,12.45,3.0,Yes,22/06/2021,Energist,HT_ASHP,,Vaillant,VWL 75/6 A 230V S2,7.0,R290,,Water_new,200.0,,1.0,15.0,0.0,0.0,none,none,No,0.0,0.0,0.0,No,No,0.0,0.0,,no,5889.0,1752.0,,3795.79,0.0,0.0,0.0,0.0,0.0,0.0,5.0,0.0,House_Detached_2.0
E.ON,EOH2386,NE3,59.0,Working Full time (>30hrs),Clerical,Prefer not to say,2020-09-30T00:00:00.000Z,Owner-Occupied,33.0,C1,3.0,09/10/2020,Phoenix,Suburban,1950 - 1966,,3.0,0.0,72.0,4.0,3.0,10.0,2.4,Cavity_Insulated,Solid,Pitched,Double,Yes,Gas,Gas - Warm Air,,Water,110,0.0,0.0,1.0,No,No,,,5.73,80.11,13876.2,4002.0,181.0,45.0,3.57,Yes,No,No,Yes,ASHP,,13359.74,,816.0,14.3,3.8,Yes,28/10/2020,Aaron Services,ASHP,,Daikin,EDLQ07CAV3,7.0,R410A,,Water_new,180.0,,1.0,11.0,11.0,0.0,none,enclosure,No,0.0,0.0,0.0,No,No,0.0,0.0,,no,5648.01,1752.34,,3425.04,0.0,0.0,0.0,0.0,0.0,0.0,3.0,,House_Semi-Detached_2.0
E.ON,EOH1998,NE7,75.0,Retired,Pensioner,Prefer not to say,2020-10-03T00:00:00.000Z,Owner-Occupied,30.0,DE,5.0,15/10/2020,Phoenix,Suburban,1991 - 1995,,2.0,0.0,110.0,6.0,5.0,14.0,2.4,Cavity_Insulated,Suspended,Pitched,Double,Yes,Gas,Gas Boiler - Combi,Fire - Gas,,,0.0,1.0,1.0,No,No,2296.0,20146.0,,,,,,,,No,No,No,No,None - Installation not recommended,,,,,,,,,,,,,,,,,,,,,,,,,,,,,,,,,,,,,,,,,,,,,,,,House_Detached_2.0
E.ON,EOH2657,NE5,32.0,Working Full time (>30hrs),Manager,"16,201 - 20,000",2020-09-30T00:00:00.000Z,Owner-Occupied,2.0,C1,1.0,19/10/2020,Phoenix,Urban,1983 - 1990,D,1.0,0.0,39.0,2.0,1.0,6.0,2.4,Cavity_Insulated,Solid,Pitched,Double,No,Electricity,Electric - Storage,,Water,110,0.0,0.0,0.0,No,No,,,3.289,102.78,6163.8,2253.0,181.0,,,Yes,No,Yes,Yes,ASHP,None Required,10760.4,0.0,302.0,14.3,3.8,No,,,,,,,,,,,,,,,,,,,,,,,,,,,,,,,,,,,,,,,,,House_Semi-Detached_2.0
E.ON,EOH1411,NE13,69.0,Retired,Retired,Prefer not to say,2020-08-12T00:00:00.000Z,Owner-Occupied,5.0,DE,2.0,14/05/2021,Energist,Suburban,2012 onwards,C,2.0,0.0,126.0,7.0,4.0,11.0,2.4,Cavity_Insulated,Solid,Pitched,Double,Yes,Gas,Gas Boiler - Combi,,,,0.0,0.0,0.0,No,No,,,3.659,29.04,9228.0,3496.0,0.0,45.0,3.77,Yes,No,Yes,Yes,ASHP,None Required,13607.66,,588.0,12.59,3.4,Yes,02/07/2021,Energist,HT_ASHP,,Vaillant,VWL 55/6 A 230V S2,5.0,R290,,Water_new,200.0,,1.0,11.0,0.0,0.0,none,none,No,0.0,0.0,0.0,No,No,0.0,0.0,,no,5335.0,1752.0,,3055.83,0.0,0.0,0.0,0.0,0.0,0.0,5.0,0.0,House_Detached_2.0
E.ON,EOH1046,NE15,,Retired,Pensioner,"12,501 - 16,200",2020-10-03T00:00:00.000Z,Owner-Occupied,16.0,DE,1.0,19/10/2020,E.ON,Suburban,1976 - 1982,,1.0,0.0,45.0,3.0,2.0,6.0,2.3,Cavity_Insulated,Suspended,Pitched,Double,Yes,Gas,Gas Boiler - Combi,,,,0.0,0.0,1.0,Yes - Ground Loop,Yes,,,3.729,82.74,9038.0,2674.0,0.0,45.0,3.07,No,No,No,Yes,Hybrid,None Required,10816.86,,458.0,14.3,3.8,Yes,07/01/2021,Phoenix,Hybrid,Separate_New Boiler,Daikin,EHY2KOMB28AA,4.0,R32,,,,,1.0,9.0,1.0,1.0,none,none,No,0.0,0.0,0.0,No,No,0.0,0.0,,no,5739.82,,,3441.86,0.0,0.0,0.0,0.0,0.0,0.0,2.5,,House_Detached_1.0
E.ON,EOH1946,NE5,58.0,Working Full time (>30hrs),Professional,"40,001 - 50,000",2020-10-09T00:00:00.000Z,Owner-Occupied,12.0,AB,5.0,03/11/2020,Phoenix,Urban,1967 - 1975,,2.0,0.0,125.0,6.0,4.0,9.0,2.4,Cavity_Insulated,Suspended,Pitched,Double,Yes,Gas,Gas Boiler - Combi,,,,0.0,0.0,0.0,No,No,,,10.308,87.51,24985.0,5609.0,834.0,,,No,No,Yes,Yes,HT_ASHP,None Required,17436.96,0.0,1477.0,14.3,3.8,No,,,,,,,,,,,,,,,,,,,,,,,,,,,,,,,,,,,,,,,,,House_Detached_2.0
E.ON,EOH0387,NE5,28.0,Working Full time (>30hrs),Skilled Manual Worker,"30,001 - 40,000",2020-10-08T00:00:00.000Z,Owner-Occupied,4.0,C2,5.0,20/10/2020,Phoenix,Urban,1976 - 1982,C,2.0,2.0,80.0,4.0,3.0,7.0,2.4,Cavity_Insulated,Suspended,Pitched,Double,Yes,Gas,Gas Boiler - Combi,,,,0.0,0.0,0.0,No,No,,,,,,,,,,No,No,No,No,None - Installation not recommended,,,,,,,,,,,,,,,,,,,,,,,,,,,,,,,,,,,,,,,,,,,,,,,,House_Semi-Detached_2.0
E.ON,EOH0004,NE13,66.0,Retired,Pensioner,"30,001 - 40,000",2020-10-07T00:00:00.000Z,Owner-Occupied,12.0,DE,5.0,29/10/2020,Phoenix,Urban,2007 - 2011,,2.0,0.0,208.0,4.0,3.0,4.0,3.0,Solid_Insulated,Solid,Pitched,Double,Yes,Gas,Gas Boiler - Standard,Unknown,Water,Unknown,6.0,0.0,1.0,No,No,,,,,,,,,,Yes,No,Yes,Yes,None - Installation not recommended,,,,,,,,,,,,,,,,,,,,,,,,,,,,,,,,,,,,,,,,,,,,,,,,House_Detached_1.0
E.ON,EOH1747,NE3,,Prefer not to say,Prefer not to say,Prefer not to say,2020-09-24T00:00:00.000Z,Rented (Social),0.9,DE,1.0,11/01/2021,E.ON,Suburban,1967 - 1975,,1.0,0.0,37.6,2.0,1.0,5.0,2.3,Solid_Insulated,Solid,Pitched,Double,No,Electricity,Electric - Storage,,Water,80,0.0,0.0,0.0,Yes - Borehole,Yes,,,2.463,65.5,6056.0,1910.0,191.0,,,No,Yes,No,No,GSHP,None Required,,14707.5,351.09,14.3,,Yes,08/10/2021,Groundheat,GSHP,Shared_Groundloop,Vaillant,20260514,3.0,R410A,900.0,Water_new,100.0,,1.0,6.0,0.0,0.0,none,none,No,0.0,0.0,0.0,No,No,0.0,0.0,,no,11605.06,1702.0,,2130.0,0.0,0.0,0.0,0.0,0.0,0.0,84.0,0.0,Flat_Flat_1.0
E.ON,EOH2810,NE3,,Prefer not to say,Prefer not to say,Prefer not to say,2020-09-24T00:00:00.000Z,Rented (Social),0.9,DE,1.0,11/01/2021,E.ON,Suburban,1967 - 1975,,1.0,0.0,37.6,2.0,1.0,5.0,2.3,Solid_Insulated,Solid,Pitched,Double,No,Electricity,Electric - Storage,,Water,80,0.0,0.0,0.0,Yes - Borehole,Yes,,,2.463,65.5,6056.0,1910.0,191.0,,,No,Yes,No,No,GSHP,None Required,,14707.5,351.09,14.3,,Yes,08/10/2021,Groundheat,GSHP,Shared_Groundloop,Vaillant,20260514,3.0,R410A,900.0,Water_new,100.0,,1.0,5.0,0.0,1.0,none,none,No,0.0,0.0,0.0,No,No,0.0,0.0,,no,11605.06,1702.0,,2701.78,0.0,0.0,0.0,0.0,0.0,0.0,84.0,0.0,Flat_Flat_1.0
E.ON,EOH1585,NE3,,Prefer not to say,Prefer not to say,Prefer not to say,2020-09-24T00:00:00.000Z,Rented (Social),0.9,DE,1.0,11/01/2021,E.ON,Suburban,1967 - 1975,,1.0,0.0,37.6,2.0,1.0,5.0,2.3,Solid_Insulated,Solid,Pitched,Double,No,Electricity,Electric - Storage,,Water,80,0.0,0.0,0.0,Yes - Borehole,Yes,,,2.463,65.5,6056.0,1910.0,191.0,,,No,Yes,No,No,GSHP,None Required,,14707.5,351.09,14.3,,Yes,22/10/2021,Groundheat,GSHP,Shared_Groundloop,Vaillant,20260514,3.0,R410A,900.0,Water_new,100.0,,1.0,6.0,0.0,0.0,none,none,No,0.0,0.0,0.0,No,No,0.0,0.0,,no,11605.06,1702.0,,2130.0,0.0,0.0,0.0,0.0,0.0,0.0,84.0,0.0,Flat_Flat_1.0
E.ON,EOH0447,NE3,,Prefer not to say,Prefer not to say,Prefer not to say,2020-09-24T00:00:00.000Z,Rented (Social),0.9,DE,1.0,11/01/2021,E.ON,Suburban,1967 - 1975,,1.0,0.0,37.6,2.0,1.0,5.0,2.3,Solid_Insulated,Solid,Pitched,Double,No,Electricity,Electric - Storage,,Water,80,0.0,0.0,0.0,Yes - Borehole,Yes,,,2.463,65.5,6056.0,1910.0,191.0,,,No,Yes,No,No,GSHP,None Required,,14707.5,351.09,14.3,,Yes,22/10/2021,Groundheat,GSHP,Shared_Groundloop,Vaillant,20260514,3.0,R410A,900.0,Water_new,100.0,,1.0,5.0,0.0,1.0,none,none,No,0.0,0.0,0.0,No,No,0.0,0.0,,no,11605.06,1702.0,,2701.78,0.0,0.0,0.0,0.0,0.0,0.0,84.0,0.0,Flat_Flat_1.0
E.ON,EOH2703,NE3,,Prefer not to say,Prefer not to say,Prefer not to say,2020-09-24T00:00:00.000Z,Rented (Social),0.9,DE,1.0,11/01/2021,E.ON,Suburban,1967 - 1975,,1.0,0.0,37.6,2.0,1.0,5.0,2.3,Solid_Insulated,Solid,Pitched,Double,No,Electricity,Electric - Storage,,Water,80,0.0,0.0,0.0,Yes - Borehole,Yes,,,2.463,65.5,6056.0,1910.0,191.0,,,No,Yes,No,No,GSHP,None Required,,14707.5,351.09,14.3,,Yes,22/10/2021,Groundheat,GSHP,Shared_Groundloop,Vaillant,20260514,3.0,R410A,900.0,Water_new,100.0,,1.0,6.0,0.0,0.0,none,none,No,0.0,0.0,0.0,No,No,0.0,0.0,,no,11605.06,1702.0,,2130.0,0.0,0.0,0.0,0.0,0.0,0.0,84.0,0.0,Flat_Flat_1.0
E.ON,EOH2372,NE3,,Prefer not to say,Prefer not to say,Prefer not to say,2020-09-24T00:00:00.000Z,Rented (Social),0.9,DE,1.0,11/01/2021,E.ON,Suburban,1967 - 1975,,1.0,0.0,37.6,2.0,1.0,5.0,2.3,Solid_Insulated,Solid,Pitched,Double,No,Electricity,Electric - Storage,,Water,80,0.0,0.0,0.0,Yes - Borehole,Yes,,,2.463,65.5,6056.0,1910.0,191.0,,,No,Yes,No,No,GSHP,None Required,,14707.5,351.09,14.3,,Yes,22/10/2021,Groundheat,GSHP,Shared_Groundloop,Vaillant,20260514,3.0,R410A,900.0,Water_new,100.0,,1.0,5.0,0.0,1.0,none,none,No,0.0,0.0,0.0,No,No,0.0,0.0,,no,11605.06,1702.0,,2701.78,0.0,0.0,0.0,0.0,0.0,0.0,84.0,0.0,Flat_Flat_1.0
E.ON,EOH2969,NE3,,Prefer not to say,Prefer not to say,Prefer not to say,2020-09-24T00:00:00.000Z,Rented (Social),0.9,DE,1.0,11/01/2021,E.ON,Suburban,1967 - 1975,,1.0,0.0,37.6,2.0,1.0,5.0,2.3,Solid_Insulated,Solid,Pitched,Double,No,Electricity,Electric - Storage,,Water,80,0.0,0.0,0.0,Yes - Borehole,Yes,,,2.463,65.5,6056.0,1910.0,191.0,,,No,Yes,No,No,GSHP,None Required,,14707.5,351.09,14.3,,Yes,22/10/2021,Groundheat,GSHP,Shared_Groundloop,Vaillant,20260514,3.0,R410A,900.0,Water_new,100.0,,1.0,6.0,0.0,0.0,none,none,No,0.0,0.0,0.0,No,No,0.0,0.0,,no,11605.06,1702.0,,2130.0,0.0,0.0,0.0,0.0,0.0,0.0,84.0,0.0,Flat_Flat_1.0
E.ON,EOH0443,NE3,,Prefer not to say,Prefer not to say,Prefer not to say,2020-09-24T00:00:00.000Z,Rented (Social),0.9,DE,1.0,11/01/2021,E.ON,Suburban,1967 - 1975,,1.0,0.0,37.6,2.0,1.0,5.0,2.3,Solid_Insulated,Solid,Pitched,Double,No,Electricity,Electric - Storage,,Water,80,0.0,0.0,0.0,Yes - Borehole,Yes,,,2.463,65.5,6056.0,1910.0,191.0,,,No,Yes,No,No,GSHP,None Required,,14707.5,351.09,14.3,,Yes,22/10/2021,Groundheat,GSHP,Shared_Groundloop,Vaillant,20260514,3.0,R410A,900.0,Water_new,100.0,,1.0,5.0,0.0,1.0,none,none,No,0.0,0.0,0.0,No,No,0.0,0.0,,no,11605.06,1702.0,,2701.78,0.0,0.0,0.0,0.0,0.0,0.0,84.0,0.0,Flat_Flat_1.0
E.ON,EOH1816,NE3,,Prefer not to say,Prefer not to say,Prefer not to say,2020-09-24T00:00:00.000Z,Rented (Social),0.9,DE,1.0,11/01/2021,E.ON,Suburban,1967 - 1975,,1.0,0.0,37.6,2.0,1.0,5.0,2.3,Solid_Insulated,Solid,Pitched,Double,No,Electricity,Electric - Storage,,Water,80,0.0,0.0,0.0,Yes - Borehole,Yes,,,2.463,65.5,6056.0,1910.0,191.0,,,No,Yes,No,No,GSHP,None Required,,14707.5,351.09,14.3,,Yes,22/10/2021,Groundheat,GSHP,Shared_Groundloop,Vaillant,20260514,3.0,R410A,900.0,Water_new,100.0,,1.0,6.0,0.0,0.0,none,none,No,0.0,0.0,0.0,No,No,0.0,0.0,,no,11605.06,1702.0,,2130.0,0.0,0.0,0.0,0.0,0.0,0.0,84.0,0.0,Flat_Flat_1.0
E.ON,EOH1221,NE3,,Prefer not to say,Prefer not to say,Prefer not to say,2020-09-24T00:00:00.000Z,Rented (Social),0.9,DE,1.0,11/01/2021,E.ON,Suburban,1967 - 1975,,1.0,0.0,37.6,2.0,1.0,5.0,2.3,Solid_Insulated,Solid,Pitched,Double,No,Electricity,Electric - Storage,,Water,80,0.0,0.0,0.0,Yes - Borehole,Yes,,,2.463,65.5,6056.0,1910.0,191.0,,,No,Yes,No,No,GSHP,None Required,,14707.5,351.09,14.3,,Yes,22/10/2021,Groundheat,GSHP,Shared_Groundloop,Vaillant,20260514,3.0,R410A,900.0,Water_new,100.0,,1.0,5.0,0.0,1.0,none,none,No,0.0,0.0,0.0,No,No,0.0,0.0,,no,11605.06,1702.0,,2701.78,0.0,0.0,0.0,0.0,0.0,0.0,84.0,0.0,Flat_Flat_1.0
E.ON,EOH2934,NE3,,Prefer not to say,Prefer not to say,Prefer not to say,2020-09-24T00:00:00.000Z,Rented (Social),0.9,DE,1.0,11/01/2021,E.ON,Suburban,1967 - 1975,,1.0,0.0,48.4,2.0,1.0,5.0,2.3,Solid_Insulated,Solid,Pitched,Double,No,Electricity,Electric - Storage,,Water,80,0.0,0.0,0.0,Yes - Borehole,Yes,,,2.696,55.7,6710.0,1910.0,191.0,,,No,Yes,No,No,GSHP,None Required,,14707.5,330.12,14.3,,Yes,30/10/2021,Groundheat,GSHP,Shared_Groundloop,Vaillant,20260514,3.0,R410A,900.0,Water_new,100.0,,1.0,6.0,0.0,0.0,none,none,No,0.0,0.0,0.0,No,No,0.0,0.0,,no,11605.06,1702.0,,2130.0,0.0,0.0,0.0,0.0,0.0,0.0,84.0,0.0,Flat_Flat_1.0
E.ON,EOH2116,NE3,,Prefer not to say,Prefer not to say,Prefer not to say,2020-09-24T00:00:00.000Z,Rented (Social),0.9,DE,1.0,11/01/2021,E.ON,Suburban,1967 - 1975,,1.0,0.0,37.6,2.0,1.0,5.0,2.3,Solid_Insulated,Solid,Pitched,Double,No,Electricity,Electric - Storage,,Water,80,0.0,0.0,0.0,Yes - Borehole,Yes,,,2.463,65.5,6056.0,1910.0,191.0,,,No,Yes,No,No,GSHP,None Required,,14707.5,351.09,14.3,,Yes,30/10/2021,Groundheat,GSHP,Shared_Groundloop,Vaillant,20260514,3.0,R410A,900.0,Water_new,100.0,,1.0,5.0,0.0,1.0,none,none,No,0.0,0.0,0.0,No,No,0.0,0.0,,no,11605.06,1702.0,,2701.78,0.0,0.0,0.0,0.0,0.0,0.0,84.0,0.0,Flat_Flat_1.0
E.ON,EOH1760,NE3,,Prefer not to say,Prefer not to say,Prefer not to say,2020-09-24T00:00:00.000Z,Rented (Social),,DE,1.0,11/01/2021,E.ON,Suburban,1967 - 1975,,1.0,0.0,37.6,2.0,1.0,5.0,2.3,Solid_Insulated,Solid,Pitched,Double,No,Electricity,Electric - Storage,,Water,80,0.0,0.0,0.0,Yes - Borehole,Yes,,,2.463,65.5,6056.0,1910.0,191.0,,,No,Yes,No,No,GSHP,None Required,,14707.5,351.09,14.3,,Yes,26/11/2021,Groundheat,GSHP,Shared_Groundloop,Vaillant,20260514,3.0,R410A,900.0,Water_new,100.0,,1.0,6.0,0.0,0.0,none,none,No,0.0,0.0,0.0,No,No,0.0,0.0,,no,11605.06,1702.0,,2130.0,0.0,0.0,0.0,0.0,0.0,0.0,84.0,0.0,Flat_Flat_1.0
E.ON,EOH0451,NE3,,Prefer not to say,Prefer not to say,Prefer not to say,2020-09-24T00:00:00.000Z,Rented (Social),,DE,1.0,11/01/2021,E.ON,Suburban,1967 - 1975,,1.0,0.0,37.6,2.0,1.0,5.0,2.3,Solid_Insulated,Solid,Pitched,Double,No,Electricity,Electric - Storage,,Water,80,0.0,0.0,0.0,Yes - Borehole,Yes,,,2.463,65.5,6056.0,1910.0,191.0,,,No,Yes,No,No,GSHP,None Required,,14707.5,351.09,14.3,,Yes,26/11/2021,Groundheat,GSHP,Shared_Groundloop,Vaillant,20260514,3.0,R410A,900.0,Water_new,100.0,,1.0,5.0,0.0,1.0,none,none,No,0.0,0.0,0.0,No,No,0.0,0.0,,no,11605.06,1702.0,,2701.78,0.0,0.0,0.0,0.0,0.0,0.0,84.0,0.0,Flat_Flat_1.0
E.ON,EOH1219,NE15,36.0,Working Full time (>30hrs),Manager,"50,001+",2020-10-12T00:00:00.000Z,Owner-Occupied,4.0,AB,3.0,23/10/2020,Phoenix,Urban,1976 - 1982,D,2.0,2.0,78.0,4.0,3.0,10.0,2.4,Cavity_Insulated,Suspended,Pitched,Double,Yes,Gas,Gas Boiler - Combi,,,,0.0,0.0,1.0,No,No,,,7.608,96.0,8127.2,3820.0,0.0,,,No,No,No,Yes,Hybrid,None Required,10060.85,0.0,860.0,14.3,3.8,No,,,,,,,,,,,,,,,,,,,,,,,,,,,,,,,,,,,,,,,,,House_Semi-Detached_2.0
E.ON,EOH2103,NE15,74.0,Retired,Pensioner,Prefer not to say,2020-10-12T00:00:00.000Z,Owner-Occupied,40.0,DE,1.0,09/11/2020,Phoenix,Urban,1983 - 1990,D,2.0,0.0,82.0,4.0,3.0,7.0,2.4,Cavity_Insulated,Suspended,Pitched,Double,Yes,Gas,Gas - Warm Air,Electric - Warm Air,Water,110,0.0,0.0,0.0,No,No,3213.0,8568.0,,,,,,,,No,No,No,No,None - Installation not recommended,,,,,,,,,,,,,,,,,,,,,,,,,,,,,,,,,,,,,,,,,,,,,,,,House_Semi-Detached_2.0
E.ON,EOH0018,NE15,85.0,Retired,Pensioner,"25,001 - 30,000",2020-10-12T00:00:00.000Z,Owner-Occupied,30.0,DE,4.0,09/11/2020,Phoenix,Suburban,1983 - 1990,,2.0,0.0,100.0,5.0,3.0,6.0,2.3,Cavity_Insulated,Suspended,Pitched,Double,Yes,Gas,Gas Boiler - Combi,,,,0.0,0.0,0.0,No,No,2492.0,7797.0,5.386,53.86,13051.0,3566.0,0.0,55.0,2.96,Yes,No,Yes,Yes with additional measures,Hybrid,Loft Insulation,9875.86,200.0,654.0,14.3,3.8,Yes,19/12/2020,Phoenix,Hybrid,Separate_New Boiler,Daikin,EHY2KOMB28AA,4.0,R32,,,,,1.0,8.0,0.0,0.0,none,none,No,0.0,0.0,0.0,No,Yes,0.0,0.0,,no,5739.82,,,2500.86,0.0,500.0,0.0,0.0,0.0,0.0,2.0,0.5,House_Detached_1.0
E.ON,EOH2562,NE13,,Retired,Pensioner,Prefer not to say,2020-10-13T00:00:00.000Z,Owner-Occupied,21.0,DE,4.0,22/10/2020,E.ON,Urban,1900 - 1929,,4.0,0.0,125.0,6.0,4.0,10.0,2.4,Cavity_No_insulation,Suspended,Pitched,Double,Yes,Gas,Gas Boiler - Standard,Fire - Gas,Water,180,0.0,1.0,0.0,Yes - Ground Loop,Yes,,,,,,,,,,No,No,No,No,None - Installation not recommended,,,,,,,,,,,,,,,,,,,,,,,,,,,,,,,,,,,,,,,,,,,,,,,,House_Detached_2.0
E.ON,EOH2300,NE15,66.0,Retired,Pensioner,"50,001+",2020-10-13T00:00:00.000Z,Owner-Occupied,3.0,DE,5.0,26/10/2020,Phoenix,Urban,1983 - 1990,D,2.0,0.0,72.0,3.0,2.0,7.0,2.4,Cavity_Insulated,Suspended,Pitched,Double,Yes,Gas,Gas Boiler - Combi,,,,0.0,0.0,1.0,No,No,1854.0,14342.0,,,,,,,,Yes with additional measures,No,Yes with additional measures,Yes with additional measures,None - Installation not recommended,,,,,,,,,,,,,,,,,,,,,,,,,,,,,,,,,,,,,,,,,,,,,,,,House_Detached_1.0
E.ON,EOH0257,NE15,62.0,Retired,Pensioner,"16,201 - 20,000",2020-10-14T00:00:00.000Z,Owner-Occupied,22.0,DE,2.0,03/11/2020,Phoenix,Unknown,1976 - 1982,,2.0,0.0,68.0,4.0,3.0,4.0,2.38,Cavity_Insulated,Suspended,Pitched,Double,Yes,Gas,Gas Boiler - Combi,Unknown,,,0.0,0.0,1.0,No,No,3000.0,8500.0,6.34,91.86,14063.0,2692.0,145.0,45.0,3.57,Yes,No,Yes,Yes,ASHP,None Required,11678.78,,696.0,14.3,3.8,Yes,19/03/2021,Aaron Services,ASHP,,Daikin,EDLQ07CAV3,7.0,R410A,,Water_new,200.0,,1.0,8.0,0.0,0.0,none,none,No,0.0,0.0,0.0,No,No,0.0,0.0,,no,5648.01,1752.34,,2500.86,0.0,0.0,0.0,0.0,0.0,0.0,4.0,0.0,House_Detached_2.0
E.ON,EOH2927,NE15,80.0,Working Part time,Professional,"20,001 - 25,000",2020-10-14T00:00:00.000Z,Owner-Occupied,22.0,C1,3.0,27/10/2020,Phoenix,Suburban,1983 - 1990,C,2.0,0.0,70.0,4.0,2.0,10.0,2.1,Cavity_Insulated,Suspended,Pitched,Double,Yes,Gas,Gas Boiler - Standard,Fire - Wood,Water,110,0.0,0.0,1.0,No,No,1900.0,14900.0,6.516,82.7,15748.0,3372.0,506.0,,,Yes,No,Yes,Yes,ASHP,None Required,12417.96,0.0,918.0,14.3,3.8,No,,,,,,,,,,,,,,,,,,,,,,,,,,,,,,,,,,,,,,,,,House_Detached_1.0
E.ON,EOH2950,NE15,47.0,Working Full time (>30hrs),Professional,"40,001 - 50,000",2020-10-14T00:00:00.000Z,Owner-Occupied,4.0,AB,3.0,02/11/2020,Phoenix,Urban,1967 - 1975,D,2.0,2.0,108.0,5.0,4.0,8.0,2.4,Cavity_Insulated,Suspended,Pitched,Double,Yes,Gas,Gas Boiler - Combi,,,,0.0,0.0,0.0,No,No,2613.0,16108.0,,,,,,,,Yes with additional measures,No,Yes with additional measures,Yes with additional measures,None - Installation not recommended,,,,,,,,,,,,,,,,,,,,,,,,,,,,,,,,,,,,,,,,,,,,,,,,House_Detached_2.0
E.ON,EOH0112,NE15,37.0,Working Full time (>30hrs),Manager,"16,201 - 20,000",2020-11-03T00:00:00.000Z,Owner-Occupied,4.0,C1,3.0,04/12/2020,Phoenix,Urban,1950 - 1966,,2.0,1.0,85.0,5.0,3.0,7.0,2.4,Cavity_Insulated,Suspended,Pitched,Double,Yes,Gas,Gas Boiler - Combi,,,,0.0,0.0,1.0,No,No,3200.0,12400.0,,,,,,,,No,No,No,No,None - Installation not recommended,,,,,,,,,,,,,,,,,,,,,,,,,,,,,,,,,,,,,,,,,,,,,,,,House_Semi-Detached_2.0
E.ON,EOH1275,NE15,72.0,Retired,Pensioner,"30,001 - 40,000",2020-10-14T00:00:00.000Z,Owner-Occupied,37.0,DE,5.0,28/10/2020,Phoenix,Urban,1983 - 1990,,2.0,0.0,145.0,6.0,3.0,8.0,2.4,Cavity_Insulated,Solid,Pitched,Double,Yes,Gas,Gas Boiler - Combi,Fire - Gas,,,0.0,1.0,1.0,Yes - Ground Loop,Yes,5316.0,13191.0,,,,,,,,No,No,No,No,None - Installation not recommended,,,,,,,,,,,,,,,,,,,,,,,,,,,,,,,,,,,,,,,,,,,,,,,,House_Detached_1.0
E.ON,EOH2658,NE15,62.0,Working Full time (>30hrs),Professional,"40,001 - 50,000",2020-10-16T00:00:00.000Z,Owner-Occupied,31.0,AB,4.0,27/10/2020,Phoenix,Urban,1976 - 1982,,2.0,0.0,128.0,5.0,4.0,10.0,2.4,Cavity_Insulated,Suspended,Pitched,Double,Yes,Gas,Gas Boiler - Combi,,,,1.0,0.0,0.0,No,No,,,,,,,,,,No,No,No,No,None - Installation not recommended,,,,,,,,,,,,,,,,,,,,,,,,,,,,,,,,,,,,,,,,,,,,,,,,House_Semi-Detached_2.0
E.ON,EOH1953,NE15,54.0,Working Part time,Skilled Manual Worker,"30,001 - 40,000",2020-10-16T00:00:00.000Z,Owner-Occupied,21.0,C2,1.0,30/10/2020,Phoenix,Urban,1950 - 1966,C,2.0,2.0,136.0,6.0,4.0,4.0,2.4,Cavity_Insulated,Suspended,Pitched,Double,Yes,Gas,Gas Boiler - Combi,Fire - Gas,,,0.0,0.0,1.0,No,No,,,8.904,65.47,21573.3,4776.0,0.0,55.0,2.96,No,No,No,Yes,Hybrid,None Required,10615.82,,1051.0,14.3,3.8,Yes,04/03/2021,Phoenix,Hybrid,Separate_New Boiler,Daikin,EHY2KOMB28AA,4.0,R32,,,,,1.0,12.0,0.0,0.0,none,none,No,0.0,0.0,0.0,No,No,0.0,0.0,,no,5739.82,,,3240.82,0.0,0.0,0.0,0.0,0.0,0.0,3.0,0.0,House_Semi-Detached_3.0
E.ON,EOH1570,NE15,37.0,Working Full time (>30hrs),Professional,"30,001 - 40,000",2020-10-16T00:00:00.000Z,Owner-Occupied,13.0,C1,1.0,28/10/2020,Phoenix,Urban,1976 - 1982,D,2.0,2.0,57.0,3.0,2.0,6.0,2.3,Cavity_Insulated,Suspended,Pitched,Double,Yes,Gas,Gas Boiler - Combi,,,,0.0,0.0,1.0,No,No,,,3.81,66.84,9245.0,2674.0,0.0,45.0,3.07,No,No,No,Yes,Hybrid,None Required,9690.0,,464.0,14.3,3.8,Yes,13/01/2021,Phoenix,Hybrid,Separate_New Boiler,Daikin,EHY2KOMB28AA,4.0,R32,,,,,1.0,7.0,0.0,0.0,none,none,No,0.0,0.0,0.0,No,No,0.0,0.0,,no,5739.82,,,2315.87,0.0,0.0,0.0,0.0,0.0,0.0,2.0,,House_End-Terrace_2.0
E.ON,EOH3188,NE15,80.0,Retired,Pensioner,"25,001 - 30,000",2020-11-06T00:00:00.000Z,Owner-Occupied,46.0,DE,2.0,20/11/2020,Phoenix,Urban,1967 - 1975,,2.0,0.0,112.0,7.0,4.0,9.0,2.4,Cavity_Insulated,Suspended,Pitched,Double,Yes,Gas,Gas Boiler - Combi,Fire - Gas,,,0.0,0.0,0.0,No,No,2216.0,,7.083,78.2,17167.0,4182.0,616.0,45.0,3.42,Yes,No,Yes,Yes with additional measures,ASHP,Loft Insulation,12949.94,200.0,1033.0,14.3,3.8,Yes,17/02/2021,Aaron Services,ASHP,,Daikin,EDLQ011CAV3,11.0,R410A,,Water_new,200.0,,1.0,11.0,0.0,0.0,none,none,No,0.0,0.0,0.0,No,Yes,0.0,0.0,,no,6364.21,1752.34,,3055.83,0.0,500.0,0.0,0.0,0.0,0.0,3.0,0.5,House_Semi-Detached_2.0
E.ON,EOH0236,NE15,27.0,Working Full time (>30hrs),Professional,"16,201 - 20,000",2020-10-16T00:00:00.000Z,Owner-Occupied,1.0,C1,4.0,12/11/2020,Phoenix,Urban,1967 - 1975,D,2.0,1.0,61.0,3.0,2.0,5.0,2.3,Cavity_Insulated,Suspended,Pitched,Double,Yes,Gas,Gas Boiler - Combi,,,,0.0,0.0,0.0,No,No,2250.0,7700.0,4.55,84.87,11024.0,2674.0,0.0,55.0,2.96,No,No,No,Yes,Hybrid,None Required,9690.87,,547.0,14.3,3.8,Yes,15/01/2021,Phoenix,Hybrid,Separate_New Boiler,Daikin,EHY2KOMB28AA,4.0,R32,,,,,1.0,6.0,0.0,0.0,none,none,No,0.0,0.0,0.0,No,No,0.0,0.0,,no,5739.82,,,2315.87,0.0,0.0,0.0,0.0,0.0,0.0,2.0,,House_End-Terrace_2.0
E.ON,EOH0676,NE15,64.0,Retired,Pensioner,"40,001 - 50,000",2020-10-16T00:00:00.000Z,Owner-Occupied,15.0,DE,5.0,12/11/2020,Phoenix,Urban,1900 - 1929,,2.0,0.0,100.0,4.0,2.0,6.0,2.5,Solid_No_insulation,Suspended,Pitched,Double,Yes,Gas,Gas Boiler - Combi,Fire - Wood,,,0.0,0.0,1.0,No,No,5857.0,11538.0,,,,,,,,No,No,No,No,None - Installation not recommended,,,,,,,,,,,,,,,,,,,,,,,,,,,,,,,,,,,,,,,,,,,,,,,,House_Semi-Detached_1.0
E.ON,EOH1065,NE15,69.0,Retired,Pensioner,"30,001 - 40,000",2020-10-20T00:00:00.000Z,Owner-Occupied,40.0,DE,2.0,23/10/2020,Phoenix,Urban,1983 - 1990,,2.0,0.0,112.0,5.0,4.0,12.0,2.4,Cavity_No_insulation,Solid,Pitched,Double,Yes,Gas,Gas Boiler - Standard,,Water,110,0.0,0.0,1.0,No,No,2330.0,19285.0,,,,,,,,No,No,No,No,None - Installation not recommended,,,,,,,,,,,,,,,,,,,,,,,,,,,,,,,,,,,,,,,,,,,,,,,,House_Semi-Detached_3.0
E.ON,EOH1082,NE7,50.0,Working Full time (>30hrs),Professional,"50,001+",2020-11-03T00:00:00.000Z,Owner-Occupied,6.0,AB,5.0,18/11/2020,Phoenix,Urban,2003 - 2006,C,2.0,0.0,192.0,8.0,5.0,10.0,2.3,Cavity_Insulated,Solid,Pitched,Double,Yes,Gas,Gas Boiler - Combi,Fire - Gas,,,0.0,1.0,1.0,No,No,,,,,,,,,,No,No,No,Yes,None - Installation not recommended,,,,,,,,,,,,,,,,,,,,,,,,,,,,,,,,,,,,,,,,,,,,,,,,House_Detached_3.0
E.ON,EOH2646,NE3,62.0,Working Full time (>30hrs),Professional,"50,001+",2020-10-20T00:00:00.000Z,Owner-Occupied,4.0,AB,5.0,11/11/2020,Phoenix,Urban,1967 - 1975,D,2.0,0.0,42.0,3.0,2.0,5.0,2.4,Cavity_Insulated,Solid,Pitched,Double,Yes,Gas,Gas Boiler - Combi,Electric - Warm Air,,,0.0,0.0,1.0,No,No,,,2.909,61.12,8459.0,2805.0,131.0,46.0,3.61,Yes with additional measures,No,Yes,Yes,ASHP,Loft Insulation,11365.0,500.0,460.0,14.3,3.8,Yes,15/12/2020,Aaron Services,ASHP,,Daikin,EDLQ05CAV3,5.0,R410A,,Water_new,200.0,,1.0,5.0,0.0,0.0,none,none,No,0.0,0.0,0.0,Yes,Yes,0.0,0.0,,no,5335.24,1752.34,,2500.09,0.0,0.0,0.0,0.0,0.0,0.0,2.0,,House_Semi-Detached_1.0
E.ON,EOH2403,NE20,62.0,Working Full time (>30hrs),Manager,"30,001 - 40,000",2021-01-15T00:00:00.000Z,Owner-Occupied,29.0,C1,5.0,26/02/2021,Phoenix,Urban,1930 - 1949,,1.0,0.0,69.0,4.0,2.0,7.0,2.5,Cavity_Insulated,Mix,Pitched,Double,Yes,Gas,Gas Boiler - Combi,,,,0.0,0.0,1.0,No,No,1300.0,9000.0,6.29,91.17,15244.0,2636.0,0.0,53.0,2.99,No,No,No,Yes,Hybrid,None Required,10245.07,,958.0,14.0,4.0,Yes,16/04/2021,Phoenix,Hybrid,Separate_New Boiler,Daikin,EHY2KOMB28AA,4.0,R32,,,,,1.0,6.0,0.0,0.0,none,none,No,0.0,0.0,0.0,No,No,0.0,0.0,,no,5739.8,,,2870.0,0.0,0.0,0.0,0.0,0.0,0.0,3.0,0.0,House_Mid-Terrace_2.0
E.ON,EOH0377,NE13,60.0,Working Full time (>30hrs),Manager,"50,001+",2020-10-20T00:00:00.000Z,Owner-Occupied,12.0,AB,3.0,29/10/2020,Phoenix,Urban,1950 - 1966,,2.0,0.0,100.0,5.0,2.0,5.0,2.4,Cavity_Insulated,Suspended,Pitched,Double,Yes,Gas,Gas Boiler - Combi,Fire - Gas,,,0.0,1.0,1.0,Yes - Ground Loop,Yes,,,,,,,,,,Yes,No,Yes,Yes,ASHP,,,,,,,No,,,,,,,,,,,,,,,,,,,,,,,,,,,,,,,,,,,,,,,,,House_Detached_1.0
E.ON,EOH1792,NE3,36.0,Working Full time (>30hrs),Professional,"50,001+",2020-10-21T00:00:00.000Z,Owner-Occupied,1.0,AB,3.0,27/10/2020,E.ON,Suburban,1976 - 1982,C,2.0,2.0,153.0,6.0,4.0,11.0,2.3,Cavity_Insulated,Suspended,Pitched,Double,Yes,Gas,Gas Boiler - Combi,,,,0.0,0.0,0.0,Yes - Ground Loop,Yes,,,12.443,81.0,36176.0,4776.0,0.0,55.0,2.96,Yes with additional measures,No,No,Yes with additional measures,Hybrid,Loft Insulation and wall insulation,11342.4,700.0,1691.0,14.3,3.8,Yes,19/02/2021,Phoenix,Hybrid,Separate_New Boiler,Daikin,EHY2KOMB32AA,4.0,R32,,,,,1.0,13.0,0.0,0.0,none,none,No,0.0,0.0,0.0,No,Yes,0.0,0.0,,no,6712.2,,,3795.02,0.0,500.0,0.0,0.0,0.0,0.0,4.0,0.5,House_Detached_2.0
E.ON,EOH2757,NE13,80.0,Retired,Pensioner,"40,001 - 50,000",2020-11-03T00:00:00.000Z,Owner-Occupied,40.0,DE,3.0,13/11/2020,Phoenix,Urban,1950 - 1966,,2.0,0.0,140.0,7.0,3.0,10.0,2.5,Cavity_Insulated,Solid,Pitched,Double,Yes,Gas,Gas Boiler - Standard,Electric - Warm Air,Water,110,0.0,0.0,0.0,Yes - Ground Loop,Yes,,,,,,,,,,No,No,No,No,None - Installation not recommended,,,,,,,,,,,,,,,,,,,,,,,,,,,,,,,,,,,,,,,,,,,,,,,,House_Detached_2.0
E.ON,EOH0019,NE13,61.0,Working Full time (>30hrs),Manager,Prefer not to say,2020-11-07T00:00:00.000Z,Owner-Occupied,8.0,AB,2.0,23/11/2020,Phoenix,Urban,1950 - 1966,,2.0,0.0,80.0,3.0,2.0,7.0,2.4,Cavity_No_insulation,Suspended,Pitched,Double,Yes,Gas,Gas Boiler - Combi,Fire - Wood,,,0.0,0.0,1.0,No,No,,,,,,,,,,No,No,No,,None - Installation not recommended,,,,,,,,,,,,,,,,,,,,,,,,,,,,,,,,,,,,,,,,,,,,,,,,House_Detached_1.0
E.ON,EOH2136,NE15,71.0,Retired,Pensioner,"16,201 - 20,000",2020-10-23T00:00:00.000Z,Owner-Occupied,34.0,DE,3.0,04/11/2020,Phoenix,Urban,1983 - 1990,,2.0,0.0,63.0,4.0,3.0,6.0,2.4,Cavity_Insulated,Suspended,Pitched,Double,Yes,Gas,Gas Boiler - Standard,Fire - Gas,Water,110,0.0,1.0,0.0,No,No,4272.0,21459.0,4.573,72.85,11086.0,4002.0,181.0,,,Yes,No,Yes,Yes,ASHP,None Required,11678.77,0.0,673.0,14.3,3.8,No,,,,,,,,,,,,,,,,,,,,,,,,,,,,,,,,,,,,,,,,,House_Detached_2.0
E.ON,EOH2377,NE5,,Working Part time,Skilled Manual Worker,Prefer not to say,2020-10-21T00:00:00.000Z,Owner-Occupied,,C2,1.0,26/10/2020,E.ON,Suburban,1930 - 1949,E,1.0,3.0,143.0,4.0,3.0,9.0,2.6,Cavity_No_insulation,Solid,Pitched,Double,Yes,Gas,Gas Boiler - Combi,Electric - Warm Air,,,0.0,0.0,1.0,Yes - Ground Loop,Yes,,,,,,,,,,No,No,No,No,None - Installation not recommended,,,,,,,,,,,,,,,,,,,,,,,,,,,,,,,,,,,,,,,,,,,,,,,,House_Detached_1.0
E.ON,EOH2353,NE13,,Retired,Pensioner,Prefer not to say,2020-10-21T00:00:00.000Z,Owner-Occupied,45.0,DE,3.0,02/11/2020,Phoenix,Urban,1950 - 1966,,2.0,0.0,100.0,6.0,5.0,6.0,2.4,Cavity_Insulated,Suspended,Pitched,Double,Yes,Gas,Gas Boiler - Standard,Unknown,Water,220,2.0,2.0,0.0,Yes - Ground Loop,Yes,,,,,,,,,,No,No,Yes,,None - Installation not recommended,,,,,,,,,,,,,,,,,,,,,,,,,,,,,,,,,,,,,,,,,,,,,,,,House_Detached_2.0
E.ON,EOH2501,NE13,39.0,Working Full time (>30hrs),Manager,"50,001+",2020-10-22T00:00:00.000Z,Owner-Occupied,2.0,AB,4.0,23/10/2020,Phoenix,Urban,1991 - 1995,C,2.0,3.0,184.0,7.0,5.0,15.0,2.4,Cavity_Insulated,Solid,Pitched,Double,Yes,Gas,Gas Boiler - Combi,,,,0.0,0.0,0.0,Yes - Ground Loop,Yes,,,,,,,,,,No,No,No,No,None - Installation not recommended,,,,,,,,,,,,,,,,,,,,,,,,,,,,,,,,,,,,,,,,,,,,,,,,House_Semi-Detached_3.0
E.ON,EOH0581,NE3,54.0,Working Full time (>30hrs),Professional,"30,001 - 40,000",2020-10-21T00:00:00.000Z,Owner-Occupied,20.0,AB,1.0,30/10/2020,Phoenix,Urban,1950 - 1966,,1.0,0.0,65.0,3.0,2.0,3.0,2.4,Cavity_Insulated,Solid,Pitched,Double,Yes,Gas,Gas Boiler - Combi,,,,0.0,0.0,0.0,No,No,,,6.11,94.0,14797.0,3136.0,461.0,49.0,3.39,Yes,No,No,Yes,ASHP,None Required,12366.0,,838.0,14.3,3.8,Yes,26/01/2021,Aaron Services,ASHP,,Daikin,EDLQ07CAV3,7.0,R410A,,Water_new,150.0,,1.0,8.0,0.0,0.0,none,none,No,0.0,0.0,0.0,No,No,0.0,0.0,,no,5648.01,1701.71,,3239.28,0.0,0.0,0.0,0.0,0.0,0.0,2.5,0.0,House_Semi-Detached_2.0
E.ON,EOH1382,NE13,42.0,Working Full time (>30hrs),Professional,"50,001+",2020-10-22T00:00:00.000Z,Owner-Occupied,1.0,AB,3.0,03/11/2020,Phoenix,Urban,1930 - 1949,D,2.0,2.0,194.0,7.0,4.0,10.0,2.6,Cavity_Insulated,Suspended,Pitched,Double,Yes,Gas,Gas Boiler - Standard,Fire - Gas,Water,110,0.0,1.0,1.0,Yes - Ground Loop,Yes,,,11.999,67.39,29044.0,5594.0,818.0,,,No,No,Yes,Yes,HT_ASHP,None Required,17436.96,0.0,2391.0,14.3,3.8,No,,,,,,,,,,,,,,,,,,,,,,,,,,,,,,,,,,,,,,,,,House_Detached_3.0
E.ON,EOH1948,NE13,65.0,Working Part time,Professional,"50,001+",2020-10-21T00:00:00.000Z,Owner-Occupied,20.0,AB,5.0,16/11/2020,Phoenix,Urban,1950 - 1966,,2.0,0.0,305.0,10.0,5.0,15.0,2.5,Solid_No_insulation,Suspended,Pitched,Double,Yes,Gas,Gas Boiler - Standard,Fire - Wood,Water,300,0.0,0.0,1.0,No,No,3126.0,37940.0,,,,,,,,No,No,No,No,None - Installation not recommended,,,,,,,,,,,,,,,,,,,,,,,,,,,,,,,,,,,,,,,,,,,,,,,,House_Detached_2.0
E.ON,EOH0613,NE13,36.0,Working Full time (>30hrs),Professional,"50,001+",2020-11-07T00:00:00.000Z,Owner-Occupied,13.0,AB,5.0,25/11/2020,Phoenix,Urban,2003 - 2006,,2.0,0.0,190.0,7.0,5.0,10.0,2.4,Cavity_Insulated,Solid,Pitched,Double,Yes,Gas,Gas Boiler - Standard,Fire - Gas,Water,220,0.0,1.0,1.0,Yes - Ground Loop,Yes,2233.0,10564.0,,,,,,,,No,No,No,No,,,,,,,,No,,,,,,,,,,,,,,,,,,,,,,,,,,,,,,,,,,,,,,,,,House_Detached_3.0
E.ON,EOH1227,NE13,41.0,Working Full time (>30hrs),Professional,"50,001+",2020-10-22T00:00:00.000Z,Owner-Occupied,3.0,AB,4.0,30/10/2020,Phoenix,Urban,1950 - 1966,D,2.0,2.0,188.0,4.0,3.0,4.0,2.4,Cavity_Insulated,Suspended,Pitched,Single,Yes,Gas,Gas Boiler - Combi,Fire - Gas,,,0.0,0.0,1.0,Yes - Ground Loop,Yes,,,,,,,,,,No,No,No,No,None - Installation not recommended,,,,,,,,,,,,,,,,,,,,,,,,,,,,,,,,,,,,,,,,,,,,,,,,House_Semi-Detached_3.0
E.ON,EOH1752,NE3,53.0,Unemployed,Unemployed/Benefits,"20,001 - 25,000",2021-07-15T00:00:00.000Z,Owner-Occupied,10.0,DE,2.0,19/07/2021,Phoenix,Urban,1967 - 1975,D,1.0,0.0,68.0,4.0,2.0,6.0,2.4,Cavity_Insulated,Suspended,Pitched,Double,Yes,Gas,Gas Boiler - Combi,,,,0.0,0.0,1.0,No,No,,,4.61,71.87,6757.7,2865.0,0.0,,,No,No,No,Yes,Hybrid,None Required,9875.09,,278.0,14.3,3.8,Yes,06/09/2021,Phoenix,Hybrid,Separate_New Boiler,Daikin,EJHA04AAV3,4.0,R32,,,,,1.0,6.0,0.0,0.0,,,No,0.0,0.0,0.0,No,No,0.0,0.0,,no,5739.82,,,2500.09,,0.0,0.0,0.0,0.0,0.0,2.0,,House_Detached_1.0
E.ON,EOH2326,NE7,67.0,Retired,Pensioner,"50,001+",2020-10-27T00:00:00.000Z,Owner-Occupied,28.0,DE,1.0,06/11/2020,Phoenix,Urban,1950 - 1966,F,5.0,0.0,110.0,5.0,3.0,8.0,2.5,Cavity_Insulated,Suspended,Pitched,Double,Yes,Gas,Gas Boiler - Combi,Fire - Gas,,,0.0,2.0,1.0,No,No,9747.0,20067.0,9.416,85.0,18874.0,3566.0,0.0,,,No,No,No,Yes with additional measures,Hybrid,Loft insulation,10233.23,200.0,882.0,14.3,3.8,Yes,19/01/2021,Phoenix,Hybrid,Separate_New Boiler,Daikin,EHY2KOMB28AA,4.0,R32,,,,,6.0,9.0,0.0,0.0,none,none,No,0.0,0.0,0.0,No,Yes,0.0,0.0,,no,5912.2,,,2685.85,0.0,500.0,0.0,0.0,0.0,0.0,2.0,0.5,House_Semi-Detached_2.0
E.ON,EOH2005,NE13,37.0,Working Full time (>30hrs),Professional,"50,001+",2020-10-23T00:00:00.000Z,Owner-Occupied,8.0,AB,5.0,11/11/2020,Phoenix,Urban,1950 - 1966,,2.0,1.0,104.0,5.0,3.0,6.0,2.4,Cavity_Insulated,Suspended,Pitched,Double,Yes,Gas,Gas Boiler - Combi,,,,0.0,0.0,0.0,No,No,4565.0,16752.0,7.675,84.81,18594.7,3566.0,0.0,55.0,2.96,No,No,No,Yes,Hybrid,None Required,10060.85,,857.0,14.3,3.8,Yes,27/03/2021,Phoenix,Hybrid,Separate_New Boiler,Daikin,EHY2KOMB28AA,4.0,R32,,,,,1.0,9.0,0.0,0.0,none,none,No,0.0,0.0,0.0,No,Yes,0.0,0.0,,no,5739.82,,,2686.0,0.0,0.0,0.0,0.0,0.0,0.0,3.5,0.0,House_Semi-Detached_2.0
E.ON,EOH2809,NE6,34.0,Working Full time (>30hrs),Professional,"50,001+",2020-10-26T00:00:00.000Z,Owner-Occupied,1.0,AB,5.0,04/11/2020,Phoenix,Urban,1900 - 1929,D,2.0,0.0,136.0,7.0,4.0,9.0,3.0,Solid_No_insulation,Suspended,Pitched,Double,Yes,Gas,Gas Boiler - Combi,Fire - Gas,,,0.0,1.0,1.0,No,No,,,12.806,95.24,13408.0,4776.0,0.0,,,No,No,No,Yes,Hybrid,None Required,10430.83,0.0,1446.0,14.3,3.8,No,,,,,,,,,,,,,,,,,,,,,,,,,,,,,,,,,,,,,,,,,House_Mid-Terrace_2.0
E.ON,EOH1628,NE7,32.0,Working Full time (>30hrs),Professional,"50,001+",2020-10-27T00:00:00.000Z,Owner-Occupied,1.0,AB,1.0,05/11/2020,Phoenix,Urban,1900 - 1929,D,3.0,0.0,75.4,4.0,3.0,6.0,2.5,Cavity_Insulated,Solid,Pitched,Double,Yes,Gas,Gas Boiler - Combi,,,,0.0,0.0,1.0,No,No,1917.0,11402.0,4.62,70.52,9254.0,3820.0,0.0,45.0,3.07,No,No,No,Yes with additional measures,Hybrid,Loft Insulation,10060.0,500.0,487.0,14.3,3.8,Yes,13/01/2021,Phoenix,Hybrid,Separate_New Boiler,Daikin,EHY2KOMB28AA,4.0,R32,,,,,1.0,9.0,0.0,0.0,none,none,No,0.0,0.0,0.0,No,Yes,0.0,0.0,,no,5739.82,,,3240.05,0.0,500.0,0.0,0.0,0.0,0.0,2.0,0.5,House_Mid-Terrace_2.0
E.ON,EOH0741,NE7,36.0,Working Full time (>30hrs),Manager,"50,001+",2020-10-27T00:00:00.000Z,Owner-Occupied,8.0,AB,1.0,04/11/2020,Phoenix,Urban,1900 - 1929,E,2.0,2.0,76.2,5.0,3.0,7.0,2.5,Cavity_Insulated,Suspended,Pitched,Double,Yes,Gas,Gas Boiler - Combi,,,,0.0,0.0,1.0,No,No,2663.0,10524.0,,,,,,,,No,No,No,No,None - Installation not recommended,,,,,,,,,,,,,,,,,,,,,,,,,,,,,,,,,,,,,,,,,,,,,,,,House_Mid-Terrace_2.0
E.ON,EOH1836,NE7,45.0,Working Full time (>30hrs),Professional,"50,001+",2020-10-26T00:00:00.000Z,Owner-Occupied,7.0,AB,3.0,04/11/2020,E.ON,Suburban,1930 - 1949,D,2.0,2.0,72.5,5.0,3.0,9.0,2.5,Cavity_Insulated,Suspended,Pitched,Double,Yes,Gas,Gas Boiler - Combi,,,,0.0,0.0,1.0,Yes - Ground Loop,Yes,3288.0,25593.0,7.496,103.39,15018.0,3566.0,0.0,,,No,No,No,Yes,Hybrid,None Required,11341.0,0.0,685.0,14.3,3.8,No,,,,,,,,,,,,,,,,,,,,,,,,,,,,,,,,,,,,,,,,,House_Semi-Detached_2.0
E.ON,EOH1204,NE7,36.0,Working Full time (>30hrs),Manager,"50,001+",2020-10-26T00:00:00.000Z,Owner-Occupied,6.0,AB,3.0,04/11/2020,E.ON,Suburban,1930 - 1949,D,2.0,2.0,100.5,4.0,3.0,8.0,2.5,Cavity_Insulated,Suspended,Pitched,Double,Yes,Gas,Gas Boiler - Combi,,,,0.0,0.0,0.0,Yes - Ground Loop,Yes,,,8.143,87.23,16310.0,4182.0,616.0,,,Yes,No,Yes,Yes,ASHP,None Required,13134.16,0.0,1024.0,14.3,3.8,No,,,,,,,,,,,,,,,,,,,,,,,,,,,,,,,,,,,,,,,,,House_Semi-Detached_2.0
E.ON,EOH1989,NE7,65.0,Working Full time (>30hrs),Semi and unskilled manual worker,"0 - 12,500",2020-11-02T00:00:00.000Z,Owner-Occupied,25.0,DE,3.0,12/11/2020,Phoenix,Urban,1930 - 1949,E,2.0,1.0,131.0,5.0,3.0,8.0,2.4,Cavity_Insulated,Solid,Pitched,Double,Yes,Gas,Gas Boiler - Combi,Fire - Gas,,,0.0,2.0,1.0,No,No,2390.0,18817.0,9.189,121.58,8919.0,3566.0,0.0,,,No,No,No,Yes,Hybrid,None Required,10060.85,0.0,844.0,14.3,3.8,No,,,,,,,,,,,,,,,,,,,,,,,,,,,,,,,,,,,,,,,,,House_End-Terrace_2.0
E.ON,EOH0712,NE6,68.0,Working Full time (>30hrs),Professional,"50,001+",2020-10-27T00:00:00.000Z,Owner-Occupied,23.0,AB,1.0,06/11/2020,E.ON,Suburban,1930 - 1949,E,3.0,0.0,95.0,5.0,4.0,10.0,2.4,Cavity_No_insulation,Suspended,Pitched,Double,Yes,Gas,Gas Boiler - Standard,,Water,126,0.0,0.0,1.0,Yes - Ground Loop,Yes,6316.0,21187.0,9.618,82.37,19279.0,4062.0,598.0,,,Yes,No,Yes,Yes,ASHP,None Required,16556.52,0.0,1196.0,14.3,3.8,No,,,,,,,,,,,,,,,,,,,,,,,,,,,,,,,,,,,,,,,,,House_Semi-Detached_2.0
E.ON,EOH2970,NE7,65.0,Working Part time,Professional,"30,001 - 40,000",2020-10-27T00:00:00.000Z,Owner-Occupied,7.0,AB,2.0,05/11/2020,Phoenix,Urban,1930 - 1949,D,2.0,0.0,106.0,7.0,3.0,8.0,2.6,Cavity_Insulated,Suspended,Pitched,Double,Yes,Gas,Gas Boiler - Combi,Fire - Wood,,,0.0,0.0,0.0,No,No,,,,,,,,,,No,No,No,Yes,Hybrid,,,,,,,No,,,,,,,,,,,,,,,,,,,,,,,,,,,,,,,,,,,,,,,,,House_Semi-Detached_2.0
E.ON,EOH0833,NE7,63.0,Working Full time (>30hrs),Professional,"50,001+",2020-10-27T00:00:00.000Z,Owner-Occupied,0.9,AB,5.0,06/11/2020,Phoenix,Urban,1967 - 1975,D,2.0,0.0,113.0,5.0,3.0,7.0,2.5,Cavity_Insulated,Suspended,Pitched,Double,Yes,Gas,Gas Boiler - Combi,,,,0.0,0.0,1.0,No,No,,,,,,,,,,No,No,No,No,None - Installation not recommended,,,,,,,,,,,,,,,,,,,,,,,,,,,,,,,,,,,,,,,,,,,,,,,,House_End-Terrace_2.0
E.ON,EOH3096,NE7,35.0,Working Full time (>30hrs),Professional,"50,001+",2020-10-28T00:00:00.000Z,Owner-Occupied,6.0,AB,3.0,09/11/2020,Phoenix,Urban,1900 - 1929,E,2.0,2.0,208.0,7.0,4.0,10.0,2.7,Solid_No_insulation,Suspended,Pitched,Single,Yes,Gas,Gas Boiler - Standard,Fire - Wood,Water,110,0.0,0.0,1.0,No,No,3000.0,13500.0,,,,,,,,No,No,No,No,None - Installation not recommended,,,,,,,,,,,,,,,,,,,,,,,,,,,,,,,,,,,,,,,,,,,,,,,,House_Semi-Detached_2.0
E.ON,EOH2732,NE6,48.0,Working Full time (>30hrs),Professional,"50,001+",2020-10-28T00:00:00.000Z,Owner-Occupied,9.0,AB,4.0,05/11/2020,Phoenix,Urban,1930 - 1949,E,2.0,1.0,93.0,5.0,3.0,9.0,2.5,Cavity_Insulated,Suspended,Pitched,Double,Yes,Gas,Gas Boiler - Combi,Fire - Gas,,,0.0,1.0,0.0,No,No,,,,,,,,,,No,No,No,No,None - Installation not recommended,,,,,,,,,,,,,,,,,,,,,,,,,,,,,,,,,,,,,,,,,,,,,,,,House_Semi-Detached_2.0
E.ON,EOH1790,NE7,32.0,Working Full time (>30hrs),Professional,"50,001+",2020-10-28T00:00:00.000Z,Owner-Occupied,0.9,AB,5.0,04/12/2020,Phoenix,Urban,1967 - 1975,C,2.0,0.0,151.0,5.0,3.0,10.0,2.5,Cavity_Insulated,Suspended,Flat,Double,Yes,Gas,Gas Boiler - Standard,,Water,120,0.0,0.0,1.0,No,No,2358.0,14959.0,,,,,,,,No,No,No,No,None - Installation not recommended,,,,,,,,,,,,,,,,,,,,,,,,,,,,,,,,,,,,,,,,,,,,,,,,House_Mid-Terrace_3.0
E.ON,EOH1594,NE5,,Unemployed,Unemployed/Benefits,Prefer not to say,2020-10-28T00:00:00.000Z,Rented (Private),0.9,DE,1.0,05/11/2020,Phoenix,Urban,1930 - 1949,E,1.0,1.0,86.0,5.0,3.0,4.0,2.3,Cavity_Insulated,Solid,Pitched,Double,No,Electricity,Electric - Storage,,Water,120,0.0,0.0,0.0,No,No,,,,,,,,,,No,No,No,No,None - Installation not recommended,,,,,,,,,,,,,,,,,,,,,,,,,,,,,,,,,,,,,,,,,,,,,,,,House_Mid-Terrace_2.0
E.ON,EOH0846,NE6,43.0,Working Full time (>30hrs),Professional,"50,001+",2020-10-28T00:00:00.000Z,Owner-Occupied,5.0,AB,5.0,09/11/2020,Phoenix,Suburban,1930 - 1949,D,2.0,3.0,140.0,9.0,5.0,11.0,2.7,Cavity_Insulated,Suspended,Pitched,Double,Yes,Gas,Gas Boiler - Combi,Fire - Wood,,,0.0,0.0,1.0,No,No,3935.0,,,,,,,,,No,No,No,No,None - Installation not recommended,,,,,,,,,,,,,,,,,,,,,,,,,,,,,,,,,,,,,,,,,,,,,,,,House_Detached_2.0
E.ON,EOH1861,NE7,49.0,Working Full time (>30hrs),Professional,"50,001+",2020-10-28T00:00:00.000Z,Owner-Occupied,10.0,AB,5.0,11/11/2020,Phoenix,Urban,Before 1900,,2.0,2.0,208.0,8.0,5.0,13.0,2.6,Solid_No_insulation,Solid,Pitched,Double,Yes,Gas,Gas Boiler - Combi,Fire - Wood,,,13.0,0.0,0.0,Yes - Ground Loop,Yes,,6000.0,,,,,,,,No,No,No,No,None - Installation not recommended,,,,,,,,,,,,,,,,,,,,,,,,,,,,,,,,,,,,,,,,,,,,,,,,House_Detached_4.0
E.ON,EOH1022,NE6,76.0,Working Full time (>30hrs),Professional,"50,001+",2020-10-29T00:00:00.000Z,Owner-Occupied,3.0,AB,3.0,10/11/2020,Phoenix,Urban,1950 - 1966,D,2.0,1.0,112.0,5.0,3.0,8.0,2.0,Solid_No_insulation,Suspended,Pitched,Double,Yes,Gas,Gas Boiler - Combi,Fire - Gas,,,0.0,1.0,0.0,No,No,2350.0,14660.0,10.02,89.0,20070.0,3566.0,0.0,,,Yes,No,Yes,Yes,Hybrid,None Required,10430.83,,913.0,14.3,3.8,Yes,15/10/2021,E.ON SIME,Hybrid,Integrated,SIME,SIME MURELLE REVOLUTION,4.0,R410A,,,,,1.0,10.0,0.0,0.0,,,No,0.0,0.0,0.0,No,No,0.0,0.0,,no,5200.0,,,5599.97,,0.0,0.0,0.0,0.0,0.0,3.0,,House_Semi-Detached_2.0
E.ON,EOH0450,NE7,76.0,Retired,Pensioner,"16,201 - 20,000",2020-10-30T00:00:00.000Z,Owner-Occupied,25.0,DE,1.0,11/11/2020,Phoenix,Urban,1930 - 1949,,2.0,0.0,105.0,5.0,3.0,7.0,2.6,Cavity_Insulated,Suspended,Pitched,Double,Yes,Gas,Gas Boiler - Combi,Fire - Gas,,,0.0,1.0,1.0,No,No,2562.0,16582.0,7.092,67.0,17043.0,3566.0,0.0,55.0,2.96,Yes,No,Yes,Yes,Hybrid,None Required,10060.08,,787.0,14.3,3.8,Yes,20/01/2021,Phoenix,Hybrid,Separate_New Boiler,Daikin,EHY2KOMB28AA,4.0,R32,,,,,4.0,8.0,0.0,0.0,none,none,No,0.0,0.0,0.0,No,No,0.0,0.0,,no,5739.82,,,3239.28,0.0,0.0,0.0,0.0,0.0,0.0,2.0,,House_Semi-Detached_2.0
E.ON,EOH1514,NE7,95.0,Retired,Pensioner,"16,201 - 20,000",2020-10-29T00:00:00.000Z,Owner-Occupied,66.0,DE,5.0,12/11/2020,Phoenix,Urban,1950 - 1966,,1.0,0.0,99.0,5.0,3.0,6.0,2.5,Cavity_Insulated,Solid,Pitched,Double,Yes,Gas,Gas Boiler - Standard,,Water,110,0.0,0.0,0.0,No,No,,,5.966,77.2,11953.0,3747.0,181.0,,,Yes,No,Yes,Yes,ASHP,None Required,11863.76,0.0,667.0,14.3,3.8,No,,,,,,,,,,,,,,,,,,,,,,,,,,,,,,,,,,,,,,,,,House_Semi-Detached_2.0
E.ON,EOH2060,NE6,36.0,Working Full time (>30hrs),Professional,"50,001+",2020-10-29T00:00:00.000Z,Owner-Occupied,7.0,AB,3.0,10/11/2020,Phoenix,Suburban,1930 - 1949,D,2.0,2.0,222.0,9.0,4.0,13.0,2.7,Cavity_Insulated,Suspended,Pitched,Double,Yes,Gas,Gas Boiler - Standard,Fire - Wood,Water,180,0.0,0.0,1.0,No,No,,,,,,,,,,Yes,No,Yes,No,None - Installation not recommended,,,,,,,,,,,,,,,,,,,,,,,,,,,,,,,,,,,,,,,,,,,,,,,,House_Detached_2.0
E.ON,EOH1542,NE6,57.0,Working Full time (>30hrs),Professional,"50,001+",2020-10-29T00:00:00.000Z,Owner-Occupied,33.0,AB,5.0,12/11/2020,Phoenix,Urban,1900 - 1929,,2.0,0.0,130.0,6.0,2.0,7.0,2.9,Solid_No_insulation,Solid,Pitched,Double,Yes,Gas,Gas Boiler - Combi,Fire - Gas,,,0.0,1.0,0.0,No,No,3308.0,23009.0,,,,,,,,No,No,No,No,None - Installation not recommended,,,,,,,,,,,,,,,,,,,,,,,,,,,,,,,,,,,,,,,,,,,,,,,,House_End-Terrace_2.0
E.ON,EOH2433,NE7,53.0,Working Full time (>30hrs),Professional,"50,001+",2020-10-29T00:00:00.000Z,Owner-Occupied,22.0,AB,5.0,20/11/2020,Phoenix,Urban,1930 - 1949,,3.0,0.0,90.0,5.0,3.0,8.0,2.6,Cavity_Insulated,Suspended,Pitched,Double,Yes,Gas,Gas Boiler - Combi,Fire - Gas,,,0.0,1.0,1.0,No,No,4457.0,24712.0,7.25,81.46,17447.0,3820.0,0.0,,,Yes,No,No,Yes,Hybrid,planning permisson,10430.0,300.0,786.0,14.3,3.8,No,,,,,,,,,,,,,,,,,,,,,,,,,,,,,,,,,,,,,,,,,House_Semi-Detached_2.0
E.ON,EOH0791,NE7,38.0,Working Full time (>30hrs),Manager,"50,001+",2020-10-29T00:00:00.000Z,Owner-Occupied,4.0,AB,1.0,10/11/2020,Phoenix,Urban,1950 - 1966,C,2.0,2.0,112.0,6.0,4.0,9.0,2.5,Cavity_Insulated,Solid,Pitched,Double,Yes,Gas,Gas Boiler - Standard,Fire - Wood,Water,110,0.0,0.0,1.0,No,No,4491.0,13084.0,8.53,86.25,17081.0,4457.0,0.0,55.0,2.96,Yes,No,No,Yes with additional measures,Hybrid,Loft Insulation,10245.0,700.0,827.0,14.3,3.8,Yes,10/12/2020,Phoenix,Hybrid,Separate_New Boiler,Daikin,EHY2KOMB28AA,4.0,R32,,,,,1.0,10.0,0.0,0.0,none,none,No,0.0,0.0,0.0,No,Yes,0.0,0.0,,no,5739.82,,,2870.84,0.0,0.0,0.0,0.0,0.0,0.0,2.0,,House_Semi-Detached_2.0
E.ON,EOH2541,NE6,33.0,Working Full time (>30hrs),Professional,"50,001+",2020-10-30T00:00:00.000Z,Owner-Occupied,0.9,AB,2.0,10/11/2020,Phoenix,Urban,1950 - 1966,D,2.0,0.0,100.0,5.0,3.0,7.0,2.4,Solid_No_insulation,Suspended,Pitched,Double,Yes,Gas,Gas Boiler - Combi,Fire - Wood,,,0.0,1.0,1.0,No,No,,,9.614,96.14,19260.2,3464.0,0.0,55.0,2.96,No,No,No,Yes,Hybrid,None Required,11353.47,,1260.0,14.3,3.8,Yes,02/06/2021,Phoenix,Hybrid,Separate_New Boiler,Daikin,EHY2KOMB28AA,4.0,R32,,,,,1.0,10.0,0.0,0.0,none,none,No,0.0,0.0,0.0,No,No,0.0,0.0,,no,5739.82,,,3978.47,0.0,0.0,0.0,0.0,0.0,0.0,2.5,0.0,House_Semi-Detached_2.0
E.ON,EOH2070,NE7,51.0,Working Full time (>30hrs),Professional,"50,001+",2020-10-30T00:00:00.000Z,Owner-Occupied,11.0,AB,1.0,12/11/2020,Phoenix,Urban,1950 - 1966,C,2.0,2.0,143.0,7.0,5.0,11.0,2.5,Cavity_Insulated,Solid,Pitched,Double,Yes,Gas,Gas Boiler - Combi,Fire - Gas,,,0.0,1.0,1.0,No,No,,,9.474,66.25,18990.0,5349.0,0.0,55.0,2.96,No,No,No,Yes,Hybrid,None Required,12179.0,,939.0,14.3,3.8,Yes,14/05/2021,Phoenix,Hybrid,Separate_New Boiler,Daikin,EHY2KOMB32AA,4.0,R32,,,,,1.0,14.0,0.0,0.0,none,none,No,0.0,0.0,0.0,No,No,0.0,0.0,,no,5912.2,,,4631.74,0.0,0.0,0.0,0.0,0.0,0.0,3.5,0.0,House_Semi-Detached_2.0
E.ON,EOH2737,NE7,47.0,Working Full time (>30hrs),Semi and unskilled manual worker,"30,001 - 40,000",2021-03-10T00:00:00.000Z,Owner-Occupied,4.0,DE,3.0,18/03/2021,Phoenix,Urban,1930 - 1949,,2.0,2.0,109.0,6.0,3.0,7.0,2.5,Cavity_Insulated,Suspended,Pitched,Double,Yes,Gas,Gas Boiler - Combi,Fire - Gas,,,0.0,2.0,1.0,No,No,2233.0,21570.0,8.051,83.36,16136.9,3566.0,0.0,,,No,No,No,Yes,Hybrid,None Required,11525.08,0.0,1064.0,14.3,3.8,No,,,,,,,,,,,,,,,,,,,,,,,,,,,,,,,,,,,,,,,,,House_Semi-Detached_2.0
E.ON,EOH0197,NE6,53.0,Working Full time (>30hrs),Professional,"50,001+",2020-11-02T00:00:00.000Z,Owner-Occupied,24.0,AB,3.0,16/11/2020,Phoenix,Urban,1900 - 1929,,4.0,0.0,140.0,7.0,4.0,8.0,2.6,Cavity_Insulated,Suspended,Pitched,Double,Yes,Gas,Gas Boiler - Combi,Fire - Wood,,,0.0,0.0,0.0,No,No,3649.0,26627.0,4.24,30.5,12509.0,4457.0,0.0,,,No,No,No,Yes,Hybrid,Loft Insulation,12006.74,500.0,608.0,14.3,3.8,No,,,,,,,,,,,,,,,,,,,,,,,,,,,,,,,,,,,,,,,,,House_Semi-Detached_2.0
E.ON,EOH2481,NE5,,Working Full time (>30hrs),Clerical,"20,001 - 25,000",2020-11-03T00:00:00.000Z,Rented (Private),0.9,C1,1.0,17/11/2020,Phoenix,Urban,1950 - 1966,,2.0,0.0,88.0,4.0,3.0,4.0,2.2,Cavity_Insulated,Solid,Pitched,Double,No,Electricity,Electric - Storage,,Water,120,0.0,0.0,0.0,No,No,,,4.985,56.64,12079.4,4122.0,607.0,50.0,3.35,Yes,No,No,Yes,ASHP,Barrier,12232.98,300.0,834.0,14.3,3.8,Yes,14/04/2021,Aaron Services,ASHP,,Daikin,EDLQ07CAV7,7.0,R410A,,Water_new,200.0,,1.0,9.0,0.0,0.0,none,enclosure,No,0.0,0.0,0.0,No,No,0.0,0.0,,no,5648.0,1752.0,,3055.06,0.0,0.0,0.0,0.0,0.0,0.0,3.0,0.0,House_Mid-Terrace_2.0
E.ON,EOH1349,NE5,,Working Full time (>30hrs),Skilled Manual Worker,"25,001 - 30,000",2020-11-03T00:00:00.000Z,Owner-Occupied,0.9,C2,5.0,17/11/2020,Phoenix,Urban,1950 - 1966,D,2.0,0.0,93.0,5.0,3.0,6.0,2.4,Cavity_Insulated,Suspended,Pitched,Double,Yes,Gas,Gas Boiler - Combi,Fire - Gas,,,0.0,1.0,0.0,No,No,,,7.02,75.48,14122.0,3566.0,0.0,55.0,2.96,No,No,No,Yes,Hybrid,None Required,10245.0,,679.0,14.3,3.8,Yes,07/01/2021,Phoenix,Hybrid,Separate_New Boiler,Daikin,EHY2KOMB28AA,4.0,R32,,,,,1.0,10.0,0.0,0.0,none,none,No,0.0,0.0,0.0,No,No,0.0,0.0,,no,5739.82,,,2870.84,0.0,0.0,0.0,0.0,0.0,0.0,2.5,,House_Semi-Detached_2.0
E.ON,EOH2843,NE5,,Working Full time (>30hrs),Skilled Manual Worker,"40,001 - 50,000",2020-11-03T00:00:00.000Z,Owner-Occupied,16.0,C2,2.0,17/11/2020,Phoenix,Urban,1950 - 1966,D,4.0,0.0,80.0,5.0,3.0,9.0,2.5,Cavity_Insulated,Solid,Pitched,Double,Yes,Gas,Gas Boiler - Combi,Fire - Wood,,,0.0,0.0,1.0,No,No,,,6.37,93.74,7658.0,3566.0,0.0,,,No,No,No,Yes,Hybrid,None Required,10430.06,0.0,632.0,14.3,3.8,No,,,,,,,,,,,,,,,,,,,,,,,,,,,,,,,,,,,,,,,,,House_Semi-Detached_2.0
E.ON,EOH2337,NE3,,Working Full time (>30hrs),Professional,"30,001 - 40,000",2020-11-04T00:00:00.000Z,Owner-Occupied,15.0,AB,2.0,19/11/2020,E.ON,Urban,1967 - 1975,,2.0,0.0,62.0,3.0,2.0,6.0,2.4,Cavity_Insulated,Suspended,Pitched,Double,Yes,Gas,Gas Boiler - Combi,Fire - Electric,,,0.0,0.0,1.0,Yes - Ground Loop,Yes,,,,,,,,,,No,No,No,Yes,Hybrid,,,,,,,No,,,,,,,,,,,,,,,,,,,,,,,,,,,,,,,,,,,,,,,,,House_Detached_1.0
E.ON,EOH1176,NE3,39.0,Working Full time (>30hrs),Professional,"50,001+",2020-11-04T00:00:00.000Z,Owner-Occupied,7.0,AB,5.0,17/11/2020,Phoenix,Urban,1930 - 1949,,2.0,2.0,140.0,5.0,3.0,8.0,2.7,Solid_Insulated,Suspended,Pitched,Double,Yes,Gas,Gas Boiler - Combi,Fire - Gas,,,0.0,2.0,1.0,No,No,3928.0,29206.0,,,,,,,,,,,,,,,,,,,No,,,,,,,,,,,,,,,,,,,,,,,,,,,,,,,,,,,,,,,,,House_Semi-Detached_2.0
E.ON,EOH0185,NE6,57.0,Working Full time (>30hrs),Professional,"25,001 - 30,000",2020-11-04T00:00:00.000Z,Owner-Occupied,6.0,C1,2.0,18/11/2020,Phoenix,Urban,1967 - 1975,,2.0,0.0,80.0,5.0,3.0,8.0,2.3,Cavity_No_insulation,Solid,Pitched,Double,Yes,Gas,Gas Boiler - Combi,,,,0.0,0.0,1.0,No,No,2808.0,,6.487,88.52,12994.0,3566.0,0.0,55.0,2.96,No,No,No,Yes with additional measures,Hybrid,Wall insulation,10233.23,500.0,646.0,14.3,3.8,Yes,26/01/2021,Phoenix,Hybrid,Separate_New Boiler,Daikin,EHY2KOMB28AA,4.0,R32,,,,,1.0,9.0,0.0,0.0,none,none,No,0.0,0.0,0.0,No,No,0.0,0.0,,no,5912.2,,,2685.85,0.0,0.0,0.0,0.0,0.0,0.0,2.0,0.0,House_End-Terrace_2.0
E.ON,EOH1329,NE3,,Working Full time (>30hrs),Manager,"50,001+",2020-11-05T00:00:00.000Z,Owner-Occupied,0.9,AB,3.0,23/11/2020,Phoenix,Urban,2003 - 2006,D,2.0,4.0,190.0,7.0,5.0,11.0,2.4,Cavity_Insulated,Solid,Pitched,Double,Yes,Gas,Gas Boiler - Combi,Fire - Gas,,,0.0,1.0,1.0,No,No,3949.0,25922.0,,,,,,,,No,No,Yes with additional measures,No,None - Installation not recommended,,,,,,,,,,,,,,,,,,,,,,,,,,,,,,,,,,,,,,,,,,,,,,,,House_Semi-Detached_2.0
E.ON,EOH0651,NE3,,Working Full time (>30hrs),Professional,"50,001+",2020-11-12T00:00:00.000Z,Owner-Occupied,3.0,AB,5.0,03/12/2020,Phoenix,Urban,1930 - 1949,D,2.0,2.0,133.0,6.0,4.0,9.0,2.4,Cavity_Insulated,Suspended,Pitched,Double,Yes,Gas,Gas Boiler - Combi,,,,0.0,0.0,0.0,No,No,6584.0,16000.0,7.56,56.85,8837.4,4457.0,0.0,49.0,3.03,No,No,No,Yes,Hybrid,Barrier,10800.04,300.0,741.0,14.3,3.8,Yes,16/08/2021,Phoenix,Hybrid,Separate_New Boiler,Daikin,EJHA04AAV3,4.0,R32,,,,,1.0,8.0,0.0,0.0,,,No,0.0,0.0,0.0,No,No,0.0,0.0,,no,5739.82,,,2251.5,,0.0,0.0,0.0,0.0,0.0,3.0,,House_Semi-Detached_2.0
E.ON,EOH1717,NE4,,Working Full time (>30hrs),Semi and unskilled manual worker,"16,201 - 20,000",2020-11-04T00:00:00.000Z,Owner-Occupied,0.9,DE,1.0,18/11/2020,Phoenix,Urban,1930 - 1949,E,2.0,3.0,115.0,6.0,3.0,10.0,2.7,Cavity_Insulated,Suspended,Pitched,Double,Yes,Gas,Gas Boiler - Combi,Fire - Electric,,,0.0,0.0,1.0,No,No,,,,,,,,,,No,No,No,No,None - Installation not recommended,,,,,,,,,,,,,,,,,,,,,,,,,,,,,,,,,,,,,,,,,,,,,,,,House_Semi-Detached_2.0
E.ON,EOH2655,NE15,,Working Full time (>30hrs),Manager,"40,001 - 50,000",2020-11-04T00:00:00.000Z,Owner-Occupied,23.0,C1,3.0,18/11/2020,Phoenix,Urban,1950 - 1966,,3.0,0.0,155.0,7.0,4.0,9.0,2.4,Cavity_No_insulation,Mix,Pitched,Double,Yes,Gas,Gas Boiler - Combi,Fire - Gas,,,0.0,1.0,0.0,No,No,5460.0,24180.0,9.92,76.89,9042.0,4776.0,0.0,,,No,No,No,Yes,Hybrid,Loft Insulation and Wall Insulation,11539.23,1500.0,1156.0,14.3,3.8,No,,,,,,,,,,,,,,,,,,,,,,,,,,,,,,,,,,,,,,,,,House_Detached_2.0
E.ON,EOH1696,NE15,56.0,Working Full time (>30hrs),Skilled Manual Worker,"0 - 12,500",2020-11-12T00:00:00.000Z,Owner-Occupied,0.9,C2,1.0,04/12/2020,Phoenix,Urban,1950 - 1966,D,1.0,0.0,69.0,4.0,2.0,6.0,2.5,Cavity_Insulated,Suspended,Pitched,Double,Yes,Gas,Gas Boiler - Combi,,,,0.0,0.0,0.0,No,No,,,4.77,92.41,11583.0,3003.0,444.0,,,Yes,No,Yes,Yes,ASHP,Loft Insulation,11443.15,500.0,700.0,14.3,3.8,No,,,,,,,,,,,,,,,,,,,,,,,,,,,,,,,,,,,,,,,,,House_Detached_1.0
E.ON,EOH2310,NE3,,Working Full time (>30hrs),Professional,"12,501 - 16,200",2020-11-05T00:00:00.000Z,Owner-Occupied,3.0,C1,1.0,19/11/2020,Phoenix,Urban,1983 - 1990,C,2.0,3.0,147.0,7.0,4.0,12.0,2.3,Cavity_Insulated,Solid,Pitched,Double,Yes,Gas,Gas Boiler - Combi,,,,0.0,0.0,1.0,No,No,6011.0,22100.0,9.041,61.5,21904.0,4776.0,0.0,55.0,2.96,No,No,No,Yes with additional measures,Hybrid,Loft Insulation,10985.0,200.0,1041.0,14.3,3.8,Yes,22/01/2021,Phoenix,Hybrid,Separate_New Boiler,Daikin,EHY2KOMB28AA,4.0,R32,,,,,5.0,12.0,0.0,0.0,none,none,No,0.0,0.0,0.0,No,Yes,0.0,0.0,,no,5739.82,,,3610.03,0.0,500.0,0.0,0.0,0.0,0.0,2.5,0.5,House_Detached_2.0
E.ON,EOH2533,NE6,43.0,Working Full time (>30hrs),Clerical,"40,001 - 50,000",2020-11-18T00:00:00.000Z,Owner-Occupied,20.0,C1,1.0,07/01/2021,Phoenix,Urban,1950 - 1966,,2.0,1.0,90.0,5.0,3.0,5.0,2.4,Cavity_No_insulation,Solid,Pitched,Double,Yes,Gas,Gas Boiler - Standard,Fire - Gas,Water,110,0.0,1.0,1.0,No,No,5400.0,20000.0,,,,,,,,Yes,No,Yes,Yes,,,,,,,,,,,,,,,,,,,,,,,,,,,,,,,,,,,,,,,,,,,,,,,,,House_Semi-Detached_2.0
E.ON,EOH0353,NE7,50.0,Working Full time (>30hrs),Manager,"50,001+",2020-11-18T00:00:00.000Z,Owner-Occupied,14.0,AB,4.0,10/12/2020,Phoenix,Urban,1950 - 1966,,2.0,3.0,220.0,7.0,4.0,10.0,2.5,Cavity_No_insulation,Solid,Pitched,Double,Yes,Gas,Gas Boiler - Standard,Fire - Gas,Water,250,0.0,1.0,1.0,Yes - Ground Loop,Yes,11951.0,,,,,,,,,Yes,Yes,Yes,Yes,None - Installation not recommended,,,,,,,,,,,,,,,,,,,,,,,,,,,,,,,,,,,,,,,,,,,,,,,,House_Detached_2.0
E.ON,EOH1549,NE6,56.0,Working Full time (>30hrs),Manager,"50,001+",2020-11-06T00:00:00.000Z,Owner-Occupied,0.9,AB,5.0,09/11/2020,Phoenix,Urban,1996 - 2002,C,2.0,0.0,96.0,4.0,3.0,6.0,2.4,Cavity_Insulated,Suspended,Pitched,Double,Yes,Gas,Gas Boiler - Standard,,Water,110,0.0,0.0,0.0,No,No,,,5.67,63.2,11355.0,3566.0,0.0,,,No,No,No,Yes,None - Installation not recommended,planning permisson,10430.0,300.0,585.0,14.3,3.8,,,,,,,,,,,,,,,,,,,,,,,,,,,,,,,,,,,,,,,,,,House_Mid-Terrace_3.0
E.ON,EOH0865,NE3,59.0,Working Full time (>30hrs),Professional,"50,001+",2020-11-05T00:00:00.000Z,Owner-Occupied,17.0,AB,5.0,23/11/2020,Phoenix,Urban,1900 - 1929,,2.0,0.0,140.0,6.0,4.0,8.0,2.7,Cavity_Insulated,Suspended,Pitched,Double,Yes,Gas,Gas Boiler - Combi,Fire - Gas,,,0.0,1.0,1.0,No,No,6781.0,28981.0,,,,,,,,No,No,Yes,,None - Installation not recommended,,,,,,,,,,,,,,,,,,,,,,,,,,,,,,,,,,,,,,,,,,,,,,,,House_Semi-Detached_2.0
E.ON,EOH0135,NE3,52.0,Working Full time (>30hrs),Professional,"50,001+",2020-11-05T00:00:00.000Z,Owner-Occupied,23.0,AB,3.0,23/11/2020,Phoenix,Urban,1930 - 1949,,2.0,0.0,140.0,5.0,4.0,9.0,2.7,Cavity_Insulated,Suspended,Pitched,Double,Yes,Gas,Gas Boiler - Combi,Fire - Wood,,,0.0,0.0,1.0,No,No,,,,,,,,,,No,No,No,No,,,,,,,,,,,,,,,,,,,,,,,,,,,,,,,,,,,,,,,,,,,,,,,,,House_Semi-Detached_3.0
E.ON,EOH0729,NE3,60.0,Working Full time (>30hrs),Professional,"30,001 - 40,000",2020-11-05T00:00:00.000Z,Owner-Occupied,38.0,AB,5.0,19/11/2020,Phoenix,Urban,1900 - 1929,C,3.0,0.0,130.0,4.0,3.0,6.0,2.8,Cavity_Insulated,Mix,Pitched,Double,Yes,Gas,Gas Boiler - Combi,Fire - Gas,,,0.0,1.0,1.0,No,No,3142.0,17600.0,,,,,,,,No,No,No,No,None - Installation not recommended,,,,,,,,,,,,,,,,,,,,,,,,,,,,,,,,,,,,,,,,,,,,,,,,House_End-Terrace_2.0
E.ON,EOH2012,NE7,54.0,Working Full time (>30hrs),Manager,"50,001+",2020-11-07T00:00:00.000Z,Owner-Occupied,23.0,AB,3.0,24/11/2020,Phoenix,Urban,1930 - 1949,,2.0,0.0,94.0,5.0,3.0,7.0,2.4,Cavity_Insulated,Solid,Pitched,Double,Yes,Gas,Gas Boiler - Combi,Fire - Gas,,,1.0,1.0,1.0,No,No,2817.0,19572.0,6.916,72.8,16638.0,3820.0,0.0,,,No,No,No,Yes with additional measures,Hybrid,Loft Insulation,10430.0,500.0,796.0,14.3,3.8,Yes,21/01/2021,Phoenix,Hybrid,Separate_New Boiler,Daikin,EHY2KOMB28AA,4.0,R32,,,,,3.0,9.0,0.0,0.0,none,none,No,0.0,0.0,0.0,No,Yes,0.0,0.0,,no,5739.82,,,3055.06,0.0,500.0,0.0,0.0,0.0,0.0,2.5,0.5,House_Semi-Detached_2.0
E.ON,EOH0071,NE4,65.0,Retired,Pensioner,"0 - 12,500",2020-11-07T00:00:00.000Z,Rented (Private),21.0,DE,1.0,23/11/2020,Phoenix,Urban,1930 - 1949,,1.0,0.0,85.0,5.0,2.0,6.0,2.5,Cavity_No_insulation,Suspended,Pitched,Double,Yes,Gas,Gas Boiler - Combi,,,,0.0,0.0,1.0,No,No,1617.0,21110.0,10.61,126.13,9709.4,2674.0,0.0,,,No,No,No,Yes,Hybrid,Loft Insulation and Wall Insulation,10800.04,1500.0,364.0,14.3,3.8,No,,,,,,,,,,,,,,,,,,,,,,,,,,,,,,,,,,,,,,,,,House_Semi-Detached_2.0
E.ON,EOH2561,NE15,54.0,Working Full time (>30hrs),Skilled Manual Worker,"20,001 - 25,000",2020-11-07T00:00:00.000Z,Owner-Occupied,21.0,C2,4.0,24/11/2020,Phoenix,Urban,1930 - 1949,,1.0,0.0,62.0,5.0,3.0,7.0,2.4,Cavity_Insulated,Suspended,Pitched,Double,Yes,Gas,Gas Boiler - Combi,Fire - Gas,,,0.0,1.0,1.0,No,No,,,5.763,84.38,11576.0,4475.0,655.0,45.0,3.57,Yes,No,Yes,Yes,ASHP,None Required,12048.75,,784.0,14.3,3.8,Yes,05/02/2021,Aaron Services,ASHP,,Daikin,EDLQ07CAV3,7.0,R410A,,Water_new,200.0,,1.0,10.0,0.0,0.0,none,none,No,0.0,0.0,0.0,No,No,0.0,0.0,,no,5648.01,1752.34,,2870.85,0.0,0.0,0.0,0.0,0.0,0.0,2.5,0.0,House_Semi-Detached_2.0
E.ON,EOH2400,NE15,54.0,Unemployed,Unemployed/Benefits,"0 - 12,500",2020-11-07T00:00:00.000Z,Owner-Occupied,5.0,DE,4.0,24/11/2020,Phoenix,Urban,2003 - 2006,D,1.0,0.0,74.0,5.0,3.0,8.0,2.4,Cavity_Insulated,Solid,Pitched,Double,Yes,Gas,Gas Boiler - Combi,,,,0.0,0.0,0.0,No,No,,,,,,,,,,No,No,No,Yes,Hybrid,,,,,,,No,,,,,,,,,,,,,,,,,,,,,,,,,,,,,,,,,,,,,,,,,House_Semi-Detached_2.0
E.ON,EOH0605,NE6,30.0,Working Full time (>30hrs),Professional,"25,001 - 30,000",2020-11-09T00:00:00.000Z,Owner-Occupied,3.0,C1,5.0,24/11/2020,Phoenix,Urban,1950 - 1966,D,1.0,0.0,60.0,3.0,2.0,6.0,2.5,Cavity_Insulated,Suspended,Pitched,Double,Yes,Gas,Gas Boiler - Combi,Fire - Wood,,,0.0,0.0,1.0,No,No,,,5.275,87.92,10565.0,3092.0,455.0,47.0,3.48,Yes with additional measures,No,Yes,Yes,ASHP,Barrier,11813.0,300.0,658.0,14.3,3.8,Yes,25/03/2021,Aaron Services,ASHP,,Daikin,EDLQ07CAV4,7.0,R410A,,Water_new,150.0,,1.0,7.0,0.0,0.0,none,enclosure,No,0.0,0.0,0.0,No,No,0.0,0.0,,no,5648.0,1701.0,,2686.0,0.0,0.0,0.0,0.0,0.0,0.0,3.5,0.0,House_End-Terrace_2.0
E.ON,EOH1257,NE3,52.0,Working Full time (>30hrs),Professional,"50,001+",2020-11-09T00:00:00.000Z,Owner-Occupied,7.0,AB,1.0,02/12/2020,Phoenix,Urban,1967 - 1975,D,1.0,0.0,87.0,5.0,3.0,8.0,2.4,Cavity_Insulated,Solid,Pitched,Double,Yes,Gas,Gas Boiler - Combi,,,,1.0,0.0,0.0,No,No,2653.0,11808.0,,,,,,,,Yes,No,Yes,Yes,None - Installation not recommended,,,,,,,,,,,,,,,,,,,,,,,,,,,,,,,,,,,,,,,,,,,,,,,,House_Semi-Detached_2.0
E.ON,EOH1940,NE15,49.0,Working Full time (>30hrs),Professional,"20,001 - 25,000",2020-11-09T00:00:00.000Z,Owner-Occupied,22.0,C1,3.0,25/11/2020,Phoenix,Urban,1983 - 1990,,2.0,1.0,64.0,3.0,2.0,5.0,2.4,Cavity_Insulated,Suspended,Pitched,Double,Yes,Gas,Gas Boiler - Combi,,,,0.0,0.0,1.0,No,No,,,6.117,95.57,14830.0,3820.0,0.0,55.0,2.96,No,No,No,Yes,Hybrid,Barrier,10245.0,200.0,744.0,14.3,3.8,Yes,28/01/2021,Phoenix,Hybrid,Separate_New Boiler,Daikin,EHY2KOMB28AA,4.0,R32,,,,,1.0,10.0,0.0,0.0,none,none,No,0.0,0.0,0.0,No,No,0.0,0.0,,no,5739.82,,,2870.84,0.0,0.0,0.0,0.0,0.0,0.0,2.0,0.0,House_Semi-Detached_2.0
E.ON,EOH1606,NE4,,Working Full time (>30hrs),Manager,"50,001+",2020-11-09T00:00:00.000Z,Owner-Occupied,26.0,AB,5.0,25/11/2020,Phoenix,Urban,1930 - 1949,,4.0,2.0,220.0,8.0,5.0,13.0,2.6,Cavity_Insulated,Suspended,Pitched,Double,Yes,Gas,Gas Boiler - Standard,Fire - Gas,Water,210,0.0,2.0,1.0,No,No,6023.0,,,,,,,,,No,No,No,No,None - Installation not recommended,,,,,,,,,,,,,,,,,,,,,,,,,,,,,,,,,,,,,,,,,,,,,,,,House_Detached_3.0
E.ON,EOH0565,NE5,57.0,Working Full time (>30hrs),Manager,"30,001 - 40,000",2020-11-09T00:00:00.000Z,Owner-Occupied,14.0,AB,3.0,25/11/2020,Phoenix,Urban,1930 - 1949,,1.0,0.0,87.0,5.0,3.0,7.0,2.4,Cavity_Insulated,Suspended,Pitched,Double,Yes,Gas,Gas Boiler - Combi,Fire - Electric,,,0.0,0.0,1.0,No,No,,,6.174,70.97,12414.0,3820.0,0.0,55.0,2.96,No,No,No,Yes with additional measures,Hybrid,Wall insulation,10430.0,1000.0,640.0,14.3,3.8,Yes,08/02/2021,Phoenix,Hybrid,Separate_New Boiler,Daikin,EHY2KOMB28AA,4.0,R32,,,,,1.0,9.0,0.0,0.0,none,none,No,0.0,0.0,0.0,No,No,0.0,0.0,Cavity,no,5739.82,,,3055.06,0.0,0.0,750.0,0.0,0.0,0.0,3.0,1.0,House_Semi-Detached_2.0
E.ON,EOH1223,NE5,28.0,Working Full time (>30hrs),Skilled Manual Worker,"25,001 - 30,000",2020-11-09T00:00:00.000Z,Owner-Occupied,2.0,C2,1.0,25/11/2020,Phoenix,Urban,1950 - 1966,E,2.0,0.0,86.0,5.0,3.0,6.0,2.3,Cavity_Insulated,Solid,Pitched,Double,No,Electricity,Electric - Storage,,Water,150,0.0,0.0,0.0,No,No,,,5.427,63.0,10873.0,4475.0,655.0,,,Yes with additional measures,No,Yes,No,ASHP,Loft insulation planning application,11678.0,650.0,756.0,14.3,3.8,,,,,,,,,,,,,,,,,,,,,,,,,,,,,,,,,,,,,,,,,,House_End-Terrace_2.0
E.ON,EOH2918,NE5,53.0,Working Full time (>30hrs),Semi and unskilled manual worker,"30,001 - 40,000",2020-11-10T00:00:00.000Z,Owner-Occupied,15.0,C2,1.0,26/11/2020,Phoenix,Urban,1950 - 1966,E,3.0,2.0,160.0,7.0,4.0,10.0,2.4,Cavity_No_insulation,Suspended,Pitched,Double,Yes,Gas,Gas Boiler - Combi,,,,0.0,0.0,1.0,No,No,,,,,,,,,,No,No,No,No,None - Installation not recommended,,,,,,,,,,,,,,,,,,,,,,,,,,,,,,,,,,,,,,,,,,,,,,,,House_Semi-Detached_2.0
E.ON,EOH1992,NE15,34.0,Working Full time (>30hrs),Professional,"50,001+",2020-11-10T00:00:00.000Z,Owner-Occupied,3.0,AB,5.0,15/12/2020,Phoenix,Urban,1950 - 1966,C,2.0,1.0,145.0,6.0,3.0,9.0,2.7,Cavity_Insulated,Suspended,Pitched,Double,Yes,Gas,Gas Boiler - Combi,Fire - Wood,,,0.0,0.0,0.0,No,No,,,,,,,,,,Yes,No,Yes,Yes,None - Installation not recommended,,,,,,,,,,,,,,,,,,,,,,,,,,,,,,,,,,,,,,,,,,,,,,,,House_Semi-Detached_2.0
E.ON,EOH3201,NE15,61.0,Retired,Pensioner,"20,001 - 25,000",2020-11-10T00:00:00.000Z,Owner-Occupied,32.0,DE,3.0,13/11/2020,Phoenix,Urban,1950 - 1966,,2.0,0.0,96.0,5.0,3.0,7.0,2.4,Cavity_Insulated,Suspended,Pitched,Double,Yes,Gas,Gas Boiler - Combi,,,,0.0,0.0,0.0,No,No,3536.0,13346.0,,,,,,,,,,,,,,,,,,,No,,,,,,,,,,,,,,,,,,,,,,,,,,,,,,,,,,,,,,,,,House_Semi-Detached_2.0
E.ON,EOH2823,NE4,51.0,Working Full time (>30hrs),Professional,Prefer not to say,2020-11-10T00:00:00.000Z,Owner-Occupied,7.0,AB,1.0,27/11/2020,Phoenix,Urban,1930 - 1949,C,3.0,1.0,102.0,5.0,3.0,8.0,2.6,Cavity_Insulated,Suspended,Pitched,Double,Yes,Gas,Gas Boiler - Combi,,,,0.0,0.0,1.0,No,No,3017.0,13834.0,6.62,67.37,13321.0,4475.0,655.0,,,Yes,No,Yes,Yes,ASHP,Loft Insulation,11863.76,500.0,868.0,14.3,3.8,No,,,,,,,,,,,,,,,,,,,,,,,,,,,,,,,,,,,,,,,,,House_Semi-Detached_2.0
E.ON,EOH0683,NE2,59.0,Working Full time (>30hrs),Professional,"40,001 - 50,000",2020-11-10T00:00:00.000Z,Owner-Occupied,24.0,AB,3.0,20/11/2020,Phoenix,Urban,1930 - 1949,,5.0,0.0,180.0,8.0,5.0,14.0,2.7,Cavity_Insulated,Suspended,Pitched,Double,Yes,Gas,Gas Boiler - Combi,,,,0.0,0.0,1.0,No,No,6895.0,42186.0,13.639,75.77,11135.9,5731.0,0.0,55.0,2.96,No,No,No,Yes with additional measures,Hybrid,Loft Insulation,12450.0,500.0,1331.0,14.3,3.8,Yes,03/02/2021,Phoenix,Hybrid,Separate_New Boiler,Daikin,EHY2KOMB28AA,4.0,R32,,,,,1.0,15.0,0.0,0.0,none,none,No,0.0,0.0,0.0,No,Yes,0.0,0.0,,no,5912.2,,,4903.42,0.0,500.0,0.0,0.0,0.0,0.0,4.0,0.5,House_Semi-Detached_3.0
E.ON,EOH0701,NE3,60.0,Unemployed,Unemployed/Benefits,"16,201 - 20,000",2020-11-11T00:00:00.000Z,Owner-Occupied,16.0,DE,4.0,30/11/2020,Phoenix,Urban,1950 - 1966,,3.0,0.0,90.0,5.0,3.0,7.0,2.4,Solid_No_insulation,Solid,Pitched,Single,Yes,Gas,Gas Boiler - Combi,,,,0.0,0.0,0.0,No,No,3500.0,13800.0,11.49,121.18,11882.0,3820.0,0.0,,,No,No,No,Yes,Hybrid,None Required,10060.85,0.0,1264.0,14.3,3.8,No,,,,,,,,,,,,,,,,,,,,,,,,,,,,,,,,,,,,,,,,,House_Mid-Terrace_2.0
E.ON,EOH0155,NE3,40.0,Working Full time (>30hrs),Manager,"50,001+",2020-11-11T00:00:00.000Z,Owner-Occupied,13.0,AB,3.0,01/12/2020,Phoenix,Urban,1950 - 1966,,2.0,2.0,73.0,5.0,3.0,7.0,2.4,Cavity_Insulated,Solid,Pitched,Double,Yes,Gas,Gas Boiler - Standard,Fire - Electric,Water,110,0.0,0.0,1.0,No,No,,,,,,,,,,No,No,No,No,None - Installation not recommended,,,,,,,,,,,,,,,,,,,,,,,,,,,,,,,,,,,,,,,,,,,,,,,,House_Semi-Detached_2.0
E.ON,EOH1973,NE3,54.0,Working Full time (>30hrs),Professional,"50,001+",2020-11-11T00:00:00.000Z,Owner-Occupied,9.0,AB,2.0,04/12/2020,Phoenix,Urban,1950 - 1966,D,2.0,2.0,111.0,6.0,4.0,10.0,2.5,Cavity_Insulated,Suspended,Pitched,Double,Yes,Gas,Gas Boiler - Combi,Fire - Wood,,,0.0,0.0,1.0,No,No,6969.0,21834.0,8.94,78.76,17910.0,5594.0,818.0,,,No,No,Yes,Yes,HT_ASHP,Loft Insulation,18545.36,500.0,1219.0,14.3,3.8,No,,,,,,,,,,,,,,,,,,,,,,,,,,,,,,,,,,,,,,,,,House_Semi-Detached_2.0
E.ON,EOH1354,NE5,52.0,Working Full time (>30hrs),Skilled Manual Worker,"12,501 - 16,200",2020-11-11T00:00:00.000Z,Owner-Occupied,17.0,C2,3.0,01/12/2020,Phoenix,Urban,1967 - 1975,,1.0,0.0,80.0,4.0,3.0,5.0,2.4,Cavity_Insulated,Suspended,Pitched,Double,Yes,Gas,Gas Boiler - Combi,,,,0.0,0.0,0.0,No,No,,,,,,,,,,No,No,No,No,None - Installation not recommended,,,,,,,,,,,,,,,,,,,,,,,,,,,,,,,,,,,,,,,,,,,,,,,,House_Semi-Detached_2.0
E.ON,EOH1024,NE15,46.0,Unemployed,Unemployed/Benefits,"12,501 - 16,200",2020-11-11T00:00:00.000Z,Owner-Occupied,6.0,DE,3.0,01/12/2020,Phoenix,Urban,1967 - 1975,D,3.0,0.0,136.0,6.0,3.0,8.0,2.5,Cavity_Insulated,Mix,Pitched,Double,Yes,Gas,Gas Boiler - Combi,Fire - Wood,,,0.0,0.0,1.0,Yes - Ground Loop,Yes,,,,,,,,,,No,No,No,No,None - Installation not recommended,,,,,,,,,,,,,,,,,,,,,,,,,,,,,,,,,,,,,,,,,,,,,,,,House_Semi-Detached_2.0
E.ON,EOH1664,NE3,58.0,Working Full time (>30hrs),Professional,"40,001 - 50,000",2020-11-11T00:00:00.000Z,Owner-Occupied,10.0,AB,4.0,01/12/2020,Phoenix,Urban,1930 - 1949,C,2.0,1.0,100.0,5.0,3.0,9.0,2.5,Cavity_Insulated,Solid,Pitched,Double,Yes,Gas,Gas Boiler - Combi,,,,0.0,0.0,1.0,No,No,3050.0,8760.0,7.921,79.21,15867.0,1910.0,0.0,55.0,2.96,No,No,No,Yes,Hybrid,None Required,10430.0,,678.0,14.3,3.8,Yes,03/02/2021,Phoenix,Hybrid,Separate_New Boiler,Daikin,EHY2KOMB28AA,4.0,R32,,,,,1.0,11.0,0.0,0.0,none,none,No,0.0,0.0,0.0,No,No,0.0,0.0,,no,5739.82,,,3425.04,0.0,0.0,0.0,0.0,0.0,0.0,2.5,0.0,House_Semi-Detached_2.0
E.ON,EOH2795,NE3,69.0,Working Part time,Professional,"20,001 - 25,000",2020-11-11T00:00:00.000Z,Owner-Occupied,10.0,C1,5.0,04/12/2020,Phoenix,Urban,1950 - 1966,,2.0,0.0,130.0,6.0,4.0,7.0,2.5,Cavity_Insulated,Solid,Pitched,Double,Yes,Gas,Gas Boiler - Combi,Fire - Wood,,,0.0,0.0,1.0,No,No,3805.0,16517.0,9.97,86.61,19992.0,5594.0,818.0,,,No,No,Yes,Yes,HT_ASHP,None Required,18360.37,0.0,1240.0,14.3,3.8,No,,,,,,,,,,,,,,,,,,,,,,,,,,,,,,,,,,,,,,,,,House_Detached_2.0
E.ON,EOH0563,NE3,67.0,Retired,Pensioner,"25,001 - 30,000",2020-11-11T00:00:00.000Z,Owner-Occupied,35.0,DE,1.0,03/12/2020,Phoenix,Urban,1967 - 1975,,1.0,0.0,123.0,8.0,4.0,11.0,2.4,Cavity_Insulated,Mix,Pitched,Double,Yes,Gas,Gas Boiler - Combi,Fire - Gas,,,0.0,1.0,0.0,No,No,3766.0,12000.0,8.91,73.6,8234.0,4776.0,0.0,,,Yes,No,Yes,Yes,Hybrid,None Required,10430.83,0.0,1053.0,14.3,3.8,No,,,,,,,,,,,,,,,,,,,,,,,,,,,,,,,,,,,,,,,,,House_Detached_2.0
E.ON,EOH0699,NE5,74.0,Retired,Pensioner,"12,501 - 16,200",2020-11-11T00:00:00.000Z,Owner-Occupied,22.0,DE,5.0,01/12/2020,Phoenix,Urban,1983 - 1990,,1.0,0.0,56.0,4.0,2.0,6.0,2.4,Cavity_Insulated,Solid,Pitched,Double,Yes,Gas,Gas Boiler - Combi,,,,0.0,0.0,0.0,No,No,4000.0,17000.0,6.016,83.79,14582.0,1910.0,0.0,55.0,2.96,No,No,No,Yes,Hybrid,None Required,9875.86,,641.0,14.3,3.8,Yes,25/02/2021,Phoenix,Hybrid,Separate_New Boiler,Daikin,EHY2KOMB28AA,4.0,R32,,,,,1.0,8.0,0.0,0.0,none,none,No,0.0,0.0,0.0,No,Yes,0.0,0.0,,no,5789.82,,,2500.86,0.0,500.0,0.0,0.0,0.0,0.0,2.5,0.5,House_Semi-Detached_1.0
E.ON,EOH1970,NE5,41.0,Working Full time (>30hrs),Professional,"50,001+",2020-11-12T00:00:00.000Z,Owner-Occupied,3.0,AB,5.0,02/12/2020,Phoenix,Urban,1950 - 1966,D,2.0,2.0,90.0,5.0,3.0,7.0,2.5,Cavity_Insulated,Solid,Pitched,Double,Yes,Gas,Gas Boiler - Combi,Fire - Gas,,,0.0,1.0,1.0,No,No,3368.0,15907.0,5.48,60.88,7270.1,1910.0,0.0,55.0,2.96,No,No,No,Yes with additional measures,Hybrid,Loft Insulation,10060.85,500.0,586.0,14.0,4.0,Yes,30/04/2021,Phoenix,Hybrid,Separate_New Boiler,Daikin,EHY2KOMB28AA,4.0,R32,,,,,1.0,9.0,0.0,0.0,none,none,No,0.0,1.0,0.0,No,Yes,0.0,0.0,,no,5739.82,,,2685.85,0.0,500.0,0.0,0.0,0.0,0.0,3.0,0.0,House_Semi-Detached_2.0
E.ON,EOH2240,NE5,40.0,Working Full time (>30hrs),Manager,"30,001 - 40,000",2020-11-12T00:00:00.000Z,Owner-Occupied,8.0,C1,3.0,02/12/2020,Phoenix,Urban,1930 - 1949,D,2.0,2.0,80.0,5.0,3.0,7.0,2.5,Cavity_Insulated,Suspended,Pitched,Double,Yes,Gas,Gas Boiler - Combi,,,,0.0,0.0,1.0,No,No,2013.0,9864.0,,,,,,,,Yes,No,Yes,Yes,None - Installation not recommended,,,,,,,,,,,,,,,,,,,,,,,,,,,,,,,,,,,,,,,,,,,,,,,,House_Semi-Detached_2.0
E.ON,EOH1712,NE5,44.0,Working Full time (>30hrs),Manager,"12,501 - 16,200",2020-11-12T00:00:00.000Z,Owner-Occupied,15.0,C1,1.0,03/12/2020,Phoenix,Urban,1950 - 1966,D,2.0,2.0,116.0,5.0,3.0,7.0,2.7,Cavity_Insulated,Suspended,Pitched,Double,Yes,Gas,Gas Boiler - Combi,Fire - Gas,,,0.0,2.0,1.0,No,No,,,8.232,73.65,16552.0,3820.0,0.0,55.0,2.96,No,No,Yes,Yes with additional measures,Hybrid,Loft Insulation,9875.86,200.0,806.0,14.3,3.8,Yes,24/02/2021,Phoenix,Hybrid,Separate_New Boiler,Daikin,EHY2KOMB28AA,4.0,R32,,,,,1.0,8.0,0.0,0.0,none,none,No,0.0,0.0,0.0,No,Yes,0.0,0.0,,no,5739.82,,,2500.86,0.0,500.0,0.0,0.0,0.0,0.0,2.5,0.5,House_Semi-Detached_2.0
E.ON,EOH1708,NE13,54.0,Working Full time (>30hrs),Skilled Manual Worker,"20,001 - 25,000",2020-11-12T00:00:00.000Z,Owner-Occupied,18.0,C2,2.0,11/01/2021,Phoenix,Urban,1950 - 1966,C,2.0,2.0,85.0,5.0,3.0,8.0,2.4,Cavity_Insulated,Solid,Pitched,Double,Yes,Gas,Gas Boiler - Combi,,,,0.0,0.0,1.0,No,No,3497.0,15521.0,4.404,51.81,10673.0,3311.0,0.0,55.0,2.96,No,No,No,Yes with additional measures,Hybrid,Loft Insulation,9875.86,300.0,559.0,14.3,3.8,Yes,19/02/2021,Phoenix,Hybrid,Separate_New Boiler,Daikin,EHY2KOMB28AA,4.0,R32,,,,,1.0,8.0,0.0,0.0,none,none,No,0.0,0.0,0.0,No,Yes,0.0,0.0,,no,5739.82,,,2500.86,0.0,500.0,0.0,0.0,0.0,0.0,2.5,0.5,House_Semi-Detached_2.0
E.ON,EOH3158,NE3,57.0,Working Full time (>30hrs),Manager,"40,001 - 50,000",2020-11-12T00:00:00.000Z,Owner-Occupied,15.0,AB,3.0,02/12/2020,Phoenix,Urban,1983 - 1990,,2.0,1.0,153.0,8.0,5.0,9.0,2.4,Cavity_Insulated,Suspended,Pitched,Double,Yes,Gas,Gas Boiler - Standard,Fire - Gas,Water,110,0.0,1.0,1.0,No,No,3159.0,33524.0,9.396,76.44,18816.8,6183.0,911.0,49.0,3.15,Yes with additional measures,No,Yes,No,ASHP,Loft Insulation,15633.11,300.0,1322.0,14.3,3.8,Yes,12/05/2021,Aaron Services,ASHP,,Daikin,EDLQ014CAV3,14.0,R410A,,Water_new,300.0,,1.0,14.0,0.0,0.0,none,none,No,0.0,0.0,0.0,No,Yes,0.0,0.0,,no,9047.0,1752.0,,4349.22,0.0,500.0,0.0,0.0,0.0,0.0,3.0,0.5,House_Detached_2.0
E.ON,EOH0577,NE5,65.0,Working Part time,Clerical,"12,501 - 16,200",2020-11-12T00:00:00.000Z,Owner-Occupied,31.0,C1,2.0,02/12/2020,Phoenix,Urban,1950 - 1966,,1.0,0.0,90.0,5.0,3.0,8.0,2.4,Cavity_Insulated,Suspended,Pitched,Double,Yes,Gas,Gas Boiler - Standard,Fire - Electric,Water,110,0.0,0.0,0.0,No,No,,,6.203,83.82,15037.0,3820.0,0.0,55.0,2.96,No,No,No,Yes,Hybrid,sound barrier,10430.06,300.0,762.0,14.3,3.8,Yes,11/02/2021,Phoenix,Hybrid,Separate_New Boiler,Daikin,EHY2KOMB28AA,4.0,R32,,,,,1.0,8.0,0.0,0.0,none,enclosure,No,0.0,0.0,0.0,No,Yes,0.0,0.0,,no,5739.82,,,2870.07,0.0,500.0,0.0,0.0,0.0,0.0,2.5,0.5,House_Semi-Detached_2.0
E.ON,EOH2462,NE3,44.0,Working Full time (>30hrs),Manager,"50,001+",2020-11-12T00:00:00.000Z,Owner-Occupied,14.0,AB,3.0,02/12/2020,Phoenix,Urban,1930 - 1949,,1.0,0.0,120.0,6.0,3.0,7.0,2.5,Cavity_No_insulation,Suspended,Pitched,Double,Yes,Gas,Gas Boiler - Combi,Fire - Gas,,,0.0,2.0,0.0,No,No,3999.0,36593.0,,,,,,,,No,No,Yes,No,None - Installation not recommended,,,,,,,,,,,,,,,,,,,,,,,,,,,,,,,,,,,,,,,,,,,,,,,,House_Semi-Detached_2.0
E.ON,EOH0103,NE7,,Working Full time (>30hrs),Skilled Manual Worker,"20,001 - 25,000",2020-11-12T00:00:00.000Z,Owner-Occupied,22.0,C2,2.0,03/12/2020,Phoenix,Urban,1900 - 1929,,2.0,0.0,85.0,5.0,3.0,7.0,2.6,Cavity_Insulated,Suspended,Pitched,Double,Yes,Gas,Gas Boiler - Combi,Fire - Gas,,,0.0,1.0,1.0,No,No,,,,,,,,,,No,No,Yes with additional measures,No,None - Installation not recommended,,,,,,,,,,,,,,,,,,,,,,,,,,,,,,,,,,,,,,,,,,,,,,,,House_Semi-Detached_2.0
E.ON,EOH3004,NE6,42.0,Working Full time (>30hrs),Professional,"50,001+",2020-11-12T00:00:00.000Z,Owner-Occupied,6.0,AB,5.0,04/02/2021,Phoenix,Urban,1930 - 1949,D,2.0,2.0,142.0,6.0,3.0,8.0,2.6,Cavity_Insulated,Suspended,Pitched,Double,Yes,Gas,Gas Boiler - Combi,Fire - Wood,,,0.0,0.0,1.0,No,No,,,,,,,,,,Yes,No,Yes,Yes,None - Installation not recommended,,,,,,,,,,,,,,,,,,,,,,,,,,,,,,,,,,,,,,,,,,,,,,,,House_Semi-Detached_2.0
E.ON,EOH0466,NE3,72.0,Retired,Pensioner,"20,001 - 25,000",2020-11-13T00:00:00.000Z,Owner-Occupied,35.0,DE,1.0,07/12/2020,Phoenix,Urban,1950 - 1966,,2.0,0.0,160.0,8.0,5.0,10.0,2.7,Cavity_Insulated,Suspended,Pitched,Double,Yes,Gas,Gas Boiler - Combi,,,,0.0,0.0,1.0,No,No,,,,,,,,,,Yes with additional measures,No,Yes with additional measures,Yes with additional measures,None - Installation not recommended,,,,,,,,,,,,,,,,,,,,,,,,,,,,,,,,,,,,,,,,,,,,,,,,House_Semi-Detached_2.0
E.ON,EOH2622,NE3,72.0,Working Full time (>30hrs),Professional,Prefer not to say,2020-11-16T00:00:00.000Z,Owner-Occupied,28.0,C1,1.0,07/12/2020,Phoenix,Urban,1930 - 1949,D,2.0,0.0,131.0,7.0,4.0,9.0,2.7,Cavity_Insulated,Suspended,Pitched,Double,Yes,Gas,Gas Boiler - Standard,Fire - Gas,Water,110,0.0,1.0,1.0,No,No,3900.0,35191.0,8.762,84.31,17563.0,4776.0,0.0,55.0,2.96,No,No,No,Yes,Hybrid,None Required,10615.05,,859.0,14.3,3.8,Yes,01/04/2021,Phoenix,Hybrid,Separate_New Boiler,Daikin,EHY2KOMB28AA,4.0,R32,,,,,1.0,10.0,0.0,0.0,none,none,No,0.0,0.0,0.0,No,No,0.0,0.0,,no,5739.82,,,3240.0,0.0,0.0,0.0,0.0,0.0,0.0,3.0,0.0,House_Semi-Detached_2.0
E.ON,EOH2412,NE4,39.0,Working Full time (>30hrs),Clerical,"20,001 - 25,000",2020-11-16T00:00:00.000Z,Owner-Occupied,4.0,C1,3.0,07/12/2020,Phoenix,Urban,1950 - 1966,C,2.0,2.0,114.0,6.0,3.0,8.0,2.5,Cavity_Insulated,Suspended,Pitched,Double,Yes,Gas,Gas Boiler - Combi,Fire - Gas,,,0.0,2.0,1.0,No,No,,,9.025,79.16,18146.8,3820.0,0.0,55.0,2.96,No,No,No,Yes,Hybrid,None Required,10245.84,,844.0,14.3,3.8,Yes,16/04/2021,Phoenix,Hybrid,Separate_New Boiler,Daikin,EHY2KOMB28AA,4.0,R32,,,,,1.0,10.0,0.0,0.0,none,none,No,0.0,0.0,0.0,No,No,0.0,0.0,,no,5739.82,,,2870.84,0.0,0.0,0.0,0.0,0.0,0.0,3.0,0.0,House_Semi-Detached_2.0
E.ON,EOH1551,NE15,50.0,Working Full time (>30hrs),Clerical,"25,001 - 30,000",2020-11-16T00:00:00.000Z,Owner-Occupied,17.0,C1,2.0,11/12/2020,Phoenix,Urban,1930 - 1949,,2.0,0.0,110.0,5.0,3.0,7.0,2.5,Cavity_Insulated,Suspended,Pitched,Double,Yes,Gas,Gas Boiler - Combi,Fire - Gas,,,0.0,1.0,0.0,No,No,2833.0,12976.0,,,,,,,,Yes with additional measures,No,Yes with additional measures,Yes with additional measures,None - Installation not recommended,,,,,,,,,,,,,,,,,,,,,,,,,,,,,,,,,,,,,,,,,,,,,,,,House_Semi-Detached_2.0
E.ON,EOH0198,NE15,91.0,Retired,Pensioner,"16,201 - 20,000",2020-11-17T00:00:00.000Z,Owner-Occupied,57.0,DE,2.0,09/12/2020,Phoenix,Urban,1950 - 1966,,1.0,0.0,99.0,5.0,3.0,0.0,2.4,Cavity_Insulated,Solid,Pitched,Double,No,Electricity,Electric - Storage,Fire - Gas,Water,110,0.0,1.0,1.0,No,No,7331.0,3586.0,,,,,,,,No,No,No,No,None - Installation not recommended,,,,,,,,,,,,,,,,,,,,,,,,,,,,,,,,,,,,,,,,,,,,,,,,House_Semi-Detached_2.0
E.ON,EOH1374,NE15,46.0,Working Full time (>30hrs),Professional,"50,001+",2020-11-17T00:00:00.000Z,Owner-Occupied,5.0,AB,4.0,14/12/2020,Phoenix,Urban,2012 onwards,,2.0,3.0,120.0,6.0,4.0,10.0,2.3,Cavity_Insulated,Solid,Pitched,Double,Yes,Gas,Gas Boiler - Combi,,,,0.0,0.0,0.0,No,No,,,,,,,,,,No,No,No,No,,,,,,,,,,,,,,,,,,,,,,,,,,,,,,,,,,,,,,,,,,,,,,,,,House_Semi-Detached_2.0
E.ON,EOH1342,NE3,32.0,Working Full time (>30hrs),Professional,"30,001 - 40,000",2020-11-25T00:00:00.000Z,Owner-Occupied,0.9,AB,5.0,18/01/2021,Phoenix,Urban,1983 - 1990,D,3.0,0.0,85.0,4.0,2.0,7.0,2.4,Cavity_Insulated,Suspended,Pitched,Double,Yes,Gas,Gas Boiler - Combi,,,,0.0,0.0,0.0,No,No,1434.0,14178.0,,,,,,,,Yes,No,Yes,Yes,None - Installation not recommended,,,,,,,,,,,,,,,,,,,,,,,,,,,,,,,,,,,,,,,,,,,,,,,,House_Semi-Detached_2.0
E.ON,EOH0311,NE5,,Working Full time (>30hrs),Skilled Manual Worker,"50,001+",2020-11-18T00:00:00.000Z,Owner-Occupied,14.0,C2,5.0,09/12/2020,Phoenix,Urban,1950 - 1966,,2.0,1.0,120.0,5.0,3.0,6.0,2.4,Cavity_Insulated,Suspended,Pitched,Double,Yes,Gas,Gas Boiler - Combi,Fire - Gas,,,0.0,1.0,1.0,No,No,,,7.274,78.09,17518.0,4002.0,181.0,45.0,3.42,Yes,No,Yes,Yes,ASHP,None Required,13134.93,,932.0,14.3,3.8,Yes,04/06/2021,Aaron services,ASHP,,Daikin,EDLQ011CAV3,11.0,R410A,,Water_new,250.0,,1.0,12.0,0.0,0.0,none,none,No,0.0,0.0,0.0,No,No,0.0,0.0,,no,6364.21,1752.0,,3240.82,0.0,0.0,0.0,0.0,0.0,0.0,4.0,0.0,House_Semi-Detached_2.0
E.ON,EOH2991,NE4,77.0,Retired,Pensioner,"16,201 - 20,000",2020-11-18T00:00:00.000Z,Owner-Occupied,1.0,DE,2.0,08/12/2020,Phoenix,Urban,1930 - 1949,E,3.0,0.0,88.0,5.0,3.0,8.0,2.5,Cavity_Insulated,Suspended,Pitched,Double,Yes,Gas,Gas Boiler - Combi,Fire - Electric,,,0.0,0.0,1.0,No,No,1500.0,13400.0,6.768,87.19,13610.0,3820.0,0.0,55.0,2.96,No,No,No,Yes,Hybrid,None Required,10447.65,,671.0,14.3,3.8,Yes,12/02/2021,Phoenix,Hybrid,Separate_New Boiler,Daikin,EHY2KOMB28AA,4.0,R32,,,,,1.0,7.0,0.0,1.0,none,none,No,0.0,0.0,0.0,No,No,0.0,0.0,,no,5739.82,,,3072.65,0.0,0.0,0.0,0.0,0.0,0.0,2.5,0.0,House_Semi-Detached_2.0
E.ON,EOH1822,NE13,60.0,Working Part time,Professional,"50,001+",2020-11-19T00:00:00.000Z,Owner-Occupied,19.0,AB,5.0,11/12/2020,Phoenix,Urban,1983 - 1990,,2.0,0.0,80.0,4.0,2.0,6.0,2.4,Cavity_Insulated,Suspended,Pitched,Double,Yes,Gas,Gas Boiler - Combi,Fire - Wood,,,0.0,,1.0,No,No,,,,,,,,,,Yes with additional measures,No,Yes with additional measures,Yes with additional measures,None - Installation not recommended,,,,,,,,,,,,,,,,,,,,,,,,,,,,,,,,,,,,,,,,,,,,,,,,House_Semi-Detached_2.0
E.ON,EOH3055,NE13,67.0,Retired,Pensioner,"16,201 - 20,000",2020-11-23T00:00:00.000Z,Owner-Occupied,46.0,DE,4.0,08/12/2020,Phoenix,Urban,1950 - 1966,,2.0,0.0,90.0,5.0,3.0,7.0,2.5,Cavity_Insulated,Solid,Pitched,Double,Yes,Gas,Gas Boiler - Combi,Fire - Electric,,,0.0,0.0,1.0,No,No,3785.0,11382.0,5.029,55.87,12182.0,4475.0,655.0,45.0,3.57,Yes,No,Yes,Yes,ASHP,None Required,12602.0,,757.0,14.3,3.8,Yes,25/03/2021,Aaron Services,ASHP,,Daikin,EDLQ07CAV6,7.0,R410A,,Water_new,200.0,,1.0,9.0,0.0,0.0,none,none,No,0.0,0.0,0.0,No,No,0.0,0.0,,no,5648.0,1752.0,,3424.0,0.0,0.0,0.0,0.0,0.0,0.0,3.0,0.0,House_Semi-Detached_2.0
E.ON,EOH2852,NE15,62.0,Unemployed,Unemployed/Benefits,"0 - 12,500",2020-11-23T00:00:00.000Z,Owner-Occupied,20.0,DE,4.0,10/12/2020,Phoenix,Urban,1950 - 1966,,3.0,0.0,130.0,4.0,3.0,7.0,2.4,Cavity_Insulated,Solid,Pitched,Double,Yes,Gas,Gas Boiler - Combi,,,,0.0,0.0,1.0,No,No,2497.0,15320.0,7.683,59.1,18615.0,4776.0,0.0,55.0,2.96,No,No,No,Yes,Hybrid,None Required,10985.0,,906.0,14.3,3.8,Yes,29/01/2021,Phoenix,Hybrid,Separate_New Boiler,Daikin,EHY2KOMB28AA,4.0,R32,,,,,1.0,12.0,0.0,0.0,none,none,No,0.0,0.0,0.0,No,No,0.0,0.0,,no,5739.82,,,3610.03,0.0,0.0,0.0,0.0,0.0,0.0,2.5,0.0,House_Detached_2.0
E.ON,EOH1794,NE3,56.0,Working Full time (>30hrs),Manager,"50,001+",2020-11-24T00:00:00.000Z,Owner-Occupied,18.0,C1,1.0,10/12/2020,Phoenix,Urban,1996 - 2002,E,4.0,1.0,178.0,8.0,5.0,12.0,2.4,Cavity_Insulated,Solid,Pitched,Double,Yes,Gas,Gas Boiler - Standard,Fire - Gas,Water,250,1.0,1.0,1.0,No,No,,,13.873,93.1,33611.0,5731.0,0.0,,,No,No,No,Yes,Hybrid,None Required,13103.0,,1626.0,14.3,3.8,Yes,24/01/2021,Phoenix,Hybrid,Separate_New Boiler,Daikin,EHY2KOMB28AA,4.0,R32,,,,,2.0,18.0,0.0,0.0,none,none,No,0.0,0.0,0.0,No,No,0.0,0.0,,no,5912.2,,,5740.91,0.0,0.0,0.0,0.0,0.0,0.0,4.0,,House_Detached_3.0
E.ON,EOH1965,NE3,32.0,Working Full time (>30hrs),Professional,"40,001 - 50,000",2020-11-25T00:00:00.000Z,Owner-Occupied,0.9,AB,5.0,18/12/2020,Phoenix,Urban,1930 - 1949,D,2.0,0.0,142.0,8.0,5.0,10.0,2.6,Cavity_Insulated,Suspended,Pitched,Double,Yes,Gas,Gas Boiler - Combi,Fire - Gas,,,0.0,2.0,1.0,No,No,6247.0,18683.0,10.032,70.64,20108.5,6713.0,982.0,62.0,3.09,No,No,Yes,No,HT_ASHP,None Required,17805.4,,1433.0,14.3,3.8,Yes,20/09/2021,Phoenix,HT_ASHP,,Daikin,EPRA16DAV3,16.0,R32,,water_new,300.0,,1.0,10.0,0.0,0.0,,,No,0.0,0.0,0.0,No,No,0.0,0.0,,no,9687.81,1752.34,,3609.26,,0.0,0.0,0.0,0.0,0.0,3.0,,House_Semi-Detached_2.0
E.ON,EOH2037,NE13,58.0,Retired,Pensioner,"12,501 - 16,200",2020-11-23T00:00:00.000Z,Owner-Occupied,28.0,DE,2.0,11/12/2020,Phoenix,Urban,1983 - 1990,,2.0,0.0,110.0,5.0,3.0,7.0,2.4,Cavity_Insulated,Suspended,Pitched,Double,Yes,Gas,Gas Boiler - Combi,Fire - Electric,,,0.0,0.0,0.0,No,No,4289.0,15865.0,,,,,,,,Yes,No,Yes,Yes,None - Installation not recommended,,,,,,,,,,,,,,,,,,,,,,,,,,,,,,,,,,,,,,,,,,,,,,,,House_Semi-Detached_2.0
E.ON,EOH2996,NE3,61.0,Working Full time (>30hrs),Skilled Manual Worker,"20,001 - 25,000",2020-11-23T00:00:00.000Z,Owner-Occupied,30.0,C2,3.0,10/12/2020,Phoenix,Urban,1967 - 1975,D,2.0,0.0,72.0,4.0,3.0,6.0,2.4,Cavity_Insulated,Suspended,Pitched,Double,Yes,Gas,Gas Boiler - Combi,,,,0.0,0.0,1.0,No,No,3134.0,15776.0,,,,,,,,Yes,No,Yes,Yes,None - Installation not recommended,,,,,,,,,,,,,,,,,,,,,,,,,,,,,,,,,,,,,,,,,,,,,,,,House_End-Terrace_2.0
E.ON,EOH0063,NE13,31.0,Unemployed,Unemployed/Benefits,"0 - 12,500",2020-11-23T00:00:00.000Z,Owner-Occupied,1.0,DE,1.0,07/12/2020,Phoenix,Urban,1967 - 1975,E,1.0,0.0,58.0,3.0,2.0,5.0,2.3,Cavity_Insulated,Suspended,Pitched,Double,Yes,Gas,Gas Boiler - Combi,Fire - Gas,,,0.0,1.0,1.0,No,No,,,4.654,80.24,11272.0,2019.0,109.0,46.0,3.52,Yes,No,Yes,Yes,ASHP,None Required,12199.0,,554.0,14.3,3.8,Yes,25/03/2021,Aaron Services,ASHP,,Daikin,EDLQ07CAV3,7.0,R410A,,Water_new,150.0,,1.0,6.0,0.0,1.0,none,none,No,0.0,0.0,0.0,No,No,0.0,0.0,,no,5648.0,1701.0,,3071.0,0.0,0.0,0.0,0.0,0.0,0.0,3.0,0.0,House_Semi-Detached_1.0
E.ON,EOH2915,NE13,72.0,Retired,Pensioner,"25,001 - 30,000",2020-11-23T00:00:00.000Z,Owner-Occupied,25.0,DE,4.0,08/12/2020,Phoenix,Urban,1950 - 1966,D,1.0,0.0,88.0,5.0,3.0,7.0,2.4,Cavity_Insulated,Solid,Pitched,Double,Yes,Gas,Gas Boiler - Combi,,,,0.0,0.0,1.0,No,No,,14600.0,6.62,81.8,7948.0,3820.0,0.0,,,No,No,No,Yes,Hybrid,None Required,9875.86,0.0,770.0,14.3,3.8,No,,,,,,,,,,,,,,,,,,,,,,,,,,,,,,,,,,,,,,,,,House_Semi-Detached_2.0
E.ON,EOH0392,NE3,69.0,Working Part time,Professional,"30,001 - 40,000",2020-11-24T00:00:00.000Z,Owner-Occupied,42.0,C1,5.0,11/12/2020,Phoenix,Urban,1930 - 1949,,2.0,0.0,110.0,5.0,3.0,6.0,2.7,Cavity_Insulated,Suspended,Pitched,Double,Yes,Gas,Gas Boiler - Standard,Fire - Gas,Water,120,0.0,1.0,1.0,No,No,3923.0,19686.0,,,,,,,,Yes,No,Yes,Yes,None - Installation not recommended,,,,,,,,,,,,,,,,,,,,,,,,,,,,,,,,,,,,,,,,,,,,,,,,House_Semi-Detached_3.0
E.ON,EOH0024,NE13,33.0,Working Full time (>30hrs),Professional,"40,001 - 50,000",2020-11-25T00:00:00.000Z,Owner-Occupied,2.0,C1,1.0,18/12/2020,Phoenix,Urban,1976 - 1982,D,2.0,1.0,122.0,6.0,3.0,8.0,2.3,Cavity_Insulated,Mix,Pitched,Double,Yes,Gas,Gas Boiler - Standard,Fire - Wood,Water,110,0.0,0.0,1.0,No,No,4218.0,11358.0,,,,,,,,,,,,None - Installation not recommended,,,,,,,No,,,,,,,,,,,,,,,,,,,,,,,,,,,,,,,,,,,,,,,,,House_Detached_2.0
E.ON,EOH0957,NE13,53.0,Working Full time (>30hrs),Skilled Manual Worker,"20,001 - 25,000",2020-11-24T00:00:00.000Z,Owner-Occupied,23.0,C2,3.0,14/12/2020,Phoenix,Urban,1950 - 1966,,2.0,0.0,84.0,5.0,4.0,7.0,2.3,Cavity_Insulated,Suspended,Pitched,Double,Yes,Gas,Gas Boiler - Combi,Fire - Gas,,,0.0,1.0,1.0,No,No,,,8.347,99.36,20192.9,5594.0,818.0,49.0,3.24,Yes,No,Yes,No,ASHP,Barrier,13688.36,300.0,1278.0,14.3,3.8,Yes,05/08/2021,Aaron Services,ASHP,,Daikin,EDLQ011CAV3,11.0,R410A,,Water_new,250.0,,1.0,12.0,0.0,0.0,none,barrier,No,0.0,0.0,0.0,No,No,0.0,0.0,,no,6364.0,1752.0,,4347.0,0.0,0.0,0.0,0.0,0.0,0.0,4.0,0.0,House_Semi-Detached_2.0
E.ON,EOH1260,NE5,34.0,Working Full time (>30hrs),Professional,"50,001+",2020-11-26T00:00:00.000Z,Owner-Occupied,0.9,AB,1.0,15/12/2020,Phoenix,Urban,1930 - 1949,C,2.0,2.0,131.0,5.0,3.0,8.0,2.6,Cavity_Insulated,Suspended,Pitched,Double,Yes,Gas,Gas Boiler - Combi,,,,0.0,0.0,0.0,No,No,1860.0,13252.0,7.782,65.79,18863.0,3566.0,0.0,52.0,3.0,No,No,No,Yes,Hybrid,None Required,10060.85,,852.0,14.3,3.8,Yes,24/02/2021,Phoenix,Hybrid,Separate_New Boiler,Daikin,EHY2KOMB28AA,4.0,R32,,,,,1.0,9.0,0.0,0.0,none,none,No,0.0,0.0,0.0,No,No,0.0,0.0,,no,5789.82,,,2685.85,0.0,0.0,0.0,0.0,0.0,0.0,2.5,0.0,House_Semi-Detached_3.0
E.ON,EOH1850,NE3,38.0,Working Full time (>30hrs),Professional,"50,001+",2020-11-25T00:00:00.000Z,Owner-Occupied,3.0,AB,3.0,15/12/2020,Phoenix,Urban,1930 - 1949,D,2.0,1.0,144.0,6.0,4.0,9.0,2.4,Cavity_Insulated,Solid,Pitched,Double,Yes,Gas,Gas Boiler - Combi,Fire - Gas,,,0.0,1.0,1.0,No,No,3977.0,17274.0,,,,,,,,No,No,No,Yes,Hybrid,,,,,,,No,,,,,,,,,,,,,,,,,,,,,,,,,,,,,,,,,,,,,,,,,House_Semi-Detached_3.0
E.ON,EOH2909,NE3,53.0,Working Full time (>30hrs),Professional,"50,001+",2020-11-25T00:00:00.000Z,Owner-Occupied,10.0,C1,2.0,16/12/2020,Phoenix,Urban,1950 - 1966,D,2.0,3.0,130.0,8.0,4.0,11.0,2.5,Cavity_Insulated,Suspended,Pitched,Double,Yes,Gas,Gas Boiler - Combi,,,,0.0,0.0,0.0,No,No,,,,,,,,,,No,No,Yes with additional measures,Yes,,,,,,,,,,,,,,,,,,,,,,,,,,,,,,,,,,,,,,,,,,,,,,,,,House_Semi-Detached_2.0
E.ON,EOH2334,NE6,47.0,Working Part time,Professional,"50,001+",2020-11-26T00:00:00.000Z,Owner-Occupied,5.0,C1,5.0,17/12/2020,Phoenix,Urban,1900 - 1929,,2.0,2.0,108.0,5.0,3.0,8.0,2.7,Cavity_Insulated,Suspended,Pitched,Double,Yes,Gas,Gas Boiler - Combi,Fire - Gas,,,0.0,1.0,1.0,No,No,2497.0,17667.0,7.173,66.42,14361.8,4994.0,0.0,55.0,3.46,No,No,Yes,No,HT_ASHP,None Required,17196.43,,870.0,14.3,3.8,Yes,26/08/2021,Phoenix,HT_ASHP,,Daikin,EPRA14DAV3,14.0,R32,,PCM_New,,9.0,1.0,10.0,0.0,0.0,,,No,0.0,0.0,0.0,No,No,0.0,0.0,,no,9047.38,3500.65,,2870.84,,0.0,0.0,0.0,0.0,0.0,3.0,,House_Semi-Detached_2.0
E.ON,EOH1414,NE3,42.0,Working Full time (>30hrs),Professional,"50,001+",2020-11-25T00:00:00.000Z,Owner-Occupied,1.0,AB,5.0,14/12/2020,Phoenix,Urban,1930 - 1949,D,2.0,1.0,86.0,5.0,3.0,8.0,2.5,Cavity_Insulated,Suspended,Pitched,Double,Yes,Gas,Gas Boiler - Combi,Fire - Wood,,,0.0,0.0,1.0,No,No,2865.0,8413.0,6.106,71.0,12242.5,3820.0,0.0,,,No,No,No,Yes,Hybrid,None Required,10799.27,,645.0,14.3,3.8,Yes,11/03/2021,Phoenix,Hybrid,Separate_New Boiler,Daikin,EHY2KOMB28AA,4.0,R32,,,,,1.0,8.0,0.0,0.0,none,none,No,0.0,0.0,0.0,No,No,0.0,0.0,,no,5739.82,,,3424.27,0.0,0.0,0.0,0.0,0.0,0.0,3.0,0.0,House_Semi-Detached_2.0
E.ON,EOH2987,NE5,37.0,Working Full time (>30hrs),Professional,"50,001+",2020-11-26T00:00:00.000Z,Owner-Occupied,4.0,AB,4.0,22/02/2021,Phoenix,Urban,1983 - 1990,C,2.0,0.0,175.0,11.0,4.0,13.0,2.5,Cavity_Insulated,Solid,Pitched,Double,Yes,Gas,Gas Boiler - Combi,,,,0.0,0.0,0.0,No,No,,,,,,,,,,No,No,No,No,None - Installation not recommended,,,,,,,,,,,,,,,,,,,,,,,,,,,,,,,,,,,,,,,,,,,,,,,,House_Detached_2.0
E.ON,EOH3075,NE2,40.0,Carer,Unemployed/Benefits,"12,501 - 16,200",2020-11-26T00:00:00.000Z,Owner-Occupied,0.9,DE,3.0,16/12/2020,Phoenix,Urban,1900 - 1929,E,2.0,2.0,290.0,9.0,7.0,12.0,2.6,Solid_No_insulation,Suspended,Pitched,Double,Yes,Gas,Gas Boiler - Standard,Fire - Electric,Water,110,1.0,0.0,0.0,No,No,,,,,,,,,,No,No,Yes with additional measures,No,,,,,,,,,,,,,,,,,,,,,,,,,,,,,,,,,,,,,,,,,,,,,,,,,House_Semi-Detached_3.0
E.ON,EOH0044,NE4,57.0,Working Full time (>30hrs),Semi and unskilled manual worker,"16,201 - 20,000",2020-11-26T00:00:00.000Z,Owner-Occupied,16.0,DE,4.0,17/12/2020,Phoenix,Urban,1930 - 1949,,1.0,0.0,86.0,5.0,3.0,7.0,2.6,Cavity_No_insulation,Suspended,Pitched,Double,Yes,Gas,Gas Boiler - Combi,Fire - Gas,,,0.0,2.0,1.0,No,No,,,,,,,,,,No,No,No,No,,,,,,,,,,,,,,,,,,,,,,,,,,,,,,,,,,,,,,,,,,,,,,,,,House_End-Terrace_2.0
E.ON,EOH2258,NE3,,Working Full time (>30hrs),Professional,Prefer not to say,2020-11-26T00:00:00.000Z,Owner-Occupied,0.9,C1,1.0,10/12/2020,Phoenix,Urban,1967 - 1975,D,2.0,1.0,101.0,5.0,3.0,8.0,2.4,Cavity_Insulated,Mix,Pitched,Double,Yes,Gas,Gas Boiler - Combi,,,,0.0,0.0,1.0,No,No,,,,,,,,,,No,No,No,Yes,None - Installation not recommended,,,,,,,,,,,,,,,,,,,,,,,,,,,,,,,,,,,,,,,,,,,,,,,,House_Semi-Detached_2.0
E.ON,EOH2097,NE3,59.0,Retired,Pensioner,"25,001 - 30,000",2020-11-27T00:00:00.000Z,Owner-Occupied,23.0,DE,5.0,14/12/2020,Phoenix,Urban,1950 - 1966,,3.0,0.0,128.0,7.0,4.0,10.0,2.5,Cavity_Insulated,Solid,Pitched,Double,Yes,Gas,Gas Boiler - Combi,Fire - Gas,,,0.0,1.0,0.0,No,No,,,9.318,77.83,18662.0,4993.0,218.0,49.0,3.15,Yes,No,Yes,No,ASHP,tank cupboard,16372.3,600.0,1241.0,14.3,3.8,Yes,16/06/2021,Aaron services,ASHP,,Daikin,EDLQ014CAV3,14.0,R410A,,Water_new,300.0,,1.0,13.0,0.0,0.0,none,none,No,0.0,0.0,0.0,No,No,0.0,0.0,,no,9047.0,1752.0,,3794.92,0.0,0.0,0.0,0.0,0.0,0.0,3.0,0.0,House_Semi-Detached_2.0
E.ON,EOH1827,NE4,,Working Full time (>30hrs),Skilled Manual Worker,"0 - 12,500",2020-11-30T00:00:00.000Z,Owner-Occupied,1.0,C2,5.0,16/12/2020,Phoenix,Urban,1900 - 1929,C,2.0,1.0,166.0,7.0,4.0,10.0,2.5,Cavity_Insulated,Suspended,Pitched,Double,Yes,Gas,Gas Boiler - Combi,Fire - Gas,,,2.0,1.0,1.0,No,No,4611.0,28634.0,,,,,,,,Yes,No,Yes,Yes,None - Installation not recommended,,,,,,,,,,,,,,,,,,,,,,,,,,,,,,,,,,,,,,,,,,,,,,,,House_Semi-Detached_2.0
E.ON,EOH0406,NE3,49.0,Working Full time (>30hrs),Professional,"50,001+",2020-11-30T00:00:00.000Z,Owner-Occupied,4.0,AB,3.0,17/12/2020,Phoenix,Urban,2003 - 2006,,2.0,1.0,120.0,7.0,4.0,12.0,2.5,Cavity_Insulated,Solid,Pitched,Double,Yes,Gas,Gas Boiler - Combi,,,,0.0,0.0,1.0,No,No,3500.0,16810.0,8.308,69.23,20125.0,5594.0,818.0,,,No,No,Yes,Yes,None - Installation not recommended,None Required,17251.0,0.0,1260.0,14.3,3.8,,,,,,,,,,,,,,,,,,,,,,,,,,,,,,,,,,,,,,,,,,House_Detached_2.0
E.ON,EOH2286,NE5,57.0,Working Full time (>30hrs),Manager,"40,001 - 50,000",2020-12-01T00:00:00.000Z,Owner-Occupied,20.0,C1,3.0,29/01/2021,Phoenix,Urban,1950 - 1966,,3.0,0.0,78.0,5.0,3.0,9.0,2.4,Cavity_Insulated,Suspended,Pitched,Double,Yes,Gas,Gas Boiler - Combi,,,,0.0,0.0,0.0,No,No,3700.0,10000.0,,,,,,,,No,No,No,No,None - Installation not recommended,,,,,,,,,,,,,,,,,,,,,,,,,,,,,,,,,,,,,,,,,,,,,,,,House_Detached_2.0
E.ON,EOH2146,NE15,31.0,Working Full time (>30hrs),Professional,"50,001+",2020-11-30T00:00:00.000Z,Owner-Occupied,6.0,AB,2.0,14/12/2020,Phoenix,Urban,1930 - 1949,D,2.0,0.0,88.0,4.0,2.0,5.0,2.8,Cavity_Insulated,Suspended,Pitched,Double,Yes,Gas,Gas Boiler - Combi,,,,0.0,0.0,1.0,No,No,2659.0,7334.0,,,,,,,,Yes,No,Yes,Yes,None - Installation not recommended,,,,,,,,,,,,,,,,,,,,,,,,,,,,,,,,,,,,,,,,,,,,,,,,House_Mid-Terrace_2.0
E.ON,EOH3025,NE13,56.0,Retired,Pensioner,"20,001 - 25,000",2020-11-30T00:00:00.000Z,Owner-Occupied,20.0,DE,2.0,18/12/2020,Phoenix,Rural,1900 - 1929,E,3.0,1.0,160.0,7.0,4.0,10.0,2.6,Solid_No_insulation,Mix,Pitched,Double,No,Oil,Oil Boiler,Fire - Wood,,,0.0,0.0,0.0,Yes - Ground Loop,Yes,,,,,,,,,,Yes with additional measures,No,Yes with additional measures,Yes with additional measures,,,,,,,,,,,,,,,,,,,,,,,,,,,,,,,,,,,,,,,,,,,,,,,,,House_Detached_2.0
E.ON,EOH3141,NE3,50.0,Working Full time (>30hrs),Skilled Manual Worker,"30,001 - 40,000",2020-11-30T00:00:00.000Z,Owner-Occupied,3.0,DE,1.0,16/12/2020,Phoenix,Urban,1950 - 1966,D,2.0,1.0,76.0,4.0,3.0,7.0,2.3,Cavity_Insulated,Solid,Flat,Double,Yes,Gas,Gas Boiler - Combi,,,,0.0,0.0,0.0,No,No,5265.0,10163.0,8.208,108.0,19897.0,3566.0,0.0,54.0,2.97,No,No,No,Yes,Hybrid,None Required,10233.0,,904.0,14.3,3.8,Yes,17/02/2021,Phoenix,Hybrid,Separate_New Boiler,Daikin,EHY2KOMB32AA,4.0,R32,,,,,1.0,9.0,0.0,0.0,none,none,No,0.0,0.0,0.0,No,No,0.0,0.0,,no,5912.2,,,2685.85,0.0,0.0,0.0,0.0,0.0,0.0,2.5,0.0,House_Semi-Detached_1.0
E.ON,EOH1559,NE5,40.0,Working Full time (>30hrs),Professional,"30,001 - 40,000",2020-12-04T00:00:00.000Z,Owner-Occupied,8.0,AB,3.0,12/01/2021,Phoenix,Urban,1983 - 1990,D,1.0,0.0,45.0,3.0,1.0,5.0,2.3,Cavity_Insulated,Solid,Pitched,Double,Yes,Gas,Gas Boiler - Combi,,,,0.0,0.0,0.0,No,No,2800.0,8000.0,3.01,81.89,4775.0,1757.0,0.0,,,No,No,No,Yes,Hybrid,None Required,9690.87,0.0,364.0,14.3,3.8,No,,,,,,,,,,,,,,,,,,,,,,,,,,,,,,,,,,,,,,,,,House_Semi-Detached_2.0
E.ON,EOH2892,NE3,56.0,Working Full time (>30hrs),Manager,"30,001 - 40,000",2020-12-04T00:00:00.000Z,Owner-Occupied,1.0,C1,2.0,05/03/2021,Phoenix,Urban,1950 - 1966,E,1.0,0.0,116.0,6.0,3.0,10.0,2.5,Cavity_No_insulation,Suspended,Pitched,Double,Yes,Gas,Gas Boiler - Combi,Fire - Electric,,,0.0,0.0,0.0,No,No,,,9.389,80.94,18816.8,3515.0,0.0,55.0,2.96,No,No,No,Yes,Hybrid,None Required,10603.21,,1231.0,14.3,3.8,Yes,26/05/2021,Phoenix,Hybrid,Separate_New Boiler,Daikin,EHY2KOMB32AA,4.0,R32,,,,,1.0,11.0,0.0,0.0,none,none,No,0.0,0.0,0.0,No,No,0.0,0.0,,no,5912.2,,,3055.73,0.0,0.0,0.0,0.0,0.0,0.0,3.0,0.0,House_Semi-Detached_2.0
E.ON,EOH2348,NE5,41.0,Working Part time,Professional,"50,001+",2020-12-08T00:00:00.000Z,Owner-Occupied,10.0,AB,4.0,04/01/2021,Phoenix,Urban,1983 - 1990,D,2.0,3.0,144.0,8.0,5.0,12.0,2.3,Cavity_Insulated,Solid,Pitched,Double,Yes,Gas,Gas Boiler - Combi,Fire - Electric,,,0.0,0.0,0.0,No,No,6400.0,18300.0,,,,,,,,Yes,No,Yes,Yes,None - Installation not recommended,,,,,,,,,,,,,,,,,,,,,,,,,,,,,,,,,,,,,,,,,,,,,,,,House_Detached_2.0
E.ON,EOH0388,NE3,47.0,Working Full time (>30hrs),Supervisor,"40,001 - 50,000",2020-12-04T00:00:00.000Z,Owner-Occupied,14.0,C1,5.0,13/01/2021,Phoenix,Urban,1967 - 1975,E,4.0,1.0,83.0,5.0,3.0,8.0,2.4,Cavity_Insulated,Suspended,Pitched,Double,Yes,Gas,Gas Boiler - Combi,,,,0.0,0.0,0.0,No,No,,,6.359,76.61,15409.5,4994.0,0.0,60.0,3.22,No,No,Yes,No,HT_ASHP,None Required,17195.66,,939.0,14.3,3.8,Yes,21/06/2021,Phoenix,HT_ASHP,,Daikin,EPRA14DAV3,14.0,R32,,PCM_NEW,,9.0,1.0,8.0,0.0,0.0,none,none,No,0.0,0.0,0.0,No,No,0.0,0.0,,no,9047.0,3500.65,,2871.0,0.0,0.0,0.0,0.0,0.0,0.0,4.0,0.0,House_Semi-Detached_2.0
E.ON,EOH1000,NE3,47.0,Working Full time (>30hrs),Manager,"40,001 - 50,000",2020-12-04T00:00:00.000Z,Owner-Occupied,5.0,C1,3.0,18/01/2021,Phoenix,Urban,1983 - 1990,D,2.0,2.0,78.0,4.0,3.0,7.0,2.4,Cavity_Insulated,Solid,Pitched,Double,Yes,Gas,Gas Boiler - Combi,,,,0.0,0.0,1.0,No,No,,,5.023,64.4,7266.6,3311.0,0.0,55.0,2.96,No,No,No,Yes,Hybrid,None Required,10245.07,,614.0,14.3,3.8,Yes,23/04/2021,Phoenix,Hybrid,Separate_New Boiler,Daikin,EHY2KOMB28AA,4.0,R32,,,,,1.0,8.0,0.0,0.0,none,none,No,0.0,0.0,0.0,No,No,0.0,0.0,,no,5739.82,,,2870.1,0.0,0.0,0.0,0.0,0.0,0.0,2.5,0.0,House_Semi-Detached_2.0
E.ON,EOH0192,NE3,46.0,Working Full time (>30hrs),Professional,"50,001+",2020-12-04T00:00:00.000Z,Owner-Occupied,13.0,AB,3.0,18/12/2020,Phoenix,Urban,1900 - 1929,D,2.0,2.0,179.0,8.0,5.0,11.0,2.8,Solid_No_insulation,Suspended,Pitched,Double,Yes,Gas,Gas Boiler - Combi,Fire - Wood,,,0.0,0.0,1.0,No,No,4077.0,28131.0,,,,,,,,No,No,No,Yes,,,,,,,,,,,,,,,,,,,,,,,,,,,,,,,,,,,,,,,,,,,,,,,,,House_Mid-Terrace_3.0
E.ON,EOH0964,NE15,61.0,Working Full time (>30hrs),Professional,"20,001 - 25,000",2020-12-07T00:00:00.000Z,Owner-Occupied,24.0,C1,3.0,22/12/2020,Phoenix,Urban,1950 - 1966,,2.0,0.0,130.0,5.0,3.0,8.0,2.4,Cavity_No_insulation,Suspended,Pitched,Double,Yes,Gas,Gas Boiler - Combi,Fire - Electric,,,0.0,0.0,0.0,No,No,3238.0,7917.0,,,,,,,,Yes,No,Yes,Yes,None - Installation not recommended,,,,,,,,,,,,,,,,,,,,,,,,,,,,,,,,,,,,,,,,,,,,,,,,House_Semi-Detached_2.0
E.ON,EOH1847,NE3,26.0,Working Full time (>30hrs),Professional,"25,001 - 30,000",2020-12-11T00:00:00.000Z,Owner-Occupied,0.9,C1,5.0,05/01/2021,Phoenix,Urban,1950 - 1966,E,2.0,0.0,84.0,4.0,3.0,8.0,2.3,Cavity_Insulated,Solid,Pitched,Double,Yes,Gas,Gas Boiler - Combi,,,,0.0,0.0,1.0,No,No,,,6.272,74.66,15202.7,3311.0,0.0,55.0,2.96,No,No,No,Yes with additional measures,Hybrid,Loft Insulation barrier,10060.85,800.0,1006.0,14.3,3.8,Yes,07/05/2021,Phoenix,Hybrid,Separate_New Boiler,Daikin,EHY2KOMB28AA,4.0,R32,,,,,1.0,9.0,0.0,0.0,none,none,No,0.0,0.0,0.0,No,Yes,0.0,0.0,,no,5739.82,,,2685.85,0.0,0.0,0.0,0.0,0.0,0.0,3.0,0.0,House_Semi-Detached_2.0
E.ON,EOH2587,NE13,,Working Full time (>30hrs),Semi and unskilled manual worker,"30,001 - 40,000",2020-12-15T00:00:00.000Z,Owner-Occupied,15.0,DE,1.0,11/01/2021,Phoenix,Urban,1950 - 1966,D,3.0,0.0,96.0,5.0,3.0,7.0,2.4,Cavity_Insulated,Suspended,Pitched,Double,Yes,Gas,Gas Boiler - Combi,,,,0.0,0.0,1.0,No,No,,,,,,,,,,No,No,Yes with additional measures,Yes with additional measures,None - Installation not recommended,,,,,,,,,,,,,,,,,,,,,,,,,,,,,,,,,,,,,,,,,,,,,,,,House_Semi-Detached_2.0
E.ON,EOH0032,NE5,49.0,Working Full time (>30hrs),Professional,"50,001+",2020-12-04T00:00:00.000Z,Owner-Occupied,15.0,C1,5.0,22/12/2020,Phoenix,Urban,1950 - 1966,,2.0,2.0,110.0,6.0,4.0,9.0,2.4,Cavity_Insulated,Suspended,Pitched,Double,Yes,Gas,Gas Boiler - Combi,Fire - Gas,,,0.0,1.0,1.0,No,No,,,7.999,77.2,19363.0,5153.0,313.0,,,Yes with additional measures,No,Yes,No,ASHP,Loft Insulation,14797.53,500.0,1212.0,14.3,3.8,,,,,,,,,,,,,,,,,,,,,,,,,,,,,,,,,,,,,,,,,,House_Semi-Detached_2.0
E.ON,EOH1924,NE6,51.0,Working Full time (>30hrs),Clerical,"50,001+",2020-12-04T00:00:00.000Z,Owner-Occupied,13.0,AB,2.0,21/12/2020,Phoenix,Urban,1950 - 1966,,2.0,0.0,110.0,7.0,3.0,9.0,2.4,Cavity_Insulated,Suspended,Pitched,Double,Yes,Gas,Gas Boiler - Combi,Fire - Gas,,,0.0,1.0,1.0,No,No,,,,,,,,,,Yes with additional measures,No,Yes with additional measures,Yes with additional measures,,,,,,,,,,,,,,,,,,,,,,,,,,,,,,,,,,,,,,,,,,,,,,,,,House_Semi-Detached_2.0
E.ON,EOH0941,NE3,31.0,Working Full time (>30hrs),Professional,"30,001 - 40,000",2020-12-04T00:00:00.000Z,Owner-Occupied,2.0,C1,3.0,21/12/2020,Phoenix,Urban,1950 - 1966,C,1.0,0.0,104.0,6.0,4.0,10.0,2.4,Cavity_Insulated,Solid,Pitched,Double,Yes,Gas,Gas Boiler - Standard,,Water,200,0.0,0.0,1.0,No,No,,,,,,,,,,Yes with additional measures,No,Yes with additional measures,Yes with additional measures,,,,,,,,,,,,,,,,,,,,,,,,,,,,,,,,,,,,,,,,,,,,,,,,,House_Semi-Detached_2.0
E.ON,EOH2796,NE3,,Working Part time,Clerical,"40,001 - 50,000",2020-12-04T00:00:00.000Z,Owner-Occupied,29.0,C2,4.0,14/12/2020,Phoenix,Urban,1967 - 1975,,2.0,0.0,65.0,4.0,3.0,6.0,2.3,Cavity_Insulated,Solid,Pitched,Double,Yes,Gas,Gas Boiler - Combi,,,,0.0,0.0,0.0,No,No,,,4.13,65.43,10004.0,4002.0,181.0,,,Yes,No,Yes,Yes,ASHP,Loft Insulation,11735.21,500.0,602.0,14.3,3.8,No,,,,,,,,,,,,,,,,,,,,,,,,,,,,,,,,,,,,,,,,,House_Semi-Detached_2.0
E.ON,EOH0665,NE13,,Working Full time (>30hrs),Skilled Manual Worker,"50,001+",2020-12-11T00:00:00.000Z,Owner-Occupied,5.0,C1,5.0,07/01/2021,Phoenix,Urban,2012 onwards,,2.0,1.0,108.0,6.0,4.0,8.0,2.4,Cavity_Insulated,Solid,Pitched,Double,Yes,Gas,Gas Boiler - Standard,,Water,120,0.0,0.0,1.0,No,No,3866.0,8208.0,4.94,59.69,11996.0,4122.0,607.0,,,Yes,No,Yes,Yes,ASHP,None Required,12418.73,0.0,785.0,14.3,3.8,No,,,,,,,,,,,,,,,,,,,,,,,,,,,,,,,,,,,,,,,,,House_Detached_2.0
E.ON,EOH2034,NE6,31.0,Working Full time (>30hrs),Professional,"50,001+",2020-12-07T00:00:00.000Z,Owner-Occupied,1.0,AB,3.0,22/12/2020,Phoenix,Urban,2007 - 2011,C,2.0,0.0,82.0,5.0,3.0,9.0,2.4,Cavity_Insulated,Solid,Pitched,Double,Yes,Gas,Gas Boiler - Combi,,,,0.0,0.0,0.0,No,No,,,3.821,46.59,7654.0,4002.0,181.0,45.0,3.57,Yes,No,Yes,Yes,ASHP,None Required,12105.96,,477.0,14.3,3.8,Yes,08/04/2021,Aaron Services,ASHP,,Daikin,EDLQ05CAV3,5.0,R410A,,Water_new,250.0,,1.0,11.0,0.0,0.0,none,none,No,0.0,0.0,0.0,No,No,0.0,0.0,,no,5335.24,1752.34,,3055.83,0.0,0.0,0.0,0.0,0.0,0.0,4.0,0.0,House_Detached_2.0
E.ON,EOH2931,NE5,27.0,Working Full time (>30hrs),Clerical,"20,001 - 25,000",2020-12-04T00:00:00.000Z,Owner-Occupied,0.9,C1,1.0,22/12/2020,Phoenix,Urban,1930 - 1949,C,2.0,0.0,122.0,5.0,3.0,6.0,2.4,Cavity_Insulated,Solid,Pitched,Double,Yes,Gas,Gas Boiler - Combi,,,,0.0,0.0,1.0,No,No,2900.0,12000.0,6.257,79.52,15161.2,3515.0,0.0,55.0,2.96,No,No,No,Yes,Hybrid,None Required,10615.05,,726.0,14.3,3.8,Yes,17/03/2021,Phoenix,Hybrid,Separate_New Boiler,Daikin,EHY2KOMB28AA,4.0,R32,,,,,1.0,10.0,0.0,0.0,none,none,No,0.0,0.0,0.0,No,No,0.0,0.0,,no,5739.82,,,3240.05,0.0,0.0,0.0,0.0,0.0,0.0,3.0,0.0,House_Semi-Detached_2.0
E.ON,EOH0601,NE3,37.0,Working Full time (>30hrs),Professional,"40,001 - 50,000",2020-12-07T00:00:00.000Z,Owner-Occupied,2.0,AB,1.0,22/12/2020,Phoenix,Urban,1983 - 1990,D,2.0,2.0,102.0,5.0,4.0,7.0,2.3,Cavity_No_insulation,Solid,Pitched,Double,Yes,Gas,Gas Boiler - Combi,Fire - Gas,,,0.0,1.0,1.0,No,No,,,8.273,81.1,20042.7,4776.0,0.0,,,No,No,No,Yes,Hybrid,None Required,10430.83,0.0,1404.0,14.3,3.8,,,,,,,,,,,,,,,,,,,,,,,,,,,,,,,,,,,,,,,,,,House_Semi-Detached_2.0
E.ON,EOH0003,NE38,42.0,Working Full time (>30hrs),Clerical,Prefer not to say,2020-12-07T00:00:00.000Z,Owner-Occupied,20.0,C1,5.0,23/12/2020,E.ON,Suburban,1983 - 1990,C,2.0,1.0,99.0,4.0,3.0,7.0,2.4,Cavity_Insulated,Solid,Pitched,Double,Yes,Gas,Gas Boiler - Combi,,,,0.0,0.0,0.0,No,No,,,5.018,50.69,10079.4,4212.0,646.0,45.0,3.57,Yes with additional measures,No,No,Yes,ASHP,Loft Insulation,12602.18,500.0,607.0,14.3,3.8,Yes,16/04/2021,Aaron Services,ASHP,,Daikin,EDLQ07CAV7,7.0,R410A,,Water_new,300.0,,1.0,8.0,0.0,0.0,none,none,No,0.0,0.0,0.0,No,Yes,0.0,0.0,,no,5648.0,1752.0,,3424.27,0.0,0.0,0.0,0.0,0.0,0.0,3.0,0.0,House_Mid-Terrace_2.0
E.ON,EOH2938,NE5,62.0,Working Full time (>30hrs),Skilled Manual Worker,"30,001 - 40,000",2020-12-11T00:00:00.000Z,Owner-Occupied,24.0,C2,3.0,06/01/2021,Phoenix,Urban,1967 - 1975,,3.0,1.0,95.0,6.0,4.0,10.0,2.4,Cavity_No_insulation,Solid,Pitched,Double,Yes,Gas,Gas Boiler - Combi,Fire - Gas,,,0.0,1.0,1.0,No,No,,,7.522,79.17,15076.6,4457.0,0.0,53.0,2.99,No,No,No,Yes,Hybrid,None Required,11525.85,,738.0,14.3,3.8,Yes,08/04/2021,Phoenix,Hybrid,Separate_New Boiler,Daikin,EHY2KOMB32AA,4.0,R32,,,,,1.0,10.0,0.0,0.0,none,none,No,0.0,0.0,0.0,No,No,0.0,0.0,,no,5912.2,,,3978.47,0.0,0.0,0.0,0.0,0.0,0.0,4.0,0.0,House_Semi-Detached_2.0
E.ON,EOH0358,NE15,55.0,Working Full time (>30hrs),Skilled Manual Worker,Prefer not to say,2020-12-08T00:00:00.000Z,Owner-Occupied,23.0,C2,5.0,10/02/2021,Phoenix,Urban,1967 - 1975,,2.0,2.0,135.0,6.0,2.0,12.0,2.5,Cavity_Insulated,Solid,Pitched,Double,Yes,Gas,Gas Boiler - Combi,,,,0.0,0.0,0.0,No,No,,,7.49,65.16,15052.7,4152.0,637.0,50.0,3.2,Yes,No,Yes,Yes,ASHP,Loft Insulation and Barrier,11644.21,750.0,1039.0,14.3,3.8,Yes,13/09/2021,Phoenix,ASHP,,Daikin,EDLQ011CAV3,11.0,R410A,,Water_new,300.0,,1.0,6.0,0.0,0.0,,,No,0.0,0.0,0.0,Yes,Yes,0.0,0.0,,no,6364.21,1752.34,,2500.09,,500.0,0.0,0.0,0.0,0.0,2.0,,House_Semi-Detached_2.0
E.ON,EOH2295,NE4,,Working Part time,Clerical,"20,001 - 25,000",2020-12-07T00:00:00.000Z,Owner-Occupied,25.0,C1,5.0,23/12/2020,Phoenix,Urban,1900 - 1929,,2.0,0.0,160.0,8.0,5.0,11.0,2.7,Cavity_Insulated,Suspended,Pitched,Double,Yes,Gas,Gas Boiler - Combi,Fire - Gas,,,0.0,1.0,1.0,No,No,7000.0,30000.0,,,,,,,,Yes with additional measures,No,Yes with additional measures,Yes with additional measures,None - Installation not recommended,,,,,,,,,,,,,,,,,,,,,,,,,,,,,,,,,,,,,,,,,,,,,,,,House_Semi-Detached_3.0
E.ON,EOH0689,NE4,,Working Part time,Clerical,"12,501 - 16,200",2020-12-07T00:00:00.000Z,Owner-Occupied,13.0,C1,1.0,23/12/2020,Phoenix,Urban,1967 - 1975,D,2.0,0.0,74.0,6.0,5.0,8.0,2.6,Cavity_Insulated,Suspended,Pitched,Double,Yes,Gas,Gas Boiler - Combi,,,,0.0,0.0,1.0,No,No,,,10.091,97.6,20272.8,4967.0,0.0,55.0,2.96,No,No,No,Yes with additional measures,Hybrid,Loft Insulation,11341.63,500.0,976.0,14.3,3.8,Yes,24/04/2021,Phoenix,Hybrid,Separate_New Boiler,Daikin,EHY2KOMB32AA,4.0,R32,,,,,1.0,11.0,0.0,0.0,none,none,No,0.0,0.0,0.0,No,Yes,0.0,0.0,,no,5912.2,,,3794.25,0.0,500.0,0.0,0.0,0.0,0.0,2.5,0.0,House_Semi-Detached_3.0
E.ON,EOH3062,NE3,78.0,Retired,Pensioner,"12,501 - 16,200",2020-12-08T00:00:00.000Z,Owner-Occupied,27.0,DE,3.0,04/01/2021,Phoenix,Urban,1950 - 1966,B,1.0,0.0,73.0,4.0,2.0,6.0,2.3,Cavity_Insulated,Solid,Pitched,Double,Yes,Gas,Gas Boiler - Combi,Fire - Wood,,,0.0,0.0,1.0,No,No,,,6.595,90.34,15988.6,2483.0,0.0,55.0,2.96,No,No,No,Yes with additional measures,Hybrid,Loft Insulation,9875.86,500.0,715.0,14.3,3.8,Yes,12/02/2021,Phoenix,Hybrid,Separate_New Boiler,Daikin,EHY2KOMB28AA,4.0,R32,,,,,1.0,8.0,0.0,0.0,none,none,No,0.0,0.0,0.0,No,Yes,0.0,0.0,,no,5739.82,,,2500.86,0.0,500.0,0.0,0.0,0.0,0.0,2.5,0.5,House_Detached_1.0
E.ON,EOH0204,NE3,41.0,Working Full time (>30hrs),Skilled Manual Worker,"16,201 - 20,000",2020-12-08T00:00:00.000Z,Owner-Occupied,9.0,C2,3.0,15/03/2021,Phoenix,Urban,1967 - 1975,B,2.0,3.0,109.0,8.0,4.0,12.0,2.4,Cavity_Insulated,Suspended,Pitched,Double,Yes,Gas,Gas Boiler - Combi,,,,0.0,0.0,1.0,No,No,,,9.66,88.62,29510.7,3566.0,0.0,55.0,2.96,No,No,No,Yes,Hybrid,None Required,13342.14,,1692.0,14.3,3.8,Yes,15/06/2021,Phoenix,Hybrid,Separate_New Boiler,Daikin,EHY2KOMB28AA,4.0,R32,,,,,1.0,13.0,0.0,0.0,none,none,No,0.0,0.0,0.0,No,No,0.0,0.0,,no,5739.82,,,4164.23,0.0,0.0,0.0,0.0,0.0,0.0,2.0,0.0,House_Semi-Detached_2.0
E.ON,EOH0494,NE3,53.0,Working Full time (>30hrs),Supervisor,"50,001+",2020-12-08T00:00:00.000Z,Owner-Occupied,19.0,C1,5.0,23/12/2020,Phoenix,Urban,1967 - 1975,,2.0,2.0,80.0,5.0,3.0,7.0,2.3,Cavity_Insulated,Solid,Pitched,Double,Yes,Gas,Gas Boiler - Combi,,,,0.0,0.0,0.0,No,No,5936.0,9369.0,4.7,58.71,11376.1,4122.0,607.0,45.0,3.57,Yes with additional measures,No,Yes,No,ASHP,Loft Insulation,12047.98,500.0,760.0,14.0,4.0,Yes,27/04/2021,Aaron Services,ASHP,,Daikin,EDLQ07CAV8,7.0,R410A,,Water_new,200.0,,1.0,8.0,0.0,0.0,none,none,No,0.0,0.0,0.0,No,Yes,0.0,0.0,,no,5648.01,1752.0,,2870.07,0.0,500.0,0.0,0.0,0.0,0.0,3.0,0.0,House_Semi-Detached_2.0
E.ON,EOH1789,NE3,33.0,Working Full time (>30hrs),Manager,"50,001+",2020-12-08T00:00:00.000Z,Owner-Occupied,5.0,AB,5.0,04/01/2021,Phoenix,Urban,1930 - 1949,D,2.0,1.0,90.0,4.0,3.0,7.0,2.4,Cavity_Insulated,Suspended,Pitched,Double,Yes,Gas,Gas Boiler - Combi,Fire - Wood,,,0.0,0.0,1.0,No,No,,,,,,,,,,No,No,Yes with additional measures,Yes with additional measures,None - Installation not recommended,,,,,,,,,,,,,,,,,,,,,,,,,,,,,,,,,,,,,,,,,,,,,,,,House_End-Terrace_2.0
E.ON,EOH2989,NE3,54.0,Working Full time (>30hrs),Professional,"50,001+",2020-12-08T00:00:00.000Z,Owner-Occupied,10.0,AB,1.0,04/01/2021,Phoenix,Urban,1950 - 1966,E,3.0,0.0,137.0,6.0,3.0,9.0,2.7,Cavity_Insulated,Suspended,Pitched,Double,Yes,Gas,Gas Boiler - Combi,Fire - Electric,,,0.0,0.0,1.0,No,No,8911.0,23500.0,,,,,,,,Yes with additional measures,No,Yes with additional measures,Yes with additional measures,None - Installation not recommended,,,,,,,,,,,,,,,,,,,,,,,,,,,,,,,,,,,,,,,,,,,,,,,,House_Semi-Detached_2.0
E.ON,EOH2195,NE3,41.0,Working Full time (>30hrs),Professional,"50,001+",2020-12-08T00:00:00.000Z,Owner-Occupied,7.0,AB,1.0,01/02/2021,Phoenix,Urban,1900 - 1929,,2.0,2.0,125.0,6.0,3.0,10.0,2.8,Solid_No_insulation,Suspended,Pitched,Double,Yes,Gas,Gas Boiler - Combi,,,,0.0,0.0,1.0,No,No,2500.0,22900.0,,,,,,,,Yes,No,Yes,Yes,None - Installation not recommended,,,,,,,,,,,,,,,,,,,,,,,,,,,,,,,,,,,,,,,,,,,,,,,,House_Mid-Terrace_2.0
E.ON,EOH2638,NE3,68.0,Retired,Pensioner,"16,201 - 20,000",2020-12-11T00:00:00.000Z,Owner-Occupied,25.0,DE,2.0,05/01/2021,Phoenix,Urban,1930 - 1949,D,2.0,0.0,119.0,7.0,5.0,10.0,2.3,Cavity_Insulated,Solid,Pitched,Double,Yes,Gas,Gas Boiler - Standard,Fire - Gas,Water,110,0.0,1.0,0.0,No,No,4676.0,11821.0,,,,,,,,No,No,Yes,No,None - Installation not recommended,,,,,,,,,,,,,,,,,,,,,,,,,,,,,,,,,,,,,,,,,,,,,,,,House_Semi-Detached_2.0
E.ON,EOH2022,NE5,30.0,Working Full time (>30hrs),Professional,"50,001+",2020-12-11T00:00:00.000Z,Owner-Occupied,4.0,C1,2.0,05/01/2021,Phoenix,Urban,1967 - 1975,D,2.0,0.0,88.0,4.0,3.0,6.0,2.4,Cavity_Insulated,Suspended,Pitched,Double,Yes,Gas,Gas Boiler - Combi,,,,0.0,0.0,0.0,No,No,3186.0,20404.0,5.749,65.33,16712.6,3311.0,0.0,55.0,2.96,No,No,No,Yes,Hybrid,None Required,10971.65,,771.0,14.3,3.8,Yes,10/03/2021,Phoenix,Hybrid,Separate_New Boiler,Daikin,EHY2KOMB32AA,4.0,R32,,,,,1.0,9.0,0.0,0.0,none,none,No,0.0,0.0,0.0,No,No,0.0,0.0,,no,5912.2,,,3424.27,0.0,0.0,0.0,0.0,0.0,0.0,3.0,0.0,House_Semi-Detached_2.0
E.ON,EOH0906,NE3,40.0,Working Full time (>30hrs),Manager,"50,001+",2020-12-15T00:00:00.000Z,Owner-Occupied,3.0,C1,4.0,08/01/2021,Phoenix,Urban,1950 - 1966,D,2.0,5.0,202.0,9.0,6.0,13.0,2.5,Cavity_Insulated,Suspended,Pitched,Double,Yes,Gas,Gas Boiler - Standard,Fire - Wood,Water,300,3.0,0.0,1.0,No,No,,,,,,,,,,Yes,No,Yes,Yes,None - Installation not recommended,,,,,,,,,,,,,,,,,,,,,,,,,,,,,,,,,,,,,,,,,,,,,,,,House_Semi-Detached_3.0
E.ON,EOH0511,NE5,41.0,Working Part time,Skilled Manual Worker,Prefer not to say,2020-12-11T00:00:00.000Z,Owner-Occupied,9.0,C2,1.0,05/01/2021,Phoenix,Urban,1950 - 1966,D,3.0,4.0,86.0,8.0,5.0,11.0,2.4,Cavity_Insulated,Suspended,Pitched,Double,Yes,Gas,Gas Boiler - Combi,,,,0.0,0.0,1.0,No,No,,,7.93,70.85,15963.0,4394.0,0.0,,,No,No,No,Yes,Hybrid,Loft Insulation and Barrier,11342.4,1000.0,1051.0,14.3,3.8,No,,,,,,,,,,,,,,,,,,,,,,,,,,,,,,,,,,,,,,,,,House_Semi-Detached_2.0
E.ON,EOH2231,NE7,50.0,Working Full time (>30hrs),Manager,"50,001+",2020-12-11T00:00:00.000Z,Owner-Occupied,11.0,AB,4.0,05/01/2021,Phoenix,Urban,1930 - 1949,D,2.0,2.0,96.0,5.0,3.0,9.0,2.4,Cavity_Insulated,Solid,Pitched,Double,Yes,Gas,Gas Boiler - Combi,Fire - Wood,,,0.0,0.0,0.0,No,No,,,,,,,,,,Yes,No,Yes,Yes,ASHP,,,,,,,No,,,,,,,,,,,,,,,,,,,,,,,,,,,,,,,,,,,,,,,,,House_Semi-Detached_2.0
E.ON,EOH0722,NE3,47.0,Working Part time,Professional,"50,001+",2020-12-11T00:00:00.000Z,Owner-Occupied,1.0,AB,5.0,04/01/2021,Phoenix,Urban,1930 - 1949,E,2.0,3.0,192.0,8.0,4.0,14.0,2.7,Cavity_Insulated,Suspended,Pitched,Double,Yes,Gas,Gas Boiler - Combi,Fire - Gas,,,0.0,2.0,1.0,No,No,6500.0,34656.0,,,,,,,,No,No,Yes with additional measures,Yes with additional measures,None - Installation not recommended,,,,,,,,,,,,,,,,,,,,,,,,,,,,,,,,,,,,,,,,,,,,,,,,House_Detached_2.0
E.ON,EOH2982,NE3,30.0,Working Full time (>30hrs),Professional,"50,001+",2020-12-10T00:00:00.000Z,Owner-Occupied,6.0,AB,4.0,06/01/2021,Phoenix,Urban,1967 - 1975,D,2.0,2.0,92.0,5.0,3.0,7.0,2.5,Cavity_Insulated,Suspended,Pitched,Double,Yes,Gas,Gas Boiler - Combi,Fire - Gas,,,0.0,1.0,0.0,No,No,2520.0,11481.0,5.956,64.74,11934.0,4737.0,917.0,48.0,3.44,Yes,No,Yes,No,ASHP,None Required,12232.98,,828.0,14.3,3.8,Yes,07/05/2021,Phoenix,ASHP,,Daikin,EDLQ07CAV8,7.0,R410A,,Water_new,200.0,,1.0,9.0,0.0,0.0,none,none,No,0.0,0.0,0.0,No,No,0.0,0.0,,no,5628.01,1752.0,,3055.06,0.0,0.0,0.0,0.0,0.0,0.0,2.5,0.0,House_Semi-Detached_2.0
E.ON,EOH0866,NE15,86.0,Retired,Pensioner,Prefer not to say,2020-12-14T00:00:00.000Z,Owner-Occupied,35.0,DE,1.0,05/01/2021,Phoenix,Urban,1930 - 1949,,1.0,0.0,90.0,5.0,3.0,7.0,2.5,Cavity_Insulated,Suspended,Pitched,Double,Yes,Gas,Gas Boiler - Combi,,,,0.0,0.0,0.0,No,No,,,5.092,56.57,10231.3,3311.0,0.0,,,No,No,No,Yes,Hybrid,None Required,10060.85,0.0,536.0,14.3,3.8,,,,,,,,,,,,,,,,,,,,,,,,,,,,,,,,,,,,,,,,,,House_Semi-Detached_2.0
E.ON,EOH2128,NE12,,Working Full time (>30hrs),Professional,"40,001 - 50,000",2020-12-11T00:00:00.000Z,Owner-Occupied,0.9,C1,1.0,06/01/2021,Phoenix,Urban,1950 - 1966,D,2.0,0.0,76.0,6.0,3.0,7.0,2.4,Cavity_Insulated,Suspended,Pitched,Double,Yes,Gas,Gas Boiler - Combi,Fire - Gas,,,0.0,1.0,1.0,No,No,,,6.393,84.11,12800.9,2105.0,322.0,49.0,3.39,Yes,No,No,Yes,ASHP,Barrier,11998.12,300.0,725.0,14.3,3.8,Yes,21/04/2021,Aaron Services,ASHP,,Daikin,EDLQ07CAV7,7.0,R410A,,Water_new,150.0,,1.0,10.0,0.0,0.0,none,none,No,0.0,1.0,0.0,No,No,0.0,0.0,,no,5648.0,1701.0,,2870.1,0.0,0.0,0.0,0.0,0.0,0.0,3.0,0.0,House_Semi-Detached_2.0
E.ON,EOH0122,NE3,70.0,Retired,Pensioner,"12,501 - 16,200",2020-12-14T00:00:00.000Z,Owner-Occupied,43.0,DE,1.0,06/01/2021,Phoenix,Urban,1967 - 1975,,1.0,0.0,72.0,5.0,3.0,7.0,2.3,Cavity_Insulated,Solid,Pitched,Double,Yes,Gas,Gas Boiler - Combi,,,,0.0,0.0,1.0,No,No,,,4.2791,70.58,10345.1,4182.0,616.0,,,Yes,No,Yes,Yes,None - Installation not recommended,None Required,11181.01,0.0,614.0,14.3,3.8,No,,,,,,,,,,,,,,,,,,,,,,,,,,,,,,,,,,,,,,,,,House_Semi-Detached_2.0
E.ON,EOH0567,NE7,42.0,Working Full time (>30hrs),Professional,"50,001+",2020-12-09T00:00:00.000Z,Owner-Occupied,10.0,AB,5.0,05/02/2021,Phoenix,Urban,1950 - 1966,D,2.0,3.0,91.0,5.0,3.0,8.0,2.4,Cavity_Insulated,Solid,Pitched,Double,Yes,Gas,Gas Boiler - Combi,,,,0.0,0.0,1.0,No,No,4000.0,10000.0,5.172,68.0,10353.1,4002.0,181.0,48.0,3.44,Yes,No,Yes,Yes,ASHP,None Required,12602.18,,630.0,14.3,3.8,Yes,21/04/2021,Aaron Services,ASHP,,Daikin,EDLQ07CAV7,7.0,R410A,,Water_new,250.0,,1.0,9.0,0.0,0.0,none,none,No,0.0,1.0,0.0,No,No,0.0,0.0,,no,5648.0,1752.34,,3424.0,0.0,0.0,0.0,0.0,0.0,0.0,3.0,0.5,House_Semi-Detached_2.0
E.ON,EOH1228,NE5,53.0,Working Full time (>30hrs),Skilled Manual Worker,"40,001 - 50,000",2020-12-14T00:00:00.000Z,Owner-Occupied,20.0,C2,5.0,11/01/2021,Phoenix,Urban,1930 - 1949,D,2.0,2.0,92.0,5.0,3.0,7.0,2.4,Cavity_Insulated,Suspended,Pitched,Double,Yes,Gas,Gas Boiler - Combi,Fire - Wood,,,0.0,0.0,1.0,No,No,,,,,,,,,,Yes,No,Yes,Yes,None - Installation not recommended,,,,,,,,,,,,,,,,,,,,,,,,,,,,,,,,,,,,,,,,,,,,,,,,House_Semi-Detached_2.0
E.ON,EOH0894,NE3,45.0,Working Full time (>30hrs),Professional,"50,001+",2020-12-11T00:00:00.000Z,Owner-Occupied,3.0,AB,3.0,12/01/2021,Phoenix,Urban,1930 - 1949,,2.0,0.0,160.0,8.0,4.0,11.0,2.4,Cavity_Insulated,Suspended,Pitched,Double,Yes,Gas,Gas Boiler - Combi,Fire - Wood,,,1.0,0.0,1.0,No,No,,,9.629,60.18,19298.8,4994.0,0.0,55.0,3.46,No,No,Yes with additional measures,No,HT_ASHP,Cavity insulation,18347.44,700.0,1044.0,14.3,3.8,Yes,13/09/2021,Phoenix,HT_ASHP,,Daikin,EPRA14DAV3,14.0,R32,,PCM_New,,9.0,1.0,13.0,0.0,0.0,,,No,0.0,0.0,0.0,Yes,No,0.0,0.0,Cavity,no,9047.38,3500.65,,4164.23,,0.0,750.0,0.0,0.0,0.0,3.0,,House_Semi-Detached_2.0
E.ON,EOH1659,NE15,49.0,Working Full time (>30hrs),Manager,"40,001 - 50,000",2020-12-11T00:00:00.000Z,Owner-Occupied,8.0,C1,1.0,06/01/2021,Phoenix,Urban,1930 - 1949,D,2.0,0.0,130.0,5.0,3.0,8.0,2.6,Cavity_No_insulation,Suspended,Pitched,Double,Yes,Gas,Gas Boiler - Combi,Fire - Wood,,,0.0,0.0,1.0,No,No,3000.0,23000.0,8.472,77.54,17022.0,4182.0,616.0,49.0,3.24,Yes with additional measures,No,Yes,Yes,ASHP,Loft Insulation,12449.97,1000.0,1059.0,14.3,3.8,Yes,21/05/2021,Aaron Services,ASHP,,Daikin,EDLQ011CAV3,11.0,R410A,,Water_new,200.0,,1.0,9.0,0.0,0.0,none,none,No,0.0,2.0,0.0,No,Yes,0.0,0.0,,no,6364.2,1752.0,,3055.0,0.0,500.0,0.0,0.0,0.0,0.0,2.0,0.5,House_Detached_2.0
E.ON,EOH2995,NE7,42.0,Working Full time (>30hrs),Manager,"50,001+",2020-12-11T00:00:00.000Z,Owner-Occupied,12.0,AB,5.0,08/01/2021,Phoenix,Urban,1950 - 1966,B,2.0,3.0,120.0,9.0,4.0,11.0,2.7,Cavity_Insulated,Solid,Pitched,Double,Yes,Gas,Gas Boiler - Combi,Fire - Wood,,,4.0,0.0,1.0,No,No,5488.0,20800.0,,,,,,,,Yes,No,Yes,Yes,None - Installation not recommended,,,,,,,,,,,,,,,,,,,,,,,,,,,,,,,,,,,,,,,,,,,,,,,,House_Semi-Detached_3.0
E.ON,EOH0263,NE3,67.0,Retired,Pensioner,"16,201 - 20,000",2020-12-14T00:00:00.000Z,Owner-Occupied,30.0,DE,1.0,17/03/2021,Phoenix,Urban,1930 - 1949,D,1.0,0.0,110.0,6.0,3.0,9.0,2.7,Cavity_Insulated,Suspended,Pitched,Double,Yes,Gas,Gas Boiler - Combi,,,,0.0,0.0,0.0,No,No,,,7.91314,79.82,15847.7,3515.0,0.0,,,No,No,No,Yes,Hybrid,Loft Insulation,10233.23,500.0,1030.0,14.3,3.8,No,,,,,,,,,,,,,,,,,,,,,,,,,,,,,,,,,,,,,,,,,House_Semi-Detached_2.0
E.ON,EOH2129,NE7,42.0,Working Full time (>30hrs),Clerical,"20,001 - 25,000",2020-12-21T00:00:00.000Z,Owner-Occupied,8.0,C1,1.0,13/01/2021,Phoenix,Urban,1930 - 1949,F,2.0,3.0,85.0,6.0,3.0,8.0,2.6,Solid_No_insulation,Suspended,Pitched,Double,Yes,Gas,Gas Boiler - Combi,,,,0.0,0.0,1.0,No,No,2653.0,22079.0,,,,,,,,Yes,No,Yes,Yes,,,,,,,,No,,,,,,,,,,,,,,,,,,,,,,,,,,,,,,,,,,,,,,,,,House_End-Terrace_2.0
E.ON,EOH0053,NE3,56.0,Working Part time,Professional,"50,001+",2020-12-14T00:00:00.000Z,Owner-Occupied,14.0,AB,2.0,01/03/2021,Phoenix,Urban,1950 - 1966,,2.0,2.0,90.0,5.0,3.0,9.0,2.4,Cavity_Insulated,Solid,Pitched,Double,Yes,Gas,Gas Boiler - Combi,,,,0.0,0.0,1.0,No,No,,,10.08611,88.77,20204.9,4776.0,0.0,,,No,No,No,Yes,Hybrid,None Required,11741.04,0.0,1381.0,14.3,3.8,No,,,,,,,,,,,,,,,,,,,,,,,,,,,,,,,,,,,,,,,,,House_Semi-Detached_2.0
E.ON,EOH0664,NE6,31.0,Working Full time (>30hrs),Manager,"40,001 - 50,000",2020-12-14T00:00:00.000Z,Owner-Occupied,4.0,C1,4.0,07/01/2021,Phoenix,Urban,1900 - 1929,,3.0,0.0,88.0,8.0,3.0,7.0,2.7,Solid_Insulated,Suspended,Pitched,Double,Yes,Gas,Gas Boiler - Combi,,,,0.0,0.0,0.0,No,No,,,10.43001,229.53,8691.0,3820.0,0.0,,,No,No,No,Yes,Hybrid,None Required,10430.83,0.0,984.0,14.3,3.8,No,,,,,,,,,,,,,,,,,,,,,,,,,,,,,,,,,,,,,,,,,House_End-Terrace_2.0
E.ON,EOH2643,NE3,36.0,Working Full time (>30hrs),Professional,"30,001 - 40,000",2020-12-15T00:00:00.000Z,Owner-Occupied,4.0,C1,5.0,12/01/2021,Phoenix,Urban,1967 - 1975,C,2.0,1.0,102.0,6.0,4.0,9.0,2.3,Cavity_Insulated,Solid,Pitched,Double,Yes,Gas,Gas Boiler - Combi,Fire - Electric,,,0.0,0.0,1.0,No,No,,,,,,,,,,No,No,No,No,None - Installation not recommended,,,,,,,,,,,,,,,,,,,,,,,,,,,,,,,,,,,,,,,,,,,,,,,,House_End-Terrace_2.0
E.ON,EOH0578,NE3,43.0,Working Full time (>30hrs),Professional,"50,001+",2020-12-16T00:00:00.000Z,Owner-Occupied,14.0,AB,2.0,15/01/2021,Phoenix,Urban,1930 - 1949,,2.0,2.0,124.0,8.0,5.0,11.0,2.4,Cavity_Insulated,Solid,Pitched,Double,Yes,Gas,Gas Boiler - Combi,,,,0.0,0.0,0.0,No,No,,,6.77,67.4,7798.1,5774.7,0.0,55.0,2.96,No,No,No,Yes,Hybrid,Loft Insulation,9918.22,500.0,967.0,14.3,3.8,Yes,05/05/2021,Phoenix,Hybrid,Separate_New Boiler,Daikin,EHY2KOMB28AA,4.0,R32,,,,,1.0,10.0,0.0,0.0,none,none,No,0.0,0.0,0.0,No,Yes,0.0,0.0,,no,5912.2,,,2870.84,0.0,500.0,0.0,0.0,0.0,0.0,3.0,0.5,House_Semi-Detached_2.0
E.ON,EOH2429,NE3,36.0,Working Full time (>30hrs),Professional,"50,001+",2020-10-17T00:00:00.000Z,Owner-Occupied,6.0,AB,2.0,14/01/2021,Phoenix,Urban,1930 - 1949,D,2.0,2.0,123.0,6.0,3.0,9.0,2.4,Cavity_Insulated,Suspended,Pitched,Double,Yes,Gas,Gas Boiler - Combi,Fire - Gas,,,0.0,1.0,1.0,No,No,3633.0,15269.0,,,,,,,,Yes with additional measures,No,No,Yes with additional measures,None - Installation not recommended,,,,,,,,,,,,,,,,,,,,,,,,,,,,,,,,,,,,,,,,,,,,,,,,House_Semi-Detached_2.0
E.ON,EOH2177,NE15,63.0,Retired,Pensioner,"30,001 - 40,000",2020-12-16T00:00:00.000Z,Owner-Occupied,34.0,DE,2.0,13/01/2021,Phoenix,Urban,1967 - 1975,,4.0,0.0,90.0,6.0,3.0,9.0,2.3,Cavity_Insulated,Suspended,Pitched,Double,Yes,Gas,Gas Boiler - Standard,Fire - Gas,Water,110,0.0,1.0,0.0,No,No,4456.0,18970.0,7.176,79.73,14426.0,4038.0,218.0,50.0,3.2,Yes with additional measures,No,Yes,Yes,ASHP,Loft Insulation,13503.37,300.0,850.0,14.3,3.8,Yes,21/05/2021,Aaron Services,ASHP,,Daikin,EDLQ011CAV3,11.0,R410A,,Water_new,300.0,,1.0,10.0,0.0,0.0,none,none,No,0.0,0.0,0.0,No,Yes,0.0,0.0,,no,6364.2,1752.0,,3610.0,0.0,500.0,0.0,0.0,0.0,0.0,3.0,0.5,House_Detached_2.0
E.ON,EOH0905,NE5,51.0,Working Part time,Skilled Manual Worker,"25,001 - 30,000",2020-12-18T00:00:00.000Z,Owner-Occupied,21.0,C2,1.0,15/01/2021,Phoenix,Urban,1930 - 1949,,5.0,0.0,73.0,5.0,3.0,7.0,2.3,Cavity_Insulated,Suspended,Pitched,Double,Yes,Gas,Gas Boiler - Combi,,,,0.0,0.0,0.0,No,No,,,3.539,48.47,8583.8,3820.0,0.0,55.0,2.96,No,No,No,Yes with additional measures,Hybrid,Loft Insulation,9690.87,700.0,505.0,14.3,3.8,Yes,12/02/2021,Phoenix,Hybrid,Separate_New Boiler,Daikin,EHY2KOMB28AA,4.0,R32,,,,,1.0,7.0,0.0,0.0,none,none,No,0.0,0.0,0.0,No,Yes,0.0,0.0,,no,5739.82,,,2315.87,0.0,500.0,0.0,0.0,0.0,0.0,2.5,0.5,House_End-Terrace_2.0
E.ON,EOH2108,NE3,63.0,Working Part time,Clerical,Prefer not to say,2020-12-18T00:00:00.000Z,Owner-Occupied,28.0,C1,1.0,12/01/2021,Phoenix,Urban,1967 - 1975,,2.0,0.0,60.0,5.0,3.0,6.0,2.3,Cavity_Insulated,Solid,Pitched,Double,Yes,Gas,Gas Boiler - Combi,Fire - Electric,,,0.0,0.0,1.0,No,No,,,,,,,,,,No,No,Yes,Yes,None - Installation not recommended,,,,,,,,,,,,,,,,,,,,,,,,,,,,,,,,,,,,,,,,,,,,,,,,House_Semi-Detached_2.0
E.ON,EOH2056,NE3,45.0,Working Full time (>30hrs),Professional,"50,001+",2020-12-22T00:00:00.000Z,Owner-Occupied,13.0,C1,1.0,18/01/2021,Phoenix,Urban,1950 - 1966,,2.0,2.0,90.0,5.0,3.0,7.0,2.4,Cavity_Insulated,Solid,Pitched,Double,Yes,Gas,Gas Boiler - Combi,,,,0.0,0.0,1.0,No,No,7000.0,10000.0,6.02,71.59,14582.1,3311.0,0.0,55.0,2.96,No,No,No,Yes,Hybrid,None Required,10060.85,,697.0,14.3,3.8,Yes,18/03/2021,Phoenix,Hybrid,Separate_New Boiler,Daikin,EHY2KOMB28AA,4.0,R32,,,,,1.0,9.0,0.0,0.0,none,none,No,0.0,0.0,0.0,No,No,0.0,0.0,,no,5739.82,,,2685.85,0.0,0.0,0.0,0.0,0.0,0.0,3.0,0.0,House_End-Terrace_2.0
E.ON,EOH1300,NE4,46.0,Working Full time (>30hrs),Manager,"50,001+",2020-12-17T00:00:00.000Z,Owner-Occupied,5.0,AB,2.0,13/01/2021,Phoenix,Urban,1900 - 1929,D,2.0,0.0,127.0,6.0,3.0,9.0,2.9,Solid_No_insulation,Suspended,Pitched,Double,Yes,Gas,Gas Boiler - Combi,Fire - Wood,,,0.0,0.0,1.0,No,No,2020.0,20000.0,,,,,,,,Yes with additional measures,No,Yes with additional measures,Yes with additional measures,None - Installation not recommended,,,,,,,,,,,,,,,,,,,,,,,,,,,,,,,,,,,,,,,,,,,,,,,,House_Mid-Terrace_2.0
E.ON,EOH0441,NE7,31.0,Working Full time (>30hrs),Professional,"50,001+",2020-12-17T00:00:00.000Z,Owner-Occupied,0.9,AB,5.0,12/01/2021,Phoenix,Urban,1930 - 1949,D,2.0,1.0,107.0,6.0,3.0,8.0,2.5,Cavity_Insulated,Mix,Pitched,Double,Yes,Gas,Gas Boiler - Combi,Fire - Gas,,,0.0,1.0,1.0,No,No,,,7.84334,81.21,9144.7,3566.0,0.0,,,No,No,No,Yes,Hybrid,None Required,10787.43,0.0,714.0,14.3,3.8,No,,,,,,,,,,,,,,,,,,,,,,,,,,,,,,,,,,,,,,,,,House_Semi-Detached_2.0
E.ON,EOH2869,NE3,56.0,Working Full time (>30hrs),Manager,"50,001+",2020-12-23T00:00:00.000Z,Owner-Occupied,25.0,AB,2.0,18/01/2021,Phoenix,Urban,1930 - 1949,,4.0,0.0,120.0,7.0,4.0,10.0,2.4,Cavity_Insulated,Suspended,Pitched,Double,Yes,Gas,Gas Boiler - Combi,Fire - Gas,,,0.0,1.0,1.0,No,No,,,,,,,,,,Yes,No,Yes,Yes,None - Installation not recommended,,,,,,,,,,,,,,,,,,,,,,,,,,,,,,,,,,,,,,,,,,,,,,,,House_Semi-Detached_3.0
E.ON,EOH2531,NE3,35.0,Working Full time (>30hrs),Professional,"30,001 - 40,000",2020-12-21T00:00:00.000Z,Owner-Occupied,1.0,C1,3.0,14/01/2021,Phoenix,Urban,1950 - 1966,D,2.0,0.0,116.0,5.0,3.0,9.0,2.4,Cavity_Insulated,Solid,Pitched,Double,Yes,Gas,Gas Boiler - Combi,Fire - Gas,,,0.0,1.0,1.0,No,No,3085.0,21000.0,7.972,68.72,15982.7,4475.0,853.0,49.0,3.24,Yes with additional measures,No,No,Yes,ASHP,Loft Insulation,13319.15,500.0,1026.0,14.3,3.8,Yes,25/05/2021,Aaron Services,ASHP,,Daikin,EDLQ011CAV3,11.0,R410A,,Water_new,200.0,,1.0,11.0,0.0,0.0,none,none,No,0.0,0.0,0.0,No,Yes,0.0,0.0,,no,6364.21,1752.0,,3425.04,0.0,500.0,0.0,0.0,0.0,0.0,3.0,0.5,House_Semi-Detached_2.0
E.ON,EOH1600,NE7,59.0,Retired,Pensioner,"12,501 - 16,200",2020-12-18T00:00:00.000Z,Owner-Occupied,24.0,DE,3.0,18/01/2021,Phoenix,Urban,1950 - 1966,C,2.0,0.0,129.0,7.0,4.0,10.0,2.6,Cavity_Insulated,Suspended,Pitched,Double,Yes,Gas,Gas Boiler - Standard,Fire - Gas,Water,110,0.0,2.0,1.0,No,No,2537.0,21037.0,,,,,,,,Yes,No,Yes,Yes,None - Installation not recommended,,,,,,,,,,,,,,,,,,,,,,,,,,,,,,,,,,,,,,,,,,,,,,,,House_Semi-Detached_2.0
E.ON,EOH1566,NE5,76.0,Retired,Pensioner,"30,001 - 40,000",2020-12-18T00:00:00.000Z,Owner-Occupied,37.0,DE,5.0,13/01/2021,Phoenix,Urban,1900 - 1929,,1.0,0.0,92.0,5.0,3.0,8.0,2.7,Solid_No_insulation,Mix,Pitched,Double,Yes,Gas,Gas Boiler - Combi,Fire - Gas,,,0.0,1.0,1.0,No,No,1279.0,16704.0,10.58,114.96,21259.8,3515.0,0.0,,,No,No,No,Yes,Hybrid,None Required,10430.06,,1453.0,14.3,3.8,Yes,13/05/2021,Phoenix,Hybrid,Separate_New Boiler,Daikin,EHY2KOMB28AA,4.0,R32,,,,,1.0,9.0,0.0,0.0,none,none,No,0.0,1.0,1.0,No,No,0.0,0.0,,no,5739.82,,,3055.0,0.0,0.0,0.0,0.0,0.0,0.0,2.0,0.0,House_Detached_2.0
E.ON,EOH1503,NE6,34.0,Working Full time (>30hrs),Professional,"30,001 - 40,000",2020-12-15T00:00:00.000Z,Owner-Occupied,0.9,C1,2.0,13/01/2021,Phoenix,Urban,1950 - 1966,,2.0,0.0,66.0,4.0,2.0,7.0,2.6,Cavity_Insulated,Suspended,Pitched,Double,Yes,Gas,Gas Boiler - Combi,,,,0.0,0.0,1.0,No,No,,,,,,,,,,No,No,Yes with additional measures,Yes with additional measures,None - Installation not recommended,,,,,,,,,,,,,,,,,,,,,,,,,,,,,,,,,,,,,,,,,,,,,,,,House_Semi-Detached_2.0
E.ON,EOH0850,NE3,41.0,Working Full time (>30hrs),Professional,"50,001+",2020-12-18T00:00:00.000Z,Owner-Occupied,3.0,AB,3.0,15/01/2021,Phoenix,Urban,1967 - 1975,C,2.0,0.0,107.0,7.0,4.0,12.0,2.3,Cavity_Insulated,Solid,Pitched,Double,Yes,Gas,Gas Boiler - Combi,,,,0.0,0.0,1.0,No,No,2370.0,20000.0,5.92159,58.65,14348.0,4122.0,607.0,,,Yes,No,Yes,Yes,ASHP,None Required,13711.35,0.0,894.0,14.3,3.8,No,,,,,,,,,,,,,,,,,,,,,,,,,,,,,,,,,,,,,,,,,House_Semi-Detached_2.0
E.ON,EOH2186,NE15,34.0,Working Full time (>30hrs),Professional,"50,001+",2020-12-21T00:00:00.000Z,Owner-Occupied,2.0,AB,4.0,18/01/2021,Phoenix,Urban,1930 - 1949,D,2.0,1.0,75.0,5.0,3.0,7.0,2.5,Cavity_Insulated,Suspended,Pitched,Double,Yes,Gas,Gas Boiler - Combi,Fire - Gas,,,0.0,1.0,1.0,No,No,3488.0,11956.0,,,,,,,,Yes,No,Yes,Yes,None - Installation not recommended,,,,,,,,,,,,,,,,,,,,,,,,,,,,,,,,,,,,,,,,,,,,,,,,House_Semi-Detached_2.0
E.ON,EOH0305,NE3,65.0,Working Part time,Professional,"25,001 - 30,000",2021-01-04T00:00:00.000Z,Owner-Occupied,20.0,AB,4.0,12/02/2021,Phoenix,Urban,1930 - 1949,E,2.0,0.0,117.0,5.0,3.0,8.0,2.6,Cavity_Insulated,Suspended,Pitched,Double,Yes,Gas,Gas Boiler - Combi,Fire - Wood,,,0.0,0.0,0.0,No,No,,,,,,,,,,No,No,No,No,None - Installation not recommended,,,,,,,,,,,,,,,,,,,,,,,,,,,,,,,,,,,,,,,,,,,,,,,,House_Semi-Detached_2.0
E.ON,EOH1464,NE13,45.0,Working Full time (>30hrs),Manager,"40,001 - 50,000",2020-12-16T00:00:00.000Z,Owner-Occupied,1.0,AB,3.0,08/01/2021,Phoenix,Urban,1967 - 1975,,2.0,1.0,176.0,5.0,3.0,6.0,2.4,Cavity_Insulated,Solid,Pitched,Double,Yes,Gas,Gas Boiler - Combi,Fire - Gas,,,0.0,1.0,0.0,No,No,,,5.17198,68.01,14490.4,4122.0,181.0,,,Yes,No,Yes,Yes,ASHP,None Required,12199.93,0.0,630.0,14.3,3.8,No,,,,,,,,,,,,,,,,,,,,,,,,,,,,,,,,,,,,,,,,,House_Semi-Detached_2.0
E.ON,EOH1505,NE7,63.0,Retired,Pensioner,"20,001 - 25,000",2020-12-23T00:00:00.000Z,Owner-Occupied,12.0,DE,4.0,18/01/2021,Phoenix,Urban,1950 - 1966,,1.0,0.0,104.0,5.0,3.0,7.0,2.7,Cavity_Insulated,Suspended,Pitched,Double,Yes,Gas,Gas Boiler - Combi,Fire - Gas,,,0.0,1.0,0.0,No,No,,,,,,,,,,No,No,No,No,None - Installation not recommended,,,,,,,,,,,,,,,,,,,,,,,,,,,,,,,,,,,,,,,,,,,,,,,,House_Semi-Detached_2.0
E.ON,EOH2003,NE5,52.0,Working Full time (>30hrs),Manager,"50,001+",2020-12-24T00:00:00.000Z,Owner-Occupied,3.0,AB,2.0,19/01/2021,Phoenix,Urban,1950 - 1966,E,2.0,0.0,73.0,4.0,3.0,7.0,2.4,Cavity_Insulated,Suspended,Pitched,Double,Yes,Gas,Gas Boiler - Combi,Fire - Wood,,,0.0,0.0,0.0,No,No,,,6.252,85.64,15140.6,3566.0,0.0,52.0,3.0,No,No,No,Yes with additional measures,Hybrid,Loft Insulation,10417.45,500.0,711.0,14.3,3.8,Yes,18/02/2021,Phoenix,Hybrid,Separate_New Boiler,Daikin,EHY2KOMB28AA,4.0,R32,,,,,1.0,7.0,0.0,0.0,none,none,No,0.0,0.0,0.0,No,Yes,0.0,0.0,,no,5912.2,,,2870.07,0.0,500.0,0.0,0.0,0.0,0.0,2.5,0.5,House_Semi-Detached_1.0
E.ON,EOH0541,NE15,67.0,Retired,Casual worker,"0 - 12,500",2020-12-24T00:00:00.000Z,Owner-Occupied,24.0,DE,3.0,20/01/2021,Phoenix,Urban,1900 - 1929,,1.0,0.0,130.0,5.0,3.0,8.0,2.5,Cavity_No_insulation,Suspended,Pitched,Double,Yes,Gas,Gas Boiler - Combi,Fire - Wood,,,0.0,1.0,1.0,No,No,,,,,,,,,,No,No,Yes,No,None - Installation not recommended,,,,,,,,,,,,,,,,,,,,,,,,,,,,,,,,,,,,,,,,,,,,,,,,House_Detached_2.0
E.ON,EOH1435,NE13,54.0,Working Full time (>30hrs),Manager,"50,001+",2020-12-23T00:00:00.000Z,Owner-Occupied,12.0,AB,3.0,22/01/2021,Phoenix,Urban,2007 - 2011,B,2.0,0.0,210.0,8.0,4.0,11.0,2.4,Cavity_Insulated,Solid,Pitched,Double,Yes,Gas,Gas Boiler - Standard,Fire - Gas,Water,250,0.0,1.0,1.0,No,No,,,6.33368,41.17,15322.2,5594.0,818.0,,,Yes,No,Yes,Yes,ASHP,None Required,14081.33,0.0,1037.0,14.3,3.8,No,,,,,,,,,,,,,,,,,,,,,,,,,,,,,,,,,,,,,,,,,House_Detached_2.0
E.ON,EOH1540,NE4,48.0,Unemployed,Unemployed/Benefits,"0 - 12,500",2020-12-23T00:00:00.000Z,Owner-Occupied,15.0,DE,1.0,19/01/2021,Phoenix,Urban,1930 - 1949,,1.0,2.0,170.0,7.0,4.0,11.0,2.6,Cavity_Insulated,Suspended,Pitched,Double,Yes,Gas,Gas Boiler - Standard,Fire - Wood,Water,300,0.0,1.0,1.0,No,No,,,,,,,,,,No,No,Yes,No,None - Installation not recommended,,,,,,,,,,,,,,,,,,,,,,,,,,,,,,,,,,,,,,,,,,,,,,,,House_Semi-Detached_3.0
E.ON,EOH2770,NE28,56.0,Working Full time (>30hrs),Skilled Manual Worker,"25,001 - 30,000",2021-01-04T00:00:00.000Z,Owner-Occupied,17.0,C2,4.0,20/01/2021,Phoenix,Urban,2003 - 2006,,3.0,0.0,110.0,6.0,4.0,12.0,2.4,Cavity_Insulated,Solid,Pitched,Double,Yes,Gas,Gas Boiler - Standard,Fire - Gas,Water,210,0.0,1.0,1.0,No,No,,,6.60004,79.8,13225.7,4995.0,0.0,,,No,No,Yes,Yes,HT_ASHP,Loft Insulation and Barrier,17566.41,1000.0,841.0,14.3,3.8,No,,,,,,,,,,,,,,,,,,,,,,,,,,,,,,,,,,,,,,,,,House_Detached_2.0
E.ON,EOH0930,NE20,59.0,Working Full time (>30hrs),Manager,"50,001+",2021-01-04T00:00:00.000Z,Owner-Occupied,3.0,AB,5.0,20/01/2021,Phoenix,Urban,1967 - 1975,,2.0,1.0,120.0,6.0,4.0,8.0,2.4,Cavity_Insulated,Suspended,Pitched,Double,Yes,Gas,Gas Boiler - Combi,,,,0.0,0.0,1.0,No,No,,,8.992,74.93,28647.2,3515.0,0.0,55.0,2.96,No,No,No,Yes,Hybrid,None Required,10602.44,,1949.0,14.3,3.8,Yes,27/05/2021,Phoenix,Hybrid,Separate_New Boiler,Daikin,EHY2KOMB32AA,4.0,R32,,,,,1.0,9.0,0.0,0.0,none,none,No,0.0,0.0,0.0,No,No,0.0,0.0,,no,5912.2,,,3055.06,0.0,0.0,0.0,0.0,0.0,0.0,2.5,0.0,House_Detached_2.0
E.ON,EOH2058,NE4,36.0,Working Part time,Skilled Manual Worker,"30,001 - 40,000",2020-12-17T00:00:00.000Z,Owner-Occupied,1.0,C2,5.0,12/01/2021,Phoenix,Urban,1930 - 1949,C,2.0,1.0,81.0,4.0,2.0,6.0,2.6,Cavity_Insulated,Suspended,Pitched,Double,Yes,Gas,Gas Boiler - Combi,Fire - Wood,,,0.0,0.0,0.0,No,No,,,6.671,82.35,8532.4,2674.0,0.0,45.0,3.07,Yes,No,Yes,Yes with additional measures,Hybrid,Loft Insulation,10787.43,500.0,572.0,14.3,3.8,Yes,26/02/2021,Phoenix,Hybrid,Separate_New Boiler,Daikin,EHY2KOMB32AA,4.0,R32,,,,,1.0,10.0,0.0,0.0,none,none,No,0.0,0.0,0.0,No,Yes,0.0,0.0,,no,5912.2,,,3240.68,0.0,500.0,0.0,0.0,0.0,0.0,3.0,0.5,House_Semi-Detached_2.0
E.ON,EOH0226,NE5,25.0,Working Part time,Skilled Manual Worker,"30,001 - 40,000",2021-01-06T00:00:00.000Z,Owner-Occupied,4.0,C2,1.0,21/01/2021,Phoenix,Urban,1967 - 1975,D,2.0,1.0,90.0,5.0,3.0,7.0,2.4,Cavity_Insulated,Suspended,Pitched,Double,Yes,Gas,Gas Boiler - Combi,Fire - Wood,,,0.0,0.0,0.0,No,No,,,6.375,89.61,12811.5,4475.0,655.0,48.0,3.44,Yes,No,Yes,Yes,ASHP,None Required,12602.18,,853.0,14.3,3.8,Yes,14/04/2021,Aaron Services,ASHP,,Daikin,EDLQ07CAV7,7.0,R410A,,Water_new,200.0,,1.0,8.0,0.0,0.0,none,none,No,0.0,0.0,0.0,No,No,0.0,0.0,,no,5648.0,1752.0,,2870.0,0.0,0.0,0.0,0.0,0.0,0.0,3.0,0.0,House_Semi-Detached_2.0
E.ON,EOH1070,NE3,43.0,Working Full time (>30hrs),Professional,"40,001 - 50,000",2021-01-13T00:00:00.000Z,Owner-Occupied,8.0,AB,3.0,01/02/2021,Phoenix,Urban,1967 - 1975,D,2.0,3.0,86.0,6.0,4.0,10.0,2.3,Cavity_Insulated,Solid,Pitched,Double,Yes,Gas,Gas Boiler - Combi,,,,0.0,0.0,1.0,No,No,,,5.8,67.44,20113.0,4394.0,0.0,50.0,3.02,No,No,No,Yes,Hybrid,None Required,10787.43,,919.0,14.3,3.8,Yes,01/04/2021,Phoenix,Hybrid,Separate_New Boiler,Daikin,EHY2KOMB32AA,4.0,R32,,,,,1.0,10.0,0.0,0.0,none,none,No,0.0,0.0,0.0,No,No,0.0,0.0,,no,5912.2,,,3240.05,0.0,0.0,0.0,0.0,0.0,0.0,3.0,0.0,House_Semi-Detached_2.0
E.ON,EOH1497,NE5,46.0,Working Full time (>30hrs),Skilled Manual Worker,"20,001 - 25,000",2021-01-06T00:00:00.000Z,Owner-Occupied,11.0,C2,4.0,20/01/2021,Phoenix,Urban,1967 - 1975,B,2.0,2.0,107.0,7.0,4.0,9.0,2.4,Cavity_Insulated,Suspended,Pitched,Double,Yes,Gas,Gas Boiler - Combi,Fire - Wood,,,0.0,0.0,1.0,No,No,4023.0,12956.0,,,,,,,,No,No,No,Yes,None - Installation not recommended,,,,,,,,,,,,,,,,,,,,,,,,,,,,,,,,,,,,,,,,,,,,,,,,House_Semi-Detached_2.0
E.ON,EOH0518,NE15,42.0,Working Part time,Semi and unskilled manual worker,"0 - 12,500",2021-01-05T00:00:00.000Z,Owner-Occupied,24.0,DE,1.0,22/02/2021,Phoenix,Urban,1967 - 1975,,4.0,0.0,77.0,5.0,3.0,7.0,2.4,Cavity_Insulated,Suspended,Pitched,Double,Yes,Gas,Gas Boiler - Combi,Fire - Electric,,,0.0,0.0,1.0,No,No,,,5.03497,77.11,11346.9,4475.0,655.0,,,Yes,No,Yes,Yes,ASHP,Barrier,12602.18,500.0,792.0,14.3,3.8,No,,,,,,,,,,,,,,,,,,,,,,,,,,,,,,,,,,,,,,,,,House_Semi-Detached_2.0
E.ON,EOH3109,NE4,38.0,Working Full time (>30hrs),Professional,"30,001 - 40,000",2021-01-04T00:00:00.000Z,Owner-Occupied,9.0,AB,4.0,07/01/2021,Phoenix,Urban,1930 - 1949,C,2.0,3.0,103.0,5.0,3.0,7.0,2.4,Cavity_Insulated,Suspended,Pitched,Double,Yes,Gas,Gas Boiler - Combi,,,,0.0,0.0,1.0,No,No,,,6.91176,77.52,13894.8,6086.2,0.0,,,No,No,Yes,Yes,HT_ASHP,None Required,16641.46,0.0,931.0,14.3,3.8,No,,,,,,,,,,,,,,,,,,,,,,,,,,,,,,,,,,,,,,,,,House_Semi-Detached_2.0
E.ON,EOH2350,NE12,44.0,Working Full time (>30hrs),Professional,"30,001 - 40,000",2021-01-08T00:00:00.000Z,Owner-Occupied,7.0,C1,3.0,25/01/2021,Phoenix,Urban,2003 - 2006,D,2.0,2.0,66.0,5.0,3.0,8.0,2.4,Cavity_Insulated,Solid,Pitched,Double,Yes,Gas,Gas Boiler - Combi,Fire - Electric,,,0.0,0.0,1.0,No,No,7168.0,7209.0,4.402,66.7,8830.0,3311.0,0.0,55.0,2.96,No,No,No,Yes with additional measures,Hybrid,Loft Insulation,,500.0,577.0,14.3,3.8,Yes,02/06/2021,Phoenix,Hybrid,Separate_New Boiler,Daikin,EHY2KOMB28AA,4.0,R32,,,,,1.0,8.0,0.0,0.0,none,none,No,0.0,0.0,0.0,No,Yes,0.0,0.0,,no,5739.82,,,2501.0,0.0,500.0,0.0,0.0,0.0,0.0,2.0,0.5,House_Semi-Detached_2.0
E.ON,EOH0295,NE3,68.0,Retired,Pensioner,"20,001 - 25,000",2021-01-04T00:00:00.000Z,Owner-Occupied,12.0,DE,2.0,21/01/2021,Phoenix,Urban,1967 - 1975,,2.0,0.0,76.0,4.0,2.0,5.0,2.3,Cavity_Insulated,Solid,Pitched,Double,Yes,Gas,Gas Boiler - Combi,,,,0.0,0.0,1.0,No,No,2200.0,11000.0,6.717,88.38,16278.2,1732.0,0.0,,,No,No,No,Yes,Hybrid,None Required,10429.29,,1043.0,14.3,3.8,Yes,03/06/2021,Phoenix,Hybrid,Separate_New Boiler,Daikin,EHY2KOMB28AA,4.0,R32,,,,,1.0,7.0,0.0,0.0,none,none,No,0.0,0.0,1.0,No,No,0.0,0.0,,no,5739.82,,,3035.29,0.0,0.0,0.0,0.0,0.0,0.0,2.0,0.0,House_Semi-Detached_2.0
E.ON,EOH0607,NE16,33.0,Working Full time (>30hrs),Professional,"50,001+",2021-01-05T00:00:00.000Z,Owner-Occupied,2.0,AB,4.0,22/01/2021,Phoenix,Urban,1967 - 1975,,2.0,1.0,98.0,6.0,4.0,10.0,2.4,Cavity_Insulated,Suspended,Pitched,Double,Yes,Gas,Gas Boiler - Combi,,,,0.0,0.0,1.0,No,No,6000.0,15000.0,,,,,,,,Yes with additional measures,No,Yes with additional measures,No,None - Installation not recommended,,,,,,,,,,,,,,,,,,,,,,,,,,,,,,,,,,,,,,,,,,,,,,,,House_Semi-Detached_2.0
E.ON,EOH0535,NE3,,Retired,Pensioner,"30,001 - 40,000",2021-01-05T00:00:00.000Z,Owner-Occupied,10.0,DE,5.0,21/01/2021,Phoenix,Urban,1983 - 1990,C,2.0,0.0,110.0,6.0,3.0,10.0,2.4,Cavity_Insulated,Solid,Pitched,Double,Yes,Gas,Gas Boiler - Combi,,,,0.0,0.0,1.0,No,No,,,7.1929,70.5,14401.8,4475.0,655.0,,,Yes,No,Yes,Yes,ASHP,None Required,13134.93,0.0,956.0,14.3,3.8,No,,,,,,,,,,,,,,,,,,,,,,,,,,,,,,,,,,,,,,,,,House_Detached_2.0
E.ON,EOH1500,NE4,51.0,Working Full time (>30hrs),Skilled Manual Worker,"30,001 - 40,000",2021-01-07T00:00:00.000Z,Owner-Occupied,12.0,C2,3.0,26/01/2021,Phoenix,Urban,1900 - 1929,,2.0,2.0,148.0,7.0,4.0,10.0,2.6,Solid_No_insulation,Suspended,Pitched,Double,Yes,Gas,Gas Boiler - Combi,Fire - Gas,,,0.0,1.0,0.0,No,No,5490.0,12441.0,,,,,,,,No,No,No,No,None - Installation not recommended,,,,,,,,,,,,,,,,,,,,,,,,,,,,,,,,,,,,,,,,,,,,,,,,House_Semi-Detached_2.0
E.ON,EOH2182,NE13,33.0,Working Part time,Clerical,"20,001 - 25,000",2021-01-08T00:00:00.000Z,Owner-Occupied,10.0,C1,2.0,28/01/2021,Phoenix,Urban,1983 - 1990,,2.0,0.0,137.0,6.0,4.0,12.0,2.3,Cavity_Insulated,Solid,Pitched,Double,Yes,Gas,Gas Boiler - Combi,,,,0.0,0.0,1.0,No,No,,,,,,,,,,Yes,No,Yes,No,None - Installation not recommended,,,,,,,,,,,,,,,,,,,,,,,,,,,,,,,,,,,,,,,,,,,,,,,,House_Detached_1.0
E.ON,EOH0163,NE15,33.0,Working Full time (>30hrs),Professional,"50,001+",2021-01-07T00:00:00.000Z,Owner-Occupied,6.0,AB,3.0,25/01/2021,Phoenix,Urban,1900 - 1929,,1.0,0.0,70.0,4.0,2.0,5.0,2.6,Solid_No_insulation,Suspended,Pitched,Double,Yes,Gas,Gas Boiler - Combi,Fire - Wood,,,0.0,0.0,1.0,No,No,1903.0,21753.0,,,,,,,,No,No,No,No,None - Installation not recommended,,,,,,,,,,,,,,,,,,,,,,,,,,,,,,,,,,,,,,,,,,,,,,,,House_Detached_1.0
E.ON,EOH0749,NE3,57.0,Working Full time (>30hrs),Professional,"50,001+",2021-01-07T00:00:00.000Z,Owner-Occupied,19.0,AB,5.0,27/01/2021,Phoenix,Urban,1991 - 1995,,2.0,0.0,152.0,8.0,4.0,13.0,2.3,Cavity_Insulated,Suspended,Pitched,Double,Yes,Gas,Gas Boiler - Combi,Fire - Gas,,,0.0,1.0,1.0,No,No,5000.0,19000.0,9.17,60.32,8899.9,4139.0,0.0,55.0,2.96,No,No,No,Yes,Hybrid,None Required,10800.81,,866.0,14.3,3.8,Yes,17/06/2021,Phoenix,Hybrid,Separate_New Boiler,Daikin,EHY2KOMB28AA,4.0,R32,,,,,1.0,13.0,0.0,0.0,none,none,No,0.0,0.0,0.0,No,No,0.0,0.0,,no,5739.0,,,3425.0,0.0,0.0,0.0,0.0,0.0,0.0,2.5,0.0,House_Detached_2.0
E.ON,EOH0609,NE6,70.0,Working Part time,Clerical,"30,001 - 40,000",2021-01-07T00:00:00.000Z,Owner-Occupied,13.0,C1,3.0,25/01/2021,Phoenix,Urban,1930 - 1949,,2.0,0.0,85.0,5.0,3.0,7.0,2.5,Cavity_Insulated,Suspended,Pitched,Double,Yes,Gas,Gas Boiler - Combi,Fire - Wood,,,0.0,0.0,0.0,No,No,4300.0,7800.0,7.065,83.12,14151.1,3311.0,0.0,55.0,2.96,No,No,No,Yes,Hybrid,None Required,10060.85,,671.0,14.3,3.8,Yes,30/04/2021,Phoenix,Hybrid,Separate_New Boiler,Daikin,EHY2KOMB28AA,4.0,R32,,,,,1.0,9.0,0.0,0.0,none,none,No,0.0,0.0,0.0,No,No,0.0,0.0,,no,5739.82,,,2685.85,0.0,0.0,0.0,0.0,0.0,0.0,3.0,0.0,House_Semi-Detached_1.0
E.ON,EOH1780,NE7,38.0,Working Full time (>30hrs),Professional,"50,001+",2021-01-06T00:00:00.000Z,Owner-Occupied,9.0,AB,1.0,22/01/2021,Phoenix,Urban,1930 - 1949,E,2.0,2.0,112.0,5.0,3.0,8.0,2.6,Cavity_Insulated,Suspended,Pitched,Double,Yes,Gas,Gas Boiler - Combi,Fire - Gas,,,0.0,1.0,0.0,No,No,4362.0,10681.0,,,,,,,,Yes,No,Yes,Yes,None - Installation not recommended,,,,,,,,,,,,,,,,,,,,,,,,,,,,,,,,,,,,,,,,,,,,,,,,House_Semi-Detached_2.0
E.ON,EOH2341,NE2,49.0,Working Full time (>30hrs),Manager,"25,001 - 30,000",2021-01-08T00:00:00.000Z,Owner-Occupied,14.0,C1,3.0,25/01/2021,Phoenix,Urban,1930 - 1949,,2.0,3.0,110.0,6.0,3.0,8.0,2.3,Cavity_Insulated,Suspended,Pitched,Double,Yes,Gas,Gas Boiler - Combi,Fire - Wood,,,0.0,0.0,1.0,No,No,3000.0,13000.0,7.57929,72.18,15192.2,3311.0,0.0,,,No,No,No,Yes,Hybrid,Loft Insulation,10060.85,500.0,980.0,14.3,3.8,No,,,,,,,,,,,,,,,,,,,,,,,,,,,,,,,,,,,,,,,,,House_Semi-Detached_2.0
E.ON,EOH2205,NE3,69.0,Working Part time,Skilled Manual Worker,"16,201 - 20,000",2021-01-08T00:00:00.000Z,Owner-Occupied,40.0,C2,1.0,25/01/2021,Phoenix,Urban,1950 - 1966,,2.0,0.0,78.0,5.0,3.0,8.0,2.4,Cavity_Insulated,Suspended,Pitched,Double,Yes,Gas,Gas Boiler - Combi,Fire - Gas,,,0.0,1.0,1.0,No,No,5214.0,15977.0,5.957,76.37,14437.3,3311.0,0.0,55.0,2.96,No,No,No,Yes with additional measures,Hybrid,Loft Insulation,9690.87,500.0,698.0,14.3,3.8,Yes,03/03/2021,Phoenix,Hybrid,Separate_New Boiler,Daikin,EHY2KOMB28AA,4.0,R32,,,,,1.0,7.0,0.0,0.0,none,none,No,0.0,0.0,0.0,No,Yes,0.0,0.0,,no,5739.82,,,2315.87,0.0,500.0,0.0,0.0,0.0,0.0,2.5,0.5,House_Detached_2.0
E.ON,EOH0901,NE3,62.0,Working Full time (>30hrs),Professional,"40,001 - 50,000",2021-01-08T00:00:00.000Z,Owner-Occupied,16.0,AB,5.0,26/01/2021,Phoenix,Urban,1983 - 1990,,2.0,0.0,151.0,7.0,4.0,12.0,2.4,Cavity_Insulated,Solid,Pitched,Double,Yes,Gas,Gas Boiler - Combi,Fire - Gas,,,0.0,1.0,1.0,No,No,,,13.01,86.73,9396.0,3496.0,0.0,45.0,3.91,Yes,No,Yes,Yes,HT_ASHP,,12662.98,0.0,740.0,12.9,4.0,Yes,20/09/2021,Energist,HT_ASHP,,Vaillant,VWL 75/6 A 230V S2,7.0,R290,,Water_new,200.0,,1.0,7.0,0.0,0.0,,,No,0.0,0.0,0.0,No,No,0.0,0.0,,no,5789.0,1752.34,,1945.89,0.0,0.0,0.0,0.0,0.0,0.0,3.0,,House_Detached_2.0
E.ON,EOH0945,NE13,58.0,Working Full time (>30hrs),Professional,"50,001+",2021-01-07T00:00:00.000Z,Owner-Occupied,22.0,AB,5.0,27/01/2021,Phoenix,Urban,1967 - 1975,C,2.0,1.0,91.0,4.0,3.0,6.0,2.4,Cavity_Insulated,Suspended,Pitched,Double,Yes,Gas,Gas Boiler - Standard,,Water,110,0.0,0.0,1.0,No,No,,,5.04737,75.33,7691.0,3311.0,0.0,,,No,No,Yes,Yes,Hybrid,None Required,9690.87,0.0,699.0,14.3,3.8,No,,,,,,,,,,,,,,,,,,,,,,,,,,,,,,,,,,,,,,,,,House_Detached_1.0
E.ON,EOH0201,NE5,36.0,Unemployed,Unemployed/Benefits,"0 - 12,500",2021-01-11T00:00:00.000Z,Owner-Occupied,5.0,DE,2.0,27/01/2021,Phoenix,Urban,1950 - 1966,D,1.0,0.0,74.0,4.0,3.0,8.0,2.6,Cavity_Insulated,Suspended,Pitched,Double,Yes,Gas,Gas Boiler - Combi,,,,0.0,0.0,1.0,No,No,,,6.14,82.97,14871.7,3311.0,0.0,55.0,2.96,No,No,No,Yes,Hybrid,None Required,9875.86,,707.0,14.3,3.8,Yes,10/03/2021,Phoenix,Hybrid,Separate_New Boiler,Daikin,EHY2KOMB28AA,4.0,R32,,,,,1.0,8.0,0.0,0.0,none,none,No,0.0,0.0,0.0,No,No,0.0,0.0,,no,5739.82,,,2500.86,0.0,0.0,0.0,0.0,0.0,0.0,3.0,0.0,House_Semi-Detached_2.0
E.ON,EOH0845,NE3,72.0,Retired,Pensioner,"40,001 - 50,000",2021-01-11T00:00:00.000Z,Owner-Occupied,35.0,DE,3.0,29/01/2021,Phoenix,Urban,1950 - 1966,C,2.0,0.0,119.0,7.0,5.0,11.0,2.3,Cavity_Insulated,Solid,Pitched,Double,Yes,Gas,Gas Boiler - Combi,,,,0.0,0.0,0.0,No,No,4589.0,12000.0,,,,,,,,No,No,No,No,None - Installation not recommended,,,,,,,,,,,,,,,,,,,,,,,,,,,,,,,,,,,,,,,,,,,,,,,,House_Semi-Detached_2.0
E.ON,EOH1178,NE3,64.0,Retired,Pensioner,"25,001 - 30,000",2021-01-11T00:00:00.000Z,Owner-Occupied,6.0,DE,2.0,26/01/2021,Phoenix,Urban,1950 - 1966,D,2.0,0.0,52.0,4.0,1.0,5.0,2.3,Cavity_Insulated,Solid,Pitched,Double,Yes,Gas,Gas Boiler - Combi,Fire - Gas,,,0.0,1.0,0.0,No,No,,,,,,,,,,Yes,No,Yes,Yes,None - Installation not recommended,,,,,,,,,,,,,,,,,,,,,,,,,,,,,,,,,,,,,,,,,,,,,,,,House_Semi-Detached_1.0
E.ON,EOH1775,NE3,34.0,Working Full time (>30hrs),Manager,"50,001+",2021-01-18T00:00:00.000Z,Owner-Occupied,3.0,C1,1.0,02/03/2021,Phoenix,Urban,1983 - 1990,C,2.0,1.0,71.0,4.0,3.0,8.0,2.3,Cavity_Insulated,Solid,Pitched,Double,Yes,Gas,Gas Boiler - Combi,,,,0.0,0.0,1.0,No,No,,,4.64,65.39,13506.6,3820.0,0.0,45.0,3.07,No,No,No,Yes,Hybrid,Barrier,10632.64,300.0,806.0,14.0,4.0,Yes,29/04/2021,Phoenix,Hybrid,Separate_New Boiler,Daikin,EHY2KOMB32AA,4.0,R32,,,,,1.0,8.0,0.0,1.0,none,enclosure,No,0.0,1.0,0.0,No,No,0.0,0.0,,no,5739.82,,,3257.64,0.0,0.0,0.0,0.0,0.0,0.0,3.0,0.0,House_Semi-Detached_2.0
E.ON,EOH2817,NE6,30.0,Working Full time (>30hrs),Professional,"30,001 - 40,000",2021-01-11T00:00:00.000Z,Owner-Occupied,2.0,C1,1.0,27/01/2021,Phoenix,Urban,1900 - 1929,,2.0,0.0,84.0,6.0,4.0,8.0,2.8,Solid_No_insulation,Suspended,Pitched,Double,Yes,Gas,Gas Boiler - Combi,,,,0.0,0.0,1.0,No,No,,,,,,,,,,No,No,No,No,None - Installation not recommended,,,,,,,,,,,,,,,,,,,,,,,,,,,,,,,,,,,,,,,,,,,,,,,,House_Mid-Terrace_3.0
E.ON,EOH0570,NE3,32.0,Working Full time (>30hrs),Manager,"30,001 - 40,000",2021-01-18T00:00:00.000Z,Owner-Occupied,6.0,C1,4.0,03/02/2021,Phoenix,Urban,1967 - 1975,C,2.0,1.0,95.0,6.0,3.0,7.0,2.4,Cavity_Insulated,Solid,Pitched,Double,Yes,Gas,Gas Boiler - Combi,,,,0.0,0.0,0.0,No,No,4384.0,10910.0,6.046,76.4,14644.2,3820.0,0.0,,,No,No,No,Yes,Hybrid,Barrier,9690.87,300.0,733.0,14.3,3.8,Yes,18/03/2021,Phoenix,Hybrid,Separate_New Boiler,Daikin,EHY2KOMB28AA,4.0,R32,,,,,1.0,7.0,0.0,0.0,none,none,No,0.0,0.0,0.0,No,Yes,0.0,0.0,,no,5739.82,,,2315.87,0.0,500.0,0.0,0.0,0.0,0.0,4.0,0.0,House_Semi-Detached_2.0
E.ON,EOH1961,NE20,39.0,Working Full time (>30hrs),Skilled Manual Worker,"50,001+",2021-01-11T00:00:00.000Z,Owner-Occupied,8.0,C2,5.0,15/01/2021,Phoenix,Urban,1950 - 1966,E,2.0,2.0,162.0,6.0,4.0,12.0,2.4,Cavity_Insulated,Suspended,Pitched,Double,Yes,Gas,Gas Boiler - Combi,Fire - Wood,,,0.0,0.0,1.0,No,No,,,,,,,,,,No,No,Yes,No,None - Installation not recommended,,,,,,,,,,,,,,,,,,,,,,,,,,,,,,,,,,,,,,,,,,,,,,,,House_Detached_2.0
E.ON,EOH2036,NE13,32.0,Working Full time (>30hrs),Professional,"30,001 - 40,000",2021-01-11T00:00:00.000Z,Owner-Occupied,2.0,C1,5.0,20/01/2021,Phoenix,Urban,2012 onwards,C,2.0,1.0,90.0,5.0,3.0,9.0,2.4,Cavity_Insulated,Solid,Pitched,Double,Yes,Gas,Gas Boiler - Combi,,,,0.0,0.0,1.0,No,No,1354.0,,6.47,71.91,15674.9,4994.0,181.0,45.0,3.91,No,No,Yes,No,HT_ASHP,None Required,16826.45,,940.0,14.3,3.8,Yes,20/09/2021,Energist,HT_ASHP,,Vaillant,VWL 75/6 A 230V S2,7.0,R290,,Water_new,150.0,,1.0,8.0,0.0,0.0,,,No,0.0,0.0,0.0,No,No,0.0,0.0,,no,5789.0,1701.71,,2500.86,0.0,0.0,0.0,0.0,0.0,0.0,4.0,,House_Detached_2.0
E.ON,EOH1511,NE3,26.0,Working Full time (>30hrs),Professional,"20,001 - 25,000",2021-01-11T00:00:00.000Z,Owner-Occupied,0.9,C1,2.0,27/01/2021,Phoenix,Urban,1950 - 1966,C,3.0,0.0,99.0,5.0,3.0,7.0,2.4,Cavity_Insulated,Solid,Pitched,Double,Yes,Gas,Gas Boiler - Combi,Fire - Electric,,,0.0,0.0,1.0,No,No,,,5.96624,69.37,7590.8,3311.0,0.0,,,No,No,No,Yes,Hybrid,None Required,9875.86,0.0,595.0,14.3,3.8,No,,,,,,,,,,,,,,,,,,,,,,,,,,,,,,,,,,,,,,,,,House_Semi-Detached_2.0
E.ON,EOH0393,NE5,24.0,Working Full time (>30hrs),Skilled Manual Worker,"30,001 - 40,000",2021-01-22T00:00:00.000Z,Owner-Occupied,0.9,C2,2.0,05/03/2021,Phoenix,Urban,1950 - 1966,D,2.0,0.0,77.0,4.0,3.0,7.0,2.4,Cavity_Insulated,Suspended,Pitched,Double,Yes,Gas,Gas Boiler - Combi,,,,0.0,0.0,0.0,No,No,,,,,,,,,,No,No,No,Yes,None - Installation not recommended,,,,,,,,,,,,,,,,,,,,,,,,,,,,,,,,,,,,,,,,,,,,,,,,House_Semi-Detached_2.0
E.ON,EOH0822,NE3,44.0,Working Full time (>30hrs),Professional,"40,001 - 50,000",2021-01-12T00:00:00.000Z,Owner-Occupied,0.9,AB,2.0,28/01/2021,Phoenix,Urban,1950 - 1966,D,2.0,0.0,70.0,4.0,2.0,6.0,2.4,Cavity_Insulated,Solid,Pitched,Double,Yes,Gas,Gas Boiler - Combi,Fire - Electric,,,0.0,0.0,0.0,No,No,,,4.841,69.16,11727.8,3356.0,491.0,49.0,3.39,Yes with additional measures,No,Yes,Yes,ASHP,Barrier,11628.14,300.0,728.0,14.3,3.8,Yes,23/04/2021,Aaron Services,ASHP,,Daikin,EDLQ07CAV7,7.0,R410A,,Water_new,150.0,,1.0,7.0,0.0,0.0,none,enclosure,No,0.0,0.0,0.0,No,No,0.0,0.0,,no,5648.0,1701.0,,2315.87,0.0,0.0,0.0,0.0,0.0,0.0,3.0,0.0,House_Semi-Detached_1.0
E.ON,EOH0718,NE3,56.0,Working Part time,Manager,"0 - 12,500",2021-01-13T00:00:00.000Z,Owner-Occupied,20.0,C1,4.0,01/02/2021,Phoenix,Urban,1950 - 1966,C,2.0,3.0,131.0,8.0,4.0,9.0,2.6,Cavity_Insulated,Suspended,Pitched,Double,Yes,Gas,Gas Boiler - Combi,Fire - Wood,,,0.0,0.0,1.0,No,No,,,,,,,,,,Yes,No,Yes,,None - Installation not recommended,,,,,,,,,,,,,,,,,,,,,,,,,,,,,,,,,,,,,,,,,,,,,,,,House_Semi-Detached_2.0
E.ON,EOH0008,NE7,38.0,Working Full time (>30hrs),Professional,"50,001+",2021-01-12T00:00:00.000Z,Owner-Occupied,1.0,C1,3.0,27/01/2021,Phoenix,Urban,1930 - 1949,,3.0,2.0,100.0,6.0,3.0,8.0,2.6,Cavity_Insulated,Suspended,Pitched,Double,Yes,Gas,Gas Boiler - Combi,Fire - Gas,,,0.0,2.0,1.0,No,No,2343.0,13235.0,,,,,,,,No,No,No,No,None - Installation not recommended,,,,,,,,,,,,,,,,,,,,,,,,,,,,,,,,,,,,,,,,,,,,,,,,House_Semi-Detached_3.0
E.ON,EOH0629,NE7,59.0,Working Part time,Clerical,"20,001 - 25,000",2021-01-14T00:00:00.000Z,Owner-Occupied,18.0,C1,4.0,01/02/2021,Phoenix,Urban,1950 - 1966,,2.0,3.0,130.0,8.0,5.0,10.0,2.6,Cavity_Insulated,Solid,Pitched,Double,Yes,Gas,Gas Boiler - Combi,Fire - Electric,,,0.0,0.0,0.0,No,No,,,,,,,,,,No,No,Yes with additional measures,No,None - Installation not recommended,,,,,,,,,,,,,,,,,,,,,,,,,,,,,,,,,,,,,,,,,,,,,,,,House_Semi-Detached_3.0
E.ON,EOH0134,NE6,40.0,Working Full time (>30hrs),Skilled Manual Worker,"20,001 - 25,000",2021-01-14T00:00:00.000Z,Owner-Occupied,1.0,C2,3.0,02/02/2021,Phoenix,Urban,1950 - 1966,C,3.0,0.0,120.0,5.0,4.0,10.0,2.6,Cavity_Insulated,Suspended,Pitched,Double,Yes,Gas,Gas Boiler - Combi,,,,0.0,0.0,1.0,No,No,,,7.55,62.93,18161.3,4122.0,607.0,,,Yes with additional measures,No,No,Yes,None - Installation not recommended,Loft Insulation,16795.76,500.0,1119.0,14.3,3.8,,,,,,,,,,,,,,,,,,,,,,,,,,,,,,,,,,,,,,,,,,House_Mid-Terrace_2.0
E.ON,EOH2794,NE3,47.0,Working Part time,Skilled Manual Worker,"25,001 - 30,000",2021-01-14T00:00:00.000Z,Owner-Occupied,8.0,C2,3.0,05/02/2021,Phoenix,Urban,1967 - 1975,,3.0,3.0,130.0,8.0,4.0,12.0,2.6,Cavity_Insulated,Suspended,Pitched,Double,Yes,Gas,Gas Boiler - Combi,,,,0.0,0.0,1.0,No,No,,,,,,,,,,No,No,No,No,None - Installation not recommended,,,,,,,,,,,,,,,,,,,,,,,,,,,,,,,,,,,,,,,,,,,,,,,,House_Semi-Detached_2.0
E.ON,EOH2155,NE15,33.0,Working Full time (>30hrs),Professional,"50,001+",2021-01-13T00:00:00.000Z,Owner-Occupied,3.0,AB,5.0,19/02/2021,Phoenix,Urban,1930 - 1949,,2.0,0.0,93.0,5.0,3.0,8.0,2.7,Solid_No_insulation,Solid,Pitched,Double,Yes,Gas,Gas Boiler - Combi,,,,0.0,0.0,1.0,No,No,1750.0,16000.0,6.57,70.65,13211.4,3566.0,0.0,53.0,2.99,No,No,No,Yes,Hybrid,None Required,10048.24,,838.0,14.3,3.8,Yes,06/07/2021,Phoenix,Hybrid,Separate_New Boiler,Daikin,EHY2KOMB32AA,4.0,R32,,,,,1.0,8.0,0.0,0.0,none,none,No,0.0,0.0,0.0,No,No,0.0,0.0,,no,5912.0,,,2501.0,0.0,0.0,0.0,0.0,0.0,0.0,2.5,0.0,House_Semi-Detached_2.0
E.ON,EOH2045,NE5,44.0,Working Full time (>30hrs),Supervisor,"50,001+",2021-01-15T00:00:00.000Z,Owner-Occupied,9.0,C1,1.0,04/02/2021,Phoenix,Urban,1983 - 1990,C,2.0,2.0,110.0,5.0,3.0,9.0,2.4,Cavity_Insulated,Solid,Pitched,Double,Yes,Gas,Gas Boiler - Combi,,,,0.0,0.0,0.0,No,No,3100.0,12000.0,7.2489,65.89,17560.6,4002.0,0.0,,,No,No,No,Yes with additional measures,Hybrid,Loft Insulation,10615.05,500.0,840.0,14.3,3.8,Yes,31/03/2021,Phoenix,Hybrid,Separate_New Boiler,Daikin,EHY2KOMB28AA,4.0,R32,,,,,1.0,10.0,0.0,0.0,none,none,No,0.0,0.0,0.0,No,Yes,0.0,0.0,,no,5739.82,,,3240.0,0.0,500.0,0.0,0.0,0.0,0.0,3.0,0.5,House_Detached_2.0
E.ON,EOH0408,NE6,50.0,Working Full time (>30hrs),Professional,"50,001+",2021-01-18T00:00:00.000Z,Owner-Occupied,20.0,AB,3.0,15/03/2021,Phoenix,Urban,1930 - 1949,,3.0,0.0,112.0,7.0,4.0,11.0,2.5,Cavity_Insulated,Suspended,Pitched,Double,Yes,Gas,Gas Boiler - Combi,Fire - Wood,,,0.0,0.0,1.0,No,No,,,,,,,,,,Yes,No,Yes,Yes,None - Installation not recommended,,,,,,,,,,,,,,,,,,,,,,,,,,,,,,,,,,,,,,,,,,,,,,,,House_Detached_2.0
E.ON,EOH1261,NE20,33.0,Working Full time (>30hrs),Skilled Manual Worker,"40,001 - 50,000",2021-01-15T00:00:00.000Z,Owner-Occupied,2.0,C2,5.0,02/02/2021,Phoenix,Urban,2012 onwards,,2.0,2.0,350.0,9.0,5.0,18.0,2.7,Cavity_Insulated,Suspended,Pitched,Double,No,LPG,LPG Boiler,,Water,350,5.0,0.0,0.0,No,No,,,,,,,,,,Yes,No,Yes,No,None - Installation not recommended,,,,,,,,,,,,,,,,,,,,,,,,,,,,,,,,,,,,,,,,,,,,,,,,House_Detached_3.0
E.ON,EOH0904,NE7,31.0,Working Full time (>30hrs),Manager,"40,001 - 50,000",2021-01-18T00:00:00.000Z,Owner-Occupied,2.0,AB,4.0,02/02/2021,E.ON,Suburban,1930 - 1949,D,2.0,0.0,115.0,7.0,4.0,7.0,2.6,Cavity_Insulated,Mix,Pitched,Double,Yes,Gas,Gas Boiler - Combi,Fire - Wood,,,0.0,0.0,1.0,No,No,,,8.176,74.21,16387.6,3566.0,0.0,46.0,3.06,No,No,No,Yes with additional measures,Hybrid,Loft Insulation,10615.82,500.0,745.0,14.3,3.8,Yes,31/03/2021,Phoenix,Hybrid,Separate_New Boiler,Daikin,EHY2KOMB28AA,4.0,R32,,,,,1.0,13.0,0.0,0.0,none,none,No,0.0,0.0,0.0,No,Yes,0.0,0.0,,no,5739.82,,,3240.8,0.0,500.0,0.0,0.0,0.0,0.0,3.0,0.5,House_Semi-Detached_2.0
E.ON,EOH2747,NE3,41.0,Working Full time (>30hrs),Skilled Manual Worker,"50,001+",2021-02-03T00:00:00.000Z,Owner-Occupied,2.0,C1,4.0,05/03/2021,Phoenix,Urban,1983 - 1990,C,2.0,2.0,106.0,7.0,4.0,10.0,2.3,Cavity_Insulated,Solid,Pitched,Double,Yes,Gas,Gas Boiler - Combi,Fire - Gas,,,0.0,1.0,0.0,No,No,10000.0,24000.0,7.43926,80.86,18036.3,4122.0,607.0,,,No,No,Yes,Yes,HT_ASHP,None Required,15974.19,0.0,1237.0,14.3,3.8,No,,,,,,,,,,,,,,,,,,,,,,,,,,,,,,,,,,,,,,,,,House_Detached_2.0
E.ON,EOH1304,NE3,67.0,Retired,Pensioner,Prefer not to say,2021-01-20T00:00:00.000Z,Owner-Occupied,25.0,DE,1.0,04/02/2021,Phoenix,Urban,1967 - 1975,D,2.0,0.0,100.0,6.0,4.0,8.0,2.3,Cavity_Insulated,Solid,Pitched,Double,Yes,Gas,Gas Boiler - Standard,Fire - Gas,Water,100,0.0,1.0,0.0,No,No,,,6.512,65.12,15739.9,4475.0,655.0,50.0,3.35,Yes,No,Yes,Yes,ASHP,Loft insulation,12233.74,500.0,992.0,14.3,3.8,Yes,16/06/2021,Aaron services,ASHP,,Daikin,EDLQ07CAV3,7.0,R410A,,Water_new,200.0,,1.0,11.0,0.0,0.0,none,none,No,0.0,0.0,0.0,No,Yes,0.0,0.0,,no,5648.01,1752.0,,3055.83,0.0,500.0,0.0,0.0,0.0,0.0,3.0,0.5,House_Detached_2.0
E.ON,EOH0935,NE5,33.0,Working Full time (>30hrs),Professional,"50,001+",2021-01-22T00:00:00.000Z,Owner-Occupied,0.9,AB,1.0,05/02/2021,Phoenix,Urban,1950 - 1966,D,2.0,2.0,127.0,6.0,4.0,11.0,2.4,Cavity_Insulated,Suspended,Pitched,Double,Yes,Gas,Gas Boiler - Combi,,,,0.0,0.0,0.0,No,No,,,,,,,,,,No,No,Yes,Yes,None - Installation not recommended,,,,,,,,,,,,,,,,,,,,,,,,,,,,,,,,,,,,,,,,,,,,,,,,House_Detached_2.0
E.ON,EOH1009,NE28,48.0,Working Full time (>30hrs),Skilled Manual Worker,"50,001+",2021-01-18T00:00:00.000Z,Owner-Occupied,14.0,C2,1.0,24/02/2021,Phoenix,Urban,1967 - 1975,B,2.0,1.0,84.0,5.0,3.0,8.0,2.4,Cavity_Insulated,Solid,Pitched,Double,Yes,Gas,Gas Boiler - Combi,Fire - Gas,,,0.0,1.0,1.0,No,No,,,5.15,61.3,10314.5,3515.0,0.0,,,Yes with additional measures,No,No,Yes,Hybrid,Barrier,9863.25,300.0,620.0,14.0,4.0,No,,,,,,,,,,,,,,,,,,,,,,,,,,,,,,,,,,,,,,,,,House_Semi-Detached_2.0
E.ON,EOH3172,NE12,42.0,Working Full time (>30hrs),Skilled Manual Worker,"50,001+",2021-01-21T00:00:00.000Z,Owner-Occupied,14.0,C2,1.0,11/02/2021,Phoenix,Urban,1983 - 1990,D,3.0,2.0,93.0,5.0,3.0,7.0,2.4,Cavity_Insulated,Solid,Pitched,Double,Yes,Gas,Gas Boiler - Combi,Fire - Wood,,,0.0,0.0,1.0,No,No,6300.0,16500.0,6.63176,78.02,13283.6,3464.0,0.0,,,No,No,No,Yes,Hybrid,Loft Insulation,10799.27,500.0,891.0,14.3,3.8,No,,,,,,,,,,,,,,,,,,,,,,,,,,,,,,,,,,,,,,,,,House_End-Terrace_2.0
E.ON,EOH1209,NE7,,Working Full time (>30hrs),Professional,"40,001 - 50,000",2021-01-21T00:00:00.000Z,Owner-Occupied,13.0,AB,3.0,26/03/2021,Phoenix,Urban,1930 - 1949,,1.0,0.0,90.0,4.0,2.0,7.0,2.7,Cavity_Insulated,Suspended,Pitched,Double,Yes,Gas,Gas Boiler - Combi,Fire - Wood,,,0.0,0.0,1.0,No,No,,,,,,,,,,No,No,No,No,None - Installation not recommended,,,,,,,,,,,,,,,,,,,,,,,,,,,,,,,,,,,,,,,,,,,,,,,,House_Semi-Detached_2.0
E.ON,EOH0276,NE4,59.0,Working Full time (>30hrs),Skilled Manual Worker,"40,001 - 50,000",2021-01-22T00:00:00.000Z,Owner-Occupied,25.0,C2,1.0,12/02/2021,Phoenix,Urban,1950 - 1966,,3.0,0.0,85.0,5.0,3.0,8.0,2.3,Cavity_Insulated,Solid,Pitched,Double,Yes,Gas,Gas Boiler - Combi,,,,0.0,0.0,0.0,No,No,,,5.25,61.72,10554.0,4062.0,598.0,53.0,3.22,Yes with additional measures,No,Yes,No,ASHP,Loft Insulation,12602.18,500.0,771.0,14.0,4.0,Yes,23/04/2021,Aaron Services,ASHP,,Daikin,EDLQ07CAV7,7.0,R410A,,Water_new,200.0,,1.0,9.0,0.0,0.0,none,none,No,0.0,0.0,0.0,No,Yes,0.0,0.0,,no,5648.0,1752.0,,3053.0,0.0,500.0,0.0,0.0,0.0,0.0,3.0,0.5,House_End-Terrace_2.0
E.ON,EOH2847,NE3,33.0,Working Full time (>30hrs),Professional,"50,001+",2021-01-21T00:00:00.000Z,Owner-Occupied,0.9,AB,4.0,04/02/2021,Phoenix,Urban,1950 - 1966,D,2.0,0.0,84.0,6.0,4.0,10.0,2.4,Cavity_Insulated,Suspended,Pitched,Double,Yes,Gas,Gas Boiler - Combi,,,,0.0,0.0,1.0,No,No,,,7.954,94.69,15944.2,4776.0,0.0,,,No,No,No,Yes with additional measures,Hybrid,Loft Insulation,13184.45,500.0,786.0,14.3,3.8,Yes,12/03/2021,Phoenix,Hybrid,Separate_New Boiler,Daikin,EHY2KOMB28AA,4.0,R32,,,,,1.0,12.0,0.0,0.0,none,enclosure,No,0.0,0.0,0.0,No,Yes,0.0,0.0,,no,5739.82,,,3610.03,0.0,500.0,0.0,0.0,0.0,0.0,4.0,0.0,House_Semi-Detached_2.0
E.ON,EOH2728,NE10,43.0,Working Full time (>30hrs),Manager,"40,001 - 50,000",2021-01-22T00:00:00.000Z,Owner-Occupied,4.0,AB,4.0,05/02/2021,Phoenix,Urban,1930 - 1949,D,1.0,0.0,60.0,3.0,2.0,6.0,2.5,Cavity_Insulated,Suspended,Pitched,Double,Yes,Gas,Gas Boiler - Combi,,,,0.0,0.0,1.0,No,No,,,3.754,62.56,7615.5,2636.0,0.0,50.0,3.02,No,No,No,Yes,Hybrid,None Required,9875.86,,454.0,14.3,3.8,Yes,05/05/2021,Phoenix,Hybrid,Separate_New Boiler,Daikin,EHY2KOMB32AA,4.0,R32,,,,,1.0,8.0,0.0,0.0,none,none,No,0.0,0.0,0.0,No,No,0.0,0.0,,no,5739.82,,,2500.9,0.0,0.0,0.0,0.0,0.0,0.0,2.0,0.0,House_Semi-Detached_2.0
E.ON,EOH1853,NE4,35.0,Working Full time (>30hrs),Manager,"50,001+",2021-01-25T00:00:00.000Z,Owner-Occupied,4.0,AB,2.0,09/02/2021,Phoenix,Urban,1930 - 1949,D,1.0,0.0,105.0,6.0,3.0,8.0,2.6,Cavity_Insulated,Suspended,Pitched,Double,Yes,Gas,Gas Boiler - Combi,,,,0.0,0.0,1.0,No,No,2800.0,9200.0,,,,,,,,Yes,No,Yes,,None - Installation not recommended,,,,,,,,,,,,,,,,,,,,,,,,,,,,,,,,,,,,,,,,,,,,,,,,House_Semi-Detached_2.0
E.ON,EOH0124,NE12,43.0,Working Full time (>30hrs),Manager,"50,001+",2021-01-25T00:00:00.000Z,Owner-Occupied,42.0,AB,4.0,09/02/2021,Phoenix,Urban,1900 - 1929,,2.0,1.0,130.0,5.0,3.0,8.0,2.9,Solid_No_insulation,Mix,Pitched,Double,Yes,Gas,Gas Boiler - Combi,Fire - Gas,,,0.0,1.0,1.0,No,No,7500.0,14500.0,,,,,,,,No,No,No,No,None - Installation not recommended,,,,,,,,,,,,,,,,,,,,,,,,,,,,,,,,,,,,,,,,,,,,,,,,House_Mid-Terrace_2.0
E.ON,EOH0427,NE4,61.0,Working Full time (>30hrs),Manager,"50,001+",2021-01-25T00:00:00.000Z,Owner-Occupied,3.0,AB,5.0,09/02/2021,Phoenix,Urban,1930 - 1949,D,2.0,0.0,142.0,7.0,4.0,10.0,2.4,Cavity_Insulated,Mix,Pitched,Double,Yes,Gas,Gas Boiler - Combi,Fire - Wood,,,0.0,0.0,0.0,No,No,4000.0,27000.0,,,,,,,,No,No,No,No,None - Installation not recommended,,,,,,,,,,,,,,,,,,,,,,,,,,,,,,,,,,,,,,,,,,,,,,,,House_Detached_2.0
E.ON,EOH0837,NE3,33.0,Working Full time (>30hrs),Professional,"50,001+",2021-01-25T00:00:00.000Z,Owner-Occupied,5.0,AB,4.0,08/02/2021,Phoenix,Urban,1950 - 1966,C,2.0,2.0,99.0,5.0,3.0,8.0,2.6,Cavity_Insulated,Suspended,Pitched,Double,Yes,Gas,Gas Boiler - Combi,Fire - Gas,,,0.0,1.0,0.0,No,No,4760.0,17000.0,7.18,72.54,14382.5,5153.0,759.0,50.0,3.2,Yes with additional measures,No,No,Yes,ASHP,Loft Insulation,13134.93,500.0,1023.0,14.3,3.8,Yes,14/05/2021,Aaron Services,ASHP,,Daikin,EDLQ011CAV3,11.0,R410A,,Water_new,250.0,,1.0,12.0,0.0,0.0,none,none,No,0.0,1.0,0.0,No,Yes,0.0,0.0,,no,6364.21,1752.0,,3240.82,0.0,500.0,0.0,0.0,0.0,0.0,2.0,0.5,House_Semi-Detached_2.0
E.ON,EOH1532,NE12,37.0,Working Full time (>30hrs),Skilled Manual Worker,"40,001 - 50,000",2021-01-25T00:00:00.000Z,Owner-Occupied,0.9,C2,1.0,08/02/2021,Phoenix,Urban,1967 - 1975,D,2.0,1.0,82.0,5.0,3.0,7.0,2.5,Cavity_Insulated,Suspended,Pitched,Double,Yes,Gas,Gas Boiler - Combi,,,,0.0,0.0,1.0,No,No,,,,,,,,,,Yes,No,Yes,Yes,ASHP,,,,,,,No,,,,,,,,,,,,,,,,,,,,,,,,,,,,,,,,,,,,,,,,,House_Semi-Detached_2.0
E.ON,EOH1735,NE20,31.0,Working Full time (>30hrs),Professional,"40,001 - 50,000",2021-01-21T00:00:00.000Z,Owner-Occupied,1.0,C1,5.0,04/02/2021,Phoenix,Urban,1900 - 1929,F,2.0,1.0,126.0,5.0,3.0,9.0,2.5,Cavity_Insulated,Solid,Pitched,Double,No,LPG,LPG Boiler - Combi,Fire - Wood,,,0.0,0.0,0.0,No,No,,,7.87,62.46,19070.5,4122.0,0.0,50.0,3.72,Yes with additional measures,No,Yes with additional measures,No,HT_ASHP,Loft Insulation,17381.42,500.0,1006.0,14.3,3.8,Yes,25/06/2021,Phoenix,HT_ASHP,,Daikin,EPRA14DAV3,14.0,R32,,PCM_NEW,,9.0,1.0,11.0,0.0,0.0,none,none,No,0.0,0.0,0.0,No,Yes,0.0,0.0,,no,9047.0,3501.0,,3056.0,0.0,500.0,0.0,0.0,0.0,0.0,4.0,0.5,House_Semi-Detached_2.0
E.ON,EOH2717,NE13,41.0,Working Full time (>30hrs),Manager,"50,001+",2021-01-28T00:00:00.000Z,Owner-Occupied,2.0,AB,3.0,04/02/2021,Phoenix,Urban,1950 - 1966,D,2.0,2.0,142.0,8.0,5.0,11.0,2.4,Cavity_No_insulation,Suspended,Pitched,Double,Yes,Gas,Gas Boiler - Combi,Fire - Wood,,,0.0,0.0,1.0,No,No,4500.0,17500.0,12.283,86.5,12782.2,5272.0,0.0,55.0,2.96,No,No,No,Yes,Hybrid,Loft insulation,11157.41,500.0,1414.0,14.3,3.8,Yes,07/05/2021,Phoenix,Hybrid,Separate_New Boiler,Daikin,EHY2KOMB32AA,4.0,R32,,,,,1.0,12.0,0.0,0.0,none,none,No,0.0,0.0,0.0,No,Yes,0.0,0.0,,no,5912.2,,,3610.03,0.0,500.0,0.0,0.0,0.0,0.0,3.0,0.5,House_Semi-Detached_2.0
E.ON,EOH2637,NE3,37.0,Working Full time (>30hrs),Skilled Manual Worker,"40,001 - 50,000",2021-01-28T00:00:00.000Z,Owner-Occupied,0.9,C2,1.0,12/02/2021,Phoenix,Urban,1950 - 1966,C,2.0,2.0,95.0,5.0,3.0,7.0,2.4,Cavity_Insulated,Suspended,Pitched,Double,Yes,Gas,Gas Boiler - Standard,,Water,110,0.0,0.0,1.0,No,No,1149.0,21375.0,7.69,80.97,18636.2,3820.0,0.0,,,No,No,No,Yes,Hybrid,None Required,11353.47,,1311.0,14.0,4.0,Yes,30/04/2021,Phoenix,Hybrid,Separate_New Boiler,Daikin,EHY2KOMB28AA,4.0,R32,,,,,1.0,9.0,0.0,0.0,none,none,No,0.0,0.0,0.0,No,No,0.0,0.0,,no,5739.82,,,3978.47,0.0,0.0,0.0,0.0,0.0,0.0,3.0,0.0,House_Semi-Detached_2.0
E.ON,EOH1108,ne3,40.0,Working Full time (>30hrs),Skilled Manual Worker,"30,001 - 40,000",2021-01-25T00:00:00.000Z,Owner-Occupied,2.0,C2,4.0,15/02/2021,Phoenix,Urban,1950 - 1966,D,2.0,0.0,94.0,6.0,4.0,11.0,2.4,Cavity_Insulated,Suspended,Pitched,Double,Yes,Gas,Gas Boiler - Combi,,,,0.0,0.0,1.0,No,No,,,6.48452,70.48,15679.6,5153.0,759.0,,,Yes,No,Yes,Yes,ASHP,Loft Insulation and Barrier,12048.75,1000.0,1050.0,14.3,3.8,No,,,,,,,,,,,,,,,,,,,,,,,,,,,,,,,,,,,,,,,,,House_Semi-Detached_2.0
E.ON,EOH1193,NE6,55.0,Working Full time (>30hrs),Skilled Manual Worker,"40,001 - 50,000",2021-01-26T00:00:00.000Z,Owner-Occupied,12.0,C2,5.0,08/02/2021,Phoenix,Urban,1950 - 1966,C,4.0,0.0,124.0,6.0,4.0,10.0,2.4,Cavity_Insulated,Suspended,Pitched,Double,Yes,Gas,Gas Boiler - Combi,Fire - Gas,,,0.0,1.0,1.0,No,No,,,,,,,,,,No,No,No,No,None - Installation not recommended,,,,,,,,,,,,,,,,,,,,,,,,,,,,,,,,,,,,,,,,,,,,,,,,House_Semi-Detached_2.0
E.ON,EOH2167,NE6,29.0,Working Full time (>30hrs),Professional,"50,001+",2021-01-26T00:00:00.000Z,Owner-Occupied,3.0,C1,2.0,09/02/2021,Phoenix,Urban,1950 - 1966,D,2.0,0.0,66.0,4.0,2.0,6.0,2.3,Cavity_Insulated,Solid,Pitched,Double,Yes,Gas,Gas Boiler - Combi,,,,0.0,0.0,1.0,No,No,1506.0,14565.0,4.5,68.2,9022.8,2636.0,0.0,50.0,3.02,No,No,No,Yes with additional measures,Hybrid,Loft Insulation  Barrier,9690.87,800.0,509.0,14.0,4.0,Yes,24/04/2021,Phoenix,Hybrid,Separate_New Boiler,Daikin,EHY2KOMB28AA,4.0,R32,,,,,1.0,6.0,0.0,0.0,none,enclosure,No,0.0,0.0,0.0,No,Yes,0.0,0.0,,no,5739.82,,,2315.0,0.0,500.0,0.0,0.0,0.0,0.0,2.5,0.0,House_Mid-Terrace_2.0
E.ON,EOH0323,NE3,30.0,Working Full time (>30hrs),Manager,"40,001 - 50,000",2021-01-26T00:00:00.000Z,Owner-Occupied,3.0,C1,2.0,10/02/2021,Phoenix,Urban,1983 - 1990,D,2.0,0.0,84.0,5.0,3.0,6.0,2.4,Cavity_Insulated,Solid,Pitched,Double,Yes,Gas,Gas Boiler - Combi,Fire - Gas,,,0.0,1.0,1.0,No,No,,,5.537,83.96,13423.9,3820.0,0.0,55.0,2.96,No,No,No,Yes with additional measures,Hybrid,Loft Insulation,10245.07,500.0,682.0,14.3,3.8,Yes,18/03/2021,Phoenix,Hybrid,Separate_New Boiler,Daikin,EHY2KOMB28AA,4.0,R32,,,,,1.0,7.0,0.0,0.0,none,none,No,0.0,0.0,0.0,No,Yes,0.0,0.0,,no,5739.82,,,2315.87,0.0,500.0,0.0,0.0,0.0,0.0,3.0,0.0,House_Semi-Detached_2.0
E.ON,EOH1851,NE12,38.0,Working Full time (>30hrs),Manager,"30,001 - 40,000",2021-01-26T00:00:00.000Z,Owner-Occupied,4.0,C1,2.0,09/02/2021,Phoenix,Urban,1996 - 2002,D,1.0,0.0,59.0,3.0,2.0,6.0,2.3,Cavity_Insulated,Suspended,Pitched,Double,Yes,Gas,Gas Boiler - Combi,,,,0.0,0.0,1.0,No,No,,,,,,,,,,Yes,No,Yes,Yes,None - Installation not recommended,,,,,,,,,,,,,,,,,,,,,,,,,,,,,,,,,,,,,,,,,,,,,,,,House_Semi-Detached_2.0
E.ON,EOH1699,NE5,71.0,Retired,Pensioner,"16,201 - 20,000",2021-01-27T00:00:00.000Z,Owner-Occupied,26.0,DE,1.0,11/02/2021,Phoenix,Urban,1930 - 1949,,2.0,0.0,83.0,5.0,3.0,7.0,2.4,Cavity_Insulated,Suspended,Pitched,Double,Yes,Gas,Gas Boiler - Combi,Fire - Gas,,,0.0,1.0,1.0,No,No,,,5.79565,73.76,11654.9,3566.0,0.0,,,No,No,No,Yes with additional measures,Hybrid,Loft Insulation,10245.07,500.0,614.0,14.3,3.8,Yes,07/04/2021,Phoenix,Hybrid,Separate_New Boiler,Daikin,EHY2KOMB28AA,4.0,R32,,,,,1.0,8.0,0.0,0.0,none,none,No,0.0,0.0,0.0,No,Yes,0.0,0.0,,no,5739.82,,,2870.07,0.0,500.0,0.0,0.0,0.0,0.0,4.0,0.0,House_Semi-Detached_2.0
E.ON,EOH0069,NE3,40.0,Working Full time (>30hrs),Manager,"50,001+",2021-01-28T00:00:00.000Z,Owner-Occupied,10.0,C1,3.0,11/02/2021,Phoenix,Urban,1967 - 1975,D,2.0,2.0,99.0,4.0,3.0,7.0,2.4,Cavity_No_insulation,Solid,Pitched,Double,Yes,Gas,Gas Boiler - Combi,Fire - Gas,,,0.0,1.0,1.0,No,No,4934.0,14901.0,6.648,71.31,13322.1,3566.0,0.0,55.0,2.96,No,No,No,Yes with additional measures,Hybrid,loft Insulation cavity insulation,10430.83,1200.0,651.0,14.3,3.8,Yes,26/03/2021,Phoenix,Hybrid,Separate_New Boiler,Daikin,EHY2KOMB28AA,4.0,R32,,,,,1.0,11.0,0.0,0.0,none,none,No,0.0,0.0,0.0,No,Yes,0.0,0.0,Cavity,no,5739.82,,,3424.0,0.0,500.0,1000.0,0.0,0.0,0.0,3.5,2.0,House_Semi-Detached_2.0
E.ON,EOH1466,NE3,77.0,Retired,Pensioner,"16,201 - 20,000",2021-01-27T00:00:00.000Z,Owner-Occupied,46.0,DE,3.0,22/02/2021,Phoenix,Urban,1950 - 1966,,1.0,0.0,160.0,5.0,3.0,9.0,2.6,Cavity_Insulated,Suspended,Pitched,Double,Yes,Gas,Gas Boiler - Combi,Fire - Wood,,,0.0,0.0,1.0,No,No,1185.0,12679.0,,,,,,,,No,No,No,No,None - Installation not recommended,,,,,,,,,,,,,,,,,,,,,,,,,,,,,,,,,,,,,,,,,,,,,,,,House_Semi-Detached_2.0
E.ON,EOH1986,NE7,48.0,Working Full time (>30hrs),Skilled Manual Worker,"50,001+",2021-01-27T00:00:00.000Z,Owner-Occupied,5.0,C2,5.0,10/02/2021,Phoenix,Urban,1967 - 1975,E,2.0,2.0,141.0,5.0,3.0,10.0,2.6,Cavity_No_insulation,Suspended,Pitched,Double,Yes,Gas,Gas Boiler - Combi,Fire - Gas,,,0.0,2.0,1.0,No,No,4908.0,21059.0,8.95,76.54,17949.2,4122.0,607.0,49.0,3.15,Yes,No,Yes,Yes,ASHP,,16904.12,0.0,1119.0,14.3,3.8,Yes,20/09/2021,Phoenix,ASHP,,Daikin,EDLQ014CAV3,14.0,R410A,,Water_new,200.0,,1.0,14.0,0.0,0.0,,,No,0.0,0.0,0.0,Yes,Yes,0.0,0.0,,no,7677.36,1752.34,,4718.43,,500.0,0.0,0.0,0.0,0.0,3.0,,House_Semi-Detached_2.0
E.ON,EOH0627,NE4,45.0,Working Full time (>30hrs),Skilled Manual Worker,"0 - 12,500",2021-01-25T00:00:00.000Z,Owner-Occupied,6.0,C2,1.0,12/04/2021,Phoenix,Urban,1950 - 1966,D,2.0,2.0,90.0,6.0,3.0,6.0,2.3,Cavity_Insulated,Solid,Pitched,Double,Yes,Gas,Gas Boiler - Combi,,,,0.0,0.0,1.0,No,No,,,,,,,,,,No,No,No,No,None - Installation not recommended,,,,,,,,,,,,,,,,,,,,,,,,,,,,,,,,,,,,,,,,,,,,,,,,House_Mid-Terrace_2.0
E.ON,EOH1678,NE13,57.0,Working Full time (>30hrs),Manager,Prefer not to say,2021-02-01T00:00:00.000Z,Owner-Occupied,14.0,C1,5.0,05/02/2021,E.ON,Suburban,1930 - 1949,,3.0,0.0,84.0,5.0,3.0,6.0,2.5,Cavity_Insulated,Solid,Pitched,Double,Yes,Gas,Gas Boiler - Combi,Fire - Wood,,,0.0,0.0,1.0,No,No,,,,,,,,,,No,No,No,Yes with additional measures,None - Installation not recommended,,,,,,,,,,,,,,,,,,,,,,,,,,,,,,,,,,,,,,,,,,,,,,,,House_Semi-Detached_2.0
E.ON,EOH1394,NE3,29.0,Working Full time (>30hrs),Professional,"50,001+",2021-01-26T00:00:00.000Z,Owner-Occupied,0.9,AB,5.0,09/02/2021,Phoenix,Urban,1967 - 1975,D,2.0,0.0,102.0,5.0,3.0,7.0,2.4,Cavity_Insulated,Suspended,Pitched,Double,Yes,Gas,Gas Boiler - Combi,,,,0.0,0.0,0.0,No,No,,,,,,,,,,,,,,None - Installation not recommended,,,,,,,No,,,,,,,,,,,,,,,,,,,,,,,,,,,,,,,,,,,,,,,,,House_Detached_2.0
E.ON,EOH2788,NE5,61.0,Working Full time (>30hrs),Skilled Manual Worker,"20,001 - 25,000",2021-01-27T00:00:00.000Z,Owner-Occupied,17.0,C2,1.0,15/02/2021,Phoenix,Urban,1983 - 1990,,3.0,0.0,100.0,5.0,3.0,5.0,2.3,Cavity_Insulated,Solid,Pitched,Double,Yes,Gas,Gas Boiler - Combi,,,,0.0,0.0,1.0,No,No,3886.0,13800.0,5.09,50.92,12348.3,4122.0,607.0,50.0,3.35,Yes with additional measures,No,Yes,No,ASHP,Loft Insulation  Barrier,11863.76,800.0,832.0,14.0,4.0,Yes,31/03/2021,Phoenix,ASHP,,Daikin,EDLQ07CAV4,7.0,R410A,,Water_new,200.0,,1.0,9.0,0.0,0.0,none,enclosure,No,0.0,0.0,0.0,No,Yes,0.0,0.0,,no,5648.01,1752.0,,2685.85,0.0,500.0,0.0,0.0,0.0,0.0,3.0,0.5,House_Semi-Detached_2.0
E.ON,EOH2895,NE13,53.0,Working Full time (>30hrs),Skilled Manual Worker,"20,001 - 25,000",2021-01-28T00:00:00.000Z,Owner-Occupied,0.9,C2,1.0,15/02/2021,Phoenix,Urban,1930 - 1949,D,2.0,0.0,69.0,3.0,2.0,6.0,2.4,Solid_No_insulation,Suspended,Pitched,Double,Yes,Gas,Gas Boiler - Combi,,,,0.0,0.0,0.0,No,No,,,,,,,,,,No,No,No,No,None - Installation not recommended,,,,,,,,,,,,,,,,,,,,,,,,,,,,,,,,,,,,,,,,,,,,,,,,House_Semi-Detached_1.0
E.ON,EOH0966,NE3,39.0,Working Full time (>30hrs),Professional,"50,001+",2021-01-27T00:00:00.000Z,Owner-Occupied,9.0,AB,3.0,17/02/2021,Phoenix,Urban,1950 - 1966,D,2.0,1.0,95.0,5.0,3.0,7.0,2.4,Cavity_Insulated,Suspended,Pitched,Double,Yes,Gas,Gas Boiler - Combi,Fire - Electric,,,1.0,0.0,0.0,No,No,,,,,,,,,,No,No,Yes,,None - Installation not recommended,,,,,,,,,,,,,,,,,,,,,,,,,,,,,,,,,,,,,,,,,,,,,,,,House_Semi-Detached_2.0
E.ON,EOH0923,NE4,,Working Part time,Clerical,"12,501 - 16,200",2021-01-28T00:00:00.000Z,Owner-Occupied,20.0,C1,2.0,11/02/2021,Phoenix,Urban,1900 - 1929,,2.0,0.0,112.0,7.0,4.0,10.0,3.0,Solid_No_insulation,Suspended,Pitched,Double,Yes,Gas,Gas Boiler - Combi,Fire - Wood,,,0.0,0.0,1.0,No,No,3300.0,,11.478,86.12,23063.0,4457.0,0.0,,,No,No,No,Yes with additional measures,Hybrid,Loft Insulation,10973.19,500.0,1070.0,14.3,3.8,Yes,05/05/2021,Phoenix,Hybrid,Separate_New Boiler,Daikin,EHY2KOMB32AA,4.0,R32,,,,,1.0,13.0,0.0,0.0,none,none,No,0.0,0.0,0.0,No,Yes,0.0,0.0,,no,5912.2,,,3795.02,0.0,500.0,0.0,0.0,0.0,0.0,3.0,0.0,House_End-Terrace_3.0
E.ON,EOH2839,NE13,28.0,Working Full time (>30hrs),Clerical,"50,001+",2021-01-29T00:00:00.000Z,Owner-Occupied,3.0,C1,2.0,15/02/2021,Phoenix,Urban,2012 onwards,B,2.0,0.0,79.0,5.0,3.0,9.0,2.3,Cavity_Insulated,Solid,Pitched,Double,Yes,Gas,Gas Boiler - Combi,,,,0.0,0.0,1.0,No,No,,,4.018,60.16,13155.0,3515.0,0.0,,,No,No,No,Yes,Hybrid,None Required,10060.85,0.0,671.0,14.3,3.8,No,,,,,,,,,,,,,,,,,,,,,,,,,,,,,,,,,,,,,,,,,House_Semi-Detached_2.0
E.ON,EOH0594,NE3,47.0,Working Full time (>30hrs),Professional,"40,001 - 50,000",2021-02-01T00:00:00.000Z,Owner-Occupied,4.0,AB,1.0,16/02/2021,Phoenix,Urban,1930 - 1949,C,2.0,1.0,90.0,5.0,3.0,10.0,2.4,Cavity_Insulated,Solid,Pitched,Double,Yes,Gas,Gas Boiler - Combi,,,,0.0,0.0,1.0,No,No,,,4.501,68.23,10430.0,2636.0,0.0,,,Yes,No,Yes,Yes,Hybrid,Loft Insulation,9690.87,500.0,509.0,14.3,3.8,No,,,,,,,,,,,,,,,,,,,,,,,,,,,,,,,,,,,,,,,,,House_Semi-Detached_2.0
E.ON,EOH1947,NE29,53.0,Working Full time (>30hrs),Skilled Manual Worker,"30,001 - 40,000",2021-02-05T00:00:00.000Z,Owner-Occupied,20.0,C2,2.0,12/02/2021,Phoenix,Urban,1950 - 1966,,3.0,0.0,65.0,4.0,2.0,5.0,2.4,Cavity_Insulated,Solid,Pitched,Double,Yes,Gas,Gas Boiler - Combi,Fire - Gas,,,0.0,1.0,0.0,No,No,,,4.32,66.46,8656.5,3092.0,455.0,55.0,3.13,Yes,No,Yes,Yes,ASHP,Loft insulation,11627.37,500.0,624.0,14.3,3.8,Yes,09/06/2021,Aaron services,ASHP,,Daikin,EDLQ07CAV3,7.0,R410A,,Water_new,150.0,,1.0,7.0,0.0,0.0,none,none,No,0.0,1.0,1.0,Yes,Yes,0.0,0.0,,no,5648.01,1701.0,,2500.0,0.0,0.0,0.0,0.0,0.0,0.0,2.0,0.0,House_End-Terrace_2.0
E.ON,EOH0841,NE27,39.0,Working Full time (>30hrs),Manager,"50,001+",2021-02-01T00:00:00.000Z,Owner-Occupied,13.0,C1,4.0,15/02/2021,Phoenix,Urban,1950 - 1966,D,2.0,3.0,120.0,6.0,4.0,9.0,2.6,Cavity_Insulated,Suspended,Pitched,Double,Yes,Gas,Gas Boiler - Standard,Fire - Wood,Water,110,0.0,0.0,1.0,No,No,,,,,,,,,,No,No,No,,None - Installation not recommended,,,,,,,,,,,,,,,,,,,,,,,,,,,,,,,,,,,,,,,,,,,,,,,,House_Semi-Detached_2.0
E.ON,EOH0768,NE5,35.0,Working Full time (>30hrs),Clerical,"30,001 - 40,000",2021-02-02T00:00:00.000Z,Owner-Occupied,11.0,C1,2.0,10/02/2021,Phoenix,Urban,1967 - 1975,,2.0,2.0,94.0,5.0,4.0,8.0,2.4,Cavity_Insulated,Solid,Pitched,Double,Yes,Gas,Gas Boiler - Combi,,,,0.0,0.0,1.0,No,No,,,7.914,84.19,8987.9,4394.0,0.0,55.0,2.96,No,No,No,Yes,Hybrid,"Loft insulation, Cavity Walls",10233.23,1200.0,1315.0,14.3,3.8,Yes,29/06/2021,Phoenix,Hybrid,Separate_New Boiler,Daikin,EHY2KOMB32AA,4.0,R32,,,,,1.0,9.0,0.0,1.0,none,none,No,0.0,0.0,0.0,No,Yes,0.0,0.0,Cavity,no,5912.0,,,2686.0,0.0,500.0,750.0,0.0,0.0,0.0,3.0,1.0,House_End-Terrace_2.0
E.ON,EOH0596,NE15,33.0,Working Full time (>30hrs),Clerical,"25,001 - 30,000",2021-02-02T00:00:00.000Z,Owner-Occupied,0.9,C1,1.0,16/02/2021,Phoenix,Urban,1950 - 1966,D,2.0,3.0,78.0,5.0,3.0,5.0,2.4,Cavity_Insulated,Suspended,Pitched,Double,Yes,Gas,Gas - Warm Air,,Water,120,0.0,0.0,0.0,No,No,,,4.881,62.58,11831.2,3515.0,0.0,53.0,2.99,No,No,No,Yes with additional measures,Hybrid,Loft Insulation,10614.28,500.0,774.0,14.3,3.8,Yes,20/05/2021,Phoenix,Hybrid,Separate_New Boiler,Daikin,EHY2KOMB28AA,4.0,R32,,,,,1.0,8.0,0.0,0.0,none,none,No,0.0,0.0,0.0,No,Yes,0.0,0.0,,no,5739.8,,,3239.32,0.0,500.0,0.0,0.0,0.0,0.0,2.0,0.5,House_Semi-Detached_2.0
E.ON,EOH3176,NE5,36.0,Working Full time (>30hrs),Clerical,"50,001+",2021-02-04T00:00:00.000Z,Owner-Occupied,4.0,C1,2.0,18/02/2021,Phoenix,Urban,1930 - 1949,,2.0,2.0,110.0,5.0,3.0,9.0,2.6,Cavity_Insulated,Suspended,Pitched,Double,Yes,Gas,Gas Boiler - Combi,,,,0.0,0.0,1.0,No,No,,,6.54,59.41,15843.9,3820.0,0.0,52.0,3.0,No,No,No,Yes,Hybrid,None Required,10245.84,,1033.0,14.0,4.0,Yes,09/04/2021,Phoenix,Hybrid,Separate_New Boiler,Daikin,EHY2KOMB28AA,4.0,R32,,,,,1.0,10.0,0.0,0.0,none,none,No,0.0,0.0,0.0,No,No,0.0,0.0,,no,5739.82,,,2870.84,0.0,0.0,0.0,0.0,0.0,0.0,4.0,0.0,House_Semi-Detached_2.0
E.ON,EOH1921,NE5,34.0,Working Full time (>30hrs),Skilled Manual Worker,"40,001 - 50,000",2021-02-02T00:00:00.000Z,Owner-Occupied,6.0,C2,1.0,16/02/2021,Phoenix,Urban,1950 - 1966,D,2.0,1.0,160.0,6.0,3.0,9.0,2.4,Cavity_Insulated,Suspended,Pitched,Double,Yes,Gas,Gas Boiler - Combi,Fire - Gas,,,0.0,1.0,1.0,No,No,,,,,,,,,,No,No,No,No,None - Installation not recommended,,,,,,,,,,,,,,,,,,,,,,,,,,,,,,,,,,,,,,,,,,,,,,,,House_Semi-Detached_2.0
E.ON,EOH1641,NE21,44.0,Working Full time (>30hrs),Professional,"50,001+",2021-02-03T00:00:00.000Z,Owner-Occupied,0.9,AB,5.0,17/02/2021,Phoenix,Urban,2012 onwards,C,2.0,2.0,169.0,8.0,4.0,13.0,2.4,Cavity_Insulated,Solid,Pitched,Double,Yes,Gas,Gas Boiler - Standard,,Water,210,0.0,0.0,1.0,No,No,,,,,,,,,,Yes,No,Yes,,None - Installation not recommended,,,,,,,,,,,,,,,,,,,,,,,,,,,,,,,,,,,,,,,,,,,,,,,,House_Detached_3.0
E.ON,EOH1250,NE12,59.0,Working Full time (>30hrs),Manager,"50,001+",2021-02-03T00:00:00.000Z,Owner-Occupied,19.0,AB,4.0,17/02/2021,Phoenix,Urban,before 1900,,5.0,0.0,95.0,9.0,5.0,11.0,2.8,Solid_No_insulation,Suspended,Pitched,Double,Yes,Gas,Gas Boiler - Combi,Fire - Wood,,,1.0,0.0,1.0,Yes - Ground Loop,Yes,13140.0,30821.0,,,,,,,,Yes,No,Yes,Yes,None - Installation not recommended,,,,,,,,,,,,,,,,,,,,,,,,,,,,,,,,,,,,,,,,,,,,,,,,House_Semi-Detached_2.0
E.ON,EOH1669,NE27,48.0,Working Full time (>30hrs),Skilled Manual Worker,"25,001 - 30,000",2021-02-03T00:00:00.000Z,Owner-Occupied,16.0,C2,1.0,14/05/2021,Energist,Suburban,2007 - 2011,C,2.0,3.0,118.0,8.0,5.0,15.0,2.4,Cavity_Insulated,Solid,Pitched,Double,Yes,Gas,Gas Boiler - Combi,,,,0.0,0.0,0.0,No,No,,,6.617,76.06,16943.0,4720.0,0.0,45.0,3.91,Yes,No,Yes,Yes,ASHP,None Required,9875.86,,938.0,12.5,3.4,Yes,14/07/2021,Energist,HT_ASHP,,Vaillant,VWL 75/6 A 230V S2,7.0,R290,,Water_new,200.0,,1.0,14.0,0.0,0.0,none,none,No,0.0,0.0,0.0,No,No,0.0,0.0,,no,5889.0,1752.0,,3900.0,0.0,0.0,0.0,0.0,0.0,0.0,5.0,0.0,House_Detached_2.0
E.ON,EOH0075,NE6,,Working Full time (>30hrs),Clerical,"40,001 - 50,000",2021-02-03T00:00:00.000Z,Owner-Occupied,20.0,C1,1.0,16/02/2021,Phoenix,Urban,1930 - 1949,,2.0,1.0,72.0,3.0,2.0,7.0,2.5,Cavity_Insulated,Suspended,Pitched,Double,Yes,Gas,Gas Boiler - Standard,,Water,110,0.0,0.0,1.0,No,No,,,4.83,67.08,9678.3,2865.0,0.0,,,No,No,No,Yes,Hybrid,None Required,9875.86,,645.0,14.3,3.8,Yes,22/04/2021,Phoenix,Hybrid,Separate_New Boiler,Daikin,EHY2KOMB28AA,4.0,R32,,,,,1.0,8.0,0.0,0.0,none,none,No,0.0,0.0,0.0,No,No,0.0,0.0,,no,5739.82,,,2500.9,0.0,0.0,0.0,0.0,0.0,0.0,2.5,0.0,House_Mid-Terrace_2.0
E.ON,EOH0435,NE28,44.0,Working Full time (>30hrs),Clerical,"50,001+",2021-02-05T00:00:00.000Z,Owner-Occupied,2.0,C1,4.0,18/02/2021,Phoenix,Urban,1983 - 1990,C,2.0,0.0,91.0,5.0,3.0,7.0,2.4,Cavity_Insulated,Solid,Pitched,Double,Yes,Gas,Gas Boiler - Combi,,,,0.0,0.0,1.0,No,No,,,,,,,,,,Yes,No,Yes,Yes,None - Installation not recommended,,,,,,,,,,,,,,,,,,,,,,,,,,,,,,,,,,,,,,,,,,,,,,,,House_Semi-Detached_2.0
E.ON,EOH1876,NE7,55.0,Working Full time (>30hrs),Professional,"40,001 - 50,000",2021-02-08T00:00:00.000Z,Owner-Occupied,20.0,C1,3.0,19/02/2021,Phoenix,Urban,1950 - 1966,C,3.0,0.0,137.0,7.0,4.0,10.0,2.6,Cavity_Insulated,Solid,Pitched,Double,Yes,Gas,Gas Boiler - Combi,Fire - Gas,,,0.0,1.0,0.0,No,No,,,8.728,63.7,17486.5,4776.0,0.0,,,No,No,No,Yes,Hybrid,Loft insulation,10430.06,500.0,1250.0,14.3,3.8,Yes,04/06/2021,Phoenix,Hybrid,Separate_New Boiler,Daikin,EHY2KOMB28AA,4.0,R32,,,,,1.0,12.0,0.0,0.0,none,none,No,0.0,1.0,0.0,No,Yes,0.0,0.0,,no,5739.82,,,3979.24,0.0,500.0,0.0,0.0,0.0,0.0,3.0,0.5,House_Semi-Detached_2.0
E.ON,EOH0492,NE5,64.0,Working Full time (>30hrs),Professional,"50,001+",2021-02-04T00:00:00.000Z,Owner-Occupied,12.0,AB,5.0,17/02/2021,Phoenix,Urban,1996 - 2002,,3.0,0.0,110.0,6.0,3.0,10.0,2.4,Cavity_Insulated,Solid,Pitched,Double,Yes,Gas,Gas Boiler - Combi,Fire - Gas,,,0.0,1.0,1.0,No,No,6000.0,36000.0,7.63,69.36,17204.5,4122.0,0.0,,,Yes with additional measures,No,Yes,Yes,ASHP,Loft Insulation,13151.75,500.0,1024.0,14.3,3.8,No,,,,,,,,,,,,,,,,,,,,,,,,,,,,,,,,,,,,,,,,,House_Detached_2.0
E.ON,EOH1581,NE4,62.0,Working Full time (>30hrs),Skilled Manual Worker,"25,001 - 30,000",2021-02-05T00:00:00.000Z,Owner-Occupied,14.0,C2,3.0,22/02/2021,Phoenix,Urban,1930 - 1949,,4.0,3.0,190.0,8.0,5.0,10.0,2.7,Cavity_Insulated,Solid,Pitched,Double,Yes,Gas,Gas Boiler - Combi,Fire - Gas,,,0.0,2.0,1.0,No,No,5187.0,,12.51,76.38,25151.1,5731.0,0.0,,,No,No,No,Yes,Hybrid,Loft Insulation,11170.79,500.0,1800.0,14.3,3.8,No,,,,,,,,,,,,,,,,,,,,,,,,,,,,,,,,,,,,,,,,,House_Semi-Detached_2.0
E.ON,EOH2219,NE27,,Working Full time (>30hrs),Skilled Manual Worker,"40,001 - 50,000",2021-02-08T00:00:00.000Z,Owner-Occupied,13.0,C2,4.0,26/02/2021,Phoenix,Urban,1930 - 1949,,2.0,2.0,95.0,5.0,3.0,8.0,2.3,Cavity_Insulated,Mix,Pitched,Double,Yes,Gas,Gas Boiler - Combi,Fire - Wood,,,0.0,0.0,0.0,No,No,,,,,,,,,,No,No,No,No,None - Installation not recommended,,,,,,,,,,,,,,,,,,,,,,,,,,,,,,,,,,,,,,,,,,,,,,,,House_Semi-Detached_2.0
E.ON,EOH1423,NE4,51.0,Working Part time,Clerical,"12,501 - 16,200",2021-02-04T00:00:00.000Z,Owner-Occupied,11.0,C1,3.0,17/02/2021,Phoenix,Urban,1967 - 1975,D,2.0,0.0,104.0,5.0,3.0,9.0,2.5,Cavity_Insulated,Suspended,Pitched,Double,Yes,Gas,Gas Boiler - Combi,,,,0.0,0.0,1.0,No,No,1700.0,11300.0,7.56,72.7,13966.5,3820.0,0.0,50.0,3.02,No,No,No,Yes,Hybrid,Barrier,10800.04,300.0,890.0,14.0,4.0,Yes,26/03/2021,Phoenix,Hybrid,Separate_New Boiler,Daikin,EHY2KOMB28AA,4.0,R32,,,,,1.0,11.0,0.0,0.0,none,enclosure,No,0.0,2.0,0.0,No,No,0.0,0.0,,no,5739.82,,,3424.0,0.0,0.0,0.0,0.0,0.0,0.0,3.5,0.0,House_Semi-Detached_2.0
E.ON,EOH2046,NE4,31.0,Working Full time (>30hrs),Professional,"50,001+",2021-02-05T00:00:00.000Z,Owner-Occupied,6.0,C1,5.0,18/02/2021,Phoenix,Urban,1930 - 1949,,2.0,2.0,118.0,5.0,3.0,6.0,2.6,Cavity_Insulated,Suspended,Pitched,Double,Yes,Gas,Gas Boiler - Combi,Fire - Gas,,,1.0,1.0,1.0,No,No,,,,,,,,,,Yes,No,Yes,Yes,,,,,,,,No,,,,,,,,,,,,,,,,,,,,,,,,,,,,,,,,,,,,,,,,,House_Semi-Detached_2.0
E.ON,EOH2397,NE5,45.0,Working Full time (>30hrs),Professional,"50,001+",2021-02-05T00:00:00.000Z,Owner-Occupied,20.0,C1,5.0,26/02/2021,Phoenix,Urban,1967 - 1975,C,2.0,0.0,74.0,3.0,2.0,6.0,2.6,Cavity_Insulated,Suspended,Pitched,Double,Yes,Gas,Gas Boiler - Combi,,,,0.0,0.0,0.0,No,No,2315.0,12314.0,4.32,58.4,8656.5,2636.0,0.0,50.0,3.02,No,No,No,Yes with additional measures,Hybrid,Loft Insulation,10799.27,500.0,490.0,14.0,4.0,Yes,08/05/2021,Phoenix,Hybrid,Separate_New Boiler,Daikin,EHY2KOMB28AA,4.0,R32,,,,,1.0,7.0,0.0,0.0,none,none,No,0.0,0.0,0.0,No,Yes,0.0,0.0,,no,5739.82,,,3424.27,0.0,500.0,0.0,0.0,0.0,0.0,2.0,0.5,House_Semi-Detached_2.0
E.ON,EOH0252,NE5,26.0,Working Full time (>30hrs),Professional,"40,001 - 50,000",2021-02-05T00:00:00.000Z,Owner-Occupied,0.9,C1,1.0,04/03/2021,Phoenix,Urban,1967 - 1975,D,2.0,0.0,116.0,7.0,4.0,10.0,2.4,Cavity_Insulated,Suspended,Pitched,Double,Yes,Gas,Gas Boiler - Combi,Fire - Gas,,,0.0,1.0,0.0,No,No,1900.0,23000.0,,,,,,,,Yes,No,Yes,Yes,None - Installation not recommended,,,,,,,,,,,,,,,,,,,,,,,,,,,,,,,,,,,,,,,,,,,,,,,,House_Semi-Detached_2.0
E.ON,EOH2280,NE3,42.0,Working Full time (>30hrs),Professional,"25,001 - 30,000",2021-02-12T00:00:00.000Z,Owner-Occupied,3.0,C1,4.0,16/02/2021,Phoenix,Urban,1950 - 1966,C,2.0,1.0,99.0,5.0,3.0,7.0,2.4,Cavity_Insulated,Solid,Pitched,Double,Yes,Gas,Gas Boiler - Combi,Fire - Electric,,,0.0,0.0,1.0,No,No,1856.0,11313.0,5.15,50.02,12472.4,4122.0,655.0,45.0,3.57,Yes,No,Yes,No,ASHP,Barrier,12047.98,300.0,804.0,14.0,4.0,Yes,14/04/2021,Aaron Services,ASHP,,Daikin,EDLQ07CAV7,7.0,R410A,,Water_new,200.0,,1.0,8.0,0.0,0.0,none,enclosure,No,0.0,0.0,0.0,No,No,0.0,0.0,,no,5648.0,1752.01,,2870.07,0.0,0.0,0.0,0.0,0.0,0.0,3.0,0.0,House_Semi-Detached_2.0
E.ON,EOH1481,NE20,44.0,Working Full time (>30hrs),Professional,"50,001+",2021-02-08T00:00:00.000Z,Owner-Occupied,3.0,C1,3.0,19/02/2021,Phoenix,Urban,1967 - 1975,C,2.0,2.0,103.0,5.0,3.0,7.0,2.5,Cavity_Insulated,Suspended,Pitched,Double,Yes,Gas,Gas Boiler - Combi,,,,0.0,0.0,0.0,No,No,,,6.13,75.4,8062.6,3820.0,0.0,50.0,3.02,No,No,No,Yes,Hybrid,Barrier,9945.07,300.0,293.0,14.3,3.8,Yes,27/09/2021,Phoenix,Hybrid,Separate_New Boiler,Daikin,EJHA04AAV3,4.0,R32,,,,,1.0,8.0,0.0,0.0,,,No,0.0,0.0,0.0,No,No,0.0,0.0,,no,5739.82,,,2870.07,,0.0,0.0,0.0,0.0,0.0,2.0,,House_Semi-Detached_2.0
E.ON,EOH2125,NE5,26.0,Working Full time (>30hrs),Professional,"20,001 - 25,000",2021-02-09T00:00:00.000Z,Owner-Occupied,2.0,C1,2.0,22/02/2021,Phoenix,Urban,1950 - 1966,D,1.0,0.0,57.0,3.0,2.0,5.0,2.4,Cavity_Insulated,Suspended,Pitched,Double,Yes,Gas,Gas Boiler - Combi,,,,0.0,0.0,0.0,No,No,,,5.28,92.6,12782.6,3356.0,491.0,47.0,3.48,Yes with additional measures,No,Yes,No,ASHP,Barrier,11628.14,300.0,765.0,14.0,4.0,Yes,16/04/2021,Phoenix,ASHP,,Daikin,EDLQ07CAV7,7.0,R410A,,Water_new,150.0,,1.0,8.0,0.0,0.0,none,enclosure,No,0.0,0.0,0.0,No,No,0.0,0.0,,no,5648.0,1701.0,,2500.86,0.0,0.0,0.0,0.0,0.0,0.0,3.0,0.0,House_Semi-Detached_1.0
E.ON,EOH0327,NE12,52.0,Working Full time (>30hrs),Professional,"30,001 - 40,000",2021-02-23T00:00:00.000Z,Owner-Occupied,6.0,C1,3.0,03/03/2021,Phoenix,Urban,1950 - 1966,D,2.0,0.0,74.0,4.0,2.0,7.0,2.4,Cavity_Insulated,Solid,Pitched,Double,Yes,Gas,Gas Boiler - Combi,,,,0.0,0.0,1.0,No,No,,,,,,,,,,,,,,,,,,,,,,,,,,,,,,,,,,,,,,,,,,,,,,,,,,,,,,,,,,,,,,House_Semi-Detached_2.0
E.ON,EOH1498,NE4,47.0,Working Part time,Manager,"30,001 - 40,000",2021-02-09T00:00:00.000Z,Owner-Occupied,11.0,C1,2.0,19/02/2021,Phoenix,Urban,1930 - 1949,,2.0,0.0,90.0,5.0,3.0,8.0,2.7,Cavity_Insulated,Suspended,Pitched,Double,Yes,Gas,Gas Boiler - Combi,Fire - Wood,,,0.0,0.0,1.0,No,No,1500.0,19000.0,7.954,88.37,15982.8,3464.0,0.0,,,No,No,No,Yes,Hybrid,None Required,10615.05,,1090.0,14.3,3.8,Yes,13/05/2021,Phoenix,Hybrid,Separate_New Boiler,Daikin,EHY2KOMB28AA,4.0,R32,,,,,1.0,10.0,0.0,0.0,none,none,No,0.0,1.0,1.0,No,Yes,0.0,0.0,,no,5739.82,,,3240.05,0.0,500.0,0.0,0.0,0.0,0.0,2.0,0.5,House_Semi-Detached_2.0
E.ON,EOH2285,NE3,,Working Full time (>30hrs),Manager,Prefer not to say,2021-02-11T00:00:00.000Z,Owner-Occupied,1.0,C1,2.0,23/02/2021,Phoenix,Urban,1967 - 1975,D,2.0,0.0,105.0,5.0,3.0,8.0,2.4,Cavity_Insulated,Solid,Pitched,Double,Yes,Gas,Gas Boiler - Combi,Fire - Gas,,,0.0,1.0,1.0,No,No,,,5.904,56.22,10859.5,3820.0,0.0,50.0,3.02,No,No,No,Yes,Hybrid,Barrier,10245.07,300.0,681.0,14.3,3.8,Yes,20/04/2021,Phoenix,Hybrid,Separate_New Boiler,Daikin,EHY2KOMB28AA,4.0,R32,,,,,1.0,8.0,0.0,0.0,none,enclosure,No,0.0,0.0,0.0,No,No,0.0,0.0,,no,5739.82,,,2870.1,0.0,0.0,0.0,0.0,0.0,0.0,2.5,0.0,House_Semi-Detached_2.0
E.ON,EOH0862,NE6,74.0,Retired,Pensioner,"16,201 - 20,000",2021-02-12T00:00:00.000Z,Owner-Occupied,30.0,DE,4.0,17/02/2021,Phoenix,Urban,1967 - 1975,,1.0,0.0,65.0,5.0,3.0,8.0,2.6,Cavity_Insulated,Solid,Pitched,Double,Yes,Gas,Gas Boiler - Combi,,,,0.0,0.0,1.0,No,No,,,8.472,84.77,16985.0,4475.0,655.0,,,Yes,No,Yes,Yes,ASHP,None Required,16795.76,0.0,1091.0,14.3,3.8,No,,,,,,,,,,,,,,,,,,,,,,,,,,,,,,,,,,,,,,,,,House_Detached_1.0
E.ON,EOH0645,NE4,47.0,Working Part time,Skilled Manual Worker,"30,001 - 40,000",2021-02-12T00:00:00.000Z,Owner-Occupied,5.0,C2,1.0,19/02/2021,Phoenix,Urban,1967 - 1975,D,2.0,0.0,112.0,5.0,3.0,10.0,2.7,Cavity_Insulated,Solid,Pitched,Double,Yes,Gas,Gas Boiler - Combi,Fire - Electric,,,0.0,0.0,1.0,No,No,,,7.236,65.41,14540.2,3464.0,0.0,,,No,No,No,Yes,Hybrid,None Required,10615.05,,969.0,14.3,3.8,Yes,14/04/2021,Phoenix,Hybrid,Separate_New Boiler,Daikin,EHY2KOMB28AA,4.0,R32,,,,,1.0,10.0,0.0,0.0,none,none,No,0.0,0.0,0.0,No,No,0.0,0.0,,no,5739.82,,,3239.0,0.0,0.0,0.0,0.0,0.0,0.0,3.0,0.0,House_Semi-Detached_2.0
E.ON,EOH2827,NE3,48.0,Working Full time (>30hrs),Clerical,"30,001 - 40,000",2021-02-15T00:00:00.000Z,Owner-Occupied,8.0,C1,2.0,23/02/2021,Phoenix,Urban,1983 - 1990,D,2.0,2.0,110.0,8.0,4.0,12.0,2.4,Cavity_Insulated,Suspended,Pitched,Double,Yes,Gas,Gas Boiler - Standard,Fire - Electric,Water,110,0.0,0.0,0.0,No,No,,,,,,,,,,No,No,No,No,None - Installation not recommended,,,,,,,,,,,,,,,,,,,,,,,,,,,,,,,,,,,,,,,,,,,,,,,,House_Detached_2.0
E.ON,EOH0537,NE6,51.0,Working Full time (>30hrs),Supervisor,"40,001 - 50,000",2021-02-12T00:00:00.000Z,Owner-Occupied,6.0,C1,1.0,16/02/2021,Phoenix,Urban,1967 - 1975,,2.0,1.0,86.0,3.0,2.0,7.0,2.7,Cavity_Insulated,Solid,Pitched,Double,Yes,Gas,Gas Boiler - Combi,,,,0.0,0.0,1.0,No,No,,,7.85,80.57,15732.1,3372.0,506.0,,,Yes,No,Yes,Yes,ASHP,Barrier,13688.36,250.0,801.0,14.3,3.8,No,,,,,,,,,,,,,,,,,,,,,,,,,,,,,,,,,,,,,,,,,House_Detached_1.0
E.ON,EOH0424,NE7,30.0,Working Full time (>30hrs),Clerical,"20,001 - 25,000",2021-02-16T00:00:00.000Z,Owner-Occupied,0.9,C1,3.0,26/02/2021,Phoenix,Urban,1930 - 1949,D,1.0,0.0,69.0,4.0,3.0,7.0,2.6,Solid_No_insulation,Solid,Pitched,Double,Yes,Gas,Gas Boiler - Combi,,,,0.0,0.0,0.0,No,No,,,5.084,73.68,10179.6,5094.0,0.0,55.0,2.96,No,No,No,Yes,Hybrid,"Loft insulation, barrier",9505.88,800.0,724.0,14.3,3.8,Yes,20/05/2021,Phoenix,Hybrid,Separate_New Boiler,Daikin,EHY2KOMB28AA,4.0,R32,,,,,1.0,6.0,0.0,0.0,none,enclosure,No,0.0,0.0,0.0,No,Yes,0.0,0.0,,no,5739.8,,,2130.88,0.0,500.0,0.0,0.0,0.0,0.0,2.0,0.5,House_Mid-Terrace_2.0
E.ON,EOH1358,NE5,29.0,Working Full time (>30hrs),Clerical,"40,001 - 50,000",2021-03-04T00:00:00.000Z,Owner-Occupied,0.9,C1,1.0,04/03/2021,Phoenix,Urban,1967 - 1975,D,2.0,1.0,80.0,5.0,3.0,7.0,2.4,Cavity_Insulated,Solid,Pitched,Double,Yes,Gas,Gas Boiler - Combi,Fire - Gas,,,0.0,1.0,0.0,No,No,,,4.73,52.53,11458.9,3566.0,0.0,53.0,2.99,No,No,No,Yes,Hybrid,Barrier,10245.07,300.0,751.0,14.3,3.8,Yes,19/05/2021,Phoenix,Hybrid,Separate_New Boiler,Daikin,EHY2KOMB28AA,4.0,R32,,,,,1.0,8.0,0.0,0.0,none,enclosure,No,0.0,0.0,0.0,No,No,0.0,0.0,,no,5739.8,,,2871.0,0.0,0.0,0.0,0.0,0.0,0.0,2.0,0.25,House_Semi-Detached_2.0
E.ON,EOH0126,NE27,50.0,Working Full time (>30hrs),Manager,"50,001+",2021-02-19T00:00:00.000Z,Owner-Occupied,20.0,AB,2.0,24/02/2021,Phoenix,Urban,1996 - 2002,,2.0,1.0,90.0,5.0,3.0,12.0,2.2,Cavity_Insulated,Suspended,Pitched,Double,Yes,Gas,Gas Boiler - Standard,,Water,110,0.0,0.0,0.0,No,No,,,5.05,56.12,10121.7,4122.0,607.0,45.0,3.57,Yes,No,Yes,No,ASHP,None Required,12788.71,,710.0,14.0,4.0,Yes,27/04/2021,Aaron Services,ASHP,,Daikin,EDLQ07CAV9,7.0,R410A,,Water_new,200.0,,1.0,14.0,0.0,0.0,none,none,No,0.0,0.0,0.0,No,Yes,0.0,0.0,,no,5648.01,1752.34,,3610.8,0.0,0.0,0.0,0.0,0.0,0.0,3.0,0.0,House_Detached_2.0
E.ON,EOH1092,NE15,32.0,Working Full time (>30hrs),Professional,"50,001+",2021-02-23T00:00:00.000Z,Owner-Occupied,0.9,AB,2.0,25/02/2021,Phoenix,Urban,1983 - 1990,,2.0,2.0,110.0,5.0,4.0,9.0,2.4,Cavity_Insulated,Solid,Pitched,Double,Yes,Gas,Gas Boiler - Combi,,,,0.0,0.0,0.0,No,No,,,6.909,64.57,16753.9,5153.0,759.0,47.0,3.33,Yes,No,No,Yes,ASHP,None Required,14980.98,,1100.0,14.3,3.8,Yes,19/05/2021,Aaron Services,ASHP,,Daikin,EDLQ011CAV3,11.0,R410A,,Water_new,250.0,,1.0,12.0,0.0,0.0,none,none,No,0.0,0.0,0.0,Yes,No,0.0,0.0,,no,6364.21,1752.0,,5086.87,0.0,0.0,0.0,0.0,0.0,0.0,3.0,0.0,House_Detached_2.0
E.ON,EOH0244,NE3,45.0,Working Full time (>30hrs),Skilled Manual Worker,"50,001+",2021-02-22T00:00:00.000Z,Owner-Occupied,10.0,C2,2.0,01/03/2021,Phoenix,Urban,1967 - 1975,C,2.0,2.0,80.0,5.0,3.0,8.0,2.3,Cavity_Insulated,Solid,Pitched,Double,Yes,Gas,Gas Boiler - Combi,,,,0.0,0.0,1.0,No,No,,,3.93,71.6,9535.3,3820.0,0.0,54.0,2.97,No,No,No,Yes,Hybrid,None Required,9690.87,,351.0,14.3,3.8,Yes,30/08/2021,Phoenix,Hybrid,Separate_New Boiler,Daikin,EJHA04AAV3,4.0,R32,,,,,1.0,7.0,0.0,0.0,,,No,0.0,1.0,0.0,No,No,0.0,0.0,,no,5739.82,,,2315.87,,0.0,0.0,0.0,0.0,0.0,2.0,,House_Semi-Detached_2.0
E.ON,EOH2042,NE13,51.0,Working Full time (>30hrs),Clerical,"20,001 - 25,000",2021-02-18T00:00:00.000Z,Owner-Occupied,8.0,C1,1.0,25/02/2021,Phoenix,Urban,2012 onwards,B,3.0,0.0,118.0,5.0,4.0,9.0,2.3,Cavity_Insulated,Solid,Pitched,Double,Yes,Gas,Gas Boiler - Standard,,Water,160,0.0,0.0,1.0,No,No,,,,,,,,,,No,No,No,No,None - Installation not recommended,,,,,,,,,,,,,,,,,,,,,,,,,,,,,,,,,,,,,,,,,,,,,,,,House_Semi-Detached_3.0
E.ON,EOH0810,NE11,69.0,Retired,Pensioner,"50,001+",2021-02-22T00:00:00.000Z,Owner-Occupied,4.0,DE,2.0,24/02/2021,Phoenix,Urban,1950 - 1966,C,2.0,0.0,92.0,5.0,3.0,8.0,2.4,Cavity_Insulated,Mix,Pitched,Double,Yes,Gas,Gas Boiler - Combi,Fire - Gas,,,1.0,1.0,1.0,No,No,4500.0,14000.0,8.24,89.52,16550.2,4122.0,607.0,50.0,3.2,Yes,No,Yes,No,ASHP,None Required,14241.8,,1044.0,14.3,3.8,Yes,19/05/2021,Aaron Services,ASHP,,Daikin,EDLQ011CAV3,11.0,R410A,,Water_new,200.0,,1.0,12.0,0.0,0.0,none,none,No,0.0,0.0,0.0,No,No,0.0,0.0,,no,6364.2,1752.0,,5087.0,0.0,0.0,0.0,0.0,0.0,0.0,3.0,0.0,House_Detached_2.0
E.ON,EOH0808,NE3,49.0,Working Full time (>30hrs),Professional,"30,001 - 40,000",2021-02-25T00:00:00.000Z,Owner-Occupied,17.0,C1,1.0,08/03/2021,Phoenix,Urban,1983 - 1990,,1.0,0.0,68.0,4.0,3.0,6.0,2.4,Cavity_Insulated,Suspended,Pitched,Single,Yes,Gas,Gas Boiler - Combi,,,,0.0,0.0,1.0,No,No,3050.0,9176.0,5.014,73.74,10044.6,3566.0,0.0,49.0,3.03,No,No,No,Yes,Hybrid,None Required,10799.27,,596.0,14.3,3.8,Yes,27/05/2021,Phoenix,Hybrid,Separate_New Boiler,Daikin,EHY2KOMB28AA,4.0,R32,,,,,1.0,9.0,0.0,0.0,none,none,No,0.0,0.0,0.0,No,No,0.0,0.0,,no,5739.8,,,3424.27,0.0,0.0,0.0,0.0,0.0,0.0,2.5,0.0,House_Semi-Detached_2.0
E.ON,EOH1415,NE3,25.0,Working Full time (>30hrs),Manager,"30,001 - 40,000",2021-02-17T00:00:00.000Z,Owner-Occupied,3.0,AB,1.0,22/02/2021,Phoenix,Urban,1930 - 1949,,1.0,0.0,90.0,3.0,2.0,6.0,2.5,Solid_No_insulation,Suspended,Pitched,Double,Yes,Gas,Gas Boiler - Combi,,,,0.0,0.0,1.0,No,No,,,5.925,65.83,11874.9,3372.0,506.0,55.0,3.13,Yes,No,Yes,Yes,ASHP,Loft insulation,12065.57,500.0,814.0,14.3,3.8,Yes,28/05/2021,Aaron Services,ASHP,,Daikin,EDLQ07CAV3,7.0,R410A,,Water_new,200.0,,1.0,6.0,0.0,1.0,none,none,No,0.0,0.0,0.0,No,Yes,0.0,0.0,,no,5648.01,1752.0,,2887.66,0.0,500.0,0.0,0.0,0.0,0.0,2.5,0.5,House_Mid-Terrace_2.0
E.ON,EOH2333,NE5,,Working Part time,Supervisor,"40,001 - 50,000",2021-02-22T00:00:00.000Z,Owner-Occupied,30.0,AB,2.0,23/02/2021,Phoenix,Urban,1983 - 1990,D,2.0,0.0,106.0,5.0,3.0,8.0,2.4,Cavity_Insulated,Suspended,Pitched,Double,Yes,Gas,Gas Boiler - Combi,,,,0.0,0.0,1.0,No,No,2000.0,13720.0,6.06,57.16,14669.1,5153.0,759.0,50.0,3.35,Yes,No,Yes,No,ASHP,None Required,12233.74,,1007.0,14.0,4.0,Yes,29/04/2021,Aaron Services,ASHP,,Daikin,EDLQ07CAV7,7.0,R410A,,Water_new,250.0,,1.0,11.0,0.0,0.0,none,none,No,0.0,0.0,0.0,No,No,0.0,0.0,,no,5648.01,1752.37,,3055.83,0.0,0.0,0.0,0.0,0.0,0.0,3.0,0.0,House_Detached_2.0
E.ON,EOH3005,NE3,59.0,Working Full time (>30hrs),Skilled Manual Worker,"50,001+",2021-02-22T00:00:00.000Z,Owner-Occupied,5.0,C2,5.0,01/03/2021,Phoenix,Urban,1983 - 1990,C,3.0,0.0,117.0,8.0,4.0,14.0,2.3,Cavity_Insulated,Solid,Pitched,Double,Yes,Gas,Gas Boiler - Combi,,,,0.0,0.0,1.0,No,No,4000.0,21000.0,9.45,80.79,18932.5,4166.0,181.0,,,No,No,Yes,No,HT_ASHP,None Required,18348.0,0.0,1098.0,14.3,3.8,Yes,,,,,,,,,,,,,,,,,,,,,,,,,,,,,,,,,,,,,,,,,House_Detached_2.0
E.ON,EOH0440,NE4,46.0,Working Part time,Skilled Manual Worker,"0 - 12,500",2021-02-24T00:00:00.000Z,Owner-Occupied,13.0,C2,1.0,03/03/2021,Phoenix,Urban,1950 - 1966,D,1.0,0.0,71.0,4.0,3.0,7.0,2.4,Cavity_Insulated,Solid,Pitched,Double,Yes,Gas,Gas Boiler - Standard,Fire - Gas,Water,110,0.0,1.0,1.0,No,No,,,5.54,78.04,11142.4,4475.0,655.0,50.0,3.35,Yes with additional measures,No,No,Yes,ASHP,Loft Insulation,11493.78,500.0,796.0,14.3,3.8,Yes,01/07/2021,Aaron services,ASHP,,Daikin,EDLQ07CAV3,7.0,R410A,,Water_new,200.0,,1.0,7.0,0.0,0.0,none,none,No,0.0,1.0,0.0,No,Yes,0.0,0.0,,no,5648.0,1752.0,,2316.0,0.0,500.0,0.0,0.0,0.0,0.0,3.0,0.5,House_Mid-Terrace_2.0
E.ON,EOH2818,NE13,60.0,Working Full time (>30hrs),Manager,"30,001 - 40,000",2021-02-22T00:00:00.000Z,Owner-Occupied,24.0,C1,3.0,26/02/2021,Phoenix,Urban,1967 - 1975,,2.0,0.0,89.0,5.0,3.0,8.0,2.3,Cavity_Insulated,Solid,Pitched,Double,Yes,Gas,Gas Boiler - Standard,,Water,110,0.0,0.0,0.0,No,No,4455.0,12628.0,,,,,,,,No,No,No,No,None - Installation not recommended,,,,,,,,,,,,,,,,,,,,,,,,,,,,,,,,,,,,,,,,,,,,,,,,House_Semi-Detached_2.0
E.ON,EOH2459,NE5,,Working Part time,Clerical,"25,001 - 30,000",2021-02-23T00:00:00.000Z,Owner-Occupied,0.9,C1,2.0,03/03/2021,Phoenix,Urban,1983 - 1990,C,2.0,0.0,230.0,6.0,3.0,9.0,2.4,Cavity_Insulated,Suspended,Pitched,Double,Yes,Gas,Gas Boiler - Standard,Fire - Electric,Water,180,0.0,0.0,0.0,No,No,,,8.95,72.27,21697.0,4475.0,601.0,,,No,No,Yes,Yes,HT_ASHP,None Required,17935.62,0.0,1222.0,14.3,3.8,No,,,,,,,,,,,,,,,,,,,,,,,,,,,,,,,,,,,,,,,,,House_Detached_1.0
E.ON,EOH3116,NE15,42.0,Working Full time (>30hrs),Professional,"30,001 - 40,000",2021-02-23T00:00:00.000Z,Owner-Occupied,9.0,C1,1.0,26/02/2021,Phoenix,Urban,1950 - 1966,,1.0,0.0,70.0,4.0,3.0,6.0,2.4,Cavity_Insulated,Solid,Pitched,Double,Yes,Gas,Gas Boiler - Standard,Fire - Gas,Water,100,0.0,1.0,1.0,No,No,,,6.169,88.13,14954.4,3820.0,0.0,55.0,2.96,No,No,No,Yes,Hybrid,Loft insulation,11001.85,500.0,1010.0,14.3,3.8,Yes,17/06/2021,Phoenix,Hybrid,Separate_New Boiler,Daikin,EHY2KOMB28AA,4.0,R32,,,,,1.0,8.0,0.0,1.0,none,none,No,0.0,1.0,0.0,No,Yes,0.0,0.0,,no,5739.0,,,3626.86,0.0,500.0,0.0,0.0,0.0,0.0,2.5,0.5,House_Semi-Detached_2.0
E.ON,EOH2712,NE15,35.0,Working Full time (>30hrs),Professional,"30,001 - 40,000",2021-02-23T00:00:00.000Z,Owner-Occupied,3.0,C1,5.0,01/03/2021,Phoenix,Urban,1950 - 1966,D,2.0,1.0,112.0,7.0,4.0,9.0,2.4,Cavity_No_insulation,Suspended,Pitched,Double,Yes,Gas,Gas Boiler - Combi,,,,0.0,0.0,1.0,No,No,,,8.78,78.43,19809.3,4776.0,0.0,55.0,2.96,No,No,No,Yes with additional measures,Hybrid,Loft Insulation Barrier Cavity insulation,10233.23,1500.0,1411.0,14.0,4.0,Yes,09/04/2021,Phoenix,Hybrid,Separate_New Boiler,Daikin,EHY2KOMB32AA,4.0,R32,,,,,1.0,9.0,0.0,0.0,none,none,No,0.0,0.0,0.0,No,Yes,0.0,0.0,,no,5912.2,,,2685.85,0.0,500.0,0.0,0.0,0.0,0.0,4.0,0.0,House_Semi-Detached_2.0
E.ON,EOH2228,NE3,43.0,Working Full time (>30hrs),Manager,"25,001 - 30,000",2021-02-25T00:00:00.000Z,Owner-Occupied,7.0,C1,1.0,04/03/2021,Phoenix,Urban,1950 - 1966,C,1.0,1.0,111.0,5.0,4.0,8.0,2.4,Cavity_Insulated,Solid,Pitched,Double,Yes,Gas,Gas Boiler - Combi,,,,0.0,0.0,1.0,No,No,,,7.02,63.28,14074.0,3820.0,0.0,50.0,3.02,No,No,No,Yes,Hybrid,None Required,10430.06,,867.0,14.0,4.0,Yes,21/04/2021,Phoenix,Hybrid,Separate_New Boiler,Daikin,EHY2KOMB28AA,4.0,R32,,,,,1.0,9.0,0.0,0.0,none,none,No,0.0,0.0,0.0,No,No,0.0,0.0,,no,5739.82,,,3055.1,0.0,0.0,0.0,0.0,0.0,0.0,2.5,0.0,House_Semi-Detached_2.0
E.ON,EOH2602,NE7,32.0,Working Full time (>30hrs),Manager,"40,001 - 50,000",2021-02-25T00:00:00.000Z,Owner-Occupied,3.0,C1,3.0,01/03/2021,Phoenix,Urban,1950 - 1966,E,2.0,1.0,90.0,5.0,3.0,9.0,2.3,Cavity_Insulated,Solid,Pitched,Double,Yes,Gas,Gas Boiler - Standard,Fire - Gas,Water,150,0.0,1.0,0.0,No,No,4405.0,18000.0,6.686,74.29,13399.2,3566.0,0.0,52.0,3.0,No,No,No,Yes,Hybrid,Loft insulation,10615.05,500.0,836.0,14.3,3.8,Yes,10/06/2021,Phoenix,Hybrid,Separate_New Boiler,Daikin,EHY2KOMB28AA,4.0,R32,,,,,1.0,10.0,0.0,0.0,none,none,No,0.0,1.0,0.0,No,Yes,0.0,0.0,,no,5739.82,,,3240.07,0.0,500.0,0.0,0.0,0.0,0.0,2.0,1.0,House_Semi-Detached_2.0
E.ON,EOH1294,NE3,53.0,Working Full time (>30hrs),Clerical,"25,001 - 30,000",2021-03-04T00:00:00.000Z,Owner-Occupied,30.0,C1,1.0,11/03/2021,Phoenix,Urban,1967 - 1975,,1.0,2.0,84.0,5.0,3.0,7.0,2.4,Cavity_Insulated,Solid,Pitched,Double,Yes,Gas,Gas Boiler - Standard,Fire - Gas,Water,110,0.0,1.0,0.0,No,No,3612.0,17912.0,,,,,,,,No,No,No,No,None - Installation not recommended,,,,,,,,,,,,,,,,,,,,,,,,,,,,,,,,,,,,,,,,,,,,,,,,House_Semi-Detached_2.0
E.ON,EOH0196,NE3,44.0,Working Full time (>30hrs),Professional,"50,001+",2021-02-24T00:00:00.000Z,Owner-Occupied,0.9,C1,4.0,06/04/2021,Phoenix,Urban,1930 - 1949,D,1.0,0.0,120.0,5.0,3.0,10.0,2.6,Cavity_Insulated,Suspended,Pitched,Double,Yes,Gas,Gas Boiler - Combi,,,,0.0,0.0,1.0,No,No,,,7.958,66.31,8198.2,3820.0,0.0,,,No,No,No,Yes,Hybrid,None Required,11168.48,,765.0,14.3,3.8,Yes,16/06/2021,Phoenix,Hybrid,Separate_New Boiler,Daikin,EHY2KOMB28AA,4.0,R32,,,,,1.0,9.0,0.0,0.0,none,none,No,0.0,0.0,0.0,No,No,0.0,0.0,,no,5739.0,,,3793.48,0.0,0.0,0.0,0.0,0.0,0.0,2.5,0.0,House_Semi-Detached_2.0
E.ON,EOH2685,NE13,55.0,Working Full time (>30hrs),Professional,"50,001+",2021-02-25T00:00:00.000Z,Owner-Occupied,5.0,AB,4.0,12/03/2021,Phoenix,Urban,1967 - 1975,E,3.0,0.0,134.0,7.0,4.0,11.0,2.3,Cavity_Insulated,Suspended,Pitched,Double,Yes,Gas,Gas Boiler - Combi,Fire - Wood,,,1.0,0.0,0.0,No,No,6000.0,20000.0,,,,,,,,Yes,No,Yes,No,ASHP,,,,,,,No,,,,,,,,,,,,,,,,,,,,,,,,,,,,,,,,,,,,,,,,,House_Detached_2.0
E.ON,EOH2071,NE3,72.0,Working Part time,Professional,"40,001 - 50,000",2021-03-01T00:00:00.000Z,Owner-Occupied,20.0,AB,3.0,08/03/2021,Phoenix,Urban,1983 - 1990,,2.0,0.0,125.0,6.0,4.0,,2.3,Cavity_Insulated,Suspended,Pitched,Double,Yes,Gas,Gas Boiler - Combi,Fire - Gas,,,0.0,1.0,1.0,No,No,4500.0,28000.0,,,,,,,,No,No,No,No,None - Installation not recommended,,,,,,,,,,,,,,,,,,,,,,,,,,,,,,,,,,,,,,,,,,,,,,,,House_Detached_2.0
E.ON,EOH0227,DH1,74.0,Retired,Pensioner,"40,001 - 50,000",2021-02-25T00:00:00.000Z,Owner-Occupied,22.0,DE,5.0,04/03/2021,Energist,Urban,1983 - 1990,,2.0,0.0,120.0,10.0,4.0,10.0,2.4,Cavity_Insulated,Suspended,Pitched,Double,Yes,Gas,Gas Boiler - Standard,,Water,150,0.0,0.0,0.0,No,No,,,5.876,50.66,16435.0,3496.0,0.0,45.0,3.91,Yes,No,Yes,Yes,ASHP,None Required,13705.33,,858.0,12.9,3.5,Yes,17/05/2021,Energist,HT_ASHP,,Vaillant,VWL 75/6 A 230V S2,7.0,R290,,Water_new,250.0,,1.0,11.0,0.0,0.0,none,none,No,0.0,0.0,0.0,No,No,0.0,0.0,,no,5889.0,1752.0,,3055.84,0.0,0.0,0.0,0.0,0.0,0.0,4.0,0.0,House_Detached_2.0
E.ON,EOH0590,NE21,62.0,Working Full time (>30hrs),Manager,"50,001+",2021-02-25T00:00:00.000Z,Owner-Occupied,16.0,AB,5.0,23/03/2021,Energist,Urban,1996 - 2002,,2.0,0.0,180.0,10.0,5.0,10.0,2.4,Cavity_Insulated,Suspended,Pitched,Double,Yes,Gas,Gas Boiler - Combi,,,,0.0,0.0,0.0,No,No,,,11.31,50.49,27571.0,5943.0,0.0,45.0,4.21,Yes,No,Yes,Yes,ASHP,None Required,14763.09,,1302.0,12.9,4.0,Yes,09/06/2021,Energist,HT_ASHP,,Vaillant,VWL 125/6 A 230V S2,12.0,R290,,Water_new,300.0,,1.0,7.0,0.0,0.0,none,none,No,0.0,0.0,0.0,No,No,0.0,0.0,,no,6635.0,1752.0,,2315.0,0.0,0.0,0.0,0.0,0.0,0.0,4.0,0.0,House_Detached_2.0
E.ON,EOH2421,NE47,47.0,Working Full time (>30hrs),Clerical,"50,001+",2021-02-26T00:00:00.000Z,Owner-Occupied,2.0,C1,5.0,04/03/2021,Energist,Rural,1967 - 1975,,2.0,4.0,160.0,12.0,5.0,12.0,2.4,Cavity_No_insulation,Solid,Pitched,Double,No,Oil,Oil - Combi,,,,0.0,0.0,0.0,No,No,,,8.519,72.81,22701.0,4615.0,888.0,50.0,3.85,Yes,No,Yes,Yes,ASHP,None Required,13399.24,,1171.0,12.23,,Yes,28/04/2021,Energist,HT_ASHP,,Vaillant,VWL 105/6 A 230V S2,10.0,R290,,Water_new,300.0,,1.0,13.0,0.0,0.0,none,none,No,0.0,0.0,0.0,No,No,0.0,0.0,,no,7435.0,1752.0,,3425.81,0.0,0.0,0.0,0.0,0.0,0.0,5.0,0.0,House_Detached_2.0
E.ON,EOH1285,NE61,45.0,Working Full time (>30hrs),Skilled Manual Worker,"50,001+",2021-02-26T00:00:00.000Z,Owner-Occupied,0.9,C2,5.0,11/04/2021,Phoenix,Urban,1967 - 1975,,2.0,2.0,129.0,9.0,4.0,9.0,2.4,Cavity_Insulated,Suspended,Pitched,Double,Yes,Gas,Gas Boiler - Combi,,,,0.0,1.0,1.0,No,No,,,10.259,60.7,25656.0,3416.0,0.0,40.0,4.58,No,No,Yes,No,HT_ASHP,None Required,13759.66,,1141.0,12.9,3.9,Yes,19/05/2021,Energist,HT_ASHP,,Vaillant,VWL 105/6 A 230V S2,10.0,R290,,Water_new,250.0,,1.0,0.0,0.0,0.0,none,none,No,0.0,0.0,0.0,No,No,0.0,0.0,,no,6535.0,1752.0,,2000.0,,0.0,0.0,0.0,0.0,0.0,3.0,0.0,House_Detached_2.0
E.ON,EOH2339,DL13,64.0,Working Full time (>30hrs),Skilled Manual Worker,"12,501 - 16,200",2021-02-26T00:00:00.000Z,Owner-Occupied,30.0,C2,5.0,04/08/2021,Energist,Rural,1900 - 1929,F,1.0,0.0,61.0,4.0,2.0,8.0,2.4,Solid_No_insulation,Solid,Pitched,Double,No,LPG,LPG Boiler,,Water,150,0.0,0.0,0.0,No,No,,,4.1,65.0,10140.0,2360.0,0.0,45.0,3.77,Yes,No,Yes,Yes,ASHP,None Required,12607.09,,605.0,12.5,6.75,Yes,20/09/2021,Energist,HT_ASHP,,Vaillant,VWL 55/6 A 230V S2,5.0,R290,,Water_new,150.0,,1.0,5.0,0.0,0.0,,,No,0.0,0.0,0.0,No,No,0.0,0.0,,no,5623.74,1701.71,,2105.89,0.0,0.0,0.0,0.0,0.0,0.0,4.0,,House_Detached_1.0
E.ON,EOH2813,NE15,50.0,Working Full time (>30hrs),Professional,"40,001 - 50,000",2021-03-01T00:00:00.000Z,Owner-Occupied,20.0,C1,2.0,10/03/2021,Phoenix,Urban,1930 - 1949,D,3.0,1.0,86.0,6.0,3.0,9.0,2.4,Cavity_Insulated,Solid,Pitched,Double,Yes,Gas,Gas Boiler - Combi,Fire - Wood,,,0.0,0.0,1.0,No,No,,,,,,,,,,No,No,No,No,None - Installation not recommended,,,,,,,,,,,,,,,,,,,,,,,,,,,,,,,,,,,,,,,,,,,,,,,,House_Semi-Detached_3.0
E.ON,EOH2640,NE27,48.0,Working Full time (>30hrs),Manager,"25,001 - 30,000",2021-03-04T00:00:00.000Z,Owner-Occupied,1.0,C1,2.0,04/03/2021,Phoenix,Urban,1950 - 1966,D,1.0,0.0,77.0,4.0,3.0,8.0,2.4,Cavity_Insulated,Suspended,Pitched,Double,Yes,Gas,Gas Boiler - Combi,,,,0.0,0.0,0.0,No,No,,,5.95,77.22,11914.7,3515.0,0.0,50.0,3.02,No,No,No,Yes,Hybrid,None Required,10048.24,,827.0,14.0,4.0,Yes,23/04/2021,Phoenix,Hybrid,Separate_New Boiler,Daikin,EHY2KOMB32AA,4.0,R32,,,,,1.0,8.0,0.0,0.0,none,none,No,0.0,0.0,0.0,No,No,0.0,0.0,,no,5912.2,,,2500.9,0.0,0.0,0.0,0.0,0.0,0.0,2.5,0.0,House_Semi-Detached_2.0
E.ON,EOH0081,NE5,39.0,Training or Education,Unemployed/Benefits,"30,001 - 40,000",2021-03-02T00:00:00.000Z,Owner-Occupied,8.0,C1,1.0,09/03/2021,Phoenix,Urban,1967 - 1975,D,2.0,1.0,80.0,4.0,3.0,7.0,2.3,Cavity_Insulated,Solid,Pitched,Double,Yes,Gas,Gas Boiler - Combi,Fire - Electric,,,0.0,0.0,0.0,No,No,4547.0,12902.0,,,,,,,,No,No,No,No,None - Installation not recommended,,,,,,,,,,,,,,,,,,,,,,,,,,,,,,,,,,,,,,,,,,,,,,,,House_Mid-Terrace_2.0
E.ON,EOH1662,NE4,69.0,Unemployed,Pensioner,"12,501 - 16,200",2021-03-04T00:00:00.000Z,Owner-Occupied,12.0,DE,1.0,04/03/2021,Phoenix,Urban,1930 - 1949,,1.0,0.0,90.0,5.0,3.0,10.0,2.4,Cavity_Insulated,Suspended,Pitched,Double,Yes,Gas,Gas Boiler - Combi,,,,0.0,0.0,1.0,No,No,,,6.733,74.81,13534.1,2547.0,0.0,45.0,3.07,No,No,No,Yes,Hybrid,None Required,11711.61,,746.0,14.3,3.8,Yes,21/04/2021,Phoenix,Hybrid,Separate_New Boiler,Daikin,EHY2KOMB32AA,4.0,R32,,,,,1.0,13.0,0.0,0.0,none,none,No,0.0,0.0,0.0,No,No,0.0,0.0,,no,5912.2,,,4164.23,0.0,0.0,0.0,0.0,0.0,0.0,3.0,0.0,House_Semi-Detached_2.0
E.ON,EOH1171,NE28,57.0,Working Full time (>30hrs),Skilled Manual Worker,"25,001 - 30,000",2021-03-02T00:00:00.000Z,Owner-Occupied,21.0,DE,1.0,12/03/2021,Phoenix,Urban,1950 - 1966,,3.0,0.0,77.0,5.0,3.0,7.0,2.5,Cavity_Insulated,Suspended,Pitched,Double,Yes,Gas,Gas Boiler - Combi,Fire - Gas,,,0.0,1.0,1.0,No,No,,,5.523,71.73,11066.4,3311.0,0.0,55.0,2.96,No,No,No,Yes with additional measures,Hybrid,Loft Insulation,10245.84,500.0,708.0,14.3,3.8,Yes,26/05/2021,Phoenix,Hybrid,Separate_New Boiler,Daikin,EHY2KOMB28AA,4.0,R32,,,,,1.0,10.0,0.0,0.0,none,none,No,0.0,0.0,0.0,No,Yes,0.0,0.0,,no,5739.8,,,2870.84,0.0,500.0,0.0,0.0,0.0,0.0,2.0,0.5,House_Semi-Detached_2.0
E.ON,EOH0014,NE6,63.0,Working Full time (>30hrs),Skilled Manual Worker,"30,001 - 40,000",2021-04-08T00:00:00.000Z,Owner-Occupied,0.9,C2,2.0,12/04/2021,Phoenix,Urban,1950 - 1966,D,1.0,0.0,85.0,4.0,2.0,7.0,2.6,Cavity_Insulated,Suspended,Pitched,Double,Yes,Gas,Gas Boiler - Combi,Fire - Gas,,,0.0,1.0,1.0,No,No,1976.0,14600.0,5.637,66.32,11297.8,2674.0,0.0,49.0,3.03,No,No,No,Yes,Hybrid,Loft insulation,10232.46,500.0,637.0,14.3,3.8,Yes,22/06/2021,Phoenix,Hybrid,Separate_New Boiler,Daikin,EHY2KOMB32AA,4.0,R32,,,,,1.0,7.0,0.0,0.0,none,none,No,0.0,0.0,0.0,No,Yes,0.0,0.0,,no,5912.2,,,2685.0,0.0,500.0,0.0,0.0,0.0,0.0,3.0,0.5,House_Semi-Detached_1.0
E.ON,EOH1687,NE5,51.0,Working Full time (>30hrs),Professional,"30,001 - 40,000",2021-03-04T00:00:00.000Z,Owner-Occupied,21.0,C1,1.0,08/03/2021,Phoenix,Urban,1950 - 1966,C,3.0,0.0,123.0,6.0,4.0,8.0,2.5,Cavity_Insulated,Solid,Pitched,Double,Yes,Gas,Gas Boiler - Combi,Fire - Gas,,,0.0,1.0,1.0,No,No,,,7.53,61.24,15147.6,4394.0,0.0,55.0,2.96,No,No,No,Yes,Hybrid,None Required,10971.65,,1022.0,14.0,4.0,Yes,28/04/2021,Phoenix,Hybrid,Separate_New Boiler,Daikin,EHY2KOMB28AA,4.0,R32,,,,,1.0,9.0,0.0,0.0,none,none,No,0.0,0.0,0.0,No,No,0.0,0.0,,no,5912.2,,,3424.27,0.0,0.0,0.0,0.0,0.0,0.0,3.0,0.0,House_Semi-Detached_2.0
E.ON,EOH2144,NE7,58.0,Working Full time (>30hrs),Professional,"50,001+",2021-03-09T00:00:00.000Z,Owner-Occupied,23.0,AB,3.0,10/03/2021,Phoenix,Urban,1930 - 1949,,3.0,0.0,117.0,8.0,5.0,9.0,2.5,Cavity_Insulated,Suspended,Pitched,Double,Yes,Gas,Gas Boiler - Combi,Fire - Gas,,,0.0,1.0,1.0,No,No,5170.0,17962.0,,,,,,,,No,No,No,No,None - Installation not recommended,,,,,,,,,,,,,,,,,,,,,,,,,,,,,,,,,,,,,,,,,,,,,,,,House_Semi-Detached_2.0
E.ON,EOH1172,NE3,29.0,Working Full time (>30hrs),Professional,"50,001+",2021-03-04T00:00:00.000Z,Owner-Occupied,15.0,AB,1.0,11/03/2021,Phoenix,Urban,1950 - 1966,C,4.0,0.0,77.0,5.0,3.0,6.0,2.4,Cavity_No_insulation,Solid,Pitched,Double,Yes,Gas,Gas Boiler - Combi,Fire - Electric,,,0.0,0.0,1.0,No,No,,,5.404,70.18,13092.9,3311.0,0.0,55.0,2.96,No,No,No,Yes,Hybrid,None Required,9875.86,,866.0,14.3,3.8,Yes,28/05/2021,Phoenix,Hybrid,Separate_New Boiler,Daikin,EHY2KOMB28AA,4.0,R32,,,,,1.0,8.0,0.0,0.0,none,none,No,0.0,0.0,0.0,No,No,0.0,0.0,,no,5739.82,,,2500.86,0.0,0.0,0.0,0.0,0.0,0.0,2.5,0.0,House_Semi-Detached_2.0
E.ON,EOH3082,NE12,58.0,Working Full time (>30hrs),Clerical,"40,001 - 50,000",2021-03-04T00:00:00.000Z,Owner-Occupied,15.0,C1,1.0,09/03/2021,Phoenix,Urban,2003 - 2006,C,3.0,0.0,131.0,7.0,4.0,12.0,2.4,Cavity_Insulated,Solid,Pitched,Double,Yes,Gas,Gas Boiler - Standard,Fire - Electric,Water,150,0.0,0.0,1.0,No,No,,,7.311,55.8,14652.4,4994.0,181.0,60.0,3.22,Yes with additional measures,No,Yes,No,HT_ASHP,None Required,18391.83,,905.0,14.3,3.8,Yes,23/07/2021,Phoenix,HT_ASHP,,Daikin,EPRA16DAV3,16.0,R32,,PCM_New,,9.0,1.0,13.0,0.0,0.0,none,none,No,0.0,0.0,0.0,No,No,0.0,0.0,,no,9688.0,3500.65,,3425.0,0.0,0.0,0.0,0.0,0.0,0.0,4.0,0.0,House_Detached_2.0
E.ON,EOH1041,NE15,57.0,Working Full time (>30hrs),Skilled Manual Worker,"50,001+",2021-03-11T00:00:00.000Z,Owner-Occupied,30.0,C2,2.0,11/03/2021,Phoenix,Urban,1967 - 1975,,2.0,0.0,80.0,4.0,3.0,8.0,2.4,Cavity_Insulated,Suspended,Pitched,Double,Yes,Gas,Gas Boiler - Combi,,,,0.0,0.0,1.0,No,No,3058.0,10144.0,5.51,68.81,13339.1,4475.0,655.0,49.0,3.39,Yes,No,Yes,No,ASHP,None Required,11678.78,,883.0,14.3,3.8,Yes,09/06/2021,Aaron services,ASHP,,Daikin,EDLQ07CAV3,7.0,R410A,,Water_new,200.0,,1.0,8.0,0.0,0.0,none,none,No,0.0,0.0,0.0,No,No,0.0,0.0,,no,5648.01,1752.0,,2501.0,0.0,0.0,0.0,0.0,0.0,0.0,3.0,0.0,House_Detached_2.0
E.ON,EOH1273,NE7,48.0,Working Full time (>30hrs),Skilled Manual Worker,"25,001 - 30,000",2021-03-10T00:00:00.000Z,Owner-Occupied,10.0,C2,1.0,10/03/2021,Phoenix,Urban,1930 - 1949,E,2.0,0.0,94.0,6.0,3.0,9.0,2.5,Cavity_Insulated,Suspended,Pitched,Double,Yes,Gas,Gas Boiler - Standard,Fire - Gas,Water,110,0.0,2.0,1.0,No,No,,,,,,,,,,No,No,No,No,None - Installation not recommended,,,,,,,,,,,,,,,,,,,,,,,,,,,,,,,,,,,,,,,,,,,,,,,,House_Semi-Detached_2.0
E.ON,EOH1240,NE3,40.0,Working Full time (>30hrs),Manager,"50,001+",2021-03-17T00:00:00.000Z,Owner-Occupied,9.0,C1,2.0,29/03/2021,Phoenix,Urban,1950 - 1966,E,2.0,2.0,96.0,5.0,3.0,7.0,2.4,Cavity_Insulated,Solid,Pitched,Double,Yes,Gas,Gas Boiler - Combi,Fire - Wood,,,1.0,0.0,1.0,No,No,,,,,,,,,,No,No,No,No,None - Installation not recommended,,,,,,,,,,,,,,,,,,,,,,,,,,,,,,,,,,,,,,,,,,,,,,,,House_Semi-Detached_2.0
E.ON,EOH0522,NE15,46.0,Working Full time (>30hrs),Manager,Prefer not to say,2021-03-09T00:00:00.000Z,Owner-Occupied,6.0,C1,3.0,15/03/2021,Phoenix,Urban,1950 - 1966,E,2.0,0.0,87.0,5.0,3.0,7.0,2.4,Cavity_Insulated,Solid,Pitched,Double,Yes,Gas,Gas Boiler - Standard,Fire - Gas,Water,110,0.0,1.0,0.0,No,No,,,,,,,,,,No,No,No,No,None - Installation not recommended,,,,,,,,,,,,,,,,,,,,,,,,,,,,,,,,,,,,,,,,,,,,,,,,House_Semi-Detached_2.0
E.ON,EOH0026,NE3,49.0,Working Full time (>30hrs),Professional,"40,001 - 50,000",2021-03-17T00:00:00.000Z,Owner-Occupied,0.9,C1,2.0,17/03/2021,Phoenix,Urban,1983 - 1990,C,1.0,1.0,87.0,4.0,3.0,9.0,2.3,Cavity_Insulated,Suspended,Pitched,Double,Yes,Gas,Gas Boiler - Standard,Fire - Electric,Water,110,0.0,0.0,0.0,No,No,,,5.49,63.09,10989.3,4122.0,607.0,53.0,3.22,Yes with additional measures,No,Yes,No,ASHP,Loft Insulation,12232.98,500.0,807.0,14.3,3.8,Yes,07/05/2021,Aaron Services,ASHP,,Daikin,EDLQ07CAV8,7.0,R410A,,Water_new,200.0,,1.0,9.0,0.0,0.0,none,none,No,0.0,0.0,0.0,No,Yes,0.0,0.0,,no,5648.01,1752.0,,3055.06,0.0,500.0,0.0,0.0,0.0,0.0,4.0,0.5,House_Detached_2.0
E.ON,EOH3148,NE40,37.0,Working Part time,Skilled Manual Worker,"40,001 - 50,000",2021-03-09T00:00:00.000Z,Owner-Occupied,1.0,C2,1.0,18/03/2021,Phoenix,Urban,1967 - 1975,C,2.0,1.0,119.0,6.0,4.0,8.0,2.4,Cavity_Insulated,Suspended,Pitched,Double,Yes,Gas,Gas Boiler - Combi,Fire - Gas,,,0.0,1.0,1.0,No,No,,,9.93,83.44,24055.4,4776.0,0.0,55.0,2.96,No,No,No,Yes with additional measures,Hybrid,Loft Insulation Cavity insulation,10060.85,1200.0,1679.0,14.3,3.8,Yes,21/05/2021,Phoenix,Hybrid,Separate_New Boiler,Daikin,EHY2KOMB28AA,4.0,R32,,,,,1.0,9.0,0.0,0.0,none,none,No,0.0,1.0,0.0,No,Yes,0.0,0.0,,no,5739.8,,,2685.85,0.0,500.0,0.0,0.0,0.0,0.0,2.0,0.5,House_Detached_2.0
E.ON,EOH2089,NE5,35.0,Working Full time (>30hrs),Skilled Manual Worker,"50,001+",2021-03-10T00:00:00.000Z,Owner-Occupied,3.0,C2,5.0,11/03/2021,Phoenix,Urban,1983 - 1990,D,2.0,2.0,127.0,6.0,4.0,11.0,2.4,Cavity_Insulated,Solid,Pitched,Double,Yes,Gas,Gas Boiler - Standard,,Water,150,0.0,0.0,0.0,No,No,3300.0,24000.0,9.024,78.94,21862.9,3820.0,0.0,55.0,2.96,No,No,No,Yes,Hybrid,None Required,10973.0,,1527.0,14.3,3.8,Yes,05/05/2021,Phoenix,Hybrid,Separate_New Boiler,Daikin,EHY2KOMB32AA,4.0,R32,,,,,1.0,13.0,0.0,0.0,none,none,No,0.0,0.0,0.0,No,Yes,0.0,0.0,,no,5912.2,,,3425.81,0.0,0.0,0.0,0.0,0.0,0.0,3.0,0.0,House_Detached_2.0
E.ON,EOH2546,NE18,25.0,Working Full time (>30hrs),Professional,"40,001 - 50,000",2021-03-15T00:00:00.000Z,Owner-Occupied,0.9,C1,1.0,18/03/2021,Phoenix,Urban,1983 - 1990,D,2.0,0.0,102.0,6.0,4.0,10.0,2.4,Cavity_Insulated,Suspended,Pitched,Double,Yes,Gas,Gas Boiler - Combi,,,,0.0,0.0,1.0,No,No,,,7.726,75.75,18718.9,4776.0,0.0,47.0,3.05,No,No,No,Yes with additional measures,Hybrid,Loft Insulation barrier,11354.24,800.0,1277.0,14.3,3.8,Yes,19/05/2021,Phoenix,Hybrid,Separate_New Boiler,Daikin,EHY2KOMB28AA,4.0,R32,,,,,1.0,9.0,0.0,0.0,none,enclosure,No,0.0,0.0,0.0,No,Yes,0.0,0.0,,no,5739.8,,,3424.0,0.0,500.0,0.0,0.0,0.0,0.0,3.0,0.5,House_Detached_2.0
E.ON,EOH1624,NE15,23.0,Working Full time (>30hrs),Professional,"30,001 - 40,000",2021-03-15T00:00:00.000Z,Owner-Occupied,0.9,C1,1.0,15/03/2021,Phoenix,Urban,1983 - 1990,D,2.0,0.0,55.0,4.0,2.0,6.0,2.3,Cavity_Insulated,Suspended,Pitched,Double,Yes,Gas,Gas Boiler - Combi,,,,0.0,0.0,1.0,No,No,2000.0,9000.0,,,,,,,,No,No,No,No,None - Installation not recommended,,,,,,,,,,,,,,,,,,,,,,,,,,,,,,,,,,,,,,,,,,,,,,,,House_Semi-Detached_2.0
E.ON,EOH2534,NE3,41.0,Working Full time (>30hrs),Professional,"50,001+",2021-03-10T00:00:00.000Z,Owner-Occupied,0.9,C1,1.0,18/03/2021,Phoenix,Urban,1983 - 1990,D,2.0,2.0,160.0,6.0,4.0,12.0,2.4,Cavity_Insulated,Solid,Pitched,Double,Yes,Gas,Gas Boiler - Combi,Fire - Gas,,,0.0,1.0,1.0,No,No,,,10.468,65.43,20976.1,4776.0,0.0,,,No,No,No,Yes with additional measures,Hybrid,Loft insulation,11528.16,500.0,1419.0,14.3,3.8,No,,,,,,,,,,,,,,,,,,,,,,,,,,,,,,,,,,,,,,,,,House_Detached_2.0
E.ON,EOH2973,NE13,40.0,Working Full time (>30hrs),Professional,"50,001+",2021-03-11T00:00:00.000Z,Owner-Occupied,5.0,C1,5.0,18/03/2021,Phoenix,Urban,1930 - 1949,D,2.0,2.0,107.0,5.0,3.0,8.0,2.4,Cavity_Insulated,Suspended,Pitched,Double,Yes,Gas,Gas Boiler - Combi,,,,0.0,0.0,1.0,No,No,,,7.107,76.46,17229.0,4475.0,655.0,,,Yes,No,Yes,Yes,ASHP,None Required,13134.16,0.0,1060.0,14.3,3.8,No,,,,,,,,,,,,,,,,,,,,,,,,,,,,,,,,,,,,,,,,,House_Semi-Detached_2.0
E.ON,EOH0022,NE39,46.0,Working Full time (>30hrs),Professional,"50,001+",2021-03-17T00:00:00.000Z,Owner-Occupied,4.0,AB,2.0,17/03/2021,Phoenix,Urban,1900 - 1929,,2.0,0.0,239.0,6.0,4.0,8.0,2.3,Solid_No_insulation,Solid,Pitched,Double,No,Oil,Oil Boiler - Standard,Fire - Wood,Water,110,0.0,0.0,0.0,Yes,No,,,,,,,,,,No,No,No,No,None - Installation not recommended,,,,,,,,,,,,,,,,,,,,,,,,,,,,,,,,,,,,,,,,,,,,,,,,House_Detached_2.0
E.ON,EOH0717,NE15,36.0,Working Full time (>30hrs),Professional,"25,001 - 30,000",2021-03-15T00:00:00.000Z,Owner-Occupied,3.0,C1,1.0,15/03/2021,Phoenix,Urban,1967 - 1975,D,1.0,0.0,96.0,4.0,3.0,7.0,2.6,Cavity_Insulated,Suspended,Pitched,Double,Yes,Gas,Gas Boiler - Combi,,,,0.0,0.0,0.0,No,No,,,4.78,93.54,9604.0,4122.0,607.0,,,Yes,No,Yes,Yes,ASHP,None Required,11493.78,0.0,715.0,14.3,3.8,No,,,,,,,,,,,,,,,,,,,,,,,,,,,,,,,,,,,,,,,,,House_Semi-Detached_2.0
E.ON,EOH2994,NE24,56.0,Working Full time (>30hrs),Supervisor,"50,001+",2021-03-19T00:00:00.000Z,Owner-Occupied,36.0,C1,2.0,19/03/2021,Phoenix,Urban,1950 - 1966,C,2.0,1.0,127.0,7.0,3.0,10.0,2.4,Cavity_Insulated,Suspended,Pitched,Double,Yes,Gas,Gas Boiler - Combi,,,,0.0,0.0,1.0,No,No,,,7.02,55.27,17022.8,4002.0,181.0,45.0,3.32,Yes,No,Yes,Yes,ASHP,Barrier,16796.53,300.0,1063.0,14.3,3.8,Yes,23/07/2021,Aaron services,ASHP,,Daikin,EDLQ014CAV3,14.0,R410A,,Water_new,250.0,,1.0,12.0,0.0,0.0,none,none,No,0.0,0.0,0.0,No,No,0.0,0.0,,no,6364.0,1752.34,,3240.0,0.0,0.0,0.0,0.0,0.0,0.0,4.0,0.0,House_Semi-Detached_2.0
E.ON,EOH0047,DH9,,Working Full time (>30hrs),Professional,"50,001+",2021-03-11T00:00:00.000Z,Owner-Occupied,0.9,AB,4.0,15/03/2021,Energist,Rural,1996 - 2002,,2.0,1.0,164.0,8.0,3.0,10.0,3.6,Cavity_Insulated,Suspended,Pitched,Double,Yes,Gas,Gas Boiler - Combi,,,,0.0,0.0,0.0,No,No,,,5.995,40.23,15749.0,3496.0,499.0,45.0,3.91,Yes,No,Yes,Yes,ASHP,None Required,13770.67,,757.0,12.9,4.2,Yes,07/05/2021,Energist,HT_ASHP,,Vaillant,VWL 75/6 A 230V S2,7.0,R290,,Water_new,200.0,,,11.0,0.0,0.0,none,none,No,0.0,0.0,0.0,No,No,0.0,0.0,,no,6789.0,1752.0,,3055.83,0.0,0.0,0.0,0.0,0.0,0.0,4.0,0.0,House_Detached_2.0
E.ON,EOH0640,NE46,56.0,Working Full time (>30hrs),Manager,"50,001+",2021-03-11T00:00:00.000Z,Owner-Occupied,17.0,AB,5.0,24/03/2021,Energist,Urban,1983 - 1990,,2.0,0.0,160.0,8.0,4.0,8.0,2.4,Cavity_Insulated,Suspended,Pitched,Double,Yes,Gas,Gas Boiler - Combi,,,,0.0,0.0,0.0,No,No,,,,,,,,,,,,,,,,,,,,,No,,,,,,,,,,,,,,,,,,,,,,,,,,,,,,,,,,,,,,,,,House_Detached_2.0
E.ON,EOH2094,DH4,72.0,Retired,Pensioner,"20,001 - 25,000",2021-03-11T00:00:00.000Z,Owner-Occupied,33.0,DE,2.0,23/03/2021,Energist,Urban,1996 - 2002,,2.0,0.0,164.0,7.0,5.0,10.0,2.4,Cavity_Insulated,Suspended,Pitched,Double,Yes,Gas,Gas Boiler - Combi,,,,0.0,0.0,0.0,No,No,,,7.948,60.67,22273.0,4195.0,0.0,45.0,3.91,Yes,No,Yes,Yes,ASHP,None Required,14271.0,,726.0,12.5,3.24,Yes,12/05/2021,Energist,HT_ASHP,,Vaillant,VWL 75/6 A 230V S2,7.0,R290,,Water_new,250.0,,,11.0,0.0,0.0,none,none,No,0.0,0.0,0.0,No,No,0.0,0.0,,no,6789.0,1752.0,,3055.83,0.0,0.0,0.0,0.0,0.0,0.0,4.0,0.0,House_Detached_2.0
E.ON,EOH3056,DH8,59.0,Working Full time (>30hrs),Professional,"50,001+",2021-03-11T00:00:00.000Z,Owner-Occupied,0.9,C1,3.0,15/03/2021,Energist,Urban,1967 - 1975,,2.0,0.0,120.0,7.0,3.0,7.0,2.4,Cavity_Insulated,Suspended,Pitched,Double,Yes,Gas,Gas Boiler - Combi,,,,0.0,0.0,0.0,No,No,,,5.333,75.11,12585.0,2447.0,0.0,45.0,3.77,Yes,No,Yes,Yes,ASHP,None Required,13435.09,,649.0,12.9,3.9,Yes,28/05/2021,Energist,HT_ASHP,,Vaillant,VWL 55/6 A 230V S2,5.0,R290,,Water_new,200.0,,1.0,8.0,0.0,0.0,none,none,No,0.0,0.0,0.0,No,No,0.0,0.0,,no,5623.74,1752.0,,2500.86,0.0,0.0,0.0,0.0,0.0,0.0,4.0,0.0,House_Semi-Detached_2.0
E.ON,EOH1988,NE20,71.0,Retired,Pensioner,"0 - 12,500",2021-03-16T00:00:00.000Z,Owner-Occupied,10.0,DE,3.0,16/03/2021,Phoenix,Urban,1967 - 1975,C,2.0,0.0,128.0,6.0,3.0,10.0,2.4,Cavity_Insulated,Suspended,Pitched,Double,Yes,Gas,Gas Boiler - Combi,Fire - Gas,,,0.0,1.0,1.0,No,No,,,8.967,70.05,21738.8,4994.0,0.0,57.0,3.41,No,No,Yes,No,HT_ASHP,None Required,17977.46,,1174.0,14.3,3.8,Yes,27/09/2021,Phoenix,HT_ASHP,,Daikin,EPRA14DAV3,14.0,R32,,PCM_New,,9.0,1.0,11.0,0.0,0.0,,,No,0.0,0.0,0.0,No,No,0.0,0.0,,no,9047.38,3500.65,,3794.25,,0.0,0.0,0.0,0.0,0.0,3.0,,House_Detached_1.0
E.ON,EOH0240,DH1,,Working Full time (>30hrs),Professional,"50,001+",2021-03-11T00:00:00.000Z,Owner-Occupied,1.0,C1,5.0,14/05/2021,Energist,Urban,1900 - 1929,,2.0,0.0,97.0,6.0,3.0,9.0,2.4,Solid_No_insulation,Suspended,Pitched,Double,Yes,Gas,Gas Boiler - Combi,Fire - Wood,,,0.0,1.0,1.0,No,No,,,5.39,45.67,12054.0,1945.0,0.0,45.0,3.77,Yes,No,Yes,Yes,ASHP,None Required,13452.31,,541.0,15.0,3.8,Yes,29/06/2021,Energist,HT_ASHP,,Vaillant,VWL 75/6 A 230V S2,7.0,R290,,Water_new,150.0,,1.0,9.0,0.0,0.0,none,none,No,0.0,0.0,0.0,No,No,0.0,0.0,,no,5889.0,1701.0,,2685.85,0.0,0.0,0.0,0.0,0.0,0.0,4.0,0.0,House_Mid-Terrace_2.0
E.ON,EOH1254,DH1,50.0,Working Full time (>30hrs),Professional,"40,001 - 50,000",2021-03-11T00:00:00.000Z,Owner-Occupied,15.0,C1,5.0,15/03/2021,Energist,Urban,1983 - 1990,,2.0,1.0,120.0,8.0,3.0,8.0,2.4,Cavity_Insulated,Suspended,Pitched,Double,Yes,Gas,Gas Boiler - Combi,,,,0.0,0.0,0.0,No,No,,,7.125,73.45,19412.0,2397.0,0.0,45.0,3.91,Yes,No,Yes,Yes,ASHP,None Required,11853.24,,769.0,12.09,3.02,Yes,22/04/2021,Energist,HT_ASHP,,Vaillant,VWL 75/6 A 230V S2,7.0,R290,,Water_new,150.0,,1.0,8.0,0.0,0.0,none,none,No,0.0,0.0,0.0,No,No,0.0,0.0,,no,6789.0,1701.0,,2500.86,0.0,0.0,0.0,0.0,0.0,0.0,5.0,0.0,House_Detached_2.0
E.ON,EOH2365,NE15,43.0,Working Full time (>30hrs),Manager,"50,001+",2021-03-19T00:00:00.000Z,Owner-Occupied,16.0,AB,5.0,26/03/2021,Phoenix,Urban,1983 - 1990,,2.0,1.0,90.0,5.0,3.0,9.0,2.3,Cavity_Insulated,Suspended,Pitched,Double,Yes,Gas,Gas Boiler - Standard,,Water,150,1.0,0.0,0.0,No,No,4900.0,7700.0,5.669,81.24,11389.0,4122.0,607.0,,,Yes,No,Yes,Yes,ASHP,None Required,11678.77,0.0,785.0,14.3,3.8,No,,,,,,,,,,,,,,,,,,,,,,,,,,,,,,,,,,,,,,,,,House_Semi-Detached_2.0
E.ON,EOH0303,NE15,59.0,Working Part time,Skilled Manual Worker,"20,001 - 25,000",2021-03-16T00:00:00.000Z,Owner-Occupied,7.0,C2,1.0,16/03/2021,Phoenix,Urban,1983 - 1990,C,1.0,0.0,54.0,3.0,2.0,7.0,2.3,Cavity_Insulated,Suspended,Pitched,Double,Yes,Gas,Gas Boiler - Combi,,,,0.0,0.0,0.0,No,No,1100.0,6000.0,3.57,66.04,8645.9,2636.0,0.0,50.0,3.02,No,No,No,Yes with additional measures,Hybrid,Loft Insulation,9690.87,500.0,522.0,14.3,3.8,Yes,23/06/2021,Phoenix,Hybrid,Separate_New Boiler,Daikin,EHY2KOMB28AA,4.0,R32,,,,,1.0,8.0,0.0,0.0,none,barrier,No,0.0,0.0,0.0,No,Yes,0.0,0.0,,no,5739.82,,,2501.0,0.0,500.0,0.0,0.0,0.0,0.0,2.0,0.5,House_Semi-Detached_1.0
E.ON,EOH1843,NE15,32.0,Working Full time (>30hrs),Professional,"50,001+",2021-03-15T00:00:00.000Z,Owner-Occupied,0.9,C1,2.0,19/03/2021,Phoenix,Urban,1967 - 1975,D,2.0,2.0,119.0,6.0,4.0,10.0,2.4,Cavity_Insulated,Suspended,Pitched,Double,Yes,Gas,Gas Boiler - Combi,,,,0.0,0.0,0.0,No,No,,,6.996,58.79,14065.6,4394.0,0.0,55.0,2.96,No,No,No,Yes,Hybrid,Loft insulation,10418.22,500.0,948.0,14.3,3.8,Yes,11/06/2021,Phoenix,Hybrid,Separate_New Boiler,Daikin,EHY2KOMB32AA,4.0,R32,,,,,1.0,10.0,0.0,0.0,none,none,No,0.0,0.0,0.0,No,Yes,0.0,0.0,,no,5739.82,,,2870.84,0.0,500.0,0.0,0.0,0.0,0.0,2.5,0.5,House_Mid-Terrace_2.0
E.ON,EOH1097,NE40,,Working Part time,Professional,"30,001 - 40,000",2021-03-12T00:00:00.000Z,Owner-Occupied,5.0,AB,1.0,12/05/2021,Energist,Urban,1967 - 1975,,2.0,0.0,60.0,5.0,2.0,6.0,2.4,Cavity_Insulated,Suspended,Pitched,Double,Yes,Gas,Gas Boiler - Combi,,,,0.0,1.0,1.0,No,No,,,7.68,71.11,23839.0,3146.0,0.0,45.0,4.13,Yes,No,Yes,Yes,ASHP,None Required,14936.0,,837.95,12.49,3.5,Yes,27/06/2021,Energist,HT_ASHP,,Vaillant,VWL 105/6 A 230V S2,10.0,R290,,Water_new,200.0,,1.0,12.0,0.0,0.0,none,none,No,0.0,0.0,0.0,No,No,0.0,0.0,,no,6535.0,1752.0,,3240.82,0.0,0.0,0.0,0.0,0.0,0.0,6.0,0.0,House_Detached_1.0
E.ON,EOH2868,NE25,,Working Full time (>30hrs),Professional,"50,001+",2021-03-12T00:00:00.000Z,Owner-Occupied,0.9,AB,3.0,15/04/2021,Energist,Urban,1996 - 2002,,2.0,3.0,200.0,10.0,5.0,10.0,2.4,Cavity_Insulated,Solid,Pitched,Double,Yes,Gas,Gas Boiler - Combi,Fire - Gas,,,0.0,1.0,1.0,No,No,,,10.86,44.69,28370.0,4270.0,0.0,45.0,4.21,Yes,No,Yes,Yes,ASHP,None Required,15263.09,,1564.8,15.0,3.8,Yes,04/06/2021,Energist,HT_ASHP,,Vaillant,VWL 125/6 A 230V S2,12.0,R290,,Water_new,250.0,,1.0,15.0,0.0,0.0,none,none,No,0.0,0.0,0.0,No,No,0.0,0.0,,no,6635.0,1752.0,,3795.0,0.0,0.0,0.0,0.0,0.0,0.0,5.0,0.0,House_Detached_2.0
E.ON,EOH1286,DL14,,Working Full time (>30hrs),Professional,"50,001+",2021-03-12T00:00:00.000Z,Owner-Occupied,13.0,AB,2.0,15/03/2021,Energist,Urban,1996 - 2002,,2.0,0.0,118.0,13.0,4.0,13.0,2.5,Cavity_Insulated,Suspended,Pitched,Double,Yes,Gas,Gas Boiler - Combi,,,,0.0,0.0,0.0,No,No,,,6.87,76.59,19184.0,3396.0,0.0,50.0,3.65,Yes,No,No,Yes,ASHP,None Required,12793.24,,490.0,13.0,3.0,Yes,27/04/2021,Energist,HT_ASHP,,Vaillant,VWL 75/6 A 230V S2,7.0,R290,,Water_new,250.0,,1.0,14.0,0.0,0.0,none,none,No,0.0,0.0,0.0,No,No,0.0,0.0,,no,6789.0,1752.0,,3610.8,0.0,0.0,0.0,0.0,0.0,0.0,5.0,0.0,House_Detached_2.0
E.ON,EOH0725,NE47,63.0,Retired,Pensioner,Prefer not to say,2021-03-16T00:00:00.000Z,Owner-Occupied,20.0,DE,5.0,23/03/2021,Phoenix,Rural,Before 1900,,2.0,0.0,215.0,10.0,5.0,12.0,2.0,Solid_Insulated,Suspended,Pitched,Double,No,Oil,Oil Boiler - Standard,Fire - Wood,Water,165,0.0,0.0,0.0,No,No,3000.0,,,,,,,,,No,No,No,No,None - Installation not recommended,,,,,,,,,,,,,,,,,,,,,,,,,,,,,,,,,,,,,,,,,,,,,,,,House_Detached_2.0
E.ON,EOH1141,NE15,61.0,Working Full time (>30hrs),Skilled Manual Worker,"40,001 - 50,000",2021-03-15T00:00:00.000Z,Owner-Occupied,18.0,C2,2.0,22/03/2021,Phoenix,Urban,1967 - 1975,,2.0,0.0,86.0,5.0,3.0,7.0,2.5,Cavity_Insulated,Suspended,Pitched,Double,Yes,Gas,Gas Boiler - Standard,Fire - Gas,Water,110,0.0,1.0,1.0,No,No,,,,,,,,,,No,No,No,No,None - Installation not recommended,,,,,,,,,,,,,,,,,,,,,,,,,,,,,,,,,,,,,,,,,,,,,,,,House_Semi-Detached_2.0
E.ON,EOH1513,NE13,74.0,Working Full time (>30hrs),Skilled Manual Worker,"40,001 - 50,000",2021-03-17T00:00:00.000Z,Owner-Occupied,3.0,C2,5.0,17/03/2021,Phoenix,Urban,1900 - 1929,,2.0,0.0,140.0,6.0,2.0,4.0,2.6,Solid_No_insulation,Suspended,Pitched,Double,No,LPG,LPG Boiler - Combi,Fire - Wood,,,0.0,0.0,1.0,No,No,,,,,,,,,,No,No,No,No,None - Installation not recommended,,,,,,,,,,,,,,,,,,,,,,,,,,,,,,,,,,,,,,,,,,,,,,,,House_Detached_2.0
E.ON,EOH0330,NE15,40.0,Working Full time (>30hrs),Supervisor,"40,001 - 50,000",2021-03-16T00:00:00.000Z,Owner-Occupied,3.0,C1,3.0,19/03/2021,Phoenix,Urban,1967 - 1975,D,2.0,2.0,119.0,5.0,3.0,8.0,2.4,Cavity_Insulated,Suspended,Pitched,Double,Yes,Gas,Gas Boiler - Combi,,,,0.0,0.0,1.0,No,No,,,7.091,91.63,25860.0,3820.0,0.0,,,No,No,No,Yes,Hybrid,Loft Insulation,10984.26,500.0,1115.0,14.3,3.8,No,,,,,,,,,,,,,,,,,,,,,,,,,,,,,,,,,,,,,,,,,House_Semi-Detached_2.0
E.ON,EOH2196,NE15,37.0,Working Full time (>30hrs),Professional,"50,001+",2021-03-17T00:00:00.000Z,Owner-Occupied,8.0,C1,5.0,19/03/2021,Phoenix,Urban,1930 - 1949,,2.0,1.0,96.0,5.0,3.0,7.0,2.5,Cavity_Insulated,Suspended,Pitched,Double,Yes,Gas,Gas Boiler - Combi,Fire - Electric,,,0.0,0.0,1.0,No,No,4460.0,19446.0,6.29,65.52,15244.0,3566.0,0.0,,,No,No,No,Yes,Hybrid,Barrier,9505.88,300.0,1055.0,14.3,3.8,Yes,09/07/2021,Phoenix,Hybrid,Separate_New Boiler,Daikin,EHY2KOMB28AA,4.0,R32,,,,,1.0,7.0,0.0,0.0,none,barrier,No,0.0,0.0,0.0,No,No,0.0,0.0,,no,5739.0,,,2316.0,0.0,0.0,0.0,0.0,0.0,0.0,2.5,0.0,House_Semi-Detached_2.0
E.ON,EOH0694,NE21,44.0,Working Full time (>30hrs),Professional,"50,001+",2021-03-16T00:00:00.000Z,Owner-Occupied,3.0,C1,3.0,17/03/2021,Phoenix,Urban,2007 - 2011,C,2.0,2.0,82.0,5.0,3.0,9.0,2.3,Cavity_Insulated,Solid,Pitched,Double,Yes,Gas,Gas Boiler - Combi,,,,0.0,0.0,1.0,No,No,,,5.16,62.94,10383.1,4122.0,607.0,50.0,3.35,Yes,No,Yes,No,ASHP,None Required,12048.75,,748.0,14.3,3.8,Yes,07/05/2021,Aaron Services,ASHP,,Daikin,EDLQ07CAV8,7.0,R410A,,Water_new,200.0,,1.0,10.0,0.0,0.0,none,none,No,0.0,0.0,0.0,No,No,0.0,0.0,,no,5648.01,1752.0,,2870.84,0.0,0.0,0.0,0.0,0.0,0.0,4.0,0.0,House_Detached_2.0
E.ON,EOH2508,NE6,57.0,Working Full time (>30hrs),Supervisor,"30,001 - 40,000",2021-03-16T00:00:00.000Z,Owner-Occupied,13.0,C1,2.0,16/04/2021,Phoenix,Urban,1950 - 1966,,2.0,1.0,86.0,5.0,3.0,8.0,2.6,Cavity_Insulated,Suspended,Pitched,Double,Yes,Gas,Gas Boiler - Standard,,Water,110,0.0,0.0,1.0,No,No,,,5.317,61.83,9782.4,4122.0,607.0,45.0,3.57,Yes,No,Yes,Yes,ASHP,Barrier,11863.76,300.0,696.0,14.3,3.8,Yes,25/06/2021,Aaron services,ASHP,,Daikin,EDLQ07CAV3,7.0,R410A,,Water_new,200.0,,1.0,9.0,0.0,0.0,none,barrier,No,0.0,0.0,0.0,No,No,0.0,0.0,,no,5648.0,1752.0,,2686.0,0.0,0.0,0.0,0.0,0.0,0.0,3.0,0.0,House_Semi-Detached_2.0
E.ON,EOH2653,NE3,61.0,Working Part time,Skilled Manual Worker,"40,001 - 50,000",2021-03-16T00:00:00.000Z,Owner-Occupied,34.0,C2,4.0,24/03/2021,Phoenix,Urban,1967 - 1975,,2.0,0.0,76.0,5.0,3.0,7.0,2.4,Cavity_Insulated,Solid,Pitched,Double,Yes,Gas,Gas Boiler - Combi,,,,0.0,0.0,0.0,No,No,,,,,,,,,,No,No,No,No,None - Installation not recommended,,,,,,,,,,,,,,,,,,,,,,,,,,,,,,,,,,,,,,,,,,,,,,,,House_Semi-Detached_2.0
E.ON,EOH0489,NE7,36.0,Working Full time (>30hrs),Manager,"50,001+",2021-03-16T00:00:00.000Z,Owner-Occupied,3.0,AB,3.0,19/03/2021,Phoenix,Urban,1950 - 1966,D,2.0,0.0,135.0,7.0,4.0,8.0,2.6,Cavity_Insulated,Solid,Pitched,Double,Yes,Gas,Gas Boiler - Combi,,,,0.0,0.0,0.0,No,No,,,,,,,,,,No,No,No,No,None - Installation not recommended,,,,,,,,,,,,,,,,,,,,,,,,,,,,,,,,,,,,,,,,,,,,,,,,House_Semi-Detached_2.0
E.ON,EOH1623,DL14,,Working Full time (>30hrs),Professional,"50,001+",2021-03-16T00:00:00.000Z,Owner-Occupied,4.0,AB,5.0,14/04/2021,Energist,Urban,1900 - 1929,,3.0,0.0,160.0,12.0,3.0,12.0,2.4,Solid_No_insulation,Solid,Pitched,Double,Yes,Gas,Gas Boiler - Combi,,,,0.0,0.0,1.0,No,No,,,,,,,,,,,,,,,,,,,,,No,,,,,,,,,,,,,,,,,,,,,,,,,,,,,,,,,,,,,,,,,House_Detached_2.0
E.ON,EOH1484,DH8,,Working Full time (>30hrs),Skilled Manual Worker,Prefer not to say,2021-02-25T00:00:00.000Z,Owner-Occupied,13.0,C2,5.0,04/03/2021,Energist,Urban,1900 - 1929,,2.0,2.0,160.0,10.0,5.0,10.0,2.4,Solid_No_insulation,Mix,Pitched,Double,Yes,Gas,Gas Boiler - Combi,,,,0.0,0.0,0.0,No,No,,,8.22,46.72,25874.0,2517.0,0.0,45.0,4.13,Yes,No,No,Yes,ASHP,None Required,12699.24,,917.0,14.0,4.0,Yes,07/04/2021,Energist,HT_ASHP,,Vaillant,VWL 105/6 A 230V S2,10.0,R290,,Water_new,250.0,,1.0,8.0,0.0,0.0,none,none,No,0.0,0.0,0.0,No,No,0.0,0.0,,no,7435.0,950.0,,2360.0,0.0,0.0,0.0,0.0,0.0,0.0,4.0,0.0,House_Detached_2.0
E.ON,EOH1516,NE7,26.0,Working Full time (>30hrs),Professional,"16,201 - 20,000",2021-03-18T00:00:00.000Z,Owner-Occupied,1.0,C1,1.0,14/04/2021,Phoenix,Urban,1950 - 1966,E,1.0,0.0,63.0,5.0,3.0,4.0,2.6,Cavity_Insulated,Mix,Pitched,Double,Yes,Gas,Gas Boiler - Combi,Fire - Electric,,,0.0,0.0,1.0,No,No,,,4.708,78.47,9427.0,3820.0,0.0,,,No,No,No,Yes,Hybrid,Loft Insulation,10060.85,500.0,521.0,14.3,3.8,No,,,,,,,,,,,,,,,,,,,,,,,,,,,,,,,,,,,,,,,,,House_Mid-Terrace_2.0
E.ON,EOH1658,NE13,51.0,Working Full time (>30hrs),Professional,"40,001 - 50,000",2021-04-06T00:00:00.000Z,Owner-Occupied,16.0,AB,5.0,08/04/2021,Phoenix,Urban,1950 - 1966,,2.0,0.0,89.0,6.0,4.0,11.0,2.4,Cavity_Insulated,Suspended,Pitched,Double,Yes,Gas,Gas Boiler - Standard,,Water,110,0.0,0.0,1.0,No,No,,,7.807,87.72,18925.8,5153.0,759.0,50.0,3.2,Yes,No,Yes,Yes,ASHP,Loft insulation,14242.56,500.0,1226.0,14.3,3.8,Yes,27/09/2021,Phoenix,ASHP,,Daikin,EDLQ011CAV3,11.0,R410A,,Water_new,250.0,,1.0,12.0,0.0,0.0,,,No,0.0,0.0,0.0,No,Yes,0.0,0.0,,no,6364.21,1752.34,,4348.45,,500.0,0.0,0.0,0.0,0.0,4.0,,House_Detached_2.0
E.ON,EOH1920,NE12,45.0,Retired,Pensioner,Prefer not to say,2021-03-19T00:00:00.000Z,Owner-Occupied,5.0,DE,5.0,24/03/2021,Phoenix,Urban,1983 - 1990,D,2.0,2.0,110.0,5.0,3.0,11.0,2.3,Cavity_Insulated,Suspended,Pitched,Double,Yes,Gas,Gas Boiler - Combi,Fire - Gas,,,0.0,1.0,1.0,No,No,,,,,,,,,,No,No,No,No,None - Installation not recommended,,,,,,,,,,,,,,,,,,,,,,,,,,,,,,,,,,,,,,,,,,,,,,,,House_Detached_2.0
E.ON,EOH0812,NE5,62.0,Working Part time,Skilled Manual Worker,"16,201 - 20,000",2021-03-24T00:00:00.000Z,Owner-Occupied,5.0,C2,5.0,29/03/2021,Phoenix,Urban,1950 - 1966,E,2.0,0.0,68.0,4.0,2.0,7.0,2.7,Cavity_Insulated,Suspended,Pitched,Double,Yes,Gas,Gas Boiler - Combi,,,,0.0,0.0,1.0,No,No,,,,,,,,,,No,No,No,No,None - Installation not recommended,,,,,,,,,,,,,,,,,,,,,,,,,,,,,,,,,,,,,,,,,,,,,,,,House_Detached_2.0
E.ON,EOH1999,NE3,29.0,Working Full time (>30hrs),Professional,"25,001 - 30,000",2021-03-25T00:00:00.000Z,Owner-Occupied,0.9,C2,2.0,09/04/2021,Phoenix,Urban,1983 - 1990,C,1.0,0.0,70.0,4.0,3.0,6.0,2.3,Cavity_No_insulation,Solid,Pitched,Double,Yes,Gas,Gas Boiler - Combi,Fire - Gas,,,0.0,1.0,1.0,No,No,,,5.047,72.1,12224.2,3515.0,0.0,47.0,3.05,No,No,No,Yes with additional measures,Hybrid,Cavity insulation,9505.88,700.0,743.0,14.3,3.8,Yes,15/05/2021,Phoenix,Hybrid,Separate_New Boiler,Daikin,EHY2KOMB28AA,4.0,R32,,,,,1.0,6.0,0.0,0.0,none,none,No,0.0,1.0,1.0,No,No,0.0,0.0,Cavity,no,5739.8,,,2315.87,0.0,0.0,750.0,0.0,0.0,0.0,2.0,1.0,House_Mid-Terrace_2.0
E.ON,EOH1619,NE3,59.0,Working Full time (>30hrs),Clerical,"30,001 - 40,000",2021-03-26T00:00:00.000Z,Owner-Occupied,16.0,AB,1.0,09/04/2021,Phoenix,Urban,1950 - 1966,,1.0,0.0,90.0,4.0,2.0,8.0,2.6,Cavity_Insulated,Suspended,Pitched,Double,Yes,Gas,Gas Boiler - Combi,Fire - Wood,,,0.0,0.0,0.0,No,No,,,6.473,82.27,15678.4,2133.4,0.0,53.0,2.99,No,No,No,Yes,Hybrid,None Required,9875.86,,967.0,14.3,3.8,Yes,09/06/2021,Phoenix,Hybrid,Separate_New Boiler,Daikin,EHY2KOMB28AA,4.0,R32,,,,,1.0,8.0,0.0,0.0,none,none,No,0.0,0.0,0.0,No,No,0.0,0.0,,no,5739.82,,,2500.86,0.0,0.0,0.0,0.0,0.0,0.0,2.0,0.0,House_Detached_1.0
E.ON,EOH0034,DH1,,Working Full time (>30hrs),Professional,"25,001 - 30,000",2021-03-29T00:00:00.000Z,Owner-Occupied,0.9,C1,5.0,28/04/2021,Energist,Urban,1967 - 1975,,2.0,1.0,92.0,6.0,3.0,6.0,2.4,Cavity_Insulated,Suspended,Pitched,Double,Yes,Gas,Gas Boiler - Combi,,,,0.0,1.0,1.0,No,No,,,3.8,57.58,10761.0,3416.0,0.0,45.0,3.77,No,No,Yes,No,HT_ASHP,None Required,12503.4,,766.0,15.0,5.0,Yes,25/05/2021,Energist,HT_ASHP,,Vaillant,VWL 55/6 A 230V S2,5.0,R290,,Water_new,200.0,,1.0,4.0,0.0,0.0,none,none,No,0.0,0.0,0.0,No,No,0.0,0.0,,no,5623.74,1752.0,,2030.0,0.0,0.0,0.0,0.0,0.0,0.0,2.0,0.0,House_Semi-Detached_2.0
E.ON,EOH1997,DH2,,Working Full time (>30hrs),Professional,"50,001+",2021-03-29T00:00:00.000Z,Owner-Occupied,16.0,AB,5.0,30/04/2021,Energist,Urban,2012 onwards,C,2.0,2.0,196.0,7.0,4.0,12.0,2.4,Cavity_Insulated,Solid,Pitched,Double,Yes,Gas,Gas Boiler - Combi,,,,0.0,0.0,0.0,No,No,,,9.787,54.37,24692.0,3496.0,0.0,40.0,4.58,Yes,No,Yes,Yes,ASHP,None Required,12815.86,,969.0,12.9,3.6,Yes,03/06/2021,Energist,HT_ASHP,,Vaillant,VWL 105/6 A 230V S2,10.0,R290,,Water_new,250.0,,1.0,0.0,0.0,0.0,none,none,No,0.0,0.0,0.0,No,No,0.0,0.0,,no,6535.0,1752.0,,1500.0,0.0,0.0,0.0,0.0,0.0,0.0,4.0,0.0,House_Detached_2.0
E.ON,EOH2887,DH2,,Retired,Pensioner,Prefer not to say,2021-03-29T00:00:00.000Z,Owner-Occupied,16.0,DE,1.0,30/04/2021,Energist,Urban,2012 onwards,,2.0,0.0,105.0,6.0,3.0,8.0,2.4,Cavity_Insulated,Solid,Pitched,Double,Yes,Gas,Gas Boiler - Combi,,,,0.0,0.0,0.0,No,No,,,5.533,58.24,13612.0,3962.0,0.0,40.0,4.13,Yes,No,Yes,Yes,ASHP,None Required,11559.86,,733.0,12.9,3.6,Yes,21/05/2021,Energist,HT_ASHP,,Vaillant,VWL 75/6 A 230V S2,7.0,R290,,Water_new,200.0,,1.0,0.0,0.0,0.0,none,none,No,0.0,0.0,0.0,No,No,0.0,0.0,,no,5889.0,1752.0,,1041.0,0.0,0.0,0.0,0.0,0.0,0.0,3.0,0.0,House_Detached_1.0
E.ON,EOH2468,NE3,36.0,Working Full time (>30hrs),Professional,"50,001+",2021-03-31T00:00:00.000Z,Owner-Occupied,4.0,C1,4.0,08/04/2021,Phoenix,Urban,1967 - 1975,,2.0,0.0,87.0,6.0,3.0,6.0,2.4,Cavity_Insulated,Suspended,Pitched,Double,Yes,Gas,Gas Boiler - Combi,,,,0.0,1.0,1.0,No,No,,,5.222,68.58,12658.5,4122.0,607.0,48.0,3.44,Yes,No,Yes,Yes,ASHP,Loft insulation,11863.0,500.0,831.0,14.3,3.8,Yes,28/05/2021,Aaron Services,ASHP,,Daikin,EDLQ07CAV3,7.0,R410A,,Water_new,200.0,,1.0,7.0,0.0,0.0,none,none,No,0.0,0.0,0.0,No,Yes,0.0,0.0,,no,5648.01,1752.24,,2685.08,0.0,500.0,0.0,0.0,0.0,0.0,2.5,0.0,House_Semi-Detached_2.0
E.ON,EOH1837,NE6,53.0,Working Full time (>30hrs),Skilled Manual Worker,"40,001 - 50,000",2021-04-06T00:00:00.000Z,Owner-Occupied,0.9,C2,1.0,16/04/2021,Phoenix,Urban,1950 - 1966,E,2.0,0.0,70.0,4.0,3.0,7.0,2.7,Cavity_Insulated,Suspended,Pitched,Double,Yes,Gas,Gas Boiler - Combi,Fire - Gas,,,0.0,1.0,1.0,No,No,,,5.425,77.5,10873.6,3515.0,0.0,55.0,2.96,No,No,No,Yes,Hybrid,Loft insulation,9690.87,500.0,705.0,14.3,3.8,Yes,02/07/2021,Phoenix,Hybrid,Separate_New Boiler,Daikin,EHY2KOMB28AA,4.0,R32,,,,,1.0,7.0,0.0,0.0,none,none,No,0.0,1.0,0.0,No,Yes,0.0,0.0,,no,5739.0,,,2316.0,0.0,500.0,0.0,0.0,0.0,0.0,3.0,0.5,House_End-Terrace_2.0
E.ON,EOH2088,NE15,52.0,Working Full time (>30hrs),Skilled Manual Worker,"30,001 - 40,000",2021-04-06T00:00:00.000Z,Owner-Occupied,9.0,C2,2.0,20/04/2021,Phoenix,Urban,2003 - 2006,B,2.0,0.0,109.0,6.0,4.0,12.0,2.4,Cavity_Insulated,Solid,Pitched,Double,Yes,Gas,Gas Boiler - Standard,Fire - Gas,Water,110,1.0,1.0,1.0,No,No,,,4.791,43.95,9623.8,5255.0,768.0,47.0,3.48,Yes,No,Yes,Yes,ASHP,Loft insulation,12787.18,500.0,779.0,14.3,3.8,Yes,24/06/2021,Aaron services,ASHP,,Daikin,EDLQ07CAV3,7.0,R410A,,Water_new,250.0,,1.0,10.0,0.0,0.0,none,none,No,0.0,1.0,0.0,No,Yes,0.0,0.0,,no,5648.01,1752.0,,3609.27,0.0,500.0,0.0,0.0,0.0,0.0,3.0,0.5,House_Detached_2.0
E.ON,EOH1098,NE15,57.0,Unemployed,Unemployed/Benefits,"0 - 12,500",2021-04-07T00:00:00.000Z,Owner-Occupied,27.0,DE,1.0,13/04/2021,Phoenix,Urban,1991 - 1995,,1.0,0.0,56.0,4.0,2.0,5.0,2.4,Cavity_No_insulation,Solid,Pitched,Double,Yes,Gas,Gas Boiler - Combi,Fire - Electric,,,0.0,0.0,1.0,No,No,,,4.461,79.66,8959.5,3356.0,491.0,49.0,3.39,Yes with additional measures,No,No,Yes,ASHP,"Loft Insulation, Cavity Insulation",12551.55,1200.0,618.0,14.3,3.8,Yes,28/05/2021,Aaron Services,ASHP,,Daikin,EDLQ07CAV3,7.0,R410A,,Water_new,150.0,,1.0,8.0,0.0,0.0,none,none,No,0.0,1.0,0.0,No,Yes,0.0,0.0,Cavity,no,5648.01,1701.71,,3239.0,0.0,500.0,750.0,0.0,0.0,0.0,2.5,1.5,House_Semi-Detached_2.0
E.ON,EOH1654,NE7,47.0,Working Full time (>30hrs),Professional,"50,001+",2021-04-09T00:00:00.000Z,Owner-Occupied,0.9,AB,5.0,21/06/2021,E.ON,Urban,1967 - 1975,,2.0,1.0,105.0,6.0,3.0,10.0,2.4,Cavity_Insulated,Suspended,Pitched,Double,Yes,Gas,Gas Boiler - Standard,Fire - Gas,Water,175,0.0,1.0,1.0,No,No,,,6.62,76.37,13283.6,4122.0,607.0,,,Yes,No,Yes,Yes,ASHP,Loft Insulation and Wall Insulation,12972.17,1300.0,865.0,14.3,3.8,Yes,16/08/2021,Phoenix,ASHP,,Daikin,EDLQ07CAV3,7.0,R410A,,Water_new,200.0,,1.0,11.0,0.0,0.0,,,No,0.0,0.0,0.0,Yes,Yes,0.0,0.0,Cavity,no,5648.01,1752.34,,3794.25,,500.0,750.0,0.0,0.0,0.0,3.0,,House_Detached_2.0
E.ON,EOH1290,NE3,26.0,Working Full time (>30hrs),Professional,"40,001 - 50,000",2021-04-07T00:00:00.000Z,Owner-Occupied,0.9,C1,4.0,09/04/2021,E.ON,Urban,1983 - 1990,D,2.0,0.0,115.0,8.0,4.0,11.0,2.3,Cavity_Insulated,Suspended,Pitched,Double,Yes,Gas,Gas Boiler - Combi,,,,0.0,0.0,1.0,No,No,,,7.391,64.27,14806.6,4122.0,607.0,50.0,3.2,Yes,No,No,Yes,ASHP,None Required,14796.76,,966.0,14.3,3.8,Yes,04/06/2021,Aaron services,ASHP,,Daikin,EDLQ011CAV3,11.0,R410A,,Water_new,200.0,,1.0,13.0,0.0,0.0,none,none,No,0.0,0.0,0.0,No,No,0.0,0.0,,no,6364.21,1752.0,,4902.65,0.0,0.0,0.0,0.0,0.0,0.0,4.0,0.0,House_Detached_2.0
E.ON,EOH2299,NE3,73.0,Working Part time,Skilled Manual Worker,Prefer not to say,2021-04-07T00:00:00.000Z,Owner-Occupied,48.0,C2,1.0,14/04/2021,Phoenix,Urban,1967 - 1975,,2.0,0.0,80.0,4.0,3.0,7.0,2.3,Cavity_Insulated,Solid,Pitched,Double,Yes,Gas,Gas Boiler - Combi,Fire - Gas,,,0.0,1.0,1.0,No,No,,,,,,,,,,No,No,No,No,None - Installation not recommended,,,,,,,,,,,,,,,,,,,,,,,,,,,,,,,,,,,,,,,,,,,,,,,,House_Semi-Detached_2.0
E.ON,EOH3000,NE20,72.0,Working Full time (>30hrs),Professional,"40,001 - 50,000",2021-04-14T00:00:00.000Z,Owner-Occupied,7.0,C1,5.0,11/05/2021,E.ON,Urban,1983 - 1990,D,2.0,0.0,131.0,6.0,4.0,11.0,2.4,Cavity_Insulated,Suspended,Pitched,Double,Yes,Gas,Gas Boiler - Combi,,,,0.0,0.0,1.0,No,No,4449.0,20714.0,8.504,64.92,20601.1,5225.0,768.0,49.0,3.2,Yes,No,Yes,Yes,ASHP,Cavity insulation,15909.11,700.0,1305.0,14.3,3.8,Yes,08/07/2021,Aaron services,ASHP,,Daikin,EDLQ016CAV3,16.0,R410A,,Water_new,250.0,,1.0,13.0,0.0,0.0,none,none,No,0.0,0.0,0.0,No,No,0.0,0.0,Cavity,no,8214.98,1752.0,,4164.23,0.0,0.0,750.0,0.0,0.0,0.0,4.0,0.5,House_Detached_2.0
E.ON,EOH2450,NE20,73.0,Retired,Pensioner,"40,001 - 50,000",2021-04-14T00:00:00.000Z,Owner-Occupied,33.0,DE,4.0,10/06/2021,Energist,Urban,1983 - 1990,,2.0,2.0,127.0,7.0,4.0,13.0,2.4,Cavity_Insulated,Suspended,Pitched,Double,Yes,Gas,Gas Boiler - Combi,,,,0.0,1.0,1.0,No,No,,,14.48,85.18,7009.0,3496.0,0.0,50.0,3.85,Yes,No,Yes,Yes,ASHP,None Required,15363.09,,510.46,12.5,3.5,Yes,30/07/2021,Energist,HT_ASHP,,Vaillant,VWL 105/6 A 230V S2,10.0,R290,,Water_new,200.0,,1.0,12.0,0.0,0.0,none,none,No,0.0,0.0,0.0,No,No,0.0,0.0,,no,6364.0,1752.34,,3240.0,0.0,0.0,0.0,0.0,0.0,0.0,3.0,0.0,House_Detached_2.0
E.ON,EOH0543,NE20,35.0,Working Full time (>30hrs),Professional,"50,001+",2021-04-14T00:00:00.000Z,Owner-Occupied,0.9,AB,5.0,23/04/2021,Phoenix,Urban,1967 - 1975,C,2.0,2.0,149.0,6.0,4.0,9.0,2.4,Cavity_Insulated,Suspended,Pitched,Double,Yes,Gas,Gas Boiler - Standard,,Water,110,0.0,0.0,1.0,No,No,,,10.04,67.38,27003.0,3933.0,0.0,45.0,4.21,Yes,No,Yes,Yes,ASHP,None Required,15363.09,,1307.07,12.49,3.2,Yes,16/07/2021,Energist,HT_ASHP,,Vaillant,VWL 125/6 A 230V S2,12.0,R290,,Water_new,250.0,,1.0,12.0,0.0,0.0,none,none,No,0.0,0.0,0.0,No,No,0.0,0.0,,no,6364.0,1752.34,,3240.0,0.0,0.0,0.0,0.0,0.0,0.0,4.0,0.0,House_Detached_2.0
E.ON,EOH0918,NE3,25.0,Working Full time (>30hrs),Professional,"50,001+",2021-04-22T00:00:00.000Z,Owner-Occupied,18.0,AB,4.0,26/04/2021,Energist,Urban,2012 onwards,,2.0,2.0,145.0,9.0,4.0,8.0,2.4,Cavity_Insulated,Suspended,Pitched,Double,Yes,Gas,Gas Boiler - Combi,,,,0.0,0.0,0.0,No,No,,,4.407,29.98,11674.0,3496.0,0.0,45.0,3.77,Yes,No,Yes,Yes,ASHP,None Required,13451.83,,816.0,15.0,5.0,Yes,01/07/2021,Energist,HT_ASHP,,Vaillant,VWL 55/6 A 230V S2,5.0,R290,,Water_new,200.0,,1.0,12.0,0.0,0.0,none,none,No,0.0,0.0,0.0,No,No,0.0,0.0,,no,5335.2,1752.0,,3240.0,0.0,0.0,0.0,0.0,0.0,0.0,6.0,0.0,House_Detached_2.0
E.ON,EOH2488,NE20,45.0,Working Full time (>30hrs),Manager,"50,001+",2021-04-20T00:00:00.000Z,Owner-Occupied,40.0,C1,2.0,30/04/2021,Energist,Urban,1950 - 1966,,2.0,2.0,139.0,7.0,4.0,12.0,2.4,Cavity_Insulated,Suspended,Pitched,Double,Yes,Gas,Gas Boiler - Combi,,,,0.0,1.0,1.0,No,No,,,9.334,54.91,25918.0,4720.0,0.0,45.0,4.21,Yes,No,Yes,Yes,ASHP,None Required,14723.09,,1197.0,12.5,3.0,Yes,05/06/2021,Energist,HT_ASHP,,Vaillant,VWL 125/6 A 230V S2,12.0,R290,,Water_new,300.0,,1.0,11.0,0.0,0.0,none,none,No,0.0,0.0,0.0,No,No,0.0,0.0,,no,6635.0,1752.0,,3241.0,0.0,0.0,0.0,0.0,0.0,0.0,4.0,0.0,House_Detached_2.0
E.ON,EOH2585,NE25,82.0,Retired,Pensioner,Prefer not to say,2021-04-21T00:00:00.000Z,Owner-Occupied,40.0,DE,2.0,22/04/2021,Phoenix,Urban,1967 - 1975,,2.0,0.0,175.0,7.0,5.0,12.0,2.3,Cavity_Insulated,Suspended,Pitched,Double,Yes,Gas,Gas Boiler - Combi,Fire - Gas,,,0.0,1.0,0.0,No,No,,,,,,,,,,Yes,No,Yes,Yes,ASHP,,,,,,,No,,,,,,,,,,,,,,,,,,,,,,,,,,,,,,,,,,,,,,,,,House_Detached_2.0
E.ON,EOH1521,NE3,75.0,Retired,Pensioner,"12,501 - 16,200",2021-04-26T00:00:00.000Z,Owner-Occupied,8.0,DE,4.0,05/05/2021,Phoenix,Urban,1967 - 1975,D,1.0,0.0,57.0,3.0,2.0,6.0,2.3,Cavity_Insulated,Suspended,Pitched,Double,Yes,Gas,Gas Boiler - Combi,Fire - Gas,,,0.0,1.0,1.0,No,No,,,4.116,72.21,9960.2,3356.0,491.0,49.0,3.46,Yes,No,Yes,Yes,ASHP,None Required,10060.85,,575.0,14.3,3.8,Yes,29/06/2021,Aaron services,ASHP,,Daikin,EDLQ05CAV3,5.0,R410A,,Water_new,150.0,,1.0,5.0,0.0,0.0,none,barrier,No,0.0,0.0,0.0,No,No,0.0,0.0,,no,5335.0,1701.0,,1945.0,0.0,0.0,0.0,0.0,0.0,0.0,2.0,0.0,House_Semi-Detached_1.0
E.ON,EOH2963,NE13,52.0,Working Full time (>30hrs),Clerical,"30,001 - 40,000",2021-04-28T00:00:00.000Z,Owner-Occupied,40.0,C1,2.0,27/05/2021,Phoenix,Urban,1983 - 1990,,2.0,0.0,120.0,5.0,4.0,10.0,2.3,Cavity_No_insulation,Suspended,Pitched,Double,Yes,Gas,Gas Boiler - Standard,,Water,110,0.0,0.0,0.0,No,No,,,9.36,85.82,9710.0,4394.0,759.0,55.0,2.96,Yes,No,Yes,Yes,ASHP,Loft insulation,9930.83,500.0,1059.0,14.3,3.8,Yes,20/09/2021,Phoenix,Hybrid,Separate_New Boiler,Daikin,EJHA04AAV3,4.0,R32,,,,,1.0,11.0,0.0,0.0,,,No,0.0,0.0,0.0,No,Yes,0.0,0.0,,no,5739.82,,,3055.83,,500.0,0.0,0.0,0.0,0.0,3.0,,House_Detached_2.0
E.ON,EOH1615,NE20,51.0,Working Full time (>30hrs),Professional,"50,001+",2021-04-26T00:00:00.000Z,Owner-Occupied,3.0,AB,2.0,29/04/2021,Phoenix,Urban,1967 - 1975,D,2.0,2.0,187.0,8.0,5.0,11.0,2.6,Cavity_Insulated,Suspended,Pitched,Double,Yes,Gas,Gas Boiler - Standard,,Water,250,0.0,1.0,1.0,No,No,,,10.592,56.64,25635.7,5153.0,759.0,,,Yes,No,Yes,Yes,None - Installation not recommended,None Required,16888.31,0.0,1526.0,14.3,3.8,,,,,,,,,,,,,,,,,,,,,,,,,,,,,,,,,,,,,,,,,,House_Detached_2.0
E.ON,EOH1663,DL17,,Working Full time (>30hrs),Manager,Prefer not to say,2021-04-26T00:00:00.000Z,Owner-Occupied,6.0,AB,5.0,30/04/2021,Energist,Urban,2012 onwards,B,2.0,2.0,116.0,5.0,4.0,11.0,2.4,Cavity_Insulated,Solid,Pitched,Double,Yes,Gas,Gas Boiler - Combi,,,,0.0,0.0,0.0,No,No,,,3.362,32.33,9909.0,3416.0,0.0,40.0,4.13,No,No,Yes,No,HT_ASHP,None Required,13517.09,,582.0,12.93,2.58,Yes,21/05/2021,Energist,HT_ASHP,,Vaillant,VWL 75/6 A 230V S2,7.0,R290,,Water_new,200.0,,2.0,10.0,0.0,0.0,none,none,No,0.0,0.0,1.0,No,No,0.0,0.0,,no,5889.0,1752.0,,2871.0,0.0,0.0,0.0,0.0,0.0,0.0,3.0,0.0,House_Detached_2.0
E.ON,EOH2667,NE25,44.0,Working Full time (>30hrs),Manager,"50,001+",2021-04-27T00:00:00.000Z,Owner-Occupied,2.0,C1,3.0,30/04/2021,E.ON,Urban,1967 - 1975,D,2.0,2.0,116.0,6.0,4.0,8.0,2.4,Cavity_Insulated,Suspended,Pitched,Double,Yes,Gas,Gas Boiler - Combi,,,,0.0,0.0,0.0,No,No,3934.0,15245.0,8.09,69.74,16233.3,4994.0,0.0,56.0,3.47,No,No,Yes,No,HT_ASHP,None Required,18119.84,,929.0,14.3,3.8,Yes,27/09/2021,Phoenix,HT_ASHP,,Daikin,EPRA14DAV3,14.0,R32,,PCM_New,,9.0,1.0,11.0,0.0,0.0,,,No,0.0,0.0,0.0,Yes,No,0.0,0.0,,no,9047.38,3500.65,,3794.25,,0.0,0.0,0.0,0.0,0.0,3.0,,House_Detached_2.0
E.ON,EOH2689,NE21,69.0,Working Part time,Clerical,"30,001 - 40,000",2021-04-27T00:00:00.000Z,Owner-Occupied,16.0,C1,3.0,29/04/2021,Phoenix,Urban,1983 - 1990,,3.0,0.0,128.0,5.0,3.0,9.0,3.4,Cavity_Insulated,Suspended,Pitched,Double,Yes,Gas,Gas Boiler - Combi,,,,0.0,0.0,1.0,No,No,,,6.136,76.28,12262.3,3886.0,575.0,49.0,3.39,Yes,No,Yes,Yes,ASHP,None Required,12232.97,,811.0,14.3,3.8,Yes,09/06/2021,Aaron services,ASHP,,Daikin,EDLQ07CAV3,7.0,R410A,,Water_new,200.0,,1.0,9.0,0.0,0.0,none,none,No,0.0,0.0,0.0,No,No,0.0,0.0,,no,5648.01,1752.0,,3055.06,0.0,0.0,0.0,0.0,0.0,0.0,3.0,0.0,House_Detached_2.0
E.ON,EOH1255,NE3,64.0,Working Full time (>30hrs),Manager,"30,001 - 40,000",2021-04-29T00:00:00.000Z,Owner-Occupied,25.0,C1,4.0,10/05/2021,Phoenix,Urban,1950 - 1966,,2.0,0.0,87.0,6.0,3.0,7.0,2.5,Cavity_Insulated,Suspended,Pitched,Double,Yes,Gas,Gas Boiler - Combi,,,,0.0,0.0,1.0,No,No,3600.0,24000.0,5.684,61.78,7990.4,3515.0,0.0,50.0,3.02,No,No,No,Yes,Hybrid,Loft insulation,10060.85,500.0,560.0,14.3,3.8,Yes,06/09/2021,Phoenix,Hybrid,Separate_New Boiler,Daikin,EJHA04AAV3,4.0,R32,,,,,1.0,9.0,0.0,0.0,,,No,0.0,0.0,0.0,No,Yes,0.0,0.0,,no,5739.82,,,2685.85,,500.0,0.0,0.0,0.0,0.0,3.0,,House_Mid-Terrace_2.0
E.ON,EOH1769,NE20,32.0,Working Full time (>30hrs),Professional,"50,001+",2021-04-29T00:00:00.000Z,Owner-Occupied,20.0,DE,1.0,27/05/2021,Phoenix,Urban,1983 - 1990,C,2.0,1.0,92.0,5.0,3.0,11.0,2.4,Cavity_Insulated,Suspended,Pitched,Double,Yes,Gas,Gas Boiler - Combi,,,,0.0,0.0,0.0,No,No,,,7.82,73.3,18946.4,4002.0,181.0,45.0,3.42,Yes,No,Yes,Yes,ASHP,None Required,12949.95,,1121.0,14.3,3.8,Yes,05/10/2021,Phoenix,ASHP,,Daikin,EDLQ011CAV3,11.0,R410A,,Water_new,250.0,,1.0,11.0,0.0,0.0,,,No,0.0,0.0,0.0,No,No,0.0,0.0,,no,6364.21,1752.34,,3055.83,,0.0,0.0,0.0,0.0,0.0,3.0,,House_Detached_1.0
E.ON,EOH1063,DH8,,Working Full time (>30hrs),Manager,"20,001 - 25,000",2021-04-29T00:00:00.000Z,Owner-Occupied,0.9,C1,5.0,25/04/2021,Energist,Urban,1967 - 1975,,2.0,2.0,140.0,11.0,3.0,9.0,2.4,Cavity_Insulated,Suspended,Pitched,Double,Yes,Gas,Gas Boiler - Combi,,,,0.0,1.0,1.0,No,No,,,16.659,72.75,42570.0,4075.0,0.0,45.0,4.21,No,No,No,Yes,Hybrid,None Required,13593.15,,1166.0,13.0,4.5,Yes,25/06/2021,Energist,Hybrid,Separate_New Boiler,Vaillant,VWL 125/6 A 230V S2,12.0,R290,,,,,1.0,0.0,0.0,0.0,none,none,No,0.0,0.0,0.0,No,No,0.0,0.0,,no,6635.0,,3950.0,0.0,0.0,0.0,0.0,0.0,0.0,0.0,6.0,0.0,House_Detached_2.0
E.ON,EOH2765,DH1,,Retired,Pensioner,"40,001 - 50,000",2021-04-29T00:00:00.000Z,Owner-Occupied,26.0,DE,4.0,29/04/2021,Energist,Urban,1950 - 1966,,2.0,2.0,167.0,8.0,4.0,12.0,2.4,Cavity_Insulated,Suspended,Pitched,Double,Yes,Gas,Gas Boiler - Combi,,,,0.0,0.0,1.0,No,No,,,9.74,68.59,31578.0,3496.0,0.0,45.0,4.13,Yes,No,Yes,Yes,ASHP,None Required,14163.09,,1225.0,12.9,3.5,Yes,11/06/2021,Energist,HT_ASHP,,Vaillant,VWL 125/6 A 230V S2,12.0,R290,,Water_new,250.0,,1.0,7.0,0.0,0.0,none,none,No,0.0,0.0,0.0,No,No,0.0,0.0,,no,6635.0,1752.0,,2315.0,0.0,0.0,0.0,0.0,0.0,0.0,4.0,0.0,House_Detached_2.0
E.ON,EOH2863,NE16,,Working Full time (>30hrs),Manager,"50,001+",2021-05-17T00:00:00.000Z,Owner-Occupied,11.0,DE,2.0,27/05/2021,Energist,Urban,1950 - 1966,,2.0,2.0,94.0,5.0,3.0,10.0,2.4,Cavity_Insulated,Suspended,Pitched,Double,Yes,Gas,Gas Boiler - Combi,,,,0.0,0.0,1.0,No,No,,,4.457,36.24,12217.0,3146.0,0.0,45.0,3.91,Yes,No,Yes,Yes,ASHP,None Required,13687.93,,774.0,12.49,,Yes,14/07/2021,Energist,HT_ASHP,,Vaillant,VWL 75/6 A 230V S2,7.0,R290,,Water_new,200.0,,1.0,10.0,0.0,0.0,none,none,No,0.0,0.0,0.0,No,No,0.0,0.0,,no,5889.0,1752.0,,2871.0,0.0,0.0,0.0,0.0,0.0,0.0,5.0,0.0,House_Semi-Detached_2.0
E.ON,EOH2933,NE3,65.0,Retired,Pensioner,"16,201 - 20,000",2021-05-19T00:00:00.000Z,Owner-Occupied,10.0,DE,1.0,03/06/2021,Phoenix,Urban,1950 - 1966,C,1.0,0.0,97.0,5.0,2.0,9.0,2.6,Cavity_Insulated,Suspended,Pitched,Double,Yes,Gas,Gas Boiler - Combi,,,,0.0,0.0,0.0,No,No,1749.0,12275.0,7.02,76.7,8382.7,2865.0,0.0,55.0,2.96,No,No,No,Yes,Hybrid,Barrier,10868.48,300.0,346.0,14.3,3.8,Yes,27/09/2021,Phoenix,Hybrid,Separate_New Boiler,Daikin,EJHA04AAV3,4.0,R32,,,,,1.0,9.0,0.0,0.0,,,No,0.0,0.0,0.0,No,No,0.0,0.0,,no,5739.82,,,3793.48,,0.0,0.0,0.0,0.0,0.0,2.0,,House_Semi-Detached_1.0
E.ON,EOH2790,NE20,84.0,Retired,Pensioner,Prefer not to say,2021-05-20T00:00:00.000Z,Owner-Occupied,6.0,C1,5.0,27/05/2021,Phoenix,Urban,1950 - 1966,,2.0,0.0,96.0,5.0,3.0,8.0,2.35,Cavity_Insulated,Suspended,Pitched,Double,Yes,Gas,Gas Boiler - Combi,,,,0.0,0.0,1.0,No,No,,,8.08,54.97,8452.5,3820.0,0.0,55.0,2.96,No,No,No,Yes,Hybrid,Loft insulation,10430.83,500.0,907.0,14.3,3.8,Yes,29/07/2021,Phoenix,Hybrid,Separate_New Boiler,Daikin,EJHA04AAV3,4.0,R32,,,,,1.0,11.0,0.0,0.0,none,none,No,0.0,0.0,0.0,No,No,0.0,0.0,,no,5740.0,,,3055.0,0.0,0.0,0.0,0.0,0.0,0.0,2.0,0.0,House_Detached_2.0
E.ON,EOH0245,NE5,38.0,Working Full time (>30hrs),Professional,"50,001+",2021-05-19T00:00:00.000Z,Owner-Occupied,48.0,DE,5.0,27/05/2021,Phoenix,Urban,1967 - 1975,D,2.0,0.0,86.0,5.0,3.0,9.0,2.3,Cavity_Insulated,Suspended,Pitched,Double,Yes,Gas,Gas Boiler - Combi,,,,0.0,0.0,0.0,No,No,,,5.416,62.25,4431.1,2636.0,0.0,,,No,No,No,Yes,Hybrid,Barrier,9875.86,300.0,282.0,14.3,3.8,Yes,30/06/2021,Phoenix,Hybrid,Separate_New Boiler,Daikin,EHY2KOMB32AA,4.0,R32,,,,,1.0,9.0,0.0,0.0,none,none,No,0.0,0.0,0.0,No,No,0.0,0.0,,no,5912.2,,,2685.0,0.0,0.0,0.0,0.0,0.0,0.0,2.0,0.0,House_Detached_2.0
E.ON,EOH1191,NE5,69.0,Retired,Pensioner,"25,001 - 30,000",2021-05-18T00:00:00.000Z,Owner-Occupied,2.0,C1,1.0,07/06/2021,Phoenix,Urban,1950 - 1966,D,2.0,0.0,87.0,3.0,2.0,7.0,2.4,Cavity_Insulated,Solid,Pitched,Double,Yes,Gas,Gas Boiler - Combi,Fire - Electric,,,0.0,0.0,1.0,No,No,,,5.416,62.25,7751.7,2636.0,0.0,50.0,3.02,No,No,No,Yes,Hybrid,Barrier,9875.86,300.0,508.0,14.3,3.8,Yes,08/07/2021,Phoenix,Hybrid,Separate_New Boiler,Daikin,EHY2KOMB28AA,4.0,R32,,,,,1.0,8.0,0.0,0.0,none,barrier,No,0.0,0.0,0.0,No,No,0.0,0.0,,no,5739.0,,,2501.0,0.0,0.0,0.0,0.0,0.0,0.0,2.5,0.0,House_Mid-Terrace_2.0
E.ON,EOH2769,NE24,33.0,Working Full time (>30hrs),Professional,"30,001 - 40,000",2021-05-19T00:00:00.000Z,Owner-Occupied,30.0,DE,2.0,15/06/2021,Energist,Urban,1967 - 1975,,2.0,0.0,98.0,6.0,3.0,10.0,2.4,Cavity_Insulated,Suspended,Pitched,Double,Yes,Gas,Gas Boiler - Combi,,,,0.0,0.0,1.0,No,No,,,4.854,63.87,13955.0,3146.0,0.0,50.0,3.37,Yes,No,Yes,Yes,ASHP,None Required,13052.69,,583.0,12.5,3.5,Yes,14/07/2021,Energist,HT_ASHP,,Vaillant,VWL 55/6 A 230V S2,5.0,R290,,Water_new,200.0,,1.0,8.0,0.0,0.0,none,none,No,0.0,0.0,0.0,No,No,0.0,0.0,,no,5335.0,1752.34,,2500.0,0.0,0.0,0.0,0.0,0.0,0.0,3.0,0.0,House_Detached_2.0
E.ON,EOH1751,NE20,,Retired,Pensioner,Prefer not to say,2021-05-21T00:00:00.000Z,Owner-Occupied,,C1,3.0,15/06/2021,Phoenix,Urban,1967 - 1975,,1.0,0.0,85.0,3.0,2.0,4.0,2.6,Cavity_Insulated,Suspended,Pitched,Double,Yes,Gas,Gas - Warm Air,Fire - Electric,Water,250,0.0,0.0,1.0,No,No,,,6.81,83.9,18056.0,2865.0,0.0,,,No,No,No,Yes,Hybrid,Loft Insulation,11863.0,500.0,871.0,14.3,3.8,Yes,19/10/2021,E.ON SIME,Hybrid,Integrated,SIME,SIME MURELLE REVOLUTION,4.0,R410A,,,,,1.0,8.0,0.0,0.0,,,No,0.0,0.0,0.0,No,Yes,0.0,0.0,,no,5200.0,,,5414.98,,500.0,0.0,0.0,0.0,0.0,4.0,,House_Detached_1.0
E.ON,EOH0315,NE5,29.0,Unemployed,Unemployed/Benefits,Prefer not to say,2021-05-21T00:00:00.000Z,Owner-Occupied,2.0,DE,3.0,28/05/2021,Phoenix,Urban,1950 - 1966,D,1.0,1.0,99.0,4.0,3.0,6.0,2.3,Cavity_Insulated,Solid,Pitched,Double,No,Electricity,Electric - Storage,,Water,110,0.0,0.0,0.0,No,No,,,4.29,43.33,9662.8,4002.0,181.0,50.0,3.4,Yes,No,Yes,Yes,ASHP,"Loft insulation, Barrier",10996.03,800.0,607.0,14.3,3.8,Yes,18/06/2021,Aaron services,ASHP,,Daikin,EDLQ05CAV3,5.0,R410A,,Water_new,250.0,,1.0,8.0,0.0,0.0,none,barrier,No,0.0,0.0,0.0,No,Yes,0.0,0.0,,no,5335.24,1752.0,,2501.0,0.0,500.0,0.0,0.0,0.0,0.0,3.0,0.5,House_Mid-Terrace_2.0
E.ON,EOH2198,NE34,,Working Full time (>30hrs),Manager,"40,001 - 50,000",2021-05-24T00:00:00.000Z,Owner-Occupied,12.0,C1,5.0,16/05/2021,Energist,Urban,1967 - 1975,,2.0,2.0,132.0,6.0,4.0,10.0,2.4,Cavity_Insulated,Suspended,Pitched,Double,Yes,Gas,Gas Boiler - Combi,,,,0.0,0.0,1.0,No,No,,,4.038,51.77,11450.0,2360.0,0.0,55.0,3.06,Yes,No,Yes,Yes,ASHP,None Required,12415.61,,880.0,15.89,3.4,Yes,04/07/2021,Energist,Hybrid,Separate_New Boiler,Vaillant,VWL 55/6 A 230V S2,5.0,R290,,Water_new,200.0,,1.0,8.0,0.0,0.0,none,none,No,0.0,0.0,0.0,No,No,0.0,0.0,,no,5889.0,,1050.0,2501.0,0.0,0.0,0.0,0.0,0.0,0.0,5.0,0.0,House_Detached_2.0
E.ON,EOH0539,NE34,,Working Full time (>30hrs),Professional,"50,001+",2021-05-24T00:00:00.000Z,Owner-Occupied,2.0,C1,5.0,28/05/2021,Phoenix,Urban,1983 - 1990,,2.0,0.0,64.0,4.0,2.0,9.0,2.3,Cavity_Insulated,Suspended,Pitched,Double,Yes,Gas,Gas Boiler - Combi,,,,0.0,1.0,1.0,No,No,,,5.15,74.63,14938.0,2972.0,0.0,45.0,3.77,Yes,No,Yes,Yes,ASHP,None Required,13675.03,,725.1,15.0,3.8,Yes,11/06/2021,Energist,HT_ASHP,,Vaillant,VWL 75/6 A 230V S2,7.0,R290,,Water_new,150.0,,1.0,7.0,0.0,0.0,none,none,No,0.0,0.0,0.0,No,No,0.0,0.0,,no,5889.0,1702.0,,2315.0,0.0,0.0,0.0,0.0,0.0,0.0,4.0,0.0,House_Detached_1.0
E.ON,EOH3035,NE31,,Working Full time (>30hrs),Professional,"50,001+",2021-05-24T00:00:00.000Z,Owner-Occupied,3.0,AB,2.0,16/06/2021,Energist,Urban,1983 - 1990,,2.0,2.0,129.0,7.0,4.0,11.0,2.4,Cavity_Insulated,Suspended,Pitched,Double,Yes,Gas,Gas Boiler - Combi,,,,0.0,0.0,1.0,No,No,,,4.237,33.1015625,9992.0,3496.0,0.0,45.0,3.77,Yes,No,Yes,Yes,ASHP,None Required,14162.63,,580.96,12.5,3.5,Yes,23/07/2021,Energist,HT_ASHP,,Vaillant,VWL 55/6 A 230V S2,5.0,R290,,Water_new,200.0,,1.0,14.0,0.0,0.0,none,none,No,0.0,0.0,0.0,No,No,0.0,0.0,,no,5335.0,1752.34,,3610.0,0.0,0.0,0.0,0.0,0.0,0.0,2.0,0.0,House_Detached_2.0
E.ON,EOH0632,NE6,35.0,Working Full time (>30hrs),Clerical,"16,201 - 20,000",2021-05-27T00:00:00.000Z,Owner-Occupied,0.9,C1,2.0,25/09/2021,Energist,Urban,1950 - 1966,D,1.0,1.0,63.0,3.0,2.0,7.0,2.4,Cavity_Insulated,Suspended,Pitched,Double,Yes,Gas,Gas Boiler - Combi,,,,0.0,0.0,0.0,No,No,,,4.4,69.44,8907.1,2489.0,387.0,45.0,3.77,Yes,No,Yes,Yes,ASHP,None Required,14562.1,,444.0,12.9,3.8,Yes,27/09/2021,Energist,HT_ASHP,,Vaillant,VWL 55/6 A 230V S2,5.0,R290,,Water_new,150.0,,1.0,4.0,0.0,0.0,,,No,0.0,0.0,0.0,No,Yes,0.0,0.0,,no,5623.74,1701.71,,4060.9,0.0,500.0,0.0,0.0,0.0,0.0,4.0,,House_Semi-Detached_2.0
E.ON,EOH2234,NE23,33.0,Working Full time (>30hrs),Skilled Manual Worker,"40,001 - 50,000",2021-06-08T00:00:00.000Z,Owner-Occupied,4.0,C2,3.0,21/06/2021,Phoenix,Urban,1983 - 1990,D,2.0,1.0,122.0,6.0,4.0,11.0,2.4,Cavity_Insulated,Solid,Pitched,Double,Yes,Gas,Gas Boiler - Standard,Fire - Electric,Water,110,0.0,0.0,1.0,No,No,,,7.96,62.3,15944.1,4002.0,181.0,50.0,3.16,Yes,No,Yes,Yes,ASHP,Loft insulation,17256.75,500.0,921.0,14.3,3.8,Yes,06/09/2021,Phoenix,ASHP,,Daikin,EDLQ016CAV3,16.0,R410A,,Water_new,250.0,,1.0,13.0,0.0,0.0,,,No,0.0,0.0,0.0,No,Yes,0.0,0.0,,no,8214.98,1752.34,,4533.44,,500.0,0.0,0.0,0.0,0.0,3.0,,House_Detached_2.0
E.ON,EOH0669,NE23,48.0,Working Full time (>30hrs),Manager,"50,001+",2021-06-10T00:00:00.000Z,Owner-Occupied,10.0,AB,3.0,04/07/2021,E.ON,Urban,1983 - 1990,,2.0,2.0,129.0,7.0,4.0,11.0,2.4,Cavity_Insulated,Suspended,Pitched,Double,Yes,Gas,Gas Boiler - Combi,,,,0.0,0.0,1.0,No,No,,,7.32,60.0,17743.5,5594.0,818.0,49.0,3.24,Yes,No,Yes,Yes,ASHP,None Required,14244.11,,1183.0,14.3,3.8,Yes,06/09/2021,Phoenix,ASHP,,Daikin,EDLQ011CAV3,11.0,R410A,,Water_new,250.0,,1.0,16.0,0.0,0.0,,,No,0.0,1.0,0.0,Yes,Yes,0.0,0.0,,no,6364.21,1752.34,,4349.99,,500.0,0.0,0.0,0.0,0.0,3.0,,House_Detached_2.0
E.ON,EOH2974,NE40,,Retired,Pensioner,Prefer not to say,2021-06-11T00:00:00.000Z,Owner-Occupied,39.0,DE,1.0,04/07/2021,E.ON,Urban,1976 - 1982,,2.0,0.0,118.0,7.0,3.0,12.0,2.4,Cavity_Insulated,Solid,Pitched,Double,Yes,Gas,Gas Boiler - Combi,,,,0.0,0.0,0.0,No,No,,,7.26,76.8,17597.7,4122.0,607.0,51.0,3.15,Yes,No,Yes,Yes,ASHP,None Required,12949.18,,1103.0,14.3,3.8,Yes,06/09/2021,Phoenix,ASHP,,Daikin,EDLQ011CAV3,11.0,R410A,,Water_new,200.0,,1.0,9.0,0.0,0.0,,,No,0.0,1.0,0.0,Yes,No,0.0,0.0,,no,6364.21,1752.34,,3055.06,,0.0,0.0,0.0,0.0,0.0,3.0,,House_Detached_2.0
E.ON,EOH2122,NE38,73.0,Retired,Pensioner,"25,001 - 30,000",2021-06-18T00:00:00.000Z,Owner-Occupied,30.0,DE,3.0,13/07/2021,E.ON,Urban,1967 - 1975,,2.0,0.0,80.0,7.0,4.0,12.0,2.4,Cavity_Insulated,Suspended,Pitched,Double,Yes,Gas,Gas Boiler - Combi,,,,0.0,0.0,1.0,No,No,,,6.17,59.35,14688.0,3496.0,0.0,50.0,3.65,Yes,No,Yes,Yes,ASHP,None Required,13472.96,,811.0,12.5,3.7,Yes,16/08/2021,Energist,HT_ASHP,,Vaillant,VWL 75/6 A 230V S2,7.0,R290,,Water_new,200.0,,1.0,9.0,0.0,0.0,,,No,0.0,0.0,0.0,No,No,0.0,0.0,,no,5789.0,1752.34,,2755.87,0.0,0.0,0.0,0.0,0.0,0.0,4.0,,House_Detached_2.0
E.ON,EOH0335,NE6,48.0,Working Full time (>30hrs),Professional,"25,001 - 30,000",2021-06-30T00:00:00.000Z,Owner-Occupied,12.0,C1,3.0,23/07/2021,Energist,Urban,1950 - 1966,E,2.0,0.0,73.0,5.0,3.0,7.0,2.4,Cavity_Insulated,Solid,Pitched,Double,Yes,Gas,Gas Boiler - Standard,,Water,150,0.0,0.0,1.0,No,No,,,5.03,60.5,14614.0,3566.0,0.0,45.0,3.77,Yes,No,Yes,Yes,ASHP,None Required,13147.7,,783.0,12.5,3.5,Yes,30/07/2021,Energist,HT_ASHP,,Vaillant,VWL 55/6 A 230V S2,5.0,R290,,Water_new,200.0,,1.0,5.0,0.0,0.0,none,none,No,0.0,0.0,0.0,No,No,0.0,0.0,,no,5335.0,1752.34,,1945.0,0.0,0.0,0.0,0.0,0.0,0.0,2.0,0.0,House_Semi-Detached_1.0
E.ON,EOH2332,NE20,49.0,Working Full time (>30hrs),Skilled Manual Worker,"50,001+",2021-06-30T00:00:00.000Z,Owner-Occupied,2.0,C2,5.0,30/06/2021,Energist,Urban,1967 - 1975,,2.0,2.0,124.0,7.0,4.0,12.0,2.4,Cavity_Insulated,Suspended,Pitched,Double,Yes,Gas,Gas Boiler - Combi,,,,0.0,0.0,1.0,No,No,,,3.632,31.31,9909.0,3416.0,0.0,,,Yes,No,Yes,Yes,ASHP,None Required,13517.09,0.0,582.0,12.59,2.58,No,,,,,,,,,,,,,,,,,,,,,,,,,,,,,,,,,,,,,,,,,House_Detached_2.0
E.ON,EOH1686,NE21,59.0,Working Full time (>30hrs),Manager,"50,001+",2021-07-01T00:00:00.000Z,Owner-Occupied,0.9,C1,2.0,23/07/2021,Energist,Urban,1967 - 1975,E,2.0,0.0,101.0,4.0,2.0,8.0,2.4,Cavity_Insulated,Suspended,Pitched,Double,No,LPG,LPG Boiler,,Water,120,0.0,0.0,0.0,No,No,,,6.94,77.9,20213.0,3146.0,0.0,45.0,3.91,Yes,No,Yes,Yes,ASHP,None Required,13478.96,,952.0,12.5,4.0,Yes,30/07/2021,Energist,HT_ASHP,,Vaillant,VWL 105/6 A 230V S2,10.0,R290,,Water_new,250.0,,1.0,7.0,0.0,0.0,none,none,No,0.0,0.0,0.0,No,No,0.0,0.0,,no,6364.0,1752.34,,2315.0,0.0,0.0,0.0,0.0,0.0,0.0,3.0,0.0,House_Detached_2.0
E.ON,EOH1880,DH9,,Working Full time (>30hrs),Skilled Manual Worker,"30,001 - 40,000",2021-07-01T00:00:00.000Z,Owner-Occupied,20.0,C2,4.0,12/07/2021,Energist,Suburban,1930 - 1949,,2.0,0.0,196.0,5.0,3.0,9.0,2.4,Solid_No_insulation,Solid,Pitched,Double,No,Electricity,Electric - Storage,Fire - Wood,Water,180,0.0,0.0,0.0,No,No,,,7.77,92.5,19550.0,2674.0,0.0,55.0,3.58,Yes,No,Yes,Yes,ASHP,None Required,14438.0,,1214.0,12.5,3.5,Yes,13/09/2021,Energist,HT_ASHP,,Vaillant,VWL 105/6 A 230V S2,10.0,R290,,Water_new,200.0,,1.0,10.0,0.0,0.0,,,No,0.0,0.0,0.0,No,No,0.0,0.0,,no,6535.0,1752.34,,2975.87,0.0,0.0,0.0,0.0,0.0,0.0,4.0,,House_Semi-Detached_2.0
E.ON,EOH1557,NE38,73.0,Working Part time,Manager,"40,001 - 50,000",2021-07-01T00:00:00.000Z,Owner-Occupied,0.9,C1,2.0,19/07/2021,Energist,Suburban,1983 - 1990,D,2.0,2.0,118.0,6.0,3.0,12.0,2.4,Cavity_Insulated,Solid,Pitched,Double,Yes,Gas,Gas Boiler - Combi,,,,0.0,0.0,0.0,No,No,,,6.66,62.22,16874.0,3146.0,0.0,45.0,3.91,Yes,No,Yes,Yes,ASHP,None Required,13977.64,,859.0,12.9,4.0,Yes,13/09/2021,Energist,HT_ASHP,,Vaillant,VWL 55/6 A 230V S2,5.0,R290,,Water_new,200.0,,1.0,12.0,0.0,0.0,,,No,0.0,0.0,0.0,No,No,0.0,0.0,,no,5789.0,1752.34,,3240.82,0.0,0.0,0.0,0.0,0.0,0.0,4.0,,House_Detached_2.0
E.ON,EOH0027,NE5,26.0,Working Full time (>30hrs),Professional,"40,001 - 50,000",2021-07-01T00:00:00.000Z,Owner-Occupied,0.9,C1,2.0,30/06/2021,Energist,Urban,1930 - 1949,D,2.0,0.0,90.0,4.0,2.0,7.0,2.5,Cavity_Insulated,Solid,Pitched,Double,Yes,Gas,Gas Boiler - Combi,,,,0.0,0.0,1.0,No,No,,,5.709,63.43,16576.0,2098.0,0.0,45.0,3.77,Yes,No,Yes,Yes,ASHP,None Required,12817.07,,793.0,12.9,3.4,Yes,23/07/2021,Energist,HT_ASHP,,Vaillant,VWL 55/6 A 230V S2,5.0,R290,,Water_new,150.0,,1.0,7.0,0.0,0.0,none,none,No,0.0,0.0,0.0,No,No,0.0,0.0,,no,5335.0,1701.71,,2315.0,0.0,0.0,0.0,0.0,0.0,0.0,3.0,0.0,House_Semi-Detached_2.0
E.ON,EOH3128,SR6,,Working Full time (>30hrs),Skilled Manual Worker,"25,001 - 30,000",2021-07-02T00:00:00.000Z,Owner-Occupied,16.0,C2,5.0,30/07/2021,Energist,Urban,1950 - 1966,,2.0,0.0,81.0,4.0,2.0,7.0,2.4,Cavity_Insulated,Solid,Pitched,Double,Yes,Gas,Gas Boiler - Combi,,,,0.0,0.0,1.0,No,No,,,8.4,79.08,18377.0,2972.0,0.0,45.0,3.91,Yes,No,Yes,Yes,ASHP,None Required,13967.97,,859.0,13.42,3.5,Yes,06/08/2021,Energist,HT_ASHP,,Vaillant,VWL 75/6 A 230V S2,7.0,R290,,Water_new,250.0,,1.0,9.0,0.0,0.0,none,none,No,0.0,0.0,0.0,No,No,0.0,0.0,,no,5889.0,1752.0,,2730.0,0.0,0.0,0.0,0.0,0.0,0.0,4.0,0.0,House_Semi-Detached_2.0
E.ON,EOH0038,NE65,,Working Full time (>30hrs),Professional,"30,001 - 40,000",2021-07-02T00:00:00.000Z,Owner-Occupied,0.9,C1,5.0,28/07/2021,Energist,Suburban,1930 - 1949,E,1.0,0.0,108.0,7.0,4.0,10.0,2.4,Cavity_Insulated,Suspended,Pitched,Double,No,Coal,Fire - Coal,,Water,150,0.0,0.0,0.0,No,No,,,5.47,60.08,13887.0,4495.0,0.0,45.0,3.77,Yes,No,Yes,Yes,ASHP,None Required,13422.0,,789.0,12.5,3.55,Yes,27/08/2021,Energist,HT_ASHP,,Vaillant,VWL 55/6 A 230V S2,5.0,R290,,Water_new,200.0,,1.0,10.0,0.0,0.0,,,No,0.0,0.0,0.0,No,No,0.0,0.0,,no,5623.74,1752.34,,2870.74,0.0,0.0,0.0,0.0,0.0,0.0,4.0,,House_Mid-Terrace_2.0
E.ON,EOH2540,SR6,40.0,Working Full time (>30hrs),Manager,"50,001+",2021-07-02T00:00:00.000Z,Owner-Occupied,5.0,AB,5.0,21/07/2021,Energist,Suburban,2012 onwards,B,2.0,2.0,128.0,7.0,4.0,11.0,2.4,Cavity_Insulated,Suspended,Pitched,Double,Yes,Gas,Gas Boiler - Combi,,,,0.0,0.0,0.0,No,No,,,3.77,32.8,9129.0,4270.0,0.0,45.0,3.77,Yes,No,Yes,Yes,ASHP,None Required,13257.68,,312.0,12.5,3.5,Yes,23/08/2021,Energist,HT_ASHP,,Vaillant,VWL 55/6 A 230V S2,5.0,R290,,Water_new,250.0,,1.0,9.0,0.0,0.0,,,No,0.0,0.0,0.0,No,No,0.0,0.0,,no,5623.74,1752.34,,2705.85,0.0,0.0,0.0,0.0,0.0,0.0,4.0,,House_Detached_2.0
E.ON,EOH1675,NE34,37.0,Working Full time (>30hrs),Manager,"40,001 - 50,000",2021-07-02T00:00:00.000Z,Owner-Occupied,0.9,C1,5.0,20/09/2021,Energist,Urban,1930 - 1949,C,2.0,0.0,120.0,4.0,3.0,7.0,2.4,Cavity_Insulated,Suspended,Pitched,Double,Yes,Gas,Gas Boiler - Combi,,,,0.0,0.0,1.0,No,No,,,6.925,78.69,18295.0,3416.0,2108.0,50.0,3.65,Yes,No,Yes,Yes,ASHP,None Required,13217.0,,1359.54,18.0,3.3,Yes,27/09/2021,Energist,HT_ASHP,,Vaillant,VWL 75/6 A 230V S2,7.0,R290,,Water_new,200.0,,1.0,8.0,0.0,0.0,,,No,0.0,0.0,0.0,No,No,0.0,0.0,,no,5789.0,1752.34,,2500.86,0.0,0.0,0.0,0.0,0.0,0.0,4.0,,House_Detached_2.0
E.ON,EOH0455,NE42,,Working Full time (>30hrs),Skilled Manual Worker,"50,001+",2021-07-02T00:00:00.000Z,Owner-Occupied,0.9,C2,3.0,30/07/2021,Energist,Urban,1983 - 1990,E,2.0,0.0,86.0,4.0,3.0,7.0,2.4,Cavity_Insulated,Solid,Pitched,Double,Yes,Gas,Gas Boiler - Combi,,,,0.0,0.0,1.0,No,No,,,5.14,65.0,14566.0,3146.0,0.0,45.0,3.77,Yes,No,Yes,Yes,ASHP,None Required,13122.71,,781.0,12.5,3.4,Yes,06/08/2021,Energist,HT_ASHP,,Vaillant,VWL 55/6 A 230V S2,5.0,R290,,Water_new,200.0,,1.0,8.0,0.0,0.0,none,none,No,0.0,0.0,0.0,No,No,0.0,0.0,,no,5623.0,1752.0,,2530.0,0.0,0.0,0.0,0.0,0.0,0.0,3.0,0.0,House_Semi-Detached_2.0
E.ON,EOH2390,DH1,,Working Full time (>30hrs),Professional,"50,001+",2021-07-05T00:00:00.000Z,Owner-Occupied,10.0,C1,4.0,12/07/2021,Energist,Urban,2003 - 2006,B,2.0,2.0,131.0,6.0,4.0,13.0,2.4,Cavity_Insulated,Suspended,Pitched,Double,Yes,Gas,Gas Boiler - Combi,,,,0.0,0.0,0.0,No,No,,,4.09,32.9,10287.0,3496.0,0.0,45.0,4.13,Yes,No,Yes,Yes,ASHP,None Required,13593.97,,662.0,12.5,3.8,Yes,13/08/2021,Energist,HT_ASHP,,Vaillant,VWL 105/6 A 230V S2,10.0,R290,,Water_new,250.0,,1.0,6.0,0.0,0.0,,,No,0.0,0.0,0.0,No,No,0.0,0.0,,no,6535.0,1752.0,,2130.88,0.0,0.0,0.0,0.0,0.0,0.0,3.0,,House_Detached_2.0
E.ON,EOH2163,NE34,57.0,Working Full time (>30hrs),Skilled Manual Worker,"50,001+",2021-07-05T00:00:00.000Z,Owner-Occupied,17.0,C2,3.0,06/08/2021,Energist,Urban,1930 - 1949,,1.0,0.0,75.0,5.0,2.0,7.0,2.4,Cavity_Insulated,Solid,Pitched,Double,Yes,Gas,Gas Boiler - Combi,,,,0.0,0.0,1.0,No,No,,,3.85,59.2,11263.0,2360.0,0.0,45.0,3.77,Yes,No,Yes,Yes,ASHP,None Required,12817.0,,576.0,12.5,3.5,Yes,13/08/2021,Energist,HT_ASHP,,Vaillant,VWL 55/6 A 230V S2,5.0,R290,,Water_new,150.0,,1.0,7.0,0.0,0.0,,,No,0.0,0.0,0.0,No,No,0.0,0.0,,no,5623.74,1701.71,,2315.87,0.0,0.0,0.0,0.0,0.0,0.0,3.0,,House_Semi-Detached_2.0
E.ON,EOH3197,NE21,60.0,Working Full time (>30hrs),Skilled Manual Worker,"40,001 - 50,000",2021-07-05T00:00:00.000Z,Owner-Occupied,24.0,C2,5.0,15/07/2021,Energist,Urban,Before 1900,C,2.0,2.0,185.0,7.0,4.0,11.0,2.5,Solid_No_insulation,Solid,Pitched,Double,No,Oil,Oil Boiler - Standard,Fire - Wood,Water,200,0.0,0.0,0.0,No,No,,,9.7,64.31,25908.0,4270.0,0.0,45.0,4.13,Yes,No,Yes,Yes,ASHP,None Required,15363.09,,1123.97,12.9,6.75,Yes,23/07/2021,Energist,HT_ASHP,,Vaillant,VWL 105/6 A 230V S2,10.0,R290,,Water_new,200.0,,1.0,12.0,0.0,0.0,none,none,No,0.0,0.0,0.0,No,No,0.0,0.0,,no,6364.0,1752.34,,3240.0,0.0,0.0,0.0,0.0,0.0,0.0,3.0,0.0,House_Detached_2.0
E.ON,EOH3166,DH8,42.0,Working Full time (>30hrs),Skilled Manual Worker,"30,001 - 40,000",2021-07-19T00:00:00.000Z,Owner-Occupied,0.9,C2,5.0,05/08/2021,Energist,Suburban,1930 - 1949,E,2.0,1.0,101.0,7.0,3.0,10.0,2.4,Cavity_Insulated,Solid,Pitched,Double,Yes,Gas,Gas Boiler - Combi,,,,0.0,0.0,1.0,No,No,,,6.14,74.98,14379.0,3933.0,0.0,45.0,3.91,Yes,No,Yes,Yes,ASHP,None Required,13912.96,,935.0,12.5,3.8,Yes,16/08/2021,Energist,HT_ASHP,,Vaillant,VWL 75/6 A 230V S2,7.0,R290,,Water_new,250.0,,1.0,11.0,0.0,0.0,,,No,0.0,0.0,0.0,No,No,0.0,0.0,,no,5789.0,1752.34,,3195.84,0.0,0.0,0.0,0.0,0.0,0.0,4.0,,House_Detached_2.0
E.ON,EOH1576,DL16,62.0,Working Full time (>30hrs),Professional,"40,001 - 50,000",2021-07-19T00:00:00.000Z,Owner-Occupied,29.0,C1,2.0,21/07/2021,Energist,Suburban,1983 - 1990,E,2.0,0.0,119.0,6.0,3.0,9.0,2.4,Cavity_Insulated,Solid,Pitched,Double,Yes,Gas,Gas Boiler - Combi,,,,0.0,0.0,0.0,No,No,,,5.67,52.04,17096.0,3146.0,0.0,45.0,3.77,Yes,No,Yes,Yes,ASHP,None Required,13087.0,,842.0,12.5,3.2,Yes,27/08/2021,Energist,HT_ASHP,,Vaillant,VWL 55/6 A 230V S2,5.0,R290,,Water_new,200.0,,1.0,8.0,0.0,0.0,,,No,0.0,0.0,0.0,No,No,0.0,0.0,,no,5623.74,1752.34,,2535.87,0.0,0.0,0.0,0.0,0.0,0.0,4.0,,House_Detached_2.0
E.ON,EOH2804,DH7,,Working Part time,Skilled Manual Worker,"16,201 - 20,000",2021-07-20T00:00:00.000Z,Owner-Occupied,15.0,C2,5.0,30/07/2021,Energist,Urban,1900 - 1929,,2.0,2.0,108.0,4.0,2.0,7.0,2.5,Solid_No_insulation,Solid,Pitched,Double,Yes,Gas,Gas Boiler - Combi,,,,0.0,0.0,1.0,No,No,,,5.7,61.34,15606.0,2972.0,0.0,45.0,3.91,Yes,No,Yes,Yes,ASHP,None Required,13862.98,,811.0,12.2,3.8,Yes,06/08/2021,Energist,HT_ASHP,,Vaillant,VWL 75/6 A 230V S2,7.0,R290,,Water_new,250.0,,1.0,10.0,0.0,0.0,none,none,No,0.0,0.0,0.0,No,No,0.0,0.0,,no,5889.0,1752.0,,3045.0,0.0,0.0,0.0,0.0,0.0,0.0,4.0,0.0,House_End-Terrace_2.0
E.ON,EOH2900,NE10,35.0,Working Full time (>30hrs),Clerical,"50,001+",2021-07-22T00:00:00.000Z,Owner-Occupied,8.0,C1,5.0,03/08/2021,E.ON,Urban,1900 - 1929,D,2.0,0.0,133.0,5.0,3.0,11.0,2.4,Solid_No_insulation,Suspended,Pitched,Double,Yes,Gas,Gas Boiler - Combi,,,,0.0,0.0,1.0,No,No,,,10.0,82.9,20205.0,3820.0,0.0,,,No,No,No,Yes,Hybrid,None Required,13671.0,,1048.0,17.0,4.0,Yes,28/09/2021,E.ON SIME,Hybrid,Integrated,SIME,SIME MURELLE REVOLUTION,4.0,R410A,,,,,1.0,10.0,0.0,0.0,,,No,0.0,0.0,0.0,No,No,0.0,0.0,,no,5200.0,,,5414.98,,0.0,0.0,0.0,0.0,0.0,4.0,,House_Mid-Terrace_2.0
E.ON,EOH0459,NE21,,Working Full time (>30hrs),Skilled Manual Worker,"30,001 - 40,000",2021-07-22T00:00:00.000Z,Owner-Occupied,6.0,C2,4.0,23/07/2021,Energist,Urban,1983 - 1990,D,2.0,0.0,110.0,7.0,5.0,9.0,2.4,Cavity_Insulated,Solid,Pitched,Double,Yes,Gas,Gas Boiler - Combi,,,,0.0,0.0,1.0,No,No,,,8.9,73.85,24628.0,4720.0,0.0,45.0,4.13,Yes,No,Yes,Yes,ASHP,None Required,14033.93,,1204.37,12.5,4.0,Yes,30/07/2021,Energist,HT_ASHP,,Vaillant,VWL 105/6 A 230V S2,10.0,R290,,Water_new,250.0,,1.0,10.0,0.0,0.0,none,none,No,0.0,0.0,0.0,No,No,0.0,0.0,,no,6364.0,1752.34,,2870.0,0.0,0.0,0.0,0.0,0.0,0.0,3.0,0.0,House_Detached_2.0
E.ON,EOH2004,NE2,61.0,Working Full time (>30hrs),Professional,"20,001 - 25,000",2021-07-23T00:00:00.000Z,Owner-Occupied,29.0,C1,2.0,08/08/2021,E.ON,Urban,1900 - 1929,,1.0,0.0,130.0,7.0,4.0,13.0,2.4,Solid_No_insulation,Solid,Pitched,Double,Yes,Gas,Gas Boiler - Standard,,Water,150,0.0,0.0,0.0,No,No,,,13.41,111.1,26875.0,1910.0,0.0,,,No,No,No,Yes,Hybrid,Loft Insulation,14411.0,500.0,1172.0,14.3,3.8,Yes,06/10/2021,E.ON SIME,Hybrid,Integrated,SIME,SIME MURELLE REVOLUTION,4.0,R410A,,,,,1.0,11.0,0.0,0.0,,,No,0.0,0.0,0.0,No,Yes,0.0,0.0,,no,5200.0,,,6154.94,,500.0,0.0,0.0,0.0,0.0,3.0,,House_Mid-Terrace_2.0
E.ON,EOH3143,NE31,56.0,Working Full time (>30hrs),Skilled Manual Worker,"30,001 - 40,000",2021-07-23T00:00:00.000Z,Owner-Occupied,8.0,C2,4.0,20/08/2021,Energist,Urban,2012 onwards,B,2.0,0.0,96.0,6.0,3.0,12.0,2.4,Cavity_Insulated,Suspended,Pitched,Double,Yes,Gas,Gas Boiler - Combi,,,,0.0,0.0,0.0,No,No,,,3.62,44.1,7724.0,3146.0,0.0,45.0,3.77,Yes,No,Yes,Yes,ASHP,None Required,14347.62,,512.0,12.5,3.5,Yes,20/09/2021,Energist,HT_ASHP,,Vaillant,VWL 55/6 A 230V S2,5.0,R290,,Water_new,200.0,,1.0,12.0,0.0,0.0,,,No,0.0,0.0,0.0,No,No,0.0,0.0,,no,5623.74,1752.34,,3795.79,0.0,0.0,0.0,0.0,0.0,0.0,4.0,,House_Mid-Terrace_2.0
E.ON,EOH1578,NE12,,Working Full time (>30hrs),Skilled Manual Worker,"25,001 - 30,000",2021-07-27T00:00:00.000Z,Owner-Occupied,16.0,C2,1.0,29/07/2021,Phoenix,Urban,1950 - 1966,,2.0,0.0,72.0,3.0,2.0,6.0,2.4,Cavity_Insulated,Suspended,Pitched,Double,Yes,Gas,Gas Boiler - Combi,Fire - Electric,,,0.0,0.0,1.0,No,No,,,5.13,70.71,9446.9,2996.0,131.0,50.0,3.35,Yes,No,Yes,Yes,ASHP,None Required,11308.8,,552.0,14.3,3.8,Yes,20/09/2021,Phoenix,ASHP,,Daikin,EDLQ07CAV3,7.0,R410A,,Water_new,180.0,,1.0,6.0,0.0,0.0,,,No,0.0,0.0,0.0,No,No,0.0,0.0,,no,5648.01,1752.34,,2130.88,,0.0,0.0,0.0,0.0,0.0,2.0,,House_Detached_1.0
E.ON,EOH1918,DL17,,Working Full time (>30hrs),Manager,"30,001 - 40,000",2021-07-27T00:00:00.000Z,Owner-Occupied,3.0,C1,5.0,02/08/2021,Energist,Suburban,2012 onwards,B,2.0,2.0,109.0,7.0,4.0,12.0,2.4,Cavity_Insulated,Suspended,Pitched,Double,Yes,Gas,Gas Boiler - Combi,,,,0.0,0.0,0.0,No,No,,,3.47,38.5,8366.0,3933.0,0.0,50.0,3.65,Yes,No,Yes,Yes,ASHP,None Required,13401.94,,614.0,12.5,3.3,Yes,23/08/2021,Energist,HT_ASHP,,Vaillant,VWL 75/6 A 230V S2,7.0,R290,,Water_new,250.0,,1.0,9.0,0.0,0.0,,,No,0.0,0.0,0.0,No,No,0.0,0.0,,no,5789.0,1752.34,,2684.85,0.0,0.0,0.0,0.0,0.0,0.0,4.0,,House_Detached_2.0
E.ON,EOH0355,NE27,51.0,Working Full time (>30hrs),Manager,"50,001+",2021-07-28T00:00:00.000Z,Owner-Occupied,12.0,C1,2.0,09/08/2021,Energist,Suburban,1991 - 1995,D,2.0,0.0,130.0,6.0,4.0,11.0,2.4,Cavity_Insulated,Suspended,Pitched,Double,No,Electricity,Electric Boiler,,Water,150,0.0,0.0,0.0,No,No,,,4.18,53.6,10543.0,3933.0,0.0,45.0,3.77,Yes,No,Yes,Yes,ASHP,None Required,13422.67,,671.0,12.5,3.8,Yes,06/09/2021,Energist,HT_ASHP,,Vaillant,VWL 55/6 A 230V S2,5.0,R290,,Water_new,200.0,,1.0,10.0,0.0,0.0,,,No,0.0,0.0,0.0,No,No,0.0,0.0,,no,5623.74,1752.34,,2870.84,0.0,0.0,0.0,0.0,0.0,0.0,4.0,,House_Detached_2.0
E.ON,EOH0457,NE12,64.0,Working Part time,Skilled Manual Worker,"40,001 - 50,000",2021-07-30T00:00:00.000Z,Owner-Occupied,15.0,C2,2.0,09/08/2021,Energist,Suburban,1991 - 1995,,1.0,0.0,70.0,4.0,2.0,9.0,2.4,Cavity_Insulated,Solid,Pitched,Double,Yes,Gas,Gas Boiler - Combi,,,,0.0,0.0,0.0,No,No,,,4.51,64.4,13735.0,2622.0,0.0,45.0,3.77,Yes,No,Yes,Yes,ASHP,None Required,12832.96,,737.0,12.9,4.0,Yes,30/08/2021,Energist,HT_ASHP,,Vaillant,VWL 55/6 A 230V S2,5.0,R290,,Water_new,200.0,,1.0,7.0,0.0,1.0,,,No,0.0,0.0,0.0,No,No,0.0,0.0,,no,5589.0,1752.34,,2315.87,0.0,0.0,0.0,0.0,0.0,0.0,3.0,,House_Detached_1.0
E.ON,EOH0630,NE25,52.0,Working Full time (>30hrs),Manager,"50,001+",2021-08-02T00:00:00.000Z,Owner-Occupied,11.0,C1,3.0,11/08/2021,Energist,Suburban,2012 onwards,C,2.0,2.0,133.0,9.0,4.0,14.0,2.4,Cavity_Insulated,Suspended,Pitched,Double,Yes,Gas,Gas Boiler - Combi,,,,0.0,0.0,0.0,No,No,,,4.08,36.1,9358.0,3933.0,0.0,45.0,3.77,Yes,No,Yes,Yes,ASHP,None Required,13977.64,,629.0,12.5,3.9,Yes,20/09/2021,Energist,HT_ASHP,,Vaillant,VWL 55/6 A 230V S2,5.0,R290,,Water_new,250.0,,1.0,14.0,0.0,0.0,,,No,0.0,0.0,0.0,No,No,0.0,0.0,,no,5623.74,1752.34,,3425.81,0.0,0.0,0.0,0.0,0.0,0.0,4.0,,House_Detached_2.0
E.ON,EOH0667,NE12,66.0,Retired,Pensioner,"25,001 - 30,000",2021-08-02T00:00:00.000Z,Owner-Occupied,31.0,DE,1.0,13/08/2021,Energist,Suburban,1983 - 1990,,2.0,0.0,96.0,6.0,3.0,12.0,2.4,Cavity_Insulated,Suspended,Pitched,Double,Yes,Gas,Gas Boiler - Combi,,,,0.0,0.0,0.0,No,No,,,5.69,59.9,16490.0,3496.0,0.0,45.0,3.77,No,No,Yes,Yes,ASHP,None Required,13052.69,,910.0,12.9,4.0,Yes,06/09/2021,Energist,HT_ASHP,,Vaillant,VWL 55/6 A 230V S2,5.0,R290,,Water_new,200.0,,1.0,9.0,0.0,0.0,,,No,0.0,0.0,0.0,No,No,0.0,0.0,,no,5623.74,1752.34,,2500.86,0.0,0.0,0.0,0.0,0.0,0.0,4.0,,House_Detached_1.0
E.ON,EOH0254,NE13,75.0,Retired,Pensioner,"25,001 - 30,000",2021-08-02T00:00:00.000Z,Owner-Occupied,5.0,DE,2.0,16/08/2021,Energist,Suburban,2012 onwards,B,2.0,2.0,111.0,7.0,4.0,12.0,2.4,Cavity_Insulated,Suspended,Pitched,Double,Yes,Gas,Gas Boiler - Combi,,,,0.0,0.0,0.0,No,No,,,3.34,34.77,8217.0,3496.0,0.0,45.0,3.77,Yes,No,Yes,Yes,ASHP,None Required,13422.67,,572.0,12.9,3.8,Yes,13/09/2021,Energist,HT_ASHP,,Vaillant,VWL 55/6 A 230V S2,5.0,R290,,Water_new,200.0,,1.0,10.0,0.0,0.0,,,No,0.0,0.0,0.0,No,No,0.0,0.0,,no,5623.74,1752.34,,2870.84,0.0,0.0,0.0,0.0,0.0,0.0,4.0,,House_Detached_1.0
E.ON,EOH1993,NE13,47.0,Working Full time (>30hrs),Professional,"50,001+",2021-07-29T00:00:00.000Z,Owner-Occupied,0.9,AB,5.0,11/08/2021,Energist,Suburban,2012 onwards,B,2.0,1.0,123.0,7.0,4.0,12.0,2.4,Cavity_Insulated,Suspended,Pitched,Double,Yes,Gas,Gas Boiler - Combi,,,,0.0,0.0,0.0,No,No,,,3.27,35.53,7629.0,3496.0,0.0,45.0,3.77,Yes,No,Yes,Yes,ASHP,None Required,13422.67,,533.0,12.5,3.8,Yes,30/08/2021,Energist,HT_ASHP,,Vaillant,VWL 55/6 A 230V S2,5.0,R290,,Water_new,200.0,,1.0,10.0,0.0,0.0,,,No,0.0,0.0,0.0,No,No,0.0,0.0,,no,5623.74,1752.34,,2870.84,0.0,0.0,0.0,0.0,0.0,0.0,4.0,,House_Detached_2.0
E.ON,EOH1925,NE25,50.0,Working Full time (>30hrs),Manager,"50,001+",2021-08-02T00:00:00.000Z,Owner-Occupied,8.0,AB,2.0,11/08/2021,Energist,Suburban,2007 - 2011,C,2.0,2.0,152.0,8.0,4.0,14.0,2.4,Cavity_Insulated,Suspended,Pitched,Double,Yes,Gas,Gas Boiler - Combi,,,,0.0,0.0,0.0,No,No,,,4.61,36.2,10622.0,3496.0,0.0,45.0,3.77,Yes,No,Yes,Yes,ASHP,None Required,14347.62,,659.0,12.9,3.5,Yes,20/09/2021,Energist,HT_ASHP,,Vaillant,VWL 55/6 A 230V S2,5.0,R290,,Water_new,200.0,,1.0,10.0,0.0,0.0,,,No,0.0,0.0,0.0,No,No,0.0,0.0,,no,5623.74,1752.34,,2870.84,0.0,0.0,0.0,0.0,0.0,0.0,4.0,,House_Detached_2.0
E.ON,EOH2782,NE61,,Working Part time,Skilled Manual Worker,"20,001 - 25,000",2021-08-04T00:00:00.000Z,Owner-Occupied,2.0,C2,4.0,05/08/2021,Energist,Suburban,1991 - 1995,G,2.0,0.0,172.0,6.0,3.0,11.0,2.4,Cavity_Insulated,Suspended,Pitched,Double,No,LPG,LPG Boiler,,,,0.0,0.0,0.0,No,No,,,7.78,55.9,23447.0,2797.0,0.0,45.0,3.77,Yes,No,Yes,Yes,ASHP,None Required,13957.91,,1074.0,12.9,3.6,Yes,30/08/2021,Energist,HT_ASHP,,Vaillant,VWL 55/6 A 230V S2,5.0,R290,,Water_new,200.0,,1.0,12.0,0.0,0.0,,,No,0.0,0.0,0.0,No,No,0.0,0.0,,no,5789.0,1752.34,,3240.82,0.0,0.0,0.0,0.0,0.0,0.0,4.0,,House_Detached_2.0
E.ON,EOH1239,NE25,45.0,Working Full time (>30hrs),Manager,"50,001+",2021-08-04T00:00:00.000Z,Owner-Occupied,10.0,AB,4.0,18/08/2021,Energist,Suburban,1996 - 2002,D,2.0,1.0,123.0,8.0,4.0,13.0,2.4,Cavity_Insulated,Suspended,Pitched,Double,Yes,Gas,Gas Boiler - Combi,,,,0.0,0.0,0.0,No,No,,,6.27,54.9,17488.0,3933.0,0.0,45.0,3.91,Yes,No,Yes,Yes,ASHP,None Required,14142.9,,963.0,12.5,4.0,Yes,27/09/2021,Energist,HT_ASHP,,Vaillant,VWL 75/6 A 230V S2,7.0,R290,,Water_new,200.0,,1.0,13.0,0.0,0.0,,,No,0.0,0.0,0.0,No,No,0.0,0.0,,no,5789.0,1752.34,,3425.81,0.0,0.0,0.0,0.0,0.0,0.0,4.0,,House_Detached_2.0
E.ON,EOH2956,DH4,,Working Full time (>30hrs),Manager,"50,001+",2021-08-04T00:00:00.000Z,Owner-Occupied,3.0,C1,1.0,05/08/2021,Energist,Suburban,1950 - 1966,C,2.0,0.0,140.0,6.0,3.0,10.0,2.4,Cavity_Insulated,Solid,Pitched,Double,Yes,Gas,Gas Boiler - Combi,,,,0.0,0.0,1.0,No,No,,,4.72,37.4,15990.0,3933.0,0.0,45.0,3.91,Yes,No,Yes,Yes,ASHP,None Required,12932.96,,789.0,12.9,3.7,Yes,16/08/2021,Energist,HT_ASHP,,Vaillant,VWL 75/6 A 230V S2,7.0,R290,,Water_new,250.0,,1.0,7.0,0.0,0.0,,,No,0.0,0.0,0.0,No,No,0.0,0.0,,no,5689.0,1752.34,,2315.87,0.0,0.0,0.0,0.0,0.0,0.0,3.0,,House_Detached_2.0
E.ON,EOH2430,NE12,36.0,Working Full time (>30hrs),prefer not to say,Prefer not to say,2021-08-04T00:00:00.000Z,Owner-Occupied,,C1,3.0,06/08/2021,Energist,Suburban,2007 - 2011,C,2.0,1.0,89.0,6.0,4.0,9.0,2.4,Cavity_Insulated,Solid,Pitched,Double,Yes,Gas,Gas Boiler - Combi,,,,0.0,0.0,0.0,No,No,,,3.34,47.14,8533.0,3496.0,0.0,45.0,3.77,Yes,No,Yes,Yes,ASHP,None Required,13237.68,,561.0,12.9,3.4,Yes,23/08/2021,Energist,HT_ASHP,,Vaillant,VWL 55/6 A 230V S2,5.0,R290,,Water_new,200.0,,1.0,9.0,0.0,0.0,,,No,0.0,0.0,0.0,No,No,0.0,0.0,,no,5623.74,1752.34,,2685.85,0.0,0.0,0.0,0.0,0.0,0.0,4.0,,House_Detached_2.0
E.ON,EOH1740,NE42,,Working Full time (>30hrs),Skilled Manual Worker,"50,001+",2021-08-05T00:00:00.000Z,Owner-Occupied,8.0,C2,5.0,09/08/2021,Energist,Suburban,1930 - 1949,E,2.0,0.0,95.0,5.0,3.0,8.0,2.4,Cavity_No_insulation,Suspended,Pitched,Double,Yes,Gas,Gas Boiler - Combi,,,,0.0,0.0,1.0,No,No,,,5.79,68.05,17209.0,3146.0,0.0,45.0,3.91,No,No,Yes,Yes,ASHP,None Required,13217.95,,846.0,12.5,3.8,Yes,06/09/2021,Energist,HT_ASHP,,Vaillant,VWL 75/6 A 230V S2,7.0,R290,,Water_new,200.0,,1.0,8.0,0.0,0.0,,,No,0.0,0.0,0.0,No,No,0.0,0.0,,no,5789.0,1752.34,,2500.86,0.0,0.0,0.0,0.0,0.0,0.0,4.0,,House_Detached_1.0
E.ON,EOH0162,NE40,,Working Full time (>30hrs),Skilled Manual Worker,"50,001+",2021-08-09T00:00:00.000Z,Owner-Occupied,2.0,C2,5.0,10/08/2021,Energist,Suburban,1900 - 1929,D,2.0,0.0,99.0,5.0,3.0,9.0,2.4,Solid_No_insulation,Suspended,Pitched,Double,Yes,Gas,Gas Boiler - Combi,Fire - Gas,,,0.0,1.0,1.0,No,No,,,6.32,73.51,18004.0,2797.0,0.0,50.0,3.65,Yes,No,Yes,Yes,ASHP,None Required,13217.95,,822.0,12.9,4.0,Yes,23/08/2021,Energist,HT_ASHP,,Vaillant,VWL 75/6 A 230V S2,7.0,R290,,Water_new,200.0,,1.0,8.0,0.0,0.0,,,No,0.0,0.0,0.0,No,No,0.0,0.0,,no,5789.0,1752.34,,2500.83,0.0,0.0,0.0,0.0,0.0,0.0,4.0,,House_Mid-Terrace_2.0
E.ON,EOH1471,NE31,,Retired,Pensioner,Prefer not to say,2021-08-10T00:00:00.000Z,Owner-Occupied,54.0,DE,2.0,18/08/2021,Energist,Suburban,1950 - 1966,,2.0,0.0,66.0,4.0,2.0,9.0,2.4,Cavity_Insulated,Suspended,Pitched,Double,Yes,Gas,Gas Boiler - Combi,,,,0.0,0.0,0.0,No,No,,,4.54,77.06,11821.0,2377.0,0.0,45.0,3.77,Yes,No,Yes,Yes,ASHP,None Required,13002.06,,619.0,12.5,3.5,Yes,30/08/2021,Energist,HT_ASHP,,Vaillant,VWL 55/6 A 230V S2,5.0,R290,,Water_new,150.0,,1.0,8.0,0.0,0.0,,,No,0.0,0.0,0.0,No,No,0.0,0.0,,no,5623.74,1701.71,,2500.86,0.0,0.0,0.0,0.0,0.0,0.0,4.0,,House_Mid-Terrace_2.0
E.ON,EOH0402,NE2,34.0,Working Full time (>30hrs),Professional,"50,001+",2021-08-11T00:00:00.000Z,Owner-Occupied,1.0,AB,5.0,18/08/2021,Phoenix,Urban,1900 - 1929,E,2.0,1.0,96.0,4.0,3.0,8.0,3.0,Solid_No_insulation,Suspended,Pitched,Double,Yes,Gas,Gas Boiler - Combi,Fire - Wood,,,0.0,0.0,0.0,No,No,,,6.71,75.3,15848.0,4994.0,0.0,,,No,No,No,Yes,Hybrid,None Required,13856.0,,908.0,14.3,3.8,Yes,04/10/2021,E.ON SIME,Hybrid,Integrated,SIME,SIME MURELLE REVOLUTION,4.0,R410A,,,,,1.0,10.0,0.0,0.0,,,No,0.0,0.0,0.0,No,No,0.0,0.0,,no,5200.0,,,5599.97,,0.0,0.0,0.0,0.0,0.0,2.0,,House_Semi-Detached_2.0
E.ON,EOH0029,NE28,,Working Full time (>30hrs),Skilled Manual Worker,"40,001 - 50,000",2021-08-12T00:00:00.000Z,Owner-Occupied,6.0,C2,5.0,26/08/2021,Energist,Suburban,1983 - 1990,C,2.0,0.0,69.0,5.0,3.0,8.0,2.4,Cavity_Insulated,Solid,Pitched,Double,Yes,Gas,Gas Boiler - Combi,,,,0.0,0.0,0.0,No,No,,,3.07,54.73,8522.0,3146.0,0.0,45.0,3.77,No,No,Yes,Yes,ASHP,None Required,12647.97,,540.0,12.5,4.0,Yes,19/09/2021,Energist,HT_ASHP,,Vaillant,VWL 55/6 A 230V S2,5.0,R290,,Water_new,200.0,,1.0,6.0,0.0,0.0,,,No,0.0,0.0,0.0,No,No,0.0,0.0,,no,5589.0,1752.34,,2130.88,0.0,0.0,0.0,0.0,0.0,0.0,3.0,,House_Mid-Terrace_2.0
E.ON,EOH0345,DL13,,Working Full time (>30hrs),Clerical,"50,001+",2021-08-12T00:00:00.000Z,Owner-Occupied,1.0,C1,1.0,18/08/2021,Energist,Suburban,Before 1900,C,2.0,0.0,213.0,6.0,4.0,10.0,2.4,Cavity_Insulated,Solid,Pitched,Double,No,Oil,Oil Boiler - Standard,,Water,200,5.0,0.0,0.0,No,No,,,5.01,29.59,12523.0,4270.0,0.0,45.0,3.77,Yes,No,Yes,Yes,ASHP,None Required,12797.72,,761.0,12.9,6.75,Yes,13/09/2021,Energist,HT_ASHP,,Vaillant,VWL 55/6 A 230V S2,5.0,R290,,Water_new,250.0,,1.0,5.0,0.0,0.0,,,No,0.0,0.0,0.0,No,No,0.0,0.0,,no,5623.74,1752.34,,2245.89,0.0,0.0,0.0,0.0,0.0,0.0,4.0,,House_Mid-Terrace_2.0
E.ON,EOH2414,DH1,,Working Full time (>30hrs),Professional,"50,001+",2021-08-23T00:00:00.000Z,Owner-Occupied,9.0,C1,2.0,14/09/2021,Energist,Suburban,2012 onwards,C,2.0,1.0,123.0,6.0,4.0,11.0,2.4,Cavity_Insulated,Solid,Pitched,Double,Yes,Gas,Gas Boiler - Combi,,,,0.0,0.0,1.0,No,No,,,3.42,34.54,8696.0,3496.0,0.0,45.0,3.77,Yes,No,Yes,Yes,ASHP,None Required,13977.64,,589.0,12.9,3.5,Yes,20/09/2021,Energist,HT_ASHP,,Vaillant,VWL 55/6 A 230V S2,5.0,R290,,Water_new,200.0,,1.0,13.0,0.0,0.0,,,No,0.0,0.0,0.0,No,No,0.0,0.0,,no,5623.74,1752.34,,3425.81,0.0,0.0,0.0,0.0,0.0,0.0,4.0,,House_Detached_2.0
E.ON,EOH0780,NE15,,Working Full time (>30hrs),Skilled Manual Worker,"40,001 - 50,000",2021-08-22T00:00:00.000Z,Owner-Occupied,7.0,C2,3.0,20/09/2021,Energist,Rural,1900 - 1929,E,2.0,0.0,65.0,3.0,2.0,6.0,2.4,Solid_No_insulation,Solid,Pitched,Double,No,Coal,Fire - Coal,,Water,Unknown,0.0,0.0,0.0,No,No,,,3.91,59.25,11953.0,2098.0,583.0,50.0,3.41,Yes,No,Yes,Yes,ASHP,None Required,12632.0,,595.0,14.3,3.8,Yes,27/09/2021,Energist,HT_ASHP,,Vaillant,VWL 55/6 A 230V S2,5.0,R290,,Water_new,150.0,,1.0,6.0,0.0,0.0,,,No,0.0,0.0,0.0,No,No,0.0,0.0,,no,5623.74,1701.71,,2130.88,0.0,0.0,0.0,0.0,0.0,0.0,3.0,,House_Mid-Terrace_2.0
E.ON,EOH1985,NE61,,Retired,Pensioner,Prefer not to say,2021-09-28T00:00:00.000Z,Owner-Occupied,26.0,DE,4.0,20/09/2021,Energist,Rural,1930 - 1949,,2.0,2.0,210.0,5.0,3.0,8.0,2.4,Cavity_Insulated,Suspended,Pitched,Double,No,Coal,Fire - Coal,,Water,Unknown,0.0,0.0,0.0,No,No,,,6.963,75.68,19015.0,2792.0,0.0,50.0,3.65,Yes,No,Yes,Yes,HT_ASHP,None Required,13217.0,,952.0,12.9,6.9,Yes,27/09/2021,Energist,HT_ASHP,,Vaillant,VWL 75/6 A 230V S2,7.0,R290,,Water_new,200.0,,1.0,8.0,0.0,0.0,,,No,0.0,0.0,0.0,No,No,0.0,0.0,,no,5789.0,1752.34,,2500.86,0.0,0.0,0.0,0.0,0.0,0.0,4.0,,House_Detached_2.0
E.ON,EOH1643,NE46,,Working Full time (>30hrs),Skilled Manual Worker,"30,001 - 40,000",2021-07-23T00:00:00.000Z,Owner-Occupied,,C1,4.0,10/08/2021,Energist,Rural,Before 1900,,2.0,2.0,142.0,6.0,4.0,10.0,2.4,Solid_No_insulation,Suspended,Pitched,Double,No,Oil,Oil Boiler - Standard,,Water,200,0.0,0.0,0.0,No,No,,,5.78,36.6,14021.0,4270.0,0.0,45.0,3.91,Yes,No,Yes,Yes,ASHP,None Required,13123.02,,976.0,14.99,4.0,Yes,30/08/2021,Energist,HT_ASHP,,Vaillant,VWL 75/6 A 230V S2,7.0,R290,,Water_new,250.0,,1.0,1.0,0.0,0.0,,,No,0.0,0.0,0.0,No,No,0.0,0.0,,no,5789.0,1752.34,,2405.93,0.0,0.0,0.0,0.0,0.0,0.0,5.0,,House_Detached_3.0
Warmworks,EOH2329,EH4,66.0,Unemployed,Professional,"30,001 - 40,000",2020-06-29T00:00:00.000Z,Owner-Occupied,10.0,C1,3.0,12/07/2020,Everwarm,Suburban,1919-1944,C,2.0,0.0,109.54,5.0,3.0,5.0,2.66,Cavity_Insulated,Suspended,Pitched,Double,Yes,Gas,Gas Boiler - Standard,Fire - Wood,Water,Normal (90-130l),0.0,0.0,1.0,No,No,1011.7,,5.4,69.8,17609.0,4075.0,1237.0,45.0,3.86,Yes with additional measures,No,Yes,No,ASHP,,,,1185.0,16.0,,Yes,09/11/2020,BRB Electrical Ltd,ASHP,,Mitsubishi,PUHZ-W85VHAA,8.5,R410A,0.0,Water_New,150.0,,1.0,10.0,,0.0,,Low Noise Heat Pump,No,0.0,0.0,0.0,Yes,No,0.0,0.0,,No,7655.16,3508.27,1610.23,2705.76,,,,,,,2.0,0.0,House_Detached_1.0
Warmworks,EOH0981,EH39,43.0,Working Full time (>30hrs),Professional,"50,001+",2020-06-29T00:00:00.000Z,Owner-Occupied,0.5,AB,4.0,15/07/2020,Warmworks,Suburban,1981-1990,C,2.0,2.0,233.64,9.0,5.0,9.0,2.4,Cavity_Insulated,Suspended,Pitched,Double,Yes,Gas,Gas Boiler - Combi,,,,9.0,1.0,0.0,No,No,4300.0,17000.0,,,,,,,,Yes,Yes,Yes,Yes,ASHP,,,,,,,Yes,,,,,,,,,,,,,,,,,,,,,,,,,,,,,,,,,,,,,,,,,House_Detached_2.0
Warmworks,EOH0655,TD1,43.0,Working Full time (>30hrs),Supervisor,"40,001 - 50,000",2020-06-29T00:00:00.000Z,Owner-Occupied,8.0,C1,2.0,19/07/2020,Everwarm,Suburban,1945-1964,D,2.0,1.0,117.59,5.0,3.0,5.0,2.45,Cavity_Insulated,Suspended,Pitched,Double,Yes,Gas,Gas Boiler - Combi,Fire - Wood,,,0.0,0.0,0.0,No,No,3249.3,14571.0,7.0,80.0,19067.0,3821.0,0.0,50.0,3.65,Yes,No,Yes with additional measures,No,HT_ASHP,,,,1069.69,15.0,,Yes,15/10/2020,Everwarm,HT_ASHP,,Vaillant,VWL 75/6 A 230V S2,7.0,R290,0.0,Water_New,150.0,,1.0,,7.0,0.0,,Low Noise Heat Pump,No,0.0,0.0,0.0,No,No,0.0,0.0,,No,11215.18,3508.27,1610.23,1894.03,,,,,,,2.0,0.0,House_Semi-Detached_2.0
Warmworks,EOH2235,G65,29.0,Working Full time (>30hrs),Manager,"50,001+",2020-06-29T00:00:00.000Z,Owner-Occupied,1.5,AB,4.0,07/08/2020,Warmworks,Suburban,1919-1944,C,2.0,1.0,173.01,5.0,3.0,5.0,3.0,Cavity_No_insulation,Suspended,Pitched,Double,Yes,Gas,Gas Boiler - Combi,Fire - Coal,,,0.0,0.0,1.0,No,No,4000.0,18000.0,11.6,94.0,29276.0,3821.0,0.0,50.0,3.92,Yes with additional measures,No,Yes,Yes,HT_ASHP,,,,1160.17,13.13,,Yes,17/09/2020,Everwarm,HT_ASHP,,Vaillant,VWL 125/6 A 230V S2,12.0,R290,0.0,Water_New,200.0,,1.0,,1.0,0.0,,Low Noise Heat Pump,No,0.0,0.0,0.0,No,No,0.0,0.0,,No,17943.14,3572.21,1610.23,,,,,,,,2.0,0.0,House_Semi-Detached_2.0
Warmworks,EOH0411,EH33,37.0,Working Full time (>30hrs),Professional,"50,001+",2020-06-29T00:00:00.000Z,Owner-Occupied,0.3,AB,4.0,21/07/2020,Everwarm,Urban,1981-1990,C,1.0,0.0,103.08,5.0,3.0,5.0,2.5,Cavity_Insulated,Suspended,Pitched,Double,Yes,Gas,Gas Boiler - Standard,,Water,Normal (90-130l),0.0,0.0,0.0,No,No,2906.0,12009.0,7.1,97.0,19536.0,3821.0,0.0,50.0,3.65,Yes with additional measures,No,Yes with additional measures,Yes,HT_ASHP,,,,914.39,13.79,2.39,Yes,07/10/2020,Everwarm,HT_ASHP,,Vaillant,VWL 75/6 A 230V S2,7.0,R290,0.0,Water_New,150.0,,1.0,,5.0,0.0,,Low Noise Heat Pump,No,0.0,0.0,0.0,No,Yes,0.0,0.0,,No,11215.18,3508.27,1610.23,1352.88,,582.9,,,,,2.0,2.0,House_Semi-Detached_2.0
Warmworks,EOH2028,G65,25.0,Working Full time (>30hrs),Manager,"50,001+",2020-06-29T00:00:00.000Z,Owner-Occupied,3.0,C2,5.0,21/07/2020,Warmworks,Suburban,Pre 1919,D,2.0,0.0,125.07,5.0,3.0,5.0,2.62,Cavity_Insulated,Suspended,Pitched,Double,Yes,Gas,Gas Boiler - Combi,,,,0.0,0.0,0.0,No,No,,,10.9,89.0,29412.0,3821.0,0.0,,,Yes,Yes,Yes,Yes,ASHP,,,,1100.97,15.0,,Yes,17/09/2020,Everwarm,HT_ASHP,,Vaillant,VWL 125/6 A 230V S2,12.0,R290,0.0,Water_New,200.0,,1.0,,1.0,0.0,,Low Noise Heat Pump,No,0.0,0.0,0.0,No,No,0.0,0.0,,No,17943.14,3572.21,1610.23,,,,,,,,2.0,0.0,House_Semi-Detached_2.0
Warmworks,EOH0332,KY11,34.0,Working Full time (>30hrs),Professional,"30,001 - 40,000",2020-06-29T00:00:00.000Z,Owner-Occupied,8.0,C1,3.0,26/07/2020,Everwarm,Suburban,1981-1990,D,1.0,0.0,55.39,3.0,2.0,3.0,2.35,Cavity_No_insulation,Suspended,Pitched,Double,Yes,Gas,Gas Boiler - Standard,,Water,Normal (90-130l),0.0,0.0,1.0,No,No,2729.0,7168.0,3.7,92.0,10063.0,2865.0,0.0,,,Yes,Yes,Yes,No,HT_ASHP,,,,674.34,15.0,,Yes,01/10/2020,Everwarm,HT_ASHP,,Vaillant,VWL 55/6 A 230V S2,5.0,R290,0.0,Water_New,150.0,,1.0,,4.0,0.0,,Low Noise Heat Pump,No,0.0,0.0,0.0,No,No,0.0,0.0,,No,11215.18,3508.27,1610.23,1082.3,,,,,,,2.0,0.0,House_Semi-Detached_1.0
Warmworks,EOH1064,EH30,29.0,Working Full time (>30hrs),Supervisor,"50,001+",2020-06-29T00:00:00.000Z,Owner-Occupied,0.1,C1,3.0,15/07/2020,Warmworks,Urban,1965-1980,D,2.0,0.0,99.64,6.0,3.0,6.0,2.4,Cavity_No_insulation,Suspended,Pitched,Double,Yes,Gas,Gas Boiler - Standard,,Water,Normal (90-130l),5.0,0.0,0.0,No,No,4122.0,4000.0,,,,,,,,Yes,No,Yes,Yes,ASHP,,,,,,,No,,,,,,,,,,,,,,,,,,,,,,,,,,,,,,,,,,,,,,,,,House_Semi-Detached_2.0
Warmworks,EOH1402,EH7,32.0,Working Part time,Professional,"20,001 - 25,000",2020-06-29T00:00:00.000Z,Owner-Occupied,3.0,C1,1.0,12/07/2020,Everwarm,Urban,1981-1990,C,2.0,1.0,71.58,3.0,2.0,3.0,2.325,Cavity_Insulated,Suspended,Pitched,Double,Yes,Gas,Gas Boiler - Combi,,Water,Normal (90-130l),0.0,0.0,1.0,No,No,3691.0,8918.0,,,,,,,,Yes with additional measures,No,Yes with additional measures,Yes,HT_ASHP,,,,,,,No,,,,,,,,,,,,,,,,,,,,,,,,,,,,,,,,,,,,,,,,,House_Mid-Terrace_2.0
Warmworks,EOH1018,FK4,59.0,Working Full time (>30hrs),Professional,"50,001+",2020-06-29T00:00:00.000Z,Owner-Occupied,20.0,C1,2.0,30/08/2020,Warmworks,Rural,1991-2000,C,3.0,0.0,104.88,5.0,3.0,5.0,2.38,Cavity_Insulated,Suspended,Pitched,Double,Yes,Gas,Gas Boiler - Combi,,,,0.0,0.0,1.0,No,No,14885.0,,8.8,93.0,20162.0,3937.0,0.0,50.0,3.92,Yes,No,Yes,No,ASHP,,,,909.54,18.0,5.0,Yes,21/06/2021,Everwarm,HT_ASHP,,Vaillant,VWL 125/6 A 230V S2,12.0,R290,0.0,PCM_New,,10.5,1.0,,10.0,0.0,,Low Noise Heat Pump,No,0.0,0.0,0.0,No,No,0.0,0.0,,No,17943.13,3870.96,1610.23,2705.76,,,,,,,3.0,0.0,House_Detached_2.0
Warmworks,EOH0875,EH4,37.0,Working Full time (>30hrs),Professional,"40,001 - 50,000",2020-06-29T00:00:00.000Z,Owner-Occupied,5.0,C1,3.0,03/08/2020,Warmworks,Suburban,1945-1964,E,1.0,1.0,130.01,5.0,3.0,5.0,2.6,Cavity_No_insulation,Suspended,Pitched,Double,Yes,Gas,Gas Boiler - Combi,,,,0.0,0.0,1.0,Yes - Borehole,Yes,3486.0,17778.0,,,,,,,,No,Yes,Yes,Yes,GSHP,,,,,,,No,,,,,,,,,,,,,,,,,,,,,,,,,,,,,,,,,,,,,,,,,House_Semi-Detached_2.0
Warmworks,EOH0847,EH4,41.0,Working Full time (>30hrs),Professional,"50,001+",2020-06-29T00:00:00.000Z,Owner-Occupied,1.0,C2,3.0,22/07/2020,Everwarm,Suburban,1965-1980,D,2.0,3.0,185.61,6.0,5.0,6.0,2.4,Cavity_Insulated,Suspended,Pitched,Double,Yes,Gas,Gas Boiler - Combi,,,,0.0,0.0,1.0,No,No,17948.0,4139.0,,,,,,,,No,No,No,No,None - Installation not recommended,,,,,,,,,,,,,,,,,,,,,,,,,,,,,,,,,,,,,,,,,,,,,,,,House_Semi-Detached_3.0
Warmworks,EOH3021,EH45,52.0,Working Full time (>30hrs),Clerical,Prefer not to say,2020-06-29T00:00:00.000Z,Owner-Occupied,11.0,C2,3.0,24/07/2020,Warmworks,Suburban,1991-2000,D,2.0,2.0,150.04,6.0,4.0,6.0,2.6,Cavity_Insulated,Solid,Pitched,Double,Yes,Gas,Gas Boiler - Standard,,Water,Large (> 170l),0.0,0.0,0.0,No,No,4026.0,9430.0,7.3,63.8,18551.0,6113.0,764.0,55.0,3.63,Yes,No,Yes,Yes,ASHP,,,,1328.0,14.0,3.0,Yes,09/12/2020,BRB Electrical Ltd,HT_ASHP,,Vaillant,VWL 125/6 A 230V S2,12.0,R290,0.0,Water_New,200.0,,1.0,,14.0,0.0,,Low Noise Heat Pump,No,0.0,0.0,0.0,Yes,No,0.0,0.0,,No,11215.18,3572.21,1610.23,3788.06,,,,,,,3.0,0.0,House_Detached_2.0
Warmworks,EOH2739,EH26,55.0,Training or Education,Manager,"50,001+",2020-06-29T00:00:00.000Z,Owner-Occupied,16.0,AB,5.0,10/08/2020,Warmworks,Suburban,1991-2000,C,5.0,0.0,159.48,9.0,4.0,9.0,2.43,Cavity_Insulated,Suspended,Pitched,Double,Yes,Gas,Gas Boiler - Standard,Electric - Direct,Water,Medium (131-170l),0.0,0.0,1.0,No,No,5865.0,24981.0,10.3,78.0,27255.0,4776.0,0.0,,,Yes,No,Yes,No,HT_ASHP,,,,1407.78,15.0,,Yes,28/01/2021,Everwarm,HT_ASHP,,Vaillant,VWL 125/6 A 230V S2,12.0,R290,0.0,Water_New,200.0,,1.0,,12.0,0.0,,Low Noise Heat Pump,No,0.0,0.0,0.0,No,No,0.0,0.0,,No,11215.18,3572.21,1610.23,3246.91,,,,,,,2.0,0.0,House_Detached_2.0
Warmworks,EOH1955,EH5,30.0,Working Part time,Professional,"50,001+",2020-06-29T00:00:00.000Z,Owner-Occupied,1.0,C1,4.0,22/07/2020,Everwarm,Suburban,2001+,C,2.0,1.0,153.84,5.0,3.0,5.0,2.37,Cavity_Insulated,Suspended,Flat,Double,Yes,Gas,Gas Boiler - Combi,,,,0.0,0.0,1.0,No,No,3286.0,15559.0,11.0,79.0,29756.0,3281.0,0.0,,,Yes,No,Yes,No,None - Installation not recommended,,,,1164.28,13.48,2.78,No,,,,,,,,,,,,,,,,,,,,,,,,,,,,,,,,,,,,,,,,,House_Mid-Terrace_3.0
Warmworks,EOH1980,EH33,64.0,Working Part time,Skilled Manual Worker,"25,001 - 30,000",2020-06-29T00:00:00.000Z,Owner-Occupied,35.0,C2,3.0,29/07/2020,Everwarm,Urban,1945-1964,E,3.0,0.0,179.98,7.0,4.0,7.0,2.8,Cavity_Insulated,Suspended,Pitched,Double,Yes,Gas,Gas Boiler - Combi,Fire - Gas,,,0.0,2.0,1.0,No,No,4237.0,33592.0,13.3,83.0,36443.0,4776.0,0.0,,,No,No,Yes with additional measures,Yes with additional measures,HT_ASHP,,,,,,,Yes,25/01/2021,Everwarm,Hybrid,Separate_Existing Boiler,Vaillant,VWL 125/6 A 230V S2,12.0,R290,0.0,Water_New,200.0,,1.0,,9.0,0.0,,Low Noise Heat Pump,No,0.0,0.0,0.0,No,No,0.0,0.0,,No,10177.84,3572.21,1610.23,2435.17,,,,,,,2.0,0.0,House_Detached_2.0
Warmworks,EOH0920,DG11,57.0,Working Full time (>30hrs),Professional,"50,001+",2020-06-29T00:00:00.000Z,Owner-Occupied,24.0,AB,4.0,28/06/2021,Warmworks,Rural,1991-2000,B,2.0,0.0,227.64,7.0,3.0,7.0,2.6,Cavity_Insulated,Suspended,Pitched,Double,No,Oil,,,Water,Large (> 170l),0.0,0.0,0.0,No,No,,,,,,,,,,Yes,No,Yes,Yes,None - Installation not recommended,,,,,,,,,,,,,,,,,,,,,,,,,,,,,,,,,,,,,,,,,,,,,,,,House_Detached_1.0
Warmworks,EOH2535,EH14,58.0,Working Part time,Manager,"50,001+",2020-06-29T00:00:00.000Z,Owner-Occupied,14.0,C1,4.0,27/07/2020,Everwarm,Suburban,1945-1964,C,2.0,2.0,179.51,7.0,4.0,7.0,2.4,Cavity_Insulated,Suspended,Pitched,Double,Yes,Gas,Gas Boiler - Combi,Fire - Gas,,,0.0,1.0,1.0,No,No,2052.0,,12.8,92.0,34744.0,4776.0,0.0,,,No,No,Yes,No,None - Installation not recommended,,,,3201.56,18.68,,,,,,,,,,,,,,,,,,,,,,,,,,,,,,,,,,,,,,,,,,,House_Semi-Detached_2.0
Warmworks,EOH0242,ML12,48.0,Working Full time (>30hrs),Manager,"40,001 - 50,000",2020-06-30T00:00:00.000Z,Owner-Occupied,13.0,AB,4.0,21/07/2020,Everwarm,Rural,Pre 1919,E,2.0,2.0,220.6,8.0,5.0,8.0,2.7,Cavity_No_insulation,Suspended,Pitched,Double,No,Oil,Oil Boiler,Fire - Wood,,,0.0,0.0,0.0,No,No,4266.0,,15.5,88.0,42322.0,6686.0,0.0,,,Yes,Yes,Yes,No,None - Installation not recommended,,,,1800.6,13.48,,,,,,,,,,,,,,,,,,,,,,,,,,,,,,,,,,,,,,,,,,,House_Detached_2.0
Warmworks,EOH1194,EH18,63.0,Unemployed,Professional,Prefer not to say,2020-06-30T00:00:00.000Z,Owner-Occupied,12.0,AB,5.0,22/07/2020,Warmworks,Suburban,2001+,C,4.0,0.0,123.88,5.0,3.0,5.0,2.6,Cavity_Insulated,Solid,Pitched,Double,Yes,Gas,Gas Boiler - Standard,,Water,Medium (131-170l),0.0,0.0,0.0,No,No,2643.0,9346.0,,,,,,,,Yes,No,Yes,Yes,ASHP,,,,,,,No,,,,,,,,,,,,,,,,,,,,,,,,,,,,,,,,,,,,,,,,,House_Detached_2.0
Warmworks,EOH2153,EH16,44.0,Working Full time (>30hrs),Professional,"50,001+",2020-06-30T00:00:00.000Z,Owner-Occupied,9.0,AB,2.0,14/07/2020,Warmworks,Suburban,1991-2000,C,2.0,3.0,145.76,6.0,4.0,6.0,2.38,Cavity_Insulated,Solid,Pitched,Double,Yes,Gas,Gas Boiler - Standard,,Water,Medium (131-170l),0.0,0.0,1.0,No,No,3201.0,,10.5,88.0,30463.0,3821.0,0.0,50.0,3.65,Yes,No,Yes with additional measures,Yes,HT_ASHP,,,,1137.86,16.0,,Yes,12/10/2020,Everwarm,HT_ASHP,,Vaillant,VWL 75/6 A 230V S2,7.0,R290,0.0,Water_New,200.0,,1.0,,7.0,0.0,,Low Noise Heat Pump,No,0.0,0.0,0.0,No,Yes,0.0,0.0,,No,11215.18,3572.21,1610.23,1894.03,,408.41,,,,,2.0,19.0,House_Semi-Detached_2.0
Warmworks,EOH0782,EH4,59.0,Working Full time (>30hrs),Clerical,"50,001+",2020-06-30T00:00:00.000Z,Owner-Occupied,14.0,C1,1.0,07/09/2020,Warmworks,Suburban,2001+,C,2.0,1.0,103.44,5.0,4.0,5.0,2.6,Cavity_Insulated,Solid,Pitched,Double,Yes,Gas,Gas Boiler - Standard,,Water,Medium (131-170l),0.0,0.0,1.0,No,No,3100.0,1200.0,,,,,,,,No,No,Yes,Yes,Hybrid,,,,,,,No,,,,,,,,,,,,,,,,,,,,,,,,,,,,,,,,,,,,,,,,,House_Semi-Detached_2.0
Warmworks,EOH1021,EH17,37.0,Working Full time (>30hrs),Professional,"30,001 - 40,000",2020-06-30T00:00:00.000Z,Owner-Occupied,6.0,C1,2.0,17/07/2020,Warmworks,Suburban,1981-1990,C,2.0,1.0,64.34,5.0,2.0,5.0,2.4,Cavity_No_insulation,Solid,Pitched,Double,Yes,Gas,Gas Boiler - Combi,,,,0.0,0.0,1.0,No,No,2785.0,9272.0,,,,,,,,Yes,No,Yes,Yes,ASHP,,,,,,,No,,,,,,,,,,,,,,,,,,,,,,,,,,,,,,,,,,,,,,,,,House_End-Terrace_2.0
Warmworks,EOH1605,KY6,47.0,Working Full time (>30hrs),Manager,"50,001+",2020-06-30T00:00:00.000Z,Owner-Occupied,20.0,AB,4.0,03/08/2020,Everwarm,Rural,1965-1980,C,1.0,0.0,109.2,5.0,3.0,5.0,2.4,Cavity_No_insulation,Suspended,Pitched,Double,Yes,Gas,Gas Boiler - Combi,,,,0.0,0.0,1.0,No,No,3252.0,15109.0,,,,,,,,Yes with additional measures,No,Yes with additional measures,No,HT_ASHP,,,,,,,No,,,,,,,,,,,,,,,,,,,,,,,,,,,,,,,,,,,,,,,,,House_Detached_1.0
Warmworks,EOH1888,EH16,36.0,Working Full time (>30hrs),Professional,"40,001 - 50,000",2020-06-30T00:00:00.000Z,Owner-Occupied,10.0,AB,5.0,14/07/2020,Warmworks,Suburban,1945-1964,C,1.0,0.0,90.12,3.0,2.0,3.0,2.45,Cavity_Insulated,Solid,Pitched,Double,Yes,Gas,Gas Boiler - Combi,Fire - Wood,,,0.0,0.0,1.0,No,No,1267.0,5000.0,8.5,87.6,9269.0,3057.0,156.0,50.0,3.81,Yes,No,Yes,No,ASHP,,,,713.0,14.0,,Yes,03/08/2021,TK Murray,ASHP,,Mitsubishi,PUZ-WM85VAA,8.5,R32,0.0,Water_New,150.0,,1.0,9.0,,0.0,,Low Noise Heat Pump,No,0.0,0.0,0.0,Yes,No,0.0,0.0,,No,8575.73,3508.272,1610.23,2435.18,,,,,,,2.0,0.0,House_End-Terrace_2.0
Warmworks,EOH1637,PH7,70.0,Unemployed,Manager,"25,001 - 30,000",2020-06-30T00:00:00.000Z,Owner-Occupied,3.0,C2,3.0,08/09/2020,Warmworks,Suburban,1981-1990,C,2.0,0.0,111.84,5.0,3.0,5.0,2.32,Cavity_Insulated,Suspended,Pitched,Double,Yes,Gas,Gas Boiler - Combi,,,,0.0,0.0,1.0,No,No,,,7.5,105.0,22776.0,3821.0,0.0,,,Yes,No,Yes,No,HT_ASHP,,,,1186.35,15.0,5.0,Yes,23/11/2020,Everwarm,HT_ASHP,,Vaillant,VWL 125/6 A 230V S2,12.0,R290,0.0,Water_New,150.0,,1.0,,10.0,0.0,,Low Noise Heat Pump,No,0.0,0.0,0.0,No,No,0.0,0.0,,No,11215.18,3508.27,1610.23,2705.76,,,,,,,2.0,0.0,House_Detached_2.0
Warmworks,EOH2118,ML12,38.0,Working Full time (>30hrs),Manager,"50,001+",2020-06-30T00:00:00.000Z,Owner-Occupied,17.0,C1,2.0,11/08/2020,Warmworks,Suburban,1919-1944,E,3.0,3.0,182.3,9.0,5.0,9.0,2.58,Solid_No_insulation,Solid,Pitched,Double,Yes,Gas,Gas Boiler - Combi,Electric - Direct,,,0.0,0.0,0.0,No,No,,,,,,,,,,No,No,Yes,Yes,Hybrid,,,,,,,No,,,,,,,,,,,,,,,,,,,,,,,,,,,,,,,,,,,,,,,,,House_Detached_2.0
Warmworks,EOH2799,EH43,44.0,Working Full time (>30hrs),Manager,"30,001 - 40,000",2020-06-30T00:00:00.000Z,Owner-Occupied,5.0,C1,1.0,21/07/2020,Everwarm,Rural,1965-1980,D,2.0,1.0,75.8,4.0,2.0,4.0,2.55,Cavity_Insulated,Suspended,Pitched,Double,Yes,Gas,Gas Boiler - Combi,Fire - Gas,,,0.0,0.0,1.0,No,No,5549.0,15566.0,4.2,70.9,9672.0,2292.0,1874.0,45.0,3.86,Yes,No,Yes,No,ASHP,,,,827.0,14.81,2.81,Yes,16/11/2020,BRB Electrical Ltd,ASHP,,Mitsubishi,PUHZ-W85VHAA,8.5,R410A,0.0,Water_New,150.0,,1.0,7.0,,0.0,,Low Noise Heat Pump,No,0.0,0.0,0.0,Yes,No,0.0,0.0,,No,7655.16,3508.27,1610.23,1894.03,,,,,,,2.0,0.0,House_End-Terrace_2.0
Warmworks,EOH2078,EH33,57.0,Working Part time,Clerical,"25,001 - 30,000",2020-07-01T00:00:00.000Z,Owner-Occupied,13.0,C2,2.0,21/07/2020,Everwarm,Suburban,1981-1990,D,3.0,0.0,101.32,5.0,3.0,5.0,2.4,Cavity_No_insulation,Suspended,Pitched,Double,Yes,Gas,Gas Boiler - Standard,Fire - Gas,Water,Normal (90-130l),0.0,0.0,0.0,No,No,,,,,,,,,,No,No,Yes with additional measures,No,HT_ASHP,,,,,,,No,,,,,,,,,,,,,,,,,,,,,,,,,,,,,,,,,,,,,,,,,House_Semi-Detached_2.0
Warmworks,EOH2922,EH21,68.0,Stay at home parent,Professional,"40,001 - 50,000",2020-07-01T00:00:00.000Z,Owner-Occupied,11.0,C1,2.0,22/07/2020,Warmworks,Suburban,2001+,D,2.0,0.0,84.9,3.0,2.0,3.0,2.6,Cavity_Insulated,Suspended,Pitched,Double,Yes,Gas,Gas Boiler - Combi,,,,0.0,0.0,0.0,No,No,2150.0,13830.0,6.7,95.0,17460.0,2865.0,0.0,50.0,3.65,Yes,No,Yes,Yes,HT_ASHP,,,,765.78,13.9,2.55,Yes,26/10/2020,Everwarm,HT_ASHP,,Vaillant,VWL 75/6 A 230V S2,7.0,R290,0.0,Water_New,150.0,,1.0,,5.0,0.0,,Low Noise Heat Pump,No,0.0,0.0,0.0,No,No,0.0,0.0,,No,11215.18,3508.27,1610.23,1352.88,,,,,,,2.0,0.0,House_End-Terrace_2.0
Warmworks,EOH1969,EH4,62.0,Working Full time (>30hrs),Manager,"50,001+",2020-07-01T00:00:00.000Z,Owner-Occupied,24.0,AB,4.0,04/08/2020,Everwarm,Suburban,1965-1980,E,2.0,0.0,134.17,6.0,,6.0,2.35,Cavity_No_insulation,Suspended,Pitched,Double,Yes,Gas,Gas Boiler - Standard,Fire - Gas,Water,,0.0,1.0,1.0,No,No,,,,,,,,,,No,No,No,No,None - Installation not recommended,,,,,,,,,,,,,,,,,,,,,,,,,,,,,,,,,,,,,,,,,,,,,,,,House_Detached_2.0
Warmworks,EOH0220,KY11,37.0,Working Full time (>30hrs),Professional,"30,001 - 40,000",2020-07-01T00:00:00.000Z,Owner-Occupied,5.0,C1,3.0,03/08/2020,Warmworks,Suburban,2001+,C,1.0,0.0,80.28,4.0,3.0,4.0,2.3,Cavity_Insulated,Solid,Pitched,Double,Yes,Gas,Gas Boiler - Standard,,Water,Large (> 170l),0.0,0.0,1.0,No,No,,,,,,,,,,Yes,No,Yes,No,HT_ASHP,,,,,,,No,,,,,,,,,,,,,,,,,,,,,,,,,,,,,,,,,,,,,,,,,House_Mid-Terrace_2.0
Warmworks,EOH0175,EH16,31.0,Working Full time (>30hrs),Manager,"30,001 - 40,000",2020-07-02T00:00:00.000Z,Owner-Occupied,4.0,C1,5.0,17/07/2020,Warmworks,Urban,2001+,C,2.0,1.0,88.14,4.0,3.0,4.0,2.4,Cavity_Insulated,Suspended,Pitched,Double,Yes,Gas,Gas Boiler - Combi,,,,0.0,0.0,1.0,No,No,1521.0,7300.0,,,,,,,,Yes,No,Yes,Yes,ASHP,,,,,,,No,,,,,,,,,,,,,,,,,,,,,,,,,,,,,,,,,,,,,,,,,House_Mid-Terrace_2.0
Warmworks,EOH1811,KY11,41.0,Working Full time (>30hrs),Supervisor,"50,001+",2020-07-02T00:00:00.000Z,Owner-Occupied,1.0,AB,3.0,26/07/2020,Everwarm,Rural,1945-1964,C,2.0,0.0,100.08,4.0,3.0,4.0,2.4,Cavity_Insulated,Solid,Pitched,Double,Yes,Gas,Gas Boiler - Combi,Fire - Wood,,,0.0,0.0,1.0,Yes - Ground Loop,Yes,2394.0,,6.0,74.9,14585.0,7192.0,156.0,45.0,4.14,Yes,Yes,Yes,No,GSHP,,,,1108.0,14.77,3.1,Yes,10/12/2020,mcinnesplumbing,ASHP,,Mitsubishi,PUZ-WM85VAA,8.5,R32,0.0,Water_New,100.0,,1.0,10.0,,0.0,,Low Noise Heat Pump,No,0.0,0.0,0.0,Yes,No,0.0,0.0,,No,8575.74,3442.45,1610.23,2705.76,,,,,,,3.0,0.0,House_Mid-Terrace_2.0
Warmworks,EOH2819,KY10,74.0,Carer,Unemployed/Benefits,"25,001 - 30,000",2020-07-02T00:00:00.000Z,Owner-Occupied,14.0,DE,2.0,03/08/2020,Everwarm,Rural,1981-1990,B,2.0,0.0,123.19,6.0,3.0,6.0,2.3,Cavity_No_insulation,Suspended,Pitched,Double,Yes,Gas,Gas Boiler - Combi,,,,0.0,1.0,0.0,No,No,3500.0,20500.0,11.0,89.0,29778.0,3821.0,0.0,,,Yes,No,Yes,No,HT_ASHP,,,,1435.0,15.0,5.0,No,,,,,,,,,,,,,,,,,,,,,,,,,,,,,,,,,,,,,,,,,House_Detached_2.0
Warmworks,EOH1479,KY12,32.0,Working Full time (>30hrs),Professional,"50,001+",2020-07-02T00:00:00.000Z,Owner-Occupied,1.0,C1,3.0,05/08/2020,Warmworks,Urban,1965-1980,D,2.0,0.0,100.0,4.0,3.0,4.0,2.6,Cavity_Insulated,Suspended,Pitched,Double,Yes,Gas,Gas Boiler - Combi,,,,0.0,0.0,1.0,No,No,3798.0,9000.0,,,,,,,,No,No,Yes,Yes,None - Installation not recommended,,,,,,,,,,,,,,,,,,,,,,,,,,,,,,,,,,,,,,,,,,,,,,,,House_Detached_2.0
Warmworks,EOH1649,KY12,60.0,Working Full time (>30hrs),Professional,Prefer not to say,2020-07-03T00:00:00.000Z,Owner-Occupied,5.0,C2,3.0,05/08/2020,Warmworks,Suburban,1945-1964,C,2.0,0.0,117.47,5.0,4.0,5.0,2.4,Cavity_Insulated,Suspended,Pitched,Double,Yes,Gas,Gas Boiler - Combi,,,,0.0,0.0,0.0,No,No,8510.0,29349.0,,,,,,,,Yes,No,Yes,Yes,ASHP,,,,,,,No,,,,,,,,,,,,,,,,,,,,,,,,,,,,,,,,,,,,,,,,,House_Semi-Detached_2.0
Warmworks,EOH0123,EH35,53.0,Working Full time (>30hrs),Semi and unskilled manual worker,Prefer not to say,2020-07-03T00:00:00.000Z,Owner-Occupied,1.0,DE,2.0,17/07/2020,Warmworks,Rural,1945-1964,D,2.0,0.0,84.03,5.0,3.0,5.0,2.65,Cavity_Insulated,Suspended,Pitched,Double,Yes,Gas,Gas Boiler - Standard,Fire - Gas,Water,Normal (90-130l),0.0,1.0,0.0,No,No,2030.0,19188.0,,,,,,,,Yes,No,Yes,No,ASHP,,,,,,,No,,,,,,,,,,,,,,,,,,,,,,,,,,,,,,,,,,,,,,,,,House_Semi-Detached_1.0
Warmworks,EOH1062,EH30,36.0,Working Part time,Professional,"50,001+",2020-07-03T00:00:00.000Z,Owner-Occupied,1.5,C2,4.0,28/07/2020,Warmworks,Suburban,1991-2000,C,2.0,1.0,104.24,5.0,4.0,5.0,2.6,Cavity_Insulated,Suspended,Pitched,Double,Yes,Gas,Gas Boiler - Standard,,Water,Large (> 170l),0.0,0.0,0.0,No,No,,,6.1,61.0,17214.0,5094.0,2911.0,45.0,4.14,Yes,Yes,Yes,Yes,Hybrid,,,,672.0,14.0,3.0,Yes,04/08/2021,BRB Electrical Ltd,ASHP,,Mitsubishi,PUZ-WM85VAA,8.5,R32,0.0,Water_New,150.0,,1.0,14.0,,0.0,,Low Noise Heat Pump,No,0.0,0.0,0.0,Yes,No,0.0,0.0,,No,8575.73,3508.272,1610.23,3788.06,,,,,,,2.0,0.0,House_Semi-Detached_2.0
Warmworks,EOH0218,G44,43.0,Training or Education,Unemployed/Benefits,"25,001 - 30,000",2020-07-03T00:00:00.000Z,Owner-Occupied,7.0,DE,3.0,01/09/2020,Warmworks,Suburban,1919-1944,C,2.0,1.0,99.89,5.0,3.0,5.0,2.68,Cavity_Insulated,Suspended,Pitched,Double,Yes,Gas,Gas Boiler - Combi,Fire - Coal,,,0.0,0.0,1.0,No,No,1325.0,13225.0,7.5,227.0,18144.0,3821.0,0.0,50.0,3.85,Yes,No,Yes,No,ASHP,,,,1120.0,15.0,5.0,Yes,19/07/2021,Everwarm,HT_ASHP,,Vaillant,VWL 105/6 A 230V S2,10.0,R290,0.0,PCM_New,,10.5,1.0,,10.0,0.0,,Low Noise Heat Pump,No,0.0,0.0,0.0,No,No,0.0,0.0,,No,17943.13,3870.96,1610.23,2164.6,,,,,,,2.0,0.0,House_End-Terrace_2.0
Warmworks,EOH0530,TD2,45.0,Working Full time (>30hrs),Professional,"40,001 - 50,000",2020-07-03T00:00:00.000Z,Owner-Occupied,1.0,C1,5.0,19/07/2020,Everwarm,Suburban,1945-1964,C,2.0,2.0,186.41,7.0,4.0,7.0,2.575,Cavity_Insulated,Suspended,Pitched,Double,Yes,Gas,Gas Boiler - Standard,Fire - Wood,Water,Normal (90-130l),0.0,0.0,1.0,No,No,3375.0,18223.0,7.0,49.6,19751.0,5731.0,1365.0,45.0,4.14,Yes,No,Yes,No,ASHP,,,,1012.0,14.0,3.0,Yes,05/11/2020,BRB Electrical Ltd,ASHP,,Mitsubishi,PUZ-WM85VAA,8.5,R32,0.0,Water_New,200.0,,1.0,15.0,,0.0,,Low Noise Heat Pump,No,0.0,0.0,0.0,Yes,No,0.0,0.0,,No,7655.16,3572.21,1610.23,4058.64,,,,,,,2.0,0.0,House_Semi-Detached_2.0
Warmworks,EOH1927,EH5,43.0,Working Part time,Professional,"50,001+",2020-07-03T00:00:00.000Z,Owner-Occupied,1.0,AB,5.0,29/07/2020,Everwarm,Suburban,1919-1944,D,2.0,2.0,112.1,4.0,3.0,4.0,2.54,Cavity_Insulated,Suspended,Pitched,Double,Yes,Gas,Gas Boiler - Standard,,Water,Normal (90-130l),0.0,0.0,1.0,Yes - Borehole,Yes,3401.0,,9.0,,18954.0,7192.0,156.0,,,No,Yes with additional measures,Yes with additional measures,No,GSHP,Loft Insulation,,,1293.0,15.0,,Yes,01/06/2021,mcinnesplumbing,GSHP,Individual_Groundloop,Vaillant,VWF 87/4,8.0,R410A,,Water_New,200.0,,1.0,,9.0,0.0,,,No,0.0,0.0,0.0,No,Yes,0.0,0.0,,No,38728.62,3572.208,1610.23,2435.18,,609.3072,,,,,4.0,0.0,House_Semi-Detached_2.0
Warmworks,EOH1602,EH44,46.0,Working Full time (>30hrs),Professional,"50,001+",2020-07-03T00:00:00.000Z,Owner-Occupied,8.0,AB,2.0,21/07/2020,Everwarm,Rural,1945-1964,D,2.0,3.0,110.6,4.0,3.0,4.0,2.55,Cavity_Insulated,Suspended,Pitched,Double,Yes,Gas,Gas Boiler - Combi,Fire - Wood,,,0.0,0.0,1.0,No,No,3678.0,,12.0,111.0,28399.0,3821.0,0.0,50.0,3.92,No,No,Yes,No,HT_ASHP,,,,1381.0,15.0,5.0,Yes,25/11/2020,Everwarm,HT_ASHP,,Vaillant,VWL 125/6 A 230V S2,12.0,R290,0.0,Water_New,200.0,,1.0,,8.0,0.0,,Low Noise Heat Pump,No,0.0,0.0,0.0,No,No,0.0,0.0,,No,11215.18,3572.21,1610.23,2164.61,,,,,,,2.0,0.0,House_End-Terrace_2.0
Warmworks,EOH2141,EH9,50.0,Working Full time (>30hrs),Professional,Prefer not to say,2020-07-03T00:00:00.000Z,Owner-Occupied,14.0,AB,3.0,12/08/2020,Warmworks,Suburban,Pre 1919,D,2.0,3.0,154.68,8.0,4.0,7.0,3.0,Cavity_No_insulation,Solid,Flat,Double,Yes,Gas,Gas Boiler - Standard,Fire - Wood,Water,Medium (131-170l),0.0,0.0,1.0,No,No,4399.0,20965.0,,,,,,,,No,No,Yes with additional measures,Yes with additional measures,None - Installation not recommended,,,,,,,,,,,,,,,,,,,,,,,,,,,,,,,,,,,,,,,,,,,,,,,,House_Mid-Terrace_2.0
Warmworks,EOH1544,TD7,51.0,Working Full time (>30hrs),Skilled Manual Worker,"50,001+",2020-07-03T00:00:00.000Z,Owner-Occupied,19.0,C2,4.0,14/04/2021,Warmworks,Rural,1965-1980,E,2.0,1.0,132.5,6.0,3.0,6.0,2.46,Cavity_Insulated,Suspended,Pitched,Double,,Oil,Oil Boiler,Fire - Wood,Water,Normal (90-130l),0.0,0.0,0.0,No,No,8422.0,,11.2,94.0,22749.0,4075.0,0.0,50.0,3.92,Yes,No,Yes,No,HT_ASHP,,,,1207.0,14.0,,Yes,04/08/2021,TK Murray,HT_ASHP,,Vaillant,VWL 125/6 A 230V S2,12.0,R290,0.0,Water_New,200.0,,1.0,,14.0,0.0,,Low Noise Heat Pump,No,0.0,0.0,0.0,,No,0.0,0.0,,No,17943.14,3572.21,1610.23,3788.06,,,,,,,2.0,0.0,House_Detached_2.0
Warmworks,EOH0600,TD8,72.0,Unemployed,Unemployed/Benefits,"20,001 - 25,000",2020-07-03T00:00:00.000Z,Owner-Occupied,1.0,DE,2.0,23/07/2020,Warmworks,Rural,1965-1980,C,2.0,0.0,77.45,4.0,3.0,4.0,2.6,Cavity_No_insulation,Suspended,Pitched,Double,Yes,Gas,Gas Boiler - Combi,,,,0.0,0.0,0.0,No,No,,,,,,,,,,Yes,No,Yes,Yes,ASHP,,,,,,,No,,,,,,,,,,,,,,,,,,,,,,,,,,,,,,,,,,,,,,,,,House_Detached_1.0
Warmworks,EOH2835,TD8,61.0,Unemployed,Professional,"50,001+",2020-07-03T00:00:00.000Z,Owner-Occupied,2.0,AB,3.0,23/07/2020,Warmworks,Rural,1945-1964,D,2.0,0.0,82.85,5.0,3.0,5.0,2.6,Cavity_No_insulation,Suspended,Pitched,Double,Yes,Gas,Gas Boiler - Standard,Fire - Wood,Water,Large (> 170l),0.0,0.0,0.0,Yes - Borehole,Yes,2064.2,8462.0,,,,,,,,Yes,Yes,Yes,Yes,GSHP,,,,,,,No,,,,,,,,,,,,,,,,,,,,,,,,,,,,,,,,,,,,,,,,,House_Detached_2.0
Warmworks,EOH0309,TD11,66.0,Working Part time,Professional,"40,001 - 50,000",2020-07-03T00:00:00.000Z,Owner-Occupied,9.0,AB,3.0,13/08/2020,Warmworks,Rural,1981-1990,C,2.0,0.0,103.98,4.0,3.0,4.0,2.6,Cavity_No_insulation,Suspended,Pitched,Double,Yes,Gas,Gas Boiler - Standard,,Water,Large (> 170l),0.0,0.0,1.0,Yes - Borehole,Yes,,,,,,,,,,No,Yes,Yes,Yes,GSHP,,,,,,,No,,,,,,,,,,,,,,,,,,,,,,,,,,,,,,,,,,,,,,,,,House_Detached_1.0
Warmworks,EOH1197,EH16,35.0,Working Full time (>30hrs),Semi and unskilled manual worker,"40,001 - 50,000",2020-07-03T00:00:00.000Z,Owner-Occupied,2.0,C2,2.0,09/08/2020,Warmworks,Suburban,1965-1980,D,2.0,0.0,106.35,4.0,3.0,4.0,,Cavity_Insulated,Suspended,Flat,Double,Yes,Gas,Gas Boiler - Combi,,,,0.0,0.0,0.0,No,No,,,,,,,,,,No,No,Yes,No,HT_ASHP,,,,,,,No,,,,,,,,,,,,,,,,,,,,,,,,,,,,,,,,,,,,,,,,,House_Semi-Detached_2.0
Warmworks,EOH2783,TD2,49.0,Working Full time (>30hrs),Professional,"50,001+",2020-07-03T00:00:00.000Z,Owner-Occupied,1.0,AB,2.0,19/07/2020,Everwarm,Rural,2001+,C,2.0,0.0,193.65,5.0,4.0,5.0,2.4,Cavity_Insulated,Solid,Pitched,Double,Yes,Gas,Gas Boiler - Combi,Fire - Wood,,,1.0,0.0,0.0,No,No,5037.0,9643.0,,,,,,,,Yes,No,Yes,No,ASHP,,,,,,,No,,,,,,,,,,,,,,,,,,,,,,,,,,,,,,,,,,,,,,,,,House_Semi-Detached_2.0
Warmworks,EOH2599,TD1,33.0,Working Full time (>30hrs),Professional,"30,001 - 40,000",2020-07-03T00:00:00.000Z,Owner-Occupied,1.0,C1,4.0,29/07/2020,Warmworks,Suburban,1965-1980,D,2.0,2.0,133.21,6.0,3.0,6.0,2.4,Cavity_Insulated,Suspended,Pitched,Double,Yes,Gas,Gas Boiler - Standard,,Water,Normal (90-130l),0.0,0.0,1.0,No,No,2866.0,24796.0,,,,,,,,Yes,No,Yes,Yes,Hybrid,,,,,,,No,,,,,,,,,,,,,,,,,,,,,,,,,,,,,,,,,,,,,,,,,House_End-Terrace_3.0
Warmworks,EOH0324,TD7,34.0,Working Full time (>30hrs),Professional,"12,501 - 16,200",2020-07-03T00:00:00.000Z,Owner-Occupied,1.0,C1,3.0,29/07/2020,Warmworks,Rural,1965-1980,C,2.0,0.0,77.56,4.0,2.0,4.0,2.4,Cavity_Insulated,Suspended,Pitched,Double,Yes,Gas,Gas Boiler - Combi,,,,0.0,0.0,1.0,No,No,1857.0,,6.3,90.0,16942.0,2865.0,0.0,50.0,3.65,Yes,No,Yes,Yes,HT_ASHP,,,,921.98,15.0,,Yes,28/10/2020,Everwarm,HT_ASHP,,Vaillant,VWL 75/6 A 230V S2,7.0,R290,0.0,Water_New,150.0,,1.0,,6.0,0.0,,Low Noise Heat Pump,No,0.0,0.0,0.0,No,No,0.0,0.0,,No,11215.18,3508.27,1610.23,1623.46,,,,,,,2.0,0.0,House_Semi-Detached_2.0
Warmworks,EOH1165,EH16,37.0,Working Full time (>30hrs),Manager,"50,001+",2020-07-03T00:00:00.000Z,Owner-Occupied,1.0,C1,2.0,14/07/2020,Everwarm,Suburban,1991-2000,C,2.0,0.0,77.14,3.0,2.0,3.0,2.35,Cavity_Insulated,Suspended,Another Dwelling Above,Double,Yes,Gas,Gas Boiler - Combi,,,,0.0,0.0,1.0,No,No,1618.0,7090.0,,,,,,,,Yes,No,Yes,No,None - Installation not recommended,,,,,,,,,,,,,,,,,,,,,,,,,,,,,,,,,,,,,,,,,,,,,,,,Maisonette_End-Terrace_1.0
Warmworks,EOH1528,EH7,48.0,Working Full time (>30hrs),Manager,"40,001 - 50,000",2020-07-03T00:00:00.000Z,Owner-Occupied,15.0,C1,3.0,12/08/2020,Warmworks,Urban,1919-1944,C,2.0,2.0,87.33,4.0,3.0,4.0,2.7,Cavity_Insulated,Suspended,Pitched,Double,Yes,Gas,Gas Boiler - Combi,Gas Boiler - Combi,,,0.0,0.0,1.0,Yes - Borehole,Yes,2453.0,8938.0,,,,,,,,Yes,Yes,Yes,Yes,GSHP,,,,,,,No,,,,,,,,,,,,,,,,,,,,,,,,,,,,,,,,,,,,,,,,,House_Mid-Terrace_3.0
Warmworks,EOH0067,EH44,44.0,Working Full time (>30hrs),Manager,"40,001 - 50,000",2020-07-03T00:00:00.000Z,Owner-Occupied,10.0,AB,4.0,31/07/2020,Warmworks,Suburban,2001+,C,2.0,3.0,92.28,4.0,3.0,4.0,2.6,Cavity_Insulated,Solid,Pitched,Double,Yes,Gas,Gas Boiler - Standard,,Water,Medium (131-170l),0.0,0.0,0.0,No,No,3337.0,9231.0,3.1,46.1,6829.0,4075.0,1237.0,45.0,4.14,Yes,No,Yes,Yes,ASHP,,,,878.0,14.0,3.0,Yes,25/01/2021,BRB Electrical Ltd,ASHP,,Mitsubishi,PUZ-WM85VAA,8.5,R32,0.0,Water_New,150.0,,1.0,,7.0,0.0,,Low Noise Heat Pump,No,0.0,0.0,0.0,Yes,No,0.0,0.0,,No,8575.74,3508.27,1610.23,1894.0,,,,,,,2.0,0.0,House_Semi-Detached_2.0
Warmworks,EOH2303,EH33,66.0,Unemployed,Clerical,"40,001 - 50,000",2020-07-03T00:00:00.000Z,Owner-Occupied,29.0,DE,3.0,31/07/2020,Warmworks,Suburban,1919-1944,D,2.0,0.0,88.26,4.0,2.0,4.0,2.5,Cavity_Insulated,Suspended,Pitched,Double,Yes,Gas,Gas Boiler - Standard,Fire - Gas,Water,No access,0.0,0.0,1.0,No,No,1800.0,8000.0,5.4,73.6,13407.0,2865.0,0.0,50.0,3.65,Yes,No,Yes,Yes,HT_ASHP,,,,968.0,18.0,5.0,Yes,12/04/2021,Everwarm,HT_ASHP,,Vaillant,VWL 75/6 A 230V S2,7.0,R290,0.0,Water_New,150.0,,1.0,,8.0,0.0,Enclosure,Low Noise Heat Pump,No,0.0,0.0,0.0,No,No,0.0,0.0,,No,11215.17,3508.272,1610.23,2164.6,,,,,,,2.0,0.0,House_Mid-Terrace_2.0
Warmworks,EOH0239,KY11,39.0,Working Full time (>30hrs),Manager,"50,001+",2020-07-03T00:00:00.000Z,Owner-Occupied,3.5,AB,4.0,26/07/2020,Everwarm,Suburban,1919-1944,D,2.0,1.0,185.51,6.0,3.0,6.0,2.8,Cavity_Insulated,Suspended,Pitched,Double,Yes,Gas,Gas Boiler - Combi,,,,0.0,0.0,1.0,No,No,5492.0,25764.0,,,,,,,,Yes with additional measures,No,Yes with additional measures,No,None - Installation not recommended,,,,,,,,,,,,,,,,,,,,,,,,,,,,,,,,,,,,,,,,,,,,,,,,House_Detached_2.0
Warmworks,EOH2771,TD1,71.0,Working Part time,Professional,"12,501 - 16,200",2020-07-03T00:00:00.000Z,Owner-Occupied,5.0,C1,3.0,29/07/2020,Warmworks,Suburban,1965-1980,B,2.0,0.0,88.1,4.0,3.0,4.0,2.4,Cavity_No_insulation,Suspended,Pitched,Double,Yes,Gas,Gas Boiler - Combi,Fire - Wood,,,0.0,0.0,0.0,No,No,736.0,7737.0,,,,,,,,Yes,No,Yes,Yes,HT_ASHP,,,,,,,No,,,,,,,,,,,,,,,,,,,,,,,,,,,,,,,,,,,,,,,,,House_Detached_1.0
Warmworks,EOH1085,EH27,41.0,Working Full time (>30hrs),Semi and unskilled manual worker,"20,001 - 25,000",2020-07-03T00:00:00.000Z,Owner-Occupied,4.0,DE,4.0,11/04/2021,Warmworks,Rural,1945-1964,E,3.0,3.0,130.14,5.0,3.0,5.0,2.46,Cavity_Insulated,Suspended,Pitched,Double,No,Wood,Biomass Boiler,Fire - Wood,Water,Large (> 170l),0.0,0.0,1.0,Yes - Ground Loop,Yes,,,8.5,70.6,21627.0,4921.0,0.0,,,Yes,Yes,Yes,No,GSHP,,,,947.0,18.0,5.0,Yes,13/09/2021,Everwarm,GSHP,Individual_Groundloop,Vaillant,VWF 87/4,8.0,R410A,,Water_New,200.0,,1.0,11.0,,0.0,,,No,0.0,0.0,0.0,No,No,0.0,0.0,,No,38728.62,3572.208,1610.23,2976.33,,,,,,,3.0,0.0,House_Detached_2.0
Warmworks,EOH1561,EH45,49.0,Working Part time,Clerical,"50,001+",2020-07-03T00:00:00.000Z,Owner-Occupied,1.0,AB,1.0,20/07/2020,Warmworks,Rural,1965-1980,D,4.0,0.0,102.05,4.0,3.0,4.0,2.45,Cavity_Insulated,Suspended,Pitched,Double,Yes,Gas,Gas Boiler - Combi,Fire - Wood,,,0.0,0.0,0.0,No,No,6099.0,18085.0,5.3,58.7,13924.0,3057.0,2256.0,,,Yes,No,No,Yes,None - Installation not recommended,,,,1039.0,13.11,2.54,,,,,,,,,,,,,,,,,,,,,,,,,,,,,,,,,,,,,,,,,,House_End-Terrace_2.0
Warmworks,EOH0279,EH22,42.0,Working Part time,Professional,"50,001+",2020-07-04T00:00:00.000Z,Owner-Occupied,6.0,AB,4.0,27/07/2020,Everwarm,Suburban,2001+,A,2.0,0.0,172.33,7.0,4.0,7.0,2.35,Cavity_Insulated,Solid,Pitched,Double,Yes,Gas,Gas Boiler - Standard,,Water,Normal (90-130l),0.0,0.0,0.0,No,No,2200.0,,7.9,57.2,22506.0,4075.0,1237.0,45.0,3.86,Yes,No,Yes,No,ASHP,,,,576.0,14.0,3.0,Yes,21/10/2020,BRB Electrical Ltd,ASHP,,Mitsubishi,PUHZ-W85VHAA,8.5,R410A,0.0,Water_New,150.0,,1.0,16.0,,0.0,,Low Noise Heat Pump,No,0.0,0.0,0.0,No,No,0.0,0.0,,No,7655.16,3508.27,1610.23,4329.22,,,,,,,3.0,0.0,House_Detached_2.0
Warmworks,EOH0498,TD5,46.0,Working Full time (>30hrs),Manager,"30,001 - 40,000",2020-07-04T00:00:00.000Z,Owner-Occupied,1.0,AB,1.0,23/07/2020,Warmworks,Rural,2001+,C,2.0,0.0,116.22,5.0,4.0,5.0,2.6,Cavity_Insulated,Solid,Pitched,Double,Yes,Gas,Gas Boiler - Combi,,,,6.0,0.0,0.0,No,No,2140.0,,8.7,,22032.0,4776.0,0.0,,,Yes,No,Yes,Yes,ASHP,,,,1203.96,15.0,5.0,Yes,,,,,,,,,,,,,,,,,,,,,,,,,,,,,,,,,,,,,,,,,House_Detached_2.0
Warmworks,EOH0546,TD6,48.0,Working Full time (>30hrs),Professional,"40,001 - 50,000",2020-07-04T00:00:00.000Z,Owner-Occupied,23.0,AB,4.0,13/08/2020,Warmworks,Rural,1991-2000,C,4.0,0.0,107.51,7.0,4.0,7.0,2.4,Cavity_Insulated,Suspended,Pitched,Double,Yes,Gas,Gas Boiler - Combi,,,,0.0,0.0,1.0,No,No,3497.0,12598.0,5.7,61.8,17223.0,3057.0,2256.0,45.0,3.86,Yes,No,Yes,Yes,ASHP,,,,1240.0,12.57,2.04,Yes,27/10/2020,BRB Electrical Ltd,ASHP,,Mitsubishi,PUHZ-W85VHAA,8.5,R410A,0.0,Water_New,150.0,,1.0,1.0,,0.0,,Low Noise Heat Pump,No,0.0,0.0,0.0,No,No,0.0,0.0,,No,7655.16,3508.27,1610.23,3246.91,,,,,,,2.0,0.0,House_Detached_1.0
Warmworks,EOH1155,EH21,51.0,Working Full time (>30hrs),Semi and unskilled manual worker,"25,001 - 30,000",2020-07-04T00:00:00.000Z,Owner-Occupied,1.0,DE,3.0,20/07/2020,Warmworks,Urban,1965-1980,E,2.0,2.0,108.83,6.0,2.0,5.0,2.44,Cavity_Insulated,Suspended,Pitched,Double,Yes,Gas,Gas Boiler - Combi,Fire - Wood,,,0.0,0.0,1.0,No,No,7200.0,16611.0,,,,,,,,No,No,Yes,No,HT_ASHP,,,,,,,No,,,,,,,,,,,,,,,,,,,,,,,,,,,,,,,,,,,,,,,,,House_End-Terrace_3.0
Warmworks,EOH1054,EH19,70.0,Working Part time,Professional,Prefer not to say,2020-07-04T00:00:00.000Z,Owner-Occupied,26.0,C2,1.0,30/07/2020,Everwarm,Suburban,1965-1980,D,2.0,0.0,176.47,5.0,3.0,5.0,,Cavity_Insulated,Suspended,Pitched,Double,Yes,Gas,Gas Boiler - Combi,Fire - Gas,,,0.0,1.0,1.0,No,No,,,,,,,,,,Yes,No,Yes,Yes,HT_ASHP,,,,,,,No,,,,,,,,,,,,,,,,,,,,,,,,,,,,,,,,,,,,,,,,,House_Detached_1.0
Warmworks,EOH1629,EH43,54.0,Working Full time (>30hrs),Supervisor,Prefer not to say,2020-07-05T00:00:00.000Z,Owner-Occupied,14.0,C2,5.0,31/07/2020,Warmworks,Rural,2001+,C,2.0,0.0,209.38,4.0,3.0,4.0,2.6,Cavity_Insulated,Suspended,Pitched,Double,Yes,Gas,Gas Boiler - Standard,Fire - Wood,Water,Large (> 170l),5.0,0.0,1.0,No,No,,,14.2,70.0,38863.0,4921.0,0.0,45.0,3.77,Yes,No,Yes,Yes,ASHP,,,,,,,Yes,24/06/2021,Everwarm,ASHP,,Mitsubishi,PUHZ-HWM140VHA,14.0,R32,0.0,Water_New,200.0,,1.0,5.0,,0.0,,Low Noise Heat Pump,No,0.0,0.0,0.0,No,No,0.0,0.0,,No,8575.73,3572.208,1610.23,1352.88,,,,,,,3.0,0.0,House_Detached_2.0
Warmworks,EOH2474,EH39,51.0,Working Full time (>30hrs),Manager,"50,001+",2020-07-05T00:00:00.000Z,Owner-Occupied,10.0,AB,5.0,25/08/2020,Warmworks,Suburban,2001+,C,2.0,2.0,326.79,10.0,,10.0,2.46,Cavity_Insulated,Suspended,Pitched,Double,Yes,Gas,Gas Boiler - Standard,Fire - Gas,Water,Medium (131-170l),0.0,0.0,1.0,No,No,,,,,,,,,,No,No,Yes,Yes,HT_ASHP,,,,,,,No,,,,,,,,,,,,,,,,,,,,,,,,,,,,,,,,,,,,,,,,,House_Detached_2.0
Warmworks,EOH0826,TD14,60.0,Carer,Unemployed/Benefits,"30,001 - 40,000",2020-07-05T00:00:00.000Z,Owner-Occupied,2.0,DE,4.0,05/08/2020,Warmworks,Rural,1965-1980,C,2.0,2.0,194.8,8.0,4.0,7.0,2.4,Cavity_No_insulation,Solid,Pitched,Double,Yes,Gas,Gas Boiler - Combi,Fire - Wood,,,0.0,0.0,1.0,Yes - Borehole,Yes,5800.0,17743.0,11.2,62.4,32356.0,10788.0,0.0,,,Yes,Yes,Yes,Yes,GSHP,,,,2075.0,15.0,2.83,No,,,,,,,,,,,,,,,,,,,,,,,,,,,,,,,,,,,,,,,,,House_Detached_2.0
Warmworks,EOH0740,EH45,49.0,Working Full time (>30hrs),Supervisor,"50,001+",2020-07-05T00:00:00.000Z,Owner-Occupied,1.0,C2,1.0,20/07/2020,Warmworks,Suburban,1919-1944,D,2.0,2.0,174.2,6.0,4.0,6.0,2.77,Cavity_Insulated,Suspended,Pitched,Double,Yes,Gas,Gas Boiler - Combi,,,,0.0,0.0,0.0,No,No,4443.0,31219.0,,,,,,,,No,Yes,Yes,Yes,Hybrid,,,,,,,No,,,,,,,,,,,,,,,,,,,,,,,,,,,,,,,,,,,,,,,,,House_Detached_2.0
Warmworks,EOH1485,EH52,34.0,Working Full time (>30hrs),Professional,"30,001 - 40,000",2020-07-06T00:00:00.000Z,Owner-Occupied,2.0,C1,5.0,05/08/2020,Warmworks,Suburban,2001+,C,2.0,2.0,130.12,6.0,4.0,6.0,2.6,Cavity_Insulated,Solid,Pitched,Double,Yes,Gas,Gas Boiler - Combi,,,,0.0,0.0,1.0,No,No,4772.0,21143.0,9.0,85.0,24243.0,3821.0,0.0,50.0,3.92,Yes,No,Yes,Yes,HT_ASHP,,,,1006.3,13.3,2.34,Yes,26/10/2020,Everwarm,HT_ASHP,,Vaillant,VWL 125/6 A 230V S2,12.0,R290,0.0,Water_New,200.0,,1.0,,11.0,0.0,,Low Noise Heat Pump,No,0.0,0.0,0.0,No,No,0.0,0.0,,No,17943.14,3572.21,1610.23,2976.34,,,,,,,3.0,0.0,House_Detached_2.0
Warmworks,EOH2842,EH52,38.0,Working Full time (>30hrs),Supervisor,"50,001+",2020-07-06T00:00:00.000Z,Owner-Occupied,5.0,C1,3.0,05/08/2020,Warmworks,Suburban,2001+,C,2.0,2.0,127.01,6.0,4.0,6.0,2.6,Cavity_Insulated,Solid,Pitched,Double,Yes,Gas,Gas Boiler - Standard,,Water,Medium (131-170l),0.0,0.0,1.0,No,No,4122.0,16535.0,9.2,100.0,24908.0,3821.0,0.0,,,Yes,No,Yes,Yes,None - Installation not recommended,,,,1234.28,16.23,3.47,,,,,,,,,,,,,,,,,,,,,,,,,,,,,,,,,,,,,,,,,,House_Detached_2.0
Warmworks,EOH0766,EH15,37.0,Working Full time (>30hrs),Professional,"50,001+",2020-07-06T00:00:00.000Z,Owner-Occupied,2.5,C1,5.0,27/07/2020,Warmworks,Suburban,2001+,C,2.0,1.0,117.23,6.0,4.0,6.0,2.6,Cavity_Insulated,Solid,Pitched,Double,Yes,Gas,Gas Boiler - Standard,,Water,Medium (131-170l),0.0,0.0,0.0,No,No,1578.92,12463.63,5.3,53.0,15589.0,4457.0,1274.0,55.0,3.39,Yes,No,Yes,Yes,Hybrid,,,,1223.0,14.0,3.0,Yes,28/05/2021,BRB Electrical Ltd,HT_ASHP,,Vaillant,VWL 75/6 A 230V S2,7.0,R290,0.0,Water_New,200.0,,1.0,,10.0,0.0,,Low Noise Heat Pump,No,0.0,0.0,0.0,Yes,No,0.0,0.0,,No,11215.17,3572.208,1610.23,2705.76,,,,,,,2.0,0.0,House_Detached_2.0
Warmworks,EOH2145,KY13,72.0,Unemployed,Unemployed/Benefits,"30,001 - 40,000",2020-07-06T00:00:00.000Z,Owner-Occupied,9.0,DE,4.0,10/08/2020,Warmworks,Rural,1991-2000,C,2.0,0.0,194.15,5.0,3.0,5.0,2.39,Cavity_Insulated,Suspended,Pitched,Double,Yes,Gas,Gas Boiler - Combi,Fire - Wood,,,0.0,0.0,1.0,No,No,3309.0,,16.5,,43077.0,3821.0,0.0,,,Yes with additional measures,No,Yes with additional measures,No,ASHP,,,,1952.55,15.0,,No,,,,,,,,,,,,,,,,,,,,,,,,,,,,,,,,,,,,,,,,,House_Detached_2.0
Warmworks,EOH2209,EH19,61.0,Working Part time,Professional,"30,001 - 40,000",2020-07-06T00:00:00.000Z,Owner-Occupied,1.0,C1,2.0,22/07/2020,Warmworks,Urban,2001+,B,2.0,0.0,150.43,6.0,4.0,6.0,2.6,Cavity_Insulated,Solid,Pitched,Double,Yes,Gas,Gas Boiler - Combi,,,,0.0,0.0,0.0,No,No,1968.0,9570.0,,,,,,,,Yes,No,Yes,Yes,ASHP,,,,,,,No,,,,,,,,,,,,,,,,,,,,,,,,,,,,,,,,,,,,,,,,,House_Detached_2.0
Warmworks,EOH0412,EH6,67.0,Working Part time,Clerical,"40,001 - 50,000",2020-07-06T00:00:00.000Z,Owner-Occupied,32.0,DE,3.0,12/08/2020,Warmworks,Suburban,1981-1990,C,2.0,0.0,139.01,6.0,4.0,6.0,2.6,Cavity_No_insulation,Suspended,Pitched,Double,Yes,Gas,Gas Boiler - Standard,,Water,Medium (131-170l),0.0,0.0,1.0,No,No,3472.0,14987.0,7.4,61.3,18831.0,4776.0,0.0,,,Yes,No,Yes,Yes,Hybrid,,,,1295.43,18.0,5.0,No,,,,,,,,,,,,,,,,,,,,,,,,,,,,,,,,,,,,,,,,,House_Semi-Detached_2.0
Warmworks,EOH3079,EH16,33.0,Working Full time (>30hrs),Clerical,"40,001 - 50,000",2020-07-06T00:00:00.000Z,Owner-Occupied,1.0,C2,1.0,17/07/2020,Warmworks,Suburban,1945-1964,C,2.0,0.0,72.92,3.0,2.0,3.0,2.4,Cavity_Insulated,Suspended,Pitched,Double,Yes,Gas,Gas Boiler - Combi,,,,0.0,0.0,1.0,No,No,3060.0,6297.0,,,,,,,,Yes,No,Yes,Yes,HT_ASHP,,,,,,,No,,,,,,,,,,,,,,,,,,,,,,,,,,,,,,,,,,,,,,,,,House_Semi-Detached_2.0
Warmworks,EOH1119,EH7,55.0,Working Full time (>30hrs),Professional,"50,001+",2020-07-06T00:00:00.000Z,Owner-Occupied,10.0,C2,2.0,16/08/2020,Warmworks,Suburban,1919-1944,D,3.0,1.0,125.09,6.0,4.0,6.0,2.59,Cavity_Insulated,Suspended,Pitched,Double,Yes,Gas,Gas Boiler - Combi,,,,0.0,0.0,1.0,No,No,,,,,,,,,,Yes,No,Yes,No,HT_ASHP,,,,,,,No,,,,,,,,,,,,,,,,,,,,,,,,,,,,,,,,,,,,,,,,,House_End-Terrace_2.0
Warmworks,EOH0011,EH5,45.0,Working Full time (>30hrs),Professional,"50,001+",2020-07-06T00:00:00.000Z,Owner-Occupied,8.0,AB,4.0,29/07/2020,Everwarm,Suburban,1919-1944,D,2.0,0.0,157.65,6.0,3.0,6.0,2.616666667,Cavity_No_insulation,Solid,Pitched,Double,Yes,Gas,Gas Boiler - Standard,,Water,Normal (90-130l),0.0,0.0,0.0,Yes - Borehole,Yes,3641.0,17522.0,,,,,,,,No,Yes with additional measures,Yes with additional measures,No,None - Installation not recommended,,,,,,,,,,,,,,,,,,,,,,,,,,,,,,,,,,,,,,,,,,,,,,,,House_End-Terrace_3.0
Warmworks,EOH1441,EH14,68.0,Unemployed,Professional,"50,001+",2020-07-06T00:00:00.000Z,Owner-Occupied,25.0,DE,2.0,27/07/2020,Everwarm,Suburban,1991-2000,D,2.0,0.0,239.14,8.0,4.0,8.0,2.4,Cavity_Insulated,Suspended,Pitched,Double,Yes,Gas,Gas Boiler - Standard,Fire - Gas,Water,Normal (90-130l),0.0,1.0,1.0,No,No,4417.0,30175.0,,,,,,,,No,No,Yes,Yes,HT_ASHP,,,,,,,No,,,,,,,,,,,,,,,,,,,,,,,,,,,,,,,,,,,,,,,,,House_Detached_2.0
Warmworks,EOH2330,EH16,52.0,Working Full time (>30hrs),Professional,Prefer not to say,2020-07-06T00:00:00.000Z,Owner-Occupied,12.0,AB,3.0,03/09/2020,Warmworks,Suburban,1919-1944,C,2.0,0.0,153.56,5.0,3.0,5.0,2.78,Cavity_Insulated,Suspended,Pitched,Double,Yes,Gas,Gas Boiler - Combi,Fire - Coal,,,1.0,0.0,1.0,No,No,,,,,,,,,,Yes,No,Yes,No,HT_ASHP,,,,,,,No,,,,,,,,,,,,,,,,,,,,,,,,,,,,,,,,,,,,,,,,,House_Semi-Detached_2.0
Warmworks,EOH0615,EH6,36.0,Working Full time (>30hrs),Professional,"50,001+",2020-07-06T00:00:00.000Z,Owner-Occupied,5.0,C1,3.0,07/08/2020,Warmworks,Urban,1981-1990,C,2.0,0.0,107.1,3.0,2.0,3.0,2.6,Cavity_No_insulation,Solid,Another Dwelling Above,Double,Yes,Gas,Gas Boiler - Combi,,,,0.0,0.0,0.0,No,No,1892.0,3665.0,,,,,,,,Yes,No,Yes,Yes,None - Installation not recommended,,,,,,,,,,,,,,,,,,,,,,,,,,,,,,,,,,,,,,,,,,,,,,,,Flat_Flat_2.0
Warmworks,EOH1558,EH5,61.0,Unemployed,Manager,Prefer not to say,2020-07-06T00:00:00.000Z,Owner-Occupied,29.0,DE,2.0,29/07/2020,Everwarm,Urban,1919-1944,D,2.0,0.0,177.15,7.0,5.0,7.0,2.7,Cavity_Insulated,Suspended,Pitched,Double,Yes,Gas,Gas Boiler - Combi,Fire - Gas,,,0.0,0.0,1.0,No,No,3099.0,27356.0,12.0,84.0,33402.0,4776.0,0.0,,,No,No,Yes with additional measures,Yes with additional measures,HT_ASHP,,,,1514.07,14.65,2.83,No,,,,,,,,,,,,,,,,,,,,,,,,,,,,,,,,,,,,,,,,,House_Detached_2.0
Warmworks,EOH0745,EH5,36.0,Working Full time (>30hrs),Manager,Prefer not to say,2020-07-06T00:00:00.000Z,Owner-Occupied,0.4,C1,2.0,06/08/2020,Warmworks,Urban,1981-1990,C,2.0,2.0,94.94,4.0,3.0,4.0,,Cavity_No_insulation,Suspended,Pitched,Double,Yes,Gas,Gas Boiler - Standard,,Water,Normal (90-130l),0.0,0.0,1.0,No,No,,,7.0,93.0,20814.0,3821.0,0.0,50.0,3.65,Yes,No,Yes,No,HT_ASHP,,,,1153.0,15.0,5.0,Yes,28/10/2020,Everwarm,HT_ASHP,,Vaillant,VWL 75/6 A 230V S2,7.0,R290,0.0,Water_New,150.0,,1.0,,1.0,0.0,,Low Noise Heat Pump,No,0.0,0.0,0.0,No,No,0.0,0.0,,No,11215.18,3508.27,1610.23,2705.76,,,,,,,2.0,0.0,House_Semi-Detached_2.0
Warmworks,EOH2613,EH17,41.0,Working Full time (>30hrs),Manager,"40,001 - 50,000",2020-07-07T00:00:00.000Z,Owner-Occupied,1.5,C1,4.0,18/08/2020,Everwarm,Suburban,1945-1964,C,2.0,1.0,95.04,4.0,3.0,4.0,2.45,Cavity_Insulated,Suspended,Pitched,Double,Yes,Gas,Gas Boiler - Combi,Fire - Wood,,,0.0,0.0,1.0,No,No,2758.0,,8.7,110.0,24151.0,3821.0,0.0,,,No,No,Yes,No,HT_ASHP,,,,1241.11,15.0,5.0,Yes,09/12/2020,Everwarm,HT_ASHP,,Vaillant,VWL 125/6 A 230V S2,12.0,R290,0.0,Water_New,200.0,,1.0,,8.0,0.0,,Low Noise Heat Pump,No,0.0,0.0,0.0,No,No,0.0,0.0,,No,11215.18,3572.21,1610.23,2164.61,,,,,,,3.0,0.0,House_Mid-Terrace_2.0
Warmworks,EOH0895,EH49,73.0,Unemployed,Manager,"25,001 - 30,000",2020-07-07T00:00:00.000Z,Owner-Occupied,34.0,DE,3.0,28/07/2020,Warmworks,Urban,1919-1944,E,1.0,0.0,173.06,6.0,4.0,6.0,2.7,Cavity_Insulated,Suspended,Pitched,Double,Yes,Gas,Gas Boiler - Standard,Fire - Gas,Water,Normal (90-130l),0.0,2.0,1.0,Yes - Borehole,Yes,,,,,,,,,,No,Yes,Yes,Yes,None - Installation not recommended,,,,,,,,,,,,,,,,,,,,,,,,,,,,,,,,,,,,,,,,,,,,,,,,House_Semi-Detached_2.0
Warmworks,EOH2308,KY3,65.0,Unemployed,Professional,Prefer not to say,2020-07-08T00:00:00.000Z,Owner-Occupied,20.0,DE,5.0,10/08/2020,Warmworks,Rural,Pre 1919,D,2.0,0.0,166.42,8.0,4.0,8.0,3.4,Cavity_No_insulation,Suspended,Pitched,Double,Yes,Gas,Gas Boiler - Standard,Fire - Wood,Water,Normal (90-130l),0.0,0.0,1.0,No,No,6416.0,17933.0,18.0,108.0,,4776.0,0.0,50.0,3.92,Yes,No,Yes,No,HT_ASHP,,,,2308.65,15.0,5.0,Yes,14/06/2021,Everwarm,Hybrid,Separate_Existing Boiler,Vaillant,VWL 125/6 A 230V S2,12.0,R290,0.0,Water_New,200.0,,1.0,,8.0,0.0,,Low Noise Heat Pump,No,0.0,0.0,0.0,No,No,0.0,0.0,,No,11358.42,3572.21,1610.23,2164.61,,,,,,,3.0,0.0,House_Detached_2.0
Warmworks,EOH2101,KY1,39.0,Working Full time (>30hrs),Supervisor,"50,001+",2020-07-08T00:00:00.000Z,Owner-Occupied,7.0,C2,3.0,03/08/2020,Everwarm,Urban,2001+,C,2.0,1.0,97.28,4.0,3.0,4.0,2.39,Cavity_Insulated,Solid,Pitched,Double,Yes,Gas,Gas Boiler - Combi,,,,0.0,0.0,1.0,No,No,2142.0,9972.0,3.0,44.0,8700.0,3057.0,2256.0,45.0,3.86,Yes,No,Yes,No,ASHP,,,,903.0,15.5,3.0,Yes,29/10/2020,BRB Electrical Ltd,ASHP,,Mitsubishi,PUHZ-W85VHAA,8.5,R410A,0.0,Water_New,150.0,,1.0,10.0,,0.0,,Low Noise Heat Pump,No,0.0,0.0,0.0,No,No,0.0,0.0,,No,7655.16,3508.27,1610.23,2705.76,,,,,,,2.0,0.0,House_Mid-Terrace_2.0
Warmworks,EOH2953,EH9,51.0,Working Full time (>30hrs),Manager,Prefer not to say,2020-07-08T00:00:00.000Z,Owner-Occupied,12.0,C1,3.0,31/07/2020,Everwarm,Urban,1965-1980,B,2.0,3.0,211.9,7.0,5.0,7.0,2.45,Cavity_Insulated,Suspended,Pitched,Double,Yes,Gas,Gas Boiler - Combi,,,,2.0,0.0,0.0,No,No,12000.0,,13.2,87.0,33070.0,5731.0,0.0,45.0,3.77,Yes,No,Yes,Yes,ASHP,,,,1838.99,15.0,5.0,Yes,10/05/2021,Everwarm,ASHP,,Mitsubishi,PUHZ-HW140VHA2R5,14.0,R410A,0.0,Water_New,200.0,,1.0,6.0,,0.0,,Low Noise Heat Pump,No,0.0,0.0,0.0,No,No,0.0,0.0,,No,8575.73,3572.208,1610.23,1623.45,,,,,,,3.0,0.0,House_Detached_2.0
Warmworks,EOH1468,EH45,55.0,Working Part time,Professional,Prefer not to say,2020-07-08T00:00:00.000Z,Owner-Occupied,8.0,AB,2.0,31/07/2020,Warmworks,Rural,1945-1964,D,2.0,0.0,105.39,4.0,3.0,4.0,2.6,Cavity_Insulated,Solid,Pitched,Triple,Yes,Gas,Gas Boiler - Combi,,,,0.0,0.0,1.0,No,No,,,,,,,,,,Yes,No,No,Yes,Hybrid,,,,,,,No,,,,,,,,,,,,,,,,,,,,,,,,,,,,,,,,,,,,,,,,,House_End-Terrace_2.0
Warmworks,EOH0050,EH41,45.0,Working Part time,Manager,"50,001+",2020-07-08T00:00:00.000Z,Owner-Occupied,10.0,C2,1.0,11/09/2020,Warmworks,Suburban,1919-1944,D,2.0,2.0,153.11,7.0,5.0,7.0,2.65,Cavity_No_insulation,Suspended,Pitched,Double,Yes,Gas,Gas Boiler - Combi,,,,0.0,0.0,0.0,No,No,,,,,,,,,,No,No,Yes,No,HT_ASHP,,,,,,,No,,,,,,,,,,,,,,,,,,,,,,,,,,,,,,,,,,,,,,,,,House_Detached_2.0
Warmworks,EOH0413,EH17,64.0,Working Full time (>30hrs),Manager,"50,001+",2020-07-08T00:00:00.000Z,Owner-Occupied,6.0,C1,3.0,27/07/2020,Warmworks,Suburban,1991-2000,D,3.0,0.0,106.36,5.0,4.0,5.0,2.6,Cavity_Insulated,Suspended,Pitched,Double,Yes,Gas,Gas Boiler - Standard,,Water,Medium (131-170l),0.0,0.0,1.0,No,No,,,9.0,95.0,24085.0,3821.0,0.0,50.0,3.65,Yes,No,Yes,Yes,Hybrid,,,,982.77,13.67,2.85,Yes,25/09/2020,Everwarm,Hybrid,Separate_New Boiler,Vaillant,VWL 75/6 A 230V S2,7.0,R290,0.0,,,,1.0,,12.0,0.0,,Low Noise Heat Pump,No,0.0,0.0,0.0,No,No,0.0,0.0,,No,11358.42,,1610.23,3246.91,,,,,,,2.0,0.0,House_Detached_2.0
Warmworks,EOH1502,EH39,54.0,Working Part time,Semi and unskilled manual worker,"20,001 - 25,000",2020-07-08T00:00:00.000Z,Owner-Occupied,1.5,DE,4.0,29/07/2020,Warmworks,Urban,1945-1964,D,2.0,1.0,103.5,4.0,3.0,4.0,2.75,Cavity_No_insulation,Solid,Pitched,Double,Yes,Gas,Gas Boiler - Combi,,,,0.0,0.0,1.0,No,No,3812.8,,11.4,66.3,30338.0,2865.0,0.0,50.0,3.65,No,No,Yes,Yes,Hybrid,,,,1691.07,18.0,5.0,Yes,26/05/2021,Everwarm,HT_ASHP,,Vaillant,VWL 75/6 A 230V S2,7.0,R290,0.0,Water_New,200.0,,1.0,,8.0,0.0,,Low Noise Heat Pump,No,0.0,0.0,0.0,No,Yes,0.0,0.0,,No,11215.17,3572.208,1610.23,2164.6,,610.1325,,,,,2.0,0.0,House_Semi-Detached_2.0
Warmworks,EOH2571,KY11,65.0,Working Full time (>30hrs),Professional,"50,001+",2020-07-08T00:00:00.000Z,Owner-Occupied,25.0,C1,4.0,24/08/2020,Warmworks,Urban,1965-1980,C,2.0,0.0,83.9,5.0,3.0,5.0,2.265,Cavity_Insulated,Suspended,Pitched,Double,Yes,Gas,Gas Boiler - Combi,,,,0.0,0.0,0.0,No,No,4182.0,11178.0,6.5,83.0,20491.0,3821.0,0.0,,,Yes,No,Yes,No,ASHP,,,,1128.0,15.0,5.0,Yes,25/11/2020,Everwarm,HT_ASHP,,Vaillant,VWL 75/6 A 230V S2,7.0,R290,0.0,Water_New,150.0,,1.0,,9.0,0.0,,Low Noise Heat Pump,No,0.0,0.0,0.0,No,No,0.0,0.0,,No,11215.18,3508.27,1610.23,2435.17,,,,,,,2.0,0.0,House_Mid-Terrace_2.0
Warmworks,EOH3154,EH15,50.0,Stay at home parent,Unemployed/Benefits,"25,001 - 30,000",2020-07-08T00:00:00.000Z,Owner-Occupied,10.0,DE,3.0,24/07/2020,Everwarm,Suburban,1919-1944,D,2.0,2.0,119.44,4.0,3.0,4.0,2.85,Cavity_Insulated,Suspended,Pitched,Double,Yes,Gas,Gas Boiler - Standard,,Water,Normal (90-130l),0.0,0.0,1.0,No,No,2691.0,18561.0,9.2,87.0,25686.0,3821.0,0.0,,,No,No,Yes,No,HT_ASHP,,,,1425.13,16.44,3.72,Yes,16/11/2020,Everwarm,HT_ASHP,,Vaillant,VWL 125/6 A 230V S2,12.0,R290,0.0,Water_New,100.0,,1.0,,8.0,0.0,,Low Noise Heat Pump,No,0.0,0.0,0.0,Yes,No,0.0,0.0,,No,17943.13,3442.45,1610.23,2164.61,,,,,,,2.0,0.0,House_Detached_1.0
Warmworks,EOH1278,EH8,34.0,Working Part time,Professional,"50,001+",2020-07-08T00:00:00.000Z,Owner-Occupied,7.0,C1,3.0,29/07/2020,Warmworks,Urban,1945-1964,D,2.0,2.0,68.82,5.0,4.0,5.0,2.6,Cavity_Insulated,Suspended,Pitched,Double,Yes,Gas,Gas Boiler - Combi,,,,0.0,0.0,0.0,No,No,10281.0,1807.0,,,,,,,,Yes,No,Yes,Yes,None - Installation not recommended,,,,,,,,,,,,,,,,,,,,,,,,,,,,,,,,,,,,,,,,,,,,,,,,House_Mid-Terrace_2.0
Warmworks,EOH0349,EH11,37.0,Working Full time (>30hrs),Professional,"50,001+",2020-07-08T00:00:00.000Z,Owner-Occupied,2.0,C1,4.0,03/09/2020,Warmworks,Urban,Pre 1919,C,2.0,1.0,140.39,6.0,4.0,6.0,2.84,Cavity_No_insulation,Suspended,Pitched,Double,Yes,Gas,Gas Boiler - Combi,Fire - Wood,,,0.0,0.0,1.0,No,No,,,,,,,,,,Yes,No,Yes,No,None - Installation not recommended,,,,,,,,,,,,,,,,,,,,,,,,,,,,,,,,,,,,,,,,,,,,,,,,House_Mid-Terrace_3.0
Warmworks,EOH1701,EH27,34.0,Working Full time (>30hrs),Skilled Manual Worker,"50,001+",2020-07-08T00:00:00.000Z,Owner-Occupied,,C2,3.0,12/04/2021,Warmworks,Rural,2001+,E,2.0,0.0,332.96,10.0,5.0,10.0,2.27,Cavity_Insulated,Suspended,Pitched,Double,No,LPG,LPG Boiler,Fire - Coal,Water,Large (> 170l),6.0,0.0,1.0,No,No,,,22.7,76.0,,5905.0,0.0,50.0,3.92,Yes,Yes,Yes,Yes,HT_ASHP,,,,3165.58,18.0,5.0,Yes,22/09/2021,Everwarm,Hybrid,Separate_New Boiler,Vaillant,VWL 125/6 A 230V S2,12.0,R290,0.0,Water_New,200.0,,1.0,,3.0,0.0,,Low Noise Heat Pump,No,0.0,0.0,0.0,No,No,0.0,0.0,,No,17943.13,3572.208,1610.23,811.72,,,,,,,3.0,0.0,House_End-Terrace_2.0
Warmworks,EOH0237,EH39,49.0,Working Full time (>30hrs),Manager,"50,001+",2020-07-08T00:00:00.000Z,Owner-Occupied,14.0,AB,1.0,29/07/2020,Warmworks,Suburban,1965-1980,D,2.0,3.0,218.11,6.0,4.0,6.0,2.65,Cavity_No_insulation,Suspended,Pitched,Double,Yes,Gas,Gas Boiler - Combi,Fire - Wood,,,0.0,0.0,1.0,No,No,,,,,,,,,,No,No,Yes,Yes,None - Installation not recommended,,,,,,,,,,,,,,,,,,,,,,,,,,,,,,,,,,,,,,,,,,,,,,,,House_Detached_2.0
Warmworks,EOH0243,EH14,39.0,Working Full time (>30hrs),Professional,"50,001+",2020-07-08T00:00:00.000Z,Owner-Occupied,3.5,AB,1.0,27/07/2020,Warmworks,Rural,1945-1964,D,2.0,2.0,120.35,5.0,3.0,5.0,2.6,Cavity_Insulated,Suspended,Pitched,Double,Yes,Gas,Gas Boiler - Combi,,,,0.0,0.0,1.0,No,No,,,,,,,,,,Yes,No,Yes,Yes,Hybrid,,,,,,,No,,,,,,,,,,,,,,,,,,,,,,,,,,,,,,,,,,,,,,,,,House_Semi-Detached_2.0
Warmworks,EOH2276,EH5,44.0,Working Full time (>30hrs),Professional,"50,001+",2020-07-08T00:00:00.000Z,Owner-Occupied,6.0,AB,4.0,07/08/2020,Warmworks,Suburban,1919-1944,D,2.0,2.0,115.26,4.0,3.0,4.0,2.675,Cavity_No_insulation,Suspended,Pitched,Double,Yes,Gas,Gas Boiler - Standard,Fire - Wood,Water,Normal (90-130l),0.0,0.0,0.0,Yes - Borehole,Yes,2992.0,,9.0,98.0,24701.0,3821.0,0.0,,,No,Yes,Yes,Yes,HT_ASHP,,,,,,,Yes,06/01/2021,Everwarm,HT_ASHP,,Vaillant,VWL 125/6 A 230V S2,12.0,R290,0.0,Water_New,200.0,,1.0,,11.0,0.0,,Low Noise Heat Pump,No,0.0,0.0,0.0,No,No,0.0,0.0,,No,17943.14,3572.21,1610.23,2976.34,,,,,,,2.0,0.0,House_Semi-Detached_2.0
Warmworks,EOH1835,EH31,63.0,Working Full time (>30hrs),Professional,"40,001 - 50,000",2020-07-08T00:00:00.000Z,Owner-Occupied,7.0,AB,4.0,10/08/2020,Warmworks,Suburban,1965-1980,C,3.0,0.0,148.4,6.0,4.0,6.0,2.39,Cavity_Insulated,Suspended,Pitched,Double,Yes,Gas,Gas Boiler - Combi,,,,0.0,0.0,0.0,No,No,4557.0,16985.0,10.9,88.0,29904.0,4776.0,0.0,,,Yes,No,Yes,No,HT_ASHP,,,,1471.01,15.0,,No,,,,,,,,,,,,,,,,,,,,,,,,,,,,,,,,,,,,,,,,,House_Detached_2.0
Warmworks,EOH2901,EH24,49.0,Working Full time (>30hrs),Professional,"50,001+",2020-07-08T00:00:00.000Z,Owner-Occupied,3.5,AB,3.0,29/07/2020,Warmworks,Suburban,2001+,C,2.0,2.0,131.76,7.0,,7.0,2.6,Cavity_Insulated,Solid,Pitched,Double,Yes,Gas,Gas Boiler - Standard,,Water,Large (> 170l),0.0,0.0,0.0,No,No,,,,,,,,,,Yes,Yes,Yes,Yes,ASHP,,,,,,,No,,,,,,,,,,,,,,,,,,,,,,,,,,,,,,,,,,,,,,,,,House_Detached_2.0
Warmworks,EOH0827,EH13,41.0,Working Full time (>30hrs),Professional,"40,001 - 50,000",2020-07-09T00:00:00.000Z,Owner-Occupied,10.0,AB,1.0,10/09/2020,Warmworks,Suburban,1919-1944,E,2.0,2.0,118.12,5.0,4.0,5.0,2.7,Cavity_Insulated,Suspended,Pitched,Double,Yes,Gas,Gas Boiler - Combi,,,,0.0,0.0,1.0,Yes - Borehole,Yes,,,,,,,,,,No,Yes,Yes,Yes,GSHP,,,,,,,No,,,,,,,,,,,,,,,,,,,,,,,,,,,,,,,,,,,,,,,,,House_Detached_2.0
Warmworks,EOH0151,EH39,41.0,Working Full time (>30hrs),Professional,Prefer not to say,2020-07-09T00:00:00.000Z,Owner-Occupied,2.0,AB,5.0,29/07/2020,Warmworks,Urban,2001+,B,2.0,2.0,,12.0,6.0,12.0,2.7,Cavity_Insulated,Solid,Pitched,Double,Yes,Gas,Gas Boiler - Standard,,Water,Large (> 170l),8.0,0.0,1.0,Yes - Borehole,Yes,,,,,,,,,,No,Yes,Yes,Yes,None - Installation not recommended,,,,,,,,,,,,,,,,,,,,,,,,,,,,,,,,,,,,,,,,,,,,,,,,House_Detached_3.0
Warmworks,EOH0184,EH6,62.0,Unemployed,Unemployed/Benefits,Prefer not to say,2020-07-09T00:00:00.000Z,Owner-Occupied,12.0,DE,2.0,29/07/2020,Everwarm,Urban,2001+,B,2.0,0.0,139.22,4.0,3.0,4.0,2.35,Cavity_Insulated,Suspended,Another Dwelling Above,Double,Yes,Gas,Gas Boiler - Combi,,,,0.0,0.0,1.0,No,No,3600.0,8603.0,2.6,31.0,7030.0,4075.0,0.0,55.0,3.06,Yes,No,Yes,No,ASHP,,,,440.0,14.0,3.0,Yes,18/11/2020,BRB Electrical Ltd,HT_ASHP,,Vaillant,VWL 55/6 A 230V S2,5.0,R290,0.0,PCM_New,,10.5,2.0,,8.0,0.0,,Low Noise Heat Pump,No,0.0,0.0,0.0,Yes,No,0.0,0.0,,No,11215.18,3870.96,1610.23,2164.61,,,,,,,2.0,0.0,Flat_Flat_1.0
Warmworks,EOH2410,EH33,60.0,Working Part time,Clerical,Prefer not to say,2020-07-09T00:00:00.000Z,Owner-Occupied,30.0,C1,2.0,28/07/2020,Warmworks,Suburban,1965-1980,D,2.0,0.0,112.82,5.0,4.0,5.0,2.6,Cavity_Insulated,Suspended,Pitched,Double,Yes,Gas,Gas Boiler - Combi,,,,0.0,0.0,0.0,No,No,,,5.8,57.4,15295.0,,0.0,55.0,3.39,No,No,No,Yes,Hybrid,,,,675.0,14.0,3.0,Yes,30/11/2020,BRB Electrical Ltd,Hybrid,Separate_New Boiler,Vaillant,VWL 75/6 A 230V S2,7.0,R290,0.0,,,,1.0,,8.0,0.0,,Low Noise Heat Pump,No,0.0,0.0,0.0,No,No,0.0,0.0,,No,11358.42,,1610.23,2164.61,,,,,,,3.0,0.0,House_Semi-Detached_2.0
Warmworks,EOH2038,EH45,58.0,Working Part time,Professional,"40,001 - 50,000",2020-07-09T00:00:00.000Z,Owner-Occupied,21.0,C1,2.0,19/05/2021,Warmworks,Suburban,2001+,C,3.0,0.0,137.02,8.0,4.0,8.0,2.27,Cavity_Insulated,Solid,Pitched,Double,Yes,Gas,Gas Boiler - Standard,Fire - Gas,Water,Large (> 170l),0.0,1.0,1.0,No,No,,,8.9,63.0,21964.0,4775.0,0.0,50.0,3.51,Yes,No,Yes,Yes,HT_ASHP,,,,996.0,18.0,5.0,Yes,06/09/2021,Everwarm,ASHP,,Mitsubishi,PUZ-HWM140VHA,14.0,R32,0.0,Water_New,200.0,,1.0,,14.0,0.0,,Low Noise Heat Pump,No,0.0,0.0,0.0,No,No,0.0,0.0,,No,17943.14,3572.21,1610.23,3788.06,,,,,,,3.0,0.0,House_Detached_2.0
Warmworks,EOH1656,EH39,42.0,Working Full time (>30hrs),Manager,"50,001+",2020-07-09T00:00:00.000Z,Owner-Occupied,2.0,AB,4.0,24/07/2020,Warmworks,Urban,2001+,C,2.0,3.0,128.2,7.0,5.0,7.0,2.6,Cavity_Insulated,Solid,Pitched,Double,Yes,Gas,Gas Boiler - Standard,Fire - Wood,Water,Large (> 170l),0.0,0.0,0.0,No,No,6020.0,10414.0,,,,,,,,Yes,Yes,Yes,Yes,None - Installation not recommended,,,,,,,,,,,,,,,,,,,,,,,,,,,,,,,,,,,,,,,,,,,,,,,,House_Semi-Detached_3.0
Warmworks,EOH1859,EH6,56.0,Working Full time (>30hrs),Professional,"40,001 - 50,000",2020-07-09T00:00:00.000Z,Owner-Occupied,18.0,C1,3.0,12/08/2020,Warmworks,Urban,1981-1990,C,2.0,0.0,76.79,3.0,2.0,3.0,2.6,Cavity_No_insulation,Solid,Pitched,Double,Yes,Gas,Gas Boiler - Combi,,,,0.0,0.0,1.0,No,No,2230.0,8720.0,,,,,,,,Yes,No,No,Yes,None - Installation not recommended,,,,,,,,,,,,,,,,,,,,,,,,,,,,,,,,,,,,,,,,,,,,,,,,Maisonette_Flat_2.0
Warmworks,EOH1327,EH49,50.0,Working Full time (>30hrs),Manager,"50,001+",2020-07-09T00:00:00.000Z,Owner-Occupied,10.0,AB,4.0,18/08/2020,Everwarm,Suburban,1981-1990,C,2.0,2.0,105.26,5.0,3.0,5.0,2.3,Cavity_No_insulation,Solid,Pitched,Double,Yes,Gas,Gas Boiler - Combi,,,,0.0,0.0,1.0,No,No,3942.0,9895.0,5.9,93.0,19033.0,3821.0,0.0,50.0,3.65,Yes,No,Yes,Yes,HT_ASHP,,,,1068.28,15.0,5.0,Yes,17/03/2021,Everwarm,HT_ASHP,,Vaillant,VWL 75/6 A 230V S2,7.0,R290,0.0,PCM_New,,10.5,1.0,,11.0,0.0,,Low Noise Heat Pump,No,0.0,0.0,0.0,No,No,0.0,0.0,,No,11215.18,3870.96,1610.23,2976.34,,,,,,,2.0,0.0,House_Semi-Detached_2.0
Warmworks,EOH1691,EH14,51.0,Working Part time,Professional,"30,001 - 40,000",2020-07-10T00:00:00.000Z,Owner-Occupied,2.0,C2,2.0,14/08/2020,Warmworks,Suburban,1945-1964,C,1.0,1.0,81.2,5.0,3.0,5.0,2.46,Cavity_Insulated,Suspended,Pitched,Double,Yes,Gas,Gas Boiler - Standard,Fire - Gas,Water,Normal (90-130l),0.0,1.0,1.0,No,No,1919.0,9217.0,,,,,,,,No,No,Yes,No,HT_ASHP,,,,,,,No,,,,,,,,,,,,,,,,,,,,,,,,,,,,,,,,,,,,,,,,,House_Mid-Terrace_2.0
Warmworks,EOH2578,EH39,72.0,Working Part time,Professional,"40,001 - 50,000",2020-07-10T00:00:00.000Z,Owner-Occupied,35.0,C1,4.0,24/07/2020,Warmworks,Suburban,1981-1990,C,2.0,0.0,183.18,7.0,4.0,7.0,2.6,Cavity_No_insulation,Suspended,Pitched,Double,Yes,Gas,Gas Boiler - Standard,Fire - Wood,Water,Medium (131-170l),0.0,0.0,0.0,Yes - Borehole,Yes,3142.9,22081.0,10.9,81.0,29463.0,4776.0,0.0,50.0,3.92,No,Yes,Yes with additional measures,No,HT_ASHP,,,,1492.84,15.0,,Yes,19/11/2020,Everwarm,HT_ASHP,,Vaillant,VWL 125/6 A 230V S2,12.0,R290,0.0,Water_New,200.0,,1.0,,11.0,0.0,,Low Noise Heat Pump,No,0.0,0.0,0.0,No,No,0.0,0.0,,No,11215.18,3572.21,1610.23,2976.34,,,,,,,2.0,0.0,House_Detached_2.0
Warmworks,EOH2647,EH39,50.0,Carer,Casual worker,"0 - 12,500",2020-07-10T00:00:00.000Z,Owner-Occupied,8.0,DE,2.0,25/08/2020,Warmworks,Suburban,1919-1944,D,2.0,1.0,97.7,5.0,,5.0,2.565,Cavity_Insulated,Suspended,Pitched,Double,Yes,Gas,Gas Boiler - Combi,Fire - Wood,,,0.0,0.0,1.0,No,No,,,,,,,,,,Yes,No,Yes,No,ASHP,,,,,,,No,,,,,,,,,,,,,,,,,,,,,,,,,,,,,,,,,,,,,,,,,House_Semi-Detached_2.0
Warmworks,EOH0258,G72,50.0,Working Full time (>30hrs),Manager,"50,001+",2020-07-10T00:00:00.000Z,Owner-Occupied,22.0,AB,5.0,07/08/2020,Warmworks,Urban,1991-2000,C,3.0,1.0,113.67,7.0,3.0,7.0,2.4,Cavity_Insulated,Solid,Pitched,Double,Yes,Gas,Gas Boiler - Combi,,,,0.0,0.0,0.0,No,No,10084.0,18366.0,5.7,62.7,15186.0,4075.0,0.0,55.0,3.39,Yes,No,Yes,Yes,Hybrid,,,,580.0,14.0,3.0,Yes,23/11/2020,BRB Electrical Ltd,Hybrid,Separate_New Boiler,Vaillant,VWL 75/6 A 230V S2,7.0,R290,0.0,,,,1.0,,8.0,0.0,,Low Noise Heat Pump,No,0.0,0.0,0.0,No,No,0.0,0.0,,No,11358.42,,1610.23,2164.61,,,,,,,2.0,0.0,House_Detached_2.0
Warmworks,EOH2750,IV3,39.0,Working Full time (>30hrs),Skilled Manual worker,"30,001 - 40,000",2020-07-10T00:00:00.000Z,Owner-Occupied,5.0,C2,5.0,16/04/2021,Warmworks,Rural,2001+,C,3.0,2.0,124.44,6.0,4.0,6.0,2.4,Cavity_Insulated,Suspended,Pitched,Double,Yes,Gas,Gas Boiler - Standard,,Water,Large (> 170l),0.0,0.0,1.0,No,No,7522.4,14840.0,6.6,50.0,15922.0,4495.0,0.0,45.0,3.91,Yes,Yes,Yes,Yes,HT_ASHP,,,,1111.0,16.36,4.17,Yes,30/08/2021,mcinnesplumbing,HT_ASHP,,Vaillant,VWL 75/6 A 230V S2,7.0,R290,0.0,Water_New,200.0,,2.0,,13.0,0.0,,Low Noise Heat Pump,No,0.0,0.0,0.0,No,No,0.0,0.0,,No,11215.176,3572.21,1610.23,3517.49,,,,,,,2.0,0.0,House_Detached_2.0
Warmworks,EOH3196,EH16,36.0,Working Full time (>30hrs),Professional,"50,001+",2020-07-10T00:00:00.000Z,Owner-Occupied,0.3,C1,4.0,14/08/2020,Warmworks,Suburban,1981-1990,D,2.0,0.0,107.27,6.0,3.0,6.0,2.37,Cavity_No_insulation,Suspended,Pitched,Double,Yes,Gas,Gas Boiler - Standard,Electric - Direct,Water,Normal (90-130l),0.0,0.0,0.0,No,No,,,6.5,67.3,18202.0,4075.0,1237.0,45.0,3.86,Yes,No,Yes,No,ASHP,,,,743.0,14.0,3.0,Yes,26/11/2020,BRB Electrical Ltd,ASHP,,Mitsubishi,PUHZ-W85VHAA,8.5,R410A,0.0,Water_New,150.0,,1.0,12.0,,0.0,,Low Noise Heat Pump,No,0.0,0.0,0.0,Yes,Yes,0.0,0.0,,No,7655.16,3508.27,1610.23,3246.91,,573.47,,,,,2.0,1.0,House_Detached_2.0
Warmworks,EOH2015,EH49,36.0,Working Full time (>30hrs),Professional,Prefer not to say,2020-07-10T00:00:00.000Z,Owner-Occupied,2.0,AB,3.0,08/09/2020,Warmworks,Suburban,1965-1980,C,2.0,1.0,67.5,5.0,3.0,5.0,2.32,Cavity_Insulated,Solid,Pitched,Double,Yes,Gas,Gas Boiler - Combi,Gas Boiler - Combi,,,0.0,0.0,1.0,No,No,,,,,,,,,,Yes,No,Yes,No,ASHP,,,,,,,No,,,,,,,,,,,,,,,,,,,,,,,,,,,,,,,,,,,,,,,,,House_Semi-Detached_2.0
Warmworks,EOH0532,EH15,72.0,Unemployed,Unemployed/Benefits,"30,001 - 40,000",2020-07-10T00:00:00.000Z,Owner-Occupied,3.0,DE,4.0,31/07/2020,Everwarm,Urban,1919-1944,C,2.0,0.0,163.25,5.0,3.0,5.0,2.72,Cavity_Insulated,Suspended,Pitched,Double,Yes,Gas,Gas Boiler - Combi,,,,0.0,0.0,0.0,No,No,3185.0,32316.0,11.6,67.7,31351.0,3821.0,0.0,,,Yes,No,Yes,Yes,HT_ASHP,,,,1377.14,15.93,3.69,No,,,,,,,,,,,,,,,,,,,,,,,,,,,,,,,,,,,,,,,,,House_Detached_2.0
Warmworks,EOH2018,EH41,47.0,Working Full time (>30hrs),Professional,"50,001+",2020-07-10T00:00:00.000Z,Owner-Occupied,6.0,AB,5.0,29/07/2020,Everwarm,Suburban,2001+,C,4.0,2.0,256.86,6.0,4.0,6.0,2.7,Cavity_Insulated,Suspended,Pitched,Double,Yes,Gas,Gas Boiler - Combi,,Water,Medium (131-170l),0.0,0.0,1.0,No,No,8384.0,28600.0,,,,,,,,Yes,No,Yes,No,ASHP,,,,,,,No,,,,,,,,,,,,,,,,,,,,,,,,,,,,,,,,,,,,,,,,,House_Detached_3.0
Warmworks,EOH1783,EH4,29.0,Working Full time (>30hrs),Manager,"40,001 - 50,000",2020-07-12T00:00:00.000Z,Owner-Occupied,3.0,AB,3.0,02/10/2020,Warmworks,Urban,2001+,C,2.0,0.0,69.14,4.0,2.0,4.0,,Cavity_Insulated,Solid,Pitched,Double,Yes,Gas,Gas Boiler - Combi,,,,0.0,0.0,1.0,No,No,,,3.2,56.6,10183.0,2674.0,1110.0,45.0,3.56,Yes,No,Yes,No,ASHP,,,,771.0,14.0,3.0,Yes,22/02/2021,BRB Electrical Ltd,ASHP,,Mitsubishi,PUHZ-W50VHA2,5.0,R410A,0.0,Water_New,150.0,,1.0,9.0,,0.0,,Low Noise Heat Pump,No,0.0,0.0,0.0,Yes,No,0.0,0.0,,No,7655.16,3508.27,1610.23,2435.17,,,,,,,2.0,0.0,House_Semi-Detached_2.0
Warmworks,EOH2625,KY11,50.0,Working Full time (>30hrs),Professional,"50,001+",2020-07-12T00:00:00.000Z,Owner-Occupied,,C1,4.0,15/04/2021,Warmworks,Suburban,1945-1964,D,3.0,0.0,163.08,6.0,4.0,6.0,2.49,Cavity_Insulated,Solid,Pitched,Double,No,Wood,Biomass Boiler,Fire - Wood,Water,Large (> 170l),0.0,0.0,0.0,Yes - Borehole,Yes,,,9.3,61.9,23566.0,4776.0,0.0,,,Yes,Yes,Yes,No,GSHP,,,,1518.36,18.0,5.0,Yes,26/07/2021,Everwarm,GSHP,Individual_Groundloop,Vaillant,VWF 117/4,11.0,R410A,,Water_New,200.0,,1.0,13.0,,0.0,,,No,0.0,0.0,0.0,No,No,0.0,0.0,,No,38728.62,3572.208,1610.23,3517.48,,,,,,,2.0,0.0,House_Detached_2.0
Warmworks,EOH0210,KY7,80.0,Retired,Pensioner,"25,001 - 30,000",2020-07-12T00:00:00.000Z,Owner-Occupied,36.0,DE,3.0,31/08/2020,Warmworks,Rural,1965-1980,C,2.0,0.0,96.36,6.0,3.0,6.0,2.4,Cavity_No_insulation,Suspended,Pitched,Double,Yes,Gas,Gas Boiler - Combi,Gas Boiler - Combi,,,0.0,0.0,1.0,No,No,,,,,,,,,,Yes,No,Yes,No,None - Installation not recommended,,,,,,,,,,,,,,,,,,,,,,,,,,,,,,,,,,,,,,,,,,,,,,,,House_Detached_1.0
Warmworks,EOH2579,EH8,40.0,Working Full time (>30hrs),Supervisor,"50,001+",2020-07-12T00:00:00.000Z,Owner-Occupied,5.0,C2,3.0,29/07/2020,Warmworks,Suburban,1919-1944,D,2.0,2.0,143.55,4.0,3.0,4.0,2.8,Cavity_No_insulation,Suspended,Pitched,Double,Yes,Gas,Gas Boiler - Combi,,,,0.0,0.0,0.0,No,No,,,,,,,,,,No,No,Yes,Yes with additional measures,None - Installation not recommended,,,,,,,,,,,,,,,,,,,,,,,,,,,,,,,,,,,,,,,,,,,,,,,,House_Semi-Detached_2.0
Warmworks,EOH1650,EH13,56.0,Working Part time,Clerical,"50,001+",2020-07-13T00:00:00.000Z,Owner-Occupied,15.0,C2,2.0,24/07/2020,Everwarm,Suburban,1945-1964,D,2.0,0.0,158.36,7.0,4.0,7.0,2.44,Cavity_Insulated,Suspended,Pitched,Double,Yes,Gas,Gas Boiler - Standard,Fire - Gas,Water,Normal (90-130l),0.0,1.0,0.0,No,No,3100.0,12000.0,,,,,,,,No,No,Yes,No,HT_ASHP,,,,,,,No,,,,,,,,,,,,,,,,,,,,,,,,,,,,,,,,,,,,,,,,,House_Detached_2.0
Warmworks,EOH2528,EH10,72.0,Unemployed,Unemployed/Benefits,"30,001 - 40,000",2020-07-13T00:00:00.000Z,Owner-Occupied,39.0,DE,2.0,30/07/2020,Warmworks,Suburban,1965-1980,D,2.0,0.0,59.86,4.0,3.0,4.0,2.4,Cavity_Insulated,Suspended,Pitched,Double,Yes,Gas,Gas Boiler - Combi,Fire - Gas,,,0.0,1.0,0.0,No,No,2626.0,18950.0,,,,,,,,Yes,No,Yes,Yes,HT_ASHP,,,,,,,No,,,,,,,,,,,,,,,,,,,,,,,,,,,,,,,,,,,,,,,,,House_Detached_1.0
Warmworks,EOH3011,EH44,39.0,Unfit for work,Unemployed/Benefits,"12,501 - 16,200",2020-07-13T00:00:00.000Z,Owner-Occupied,7.0,DE,2.0,11/08/2020,Warmworks,Rural,1965-1980,C,2.0,1.0,122.1,6.0,4.0,6.0,2.4,Cavity_No_insulation,Suspended,Pitched,Double,Yes,Gas,Gas Boiler - Standard,Fire - Wood,Water,Normal (90-130l),0.0,0.0,1.0,No,No,,,7.7,62.2,20282.0,4921.0,0.0,,,Yes,No,No,No,ASHP,,,,1489.32,18.0,5.0,No,,,,,,,,,,,,,,,,,,,,,,,,,,,,,,,,,,,,,,,,,House_Detached_1.0
Warmworks,EOH0346,TD9,33.0,Working Full time (>30hrs),Professional,"40,001 - 50,000",2020-07-13T00:00:00.000Z,Owner-Occupied,10.0,C1,5.0,23/09/2020,Warmworks,Rural,2001+,A,2.0,2.0,181.0,6.0,4.0,6.0,2.6,Solid_No_insulation,Suspended,Pitched,Double,Yes,Gas,Gas Boiler - Combi,,,,0.0,0.0,1.0,No,No,4610.0,,6.8,49.4,15666.0,3566.0,2038.0,45.0,4.14,Yes,No,Yes,Yes,ASHP,,,,1076.0,14.0,3.0,Yes,19/04/2021,BRB Electrical Ltd,ASHP,,Mitsubishi,PUZ-WM85VAA,8.5,R32,0.0,Water_New,200.0,,1.0,15.0,,0.0,,Low Noise Heat Pump,No,0.0,0.0,0.0,Yes,No,0.0,0.0,,No,8575.73,3572.208,1610.23,4058.64,,,,,,,3.0,0.0,House_Semi-Detached_2.0
Warmworks,EOH0783,EH17,27.0,Working Full time (>30hrs),Manager,Prefer not to say,2020-07-14T00:00:00.000Z,Owner-Occupied,5.0,AB,2.0,24/09/2020,Warmworks,Suburban,2001+,C,4.0,0.0,112.1,6.0,4.0,6.0,2.38,Cavity_Insulated,Suspended,Pitched,Double,Yes,Gas,Gas Boiler - Combi,,,,0.0,0.0,1.0,No,No,7298.0,13612.0,,,,,,,,Yes,No,Yes,No,ASHP,,,,,,,No,,,,,,,,,,,,,,,,,,,,,,,,,,,,,,,,,,,,,,,,,House_Semi-Detached_2.0
Warmworks,EOH3024,EH7,30.0,Working Full time (>30hrs),Professional,"40,001 - 50,000",2020-07-14T00:00:00.000Z,Owner-Occupied,1.5,C1,4.0,25/08/2020,Everwarm,Urban,2001+,C,2.0,0.0,86.7,3.0,2.0,3.0,2.425,Cavity_Insulated,Suspended,Another Dwelling Above,Double,Yes,Gas,Gas Boiler - Combi,,,,0.0,0.0,1.0,No,No,1644.0,14013.0,,,,,,,,Yes,No,Yes,No,None - Installation not recommended,,,,,,,,,,,,,,,,,,,,,,,,,,,,,,,,,,,,,,,,,,,,,,,,Flat_Flat_2.0
Warmworks,EOH1328,EH4,43.0,Working Full time (>30hrs),Professional,"50,001+",2020-07-14T00:00:00.000Z,Owner-Occupied,9.0,AB,5.0,16/08/2020,Warmworks,Suburban,1945-1964,D,2.0,4.0,145.94,7.0,4.0,7.0,2.64,Cavity_Insulated,Suspended,Pitched,Double,Yes,Gas,Gas Boiler - Combi,,,,0.0,0.0,0.0,No,No,4388.0,15276.0,8.0,89.0,25692.0,4776.0,0.0,50.0,3.92,Yes,No,Yes,No,HT_ASHP,,,,1311.86,15.0,5.0,Yes,28/06/2021,Everwarm,HT_ASHP,,Vaillant,VWL 125/6 A 230V S2,12.0,R290,0.0,PCM_New,,10.5,1.0,,10.0,0.0,,Low Noise Heat Pump,No,0.0,0.0,0.0,No,No,0.0,0.0,,No,17943.13,3870.96,1610.23,2705.76,,,,,,,2.0,0.0,House_Semi-Detached_2.0
Warmworks,EOH2448,G69,35.0,Working Full time (>30hrs),Manager,"50,001+",2020-07-15T00:00:00.000Z,Owner-Occupied,5.0,AB,4.0,05/08/2020,Warmworks,Suburban,1965-1980,D,2.0,2.0,94.68,5.0,4.0,5.0,2.4,Cavity_Insulated,Suspended,Pitched,Double,Yes,Gas,Gas Boiler - Combi,,,,0.0,0.0,1.0,No,No,4000.0,20000.0,6.1,84.0,15585.0,3821.0,0.0,50.0,3.65,No,No,Yes,Yes,HT_ASHP,,,,904.71,15.0,3.3,Yes,08/10/2020,Everwarm,HT_ASHP,,Vaillant,VWL 75/6 A 230V S2,7.0,R290,0.0,Water_New,200.0,,1.0,,7.0,0.0,,Low Noise Heat Pump,No,0.0,0.0,0.0,No,No,0.0,0.0,,No,11215.18,3572.21,1610.23,1894.03,,,,,,,2.0,0.0,House_Semi-Detached_3.0
Warmworks,EOH1003,EH15,46.0,Working Part time,Professional,Prefer not to say,2020-07-15T00:00:00.000Z,Owner-Occupied,3.5,C2,3.0,07/08/2020,Warmworks,Suburban,1919-1944,C,2.0,2.0,134.41,5.0,3.0,5.0,2.8,Cavity_Insulated,Suspended,Pitched,Double,Yes,Gas,Gas Boiler - Combi,,,,0.0,0.0,0.0,Yes - Borehole,Yes,2802.0,18758.0,7.2,71.6,18712.0,3596.0,3596.0,45.0,3.91,No,Yes,Yes,Yes,GSHP,,,,887.0,16.36,4.17,Yes,05/04/2021,mcinnesplumbing,Hybrid,Separate_New Boiler,Vaillant,VWL 75/6 A 230V S2,7.0,R290,0.0,,,,1.0,,7.0,0.0,,Low Noise Heat Pump,No,0.0,0.0,0.0,No,No,0.0,0.0,,No,10177.84,,1610.23,1894.03,,,,,,,2.0,0.0,House_Detached_2.0
Warmworks,EOH2525,EH9,45.0,Working Full time (>30hrs),Manager,"50,001+",2020-07-15T00:00:00.000Z,Owner-Occupied,14.0,AB,4.0,12/08/2020,Warmworks,Suburban,1919-1944,D,2.0,1.0,113.68,8.0,3.0,8.0,2.3,Cavity_Insulated,Suspended,Pitched,Double,Yes,Gas,Gas Boiler - Combi,,,,0.0,0.0,0.0,No,No,4000.0,18000.0,,,,,,,,Yes,No,Yes,Yes,None - Installation not recommended,,,,,,,,,,,,,,,,,,,,,,,,,,,,,,,,,,,,,,,,,,,,,,,,House_Semi-Detached_2.0
Warmworks,EOH1483,DD6,29.0,Working Full time (>30hrs),Professional,"25,001 - 30,000",2020-07-15T00:00:00.000Z,Owner-Occupied,1.0,C1,3.0,08/09/2020,Warmworks,Suburban,1981-1990,C,1.0,0.0,91.57,5.0,3.0,5.0,2.37,Cavity_Insulated,Suspended,Pitched,Double,Yes,Gas,Gas Boiler - Standard,,Water,Normal (90-130l),0.0,0.0,1.0,No,No,,,,,,,,,,Yes,No,Yes,No,ASHP,,,,,,,No,,,,,,,,,,,,,,,,,,,,,,,,,,,,,,,,,,,,,,,,,House_End-Terrace_2.0
Warmworks,EOH3065,TD1,36.0,Working Full time (>30hrs),Professional,"50,001+",2020-07-15T00:00:00.000Z,Owner-Occupied,3.0,C1,4.0,26/03/2021,Warmworks,Rural,2001+,D,2.0,1.0,203.22,7.0,4.0,7.0,2.48,Cavity_Insulated,Solid,Pitched,Double,No,LPG,LPG Boiler,,,,0.0,0.0,1.0,No,No,4412.3,,,,,,,,,Yes,Yes,Yes,Yes,None - Installation not recommended,,,,,,,,,,,,,,,,,,,,,,,,,,,,,,,,,,,,,,,,,,,,,,,,House_Detached_2.0
Warmworks,EOH0080,KY7,62.0,Retired,Pensioner,Prefer not to say,2020-07-15T00:00:00.000Z,Owner-Occupied,30.0,DE,3.0,23/08/2020,Warmworks,Suburban,1991-2000,D,2.0,0.0,129.74,6.0,4.0,6.0,2.4,Cavity_Insulated,Suspended,Pitched,Double,Yes,Gas,Gas Boiler - Standard,,Water,Medium (131-170l),0.0,0.0,0.0,No,No,,,,,,,,,,Yes,No,Yes,No,ASHP,,,,,,,No,,,,,,,,,,,,,,,,,,,,,,,,,,,,,,,,,,,,,,,,,House_Detached_1.0
Warmworks,EOH0368,EH6,42.0,Working Full time (>30hrs),Clerical,"20,001 - 25,000",2020-07-16T00:00:00.000Z,Owner-Occupied,1.0,C2,2.0,16/08/2020,Warmworks,Urban,1919-1944,C,2.0,0.0,44.92,2.0,1.0,2.0,2.73,Cavity_Insulated,Suspended,Another Dwelling Above,Double,Yes,Gas,Gas Boiler - Combi,,,,0.0,0.0,1.0,No,No,,,4.1,98.0,10902.0,1910.0,0.0,50.0,3.41,No,No,Yes,No,HT_ASHP,,,,625.97,15.0,,Yes,16/11/2020,Everwarm,HT_ASHP,,Vaillant,VWL 55/6 A 230V S2,5.0,R290,0.0,PCM_New,,7.0,1.0,,6.0,0.0,,Low Noise Heat Pump,No,0.0,0.0,0.0,No,No,0.0,0.0,,No,11215.18,3870.96,1610.23,1623.46,,,,,,,2.0,0.0,Flat_Flat_1.0
Warmworks,EOH0021,EH16,31.0,Working Full time (>30hrs),Professional,"50,001+",2020-07-17T00:00:00.000Z,Owner-Occupied,,AB,3.0,01/10/2020,Warmworks,Suburban,1991-2000,C,2.0,0.0,119.98,6.0,4.0,6.0,,Cavity_Insulated,Suspended,Pitched,Double,Yes,Gas,Gas Boiler - Standard,,Water,Large (> 170l),0.0,0.0,1.0,Yes - Borehole,Yes,,,7.0,65.8,15419.0,4495.0,156.0,50.0,3.81,Yes,Yes,Yes,Yes,GSHP,,,,1144.0,16.36,,Yes,16/08/2021,mcinnesplumbing,ASHP,,Mitsubishi,PUZ-WM85VAA-BS,8.5,R32,0.0,Water_New,200.0,,1.0,8.0,,0.0,,Low Noise Heat Pump,No,0.0,0.0,0.0,No,No,0.0,0.0,,No,8575.74,3454.91,1610.23,2164.61,,,,,,,2.0,0.0,House_Detached_2.0
Warmworks,EOH0200,KY3,39.0,Working Full time (>30hrs),Professional,"30,001 - 40,000",2020-07-18T00:00:00.000Z,Owner-Occupied,0.1,C1,3.0,31/08/2020,Warmworks,Rural,1945-1964,D,2.0,1.0,89.76,3.0,2.0,3.0,2.345,Cavity_Insulated,Suspended,Pitched,Double,Yes,Gas,Gas Boiler - Standard,Fire - Gas,Water,Normal (90-130l),0.0,1.0,1.0,No,No,,,4.4,63.0,12928.0,2674.0,1110.0,55.0,3.39,Yes,No,Yes,No,ASHP,,,,,,,Yes,06/09/2021,BRB Electrical Ltd,HT_ASHP,,Vaillant,VWL 75/6 A 230V S2,7.0,R290,0.0,Water_New,150.0,,1.0,,8.0,0.0,,Low Noise Heat Pump,No,0.0,0.0,0.0,Yes,No,0.0,0.0,,No,11215.17,3508.272,1610.23,2164.61,,,,,,,2.0,0.0,House_End-Terrace_2.0
Warmworks,EOH1655,EH6,34.0,Working Full time (>30hrs),Professional,"50,001+",2020-07-18T00:00:00.000Z,Owner-Occupied,0.8,AB,3.0,19/08/2020,Warmworks,Urban,1919-1944,D,2.0,0.0,135.92,5.0,3.0,4.0,2.7,Cavity_Insulated,Suspended,Pitched,Double,Yes,Gas,Gas Boiler - Standard,Fire - Gas,Water,Normal (90-130l),0.0,1.0,1.0,No,No,1720.0,17163.0,,,,,,,,Yes,No,Yes,Yes,HT_ASHP,,,,,,,No,,,,,,,,,,,,,,,,,,,,,,,,,,,,,,,,,,,,,,,,,House_Detached_2.0
Warmworks,EOH0506,EH10,52.0,Working Full time (>30hrs),Clerical,"50,001+",2020-07-19T00:00:00.000Z,Owner-Occupied,20.0,C2,2.0,14/09/2020,Warmworks,Urban,1919-1944,E,2.0,2.0,87.01,4.0,3.0,4.0,2.6,Cavity_Insulated,Suspended,Pitched,Double,Yes,Gas,Gas Boiler - Combi,,,,0.0,0.0,0.0,No,No,,,,,,,,,,No,No,No,No,None - Installation not recommended,,,,,,,,,,,,,,,,,,,,,,,,,,,,,,,,,,,,,,,,,,,,,,,,House_Detached_2.0
Warmworks,EOH2662,EH13,35.0,Working Full time (>30hrs),Professional,"50,001+",2020-07-19T00:00:00.000Z,Owner-Occupied,3.0,AB,1.0,12/08/2020,Warmworks,Suburban,1945-1964,D,2.0,0.0,60.53,3.0,2.0,3.0,2.4,Cavity_Insulated,Solid,Pitched,Double,Yes,Gas,Gas Boiler - Combi,,,,0.0,0.0,0.0,No,No,2433.0,5489.0,,,,,,,,Yes,No,Yes,Yes,None - Installation not recommended,,,,,,,,,,,,,,,,,,,,,,,,,,,,,,,,,,,,,,,,,,,,,,,,Flat_Flat_1.0
Warmworks,EOH1618,EH10,65.0,Retired,Professional,Prefer not to say,2020-07-19T00:00:00.000Z,Owner-Occupied,10.0,DE,4.0,10/08/2020,Everwarm,Suburban,1919-1944,C,2.0,0.0,167.6,5.0,3.0,5.0,2.6,Cavity_Insulated,Suspended,Pitched,Double,Yes,Gas,Gas Boiler - Combi,Fire - Wood,,,0.0,0.0,1.0,No,No,3177.8,16670.0,,,,,,,,No,No,Yes,Yes,HT_ASHP,,,,,,,No,,,,,,,,,,,,,,,,,,,,,,,,,,,,,,,,,,,,,,,,,House_Detached_2.0
Warmworks,EOH1974,EH13,48.0,Working Full time (>30hrs),Professional,"50,001+",2020-07-19T00:00:00.000Z,Owner-Occupied,7.0,C1,4.0,17/08/2020,Everwarm,Suburban,1991-2000,D,2.0,1.0,153.08,8.0,4.0,8.0,2.4,Cavity_Insulated,Suspended,Pitched,Double,Yes,Gas,Gas Boiler - Combi,Fire - Gas,,,0.0,1.0,1.0,No,No,3208.0,21468.0,,,,,,,,Yes,No,Yes,Yes,None - Installation not recommended,,,,,,,,,,,,,,,,,,,,,,,,,,,,,,,,,,,,,,,,,,,,,,,,House_Detached_2.0
Warmworks,EOH0650,EH13,61.0,Retired,Manager,"50,001+",2020-07-19T00:00:00.000Z,Owner-Occupied,19.0,AB,4.0,18/08/2020,Everwarm,Urban,1919-1944,D,3.0,0.0,170.01,7.0,3.0,7.0,2.7,Cavity_Insulated,Suspended,Pitched,Double,Yes,Gas,Gas Boiler - Standard,,Water,Medium (131-170l),1.0,0.0,0.0,No,No,14371.0,30910.0,,,,,,,,No,No,Yes,Yes,None - Installation not recommended,,,,,,,,,,,,,,,,,,,,,,,,,,,,,,,,,,,,,,,,,,,,,,,,House_Detached_2.0
Warmworks,EOH1321,EH10,40.0,Working Full time (>30hrs),Professional,Prefer not to say,2020-07-19T00:00:00.000Z,Owner-Occupied,4.0,C2,2.0,30/07/2020,Warmworks,Urban,1965-1980,C,2.0,2.0,117.62,6.0,3.0,6.0,2.4,Cavity_Insulated,Suspended,Pitched,Double,Yes,Gas,Gas Boiler - Combi,,,,0.0,0.0,1.0,No,No,1800.0,8000.0,,,,,,,,Yes,No,Yes,Yes,Hybrid,,,,,,,No,,,,,,,,,,,,,,,,,,,,,,,,,,,,,,,,,,,,,,,,,House_Semi-Detached_2.0
Warmworks,EOH0919,EH45,48.0,Working Full time (>30hrs),Skilled Manual Worker,Prefer not to say,2020-07-19T00:00:00.000Z,Owner-Occupied,15.0,C2,2.0,20/08/2020,Warmworks,Suburban,1965-1980,C,3.0,1.0,144.48,6.0,4.0,6.0,2.4,Cavity_No_insulation,Suspended,Pitched,Double,Yes,Gas,Gas Boiler - Standard,Fire - Wood,Water,Normal (90-130l),0.0,0.0,0.0,No,No,3000.0,18000.0,,,,,,,,Yes,No,Yes,Yes,Hybrid,,,,,,,No,,,,,,,,,,,,,,,,,,,,,,,,,,,,,,,,,,,,,,,,,House_Detached_1.0
Warmworks,EOH1750,EH10,49.0,Working Full time (>30hrs),Professional,"50,001+",2020-07-19T00:00:00.000Z,Owner-Occupied,7.0,AB,2.0,10/08/2020,Everwarm,Suburban,1991-2000,C,2.0,1.0,151.01,7.0,4.0,7.0,2.275,Cavity_Insulated,Suspended,Pitched,Double,Yes,Gas,Gas Boiler - Standard,Fire - Coal,Water,Normal (90-130l),0.0,1.0,1.0,No,No,,,,,,,,,,Yes,No,Yes,No,ASHP,,,,,,,No,,,,,,,,,,,,,,,,,,,,,,,,,,,,,,,,,,,,,,,,,House_Detached_2.0
Warmworks,EOH2455,EH4,40.0,Working Full time (>30hrs),Professional,"50,001+",2020-07-19T00:00:00.000Z,Owner-Occupied,4.0,AB,2.0,04/08/2020,Everwarm,Suburban,1945-1964,D,2.0,2.0,182.29,7.0,4.0,7.0,2.35,Cavity_Insulated,Suspended,Pitched,Double,Yes,Gas,Gas Boiler - Combi,Fire - Gas,,,0.0,0.0,1.0,No,No,2939.0,31014.0,,,,,,,,No,No,Yes,Yes,HT_ASHP,,,,,,,No,,,,,,,,,,,,,,,,,,,,,,,,,,,,,,,,,,,,,,,,,House_Detached_2.0
Warmworks,EOH0203,EH21,41.0,Working Full time (>30hrs),Professional,"50,001+",2020-07-19T00:00:00.000Z,Owner-Occupied,5.0,C1,5.0,29/09/2020,Warmworks,Urban,2001+,C,3.0,1.0,130.5,6.0,4.0,6.0,2.6,Cavity_Insulated,Solid,Pitched,Double,Yes,Gas,Gas Boiler - Standard,,Water,Large (> 170l),0.0,0.0,1.0,Yes - Borehole,Yes,,,,,,,,,,Yes,Yes,Yes,Yes,GSHP,,,,,,,No,,,,,,,,,,,,,,,,,,,,,,,,,,,,,,,,,,,,,,,,,House_Detached_2.0
Warmworks,EOH2493,EH10,56.0,Working Full time (>30hrs),Manager,"40,001 - 50,000",2020-07-19T00:00:00.000Z,Owner-Occupied,21.0,C1,2.0,19/08/2020,Warmworks,Suburban,1965-1980,D,4.0,0.0,100.53,7.0,4.0,7.0,2.4,Cavity_No_insulation,Suspended,Pitched,Double,Yes,Gas,Gas Boiler - Combi,,,,1.0,0.0,1.0,No,No,2900.0,12000.0,,,,,,,,No,No,Yes with additional measures,Yes with additional measures,None - Installation not recommended,,,,,,,No,,,,,,,,,,,,,,,,,,,,,,,,,,,,,,,,,,,,,,,,,House_Semi-Detached_2.0
Warmworks,EOH1522,EH4,67.0,Retired,Professional,Prefer not to say,2020-07-20T00:00:00.000Z,Owner-Occupied,37.0,DE,5.0,03/08/2020,Warmworks,Suburban,1945-1964,E,2.0,0.0,121.8,4.0,3.0,4.0,2.6,Cavity_Insulated,Suspended,Pitched,Double,Yes,Gas,Gas Boiler - Standard,,Water,Normal (90-130l),0.0,0.0,1.0,No,No,3800.0,23034.0,,,,,,,,Yes,No,Yes,Yes,ASHP,,,,,,,No,,,,,,,,,,,,,,,,,,,,,,,,,,,,,,,,,,,,,,,,,House_Detached_2.0
Warmworks,EOH0415,EH10,47.0,Working Full time (>30hrs),Manager,Prefer not to say,2020-07-21T00:00:00.000Z,Owner-Occupied,2.0,AB,2.0,03/08/2020,Warmworks,Suburban,1945-1964,D,2.0,0.0,161.33,5.0,3.0,5.0,2.7,Cavity_No_insulation,Suspended,Pitched,Double,Yes,Gas,Gas Boiler - Combi,,,,0.0,0.0,0.0,Yes - Borehole,Yes,2897.0,14358.0,,,,,,,,No,Yes,Yes,Yes,GSHP,,,,,,,No,,,,,,,,,,,,,,,,,,,,,,,,,,,,,,,,,,,,,,,,,House_Detached_2.0
Warmworks,EOH0817,EH10,58.0,Working Full time (>30hrs),Manager,"40,001 - 50,000",2020-07-21T00:00:00.000Z,Owner-Occupied,5.0,C2,2.0,18/08/2020,Everwarm,Suburban,1919-1944,D,2.0,2.0,146.13,6.0,3.0,6.0,2.725,Cavity_Insulated,Suspended,Pitched,Double,Yes,Gas,Gas Boiler - Combi,Fire - Wood,,,0.0,0.0,0.0,No,No,,,,,,,,,,No,No,Yes with additional measures,Yes with additional measures,HT_ASHP,,,,,,,No,,,,,,,,,,,,,,,,,,,,,,,,,,,,,,,,,,,,,,,,,House_Semi-Detached_2.0
Warmworks,EOH2482,TD6,64.0,Unemployed,Unemployed/Benefits,Prefer not to say,2020-07-22T00:00:00.000Z,Rented (Social),21.0,DE,2.0,13/08/2020,Warmworks,Suburban,1945-1964,F,2.0,0.0,81.8,4.0,2.0,4.0,2.4,Cavity_Insulated,Suspended,Pitched,Double,No,Electricity,Electric - Direct,Fire - Coal,Water,Normal (90-130l),0.0,0.0,1.0,No,No,2900.0,,,,,,,,,Yes,No,Yes,Yes,HT_ASHP,,,,,,,No,,,,,,,,,,,,,,,,,,,,,,,,,,,,,,,,,,,,,,,,,House_Semi-Detached_2.0
Warmworks,EOH2212,TD4,44.0,Working Part time,Professional,Prefer not to say,2020-07-22T00:00:00.000Z,Rented (Social),23.0,C2,1.0,28/08/2020,Warmworks,Suburban,1945-1964,E,1.0,2.0,71.5,3.0,2.0,3.0,2.45,Cavity_Insulated,Suspended,Pitched,Double,,Electricity,Electric - Direct,,Water,Normal (90-130l),0.0,0.0,0.0,No,No,10823.0,,5.0,68.0,10504.0,2697.0,156.0,50.0,3.15,Yes,No,Yes,No,ASHP,,,,617.0,14.0,,Yes,08/01/2021,TK Murray,ASHP,,Vaillant,VWL 55/3 A 230V,5.0,R410A,0.0,Water_New,150.0,,1.0,8.0,,0.0,,Low Noise Heat Pump,No,0.0,0.0,0.0,,No,0.0,0.0,,No,7655.16,3508.27,1610.23,2164.61,,,,,,,1.0,0.0,House_Mid-Terrace_2.0
Warmworks,EOH0144,TD4,48.0,Unfit for work,Unemployed/Benefits,Prefer not to say,2020-07-22T00:00:00.000Z,Rented (Social),23.0,DE,1.0,13/08/2020,Warmworks,Suburban,1945-1964,E,2.0,0.0,42.97,2.0,1.0,2.0,2.6,Cavity_Insulated,Suspended,Pitched,Double,,Electricity,Electric - Direct,,Water,Medium (131-170l),0.0,0.0,0.0,No,No,6355.02,,5.0,99.2,4008.0,3995.0,156.0,50.0,3.15,Yes,No,No,No,ASHP,,,,586.0,14.0,,Yes,18/01/2021,TK Murray,ASHP,,Vaillant,VWL 55/3 A 230V,5.0,R410A,0.0,Water_New,150.0,,1.0,5.0,,0.0,,Low Noise Heat Pump,No,0.0,0.0,0.0,,No,0.0,0.0,,No,7655.16,3508.27,1610.23,1352.88,,,,,,,1.0,0.0,House_Semi-Detached_1.0
Warmworks,EOH2584,TD4,76.0,Retired,Pensioner,Prefer not to say,2020-07-22T00:00:00.000Z,Rented (Social),11.0,DE,1.0,13/08/2020,Warmworks,Suburban,1945-1964,E,1.0,0.0,46.84,2.0,1.0,2.0,2.4,Cavity_No_insulation,Suspended,Pitched,Double,,,Electric - Direct,,Water,Normal (90-130l),0.0,0.0,0.0,No,No,5292.0,,5.0,88.4,8988.0,3596.0,156.0,50.0,3.58,Yes,No,Yes,Yes,HT_ASHP,,,,598.0,14.0,,Yes,12/01/2021,TK Murray,ASHP,,Mitsubishi,PUHZ-W50VHA2,5.0,R410A,0.0,Water_New,150.0,,1.0,6.0,,0.0,,Low Noise Heat Pump,No,0.0,0.0,0.0,,No,0.0,0.0,,No,7655.16,3508.27,1610.23,1623.46,,,,,,,2.0,0.0,House_Semi-Detached_1.0
Warmworks,EOH2359,TD4,30.0,Carer,Unemployed/Benefits,Prefer not to say,2020-07-22T00:00:00.000Z,Rented (Social),4.0,DE,1.0,13/08/2020,Warmworks,Suburban,1945-1964,F,2.0,0.0,46.58,2.0,1.0,2.0,2.6,Cavity_Insulated,Suspended,Pitched,Double,,Electricity,Electric - Direct,,Water,Medium (131-170l),0.0,0.0,0.0,No,No,5578.0,,5.0,43.0,7338.0,2038.0,14.0,50.0,3.58,Yes,No,No,No,ASHP,,,,,,,Yes,26/05/2021,TK Murray,ASHP,,Mitsubishi,PUHZ-W50VHA2,5.0,R410A,0.0,Water_New,150.0,,1.0,6.0,,0.0,,Low Noise Heat Pump,No,0.0,0.0,0.0,,No,0.0,0.0,,No,7655.16,3508.272,1610.23,1623.45,,,,,,,1.0,0.0,House_Semi-Detached_1.0
Warmworks,EOH0015,TD4,85.0,Retired,Pensioner,Prefer not to say,2020-07-22T00:00:00.000Z,Rented (Social),20.0,DE,1.0,28/08/2020,Warmworks,Suburban,1945-1964,F,1.0,0.0,69.3,3.0,2.0,3.0,2.3,Cavity_Insulated,Suspended,Pitched,Double,No,Electricity,Electric - Direct,Electric - Direct,Water,Normal (90-130l),0.0,0.0,0.0,No,No,,,,,,,,,,Yes,No,Yes,No,ASHP,,,,,,,No,,,,,,,,,,,,,,,,,,,,,,,,,,,,,,,,,,,,,,,,,House_Semi-Detached_2.0
Warmworks,EOH1611,FK2,52.0,Working Full time (>30hrs),Manager,"40,001 - 50,000",2020-07-23T00:00:00.000Z,Owner-Occupied,29.0,AB,5.0,30/09/2020,Warmworks,Suburban,1991-2000,C,2.0,0.0,116.15,6.0,4.0,6.0,2.34,Cavity_Insulated,Suspended,Pitched,Double,Yes,Gas,Gas Boiler - Combi,,,,0.0,0.0,1.0,No,No,,,,,,,,,,Yes,No,Yes,Yes,None - Installation not recommended,,,,,,,,,,,,,,,,,,,,,,,,,,,,,,,,,,,,,,,,,,,,,,,,House_Semi-Detached_2.0
Warmworks,EOH2239,EH29,37.0,Stay at home parent,Unemployed/Benefits,"50,001+",2020-07-23T00:00:00.000Z,Owner-Occupied,,DE,2.0,16/04/2021,Warmworks,Suburban,2001+,B,2.0,3.0,151.36,7.0,5.0,7.0,2.36,Cavity_Insulated,Solid,Pitched,Double,Yes,Gas,Gas Boiler - Standard,,Water,Large (> 170l),0.0,0.0,1.0,No,No,,,8.7,63.0,21715.0,4775.0,0.0,50.0,3.66,Yes,No,Yes,Yes,HT_ASHP,,,,1394.0,18.0,5.0,Yes,02/08/2021,Everwarm,ASHP,,Mitsubishi,PUZ-WM112VAA,11.2,R32,0.0,Water_New,200.0,,1.0,15.0,,0.0,,Low Noise Heat Pump,No,0.0,0.0,0.0,No,No,0.0,0.0,,No,8575.73,3572.208,1610.23,4058.64,,,,,,,3.0,0.0,House_Detached_2.0
Warmworks,EOH1114,EH26,54.0,Working Full time (>30hrs),Professional,"50,001+",2020-07-24T00:00:00.000Z,Owner-Occupied,15.0,C1,4.0,17/09/2020,Warmworks,Suburban,1945-1964,D,2.0,1.0,129.09,6.0,4.0,6.0,2.6,Cavity_Insulated,Suspended,Pitched,Double,Yes,Gas,Gas Boiler - Combi,,,,0.0,0.0,1.0,Yes - Borehole,Yes,2786.0,19964.0,11.7,94.4,28885.0,3596.0,0.0,50.0,3.92,Yes,Yes,Yes,Yes,GSHP,,,,1542.0,16.36,,Yes,07/06/2021,mcinnesplumbing,HT_ASHP,,Vaillant,VWL 125/6 A 230V S2,12.0,R290,0.0,Water_New,200.0,,1.0,,12.0,0.0,,Low Noise Heat Pump,No,0.0,0.0,0.0,No,No,0.0,0.0,,No,17943.13,3572.208,1610.23,3246.91,,,,,,,2.0,0.0,House_Detached_1.0
Warmworks,EOH0762,EH21,38.0,Working Part time,Clerical,"50,001+",2020-07-24T00:00:00.000Z,Owner-Occupied,1.0,C1,3.0,17/05/2021,Warmworks,Suburban,2001+,B,2.0,2.0,137.84,7.0,4.0,7.0,2.31,Cavity_Insulated,Solid,Pitched,Double,Yes,Gas,Gas Boiler - Standard,,Water,Medium (131-170l),0.0,0.0,1.0,No,No,,,7.3,,18660.0,4921.0,0.0,,,Yes,No,Yes,Yes,ASHP,,,,1294.82,18.0,5.0,No,,,,,,,,,,,,,,,,,,,,,,,,,,,,,,,,,,,,,,,,,House_Detached_2.0
Warmworks,EOH2583,EH14,36.0,Working Full time (>30hrs),Professional,"50,001+",2020-07-24T00:00:00.000Z,Owner-Occupied,0.8,C1,3.0,30/08/2020,Warmworks,Urban,1919-1944,C,2.0,0.0,63.28,3.0,2.0,3.0,2.525,Cavity_Insulated,Suspended,Pitched,Double,Yes,Gas,Gas Boiler - Combi,Gas Boiler - Combi,,,0.0,0.0,1.0,No,No,,,,,,,,,,Yes,No,Yes,No,ASHP,,,,,,,No,,,,,,,,,,,,,,,,,,,,,,,,,,,,,,,,,,,,,,,,,House_Mid-Terrace_2.0
Warmworks,EOH1932,KY3,38.0,Stay at home parent,Unemployed/Benefits,"40,001 - 50,000",2020-07-24T00:00:00.000Z,Owner-Occupied,0.8,DE,3.0,23/08/2020,Warmworks,Suburban,1945-1964,C,2.0,3.0,198.86,6.0,4.0,6.0,2.38,Cavity_No_insulation,Solid,Pitched,Double,Yes,Gas,Gas Boiler - Standard,Electric - Direct,,,0.0,0.0,1.0,No,No,,,,,,,,,,No,No,Yes,Yes,HT_ASHP,,,,,,,No,,,,,,,,,,,,,,,,,,,,,,,,,,,,,,,,,,,,,,,,,House_Detached_2.0
Warmworks,EOH0446,EH46,67.0,Retired,Pensioner,Prefer not to say,2020-07-24T00:00:00.000Z,Owner-Occupied,36.0,DE,4.0,07/10/2020,Warmworks,Rural,Pre 1919,G,2.0,0.0,102.43,4.0,2.0,2.0,,Cavity_No_insulation,Solid,Pitched,Double,,,Fire - Gas,,,,0.0,0.0,0.0,Yes - Borehole,Yes,19265.0,,,,,,,,,Yes,Yes,Yes,Yes,GSHP,,,,,,,No,,,,,,,,,,,,,,,,,,,,,,,,,,,,,,,,,,,,,,,,,House_Detached_2.0
Warmworks,EOH2262,EH32,50.0,Working Full time (>30hrs),Manager,"50,001+",2020-07-24T00:00:00.000Z,Owner-Occupied,16.0,AB,3.0,18/04/2021,Everwarm,Suburban,2001+,C,2.0,3.0,157.08,7.0,4.0,7.0,2.41,Cavity_Insulated,Suspended,Pitched,Double,Yes,Gas,Gas Boiler - Standard,Fire - Wood,Water,Medium (131-170l),0.0,0.0,1.0,No,No,,,9.5,73.0,24014.0,4776.0,0.0,49.0,3.98,Yes,No,Yes,Yes,HT_ASHP,,,,1537.23,18.0,5.0,Yes,29/07/2021,Everwarm,HT_ASHP,,Vaillant,VWL 125/6 A 230V S2,12.0,R290,0.0,Water_New,200.0,,1.0,,17.0,0.0,,Low Noise Heat Pump,No,0.0,0.0,0.0,No,No,0.0,0.0,,No,17943.13,3572.208,1610.23,4599.79,,,,,,,2.0,0.0,House_Detached_2.0
Warmworks,EOH2890,EH17,67.0,Working Part time,Manager,"20,001 - 25,000",2020-07-24T00:00:00.000Z,Owner-Occupied,17.0,C2,2.0,24/08/2020,Everwarm,Suburban,1919-1944,E,2.0,0.0,145.14,5.0,,5.0,2.8,Cavity_No_insulation,Suspended,Pitched,Double,Yes,Gas,Gas Boiler - Combi,Fire - Gas,,,1.0,1.0,1.0,No,No,,,,,,,,,,,,,,,,,,,,,No,,,,,,,,,,,,,,,,,,,,,,,,,,,,,,,,,,,,,,,,,House_Detached_2.0
Warmworks,EOH0921,EH14,39.0,Working Full time (>30hrs),Professional,"50,001+",2020-07-24T00:00:00.000Z,Owner-Occupied,3.5,C1,4.0,26/08/2020,Warmworks,Suburban,Pre 1919,D,2.0,1.0,212.88,9.0,4.0,9.0,2.52,Cavity_No_insulation,Suspended,Pitched,Double,Yes,Gas,Gas Boiler - Standard,,Water,No access,0.0,0.0,1.0,No,No,14500.0,21500.0,,,,,,,,Yes,No,Yes,No,HT_ASHP,,,,,,,No,,,,,,,,,,,,,,,,,,,,,,,,,,,,,,,,,,,,,,,,,House_Detached_2.0
Warmworks,EOH2920,EH10,60.0,Working Full time (>30hrs),Manager,"40,001 - 50,000",2020-07-25T00:00:00.000Z,Owner-Occupied,20.0,AB,1.0,30/08/2020,Warmworks,Suburban,1965-1980,C,2.0,0.0,179.67,8.0,4.0,8.0,2.43,Cavity_Insulated,Suspended,Pitched,Double,Yes,Gas,Gas Boiler - Standard,,Water,Large (> 170l),0.0,0.0,0.0,No,No,,,,,,,,,,No,No,Yes,Yes,HT_ASHP,,,,,,,No,,,,,,,,,,,,,,,,,,,,,,,,,,,,,,,,,,,,,,,,,House_Detached_2.0
Warmworks,EOH1729,EH10,72.0,Retired,Pensioner,Prefer not to say,2020-07-25T00:00:00.000Z,Owner-Occupied,35.0,DE,4.0,25/08/2020,Everwarm,Suburban,1919-1944,E,2.0,0.0,389.76,11.0,6.0,11.0,2.75,Cavity_Insulated,Suspended,Pitched,Double,Yes,Gas,Gas Boiler - Combi,Gas Boiler - Combi,Water,Medium (131-170l),0.0,2.0,1.0,No,No,2977.0,19811.0,,,,,,,,No,No,No,No,None - Installation not recommended,,,,,,,,,,,,,,,,,,,,,,,,,,,,,,,,,,,,,,,,,,,,,,,,House_Detached_2.0
Warmworks,EOH2914,EH55,73.0,Retired,Pensioner,Prefer not to say,2020-07-26T00:00:00.000Z,Owner-Occupied,29.0,DE,2.0,20/08/2020,Warmworks,Suburban,1981-1990,C,1.0,0.0,111.23,5.0,3.0,5.0,2.4,Cavity_No_insulation,Suspended,Pitched,Double,Yes,Gas,Gas Boiler - Combi,Fire - Wood,,,0.0,0.0,1.0,No,No,2964.0,13143.0,,,,,,,,Yes,No,Yes,Yes,ASHP,,,,,,,No,,,,,,,,,,,,,,,,,,,,,,,,,,,,,,,,,,,,,,,,,House_Detached_1.0
Warmworks,EOH1293,EH10,69.0,Retired,Pensioner,"50,001+",2020-07-26T00:00:00.000Z,Owner-Occupied,25.0,DE,4.0,19/08/2020,Warmworks,Suburban,1919-1944,E,2.0,0.0,124.88,5.0,3.0,5.0,2.7,Cavity_Insulated,Suspended,Pitched,Double,Yes,Gas,Gas Boiler - Standard,Fire - Gas,Water,Normal (90-130l),0.0,1.0,1.0,No,No,2648.0,18589.0,,,,,,,,Yes with additional measures,No,Yes with additional measures,Yes with additional measures,HT_ASHP,,,,,,,No,,,,,,,,,,,,,,,,,,,,,,,,,,,,,,,,,,,,,,,,,House_Semi-Detached_2.0
Warmworks,EOH0549,EH42,40.0,Working Part time,Skilled Manual Worker,"30,001 - 40,000",2020-07-27T00:00:00.000Z,Owner-Occupied,4.0,C2,4.0,11/09/2020,Warmworks,Rural,Pre 1919,D,2.0,1.0,112.24,4.0,3.0,4.0,2.7,Cavity_No_insulation,Suspended,Pitched,Double,No,Oil,Oil Boiler,Fire - Wood,Water,Medium (131-170l),0.0,0.0,0.0,Yes - Borehole,Yes,,,,,,,,,,No,Yes,Yes,No,GSHP,,,,,,,No,,,,,,,,,,,,,,,,,,,,,,,,,,,,,,,,,,,,,,,,,House_Detached_1.0
Warmworks,EOH2210,EH12,54.0,Working Part time,Professional,"50,001+",2020-07-27T00:00:00.000Z,Owner-Occupied,18.0,C1,3.0,10/09/2020,Warmworks,Suburban,1991-2000,B,5.0,0.0,145.65,7.0,5.0,7.0,2.6,Cavity_Insulated,Solid,Pitched,Double,Yes,Gas,Gas Boiler - Standard,,Water,Large (> 170l),0.0,0.0,1.0,No,No,,,,,,,,,,No,Yes,Yes,Yes,None - Installation not recommended,,,,,,,,,,,,,,,,,,,,,,,,,,,,,,,,,,,,,,,,,,,,,,,,House_Detached_2.0
Warmworks,EOH2745,EH10,65.0,Retired,Pensioner,Prefer not to say,2020-07-27T00:00:00.000Z,Owner-Occupied,30.0,DE,4.0,10/08/2020,Everwarm,Suburban,1945-1964,C,2.0,0.0,248.78,7.0,3.0,7.0,2.55,Cavity_Insulated,Suspended,Pitched,Double,Yes,Gas,Gas Boiler - Combi,Fire - Wood,,,0.0,1.0,0.0,No,No,6841.0,25844.0,,,,,,,,No,No,Yes,Yes,HT_ASHP,,,,,,,No,,,,,,,,,,,,,,,,,,,,,,,,,,,,,,,,,,,,,,,,,House_Detached_2.0
Warmworks,EOH2349,EH10,46.0,Stay at home parent,Unemployed/Benefits,"50,001+",2020-07-27T00:00:00.000Z,Owner-Occupied,13.0,DE,1.0,26/08/2020,Warmworks,Suburban,1945-1964,C,2.0,3.0,157.44,7.0,4.0,7.0,2.48,Cavity_Insulated,Suspended,Pitched,Double,Yes,Gas,Gas Boiler - Combi,,,,0.0,0.0,1.0,No,No,8062.0,32880.0,,,,,,,,Yes,No,Yes,No,None - Installation not recommended,,,,,,,,,,,,,,,,,,,,,,,,,,,,,,,,,,,,,,,,,,,,,,,,House_Detached_2.0
Warmworks,EOH2016,ML12,61.0,Unemployed,Unemployed/Benefits,Prefer not to say,2020-07-27T00:00:00.000Z,Owner-Occupied,9.0,DE,5.0,01/09/2020,Warmworks,Rural,Pre 1919,G,1.0,0.0,106.5,3.0,,3.0,2.5,Cavity_No_insulation,Solid,Pitched,Double,No,,Electric - Direct,,Water,,1.0,0.0,0.0,No,No,,,,,,,,,,Yes,No,Yes,No,None - Installation not recommended,,,,,,,,,,,,,,,,,,,,,,,,,,,,,,,,,,,,,,,,,,,,,,,,House_Mid-Terrace_2.0
Warmworks,EOH2024,EH4,43.0,Working Full time (>30hrs),Professional,Prefer not to say,2020-07-27T00:00:00.000Z,Owner-Occupied,3.0,C1,4.0,07/08/2020,Warmworks,Urban,1919-1944,D,2.0,2.0,99.13,6.0,4.0,6.0,3.0,Cavity_Insulated,Suspended,Pitched,Double,Yes,Gas,Gas Boiler - Combi,,,,0.0,2.0,1.0,No,No,2130.0,13127.0,7.5,81.0,20772.0,5731.0,0.0,,,No,No,Yes,Yes,HT_ASHP,,,,1242.11,15.0,3.0,Yes,07/12/2020,Everwarm,HT_ASHP,,Vaillant,VWL 75/6 A 230V S2,7.0,R290,0.0,Water_New,200.0,,1.0,,9.0,0.0,,Low Noise Heat Pump,No,0.0,0.0,0.0,No,No,0.0,0.0,,No,11215.18,3572.21,1610.23,2435.17,,,,,,,3.0,0.0,House_Semi-Detached_2.0
Warmworks,EOH0830,EH52,45.0,Working Full time (>30hrs),Professional,Prefer not to say,2020-07-27T00:00:00.000Z,Owner-Occupied,13.0,C2,3.0,25/09/2020,Warmworks,Suburban,2001+,C,2.0,2.0,137.14,7.0,5.0,7.0,2.32,Cavity_Insulated,Solid,Pitched,Double,Yes,Gas,Gas Boiler - Standard,Fire - Gas,Water,Medium (131-170l),0.0,1.0,1.0,No,No,,,7.5,57.4,21472.0,4457.0,1365.0,,,Yes,No,Yes,No,ASHP,,,,1394.0,14.0,3.0,Yes,25/08/2021,Everwarm,GSHP,Individual_Groundloop,Vaillant,VWF 117/4,11.0,R410A,,Water_New,200.0,,1.0,16.0,,0.0,,,No,0.0,0.0,0.0,No,No,0.0,0.0,,No,38728.62,3572.208,1610.23,4329.21,,,,,,,3.0,0.0,House_Detached_2.0
Warmworks,EOH3017,KY7,55.0,Unemployed,Unemployed/Benefits,"0 - 12,500",2020-07-28T00:00:00.000Z,Owner-Occupied,1.0,AB,4.0,23/08/2020,Warmworks,Suburban,1945-1964,D,1.0,0.0,75.44,4.0,2.0,4.0,2.505,Cavity_Insulated,Suspended,Pitched,Double,Yes,Gas,Gas Boiler - Combi,,,,0.0,0.0,1.0,No,No,1240.0,10396.0,3.7,58.0,10640.0,3057.0,1747.0,45.0,3.56,Yes,No,No,No,ASHP,,,,590.0,14.0,3.0,Yes,28/09/2021,BRB Electrical Ltd,ASHP,,Mitsubishi,PUHZ-W50VHA2-BS,5.0,R410A,0.0,Water_New,150.0,,1.0,10.0,,0.0,,Low Noise Heat Pump,No,0.0,0.0,0.0,Yes,No,0.0,0.0,,No,7655.16,3508.272,1610.23,2705.76,,,,,,,2.0,0.0,House_Semi-Detached_2.0
Warmworks,EOH1299,EH45,58.0,Working Full time (>30hrs),Professional,"30,001 - 40,000",2020-07-28T00:00:00.000Z,Owner-Occupied,19.0,C2,2.0,03/09/2020,Warmworks,Rural,1991-2000,C,2.0,2.0,111.48,6.0,4.0,6.0,,Cavity_Insulated,Solid,Pitched,Double,Yes,Gas,Gas Boiler - Combi,,,,0.0,0.0,1.0,Yes - Borehole,Yes,3139.0,15995.0,,,,,,,,Yes,Yes,Yes,Yes,GSHP,,,,,,,No,,,,,,,,,,,,,,,,,,,,,,,,,,,,,,,,,,,,,,,,,House_Detached_2.0
Warmworks,EOH2026,EH16,46.0,Working Full time (>30hrs),Manager,"50,001+",2020-07-29T00:00:00.000Z,Owner-Occupied,6.0,AB,3.0,10/08/2020,Warmworks,Suburban,1945-1964,D,2.0,0.0,101.22,5.0,3.0,5.0,2.44,Cavity_Insulated,Suspended,Pitched,Double,Yes,Gas,Gas Boiler - Standard,,Water,Normal (90-130l),0.0,0.0,0.0,No,No,2685.0,13962.0,,,,,,,,Yes,No,Yes,No,None - Installation not recommended,,,,,,,,,,,,,,,,,,,,,,,,,,,,,,,,,,,,,,,,,,,,,,,,House_Detached_2.0
Warmworks,EOH0799,EH23,69.0,Retired,Clerical,"16,201 - 20,000",2020-07-29T00:00:00.000Z,Owner-Occupied,15.0,DE,2.0,17/09/2020,Warmworks,Urban,1945-1964,C,4.0,4.0,116.26,5.0,3.0,5.0,2.6,Cavity_Insulated,Suspended,Pitched,Double,Yes,Gas,Gas Boiler - Combi,Gas Boiler - Combi,,,0.0,0.0,0.0,Yes - Borehole,Yes,6764.0,26371.0,,,,,,,,Yes,Yes,Yes,Yes,GSHP,,,,,,,No,,,,,,,,,,,,,,,,,,,,,,,,,,,,,,,,,,,,,,,,,House_Semi-Detached_2.0
Warmworks,EOH0421,EH32,51.0,Working Full time (>30hrs),Professional,"25,001 - 30,000",2020-07-29T00:00:00.000Z,Owner-Occupied,50.0,C2,2.0,15/09/2020,Warmworks,Urban,1965-1980,D,1.0,0.0,79.6,4.0,3.0,4.0,2.6,Cavity_No_insulation,Solid,Pitched,Double,Yes,Gas,Gas Boiler - Combi,,,,0.0,0.0,1.0,No,No,,,,,,,,,,Yes,No,Yes,Yes,ASHP,,,,,,,No,,,,,,,,,,,,,,,,,,,,,,,,,,,,,,,,,,,,,,,,,House_Semi-Detached_1.0
Warmworks,EOH0806,KY3,50.0,Working Full time (>30hrs),Professional,"50,001+",2020-07-29T00:00:00.000Z,Owner-Occupied,13.0,C1,4.0,23/09/2020,Warmworks,Urban,Pre 1919,B,2.0,2.0,134.67,6.0,3.0,6.0,2.45,Cavity_No_insulation,Suspended,Pitched,Double,Yes,Gas,Gas Boiler - Standard,Fire - Gas,Water,Normal (90-130l),0.0,1.0,1.0,No,No,1436.0,11838.0,,,,,,,,Yes,No,Yes,No,None - Installation not recommended,,,,,,,,,,,,,,,,,,,,,,,,,,,,,,,,,,,,,,,,,,,,,,,,House_Detached_2.0
Warmworks,EOH2903,TD1,73.0,Retired,Pensioner,Prefer not to say,2020-07-29T00:00:00.000Z,Rented (Social),40.0,DE,1.0,13/09/2020,Warmworks,Suburban,1945-1964,E,3.0,0.0,66.0,3.0,2.0,3.0,2.44,Cavity_Insulated,Solid,Pitched,Double,No,,Electric - Storage,Electric - Direct,Water,Normal (90-130l),0.0,0.0,0.0,No,No,,,,,,,,,,Yes,No,Yes,No,HT_ASHP,,,,,,,No,,,,,,,,,,,,,,,,,,,,,,,,,,,,,,,,,,,,,,,,,House_End-Terrace_2.0
Warmworks,EOH0272,TD6,46.0,Working Full time (>30hrs),Casual worker,Prefer not to say,2020-07-29T00:00:00.000Z,Rented (Social),20.0,DE,1.0,13/09/2020,Warmworks,Suburban,1965-1980,E,1.0,0.0,105.1,6.0,3.0,5.0,,Cavity_Insulated,Suspended,Pitched,Double,No,,Electric - Storage,Electric - Direct,Water,Normal (90-130l),0.0,0.0,0.0,No,No,,,,,,,,,,Yes,No,Yes,No,ASHP,,,,,,,No,,,,,,,,,,,,,,,,,,,,,,,,,,,,,,,,,,,,,,,,,House_Semi-Detached_2.0
Warmworks,EOH2151,EH33,28.0,Working Full time (>30hrs),Clerical,"40,001 - 50,000",2020-07-30T00:00:00.000Z,Owner-Occupied,2.0,C2,3.0,25/08/2020,Warmworks,Suburban,1965-1980,C,2.0,0.0,79.8,4.0,2.0,4.0,2.38,Cavity_Insulated,Suspended,Pitched,Double,Yes,Gas,Gas Boiler - Combi,,,,0.0,0.0,0.0,No,No,3383.0,13237.0,4.3,57.7,12209.0,3057.0,1310.0,,,Yes,No,Yes,No,ASHP,,,,695.0,14.0,3.0,No,,,,,,,,,,,,,,,,,,,,,,,,,,,,,,,,,,,,,,,,,House_Semi-Detached_2.0
Warmworks,EOH0849,EH16,73.0,Retired,Pensioner,"25,001 - 30,000",2020-07-30T00:00:00.000Z,Owner-Occupied,14.0,DE,4.0,24/08/2020,Everwarm,Suburban,1945-1964,D,3.0,0.0,137.71,5.0,2.0,5.0,2.45,Cavity_Insulated,Suspended,Pitched,Double,Yes,Gas,Gas Boiler - Standard,Fire - Wood,Water,Normal (90-130l),1.0,0.0,0.0,No,No,3118.0,12569.0,,,,,,,,Yes,No,Yes,Yes,None - Installation not recommended,,,,,,,,,,,,,,,,,,,,,,,,,,,,,,,,,,,,,,,,,,,,,,,,House_Detached_2.0
Warmworks,EOH1334,TD4,53.0,Working Full time (>30hrs),Unemployed/Benefits,"40,001 - 50,000",2020-07-30T00:00:00.000Z,Rented (Social),9.0,DE,1.0,28/08/2020,Warmworks,Suburban,1965-1980,F,3.0,0.0,71.5,3.0,2.0,3.0,2.41,Cavity_Insulated,Suspended,Pitched,Double,,,Electric - Direct,Fire - Wood,Water,Normal (90-130l),0.0,0.0,0.0,No,No,,,5.0,7.0,7515.0,2697.0,156.0,50.0,3.15,Yes,No,Yes,No,ASHP,,,,605.0,14.0,,Yes,22/12/2020,TK Murray,ASHP,,Vaillant,VWL 55/3 A 230V,5.0,R410A,0.0,Water_New,150.0,,1.0,8.0,,0.0,,Low Noise Heat Pump,No,0.0,0.0,0.0,,No,0.0,0.0,,No,6529.24,3508.27,1610.23,2164.61,,,,,,,1.0,0.0,House_End-Terrace_2.0
Warmworks,EOH0938,EH19,50.0,Working Full time (>30hrs),Manager,Prefer not to say,2020-07-30T00:00:00.000Z,Owner-Occupied,13.0,AB,3.0,08/09/2020,Warmworks,Suburban,1991-2000,B,2.0,2.0,164.64,6.0,4.0,6.0,2.6,Cavity_Insulated,Suspended,Pitched,Double,Yes,Gas,Gas Boiler - Standard,,Water,Large (> 170l),0.0,0.0,1.0,No,No,4048.0,21881.0,,,,,,,,No,No,Yes,Yes,HT_ASHP,,,,,,,No,,,,,,,,,,,,,,,,,,,,,,,,,,,,,,,,,,,,,,,,,House_Detached_2.0
Warmworks,EOH0735,KY11,44.0,Working Full time (>30hrs),Professional,"50,001+",2020-07-30T00:00:00.000Z,Owner-Occupied,0.5,AB,4.0,25/09/2020,Warmworks,Suburban,2001+,A,3.0,0.0,139.76,6.0,4.0,6.0,2.6,Cavity_Insulated,Solid,Pitched,Double,Yes,Gas,Gas Boiler - Standard,,Water,Large (> 170l),0.0,0.0,0.0,Yes - Borehole,Yes,,,7.0,39.0,13060.0,4495.0,0.0,45.0,3.91,Yes,Yes,Yes,Yes,GSHP,,,,967.0,16.36,,Yes,18/08/2021,mcinnesplumbing,HT_ASHP,,Vaillant,VWL 75/6 A 230V S2,7.0,R290,0.0,PCM_New,,10.5,2.0,,11.0,0.0,,Low Noise Heat Pump,No,0.0,0.0,0.0,No,No,0.0,0.0,,No,11215.18,3454.91,1610.23,2976.34,,,,,,,2.0,0.0,House_Detached_2.0
Warmworks,EOH2730,EH29,44.0,Working Full time (>30hrs),Professional,Prefer not to say,2020-07-30T00:00:00.000Z,Owner-Occupied,6.0,C1,5.0,22/09/2020,Warmworks,Suburban,2001+,C,2.0,2.0,129.56,6.0,4.0,6.0,2.32,Cavity_Insulated,Solid,Pitched,Double,Yes,Gas,Gas Boiler - Standard,,Water,Medium (131-170l),0.0,0.0,1.0,No,No,3835.0,11433.0,,,,,,,,Yes,No,Yes,No,ASHP,,,,,,,No,,,,,,,,,,,,,,,,,,,,,,,,,,,,,,,,,,,,,,,,,House_Detached_2.0
Warmworks,EOH3156,KY6,78.0,Retired,Pensioner,"20,001 - 25,000",2020-07-30T00:00:00.000Z,Owner-Occupied,42.0,DE,2.0,10/08/2020,Warmworks,Urban,1965-1980,D,2.0,0.0,126.06,5.0,3.0,5.0,2.39,Cavity_Insulated,Suspended,Pitched,Double,Yes,Gas,Gas Boiler - Standard,Electric - Direct,Water,Normal (90-130l),0.0,0.0,1.0,No,No,3364.0,26125.0,,,,,,,,Yes,No,Yes,No,ASHP,,,,,,,No,,,,,,,,,,,,,,,,,,,,,,,,,,,,,,,,,,,,,,,,,House_Detached_2.0
Warmworks,EOH0087,KY12,21.0,Working Full time (>30hrs),Semi and unskilled manual worker,"25,001 - 30,000",2020-07-30T00:00:00.000Z,Owner-Occupied,0.8,DE,1.0,24/08/2020,Warmworks,Urban,1919-1944,C,1.0,1.0,70.8,3.0,2.0,3.0,2.55,Cavity_Insulated,Suspended,Another Dwelling Above,Double,Yes,Gas,Gas Boiler - Combi,,,,0.0,0.0,1.0,No,No,,,3.5,65.5,10442.0,3057.0,1110.0,45.0,3.93,Yes,No,Yes,No,ASHP,,,,812.0,16.0,,Yes,17/05/2021,BRB Electrical Ltd,ASHP,,Mitsubishi,PUHZ-W50VHA2,5.0,R410A,0.0,Water_New,150.0,,1.0,7.0,,0.0,,Low Noise Heat Pump,No,0.0,0.0,0.0,Yes,No,0.0,0.0,,No,7655.16,3508.27,1610.23,1894.03,,,,,,,1.0,0.0,Flat_Flat_1.0
Warmworks,EOH0361,EH45,57.0,Working Full time (>30hrs),Professional,"40,001 - 50,000",2020-07-30T00:00:00.000Z,Owner-Occupied,30.0,C1,2.0,03/09/2020,Warmworks,Rural,1965-1980,C,2.0,1.0,102.4,4.0,3.0,4.0,2.6,Cavity_No_insulation,Suspended,Pitched,Double,Yes,Gas,Gas Boiler - Combi,,,,0.0,0.0,1.0,No,No,4074.0,17459.0,3.8,48.0,10352.0,4075.0,1746.0,,,Yes,No,Yes,Yes,ASHP,,,,907.0,14.0,3.0,No,,,,,,,,,,,,,,,,,,,,,,,,,,,,,,,,,,,,,,,,,House_Mid-Terrace_2.0
Warmworks,EOH0391,EH45,60.0,Working Full time (>30hrs),Skilled Manual Worker,"40,001 - 50,000",2020-07-30T00:00:00.000Z,Owner-Occupied,15.0,C2,3.0,20/08/2020,Warmworks,Suburban,1965-1980,D,1.0,0.0,73.26,4.0,2.0,4.0,2.4,Cavity_No_insulation,Suspended,Pitched,Double,Yes,Gas,Gas Boiler - Standard,,Water,Normal (90-130l),0.0,0.0,0.0,No,No,1094.0,,6.5,111.0,17703.0,2865.0,0.0,50.0,3.65,Yes,No,Yes,Yes,HT_ASHP,,,,944.18,15.0,5.0,Yes,22/02/2021,Everwarm,HT_ASHP,,Vaillant,VWL 75/6 A 230V S2,7.0,R290,0.0,Water_New,200.0,,1.0,,7.0,0.0,,Low Noise Heat Pump,No,0.0,0.0,0.0,No,Yes,0.0,0.0,,No,11215.18,3572.21,1610.23,1894.03,,431.87,,,,,2.0,2.0,House_Semi-Detached_2.0
Warmworks,EOH1886,EH37,36.0,Working Full time (>30hrs),Professional,"50,001+",2020-08-01T00:00:00.000Z,Owner-Occupied,4.0,AB,2.0,28/09/2020,Warmworks,Rural,Pre 1919,E,2.0,2.0,199.64,6.0,,6.0,,Cavity_No_insulation,Solid,Pitched,Double,No,Oil,Oil Boiler,Fire - Wood,Water,Large (> 170l),8.0,0.0,0.0,No,No,,,12.6,71.1,29124.0,4921.0,0.0,45.0,3.77,Yes,No,Yes,No,ASHP,,,,1489.32,18.0,5.0,Yes,30/06/2021,Everwarm,ASHP,,Mitsubishi,PUHZ-HW140VHA2R5,14.0,R410A,0.0,Water_New,200.0,,1.0,4.0,,0.0,,Low Noise Heat Pump,No,0.0,0.0,0.0,No,No,0.0,0.0,,No,8575.73,3572.208,1610.23,1082.3,,,,,,,2.0,0.0,House_Semi-Detached_2.0
Warmworks,EOH1700,EH16,39.0,Working Full time (>30hrs),Professional,"50,001+",2020-08-01T00:00:00.000Z,Owner-Occupied,7.0,C2,5.0,13/08/2020,Warmworks,Urban,1965-1980,C,2.0,1.0,82.96,4.0,2.0,4.0,2.38,Cavity_Insulated,Suspended,Pitched,Double,Yes,Gas,Gas Boiler - Combi,,,,0.0,0.0,1.0,No,No,,,4.5,56.7,11270.0,3057.0,1747.0,45.0,3.86,Yes,No,No,No,ASHP,,,,498.0,14.0,3.0,Yes,02/12/2020,BRB Electrical Ltd,ASHP,,Mitsubishi,PUHZ-W85VHAA,8.5,R410A,0.0,Water_New,150.0,,1.0,8.0,,0.0,,Low Noise Heat Pump,No,0.0,0.0,0.0,Yes,No,0.0,0.0,,No,7655.16,3508.27,1610.23,2164.61,,,,,,,2.0,0.0,House_Mid-Terrace_2.0
Warmworks,EOH3107,FK6,45.0,Working Full time (>30hrs),Manager,"50,001+",2020-08-03T00:00:00.000Z,Owner-Occupied,10.0,C2,4.0,01/09/2020,Warmworks,Suburban,1965-1980,C,2.0,1.0,139.4,6.0,4.0,6.0,2.475,Cavity_Insulated,Suspended,Pitched,Double,Yes,Gas,Gas Boiler - Combi,Electric - Direct,,,0.0,0.0,1.0,No,No,3977.0,25382.0,7.0,59.2,18799.0,5094.0,1365.0,45.0,3.86,Yes,No,Yes,No,ASHP,,,,1340.0,14.0,3.0,Yes,11/11/2020,BRB Electrical Ltd,ASHP,,Mitsubishi,PUHZ-W85VHAA,8.5,R410A,0.0,Water_New,150.0,,1.0,12.0,,0.0,,Low Noise Heat Pump,No,0.0,0.0,0.0,Yes,No,0.0,0.0,,No,7655.16,3508.27,1610.23,3246.91,,,,,,,2.0,0.0,House_End-Terrace_2.0
Warmworks,EOH2675,EH9,55.0,Working Full time (>30hrs),Manager,"50,001+",2020-08-04T00:00:00.000Z,Owner-Occupied,25.0,AB,4.0,30/08/2020,Warmworks,Urban,1919-1944,E,3.0,0.0,135.55,7.0,4.0,7.0,2.69,Cavity_Insulated,Suspended,Pitched,Double,Yes,Gas,Gas Boiler - Combi,Fire - Wood,,,0.0,0.0,1.0,No,No,,,11.6,86.0,31390.0,2865.0,0.0,50.0,3.92,No,No,Yes,Yes,HT_ASHP,,,,1443.87,15.0,,Yes,04/11/2020,Everwarm,HT_ASHP,,Vaillant,VWL 125/6 A 230V S2,12.0,R290,0.0,Water_New,200.0,,1.0,,11.0,0.0,,Low Noise Heat Pump,No,0.0,0.0,0.0,No,No,0.0,0.0,,No,17943.13,3572.21,1610.23,2976.34,,,,,,,2.0,0.0,House_Detached_2.0
Warmworks,EOH2635,KY13,59.0,Working Part time,Casual worker,"50,001+",2020-08-04T00:00:00.000Z,Owner-Occupied,24.0,C2,2.0,13/04/2021,Warmworks,Suburban,1991-2000,C,2.0,0.0,175.73,8.0,5.0,8.0,2.45,Cavity_Insulated,Suspended,Pitched,Double,Yes,Gas,Gas Boiler - Combi,,,,0.0,0.0,0.0,No,No,,,,,,,,,,Yes,No,Yes,Yes,ASHP,,,,,,,No,,,,,,,,,,,,,,,,,,,,,,,,,,,,,,,,,,,,,,,,,House_Detached_2.0
Warmworks,EOH1094,EH16,44.0,Working Part time,Skilled Manual Worker,"50,001+",2020-08-05T00:00:00.000Z,Owner-Occupied,11.5,C2,4.0,07/09/2020,Warmworks,Urban,1945-1964,C,2.0,1.0,116.88,6.0,3.0,6.0,2.4,Cavity_Insulated,Solid,Pitched,Double,Yes,Gas,Gas Boiler - Combi,,,,0.0,0.0,0.0,No,No,,,,,,,,,,Yes,No,Yes,No,ASHP,,,,,,,No,,,,,,,,,,,,,,,,,,,,,,,,,,,,,,,,,,,,,,,,,House_Mid-Terrace_3.0
Warmworks,EOH1509,FK5,48.0,Working Full time (>30hrs),Professional,"50,001+",2020-08-05T00:00:00.000Z,Owner-Occupied,16.0,AB,3.0,21/09/2020,Warmworks,Urban,2001+,C,1.0,1.0,177.05,7.0,5.0,7.0,2.6,Cavity_Insulated,Suspended,Pitched,Double,Yes,Gas,Gas Boiler - Standard,,Water,Large (> 170l),0.0,0.0,1.0,No,No,,,,,,,,,,No,No,Yes,Yes,HT_ASHP,,,,,,,No,,,,,,,,,,,,,,,,,,,,,,,,,,,,,,,,,,,,,,,,,House_Detached_2.0
Warmworks,EOH2988,EH17,55.0,Working Part time,Professional,"20,001 - 25,000",2020-08-05T00:00:00.000Z,Owner-Occupied,1.0,C2,1.0,15/09/2020,Warmworks,Urban,1945-1964,C,1.0,1.0,70.38,4.0,2.0,4.0,2.43,Cavity_Insulated,Solid,Pitched,Double,Yes,Gas,Gas Boiler - Combi,Gas Boiler - Combi,,,0.0,0.0,1.0,No,No,,,4.9,103.0,15704.0,2865.0,0.0,50.0,3.65,Yes,No,Yes,No,HT_ASHP,,,,860.56,15.0,5.0,Yes,14/04/2021,Everwarm,HT_ASHP,,Vaillant,VWL 75/6 A 230V S2,7.0,R290,0.0,Water_New,150.0,,1.0,,8.0,0.0,,Low Noise Heat Pump,No,0.0,0.0,0.0,No,No,0.0,0.0,,No,11215.17,3508.272,1610.23,2164.6,,,,,,,2.0,0.0,House_Semi-Detached_2.0
Warmworks,EOH0290,EH22,45.0,Working Full time (>30hrs),Professional,"40,001 - 50,000",2020-08-05T00:00:00.000Z,Owner-Occupied,11.0,C1,4.0,01/06/2021,Warmworks,Suburban,2001+,C,1.0,0.0,154.1,7.0,4.0,7.0,2.37,Cavity_Insulated,Solid,Pitched,Double,Yes,Gas,Gas Boiler - Standard,,Water,Medium (131-170l),0.0,0.0,1.0,No,No,,,9.7,68.0,22032.0,2812.0,0.0,50.0,3.66,Yes,No,Yes,Yes,ASHP,,,,994.0,18.0,5.0,Yes,16/08/2021,Everwarm,ASHP,,Mitsubishi,PUZ-WM112VAA,11.2,R32,0.0,Water_New,200.0,,1.0,15.0,,0.0,,Low Noise Heat Pump,No,0.0,0.0,0.0,No,No,0.0,0.0,,No,8575.73,3572.208,1610.23,4058.64,,,,,,,2.0,0.0,House_Semi-Detached_2.0
Warmworks,EOH1309,EH5,60.0,Working Full time (>30hrs),Professional,"50,001+",2020-08-05T00:00:00.000Z,Owner-Occupied,22.0,C1,2.0,16/09/2020,Warmworks,Suburban,Pre 1919,D,3.0,1.0,184.88,6.0,4.0,6.0,3.2,Cavity_No_insulation,Suspended,Another Dwelling Above,Double,Yes,Gas,Gas Boiler - Standard,Gas Boiler - Standard,Water,Medium (131-170l),4.0,0.0,1.0,Yes - Borehole,Yes,8397.0,35670.0,,,,,,,,No,Yes,Yes,Yes,GSHP,,,,,,,No,,,,,,,,,,,,,,,,,,,,,,,,,,,,,,,,,,,,,,,,,Flat_Flat_1.0
Warmworks,EOH2898,EH35,35.0,Stay at home parent,Casual worker,Prefer not to say,2020-08-05T00:00:00.000Z,Owner-Occupied,5.0,DE,2.0,08/09/2020,Warmworks,Rural,1919-1944,D,2.0,1.0,63.59,3.0,2.0,3.0,2.6,Cavity_Insulated,Suspended,Pitched,Double,Yes,Gas,Gas Boiler - Combi,,,,0.0,0.0,0.0,No,No,,,,,,,,,,Yes,Yes,Yes,Yes,ASHP,,,,,,,No,,,,,,,,,,,,,,,,,,,,,,,,,,,,,,,,,,,,,,,,,House_Semi-Detached_1.0
Warmworks,EOH1870,EH33,45.0,Working Full time (>30hrs),Manager,"50,001+",2020-08-05T00:00:00.000Z,Owner-Occupied,2.0,C1,2.0,15/09/2020,Warmworks,Urban,2001+,C,2.0,3.0,207.82,7.0,4.0,7.0,2.6,Cavity_Insulated,Suspended,Pitched,Double,Yes,Gas,Gas Boiler - Standard,Fire - Wood,Water,Large (> 170l),14.0,0.0,1.0,No,No,11729.0,,11.2,48.6,26179.0,4495.0,156.0,45.0,3.97,Yes,Yes,Yes,Yes,Hybrid,,,,1526.0,16.36,,Yes,19/04/2021,mcinnesplumbing,ASHP,,Mitsubishi,PUZ-WM112VAA-BS,11.2,R32,0.0,Water_New,200.0,,1.0,1.0,,0.0,,Low Noise Heat Pump,No,0.0,0.0,0.0,No,No,0.0,0.0,,No,8575.73,3572.208,1610.23,,,,,,,,2.0,0.0,House_Detached_2.0
Warmworks,EOH0354,EH6,45.0,Working Part time,Professional,"30,001 - 40,000",2020-08-05T00:00:00.000Z,Owner-Occupied,10.0,C1,2.0,07/09/2020,Warmworks,Urban,1919-1944,D,2.0,0.0,86.08,3.0,2.0,3.0,2.7,Cavity_Insulated,Suspended,Pitched,Double,Yes,Gas,Gas Boiler - Combi,,,,0.0,0.0,1.0,No,No,,,3.9,69.8,11807.0,2674.0,1110.0,55.0,3.06,No,No,Yes,Yes,HT_ASHP,,,,891.0,14.0,3.0,Yes,08/03/2021,BRB Electrical Ltd,HT_ASHP,,Vaillant,VWL 55/6 A 230V S2,5.0,R290,0.0,Water_New,150.0,,1.0,,7.0,0.0,,Low Noise Heat Pump,No,0.0,0.0,0.0,Yes,No,0.0,0.0,,No,11215.18,3508.27,1610.23,1894.03,,,,,,,2.0,0.0,House_End-Terrace_2.0
Warmworks,EOH0715,EH37,56.0,Working Full time (>30hrs),Professional,"50,001+",2020-08-06T00:00:00.000Z,Owner-Occupied,,AB,3.0,27/04/2021,Warmworks,Rural,1991-2000,C,2.0,1.0,165.33,7.0,4.0,7.0,2.4,Cavity_Insulated,Suspended,Pitched,Double,Yes,Gas,Gas Boiler - Standard,,Water,Large (> 170l),0.0,0.0,0.0,No,No,7262.0,25527.0,11.1,,28606.0,4921.0,0.0,,,Yes with additional measures,No,Yes,Yes,ASHP,,,,1366.2,18.0,5.0,No,,,,,,,,,,,,,,,,,,,,,,,,,,,,,,,,,,,,,,,,,House_Detached_2.0
Warmworks,EOH0484,EH49,38.0,Working Full time (>30hrs),Manager,"50,001+",2020-08-06T00:00:00.000Z,Owner-Occupied,4.0,C1,2.0,08/09/2020,Warmworks,Suburban,1945-1964,C,2.0,0.0,75.0,4.0,2.0,4.0,2.4,Cavity_Insulated,Solid,Pitched,Double,Yes,Gas,Gas Boiler - Combi,Fire - Wood,,,0.0,0.0,1.0,No,No,,,5.0,59.5,11953.0,2697.0,156.0,,,Yes,No,Yes,No,ASHP,,,,786.0,16.36,,Yes,,,,,,,,,,,,,,,,,,,,,,,,,,,,,,,,,,,,,,,,,House_Mid-Terrace_2.0
Warmworks,EOH1140,EH13,36.0,Working Full time (>30hrs),Supervisor,"30,001 - 40,000",2020-08-06T00:00:00.000Z,Owner-Occupied,,C1,1.0,29/04/2021,Warmworks,Suburban,1919-1944,D,2.0,0.0,59.55,4.0,2.0,4.0,2.67,Cavity_No_insulation,Suspended,Another Dwelling Above,Double,Yes,Gas,Gas Boiler - Combi,,,,0.0,0.0,1.0,No,No,,,6.0,,15001.0,1910.0,0.0,,,No,No,Yes,Yes,HT_ASHP,,,,,,,No,,,,,,,,,,,,,,,,,,,,,,,,,,,,,,,,,,,,,,,,,Maisonette_Flat_1.0
Warmworks,EOH2558,FK2,46.0,Working Full time (>30hrs),Professional,"50,001+",2020-08-06T00:00:00.000Z,Owner-Occupied,10.0,AB,3.0,06/05/2021,Warmworks,Suburban,2001+,C,3.0,0.0,188.79,8.0,5.0,8.0,2.4,Cavity_Insulated,Suspended,Pitched,Double,Yes,Gas,Gas Boiler - Combi,Fire - Wood,,,0.0,0.0,1.0,Yes - Borehole,Yes,,,,,,,,,,Yes,Yes,Yes,Yes,None - Installation not recommended,,,,,,,,,,,,,,,,,,,,,,,,,,,,,,,,,,,,,,,,,,,,,,,,House_Detached_2.0
Warmworks,EOH0516,EH54,57.0,Working Part time,Skilled Manual Worker,"50,001+",2020-08-07T00:00:00.000Z,Owner-Occupied,27.0,C2,3.0,25/09/2020,Warmworks,Urban,1965-1980,B,4.0,0.0,126.75,7.0,4.0,7.0,2.38,Cavity_Insulated,Suspended,Pitched,Double,Yes,Gas,Gas Boiler - Standard,,Water,Normal (90-130l),0.0,0.0,1.0,No,No,,,7.3,64.8,20306.0,6113.0,1492.0,45.0,4.14,Yes,No,Yes,No,ASHP,,,,1499.0,14.0,3.0,Yes,15/02/2021,BRB Electrical Ltd,ASHP,,Mitsubishi,PUZ-WM85VAA,8.5,R32,0.0,Water_New,200.0,,1.0,13.0,,0.0,,Low Noise Heat Pump,No,0.0,0.0,0.0,Yes,No,0.0,0.0,,No,8575.74,3572.21,1610.23,3517.49,,,,,,,2.0,0.0,House_Semi-Detached_2.0
Warmworks,EOH2130,EH41,49.0,Working Full time (>30hrs),Skilled Manual Worker,"40,001 - 50,000",2020-08-07T00:00:00.000Z,Owner-Occupied,15.0,C2,3.0,06/10/2020,Warmworks,Suburban,1945-1964,C,2.0,1.0,99.78,5.0,3.0,5.0,,Cavity_Insulated,Solid,Pitched,Double,Yes,Gas,Gas Boiler - Combi,,,,0.0,0.0,1.0,No,No,4458.0,12486.0,5.4,,16678.0,4075.0,728.0,,,No,No,No,Yes,Hybrid,,,,1164.0,14.0,3.0,No,,,,,,,,,,,,,,,,,,,,,,,,,,,,,,,,,,,,,,,,,House_Semi-Detached_2.0
Warmworks,EOH0637,TD6,39.0,Working Full time (>30hrs),Clerical,Prefer not to say,2020-08-07T00:00:00.000Z,Owner-Occupied,2.0,C1,3.0,28/04/2021,Warmworks,Rural,2001+,C,2.0,1.0,178.83,8.0,5.0,7.0,2.41,Cavity_Insulated,Solid,Pitched,Double,Yes,Gas,Gas Boiler - Combi,,,,0.0,0.0,1.0,No,No,,,10.3,61.0,21803.0,5905.0,0.0,50.0,3.51,Yes,No,Yes,Yes,ASHP,,,,1040.94,18.0,5.0,Yes,30/08/2021,Everwarm,ASHP,,Mitsubishi,PUZ-HWM140VHA,14.0,R32,0.0,Water_New,200.0,,1.0,17.0,,0.0,,Low Noise Heat Pump,No,0.0,0.0,0.0,No,No,0.0,0.0,,No,8575.74,3572.21,1610.23,4599.79,,,,,,,3.0,0.0,House_Detached_2.0
Warmworks,EOH1138,EH42,55.0,Working Full time (>30hrs),Casual worker,"0 - 12,500",2020-08-07T00:00:00.000Z,Owner-Occupied,10.0,DE,4.0,27/04/2021,Warmworks,Suburban,1981-1990,B,3.0,0.0,95.66,6.0,3.0,6.0,2.42,Cavity_No_insulation,Suspended,Pitched,Double,Yes,Gas,Gas Boiler - Combi,Fire - Wood,,,0.0,0.0,1.0,No,No,2506.0,9066.0,,,,,,,,Yes,No,Yes,Yes,ASHP,,,,,,,Yes,,,,,,,,,,,,,,,,,,,,,,,,,,,,,,,,,,,,,,,,,House_Detached_1.0
Warmworks,EOH0113,EH25,62.0,Retired,Pensioner,"0 - 12,500",2020-08-07T00:00:00.000Z,Owner-Occupied,1.5,DE,1.0,10/09/2020,Warmworks,Suburban,1981-1990,C,1.0,0.0,116.03,4.0,2.0,4.0,2.6,Cavity_No_insulation,Suspended,Pitched,Double,Yes,Gas,Gas Boiler - Standard,,Water,Large (> 170l),0.0,0.0,1.0,No,No,13709.0,6702.0,,,,,,,,Yes,No,Yes,Yes,Hybrid,,,,,,,No,,,,,,,,,,,,,,,,,,,,,,,,,,,,,,,,,,,,,,,,,House_Semi-Detached_2.0
Warmworks,EOH0241,G68,54.0,Working Full time (>30hrs),Manager,"50,001+",2020-08-07T00:00:00.000Z,Owner-Occupied,8.0,AB,5.0,06/05/2021,Warmworks,Suburban,1981-1990,C,2.0,0.0,127.0,6.0,4.0,6.0,2.35,Cavity_No_insulation,Suspended,Pitched,Double,Yes,Gas,Gas Boiler - Standard,,Water,Normal (90-130l),0.0,0.0,1.0,No,No,,,8.4,79.0,21516.0,5905.0,0.0,50.0,3.81,Yes,No,Yes,Yes,ASHP,,,,1021.86,18.0,5.0,Yes,26/07/2021,Everwarm,ASHP,,Mitsubishi,PUZ-WM85VAA,8.5,R32,0.0,Water_New,200.0,,1.0,12.0,,0.0,,Low Noise Heat Pump,No,0.0,0.0,0.0,No,No,0.0,0.0,,No,8575.73,3572.208,1610.23,3246.91,,,,,,,2.0,0.0,House_Detached_2.0
Warmworks,EOH3016,EH40,66.0,Working Full time (>30hrs),Manager,"40,001 - 50,000",2020-08-07T00:00:00.000Z,Owner-Occupied,5.0,C1,3.0,22/09/2020,Warmworks,Rural,2001+,B,2.0,2.0,149.64,6.0,4.0,6.0,2.6,Cavity_Insulated,Solid,Pitched,Double,Yes,Gas,Gas Boiler - Standard,,Water,Large (> 170l),0.0,0.0,0.0,Yes - Borehole,Yes,,,11.0,63.8,31959.0,5394.0,0.0,50.0,3.92,Yes,Yes,Yes,Yes,GSHP,,,,1838.0,16.36,,Yes,12/02/2021,mcinnesplumbing,HT_ASHP,,Vaillant,VWL 125/6 A 230V S2,12.0,R290,0.0,Water_New,200.0,,2.0,,15.0,0.0,,Low Noise Heat Pump,No,0.0,0.0,0.0,No,No,0.0,0.0,,No,17943.14,3572.21,1610.23,4058.64,,,,,,,2.0,0.0,House_Detached_2.0
Warmworks,EOH0033,EH11,57.0,Working Part time,Supervisor,"50,001+",2020-08-07T00:00:00.000Z,Owner-Occupied,2.0,C1,4.0,20/09/2020,Warmworks,Urban,1991-2000,C,2.0,2.0,108.32,6.0,4.0,6.0,2.39,Cavity_Insulated,Suspended,Pitched,Double,Yes,,Gas Boiler - Combi,Electric - Direct,,,0.0,0.0,1.0,No,No,,,12.7,71.0,26010.0,4495.0,0.0,45.0,4.21,Yes,No,Yes,No,ASHP,,,,1431.0,16.36,,Yes,05/04/2021,mcinnesplumbing,HT_ASHP,,Vaillant,VWL 125/6 A 230V S2,12.0,R290,0.0,Water_New,200.0,,1.0,,12.0,0.0,,Low Noise Heat Pump,No,0.0,0.0,0.0,No,No,0.0,0.0,,No,17943.13,3572.208,1610.23,3246.91,,,,,,,2.0,0.0,House_Detached_2.0
Warmworks,EOH2074,EH11,65.0,Working Full time (>30hrs),Professional,Prefer not to say,2020-08-07T00:00:00.000Z,Owner-Occupied,17.0,C1,4.0,15/09/2020,Warmworks,Urban,1919-1944,C,2.0,0.0,101.93,6.0,4.0,6.0,2.57,Cavity_Insulated,Solid,Pitched,Double,Yes,Gas,Gas Boiler - Combi,Fire - Wood,,,0.0,0.0,1.0,No,No,1791.0,,6.0,55.2,11687.0,4495.0,156.0,45.0,3.93,Yes,No,Yes,No,ASHP,,,,837.0,14.8,,Yes,27/08/2021,mcinnesplumbing,ASHP,,Mitsubishi,PUZ-WM50VHA-BS,5.0,R32,0.0,Water_New,150.0,,1.0,10.0,,0.0,,Low Noise Heat Pump,No,0.0,0.0,0.0,Yes,No,0.0,0.0,,No,7655.16,3508.272,1610.23,2705.76,,,,,,,2.0,0.0,Flat_Flat_2.0
Warmworks,EOH2142,EH14,45.0,Working Full time (>30hrs),Professional,"50,001+",2020-08-08T00:00:00.000Z,Owner-Occupied,3.0,AB,3.0,16/09/2020,Warmworks,Suburban,1981-1990,D,2.0,1.0,170.11,8.0,5.0,8.0,2.41,Cavity_Insulated,Suspended,Pitched,Double,Yes,Gas,Gas Boiler - Standard,Fire - Gas,Water,Medium (131-170l),0.0,0.0,0.0,No,No,4455.0,30031.0,,,,,,,,Yes,No,Yes,No,HT_ASHP,,,,,,,No,,,,,,,,,,,,,,,,,,,,,,,,,,,,,,,,,,,,,,,,,House_Detached_2.0
Warmworks,EOH2680,EH14,40.0,Working Full time (>30hrs),Professional,"50,001+",2020-08-08T00:00:00.000Z,Owner-Occupied,0.4,AB,3.0,16/09/2020,Warmworks,Suburban,1945-1964,C,2.0,2.0,85.8,5.0,3.0,5.0,2.46,Cavity_Insulated,Suspended,Pitched,Double,Yes,Gas,Gas Boiler - Combi,,,,0.0,0.0,1.0,Yes - Borehole,Yes,,,,,,,,,,Yes,Yes,Yes,No,GSHP,,,,,,,No,,,,,,,,,,,,,,,,,,,,,,,,,,,,,,,,,,,,,,,,,House_Semi-Detached_2.0
Warmworks,EOH2489,EH7,34.0,Working Full time (>30hrs),Professional,"30,001 - 40,000",2020-08-09T00:00:00.000Z,Owner-Occupied,1.0,C2,3.0,10/12/2020,Everwarm,Urban,Pre 1919,C,1.0,0.0,38.61,2.0,1.0,2.0,2.88,Cavity_No_insulation,Suspended,Another Dwelling Above,Double,Yes,Gas,Gas Boiler - Combi,,,,0.0,0.0,1.0,No,No,645.0,5153.0,,,,,,,,Yes,No,Yes,No,None - Installation not recommended,,,,,,,,,,,,,,,,,,,,,,,,,,,,,,,,,,,,,,,,,,,,,,,,Flat_Flat_1.0
Warmworks,EOH2544,EH10,50.0,Working Full time (>30hrs),Professional,"50,001+",2020-08-09T00:00:00.000Z,Owner-Occupied,15.0,AB,4.0,14/09/2020,Warmworks,Suburban,1919-1944,C,2.0,1.0,137.16,6.0,5.0,6.0,2.8,Cavity_Insulated,Suspended,Pitched,Double,Yes,Gas,Gas Boiler - Combi,,,,0.0,0.0,0.0,Yes - Borehole,Yes,,,11.4,83.1,29392.0,4495.0,156.0,45.0,4.21,No,Yes,Yes,Yes,GSHP,,,,1726.0,16.68,2.83,Yes,27/09/2021,mcinnesplumbing,HT_ASHP,,Vaillant,VWL 125/6 A 230V S2,12.0,R290,0.0,Water_New,200.0,,1.0,,10.0,0.0,,Low Noise Heat Pump,No,0.0,0.0,0.0,No,No,0.0,0.0,,No,17943.14,3572.21,1610.23,2705.76,,,,,,,3.0,0.0,House_Detached_2.0
Warmworks,EOH2943,EH4,43.0,Working Full time (>30hrs),Professional,"40,001 - 50,000",2020-08-09T00:00:00.000Z,Owner-Occupied,11.0,AB,1.0,26/04/2021,Warmworks,Suburban,1945-1964,D,1.0,0.0,78.57,5.0,3.0,5.0,2.65,Cavity_No_insulation,Suspended,Pitched,Double,Yes,Gas,Gas Boiler - Combi,,,,0.0,1.0,1.0,No,No,,,,,,,,,,Yes with additional measures,No,Yes with additional measures,Yes,HT_ASHP,,,,,,,No,,,,,,,,,,,,,,,,,,,,,,,,,,,,,,,,,,,,,,,,,House_End-Terrace_2.0
Warmworks,EOH2439,EH13,50.0,Working Full time (>30hrs),Professional,"50,001+",2020-08-09T00:00:00.000Z,Owner-Occupied,0.5,AB,3.0,15/09/2020,Warmworks,Suburban,1945-1964,D,1.0,3.0,85.76,6.0,3.0,6.0,2.3,Cavity_Insulated,Suspended,Pitched,Double,Yes,Gas,Gas Boiler - Combi,,,,0.0,0.0,1.0,No,No,,,7.0,83.0,18652.0,3821.0,0.0,,,Yes,No,Yes,No,HT_ASHP,,,,1052.0,15.0,5.0,Yes,03/02/2021,Everwarm,HT_ASHP,,Vaillant,VWL 75/6 A 230V S2,7.0,R290,0.0,Water_New,200.0,,1.0,,9.0,0.0,,Low Noise Heat Pump,No,0.0,0.0,0.0,No,No,0.0,0.0,,No,11215.18,3572.21,1610.23,2435.17,,,,,,,2.0,0.0,House_End-Terrace_2.0
Warmworks,EOH0562,FK4,58.0,Retired,Pensioner,"40,001 - 50,000",2020-08-10T00:00:00.000Z,Owner-Occupied,28.0,DE,4.0,20/09/2020,Warmworks,Suburban,1945-1964,D,3.0,0.0,149.22,6.0,4.0,6.0,2.44,Cavity_Insulated,Suspended,Pitched,Double,Yes,Gas,Gas Boiler - Combi,Fire - Wood,,,0.0,0.0,1.0,No,No,12190.0,28756.0,9.0,65.8,23089.0,2865.0,0.0,50.0,3.92,Yes,No,Yes,No,HT_ASHP,,,,1106.06,15.0,5.0,Yes,03/03/2021,Everwarm,HT_ASHP,,Vaillant,VWL 125/6 A 230V S2,12.0,R290,0.0,Water_New,200.0,,1.0,,12.0,0.0,,Low Noise Heat Pump,No,0.0,0.0,0.0,Yes,No,0.0,0.0,,No,19743.14,2976.84,1610.23,3246.91,,,,,,,2.0,0.0,House_Detached_2.0
Warmworks,EOH0526,KY3,40.0,Unfit for work,Unemployed/Benefits,Prefer not to say,2020-08-10T00:00:00.000Z,Owner-Occupied,9.0,DE,1.0,10/11/2020,Warmworks,Suburban,2001+,B,2.0,0.0,93.49,6.0,3.0,6.0,2.37,Cavity_Insulated,Solid,Pitched,Double,Yes,Gas,Gas Boiler - Standard,,Water,Large (> 170l),0.0,0.0,1.0,No,No,,,3.9,48.5,20350.0,3566.0,1237.0,45.0,3.56,Yes,No,Yes,No,ASHP,,,,1357.0,14.0,3.0,Yes,30/09/2021,BRB Electrical Ltd,ASHP,,Mitsubishi,PUHZ-W50VHA2,5.0,R410A,0.0,Water_New,150.0,,1.0,11.0,,0.0,,Low Noise Heat Pump,No,0.0,0.0,0.0,Yes,No,0.0,0.0,,No,7655.16,3508.272,1610.23,2976.33,,,,,,,2.0,0.0,House_Detached_2.0
Warmworks,EOH0559,G45,36.0,Working Full time (>30hrs),Professional,"50,001+",2020-08-10T00:00:00.000Z,Owner-Occupied,4.0,AB,3.0,21/09/2020,Warmworks,Urban,2001+,C,2.0,0.0,68.76,3.0,2.0,3.0,2.6,Cavity_Insulated,Suspended,Pitched,Double,Yes,Gas,Gas Boiler - Standard,,Water,Medium (131-170l),0.0,0.0,0.0,No,No,,,2.9,55.0,1904.0,1371.0,3.0,45.0,3.93,Yes,No,Yes,Yes,ASHP,,,,462.0,13.0,4.0,Yes,22/02/2021,Montali Energy Services Ltd,ASHP,,Mitsubishi,PUHZ-W50VHA2,5.0,R410A,0.0,Water_New,150.0,,1.0,8.0,,0.0,,Low Noise Heat Pump,No,0.0,0.0,0.0,Yes,No,0.0,0.0,,No,7655.16,3508.27,1610.23,2164.61,,,,,,,2.0,0.0,House_Mid-Terrace_2.0
Warmworks,EOH0465,EH13,41.0,Working Full time (>30hrs),Skilled Manual Worker,"50,001+",2020-08-10T00:00:00.000Z,Owner-Occupied,7.0,AB,3.0,18/09/2020,Warmworks,Urban,1965-1980,C,2.0,2.0,117.41,5.0,3.0,5.0,2.37,Cavity_Insulated,Suspended,Pitched,Double,Yes,Gas,Gas Boiler - Standard,,Water,Large (> 170l),0.0,0.0,1.0,No,No,,,11.9,96.1,27391.0,3596.0,156.0,50.0,3.92,Yes,No,Yes,No,ASHP,,,,1337.0,16.36,,Yes,05/02/2021,mcinnesplumbing,HT_ASHP,,Vaillant,VWL 125/6 A 230V S2,12.0,R290,0.0,Water_New,200.0,,1.0,,9.0,0.0,,Low Noise Heat Pump,No,0.0,0.0,0.0,No,No,0.0,0.0,,No,17943.14,3572.21,1610.23,2435.17,,,,,,,2.0,0.0,House_Detached_2.0
Warmworks,EOH0503,EH19,74.0,Retired,Pensioner,Prefer not to say,2020-08-11T00:00:00.000Z,Owner-Occupied,,DE,3.0,20/04/2021,Warmworks,Suburban,1991-2000,C,2.0,0.0,98.99,6.0,3.0,6.0,2.36,Cavity_Insulated,Suspended,Pitched,Double,Yes,Gas,Gas Boiler - Standard,,Water,Normal (90-130l),0.0,0.0,0.0,No,No,,,,,,,,,,Yes,No,Yes,No,ASHP,,,,,,,No,,,,,,,,,,,,,,,,,,,,,,,,,,,,,,,,,,,,,,,,,House_Detached_2.0
Warmworks,EOH1095,EH4,53.0,Stay at home parent,Unemployed/Benefits,"50,001+",2020-08-11T00:00:00.000Z,Owner-Occupied,8.0,DE,4.0,08/09/2020,Warmworks,Urban,1919-1944,C,3.0,1.0,120.31,6.0,4.0,6.0,2.7,Cavity_Insulated,Suspended,Pitched,Double,Yes,Gas,Gas Boiler - Combi,,,,0.0,0.0,0.0,No,No,4858.0,20466.0,,,,,,,,No,No,Yes,Yes,HT_ASHP,,,,,,,No,,,,,,,,,,,,,,,,,,,,,,,,,,,,,,,,,,,,,,,,,House_Semi-Detached_2.0
Warmworks,EOH1589,EH8,67.0,Retired,Pensioner,"20,001 - 25,000",2020-08-11T00:00:00.000Z,Owner-Occupied,29.0,DE,3.0,29/09/2020,Warmworks,Suburban,1945-1964,D,2.0,0.0,189.65,7.0,4.0,7.0,2.7,Cavity_Insulated,Suspended,Pitched,Double,Yes,Gas,Gas Boiler - Standard,,Water,Medium (131-170l),0.0,0.0,1.0,Yes - Borehole,Yes,5972.0,20200.0,,,,,,,,Yes,Yes,Yes,Yes,GSHP,,,,,,,No,,,,,,,,,,,,,,,,,,,,,,,,,,,,,,,,,,,,,,,,,House_Detached_2.0
Warmworks,EOH1711,EH4,57.0,Working Full time (>30hrs),Clerical,"40,001 - 50,000",2020-08-12T00:00:00.000Z,Owner-Occupied,6.0,C2,3.0,01/10/2020,Warmworks,Urban,1945-1964,C,1.0,0.0,75.14,3.0,2.0,3.0,2.7,Cavity_Insulated,Suspended,Another Dwelling Above,Double,Yes,Gas,Gas Boiler - Combi,Gas Boiler - Combi,,,0.0,0.0,0.0,No,No,,,4.2,85.0,12712.0,3057.0,1110.0,55.0,3.39,Yes,No,Yes,Yes,ASHP,,,,523.0,14.0,3.0,Yes,22/03/2021,BRB Electrical Ltd,HT_ASHP,,Vaillant,VWL 75/6 A 230V S2,7.0,R290,0.0,Water_New,150.0,,1.0,,6.0,0.0,,Enclosure,No,0.0,0.0,0.0,Yes,No,0.0,0.0,,No,11215.18,3508.27,1610.23,1623.43,,,,,,,2.0,0.0,Flat_Flat_1.0
Warmworks,EOH3157,KY11,54.0,Working Full time (>30hrs),Skilled Manual Worker,"25,001 - 30,000",2020-08-12T00:00:00.000Z,Owner-Occupied,10.0,C2,5.0,23/05/2021,Warmworks,Urban,1945-1964,C,3.0,1.0,87.4,5.0,3.0,5.0,2.54,Cavity_Insulated,Suspended,Pitched,Double,Yes,Gas,Gas Boiler - Combi,,,,0.0,0.0,1.0,No,No,,,7.0,,8497.0,4075.0,156.0,,,Yes,No,Yes,Yes,ASHP,,,,780.0,14.0,,,,,,,,,,,,,,,,,,,,,,,,,,,,,,,,,,,,,,,,,,,House_Mid-Terrace_2.0
Warmworks,EOH1311,KY12,36.0,Working Full time (>30hrs),Professional,"50,001+",2020-08-12T00:00:00.000Z,Owner-Occupied,3.0,AB,2.0,10/05/2021,Warmworks,Suburban,1965-1980,D,2.0,1.0,129.73,5.0,3.0,5.0,2.43,Cavity_Insulated,Suspended,Pitched,Double,Yes,Gas,Gas Boiler - Combi,,,,0.0,0.0,1.0,No,No,,,10.0,89.0,17739.0,4075.0,156.0,50.0,3.66,Yes,No,Yes,Yes,HT_ASHP,,,,1208.0,14.0,,Yes,20/08/2021,TK Murray,ASHP,,Mitsubishi,PUZ-WM112VAA,11.2,R32,0.0,Water_New,200.0,,1.0,,12.0,0.0,,Low Noise Heat Pump,No,0.0,0.0,0.0,Yes,No,0.0,0.0,,No,17943.13,3572.208,1610.23,3246.91,,,,,,,1.0,0.0,House_Detached_2.0
Warmworks,EOH0705,EH14,56.0,Working Full time (>30hrs),Professional,"50,001+",2020-08-13T00:00:00.000Z,Owner-Occupied,20.0,C1,4.0,16/09/2020,Warmworks,Suburban,1965-1980,B,3.0,0.0,138.81,6.0,,6.0,2.3,Cavity_Insulated,Suspended,Pitched,Double,Yes,Gas,Gas Boiler - Combi,Fire - Wood,,,0.0,0.0,1.0,No,No,,,,,,,,,,Yes,No,Yes,No,ASHP,,,,,,,No,,,,,,,,,,,,,,,,,,,,,,,,,,,,,,,,,,,,,,,,,House_Semi-Detached_2.0
Warmworks,EOH2857,KY11,72.0,Retired,Pensioner,"12,501 - 16,200",2020-08-13T00:00:00.000Z,Owner-Occupied,6.0,DE,5.0,24/08/2020,Warmworks,Suburban,1945-1964,C,2.0,0.0,94.45,5.0,3.0,5.0,2.45,Cavity_No_insulation,Suspended,Pitched,Double,Yes,Gas,Gas Boiler - Combi,,,,0.0,0.0,1.0,No,No,,,,,,,,,,Yes,No,Yes,No,ASHP,,,,,,,No,,,,,,,,,,,,,,,,,,,,,,,,,,,,,,,,,,,,,,,,,House_Semi-Detached_1.0
Warmworks,EOH1390,EH49,36.0,Working Part time,Clerical,Prefer not to say,2020-08-13T00:00:00.000Z,Owner-Occupied,4.0,C1,3.0,08/09/2020,Warmworks,Urban,1965-1980,C,2.0,2.0,133.38,6.0,4.0,6.0,2.45,Cavity_Insulated,Suspended,Pitched,Double,Yes,Gas,Gas Boiler - Combi,,,,0.0,0.0,1.0,No,No,,,8.1,92.8,20327.0,4776.0,0.0,45.0,3.77,Yes,No,Yes,No,HT_ASHP,,,,1137.88,15.0,5.0,Yes,31/05/2021,Everwarm,ASHP,,Mitsubishi,PUHZ-HW140VHA2R5,14.0,R410A,0.0,Water_New,200.0,,1.0,13.0,,0.0,,Low Noise Heat Pump,No,0.0,0.0,0.0,No,No,0.0,0.0,,No,8575.74,3572.21,1610.23,3517.49,,,,,,,3.0,0.0,House_Semi-Detached_2.0
Warmworks,EOH0442,EH26,54.0,Working Full time (>30hrs),Professional,"30,001 - 40,000",2020-08-13T00:00:00.000Z,Owner-Occupied,17.0,AB,3.0,27/11/2020,Warmworks,Suburban,2001+,C,2.0,0.0,167.76,8.0,4.0,8.0,2.34,Cavity_Insulated,Solid,Pitched,Double,Yes,Gas,Gas Boiler - Standard,Fire - Gas,Water,Large (> 170l),0.0,1.0,1.0,No,No,4819.0,23508.0,,,,,,,,Yes,Yes,Yes,Yes,HT_ASHP,,,,,,,Yes,,,,,,,,,,,,,,,,,,,,,,,,,,,,,,,,,,,,,,,,,House_Detached_2.0
Warmworks,EOH1175,EH10,54.0,Working Full time (>30hrs),Professional,"50,001+",2020-08-13T00:00:00.000Z,Owner-Occupied,9.0,AB,4.0,02/10/2020,Warmworks,Suburban,1919-1944,C,2.0,2.0,207.83,7.0,3.0,7.0,,Cavity_Insulated,Suspended,Pitched,Double,Yes,Gas,Gas Boiler - Combi,Fire - Wood,,,2.0,0.0,1.0,No,No,2384.0,,14.8,174.0,39561.0,3821.0,0.0,45.0,3.77,Yes,Yes,Yes,Yes,ASHP,,,,1866.18,15.0,5.0,Yes,28/06/2021,Everwarm,ASHP,,Mitsubishi,PUHZ-HW140VHA2R5,14.0,R410A,0.0,Water_New,200.0,,1.0,11.0,,0.0,,Low Noise Heat Pump,No,0.0,0.0,0.0,No,No,0.0,0.0,,No,8575.73,3572.208,1610.23,2976.33,,,,,,,2.0,0.0,House_Semi-Detached_2.0
Warmworks,EOH2434,EH22,51.0,Working Part time,Semi and unskilled manual worker,"50,001+",2020-08-13T00:00:00.000Z,Owner-Occupied,2.0,DE,2.0,17/09/2020,Warmworks,Suburban,1945-1964,C,2.0,2.0,81.52,4.0,3.0,4.0,2.6,Cavity_Insulated,Solid,Pitched,Double,Yes,Gas,Gas Boiler - Combi,,,,0.0,0.0,0.0,No,No,3592.0,21632.0,4.6,61.5,14151.0,4075.0,1476.0,55.0,3.39,Yes,Yes,Yes,Yes,ASHP,,,,1528.0,14.0,3.0,Yes,10/03/2021,BRB Electrical Ltd,HT_ASHP,,Vaillant,VWL 75/6 A 230V S2,7.0,R290,0.0,Water_New,150.0,,1.0,,8.0,0.0,,Low Noise Heat Pump,No,0.0,0.0,0.0,Yes,No,0.0,0.0,,No,11215.18,3508.21,1610.23,2164.61,,,,,,,2.0,0.0,House_Semi-Detached_2.0
Warmworks,EOH1486,EH33,54.0,Carer,Unemployed/Benefits,Prefer not to say,2020-08-13T00:00:00.000Z,Owner-Occupied,20.0,DE,3.0,24/09/2020,Warmworks,Suburban,1965-1980,D,5.0,0.0,108.25,6.0,5.0,6.0,2.44,Cavity_No_insulation,Suspended,Pitched,Double,Yes,Gas,Gas Boiler - Combi,,,,0.0,0.0,0.0,Yes - Borehole,Yes,6752.0,17091.0,,,,,,,,No,Yes,Yes,No,None - Installation not recommended,,,,,,,,,,,,,,,,,,,,,,,,,,,,,,,,,,,,,,,,,,,,,,,,House_Detached_2.0
Warmworks,EOH2711,EH39,58.0,Working Full time (>30hrs),Manager,"25,001 - 30,000",2020-08-13T00:00:00.000Z,Owner-Occupied,10.0,C1,1.0,15/09/2020,Warmworks,Suburban,1945-1964,D,2.0,0.0,91.04,5.0,4.0,5.0,2.6,Cavity_Insulated,Solid,Pitched,Double,Yes,Gas,Gas Boiler - Combi,,Water,Normal (90-130l),0.0,0.0,0.0,No,No,1676.0,11703.0,,,,,,,,Yes,No,Yes,Yes,ASHP,,,,,,,No,,,,,,,,,,,,,,,,,,,,,,,,,,,,,,,,,,,,,,,,,House_End-Terrace_2.0
Warmworks,EOH0668,EH14,49.0,Working Full time (>30hrs),Professional,"50,001+",2020-08-13T00:00:00.000Z,Owner-Occupied,10.0,C2,1.0,12/10/2020,Warmworks,Suburban,1965-1980,D,2.0,3.0,134.6,7.0,4.0,7.0,,Cavity_Insulated,Suspended,Pitched,Double,Yes,Gas,Gas Boiler - Standard,Fire - Gas,Water,Normal (90-130l),0.0,1.0,1.0,No,No,,,8.9,67.4,25707.0,4457.0,1365.0,55.0,3.63,Yes,No,Yes,Yes,ASHP,,,,1619.0,14.0,3.0,Yes,22/04/2021,BRB Electrical Ltd,HT_ASHP,,Vaillant,VWL 125/6 A 230V S2,12.0,R290,0.0,Water_New,200.0,,1.0,,14.0,0.0,,Low Noise Heat Pump,No,0.0,0.0,0.0,Yes,No,0.0,0.0,,No,17943.13,3572.208,1610.23,3788.06,,,,,,,2.0,0.0,House_Detached_2.0
Warmworks,EOH1243,EH4,39.0,Working Full time (>30hrs),Semi and unskilled manual worker,"50,001+",2020-08-13T00:00:00.000Z,Owner-Occupied,2.0,DE,2.0,06/09/2020,Warmworks,Urban,1919-1944,C,2.0,1.0,108.62,5.0,2.0,5.0,2.6,Cavity_Insulated,Suspended,Pitched,Double,Yes,Gas,Gas Boiler - Combi,,,,0.0,0.0,1.0,No,No,,23311.0,7.3,90.0,23907.0,3821.0,0.0,,,No,No,Yes,Yes,HT_ASHP,,,,1231.42,15.0,5.0,No,,,,,,,,,,,,,,,,,,,,,,,,,,,,,,,,,,,,,,,,,House_Mid-Terrace_2.0
Warmworks,EOH0052,EH10,63.0,Working Part time,Skilled Manual Worker,"30,001 - 40,000",2020-08-14T00:00:00.000Z,Owner-Occupied,3.0,C1,4.0,14/09/2020,Warmworks,Suburban,1981-1990,D,4.0,0.0,187.7,7.0,6.0,7.0,2.6,Cavity_No_insulation,Suspended,Pitched,Double,Yes,Gas,Gas Boiler - Standard,,Water,Medium (131-170l),0.0,0.0,1.0,No,No,,,,,,,,,,No,No,Yes,Yes,None - Installation not recommended,,,,,,,,,,,,,,,,,,,,,,,,,,,,,,,,,,,,,,,,,,,,,,,,House_Detached_2.0
Warmworks,EOH1634,EH22,48.0,Working Part time,Manager,"50,001+",2020-08-14T00:00:00.000Z,Owner-Occupied,6.0,C1,3.0,24/09/2020,Warmworks,Suburban,1991-2000,C,2.0,2.0,135.38,8.0,4.0,8.0,2.3,Cavity_Insulated,Solid,Pitched,Double,Yes,Gas,Gas Boiler - Standard,Fire - Gas,Water,Large (> 170l),0.0,1.0,1.0,No,No,4636.0,21255.0,,,,,,,,Yes,No,Yes,No,ASHP,,,,,,,No,,,,,,,,,,,,,,,,,,,,,,,,,,,,,,,,,,,,,,,,,House_Detached_2.0
Warmworks,EOH1446,EH22,42.0,Working Full time (>30hrs),Manager,Prefer not to say,2020-08-14T00:00:00.000Z,Owner-Occupied,4.0,AB,4.0,19/11/2020,Warmworks,Suburban,2001+,C,2.0,1.0,141.85,7.0,4.0,7.0,2.4,Cavity_Insulated,Solid,Pitched,Double,Yes,Gas,Gas Boiler - Standard,Fire - Gas,Water,Large (> 170l),0.0,1.0,1.0,No,No,,,7.6,59.6,23038.0,4457.0,1365.0,55.0,3.63,Yes,No,Yes,No,ASHP,,,,1565.0,14.0,3.0,Yes,10/05/2021,BRB Electrical Ltd,HT_ASHP,,Vaillant,VWL 125/6 A 230V S2,12.0,R290,0.0,Water_New,200.0,,1.0,,12.0,0.0,,Low Noise Heat Pump,No,0.0,0.0,0.0,Yes,No,0.0,0.0,,No,17943.13,3572.208,1610.23,3246.91,,,,,,,3.0,0.0,House_Detached_2.0
Warmworks,EOH1975,EH32,55.0,Working Full time (>30hrs),Manager,"50,001+",2020-08-15T00:00:00.000Z,Owner-Occupied,14.0,C2,3.0,22/10/2020,Warmworks,Suburban,1919-1944,D,2.0,0.0,94.5,5.0,3.0,5.0,,Cavity_Insulated,Solid,Pitched,Double,Yes,Gas,Gas Boiler - Combi,Gas Boiler - Combi,,,0.0,0.0,1.0,No,No,2400.0,,5.5,67.4,16990.0,3566.0,1237.0,,,Yes,No,Yes,No,ASHP,,,,1128.0,14.0,3.0,Yes,,,,,,,,,,,,,,,,,,,,,,,,,,,,,,,,,,,,,,,,,House_End-Terrace_2.0
Warmworks,EOH1844,EH21,54.0,Working Full time (>30hrs),Clerical,Prefer not to say,2020-08-15T00:00:00.000Z,Owner-Occupied,6.0,C1,1.0,01/10/2020,Warmworks,Suburban,1919-1944,C,2.0,0.0,93.0,4.0,3.0,4.0,2.6,Cavity_Insulated,Suspended,Pitched,Double,Yes,Gas,Gas Boiler - Combi,,,,0.0,0.0,0.0,Yes - Borehole,Yes,,,,,,,,,,Yes,Yes,Yes,Yes,GSHP,,,,,,,No,,,,,,,,,,,,,,,,,,,,,,,,,,,,,,,,,,,,,,,,,House_End-Terrace_2.0
Warmworks,EOH0663,EH42,52.0,Working Full time (>30hrs),Manager,Prefer not to say,2020-08-15T00:00:00.000Z,Owner-Occupied,,C1,4.0,22/09/2020,Warmworks,Urban,1945-1964,D,2.0,0.0,71.5,3.0,2.0,3.0,2.6,Cavity_Insulated,Suspended,Pitched,Double,Yes,Gas,Gas Boiler - Standard,,Water,Medium (131-170l),0.0,0.0,1.0,Yes - Borehole,Yes,1568.0,10603.0,5.6,76.4,13010.0,2697.0,156.0,45.0,3.77,Yes,Yes,Yes,Yes,GSHP,,,,849.0,16.36,,Yes,21/04/2021,mcinnesplumbing,HT_ASHP,,Vaillant,VWL 55/6 A 230V S2,5.0,R290,0.0,Water_New,150.0,,1.0,,5.0,0.0,,Low Noise Heat Pump,No,0.0,0.0,0.0,No,No,0.0,0.0,,No,11215.17,3508.272,1610.23,1352.88,,,,,,,2.0,0.0,House_Semi-Detached_2.0
Warmworks,EOH1758,PA8,30.0,Working Full time (>30hrs),Manager,"25,001 - 30,000",2020-08-15T00:00:00.000Z,Owner-Occupied,5.0,C1,1.0,27/08/2020,Warmworks,Suburban,1991-2000,C,1.0,0.0,101.21,5.0,3.0,5.0,2.4,Cavity_Insulated,Suspended,Pitched,Double,Yes,Gas,Gas Boiler - Standard,,Water,Normal (90-130l),0.0,0.0,1.0,No,No,3000.0,18000.0,,,,,,,,Yes,No,Yes,Yes,None - Installation not recommended,,,,,,,,,,,,,,,,,,,,,,,,,,,,,,,,,,,,,,,,,,,,,,,,House_Semi-Detached_2.0
Warmworks,EOH2137,EH30,44.0,Working Full time (>30hrs),Professional,"50,001+",2020-08-15T00:00:00.000Z,Owner-Occupied,3.0,C1,3.0,18/05/2021,Warmworks,Suburban,1945-1964,E,1.0,0.0,94.39,5.0,3.0,4.0,2.44,Cavity_No_insulation,Solid,Pitched,Double,Yes,Gas,Gas Boiler - Standard,Fire - Gas,Water,Normal (90-130l),0.0,1.0,1.0,No,No,,,7.5,84.0,18943.0,3820.0,0.0,50.0,3.92,No,No,Yes,Yes,HT_ASHP,,,,961.0,18.0,5.0,Yes,30/08/2021,Everwarm,HT_ASHP,,Vaillant,VWL 125/6 A 230V S2,12.0,R290,0.0,Water_New,200.0,,1.0,,8.0,0.0,,Low Noise Heat Pump,No,0.0,0.0,0.0,No,No,0.0,0.0,,No,17943.14,3572.21,1610.23,2164.61,,,,,,,2.0,0.0,House_Semi-Detached_2.0
Warmworks,EOH0990,EH32,41.0,Working Full time (>30hrs),Skilled Manual Worker,Prefer not to say,2020-08-15T00:00:00.000Z,Owner-Occupied,1.0,C2,2.0,06/12/2020,Warmworks,Suburban,2001+,B,2.0,3.0,169.35,8.0,5.0,8.0,2.6,Cavity_Insulated,Solid,Pitched,Double,Yes,Gas,Gas Boiler - Standard,,Water,Large (> 170l),0.0,0.0,1.0,No,No,,,,,,,,,,Yes,No,Yes,Yes,HT_ASHP,,,,,,,No,,,,,,,,,,,,,,,,,,,,,,,,,,,,,,,,,,,,,,,,,House_Detached_3.0
Warmworks,EOH1872,KY12,35.0,Working Full time (>30hrs),Manager,"30,001 - 40,000",2020-08-17T00:00:00.000Z,Owner-Occupied,0.2,C1,5.0,23/09/2020,Warmworks,Suburban,1991-2000,D,2.0,2.0,89.15,5.0,3.0,5.0,2.4,Cavity_Insulated,Suspended,Pitched,Double,Yes,Gas,Gas Boiler - Standard,,Water,Normal (90-130l),0.0,0.0,1.0,No,No,,,5.5,88.0,17566.0,3821.0,0.0,50.0,3.65,Yes,No,Yes,No,HT_ASHP,,,,1007.0,15.0,5.0,Yes,18/11/2020,Everwarm,HT_ASHP,,Vaillant,VWL 75/6 A 230V S2,7.0,R290,0.0,Water_New,150.0,,1.0,,9.0,0.0,,Low Noise Heat Pump,No,0.0,0.0,0.0,Yes,Yes,0.0,0.0,,No,11215.18,3508.27,1610.23,2435.17,,456.27,,,,,2.0,2.0,House_Semi-Detached_2.0
Warmworks,EOH2876,EH33,47.0,Working Part time,Professional,"25,001 - 30,000",2020-08-18T00:00:00.000Z,Owner-Occupied,17.0,C1,4.0,09/09/2020,Warmworks,Rural,Pre 1919,B,2.0,0.0,117.64,4.0,4.0,4.0,2.6,Cavity_No_insulation,Suspended,Pitched,Double,Yes,Gas,Gas Boiler - Combi,,Water,Medium (131-170l),0.0,0.0,1.0,No,No,1138.0,14550.0,,,,,,,,No,No,Yes,Yes,None - Installation not recommended,,,,,,,,,,,,,,,,,,,,,,,,,,,,,,,,,,,,,,,,,,,,,,,,House_Semi-Detached_2.0
Warmworks,EOH0970,TD7,64.0,Working Part time,Unemployed/Benefits,"0 - 12,500",2020-08-18T00:00:00.000Z,Owner-Occupied,0.1,DE,2.0,17/11/2020,Warmworks,Urban,Pre 1919,C,1.0,0.0,45.55,2.0,,2.0,2.56,Cavity_No_insulation,Suspended,Another Dwelling Above,Double,Yes,Gas,Gas Boiler - Combi,Fire - Gas,,,0.0,1.0,0.0,No,No,,,,,,,,,,,,,,None - Installation not recommended,,,,,,,,,,,,,,,,,,,,,,,,,,,,,,,,,,,,,,,,,,,,,,,,Flat_Flat_1.0
Warmworks,EOH0100,EH8,40.0,Working Full time (>30hrs),Professional,"50,001+",2020-08-19T00:00:00.000Z,Owner-Occupied,4.5,C1,4.0,16/09/2020,Warmworks,Suburban,1919-1944,C,2.0,2.0,62.06,3.0,2.0,3.0,2.6,Cavity_Insulated,Suspended,Pitched,Double,Yes,Gas,Gas Boiler - Combi,,,,0.0,0.0,1.0,No,No,18040.0,11000.0,,,,,,,,Yes,No,Yes,Yes,ASHP,,,,,,,No,,,,,,,,,,,,,,,,,,,,,,,,,,,,,,,,,,,,,,,,,House_Mid-Terrace_2.0
Warmworks,EOH2705,EH54,31.0,Working Full time (>30hrs),Skilled Manual Worker,Prefer not to say,2020-08-19T00:00:00.000Z,Owner-Occupied,2.0,C2,3.0,03/12/2020,Warmworks,Suburban,2001+,C,3.0,0.0,132.64,6.0,4.0,5.0,2.45,Cavity_Insulated,Suspended,Pitched,Double,Yes,Gas,Gas Boiler - Standard,,Water,Medium (131-170l),0.0,0.0,1.0,No,No,,,6.6,62.5,19221.0,4457.0,1365.0,55.0,3.39,Yes,Yes,Yes,Yes,Hybrid,,,,1397.0,14.0,3.0,Yes,13/05/2021,BRB Electrical Ltd,HT_ASHP,,Vaillant,VWL 75/6 A 230V S2,7.0,R290,0.0,Water_New,200.0,,1.0,,12.0,0.0,,Low Noise Heat Pump,No,0.0,0.0,0.0,Yes,No,0.0,0.0,,No,11215.17,3572.208,1610.23,3246.91,,,,,,,2.0,0.0,House_Detached_2.0
Warmworks,EOH1906,EH11,53.0,Working Part time,Manager,Prefer not to say,2020-08-19T00:00:00.000Z,Owner-Occupied,16.0,C1,3.0,09/09/2020,Warmworks,Urban,Pre 1919,D,2.0,1.0,107.82,5.0,3.0,5.0,3.03,Cavity_No_insulation,Suspended,Pitched,Single,Yes,Gas,Gas Boiler - Combi,,,,0.0,0.0,1.0,No,No,,,,,,,,,,No,No,Yes,No,None - Installation not recommended,,,,,,,,,,,,,,,,,,,,,,,,,,,,,,,,,,,,,,,,,,,,,,,,House_Mid-Terrace_2.0
Warmworks,EOH1984,EH10,47.0,Working Full time (>30hrs),Manager,"50,001+",2020-08-19T00:00:00.000Z,Owner-Occupied,9.0,AB,4.0,29/04/2021,Warmworks,Suburban,1991-2000,D,2.0,3.0,152.26,8.0,4.0,8.0,2.4,Cavity_Insulated,Suspended,Pitched,Double,Yes,Gas,Gas Boiler - Combi,,,,0.0,0.0,1.0,No,No,,,,,,,,,,Yes,No,Yes,Yes,None - Installation not recommended,,,,,,,,,,,,,,,,,,,,,,,,,,,,,,,,,,,,,,,,,,,,,,,,House_Detached_2.0
Warmworks,EOH1614,EH17,32.0,Working Full time (>30hrs),Professional,"50,001+",2020-08-19T00:00:00.000Z,Owner-Occupied,5.0,AB,3.0,08/09/2020,Warmworks,Urban,1965-1980,D,2.0,2.0,80.34,4.0,3.0,4.0,2.6,Cavity_Insulated,Suspended,Pitched,Double,Yes,Gas,Gas Boiler - Combi,,,,0.0,0.0,1.0,No,No,1200.0,10200.0,8.5,79.0,18571.0,3596.0,156.0,50.0,3.81,Yes,No,Yes,Yes,ASHP,,,,868.0,14.0,,Yes,01/02/2021,mcinnesplumbing,ASHP,,Mitsubishi,PUZ-WM85VAA-BS,8.5,R32,0.0,Water_New,200.0,,1.0,7.0,,0.0,,Low Noise Heat Pump,No,0.0,0.0,0.0,No,No,0.0,0.0,,No,8575.74,3572.21,1610.23,1894.03,,,,,,,2.0,0.0,House_Semi-Detached_2.0
Warmworks,EOH1040,EH10,46.0,Working Full time (>30hrs),Professional,"50,001+",2020-08-19T00:00:00.000Z,Owner-Occupied,4.0,C1,3.0,09/11/2020,Warmworks,Suburban,1945-1964,D,2.0,1.0,130.27,8.0,3.0,8.0,2.6,Cavity_Insulated,Suspended,Pitched,Double,Yes,Gas,Gas Boiler - Combi,,,,0.0,0.0,0.0,No,No,,,,,,,,,,Yes,No,Yes,Yes,HT_ASHP,,,,,,,No,,,,,,,,,,,,,,,,,,,,,,,,,,,,,,,,,,,,,,,,,House_Semi-Detached_2.0
Warmworks,EOH1588,EH5,34.0,Training or Education,Unemployed/Benefits,Prefer not to say,2020-08-19T00:00:00.000Z,Owner-Occupied,,DE,4.0,28/10/2020,Warmworks,Urban,1981-1990,D,2.0,2.0,127.0,8.0,5.0,8.0,,Cavity_No_insulation,Suspended,Pitched,Double,Yes,Gas,Gas Boiler - Standard,Fire - Gas,Water,Normal (90-130l),0.0,1.0,0.0,No,No,,,8.6,76.1,21883.0,4776.0,0.0,50.0,3.92,Yes,No,Yes,Yes,HT_ASHP,,,,1437.79,18.0,5.0,Yes,15/03/2021,Everwarm,HT_ASHP,,Vaillant,VWL 125/6 A 230V S2,12.0,R290,0.0,Water_New,200.0,,1.0,,13.0,0.0,,Low Noise Heat Pump,No,0.0,0.0,0.0,No,No,0.0,0.0,,No,17943.14,3572.21,1610.23,3517.49,,,,,,,3.0,0.0,House_Semi-Detached_2.0
Warmworks,EOH2189,KY15,62.0,Working Part time,Supervisor,"20,001 - 25,000",2020-08-19T00:00:00.000Z,Owner-Occupied,29.0,C1,4.0,16/10/2020,Warmworks,Rural,1965-1980,D,2.0,0.0,191.9,7.0,5.0,7.0,,Cavity_No_insulation,Suspended,Pitched,Double,No,Oil,Oil Boiler,Oil Boiler,Water,Medium (131-170l),0.0,0.0,1.0,Yes - Borehole,Yes,,,,,,,,,,Yes,Yes,Yes,Yes,None - Installation not recommended,,,,,,,,,,,,,,,,,,,,,,,,,,,,,,,,,,,,,,,,,,,,,,,,House_Detached_1.0
Warmworks,EOH0059,EH14,50.0,Working Full time (>30hrs),Manager,"50,001+",2020-08-19T00:00:00.000Z,Owner-Occupied,10.0,C1,3.0,07/05/2021,Warmworks,Suburban,1919-1944,C,3.0,1.0,120.96,7.0,3.0,7.0,2.76,Cavity_Insulated,Suspended,Pitched,Double,Yes,Gas,Gas Boiler - Combi,Fire - Gas,,,0.0,1.0,1.0,No,No,,,9.4,,27272.0,3937.0,0.0,,,Yes,No,Yes,Yes,ASHP,,,,1394.64,18.0,5.0,No,,,,,,,,,,,,,,,,,,,,,,,,,,,,,,,,,,,,,,,,,House_Semi-Detached_2.0
Warmworks,EOH1014,EH5,49.0,Working Full time (>30hrs),Manager,"50,001+",2020-08-19T00:00:00.000Z,Owner-Occupied,10.0,C1,4.0,24/09/2020,Warmworks,Suburban,1919-1944,C,2.0,1.0,116.18,5.0,3.0,5.0,,Cavity_Insulated,Suspended,Pitched,Double,Yes,Gas,Gas Boiler - Combi,,,,0.0,0.0,0.0,Yes - Borehole,Yes,,,,,,,,,,Yes,Yes,Yes,Yes,None - Installation not recommended,,,,,,,,,,,,,,,,,,,,,,,,,,,,,,,,,,,,,,,,,,,,,,,,House_Semi-Detached_2.0
Warmworks,EOH2849,KY11,42.0,Working Full time (>30hrs),Professional,"50,001+",2020-08-19T00:00:00.000Z,Owner-Occupied,9.0,AB,2.0,19/04/2021,Warmworks,Suburban,1991-2000,C,2.0,1.0,166.24,9.0,5.0,9.0,2.36,Cavity_Insulated,Solid,Pitched,Double,Yes,Gas,Gas Boiler - Standard,,Water,Large (> 170l),0.0,0.0,1.0,No,No,3100.0,1625.0,,,,,,,,Yes,No,Yes,Yes,ASHP,,,,,,,No,,,,,,,,,,,,,,,,,,,,,,,,,,,,,,,,,,,,,,,,,House_Detached_3.0
Warmworks,EOH1754,DD2,58.0,Working Part time,Unemployed/Benefits,"50,001+",2020-08-19T00:00:00.000Z,Owner-Occupied,25.0,DE,3.0,16/10/2020,Warmworks,Suburban,1945-1964,D,2.0,2.0,142.89,6.0,2.0,6.0,,Cavity_Insulated,Suspended,Pitched,Double,Yes,Gas,Gas Boiler - Standard,,Water,Medium (131-170l),0.0,0.0,1.0,No,No,5442.0,25486.0,,,,,,,,Yes,Yes,Yes,Yes,None - Installation not recommended,,,,,,,,,,,,,,,,,,,,,,,,,,,,,,,,,,,,,,,,,,,,,,,,House_Detached_2.0
Warmworks,EOH2418,EH28,48.0,Working Part time,Clerical,Prefer not to say,2020-08-19T00:00:00.000Z,Owner-Occupied,18.0,C1,2.0,18/09/2020,Warmworks,Suburban,1965-1980,C,2.0,2.0,117.23,6.0,4.0,6.0,2.3,Cavity_Insulated,Solid,Pitched,Double,Yes,Gas,Gas Boiler - Standard,,Water,Large (> 170l),0.0,0.0,1.0,No,No,,,6.0,60.1,17042.0,3596.0,3.0,45.0,4.14,Yes,No,Yes,No,ASHP,,,,1167.0,16.36,4.17,Yes,23/08/2021,mcinnesplumbing,ASHP,,Mitsubishi,PUZ-WM85VAA-BS,8.5,R32,0.0,Water_New,200.0,,1.0,7.0,,0.0,,Low Noise Heat Pump,No,0.0,0.0,0.0,No,No,0.0,0.0,,No,8575.73,3572.208,1610.23,1894.03,,,,,,,2.0,0.0,House_Semi-Detached_2.0
Warmworks,EOH1185,EH26,59.0,Working Full time (>30hrs),Professional,Prefer not to say,2020-08-19T00:00:00.000Z,Owner-Occupied,17.0,AB,4.0,20/09/2020,Warmworks,Suburban,1981-1990,C,2.0,2.0,134.49,7.0,5.0,7.0,2.4,Cavity_No_insulation,Solid,Pitched,Double,Yes,Gas,Gas Boiler - Standard,Fire - Wood,Water,Normal (90-130l),0.0,0.0,1.0,No,No,,,,,,,,,,Yes,No,Yes,No,ASHP,,,,,,,No,,,,,,,,,,,,,,,,,,,,,,,,,,,,,,,,,,,,,,,,,House_Detached_2.0
Warmworks,EOH3059,EH30,48.0,Working Full time (>30hrs),Clerical,"50,001+",2020-08-19T00:00:00.000Z,Owner-Occupied,2.0,AB,3.0,16/12/2020,Everwarm,Suburban,2001+,C,2.0,2.0,155.83,7.0,4.0,7.0,2.38,Cavity_Insulated,Solid,Pitched,Double,Yes,Gas,Gas Boiler - Standard,,Water,Medium (131-170l),0.0,0.0,1.0,No,No,3524.0,14149.0,7.6,65.6,21383.0,4457.0,1365.0,,,Yes,No,Yes,Yes,ASHP,,,,1492.0,14.0,3.0,No,,,,,,,,,,,,,,,,,,,,,,,,,,,,,,,,,,,,,,,,,House_Detached_2.0
Warmworks,EOH0616,PH5,29.0,Working Full time (>30hrs),Professional,"40,001 - 50,000",2020-06-29T00:00:00.000Z,Owner-Occupied,3.0,AB,4.0,09/09/2020,Warmworks,Rural,Pre 1919,F,2.0,1.0,183.65,7.0,4.0,7.0,2.26,Cavity_No_insulation,Suspended,Pitched,Double,No,Oil,Oil Boiler,Fire - Wood,Water,No access,0.0,0.0,0.0,No,No,,,13.6,112.0,15608.0,3821.0,0.0,,,No,No,Yes,No,HT_ASHP,,,,1609.84,15.0,5.0,Yes,03/12/2020,Everwarm,HT_ASHP,,Vaillant,VWL 125/6 A 230V S2,12.0,R290,0.0,Water_New,200.0,,1.0,,18.0,0.0,,Low Noise Heat Pump,No,0.0,0.0,0.0,No,No,0.0,0.0,,No,11215.18,3572.21,1610.23,4870.37,,,,,,,2.0,0.0,House_Semi-Detached_3.0
Warmworks,EOH1424,EH26,51.0,Working Full time (>30hrs),Professional,"40,001 - 50,000",2020-08-20T00:00:00.000Z,Owner-Occupied,12.0,C1,2.0,28/09/2020,Warmworks,Suburban,1945-1964,D,2.0,1.0,96.3,3.0,3.0,3.0,2.6,Cavity_No_insulation,Solid,Pitched,Double,Yes,Gas,Gas Boiler - Combi,,,,0.0,0.0,0.0,No,No,3356.0,14742.0,,,,,,,,No,No,Yes,Yes,HT_ASHP,,,,,,,No,,,,,,,,,,,,,,,,,,,,,,,,,,,,,,,,,,,,,,,,,House_Semi-Detached_1.0
Warmworks,EOH2029,EH15,48.0,Working Full time (>30hrs),Professional,"50,001+",2020-08-20T00:00:00.000Z,Owner-Occupied,13.0,C1,4.0,17/09/2020,Warmworks,Urban,Pre 1919,D,2.0,2.0,190.33,6.0,4.0,6.0,3.22,Cavity_No_insulation,Suspended,Pitched,Double,Yes,Gas,Gas Boiler - Combi,,,,0.0,1.0,1.0,No,No,2141.0,18227.0,,,,,,,,No,No,Yes,Yes,None - Installation not recommended,,,,,,,,,,,,,,,,,,,,,,,,,,,,,,,,,,,,,,,,,,,,,,,,Maisonette_End-Terrace_3.0
Warmworks,EOH0674,EH12,35.0,Working Full time (>30hrs),Clerical,"50,001+",2020-08-20T00:00:00.000Z,Owner-Occupied,5.0,C1,2.0,12/10/2020,Warmworks,Suburban,1919-1944,D,2.0,2.0,156.38,6.0,4.0,6.0,,Cavity_Insulated,Suspended,Pitched,Double,Yes,Gas,Gas Boiler - Combi,Fire - Gas,,,0.0,1.0,1.0,No,No,,,,,,,,,,Yes,No,Yes,Yes,None - Installation not recommended,,,,,,,,,,,,,,,,,,,,,,,,,,,,,,,,,,,,,,,,,,,,,,,,House_Detached_2.0
Warmworks,EOH0271,EH30,67.0,Retired,Pensioner,Prefer not to say,2020-08-20T00:00:00.000Z,Owner-Occupied,42.0,DE,3.0,28/09/2020,Warmworks,Suburban,1945-1964,B,2.0,2.0,125.12,6.0,5.0,6.0,2.6,Cavity_Insulated,Suspended,Pitched,Double,Yes,Gas,Gas Boiler - Combi,,,,0.0,0.0,0.0,No,No,7330.0,8852.0,,,,,,,,Yes,No,Yes,Yes,None - Installation not recommended,,,,,,,,,,,,,,,,,,,,,,,,,,,,,,,,,,,,,,,,,,,,,,,,House_End-Terrace_3.0
Warmworks,EOH2671,EH19,72.0,Retired,Pensioner,Prefer not to say,2020-08-20T00:00:00.000Z,Owner-Occupied,30.0,DE,3.0,25/09/2020,Warmworks,Rural,1965-1980,C,2.0,0.0,98.82,6.0,3.0,6.0,2.3,Cavity_Insulated,Solid,Pitched,Double,Yes,Gas,Gas Boiler - Standard,Fire - Gas,Water,Normal (90-130l),0.0,1.0,1.0,No,No,,,6.4,,16147.0,3821.0,0.0,,,Yes,No,Yes,No,HT_ASHP,,,,948.44,15.0,5.0,Yes,,,,,,,,,,,,,,,,,,,,,,,,,,,,,,,,,,,,,,,,,House_Detached_2.0
Warmworks,EOH0045,EH15,50.0,Working Full time (>30hrs),Supervisor,"50,001+",2020-08-20T00:00:00.000Z,Owner-Occupied,9.0,C1,2.0,28/09/2020,Warmworks,Suburban,1919-1944,D,2.0,0.0,159.66,8.0,3.0,8.0,2.63,Cavity_Insulated,Suspended,Pitched,Double,Yes,Gas,Gas Boiler - Combi,Fire - Gas,,,0.0,2.0,1.0,No,No,,,10.9,76.4,27705.0,955.0,0.0,,,Yes,No,Yes,No,HT_ASHP,,,,1375.78,18.0,5.0,No,,,,,,,,,,,,,,,,,,,,,,,,,,,,,,,,,,,,,,,,,House_Detached_2.0
Warmworks,EOH0066,KY10,63.0,Working Full time (>30hrs),Manager,Prefer not to say,2020-08-21T00:00:00.000Z,Owner-Occupied,16.0,AB,5.0,12/10/2020,Warmworks,Urban,1945-1964,C,2.0,0.0,106.86,4.0,3.0,4.0,,Cavity_Insulated,Suspended,Pitched,Double,Yes,Gas,Gas Boiler - Standard,,Water,No access,0.0,0.0,1.0,Yes - Borehole,Yes,3567.0,10380.0,7.4,66.5,18668.0,3596.0,0.0,45.0,3.91,Yes,Yes,Yes,Yes,GSHP,,,,1137.0,16.36,4.17,Yes,25/08/2021,mcinnesplumbing,HT_ASHP,,Vaillant,VWL 75/6 A 230V S2,7.0,R290,0.0,Water_New,200.0,,1.0,,10.0,0.0,,Low Noise Heat Pump,No,0.0,0.0,0.0,No,No,0.0,0.0,,No,11215.17,3572.208,1610.23,2705.76,,,,,,,2.0,0.0,House_Detached_2.0
Warmworks,EOH1457,EH22,32.0,Working Full time (>30hrs),Professional,"50,001+",2020-08-21T00:00:00.000Z,Owner-Occupied,3.0,AB,3.0,05/10/2020,Warmworks,Suburban,1965-1980,C,2.0,1.0,71.38,4.0,2.0,4.0,,Cavity_Insulated,Suspended,Pitched,Double,Yes,Gas,Gas Boiler - Combi,,,,0.0,0.0,0.0,No,No,,,4.8,76.5,13031.0,2674.0,1528.0,55.0,3.39,Yes,No,Yes,Yes,ASHP,,,,945.0,14.0,3.0,Yes,28/04/2021,BRB Electrical Ltd,HT_ASHP,,Vaillant,VWL 75/6 A 230V S2,7.0,R290,0.0,Water_New,200.0,,1.0,,9.0,0.0,,Low Noise Heat Pump,No,0.0,0.0,0.0,Yes,No,0.0,0.0,,No,11215.17,3572.208,1610.23,2164.6,,,,,,,2.0,0.0,House_Semi-Detached_2.0
Warmworks,EOH1871,KY3,45.0,Working Full time (>30hrs),Manager,"40,001 - 50,000",2020-08-21T00:00:00.000Z,Owner-Occupied,10.0,C1,4.0,25/09/2020,Warmworks,Suburban,1919-1944,C,2.0,2.0,95.22,5.0,3.0,5.0,2.6,Cavity_Insulated,Suspended,Pitched,Double,Yes,Gas,Gas Boiler - Combi,,,,0.0,0.0,1.0,Yes - Borehole,Yes,,,,,,,,,,Yes,Yes,Yes,Yes,GSHP,,,,,,,No,,,,,,,,,,,,,,,,,,,,,,,,,,,,,,,,,,,,,,,,,House_Semi-Detached_2.0
Warmworks,EOH2484,TD4,44.0,Unemployed,Unemployed/Benefits,Prefer not to say,2020-08-21T00:00:00.000Z,Rented (Social),4.0,C2,1.0,23/09/2020,Warmworks,Suburban,1945-1964,F,1.0,0.0,52.04,2.0,1.0,2.0,2.6,Cavity_Insulated,Suspended,Pitched,Double,,,Electric - Direct,,Water,Medium (131-170l),0.0,0.0,0.0,No,No,,,5.0,89.0,4323.0,3596.0,156.0,50.0,3.58,Yes,No,Yes,No,ASHP,,,,560.0,14.0,,Yes,21/12/2020,TK Murray,ASHP,,Mitsubishi,PUHZ-W50VHA2,5.0,R410A,0.0,Water_New,150.0,,1.0,6.0,,0.0,,Low Noise Heat Pump,No,0.0,0.0,0.0,,No,0.0,0.0,,No,6529.24,3508.27,1610.23,1623.46,,,,,,,1.0,0.0,House_Semi-Detached_1.0
Warmworks,EOH1331,EH32,52.0,Working Full time (>30hrs),Professional,Prefer not to say,2020-08-21T00:00:00.000Z,Owner-Occupied,8.0,AB,2.0,20/04/2021,Everwarm,Rural,1991-2000,C,4.0,1.0,247.15,9.0,4.0,9.0,2.42,Cavity_Insulated,Suspended,Pitched,Double,Yes,Gas,Gas Boiler - Standard,Fire - Wood,Water,Normal (90-130l),0.0,1.0,1.0,No,No,,,,,,,,,,Yes,No,Yes,Yes,HT_ASHP,,,,,,,No,,,,,,,,,,,,,,,,,,,,,,,,,,,,,,,,,,,,,,,,,House_Detached_2.0
Warmworks,EOH2250,KY3,59.0,Working Part time,Professional,"30,001 - 40,000",2020-08-21T00:00:00.000Z,Owner-Occupied,2.0,C1,2.0,23/09/2020,Warmworks,Suburban,1965-1980,C,1.0,0.0,122.64,6.0,3.0,6.0,2.33,Cavity_No_insulation,Suspended,Pitched,Double,Yes,Gas,Gas Boiler - Combi,,,,0.0,1.0,1.0,No,No,,,8.9,82.0,24233.0,2865.0,0.0,,,Yes,No,Yes,No,HT_ASHP,,,,1380.0,18.0,5.0,No,,,,,,,,,,,,,,,,,,,,,,,,,,,,,,,,,,,,,,,,,House_Detached_1.0
Warmworks,EOH0517,EH15,57.0,Stay at home parent,Unemployed/Benefits,"40,001 - 50,000",2020-08-21T00:00:00.000Z,Owner-Occupied,13.0,DE,3.0,09/10/2020,Warmworks,Suburban,Pre 1919,B,2.0,0.0,180.85,7.0,5.0,7.0,,Cavity_No_insulation,Suspended,Pitched,Double,Yes,Gas,Gas Boiler - Combi,Gas Boiler - Combi,,,1.0,0.0,1.0,No,No,4692.0,,17.0,99.7,43263.0,3821.0,0.0,50.0,3.92,No,No,Yes,Yes,Hybrid,,,,1980.64,15.0,5.0,Yes,27/05/2021,Everwarm,Hybrid,Separate_Existing Boiler,Vaillant,VWL 125/6 A 230V S2,12.0,R290,0.0,Water_New,200.0,,1.0,,15.0,0.0,,Low Noise Heat Pump,No,0.0,0.0,0.0,No,No,0.0,0.0,,No,11358.42,3572.208,1610.23,4058.64,,,,,,,4.0,0.0,House_Semi-Detached_2.0
Warmworks,EOH0978,EH15,52.0,Working Full time (>30hrs),Casual worker,"25,001 - 30,000",2020-08-21T00:00:00.000Z,Owner-Occupied,12.0,C2,2.0,09/10/2020,Warmworks,Suburban,1981-1990,D,2.0,2.0,126.05,6.0,5.0,6.0,,Cavity_Insulated,Solid,Pitched,Double,Yes,Gas,Gas Boiler - Standard,,Water,Normal (90-130l),0.0,0.0,1.0,Yes - Borehole,Yes,,15592.0,,,,,,,,Yes,Yes,Yes,Yes,None - Installation not recommended,,,,,,,,,,,,,,,,,,,,,,,,,,,,,,,,,,,,,,,,,,,,,,,,House_Detached_2.0
Warmworks,EOH1563,PH1,32.0,Working Full time (>30hrs),Manager,Prefer not to say,2020-08-22T00:00:00.000Z,Owner-Occupied,20.0,AB,5.0,25/09/2020,Warmworks,Rural,1945-1964,E,4.0,0.0,159.73,5.0,,5.0,2.6,Cavity_No_insulation,Suspended,Pitched,Double,,,Fire - Wood,,Water,Large (> 170l),0.0,0.0,0.0,Yes - Borehole,Yes,,,,,,,,,,Yes,Yes,Yes,Yes,GSHP,,,,,,,No,,,,,,,,,,,,,,,,,,,,,,,,,,,,,,,,,,,,,,,,,House_Detached_1.0
Warmworks,EOH1426,EH15,49.0,Working Full time (>30hrs),Manager,"50,001+",2020-08-22T00:00:00.000Z,Owner-Occupied,8.0,AB,3.0,24/09/2020,Warmworks,Suburban,1945-1964,C,2.0,2.0,129.92,5.0,3.0,5.0,2.7,Cavity_Insulated,Suspended,Pitched,Double,Yes,Gas,Gas Boiler - Combi,,,,0.0,0.0,1.0,Yes - Borehole,Yes,,,9.7,77.3,29194.0,6293.0,3.0,45.0,3.97,Yes,Yes,Yes,Yes,GSHP,,,,1392.0,16.36,4.17,Yes,09/04/2021,mcinnesplumbing,ASHP,,Mitsubishi,PUZ-WM112VAA-BS,11.2,R32,0.0,Water_New,200.0,,1.0,9.0,,0.0,,Low Noise Heat Pump,No,0.0,0.0,0.0,No,No,0.0,0.0,,No,8575.73,3572.208,1610.23,2435.18,,,,,,,2.0,0.0,House_Detached_1.0
Warmworks,EOH1162,EH45,69.0,Retired,Pensioner,"0 - 12,500",2020-08-23T00:00:00.000Z,Owner-Occupied,31.0,DE,3.0,30/09/2020,Warmworks,Suburban,1965-1980,C,2.0,0.0,105.6,5.0,3.0,5.0,2.38,Cavity_No_insulation,Suspended,Pitched,Double,Yes,Gas,Gas Boiler - Combi,Gas Boiler - Combi,,,0.0,0.0,1.0,No,No,,,,,,,,,,Yes,No,Yes,No,HT_ASHP,,,,,,,No,,,,,,,,,,,,,,,,,,,,,,,,,,,,,,,,,,,,,,,,,House_End-Terrace_2.0
Warmworks,EOH1527,EH15,46.0,Working Full time (>30hrs),Skilled Manual Worker,"50,001+",2020-08-23T00:00:00.000Z,Owner-Occupied,8.0,C1,4.0,29/09/2020,Warmworks,Urban,1965-1980,D,2.0,2.0,92.24,4.0,2.0,4.0,2.35,Cavity_Insulated,Suspended,Pitched,Double,Yes,Gas,Gas Boiler - Combi,Fire - Wood,,,0.0,0.0,1.0,Yes - Borehole,Yes,,,,,,,,,,Yes,Yes,Yes,Yes,None - Installation not recommended,,,,,,,,,,,,,,,,,,,,,,,,,,,,,,,,,,,,,,,,,,,,,,,,House_End-Terrace_2.0
Warmworks,EOH0568,EH14,53.0,Working Full time (>30hrs),Skilled Manual Worker,"25,001 - 30,000",2020-08-24T00:00:00.000Z,Owner-Occupied,12.0,DE,2.0,16/09/2020,Warmworks,Suburban,1919-1944,D,2.0,0.0,74.88,4.0,2.0,4.0,2.51,Cavity_Insulated,Suspended,Pitched,Double,Yes,Gas,Gas Boiler - Standard,Fire - Gas,Water,Normal (90-130l),0.0,1.0,0.0,No,No,,,5.5,71.6,11653.0,2697.0,0.0,50.0,3.41,Yes,No,Yes,No,ASHP,,,,811.0,16.36,,Yes,07/06/2021,mcinnesplumbing,HT_ASHP,,Vaillant,VWL 55/6 A 230V S2,5.0,R290,0.0,Water_New,150.0,,1.0,,8.0,0.0,,Low Noise Heat Pump,No,0.0,0.0,0.0,No,No,0.0,0.0,,No,11215.17,3508.272,1610.23,2164.6,,,,,,,2.0,0.0,House_Semi-Detached_2.0
Warmworks,EOH1202,EH15,36.0,Working Full time (>30hrs),Supervisor,"50,001+",2020-08-24T00:00:00.000Z,Owner-Occupied,3.0,C1,2.0,12/10/2020,Warmworks,Suburban,1965-1980,D,2.0,0.0,133.19,6.0,3.0,6.0,,Cavity_Insulated,Suspended,Pitched,Double,Yes,Gas,Gas Boiler - Combi,Fire - Wood,,,0.0,0.0,0.0,No,No,,,,,,,,,,Yes,No,Yes,No,HT_ASHP,,,,,,,No,,,,,,,,,,,,,,,,,,,,,,,,,,,,,,,,,,,,,,,,,House_Semi-Detached_2.0
Warmworks,EOH1007,EH12,61.0,Working Full time (>30hrs),Professional,"50,001+",2020-08-26T00:00:00.000Z,Owner-Occupied,20.0,AB,1.0,24/09/2020,Warmworks,Suburban,1981-1990,C,2.0,0.0,157.82,5.0,3.0,5.0,2.6,Cavity_No_insulation,Suspended,Pitched,Double,Yes,Gas,Gas Boiler - Combi,,,,2.0,0.0,1.0,Yes - Borehole,Yes,6048.0,19757.0,,,,,,,,Yes,Yes,Yes,Yes,None - Installation not recommended,,,,,,,,,,,,,,,,,,,,,,,,,,,,,,,,,,,,,,,,,,,,,,,,House_Semi-Detached_2.0
Warmworks,EOH1135,EH54,34.0,Working Full time (>30hrs),Professional,"50,001+",2020-08-26T00:00:00.000Z,Owner-Occupied,1.0,C1,3.0,01/10/2020,Warmworks,Suburban,1991-2000,C,2.0,1.0,179.75,8.0,4.0,8.0,2.44,Cavity_Insulated,Suspended,Pitched,Double,Yes,Gas,Gas Boiler - Standard,,Water,Large (> 170l),0.0,0.0,0.0,No,No,4880.0,21554.0,8.4,58.8,22687.0,5094.0,637.0,55.0,3.63,Yes,No,Yes,No,ASHP,,,,1063.0,14.0,3.0,Yes,14/12/2020,BRB Electrical Ltd,HT_ASHP,,Vaillant,VWL 125/6 A 230V S2,12.0,R290,0.0,Water_New,200.0,,1.0,,13.0,0.0,,Low Noise Heat Pump,No,0.0,0.0,0.0,Yes,No,0.0,0.0,,No,11215.18,3572.21,1610.23,3517.49,,,,,,,2.0,0.0,House_Detached_2.0
Warmworks,EOH0094,EH54,32.0,Working Full time (>30hrs),Manager,"50,001+",2020-08-26T00:00:00.000Z,Owner-Occupied,,AB,2.0,01/10/2020,Warmworks,Suburban,1965-1980,D,2.0,0.0,180.47,7.0,5.0,7.0,2.6,Cavity_Insulated,Suspended,Pitched,Double,Yes,Gas,Gas Boiler - Standard,,Water,Medium (131-170l),0.0,0.0,0.0,No,No,,,12.7,76.6,31281.0,4776.0,0.0,45.0,3.77,Yes,No,Yes,Yes,HT_ASHP,,,,1903.62,18.0,5.0,Yes,07/06/2021,Everwarm,ASHP,,Mitsubishi,PUHZ-HW140VHA2R5,14.0,R410A,0.0,Water_New,200.0,,1.0,14.0,,0.0,,Low Noise Heat Pump,No,0.0,0.0,0.0,No,No,0.0,0.0,,No,8575.73,3572.208,1610.23,3788.06,,,,,,,3.0,0.0,House_Semi-Detached_2.0
Warmworks,EOH0795,EH21,66.0,Working Part time,Professional,"25,001 - 30,000",2020-08-26T00:00:00.000Z,Owner-Occupied,30.0,C1,3.0,28/09/2020,Warmworks,Suburban,1965-1980,D,1.0,0.0,81.1,4.0,2.0,4.0,2.38,Cavity_Insulated,Suspended,Pitched,Double,Yes,Gas,Gas Boiler - Combi,,,,0.0,0.0,1.0,No,No,1884.0,11278.0,5.0,77.8,14702.0,2865.0,0.0,,,Yes,No,Yes,No,None - Installation not recommended,,,,818.93,15.0,5.0,,,,,,,,,,,,,,,,,,,,,,,,,,,,,,,,,,,,,,,,,,House_End-Terrace_2.0
Warmworks,EOH2460,EH12,41.0,Working Full time (>30hrs),Professional,"50,001+",2020-08-26T00:00:00.000Z,Owner-Occupied,5.0,C1,4.0,09/10/2020,Warmworks,Suburban,1991-2000,B,2.0,2.0,161.76,7.0,4.0,7.0,,Cavity_Insulated,Suspended,Pitched,Double,Yes,Gas,Gas Boiler - Standard,,Water,Medium (131-170l),0.0,0.0,0.0,Yes - Borehole,Yes,1893.0,17567.0,,,,,,,,Yes,Yes,Yes,Yes,None - Installation not recommended,,,,,,,,,,,,,,,,,,,,,,,,,,,,,,,,,,,,,,,,,,,,,,,,House_Detached_2.0
Warmworks,EOH1053,EH17,49.0,Working Full time (>30hrs),Clerical,"50,001+",2020-08-26T00:00:00.000Z,Owner-Occupied,1.0,C1,3.0,12/10/2020,Warmworks,Suburban,1919-1944,D,2.0,0.0,100.06,7.0,4.0,7.0,,Cavity_Insulated,Suspended,Pitched,Double,Yes,Gas,Gas Boiler - Combi,,,,0.0,0.0,0.0,No,No,,,12.3,283.0,30705.0,2865.0,0.0,45.0,3.77,Yes,No,Yes,Yes,HT_ASHP,,,,1440.43,15.0,5.0,Yes,24/05/2021,Everwarm,ASHP,,Mitsubishi,PUHZ-HW140VHA2R5,14.0,R410A,0.0,Water_New,200.0,,1.0,14.0,,0.0,,Low Noise Heat Pump,No,0.0,0.0,0.0,No,No,0.0,0.0,,No,8575.73,3572.208,1610.23,3788.06,,,,,,,2.0,0.0,House_Detached_1.0
Warmworks,EOH2453,KY11,44.0,Working Part time,Supervisor,Prefer not to say,2020-08-27T00:00:00.000Z,Owner-Occupied,1.0,C1,4.0,19/04/2021,Warmworks,Suburban,1945-1964,D,2.0,2.0,119.08,5.0,2.0,4.0,2.44,Cavity_Insulated,Solid,Pitched,Double,Yes,Gas,Gas Boiler - Combi,,,,0.0,0.0,0.0,No,No,,,5.9,73.0,18173.0,2953.0,0.0,45.0,4.14,Yes,No,Yes,Yes,ASHP,,,,863.1,18.0,5.0,Yes,19/07/2021,Everwarm,ASHP,,Mitsubishi,PUZ-WM85VAA,8.5,R32,0.0,Water_New,200.0,,1.0,9.0,,0.0,,Low Noise Heat Pump,No,0.0,0.0,0.0,No,No,0.0,0.0,,No,8575.73,3572.208,1610.23,2435.18,,,,,,,2.0,0.0,House_End-Terrace_3.0
Warmworks,EOH2630,EH32,35.0,Working Full time (>30hrs),Supervisor,"50,001+",2020-08-27T00:00:00.000Z,Owner-Occupied,2.0,C1,3.0,18/09/2020,Warmworks,Suburban,1991-2000,C,2.0,2.0,154.29,8.0,4.0,8.0,2.45,Cavity_Insulated,Suspended,Pitched,Double,Yes,Gas,Gas Boiler - Standard,,Water,Large (> 170l),0.0,0.0,1.0,No,No,,,11.0,68.4,26436.0,4495.0,156.0,45.0,3.97,Yes,No,Yes,No,ASHP,,,,1556.0,16.36,,Yes,14/07/2021,mcinnesplumbing,ASHP,,Mitsubishi,PUZ-WM112VAA-BS,11.2,R32,0.0,Water_New,200.0,,1.0,15.0,,0.0,,Low Noise Heat Pump,No,0.0,0.0,0.0,No,No,0.0,0.0,,No,8575.73,3572.208,1610.23,4058.64,,,,,,,2.0,0.0,House_Detached_2.0
Warmworks,EOH2945,EH41,55.0,Working Full time (>30hrs),Manager,"50,001+",2020-08-27T00:00:00.000Z,Owner-Occupied,11.0,C1,5.0,26/04/2021,Warmworks,Suburban,1945-1964,D,2.0,0.0,130.25,6.0,3.0,6.0,2.8,Cavity_Insulated,Suspended,Pitched,Double,Yes,Gas,Gas Boiler - Combi,Fire - Wood,,,0.0,0.0,0.0,Yes - Ground Loop,Yes,,,8.4,77.0,21237.0,3937.0,0.0,,,Yes,Yes,Yes,Yes,GSHP,,,,1370.4,18.0,5.0,Yes,16/08/2021,Everwarm,GSHP,Individual_Groundloop,Vaillant,VWF 87/4,8.0,R410A,,Water_New,200.0,,1.0,14.0,,0.0,,,No,0.0,0.0,0.0,No,No,0.0,0.0,,No,38728.62,3572.208,1610.23,3788.06,,,,,,,3.0,0.0,House_Detached_2.0
Warmworks,EOH0141,TD4,43.0,Working Full time (>30hrs),Semi and unskilled manual worker,Prefer not to say,2020-08-27T00:00:00.000Z,Rented (Social),6.0,C2,5.0,13/09/2020,Warmworks,Suburban,1965-1980,F,2.0,1.0,96.0,6.0,3.0,6.0,2.39,Cavity_Insulated,Suspended,Pitched,Double,,,Electric - Direct,,Water,Normal (90-130l),0.0,0.0,0.0,No,No,,,,,,,,,,Yes,No,Yes,No,ASHP,,,,,,,No,,,,,,,,,,,,,,,,,,,,,,,,,,,,,,,,,,,,,,,,,House_End-Terrace_2.0
Warmworks,EOH0647,EH33,52.0,Working Part time,Clerical,Prefer not to say,2020-08-27T00:00:00.000Z,Owner-Occupied,3.0,C1,2.0,25/11/2020,Warmworks,Suburban,1945-1964,D,2.0,1.0,93.72,4.0,3.0,4.0,2.8,Cavity_Insulated,Suspended,Pitched,Double,Yes,Gas,Gas Boiler - Standard,,Water,Normal (90-130l),0.0,0.0,1.0,No,No,,,6.3,69.7,19273.0,3566.0,1237.0,,,Yes,Yes,Yes,Yes,ASHP,,,,1310.0,14.0,3.0,Yes,,,,,,,,,,,,,,,,,,,,,,,,,,,,,,,,,,,,,,,,,House_Semi-Detached_2.0
Warmworks,EOH0445,EH32,38.0,Working Full time (>30hrs),Professional,"50,001+",2020-08-27T00:00:00.000Z,Owner-Occupied,6.0,C1,4.0,06/12/2020,Warmworks,Urban,1965-1980,C,2.0,3.0,156.28,7.0,4.0,7.0,2.44,Cavity_Insulated,Solid,Pitched,Double,Yes,Gas,Gas Boiler - Combi,,,,1.0,0.0,0.0,No,No,,,,,,,,,,Yes,No,Yes,Yes,None - Installation not recommended,,,,,,,,,,,,,,,,,,,,,,,,,,,,,,,,,,,,,,,,,,,,,,,,House_Semi-Detached_2.0
Warmworks,EOH2216,EH12,47.0,Working Full time (>30hrs),Professional,"50,001+",2020-08-27T00:00:00.000Z,Owner-Occupied,7.0,AB,3.0,09/11/2020,Warmworks,Suburban,2001+,A,2.0,0.0,137.99,6.0,4.0,6.0,,Cavity_Insulated,Solid,Pitched,Double,Yes,Gas,Gas Boiler - Standard,,Water,Medium (131-170l),0.0,0.0,1.0,Yes - Borehole,Yes,,,7.4,71.0,18775.0,4495.0,156.0,,,Yes,Yes,Yes,Yes,None - Installation not recommended,,,,1269.0,16.36,4.17,,05/07/2021,mcinnesplumbing,GSHP,Individual_Groundloop,Vaillant,VWF 87/4,8.0,R410A,,Water_New,200.0,,1.0,12.0,,0.0,,,No,0.0,0.0,0.0,No,No,0.0,0.0,,No,38728.62,3572.208,1610.23,3246.91,,,,,,,3.0,0.0,House_Detached_2.0
Warmworks,EOH2634,EH26,67.0,Retired,Pensioner,"30,001 - 40,000",2020-08-27T00:00:00.000Z,Owner-Occupied,22.0,DE,4.0,20/10/2020,Warmworks,Urban,1991-2000,A,2.0,1.0,243.6,8.0,4.0,8.0,,Cavity_Insulated,Suspended,Pitched,Double,Yes,Gas,Gas Boiler - Standard,,Water,Normal (90-130l),0.0,0.0,1.0,Yes - Borehole,Yes,,,12.6,64.2,28332.0,5394.0,3082.0,45.0,3.48,Yes,Yes,Yes,Yes,GSHP,,,,1994.0,16.36,4.17,Yes,12/07/2021,mcinnesplumbing,ASHP,,Mitsubishi,PUHZ-HW140VHA2-BS,14.0,R410A,0.0,Water_New,200.0,,1.0,20.0,,0.0,,Low Noise Heat Pump,No,0.0,0.0,0.0,No,No,0.0,0.0,,No,8575.73,3572.208,1610.23,4599.79,,,,,,,2.0,0.0,House_Detached_2.0
Warmworks,EOH2881,EH15,56.0,Working Part time,Clerical,Prefer not to say,2020-08-28T00:00:00.000Z,Owner-Occupied,15.0,C2,2.0,14/10/2020,Warmworks,Suburban,1919-1944,D,4.0,0.0,144.39,7.0,4.0,7.0,,Cavity_Insulated,Suspended,Pitched,Double,Yes,Gas,Gas Boiler - Standard,Fire - Gas,Water,Large (> 170l),0.0,1.0,0.0,No,No,,,,,,,,,,Yes,No,Yes,Yes,None - Installation not recommended,,,,,,,,,,,,,,,,,,,,,,,,,,,,,,,,,,,,,,,,,,,,,,,,House_Detached_2.0
Warmworks,EOH3125,EH32,61.0,Working Full time (>30hrs),Manager,"50,001+",2020-08-28T00:00:00.000Z,Owner-Occupied,20.0,AB,4.0,26/10/2020,Warmworks,Suburban,1919-1944,B,5.0,0.0,171.93,6.0,4.0,6.0,,Cavity_Insulated,Suspended,Pitched,Double,Yes,Gas,Gas Boiler - Combi,Fire - Gas,,,0.0,0.0,1.0,No,No,9444.0,20906.0,,,,,,,,Yes,No,Yes,Yes,ASHP,,,,,,,No,,,,,,,,,,,,,,,,,,,,,,,,,,,,,,,,,,,,,,,,,House_Semi-Detached_2.0
Warmworks,EOH0857,KY16,37.0,Working Full time (>30hrs),Manager,"50,001+",2020-08-28T00:00:00.000Z,Owner-Occupied,1.0,AB,1.0,18/10/2020,Warmworks,Suburban,1965-1980,D,2.0,2.0,97.28,5.0,3.0,5.0,,Cavity_Insulated,Suspended,Pitched,Double,Yes,Gas,Gas Boiler - Standard,,Water,Normal (90-130l),0.0,0.0,0.0,No,No,3747.0,11362.0,5.4,82.0,15764.0,3566.0,1237.0,55.0,3.39,Yes,No,Yes,Yes,ASHP,,,,,,,Yes,12/08/2021,BRB Electrical Ltd,HT_ASHP,,Vaillant,VWL 75/6 A 230V S2,7.0,R290,0.0,Water_New,150.0,,1.0,,9.0,0.0,,Low Noise Heat Pump,No,0.0,0.0,0.0,Yes,No,0.0,0.0,,No,11215.17,3508.272,1610.23,2435.18,,,,,,,2.0,0.0,House_End-Terrace_2.0
Warmworks,EOH0379,EH39,40.0,Working Full time (>30hrs),Professional,"30,001 - 40,000",2020-08-28T00:00:00.000Z,Owner-Occupied,5.0,C1,3.0,03/11/2020,Warmworks,Suburban,1991-2000,C,2.0,2.0,133.34,8.0,4.0,8.0,,Cavity_Insulated,Suspended,Pitched,Double,Yes,Gas,Gas Boiler - Standard,,Water,Large (> 170l),0.0,0.0,1.0,No,No,,,7.8,63.2,23691.0,4457.0,1365.0,55.0,3.63,Yes,No,Yes,Yes,ASHP,,,,1594.0,14.0,3.0,Yes,24/08/2021,BRB Electrical Ltd,HT_ASHP,,Vaillant,VWL 125/6 A 230V S2,12.0,R290,0.0,Water_New,200.0,,1.0,,16.0,0.0,,Low Noise Heat Pump,No,0.0,0.0,0.0,Yes,No,0.0,0.0,,No,17943.13,3572.208,1610.23,4329.21,,,,,,,3.0,0.0,House_Detached_2.0
Warmworks,EOH2752,EH52,42.0,Working Full time (>30hrs),Professional,Prefer not to say,2020-08-28T00:00:00.000Z,Owner-Occupied,1.0,C2,1.0,03/12/2020,Warmworks,Urban,2001+,B,2.0,2.0,130.74,7.0,4.0,7.0,2.33,Cavity_Insulated,Solid,Pitched,Double,Yes,Gas,Gas Boiler - Standard,,Water,Large (> 170l),0.0,0.0,1.0,No,No,3627.0,,,,,,,,,Yes,No,Yes,Yes,ASHP,,,,,,,No,,,,,,,,,,,,,,,,,,,,,,,,,,,,,,,,,,,,,,,,,House_Detached_2.0
Warmworks,EOH1425,EH35,63.0,Working Part time,Skilled Manual Worker,"30,001 - 40,000",2020-08-29T00:00:00.000Z,Owner-Occupied,23.0,C2,3.0,06/10/2020,Warmworks,Rural,1981-1990,C,2.0,0.0,152.7,4.0,4.0,4.0,,Cavity_No_insulation,Suspended,Pitched,Double,Yes,Gas,Gas Boiler - Combi,,,,0.0,0.0,1.0,No,No,4201.0,3073.0,,,,,,,,Yes,Yes,Yes,Yes,Hybrid,,,,,,,No,,,,,,,,,,,,,,,,,,,,,,,,,,,,,,,,,,,,,,,,,House_Detached_2.0
Warmworks,EOH2808,EH42,55.0,Working Full time (>30hrs),Manager,"40,001 - 50,000",2020-08-29T00:00:00.000Z,Owner-Occupied,2.0,AB,3.0,14/12/2020,Warmworks,Suburban,1965-1980,D,2.0,1.0,107.13,5.0,3.0,5.0,2.4,Cavity_No_insulation,Suspended,Pitched,Double,Yes,Gas,Gas Boiler - Standard,,Water,Normal (90-130l),0.0,0.0,0.0,No,No,,,8.0,78.3,21873.0,3937.0,0.0,45.0,4.14,Yes,Yes,Yes,Yes,ASHP,,,,1038.78,18.0,5.0,Yes,09/06/2021,Everwarm,ASHP,,Mitsubishi,PUZ-WM85VAA-BS,8.5,R32,0.0,Water_New,200.0,,1.0,10.0,,0.0,,Low Noise Heat Pump,No,0.0,0.0,0.0,No,No,0.0,0.0,,No,8575.73,3572.208,1610.23,2705.76,,,,,,,3.0,0.0,House_Detached_1.0
Warmworks,EOH0172,EH42,45.0,Working Full time (>30hrs),Manager,"50,001+",2020-08-29T00:00:00.000Z,Owner-Occupied,17.0,AB,5.0,22/09/2020,Warmworks,Suburban,2001+,B,2.0,2.0,166.26,6.0,4.0,6.0,2.6,Cavity_Insulated,Solid,Pitched,Double,Yes,Gas,Gas Boiler - Standard,,Water,Medium (131-170l),0.0,0.0,1.0,No,No,,,9.1,79.0,24938.0,4776.0,0.0,50.0,3.92,Yes,Yes,Yes,Yes,HT_ASHP,,,,1316.94,15.0,5.0,Yes,26/04/2021,Everwarm,HT_ASHP,,Vaillant,VWL 125/6 A 230V S2,12.0,R290,0.0,Water_New,200.0,,1.0,,11.0,0.0,,Low Noise Heat Pump,No,0.0,0.0,0.0,No,No,0.0,0.0,,No,17943.13,3572.208,1610.23,2976.33,,,,,,,3.0,0.0,House_Detached_2.0
Warmworks,EOH2325,EH12,39.0,Stay at home parent,Clerical,"40,001 - 50,000",2020-08-30T00:00:00.000Z,Owner-Occupied,3.0,C1,3.0,16/09/2020,Warmworks,Urban,2001+,C,2.0,1.0,178.41,7.0,4.0,7.0,2.4,Cavity_Insulated,Solid,Pitched,Double,Yes,Gas,Gas Boiler - Combi,,,,0.0,0.0,1.0,No,No,,,8.2,45.3,21995.0,4495.0,156.0,45.0,3.91,Yes,No,Yes,No,ASHP,,,,1169.0,16.36,,Yes,10/02/2021,mcinnesplumbing,HT_ASHP,,Vaillant,VWL 75/6 A 230V S2,7.0,R290,0.0,Water_New,200.0,,1.0,,12.0,0.0,,Low Noise Heat Pump,No,0.0,0.0,0.0,No,No,0.0,0.0,,No,11215.18,3572.21,1610.23,3246.91,,,,,,,2.0,0.0,House_Mid-Terrace_3.0
Warmworks,EOH0759,EH21,44.0,Working Full time (>30hrs),Professional,"50,001+",2020-08-30T00:00:00.000Z,Owner-Occupied,2.0,AB,3.0,17/05/2021,Warmworks,Suburban,1965-1980,D,2.0,1.0,81.24,4.0,2.0,4.0,2.4,Cavity_Insulated,Suspended,Pitched,Double,Yes,Gas,Gas Boiler - Combi,,,,0.0,0.0,1.0,No,No,,,,,,,,,,Yes,No,Yes,Yes,HT_ASHP,,,,,,,No,,,,,,,,,,,,,,,,,,,,,,,,,,,,,,,,,,,,,,,,,House_Semi-Detached_2.0
Warmworks,EOH0482,KY11,55.0,Working Full time (>30hrs),Clerical,"20,001 - 25,000",2020-08-30T00:00:00.000Z,Owner-Occupied,20.0,C1,2.0,29/09/2020,Warmworks,Urban,1919-1944,C,1.0,0.0,75.12,4.0,2.0,4.0,2.52,Cavity_Insulated,Suspended,Pitched,Double,Yes,Gas,Gas Boiler - Combi,Fire - Gas,,,0.0,1.0,1.0,No,No,,,,,,,,,,Yes,No,Yes,No,None - Installation not recommended,,,,,,,,,,,,,,,,,,,,,,,,,,,,,,,,,,,,,,,,,,,,,,,,House_Mid-Terrace_2.0
Warmworks,EOH0732,EH14,56.0,Working Part time,Professional,"50,001+",2020-08-31T00:00:00.000Z,Owner-Occupied,15.0,C2,2.0,18/10/2020,Warmworks,Suburban,1965-1980,C,2.0,0.0,130.47,6.0,4.0,6.0,,Cavity_Insulated,Suspended,Pitched,Double,Yes,Gas,Gas Boiler - Combi,,,,0.0,0.0,1.0,No,No,,,9.4,85.3,24891.0,3566.0,1237.0,55.0,3.63,Yes,No,Yes,No,ASHP,,,,1558.0,14.0,3.0,Yes,02/06/2021,BRB Electrical Ltd,HT_ASHP,,Vaillant,VWL 125/6 A 230V S2,12.0,R290,0.0,Water_New,150.0,,1.0,,10.0,0.0,,Low Noise Heat Pump,No,0.0,0.0,0.0,Yes,No,0.0,0.0,,No,17943.13,3508.272,1610.23,2705.76,,,,,,,2.0,0.0,House_Detached_2.0
Warmworks,EOH1722,EH16,44.0,Working Full time (>30hrs),Professional,Prefer not to say,2020-08-31T00:00:00.000Z,Owner-Occupied,5.0,AB,2.0,02/12/2020,Warmworks,Suburban,2001+,C,4.0,1.0,113.37,6.0,,6.0,2.29,Cavity_Insulated,Solid,Pitched,Double,Yes,Gas,Gas Boiler - Combi,,,,0.0,0.0,1.0,No,No,6076.0,8627.0,,,,,,,,Yes,No,Yes,Yes,ASHP,,,,,,,No,,,,,,,,,,,,,,,,,,,,,,,,,,,,,,,,,,,,,,,,,House_Detached_2.0
Warmworks,EOH2619,EH42,59.0,Working Part time,Casual worker,"25,001 - 30,000",2020-08-31T00:00:00.000Z,Owner-Occupied,3.0,DE,4.0,22/10/2020,Warmworks,Suburban,1965-1980,C,,,234.01,8.0,4.0,8.0,,Cavity_Insulated,Suspended,Pitched,Double,Yes,Gas,Gas Boiler - Combi,Electric - Direct,,,0.0,0.0,0.0,No,No,2963.0,,15.5,71.3,38319.0,4776.0,0.0,50.0,3.92,Yes,No,Yes,Yes,HT_ASHP,,,,2284.41,18.0,5.0,Yes,21/04/2021,Everwarm,Hybrid,Separate_Existing Boiler,Vaillant,VWL 125/6 A 230V S2,12.0,R290,0.0,Water_New,200.0,,1.0,,15.0,0.0,,Low Noise Heat Pump,No,0.0,0.0,0.0,No,No,0.0,0.0,,No,11358.42,3572.208,1610.23,4058.64,,,,,,,3.0,0.0,House_Detached_2.0
Warmworks,EOH2098,EH45,40.0,Working Full time (>30hrs),Skilled Manual Worker,"50,001+",2020-08-31T00:00:00.000Z,Owner-Occupied,5.0,C2,2.0,30/09/2020,Warmworks,Suburban,1945-1964,C,2.0,2.0,98.28,5.0,3.0,5.0,2.42,Cavity_Insulated,Solid,Pitched,Double,Yes,Gas,Gas Boiler - Combi,Fire - Wood,,,0.0,0.0,0.0,No,No,2483.0,8557.0,,,,,,,,Yes,Yes,Yes,Yes,ASHP,,,,,,,No,,,,,,,,,,,,,,,,,,,,,,,,,,,,,,,,,,,,,,,,,House_Semi-Detached_2.0
Warmworks,EOH2859,EH49,74.0,Working Part time,Professional,"0 - 12,500",2020-08-31T00:00:00.000Z,Owner-Occupied,29.0,AB,4.0,16/12/2020,Warmworks,Suburban,1965-1980,D,3.0,0.0,184.54,7.0,4.0,7.0,2.46,Cavity_Insulated,Suspended,Pitched,Triple,Yes,Gas,Gas Boiler - Combi,,,,0.0,0.0,0.0,No,No,,,,,,,,,,Yes,Yes,Yes,Yes,None - Installation not recommended,,,,,,,,,,,,,,,,,,,,,,,,,,,,,,,,,,,,,,,,,,,,,,,,House_Detached_2.0
Warmworks,EOH2436,TD7,56.0,Working Full time (>30hrs),Casual worker,"40,001 - 50,000",2020-08-31T00:00:00.000Z,Owner-Occupied,17.0,C2,3.0,21/10/2020,Warmworks,Suburban,1965-1980,D,3.0,0.0,144.62,7.0,4.0,6.0,,Cavity_Insulated,Suspended,Pitched,Double,Yes,Gas,Gas Boiler - Combi,Fire - Gas,,,0.0,1.0,0.0,No,No,,,10.3,72.9,32559.0,4457.0,1365.0,55.0,3.63,Yes,No,Yes,No,ASHP,,,,1986.0,14.0,3.0,Yes,07/04/2021,BRB Electrical Ltd,HT_ASHP,,Vaillant,VWL 125/6 A 230V S2,12.0,R290,0.0,Water_New,200.0,,1.0,,14.0,0.0,,Low Noise Heat Pump,No,0.0,0.0,0.0,Yes,No,0.0,0.0,,No,17943.13,3572.208,1610.23,3788.06,,,,,,,2.0,0.0,House_Detached_1.0
Warmworks,EOH1212,EH48,46.0,Working Full time (>30hrs),Manager,"50,001+",2020-09-01T00:00:00.000Z,Owner-Occupied,18.0,C1,5.0,02/12/2020,Warmworks,Urban,2001+,C,2.0,2.0,186.29,7.0,4.0,7.0,2.38,Cavity_Insulated,Solid,Pitched,Double,Yes,Gas,Gas Boiler - Standard,Fire - Gas,Water,Large (> 170l),0.0,1.0,0.0,No,No,6289.0,32816.0,,,,,,,,Yes,Yes,Yes,Yes,ASHP,,,,,,,No,,,,,,,,,,,,,,,,,,,,,,,,,,,,,,,,,,,,,,,,,House_Detached_2.0
Warmworks,EOH0082,EH21,55.0,Working Full time (>30hrs),Clerical,"40,001 - 50,000",2020-09-01T00:00:00.000Z,Owner-Occupied,2.0,C1,3.0,15/11/2020,Warmworks,Suburban,2001+,C,3.0,0.0,126.4,6.0,4.0,6.0,2.27,Cavity_Insulated,Solid,Pitched,Double,Yes,Gas,Gas Boiler - Standard,Fire - Gas,Water,Large (> 170l),0.0,1.0,1.0,No,No,,,6.2,53.6,18895.0,3566.0,1237.0,45.0,4.14,Yes,No,Yes,Yes,ASHP,,,,1204.0,14.0,3.0,Yes,08/02/2021,BRB Electrical Ltd,ASHP,,Mitsubishi,PUZ-WM85VAA,8.5,R32,0.0,Water_New,200.0,,1.0,15.0,,0.0,,Low Noise Heat Pump,No,0.0,0.0,0.0,Yes,No,0.0,0.0,,No,8575.74,3572.21,1610.23,4058.64,,,,,,,2.0,0.0,House_Detached_3.0
Warmworks,EOH0432,EH14,35.0,Working Full time (>30hrs),Professional,"50,001+",2020-09-01T00:00:00.000Z,Owner-Occupied,2.0,C1,1.0,28/09/2020,Warmworks,Suburban,1981-1990,C,2.0,1.0,83.07,5.0,3.0,4.0,2.31,Cavity_Insulated,Solid,Pitched,Double,Yes,Gas,Gas Boiler - Combi,Fire - Wood,,,0.0,0.0,1.0,No,No,,,8.2,77.4,19616.0,3596.0,156.0,45.0,3.91,Yes,No,Yes,No,ASHP,,,,1026.0,16.36,,Yes,07/04/2021,mcinnesplumbing,HT_ASHP,,Vaillant,VWL 75/6 A 230V S2,7.0,R290,0.0,Water_New,200.0,,1.0,,6.0,0.0,,Low Noise Heat Pump,No,0.0,0.0,0.0,Yes,No,0.0,0.0,,No,11215.17,3572.208,1610.23,1623.45,,,,,,,2.0,0.0,House_Semi-Detached_2.0
Warmworks,EOH0091,EH6,48.0,Working Part time,Skilled Manual Worker,"50,001+",2020-09-01T00:00:00.000Z,Owner-Occupied,1.0,C2,1.0,09/10/2020,Warmworks,Urban,2001+,D,2.0,3.0,121.82,5.0,,5.0,,Cavity_Insulated,Solid,Pitched,Double,Yes,Gas,Gas Boiler - Standard,Electric - Direct,Water,Medium (131-170l),0.0,0.0,0.0,No,No,3765.0,,8.4,70.5,21091.0,3821.0,0.0,50.0,3.92,Yes,No,Yes,Yes,HT_ASHP,,,,1317.45,18.0,5.0,Yes,07/06/2021,Everwarm,HT_ASHP,,Vaillant,VWL 125/6 A 230V S2,12.0,R290,0.0,Water_New,200.0,,1.0,,13.0,0.0,,Low Noise Heat Pump,No,0.0,0.0,0.0,No,No,0.0,0.0,,No,17943.13,3572.208,1610.23,3517.48,,,,,,,3.0,0.0,House_Mid-Terrace_3.0
Warmworks,EOH1060,EH10,59.0,Retired,Pensioner,Prefer not to say,2020-09-01T00:00:00.000Z,Owner-Occupied,22.0,DE,1.0,30/10/2020,Warmworks,Suburban,1991-2000,C,2.0,1.0,150.19,7.0,4.0,7.0,,Cavity_Insulated,Suspended,Pitched,Double,Yes,Gas,Gas Boiler - Standard,,Water,Medium (131-170l),1.0,0.0,0.0,Yes - Borehole,Yes,4444.0,21046.0,,,,,,,,Yes,Yes,Yes,Yes,GSHP,,,,,,,No,,,,,,,,,,,,,,,,,,,,,,,,,,,,,,,,,,,,,,,,,House_Detached_2.0
Warmworks,EOH0294,KY8,54.0,Working Full time (>30hrs),Manager,"50,001+",2020-09-01T00:00:00.000Z,Owner-Occupied,20.0,AB,3.0,13/10/2020,Warmworks,Suburban,1945-1964,A,2.0,2.0,299.17,8.0,4.0,8.0,,Cavity_Insulated,Suspended,Pitched,Double,Yes,Gas,Gas Boiler - Standard,,Water,Large (> 170l),0.0,0.0,0.0,Yes - Borehole,Yes,,,11.1,66.2,29194.0,6293.0,3.0,,,Yes,Yes,Yes,Yes,GSHP,,,,1812.0,16.36,4.17,Yes,,,,,,,,,,,,,,,,,,,,,,,,,,,,,,,,,,,,,,,,,House_Semi-Detached_3.0
Warmworks,EOH3126,EH6,39.0,Unemployed,Manager,Prefer not to say,2020-09-02T00:00:00.000Z,Owner-Occupied,0.7,C1,4.0,30/09/2020,Warmworks,Urban,Pre 1919,D,3.0,0.0,132.82,6.0,,6.0,3.0,Cavity_No_insulation,Solid,Pitched,Double,Yes,Gas,Gas Boiler - Combi,Gas Boiler - Combi,,,0.0,0.0,1.0,No,No,,,,,,,,,,Yes,No,Yes,Yes,ASHP,,,,,,,No,,,,,,,,,,,,,,,,,,,,,,,,,,,,,,,,,,,,,,,,,Maisonette_Mid-Terrace_2.0
Warmworks,EOH0501,EH17,42.0,Working Full time (>30hrs),Professional,"40,001 - 50,000",2020-09-02T00:00:00.000Z,Owner-Occupied,1.0,C1,1.0,16/12/2020,Everwarm,Suburban,1945-1964,D,2.0,0.0,119.24,5.0,2.0,5.0,2.61,Cavity_Insulated,Suspended,Pitched,Double,Yes,Gas,Gas Boiler - Combi,Fire - Wood,,,0.0,1.0,0.0,No,No,2907.0,17321.0,6.8,74.2,20546.0,2674.0,1528.0,55.0,3.39,Yes,No,Yes,Yes,ASHP,,,,1277.0,14.0,3.0,Yes,29/03/2021,BRB Electrical Ltd,HT_ASHP,,Vaillant,VWL 75/6 A 230V S2,7.0,R290,0.0,Water_New,200.0,,1.0,,7.0,0.0,,Low Noise Heat Pump,No,0.0,0.0,0.0,Yes,No,0.0,0.0,,No,11215.18,3572.21,1610.23,1894.03,,,,,,,2.0,0.0,House_Detached_2.0
Warmworks,EOH1923,EH45,70.0,Retired,Pensioner,Prefer not to say,2020-09-02T00:00:00.000Z,Owner-Occupied,5.0,DE,3.0,28/10/2020,Warmworks,Rural,1965-1980,C,2.0,0.0,202.36,5.0,3.0,5.0,,Cavity_Insulated,Suspended,Pitched,Double,Yes,Gas,Gas Boiler - Standard,Gas Boiler - Standard,Water,Medium (131-170l),4.0,0.0,0.0,Yes - Borehole,Yes,,,,,,,,,,Yes,Yes,Yes,Yes,GSHP,,,,,,,No,,,,,,,,,,,,,,,,,,,,,,,,,,,,,,,,,,,,,,,,,House_Detached_2.0
Warmworks,EOH2666,EH10,82.0,Retired,Skilled Manual Worker,"30,001 - 40,000",2020-09-02T00:00:00.000Z,Owner-Occupied,20.0,DE,3.0,02/10/2020,Warmworks,Suburban,1991-2000,C,2.0,0.0,127.9,6.0,4.0,6.0,,Cavity_Insulated,Suspended,Pitched,Double,Yes,Gas,Gas Boiler - Standard,,Water,Normal (90-130l),0.0,0.0,0.0,No,No,2667.0,16928.0,,,,,,,,Yes,Yes,Yes,Yes,Hybrid,,,,,,,No,,,,,,,,,,,,,,,,,,,,,,,,,,,,,,,,,,,,,,,,,House_End-Terrace_2.0
Warmworks,EOH2962,EH14,61.0,Retired,Clerical,Prefer not to say,2020-09-02T00:00:00.000Z,Owner-Occupied,15.0,C1,3.0,14/12/2020,Everwarm,Suburban,1965-1980,C,3.0,0.0,208.83,8.0,5.0,8.0,2.38,Cavity_Insulated,Suspended,Pitched,Double,Yes,Gas,Gas Boiler - Standard,Fire - Wood,Water,Normal (90-130l),0.0,0.0,0.0,No,No,4700.0,,11.9,72.3,29106.0,5731.0,0.0,45.0,3.77,Yes,No,Yes,Yes,HT_ASHP,,,,1883.57,18.0,5.0,Yes,24/05/2021,Everwarm,ASHP,,Mitsubishi,PUHZ-HW140VHA2R5,14.0,R410A,0.0,Water_New,200.0,,1.0,17.0,,0.0,,Low Noise Heat Pump,No,0.0,0.0,0.0,No,No,0.0,0.0,,No,8575.73,3572.208,1610.23,4599.79,,,,,,,3.0,0.0,House_Detached_2.0
Warmworks,EOH0706,EH14,41.0,Working Full time (>30hrs),Professional,Prefer not to say,2020-09-02T00:00:00.000Z,Owner-Occupied,5.0,AB,4.0,14/12/2020,Everwarm,Suburban,1965-1980,C,2.0,2.0,198.32,8.0,5.0,8.0,2.45,Cavity_Insulated,Suspended,Pitched,Double,Yes,Gas,Gas Boiler - Combi,Fire - Wood,,,0.0,0.0,0.0,No,No,2764.0,6523.0,,,,,,,,Yes,Yes,Yes,Yes,None - Installation not recommended,,,,,,,,,,,,,,,,,,,,,,,,,,,,,,,,,,,,,,,,,,,,,,,,House_Detached_2.0
Warmworks,EOH3149,EH12,50.0,Working Part time,Professional,"50,001+",2020-09-02T00:00:00.000Z,Owner-Occupied,14.0,C1,4.0,08/10/2020,Warmworks,Urban,1965-1980,D,2.0,2.0,109.52,5.0,5.0,5.0,,Cavity_Insulated,Solid,Pitched,Double,Yes,Gas,Gas Boiler - Combi,,,,0.0,0.0,1.0,No,No,,,,,,,,,,Yes,No,Yes,Yes,None - Installation not recommended,,,,,,,,,,,,,,,,,,,,,,,,,,,,,,,,,,,,,,,,,,,,,,,,House_End-Terrace_3.0
Warmworks,EOH2255,KY15,54.0,Working Full time (>30hrs),Supervisor,"50,001+",2020-09-03T00:00:00.000Z,Owner-Occupied,15.0,C2,3.0,07/12/2020,Warmworks,Rural,2001+,C,3.0,0.0,111.07,6.0,4.0,6.0,2.43,Cavity_Insulated,Solid,Pitched,Double,Yes,Gas,Gas Boiler - Combi,,,,0.0,0.0,1.0,No,No,,,7.0,69.9,17903.0,2885.0,0.0,50.0,3.92,Yes,No,Yes,Yes,HT_ASHP,,,,1039.0,15.0,5.0,Yes,02/06/2021,Everwarm,HT_ASHP,,Vaillant,VWL 125/6 A 230V S2,12.0,R290,0.0,Water_New,200.0,,1.0,,15.0,0.0,,Low Noise Heat Pump,No,0.0,0.0,0.0,Yes,No,0.0,0.0,,No,17943.13,3572.208,1610.23,4058.64,,,,,,,3.0,0.0,House_Detached_2.0
Warmworks,EOH2620,EH21,46.0,Working Full time (>30hrs),Professional,"50,001+",2020-09-03T00:00:00.000Z,Owner-Occupied,15.0,C1,3.0,16/05/2021,Warmworks,Suburban,1981-1990,C,2.0,2.0,73.74,4.0,3.0,4.0,2.31,Cavity_No_insulation,Solid,Pitched,Double,Yes,Gas,Gas Boiler - Combi,,,,0.0,0.0,0.0,No,No,,,,,,,,,,Yes,No,Yes,Yes,None - Installation not recommended,,,,,,,No,,,,,,,,,,,,,,,,,,,,,,,,,,,,,,,,,,,,,,,,,House_Semi-Detached_2.0
Warmworks,EOH1298,KY11,64.0,Retired,Pensioner,"20,001 - 25,000",2020-09-03T00:00:00.000Z,Owner-Occupied,30.0,DE,2.0,29/09/2020,Warmworks,Suburban,1981-1990,C,2.0,0.0,98.3,6.0,3.0,6.0,2.3,Cavity_Insulated,Suspended,Pitched,Double,Yes,Gas,Gas Boiler - Combi,Fire - Gas,,,0.0,0.0,1.0,No,No,,,,,,,,,,Yes,No,Yes,No,ASHP,,,,,,,No,,,,,,,,,,,,,,,,,,,,,,,,,,,,,,,,,,,,,,,,,House_Detached_2.0
Warmworks,EOH3189,EH18,41.0,Working Full time (>30hrs),Professional,"50,001+",2020-09-03T00:00:00.000Z,Owner-Occupied,4.0,AB,3.0,02/06/2021,Warmworks,Suburban,1965-1980,D,2.0,2.0,76.0,5.0,3.0,5.0,2.4,Cavity_Insulated,Suspended,Pitched,Double,Yes,Gas,Gas Boiler - Combi,,,,0.0,0.0,0.0,No,No,11456.0,9374.0,,,,,,,,Yes,No,Yes,Yes,ASHP,,,,,,,No,,,,,,,,,,,,,,,,,,,,,,,,,,,,,,,,,,,,,,,,,House_Semi-Detached_2.0
Warmworks,EOH2715,EH15,59.0,Working Full time (>30hrs),Manager,Prefer not to say,2020-09-03T00:00:00.000Z,Owner-Occupied,24.0,AB,2.0,08/10/2020,Warmworks,Urban,1945-1964,E,2.0,2.0,157.57,7.0,5.0,7.0,,Cavity_Insulated,Suspended,Pitched,Double,Yes,Gas,Gas Boiler - Combi,,,,0.0,0.0,1.0,Yes - Borehole,Yes,,,,,,,,,,Yes,Yes,Yes,Yes,GSHP,,,,,,,No,,,,,,,,,,,,,,,,,,,,,,,,,,,,,,,,,,,,,,,,,House_Detached_2.0
Warmworks,EOH2269,EH4,57.0,Working Full time (>30hrs),Manager,"50,001+",2020-09-03T00:00:00.000Z,Owner-Occupied,26.0,C2,4.0,30/09/2020,Warmworks,Urban,1965-1980,B,3.0,0.0,127.21,6.0,3.0,6.0,2.6,Cavity_Insulated,Suspended,Pitched,Double,Yes,Gas,Gas Boiler - Combi,,,,0.0,0.0,0.0,No,No,182.0,866.0,,61.8,,,,,,Yes,Yes,Yes,Yes,ASHP,,,,,,,No,,,,,,,,,,,,,,,,,,,,,,,,,,,,,,,,,,,,,,,,,House_Semi-Detached_3.0
Warmworks,EOH1852,EH32,37.0,Working Full time (>30hrs),Skilled Manual Worker,"50,001+",2020-09-03T00:00:00.000Z,Owner-Occupied,6.0,C2,3.0,08/10/2020,Warmworks,Suburban,1981-1990,C,2.0,2.0,154.54,8.0,4.0,8.0,,Cavity_No_insulation,Suspended,Pitched,Double,Yes,Gas,Gas Boiler - Standard,,Water,Normal (90-130l),0.0,0.0,1.0,No,No,,,12.1,80.2,30840.0,4776.0,0.0,45.0,3.77,Yes,No,Yes,No,ASHP,,,,1584.0,18.0,5.0,Yes,05/05/2021,Everwarm,ASHP,,Mitsubishi,PUHZ-HW140VHA2R5,14.0,R410A,0.0,Water_New,200.0,,1.0,17.0,,0.0,,Low Noise Heat Pump,No,0.0,0.0,0.0,No,No,0.0,0.0,,No,8575.73,3572.208,1610.23,4599.79,,,,,,,3.0,0.0,House_Detached_2.0
Warmworks,EOH2254,EH15,45.0,Working Full time (>30hrs),Manager,"50,001+",2020-09-03T00:00:00.000Z,Owner-Occupied,2.0,AB,3.0,06/11/2020,Warmworks,Suburban,1965-1980,B,2.0,2.0,79.7,5.0,3.0,5.0,,Cavity_Insulated,Suspended,Flat,Double,Yes,Gas,Gas Boiler - Combi,,,,0.0,0.0,0.0,No,No,,,6.3,82.0,19270.0,3566.0,1237.0,55.0,3.39,Yes,No,Yes,Yes,ASHP,,,,1310.0,14.0,3.0,Yes,06/05/2021,BRB Electrical Ltd,HT_ASHP,,Vaillant,VWL 75/6 A 230V S2,7.0,R290,0.0,Water_New,150.0,,1.0,,7.0,0.0,,Low Noise Heat Pump,No,0.0,0.0,0.0,Yes,No,0.0,0.0,,No,11215.17,3508.272,1610.23,1894.03,,,,,,,2.0,0.0,House_Semi-Detached_2.0
Warmworks,EOH2132,EH12,46.0,Working Full time (>30hrs),Professional,"50,001+",2020-09-03T00:00:00.000Z,Owner-Occupied,5.0,AB,2.0,08/10/2020,Warmworks,Suburban,1965-1980,C,2.0,2.0,163.91,7.0,5.0,7.0,,Cavity_Insulated,Suspended,Pitched,Double,Yes,Gas,Gas Boiler - Combi,,,,0.0,0.0,0.0,Yes - Borehole,Yes,3459.0,30134.0,,,,,,,,Yes,Yes,Yes,Yes,None - Installation not recommended,,,,,,,,,,,,,,,,,,,,,,,,,,,,,,,,,,,,,,,,,,,,,,,,House_Semi-Detached_3.0
Warmworks,EOH2581,EH16,49.0,Working Full time (>30hrs),Professional,Prefer not to say,2020-09-04T00:00:00.000Z,Owner-Occupied,17.0,C2,3.0,12/10/2020,Warmworks,Suburban,1991-2000,C,2.0,0.0,118.12,6.0,4.0,6.0,,Cavity_Insulated,Solid,Pitched,Double,Yes,Gas,Gas Boiler - Combi,,,,0.0,0.0,1.0,No,No,,,,,,,,,,Yes,No,Yes,Yes,None - Installation not recommended,,,,,,,,,,,,,,,,,,,,,,,,,,,,,,,,,,,,,,,,,,,,,,,,House_Detached_2.0
Warmworks,EOH1492,EH41,57.0,Working Full time (>30hrs),Professional,"50,001+",2020-09-04T00:00:00.000Z,Owner-Occupied,4.0,C2,2.0,26/10/2020,Warmworks,Suburban,1945-1964,D,2.0,0.0,84.32,5.0,3.0,5.0,,Cavity_Insulated,Suspended,Pitched,Double,Yes,Gas,Gas Boiler - Combi,,,,0.0,0.0,0.0,No,No,,,,,,,,,,Yes,No,Yes,No,,,,,,,,No,,,,,,,,,,,,,,,,,,,,,,,,,,,,,,,,,,,,,,,,,House_Mid-Terrace_2.0
Warmworks,EOH1112,EH11,70.0,Retired,Clerical,Prefer not to say,2020-09-05T00:00:00.000Z,Owner-Occupied,38.0,DE,2.0,22/10/2020,Warmworks,Suburban,1919-1944,D,2.0,0.0,65.12,3.0,3.0,3.0,,Cavity_Insulated,Suspended,Another Dwelling Above,Double,Yes,Gas,Gas Boiler - Combi,,,,0.0,0.0,0.0,Yes - Borehole,Yes,,,5.6,99.1,13930.0,2865.0,0.0,,,Yes,Yes,Yes,Yes,GSHP,,,,830.77,15.0,5.0,No,,,,,,,,,,,,,,,,,,,,,,,,,,,,,,,,,,,,,,,,,Flat_Flat_1.0
Warmworks,EOH2791,FK3,61.0,Retired,Manager,"30,001 - 40,000",2020-09-05T00:00:00.000Z,Owner-Occupied,13.0,DE,1.0,23/03/2021,Warmworks,Suburban,1991-2000,B,3.0,0.0,217.7,8.0,5.0,8.0,2.35,Cavity_Insulated,Suspended,Pitched,Double,Yes,Gas,Gas Boiler - Standard,,Water,Medium (131-170l),0.0,0.0,0.0,No,No,,,,,,,,,,Yes,No,Yes,Yes,None - Installation not recommended,,,,,,,,,,,,,,,,,,,,,,,,,,,,,,,,,,,,,,,,,,,,,,,,House_Detached_2.0
Warmworks,EOH2609,EH41,50.0,Working Full time (>30hrs),Semi and unskilled manual worker,"40,001 - 50,000",2020-09-05T00:00:00.000Z,Owner-Occupied,19.0,C2,4.0,06/10/2020,Warmworks,Suburban,1965-1980,C,2.0,2.0,179.49,9.0,4.0,9.0,,Cavity_Insulated,Suspended,Pitched,Double,Yes,Gas,Gas Boiler - Combi,,,,0.0,0.0,1.0,Yes - Borehole,Yes,2800.0,,12.8,73.7,33463.0,5394.0,156.0,55.0,3.26,Yes,Yes,Yes,Yes,GSHP,,,,2221.0,16.36,4.17,Yes,07/06/2021,mcinnesplumbing,ASHP,,Mitsubishi,PUZ-HWM140VHA-BS,14.0,R32,0.0,Water_New,200.0,,1.0,14.0,,0.0,,Low Noise Heat Pump,No,0.0,0.0,0.0,No,No,0.0,0.0,,No,8575.73,3572.208,1610.23,3788.06,,,,,,,2.0,0.0,House_Detached_2.0
Warmworks,EOH0575,EH25,34.0,Working Full time (>30hrs),Semi and unskilled manual worker,Prefer not to say,2020-09-06T00:00:00.000Z,Owner-Occupied,1.0,C2,2.0,05/10/2020,Warmworks,Suburban,1945-1964,D,2.0,2.0,74.71,4.0,4.0,4.0,,Cavity_No_insulation,Solid,Pitched,Double,Yes,Gas,Gas Boiler - Standard,,Water,Normal (90-130l),0.0,0.0,1.0,Yes - Borehole,Yes,1783.0,11718.0,5.3,81.1,14458.0,3821.0,0.0,,,Yes,Yes,Yes,Yes,GSHP,,,,771.0,15.0,4.0,Yes,07/05/2021,Everwarm,GSHP,Individual_Groundloop,Vaillant,VWF 87/4,8.0,R410A,,Water_New,200.0,,1.0,6.0,,0.0,,,No,0.0,0.0,0.0,No,No,0.0,0.0,,No,38728.62,3572.208,1610.23,1623.45,,846.64,,,,,3.0,0.0,House_Detached_1.0
Warmworks,EOH2478,KY4,60.0,Working Full time (>30hrs),Supervisor,"40,001 - 50,000",2020-09-06T00:00:00.000Z,Owner-Occupied,12.0,C1,2.0,10/05/2021,Warmworks,Suburban,Pre 1919,D,3.0,0.0,128.71,7.0,3.0,7.0,2.85,Cavity_Insulated,Suspended,Pitched,Double,Yes,Gas,Gas Boiler - Combi,,,,0.0,0.0,1.0,No,No,,,,,,,,,,No,No,Yes,No,HT_ASHP,,,,,,,No,,,,,,,,,,,,,,,,,,,,,,,,,,,,,,,,,,,,,,,,,House_Detached_2.0
Warmworks,EOH2218,EH29,43.0,Working Part time,Semi and unskilled manual worker,"30,001 - 40,000",2020-09-06T00:00:00.000Z,Owner-Occupied,1.0,C2,2.0,22/09/2020,Warmworks,Suburban,1965-1980,D,2.0,2.0,80.58,4.0,3.0,4.0,2.3,Cavity_Insulated,Solid,Pitched,Double,Yes,Gas,Gas Boiler - Standard,Fire - Gas,Water,Normal (90-130l),0.0,1.0,0.0,No,No,,,,,,,,,,Yes,No,Yes,No,ASHP,,,,,,,No,,,,,,,,,,,,,,,,,,,,,,,,,,,,,,,,,,,,,,,,,House_Semi-Detached_2.0
Warmworks,EOH0222,EH39,66.0,Retired,Pensioner,Prefer not to say,2020-09-06T00:00:00.000Z,Owner-Occupied,20.0,DE,3.0,25/11/2020,Warmworks,Suburban,2001+,C,3.0,0.0,104.34,6.0,4.0,6.0,2.36,Cavity_Insulated,Suspended,Pitched,Double,Yes,Gas,Gas Boiler - Standard,,Water,Normal (90-130l),0.0,0.0,1.0,No,No,,,5.9,59.2,17619.0,4457.0,1365.0,55.0,3.39,Yes,No,Yes,Yes,ASHP,,,,1326.0,14.0,3.0,Yes,07/07/2021,BRB Electrical Ltd,HT_ASHP,,Vaillant,VWL 75/6 A 230V S2,7.0,R290,0.0,Water_New,150.0,,1.0,,13.0,0.0,,Low Noise Heat Pump,No,0.0,0.0,0.0,Yes,No,0.0,0.0,,No,11215.17,3508.272,1610.23,3517.48,,,,,,,3.0,0.0,House_Detached_2.0
Warmworks,EOH3087,EH13,49.0,Working Full time (>30hrs),Manager,"50,001+",2020-09-06T00:00:00.000Z,Owner-Occupied,9.0,AB,2.0,27/10/2020,Warmworks,Suburban,1981-1990,C,2.0,1.0,121.1,6.0,3.0,6.0,,Cavity_No_insulation,Suspended,Pitched,Double,Yes,Gas,Gas Boiler - Standard,,Water,Normal (90-130l),0.0,0.0,0.0,No,No,,,,,,,,,,Yes,No,Yes,Yes,None - Installation not recommended,,,,,,,,,,,,,,,,,,,,,,,,,,,,,,,,,,,,,,,,,,,,,,,,House_Mid-Terrace_3.0
Warmworks,EOH0529,TD6,83.0,Retired,Pensioner,"30,001 - 40,000",2020-09-07T00:00:00.000Z,Owner-Occupied,11.0,DE,1.0,14/10/2020,Warmworks,Urban,1981-1990,B,2.0,0.0,184.99,7.0,4.0,7.0,,Cavity_No_insulation,Suspended,Pitched,Double,Yes,Gas,Gas Boiler - Standard,,Water,Medium (131-170l),0.0,0.0,0.0,No,No,1543.0,33881.0,9.7,131.4,29007.0,5679.0,0.0,,,Yes,No,Yes,Yes,HT_ASHP,,,,1350.0,15.0,5.0,No,,,,,,,,,,,,,,,,,,,,,,,,,,,,,,,,,,,,,,,,,House_Detached_2.0
Warmworks,EOH2954,EH20,44.0,Working Full time (>30hrs),Professional,"50,001+",2020-09-07T00:00:00.000Z,Owner-Occupied,3.0,C2,4.0,08/10/2020,Warmworks,Suburban,1919-1944,C,2.0,1.0,97.6,5.0,3.0,5.0,,Cavity_Insulated,Suspended,Pitched,Double,Yes,Gas,Gas Boiler - Combi,Fire - Wood,,,0.0,0.0,1.0,No,No,,,7.9,101.0,21410.0,3821.0,0.0,,,Yes,No,Yes,Yes,HT_ASHP,,,,1110.3,15.0,5.0,No,,,,,,,,,,,,,,,,,,,,,,,,,,,,,,,,,,,,,,,,,House_Mid-Terrace_2.0
Warmworks,EOH2173,KY7,39.0,Working Full time (>30hrs),Skilled Manual Worker,Prefer not to say,2020-09-07T00:00:00.000Z,Owner-Occupied,15.0,C2,2.0,13/10/2020,Warmworks,Suburban,1965-1980,D,2.0,2.0,89.38,4.0,3.0,4.0,,Cavity_Insulated,Suspended,Pitched,Double,Yes,Gas,Gas Boiler - Combi,,,,0.0,0.0,1.0,No,No,,,5.0,57.4,14627.0,3566.0,2038.0,,,Yes,No,Yes,Yes,ASHP,,,,1104.0,14.0,3.0,Yes,,,,,,,,,,,,,,,,,,,,,,,,,,,,,,,,,,,,,,,,,House_End-Terrace_2.0
Warmworks,EOH1355,EH22,47.0,Working Full time (>30hrs),Supervisor,"50,001+",2020-09-08T00:00:00.000Z,Owner-Occupied,3.0,C2,3.0,05/10/2020,Warmworks,Suburban,1945-1964,C,3.0,0.0,81.6,4.0,3.0,4.0,,Cavity_No_insulation,Solid,Pitched,Double,Yes,Gas,Gas Boiler - Combi,,,,0.0,0.0,1.0,No,No,2576.0,9856.0,,,,,,,,Yes,Yes,Yes,Yes,ASHP,,,,,,,No,,,,,,,,,,,,,,,,,,,,,,,,,,,,,,,,,,,,,,,,,House_End-Terrace_2.0
Warmworks,EOH1976,EH14,44.0,Working Full time (>30hrs),Skilled Manual Worker,"50,001+",2020-09-08T00:00:00.000Z,Owner-Occupied,6.0,C2,4.0,14/12/2020,Everwarm,Suburban,1965-1980,B,2.0,2.0,160.72,6.0,5.0,6.0,2.43,Cavity_Insulated,Suspended,Pitched,Double,Yes,Gas,Gas Boiler - Standard,Fire - Wood,Water,Normal (90-130l),0.0,0.0,1.0,No,No,,,9.7,68.4,23664.0,5731.0,0.0,,,Yes,Yes,Yes,Yes,HT_ASHP,,,,1605.21,18.0,5.0,No,,,,,,,,,,,,,,,,,,,,,,,,,,,,,,,,,,,,,,,,,House_Detached_2.0
Warmworks,EOH1896,EH10,82.0,Retired,Pensioner,Prefer not to say,2020-09-09T00:00:00.000Z,Owner-Occupied,49.0,DE,3.0,30/09/2020,Warmworks,Suburban,1945-1964,B,1.0,0.0,171.21,7.0,4.0,7.0,2.65,Cavity_Insulated,Suspended,Pitched,Double,Yes,Gas,Gas Boiler - Standard,,Water,Medium (131-170l),0.0,0.0,1.0,No,No,725.0,13937.0,,,,,,,,Yes,Yes,Yes,Yes,Hybrid,,,,,,,No,,,,,,,,,,,,,,,,,,,,,,,,,,,,,,,,,,,,,,,,,House_Detached_2.0
Warmworks,EOH1487,EH28,41.0,Working Full time (>30hrs),Professional,Prefer not to say,2020-09-10T00:00:00.000Z,Owner-Occupied,9.0,AB,2.0,14/12/2020,Warmworks,Suburban,1965-1980,D,2.0,2.0,135.82,7.0,4.0,7.0,2.28,Cavity_Insulated,Solid,Pitched,Double,Yes,Gas,Gas Boiler - Combi,Fire - Coal,,,0.0,0.0,0.0,No,No,,,,,,,,,,Yes,Yes,Yes,Yes,None - Installation not recommended,,,,,,,,,,,,,,,,,,,,,,,,,,,,,,,,,,,,,,,,,,,,,,,,House_Detached_2.0
Warmworks,EOH0757,KY7,47.0,Working Full time (>30hrs),Supervisor,"50,001+",2020-09-11T00:00:00.000Z,Owner-Occupied,10.0,C1,4.0,02/11/2020,Warmworks,Suburban,1919-1944,D,2.0,1.0,89.76,3.0,2.0,3.0,,Cavity_Insulated,Suspended,Pitched,Double,Yes,Gas,Gas Boiler - Combi,,,,0.0,0.0,1.0,No,No,1377.0,7700.0,7.0,69.1,4949.0,2865.0,0.0,,,Yes,Yes,Yes,Yes,ASHP,,,,869.77,18.0,5.0,No,,,,,,,,,,,,,,,,,,,,,,,,,,,,,,,,,,,,,,,,,House_Semi-Detached_2.0
Warmworks,EOH1186,KY6,58.0,Working Full time (>30hrs),Skilled Manual Worker,Prefer not to say,2020-09-11T00:00:00.000Z,Owner-Occupied,16.0,C2,2.0,12/10/2020,Warmworks,Suburban,1965-1980,C,2.0,1.0,113.15,5.0,3.0,5.0,,Cavity_Insulated,Suspended,Pitched,Double,Yes,Gas,Gas Boiler - Standard,,Water,Medium (131-170l),0.0,0.0,1.0,Yes - Borehole,Yes,,,9.6,87.3,18075.0,3596.0,156.0,50.0,3.92,Yes,Yes,Yes,Yes,GSHP,,,,1136.0,16.36,,Yes,19/04/2021,mcinnesplumbing,HT_ASHP,,Vaillant,VWL 125/6 A 230V S2,12.0,R290,0.0,Water_New,200.0,,1.0,,7.0,0.0,,Low Noise Heat Pump,No,0.0,0.0,0.0,No,No,0.0,0.0,,No,17943.13,3572.208,1610.23,1894.03,,,,,,,2.0,0.0,House_Detached_2.0
Warmworks,EOH2676,KY5,69.0,Retired,Pensioner,"16,201 - 20,000",2020-09-12T00:00:00.000Z,Owner-Occupied,35.0,DE,3.0,12/10/2020,Warmworks,Suburban,1945-1964,D,2.0,0.0,91.2,4.0,2.0,4.0,,Cavity_Insulated,Suspended,Pitched,Double,Yes,Gas,Gas Boiler - Combi,,,,0.0,0.0,1.0,No,No,4254.0,2740.0,,,,,,,,Yes,Yes,Yes,Yes with additional measures,Hybrid,,,,,,,No,,,,,,,,,,,,,,,,,,,,,,,,,,,,,,,,,,,,,,,,,House_Semi-Detached_2.0
Warmworks,EOH1287,TD14,73.0,Retired,Pensioner,"25,001 - 30,000",2020-09-12T00:00:00.000Z,Owner-Occupied,1.0,DE,4.0,14/10/2020,Warmworks,Suburban,1965-1980,C,2.0,0.0,103.2,4.0,3.0,4.0,,Cavity_No_insulation,Suspended,Pitched,Double,Yes,Gas,Gas Boiler - Combi,,,,0.0,0.0,1.0,Yes - Borehole,Yes,2793.0,,11.2,93.6,27779.0,2697.0,156.0,55.0,3.34,Yes,Yes,Yes,Yes,GSHP,,,,1523.0,16.36,,Yes,21/04/2021,mcinnesplumbing,ASHP,,Mitsubishi,PUHZ-W112VAA-BS,11.2,R410A,0.0,Water_New,200.0,,1.0,12.0,,0.0,,Low Noise Heat Pump,No,0.0,0.0,0.0,No,No,0.0,0.0,,No,8575.73,3572.208,1610.23,3246.91,,,,,,,2.0,0.0,House_Detached_1.0
Warmworks,EOH3014,EH33,61.0,Working Part time,Casual worker,"25,001 - 30,000",2020-09-13T00:00:00.000Z,Owner-Occupied,5.0,C2,3.0,08/10/2020,Warmworks,Rural,Pre 1919,F,2.0,0.0,54.44,4.0,2.0,4.0,,Cavity_No_insulation,Suspended,Pitched,Double,No,,Electric - Direct,Fire - Wood,Water,Normal (90-130l),0.0,0.0,0.0,No,No,7673.0,,4.9,101.4,12343.0,2865.0,0.0,50.0,3.41,No,No,Yes,No,HT_ASHP,,,,760.54,15.0,5.0,Yes,24/02/2021,Everwarm,HT_ASHP,,Vaillant,VWL 55/6 A 230V S2,5.0,R290,0.0,Water_New,150.0,,1.0,,6.0,0.0,,Low Noise Heat Pump,No,0.0,0.0,0.0,No,No,0.0,0.0,,No,11215.18,3508.27,1610.23,1623.46,,,,,,,3.0,0.0,House_Mid-Terrace_1.0
Warmworks,EOH0428,EH52,47.0,Working Full time (>30hrs),Manager,"50,001+",2020-09-13T00:00:00.000Z,Owner-Occupied,5.0,C2,2.0,18/11/2020,Warmworks,Rural,2001+,C,2.0,2.0,105.89,6.0,4.0,6.0,2.35,Cavity_Insulated,Solid,Pitched,Double,Yes,Gas,Gas Boiler - Standard,,Water,Large (> 170l),0.0,0.0,1.0,No,No,,,,,,,,,,Yes,No,Yes,No,ASHP,,,,,,,No,,,,,,,,,,,,,,,,,,,,,,,,,,,,,,,,,,,,,,,,,House_Detached_2.0
Warmworks,EOH0820,EH17,45.0,Working Part time,Professional,"25,001 - 30,000",2020-09-13T00:00:00.000Z,Owner-Occupied,6.0,AB,1.0,21/10/2020,Warmworks,Suburban,1991-2000,C,2.0,1.0,72.9,5.0,3.0,5.0,,Cavity_Insulated,Solid,Pitched,Double,Yes,Gas,Gas Boiler - Combi,,,,0.0,0.0,1.0,No,No,,,,,,,,,,Yes,Yes,Yes,Yes,ASHP,,,,,,,No,,,,,,,,,,,,,,,,,,,,,,,,,,,,,,,,,,,,,,,,,House_Semi-Detached_2.0
Warmworks,EOH0225,TD11,71.0,Retired,Pensioner,"25,001 - 30,000",2020-09-14T00:00:00.000Z,Owner-Occupied,4.0,DE,5.0,01/12/2020,Warmworks,Rural,2001+,B,2.0,0.0,251.11,7.0,4.0,7.0,2.69,Cavity_Insulated,Solid,Pitched,Triple,Yes,Gas,Gas Boiler - Combi,Fire - Wood,,,6.0,0.0,0.0,No,No,,,19.1,64.3,47478.0,4776.0,0.0,,,Yes,Yes,Yes,Yes,ASHP,,,,2182.0,18.0,5.0,No,,,,,,,,,,,,,,,,,,,,,,,,,,,,,,,,,,,,,,,,,House_Detached_2.0
Warmworks,EOH0286,EH22,56.0,Retired,Pensioner,"25,001 - 30,000",2020-09-14T00:00:00.000Z,Owner-Occupied,16.0,DE,3.0,19/11/2020,Warmworks,Rural,2001+,C,2.0,0.0,161.08,7.0,4.0,7.0,2.42,Cavity_Insulated,Suspended,Pitched,Double,Yes,Gas,Gas Boiler - Standard,Electric - Direct,Water,Normal (90-130l),0.0,0.0,0.0,No,No,,,9.1,60.4,25896.0,4457.0,1365.0,55.0,3.63,Yes,No,Yes,No,ASHP,,,,1691.0,14.0,3.0,Yes,09/06/2021,BRB Electrical Ltd,HT_ASHP,,Vaillant,VWL 125/6 A 230V S2,12.0,R290,0.0,Water_New,150.0,,1.0,,16.0,0.0,,Low Noise Heat Pump,No,0.0,0.0,0.0,Yes,No,0.0,0.0,,No,17943.13,3508.272,1610.23,4329.21,,,,,,,3.0,0.0,House_Detached_2.0
Warmworks,EOH0453,EH39,41.0,Working Part time,Professional,Prefer not to say,2020-09-14T00:00:00.000Z,Owner-Occupied,1.0,AB,4.0,25/11/2020,Warmworks,Rural,2001+,B,2.0,2.0,159.29,7.0,4.0,7.0,2.44,Cavity_Insulated,Solid,Pitched,Double,Yes,Gas,Gas Boiler - Standard,,Water,Large (> 170l),0.0,0.0,0.0,No,No,,,,,,,,,,Yes,No,Yes,Yes,ASHP,,,,,,,No,,,,,,,,,,,,,,,,,,,,,,,,,,,,,,,,,,,,,,,,,House_Detached_2.0
Warmworks,EOH1083,EH54,50.0,Working Part time,Clerical,"16,201 - 20,000",2020-09-15T00:00:00.000Z,Owner-Occupied,19.0,C2,3.0,15/10/2020,Warmworks,Suburban,1965-1980,C,1.0,0.0,85.9,4.0,3.0,4.0,,Cavity_No_insulation,Solid,Pitched,Double,Yes,Gas,Gas Boiler - Combi,,,,0.0,0.0,1.0,No,No,,,8.1,96.9,20294.0,3821.0,0.0,,,Yes,No,Yes,Yes,ASHP,,,,1066.91,15.0,5.0,No,,,,,,,,,,,,,,,,,,,,,,,,,,,,,,,,,,,,,,,,,House_Mid-Terrace_2.0
Warmworks,EOH2017,EH45,54.0,Working Part time,Supervisor,"40,001 - 50,000",2020-09-15T00:00:00.000Z,Owner-Occupied,12.0,C2,2.0,28/10/2020,Warmworks,Rural,1945-1964,D,2.0,1.0,85.68,4.0,3.0,4.0,,Cavity_Insulated,Solid,Pitched,Double,Yes,Gas,Gas Boiler - Combi,,,,0.0,0.0,0.0,Yes - Borehole,Yes,,,10.0,102.1,17827.0,3596.0,156.0,45.0,4.21,Yes,Yes,Yes,Yes,GSHP,,,,1005.0,16.36,,Yes,14/07/2021,mcinnesplumbing,Hybrid,Separate_Existing Boiler,Vaillant,VWL 125/6 A 230V S2,12.0,R290,0.0,,,,1.0,,7.0,0.0,,Low Noise Heat Pump,No,0.0,0.0,0.0,No,No,0.0,0.0,,No,11358.42,,1610.23,1894.03,,,,,,,2.0,0.0,House_Semi-Detached_2.0
Warmworks,EOH1774,EH5,62.0,Stay at home parent,Unemployed/Benefits,"50,001+",2020-09-14T00:00:00.000Z,Owner-Occupied,10.0,DE,3.0,02/10/2020,Warmworks,Urban,1981-1990,C,2.0,2.0,167.99,8.0,5.0,8.0,,Cavity_Insulated,Suspended,Pitched,Double,Yes,Gas,Gas Boiler - Standard,Fire - Gas,Water,Normal (90-130l),0.0,0.0,1.0,No,No,,,,,,,,,,Yes,No,Yes,No,ASHP,,,,,,,No,,,,,,,,,,,,,,,,,,,,,,,,,,,,,,,,,,,,,,,,,House_Detached_2.0
Warmworks,EOH0248,EH39,57.0,Working Full time (>30hrs),Skilled Manual Worker,"40,001 - 50,000",2020-09-15T00:00:00.000Z,Owner-Occupied,16.0,C2,3.0,20/10/2020,Warmworks,Urban,1945-1964,D,3.0,0.0,91.98,5.0,3.0,5.0,,Cavity_Insulated,Suspended,Pitched,Double,Yes,Gas,Gas Boiler - Standard,Fire - Gas,Water,Normal (90-130l),0.0,1.0,1.0,No,No,,,4.7,60.0,14317.0,4075.0,2329.0,45.0,4.14,Yes,No,Yes,No,ASHP,,,,1064.0,14.0,3.0,Yes,31/05/2021,BRB Electrical Ltd,ASHP,,Mitsubishi,PUZ-WM85VAA,8.5,R32,0.0,Water_New,150.0,,1.0,10.0,,0.0,,Low Noise Heat Pump,No,0.0,0.0,0.0,Yes,Yes,0.0,0.0,,No,8575.73,3508.272,1610.23,2705.76,,499.19,,,,,2.0,1.0,House_Mid-Terrace_2.0
Warmworks,EOH2079,EH14,37.0,Working Full time (>30hrs),Clerical,"50,001+",2020-09-16T00:00:00.000Z,Owner-Occupied,1.0,C1,1.0,20/10/2020,Warmworks,Suburban,1965-1980,D,2.0,0.0,84.63,3.0,2.0,3.0,,Cavity_Insulated,Suspended,Pitched,Double,Yes,Gas,Gas Boiler - Standard,,Water,Normal (90-130l),0.0,0.0,0.0,No,No,,,4.6,82.0,13565.0,2674.0,1492.0,55.0,3.39,Yes,No,Yes,Yes,ASHP,,,,,,,Yes,25/05/2021,BRB Electrical Ltd,HT_ASHP,,Vaillant,VWL 75/6 A 230V S2,7.0,R290,0.0,Water_New,200.0,,1.0,,6.0,0.0,,Low Noise Heat Pump,No,0.0,0.0,0.0,Yes,No,0.0,0.0,,No,11215.17,3572.208,1610.23,1623.45,,,,,,,2.0,0.0,House_End-Terrace_2.0
Warmworks,EOH2984,EH14,66.0,Retired,Pensioner,Prefer not to say,2020-09-16T00:00:00.000Z,Owner-Occupied,9.0,C1,2.0,24/05/2021,Warmworks,Suburban,1965-1980,E,2.0,0.0,199.55,6.0,4.0,6.0,2.6,Cavity_Insulated,Suspended,Pitched,Double,Yes,Gas,Gas Boiler - Standard,,Water,Normal (90-130l),0.0,0.0,1.0,No,No,,,,,,,,,,Yes,No,Yes,Yes,HT_ASHP,,,,,,,No,,,,,,,,,,,,,,,,,,,,,,,,,,,,,,,,,,,,,,,,,House_Detached_2.0
Warmworks,EOH1416,EH14,57.0,Retired,Pensioner,Prefer not to say,2020-09-16T00:00:00.000Z,Owner-Occupied,23.0,DE,3.0,01/10/2020,Warmworks,Suburban,1991-2000,D,3.0,0.0,163.98,7.0,5.0,7.0,2.4,Cavity_Insulated,Suspended,Pitched,Double,Yes,Gas,Gas Boiler - Standard,Fire - Gas,Water,Normal (90-130l),0.0,0.0,1.0,No,No,,,12.1,80.0,32527.0,4776.0,0.0,,,Yes,No,Yes,No,HT_ASHP,,,,1628.0,15.0,5.0,Yes,30/11/2020,Everwarm,Hybrid,Separate_New Boiler,Vaillant,VWL 125/6 A 230V S2,12.0,R290,0.0,Water_New,100.0,,2.0,,16.0,0.0,,Low Noise Heat Pump,No,0.0,0.0,0.0,,No,0.0,0.0,,No,17943.13,3442.45,1610.23,4329.22,,,,,,,3.0,0.0,House_Detached_2.0
Warmworks,EOH2306,EH39,65.0,Retired,Skilled Manual Worker,Prefer not to say,2020-09-16T00:00:00.000Z,Owner-Occupied,7.0,DE,3.0,14/10/2020,Warmworks,Suburban,1991-2000,B,2.0,0.0,117.66,6.0,3.0,6.0,,Cavity_Insulated,Suspended,Pitched,Double,Yes,Gas,Gas Boiler - Standard,Fire - Wood,Water,Large (> 170l),0.0,0.0,0.0,No,No,2697.0,12238.0,6.4,86.0,21147.0,3821.0,0.0,,,Yes,No,Yes,Yes,HT_ASHP,,,,1100.07,15.0,5.0,Yes,14/12/2020,Everwarm,HT_ASHP,,Vaillant,VWL 125/6 A 230V S2,12.0,R290,0.0,PCM_New,,10.5,1.0,,11.0,0.0,,Low Noise Heat Pump,No,0.0,0.0,0.0,No,No,0.0,0.0,,No,11215.18,3870.96,1610.23,2976.34,,,,,,,3.0,0.0,House_Detached_2.0
Warmworks,EOH0164,EH14,48.0,Working Part time,Casual worker,Prefer not to say,2020-09-16T00:00:00.000Z,Owner-Occupied,11.0,DE,3.0,29/10/2020,Warmworks,Suburban,2001+,C,2.0,0.0,233.2,10.0,5.0,10.0,,Cavity_Insulated,Solid,Pitched,Double,Yes,Gas,Gas Boiler - Standard,Fire - Gas,Water,Large (> 170l),0.0,1.0,0.0,No,No,,,,,,,,,,Yes,No,Yes,Yes,HT_ASHP,,,,,,,No,,,,,,,,,,,,,,,,,,,,,,,,,,,,,,,,,,,,,,,,,House_Detached_2.0
Warmworks,EOH2176,EH11,67.0,Retired,Professional,Prefer not to say,2020-09-17T00:00:00.000Z,Owner-Occupied,13.0,DE,2.0,21/10/2020,Warmworks,Urban,1919-1944,C,2.0,0.0,117.04,6.0,3.0,6.0,,Cavity_Insulated,Suspended,Pitched,Double,Yes,Gas,Gas Boiler - Combi,,,,0.0,0.0,1.0,No,No,3134.0,19857.0,,,,,,,,Yes,Yes,Yes,Yes,Hybrid,,,,,,,No,,,,,,,,,,,,,,,,,,,,,,,,,,,,,,,,,,,,,,,,,House_Semi-Detached_1.0
Warmworks,EOH0834,EH14,55.0,Working Full time (>30hrs),Clerical,"50,001+",2020-09-17T00:00:00.000Z,Owner-Occupied,25.0,C1,2.0,09/11/2020,Warmworks,Urban,1919-1944,D,2.0,0.0,69.65,4.0,2.0,4.0,,Cavity_Insulated,Solid,Pitched,Double,Yes,Gas,Gas Boiler - Standard,Fire - Gas,Water,Normal (90-130l),0.0,0.0,0.0,No,No,,,,,,,,,,Yes,No,Yes,Yes,None - Installation not recommended,,,,,,,,,,,,,,,,,,,,,,,,,,,,,,,,,,,,,,,,,,,,,,,,Maisonette_Flat_1.0
Warmworks,EOH3202,EH21,38.0,Working Part time,Skilled Manual Worker,"40,001 - 50,000",2020-09-17T00:00:00.000Z,Owner-Occupied,1.5,C2,3.0,30/10/2020,Warmworks,Suburban,1965-1980,C,2.0,2.0,94.29,4.0,3.0,4.0,,Cavity_Insulated,Suspended,Pitched,Double,Yes,Gas,Gas Boiler - Combi,Fire - Gas,,,0.0,1.0,1.0,No,No,,,,,,,,,,Yes,No,Yes,No,HT_ASHP,,,,,,,No,,,,,,,,,,,,,,,,,,,,,,,,,,,,,,,,,,,,,,,,,House_Mid-Terrace_2.0
Warmworks,EOH1891,EH17,65.0,Working Part time,Clerical,"16,201 - 20,000",2020-09-18T00:00:00.000Z,Owner-Occupied,5.0,C1,3.0,29/10/2020,Warmworks,Suburban,1965-1980,D,2.0,0.0,96.98,5.0,3.0,5.0,,Cavity_Insulated,Suspended,Pitched,Double,Yes,Gas,Gas Boiler - Combi,,,,0.0,0.0,0.0,No,No,,,7.7,86.0,21665.0,4585.0,1175.0,45.0,4.14,Yes,No,Yes,Yes,ASHP,,,,,,,Yes,03/08/2021,Montali Energy Services Ltd,ASHP,,Mitsubishi,PUZ-WM85VAA,8.5,R32,0.0,Water_New,150.0,,1.0,11.0,,0.0,,Low Noise Heat Pump,No,0.0,0.0,0.0,Yes,No,0.0,0.0,,No,7655.16,3508.272,1610.23,2976.33,,,,,,,3.0,0.0,House_Semi-Detached_2.0
Warmworks,EOH1047,KY9,62.0,Working Full time (>30hrs),Skilled Manual Worker,"16,201 - 20,000",2020-09-18T00:00:00.000Z,Owner-Occupied,0.4,C2,1.0,19/10/2020,Warmworks,Urban,Pre 1919,D,2.0,0.0,122.34,4.0,3.0,4.0,,Cavity_No_insulation,Suspended,Pitched,Single,Yes,Gas,Gas Boiler - Standard,,Water,Medium (131-170l),0.0,0.0,0.0,No,No,,,,,,,,,,Yes,No,Yes,Yes,None - Installation not recommended,,,,,,,,,,,,,,,,,,,,,,,,,,,,,,,,,,,,,,,,,,,,,,,,House_Mid-Terrace_2.0
Warmworks,EOH1288,EH24,39.0,Working Full time (>30hrs),Semi and unskilled manual worker,"20,001 - 25,000",2020-09-18T00:00:00.000Z,Owner-Occupied,2.0,DE,4.0,23/10/2020,Warmworks,Suburban,1945-1964,C,2.0,2.0,102.36,6.0,3.0,6.0,,Cavity_Insulated,Suspended,Pitched,Double,Yes,Gas,Gas Boiler - Combi,Fire - Wood,,,0.0,0.0,0.0,No,No,1920.0,10648.0,,,,,,,,Yes,No,Yes,No,ASHP,,,,,,,No,,,,,,,,,,,,,,,,,,,,,,,,,,,,,,,,,,,,,,,,,House_Mid-Terrace_2.0
Warmworks,EOH2497,KY7,33.0,Training or Education,Skilled Manual Worker,"30,001 - 40,000",2020-09-18T00:00:00.000Z,Owner-Occupied,4.0,C2,1.0,16/10/2020,Warmworks,Urban,1965-1980,C,2.0,2.0,78.4,4.0,3.0,4.0,,Cavity_Insulated,Suspended,Pitched,Double,Yes,Gas,Gas Boiler - Combi,,,,0.0,0.0,0.0,No,No,5065.0,7662.0,3.7,62.6,10668.0,3566.0,1237.0,55.0,3.39,Yes,No,No,Yes,ASHP,,,,930.0,14.0,3.0,Yes,31/03/2021,BRB Electrical Ltd,HT_ASHP,,Vaillant,VWL 75/6 A 230V S2,7.0,R290,0.0,Water_New,150.0,,1.0,,6.0,0.0,,Low Noise Heat Pump,No,0.0,0.0,0.0,No,Yes,0.0,0.0,,No,11215.18,3508.272,1610.23,1623.46,,462.17,,,,,2.0,0.0,House_Mid-Terrace_2.0
Warmworks,EOH3181,EH12,49.0,Working Part time,Professional,"40,001 - 50,000",2020-09-18T00:00:00.000Z,Owner-Occupied,9.0,C1,3.0,22/04/2021,Warmworks,Urban,1919-1944,C,2.0,2.0,95.49,6.0,4.0,6.0,2.42,Cavity_No_insulation,Suspended,Pitched,Double,Yes,Gas,Gas Boiler - Combi,Fire - Wood,,,0.0,0.0,1.0,No,No,,,,,,,,,,Yes,No,Yes,Yes,HT_ASHP,,,,,,,No,,,,,,,,,,,,,,,,,,,,,,,,,,,,,,,,,,,,,,,,,House_End-Terrace_2.0
Warmworks,EOH2011,EH12,58.0,Working Full time (>30hrs),Clerical,"50,001+",2020-09-19T00:00:00.000Z,Owner-Occupied,31.0,C1,2.0,20/10/2020,Warmworks,Urban,1945-1964,D,1.0,0.0,82.63,4.0,3.0,4.0,,Cavity_Insulated,Suspended,Pitched,Double,Yes,Gas,Gas Boiler - Combi,,,,0.0,0.0,1.0,Yes - Borehole,Yes,,,6.6,87.1,16641.0,3596.0,3.0,55.0,3.39,Yes,Yes,Yes,Yes,GSHP,,,,1088.0,16.36,4.17,Yes,09/06/2021,mcinnesplumbing,HT_ASHP,,Vaillant,VWL 75/6 A 230V S2,7.0,R290,0.0,Water_New,200.0,,1.0,,7.0,0.0,,Low Noise Heat Pump,No,0.0,0.0,0.0,No,No,0.0,0.0,,No,11215.17,3572.208,1610.23,1894.03,,,,,,,2.0,0.0,House_End-Terrace_2.0
Warmworks,EOH3078,EH39,41.0,Working Part time,Skilled Manual Worker,"50,001+",2020-09-19T00:00:00.000Z,Owner-Occupied,11.0,C1,3.0,07/10/2020,Warmworks,Suburban,Pre 1919,C,2.0,3.0,159.52,6.0,3.0,6.0,,Cavity_No_insulation,Suspended,Pitched,Double,Yes,Gas,Gas Boiler - Standard,Gas Boiler - Standard,Water,Normal (90-130l),1.0,0.0,0.0,No,No,,,,,,,,,,Yes,No,Yes,Yes,None - Installation not recommended,,,,,,,,,,,,,,,,,,,,,,,,,,,,,,,,,,,,,,,,,,,,,,,,House_Semi-Detached_2.0
Warmworks,EOH2449,EH3,40.0,Working Full time (>30hrs),Supervisor,"50,001+",2020-09-19T00:00:00.000Z,Owner-Occupied,5.0,C1,2.0,18/10/2020,Warmworks,Urban,Pre 1919,C,2.0,2.0,137.03,4.0,3.0,4.0,,Cavity_No_insulation,Suspended,Another Dwelling Above,Double,Yes,Gas,Gas Boiler - Combi,Fire - Wood,,,0.0,0.0,0.0,No,No,,,,,,,,,,No,No,Yes,Yes,HT_ASHP,,,,,,,No,,,,,,,,,,,,,,,,,,,,,,,,,,,,,,,,,,,,,,,,,Flat_Flat_1.0
Warmworks,EOH2707,EH5,34.0,Working Full time (>30hrs),Professional,"50,001+",2020-09-19T00:00:00.000Z,Owner-Occupied,1.5,C1,2.0,27/10/2020,Warmworks,Suburban,1919-1944,C,2.0,0.0,67.62,4.0,2.0,3.0,,Cavity_Insulated,Solid,Pitched,Double,Yes,Gas,Gas Boiler - Combi,Fire - Gas,,,0.0,0.0,0.0,No,No,,,,,,,,,,Yes,No,Yes,No,ASHP,,,,,,,No,,,,,,,,,,,,,,,,,,,,,,,,,,,,,,,,,,,,,,,,,Maisonette_Flat_1.0
Warmworks,EOH0320,EH53,36.0,Working Full time (>30hrs),Professional,"50,001+",2020-09-20T00:00:00.000Z,Owner-Occupied,2.0,AB,4.0,16/12/2020,Warmworks,Suburban,1965-1980,C,2.0,1.0,158.28,7.0,4.0,7.0,2.5,Cavity_Insulated,Suspended,Pitched,Double,Yes,Gas,Gas Boiler - Standard,Gas Boiler - Combi,Water,Normal (90-130l),0.0,1.0,1.0,Yes - Borehole,Yes,4384.0,26171.0,,,,,,,,Yes,Yes,Yes,Yes,GSHP,,,,,,,Yes,,,,,,,,,,,,,,,,,,,,,,,,,,,,,,,,,,,,,,,,,House_Detached_2.0
Warmworks,EOH0926,EH47,47.0,Working Full time (>30hrs),Professional,"50,001+",2020-09-20T00:00:00.000Z,Owner-Occupied,15.0,C1,3.0,07/10/2020,Warmworks,Rural,Pre 1919,B,2.0,0.0,255.8,8.0,3.0,8.0,,Cavity_Insulated,Suspended,Pitched,Double,Yes,Gas,Gas Boiler - Combi,,,,0.0,0.0,1.0,Yes - Borehole,Yes,2878.0,26792.0,,,,,,,,Yes,Yes,Yes,Yes,None - Installation not recommended,,,,,,,,,,,,,,,,,,,,,,,,,,,,,,,,,,,,,,,,,,,,,,,,House_Detached_2.0
Warmworks,EOH1830,EH14,44.0,Working Full time (>30hrs),Clerical,Prefer not to say,2020-09-20T00:00:00.000Z,Owner-Occupied,6.0,C1,2.0,16/10/2020,Warmworks,Suburban,1965-1980,C,2.0,2.0,145.6,8.0,4.0,8.0,,Cavity_Insulated,Suspended,Pitched,Double,Yes,Gas,Gas Boiler - Combi,,,,0.0,0.0,0.0,No,No,,,8.6,,24960.0,4457.0,2547.0,,,Yes,No,Yes,Yes,ASHP,,,,1532.0,14.0,3.0,No,,,,,,,,,,,,,,,,,,,,,,,,,,,,,,,,,,,,,,,,,House_Semi-Detached_2.0
Warmworks,EOH1131,EH23,62.0,Unfit for work,Unemployed/Benefits,"16,201 - 20,000",2020-09-20T00:00:00.000Z,Owner-Occupied,15.0,DE,3.0,23/10/2020,Warmworks,Suburban,1945-1964,C,2.0,0.0,88.4,5.0,3.0,5.0,,Cavity_Insulated,Solid,Pitched,Double,Yes,Gas,Gas Boiler - Combi,Fire - Wood,,,0.0,0.0,0.0,No,No,,,4.6,64.6,13733.0,3566.0,1237.0,55.0,3.39,Yes,No,Yes,No,ASHP,,,,1000.0,14.0,3.0,Yes,15/04/2021,BRB Electrical Ltd,HT_ASHP,,Vaillant,VWL 75/6 A 230V S2,7.0,R290,0.0,Water_New,150.0,,1.0,,8.0,0.0,,Low Noise Heat Pump,No,0.0,0.0,0.0,Yes,No,0.0,0.0,,No,11215.17,3508.272,1610.23,2164.6,,,,,,,2.0,0.0,House_End-Terrace_2.0
Warmworks,EOH0922,EH26,45.0,Working Full time (>30hrs),Skilled Manual Worker,Prefer not to say,2020-09-20T00:00:00.000Z,Owner-Occupied,4.0,C2,2.0,16/12/2020,Warmworks,Suburban,1965-1980,D,2.0,2.0,92.84,5.0,3.0,5.0,2.47,Cavity_Insulated,Suspended,Pitched,Double,Yes,Gas,Gas Boiler - Standard,Fire - Gas,Water,Normal (90-130l),0.0,1.0,0.0,No,No,5683.0,,6.3,79.9,20350.0,3566.0,1237.0,55.0,3.39,Yes,No,Yes,Yes,ASHP,,,,1357.0,14.0,3.0,Yes,05/07/2021,BRB Electrical Ltd,HT_ASHP,,Vaillant,VWL 75/6 A 230V S2,7.0,R290,0.0,Water_New,150.0,,1.0,,10.0,0.0,,Low Noise Heat Pump,No,0.0,0.0,0.0,Yes,No,0.0,0.0,,No,11215.17,3508.272,1610.23,2705.76,,,,,,,2.0,0.0,House_Detached_1.0
Warmworks,EOH0495,FK10,39.0,Working Full time (>30hrs),Professional,"50,001+",2020-09-21T00:00:00.000Z,Owner-Occupied,3.0,C1,3.0,13/10/2020,Warmworks,Suburban,Pre 1919,D,2.0,3.0,114.71,5.0,3.0,5.0,,Cavity_No_insulation,Suspended,Pitched,Double,Yes,Gas,Gas Boiler - Combi,,,,0.0,0.0,1.0,Yes - Borehole,Yes,,,9.5,89.1,25468.0,3596.0,156.0,45.0,4.21,Yes,No,Yes,Yes,GSHP,,,,1425.0,16.36,4.17,Yes,12/07/2021,mcinnesplumbing,HT_ASHP,,Vaillant,VWL 125/6 A 230V S2,12.0,R290,0.0,Water_New,200.0,,1.0,,11.0,0.0,,Low Noise Heat Pump,No,0.0,0.0,0.0,No,No,0.0,0.0,,No,17943.13,3572.21,1610.23,2976.33,,,,,,,4.0,0.0,House_Detached_2.0
Warmworks,EOH1627,EH9,49.0,Working Full time (>30hrs),Professional,"50,001+",2020-09-21T00:00:00.000Z,Owner-Occupied,20.0,C1,3.0,16/10/2020,Warmworks,Suburban,1945-1964,C,3.0,0.0,85.3,5.0,3.0,5.0,,Cavity_No_insulation,Suspended,Pitched,Double,Yes,Gas,Gas Boiler - Combi,Electric - Direct,,,0.0,0.0,1.0,No,No,,,,,,,,,,Yes,No,Yes,Yes,ASHP,,,,,,,No,,,,,,,,,,,,,,,,,,,,,,,,,,,,,,,,,,,,,,,,,House_End-Terrace_2.0
Warmworks,EOH0079,EH4,48.0,Working Full time (>30hrs),Professional,"50,001+",2020-09-21T00:00:00.000Z,Owner-Occupied,20.0,C1,3.0,26/10/2020,Warmworks,Suburban,1945-1964,C,2.0,1.0,109.82,4.0,3.0,4.0,,Cavity_Insulated,Suspended,Pitched,Double,Yes,Gas,Gas Boiler - Combi,,,,0.0,0.0,1.0,Yes - Borehole,Yes,5341.0,20998.0,8.0,82.7,19381.0,3821.0,0.0,50.0,3.65,Yes,Yes,Yes,Yes,GSHP,,,,1272.73,18.0,5.0,Yes,29/03/2021,Everwarm,GSHP,Individual_Groundloop,Vaillant,VWF 87/4,8.0,R410A,,Water_New,200.0,,1.0,12.0,,0.0,,,No,0.0,0.0,0.0,No,No,0.0,0.0,,No,38728.63,3572.21,1610.23,3246.91,,,,,,,3.0,0.0,House_Semi-Detached_2.0
Warmworks,EOH1077,EH11,52.0,Working Full time (>30hrs),Skilled Manual Worker,"50,001+",2020-09-22T00:00:00.000Z,Owner-Occupied,15.0,C2,1.0,15/10/2020,Warmworks,Suburban,Pre 1919,D,3.0,0.0,154.69,7.0,4.0,7.0,,Cavity_No_insulation,Suspended,Pitched,Double,Yes,Gas,Gas Boiler - Combi,Fire - Wood,,,0.0,0.0,1.0,No,No,,,,,,,,,,No,No,Yes,Yes,None - Installation not recommended,,,,,,,,,,,,,,,,,,,,,,,,,,,,,,,,,,,,,,,,,,,,,,,,House_Mid-Terrace_2.0
Warmworks,EOH2002,ML6,55.0,Working Full time (>30hrs),Professional,"50,001+",2020-09-22T00:00:00.000Z,Owner-Occupied,22.0,C1,3.0,15/10/2020,Warmworks,Urban,Pre 1919,E,2.0,0.0,121.83,6.0,4.0,6.0,,Cavity_No_insulation,Suspended,Pitched,Double,Yes,Gas,Gas Boiler - Combi,,,,0.0,0.0,0.0,Yes - Borehole,Yes,8198.0,27920.0,,,,,,,,Yes,Yes,Yes,Yes,None - Installation not recommended,,,,,,,,,,,,,,,,,,,,,,,,,,,,,,,,,,,,,,,,,,,,,,,,House_Detached_2.0
Warmworks,EOH2052,EH4,79.0,Retired,Pensioner,"20,001 - 25,000",2020-09-23T00:00:00.000Z,Owner-Occupied,50.0,DE,3.0,21/10/2020,Warmworks,Suburban,1945-1964,C,2.0,1.0,167.7,6.0,4.0,6.0,,Cavity_Insulated,Suspended,Pitched,Double,Yes,Gas,Gas Boiler - Combi,,,,0.0,0.0,1.0,Yes - Borehole,Yes,3829.0,10837.0,7.1,60.3,17655.0,4495.0,0.0,45.0,3.91,Yes,Yes,Yes,Yes,GSHP,,,,1236.0,16.36,4.17,Yes,20/08/2021,mcinnesplumbing,HT_ASHP,,Vaillant,VWL 75/6 A 230V S2,7.0,R290,0.0,Water_New,200.0,,1.0,,9.0,0.0,,Low Noise Heat Pump,No,0.0,0.0,0.0,Yes,No,0.0,0.0,,No,11215.17,3572.21,1610.23,2435.18,,,,,,,2.0,0.0,House_Semi-Detached_3.0
Warmworks,EOH2229,KY14,51.0,Working Full time (>30hrs),Professional,"40,001 - 50,000",2020-09-23T00:00:00.000Z,Owner-Occupied,12.0,AB,4.0,13/04/2021,Warmworks,Rural,1991-2000,D,3.0,0.0,229.34,8.0,5.0,8.0,2.4,Cavity_Insulated,Suspended,Pitched,Double,No,Oil,,,Water,Normal (90-130l),0.0,0.0,0.0,No,No,,,16.5,,41368.0,6889.0,0.0,,,Yes,No,Yes,No,None - Installation not recommended,,,,2520.51,18.0,5.0,,,,,,,,,,,,,,,,,,,,,,,,,,,,,,,,,,,,,,,,,,House_Detached_2.0
Warmworks,EOH1966,EH12,70.0,Working Part time,Professional,Prefer not to say,2020-09-24T00:00:00.000Z,Owner-Occupied,33.0,C2,3.0,15/10/2020,Warmworks,Urban,Pre 1919,C,1.0,0.0,117.31,4.0,2.0,4.0,,Cavity_No_insulation,Suspended,Another Dwelling Above,Double,Yes,Gas,Gas Boiler - Combi,,,,0.0,0.0,1.0,No,No,,,,,,,,,,Yes,No,Yes,Yes,None - Installation not recommended,,,,,,,,,,,,,,,,,,,,,,,,,,,,,,,,,,,,,,,,,,,,,,,,Flat_Mid-Terrace_1.0
Warmworks,EOH0065,EH29,41.0,Working Full time (>30hrs),Professional,"50,001+",2020-09-24T00:00:00.000Z,Owner-Occupied,14.0,C1,4.0,01/12/2020,Warmworks,Suburban,2001+,C,2.0,0.0,93.8,4.0,3.0,4.0,2.37,Cavity_Insulated,Solid,Pitched,Double,Yes,Gas,Gas Boiler - Standard,Fire - Wood,Water,Large (> 170l),0.0,0.0,0.0,No,No,3659.0,10995.0,5.0,63.8,13869.0,3821.0,0.0,50.0,3.65,Yes,No,Yes,Yes,ASHP,,,,897.58,15.0,5.0,Yes,01/03/2021,Everwarm,HT_ASHP,,Vaillant,VWL 75/6 A 230V S2,7.0,R290,0.0,Water_New,200.0,,1.0,,9.0,0.0,,Low Noise Heat Pump,No,0.0,0.0,0.0,No,No,0.0,0.0,,No,11215.17,3572.21,1610.23,2435.18,,,,,,,3.0,0.0,House_Detached_2.0
Warmworks,EOH0944,KY12,56.0,Working Part time,Skilled Manual Worker,"50,001+",2020-09-24T00:00:00.000Z,Owner-Occupied,20.0,C2,3.0,09/11/2020,Warmworks,Urban,1919-1944,D,3.0,0.0,149.61,7.0,4.0,7.0,,Cavity_Insulated,Suspended,Pitched,Double,Yes,Gas,Gas Boiler - Combi,Fire - Wood,,,0.0,0.0,1.0,No,No,,,,,,,,,,Yes,No,Yes,Yes,HT_ASHP,,,,,,,No,,,,,,,,,,,,,,,,,,,,,,,,,,,,,,,,,,,,,,,,,House_Detached_2.0
Warmworks,EOH1406,EH9,41.0,Working Full time (>30hrs),Supervisor,"50,001+",2020-09-25T00:00:00.000Z,Owner-Occupied,4.0,C2,2.0,27/10/2020,Warmworks,Suburban,Pre 1919,C,2.0,1.0,91.76,5.0,3.0,5.0,,Cavity_Insulated,Suspended,Another Dwelling Above,Double,Yes,Gas,Gas Boiler - Combi,Fire - Wood,,,0.0,0.0,0.0,No,No,3109.0,,6.8,76.3,21959.0,2674.0,1110.0,45.0,3.86,Yes,No,Yes,Yes,ASHP,,,,1235.0,14.0,3.0,Yes,01/03/2021,BRB Electrical Ltd,ASHP,,Mitsubishi,PUZ-WM85VAA,8.5,R32,0.0,Water_New,150.0,,1.0,11.0,,0.0,,Low Noise Heat Pump,No,0.0,0.0,0.0,Yes,No,0.0,0.0,,No,8575.74,3508.27,1610.23,2976.34,,,,,,,2.0,0.0,Maisonette_Mid-Terrace_1.0
Warmworks,EOH0238,KY11,32.0,Working Full time (>30hrs),Professional,"50,001+",2020-09-25T00:00:00.000Z,Owner-Occupied,4.0,AB,4.0,19/10/2020,Warmworks,Suburban,1981-1990,D,2.0,0.0,60.02,3.0,2.0,3.0,,Cavity_Insulated,Suspended,Pitched,Double,Yes,Gas,Gas Boiler - Combi,,,,0.0,0.0,0.0,No,No,3209.0,10200.0,3.5,69.7,12178.0,2674.0,1110.0,55.0,3.06,Yes,No,Yes,Yes,ASHP,,,,907.0,14.0,3.0,Yes,24/05/2021,BRB Electrical Ltd,HT_ASHP,,Vaillant,VWL 55/6 A 230V S2,5.0,R290,0.0,Water_New,150.0,,1.0,,5.0,0.0,,Low Noise Heat Pump,No,0.0,0.0,0.0,Yes,No,0.0,0.0,,No,11215.17,3508.27,1610.23,1352.88,,,,,,,2.0,0.0,House_Detached_1.0
Warmworks,EOH0043,EH49,42.0,Working Full time (>30hrs),Professional,Prefer not to say,2020-09-25T00:00:00.000Z,Owner-Occupied,6.0,AB,3.0,05/11/2020,Warmworks,Suburban,1991-2000,B,2.0,2.0,163.87,7.0,4.0,7.0,,Cavity_Insulated,Suspended,Pitched,Double,Yes,Gas,Gas Boiler - Standard,Fire - Wood,Water,Large (> 170l),0.0,0.0,0.0,No,No,,,8.4,60.4,23842.0,4457.0,2547.0,55.0,3.58,Yes,No,Yes,Yes,ASHP,,,,1601.0,14.0,3.0,Yes,14/06/2021,BRB Electrical Ltd,HT_ASHP,,Vaillant,VWL 105/6 A 230V S2,10.0,R290,0.0,Water_New,200.0,,1.0,,12.0,0.0,,Low Noise Heat Pump,No,0.0,0.0,0.0,Yes,No,0.0,0.0,,No,17943.13,3572.2,1610.23,3246.91,,,,,,,3.0,0.0,House_Detached_2.0
Warmworks,EOH1153,PH10,36.0,Working Full time (>30hrs),Professional,"50,001+",2020-09-26T00:00:00.000Z,Owner-Occupied,2.0,AB,3.0,11/05/2021,Warmworks,Suburban,Pre 1919,D,2.0,2.0,256.48,9.0,5.0,9.0,2.91,Cavity_No_insulation,Suspended,Pitched,Double,Yes,Gas,Gas Boiler - Standard,,Water,Medium (131-170l),0.0,0.0,0.0,No,No,,,,,,,,,,No,No,Yes,Yes,None - Installation not recommended,,,,,,,,,,,,,,,,,,,,,,,,,,,,,,,,,,,,,,,,,,,,,,,,House_Detached_2.0
Warmworks,EOH1912,EH52,63.0,Working Full time (>30hrs),Supervisor,"50,001+",2020-09-26T00:00:00.000Z,Owner-Occupied,12.0,DE,1.0,23/10/2020,Warmworks,Rural,2001+,C,2.0,0.0,122.4,6.0,4.0,6.0,,Cavity_Insulated,Solid,Pitched,Double,Yes,Gas,Gas Boiler - Standard,,Water,Normal (90-130l),0.0,0.0,1.0,Yes - Borehole,Yes,,,7.5,67.8,18663.0,4776.0,0.0,,,Yes,Yes,Yes,Yes,GSHP,,,,1298.15,18.0,5.0,Yes,25/08/2021,Everwarm,GSHP,Individual_Groundloop,Vaillant,VWF 87/4,8.0,R410A,,Water_New,200.0,,1.0,,15.0,0.0,,,No,0.0,0.0,0.0,No,No,0.0,0.0,,No,38728.63,3572.2,1610.23,4058.64,,,,,,,3.0,0.0,House_Detached_2.0
Warmworks,EOH0426,EH23,46.0,Unfit for work,Casual worker,"0 - 12,500",2020-09-27T00:00:00.000Z,Owner-Occupied,9.0,DE,3.0,23/10/2020,Warmworks,Suburban,1945-1964,D,1.0,0.0,75.6,4.0,2.0,4.0,,Cavity_Insulated,Suspended,Pitched,Double,Yes,Gas,Gas Boiler - Combi,,,,0.0,0.0,1.0,No,No,,,,,,,,,,Yes,No,Yes,No,None - Installation not recommended,,,,,,,,,,,,,,,,,,,,,,,,,,,,,,,,,,,,,,,,,,,,,,,,House_End-Terrace_2.0
Warmworks,EOH0088,EH7,42.0,Working Full time (>30hrs),Skilled Manual Worker,Prefer not to say,2020-09-28T00:00:00.000Z,Owner-Occupied,11.0,C2,2.0,06/11/2020,Warmworks,Urban,1919-1944,C,1.0,0.0,64.13,3.0,2.0,3.0,,Cavity_Insulated,Suspended,Another Dwelling Above,Double,Yes,Gas,Gas Boiler - Combi,,,,0.0,0.0,1.0,No,No,,,,,,,,,,Yes,No,Yes,Yes,ASHP,,,,,,,No,,,,,,,,,,,,,,,,,,,,,,,,,,,,,,,,,,,,,,,,,Flat_Flat_1.0
Warmworks,EOH2010,EH10,40.0,Working Full time (>30hrs),Professional,"50,001+",2020-09-28T00:00:00.000Z,Owner-Occupied,4.0,C1,1.0,14/12/2020,Everwarm,Urban,1965-1980,D,2.0,3.0,175.98,7.0,4.0,7.0,2.37,Cavity_No_insulation,Suspended,Pitched,Double,Yes,Gas,Gas Boiler - Standard,Fire - Gas,Water,Normal (90-130l),0.0,1.0,1.0,No,No,,,10.2,72.9,29055.0,4457.0,1365.0,,,Yes,Yes,Yes,Yes,ASHP,,,,1831.0,14.0,3.0,Yes,,,,,,,,,,,,,,,,,,,,,,,,,,,,,,,,,,,,,,,,,House_Detached_2.0
Warmworks,EOH2572,EH8,50.0,Working Full time (>30hrs),Professional,"50,001+",2020-09-28T00:00:00.000Z,Owner-Occupied,15.0,C1,5.0,05/11/2020,Warmworks,Urban,Pre 1919,D,2.0,0.0,167.69,7.0,2.0,7.0,,Cavity_No_insulation,Solid,Pitched,Double,Yes,Gas,Gas Boiler - Combi,,,,0.0,0.0,0.0,No,No,4225.0,,,,,,,,,Yes,No,Yes,Yes,None - Installation not recommended,,,,,,,,,,,,,,,,,,,,,,,,,,,,,,,,,,,,,,,,,,,,,,,,House_Mid-Terrace_2.0
Warmworks,EOH0958,EH29,33.0,Working Part time,Clerical,"50,001+",2020-09-29T00:00:00.000Z,Owner-Occupied,4.0,C1,3.0,22/10/2020,Warmworks,Suburban,1965-1980,C,2.0,1.0,71.76,3.0,2.0,3.0,,Cavity_Insulated,Suspended,Pitched,Double,Yes,Gas,Gas Boiler - Combi,,,,0.0,0.0,1.0,No,No,3489.0,17934.0,5.0,75.8,14049.0,2865.0,0.0,,,Yes,Yes,Yes,Yes,HT_ASHP,,,,836.09,15.0,5.0,Yes,11/01/2021,Everwarm,HT_ASHP,,Vaillant,VWL 55/6 A 230V S2,5.0,R290,0.0,Water_New,150.0,,1.0,,7.0,0.0,,Low Noise Heat Pump,No,0.0,0.0,0.0,No,No,0.0,0.0,,No,11215.18,3508.27,1610.23,1894.03,,,,,,,2.0,0.0,House_Semi-Detached_2.0
Warmworks,EOH2548,EH33,61.0,Retired,Pensioner,"30,001 - 40,000",2020-09-29T00:00:00.000Z,Owner-Occupied,16.0,DE,3.0,21/04/2021,Warmworks,Suburban,2001+,C,2.0,0.0,280.88,12.0,5.0,12.0,2.68,Cavity_Insulated,Suspended,Pitched,Double,Yes,Gas,Gas Boiler - Standard,Fire - Gas,Water,Large (> 170l),0.0,1.0,1.0,No,No,,,,,,,,,,Yes,No,Yes,Yes,HT_ASHP,,,,,,,No,,,,,,,,,,,,,,,,,,,,,,,,,,,,,,,,,,,,,,,,,House_Detached_2.0
Warmworks,EOH0877,EH45,45.0,Working Full time (>30hrs),Professional,Prefer not to say,2020-09-30T00:00:00.000Z,Owner-Occupied,6.0,AB,3.0,23/10/2020,Warmworks,Rural,1965-1980,D,2.0,1.0,154.38,6.0,4.0,6.0,,Cavity_Insulated,Suspended,Pitched,Double,No,Wood,Biomass Boiler,Fire - Wood,Water,Large (> 170l),0.0,1.0,0.0,No,No,,,,,,,,,,Yes,Yes,Yes,No,ASHP,,,,,,,No,,,,,,,,,,,,,,,,,,,,,,,,,,,,,,,,,,,,,,,,,House_Semi-Detached_2.0
Warmworks,EOH1042,EH26,43.0,Working Full time (>30hrs),Manager,"50,001+",2020-09-30T00:00:00.000Z,Owner-Occupied,,AB,4.0,11/12/2020,Warmworks,Suburban,1965-1980,E,2.0,0.0,89.32,5.0,3.0,5.0,2.33,Cavity_Insulated,Suspended,Pitched,Double,Yes,Gas,Gas Boiler - Standard,Fire - Gas,Water,Normal (90-130l),0.0,1.0,0.0,No,No,,,5.8,75.5,17317.0,3566.0,1237.0,55.0,3.39,Yes,Yes,Yes,Yes,ASHP,,,,1223.0,14.0,3.0,Yes,17/03/2021,BRB Electrical Ltd,HT_ASHP,,Vaillant,VWL 75/6 A 230V S2,7.0,R290,0.0,Water_New,150.0,,1.0,,7.0,0.0,,Low Noise Heat Pump,No,0.0,0.0,0.0,Yes,Yes,0.0,0.0,,No,11215.18,3508.27,1610.23,1894.03,,526.54,,,,,2.0,1.0,House_Detached_2.0
Warmworks,EOH1666,EH26,52.0,Retired,Pensioner,Prefer not to say,2020-09-30T00:00:00.000Z,Owner-Occupied,20.0,DE,2.0,30/10/2020,Warmworks,Rural,1991-2000,D,2.0,0.0,166.3,8.0,4.0,8.0,,Cavity_Insulated,Suspended,Pitched,Double,No,Oil,Oil Boiler,Fire - Wood,Water,Medium (131-170l),1.0,0.0,0.0,No,No,,,11.9,60.5,28993.0,4495.0,156.0,45.0,4.21,Yes,No,Yes,No,HT_ASHP,,,,1800.0,16.36,,Yes,16/07/2021,mcinnesplumbing,HT_ASHP,,Vaillant,VWL 125/6 A 230V S2,12.0,R290,0.0,Water_New,200.0,,1.0,,9.0,0.0,,Low Noise Heat Pump,No,0.0,0.0,0.0,No,No,0.0,0.0,,No,17943.13,3572.208,1610.23,2164.6,,,,,,,2.0,0.0,House_Detached_2.0
Warmworks,EOH0656,EH5,45.0,Working Part time,Skilled Manual Worker,"20,001 - 25,000",2020-09-30T00:00:00.000Z,Owner-Occupied,5.0,C2,3.0,26/10/2020,Warmworks,Suburban,1919-1944,C,2.0,0.0,58.92,4.0,3.0,4.0,,Cavity_Insulated,Suspended,Pitched,Double,Yes,Gas,Gas Boiler - Combi,,,,0.0,0.0,1.0,No,No,2780.0,8081.0,,,,,,,,Yes,No,Yes,Yes,ASHP,,,,,,,No,,,,,,,,,,,,,,,,,,,,,,,,,,,,,,,,,,,,,,,,,House_Mid-Terrace_2.0
Warmworks,EOH3003,PH8,46.0,Working Full time (>30hrs),Professional,Prefer not to say,2020-09-30T00:00:00.000Z,Owner-Occupied,7.0,C1,3.0,02/11/2020,Warmworks,Suburban,1919-1944,D,2.0,2.0,171.54,8.0,5.0,8.0,,Cavity_Insulated,Suspended,Pitched,Double,Yes,Gas,Gas Boiler - Combi,,,,0.0,0.0,1.0,Yes - Borehole,Yes,,,9.2,62.9,23089.0,5394.0,0.0,45.0,4.21,Yes,Yes,Yes,Yes,GSHP,,,,1449.0,16.36,4.17,Yes,09/06/2021,mcinnesplumbing,HT_ASHP,,Vaillant,VWL 125/6 A 230V S2,12.0,R290,0.0,Water_New,200.0,,1.0,,18.0,0.0,,Low Noise Heat Pump,No,0.0,0.0,0.0,No,No,0.0,0.0,,No,17943.13,3572.208,1610.23,4870.36,,,,,,,2.0,0.0,House_Detached_2.0
Warmworks,EOH1360,EH10,40.0,Working Full time (>30hrs),Professional,"50,001+",2020-09-30T00:00:00.000Z,Owner-Occupied,1.0,C1,3.0,22/10/2020,Warmworks,Suburban,1965-1980,C,2.0,2.0,103.34,4.0,3.0,4.0,,Cavity_Insulated,Suspended,Pitched,Double,Yes,Gas,Gas Boiler - Combi,,,,0.0,0.0,0.0,No,No,,,7.0,80.1,17963.0,3821.0,0.0,,,Yes,No,Yes,Yes,HT_ASHP,,,,1024.57,15.0,5.0,Yes,13/01/2021,Everwarm,HT_ASHP,,Vaillant,VWL 75/6 A 230V S2,7.0,R290,0.0,Water_New,200.0,,1.0,,10.0,0.0,,Low Noise Heat Pump,No,0.0,0.0,0.0,No,No,0.0,0.0,,No,11215.18,3572.21,1610.23,2705.76,,,,,,,2.0,0.0,House_Mid-Terrace_2.0
Warmworks,EOH0953,G72,27.0,Working Part time,Manager,"0 - 12,500",2020-10-01T00:00:00.000Z,Owner-Occupied,2.0,DE,2.0,03/11/2020,Warmworks,Suburban,1919-1944,D,2.0,2.0,86.4,4.0,3.0,4.0,,Cavity_No_insulation,Solid,Pitched,Double,Yes,Gas,Gas Boiler - Combi,,,,0.0,0.0,0.0,No,No,,,6.3,70.2,15053.0,3821.0,0.0,50.0,3.65,Yes,No,Yes,Yes,ASHP,,,,1084.4,18.0,5.0,Yes,29/03/2021,Everwarm,HT_ASHP,,Vaillant,VWL 75/6 A 230V S2,7.0,R290,0.0,Water_New,200.0,,1.0,,9.0,0.0,,Low Noise Heat Pump,No,0.0,0.0,0.0,No,No,0.0,1.0,,No,11215.18,3572.21,1610.23,2435.18,,,,,4000.5,,3.0,1.0,House_Semi-Detached_2.0
Warmworks,EOH3064,EH6,58.0,Working Full time (>30hrs),Casual worker,"30,001 - 40,000",2020-10-01T00:00:00.000Z,Owner-Occupied,30.0,C2,4.0,04/12/2020,Warmworks,Urban,1991-2000,C,2.0,0.0,81.62,5.0,3.0,5.0,2.41,Cavity_Insulated,Suspended,Pitched,Double,Yes,Gas,Gas Boiler - Standard,Fire - Wood,Water,Normal (90-130l),0.0,0.0,1.0,No,No,,,,,,,,,,Yes,No,Yes,Yes,ASHP,,,,,,,No,,,,,,,,,,,,,,,,,,,,,,,,,,,,,,,,,,,,,,,,,House_Mid-Terrace_2.0
Warmworks,EOH3081,G32,37.0,Working Full time (>30hrs),Professional,"40,001 - 50,000",2020-10-01T00:00:00.000Z,Owner-Occupied,,AB,3.0,03/11/2020,Warmworks,Urban,1991-2000,C,2.0,2.0,174.46,7.0,4.0,7.0,,Cavity_Insulated,Solid,Pitched,Double,Yes,Gas,Gas Boiler - Combi,,,,0.0,0.0,0.0,No,No,,,8.3,55.8,19842.0,4776.0,0.0,,,Yes,No,Yes,Yes,HT_ASHP,,,,1343.0,18.0,5.0,No,,,,,,,,,,,,,,,,,,,,,,,,,,,,,,,,,,,,,,,,,House_Detached_2.0
Warmworks,EOH3095,EH13,37.0,Working Full time (>30hrs),Professional,"50,001+",2020-10-01T00:00:00.000Z,Owner-Occupied,4.0,C2,2.0,29/10/2020,Warmworks,Suburban,1945-1964,C,2.0,2.0,121.15,5.0,3.0,5.0,,Cavity_Insulated,Solid,Pitched,Double,Yes,Gas,Gas Boiler - Combi,Fire - Wood,,,0.0,0.0,1.0,No,No,3759.0,22143.0,9.7,79.2,22465.0,4495.0,156.0,45.0,4.21,Yes,No,Yes,Yes,ASHP,,,,1342.0,16.36,,Yes,07/04/2021,mcinnesplumbing,HT_ASHP,,Vaillant,VWL 125/6 A 230V S2,12.0,R290,0.0,Water_New,200.0,,1.0,,9.0,0.0,,Low Noise Heat Pump,No,0.0,0.0,0.0,No,No,0.0,0.0,,No,17943.13,3572.208,1610.23,2435.18,,,,,,,2.0,0.0,House_Semi-Detached_2.0
Warmworks,EOH1130,EH10,67.0,Retired,Pensioner,Prefer not to say,2020-10-02T00:00:00.000Z,Owner-Occupied,24.0,DE,2.0,06/11/2020,Warmworks,Suburban,1991-2000,B,2.0,2.0,181.11,6.0,4.0,6.0,,Cavity_Insulated,Suspended,Pitched,Double,Yes,Gas,Gas Boiler - Standard,,Water,Medium (131-170l),0.0,0.0,1.0,No,No,,,7.0,,20580.0,3566.0,1237.0,,,Yes,No,Yes,Yes,HT_ASHP,,,,1270.0,14.0,3.0,Yes,,,,,,,,,,,,,,,,,,,,,,,,,,,,,,,,,,,,,,,,,House_Detached_2.0
Warmworks,EOH1090,EH14,71.0,Retired,Pensioner,Prefer not to say,2020-10-02T00:00:00.000Z,Owner-Occupied,69.0,DE,2.0,19/10/2020,Warmworks,Urban,1945-1964,D,1.0,0.0,90.0,4.0,2.0,4.0,,Cavity_Insulated,Solid,Pitched,Double,Yes,Gas,Gas Boiler - Combi,Electric - Direct,,,0.0,0.0,1.0,No,No,2989.0,15131.0,,,,,,,,Yes with additional measures,No,Yes,No,None - Installation not recommended,,,,,,,,,,,,,,,,,,,,,,,,,,,,,,,,,,,,,,,,,,,,,,,,House_Semi-Detached_2.0
Warmworks,EOH1314,TD7,32.0,Working Full time (>30hrs),Professional,"50,001+",2020-10-02T00:00:00.000Z,Owner-Occupied,2.0,C2,4.0,05/05/2021,Warmworks,Rural,2001+,C,2.0,2.0,225.47,8.0,5.0,8.0,2.42,Cavity_Insulated,Suspended,Pitched,Double,No,Oil,Oil Boiler,,Water,Large (> 170l),12.0,0.0,0.0,Yes - Ground Loop,Yes,2900.0,,,,,,,,,Yes,Yes,Yes,No,None - Installation not recommended,,,,,,,,,,,,,,,,,,,,,,,,,,,,,,,,,,,,,,,,,,,,,,,,House_Detached_2.0
Warmworks,EOH3171,TD9,65.0,Retired,Pensioner,"20,001 - 25,000",2020-10-02T00:00:00.000Z,Owner-Occupied,6.0,DE,3.0,04/11/2020,Warmworks,Rural,Pre 1919,D,2.0,0.0,125.75,4.0,2.0,4.0,,Cavity_No_insulation,Solid,Pitched,Double,No,Wood,Biomass Boiler,,Water,No access,3.0,0.0,0.0,Yes - Ground Loop,Yes,7287.0,,,,,,,,,Yes,Yes,Yes,No,GSHP,,,,,,,No,,,,,,,,,,,,,,,,,,,,,,,,,,,,,,,,,,,,,,,,,House_Detached_2.0
Warmworks,EOH2516,TD7,44.0,Working Part time,Clerical,"12,501 - 16,200",2020-10-02T00:00:00.000Z,Owner-Occupied,5.0,DE,3.0,05/05/2021,Warmworks,Rural,1945-1964,E,2.0,2.0,98.9,5.0,3.0,5.0,2.5,Cavity_Insulated,Solid,Pitched,Double,No,Electricity,Electric - Storage,Electric - Direct,Water,Normal (90-130l),0.0,0.0,0.0,No,No,,,5.8,67.0,17615.0,3937.0,0.0,50.0,3.81,Yes,No,Yes,No,ASHP,,,,836.64,18.0,5.0,Yes,09/08/2021,Everwarm,ASHP,,Mitsubishi,PUZ-WM85VAA,8.5,R32,0.0,Water_New,200.0,,1.0,11.0,,0.0,,Low Noise Heat Pump,No,0.0,0.0,0.0,No,No,0.0,0.0,,No,8575.73,3572.208,1610.23,2976.33,,,,,,,2.0,0.0,House_End-Terrace_2.0
Warmworks,EOH3184,TD7,68.0,Retired,Pensioner,Prefer not to say,2020-10-03T00:00:00.000Z,Owner-Occupied,7.0,DE,3.0,17/11/2020,Warmworks,Rural,Pre 1919,F,2.0,0.0,186.93,9.0,4.0,8.0,2.64,Cavity_No_insulation,Suspended,Pitched,Double,No,Wood,Fire - Wood,Fire - Wood,Water,Medium (131-170l),0.0,0.0,0.0,No,No,,,,,,,,,,No,No,Yes,No,HT_ASHP,,,,,,,No,,,,,,,,,,,,,,,,,,,,,,,,,,,,,,,,,,,,,,,,,House_Detached_2.0
Warmworks,EOH2149,TD7,66.0,Retired,Pensioner,Prefer not to say,2020-10-03T00:00:00.000Z,Owner-Occupied,1.0,DE,3.0,02/11/2020,Warmworks,Rural,1981-1990,D,2.0,0.0,71.82,4.0,3.0,4.0,,Cavity_No_insulation,Solid,Pitched,Double,,,Fire - Coal,Electric - Direct,,,0.0,0.0,0.0,No,No,,,3.3,50.9,7676.0,3566.0,1237.0,55.0,3.06,Yes,No,Yes,No,ASHP,,,,797.0,14.0,3.0,Yes,26/04/2021,BRB Electrical Ltd,HT_ASHP,,Vaillant,VWL 55/6 A 230V S2,5.0,R290,0.0,Water_New,150.0,,,,8.0,0.0,,Low Noise Heat Pump,No,0.0,0.0,0.0,,Yes,0.0,0.0,,No,11215.17,3508.272,1610.23,2164.6,,337.4298,,,,,2.0,2.0,House_Mid-Terrace_2.0
Warmworks,EOH2742,TD7,51.0,Working Full time (>30hrs),Professional,Prefer not to say,2020-10-03T00:00:00.000Z,Owner-Occupied,18.0,C1,2.0,09/12/2020,Warmworks,Rural,1965-1980,D,3.0,0.0,160.12,8.0,4.0,7.0,2.42,Cavity_Insulated,Suspended,Pitched,Double,No,Oil,Oil Boiler,Fire - Wood,Water,Normal (90-130l),0.0,0.0,0.0,No,No,5461.0,,10.9,77.0,25616.0,3821.0,0.0,,,Yes with additional measures,No,Yes with additional measures,No,HT_ASHP,,,,1529.38,18.0,5.0,No,,,,,,,,,,,,,,,,,,,,,,,,,,,,,,,,,,,,,,,,,House_Detached_2.0
Warmworks,EOH1233,EH4,89.0,Retired,Pensioner,Prefer not to say,2020-10-04T00:00:00.000Z,Owner-Occupied,63.0,DE,1.0,15/12/2020,Warmworks,Suburban,1945-1964,D,1.0,0.0,112.97,5.0,3.0,4.0,2.39,Cavity_Insulated,Suspended,Pitched,Double,Yes,Gas,Gas Boiler - Combi,Electric - Direct,,,0.0,0.0,1.0,No,No,4012.0,13434.0,6.1,64.2,18177.0,3566.0,1237.0,55.0,3.39,Yes,No,Yes,Yes,HT_ASHP,,,,1261.0,14.0,3.0,Yes,16/08/2021,BRB Electrical Ltd,HT_ASHP,,Vaillant,VWL 75/6 A 230V S2,7.0,R290,0.0,Water_New,200.0,,1.0,,10.0,0.0,,Low Noise Heat Pump,No,0.0,0.0,0.0,Yes,No,0.0,0.0,,No,11215.17,3572.208,1610.23,2705.76,,,,,,,2.0,0.0,House_Semi-Detached_2.0
Warmworks,EOH2110,EH15,53.0,Working Full time (>30hrs),Professional,"25,001 - 30,000",2020-10-06T00:00:00.000Z,Owner-Occupied,9.0,C1,3.0,28/10/2020,Warmworks,Urban,1919-1944,C,1.0,0.0,75.54,4.0,3.0,4.0,,Cavity_Insulated,Solid,Another Dwelling Above,Double,Yes,Gas,Gas Boiler - Standard,Fire - Gas,Water,Normal (90-130l),0.0,0.0,1.0,No,No,,,,,,,,,,Yes,No,Yes,No,None - Installation not recommended,,,,,,,,,,,,,,,,,,,,,,,,,,,,,,,,,,,,,,,,,,,,,,,,Flat_Mid-Terrace_1.0
Warmworks,EOH2560,EH6,38.0,Working Full time (>30hrs),Skilled Manual Worker,"12,501 - 16,200",2020-10-06T00:00:00.000Z,Owner-Occupied,2.0,C2,1.0,15/12/2020,Warmworks,Urban,Pre 1919,D,1.0,0.0,62.89,4.0,2.0,4.0,2.97,Cavity_No_insulation,Solid,Another Dwelling Above,Single,Yes,Gas,Gas Boiler - Combi,Fire - Gas,,,0.0,1.0,0.0,No,No,,,,,,,,,,Yes,No,Yes,Yes,None - Installation not recommended,,,,,,,,,,,,,,,,,,,,,,,,,,,,,,,,,,,,,,,,,,,,,,,,Flat_Flat_1.0
Warmworks,EOH2559,EH9,60.0,Working Full time (>30hrs),Manager,"50,001+",2020-10-06T00:00:00.000Z,Owner-Occupied,8.0,AB,2.0,05/11/2020,Warmworks,Urban,1965-1980,D,2.0,1.0,128.98,6.0,4.0,6.0,,Cavity_Insulated,Suspended,Flat,Double,Yes,Gas,Gas Boiler - Combi,,,,0.0,0.0,0.0,No,No,,,,,,,,,,Yes,No,Yes,Yes,None - Installation not recommended,,,,,,,,,,,,,,,,,,,,,,,,,,,,,,,,,,,,,,,,,,,,,,,,House_Mid-Terrace_3.0
Warmworks,EOH1251,EH17,54.0,Working Full time (>30hrs),Casual worker,"30,001 - 40,000",2020-10-06T00:00:00.000Z,Owner-Occupied,19.0,DE,4.0,07/05/2021,Warmworks,Suburban,1945-1964,D,2.0,0.0,90.04,5.0,3.0,4.0,2.44,Cavity_Insulated,Suspended,Pitched,Double,Yes,Gas,Gas Boiler - Combi,,,,0.0,0.0,0.0,No,No,,,6.4,79.0,18878.0,3937.0,0.0,50.0,3.81,Yes,No,Yes,Yes,ASHP,,,,896.58,18.0,5.0,Yes,14/07/2021,Everwarm,ASHP,,Mitsubishi,PUZ-WM85VAA,8.5,R32,0.0,Water_New,150.0,,1.0,9.0,,0.0,,Low Noise Heat Pump,No,0.0,0.0,0.0,No,No,0.0,0.0,,No,8575.73,3508.272,1610.23,2435.18,,530.7858,,,,,2.0,0.0,House_Semi-Detached_2.0
Warmworks,EOH0102,TD6,67.0,Retired,Pensioner,Prefer not to say,2020-10-06T00:00:00.000Z,Rented (Social),20.0,DE,1.0,02/11/2020,Warmworks,Suburban,1965-1980,D,1.0,0.0,96.6,4.0,2.0,4.0,,Cavity_Insulated,Suspended,Pitched,Double,,,Electric - Storage,Electric - Direct,Water,Normal (90-130l),0.0,0.0,0.0,No,No,,,8.5,70.0,9135.0,2697.0,156.0,50.0,3.81,Yes,No,Yes,No,ASHP,,,,672.0,14.0,,Yes,19/01/2021,TK Murray,ASHP,,Mitsubishi,PUZ-WM85VAA,8.5,R32,0.0,Water_New,150.0,,1.0,7.0,,0.0,,Low Noise Heat Pump,No,0.0,0.0,0.0,,No,0.0,0.0,,No,8575.74,3508.27,1610.23,1894.03,,,,,,,1.0,0.0,House_End-Terrace_2.0
Warmworks,EOH0380,EH33,62.0,Working Full time (>30hrs),Supervisor,"40,001 - 50,000",2020-10-06T00:00:00.000Z,Owner-Occupied,19.0,C2,4.0,05/11/2020,Warmworks,Urban,1991-2000,C,2.0,0.0,157.16,8.0,4.0,8.0,,Cavity_Insulated,Suspended,Pitched,Double,Yes,Gas,Gas Boiler - Combi,,,,0.0,0.0,1.0,No,No,,,10.2,71.1,25893.0,4776.0,0.0,50.0,3.92,Yes,No,Yes,Yes,HT_ASHP,,,,1624.85,18.0,5.0,Yes,31/05/2021,Everwarm,HT_ASHP,,Vaillant,VWL 125/6 A 230V S2,12.0,R290,0.0,Water_New,200.0,,1.0,,15.0,0.0,,Low Noise Heat Pump,No,0.0,0.0,0.0,No,No,0.0,0.0,,No,17943.13,3572.208,1610.23,4058.64,,,,,,,3.0,0.0,House_Detached_2.0
Warmworks,EOH1242,KY8,68.0,Retired,Pensioner,Prefer not to say,2020-10-06T00:00:00.000Z,Owner-Occupied,17.0,DE,2.0,02/11/2020,Warmworks,Suburban,1945-1964,C,2.0,1.0,75.2,4.0,3.0,4.0,,Cavity_Insulated,Suspended,Pitched,Double,Yes,Gas,Gas Boiler - Standard,,Water,No access,0.0,0.0,1.0,Yes - Borehole,Yes,5423.0,,9.1,96.0,24680.0,3596.0,0.0,45.0,3.91,Yes,Yes,Yes,Yes,GSHP,,,,1547.0,16.36,4.17,Yes,20/04/2021,mcinnesplumbing,Hybrid,Separate_Existing Boiler,Vaillant,VWL 75/6 A 230V S2,7.0,R290,0.0,,,,1.0,,6.0,0.0,,Low Noise Heat Pump,No,0.0,0.0,0.0,No,No,0.0,0.0,,No,11358.42,,1610.23,1623.45,,,,,,,3.0,0.0,House_Semi-Detached_2.0
Warmworks,EOH2133,TD1,40.0,Working Full time (>30hrs),Semi and unskilled manual worker,Prefer not to say,2020-10-06T00:00:00.000Z,Rented (Social),1.0,DE,2.0,30/10/2020,Warmworks,Suburban,1945-1964,D,2.0,1.0,68.92,3.0,2.0,3.0,,Cavity_Insulated,Solid,Pitched,Double,,,Electric - Storage,,Water,Normal (90-130l),0.0,0.0,0.0,No,No,,,5.0,104.0,9994.0,2697.0,156.0,50.0,3.58,Yes,No,Yes,Yes,ASHP,,,,589.0,14.0,,Yes,20/01/2021,TK Murray,ASHP,,Mitsubishi,PUHZ-W50VHA2,5.0,R410A,0.0,Water_New,150.0,,1.0,7.0,,0.0,,Low Noise Heat Pump,No,0.0,0.0,0.0,,No,0.0,0.0,,No,7655.16,3508.27,1610.23,1894.03,,,,,,,2.0,0.0,Flat_Flat_1.0
Warmworks,EOH2589,TD1,66.0,Working Full time (>30hrs),Semi and unskilled manual worker,Prefer not to say,2020-10-08T00:00:00.000Z,Rented (Social),30.0,DE,1.0,29/10/2020,Warmworks,Suburban,1965-1980,D,2.0,1.0,79.38,4.0,2.0,4.0,,Cavity_No_insulation,Suspended,Pitched,Double,Yes,Gas,Gas Boiler - Combi,,,,0.0,0.0,0.0,No,No,,,,,,,,,,Yes,No,Yes,No,ASHP,,,,,,,No,,,,,,,,,,,,,,,,,,,,,,,,,,,,,,,,,,,,,,,,,House_End-Terrace_2.0
Warmworks,EOH2923,KY11,61.0,Working Full time (>30hrs),Professional,Prefer not to say,2020-10-06T00:00:00.000Z,Owner-Occupied,17.0,AB,2.0,17/12/2020,Warmworks,Suburban,2001+,C,2.0,1.0,112.58,4.0,2.0,4.0,2.4,Cavity_Insulated,Suspended,Pitched,Triple,Yes,Gas,Gas Boiler - Standard,,Water,Large (> 170l),4.0,0.0,1.0,No,No,,,10.0,88.9,10010.0,3937.0,0.0,,,Yes,Yes,Yes,Yes,ASHP,,,,1331.64,18.0,5.0,Yes,,,,,,,,,,,,,,,,,,,,,,,,,,,,,,,,,,,,,,,,,House_Detached_2.0
Warmworks,EOH2168,EH33,60.0,Working Full time (>30hrs),Skilled Manual Worker,"25,001 - 30,000",2020-10-07T00:00:00.000Z,Owner-Occupied,17.0,C2,4.0,05/11/2020,Warmworks,Rural,Pre 1919,E,3.0,0.0,190.14,8.0,3.0,8.0,,Cavity_No_insulation,Suspended,Pitched,Double,,,Gas Boiler - Standard,Fire - Wood,Water,Medium (131-170l),2.0,0.0,1.0,No,No,,,7.9,50.7,19722.0,2865.0,0.0,50.0,3.92,Yes,No,Yes,Yes,HT_ASHP,,,,1170.2,18.0,5.0,Yes,12/05/2021,Everwarm,HT_ASHP,,Vaillant,VWL 125/6 A 230V S2,12.0,R290,0.0,Water_New,200.0,,1.0,,11.0,0.0,,Low Noise Heat Pump,No,0.0,0.0,0.0,No,No,0.0,0.0,,No,17943.13,3572.208,1610.23,2976.33,,,,,,,3.0,0.0,House_Detached_2.0
Warmworks,EOH1363,EH42,35.0,Working Full time (>30hrs),Professional,"50,001+",2020-10-07T00:00:00.000Z,Owner-Occupied,,C2,5.0,22/10/2020,Warmworks,Urban,1991-2000,C,2.0,1.0,140.97,6.0,4.0,6.0,,Cavity_Insulated,Suspended,Pitched,Double,Yes,Gas,Gas Boiler - Standard,,Water,Large (> 170l),0.0,0.0,1.0,No,No,3142.0,24400.0,10.0,85.0,27618.0,4776.0,0.0,50.0,3.92,Yes,No,Yes,No,ASHP,,,,1421.13,15.0,5.0,Yes,18/03/2021,Everwarm,HT_ASHP,,Vaillant,VWL 125/6 A 230V S2,12.0,R290,0.0,Water_New,200.0,,1.0,,11.0,0.0,,Low Noise Heat Pump,No,0.0,0.0,0.0,No,No,0.0,0.0,,No,17943.13,3572.208,1610.23,2976.33,,,,,,,3.0,0.0,House_Detached_2.0
Warmworks,EOH2284,KY11,69.0,Working Full time (>30hrs),Professional,Prefer not to say,2020-10-08T00:00:00.000Z,Owner-Occupied,31.0,AB,5.0,20/10/2020,Warmworks,Suburban,1981-1990,B,2.0,0.0,279.85,9.0,5.0,9.0,,Cavity_No_insulation,Suspended,Pitched,Double,Yes,Gas,Gas Boiler - Standard,Gas Boiler - Standard,Water,Normal (90-130l),0.0,0.0,1.0,No,No,4949.0,33129.0,,,,,,,,Yes,No,Yes,Yes,None - Installation not recommended,,,,,,,,,,,,,,,,,,,,,,,,,,,,,,,,,,,,,,,,,,,,,,,,House_Detached_2.0
Warmworks,EOH0310,TD5,44.0,Unemployed,Unemployed/Benefits,Prefer not to say,2020-10-08T00:00:00.000Z,Rented (Social),1.0,DE,1.0,09/12/2020,Warmworks,Urban,1965-1980,D,1.0,0.0,65.86,4.0,2.0,4.0,2.54,Cavity_Insulated,Suspended,Another Dwelling Above,Double,Yes,Gas,Gas Boiler - Combi,Electric - Direct,,,0.0,0.0,0.0,No,No,,,5.0,83.0,6471.0,3057.0,156.0,50.0,3.15,Yes,No,Yes,Yes,ASHP,,,,597.0,14.0,,Yes,15/02/2021,TK Murray,ASHP,,Vaillant,VWL 55/3 A 230V,5.0,R410A,0.0,Water_New,150.0,,1.0,7.0,,0.0,,Low Noise Heat Pump,No,0.0,0.0,0.0,Yes,No,0.0,0.0,,No,7655.16,3508.27,1610.23,1894.03,,,,,,,1.0,0.0,Flat_Semi-Detached_1.0
Warmworks,EOH0231,TD9,68.0,Retired,Pensioner,Prefer not to say,2020-10-08T00:00:00.000Z,Rented (Social),1.0,DE,1.0,29/10/2020,Warmworks,Suburban,1965-1980,E,1.0,0.0,68.4,4.0,2.0,4.0,,Cavity_Insulated,Solid,Pitched,Double,,,Electric - Direct,Fire - Coal,Water,Medium (131-170l),0.0,0.0,0.0,No,No,,,5.0,65.0,5111.0,2697.0,156.0,50.0,3.15,Yes,No,Yes,No,ASHP,,,,487.0,14.0,,Yes,22/01/2021,TK Murray,ASHP,,Vaillant,VWL 55/3 A 230V,5.0,R410A,0.0,Water_New,150.0,,1.0,8.0,,0.0,,Low Noise Heat Pump,No,0.0,0.0,0.0,,No,0.0,0.0,,No,7655.16,3508.27,1610.23,2164.61,,,,,,,2.0,0.0,Flat_Flat_1.0
Warmworks,EOH0769,TD6,73.0,Retired,Pensioner,"30,001 - 40,000",2020-10-08T00:00:00.000Z,Owner-Occupied,41.0,DE,2.0,14/04/2021,Warmworks,Rural,1965-1980,C,3.0,0.0,119.94,6.0,3.0,5.0,2.38,Cavity_Insulated,Suspended,Pitched,Double,No,,Electric - Direct,,Water,Large (> 170l),0.0,0.0,0.0,No,No,13854.0,,8.1,73.5,20751.0,3937.0,0.0,45.0,4.14,Yes,No,Yes,No,ASHP,,,,985.5,18.0,5.0,Yes,21/06/2021,Everwarm,ASHP,,Mitsubishi,PUZ-WM85VAA-BS,8.5,R32,0.0,Water_New,200.0,,1.0,11.0,,0.0,,Low Noise Heat Pump,No,0.0,0.0,0.0,No,No,0.0,0.0,,No,8575.73,3572.208,1610.23,2976.33,,,,,,,2.0,0.0,House_Detached_2.0
Warmworks,EOH0603,EH15,32.0,Working Full time (>30hrs),Manager,"50,001+",2020-10-08T00:00:00.000Z,Owner-Occupied,3.0,AB,2.0,15/11/2020,Warmworks,Urban,Pre 1919,D,2.0,0.0,100.12,4.0,2.0,4.0,3.1,Cavity_No_insulation,Suspended,Pitched,Double,Yes,Gas,Gas Boiler - Combi,,,,0.0,0.0,1.0,No,No,,,6.0,74.6,17989.0,2674.0,1110.0,45.0,4.14,Yes,No,Yes,Yes,ASHP,,,,1079.0,14.0,3.0,Yes,04/03/2021,BRB Electrical Ltd,ASHP,,Mitsubishi,PUZ-WM85VAA,8.5,R32,0.0,Water_New,150.0,,1.0,10.0,,0.0,,Low Noise Heat Pump,No,0.0,0.0,0.0,Yes,No,0.0,0.0,,No,8575.74,3508.27,1610.23,2705.76,,,,,,,2.0,0.0,House_Mid-Terrace_2.0
Warmworks,EOH2575,DD6,59.0,Working Full time (>30hrs),Professional,"50,001+",2020-10-09T00:00:00.000Z,Owner-Occupied,28.0,AB,3.0,11/05/2021,Warmworks,Rural,1991-2000,D,3.0,0.0,238.78,6.0,4.0,6.0,2.49,Cavity_Insulated,Suspended,Pitched,Double,No,LPG,LPG Boiler,Fire - Wood,Water,Large (> 170l),0.0,0.0,1.0,No,No,,,,,,,,,,Yes,No,Yes,Yes,HT_ASHP,,,,,,,No,,,,,,,,,,,,,,,,,,,,,,,,,,,,,,,,,,,,,,,,,House_Detached_1.0
Warmworks,EOH1738,TD1,65.0,Working Full time (>30hrs),Professional,Prefer not to say,2020-10-09T00:00:00.000Z,Owner-Occupied,31.0,C1,2.0,04/11/2020,Warmworks,Rural,1945-1964,E,2.0,1.0,87.13,4.0,3.0,4.0,,Cavity_Insulated,Suspended,Pitched,Double,,,LPG Boiler,,,,0.0,0.0,0.0,No,No,3565.0,,4.8,63.3,14928.0,2674.0,1492.0,55.0,3.39,Yes,No,Yes,No,ASHP,,,,1012.0,14.0,3.0,Yes,15/07/2021,BRB Electrical Ltd,HT_ASHP,,Vaillant,VWL 75/6 A 230V S2,7.0,R290,0.0,Water_New,200.0,,1.0,,10.0,0.0,,Low Noise Heat Pump,No,0.0,0.0,0.0,,No,0.0,0.0,,No,11215.17,3572.208,1610.23,2705.76,,,,,,,2.0,0.0,House_Semi-Detached_2.0
Warmworks,EOH3187,EH33,52.0,Working Full time (>30hrs),Professional,"40,001 - 50,000",2020-10-09T00:00:00.000Z,Owner-Occupied,3.0,AB,3.0,06/12/2020,Warmworks,Urban,2001+,B,2.0,0.0,131.14,7.0,5.0,7.0,2.32,Cavity_Insulated,Solid,Pitched,Double,Yes,Gas,Gas Boiler - Standard,,Water,Large (> 170l),0.0,0.0,0.0,No,No,1402.0,8000.0,,,,,,,,Yes,No,Yes,Yes,HT_ASHP,,,,,,,No,,,,,,,,,,,,,,,,,,,,,,,,,,,,,,,,,,,,,,,,,House_Detached_3.0
Warmworks,EOH0396,ML11,29.0,Training or Education,Professional,"30,001 - 40,000",2020-10-09T00:00:00.000Z,Owner-Occupied,1.0,C1,5.0,03/11/2020,Warmworks,Rural,Pre 1919,D,2.0,1.0,99.36,5.0,4.0,5.0,,Cavity_No_insulation,Solid,Pitched,Double,No,Oil,Oil Boiler,,,,0.0,0.0,0.0,No,No,,,11.1,,26933.0,3821.0,0.0,,,Yes,No,Yes,No,HT_ASHP,,,,1613.55,18.0,5.0,No,,,,,,,,,,,,,,,,,,,,,,,,,,,,,,,,,,,,,,,,,House_Semi-Detached_2.0
Warmworks,EOH2512,EH52,54.0,Working Part time,Professional,"50,001+",2020-10-09T00:00:00.000Z,Owner-Occupied,22.0,AB,4.0,16/04/2021,Warmworks,Rural,1991-2000,E,2.0,0.0,198.96,7.0,3.0,7.0,2.37,Cavity_Insulated,Suspended,Pitched,Double,No,LPG,LPG Boiler,,,,0.0,0.0,1.0,Yes - Borehole,Yes,,,16.3,79.4,41741.0,3937.0,0.0,50.0,3.92,Yes,Yes,Yes,Yes,GSHP,,,,1828.0,18.0,5.0,Yes,21/07/2021,Everwarm,Hybrid,Separate_Existing Boiler,Vaillant,VWL 125/6 A 230V S2,12.0,R290,0.0,Water_New,200.0,,1.0,,16.0,0.0,,Low Noise Heat Pump,No,0.0,0.0,0.0,No,No,0.0,0.0,,No,11358.42,3572.208,1610.23,4329.21,,,,,,,2.0,0.0,House_Detached_2.0
Warmworks,EOH1373,EH52,51.0,Working Full time (>30hrs),Professional,"40,001 - 50,000",2020-10-09T00:00:00.000Z,Owner-Occupied,17.0,AB,3.0,28/10/2020,Warmworks,Rural,Pre 1919,E,2.0,3.0,292.46,8.0,5.0,8.0,,Cavity_No_insulation,Solid,Pitched,Double,No,LPG,LPG Boiler,Fire - Wood,Water,Large (> 170l),2.0,0.0,1.0,No,No,8600.0,,,,,,,,,Yes,Yes,Yes,Yes,None - Installation not recommended,,,,,,,,,,,,,,,,,,,,,,,,,,,,,,,,,,,,,,,,,,,,,,,,House_Detached_2.0
Warmworks,EOH2966,EH52,78.0,Retired,Pensioner,"16,201 - 20,000",2020-10-09T00:00:00.000Z,Owner-Occupied,20.0,DE,2.0,03/11/2020,Warmworks,Suburban,Pre 1919,D,1.0,0.0,90.6,4.0,3.0,4.0,,Cavity_Insulated,Suspended,Pitched,Double,Yes,Gas,Gas Boiler - Combi,Fire - Wood,,,0.0,0.0,1.0,No,No,,,,,,,,,,Yes,No,Yes,No,None - Installation not recommended,,,,,,,,,,,,,,,,,,,,,,,,,,,,,,,,,,,,,,,,,,,,,,,,House_Mid-Terrace_2.0
Warmworks,EOH0633,EH52,42.0,Working Part time,Clerical,"50,001+",2020-10-10T00:00:00.000Z,Owner-Occupied,4.0,C1,2.0,08/12/2020,Warmworks,Rural,2001+,C,2.0,2.0,175.34,8.0,5.0,8.0,2.4,Cavity_Insulated,Solid,Pitched,Double,Yes,Gas,Gas Boiler - Standard,Electric - Direct,Water,Large (> 170l),0.0,0.0,1.0,No,No,,,11.2,,28079.0,4776.0,0.0,,,Yes,No,Yes,Yes,HT_ASHP,,,,1726.82,18.0,5.0,No,,,,,,,,,,,,,,,,,,,,,,,,,,,,,,,,,,,,,,,,,House_Detached_2.0
Warmworks,EOH0031,EH33,71.0,Retired,Pensioner,Prefer not to say,2020-10-10T00:00:00.000Z,Owner-Occupied,35.0,DE,3.0,03/11/2020,Warmworks,Rural,1919-1944,E,2.0,0.0,89.0,5.0,4.0,5.0,,Cavity_Insulated,Suspended,Pitched,Double,Yes,Gas,Gas Boiler - Standard,Electric - Direct,Water,Normal (90-130l),0.0,0.0,1.0,No,No,,,7.0,84.9,17791.0,3821.0,0.0,50.0,3.65,Yes with additional measures,No,Yes,Yes,HT_ASHP,,,,808.0,15.0,5.0,Yes,22/02/2021,Everwarm,HT_ASHP,,Vaillant,VWL 75/6 A 230V S2,7.0,R290,0.0,Water_New,200.0,,1.0,,8.0,0.0,,Low Noise Heat Pump,No,0.0,0.0,0.0,No,No,0.0,0.0,,No,11215.18,3572.21,1610.23,2164.61,,,,,,,3.0,0.0,House_Semi-Detached_2.0
Warmworks,EOH1893,EH42,65.0,Working Full time (>30hrs),Semi and unskilled manual worker,"16,201 - 20,000",2020-10-10T00:00:00.000Z,Owner-Occupied,34.0,DE,1.0,12/11/2020,Warmworks,Urban,1981-1990,D,1.0,0.0,104.91,5.0,3.0,2.0,2.42,Cavity_Insulated,Suspended,Pitched,Double,No,,Electric - Storage,Electric - Direct,Water,Normal (90-130l),0.0,0.0,0.0,No,No,,,6.5,61.3,16463.0,3821.0,0.0,50.0,3.65,Yes,No,Yes,No,ASHP,,,,1154.0,18.0,5.0,Yes,26/03/2021,Everwarm,HT_ASHP,,Vaillant,VWL 75/6 A 230V S2,7.0,R290,0.0,Water_New,200.0,,1.0,,11.0,0.0,,Low Noise Heat Pump,No,0.0,0.0,0.0,No,No,0.0,0.0,,No,11215.18,3572.21,1610.23,2976.34,,,,,,,3.0,0.0,House_End-Terrace_3.0
Warmworks,EOH1148,EH23,57.0,Working Full time (>30hrs),Professional,"50,001+",2020-10-11T00:00:00.000Z,Owner-Occupied,17.0,AB,5.0,11/12/2020,Warmworks,Rural,2001+,C,2.0,0.0,159.79,8.0,4.0,8.0,2.38,Cavity_Insulated,Solid,Pitched,Double,,,LPG Boiler,Fire - Wood,Water,Normal (90-130l),0.0,0.0,1.0,No,No,,,,,,,,,,Yes,Yes,Yes,Yes,None - Installation not recommended,,,,,,,,,,,,,,,,,,,,,,,,,,,,,,,,,,,,,,,,,,,,,,,,House_Detached_2.0
Warmworks,EOH1560,KY12,41.0,Working Part time,Professional,Prefer not to say,2020-10-11T00:00:00.000Z,Owner-Occupied,8.0,C1,4.0,06/11/2020,Warmworks,Urban,Pre 1919,E,2.0,2.0,101.19,4.0,3.0,4.0,,Cavity_No_insulation,Suspended,Pitched,Double,Yes,Gas,Gas Boiler - Combi,Fire - Wood,,,0.0,0.0,1.0,No,No,,,,,,,,,,No,No,Yes,Yes,HT_ASHP,,,,,,,No,,,,,,,,,,,,,,,,,,,,,,,,,,,,,,,,,,,,,,,,,House_Mid-Terrace_2.0
Warmworks,EOH2346,EH45,64.0,Retired,Pensioner,"12,501 - 16,200",2020-10-12T00:00:00.000Z,Owner-Occupied,37.0,DE,2.0,02/12/2020,Warmworks,Suburban,1965-1980,C,1.0,0.0,83.22,4.0,2.0,4.0,2.42,Cavity_Insulated,Suspended,Pitched,Double,Yes,Gas,Gas Boiler - Combi,,,,0.0,0.0,1.0,No,No,,,,,,,,,,Yes,No,Yes,Yes,ASHP,,,,,,,No,,,,,,,,,,,,,,,,,,,,,,,,,,,,,,,,,,,,,,,,,House_Mid-Terrace_2.0
Warmworks,EOH1267,EH45,63.0,Retired,Pensioner,Prefer not to say,2020-10-12T00:00:00.000Z,Owner-Occupied,42.0,DE,1.0,23/10/2020,Warmworks,Suburban,1965-1980,C,2.0,0.0,98.4,5.0,3.0,5.0,,Cavity_Insulated,Suspended,Pitched,Double,Yes,Gas,Gas Boiler - Standard,,Water,Medium (131-170l),0.0,0.0,0.0,No,No,,,,,,,,,,Yes,No,Yes,Yes,ASHP,,,,,,,No,,,,,,,,,,,,,,,,,,,,,,,,,,,,,,,,,,,,,,,,,House_Mid-Terrace_2.0
Warmworks,EOH2976,EH22,61.0,Working Part time,Professional,"25,001 - 30,000",2020-10-13T00:00:00.000Z,Owner-Occupied,3.0,C1,2.0,06/11/2020,Warmworks,Suburban,1965-1980,D,2.0,0.0,97.5,4.0,3.0,4.0,,Cavity_Insulated,Suspended,Pitched,Double,Yes,Gas,Gas Boiler - Combi,Gas Boiler - Combi,,,0.0,0.0,0.0,No,No,,,,,,,,,,Yes,No,Yes,No,HT_ASHP,,,,,,,No,,,,,,,,,,,,,,,,,,,,,,,,,,,,,,,,,,,,,,,,,House_End-Terrace_2.0
Warmworks,EOH0943,EH42,36.0,Working Part time,Professional,"50,001+",2020-10-13T00:00:00.000Z,Owner-Occupied,3.0,C1,4.0,12/11/2020,Warmworks,Suburban,2001+,C,2.0,2.0,146.08,8.0,5.0,8.0,2.38,Cavity_Insulated,Solid,Pitched,Double,Yes,Gas,Gas Boiler - Standard,Fire - Gas,Water,Medium (131-170l),0.0,1.0,1.0,No,No,,,7.3,57.5,20619.0,4457.0,1365.0,55.0,3.63,Yes,No,Yes,Yes,ASHP,,,,1458.0,14.0,3.0,Yes,12/04/2021,BRB Electrical Ltd,HT_ASHP,,Vaillant,VWL 125/6 A 230V S2,12.0,R290,0.0,Water_New,200.0,,1.0,,15.0,0.0,,Low Noise Heat Pump,No,0.0,0.0,0.0,Yes,No,0.0,0.0,,No,17943.13,3572.21,1610.23,4058.64,,,,,,,3.0,0.0,House_Detached_2.0
Warmworks,EOH2821,DD2,39.0,Working Full time (>30hrs),Professional,Prefer not to say,2020-10-13T00:00:00.000Z,Owner-Occupied,5.0,C1,4.0,20/11/2020,Warmworks,Urban,1991-2000,C,2.0,4.0,252.3,9.0,5.0,9.0,2.4,Cavity_Insulated,Suspended,Pitched,Double,Yes,Gas,Gas Boiler - Combi,Gas Boiler - Combi,,,0.0,0.0,1.0,Yes - Borehole,Yes,,,15.5,78.5,38819.0,5731.0,0.0,,,Yes,Yes,Yes,Yes,GSHP,,,,2344.07,18.0,5.0,No,,,,,,,,,,,,,,,,,,,,,,,,,,,,,,,,,,,,,,,,,House_Detached_2.0
Warmworks,EOH0191,FK12,60.0,Working Full time (>30hrs),Professional,"30,001 - 40,000",2020-10-13T00:00:00.000Z,Owner-Occupied,25.0,C1,3.0,30/11/2020,Warmworks,Suburban,1965-1980,D,1.0,0.0,83.53,5.0,3.0,5.0,2.45,Cavity_Insulated,Suspended,Pitched,Double,Yes,Gas,Gas Boiler - Combi,Fire - Gas,,,0.0,1.0,1.0,No,No,,,7.5,92.2,20066.0,2935.0,0.0,,,Yes,Yes,Yes,No,HT_ASHP,,,,1137.49,18.0,5.0,No,,,,,,,,,,,,,,,,,,,,,,,,,,,,,,,,,,,,,,,,,House_Detached_1.0
Warmworks,EOH0509,FK7,52.0,Working Full time (>30hrs),Manager,"50,001+",2020-10-14T00:00:00.000Z,Owner-Occupied,10.0,AB,3.0,20/11/2020,Warmworks,Urban,2001+,B,3.0,0.0,93.39,6.0,4.0,6.0,2.4,Cavity_Insulated,Suspended,Pitched,Double,Yes,Gas,Gas Boiler - Standard,,Water,Large (> 170l),0.0,0.0,0.0,No,No,,,4.3,53.0,11010.0,4457.0,1365.0,,,Yes,No,Yes,No,ASHP,,,,1034.0,14.0,3.0,No,,,,,,,,,,,,,,,,,,,,,,,,,,,,,,,,,,,,,,,,,House_Detached_2.0
Warmworks,EOH2577,EH15,50.0,Working Part time,Professional,"50,001+",2020-10-15T00:00:00.000Z,Owner-Occupied,10.0,AB,2.0,15/11/2020,Warmworks,Urban,1919-1944,C,2.0,3.0,164.7,6.0,4.0,6.0,2.36,Cavity_Insulated,Suspended,Pitched,Double,Yes,Gas,Gas Boiler - Combi,Fire - Gas,,,2.0,1.0,0.0,No,No,,,11.3,,28568.0,5731.0,0.0,50.0,3.92,Yes,No,Yes,Yes,HT_ASHP,,,,1799.94,18.0,5.0,Yes,05/07/2021,Everwarm,ASHP,,Mitsubishi,PUZ-HWM140VHA-BS,14.0,R32,0.0,Water_New,200.0,,1.0,6.0,,0.0,,Low Noise Heat Pump,No,0.0,0.0,0.0,No,No,0.0,0.0,,No,8575.73,3572.21,1610.23,1623.45,,,,,,,3.0,0.0,House_Detached_2.0
Warmworks,EOH0805,EH14,58.0,Working Part time,Clerical,"0 - 12,500",2020-10-15T00:00:00.000Z,Owner-Occupied,14.0,C1,1.0,11/12/2020,Warmworks,Suburban,1945-1964,D,2.0,2.0,98.78,6.0,4.0,6.0,2.62,Cavity_Insulated,Suspended,Pitched,Double,Yes,Gas,Gas Boiler - Combi,,,,0.0,0.0,0.0,No,No,,,7.4,,21164.0,4921.0,0.0,,,Yes,No,Yes,Yes,HT_ASHP,,,,952.0,18.0,5.0,No,,,,,,,,,,,,,,,,,,,,,,,,,,,,,,,,,,,,,,,,,House_Semi-Detached_2.0
Warmworks,EOH0360,KY12,50.0,Working Full time (>30hrs),Professional,"50,001+",2020-10-16T00:00:00.000Z,Owner-Occupied,9.0,C1,3.0,16/12/2020,Everwarm,Suburban,1991-2000,C,2.0,2.0,359.2,8.0,5.0,8.0,2.64,Cavity_Insulated,Suspended,Pitched,Double,Yes,Gas,Gas Boiler - Standard,Fire - Gas,Water,Medium (131-170l),0.0,1.0,1.0,No,No,8692.0,46652.0,,,,,,,,Yes,Yes,Yes,Yes,None - Installation not recommended,,,,,,,,,,,,,,,,,,,,,,,,,,,,,,,,,,,,,,,,,,,,,,,,House_Detached_2.0
Warmworks,EOH1990,KY11,54.0,Working Full time (>30hrs),Supervisor,"50,001+",2020-10-16T00:00:00.000Z,Owner-Occupied,6.0,C1,5.0,17/12/2020,Warmworks,Suburban,1919-1944,D,2.0,0.0,176.18,6.0,4.0,6.0,2.75,Cavity_Insulated,Suspended,Pitched,Double,Yes,Gas,Gas Boiler - Combi,Gas Boiler - Combi,,,3.0,0.0,0.0,Yes - Borehole,Yes,,,,,,,,,,Yes,Yes,Yes,Yes,None - Installation not recommended,,,,,,,,,,,,,,,,,,,,,,,,,,,,,,,,,,,,,,,,,,,,,,,,House_Detached_2.0
Warmworks,EOH0233,EH33,31.0,Working Full time (>30hrs),Manager,"50,001+",2020-10-16T00:00:00.000Z,Owner-Occupied,4.0,C1,4.0,25/11/2020,Warmworks,Suburban,2001+,C,2.0,2.0,184.25,8.0,5.0,8.0,2.6,Cavity_Insulated,Suspended,Pitched,Double,Yes,Gas,Gas Boiler - Standard,,Water,Large (> 170l),0.0,0.0,1.0,No,No,,,9.0,61.1,27065.0,5349.0,1492.0,55.0,3.63,Yes,No,Yes,Yes,HT_ASHP,,,,1832.0,14.0,3.0,Yes,09/08/2021,BRB Electrical Ltd,HT_ASHP,,Vaillant,VWL 125/6 A 230V S2,12.0,R290,0.0,Water_New,200.0,,1.0,,18.0,0.0,,Low Noise Heat Pump,No,0.0,0.0,0.0,Yes,No,0.0,0.0,,No,17943.13,3572.21,1610.23,4870.36,,,,,,,3.0,0.0,House_Detached_2.0
Warmworks,EOH0005,EH33,59.0,Working Full time (>30hrs),Professional,Prefer not to say,2020-10-16T00:00:00.000Z,Owner-Occupied,24.0,AB,3.0,14/12/2020,Warmworks,Suburban,1991-2000,C,2.0,0.0,97.32,5.0,3.0,5.0,2.42,Cavity_Insulated,Suspended,Pitched,Double,Yes,Gas,Gas Boiler - Combi,,,,0.0,0.0,1.0,No,No,3343.0,14843.0,5.8,66.1,14631.0,3566.0,1747.0,55.0,3.39,Yes,No,Yes,Yes,Hybrid,,,,1176.0,14.0,3.0,Yes,20/05/2021,BRB Electrical Ltd,HT_ASHP,,Vaillant,VWL 75/6 A 230V S2,7.0,R290,0.0,Water_New,200.0,,1.0,,10.0,0.0,,Low Noise Heat Pump,No,0.0,0.0,0.0,Yes,No,0.0,0.0,,No,11215.17,3572.21,1610.23,2705.76,,,,,,,2.0,0.0,House_Detached_2.0
Warmworks,EOH0485,EH9,53.0,Working Full time (>30hrs),Supervisor,"50,001+",2020-10-19T00:00:00.000Z,Owner-Occupied,22.0,C2,1.0,23/11/2020,Warmworks,Urban,1945-1964,D,2.0,0.0,88.88,3.0,2.0,3.0,2.43,Cavity_No_insulation,Suspended,Pitched,Double,Yes,Gas,Gas Boiler - Combi,,,,0.0,0.0,1.0,No,No,,,,,,,,,,Yes,No,Yes,No,HT_ASHP,,,,,,,No,,,,,,,,,,,,,,,,,,,,,,,,,,,,,,,,,,,,,,,,,House_Mid-Terrace_2.0
Warmworks,EOH3192,FK14,62.0,Working Part time,Professional,"50,001+",2020-10-19T00:00:00.000Z,Owner-Occupied,25.0,AB,1.0,20/11/2020,Warmworks,Rural,1965-1980,D,2.0,0.0,308.31,10.0,5.0,10.0,2.5,Cavity_Insulated,Suspended,Pitched,Double,Yes,Gas,Gas Boiler - Standard,Fire - Wood,Water,Large (> 170l),0.0,0.0,1.0,No,No,,,23.3,,15793.0,5905.0,0.0,,,Yes,Yes,Yes,Yes,HT_ASHP,,,,544.0,18.0,5.0,No,,,,,,,,,,,,,,,,,,,,,,,,,,,,,,,,,,,,,,,,,House_Detached_2.0
Warmworks,EOH3030,EH46,57.0,Working Part time,Semi and unskilled manual worker,"40,001 - 50,000",2020-10-19T00:00:00.000Z,Owner-Occupied,16.0,C2,2.0,20/04/2021,Warmworks,Rural,1919-1944,E,4.0,0.0,199.91,9.0,5.0,9.0,2.7,Cavity_No_insulation,Suspended,Pitched,Double,No,Oil,Oil Boiler,Fire - Wood,Water,Large (> 170l),0.0,0.0,0.0,No,No,,,13.7,,33897.0,5905.0,0.0,50.0,3.51,Yes,Yes,Yes,No,ASHP,,,,1618.38,18.0,5.0,Yes,04/08/2021,Everwarm,ASHP,,Mitsubishi,PUZ-HWM140VHA,14.0,R32,0.0,Water_New,200.0,,1.0,17.0,,0.0,,Low Noise Heat Pump,No,0.0,0.0,0.0,No,No,0.0,0.0,,No,8575.74,3572.21,1610.23,4599.79,,,,,,,2.0,0.0,House_Detached_2.0
Warmworks,EOH0687,EH26,51.0,Working Part time,Clerical,Prefer not to say,2020-10-22T00:00:00.000Z,Owner-Occupied,18.0,C1,2.0,20/04/2021,Warmworks,Rural,1945-1964,D,3.0,0.0,97.68,5.0,3.0,5.0,2.39,Cavity_Insulated,Suspended,Pitched,Double,,,Fire - Wood,,Water,Normal (90-130l),0.0,0.0,0.0,No,No,,,4.6,68.0,4934.0,1867.0,3.0,50.0,3.65,Yes,No,Yes,No,ASHP,,,,1089.0,16.0,5.0,Yes,21/06/2021,Montali Energy Services Ltd,HT_ASHP,,Vaillant,VWL 75/6 A 230V S2,7.0,R290,0.0,Water_New,200.0,,1.0,,9.0,0.0,,Low Noise Heat Pump,No,0.0,0.0,0.0,,No,0.0,0.0,,No,11215.17,3572.21,1610.23,2435.18,,,,,,,3.0,0.0,House_End-Terrace_2.0
Warmworks,EOH2369,EH16,54.0,Working Full time (>30hrs),Clerical,"30,001 - 40,000",2020-10-22T00:00:00.000Z,Owner-Occupied,16.0,C1,2.0,27/11/2020,Warmworks,Suburban,1965-1980,C,2.0,0.0,100.04,5.0,3.0,5.0,2.35,Cavity_Insulated,Suspended,Pitched,Double,Yes,Gas,Gas Boiler - Combi,,,,0.0,0.0,0.0,No,No,,,,,,,,,,Yes,No,Yes,Yes,None - Installation not recommended,,,,,,,,,,,,,,,,,,,,,,,,,,,,,,,,,,,,,,,,,,,,,,,,House_End-Terrace_2.0
Warmworks,EOH2697,EH4,41.0,Working Full time (>30hrs),Professional,"50,001+",2020-10-24T00:00:00.000Z,Owner-Occupied,6.0,C1,4.0,04/12/2020,Warmworks,Urban,1945-1964,C,2.0,1.0,114.1,5.0,3.0,5.0,2.39,Cavity_Insulated,Suspended,Pitched,Double,Yes,Gas,Gas Boiler - Combi,Fire - Wood,,,0.0,0.0,0.0,No,No,,,,,,,,,,Yes,No,Yes,Yes,ASHP,,,,,,,No,,,,,,,,,,,,,,,,,,,,,,,,,,,,,,,,,,,,,,,,,House_End-Terrace_2.0
Warmworks,EOH1160,EH11,63.0,Retired,Pensioner,"16,201 - 20,000",2020-10-24T00:00:00.000Z,Owner-Occupied,16.0,DE,1.0,13/12/2020,Everwarm,Urban,1919-1944,D,3.0,0.0,69.75,3.0,2.0,3.0,2.68,Cavity_No_insulation,Suspended,Another Dwelling Above,Double,Yes,Gas,Gas Boiler - Combi,Fire - Gas,,,0.0,1.0,1.0,No,No,4456.0,18141.0,7.9,124.1,19984.0,2865.0,0.0,,,Yes with additional measures,No,Yes,Yes,None - Installation not recommended,,,,1182.0,18.0,5.0,,,,,,,,,,,,,,,,,,,,,,,,,,,,,,,,,,,,,,,,,,Flat_Flat_1.0
Warmworks,EOH0534,EH41,59.0,Retired,Pensioner,"30,001 - 40,000",2020-10-26T00:00:00.000Z,Owner-Occupied,22.0,C1,4.0,25/11/2020,Warmworks,Suburban,1965-1980,C,2.0,0.0,203.45,7.0,4.0,7.0,2.55,Cavity_Insulated,Suspended,Pitched,Double,Yes,Gas,Gas Boiler - Combi,Fire - Wood,,,1.0,0.0,1.0,Yes - Borehole,Yes,,,13.2,58.4,33338.0,3821.0,0.0,,,Yes,Yes,Yes,Yes,GSHP,,,,1614.96,18.0,5.0,Yes,16/06/2021,Everwarm,ASHP,,Mitsubishi,PUHZ-HW140VHA2R5,14.0,R410A,0.0,Water_New,200.0,,1.0,10.0,,0.0,,Low Noise Heat Pump,No,0.0,0.0,0.0,No,No,0.0,0.0,,No,8575.73,3572.21,1610.23,3246.91,,,,,,,2.0,0.0,House_Detached_2.0
Warmworks,EOH0915,EH17,48.0,Working Full time (>30hrs),Professional,"40,001 - 50,000",2020-10-26T00:00:00.000Z,Owner-Occupied,11.0,AB,2.0,27/11/2020,Warmworks,Urban,1965-1980,D,1.0,1.0,56.4,4.0,2.0,3.0,2.31,Cavity_No_insulation,Solid,Pitched,Double,Yes,Gas,,,Water,Normal (90-130l),0.0,0.0,1.0,No,No,,,,,,,,,,Yes,No,Yes,Yes,None - Installation not recommended,,,,,,,,,,,,,,,,,,,,,,,,,,,,,,,,,,,,,,,,,,,,,,,,House_Mid-Terrace_2.0
Warmworks,EOH3186,KY15,77.0,Retired,Pensioner,"25,001 - 30,000",2020-10-26T00:00:00.000Z,Owner-Occupied,1.0,C1,5.0,09/12/2020,Warmworks,Rural,1919-1944,D,2.0,0.0,173.48,6.0,,6.0,2.61,Cavity_Insulated,Suspended,Pitched,Double,Yes,Gas,Gas Boiler - Standard,,Water,Normal (90-130l),6.0,1.0,1.0,No,No,4233.0,,12.0,84.7,31569.0,3566.0,2038.0,45.0,3.77,Yes with additional measures,Yes,Yes,Yes,HT_ASHP,,,,1774.0,14.0,3.0,Yes,28/06/2021,BRB Electrical Ltd,ASHP,,Mitsubishi,PUZ-HWM140VHA,14.0,R32,0.0,Water_New,200.0,,1.0,16.0,,0.0,,Low Noise Heat Pump,No,0.0,0.0,0.0,Yes,No,0.0,0.0,,No,8575.73,3572.21,1610.23,4329.21,,,,,,,3.0,0.0,House_Detached_2.0
Warmworks,EOH0139,KY11,35.0,Working Full time (>30hrs),Professional,"30,001 - 40,000",2020-10-26T00:00:00.000Z,Owner-Occupied,5.0,C2,1.0,09/11/2020,Warmworks,Rural,1945-1964,D,2.0,0.0,75.6,4.0,2.0,4.0,,Cavity_Insulated,Solid,Pitched,Double,Yes,Gas,Gas Boiler - Combi,,,,0.0,0.0,1.0,No,No,,,,,,,,,,Yes,No,Yes,No,ASHP,,,,,,,No,,,,,,,,,,,,,,,,,,,,,,,,,,,,,,,,,,,,,,,,,House_Mid-Terrace_2.0
Warmworks,EOH2648,EH16,36.0,Working Full time (>30hrs),Professional,"30,001 - 40,000",2020-10-26T00:00:00.000Z,Owner-Occupied,1.0,C1,2.0,02/12/2020,Warmworks,Urban,1945-1964,C,2.0,0.0,90.33,4.0,3.0,4.0,2.44,Cavity_Insulated,Suspended,Pitched,Double,Yes,Gas,Gas Boiler - Combi,,,,0.0,0.0,1.0,No,No,,,6.2,70.9,15523.0,3820.0,0.0,50.0,3.65,No,No,Yes,Yes,HT_ASHP,,,,922.57,15.0,5.0,Yes,08/03/2021,Everwarm,HT_ASHP,,Vaillant,VWL 75/6 A 230V S2,7.0,R290,0.0,Water_New,200.0,,1.0,,12.0,0.0,,Low Noise Heat Pump,No,0.0,0.0,0.0,Yes,No,0.0,0.0,,No,11215.18,3572.21,1610.23,3246.91,,,,,,,3.0,0.0,House_Mid-Terrace_2.0
Warmworks,EOH2734,EH10,62.0,Unfit for work,Unemployed/Benefits,Prefer not to say,2020-10-26T00:00:00.000Z,Owner-Occupied,20.0,DE,3.0,03/12/2020,Warmworks,Suburban,1919-1944,D,2.0,0.0,88.67,4.0,3.0,4.0,2.79,Cavity_No_insulation,Suspended,Pitched,Double,Yes,Gas,Gas Boiler - Combi,,,,4.0,2.0,1.0,No,No,18507.0,5135.0,12.0,84.7,7267.0,1910.0,0.0,50.0,3.92,Yes with additional measures,No,Yes,Yes,HT_ASHP,,,,1023.54,18.0,5.0,Yes,17/05/2021,Everwarm,ASHP,,Mitsubishi,PUZ-WM85VAA-BS,8.5,R32,0.0,Water_New,200.0,,1.0,8.0,,0.0,,Low Noise Heat Pump,No,0.0,0.0,0.0,No,Yes,0.0,0.0,,No,8575.73,3572.21,1610.23,2164.6,,835.79,,,,,3.0,2.0,House_Detached_1.0
Warmworks,EOH1431,EH4,67.0,Retired,Pensioner,Prefer not to say,2020-10-26T00:00:00.000Z,Owner-Occupied,21.0,DE,4.0,10/12/2020,Warmworks,Urban,1919-1944,C,2.0,0.0,182.59,8.0,4.0,8.0,2.8,Cavity_Insulated,Suspended,Pitched,Double,Yes,Gas,Gas Boiler - Standard,Fire - Gas,Water,No access,1.0,2.0,1.0,Yes - Borehole,Yes,4904.0,30000.0,,,,,,,,Yes,Yes,Yes,Yes,GSHP,,,,,,,No,,,,,,,,,,,,,,,,,,,,,,,,,,,,,,,,,,,,,,,,,House_Detached_2.0
Warmworks,EOH3115,EH53,74.0,Retired,Pensioner,Prefer not to say,2020-10-26T00:00:00.000Z,Owner-Occupied,40.0,DE,2.0,08/12/2020,Warmworks,Suburban,1965-1980,C,2.0,0.0,85.4,4.0,3.0,4.0,2.38,Cavity_No_insulation,Suspended,Pitched,Double,Yes,Gas,Gas Boiler - Combi,,,,4.0,0.0,1.0,No,No,2378.0,14444.0,7.0,66.5,5476.0,3821.0,0.0,50.0,3.65,Yes,No,Yes,Yes,HT_ASHP,,,,842.15,15.0,5.0,Yes,22/03/2021,Everwarm,HT_ASHP,,Vaillant,VWL 75/6 A 230V S2,7.0,R290,0.0,Water_New,200.0,,1.0,,9.0,0.0,,Low Noise Heat Pump,No,0.0,0.0,0.0,No,No,0.0,0.0,,No,11215.18,3572.21,1610.23,2435.18,,,,,,,2.0,0.0,House_Mid-Terrace_2.0
Warmworks,EOH0229,EH19,44.0,Working Full time (>30hrs),Skilled Manual Worker,Prefer not to say,2020-10-27T00:00:00.000Z,Owner-Occupied,5.0,C1,3.0,16/12/2020,Everwarm,Urban,1945-1964,D,1.0,1.0,91.78,4.0,3.0,4.0,2.51,Cavity_Insulated,Suspended,Pitched,Double,Yes,Gas,Gas Boiler - Combi,Fire - Wood,,,0.0,0.0,0.0,No,No,2178.0,12140.0,,,,,,,,No,No,Yes,Yes,,,,,,,,No,,,,,,,,,,,,,,,,,,,,,,,,,,,,,,,,,,,,,,,,,House_Mid-Terrace_2.0
Warmworks,EOH2383,EH10,74.0,Retired,Pensioner,Prefer not to say,2020-10-27T00:00:00.000Z,Owner-Occupied,32.0,DE,1.0,13/12/2020,Everwarm,Suburban,1981-1990,D,1.0,0.0,128.05,6.0,4.0,6.0,2.35,Cavity_Insulated,Suspended,Pitched,Double,Yes,Gas,Gas - Warm air,Gas - Warm air,Water,Normal (90-130l),0.0,0.0,0.0,No,No,2799.0,35289.0,,,,,,,,Yes,No,Yes,Yes,ASHP,,,,,,,No,,,,,,,,,,,,,,,,,,,,,,,,,,,,,,,,,,,,,,,,,House_Detached_2.0
Warmworks,EOH0868,EH7,38.0,Working Full time (>30hrs),Professional,Prefer not to say,2020-10-27T00:00:00.000Z,Owner-Occupied,2.0,C1,3.0,13/12/2020,Everwarm,Suburban,1981-1990,C,2.0,1.0,128.34,6.0,3.0,6.0,2.36,Cavity_No_insulation,Suspended,Pitched,Double,Yes,Gas,Gas Boiler - Combi,,,,0.0,0.0,0.0,No,No,2979.0,13617.0,6.6,69.5,19479.0,4075.0,728.0,,,Yes with additional measures,No,Yes with additional measures,No,HT_ASHP,,,,1288.0,14.0,3.0,No,,,,,,,,,,,,,,,,,,,,,,,,,,,,,,,,,,,,,,,,,House_Semi-Detached_2.0
Warmworks,EOH0056,KY11,45.0,Working Part time,Professional,Prefer not to say,2020-10-29T00:00:00.000Z,Owner-Occupied,9.0,C1,1.0,16/12/2020,Everwarm,Suburban,1945-1964,D,1.0,2.0,97.3,4.0,3.0,4.0,2.42,Cavity_Insulated,Solid,Pitched,Double,Yes,Gas,Gas Boiler - Combi,Fire - Gas,,,0.0,1.0,1.0,No,No,2814.0,11070.0,,,,,,,,No,No,Yes with additional measures,Yes with additional measures,HT_ASHP,,,,,,,No,,,,,,,,,,,,,,,,,,,,,,,,,,,,,,,,,,,,,,,,,House_Mid-Terrace_2.0
Warmworks,EOH0531,EH4,52.0,Working Full time (>30hrs),Professional,"50,001+",2020-10-29T00:00:00.000Z,Owner-Occupied,7.0,AB,4.0,04/12/2020,Warmworks,Suburban,1945-1964,C,1.0,1.0,219.51,9.0,5.0,9.0,2.5,Cavity_Insulated,Suspended,Pitched,Double,Yes,Gas,Gas Boiler - Standard,Fire - Gas,Water,Large (> 170l),0.0,1.0,0.0,Yes - Borehole,Yes,700.0,23726.0,12.0,74.3,14434.0,5731.0,0.0,,,Yes,Yes,Yes,Yes,GSHP,,,,2238.03,18.0,5.0,No,,,,,,,,,,,,,,,,,,,,,,,,,,,,,,,,,,,,,,,,,House_Detached_2.0
Warmworks,EOH1803,EH5,49.0,Stay at home parent,Unemployed/Benefits,"50,001+",2020-10-30T00:00:00.000Z,Owner-Occupied,16.0,DE,4.0,15/12/2020,Warmworks,Urban,Pre 1919,D,2.0,2.0,200.7,6.0,4.0,6.0,2.87,Cavity_No_insulation,Suspended,Pitched,Double,Yes,Gas,Gas Boiler - Standard,Fire - Wood,Water,Large (> 170l),8.0,0.0,0.0,No,No,7838.0,38677.0,,,,,,,,Yes,Yes,Yes,Yes,None - Installation not recommended,,,,,,,,,,,,,,,,,,,,,,,,,,,,,,,,,,,,,,,,,,,,,,,,House_Detached_2.0
Warmworks,EOH2503,FK2,41.0,Working Full time (>30hrs),Professional,"50,001+",2020-10-30T00:00:00.000Z,Owner-Occupied,2.0,C1,4.0,26/05/2021,Warmworks,Suburban,1945-1964,D,2.0,3.0,256.43,12.0,4.0,10.0,2.65,Cavity_No_insulation,Suspended,Pitched,Double,Yes,Gas,Gas Boiler - Combi,Fire - Wood,,,0.0,1.0,1.0,Yes - Borehole,Yes,,,,,,,,,,No,Yes,Yes,Yes,None - Installation not recommended,,,,,,,,,,,,,,,,,,,,,,,,,,,,,,,,,,,,,,,,,,,,,,,,House_Semi-Detached_3.0
Warmworks,EOH2361,EH13,45.0,Working Part time,Clerical,"40,001 - 50,000",2020-10-31T00:00:00.000Z,Owner-Occupied,13.0,DE,2.0,16/12/2020,Everwarm,Suburban,1919-1944,D,2.0,3.0,153.32,6.0,4.0,6.0,2.73,Cavity_Insulated,Suspended,Pitched,Double,Yes,Gas,Gas Boiler - Standard,Fire - Wood,Water,Normal (90-130l),0.0,0.0,1.0,No,No,4554.0,26097.0,9.3,76.0,28527.0,4457.0,1365.0,55.0,3.63,Yes,No,Yes,Yes,HT_ASHP,,,,1808.0,14.0,3.0,Yes,13/07/2021,BRB Electrical Ltd,HT_ASHP,,Vaillant,VWL 125/6 A 230V S2,12.0,R290,0.0,Water_New,200.0,,1.0,,10.0,0.0,,Low Noise Heat Pump,No,0.0,0.0,0.0,Yes,No,0.0,0.0,,No,17943.13,3572.21,1610.23,2705.76,,,,,,,2.0,0.0,House_Detached_2.0
Warmworks,EOH0525,KY11,34.0,Working Part time,Professional,"20,001 - 25,000",2020-10-31T00:00:00.000Z,Owner-Occupied,10.0,C1,3.0,24/05/2021,Warmworks,Suburban,1981-1990,D,2.0,1.0,106.69,5.0,3.0,5.0,2.38,Cavity_Insulated,Suspended,Pitched,Double,Yes,Gas,Gas Boiler - Standard,Electric - Direct,Water,Medium (131-170l),0.0,0.0,0.0,No,No,,,8.5,76.0,15220.0,3623.0,156.0,50.0,3.64,Yes,No,Yes,Yes,ASHP,,,,1016.0,14.0,,Yes,20/09/2021,TK Murray,ASHP,,Mitsubishi,PUZ-WM85VAA,8.5,R32,0.0,Water_New,200.0,,1.0,10.0,,0.0,,Low Noise Heat Pump,No,0.0,0.0,0.0,Yes,No,0.0,0.0,,No,8575.74,3572.21,1610.23,2705.76,,,,,,,2.0,0.0,House_Detached_1.0
Warmworks,EOH2722,EH32,38.0,Working Full time (>30hrs),Professional,"50,001+",2020-11-01T00:00:00.000Z,Owner-Occupied,10.0,C2,3.0,18/04/2021,Everwarm,Rural,1919-1944,D,2.0,3.0,162.85,6.0,4.0,6.0,2.47,Cavity_Insulated,Suspended,Pitched,Double,No,,Fire - Coal,,Water,Normal (90-130l),0.0,0.0,0.0,No,No,6205.0,,11.6,89.0,11570.0,4921.0,0.0,50.0,3.51,Yes,No,Yes,Yes,HT_ASHP,,,,1880.28,18.0,5.0,Yes,05/08/2021,Everwarm,ASHP,,Mitsubishi,PUZ-HWM140VHA,14.0,R32,0.0,Water_New,200.0,,1.0,13.0,,0.0,,Low Noise Heat Pump,No,0.0,0.0,0.0,No,No,0.0,0.0,,No,8575.73,3572.21,1610.23,3517.48,,,,,,,2.0,0.0,House_Mid-Terrace_3.0
Warmworks,EOH1467,EH17,72.0,Retired,Pensioner,Prefer not to say,2020-11-01T00:00:00.000Z,Owner-Occupied,35.0,DE,4.0,23/11/2020,Warmworks,Suburban,1965-1980,D,2.0,0.0,81.92,5.0,3.0,5.0,2.31,Cavity_No_insulation,Suspended,Pitched,Double,Yes,Gas,Gas Boiler - Combi,Gas Boiler - Combi,,,0.0,0.0,0.0,No,No,,,,,,,,,,Yes with additional measures,No,Yes,No,HT_ASHP,,,,,,,No,,,,,,,,,,,,,,,,,,,,,,,,,,,,,,,,,,,,,,,,,House_Mid-Terrace_2.0
Warmworks,EOH2241,G65,47.0,Working Full time (>30hrs),Supervisor,"50,001+",2020-11-03T00:00:00.000Z,Owner-Occupied,20.0,C2,4.0,30/11/2020,Warmworks,Rural,1965-1980,D,3.0,0.0,79.52,5.0,3.0,5.0,2.25,Cavity_Insulated,Suspended,Pitched,Double,Yes,Gas,Gas Boiler - Combi,,,,0.0,0.0,0.0,No,No,,,5.8,73.1,13643.0,3821.0,0.0,50.0,3.65,Yes with additional measures,No,Yes,No,HT_ASHP,,,,845.0,15.0,5.0,Yes,01/03/2021,Everwarm,HT_ASHP,,Vaillant,VWL 75/6 A 230V S2,7.0,R290,0.0,Water_New,200.0,,1.0,,8.0,0.0,,Low Noise Heat Pump,No,0.0,0.0,0.0,No,No,0.0,0.0,,No,11215.18,3572.21,1610.23,2164.61,,,,,,,2.0,0.0,House_Mid-Terrace_2.0
Warmworks,EOH2426,EH12,80.0,Retired,Pensioner,Prefer not to say,2020-11-09T00:00:00.000Z,Owner-Occupied,11.0,DE,1.0,10/12/2020,Warmworks,Suburban,1965-1980,D,1.0,0.0,54.39,4.0,2.0,4.0,2.46,Cavity_Insulated,Suspended,Pitched,Double,Yes,Gas,Gas Boiler - Combi,,,,0.0,0.0,0.0,No,No,,,,,,,,,,Yes,No,Yes,Yes,ASHP,,,,,,,No,,,,,,,,,,,,,,,,,,,,,,,,,,,,,,,,,,,,,,,,,House_Semi-Detached_1.0
Warmworks,EOH1174,KY16,72.0,Retired,Pensioner,"40,001 - 50,000",2020-11-09T00:00:00.000Z,Owner-Occupied,2.0,DE,2.0,17/12/2020,Everwarm,Urban,2001+,B,2.0,0.0,277.08,6.0,4.0,6.0,2.36,Cavity_Insulated,Solid,Pitched,Double,Yes,Gas,Gas Boiler - Standard,,Water,Medium (131-170l),6.0,0.0,0.0,No,No,5957.0,34677.0,16.7,69.2,42406.0,4776.0,0.0,,,Yes,No,No,Yes,ASHP,,,,2170.94,18.0,5.0,No,,,,,,,,,,,,,,,,,,,,,,,,,,,,,,,,,,,,,,,,,House_Detached_2.0
Warmworks,EOH0351,KY1,43.0,Working Full time (>30hrs),Manager,"50,001+",2020-11-09T00:00:00.000Z,Owner-Occupied,4.0,AB,2.0,29/01/2021,Warmworks,Urban,1965-1980,D,2.0,2.0,97.85,4.0,3.0,4.0,2.6,Cavity_No_insulation,Solid,Pitched,Double,Yes,Gas,Gas Boiler - Combi,,,,0.0,0.0,1.0,No,No,,,12.0,80.3,18236.0,3821.0,0.0,50.0,3.92,Yes,No,Yes,Yes,ASHP,,,,1184.27,18.0,5.0,Yes,03/05/2021,Everwarm,HT_ASHP,,Vaillant,VWL 125/6 A 230V S2,12.0,R290,0.0,Water_New,200.0,,1.0,,9.0,0.0,,Low Noise Heat Pump,No,0.0,0.0,0.0,Yes,No,0.0,0.0,,No,17943.13,3572.21,1610.23,2435.18,,,,,,,3.0,0.0,House_Mid-Terrace_2.0
Warmworks,EOH2837,EH12,43.0,Working Full time (>30hrs),Professional,Prefer not to say,2020-11-09T00:00:00.000Z,Owner-Occupied,10.0,C2,3.0,10/12/2020,Warmworks,Suburban,1919-1944,D,2.0,2.0,86.71,4.0,3.0,4.0,2.73,Cavity_Insulated,Suspended,Pitched,Double,Yes,Gas,Gas Boiler - Combi,Gas Boiler - Combi,,,4.0,0.0,0.0,No,No,,,6.8,79.0,17147.0,3821.0,0.0,50.0,3.65,Yes,No,Yes,Yes,HT_ASHP,,,,1187.96,18.0,5.0,Yes,15/03/2021,Everwarm,HT_ASHP,,Vaillant,VWL 75/6 A 230V S2,7.0,R290,0.0,Water_New,200.0,,1.0,,2.0,0.0,,Low Noise Heat Pump,No,0.0,0.0,0.0,No,No,0.0,0.0,,No,11215.18,3572.21,1610.23,,,,,,,,3.0,0.0,House_Semi-Detached_2.0
Warmworks,EOH1596,KY15,64.0,Retired,Pensioner,"0 - 12,500",2020-11-09T00:00:00.000Z,Owner-Occupied,26.0,DE,2.0,09/12/2020,Warmworks,Rural,Pre 1919,D,1.0,0.0,131.0,6.0,3.0,6.0,2.48,Cavity_No_insulation,Suspended,Pitched,Double,No,Oil,Oil Boiler,,Water,Large (> 170l),6.0,0.0,0.0,No,No,2765.0,,,,,,,,,No,Yes,Yes,No,None - Installation not recommended,,,,,,,,,,,,,,,,,,,,,,,,,,,,,,,,,,,,,,,,,,,,,,,,House_Detached_1.0
Warmworks,EOH0684,KY1,35.0,Working Full time (>30hrs),Manager,"50,001+",2020-11-09T00:00:00.000Z,Owner-Occupied,0.1,C1,3.0,17/12/2020,Everwarm,Suburban,2001+,B,3.0,2.0,213.12,7.0,4.0,7.0,2.42,Cavity_Insulated,Suspended,Pitched,Double,Yes,Gas,Gas Boiler - Combi,,Water,Normal (90-130l),0.0,0.0,1.0,No,No,2900.0,,11.3,66.6,28500.0,4776.0,0.0,,,Yes,No,Yes,Yes,HT_ASHP,,,,1770.59,18.0,5.0,No,,,,,,,,,,,,,,,,,,,,,,,,,,,,,,,,,,,,,,,,,House_Detached_2.0
Warmworks,EOH1259,TD5,81.0,Retired,Pensioner,"0 - 12,500",2020-12-10T00:00:00.000Z,Rented (Social),2.5,DE,1.0,12/01/2021,Warmworks,Suburban,1965-1980,C,2.0,0.0,80.52,4.0,2.0,4.0,2.41,Cavity_Insulated,Suspended,Pitched,Double,Yes,Gas,Gas Boiler - Combi,,,,0.0,0.0,0.0,No,No,,,,,,,,,,Yes,No,Yes,Yes,ASHP,,,,,,,No,,,,,,,,,,,,,,,,,,,,,,,,,,,,,,,,,,,,,,,,,House_Mid-Terrace_2.0
Warmworks,EOH2443,TD8,40.0,Unemployed,Unemployed/Benefits,Prefer not to say,2020-12-11T00:00:00.000Z,Rented (Social),18.0,DE,1.0,10/01/2021,Warmworks,Suburban,1965-1980,C,2.0,1.0,94.71,5.0,3.0,5.0,2.42,Cavity_Insulated,Solid,Pitched,Double,Yes,Gas,Gas Boiler - Combi,,,,0.0,0.0,0.0,No,No,,,,,,,,,,Yes,No,Yes,Yes,HT_ASHP,,,,,,,No,,,,,,,,,,,,,,,,,,,,,,,,,,,,,,,,,,,,,,,,,Maisonette_End-Terrace_2.0
Warmworks,EOH1335,TD8,35.0,Working Part time,Professional,"30,001 - 40,000",2020-12-11T00:00:00.000Z,Rented (Social),1.0,C2,1.0,13/01/2021,Warmworks,Suburban,1965-1980,D,2.0,2.0,94.71,5.0,3.0,5.0,2.42,Cavity_Insulated,Solid,Pitched,Double,Yes,Gas,Gas Boiler - Combi,,,,0.0,0.0,0.0,No,No,3784.0,24528.0,,,,,,,,Yes,No,Yes,Yes,HT_ASHP,,,,,,,No,,,,,,,,,,,,,,,,,,,,,,,,,,,,,,,,,,,,,,,,,Maisonette_Detached_2.0
Warmworks,EOH3133,TD5,73.0,Retired,Pensioner,"0 - 12,500",2020-12-11T00:00:00.000Z,Rented (Social),5.0,DE,2.0,12/01/2021,Warmworks,Suburban,1945-1964,C,2.0,0.0,68.97,3.0,2.0,3.0,2.3,Cavity_No_insulation,Suspended,Another Dwelling Above,Double,Yes,Gas,Gas Boiler - Combi,,,,0.0,0.0,0.0,No,No,,,,,,,,,,Yes,No,Yes,Yes,ASHP,,,,,,,No,,,,,,,,,,,,,,,,,,,,,,,,,,,,,,,,,,,,,,,,,Flat_Flat_1.0
Warmworks,EOH0599,TD8,46.0,Working Full time (>30hrs),Casual worker,Prefer not to say,2020-12-14T00:00:00.000Z,Rented (Social),4.0,DE,1.0,12/01/2021,Warmworks,Rural,1945-1964,C,1.0,0.0,51.85,2.0,1.0,2.0,2.39,Cavity_Insulated,Suspended,Pitched,Double,Yes,Gas,Gas Boiler - Combi,,,,0.0,0.0,0.0,No,No,,,,,,,,,,Yes,No,Yes,Yes,ASHP,,,,,,,No,,,,,,,,,,,,,,,,,,,,,,,,,,,,,,,,,,,,,,,,,House_Mid-Terrace_1.0
Warmworks,EOH2509,TD5,30.0,Carer,Casual worker,"12,501 - 16,200",2020-12-14T00:00:00.000Z,Rented (Social),,DE,1.0,12/01/2021,Warmworks,Rural,1945-1964,C,1.0,2.0,72.95,5.0,3.0,5.0,2.56,Cavity_Insulated,Solid,Pitched,Double,Yes,Gas,Gas Boiler - Combi,Electric - Direct,,,0.0,0.0,1.0,No,No,,,,,,,,,,Yes,No,Yes,Yes,ASHP,,,,,,,No,,,,,,,,,,,,,,,,,,,,,,,,,,,,,,,,,,,,,,,,,Maisonette_Flat_1.0
Warmworks,EOH1630,TD8,37.0,Unemployed,Unemployed/Benefits,Prefer not to say,2020-12-15T00:00:00.000Z,Rented (Social),3.0,DE,1.0,10/01/2021,Warmworks,Rural,1945-1964,C,1.0,0.0,81.0,4.0,2.0,4.0,2.4,Cavity_Insulated,Suspended,Pitched,Double,Yes,Gas,Gas Boiler - Combi,,,,0.0,0.0,0.0,No,No,,,5.0,,7728.0,3057.0,156.0,,,Yes,No,Yes,Yes,ASHP,,,,,,,No,,,,,,,,,,,,,,,,,,,,,,,,,,,,,,,,,,,,,,,,,House_Mid-Terrace_2.0
Warmworks,EOH2754,EH38,35.0,Working Full time (>30hrs),Manager,"12,501 - 16,200",2020-12-16T00:00:00.000Z,Owner-Occupied,1.0,C1,3.0,10/01/2021,Warmworks,Urban,1919-1944,D,,,74.91,4.0,2.0,4.0,2.56,Cavity_Insulated,Suspended,Pitched,Double,,,Fire - Coal,Fire - Coal,Water,Normal (90-130l),0.0,0.0,0.0,No,No,,,8.5,85.0,10573.0,3057.0,156.0,50.0,3.65,Yes,No,Yes,Yes,ASHP,,,,767.0,14.0,,Yes,16/02/2021,TK Murray,HT_ASHP,,Vaillant,VWL 75/6 A 230V S2,7.0,R290,0.0,Water_New,150.0,,1.0,8.0,,0.0,,Low Noise Heat Pump,No,0.0,0.0,0.0,,No,0.0,0.0,,No,11215.18,3508.27,1610.23,2164.61,,,,,,,1.0,0.0,House_End-Terrace_1.0
Warmworks,EOH0708,TD5,33.0,Working Full time (>30hrs),Skilled Manual Worker,"16,201 - 20,000",2020-12-16T00:00:00.000Z,Rented (Social),8.0,C2,1.0,12/01/2021,Warmworks,Suburban,1965-1980,D,1.0,0.0,67.44,4.0,2.0,4.0,2.29,Cavity_No_insulation,Solid,Pitched,Double,Yes,Gas,Gas Boiler - Combi,,,,0.0,0.0,0.0,No,No,,,,,,,,,,Yes,No,Yes,Yes,ASHP,,,,,,,No,,,,,,,,,,,,,,,,,,,,,,,,,,,,,,,,,,,,,,,,,Maisonette_End-Terrace_1.0
Warmworks,EOH2779,TD8,68.0,Retired,Pensioner,Prefer not to say,2020-12-17T00:00:00.000Z,Rented (Social),32.0,DE,1.0,10/01/2021,Warmworks,Suburban,1945-1964,C,1.0,0.0,99.0,5.0,3.0,5.0,2.37,Cavity_Insulated,Suspended,Pitched,Double,Yes,Gas,Gas Boiler - Combi,,,,0.0,0.0,0.0,No,No,,,,,,,,,,Yes,No,Yes,Yes,ASHP,,,,,,,No,,,,,,,,,,,,,,,,,,,,,,,,,,,,,,,,,,,,,,,,,House_End-Terrace_2.0
Warmworks,EOH0223,TD8,33.0,Working Full time (>30hrs),Supervisor,"20,001 - 25,000",2021-02-15T00:00:00.000Z,Rented (Social),33.0,C1,4.0,22/02/2021,Warmworks,Suburban,Pre 1919,E,2.0,1.0,86.26,4.0,3.0,4.0,2.6,Cavity_Insulated,Solid,Pitched,Double,Yes,,Gas Boiler - Combi,,,,0.0,0.0,0.0,No,No,,,5.0,79.1,6170.0,3623.0,156.0,,,Yes,No,Yes,Yes,ASHP,,,,617.0,14.0,,No,,,,,,,,,,,,,,,,,,,,,,,,,,,,,,,,,,,,,,,,,Flat_Flat_2.0
Warmworks,EOH3151,TD5,21.0,Working Full time (>30hrs),Professional,"12,501 - 16,200",2021-02-15T00:00:00.000Z,Rented (Social),12.0,C1,4.0,22/02/2021,Warmworks,Suburban,1945-1964,D,2.0,1.0,76.08,3.0,2.0,3.0,2.6,Cavity_Insulated,Suspended,Pitched,Double,Yes,,Gas Boiler - Combi,,,,0.0,0.0,0.0,No,No,,,5.0,81.7,8734.0,3057.0,156.0,50.0,3.58,Yes,No,Yes,Yes,ASHP,,,,691.0,14.0,,Yes,23/03/2021,TK Murray,ASHP,,Mitsubishi,PUHZ-W50VHA2,5.0,R410A,0.0,Water_New,150.0,,1.0,7.0,,0.0,,Low Noise Heat Pump,No,0.0,0.0,0.0,Yes,No,0.0,0.0,,No,7655.16,3508.27,1610.23,1894.03,,,,,,,2.0,0.0,House_End-Terrace_2.0
Warmworks,EOH1671,TD4,68.0,Retired,Pensioner,Prefer not to say,2021-02-16T00:00:00.000Z,Rented (Social),5.0,DE,2.0,23/02/2021,Warmworks,Suburban,1981-1990,F,2.0,0.0,47.73,2.0,1.0,2.0,2.6,Cavity_No_insulation,Suspended,Pitched,Double,No,,Electric - Direct,,Water,Medium (131-170l),0.0,0.0,0.0,No,No,,,5.0,96.8,5604.0,4075.0,156.0,50.0,3.58,Yes,No,Yes,No,ASHP,,,,660.0,14.0,,Yes,22/03/2021,TK Murray,ASHP,,Mitsubishi,PUHZ-W50VHA2,5.0,R410A,0.0,Water_New,150.0,,1.0,,6.0,0.0,,Low Noise Heat Pump,No,0.0,0.0,0.0,No,No,0.0,0.0,,No,7655.16,3508.27,1610.23,1623.46,,,,,,,2.0,0.0,House_Semi-Detached_1.0
Warmworks,EOH1183,TD8,38.0,Working Part time,Skilled Manual Worker,"20,001 - 25,000",2021-02-17T00:00:00.000Z,Rented (Social),25.0,C2,1.0,23/02/2021,Warmworks,Suburban,1965-1980,E,2.0,0.0,56.44,3.0,2.0,3.0,2.5,Cavity_Insulated,Suspended,Another Dwelling Above,Double,,,Electric - Direct,,Water,Normal (90-130l),0.0,0.0,0.0,No,No,,,5.0,92.0,6395.0,3057.0,156.0,50.0,3.15,Yes,No,Yes,No,ASHP,,,,593.0,14.0,,Yes,29/06/2021,TK Murray,ASHP,,Vaillant,VWL 55/3 A 230V,5.0,R410A,0.0,Water_New,150.0,,1.0,7.0,,0.0,,Low Noise Heat Pump,No,0.0,0.0,0.0,,No,0.0,0.0,,No,7655.16,3508.27,1610.23,1894.03,,,,,,,2.0,0.0,Flat_Flat_1.0
Warmworks,EOH1590,TD1,33.0,Unemployed,Semi and unskilled manual worker,"12,501 - 16,200",2021-02-17T00:00:00.000Z,Rented (Social),4.0,DE,1.0,23/02/2021,Warmworks,Suburban,1965-1980,E,2.0,0.0,52.48,2.0,1.0,2.0,2.6,Cavity_No_insulation,Solid,Another Dwelling Above,Double,,,Electric - Storage,,Water,Normal (90-130l),0.0,0.0,0.0,No,No,,,5.0,92.0,6157.0,4075.0,156.0,50.0,3.15,Yes,No,Yes,No,ASHP,,,,683.0,14.0,,Yes,21/04/2021,TK Murray,ASHP,,Vaillant,VWL 55/3 A 230V,5.0,R410A,0.0,Water_New,150.0,,1.0,6.0,,0.0,,Low Noise Heat Pump,No,0.0,0.0,0.0,,No,0.0,0.0,,No,7655.16,3508.27,1610.23,1623.45,,,,,,,2.0,0.0,Flat_Flat_1.0
Warmworks,EOH0261,TD1,62.0,Working Full time (>30hrs),Skilled Manual Worker,Prefer not to say,2021-02-19T00:00:00.000Z,Rented (Social),6.0,C2,1.0,18/05/2021,Warmworks,Suburban,1965-1980,D,,,57.54,2.0,1.0,2.0,2.6,Cavity_No_insulation,Solid,Pitched,Double,,,Electric - Storage,,Water,Normal (90-130l),0.0,0.0,0.0,No,No,,,,,,,,,,Yes,No,Yes,Yes,None - Installation not recommended,,,,,,,,,,,,,,,,,,,,,,,,,,,,,,,,,,,,,,,,,,,,,,,,Maisonette_Detached_1.0
Warmworks,EOH2307,TD10,20.0,Working Full time (>30hrs),Professional,"12,501 - 16,200",2021-02-22T00:00:00.000Z,Rented (Social),10.0,DE,2.0,23/02/2021,Warmworks,Urban,2001+,F,,,82.97,3.0,2.0,0.0,2.6,Cavity_Insulated,Solid,Pitched,Double,Yes,Wood,,,Water,No access,0.0,0.0,0.0,No,No,,,5.0,89.4,9089.0,2697.0,156.0,45.0,3.93,Yes,No,Yes,No,ASHP,,,,644.0,14.0,,Yes,02/04/2021,TK Murray,ASHP,,Mitsubishi,PUHZ-W50VHA2,5.0,R410A,0.0,Water_New,150.0,,1.0,10.0,,0.0,,Low Noise Heat Pump,No,0.0,0.0,0.0,Yes,No,0.0,0.0,,No,7655.16,3508.27,1610.23,2705.76,,,,,,,2.0,0.0,House_Semi-Detached_2.0
Warmworks,EOH1036,TD1,33.0,Stay at home parent,Unemployed/Benefits,Prefer not to say,2021-02-23T00:00:00.000Z,Rented (Social),3.0,DE,1.0,24/03/2021,Warmworks,Suburban,1965-1980,F,2.0,3.0,89.1,5.0,3.0,5.0,2.47,Cavity_No_insulation,Suspended,Pitched,Double,No,,Electric - Storage,Electric - Direct,Water,Normal (90-130l),0.0,0.0,0.0,No,No,,,,,,,,,,No,No,Yes,No,HT_ASHP,,,,,,,No,,,,,,,,,,,,,,,,,,,,,,,,,,,,,,,,,,,,,,,,,House_Semi-Detached_2.0
Warmworks,EOH2411,TD8,21.0,Working Part time,Professional,"12,501 - 16,200",2021-03-04T00:00:00.000Z,Owner-Occupied,22.0,DE,3.0,19/03/2021,Warmworks,Urban,1919-1944,F,,,48.08,3.0,1.0,3.0,2.72,Cavity_No_insulation,Solid,Pitched,Double,Yes,,Electric - Direct,,Water,Normal (90-130l),0.0,0.0,0.0,No,No,,,,,,,,,,No,No,Yes,No,None - Installation not recommended,,,,,,,,,,,,,,,,,,,,,,,,,,,,,,,,,,,,,,,,,,,,,,,,House_Mid-Terrace_1.0
Warmworks,EOH1249,TD4,57.0,Unemployed,Unemployed/Benefits,Prefer not to say,2021-03-10T00:00:00.000Z,Rented (Social),1.0,DE,1.0,25/03/2021,Warmworks,Suburban,1965-1980,E,1.0,0.0,46.57,3.0,1.0,3.0,2.35,Cavity_Insulated,Suspended,Pitched,Double,,,Electric - Direct,,Water,Normal (90-130l),0.0,0.0,0.0,No,No,,,5.0,105.0,6976.0,2038.0,156.0,50.0,3.15,Yes,No,Yes,No,ASHP,,,,518.0,14.0,,Yes,10/05/2021,TK Murray,ASHP,,Vaillant,VWL 55/3 A 230V,5.0,R410A,0.0,Water_New,150.0,,1.0,7.0,,0.0,,Low Noise Heat Pump,No,0.0,0.0,0.0,,No,0.0,0.0,,No,7655.16,3508.27,1610.23,1894.03,,,,,,,1.0,0.0,Maisonette_Mid-Terrace_1.0
Warmworks,EOH0963,TD4,58.0,Unemployed,Professional,Prefer not to say,2021-03-10T00:00:00.000Z,Rented (Social),8.0,C2,1.0,25/03/2021,Warmworks,Suburban,1919-1944,E,1.0,0.0,75.46,4.0,2.0,3.0,2.51,Cavity_Insulated,Suspended,Pitched,Double,,,Electric - Direct,,Water,Normal (90-130l),0.0,0.0,0.0,No,No,,,5.0,64.3,6228.0,3057.0,156.0,50.0,3.58,Yes,No,Yes,No,ASHP,,,,586.0,14.0,,Yes,17/05/2021,TK Murray,ASHP,,Mitsubishi,PUHZ-W50VHA2,5.0,R410A,0.0,Water_New,150.0,,1.0,8.0,,0.0,,Low Noise Heat Pump,No,0.0,0.0,0.0,,No,0.0,0.0,,No,7655.16,3508.27,1610.23,2164.6,,,,,,,1.0,0.0,House_Mid-Terrace_2.0
Warmworks,EOH2398,TD1,79.0,Retired,Pensioner,Prefer not to say,2021-03-10T00:00:00.000Z,Rented (Social),35.0,DE,1.0,26/03/2021,Warmworks,Suburban,1945-1964,D,2.0,0.0,63.82,3.0,2.0,3.0,2.31,Cavity_Insulated,Suspended,Pitched,Double,,,Electric - Storage,Electric - Direct,Water,Normal (90-130l),0.0,0.0,0.0,No,No,,,5.0,72.3,6807.0,3057.0,156.0,50.0,3.58,Yes,No,Yes,No,ASHP,,,,611.0,14.0,,Yes,04/05/2021,TK Murray,ASHP,,Mitsubishi,PUHZ-W50VHA2,5.0,R410A,0.0,Water_New,150.0,,1.0,8.0,,0.0,,Low Noise Heat Pump,No,0.0,0.0,0.0,,No,0.0,0.0,,No,7655.16,3508.27,1610.23,2164.6,,,,,,,1.0,0.0,House_Mid-Terrace_2.0
Warmworks,EOH0119,TD1,21.0,Working Part time,Professional,"12,501 - 16,200",2021-03-11T00:00:00.000Z,Owner-Occupied,11.0,DE,4.0,24/03/2021,Warmworks,Suburban,1945-1964,C,,,78.43,5.0,3.0,5.0,2.3,Cavity_No_insulation,Solid,Pitched,Double,Yes,,Gas Boiler - Combi,,,,0.0,0.0,0.0,No,No,,,5.0,62.8,6161.0,3623.0,156.0,45.0,3.93,Yes,No,Yes,Yes,ASHP,,,,617.0,14.0,,Yes,19/04/2021,TK Murray,ASHP,,Mitsubishi,PUHZ-W50VHA2,5.0,R410A,0.0,Water_New,150.0,,1.0,9.0,,0.0,,Low Noise Heat Pump,No,0.0,0.0,0.0,Yes,No,0.0,0.0,,No,7655.16,3508.27,1610.23,2435.18,,,,,,,2.0,0.0,Maisonette_End-Terrace_2.0
Warmworks,EOH0125,TD9,72.0,Retired,Pensioner,Prefer not to say,2021-03-11T00:00:00.000Z,Rented (Social),42.0,DE,1.0,21/03/2021,Warmworks,Suburban,1945-1964,E,1.0,0.0,72.91,4.0,2.0,4.0,2.44,Cavity_Insulated,Suspended,Pitched,Double,No,,Electric - Direct,,Water,Normal (90-130l),0.0,0.0,0.0,No,No,,,,,,,,,,Yes,No,Yes,No,ASHP,,,,,,,No,,,,,,,,,,,,,,,,,,,,,,,,,,,,,,,,,,,,,,,,,Maisonette_End-Terrace_2.0
Warmworks,EOH1101,TD4,52.0,Working Full time (>30hrs),Semi and unskilled manual worker,Prefer not to say,2021-03-11T00:00:00.000Z,Rented (Social),24.0,DE,1.0,14/04/2021,Warmworks,Suburban,1919-1944,D,3.0,0.0,93.0,5.0,3.0,5.0,2.52,Cavity_Insulated,Solid,Pitched,Double,No,Coal,Fire - Coal,,Water,Normal (90-130l),0.0,0.0,0.0,No,No,,,8.5,,11730.0,3623.0,156.0,,,Yes,No,Yes,No,ASHP,,,,871.0,14.0,,Yes,,,,,,,,,,,,,,,,,,,,,,,,,,,,,,,,,,,,,,,,,House_End-Terrace_2.0
Warmworks,EOH1048,ML3,42.0,Working Full time (>30hrs),Professional,"40,001 - 50,000",2021-03-12T00:00:00.000Z,Owner-Occupied,10.0,C1,4.0,23/03/2021,Warmworks,Suburban,1945-1964,C,3.0,0.0,93.3,5.0,3.0,5.0,2.56,Cavity_Insulated,Suspended,Pitched,Double,Yes,Gas,Gas Boiler - Combi,,,,0.0,0.0,0.0,No,No,,,5.5,67.2,15282.0,3566.0,665.0,55.0,3.39,Yes,No,Yes,No,HT_ASHP,,,,1053.0,14.0,3.0,Yes,04/05/2021,BRB Electrical Ltd,HT_ASHP,,Vaillant,VWL 75/6 A 230V S2,7.0,R290,0.0,Water_New,200.0,,1.0,,10.0,0.0,,Low Noise Heat Pump,No,0.0,0.0,0.0,Yes,No,0.0,0.0,,No,11215.17,3572.21,1610.23,2705.76,,,,,,,2.0,0.0,House_Semi-Detached_2.0
Warmworks,EOH0474,KY12,43.0,Working Full time (>30hrs),Manager,Prefer not to say,2021-03-12T00:00:00.000Z,Owner-Occupied,1.0,AB,4.0,15/04/2021,Warmworks,Rural,1919-1944,E,2.0,0.0,61.78,4.0,2.0,4.0,2.58,Cavity_No_insulation,Suspended,Pitched,Double,No,Wood,Biomass Boiler,Fire - Wood,Water,Medium (131-170l),0.0,0.0,0.0,No,No,,,4.7,87.3,11856.0,1910.0,0.0,50.0,3.41,Yes,No,Yes,No,HT_ASHP,,,,802.32,18.0,5.0,Yes,28/07/2021,Everwarm,HT_ASHP,,Vaillant,VWL 55/6 A 230V S2,5.0,R290,0.0,Water_New,150.0,,1.0,,8.0,0.0,,Low Noise Heat Pump,No,0.0,0.0,0.0,No,No,0.0,0.0,,No,11215.17,3508.27,1610.23,2164.6,,,,,,,2.0,0.0,House_Detached_1.0
Warmworks,EOH1931,EH12,47.0,Working Full time (>30hrs),Professional,"50,001+",2021-03-12T00:00:00.000Z,Owner-Occupied,11.0,AB,4.0,22/04/2021,Warmworks,Urban,1919-1944,C,2.0,2.0,157.55,6.0,4.0,6.0,2.74,Cavity_No_insulation,Suspended,Pitched,Double,Yes,Gas,Gas Boiler - Standard,,Water,Large (> 170l),0.0,0.0,0.0,Yes - Borehole,Yes,3964.0,16313.0,8.9,,22415.0,4775.0,0.0,,,Yes,Yes,Yes,Yes,GSHP,,,,1412.0,18.0,5.0,No,,,,,,,,,,,,,,,,,,,,,,,,,,,,,,,,,,,,,,,,,House_Detached_2.0
Warmworks,EOH0230,TD1,74.0,Retired,Pensioner,Prefer not to say,2021-03-12T00:00:00.000Z,Rented (Social),44.0,C2,1.0,26/03/2021,Warmworks,Suburban,1945-1964,D,1.0,0.0,80.92,5.0,3.0,5.0,2.46,Cavity_Insulated,Suspended,Pitched,Double,No,,Electric - Storage,Electric - Direct,Water,Normal (90-130l),0.0,0.0,0.0,No,No,,,,,,,,,,Yes,No,Yes,No,ASHP,,,,,,,No,,,,,,,,,,,,,,,,,,,,,,,,,,,,,,,,,,,,,,,,,House_Mid-Terrace_2.0
Warmworks,EOH2888,EH48,41.0,Working Full time (>30hrs),Professional,"30,001 - 40,000",2021-03-12T00:00:00.000Z,Owner-Occupied,5.0,C1,2.0,16/04/2021,Warmworks,Suburban,2001+,C,1.0,0.0,91.4,5.0,3.0,5.0,2.33,Cavity_Insulated,Solid,Pitched,Double,Yes,Gas,Gas Boiler - Combi,,,,0.0,0.0,1.0,No,No,,,5.9,63.9,11841.0,3937.0,0.0,45.0,4.14,Yes,No,Yes,Yes,ASHP,,,,518.58,18.0,5.0,Yes,02/06/2021,Everwarm,ASHP,,Mitsubishi,PUZ-WM85VAA-BS,8.5,R32,0.0,Water_New,200.0,,1.0,11.0,,0.0,,Low Noise Heat Pump,No,0.0,0.0,0.0,No,No,0.0,0.0,,No,8575.73,3572.21,1610.23,2976.33,,,,,,,2.0,0.0,House_Detached_2.0
Warmworks,EOH3051,EH5,41.0,Working Part time,Professional,Prefer not to say,2021-03-12T00:00:00.000Z,Owner-Occupied,2.0,AB,3.0,26/04/2021,Warmworks,Urban,1919-1944,C,2.0,2.0,93.34,5.0,4.0,5.0,2.51,Cavity_Insulated,Suspended,Pitched,Double,Yes,Gas,Gas Boiler - Combi,Fire - Wood,,,0.0,0.0,1.0,No,No,,,6.9,,20349.0,3937.0,0.0,,,Yes,No,Yes,Yes,ASHP,,,,966.42,18.0,5.0,No,,,,,,,,,,,,,,,,,,,,,,,,,,,,,,,,,,,,,,,,,House_Semi-Detached_2.0
Warmworks,EOH0856,EH34,34.0,Working Full time (>30hrs),Professional,"40,001 - 50,000",2021-03-12T00:00:00.000Z,Owner-Occupied,6.0,AB,4.0,04/05/2021,Warmworks,Suburban,Pre 1919,E,2.0,2.0,105.27,5.0,3.0,5.0,2.3,Cavity_No_insulation,Suspended,Pitched,Double,No,LPG,LPG Boiler,Fire - Wood,Water,Medium (131-170l),0.0,0.0,1.0,No,No,,,7.5,76.0,21033.0,2250.0,0.0,50.0,3.81,Yes,Yes,Yes,Yes,ASHP,,,,921.0,18.0,5.0,Yes,11/08/2021,Everwarm,ASHP,,Mitsubishi,PUZ-WM85VAA,8.5,R32,0.0,Water_New,200.0,,1.0,11.0,,0.0,,Low Noise Heat Pump,No,0.0,0.0,0.0,No,No,0.0,0.0,,No,8575.73,3572.21,1610.23,2976.33,,,,,,,3.0,0.0,House_Detached_1.0
Warmworks,EOH0117,EH31,51.0,Working Full time (>30hrs),Professional,Prefer not to say,2021-03-12T00:00:00.000Z,Owner-Occupied,16.0,AB,4.0,04/05/2021,Warmworks,Suburban,1965-1980,C,3.0,1.0,127.75,7.0,4.0,7.0,2.39,Cavity_Insulated,Suspended,Pitched,Double,Yes,Gas,Gas Boiler - Combi,,,,0.0,0.0,1.0,No,No,,,,,,,,,,Yes,No,Yes,Yes,ASHP,,,,,,,No,,,,,,,,,,,,,,,,,,,,,,,,,,,,,,,,,,,,,,,,,House_Detached_2.0
Warmworks,EOH0256,KY1,49.0,Working Part time,Professional,"0 - 12,500",2021-03-12T00:00:00.000Z,Owner-Occupied,11.0,C1,4.0,15/04/2021,Warmworks,Suburban,1919-1944,D,4.0,0.0,99.87,6.0,4.0,5.0,2.62,Cavity_Insulated,Suspended,Another Dwelling Above,Double,Yes,Gas,Gas Boiler - Standard,Fire - Gas,Water,Normal (90-130l),0.0,1.0,1.0,No,No,,,7.1,80.0,26423.0,4921.0,0.0,50.0,3.81,Yes,No,Yes,No,ASHP,,,,1254.96,18.0,5.0,Yes,13/09/2021,Everwarm,ASHP,,Mitsubishi,PUZ-WM85VAA,8.5,R32,0.0,Water_New,200.0,,1.0,7.0,,0.0,,Low Noise Heat Pump,No,0.0,0.0,0.0,No,No,0.0,0.0,,No,7655.16,3572.21,1610.23,1894.03,,,,,,,2.0,0.0,Flat_Flat_1.0
Warmworks,EOH2907,EH21,46.0,Working Full time (>30hrs),Professional,"50,001+",2021-03-12T00:00:00.000Z,Owner-Occupied,3.0,AB,3.0,21/04/2021,Warmworks,Suburban,1991-2000,C,3.0,0.0,83.88,6.0,3.0,5.0,2.39,Cavity_Insulated,Suspended,Pitched,Double,Yes,Gas,Gas Boiler - Combi,,,,0.0,0.0,0.0,No,No,,,,,,,,,,Yes,No,Yes,No,None - Installation not recommended,,,,,,,,,,,,,,,,,,,,,,,,,,,,,,,,,,,,,,,,,,,,,,,,House_Semi-Detached_2.0
Warmworks,EOH0464,EH10,49.0,Working Full time (>30hrs),Professional,"50,001+",2021-03-12T00:00:00.000Z,Owner-Occupied,10.0,AB,4.0,29/04/2021,Warmworks,Urban,1965-1980,C,2.0,2.0,105.1,6.0,4.0,6.0,2.29,Cavity_Insulated,Solid,Pitched,Double,Yes,Gas,Gas Boiler - Combi,,,,0.0,0.0,1.0,No,No,,,6.5,63.0,16040.0,4775.0,0.0,50.0,3.65,Yes,No,Yes,Yes,HT_ASHP,,,,1120.0,18.0,5.0,Yes,27/09/2021,Everwarm,HT_ASHP,,Vaillant,VWL 75/6 A 230V S2,7.0,R290,0.0,Water_New,200.0,,1.0,,12.0,0.0,,Low Noise Heat Pump,No,0.0,0.0,0.0,No,No,0.0,0.0,,No,11215.17,3572.21,1610.23,3246.91,,,,,,,3.0,0.0,House_Detached_2.0
Warmworks,EOH2523,TD7,83.0,Retired,Pensioner,"0 - 12,500",2021-03-12T00:00:00.000Z,Owner-Occupied,4.0,DE,1.0,25/03/2021,Warmworks,Rural,2001+,D,1.0,0.0,68.72,4.0,2.0,4.0,2.3,Cavity_Insulated,Solid,Pitched,Double,,,Electric - Direct,Electric - Direct,Water,Normal (90-130l),0.0,0.0,0.0,No,No,,,4.6,46.9,13733.0,3566.0,2038.0,45.0,3.93,Yes,No,Yes,No,ASHP,,,,1065.0,14.0,3.0,Yes,07/06/2021,BRB Electrical Ltd,ASHP,,Mitsubishi,PUHZ-W50VHA2,5.0,R410A,0.0,Water_New,150.0,,1.0,7.0,,0.0,,Low Noise Heat Pump,No,0.0,0.0,0.0,,No,0.0,0.0,,No,7655.16,3508.27,1610.23,1894.03,,,,,,,2.0,0.0,House_Detached_2.0
Warmworks,EOH1771,PH7,56.0,Working Full time (>30hrs),Professional,"50,001+",2021-03-12T00:00:00.000Z,Owner-Occupied,3.0,C1,5.0,01/07/2021,Warmworks,Rural,1965-1980,D,2.0,0.0,140.09,5.0,3.0,5.0,2.6,Cavity_No_insulation,Suspended,Pitched,Double,Yes,Gas,Gas Boiler - Standard,Fire - Wood,Water,Normal (90-130l),0.0,0.0,1.0,No,No,,,10.2,76.0,25458.0,3820.0,0.0,50.0,3.92,Yes,No,Yes,Yes,HT_ASHP,,,,1154.0,18.0,5.0,Yes,06/09/2021,Everwarm,HT_ASHP,,Vaillant,VWL 125/6 A 230V S2,12.0,R290,0.0,Water_New,200.0,,1.0,,13.0,0.0,,Low Noise Heat Pump,No,0.0,0.0,0.0,No,No,0.0,0.0,,No,17943.13,3508.27,1610.23,3517.48,,,,,,,2.0,0.0,House_Detached_1.0
Warmworks,EOH1392,KY11,37.0,Working Full time (>30hrs),Supervisor,Prefer not to say,2021-03-13T00:00:00.000Z,Owner-Occupied,5.0,C1,1.0,01/06/2021,Warmworks,Suburban,1965-1980,C,2.0,0.0,70.4,4.0,3.0,4.0,2.3,Cavity_No_insulation,Suspended,Pitched,Double,Yes,Gas,Gas Boiler - Combi,,,,0.0,0.0,0.0,No,No,1802.0,11803.0,4.7,69.0,15218.0,2953.0,0.0,50.0,3.41,Yes,No,Yes,Yes,ASHP,,,,769.5,18.0,5.0,Yes,31/08/2021,Everwarm,HT_ASHP,,Vaillant,VWL 55/6 A 230V S2,5.0,R290,0.0,Water_New,150.0,,1.0,8.0,,0.0,,Low Noise Heat Pump,No,0.0,0.0,0.0,No,No,0.0,0.0,,No,7655.16,3508.27,1610.23,2164.6,,,,,,,2.0,0.0,House_Mid-Terrace_2.0
Warmworks,EOH0969,EH4,51.0,Working Full time (>30hrs),Professional,"50,001+",2021-03-13T00:00:00.000Z,Owner-Occupied,14.0,AB,4.0,25/05/2021,Warmworks,Urban,1919-1944,C,2.0,3.0,131.73,6.0,4.0,6.0,2.83,Cavity_Insulated,Suspended,Pitched,Double,Yes,Gas,Gas Boiler - Standard,,Water,Large (> 170l),0.0,0.0,1.0,No,No,,,,,,,,,,Yes,No,Yes,Yes,None - Installation not recommended,,,,,,,,,,,,,,,,,,,,,,,,,,,,,,,,,,,,,,,,,,,,,,,,House_Semi-Detached_1.0
Warmworks,EOH1660,KY14,51.0,Working Full time (>30hrs),Professional,"40,001 - 50,000",2021-03-14T00:00:00.000Z,Owner-Occupied,5.0,C1,1.0,13/04/2021,Warmworks,Rural,1919-1944,E,2.0,3.0,155.41,6.0,4.0,5.0,2.4,Cavity_Insulated,Suspended,Pitched,Double,No,,Electric - Direct,Fire - Wood,Water,Large (> 170l),0.0,0.0,0.0,No,No,,,6.9,71.0,6943.0,2660.0,3.0,45.0,3.84,Yes,No,Yes,No,ASHP,,,,1633.0,17.0,5.0,Yes,05/07/2021,Montali Energy Services Ltd,ASHP,,Mitsubishi,PUZ-WM85VAA,8.5,R32,0.0,Water_New,200.0,,1.0,12.0,,0.0,,Low Noise Heat Pump,No,0.0,0.0,0.0,No,No,0.0,0.0,,No,8575.73,3508.27,1610.23,3246.91,,,,,,,4.0,0.0,House_Semi-Detached_2.0
Warmworks,EOH1884,G44,45.0,Working Full time (>30hrs),Manager,"50,001+",2021-03-14T00:00:00.000Z,Owner-Occupied,4.0,C1,5.0,23/03/2021,Warmworks,Suburban,1945-1964,C,,2.0,251.43,7.0,4.0,7.0,2.74,Cavity_Insulated,Suspended,Pitched,Double,Yes,Gas,Gas Boiler - Combi,Fire - Wood,,,2.0,0.0,0.0,No,No,,,,,,,,50.0,3.92,Yes,No,Yes,Yes,ASHP,,,,,,,Yes,18/08/2021,Everwarm,Hybrid,Separate_Existing Boiler,Vaillant,VWL 125/6 A 230V S2,12.0,R290,0.0,Water_New,100.0,,1.0,,1.0,0.0,,Low Noise Heat Pump,No,0.0,0.0,0.0,No,No,0.0,0.0,,No,10177.84,3442.45,1610.23,2705.76,,,,,,,3.0,0.0,House_Detached_3.0
Warmworks,EOH2761,KY16,41.0,Working Full time (>30hrs),Professional,"50,001+",2021-03-15T00:00:00.000Z,Owner-Occupied,1.0,AB,3.0,27/05/2021,Warmworks,Suburban,Pre 1919,D,2.0,1.0,219.72,8.0,5.0,8.0,2.87,Cavity_No_insulation,Suspended,Pitched,Double,Yes,Gas,Gas Boiler - Standard,Fire - Wood,Water,Large (> 170l),0.0,0.0,1.0,No,No,,,,,,,,,,No,No,Yes with additional measures,Yes with additional measures,None - Installation not recommended,,,,,,,,,,,,,,,,,,,,,,,,,,,,,,,,,,,,,,,,,,,,,,,,House_Detached_2.0
Warmworks,EOH3033,TD7,70.0,Retired,Pensioner,Prefer not to say,2021-03-22T00:00:00.000Z,Owner-Occupied,1.0,C1,5.0,05/05/2021,Warmworks,Rural,2001+,D,1.0,0.0,84.5,4.0,2.0,4.0,2.48,Cavity_Insulated,Suspended,Pitched,Double,,Oil,Oil Boiler,Fire - Wood,Water,Medium (131-170l),0.0,0.0,0.0,No,No,,,8.5,73.0,11360.0,3057.0,156.0,50.0,3.65,Yes,No,Yes,No,HT_ASHP,,,,800.0,14.0,,Yes,01/09/2021,TK Murray,HT_ASHP,,Vaillant,VWL 75/6 A 230V S2,7.0,R290,0.0,Water_New,150.0,,1.0,,10.0,0.0,,Low Noise Heat Pump,No,0.0,0.0,0.0,,No,0.0,0.0,,No,11215.18,3508.27,1610.23,2705.76,,,,,,,3.0,0.0,House_Detached_1.0
Warmworks,EOH2297,EH33,74.0,Carer,Casual worker,"20,001 - 25,000",2021-03-23T00:00:00.000Z,Owner-Occupied,5.0,DE,3.0,04/05/2021,Warmworks,Suburban,2001+,C,2.0,0.0,129.26,6.0,4.0,6.0,2.36,Cavity_Insulated,Suspended,Pitched,Double,Yes,Gas,Gas Boiler - Standard,,Water,Large (> 170l),0.0,0.0,1.0,No,No,,,,,,,,,,Yes,No,Yes,Yes,ASHP,,,,,,,Yes,,,,,,,,,,,,,,,,,,,,,,,,,,,,,,,,,,,,,,,,,House_Detached_2.0
Warmworks,EOH0818,TD1,63.0,Working Part time,Semi and unskilled manual worker,Prefer not to say,2021-03-23T00:00:00.000Z,Rented (Social),3.0,DE,1.0,28/04/2021,Warmworks,Suburban,1965-1980,D,1.0,0.0,50.57,2.0,1.0,2.0,2.36,Cavity_No_insulation,Solid,Another Dwelling Above,Double,,,Electric - Storage,Electric - Direct,Water,Medium (131-170l),0.0,0.0,0.0,No,No,,,5.0,34.0,4413.0,4075.0,156.0,50.0,3.58,Yes,No,Yes,No,ASHP,,,,610.0,14.0,,Yes,14/06/2021,TK Murray,ASHP,,Mitsubishi,PUHZ-W50VHA2,5.0,R410A,0.0,Water_New,150.0,,1.0,6.0,,0.0,,Low Noise Heat Pump,No,0.0,0.0,0.0,,No,0.0,0.0,,No,7655.16,3508.27,1610.23,1623.45,,,,,,,2.0,0.0,Maisonette_Semi-Detached_2.0
Warmworks,EOH0789,EH41,40.0,Working Full time (>30hrs),Professional,"50,001+",2021-03-24T00:00:00.000Z,Owner-Occupied,1.0,C1,4.0,21/04/2021,Warmworks,Suburban,1965-1980,C,2.0,0.0,82.17,4.0,2.0,4.0,2.42,Cavity_Insulated,Suspended,Pitched,Double,Yes,Gas,Gas Boiler - Combi,,,,0.0,0.0,0.0,No,No,,,5.7,76.1,17957.0,5905.0,0.0,45.0,4.14,Yes,No,Yes,No,ASHP,,,,786.0,18.0,5.0,Yes,19/05/2021,Everwarm,ASHP,,Mitsubishi,PUZ-WM85VAA,8.5,R32,0.0,Water_New,200.0,,1.0,7.0,,0.0,Enclosure,Low Noise Heat Pump,No,0.0,0.0,0.0,No,Yes,0.0,0.0,,No,8575.73,3572.21,1610.23,1894.03,,471.12,,,,,3.0,2.0,House_Mid-Terrace_2.0
Warmworks,EOH1895,KY1,31.0,Working Part time,Professional,Prefer not to say,2021-03-24T00:00:00.000Z,Owner-Occupied,,C1,3.0,18/05/2021,Warmworks,Suburban,1965-1980,C,2.0,0.0,71.31,4.0,2.0,4.0,2.3,Cavity_No_insulation,Suspended,Another Dwelling Above,Triple,Yes,Gas,Gas Boiler - Combi,,,,0.0,0.0,0.0,No,No,,,,,,,,,,Yes,No,Yes,Yes,None - Installation not recommended,,,,,,,,,,,,,,,,,,,,,,,,,,,,,,,,,,,,,,,,,,,,,,,,Flat_Flat_1.0
Warmworks,EOH0505,FK3,49.0,Working Full time (>30hrs),Professional,"50,001+",2021-03-25T00:00:00.000Z,Owner-Occupied,9.0,C1,5.0,26/05/2021,Warmworks,Suburban,1945-1964,C,4.0,0.0,97.74,5.0,3.0,5.0,2.55,Cavity_Insulated,Suspended,Pitched,Double,Yes,Gas,Gas Boiler - Combi,,,,0.0,0.0,1.0,No,No,,,7.0,63.0,11406.0,4075.0,0.0,50.0,3.65,Yes,No,Yes,Yes,HT_ASHP,,,,873.0,14.0,,Yes,16/09/2021,TK Murray,HT_ASHP,,Vaillant,VWL 75/6 A 230V S2,7.0,R290,0.0,Water_New,200.0,,1.0,,8.0,0.0,,Low Noise Heat Pump,No,0.0,0.0,0.0,Yes,No,0.0,0.0,,No,11215.18,3572.21,1610.23,2164.61,,,,,,,2.0,0.0,House_Semi-Detached_2.0
Warmworks,EOH1370,EH11,55.0,Working Full time (>30hrs),Professional,"12,501 - 16,200",2021-03-25T00:00:00.000Z,Owner-Occupied,8.0,C1,5.0,22/04/2021,Warmworks,Urban,1919-1944,E,2.0,2.0,144.76,8.0,4.0,8.0,2.63,Cavity_Insulated,Suspended,Pitched,Double,Yes,Gas,Gas Boiler - Combi,Electric - Direct,,,0.0,0.0,0.0,No,No,,,8.8,,24029.0,5905.0,0.0,,,Yes,No,Yes,Yes,HT_ASHP,,,,1489.32,18.0,5.0,No,,,,,,,,,,,,,,,,,,,,,,,,,,,,,,,,,,,,,,,,,House_Detached_2.0
Warmworks,EOH1530,KY6,50.0,Working Full time (>30hrs),Professional,"50,001+",2021-03-25T00:00:00.000Z,Owner-Occupied,23.0,C1,4.0,10/05/2021,Warmworks,Suburban,1991-2000,C,2.0,2.0,134.45,7.0,4.0,7.0,2.39,Cavity_Insulated,Solid,Pitched,Double,Yes,Gas,Gas Boiler - Standard,Fire - Wood,Water,Normal (90-130l),0.0,0.0,0.0,No,No,,,8.2,66.0,22427.0,4921.0,0.0,45.0,3.97,Yes,No,Yes,Yes,ASHP,,,,982.26,18.0,5.0,Yes,14/07/2021,Everwarm,ASHP,,Mitsubishi,PUHZ-W112VAA,11.2,R410A,0.0,Water_New,200.0,,1.0,14.0,,0.0,,Low Noise Heat Pump,No,0.0,0.0,0.0,No,No,0.0,0.0,,No,8575.73,3572.21,1610.23,3788.06,,,,,,,2.0,0.0,House_Detached_2.0
Warmworks,EOH1366,EH16,44.0,Working Part time,Professional,"50,001+",2021-03-25T00:00:00.000Z,Owner-Occupied,6.0,C1,5.0,07/05/2021,Warmworks,Urban,1919-1944,D,2.0,2.0,148.68,8.0,4.0,8.0,2.92,Cavity_Insulated,Suspended,Pitched,Double,Yes,Gas,Gas Boiler - Combi,,,,0.0,0.0,1.0,No,No,4668.0,25934.0,9.7,68.0,25909.0,3374.0,0.0,50.0,3.51,Yes,Yes,Yes,Yes,ASHP,,,,1237.0,18.0,5.0,Yes,02/08/2021,Everwarm,ASHP,,Mitsubishi,PUZ-HWM140VHA,14.0,R32,0.0,Water_New,200.0,,1.0,14.0,,0.0,,Low Noise Heat Pump,No,0.0,0.0,0.0,No,No,0.0,0.0,,No,8575.73,3572.21,1610.23,3788.06,,,,,,,2.0,0.0,House_Detached_2.0
Warmworks,EOH1934,EH40,40.0,Working Part time,Professional,"50,001+",2021-03-25T00:00:00.000Z,Owner-Occupied,3.0,C1,3.0,20/05/2021,Warmworks,Suburban,2001+,C,2.0,3.0,133.37,7.0,4.0,7.0,2.52,Cavity_Insulated,Solid,Pitched,Double,Yes,Gas,Gas Boiler - Standard,,Water,Large (> 170l),0.0,0.0,1.0,No,No,2986.0,13177.0,9.0,67.0,18838.0,4921.0,0.0,50.0,3.66,Yes,No,Yes,Yes,ASHP,,,,923.94,18.0,5.0,Yes,12/08/2021,Everwarm,ASHP,,Mitsubishi,PUZ-WM112VAA,11.2,R32,0.0,Water_New,200.0,,1.0,16.0,,0.0,,Low Noise Heat Pump,No,0.0,0.0,0.0,No,No,0.0,0.0,,No,8575.73,3572.21,1610.23,4329.21,,,,,,,2.0,0.0,House_Detached_2.0
Warmworks,EOH0048,ML11,46.0,Working Part time,Clerical,Prefer not to say,2021-03-25T00:00:00.000Z,Owner-Occupied,20.0,C1,3.0,06/05/2021,Warmworks,Rural,1945-1964,E,2.0,1.0,101.74,5.0,2.0,5.0,2.32,Cavity_Insulated,Suspended,Pitched,Double,,Electricity,Electric - Storage,Electric - Direct,Water,Normal (90-130l),0.0,0.0,0.0,No,No,,,8.5,80.0,10614.0,4075.0,156.0,50.0,3.81,Yes,No,Yes,No,ASHP,,,,869.0,14.0,,Yes,22/09/2021,TK Murray,ASHP,,Mitsubishi,PUZ-WM85VAA,8.5,R32,0.0,Water_New,200.0,,1.0,8.0,,0.0,,Low Noise Heat Pump,No,0.0,0.0,0.0,,No,0.0,0.0,,No,8575.73,3572.21,1610.23,2164.6,,,,,,,2.0,0.0,House_End-Terrace_2.0
Warmworks,EOH0975,EH40,43.0,Working Part time,Skilled Manual Worker,"40,001 - 50,000",2021-03-26T00:00:00.000Z,Owner-Occupied,4.0,C2,3.0,20/05/2021,Warmworks,Rural,1945-1964,C,2.0,2.0,120.08,6.0,4.0,6.0,2.38,Cavity_Insulated,Suspended,Pitched,Double,Yes,Gas,Gas Boiler - Combi,Fire - Wood,,,0.0,0.0,0.0,No,No,,,7.7,68.0,22757.0,4921.0,0.0,50.0,3.81,Yes,No,Yes,Yes,ASHP,,,,1080.9,18.0,5.0,Yes,23/09/2021,Everwarm,ASHP,,Mitsubishi,PUZ-WM85VAA,8.5,R32,0.0,Water_New,200.0,,1.0,8.0,,0.0,,Low Noise Heat Pump,No,0.0,0.0,0.0,No,No,0.0,0.0,,No,8575.73,3572.21,1610.23,2164.6,,,,,,,2.0,0.0,House_Semi-Detached_2.0
Warmworks,EOH0178,G33,48.0,Working Full time (>30hrs),Professional,Prefer not to say,2021-03-26T00:00:00.000Z,Owner-Occupied,16.0,AB,5.0,22/04/2021,Everwarm,Suburban,2001+,B,2.0,1.0,141.56,7.0,4.0,7.0,2.41,Cavity_Insulated,Solid,Pitched,Double,Yes,Gas,Gas Boiler - Standard,,Water,Normal (90-130l),0.0,0.0,0.0,Yes - Borehole,Yes,,,7.3,,18016.0,4775.0,0.0,,,Yes,Yes,Yes,Yes,GSHP,,,,1011.34,18.0,5.0,No,,,,,,,,,,,,,,,,,,,,,,,,,,,,,,,,,,,,,,,,,House_Detached_2.0
Warmworks,EOH0800,KY11,60.0,Working Full time (>30hrs),Casual worker,"20,001 - 25,000",2021-03-29T00:00:00.000Z,Owner-Occupied,14.0,DE,2.0,24/05/2021,Warmworks,Suburban,2001+,C,3.0,0.0,221.68,10.0,5.0,10.0,2.48,Cavity_Insulated,Solid,Pitched,Double,Yes,Gas,Gas Boiler - Standard,,Water,Large (> 170l),0.0,0.0,0.0,No,No,,,,,,,,,,Yes,No,Yes,Yes,HT_ASHP,,,,,,,No,,,,,,,,,,,,,,,,,,,,,,,,,,,,,,,,,,,,,,,,,House_Detached_2.0
Warmworks,EOH0697,TD4,21.0,Unemployed,Professional,"12,501 - 16,200",2021-03-31T00:00:00.000Z,Owner-Occupied,,C1,4.0,28/04/2021,Warmworks,Suburban,Pre 1919,F,,,59.84,3.0,2.0,3.0,2.45,Cavity_Insulated,Suspended,Another Dwelling Above,Double,Yes,,Electric - Direct,Electric - Direct,Water,Normal (90-130l),0.0,0.0,0.0,No,No,,,8.5,67.0,12469.0,3057.0,156.0,50.0,3.64,Yes,No,Yes,No,ASHP,,,,846.0,14.0,,Yes,08/06/2021,TK Murray,ASHP,,Mitsubishi,PUZ-WM85VAA,8.5,R32,0.0,Water_New,150.0,,1.0,7.0,,0.0,,Low Noise Heat Pump,No,0.0,0.0,0.0,No,No,0.0,0.0,,No,8575.73,3508.272,1610.23,1894.03,,,,,,,2.0,0.0,House_End-Terrace_1.0
Warmworks,EOH0107,EH35,41.0,Working Full time (>30hrs),Clerical,Prefer not to say,2021-04-01T00:00:00.000Z,Owner-Occupied,16.0,C1,1.0,24/05/2021,Warmworks,Suburban,1991-2000,C,2.0,0.0,102.68,4.0,3.0,4.0,2.6,Cavity_Insulated,Suspended,Pitched,Double,Yes,Gas,Gas Boiler - Combi,,,,0.0,0.0,0.0,No,No,,,5.7,70.0,18644.0,2250.0,0.0,50.0,3.81,Yes,No,Yes,Yes,ASHP,,,,,,,Yes,01/09/2021,Everwarm,ASHP,,Mitsubishi,PUZ-WM85VAA,8.5,R32,0.0,Water_New,200.0,,1.0,9.0,,0.0,,Low Noise Heat Pump,No,0.0,0.0,0.0,No,No,0.0,0.0,,No,8575.73,3572.21,1610.23,2435.18,,,,,,,3.0,0.0,House_Semi-Detached_2.0
Warmworks,EOH1885,ML2,34.0,Working Full time (>30hrs),Professional,Prefer not to say,2021-04-01T00:00:00.000Z,Owner-Occupied,1.5,C1,3.0,17/05/2021,Warmworks,Urban,1945-1964,D,2.0,1.0,114.99,5.0,3.0,5.0,2.6,Cavity_Insulated,Suspended,Pitched,Double,Yes,Gas,Gas Boiler - Combi,,,,0.0,0.0,1.0,No,No,,,8.3,83.0,22568.0,2812.0,0.0,50.0,3.81,Yes,No,Yes,Yes,ASHP,,,,,,,Yes,01/09/2021,Everwarm,ASHP,,Mitsubishi,PUZ-WM85VAA,8.5,R32,0.0,Water_New,200.0,,1.0,12.0,,0.0,,Low Noise Heat Pump,No,0.0,0.0,0.0,No,No,0.0,0.0,,No,8575.73,3572.21,1610.23,3246.91,,,,,,,3.0,0.0,House_Semi-Detached_3.0
Warmworks,EOH1646,ML2,55.0,Working Full time (>30hrs),Manager,Prefer not to say,2021-04-01T00:00:00.000Z,Owner-Occupied,16.0,AB,3.0,21/04/2021,Everwarm,Suburban,1965-1980,D,2.0,0.0,85.42,3.0,2.0,3.0,2.36,Cavity_Insulated,Suspended,Pitched,Double,Yes,Gas,Gas Boiler - Combi,,,,0.0,0.0,1.0,No,No,2892.0,19911.0,8.5,88.0,8555.0,3057.0,156.0,50.0,3.81,Yes,No,Yes,Yes,ASHP,,,,683.0,14.0,,Yes,07/06/2021,TK Murray,ASHP,,Mitsubishi,PUZ-WM85VAA,8.5,R32,0.0,Water_New,150.0,,1.0,6.0,,0.0,,Low Noise Heat Pump,No,0.0,0.0,0.0,Yes,No,0.0,0.0,,No,8575.73,3508.21,1610.23,1623.45,,,,,,,1.0,0.0,House_Semi-Detached_2.0
Warmworks,EOH2885,EH15,48.0,Working Full time (>30hrs),Professional,Prefer not to say,2021-04-01T00:00:00.000Z,Owner-Occupied,5.0,AB,1.0,18/04/2021,Everwarm,Urban,Pre 1919,D,3.0,1.0,136.81,6.0,4.0,6.0,2.75,Cavity_No_insulation,Suspended,Pitched,Double,Yes,Gas,Gas Boiler - Combi,Fire - Wood,,,0.0,0.0,1.0,No,No,6073.0,25759.0,,,,,,,,Yes,No,Yes,Yes,None - Installation not recommended,,,,,,,,,,,,,,,,,,,,,,,,,,,,,,,,,,,,,,,,,,,,,,,,House_End-Terrace_2.0
Warmworks,EOH2264,PH10,45.0,Working Full time (>30hrs),Professional,Prefer not to say,2021-04-01T00:00:00.000Z,Owner-Occupied,3.0,C1,5.0,11/05/2021,Warmworks,Suburban,1945-1964,C,2.0,3.0,299.01,9.0,7.0,9.0,2.74,Cavity_Insulated,Suspended,Pitched,Double,Yes,Gas,Gas Boiler - Standard,Fire - Gas,Water,Large (> 170l),0.0,0.0,1.0,Yes - Borehole,Yes,,,15.4,54.0,38698.0,4921.0,0.0,50.0,3.92,Yes,Yes,Yes,Yes,Hybrid,,,,2254.9,18.0,5.0,Yes,27/09/2021,Everwarm,Hybrid,Separate_Existing Boiler,Vaillant,VWL 125/6 A 230V S2,12.0,R290,0.0,Water_New,200.0,,1.0,,18.0,0.0,,Low Noise Heat Pump,No,0.0,0.0,0.0,No,No,0.0,0.0,,No,11358.42,3572.21,1610.23,4870.36,,,,,,,3.0,0.0,House_Detached_2.0
Warmworks,EOH3194,EH47,34.0,Working Full time (>30hrs),Manager,Prefer not to say,2021-04-01T00:00:00.000Z,Owner-Occupied,4.0,C1,5.0,19/05/2021,Warmworks,Suburban,2001+,C,2.0,0.0,85.9,4.0,3.0,4.0,2.43,Cavity_Insulated,Suspended,Pitched,Double,Yes,Gas,Gas Boiler - Combi,,,,0.0,0.0,1.0,No,No,,,7.0,,9385.0,4075.0,156.0,,,Yes,No,Yes,Yes,ASHP,,,,817.0,14.0,,No,,,,,,,,,,,,,,,,,,,,,,,,,,,,,,,,,,,,,,,,,House_Semi-Detached_2.0
Warmworks,EOH1728,EH5,50.0,Working Part time,Professional,Prefer not to say,2021-04-01T00:00:00.000Z,Owner-Occupied,17.0,C2,2.0,25/04/2021,Warmworks,Urban,1919-1944,C,2.0,2.0,101.06,4.0,3.0,4.0,2.65,Cavity_Insulated,Solid,Pitched,Triple,Yes,Gas,Gas Boiler - Combi,,,,0.0,0.0,1.0,No,No,3014.0,6346.0,,,,,,,,Yes,No,Yes,Yes,None - Installation not recommended,,,,,,,,,,,,,,,,,,,,,,,,,,,,,,,,,,,,,,,,,,,,,,,,Maisonette_Semi-Detached_2.0
Warmworks,EOH1266,EH54,60.0,Working Full time (>30hrs),Professional,Prefer not to say,2021-04-01T00:00:00.000Z,Owner-Occupied,10.0,C1,5.0,25/05/2021,Warmworks,Suburban,1981-1990,C,2.0,0.0,77.47,4.0,3.0,4.0,2.29,Cavity_Insulated,Suspended,Pitched,Double,Yes,Gas,Gas Boiler - Standard,,Water,Normal (90-130l),0.0,0.0,1.0,No,No,,,,,,,,,,Yes,No,Yes,Yes,None - Installation not recommended,,,,,,,,,,,,,,,,,,,,,,,,,,,,,,,,,,,,,,,,,,,,,,,,House_Semi-Detached_2.0
Warmworks,EOH2170,EH55,58.0,Working Full time (>30hrs),Professional,Prefer not to say,2021-04-01T00:00:00.000Z,Owner-Occupied,33.0,C1,1.0,08/06/2021,Warmworks,Rural,Pre 1919,E,3.0,0.0,69.43,4.0,3.0,4.0,3.23,Cavity_Insulated,Suspended,Pitched,Double,No,Electricity,Electric - Direct,,Water,Normal (90-130l),0.0,0.0,0.0,No,No,,,,,,,,,,No,No,Yes,No,HT_ASHP,,,,,,,Yes,,,,,,,,,,,,,,,,,,,,,,,,,,,,,,,,,,,,,,,,,House_End-Terrace_2.0
Warmworks,EOH2980,ML7,42.0,Working Full time (>30hrs),Professional,Prefer not to say,2021-04-01T00:00:00.000Z,Owner-Occupied,14.0,C1,2.0,22/04/2021,Everwarm,Suburban,2001+,C,2.0,2.0,90.71,5.0,3.0,5.0,2.35,Cavity_Insulated,Suspended,Pitched,Double,Yes,Gas,Gas Boiler - Combi,,,,0.0,0.0,1.0,No,No,,,7.0,,11485.0,4075.0,0.0,50.0,3.65,Yes with additional measures,No,Yes,Yes,ASHP,,,,877.0,14.0,,Yes,16/08/2021,TK Murray,HT_ASHP,,Vaillant,VWL 75/6 A 230V S2,7.0,R290,0.0,Water_New,200.0,,1.0,,8.0,0.0,,Low Noise Heat Pump,No,0.0,0.0,0.0,Yes,Yes,0.0,0.0,,No,11215.17,3572.21,1610.23,2164.6,,,,,,,2.0,0.0,House_Detached_1.0
Warmworks,EOH0452,EH53,43.0,Working Full time (>30hrs),Professional,Prefer not to say,2021-04-02T00:00:00.000Z,Owner-Occupied,6.0,AB,1.0,17/05/2021,Warmworks,Suburban,2001+,C,2.0,1.0,78.96,4.0,3.0,4.0,2.6,Cavity_Insulated,Solid,Pitched,Double,Yes,Gas,Gas Boiler - Combi,,,,0.0,0.0,1.0,No,No,,,,,,,,,,Yes,No,Yes,Yes,ASHP,,,,,,,No,,,,,,,,,,,,,,,,,,,,,,,,,,,,,,,,,,,,,,,,,House_Semi-Detached_2.0
Warmworks,EOH2916,KA1,49.0,Working Full time (>30hrs),Professional,Prefer not to say,2021-04-02T00:00:00.000Z,Owner-Occupied,11.0,C1,1.0,22/04/2021,Everwarm,Rural,1965-1980,E,3.0,0.0,246.91,7.0,3.0,7.0,2.65,Cavity_No_insulation,Suspended,Pitched,Double,No,Wood,Biomass Boiler,Fire - Wood,Water,Normal (90-130l),0.0,0.0,0.0,No,No,3810.0,,,,,,,,,Yes with additional measures,Yes,Yes,Yes,HT_ASHP,,,,,,,Yes,,,,,,,,,,,,,,,,,,,,,,,,,,,,,,,,,,,,,,,,,House_Detached_2.0
Warmworks,EOH2864,TD4,60.0,Working Full time (>30hrs),Professional,Prefer not to say,2021-04-02T00:00:00.000Z,Owner-Occupied,13.0,AB,4.0,18/05/2021,Warmworks,Rural,2001+,D,2.0,1.0,207.44,5.0,3.0,5.0,2.7,Cavity_Insulated,Solid,Pitched,Double,No,Oil,Oil Boiler,,Water,Large (> 170l),5.0,1.0,0.0,Yes - Borehole,Yes,,,10.6,,26041.0,3820.0,0.0,,,Yes,Yes,Yes,No,None - Installation not recommended,,,,1284.0,18.0,5.0,,,,,,,,,,,,,,,,,,,,,,,,,,,,,,,,,,,,,,,,,,House_Detached_2.0
Warmworks,EOH2259,TD1,47.0,Working Full time (>30hrs),Professional,Prefer not to say,2021-04-05T00:00:00.000Z,Owner-Occupied,8.0,C1,1.0,25/05/2021,Warmworks,Urban,1991-2000,C,2.0,0.0,241.14,9.0,6.0,9.0,2.6,Cavity_Insulated,Suspended,Pitched,Double,Yes,Gas,Gas Boiler - Standard,,Water,Large (> 170l),0.0,0.0,1.0,No,No,,,,,,,,,,Yes,No,Yes,Yes,HT_ASHP,,,,,,,No,,,,,,,,,,,,,,,,,,,,,,,,,,,,,,,,,,,,,,,,,House_Detached_3.0
Warmworks,EOH3001,TD1,51.0,Working Part time,Professional,Prefer not to say,2021-04-05T00:00:00.000Z,Owner-Occupied,19.0,AB,1.0,28/05/2021,Warmworks,Suburban,2001+,D,2.0,1.0,100.0,7.0,4.0,7.0,2.6,Cavity_Insulated,Suspended,Pitched,Double,Yes,Gas,Gas Boiler - Combi,,,,0.0,0.0,1.0,No,No,,,8.5,67.0,11214.0,5434.0,156.0,50.0,3.81,Yes,No,Yes,Yes,HT_ASHP,,,,1026.0,14.0,,Yes,15/09/2021,TK Murray,ASHP,,Mitsubishi,PUZ-WM85VAA,8.5,R32,0.0,Water_New,200.0,,1.0,14.0,,0.0,,Low Noise Heat Pump,No,0.0,0.0,0.0,Yes,No,0.0,0.0,,No,8575.74,3572.21,1610.23,3788.06,,,,,,,2.0,0.0,House_Detached_2.0
Warmworks,EOH2268,EH25,41.0,Working Full time (>30hrs),Manager,Prefer not to say,2021-04-06T00:00:00.000Z,Owner-Occupied,5.0,C1,1.0,01/06/2021,Warmworks,Urban,2001+,C,3.0,1.0,148.82,7.0,4.0,7.0,2.33,Cavity_Insulated,Suspended,Pitched,Double,Yes,Gas,Gas Boiler - Standard,,Water,Large (> 170l),0.0,0.0,1.0,No,No,,,,,,,,,,Yes,No,Yes,Yes,ASHP,,,,,,,No,,,,,,,,,,,,,,,,,,,,,,,,,,,,,,,,,,,,,,,,,House_Detached_2.0
Warmworks,EOH1409,TD2,45.0,Working Full time (>30hrs),Professional,Prefer not to say,2021-04-06T00:00:00.000Z,Owner-Occupied,7.0,C1,4.0,25/05/2021,Warmworks,Suburban,1981-1990,B,2.0,1.0,152.72,4.0,4.0,4.0,2.35,Cavity_Insulated,Suspended,Pitched,Double,Yes,Gas,Gas Boiler - Standard,,Water,Large (> 170l),1.0,0.0,0.0,No,No,,,9.9,74.0,25867.0,2812.0,0.0,50.0,3.66,Yes,No,Yes,Yes,ASHP,,,,1166.94,18.0,5.0,Yes,23/08/2021,Everwarm,ASHP,,Mitsubishi,PUZ-WM112VAA,11.2,R32,0.0,Water_New,200.0,,1.0,15.0,,0.0,,Low Noise Heat Pump,No,0.0,0.0,0.0,No,No,0.0,0.0,,No,8575.73,3572.21,1610.23,4058.64,,,,,,,3.0,0.0,House_Detached_2.0
Warmworks,EOH0127,EH6,36.0,Stay at home parent,Semi and unskilled manual worker,Prefer not to say,2021-04-06T00:00:00.000Z,Owner-Occupied,2.0,DE,1.0,20/05/2021,Warmworks,Urban,1919-1944,D,2.0,2.0,87.96,4.0,3.0,4.0,2.6,Cavity_Insulated,Suspended,Pitched,Double,Yes,Gas,Gas Boiler - Combi,,,,0.0,0.0,1.0,No,No,,,,,,,,,,Yes,No,Yes,Yes,None - Installation not recommended,,,,,,,,,,,,,,,,,,,,,,,,,,,,,,,,,,,,,,,,,,,,,,,,House_Mid-Terrace_3.0
Warmworks,EOH0264,EH23,53.0,Working Full time (>30hrs),Manager,Prefer not to say,2021-04-06T00:00:00.000Z,Owner-Occupied,10.0,AB,4.0,01/07/2021,Warmworks,Suburban,2001+,B,2.0,2.0,164.88,7.0,4.0,7.0,2.42,Cavity_Insulated,Solid,Pitched,Double,Yes,Gas,Gas Boiler - Standard,,Water,Medium (131-170l),0.0,0.0,1.0,No,No,3750.0,22914.0,10.9,,23189.0,2812.0,0.0,,,Yes,No,Yes,Yes,ASHP,,,,1046.0,18.0,5.0,No,,,,,,,,,,,,,,,,,,,,,,,,,,,,,,,,,,,,,,,,,House_Detached_2.0
Warmworks,EOH2919,ML1,60.0,Working Full time (>30hrs),Professional,Prefer not to say,2021-04-07T00:00:00.000Z,Owner-Occupied,20.0,C1,4.0,17/05/2021,Warmworks,Suburban,1991-2000,C,2.0,2.0,145.54,6.0,4.0,6.0,2.6,Cavity_Insulated,Solid,Pitched,Double,Yes,Gas,Gas Boiler - Standard,,Water,Large (> 170l),0.0,0.0,1.0,No,No,,,6.7,59.0,12270.0,,0.0,50.0,3.65,Yes,No,Yes,Yes,Hybrid,,,,605.11,18.0,5.0,Yes,23/08/2021,Everwarm,Hybrid,Separate_Existing Boiler,Vaillant,VWL 75/6 A 230V S2,7.0,R290,0.0,Water_New,100.0,,1.0,,12.0,0.0,,Low Noise Heat Pump,No,0.0,0.0,0.0,No,No,0.0,0.0,,No,11358.42,,1610.23,3246.91,,,,,,,3.0,0.0,House_Detached_2.0
Warmworks,EOH1147,KY11,57.0,Working Full time (>30hrs),Professional,Prefer not to say,2021-04-08T00:00:00.000Z,Owner-Occupied,24.0,C1,4.0,27/05/2021,Warmworks,Urban,1965-1980,C,2.0,0.0,141.3,7.0,4.0,7.0,2.35,Cavity_Insulated,Suspended,Pitched,Double,Yes,Gas,Gas Boiler - Standard,,Water,Medium (131-170l),0.0,0.0,1.0,Yes - Borehole,Yes,,,9.1,73.0,22986.0,4921.0,0.0,50.0,3.66,Yes,Yes,Yes,Yes,GSHP,,,,1488.77,18.0,5.0,Yes,20/09/2021,Everwarm,ASHP,,Mitsubishi,PUZ-WM112VAA,11.2,R32,0.0,Water_New,200.0,,1.0,13.0,,0.0,,Low Noise Heat Pump,No,0.0,0.0,0.0,No,No,0.0,0.0,,No,8575.73,3572.208,1610.23,3517.48,,,,,,,3.0,0.0,House_Detached_2.0
Warmworks,EOH1244,EH4,50.0,Working Full time (>30hrs),Professional,Prefer not to say,2021-04-08T00:00:00.000Z,Owner-Occupied,0.1,AB,2.0,02/06/2021,Warmworks,Urban,1919-1944,D,3.0,0.0,82.12,5.0,3.0,5.0,2.86,Cavity_Insulated,Suspended,Pitched,Double,Yes,Gas,Gas Boiler - Combi,,,,0.0,0.0,1.0,No,No,,,,,,,,,,Yes,No,Yes,Yes,HT_ASHP,,,,,,,No,,,,,,,,,,,,,,,,,,,,,,,,,,,,,,,,,,,,,,,,,House_Semi-Detached_1.0
Warmworks,EOH0937,EH49,49.0,Working Full time (>30hrs),Manager,Prefer not to say,2021-04-08T00:00:00.000Z,Owner-Occupied,16.0,AB,3.0,20/05/2021,Warmworks,Suburban,1991-2000,C,2.0,3.0,143.63,8.0,4.0,8.0,2.6,Cavity_Insulated,Suspended,Pitched,Double,Yes,Gas,Gas Boiler - Combi,,,,0.0,0.0,1.0,No,No,,,10.6,71.0,22775.0,3374.0,0.0,50.0,3.51,Yes,No,Yes,Yes,HT_ASHP,,,,1087.0,18.0,5.0,Yes,11/08/2021,Everwarm,ASHP,,Mitsubishi,PUZ-HWM140VHA,14.0,R32,0.0,Water_New,200.0,,1.0,15.0,,0.0,,Low Noise Heat Pump,No,0.0,0.0,0.0,No,No,0.0,0.0,,No,8575.73,3572.208,1610.23,4058.64,,,,,,,3.0,0.0,House_Detached_2.0
Warmworks,EOH0572,G77,55.0,Working Full time (>30hrs),Professional,Prefer not to say,2021-04-08T00:00:00.000Z,Owner-Occupied,20.0,C1,2.0,22/04/2021,Everwarm,Suburban,1991-2000,C,3.0,1.0,232.02,8.0,5.0,8.0,2.45,Cavity_Insulated,Suspended,Pitched,Double,Yes,Gas,Gas Boiler - Standard,Fire - Gas,Water,Normal (90-130l),0.0,1.0,1.0,No,No,,13791.0,,,,,,,,Yes with additional measures,Yes with additional measures,Yes,Yes,HT_ASHP,,,,,,,No,,,,,,,,,,,,,,,,,,,,,,,,,,,,,,,,,,,,,,,,,House_Detached_2.0
Warmworks,EOH0662,EH49,40.0,Working Part time,Professional,Prefer not to say,2021-04-09T00:00:00.000Z,Owner-Occupied,10.0,C1,2.0,21/06/2021,Warmworks,Suburban,1965-1980,D,2.0,2.0,169.7,6.0,4.0,6.0,2.6,Cavity_Insulated,Suspended,Pitched,Double,Yes,Gas,Gas Boiler - Combi,,,,0.0,0.0,1.0,No,No,,,10.0,,12413.0,5094.0,156.0,,,Yes,No,Yes,Yes,ASHP,,,,1043.0,14.0,,No,,,,,,,,,,,,,,,,,,,,,,,,,,,,,,,,,,,,,,,,,House_Semi-Detached_2.0
Warmworks,EOH0438,EH7,57.0,Unfit for work,Unemployed/Benefits,Prefer not to say,2021-04-10T00:00:00.000Z,Owner-Occupied,20.0,DE,3.0,17/05/2021,Warmworks,Urban,1919-1944,D,2.0,3.0,157.06,7.0,3.0,7.0,2.86,Cavity_Insulated,Suspended,Pitched,Double,Yes,Gas,Gas Boiler - Combi,Fire - Wood,,,0.0,0.0,1.0,No,No,3552.0,,10.4,,26397.0,3820.0,0.0,,,Yes,No,Yes,Yes,HT_ASHP,,,,1548.0,18.0,5.0,No,,,,,,,,,,,,,,,,,,,,,,,,,,,,,,,,,,,,,,,,,House_Semi-Detached_2.0
Warmworks,EOH0704,FK6,43.0,Working Full time (>30hrs),Professional,Prefer not to say,2021-04-10T00:00:00.000Z,Owner-Occupied,6.0,C2,5.0,21/05/2021,Warmworks,Rural,Pre 1919,C,2.0,1.0,149.43,6.0,4.0,6.0,2.43,Cavity_No_insulation,Suspended,Pitched,Double,No,LPG,LPG Boiler,Fire - Wood,,,0.0,0.0,0.0,Yes - Borehole,Yes,,,9.2,,21757.0,4775.0,0.0,,,Yes,Yes,Yes,Yes,GSHP,,,,1073.0,15.0,5.0,No,,,,,,,,,,,,,,,,,,,,,,,,,,,,,,,,,,,,,,,,,House_Detached_2.0
Warmworks,EOH2483,G65,52.0,Working Full time (>30hrs),Professional,Prefer not to say,2021-04-11T00:00:00.000Z,Owner-Occupied,21.0,C1,4.0,21/04/2021,Everwarm,Rural,1991-2000,D,2.0,0.0,171.93,5.0,3.0,5.0,2.38,Cavity_Insulated,Suspended,Pitched,Double,,Oil,Oil Boiler,,,,0.0,0.0,0.0,No,No,5842.0,,10.1,60.0,24873.0,3937.0,0.0,50.0,3.66,Yes,Yes,Yes,Yes,ASHP,,,,1271.88,18.0,5.0,Yes,28/07/2021,Everwarm,ASHP,,Mitsubishi,PUHZ-HW140VHA2,14.0,R410A,0.0,Water_New,200.0,,1.0,14.0,,0.0,,Low Noise Heat Pump,No,0.0,0.0,0.0,,No,0.0,0.0,,No,8575.73,3572.208,1610.23,3788.06,,,,,,,2.0,0.0,House_Detached_1.0
Warmworks,EOH0954,G33,71.0,Retired,Pensioner,Prefer not to say,2021-04-12T00:00:00.000Z,Owner-Occupied,6.0,C1,2.0,21/04/2021,Everwarm,Suburban,2001+,C,2.0,0.0,183.75,8.0,5.0,8.0,2.4,Cavity_Insulated,Solid,Pitched,Double,Yes,Gas,Gas Boiler - Standard,Fire - Gas,Water,Normal (90-130l),0.0,1.0,0.0,No,No,4205.0,23605.0,9.5,,22382.0,4775.0,0.0,,,Yes,No,Yes,Yes,ASHP,,,,1411.0,18.0,5.0,Yes,,,,,,,,,,,,,,,,,,,,,,,,,,,,,,,,,,,,,,,,,House_Detached_2.0
Warmworks,EOH2405,G53,43.0,Working Full time (>30hrs),Manager,"50,001+",2021-04-13T00:00:00.000Z,Owner-Occupied,3.0,AB,4.0,21/04/2021,Everwarm,Suburban,2001+,B,2.0,1.0,174.26,8.0,5.0,8.0,2.4,Cavity_Insulated,Solid,Pitched,Double,Yes,Gas,Gas Boiler - Combi,,,,0.0,0.0,0.0,No,No,3395.0,12391.0,10.8,77.9,22847.0,4921.0,0.0,50.0,3.92,Yes,No,Yes,Yes,ASHP,,,,1030.0,18.0,5.0,Yes,24/06/2021,Everwarm,HT_ASHP,,Vaillant,VWL 125/6 A 230V S2,12.0,R290,0.0,Water_New,200.0,,1.0,,15.0,0.0,,Low Noise Heat Pump,No,0.0,0.0,0.0,No,No,0.0,0.0,,No,17943.13,3572.208,1610.23,4058.64,,,,,,,3.0,0.0,House_Detached_2.0
Warmworks,EOH2061,TD5,74.0,Working Part time,Professional,Prefer not to say,2021-04-13T00:00:00.000Z,Owner-Occupied,14.0,C1,3.0,17/06/2021,Warmworks,Rural,2001+,A,2.0,0.0,144.83,7.0,3.0,7.0,2.6,Cavity_Insulated,Suspended,Pitched,Triple,Yes,Gas,Gas Boiler - Combi,,,,0.0,0.0,1.0,No,No,,,9.2,65.0,23272.0,4921.0,0.0,50.0,3.92,Yes,No,Yes,Yes,HT_ASHP,,,,1502.59,18.0,5.0,Yes,29/09/2021,Everwarm,HT_ASHP,,Vaillant,VWL 125/6 A 230V S2,12.0,R290,0.0,Water_New,200.0,,1.0,,14.0,0.0,,Low Noise Heat Pump,No,0.0,0.0,0.0,No,No,0.0,0.0,,No,17943.13,3572.208,1610.23,3788.06,,,,,,,2.0,0.0,House_Detached_1.0
Warmworks,EOH2201,EH7,64.0,Carer,Skilled Manual Worker,Prefer not to say,2021-04-13T00:00:00.000Z,Owner-Occupied,4.0,C2,2.0,20/04/2021,Everwarm,Urban,2001+,C,2.0,0.0,88.72,4.0,2.0,4.0,2.38,Cavity_Insulated,Suspended,Another Dwelling Above,Double,Yes,Gas,Gas Boiler - Combi,,,,0.0,0.0,0.0,No,No,896.0,3075.0,,,,,,,,Yes,No,Yes,Yes,HT_ASHP,,,,,,,No,,,,,,,,,,,,,,,,,,,,,,,,,,,,,,,,,,,,,,,,,Flat_Flat_1.0
Warmworks,EOH1705,EH40,34.0,Working Full time (>30hrs),Manager,Prefer not to say,2021-04-14T00:00:00.000Z,Owner-Occupied,0.6,C1,5.0,18/04/2021,Everwarm,Rural,Pre 1919,E,2.0,1.0,155.83,5.0,3.0,5.0,2.38,Cavity_No_insulation,Suspended,Pitched,Double,No,,Fire - Wood,Electric - Direct,Water,Normal (90-130l),1.0,0.0,0.0,No,No,3452.6,,7.0,65.0,20240.0,3937.0,0.0,45.0,4.14,Yes,No,Yes,Yes,ASHP,,,,886.0,18.0,5.0,Yes,08/07/2021,Everwarm,ASHP,,Mitsubishi,PUZ-WM85VAA,8.5,R32,0.0,Water_New,200.0,,1.0,10.0,,0.0,,Low Noise Heat Pump,No,0.0,0.0,0.0,No,No,0.0,0.0,,No,8575.73,3572.208,1610.23,2705.76,,,,,,,2.0,0.0,House_End-Terrace_2.0
Warmworks,EOH2951,EH48,54.0,Working Full time (>30hrs),Professional,Prefer not to say,2021-04-14T00:00:00.000Z,Owner-Occupied,14.0,C1,3.0,20/04/2021,Everwarm,Suburban,2001+,C,2.0,2.0,257.35,9.0,5.0,9.0,2.42,Cavity_Insulated,Solid,Pitched,Double,Yes,Gas,Gas Boiler - Standard,Fire - Wood,Water,Normal (90-130l),0.0,0.0,1.0,No,No,,,15.2,61.0,37493.0,5731.0,0.0,50.0,3.92,Yes,No,Yes,Yes,HT_ASHP,,,,2281.07,18.0,5.0,Yes,23/08/2021,Everwarm,Hybrid,Separate_Existing Boiler,Vaillant,VWL 125/6 A 230V S2,12.0,R290,0.0,Water_New,200.0,,1.0,,23.0,0.0,,Low Noise Heat Pump,No,0.0,0.0,0.0,No,No,0.0,0.0,,No,11358.42,3572.208,1610.23,5952.67,,,,,,,5.0,0.0,House_Detached_3.0
Warmworks,EOH2226,EH10,47.0,Working Full time (>30hrs),Professional,Prefer not to say,2021-04-14T00:00:00.000Z,Owner-Occupied,7.0,C1,3.0,02/06/2021,Warmworks,Suburban,1919-1944,E,2.0,2.0,98.34,5.0,3.0,5.0,2.8,Cavity_Insulated,Suspended,Pitched,Double,Yes,Gas,Gas Boiler - Combi,,,,0.0,0.0,1.0,No,No,,,,,,,,,,Yes,No,Yes,Yes,None - Installation not recommended,,,,,,,,,,,,,,,,,,,,,,,,,,,,,,,,,,,,,,,,,,,,,,,,House_Detached_1.0
Warmworks,EOH1336,EH16,44.0,Working Part time,Semi and unskilled manual worker,Prefer not to say,2021-04-16T00:00:00.000Z,Owner-Occupied,0.5,DE,2.0,07/06/2021,Warmworks,Urban,1945-1964,D,2.0,1.0,77.66,4.0,2.0,3.0,2.5,Cavity_Insulated,Suspended,Pitched,Double,Yes,Gas,Gas Boiler - Combi,,,,0.0,0.0,0.0,No,No,,,5.2,67.0,14405.0,1687.0,0.0,50.0,3.81,Yes,No,Yes,Yes,ASHP,,,,666.0,18.0,5.0,Yes,18/08/2021,Everwarm,ASHP,,Mitsubishi,PUZ-WM85VAA,8.5,R32,0.0,Water_New,150.0,,1.0,10.0,,0.0,,Low Noise Heat Pump,No,0.0,0.0,0.0,No,No,0.0,0.0,,No,7655.16,3508.272,1610.23,2705.76,,,,,,,3.0,0.0,House_Semi-Detached_2.0
Warmworks,EOH0542,EH14,31.0,Working Full time (>30hrs),Professional,Prefer not to say,2021-04-16T00:00:00.000Z,Owner-Occupied,0.1,C1,1.0,13/07/2021,Warmworks,Urban,1965-1980,D,1.0,0.0,76.46,3.0,3.0,3.0,2.41,Cavity_Insulated,Suspended,Pitched,Double,Yes,Gas,Gas Boiler - Combi,,Water,No access,0.0,0.0,0.0,No,No,,,,,,,,,,Yes,No,Yes,Yes,ASHP,,,,,,,No,,,,,,,,,,,,,,,,,,,,,,,,,,,,,,,,,,,,,,,,,House_Mid-Terrace_2.0
Warmworks,EOH1190,EH10,69.0,Retired,Pensioner,Prefer not to say,2021-04-16T00:00:00.000Z,Owner-Occupied,35.0,DE,3.0,10/06/2021,Warmworks,Suburban,1945-1964,D,2.0,1.0,116.08,7.0,4.0,7.0,2.42,Cavity_Insulated,Suspended,Pitched,Double,Yes,Gas,Gas Boiler - Combi,,,,0.0,0.0,0.0,No,No,3358.0,16762.0,10.1,83.0,24892.0,3937.0,0.0,50.0,3.92,Yes,No,Yes,Yes,HT_ASHP,,,,1495.57,18.0,5.0,Yes,27/08/2021,Everwarm,HT_ASHP,,Vaillant,VWL 125/6 A 230V S2,12.0,R290,0.0,Water_New,200.0,,1.0,,15.0,0.0,,Low Noise Heat Pump,No,0.0,0.0,0.0,No,No,0.0,0.0,,No,17943.13,3572.208,1610.23,4058.64,,,,,,,2.0,0.0,House_Detached_2.0
Warmworks,EOH0389,EH17,44.0,Working Full time (>30hrs),Professional,"50,001+",2021-04-17T00:00:00.000Z,Owner-Occupied,18.0,C1,1.0,03/06/2021,Warmworks,Urban,1965-1980,C,2.0,1.0,70.38,4.0,2.0,4.0,2.36,Cavity_Insulated,Solid,Pitched,Double,Yes,Gas,Gas Boiler - Combi,,,,0.0,0.0,0.0,No,No,7791.0,,4.2,65.0,10640.0,2865.0,0.0,50.0,3.41,Yes,No,Yes,Yes,ASHP,,,,554.0,18.0,5.0,Yes,15/09/2021,Everwarm,HT_ASHP,,Vaillant,VWL 55/6 A 230V S2,5.0,R290,0.0,PCM_New,,10.5,1.0,,7.0,0.0,,Low Noise Heat Pump,No,0.0,0.0,0.0,No,No,0.0,0.0,,No,11215.17,3870.96,1610.23,1894.03,,,,,,,3.0,0.0,House_Semi-Detached_2.0
Warmworks,EOH0490,EH14,66.0,Working Full time (>30hrs),Manager,Prefer not to say,2021-04-17T00:00:00.000Z,Owner-Occupied,0.5,AB,4.0,24/05/2021,Warmworks,Urban,1919-1944,C,2.0,0.0,128.9,5.0,3.0,5.0,2.6,Cavity_Insulated,Suspended,Pitched,Triple,Yes,Gas,Gas Boiler - Combi,,,,0.0,0.0,1.0,No,No,,,9.2,71.0,22567.0,3820.0,0.0,50.0,3.92,Yes,No,Yes,Yes,HT_ASHP,,,,1023.0,18.0,5.0,Yes,21/07/2021,Everwarm,HT_ASHP,,Vaillant,VWL 125/6 A 230V S2,12.0,R290,0.0,Water_New,200.0,,1.0,,14.0,0.0,,Low Noise Heat Pump,No,0.0,0.0,0.0,No,No,0.0,0.0,,No,17943.13,3572.208,1610.23,3788.06,,,,,,,2.0,0.0,House_Detached_2.0
Warmworks,EOH2686,KY8,34.0,Working Full time (>30hrs),Professional,Prefer not to say,2021-04-17T00:00:00.000Z,Owner-Occupied,5.0,C1,4.0,01/06/2021,Warmworks,Urban,Pre 1919,D,2.0,1.0,104.43,4.0,3.0,4.0,2.93,Solid_No_insulation,Suspended,Pitched,Double,Yes,Gas,Gas Boiler - Combi,,,,0.0,0.0,0.0,No,No,2847.0,10768.0,7.0,70.0,11982.0,4075.0,0.0,50.0,3.65,No,No,Yes,Yes,HT_ASHP,,,,882.0,14.37,,Yes,29/07/2021,TK Murray,HT_ASHP,,Vaillant,VWL 75/6 A 230V S2,7.0,R290,0.0,Water_New,200.0,,1.0,,8.0,0.0,,Low Noise Heat Pump,No,0.0,0.0,0.0,Yes,No,0.0,0.0,,No,11215.17,3572.208,1610.23,2164.6,,,,,,,2.0,0.0,House_Semi-Detached_2.0
Warmworks,EOH1210,TD9,64.0,Retired,Pensioner,Prefer not to say,2021-04-18T00:00:00.000Z,Owner-Occupied,36.0,DE,3.0,29/06/2021,Warmworks,Rural,1981-1990,C,2.0,0.0,209.01,8.0,3.0,8.0,2.42,Cavity_No_insulation,Suspended,Pitched,Triple,Yes,Gas,Gas Boiler - Standard,Fire - Wood,Water,Large (> 170l),1.0,0.0,1.0,No,No,6058.0,34836.0,,,,,,,,Yes,Yes,Yes,Yes,Hybrid,,,,,,,Yes,,,,,,,,,,,,,,,,,,,,,,,,,,,,,,,,,,,,,,,,,House_Detached_1.0
Warmworks,EOH2515,TD11,60.0,Working Part time,Skilled Manual Worker,"0 - 12,500",2021-04-18T00:00:00.000Z,Owner-Occupied,3.0,C2,2.0,08/06/2021,Warmworks,Rural,1965-1980,D,1.0,0.0,93.21,5.0,2.0,5.0,2.39,Cavity_Insulated,Suspended,Pitched,Double,Yes,Gas,Gas Boiler - Combi,Electric - Direct,,,0.0,0.0,0.0,No,No,,,8.5,,12230.0,3057.0,156.0,,,Yes,No,Yes,Yes,ASHP,,,,836.0,14.0,,No,,,,,,,,,,,,,,,,,,,,,,,,,,,,,,,,,,,,,,,,,House_Semi-Detached_2.0
Warmworks,EOH0306,TD6,53.0,Working Full time (>30hrs),Professional,Prefer not to say,2021-04-18T00:00:00.000Z,Owner-Occupied,21.0,C1,3.0,28/05/2021,Warmworks,Rural,Pre 1919,F,2.0,0.0,140.12,6.0,4.0,6.0,2.6,Solid_No_insulation,Solid,Pitched,Double,No,LPG,LPG Boiler,Fire - Wood,,,2.0,0.0,0.0,No,No,,,8.9,,24029.0,3937.0,0.0,,,Yes,No,Yes,Yes,ASHP,,,,1178.46,18.0,5.0,No,,,,,,,,,,,,,,,,,,,,,,,,,,,,,,,,,,,,,,,,,House_Semi-Detached_2.0
Warmworks,EOH2517,EH54,44.0,Working Full time (>30hrs),Professional,"40,001 - 50,000",2021-04-18T00:00:00.000Z,Owner-Occupied,1.0,AB,2.0,29/06/2021,Warmworks,Suburban,1991-2000,C,2.0,1.0,118.71,16.0,3.0,16.0,2.6,Cavity_Insulated,Suspended,Pitched,Double,Yes,Gas,Gas Boiler - Standard,,Water,Medium (131-170l),0.0,0.0,0.0,No,No,,,,,,,,,,Yes,No,Yes,Yes,ASHP,,,,,,,No,,,,,,,,,,,,,,,,,,,,,,,,,,,,,,,,,,,,,,,,,House_Detached_2.0
Warmworks,EOH2463,EH15,38.0,Working Full time (>30hrs),Skilled Manual Worker,Prefer not to say,2021-04-18T00:00:00.000Z,Owner-Occupied,0.2,C2,2.0,07/06/2021,Warmworks,Urban,1919-1944,E,2.0,2.0,149.96,6.0,3.0,6.0,2.62,Cavity_Insulated,Suspended,Pitched,Double,Yes,Gas,Gas Boiler - Combi,Fire - Gas,Water,No access,0.0,1.0,1.0,No,No,,,,,,,,,,No,No,Yes,Yes,None - Installation not recommended,,,,,,,,,,,,,,,,,,,,,,,,,,,,,,,,,,,,,,,,,,,,,,,,House_Detached_2.0
Warmworks,EOH2854,TD6,62.0,Retired,Pensioner,Prefer not to say,2021-04-18T00:00:00.000Z,Owner-Occupied,20.0,C1,3.0,28/05/2021,Warmworks,Rural,1991-2000,D,2.0,0.0,226.4,7.0,3.0,7.0,2.6,Cavity_Insulated,Suspended,Pitched,Double,No,Oil,,Fire - Wood,,,0.0,0.0,0.0,Yes - Borehole,Yes,,,,,,,,,,Yes,Yes,Yes,No,GSHP,,,,,,,No,,,,,,,,,,,,,,,,,,,,,,,,,,,,,,,,,,,,,,,,,House_Detached_2.0
Warmworks,EOH2461,EH10,59.0,Working Full time (>30hrs),Professional,Prefer not to say,2021-04-18T00:00:00.000Z,Owner-Occupied,21.0,C1,4.0,10/06/2021,Warmworks,Urban,1945-1964,D,2.0,0.0,135.68,8.0,4.0,8.0,2.55,Cavity_No_insulation,Solid,Pitched,Double,Yes,Gas,Gas Boiler - Combi,,,,0.0,0.0,1.0,No,No,,6733.9,,,,,,,,No,No,Yes with additional measures,Yes with additional measures,HT_ASHP,,,,,,,No,,,,,,,,,,,,,,,,,,,,,,,,,,,,,,,,,,,,,,,,,House_Semi-Detached_2.0
Warmworks,EOH2032,FK7,56.0,Working Full time (>30hrs),Professional,Prefer not to say,2021-04-19T00:00:00.000Z,Owner-Occupied,21.0,AB,2.0,21/05/2021,Warmworks,Suburban,1965-1980,C,3.0,0.0,105.1,5.0,3.0,5.0,2.39,Cavity_No_insulation,Suspended,Pitched,Double,Yes,Gas,Gas Boiler - Combi,,,,0.0,0.0,0.0,No,No,,,7.0,,11589.0,4075.0,0.0,,,Yes,No,Yes,Yes,ASHP,,,,881.0,14.0,,No,,,,,,,,,,,,,,,,,,,,,,,,,,,,,,,,,,,,,,,,,House_Semi-Detached_2.0
Warmworks,EOH1412,EH13,36.0,Working Part time,Professional,"50,001+",2021-04-19T00:00:00.000Z,Owner-Occupied,2.0,C1,3.0,20/05/2021,Warmworks,Urban,1965-1980,D,2.0,1.0,84.66,5.0,3.0,5.0,2.29,Cavity_Insulated,Suspended,Pitched,Double,Yes,Gas,Gas Boiler - Combi,,,,0.0,0.0,1.0,No,No,,,5.6,69.0,16238.0,2250.0,0.0,50.0,3.81,Yes,No,Yes,Yes,ASHP,,,,723.4,18.0,5.0,Yes,04/08/2021,Everwarm,ASHP,,Mitsubishi,PUZ-WM85VAA,8.5,R32,0.0,Water_New,200.0,,1.0,8.0,,0.0,,Low Noise Heat Pump,No,0.0,0.0,0.0,No,No,0.0,0.0,,No,8575.73,3572.208,1610.23,2164.6,,,,,,,2.0,0.0,House_Semi-Detached_2.0
Warmworks,EOH0648,EH10,43.0,Working Full time (>30hrs),Professional,Prefer not to say,2021-04-19T00:00:00.000Z,Owner-Occupied,4.0,C1,2.0,02/06/2021,Warmworks,Urban,1945-1964,D,2.0,1.0,193.42,7.0,4.0,7.0,2.35,Cavity_Insulated,Suspended,Pitched,Double,Yes,Gas,Gas Boiler - Standard,Fire - Wood,Water,Normal (90-130l),0.0,0.0,1.0,No,No,,,13.5,76.0,33378.0,4921.0,0.0,50.0,3.51,Yes,No,Yes,Yes,ASHP,,,,1706.76,18.0,5.0,Yes,20/09/2021,Everwarm,ASHP,,Mitsubishi,PUZ-HWM140VHA,14.0,R32,0.0,Water_New,200.0,,1.0,15.0,,0.0,,Low Noise Heat Pump,No,0.0,0.0,0.0,No,No,0.0,0.0,,No,8575.73,3572.208,1610.23,4058.64,,,,,,,3.0,0.0,House_Detached_2.0
Warmworks,EOH2338,EH15,39.0,Working Part time,Professional,Prefer not to say,2021-04-19T00:00:00.000Z,Owner-Occupied,6.0,C1,3.0,14/06/2021,Warmworks,Urban,1919-1944,E,2.0,1.0,108.78,6.0,3.0,6.0,2.8,Cavity_Insulated,Suspended,Pitched,Double,Yes,Gas,Gas Boiler - Standard,,Water,Normal (90-130l),0.0,0.0,1.0,No,No,,,,,,,,,,Yes,No,Yes,Yes,ASHP,,,,,,,No,,,,,,,,,,,,,,,,,,,,,,,,,,,,,,,,,,,,,,,,,House_Detached_2.0
Warmworks,EOH2007,EH13,34.0,Working Full time (>30hrs),Professional,"50,001+",2021-04-19T00:00:00.000Z,Owner-Occupied,1.0,C1,3.0,14/06/2021,Warmworks,Urban,1981-1990,C,2.0,0.0,96.44,5.0,3.0,5.0,2.36,Cavity_Insulated,Suspended,Pitched,Double,Yes,Gas,Gas Boiler - Combi,,,,0.0,0.0,0.0,No,No,,,5.7,70.0,18644.0,2250.0,0.0,50.0,3.81,Yes,No,Yes,Yes,ASHP,,,,816.0,18.0,5.0,Yes,12/08/2021,Everwarm,ASHP,,Mitsubishi,PUZ-WM85VAA,8.5,R32,0.0,Water_New,200.0,,1.0,11.0,,0.0,,Low Noise Heat Pump,No,0.0,0.0,0.0,No,No,0.0,0.0,,No,8575.73,3572.208,1610.23,2976.33,,,,,,,2.0,0.0,House_Mid-Terrace_2.0
Warmworks,EOH0746,TD7,33.0,Unfit for work,Professional,"16,201 - 20,000",2021-04-20T00:00:00.000Z,Owner-Occupied,11.0,C1,4.0,18/05/2021,Warmworks,Suburban,1991-2000,C,,,58.93,2.0,1.0,2.0,2.6,Cavity_Insulated,Solid,Pitched,Double,Yes,,Gas Boiler - Combi,,,,0.0,0.0,0.0,No,No,,,5.0,73.0,2624.0,4075.0,156.0,50.0,3.58,Yes,No,Yes,Yes,ASHP,,,,520.0,14.0,,Yes,11/06/2021,TK Murray,ASHP,,Mitsubishi,PUHZ-W50VHA2,5.0,R410A,0.0,Water_New,150.0,,1.0,6.0,,0.0,,Low Noise Heat Pump,No,0.0,0.0,0.0,Yes,No,0.0,0.0,,No,7655.16,3508.272,1610.23,1623.45,,,,,,,1.0,0.0,House_Mid-Terrace_1.0
Warmworks,EOH2751,EH14,39.0,Working Full time (>30hrs),Professional,Prefer not to say,2021-04-20T00:00:00.000Z,Owner-Occupied,5.0,C1,3.0,10/06/2021,Warmworks,Urban,1965-1980,C,2.0,2.0,112.48,6.0,4.0,6.0,2.39,Cavity_Insulated,Solid,Pitched,Double,Yes,Gas,Gas Boiler - Combi,,,,3.0,0.0,0.0,No,No,,,6.5,59.0,18665.0,2250.0,0.0,50.0,3.81,Yes,No,Yes,Yes,ASHP,,,,817.0,18.0,5.0,Yes,09/08/2021,Everwarm,ASHP,,Mitsubishi,PUHZ-W85VHAA,8.0,R410A,0.0,Water_New,200.0,,1.0,5.0,,0.0,,Low Noise Heat Pump,No,0.0,0.0,0.0,No,No,0.0,0.0,,No,8575.73,3572.208,1610.23,1352.88,,,,,,,2.0,0.0,House_Detached_2.0
Warmworks,EOH1121,EH9,66.0,Retired,Pensioner,"30,001 - 40,000",2021-04-20T00:00:00.000Z,Owner-Occupied,5.0,DE,4.0,07/06/2021,Warmworks,Urban,1945-1964,C,2.0,0.0,135.03,7.0,4.0,7.0,2.28,Cavity_Insulated,Suspended,Pitched,Double,Yes,Gas,Gas Boiler - Combi,Fire - Wood,,,0.0,0.0,1.0,No,No,,,,,,,,,,Yes,No,Yes,Yes,ASHP,,,,,,,Yes,,,,,,,,,,,,,,,,,,,,,,,,,,,,,,,,,,,,,,,,,House_Semi-Detached_2.0
Warmworks,EOH0206,EH11,43.0,Working Full time (>30hrs),Professional,"50,001+",2021-04-20T00:00:00.000Z,Owner-Occupied,3.0,AB,3.0,20/05/2021,Warmworks,Urban,1919-1944,B,2.0,0.0,86.68,4.0,3.0,4.0,2.7,Cavity_Insulated,Suspended,Pitched,Double,Yes,Gas,Gas Boiler - Combi,,,,0.0,0.0,0.0,No,No,,,5.9,,15575.0,3937.0,0.0,,,Yes,No,Yes,Yes,ASHP,,,,739.62,18.0,5.0,No,,,,,,,,,,,,,,,,,,,,,,,,,,,,,,,,,,,,,,,,,House_Detached_2.0
Warmworks,EOH1942,TD2,42.0,Working Full time (>30hrs),Professional,Prefer not to say,2021-04-20T00:00:00.000Z,Owner-Occupied,16.0,AB,3.0,25/05/2021,Warmworks,Rural,1991-2000,C,2.0,1.0,112.47,5.0,3.0,5.0,2.6,Cavity_Insulated,Solid,Pitched,Double,No,Oil,Oil Boiler,Fire - Wood,Water,Normal (90-130l),0.0,0.0,0.0,No,No,,,7.0,57.0,17252.0,4775.0,0.0,50.0,3.65,Yes,No,Yes,No,HT_ASHP,,,,839.0,18.0,5.0,Yes,24/08/2021,Everwarm,HT_ASHP,,Vaillant,VWL 75/6 A 230V S2,7.0,R290,0.0,Water_New,200.0,,1.0,,12.0,0.0,,Low Noise Heat Pump,No,0.0,0.0,0.0,No,No,0.0,0.0,,No,11215.17,3572.208,1610.23,3246.91,,,,,,,3.0,0.0,House_Detached_2.0
Warmworks,EOH0469,EH13,57.0,Working Full time (>30hrs),Professional,Prefer not to say,2021-04-21T00:00:00.000Z,Owner-Occupied,31.0,C1,4.0,14/06/2021,Warmworks,Urban,1991-2000,C,4.0,0.0,124.66,7.0,5.0,7.0,2.4,Cavity_Insulated,Suspended,Pitched,Double,Yes,Gas,Gas Boiler - Standard,,Water,Medium (131-170l),0.0,1.0,0.0,No,No,6483.0,29156.0,7.6,,18732.0,4775.0,0.0,,,Yes,No,Yes,Yes,HT_ASHP,,,,849.0,18.0,5.0,No,,,,,,,,,,,,,,,,,,,,,,,,,,,,,,,,,,,,,,,,,House_Detached_2.0
Warmworks,EOH2626,KY12,47.0,Working Full time (>30hrs),Professional,"30,001 - 40,000",2021-04-22T00:00:00.000Z,Owner-Occupied,6.0,AB,3.0,01/06/2021,Warmworks,Suburban,1965-1980,D,2.0,2.0,109.27,6.0,3.0,6.0,2.4,Cavity_Insulated,Suspended,Pitched,Double,Yes,Gas,Gas Boiler - Standard,Fire - Wood,Water,No access,0.0,0.0,0.0,No,No,5561.0,25211.0,10.0,,15351.0,4075.0,0.0,,,No,No,Yes,Yes,HT_ASHP,,,,1112.0,15.0,,Yes,,,,,,,,,,,,,,,,,,,,,,,,,,,,,,,,,,,,,,,,,House_Detached_2.0
Warmworks,EOH3175,EH22,51.0,Working Full time (>30hrs),Professional,Prefer not to say,2021-04-22T00:00:00.000Z,Owner-Occupied,3.0,C1,2.0,10/06/2021,Warmworks,Suburban,1945-1964,C,2.0,0.0,73.0,3.0,2.0,3.0,2.44,Cavity_Insulated,Suspended,Pitched,Double,Yes,Gas,Gas Boiler - Combi,,,,0.0,0.0,0.0,No,No,,,,,,,,,,Yes,No,Yes,Yes,ASHP,,,,,,,No,,,,,,,,,,,,,,,,,,,,,,,,,,,,,,,,,,,,,,,,,House_End-Terrace_2.0
Warmworks,EOH2117,EH30,31.0,Working Full time (>30hrs),Professional,Prefer not to say,2021-04-22T00:00:00.000Z,Owner-Occupied,2.0,C1,2.0,05/07/2021,Warmworks,Suburban,1945-1964,C,2.0,1.0,100.8,5.0,3.0,5.0,2.6,Cavity_No_insulation,Suspended,Pitched,Double,Yes,Gas,Gas Boiler - Combi,,,,0.0,0.0,0.0,No,No,,,7.0,60.0,9046.0,4075.0,156.0,50.0,3.65,Yes,No,Yes,Yes,ASHP,,,,744.0,14.0,,Yes,17/09/2021,TK Murray,HT_ASHP,,Vaillant,VWL 75/6 A 230V S2,7.0,R290,0.0,Water_New,200.0,,1.0,,11.0,0.0,,Low Noise Heat Pump,No,0.0,0.0,0.0,Yes,No,0.0,0.0,,No,11215.17,3572.208,1610.23,2976.33,,,,,,,3.0,0.0,House_Semi-Detached_2.0
Warmworks,EOH2519,EH4,47.0,Working Full time (>30hrs),Professional,Prefer not to say,2021-04-22T00:00:00.000Z,Owner-Occupied,5.0,C1,5.0,28/06/2021,Warmworks,Urban,1981-1990,C,3.0,2.0,80.08,4.0,3.0,4.0,2.32,Cavity_No_insulation,Suspended,Pitched,Double,Yes,Gas,Gas Boiler - Combi,,,,0.0,0.0,1.0,No,No,,,,,,,,,,Yes with additional measures,No,Yes,Yes,HT_ASHP,,,,,,,No,,,,,,,,,,,,,,,,,,,,,,,,,,,,,,,,,,,,,,,,,House_Mid-Terrace_2.0
Warmworks,EOH3103,EH13,33.0,Working Full time (>30hrs),Manager,Prefer not to say,2021-04-23T00:00:00.000Z,Owner-Occupied,0.5,C1,4.0,14/06/2021,Warmworks,Suburban,1965-1980,C,2.0,2.0,163.19,8.0,4.0,8.0,2.44,Cavity_Insulated,Suspended,Pitched,Double,Yes,Gas,Gas Boiler - Combi,,Water,Medium (131-170l),0.0,0.0,1.0,Yes - Borehole,Yes,,,10.6,,25985.0,5905.0,0.0,,,Yes,Yes,Yes,Yes,GSHP,,,,1704.92,18.0,5.0,No,,,,,,,,,,,,,,,,,,,,,,,,,,,,,,,,,,,,,,,,,House_Detached_2.0
Warmworks,EOH3104,EH7,47.0,Training or Education,Casual worker,"50,001+",2021-04-24T00:00:00.000Z,Owner-Occupied,20.0,DE,5.0,30/06/2021,Warmworks,Urban,1965-1980,D,3.0,0.0,105.99,6.0,3.0,6.0,2.39,Cavity_Insulated,Suspended,Pitched,Double,Yes,Gas,Gas Boiler - Standard,Electric - Direct,Water,Normal (90-130l),0.0,0.0,1.0,No,No,3279.0,,,,20984.0,2250.0,0.0,,,Yes,No,Yes,Yes,ASHP,,,,919.0,18.0,5.0,No,,,,,,,,,,,,,,,,,,,,,,,,,,,,,,,,,,,,,,,,,House_Mid-Terrace_3.0
Warmworks,EOH3140,DD8,45.0,Working Part time,Professional,"40,001 - 50,000",2021-04-24T00:00:00.000Z,Owner-Occupied,16.0,C1,1.0,07/06/2021,Warmworks,Suburban,1919-1944,C,3.0,1.0,75.6,5.0,4.0,5.0,2.57,Cavity_Insulated,Suspended,Another Dwelling Above,Double,Yes,Gas,Gas Boiler - Standard,,Water,Normal (90-130l),0.0,0.0,0.0,No,No,4882.0,14514.0,,,,,,,,Yes,No,Yes,Yes,HT_ASHP,,,,,,,No,,,,,,,,,,,,,,,,,,,,,,,,,,,,,,,,,,,,,,,,,Maisonette_End-Terrace_1.0
Warmworks,EOH2710,KY7,75.0,Retired,Pensioner,Prefer not to say,2021-04-24T00:00:00.000Z,Owner-Occupied,9.0,DE,1.0,15/06/2021,Warmworks,Suburban,1991-2000,C,2.0,0.0,80.5,4.0,3.0,4.0,2.6,Cavity_Insulated,Suspended,Pitched,Double,Yes,Gas,Gas Boiler - Combi,,,,0.0,0.0,1.0,No,No,,,,,,,,,,Yes,No,Yes,Yes,ASHP,,,,,,,No,,,,,,,,,,,,,,,,,,,,,,,,,,,,,,,,,,,,,,,,,House_Detached_1.0
Warmworks,EOH1613,ML5,46.0,Working Full time (>30hrs),Professional,Prefer not to say,2021-04-24T00:00:00.000Z,Owner-Occupied,12.0,C1,3.0,09/06/2021,Warmworks,Suburban,1945-1964,C,2.0,3.0,113.65,8.0,4.0,8.0,2.46,Cavity_Insulated,Suspended,Pitched,Double,Yes,Gas,Gas Boiler - Combi,,,,0.0,0.0,1.0,No,No,,,,,,,,,,Yes,No,Yes,Yes,ASHP,,,,,,,No,,,,,,,,,,,,,,,,,,,,,,,,,,,,,,,,,,,,,,,,,House_Semi-Detached_2.0
Warmworks,EOH3190,EH49,27.0,Working Full time (>30hrs),Manager,Prefer not to say,2021-04-24T00:00:00.000Z,Owner-Occupied,0.9,C1,3.0,08/06/2021,Warmworks,Rural,Pre 1919,C,2.0,0.0,133.4,8.0,4.0,8.0,2.64,Cavity_Insulated,Suspended,Pitched,Double,Yes,Gas,Gas Boiler - Combi,,,,0.0,0.0,0.0,No,No,7186.85,16000.0,,,,,,,,Yes,Yes,Yes,Yes,HT_ASHP,,,,,,,No,,,,,,,,,,,,,,,,,,,,,,,,,,,,,,,,,,,,,,,,,House_Mid-Terrace_2.0
Warmworks,EOH1773,EH33,36.0,Working Full time (>30hrs),Skilled Manual Worker,"40,001 - 50,000",2021-04-25T00:00:00.000Z,Owner-Occupied,2.0,C2,2.0,16/06/2021,Warmworks,Suburban,1965-1980,D,2.0,0.0,83.4,4.0,2.0,4.0,2.35,Cavity_No_insulation,Suspended,Pitched,Double,Yes,Gas,Gas Boiler - Combi,,,,0.0,0.0,0.0,No,No,,,4.9,,12473.0,2865.0,0.0,,,Yes with additional measures,No,Yes,Yes,HT_ASHP,,,,649.0,18.0,5.0,Yes,,,,,,,,,,,,,,,,,,,,,,,,,,,,,,,,,,,,,,,,,House_Mid-Terrace_2.0
Warmworks,EOH1265,KY2,69.0,Retired,Pensioner,"30,001 - 40,000",2021-04-25T00:00:00.000Z,Owner-Occupied,5.0,C2,2.0,15/06/2021,Warmworks,Suburban,1945-1964,B,2.0,1.0,111.08,5.0,3.0,5.0,2.6,Cavity_Insulated,Suspended,Pitched,Double,Yes,Gas,Gas Boiler - Standard,Fire - Wood,Water,Normal (90-130l),0.0,0.0,0.0,No,No,,,5.9,,23110.0,2250.0,0.0,,,Yes,No,Yes,Yes,ASHP,,,,1012.0,18.0,5.0,Yes,,,,,,,,,,,,,,,,,,,,,,,,,,,,,,,,,,,,,,,,,House_Semi-Detached_2.0
Warmworks,EOH2568,PH2,51.0,Working Full time (>30hrs),Professional,"50,001+",2021-04-25T00:00:00.000Z,Owner-Occupied,20.0,AB,4.0,23/06/2021,Warmworks,Rural,Pre 1919,D,2.0,2.0,173.12,6.0,3.0,6.0,2.2,Cavity_No_insulation,Suspended,Pitched,Double,No,Wood,Biomass Boiler,Fire - Wood,Water,Medium (131-170l),0.0,0.0,0.0,No,No,,,9.0,54.0,22491.0,4921.0,0.0,50.0,3.92,Yes,Yes,Yes,No,HT_ASHP,,,,1466.16,18.0,5.0,Yes,20/09/2021,Everwarm,HT_ASHP,,Vaillant,VWL 125/6 A 230V S2,12.0,R290,0.0,Water_New,200.0,,1.0,,13.0,0.0,,Low Noise Heat Pump,No,0.0,0.0,0.0,No,No,0.0,0.0,,No,17943.13,3572.208,1610.23,3517.48,,,,,,,3.0,0.0,House_Detached_2.0
Warmworks,EOH1004,EH4,63.0,Retired,Pensioner,Prefer not to say,2021-04-25T00:00:00.000Z,Owner-Occupied,24.0,DE,2.0,03/06/2021,Warmworks,Suburban,1945-1964,D,4.0,0.0,140.79,6.0,4.0,5.0,2.54,Cavity_Insulated,Suspended,Pitched,Double,Yes,Gas,Gas Boiler - Combi,,,,0.0,0.0,1.0,No,No,,,,,,,,,,Yes,No,Yes,Yes,ASHP,,,,,,,No,,,,,,,,,,,,,,,,,,,,,,,,,,,,,,,,,,,,,,,,,House_Semi-Detached_3.0
Warmworks,EOH2019,DD3,34.0,Working Full time (>30hrs),Skilled Manual Worker,"50,001+",2021-04-25T00:00:00.000Z,Owner-Occupied,9.0,C2,3.0,07/06/2021,Warmworks,Urban,1981-1990,E,2.0,2.0,68.8,5.0,3.0,5.0,2.4,Cavity_No_insulation,Suspended,Pitched,Double,No,Electricity,Electric - Direct,,Water,Normal (90-130l),0.0,0.0,0.0,No,No,13087.0,,,,,,,,,Yes,No,Yes,Yes,ASHP,,,,,,,Yes,,,,,,,,,,,,,,,,,,,,,,,,,,,,,,,,,,,,,,,,,House_Semi-Detached_2.0
Warmworks,EOH2526,EH32,40.0,Working Full time (>30hrs),Professional,"40,001 - 50,000",2021-04-25T00:00:00.000Z,Owner-Occupied,1.0,C1,3.0,16/06/2021,Warmworks,Suburban,1945-1964,C,2.0,0.0,95.35,5.0,3.0,5.0,2.39,Cavity_Insulated,Suspended,Pitched,Double,Yes,Gas,Gas Boiler - Standard,,Water,Normal (90-130l),0.0,0.0,0.0,No,No,,,6.6,86.0,19808.0,3937.0,0.0,50.0,3.81,Yes,No,Yes,Yes,ASHP,,,,940.68,18.0,5.0,Yes,29/09/2021,Everwarm,ASHP,,Mitsubishi,PUZ-WM85VAA,8.5,R32,0.0,Water_New,200.0,,1.0,8.0,,0.0,,Low Noise Heat Pump,No,0.0,0.0,0.0,No,No,0.0,0.0,,No,8575.73,3572.208,1610.23,2164.6,,,,,,,3.0,0.0,House_Mid-Terrace_2.0
Warmworks,EOH2778,EH12,51.0,Working Part time,Professional,"50,001+",2021-04-25T00:00:00.000Z,Owner-Occupied,3.0,C1,4.0,06/07/2021,Warmworks,Urban,1965-1980,C,2.0,2.0,92.74,4.0,3.0,4.0,2.44,Cavity_Insulated,Solid,Pitched,Double,Yes,Gas,Gas Boiler - Standard,,Water,Normal (90-130l),0.0,0.0,1.0,No,No,2300.0,13000.0,6.1,71.0,18994.0,3937.0,0.0,50.0,3.81,Yes,No,Yes,Yes,ASHP,,,,,,,Yes,30/08/2021,Everwarm,ASHP,,Mitsubishi,PUZ-WM85VAA,8.5,R32,0.0,Water_New,150.0,,1.0,8.0,,0.0,,Low Noise Heat Pump,No,0.0,0.0,0.0,No,No,0.0,0.0,,No,8575.73,3508.272,1610.23,2164.6,,,,,,,2.0,0.0,House_Semi-Detached_2.0
Warmworks,EOH1723,EH45,63.0,Working Full time (>30hrs),Professional,"50,001+",2021-04-25T00:00:00.000Z,Owner-Occupied,14.0,C1,2.0,22/07/2021,Warmworks,Suburban,1991-2000,C,2.0,2.0,104.1,5.0,4.0,5.0,2.31,Cavity_Insulated,Solid,Pitched,Double,Yes,Gas,Gas Boiler - Standard,Fire - Wood,Water,Medium (131-170l),0.0,0.0,0.0,No,No,,,,,,,,,,Yes,No,Yes,Yes,ASHP,,,,,,,Yes,,,,,,,,,,,,,,,,,,,,,,,,,,,,,,,,,,,,,,,,,House_Detached_2.0
Warmworks,EOH2972,EH33,54.0,Working Full time (>30hrs),Professional,"50,001+",2021-04-26T00:00:00.000Z,Owner-Occupied,15.0,AB,2.0,16/06/2021,Warmworks,Suburban,1945-1964,D,2.0,1.0,128.62,7.0,5.0,7.0,2.45,Cavity_Insulated,Suspended,Pitched,Double,Yes,Gas,Gas Boiler - Combi,,,,0.0,0.0,1.0,No,No,4324.0,,8.5,,21224.0,5905.0,0.0,,,Yes with additional measures,No,Yes,Yes,HT_ASHP,,,,1490.48,18.0,5.0,No,,,,,,,,,,,,,,,,,,,,,,,,,,,,,,,,,,,,,,,,,House_Semi-Detached_2.0
Warmworks,EOH0876,EH16,33.0,Working Full time (>30hrs),Professional,"40,001 - 50,000",2021-04-26T00:00:00.000Z,Owner-Occupied,1.0,C1,4.0,13/06/2021,Warmworks,Urban,1945-1964,D,2.0,0.0,92.17,5.0,3.0,4.0,2.43,Cavity_Insulated,Suspended,Pitched,Double,Yes,Gas,Gas Boiler - Standard,Fire - Gas,Water,Normal (90-130l),0.0,1.0,0.0,No,No,,,6.3,75.0,15827.0,3820.0,55.0,50.0,3.65,Yes,No,Yes,Yes,HT_ASHP,,,,1040.0,18.0,4.5,Yes,23/08/2021,Everwarm,HT_ASHP,,Vaillant,VWL 75/6 A 230V S2,7.0,R290,0.0,Water_New,200.0,,1.0,,9.0,0.0,,Low Noise Heat Pump,No,0.0,0.0,0.0,No,Yes,0.0,0.0,,No,11215.17,3572.208,1610.23,2435.18,,514.16,,,,,2.0,1.0,House_Mid-Terrace_2.0
Warmworks,EOH1045,KY11,47.0,Working Full time (>30hrs),Professional,"25,001 - 30,000",2021-04-26T00:00:00.000Z,Owner-Occupied,,C2,5.0,27/05/2021,Warmworks,Rural,Pre 1919,D,2.0,0.0,87.28,5.0,2.0,4.0,2.52,Cavity_Insulated,Suspended,Pitched,Double,Yes,Gas,Gas Boiler - Combi,,,,0.0,0.0,1.0,No,No,3072.0,7094.0,5.0,67.0,7628.0,3623.0,156.0,50.0,3.37,Yes,No,Yes,Yes,ASHP,,,,700.0,14.0,,Yes,16/09/2021,TK Murray,ASHP,,Mitsubishi,PUHZ-W50VHA2,5.0,R410A,0.0,Water_New,150.0,,1.0,7.0,,0.0,,Low Noise Heat Pump,No,0.0,0.0,0.0,Yes,No,0.0,0.0,,No,7655.16,3508.272,1610.23,1894.03,,,,,,,3.0,0.0,House_End-Terrace_3.0
Warmworks,EOH3077,ML11,33.0,Working Full time (>30hrs),Professional,"50,001+",2021-04-26T00:00:00.000Z,Owner-Occupied,5.0,AB,4.0,09/06/2021,Warmworks,Rural,Pre 1919,E,2.0,1.0,162.53,7.0,4.0,7.0,2.33,Cavity_No_insulation,Suspended,Pitched,Double,No,Oil,Oil Boiler,Fire - Wood,,,0.0,0.0,1.0,Yes - Borehole,Yes,,,11.1,72.0,29623.0,4921.0,0.0,,,No,Yes,Yes,Yes,GSHP,,,,1514.88,18.0,5.0,Yes,27/09/2021,Everwarm,GSHP,Individual_Groundloop,Vaillant,VWF 117/4,11.0,R410A,,Water_New,200.0,,1.0,16.0,,0.0,,,No,0.0,0.0,0.0,No,No,0.0,0.0,,No,38728.62,3572.208,1610.23,4329.21,,,,,,,3.0,0.0,House_Detached_2.0
Warmworks,EOH0467,EH12,53.0,Working Full time (>30hrs),Professional,Prefer not to say,2021-04-26T00:00:00.000Z,Owner-Occupied,10.0,C1,4.0,10/06/2021,Warmworks,Suburban,1965-1980,B,2.0,2.0,68.48,5.0,3.0,4.0,2.39,Cavity_No_insulation,Suspended,Pitched,Triple,Yes,Gas,Gas Boiler - Standard,,Water,Normal (90-130l),0.0,0.0,1.0,No,No,2974.0,,4.7,59.0,14597.0,2250.0,0.0,50.0,3.58,Yes,No,Yes,Yes,ASHP,,,,673.74,18.0,5.0,Yes,19/08/2021,Everwarm,ASHP,,Mitsubishi,PUHZ-W50VHA2,5.0,R410A,0.0,Water_New,150.0,,1.0,6.0,,0.0,,Low Noise Heat Pump,No,0.0,0.0,0.0,No,No,0.0,0.0,,No,6529.24,3508.272,1610.23,1623.45,,,,,,,2.0,0.0,House_End-Terrace_2.0
Warmworks,EOH2811,EH16,65.0,Retired,Pensioner,"0 - 12,500",2021-04-26T00:00:00.000Z,Owner-Occupied,35.0,DE,4.0,13/06/2021,Restricted Data,Urban,1945-1964,D,2.0,0.0,97.77,6.0,3.0,6.0,2.27,Cavity_Insulated,Solid,Pitched,Double,Yes,Gas,Gas Boiler - Combi,Electric - Direct,,,0.0,0.0,0.0,No,No,,,5.6,,14187.0,2865.0,0.0,,,Yes,No,Yes,Yes,HT_ASHP,,,,690.0,18.0,5.0,No,,,,,,,,,,,,,,,,,,,,,,,,,,,,,,,,,,,,,,,,,House_Detached_2.0
Warmworks,EOH0313,KY12,50.0,Working Part time,Skilled Manual Worker,"50,001+",2021-04-26T00:00:00.000Z,Owner-Occupied,21.0,C1,4.0,21/06/2021,Warmworks,Rural,1945-1964,C,3.0,0.0,187.24,8.0,4.0,8.0,2.57,Cavity_Insulated,Suspended,Pitched,Double,Yes,Gas,Gas Boiler - Standard,Fire - Wood,Water,Large (> 170l),2.0,0.0,1.0,Yes - Borehole,Yes,,,9.6,,24481.0,3820.0,0.0,,,Yes,Yes,Yes,Yes,GSHP,,,,1207.0,18.0,5.0,Yes,,,,,,,,,,,,,,,,,,,,,,,,,,,,,,,,,,,,,,,,,House_Detached_2.0
Warmworks,EOH1967,EH30,66.0,Retired,Pensioner,Prefer not to say,2021-04-26T00:00:00.000Z,Owner-Occupied,21.0,DE,4.0,15/06/2021,Warmworks,Suburban,1965-1980,E,2.0,0.0,132.14,5.0,3.0,5.0,2.6,Cavity_Insulated,Suspended,Pitched,Double,Yes,Gas,Gas Boiler - Standard,Fire - Coal,Water,Normal (90-130l),0.0,0.0,0.0,Yes - Borehole,Yes,,,12.8,,33232.0,3937.0,0.0,,,Yes,Yes,Yes,Yes,GSHP,,,,1699.38,18.0,5.0,Yes,,,,,,,,,,,,,,,,,,,,,,,,,,,,,,,,,,,,,,,,,House_Semi-Detached_2.0
Warmworks,EOH0566,EH10,72.0,Retired,Pensioner,Prefer not to say,2021-04-27T00:00:00.000Z,Owner-Occupied,30.0,DE,3.0,13/06/2021,Warmworks,Suburban,1965-1980,E,1.0,0.0,125.47,7.0,4.0,7.0,2.45,Cavity_Insulated,Suspended,Pitched,Double,Yes,Gas,Gas Boiler - Standard,Fire - Gas,Water,Normal (90-130l),0.0,1.0,1.0,No,No,,,,,,,,,,Yes,No,Yes,Yes,HT_ASHP,,,,,,,No,,,,,,,,,,,,,,,,,,,,,,,,,,,,,,,,,,,,,,,,,House_Semi-Detached_2.0
Warmworks,EOH0132,EH15,50.0,Stay at home parent,Professional,"30,001 - 40,000",2021-04-28T00:00:00.000Z,Owner-Occupied,44.0,C2,2.0,14/06/2021,Warmworks,Urban,1919-1944,D,2.0,0.0,87.86,4.0,3.0,4.0,2.7,Cavity_Insulated,Suspended,Pitched,Double,Yes,Gas,Gas Boiler - Combi,,,,0.0,0.0,1.0,No,No,,,10.2,101.0,27217.0,2812.0,0.0,50.0,3.66,Yes,No,Yes,Yes,ASHP,,,,1227.78,18.0,5.0,Yes,28/09/2021,Everwarm,ASHP,,Mitsubishi,PUZ-WM112VAA,11.2,R32,0.0,Water_New,200.0,,1.0,12.0,,0.0,,Low Noise Heat Pump,No,0.0,0.0,0.0,No,No,0.0,0.0,,No,8575.73,3572.208,1610.23,3246.91,,,,,,,3.0,0.0,House_Detached_1.0
Warmworks,EOH1120,KY15,55.0,Unemployed,Unemployed/Benefits,Prefer not to say,2021-04-28T00:00:00.000Z,Owner-Occupied,41.0,DE,1.0,20/06/2021,Warmworks,Suburban,1945-1964,E,3.0,0.0,82.84,5.0,3.0,5.0,2.45,Cavity_Insulated,Solid,Pitched,Double,No,Electricity,Electric - Storage,Electric - Direct,Water,Normal (90-130l),0.0,0.0,0.0,No,No,,,,,,,,,,Yes,No,Yes,No,HT_ASHP,,,,,,,Yes,,,,,,,,,,,,,,,,,,,,,,,,,,,,,,,,,,,,,,,,,House_Semi-Detached_2.0
Warmworks,EOH0571,FK5,41.0,Working Full time (>30hrs),Professional,Prefer not to say,2021-04-28T00:00:00.000Z,Owner-Occupied,18.0,C1,3.0,03/06/2021,Warmworks,Suburban,1919-1944,D,2.0,3.0,94.34,5.0,3.0,5.0,2.52,Cavity_Insulated,Suspended,Pitched,Double,Yes,Gas,Gas Boiler - Combi,,,,0.0,0.0,1.0,No,No,,,5.2,70.0,13345.0,3820.0,0.0,50.0,3.65,Yes,No,Yes,Yes,HT_ASHP,,,,649.0,18.0,5.0,Yes,16/08/2021,Everwarm,HT_ASHP,,Vaillant,VWL 75/6 A 230V S2,7.0,R290,0.0,Water_New,200.0,,1.0,,9.0,0.0,,Low Noise Heat Pump,No,0.0,0.0,0.0,No,No,0.0,2.0,,No,11215.17,3572.208,1610.23,2435.18,,,,,9601.2,,2.0,0.0,House_Semi-Detached_2.0
Warmworks,EOH2082,EH49,48.0,Working Full time (>30hrs),Professional,"50,001+",2021-04-28T00:00:00.000Z,Owner-Occupied,20.0,AB,5.0,21/06/2021,Warmworks,Suburban,Pre 1919,B,2.0,0.0,128.25,7.0,3.0,7.0,2.7,Cavity_Insulated,Suspended,Pitched,Double,Yes,Gas,Gas Boiler - Combi,Fire - Wood,,,0.0,0.0,1.0,No,No,,,,,,,,,,Yes,No,Yes,Yes,ASHP,,,,,,,No,,,,,,,,,,,,,,,,,,,,,,,,,,,,,,,,,,,,,,,,,House_Mid-Terrace_2.0
Warmworks,EOH1638,PH2,54.0,Working Full time (>30hrs),Skilled Manual Worker,Prefer not to say,2021-04-28T00:00:00.000Z,Owner-Occupied,20.0,C2,4.0,23/06/2021,Warmworks,Rural,1981-1990,C,3.0,1.0,208.7,9.0,6.0,9.0,2.42,Cavity_No_insulation,Suspended,Pitched,Double,No,Oil,Oil Boiler,Electric - Direct,Water,Large (> 170l),2.0,0.0,0.0,Yes - Borehole,Yes,,,,,,,,,,Yes,Yes,Yes,Yes,GSHP,,,,,,,Yes,,,,,,,,,,,,,,,,,,,,,,,,,,,,,,,,,,,,,,,,,House_Detached_2.0
Warmworks,EOH0401,EH17,34.0,Working Part time,Skilled Manual Worker,Prefer not to say,2021-04-28T00:00:00.000Z,Owner-Occupied,5.0,C2,1.0,10/06/2021,Warmworks,Urban,1945-1964,C,1.0,3.0,90.52,5.0,3.0,5.0,2.48,Cavity_Insulated,Solid,Pitched,Double,Yes,Gas,Gas Boiler - Combi,,,,0.0,0.0,1.0,No,No,,,,,,,,,,Yes,No,Yes,Yes,ASHP,,,,,,,No,,,,,,,,,,,,,,,,,,,,,,,,,,,,,,,,,,,,,,,,,House_Mid-Terrace_2.0
Warmworks,EOH2115,EH14,69.0,Retired,Pensioner,Prefer not to say,2021-04-29T00:00:00.000Z,Owner-Occupied,20.0,AB,3.0,14/06/2021,Warmworks,Suburban,1919-1944,A,2.0,0.0,163.38,5.0,3.0,5.0,2.7,Cavity_Insulated,Suspended,Pitched,Double,Yes,Gas,Gas Boiler - Standard,Fire - Gas,Water,Large (> 170l),2.0,1.0,0.0,No,No,,,11.6,,30185.0,3937.0,0.0,,,Yes,No,Yes,Yes,HT_ASHP,,,,1543.5,18.0,5.0,No,,,,,,,,,,,,,,,,,,,,,,,,,,,,,,,,,,,,,,,,,House_Detached_2.0
Warmworks,EOH3072,EH5,41.0,Working Part time,Professional,"50,001+",2021-04-29T00:00:00.000Z,Owner-Occupied,8.0,C1,5.0,25/05/2021,Warmworks,Urban,1919-1944,C,2.0,2.0,115.83,5.0,3.0,5.0,2.51,Cavity_Insulated,Suspended,Pitched,Double,Yes,Gas,Gas Boiler - Combi,Fire - Wood,,,0.0,0.0,1.0,No,No,,,8.5,,15570.0,4075.0,156.0,,,Yes,No,Yes,Yes,HT_ASHP,,,,1118.0,14.0,,No,,,,,,,,,,,,,,,,,,,,,,,,,,,,,,,,,,,,,,,,,House_End-Terrace_2.0
Warmworks,EOH1960,G42,52.0,Working Full time (>30hrs),Professional,Prefer not to say,2021-04-29T00:00:00.000Z,Owner-Occupied,0.3,C1,3.0,22/06/2021,Warmworks,Urban,1965-1980,D,2.0,0.0,102.44,6.0,3.0,6.0,2.42,Cavity_Insulated,Suspended,Pitched,Double,Yes,Gas,Gas Boiler - Standard,,Water,Normal (90-130l),0.0,0.0,1.0,No,No,,,7.7,79.0,19543.0,3937.0,0.0,50.0,3.92,Yes with additional measures,No,Yes with additional measures,Yes with additional measures,HT_ASHP,,,,1268.97,18.0,5.0,Yes,13/09/2021,Everwarm,HT_ASHP,,Vaillant,VWL 125/6 A 230V S2,12.0,R290,0.0,Water_New,200.0,,1.0,,10.0,0.0,,Low Noise Heat Pump,No,0.0,0.0,0.0,No,Yes,0.0,0.0,,No,17943.13,3572.208,1610.23,2705.76,,603.88,,,,,3.0,2.0,House_Detached_2.0
Warmworks,EOH1017,EH9,73.0,Retired,Professional,Prefer not to say,2021-04-29T00:00:00.000Z,Owner-Occupied,11.0,AB,2.0,01/07/2021,Warmworks,Urban,1945-1964,C,1.0,0.0,81.6,4.0,2.0,4.0,2.44,Cavity_No_insulation,Suspended,Pitched,Double,Yes,Gas,Gas Boiler - Combi,Fire - Gas,,,0.0,1.0,1.0,No,No,860.0,8028.0,,,,,,,,Yes,No,Yes,Yes,ASHP,,,,,,,No,,,,,,,,,,,,,,,,,,,,,,,,,,,,,,,,,,,,,,,,,House_End-Terrace_2.0
Warmworks,EOH1541,KY3,55.0,Working Full time (>30hrs),Skilled Manual Worker,Prefer not to say,2021-04-29T00:00:00.000Z,Owner-Occupied,30.0,C2,5.0,08/07/2021,Warmworks,Rural,Pre 1919,E,2.0,2.0,186.47,9.0,5.0,9.0,2.79,Cavity_No_insulation,Suspended,Pitched,Double,No,Oil,Oil Boiler,Fire - Wood,Water,Normal (90-130l),1.0,0.0,1.0,Yes - Borehole,Yes,,,,,,,,,,No,Yes,Yes,No,None - Installation not recommended,,,,,,,,,,,,,,,,,,,,,,,,,,,,,,,,,,,,,,,,,,,,,,,,House_Detached_2.0
Warmworks,EOH2893,EH22,41.0,Working Full time (>30hrs),Professional,Prefer not to say,2021-04-29T00:00:00.000Z,Owner-Occupied,15.0,C1,3.0,01/06/2021,Warmworks,Suburban,1965-1980,C,2.0,0.0,65.93,4.0,2.0,4.0,2.28,Cavity_Insulated,Solid,Pitched,Double,Yes,Gas,Gas Boiler - Combi,,,,0.0,0.0,1.0,No,No,,,,,,,,,,Yes,No,Yes,Yes,HT_ASHP,,,,,,,No,,,,,,,,,,,,,,,,,,,,,,,,,,,,,,,,,,,,,,,,,House_Mid-Terrace_2.0
Warmworks,EOH1761,KY12,37.0,Working Full time (>30hrs),Professional,Prefer not to say,2021-04-30T00:00:00.000Z,Owner-Occupied,3.5,AB,5.0,21/06/2021,Warmworks,Urban,1945-1964,C,2.0,0.0,111.98,5.0,3.0,5.0,2.49,Cavity_Insulated,Suspended,Pitched,Double,Yes,Gas,Gas Boiler - Standard,,Water,Normal (90-130l),0.0,0.0,1.0,No,No,,,10.0,80.0,14645.0,4075.0,0.0,50.0,3.85,Yes,No,Yes,Yes,ASHP,,,,1073.0,14.0,,Yes,23/09/2021,TK Murray,HT_ASHP,,Vaillant,VWL 105/6 A 230V S2,10.0,R290,0.0,Water_New,200.0,,1.0,,1.0,0.0,,Low Noise Heat Pump,No,0.0,0.0,0.0,No,No,0.0,0.0,,No,11215.17,3572.208,1610.23,2976.33,,,,,,,3.0,0.0,House_Detached_2.0
Warmworks,EOH1958,EH39,43.0,Working Full time (>30hrs),Professional,Prefer not to say,2021-05-01T00:00:00.000Z,Owner-Occupied,2.0,AB,2.0,24/06/2021,Warmworks,Rural,1919-1944,F,2.0,2.0,120.74,4.0,3.0,4.0,2.4,Cavity_No_insulation,Suspended,Pitched,Double,No,LPG,LPG Boiler,,Water,Medium (131-170l),0.0,0.0,0.0,No,No,,,,,,,,,,Yes,No,Yes,Yes,None - Installation not recommended,,,,,,,,,,,,,,,,,,,,,,,,,,,,,,,,,,,,,,,,,,,,,,,,House_Detached_2.0
Warmworks,EOH2549,EH40,54.0,Working Full time (>30hrs),Professional,Prefer not to say,2021-05-01T00:00:00.000Z,Owner-Occupied,20.0,C1,3.0,24/06/2021,Warmworks,Rural,1991-2000,A,2.0,0.0,136.2,5.0,3.0,5.0,2.6,Cavity_Insulated,Suspended,Pitched,Double,Yes,Gas,Gas Boiler - Standard,Gas Boiler - Standard,Water,Medium (131-170l),0.0,0.0,0.0,No,No,,,7.1,60.0,18960.0,2250.0,0.0,50.0,3.81,Yes,No,Yes,Yes,ASHP,,,,830.0,18.0,5.0,Yes,09/08/2021,Everwarm,ASHP,,Mitsubishi,PUZ-WM85VAA,8.5,R32,0.0,Water_New,200.0,,1.0,12.0,,0.0,,Low Noise Heat Pump,No,0.0,0.0,0.0,No,No,0.0,0.0,,No,8575.73,3572.208,1610.23,3246.91,,,,,,,2.0,0.0,House_Detached_1.0
Warmworks,EOH2466,DD11,58.0,Working Full time (>30hrs),Professional,"12,501 - 16,200",2021-05-01T00:00:00.000Z,Owner-Occupied,10.0,AB,5.0,07/06/2021,Warmworks,Suburban,2001+,D,2.0,0.0,155.99,6.0,3.0,6.0,2.27,Cavity_Insulated,Suspended,Pitched,Double,No,,Oil Boiler,,,,0.0,0.0,0.0,No,No,2303.0,,10.4,86.0,20804.0,4380.0,0.0,50.0,3.92,No,No,Yes,Yes,HT_ASHP,,,,1185.0,18.0,5.0,Yes,13/09/2021,Everwarm,HT_ASHP,,Vaillant,VWL 125/6 A 230V S2,12.0,R290,0.0,Water_New,200.0,,1.0,,16.0,0.0,,Low Noise Heat Pump,No,0.0,0.0,0.0,No,No,0.0,0.0,,No,17943.13,3572.208,1610.23,4329.21,,,,,,,3.0,0.0,House_Semi-Detached_1.0
Warmworks,EOH1710,KY8,63.0,Carer,Professional,Prefer not to say,2021-05-01T00:00:00.000Z,Owner-Occupied,33.0,C2,4.0,08/07/2021,Warmworks,Urban,Pre 1919,D,2.0,0.0,194.2,9.0,6.0,9.0,2.67,Cavity_No_insulation,Suspended,Pitched,Double,Yes,Gas,Gas Boiler - Combi,,,,0.0,0.0,0.0,No,No,4734.0,37718.0,,,,,,,,Yes,Yes,Yes,Yes,None - Installation not recommended,,,,,,,,,,,,,,,,,,,,,,,,,,,,,,,,,,,,,,,,,,,,,,,,House_Detached_2.0
Warmworks,EOH1562,EH49,36.0,Working Part time,Professional,Prefer not to say,2021-05-03T00:00:00.000Z,Owner-Occupied,0.6,C1,3.0,08/06/2021,Warmworks,Urban,1965-1980,C,2.0,2.0,119.14,9.0,4.0,9.0,2.28,Cavity_Insulated,Solid,Pitched,Double,Yes,Gas,Gas Boiler - Combi,,,,0.0,0.0,0.0,No,No,,,7.8,69.0,21975.0,2812.0,0.0,50.0,3.81,Yes,No,Yes,Yes,ASHP,,,,962.0,18.0,5.0,Yes,23/08/2021,Everwarm,ASHP,,Mitsubishi,PUZ-WM85VAA,8.5,R32,0.0,PCM_New,,10.5,1.0,12.0,,0.0,,Low Noise Heat Pump,No,0.0,0.0,0.0,No,Yes,0.0,0.0,,No,8575.73,3454.908,1610.23,3246.91,,392.61,,,,,2.0,0.0,House_Semi-Detached_2.0
Warmworks,EOH0301,EH26,56.0,Working Full time (>30hrs),Professional,"50,001+",2021-05-03T00:00:00.000Z,Owner-Occupied,22.0,C1,3.0,22/06/2021,Warmworks,Rural,1965-1980,C,2.0,2.0,149.3,9.0,4.0,9.0,2.6,Cavity_Insulated,Suspended,Pitched,Double,Yes,Gas,Gas Boiler - Combi,,,,0.0,0.0,1.0,No,No,,,,,,,,,,Yes,No,Yes,Yes,HT_ASHP,,,,,,,No,,,,,,,,,,,,,,,,,,,,,,,,,,,,,,,,,,,,,,,,,House_Detached_2.0
Warmworks,EOH0992,EH19,53.0,Working Full time (>30hrs),Skilled Manual Worker,Prefer not to say,2021-05-03T00:00:00.000Z,Owner-Occupied,8.0,C2,2.0,22/06/2021,Warmworks,Suburban,1965-1980,C,2.0,1.0,93.96,4.0,3.0,4.0,2.6,Cavity_Insulated,Solid,Pitched,Double,Yes,Gas,Gas Boiler - Combi,,,,0.0,0.0,0.0,No,No,,,,,,,,,,Yes,No,Yes,Yes,ASHP,,,,,,,No,,,,,,,,,,,,,,,,,,,,,,,,,,,,,,,,,,,,,,,,,House_Semi-Detached_2.0
Warmworks,EOH0383,KY3,56.0,Working Part time,Skilled Manual Worker,Prefer not to say,2021-05-05T00:00:00.000Z,Owner-Occupied,12.0,C2,1.0,26/07/2021,Warmworks,Suburban,1945-1964,D,1.0,0.0,72.52,3.0,2.0,3.0,2.6,Cavity_No_insulation,Suspended,Pitched,Double,Yes,Gas,Gas Boiler - Combi,,,,0.0,0.0,0.0,No,No,,,,,,,,,,Yes,No,Yes,Yes,ASHP,,,,,,,No,,,,,,,,,,,,,,,,,,,,,,,,,,,,,,,,,,,,,,,,,House_Mid-Terrace_2.0
Warmworks,EOH0255,EH15,45.0,Working Full time (>30hrs),Professional,Prefer not to say,2021-05-05T00:00:00.000Z,Owner-Occupied,7.0,AB,2.0,28/06/2021,Restricted Data,Urban,1991-2000,D,2.0,1.0,115.76,5.0,3.0,5.0,2.53,Cavity_Insulated,Solid,Pitched,Double,Yes,Gas,Gas Boiler - Standard,,Water,Normal (90-130l),0.0,0.0,0.0,No,No,,,,,,,,,,Yes,No,Yes,Yes,ASHP,,,,,,,Yes,,,,,,,,,,,,,,,,,,,,,,,,,,,,,,,,,,,,,,,,,House_Mid-Terrace_3.0
Warmworks,EOH2684,EH52,36.0,Working Full time (>30hrs),Professional,Prefer not to say,2021-05-05T00:00:00.000Z,Owner-Occupied,0.8,C1,2.0,24/06/2021,Warmworks,Urban,1965-1980,C,2.0,1.0,96.38,5.0,3.0,5.0,2.6,Cavity_No_insulation,Suspended,Pitched,Double,Yes,Gas,Gas Boiler - Combi,,,,0.0,0.0,1.0,No,No,,,,,,,,,,Yes,No,Yes,Yes,None - Installation not recommended,,,,,,,,,,,,,,,,,,,,,,,,,,,,,,,,,,,,,,,,,,,,,,,,House_Mid-Terrace_2.0
Warmworks,EOH0767,EH22,67.0,Working Full time (>30hrs),Professional,"20,001 - 25,000",2021-05-06T00:00:00.000Z,Owner-Occupied,,C1,5.0,16/07/2021,Warmworks,Suburban,Pre 1919,E,2.0,0.0,80.52,4.0,2.0,4.0,2.7,Cavity_No_insulation,Suspended,Pitched,Double,Yes,Gas,Gas Boiler - Standard,Fire - Gas,Water,Normal (90-130l),0.0,1.0,1.0,No,No,,,,,,,,,,Yes,No,Yes,Yes,None - Installation not recommended,,,,,,,,,,,,,,,,,,,,,,,,,,,,,,,,,,,,,,,,,,,,,,,,House_Mid-Terrace_2.0
Warmworks,EOH0843,EH42,45.0,Working Part time,Professional,"50,001+",2021-05-07T00:00:00.000Z,Owner-Occupied,10.0,C1,3.0,21/07/2021,Warmworks,Rural,Pre 1919,E,2.0,0.0,176.99,6.0,3.0,6.0,2.6,Cavity_No_insulation,Suspended,Pitched,Double,No,Oil,,,Water,Large (> 170l),0.0,0.0,0.0,No,No,,,,,,,,,,Yes,No,Yes,No,None - Installation not recommended,,,,,,,,,,,,,,,,,,,,,,,,,,,,,,,,,,,,,,,,,,,,,,,,House_Detached_2.0
Warmworks,EOH2394,EH34,48.0,Working Part time,Professional,Prefer not to say,2021-05-11T00:00:00.000Z,Owner-Occupied,10.0,C1,3.0,05/07/2021,Warmworks,Suburban,Pre 1919,E,2.0,2.0,97.98,4.0,3.0,4.0,2.6,Cavity_No_insulation,Suspended,Pitched,Double,Yes,Gas,Gas Boiler - Standard,Gas Boiler - Standard,Water,Normal (90-130l),0.0,0.0,0.0,No,No,,,6.0,,17068.0,1687.0,0.0,,,Yes,No,Yes,Yes,ASHP,,,,747.54,18.0,5.0,Yes,,,,,,,,,,,,,,,,,,,,,,,,,,,,,,,,,,,,,,,,,House_Semi-Detached_2.0
Warmworks,EOH0643,TD8,58.0,Working Full time (>30hrs),Skilled Manual Worker,Prefer not to say,2021-05-12T00:00:00.000Z,Rented (Social),12.0,C2,2.0,19/07/2021,Warmworks,Urban,1965-1980,D,2.0,0.0,99.0,4.0,3.0,4.0,2.6,Cavity_Insulated,Suspended,Pitched,Double,Yes,Gas,Gas Boiler - Combi,,,,0.0,0.0,1.0,No,No,,,7.0,73.0,20240.0,3937.0,0.0,50.0,3.81,Yes,No,Yes,Yes,ASHP,,,,961.2,18.0,5.0,Yes,06/09/2021,Everwarm,ASHP,,Mitsubishi,PUZ-WM85VAA,8.5,R32,0.0,Water_New,200.0,,1.0,11.0,,0.0,,Low Noise Heat Pump,No,0.0,0.0,0.0,No,No,0.0,0.0,,No,8575.73,3572.208,1610.23,2976.33,,,,,,,3.0,0.0,House_Semi-Detached_2.0
Warmworks,EOH2273,TD5,68.0,Retired,Pensioner,Prefer not to say,2021-05-12T00:00:00.000Z,Rented (Social),20.0,DE,2.0,19/07/2021,Warmworks,Suburban,1945-1964,C,3.0,2.0,68.82,3.0,2.0,3.0,2.6,Cavity_Insulated,Suspended,Pitched,Double,Yes,Gas,Gas Boiler - Combi,,,,0.0,0.0,1.0,No,No,,,,,,,,,,Yes,No,Yes,Yes,ASHP,,,,,,,No,,,,,,,,,,,,,,,,,,,,,,,,,,,,,,,,,,,,,,,,,House_Mid-Terrace_2.0
Warmworks,EOH2313,TD8,35.0,Stay at home parent,Unemployed/Benefits,Prefer not to say,2021-05-12T00:00:00.000Z,Rented (Social),0.5,DE,1.0,27/07/2021,Warmworks,Rural,1945-1964,C,2.0,5.0,103.4,6.0,4.0,6.0,2.43,Cavity_Insulated,Suspended,Pitched,Double,Yes,Gas,Gas Boiler - Combi,,,,0.0,0.0,0.0,No,No,,,6.5,76.0,12475.0,6340.0,135.0,50.0,3.81,Yes,No,Yes,Yes,ASHP,,,,974.0,18.0,5.0,Yes,13/09/2021,Everwarm,ASHP,,Mitsubishi,PUZ-WM85VAA,8.5,R32,0.0,Water_New,200.0,,1.0,12.0,,0.0,,Low Noise Heat Pump,No,0.0,0.0,0.0,No,No,0.0,0.0,,No,8575.73,3572.208,1610.23,3246.91,,,,,,,3.0,0.0,House_End-Terrace_2.0
Warmworks,EOH2674,EH10,69.0,Retired,Pensioner,"20,001 - 25,000",2021-05-13T00:00:00.000Z,Owner-Occupied,24.0,AB,3.0,22/06/2021,Warmworks,Urban,Pre 1919,C,2.0,0.0,110.7,4.0,2.0,4.0,3.0,Cavity_No_insulation,Suspended,Another Dwelling Above,Double,Yes,Gas,Gas Boiler - Combi,,,,0.0,0.0,0.0,No,No,,,,,,,,,,Yes,No,Yes,Yes,ASHP,,,,,,,No,,,,,,,,,,,,,,,,,,,,,,,,,,,,,,,,,,,,,,,,,Maisonette_Mid-Terrace_1.0
Warmworks,EOH1440,EH34,28.0,Unemployed,Unemployed/Benefits,"0 - 12,500",2021-05-13T00:00:00.000Z,Owner-Occupied,1.0,DE,3.0,14/07/2021,Warmworks,Rural,1965-1980,G,1.0,0.0,86.41,4.0,3.0,0.0,2.4,Cavity_Insulated,Suspended,Pitched,Double,No,Oil,,,Water,No access,0.0,0.0,0.0,No,No,,,,,,,,,,No,No,Yes,No,None - Installation not recommended,,,,,,,,,,,,,,,,,,,,,,,,,,,,,,,,,,,,,,,,,,,,,,,,House_Mid-Terrace_2.0
Warmworks,EOH0524,TD4,33.0,Working Part time,Professional,"12,501 - 16,200",2021-05-14T00:00:00.000Z,Rented (Social),11.0,C2,4.0,05/08/2021,Warmworks,Suburban,1965-1980,F,,,68.26,4.0,2.0,4.0,2.45,Cavity_Insulated,Suspended,Pitched,Double,No,,Electric - Direct,,Water,Normal (90-130l),0.0,0.0,0.0,No,No,,,4.7,79.0,13931.0,2953.0,0.0,50.0,3.58,Yes,No,Yes,No,ASHP,,,,704.34,18.0,5.0,Yes,16/08/2021,Everwarm,ASHP,,Mitsubishi,PUHZ-W50VHA2,5.0,R410A,0.0,Water_New,150.0,,1.0,8.0,,0.0,,Low Noise Heat Pump,No,0.0,0.0,0.0,No,No,0.0,0.0,,No,7655.16,3508.272,1610.23,2164.6,,,,,,,2.0,0.0,House_Detached_2.0
Warmworks,EOH2428,EH33,49.0,Working Full time (>30hrs),Professional,Prefer not to say,2021-05-14T00:00:00.000Z,Owner-Occupied,15.0,AB,2.0,30/06/2021,Warmworks,Rural,Pre 1919,F,1.0,1.0,87.11,4.0,2.0,3.0,2.56,Cavity_No_insulation,Suspended,Pitched,Double,No,Coal,Fire - Coal,,Water,Medium (131-170l),0.0,0.0,0.0,No,No,2699.0,,,,,,,,,No,No,Yes,No,None - Installation not recommended,,,,,,,,,,,,,,,,,,,,,,,,,,,,,,,,,,,,,,,,,,,,,,,,House_Mid-Terrace_1.0
Warmworks,EOH1607,TD8,67.0,Retired,Pensioner,Prefer not to say,2021-05-17T00:00:00.000Z,Rented (Social),31.0,DE,2.0,29/07/2021,Warmworks,Suburban,1965-1980,C,1.0,0.0,81.0,4.0,2.0,4.0,2.39,Cavity_Insulated,Suspended,Pitched,Double,Yes,Gas,Gas Boiler - Combi,,,,0.0,0.0,1.0,No,No,2340.0,9551.0,5.2,80.0,16937.0,2953.0,0.0,50.0,3.81,Yes,No,Yes,Yes,ASHP,,,,804.42,18.0,5.0,Yes,08/09/2021,Everwarm,ASHP,,Mitsubishi,PUZ-WM85VAA,8.5,R32,0.0,Water_New,150.0,,1.0,7.0,,0.0,,Low Noise Heat Pump,No,0.0,0.0,0.0,No,No,0.0,0.0,,No,8575.73,3508.272,1610.23,1894.03,,,,,,,3.0,0.0,House_Mid-Terrace_2.0
Warmworks,EOH1718,TD1,29.0,Training or Education,Manager,"12,501 - 16,200",2021-05-17T00:00:00.000Z,Owner-Occupied,11.0,C1,2.0,08/06/2021,Warmworks,Suburban,1945-1964,D,,,84.39,4.0,3.0,4.0,2.39,Cavity_Insulated,Solid,Pitched,Double,Yes,Gas,Gas Boiler - Combi,,,,0.0,0.0,0.0,No,No,,,7.0,75.0,10836.0,4075.0,156.0,50.0,3.81,Yes,No,Yes,Yes,ASHP,,,,,,,Yes,19/08/2021,TK Murray,ASHP,,Mitsubishi,PUZ-WM85VAA,8.5,R32,0.0,Water_New,150.0,,1.0,8.0,,0.0,,Low Noise Heat Pump,No,0.0,0.0,0.0,Yes,No,0.0,0.0,,No,8575.73,3508.272,1610.23,2164.6,,,,,,,1.0,0.0,House_End-Terrace_1.0
Warmworks,EOH0681,TD1,43.0,Unemployed,Unemployed/Benefits,"0 - 12,500",2021-05-18T00:00:00.000Z,Rented (Social),1.0,DE,1.0,09/07/2021,Warmworks,Suburban,1965-1980,E,2.0,0.0,47.77,2.0,1.0,2.0,2.29,Cavity_No_insulation,Solid,Another Dwelling Above,Double,No,Electricity,Electric - Direct,,Water,Normal (90-130l),0.0,0.0,0.0,No,No,,,,,,,,,,Yes,No,Yes,No,ASHP,,,,,,,No,,,,,,,,,,,,,,,,,,,,,,,,,,,,,,,,,,,,,,,,,Flat_Flat_1.0
Warmworks,EOH2062,EH54,41.0,Working Full time (>30hrs),Skilled Manual Worker,Prefer not to say,2021-05-19T00:00:00.000Z,Owner-Occupied,6.0,C2,3.0,29/06/2021,Warmworks,Suburban,1965-1980,C,2.0,2.0,84.76,4.0,3.0,4.0,2.6,Cavity_No_insulation,Suspended,Pitched,Double,Yes,Gas,Gas Boiler - Combi,,,,0.0,0.0,1.0,No,No,,,6.2,,19725.0,3937.0,0.0,,,Yes,No,Yes,Yes,ASHP,,,,936.72,18.0,5.0,No,,,,,,,,,,,,,,,,,,,,,,,,,,,,,,,,,,,,,,,,,House_Mid-Terrace_2.0
Warmworks,EOH3026,EH22,31.0,Working Full time (>30hrs),Supervisor,"25,001 - 30,000",2021-05-24T00:00:00.000Z,Owner-Occupied,3.0,C1,1.0,30/06/2021,Warmworks,Suburban,1945-1964,C,1.0,0.0,74.76,3.0,2.0,3.0,2.47,Cavity_Insulated,Suspended,Pitched,Double,Yes,Gas,Gas Boiler - Combi,,,,0.0,0.0,0.0,No,No,,,,,,,,,,Yes,No,Yes,Yes,ASHP,,,,,,,No,,,,,,,,,,,,,,,,,,,,,,,,,,,,,,,,,,,,,,,,,House_Mid-Terrace_2.0
Warmworks,EOH2785,EH8,46.0,Working Full time (>30hrs),Professional,Prefer not to say,2021-05-24T00:00:00.000Z,Owner-Occupied,0.3,AB,3.0,23/07/2021,Warmworks,Urban,1945-1964,C,2.0,1.0,92.09,4.0,3.0,4.0,2.6,Cavity_Insulated,Suspended,Pitched,Double,Yes,Gas,Gas Boiler - Combi,,,,0.0,0.0,0.0,No,No,,,,,,,,,,Yes,No,Yes,Yes,ASHP,,,,,,,No,,,,,,,,,,,,,,,,,,,,,,,,,,,,,,,,,,,,,,,,,House_Mid-Terrace_2.0
Warmworks,EOH2897,EH46,52.0,Working Full time (>30hrs),Clerical,Prefer not to say,2021-05-26T00:00:00.000Z,Rented (Social),20.0,DE,3.0,12/07/2021,Warmworks,Suburban,1991-2000,D,2.0,2.0,95.54,5.0,3.0,,2.6,Cavity_Insulated,Suspended,Pitched,Double,,Electricity,Electric - Storage,Electric - Storage,Water,Large (> 170l),0.0,0.0,0.0,No,No,,,7.0,63.0,9651.0,4075.0,0.0,50.0,3.65,Yes,No,Yes,No,ASHP,,,,800.0,14.0,,Yes,14/09/2021,TK Murray,HT_ASHP,,Vaillant,VWL 75/6 A 230V S2,7.0,R290,0.0,Water_New,200.0,,1.0,,9.0,0.0,,Low Noise Heat Pump,No,0.0,0.0,0.0,,No,0.0,0.0,,No,11215.17,3572.208,1610.23,2435.18,,,,,,,2.0,0.0,House_End-Terrace_2.0
Warmworks,EOH2564,EH46,50.0,Working Part time,Semi and unskilled manual worker,Prefer not to say,2021-05-27T00:00:00.000Z,Rented (Social),6.0,DE,1.0,07/07/2021,Warmworks,Suburban,1991-2000,D,3.0,0.0,83.2,4.0,2.0,4.0,2.4,Cavity_Insulated,Solid,Pitched,Double,,Electricity,Electric - Storage,Electric - Direct,Water,Large (> 170l),0.0,0.0,0.0,No,No,,,7.0,65.0,9819.0,4075.0,156.0,50.0,3.65,Yes,No,Yes,No,ASHP,,,,835.0,14.0,,Yes,22/09/2021,TK Murray,HT_ASHP,,Vaillant,VWL 75/6 A 230V S2,7.0,R290,0.0,Water_New,200.0,,1.0,,10.0,0.0,,Low Noise Heat Pump,No,0.0,0.0,0.0,,No,0.0,0.0,,No,11215.17,3572.208,1610.23,2705.76,,,,,,,2.0,0.0,House_Semi-Detached_2.0
Warmworks,EOH1166,EH46,61.0,Working Full time (>30hrs),Skilled Manual Worker,Prefer not to say,2021-05-27T00:00:00.000Z,Rented (Social),5.0,C2,1.0,07/07/2021,Warmworks,Suburban,1991-2000,D,1.0,0.0,83.2,4.0,2.0,4.0,2.4,Cavity_Insulated,Solid,Pitched,Double,,Electricity,Electric - Storage,Electric - Direct,Water,Large (> 170l),0.0,0.0,0.0,No,No,,,7.0,65.0,9975.0,4075.0,0.0,50.0,3.65,Yes,No,Yes,No,ASHP,,,,814.0,14.0,,Yes,02/08/2021,TK Murray,HT_ASHP,,Vaillant,VWL 75/6 A 230V S2,7.0,R290,0.0,Water_New,200.0,,1.0,,10.0,0.0,,Low Noise Heat Pump,No,0.0,0.0,0.0,,No,0.0,0.0,,No,11215.17,3572.208,1610.23,2705.76,,,,,,,2.0,0.0,House_End-Terrace_2.0
Warmworks,EOH0754,EH46,57.0,Working Full time (>30hrs),Skilled Manual Worker,Prefer not to say,2021-05-27T00:00:00.000Z,Rented (Social),6.0,C2,1.0,07/07/2021,Warmworks,Suburban,1991-2000,D,2.0,0.0,91.2,5.0,3.0,4.0,2.4,Cavity_Insulated,Solid,Pitched,Double,,Electricity,Electric - Storage,Electric - Direct,Water,Large (> 170l),0.0,0.0,0.0,No,No,,,7.0,65.0,9975.0,4075.0,0.0,50.0,3.65,Yes,No,Yes,No,ASHP,,,,814.0,14.0,,Yes,29/07/2021,TK Murray,HT_ASHP,,Vaillant,VWL 75/6 A 230V S2,7.0,R290,0.0,Water_New,200.0,,1.0,,10.0,0.0,,Low Noise Heat Pump,No,0.0,0.0,0.0,,No,0.0,0.0,,No,11215.17,3572.208,1610.23,2705.76,,,,,,,2.0,0.0,House_End-Terrace_2.0
Warmworks,EOH1954,EH46,43.0,Stay at home parent,Unemployed/Benefits,Prefer not to say,2021-05-27T00:00:00.000Z,Rented (Social),14.0,DE,4.0,12/07/2021,Warmworks,Suburban,1991-2000,D,2.0,1.0,95.54,4.0,3.0,3.0,2.6,Cavity_Insulated,Suspended,Pitched,Double,,Electricity,Electric - Storage,Electric - Storage,Water,Large (> 170l),0.0,0.0,0.0,No,No,,,7.0,63.0,9651.0,4075.0,0.0,50.0,3.37,Yes,No,Yes,No,ASHP,,,,800.0,14.0,,Yes,23/08/2021,TK Murray,ASHP,,Mitsubishi,PUHZ-W50VHA2,5.0,R410A,0.0,Water_New,150.0,,1.0,10.0,,0.0,,Low Noise Heat Pump,No,0.0,0.0,0.0,,No,0.0,0.0,,No,7655.16,3508.272,1610.23,2705.76,,,,,,,2.0,0.0,House_End-Terrace_2.0
Warmworks,EOH0682,EH46,38.0,Working Full time (>30hrs),Semi and unskilled manual worker,"12,501 - 16,200",2021-05-27T00:00:00.000Z,Rented (Social),,DE,2.0,12/07/2021,Warmworks,Suburban,1991-2000,D,2.0,2.0,86.28,5.0,3.0,5.0,2.6,Cavity_Insulated,Suspended,Pitched,Double,,Electricity,Electric - Storage,Electric - Storage,Water,Large (> 170l),0.0,0.0,0.0,No,No,,,5.0,60.0,7546.0,4075.0,0.0,50.0,3.41,Yes,No,Yes,No,ASHP,,,,712.0,14.0,,Yes,06/09/2021,TK Murray,HT_ASHP,,Vaillant,VWL 55/6 A 230V S2,5.0,R290,0.0,Water_New,200.0,,1.0,,9.0,0.0,,Low Noise Heat Pump,No,0.0,0.0,0.0,,No,0.0,0.0,,No,11215.17,3572.208,1610.23,2435.18,,,,,,,2.0,0.0,House_Semi-Detached_2.0
Warmworks,EOH0266,EH27,61.0,Working Full time (>30hrs),Manager,"50,001+",2021-06-03T00:00:00.000Z,Owner-Occupied,23.0,AB,4.0,22/07/2021,Warmworks,Rural,Pre 1919,E,3.0,0.0,215.98,5.0,3.0,5.0,3.24,Cavity_No_insulation,Suspended,Pitched,Double,No,Oil,Oil Boiler,Fire - Wood,Water,Large (> 170l),0.0,0.0,1.0,Yes - Borehole,Yes,,,,,,,,,,No,Yes,Yes,No,GSHP,,,,,,,Yes,,,,,,,,,,,,,,,,,,,,,,,,,,,,,,,,,,,,,,,,,House_Detached_1.0
Warmworks,EOH0988,EH46,39.0,Working Full time (>30hrs),Skilled Manual Worker,Prefer not to say,2021-06-06T00:00:00.000Z,Rented (Social),4.0,C2,3.0,21/07/2021,Warmworks,Suburban,2001+,D,2.0,2.0,89.6,4.0,3.0,4.0,2.4,Cavity_Insulated,Solid,Pitched,Double,,Electricity,Electric - Storage,Electric - Direct,Water,Large (> 170l),0.0,0.0,0.0,No,No,,,5.0,55.0,7557.0,3623.0,0.0,50.0,3.37,Yes,No,Yes,No,ASHP,,,,669.0,14.0,,Yes,20/09/2021,TK Murray,ASHP,,Mitsubishi,PUHZ-W50VHAR2-BS,5.0,R410A,0.0,Water_New,150.0,,1.0,10.0,,0.0,,Low Noise Heat Pump,No,0.0,0.0,0.0,,No,0.0,0.0,,No,7655.16,3508.272,1610.23,2705.76,,,,,,,2.0,0.0,House_Mid-Terrace_2.0
Warmworks,EOH3041,EH8,42.0,Working Full time (>30hrs),Manager,Prefer not to say,2021-06-07T00:00:00.000Z,Owner-Occupied,9.0,C1,3.0,20/07/2021,Warmworks,Urban,1945-1964,D,2.0,1.0,85.72,4.0,3.0,4.0,2.6,Cavity_Insulated,Suspended,Pitched,Double,Yes,Gas,Gas Boiler - Combi,,,,1.0,0.0,1.0,No,No,,,,,,,,,,Yes,No,Yes,Yes,None - Installation not recommended,,,,,,,,,,,,,,,,,,,,,,,,,,,,,,,,,,,,,,,,,,,,,,,,House_Mid-Terrace_2.0
Warmworks,EOH2291,EH46,42.0,Working Part time,Semi and unskilled manual worker,Prefer not to say,2021-06-08T00:00:00.000Z,Rented (Social),5.0,DE,2.0,21/06/2021,Warmworks,Suburban,1991-2000,D,3.0,2.0,90.2,4.0,1.0,4.0,2.6,Cavity_Insulated,Solid,Pitched,Double,,Electricity,Electric - Storage,Electric - Storage,Water,Medium (131-170l),0.0,0.0,0.0,No,No,,,7.0,88.0,9976.0,4074.0,0.0,50.0,3.15,Yes,No,Yes,No,ASHP,,,,,,,Yes,28/07/2021,TK Murray,ASHP,,Vaillant,VWL 55/3 A 230V,5.0,R410A,0.0,Water_New,200.0,,1.0,10.0,,0.0,,Low Noise Heat Pump,No,0.0,0.0,0.0,,No,0.0,0.0,,No,7655.16,3572.208,1610.23,2705.76,,,,,,,2.0,0.0,House_Mid-Terrace_2.0
Warmworks,EOH3183,EH46,50.0,Carer,Casual worker,Prefer not to say,2021-06-08T00:00:00.000Z,Rented (Social),12.0,DE,1.0,29/06/2021,Warmworks,Suburban,2001+,D,2.0,0.0,86.39,4.0,3.0,4.0,2.6,Cavity_Insulated,Suspended,Pitched,Double,,Electricity,Electric - Storage,Electric - Storage,Water,Large (> 170l),0.0,0.0,0.0,No,No,,,5.0,60.0,7546.0,4075.0,0.0,50.0,3.41,Yes,No,Yes,Yes,ASHP,,,,712.0,14.0,,Yes,18/08/2021,TK Murray,HT_ASHP,,Vaillant,VWL 55/6 A 230V S2,5.0,R290,0.0,Water_New,200.0,,1.0,,9.0,0.0,,Low Noise Heat Pump,No,0.0,0.0,0.0,,No,0.0,0.0,,No,11215.17,3572.208,1610.23,2435.18,,,,,,,2.0,0.0,House_Semi-Detached_2.0
Warmworks,EOH2831,EH46,54.0,Unfit for work,Unemployed/Benefits,Prefer not to say,2021-06-09T00:00:00.000Z,Rented (Social),20.0,DE,3.0,21/07/2021,Warmworks,Suburban,1991-2000,D,1.0,1.0,89.6,4.0,2.0,4.0,2.4,Cavity_Insulated,Solid,Pitched,Double,,Electricity,Electric - Storage,Electric - Direct,Water,Large (> 170l),0.0,0.0,0.0,No,No,,,7.0,63.0,9651.0,4075.0,0.0,50.0,3.58,Yes,No,Yes,No,ASHP,,,,800.0,14.0,,Yes,26/08/2021,TK Murray,ASHP,,Mitsubishi,PUHZ-W50VHA2,5.0,R410A,0.0,Water_New,150.0,,1.0,10.0,,0.0,,Low Noise Heat Pump,No,0.0,0.0,0.0,,No,0.0,0.0,,No,7655.16,3508.272,1610.23,2705.76,,,,,,,2.0,0.0,House_Mid-Terrace_2.0
Warmworks,EOH2409,EH46,57.0,Working Full time (>30hrs),Skilled Manual Worker,Prefer not to say,2021-06-09T00:00:00.000Z,Rented (Social),13.0,C2,1.0,13/07/2021,Warmworks,Suburban,1991-2000,D,2.0,0.0,80.32,5.0,3.0,4.0,2.4,Cavity_Insulated,Solid,Pitched,Double,,Electricity,Electric - Storage,Electric - Direct,Water,Large (> 170l),0.0,0.0,0.0,No,No,12693.0,,5.0,60.0,7546.0,4075.0,0.0,50.0,3.41,Yes,No,Yes,Yes,ASHP,,,,712.0,14.0,,Yes,16/08/2021,TK Murray,HT_ASHP,,Vaillant,VWL 55/6 A 230V S2,5.0,R290,0.0,Water_New,200.0,,1.0,,9.0,0.0,,Low Noise Heat Pump,No,0.0,0.0,0.0,,No,0.0,0.0,,No,11215.17,3572.208,1610.23,2435.18,,,,,,,2.0,0.0,House_End-Terrace_2.0
Warmworks,EOH1136,EH46,61.0,Working Part time,Semi and unskilled manual worker,Prefer not to say,2021-06-09T00:00:00.000Z,Rented (Social),14.0,DE,2.0,13/07/2021,Warmworks,Suburban,2001+,D,2.0,0.0,80.32,5.0,3.0,5.0,2.4,Cavity_Insulated,Solid,Pitched,Double,,Electricity,Electric - Storage,Electric - Direct,Water,Large (> 170l),0.0,0.0,0.0,No,No,,,5.0,60.0,7546.0,4075.0,0.0,50.0,3.41,Yes,No,Yes,Yes,ASHP,,,,712.0,14.0,,Yes,04/08/2021,TK Murray,HT_ASHP,,Vaillant,VWL 55/6 A 230V S2,5.0,R290,0.0,Water_New,200.0,,1.0,,9.0,0.0,,Low Noise Heat Pump,No,0.0,0.0,0.0,,No,0.0,0.0,,No,11215.17,3572.208,1610.23,2435.18,,,,,,,3.0,0.0,House_Semi-Detached_2.0
Warmworks,EOH2127,EH46,52.0,Working Part time,Semi and unskilled manual worker,Prefer not to say,2021-06-09T00:00:00.000Z,Rented (Social),4.0,DE,1.0,20/07/2021,Warmworks,Suburban,2001+,D,2.0,1.0,89.6,4.0,3.0,4.0,2.4,Cavity_Insulated,Solid,Pitched,Double,,Electricity,Electric - Storage,Electric - Direct,Water,Large (> 170l),0.0,0.0,0.0,No,No,,,7.0,65.0,9651.0,4075.0,0.0,50.0,3.58,Yes,No,Yes,No,ASHP,,,,800.0,14.0,,Yes,25/08/2021,TK Murray,ASHP,,Mitsubishi,PUHZ-W50VHA2,5.0,R410A,0.0,Water_New,150.0,,1.0,10.0,,0.0,,Low Noise Heat Pump,No,0.0,0.0,0.0,,No,0.0,0.0,,No,7655.16,3508.272,1610.23,2705.76,,,,,,,2.0,0.0,House_Mid-Terrace_2.0
Warmworks,EOH2532,EH10,69.0,Retired,Pensioner,"40,001 - 50,000",2021-06-09T00:00:00.000Z,Owner-Occupied,22.0,DE,4.0,06/07/2021,Warmworks,Urban,Pre 1919,D,2.0,0.0,147.59,7.0,4.0,7.0,3.01,Cavity_No_insulation,Suspended,Pitched,Double,Yes,Gas,Gas Boiler - Standard,Fire - Gas,Water,Normal (90-130l),0.0,1.0,1.0,No,No,4270.0,19161.0,,,,,,,,No,No,Yes,Yes,None - Installation not recommended,,,,,,,,,,,,,,,,,,,,,,,,,,,,,,,,,,,,,,,,,,,,,,,,House_Detached_2.0
Warmworks,EOH1916,EH46,60.0,Working Full time (>30hrs),Clerical,Prefer not to say,2021-06-10T00:00:00.000Z,Rented (Social),20.0,C1,1.0,20/07/2021,Warmworks,Suburban,2001+,D,2.0,0.0,89.6,5.0,3.0,4.0,2.4,Cavity_Insulated,Solid,Pitched,Double,No,Electricity,Electric - Storage,Electric - Direct,Water,Large (> 170l),0.0,0.0,0.0,No,No,,,,,,,,,,Yes,No,Yes,No,ASHP,,,,,,,No,,,,,,,,,,,,,,,,,,,,,,,,,,,,,,,,,,,,,,,,,House_End-Terrace_2.0
Warmworks,EOH2547,KY4,52.0,Working Full time (>30hrs),Professional,Prefer not to say,2021-06-11T00:00:00.000Z,Owner-Occupied,4.0,C1,5.0,08/07/2021,Warmworks,Rural,Pre 1919,C,3.0,0.0,215.58,6.0,4.0,6.0,2.36,Cavity_No_insulation,Solid,Pitched,Double,Yes,Gas,Gas Boiler - Standard,Fire - Wood,Water,Large (> 170l),0.0,0.0,0.0,No,No,,,,,,,,,,Yes,Yes,Yes,Yes,None - Installation not recommended,,,,,,,,,,,,,,,,,,,,,,,,,,,,,,,,,,,,,,,,,,,,,,,,House_Detached_2.0
Warmworks,EOH3036,EH46,67.0,Working Full time (>30hrs),Professional,Prefer not to say,2021-06-11T00:00:00.000Z,Rented (Social),14.0,C1,1.0,28/07/2021,Warmworks,Suburban,2001+,C,3.0,0.0,84.9,5.0,3.0,5.0,2.39,Cavity_Insulated,Suspended,Pitched,Double,,Electricity,Electric - Storage,Electric - Direct,Water,Large (> 170l),0.0,0.0,0.0,No,No,9300.0,,5.0,60.0,7546.0,4075.0,0.0,50.0,3.41,Yes,No,Yes,No,ASHP,,,,712.0,14.0,,Yes,28/09/2021,TK Murray,HT_ASHP,,Vaillant,VWL 55/6 A 230V S2,5.0,R290,0.0,Water_New,200.0,,1.0,,9.0,0.0,,Low Noise Heat Pump,No,0.0,0.0,0.0,,No,0.0,0.0,,No,11215.17,3572.208,1610.23,2435.18,,,,,,,2.0,0.0,House_Semi-Detached_2.0
Warmworks,EOH2425,KY11,31.0,Working Full time (>30hrs),Clerical,Prefer not to say,2021-06-12T00:00:00.000Z,Owner-Occupied,2.0,C1,1.0,14/07/2021,Warmworks,Suburban,1965-1980,C,2.0,0.0,71.5,5.0,2.0,5.0,2.4,Cavity_No_insulation,Suspended,Pitched,Double,Yes,Gas,Gas Boiler - Combi,,,,0.0,0.0,0.0,No,No,,,,,,,,,,Yes,No,Yes,Yes,ASHP,,,,,,,No,,,,,,,,,,,,,,,,,,,,,,,,,,,,,,,,,,,,,,,,,House_Mid-Terrace_2.0
Warmworks,EOH2595,KY15,59.0,Carer,Skilled Manual Worker,"40,001 - 50,000",2021-06-24T00:00:00.000Z,Owner-Occupied,20.0,DE,2.0,26/07/2021,Warmworks,Rural,Pre 1919,E,2.0,0.0,159.2,6.0,4.0,6.0,2.6,Cavity_No_insulation,Suspended,Pitched,Double,No,Oil,,Fire - Wood,Water,Normal (90-130l),0.0,0.0,0.0,No,No,,,9.2,62.0,25154.0,2812.0,0.0,50.0,3.66,Yes,No,Yes,No,HT_ASHP,,,,1134.0,18.0,5.0,Yes,28/09/2021,Everwarm,ASHP,,Mitsubishi,PUZ-WM112VAA,11.2,R32,0.0,Water_New,200.0,,1.0,13.0,,0.0,,Low Noise Heat Pump,No,0.0,0.0,0.0,No,No,0.0,0.0,,No,8575.73,3572.208,1610.23,3517.48,,,,,,,3.0,0.0,House_Detached_2.0
Warmworks,EOH1330,TD10,29.0,Working Full time (>30hrs),Clerical,Prefer not to say,2021-06-27T00:00:00.000Z,Owner-Occupied,4.0,C1,3.0,27/07/2021,Warmworks,Suburban,1945-1964,E,1.0,0.0,88.1,5.0,3.0,4.0,2.43,Cavity_Insulated,Suspended,Pitched,Double,No,Electricity,Electric - Direct,,,,0.0,0.0,0.0,No,No,,,5.4,70.0,17827.0,2250.0,0.0,50.0,3.81,Yes,No,Yes,Yes,ASHP,,,,780.66,18.0,5.0,Yes,06/09/2021,Everwarm,ASHP,,Mitsubishi,PUZ-WM85VAA,8.5,R32,0.0,Water_New,200.0,,1.0,8.0,,0.0,,Low Noise Heat Pump,No,0.0,0.0,0.0,No,No,0.0,0.0,,No,8575.73,3572.208,1610.23,2164.6,,,,,,,3.0,0.0,House_Mid-Terrace_2.0
Warmworks,EOH1279,EH46,53.0,Working Part time,Skilled Manual Worker,Prefer not to say,2021-06-28T00:00:00.000Z,Rented (Social),20.0,C2,3.0,19/07/2021,Warmworks,Suburban,2001+,D,2.0,2.0,89.6,4.0,3.0,4.0,2.4,Cavity_Insulated,Solid,Pitched,Double,,Electricity,Electric - Storage,Electric - Direct,Water,Large (> 170l),0.0,0.0,0.0,No,No,,,7.0,60.0,9419.0,3623.0,0.0,50.0,3.65,Yes,No,Yes,No,ASHP,,,,746.0,14.0,,Yes,09/09/2021,TK Murray,HT_ASHP,,Vaillant,VWL 75/6 A 230V S2,7.0,R290,0.0,Water_New,200.0,,1.0,,11.0,0.0,,Low Noise Heat Pump,No,0.0,0.0,0.0,,No,0.0,0.0,,No,11215.17,3572.208,1610.23,2976.33,,,,,,,2.0,0.0,House_End-Terrace_2.0
Warmworks,EOH0809,EH46,63.0,Unemployed,Unemployed/Benefits,Prefer not to say,2021-07-02T00:00:00.000Z,Rented (Social),20.0,DE,4.0,20/07/2021,Warmworks,Suburban,2001+,E,2.0,0.0,89.6,4.0,3.0,,2.4,Cavity_Insulated,Solid,Pitched,Double,,Electricity,Electric - Storage,Electric - Direct,Water,Large (> 170l),0.0,0.0,0.0,No,No,,,7.0,61.0,8548.0,4075.0,0.0,50.0,3.65,Yes,No,Yes,No,ASHP,,,,754.0,14.0,,Yes,31/08/2021,TK Murray,HT_ASHP,,Vaillant,VWL 75/6 A 230V S2,7.0,R290,0.0,Water_New,200.0,,1.0,,10.0,0.0,,Low Noise Heat Pump,No,0.0,0.0,0.0,,No,0.0,0.0,,No,11215.17,3572.208,1610.23,2705.76,,,,,,,2.0,0.0,House_End-Terrace_2.0
Warmworks,EOH2066,EH14,38.0,Working Full time (>30hrs),Professional,"40,001 - 50,000",2021-07-08T00:00:00.000Z,Owner-Occupied,1.0,C1,4.0,21/07/2021,Warmworks,Urban,1919-1944,D,2.0,0.0,120.14,5.0,3.0,5.0,2.75,Cavity_Insulated,Suspended,Pitched,Double,Yes,Gas,Gas Boiler - Standard,,Water,Normal (90-130l),0.0,0.0,1.0,No,No,,,9.3,83.0,23278.0,2953.0,0.0,50.0,3.92,Yes,No,Yes,Yes,HT_ASHP,,,,1336.07,18.0,5.0,Yes,30/08/2021,Everwarm,HT_ASHP,,Vaillant,VWL 125/6 A 230V S2,12.0,R290,0.0,Water_New,150.0,,1.0,,8.0,0.0,,Low Noise Heat Pump,No,0.0,0.0,0.0,No,No,0.0,0.0,,No,17943.13,3508.272,1610.23,2164.6,,,,,,,2.0,0.0,House_Detached_2.0
Warmworks,EOH2021,EH46,66.0,Unfit for work,Unemployed/Benefits,Prefer not to say,2021-07-22T00:00:00.000Z,Rented (Social),22.0,DE,1.0,28/07/2021,Warmworks,Rural,2001+,C,1.0,0.0,90.46,5.0,3.0,5.0,2.4,Cavity_Insulated,Solid,Pitched,Double,,Electricity,Electric - Storage,Electric - Direct,Water,Large (> 170l),0.0,0.0,0.0,No,No,,,5.0,55.0,7557.0,3623.0,0.0,50.0,3.58,Yes,No,Yes,No,ASHP,,,,669.0,14.0,,Yes,02/09/2021,TK Murray,ASHP,,Mitsubishi,PUHZ-W50VHAR2-BS,5.0,R410A,0.0,Water_New,150.0,,1.0,10.0,,0.0,,Low Noise Heat Pump,No,0.0,0.0,0.0,,No,0.0,0.0,,No,7655.16,3508.272,1610.23,2705.76,,,,,,,2.0,0.0,House_Mid-Terrace_2.0
OVO,EOH1545,RH13,60.0,Working Full time (>30hrs),Professional,"50,001+",2020-07-01T00:00:00.000Z,Owner-Occupied,8.0,AB,4.0,18/12/2020,Retrofitworks,Suburban,1991-2000,,2.0,1.0,128.0,11.0,4.0,11.0,2.45,Cavity_Insulated,Solid,Pitched,Double,Yes,Gas,Gas Boiler - Standard,Electric - Warm air,Water,100,0.0,0.0,1.0,No,No,8000.0,16000.0,,,,,,,,Yes with additional measures,No,Yes with additional measures,Yes with additional measures,None - Installation not recommended,,,,,,,,,,,,,,,,,,,,,,,,,,,,,,,,,,,,,,,,,,,,,,,,House_Detached_2.0
OVO,EOH2485,GU7,40.0,Working Full time  (>30hrs),Professional,Prefer not to say,2020-07-01T00:00:00.000Z,Owner-Occupied,,C1,5.0,29/09/2020,Retrofitworks,Rural,1981-1990,C,2.0,1.0,205.0,9.0,5.0,9.0,2.32,Cavity_No_insulation,Solid,Pitched,Double,Yes,Gas,Gas Boiler - Standard,,,,0.0,0.0,1.0,Yes - Borehole,Yes,,,8.78,54.14,30622.46,7300.0,2829.46,,,Yes,No,Yes,Yes,ASHP,,14850.0,0.0,1834.76,14.0,,No,,,,,,,,,,,,,,,,,,,,,,,,,,,,,,,,,,,,,,,,,House_Detached_2.0
OVO,EOH2081,SO31,48.0,Working Full time (>30hrs),Manager,"50,001+",2020-07-01T00:00:00.000Z,Owner-Occupied,7.0,AB,5.0,12/01/2021,,,1965-1980,,2.0,2.0,122.1,7.0,4.0,7.0,,,,Pitched,Double,Yes,Gas,Gas Boiler - Standard,,,,0.0,0.0,1.0,No,No,,,,,,,,,,No,No,No,No,None - Installation not recommended,,,,,,,,,,,,,,,,,,,,,,,,,,,,,,,,,,,,,,,,,,,,,,,,House_Detached_1.0
OVO,EOH0487,PO14,51.0,Working Full time (>30hrs),Professional,"40,001 - 50,000",2020-07-01T00:00:00.000Z,Owner-Occupied,16.0,C1,4.0,29/01/2021,,Urban,1965-1980,,4.0,0.0,110.4,7.0,4.0,6.0,2.44,Cavity_Insulated,Solid,Pitched,Double,Yes,Gas,Gas Boiler - Combi,,,,0.0,0.0,1.0,No,No,,,8.6,88.34,24020.82,4745.0,1387.43,45.0,3.42,Yes with additional measures,No,Yes with additional measures,Yes,ASHP,Heat Emitters,11440.52,2252.25,1177.55,15.0,,Yes,10/03/2021,Northern Gas,ASHP,,Daikin,EDLQ011CV3,11.0,R410A,,Water_New,250.0,,1.0,0.0,11.0,0.0,,,No,0.0,0.0,0.0,No,No,0.0,0.0,,No,5860.33,2148.03,4107.83,1576.58,0.0,0.0,0.0,0.0,0.0,0.0,3.0,1.0,House_End-Terrace_2.0
OVO,EOH0691,RG24,42.0,Working Full time (>30hrs),Manager,"50,001+",2020-07-01T00:00:00.000Z,Owner-Occupied,5.0,AB,4.0,23/01/2021,,Suburban,Pre 1919,,1.0,0.0,58.9,5.0,2.0,5.0,2.45,Solid_No_insulation,Suspended,Pitched,Double,Yes,Gas,Gas Boiler - Combi,Fire - Wood,,,0.0,0.0,0.0,Yes - Ground Loop,No,,,,,,,,,,,,,,,,,,,,,No,,,,,,,,,,,,,,,,,,,,,,,,,,,,,,,,,,,,,,,,,House_Mid-Terrace_2.0
OVO,EOH2921,RG6,76.0,Retired,Pensioner,"40,001 - 50,000",2020-07-01T00:00:00.000Z,Owner-Occupied,52.0,DE,4.0,03/12/2020,,Urban,1919-1944,,2.0,0.0,,5.0,4.0,7.0,,,,,Double,Yes,Gas,Gas Boiler - Standard,,,,0.0,,,No,No,,,,,,,,,,No,No,No,No,None - Installation not recommended,,,,,,,,,,,,,,,,,,,,,,,,,,,,,,,,,,,,,,,,,,,,,,,,House_Semi-Detached_3.0
OVO,EOH0557,RG8,46.0,Working Full time (>30hrs),Professional,Prefer not to say,2020-07-01T00:00:00.000Z,Owner-Occupied,20.0,AB,4.0,03/02/2021,Retrofitworks,Rural,1991-2000,,3.0,1.0,170.4,10.0,5.0,16.0,2.35,Cavity_Insulated,Solid,Pitched,Double,Yes,Gas,Gas Boiler - Standard,,Water,150,0.0,0.0,0.0,No,No,,,,,,,,,,,,,,None - Installation not recommended,,,,,,,,,,,,,,,,,,,,,,,,,,,,,,,,,,,,,,,,,,,,,,,,House_Detached_2.0
OVO,EOH1222,GU51,42.0,Working Full time (>30hrs),Manager,"50,001+",2020-07-01T00:00:00.000Z,Owner-Occupied,3.0,C2,3.0,22/12/2020,,Suburban,1919-1944,,1.0,1.0,119.2,5.0,3.0,5.0,,,,Pitched,Double,Yes,Gas,Gas Boiler - Standard,,,,0.0,0.0,0.0,No,No,,,,,,,,,,No,No,No,No,None - Installation not recommended,,,,,,,,,,,,,,,,,,,,,,,,,,,,,,,,,,,,,,,,,,,,,,,,House_Detached_2.0
OVO,EOH1230,PO11,37.0,Working Full time (>30hrs),Manager,"25,001 - 30,000",2020-07-01T00:00:00.000Z,Owner-Occupied,2.0,AB,4.0,14/02/2021,Retrofitworks,Suburban,1945-1964,,1.0,1.0,82.0,4.0,2.0,6.0,2.4,Cavity_Insulated,Suspended,Pitched,Double,Yes,Gas,Gas Boiler - Standard,,Water,100,0.0,0.0,0.0,No,No,,,,,,,,,,Yes with additional measures,No,Yes with additional measures,Yes with additional measures,None - Installation not recommended,,,,,,,,,,,,,,,,,,,,,,,,,,,,,,,,,,,,,,,,,,,,,,,,House_Detached_1.0
OVO,EOH1667,PO3,52.0,Working Full time (>30hrs),Manager,"50,001+",2020-07-01T00:00:00.000Z,Owner-Occupied,20.0,AB,3.0,11/02/2021,Retrofitworks,Suburban,1919-1944,,2.0,0.0,127.0,8.0,3.0,8.0,2.55,Cavity_No_insulation,Suspended,Pitched,Double,Yes,Gas,Gas Boiler - Combi,,,,0.0,0.0,1.0,No,No,,,,,,,,,,,,,,None - Installation not recommended,,,,,,,,,,,,,,,,,,,,,,,,,,,,,,,,,,,,,,,,,,,,,,,,House_Semi-Detached_3.0
OVO,EOH0909,KT21,62.0,Working Full time (>30hrs),Professional,"50,001+",2020-07-01T00:00:00.000Z,Owner-Occupied,16.0,AB,1.0,12/10/2020,Retrofitworks,Suburban,Pre 1919,E,3.0,0.0,256.47,9.0,5.0,9.0,2.74,Cavity_Insulated,Suspended,Pitched,Double,Yes,Gas,Gas Boiler - Standard,,Water,140,0.0,3.0,1.0,Yes - Borehole,Yes,6779.6,39192.9,,,,,,,,Yes,Yes,Yes,Yes,GSHP,Loft Insulation,20500.0,900.0,1190.0,,,No,,,,,,,,,,,,,,,,,,,,,,,,,,,,,,,,,,,,,,,,,House_Detached_2.0
OVO,EOH2283,KT22,62.0,Retired,Pensioner,"40,001 - 50,000",2020-01-07T00:00:00.000Z,Owner-Occupied,17.0,DE,1.0,25/09/2020,Restricted Data,Suburban,1965-1980,,2.0,0.0,102.62,4.0,3.0,5.0,2.41,Cavity_Insulated,Solid,Pitched,Double,Yes,Gas,Gas - Warm air,Fire - Wood,Water,100,0.0,1.0,1.0,Yes - Borehole,Yes,6885.0,14433.0,5.51,61.15,11690.0,2696.92,3203.0,50.0,3.43,Yes,No,No,No,ASHP,Heat Emitters,13259.15,4824.02,580.0,12.0,5.0,Yes,25/01/2021,Elite Renewables,ASHP,,Daikin,ERGA08DVA,8.0,R32,,Water_New,130.0,,1.0,0.0,6.0,0.0,,,No,0.0,0.0,0.0,No,No,0.0,0.0,,No,6294.93,1147.34,6479.84,5065.22,0.0,0.0,0.0,0.0,0.0,0.0,15.5,6.0,House_Detached_1.0
OVO,EOH0533,ME10,42.0,Working Full time (>30hrs),Clerical,"30,001 - 40,000",2020-07-01T00:00:00.000Z,Owner-Occupied,6.0,C1,4.0,12/01/2021,Retrofitworks,Suburban,1965-1980,,2.0,2.0,104.38,5.0,3.0,5.0,2.5,Cavity_Insulated,Solid,Pitched,Double,Yes,Gas,Gas Boiler - Combi,,,,1.0,0.0,0.0,No,No,,,,,,,,,,,,,,None - Installation not recommended,,,,,,,,,,,,,,,,,,,,,,,,,,,,,,,,,,,,,,,,,,,,,,,,House_Semi-Detached_2.0
OVO,EOH1375,PO9,35.0,Working Full time (>30hrs),Professional,"40,001 - 50,000",2020-07-01T00:00:00.000Z,Owner-Occupied,4.0,C1,3.0,10/07/2020,Retrofitworks,Suburban,2001+,,2.0,3.0,,6.0,3.0,8.0,,Cavity_Insulated,Solid,Pitched,Double,Yes,Gas,Gas Boiler - Combi,,,,0.0,0.0,1.0,No,No,,,,,,,,,,,,,,None - Installation not recommended,,,,,,,,,,,,,,,,,,,,,,,,,,,,,,,,,,,,,,,,,,,,,,,,House_Mid-Terrace_3.0
OVO,EOH1583,PO19,42.0,Working Full time (>30hrs),Professional,"50,001+",2020-07-02T00:00:00.000Z,Owner-Occupied,9.0,AB,4.0,25/01/2021,Retrofitworks,Suburban,1919-1944,,2.0,2.0,126.22,8.0,5.0,13.0,2.5,Cavity_Insulated,Suspended,Pitched,Double,Yes,Gas,Gas Boiler - Combi,Fire - Wood,,,0.0,0.0,0.0,No,No,,,,,,,,,,,,,,None - Installation not recommended,,,,,,,,,,,,,,,,,,,,,,,,,,,,,,,,,,,,,,,,,,,,,,,,House_Semi-Detached_3.0
OVO,EOH1897,RH16,37.0,Working Full time (>30hrs),Manager,"50,001+",2020-07-02T00:00:00.000Z,Owner-Occupied,2.0,C1,3.0,13/01/2021,Retrofitworks,Suburban,1919-1944,,2.0,1.0,108.34,5.0,3.0,6.0,2.45,Cavity_No_insulation,Solid,Pitched,Double,Yes,Gas,Gas Boiler - Standard,Fire - Wood,Water,130,0.0,0.0,0.0,No,No,,,6.18,66.34,11761.0,3057.0,109.0,,,Yes with additional measures,No,Yes,Yes,HT_ASHP,,14726.0,0.0,850.47,15.0,,No,,,,,,,,,,,,,,,,,,,,,,,,,,,,,,,,,,,,,,,,,House_Semi-Detached_2.0
OVO,EOH0864,GU15,70.0,Unemployed,Pensioner,Prefer not to say,2020-07-01T00:00:00.000Z,Owner-Occupied,,DE,2.0,18/09/2020,Retrofitworks,Suburban,1919-1944,,1.0,0.0,142.12,8.0,4.0,8.0,2.45,Cavity_No_insulation,Suspended,Pitched,Double,Yes,Gas,Gas Boiler - Standard,,,,0.0,1.0,0.0,No,No,,,,,,,,,,Yes with additional measures,No,Yes with additional measures,Yes with additional measures,None - Installation not recommended,Loft Insulation; Wall insulation; Window replacement; Door replacement; Draft Proofing,,22000.0,,,,,,,,,,,,,,,,,,,,,,,,,,,,,,,,,,,,,,,,,,,,,House_Detached_2.0
OVO,EOH0208,PO9,37.0,Working Full time (>30hrs),Professional,"40,001 - 50,000",2020-07-02T00:00:00.000Z,Owner-Occupied,10.0,AB,3.0,19/01/2021,Retrofitworks,Suburban,Pre 1919,,1.0,1.0,122.97,7.0,3.0,7.0,2.45,Cavity_No_insulation,Suspended,Pitched,Double,Yes,Gas,Gas Boiler - Combi,,,,0.0,0.0,0.0,No,No,,,11.12,89.82,30160.3,4745.32,1429.22,,,Yes,No,Yes,Yes,ASHP,Heat Emitters,14601.49,1234.8,1471.91,14.0,,No,,,,,,,,,,,,,,,,,,,,,,,,,,,,,,,,,,,,,,,,,House_Semi-Detached_2.0
OVO,EOH1306,GU18,49.0,Working Full time  (>30hrs),Professional,Prefer not to say,2020-01-07T00:00:00.000Z,Owner-Occupied,,AB,5.0,28/09/2020,Retrofitworks,Urban,1965-1980,C,2.0,0.0,101.0,5.0,3.0,6.0,2.33,Cavity_Insulated,Solid,Pitched,Double,Yes,Gas,Gas Boiler - Standard,,,,0.0,0.0,0.0,No,Yes,,,4.96,53.5,10912.0,3596.0,2990.0,45.0,4.07,Yes,No,Yes,No,ASHP,,13071.46,0.0,616.0,12.0,5.0,Yes,18/01/2021,Elite Renewables,ASHP,,Mitsubishi,PUZ-WM60VAA,6.0,R32,,Water_New,130.0,,3.0,0.0,1.0,0.0,,Low Noise Heat Pump,No,0.0,0.0,0.0,No,No,0.0,0.0,,No,6864.43,1292.32,5875.99,283.5,0.0,0.0,0.0,0.0,0.0,0.0,14.0,1.0,House_End-Terrace_2.0
OVO,EOH0129,PO6,30.0,Working Full time (>30hrs),Clerical,"50,001+",2020-07-02T00:00:00.000Z,Owner-Occupied,8.0,C1,4.0,21/01/2021,Retrofitworks,Urban,1919-1944,,2.0,0.0,62.98,5.0,3.0,6.0,2.4,Cavity_Insulated,Suspended,Pitched,Double,Yes,Gas,Gas Boiler - Standard,,Water,150,0.0,0.0,0.0,No,No,,,,,,,,,,,No,,,,,,,,,,No,,,,,,,,,,,,,,,,,,,,,,,,,,,,,,,,,,,,,,,,,House_Mid-Terrace_2.0
OVO,EOH1788,TN12,60.0,Working Part time,Professional,"0 - 12,500",2020-07-07T00:00:00.000Z,Owner-Occupied,20.0,C2,4.0,19/11/2020,Retrofitworks,Rural,Pre 1919,,1.0,0.0,75.7,5.0,3.0,5.0,2.29,Solid_No_insulation,Solid,Pitched,Double,Yes,Gas,Gas Boiler - Standard,Fire - Wood,Water,130,1.0,0.0,1.0,No,No,,,,,,,,,,,,,,None - Installation not recommended,,,,,,,,,,,,,,,,,,,,,,,,,,,,,,,,,,,,,,,,,,,,,,,,House_Semi-Detached_3.0
OVO,EOH1460,DA9,44.0,Working Full time (>30hrs),Professional,"30,001 - 40,000",2020-07-02T00:00:00.000Z,Owner-Occupied,6.0,C1,2.0,10/12/2020,Retrofitworks,Suburban,1991-2000,,3.0,3.0,116.0,6.0,5.0,8.0,2.5,Cavity_Insulated,Mix,Pitched,Double,Yes,Gas,Gas Boiler - Standard,,Water,150,0.0,0.0,1.0,No,No,,,8.63,76.79,21160.96,4745.0,1182.94,,,Yes,No,Yes,Yes,ASHP,,,,1129.85,14.0,,No,,,,,,,,,,,,,,,,,,,,,,,,,,,,,,,,,,,,,,,,,House_Semi-Detached_2.0
OVO,EOH0859,TW16,52.0,Working Full time (>30hrs),Manager,"50,001+",2020-07-01T00:00:00.000Z,Owner-Occupied,13.0,C1,3.0,16/09/2020,Retrofitworks,Suburban,1981-1990,F,2.0,0.0,127.0,5.0,3.0,5.0,2.45,Cavity_Insulated,Suspended,Pitched,Double,No,LPG,LPG Boiler,Fire - Wood,Water,70,0.0,0.0,0.0,Yes - Borehole,Yes,5000.0,,6.5,59.1,4616.0,2697.0,493.0,50.0,3.81,Yes,No,Yes,Yes,ASHP,,13140.45,0.0,578.0,15.0,,Yes,15/02/2021,Elite Renewables,ASHP,,Mitsubishi,PUZ-WM85VAA,8.5,R32,,Water_New,130.0,,1.0,0.0,1.0,0.0,,Low Noise Heat Pump,No,0.0,0.0,0.0,No,No,0.0,0.0,,No,6624.83,1292.32,6359.55,304.5,0.0,0.0,0.0,0.0,0.0,0.0,15.0,0.5,House_Detached_2.0
OVO,EOH1348,TW18,28.0,Working Full time (>30hrs),Clerical,"50,001+",2020-07-02T00:00:00.000Z,Owner-Occupied,1.0,C1,3.0,31/03/2021,Retrofitworks,Suburban,1919-1944,,2.0,0.0,82.0,4.0,2.0,4.0,2.4,Solid_No_insulation,Suspended,Pitched,Double,Yes,Gas,Gas Boiler - Combi,,,,0.0,0.0,0.0,No,No,,,,,,,,,,,,,,None - Installation not recommended,,,,,,,,,,,,,,,,,,,,,,,,,,,,,,,,,,,,,,,,,,,,,,,,House_End-Terrace_2.0
OVO,EOH2502,GU1,53.0,Retired,Professional,"50,001+",2020-07-01T00:00:00.000Z,Owner-Occupied,,DE,4.0,28/09/2020,Retrofitworks,Suburban,1919-1944,,2.0,0.0,230.0,10.0,5.0,10.0,2.45,Cavity_No_insulation,Suspended,Pitched,Double,Yes,Gas,Gas Boiler - Standard,,,,0.0,0.0,1.0,No,No,,,,,,,,,,Yes with additional measures,Yes with additional measures,Yes with additional measures,Yes with additional measures,None - Installation not recommended,Loft Insulation; Wall insulation; Draft Proofing,5775.0,13200.0,2576.95,,,,,,,,,,,,,,,,,,,,,,,,,,,,,,,,,,,,,,,,,,,,House_Detached_2.0
OVO,EOH0579,PO8,36.0,Working Full time (>30hrs),Skilled Manual Worker,"50,001+",2020-07-02T00:00:00.000Z,Owner-Occupied,3.0,C2,4.0,19/01/2021,Retrofitworks,Suburban,1965-1980,,2.0,1.0,78.2,5.0,3.0,5.0,2.4,Cavity_Insulated,Solid,Pitched,Double,Yes,Gas,Gas Boiler - Standard,,Water,130,0.0,1.0,1.0,No,No,,,,,,,,,,,,,,None - Installation not recommended,,,,,,,,,,,,,,,,,,,,,,,,,,,,,,,,,,,,,,,,,,,,,,,,House_Detached_2.0
OVO,EOH0312,KT11,69.0,Unemployed,Pensioner,Prefer not to say,2020-07-01T00:00:00.000Z,Owner-Occupied,24.0,DE,2.0,25/09/2020,Retrofitworks,Suburban,1919-1944,,2.0,0.0,130.0,5.0,4.0,7.0,2.52,Solid_No_insulation,Solid,Pitched,Double,Yes,Gas,Gas Boiler - Standard,,,,0.0,0.0,1.0,No,No,,,,,,,,,,Yes,No,Yes,Yes,ASHP,Loft Insulation; Wall insulation,10500.0,19860.0,510.0,,,No,,,,,,,,,,,,,,,,,,,,,,,,,,,,,,,,,,,,,,,,,House_Detached_2.0
OVO,EOH1378,GU33,35.0,Working Full time (>30hrs),Supervisor,"40,001 - 50,000",2020-07-02T00:00:00.000Z,Owner-Occupied,4.0,C1,3.0,20/01/2021,Retrofitworks,Suburban,Pre 1919,,2.0,1.0,85.0,6.0,3.0,6.0,2.4,Cavity_No_insulation,Suspended,Pitched,Double,Yes,Gas,Gas Boiler - Standard,Fire - Wood,,,0.0,0.0,1.0,No,No,,,,,,,,,,,,,,None - Installation not recommended,,,,,,,,,,,,,,,,,,,,,,,,,,,,,,,,,,,,,,,,,,,,,,,,House_Semi-Detached_2.0
OVO,EOH0299,RG4,36.0,Working Full time (>30hrs),Manager,"50,001+",2020-07-02T00:00:00.000Z,Owner-Occupied,2.0,AB,3.0,09/03/2021,Retrofitworks,Suburban,1965-1980,,1.0,3.0,97.66,5.0,4.0,6.0,2.4,Cavity_Insulated,Suspended,Pitched,Double,Yes,Gas,Gas Boiler - Standard,,Water,120,0.0,0.0,0.0,No,No,,,,,,,,,,,,,,None - Installation not recommended,,,,,,,,,,,,,,,,,,,,,,,,,,,,,,,,,,,,,,,,,,,,,,,,House_Semi-Detached_2.0
OVO,EOH0282,KT12,48.0,Working Full time (>30hrs),Professional,"50,001+",2020-07-01T00:00:00.000Z,Owner-Occupied,5.0,AB,4.0,18/09/2020,Retrofitworks,Urban,2001+,B,2.0,1.0,141.36,6.0,4.0,6.0,2.53,Cavity_Insulated,Suspended,Pitched,Triple,Yes,Gas,Gas Boiler - Standard,,Water,70,0.0,0.0,1.0,No,No,9320.0,3068.9,,,,,,,,No,No,No,No,None - Installation not recommended,,,,,,,,,,,,,,,,,,,,,,,,,,,,,,,,,,,,,,,,,,,,,,,,House_Semi-Detached_3.0
OVO,EOH0148,HP9,67.0,Retired,Manager,"40,001 - 50,000",2020-07-02T00:00:00.000Z,Owner-Occupied,12.0,DE,4.0,11/03/2021,Retrofitworks,Suburban,2001+,,2.0,0.0,110.08,8.0,4.0,8.0,2.4,Cavity_Insulated,Solid,Pitched,Double,Yes,Gas,Gas Boiler - Standard,,Water,150,0.0,0.0,1.0,No,No,,,,,,,,,,,,,,None - Installation not recommended,,,,,,,,,,,,,,,,,,,,,,,,,,,,,,,,,,,,,,,,,,,,,,,,House_Detached_2.0
OVO,EOH2464,PO4,34.0,Working Full time (>30hrs),Manager,"50,001+",2020-07-03T00:00:00.000Z,Owner-Occupied,5.0,C1,3.0,01/03/2021,Retrofitworks,Urban,Pre 1919,,2.0,1.0,101.0,7.0,4.0,7.0,2.7,Solid_No_insulation,Suspended,Pitched,Double,Yes,Gas,Gas Boiler - Combi,,,,0.0,0.0,0.0,No,No,,,,,,,,,,,,,,None - Installation not recommended,,,,,,,,,,,,,,,,,,,,,,,,,,,,,,,,,,,,,,,,,,,,,,,,House_Mid-Terrace_2.0
OVO,EOH0507,RG20,65.0,Retired,Pensioner,"25,001 - 30,000",2020-07-03T00:00:00.000Z,Owner-Occupied,3.0,DE,4.0,09/03/2021,Retrofitworks,Rural,Pre 1919,,2.0,0.0,147.5,7.0,4.0,7.0,2.3,Solid_No_insulation,Solid,Pitched,Double,No,Oil,Oil Boiler,,Water,150,0.0,0.0,0.0,No,No,,,,,,,,,,,,,,None - Installation not recommended,,,,,,,,,,,,,,,,,,,,,,,,,,,,,,,,,,,,,,,,,,,,,,,,House_Detached_2.0
OVO,EOH2858,OX11,33.0,Working Full time (>30hrs),Professional,"50,001+",2020-07-02T00:00:00.000Z,Owner-Occupied,,C1,4.0,13/02/2021,Retrofitworks,Suburban,2001+,,2.0,3.0,142.0,7.0,4.0,7.0,2.4,Cavity_Insulated,Solid,Pitched,Double,Yes,Gas,Gas Boiler - Standard,,Water,200,0.0,0.0,0.0,No,No,,,,,,,,,,No,No,No,No,None - Installation not recommended,,,,,,,,,,,,,,,,,,,,,,,,,,,,,,,,,,,,,,,,,,,,,,,,House_Detached_2.0
OVO,EOH0952,PO8,37.0,Working Full time (>30hrs),Manager,"40,001 - 50,000",2020-07-03T00:00:00.000Z,Owner-Occupied,4.0,AB,1.0,20/01/2021,Retrofitworks,Suburban,1965-1980,,2.0,2.0,111.4,8.0,4.0,8.0,2.4,Cavity_Insulated,Suspended,Pitched,Double,Yes,Gas,Gas Boiler - Standard,,Water,130,0.0,0.0,0.0,No,No,,,8.2,77.94,24009.1,7020.2,4745.0,,,Yes with additional measures,No,Yes with additional measures,Yes,None - Installation not recommended,Heat Emitters,,,1177.07,15.0,,,,,,,,,,,,,,,,,,,,,,,,,,,,,,,,,,,,,,,,,,,House_Detached_2.0
OVO,EOH2597,OX29,63.0,Retired,Manager,Prefer not to say,2020-07-02T00:00:00.000Z,Owner-Occupied,14.0,DE,3.0,11/03/2021,Retrofitworks,Rural,Pre 1919,,2.0,0.0,243.6,10.0,5.0,10.0,2.7,Solid_No_insulation,Solid,Pitched,Double,No,Oil,Oil Boiler,Fire - Wood,Water,120,0.0,0.0,0.0,Yes - Borehole,No,,,28.085,,,,,,,,,,,None - Installation not recommended,,,,,,,,,,,,,,,,,,,,,,,,,,,,,,,,,,,,,,,,,,,,,,,,House_Detached_2.0
OVO,EOH0381,RG31,61.0,Working Full time (>30hrs),Semi and unskilled manual worker,"30,001 - 40,000",2020-07-02T00:00:00.000Z,Owner-Occupied,24.0,DE,2.0,22/02/2021,Retrofitworks,Suburban,1965-1980,,2.0,0.0,116.0,7.0,4.0,7.0,,,,Pitched,Double,Yes,Gas,Gas Boiler - Standard,,,,0.0,0.0,0.0,No,No,,,,,,,,,,,,,,,,,,,,,No,,,,,,,,,,,,,,,,,,,,,,,,,,,,,,,,,,,,,,,,,House_Detached_2.0
OVO,EOH1933,HP22,35.0,Working Part time,Professional,"40,001 - 50,000",2020-07-02T00:00:00.000Z,Owner-Occupied,5.0,C1,4.0,11/02/2021,Retrofitworks,Suburban,1919-1944,,2.0,1.0,74.9,6.0,3.0,6.0,2.4,Cavity_Insulated,Solid,Pitched,Double,Yes,Gas,Gas Boiler - Standard,Fire - Wood,Water,100,0.0,0.0,0.0,No,No,,,,,,,,,,,,,,None - Installation not recommended,,,,,,,,,,,,,,,,,,,,,,,,,,,,,,,,,,,,,,,,,,,,,,,,House_End-Terrace_2.0
OVO,EOH2406,TN25,28.0,Working Full time (>30hrs),Professional,"40,001 - 50,000",2020-07-01T00:00:00.000Z,Owner-Occupied,5.0,C1,3.0,20/11/2020,Retrofitworks,Suburban,2001+,,2.0,1.0,73.18,3.0,2.0,3.0,2.42,Cavity_Insulated,Solid,Pitched,Double,Yes,Gas,Gas Boiler - Combi,,Water,130,0.0,0.0,0.0,No,No,,,2.47,36.34,6631.0,2292.0,82.0,50.0,3.4,Yes,No,Yes,Yes,ASHP,Heat Emitters,9815.0,700.0,458.14,14.0,5.0,Yes,22/02/2021,Reina Group,ASHP,,Daikin,EDLQ05CV3,5.0,R410A,,Water_New,150.0,,1.0,0.0,3.0,0.0,,,No,0.0,0.0,0.0,No,No,0.0,0.0,,No,4521.99,1302.0,2706.03,490.09,0.0,0.0,0.0,0.0,0.0,0.0,3.0,2.0,House_Mid-Terrace_2.0
OVO,EOH2134,SN6,45.0,Working Full time (>30hrs),Manager,"50,001+",2020-07-02T00:00:00.000Z,Owner-Occupied,2.0,AB,1.0,22/12/2020,,Suburban,1981-1990,,1.0,0.0,,5.0,3.0,7.0,,,,Pitched,Double,Yes,Gas,Gas Boiler - Standard,,,,0.0,0.0,1.0,No,No,,,,,,,,,,,,,,,,,,,,,No,,,,,,,,,,,,,,,,,,,,,,,,,,,,,,,,,,,,,,,,,House_Semi-Detached_2.0
OVO,EOH1444,SL8,73.0,Retired,Professional,"20,001 - 25,000",2020-07-02T00:00:00.000Z,Owner-Occupied,6.0,AB,4.0,01/02/2021,Retrofitworks,Rural,1965-1980,,2.0,0.0,111.84,4.0,4.0,4.0,2.5,Cavity_Insulated,Solid,Pitched,Double,Yes,Gas,Gas Boiler - Standard,,Water,100,0.0,0.0,0.0,No,No,,,,,,,,,,,,,,None - Installation not recommended,,,,,,,,,,,,,,,,,,,,,,,,,,,,,,,,,,,,,,,,,,,,,,,,House_Detached_2.0
OVO,EOH2043,TN2,44.0,Working Full time (>30hrs),Professional,"50,001+",2020-07-02T00:00:00.000Z,Owner-Occupied,5.0,AB,3.0,24/11/2020,Retrofitworks,Suburban,1919-1944,,2.0,3.0,260.93,8.0,5.0,8.0,2.43,Cavity_Insulated,Solid,Pitched,Double,Yes,Gas,Gas Boiler - Standard,Electric - Warm air,Water,170,1.0,0.0,0.0,Yes - Ground Loop,Yes,,,,,,,,,,,,,,,,,,,,,No,,,,,,,,,,,,,,,,,,,,,,,,,,,,,,,,,,,,,,,,,House_Detached_2.0
OVO,EOH0797,RG27,65.0,Retired,Pensioner,"40,001 - 50,000",2020-07-02T00:00:00.000Z,Owner-Occupied,15.0,DE,3.0,02/02/2021,Retrofitworks,Rural,1981-1990,,5.0,0.0,93.48,5.0,4.0,10.0,2.4,Cavity_Insulated,Solid,Pitched,Double,Yes,Gas,Gas Boiler - Standard,,Water,100,2.0,0.0,1.0,Yes - Borehole,Yes,,,,,,,,,,,,,,None - Installation not recommended,,,,,,,,,,,,,,,,,,,,,,,,,,,,,,,,,,,,,,,,,,,,,,,,House_Detached_2.0
OVO,EOH2851,LU6,69.0,Retired,Professional,"30,001 - 40,000",2020-07-02T00:00:00.000Z,Owner-Occupied,45.0,DE,3.0,30/01/2021,Retrofitworks,Suburban,1965-1980,,2.0,0.0,147.0,7.0,3.0,11.0,2.4,Solid_No_insulation,Solid,Pitched,Double,Yes,Gas,Gas Boiler - Standard,,Water,170,0.0,0.0,0.0,No,No,,,,,,,,,,No,No,No,No,None - Installation not recommended,,,,,,,,,,,,,,,,,,,,,,,,,,,,,,,,,,,,,,,,,,,,,,,,House_Mid-Terrace_3.0
OVO,EOH2975,ME1,52.0,Working Full time (>30hrs),Professional,"50,001+",2020-07-02T00:00:00.000Z,Owner-Occupied,6.0,AB,4.0,04/01/2021,Retrofitworks,Suburban,2001+,,2.0,0.0,116.0,7.0,4.0,10.0,2.37,Cavity_Insulated,Mix,Pitched,Double,Yes,Gas,Gas Boiler - Combi,,Water,170,0.0,0.0,1.0,No,No,,,6.52,34.35,17691.95,3650.0,841.01,,,Yes,No,Yes,Yes,None - Installation not recommended,Heat Emitters,11398.0,637.0,811.54,14.0,,,,,,,,,,,,,,,,,,,,,,,,,,,,,,,,,,,,,,,,,,,House_Mid-Terrace_3.0
OVO,EOH1741,RG12,32.0,Working Full time (>30hrs),Manager,"40,001 - 50,000",2020-07-02T00:00:00.000Z,Owner-Occupied,2.0,C1,4.0,19/01/2021,Retrofitworks,Suburban,2001+,,2.0,1.0,119.0,9.0,3.0,9.0,2.35,Cavity_Insulated,Solid,Pitched,Double,Yes,Gas,Gas Boiler - Standard,,Water,200,0.0,0.0,1.0,No,No,,,,,,,,,,Yes with additional measures,No,Yes with additional measures,Yes with additional measures,None - Installation not recommended,,,,,,,,,,,,,,,,,,,,,,,,,,,,,,,,,,,,,,,,,,,,,,,,House_Mid-Terrace_3.0
OVO,EOH1535,GU2,34.0,Working Full time  (>30hrs),Skilled Manual Worker,Prefer not to say,2020-07-01T00:00:00.000Z,Owner-Occupied,,C2,3.0,24/09/2020,Retrofitworks,Suburban,1919-1944,,2.0,2.0,102.0,5.0,3.0,7.0,2.4,Cavity_No_insulation,Solid,Pitched,Double,Yes,Gas,Gas Boiler - Standard,,,,0.0,0.0,1.0,No,No,,,,,,,,,,,,,,,,,,,,,No,,,,,,,,,,,,,,,,,,,,,,,,,,,,,,,,,,,,,,,,,House_Semi-Detached_2.0
OVO,EOH3097,TW17,43.0,Working Full time (>30hrs),Professional,"50,001+",2020-07-01T00:00:00.000Z,Owner-Occupied,6.0,AB,1.0,15/09/2020,Retrofitworks,Suburban,1919-1944,,2.0,2.0,111.04,6.0,3.0,7.0,2.5,Solid_No_insulation,Suspended,Pitched,Double,Yes,Gas,Gas Boiler - Standard,,Water,90,0.0,0.0,0.0,No,No,18629.81,,8.94,86.35,11796.0,3596.0,4757.0,50.0,3.48,Yes,No,Yes,Yes,ASHP,,14359.78,0.0,832.0,12.0,5.0,Yes,14/12/2020,Elite Renewables,ASHP,,Daikin,EPGA11DV,11.0,R32,,Water_New,200.0,,1.0,0.0,2.0,0.0,,,No,0.0,0.0,0.0,No,No,0.0,0.0,,No,7440.96,1147.34,6489.47,590.1,0.0,0.0,0.0,0.0,0.0,0.0,8.0,2.0,House_Semi-Detached_2.0
OVO,EOH1820,PO14,42.0,Working Full time (>30hrs),Professional,"50,001+",2020-07-02T00:00:00.000Z,Owner-Occupied,5.0,AB,3.0,29/01/2021,Retrofitworks,Rural,1991-2000,,2.0,3.0,133.6,7.0,4.0,12.0,2.5,Cavity_Insulated,Suspended,Pitched,Double,Yes,Gas,Gas Boiler - Standard,Fire - Wood,Water,100,0.0,0.0,0.0,Yes - Borehole,Yes,,,,,,,,,,Yes with additional measures,No,Yes with additional measures,Yes with additional measures,None - Installation not recommended,,,,,,,,,,,,,,,,,,,,,,,,,,,,,,,,,,,,,,,,,,,,,,,,House_Detached_2.0
OVO,EOH0910,SO14,68.0,Retired,Pensioner,"20,001 - 25,000",2020-07-02T00:00:00.000Z,Owner-Occupied,28.0,DE,3.0,25/01/2021,Retrofitworks,Urban,Pre 1919,,2.0,1.0,99.0,5.0,3.0,9.0,2.5,Solid_Insulated,Suspended,Pitched,Double,Yes,Gas,Gas Boiler - Standard,,Water,100,0.0,0.0,0.0,No,No,,,,,,,,,,,,,,None - Installation not recommended,,,,,,,,,,,,,,,,,,,,,,,,,,,,,,,,,,,,,,,,,,,,,,,,House_Mid-Terrace_2.0
OVO,EOH2520,MK10,45.0,Working Full time (>30hrs),Professional,"50,001+",2020-07-01T00:00:00.000Z,Owner-Occupied,5.0,AB,3.0,02/02/2021,Retrofitworks,Suburban,2001+,,2.0,2.0,104.0,9.0,5.0,11.0,2.4,Cavity_Insulated,Solid,Pitched,Double,Yes,Gas,Gas Boiler - Standard,Electric - Warm air,Water,150,0.0,0.0,1.0,No,No,,,,,,,,,,No,No,No,No,None - Installation not recommended,,,,,,,,,,,,,,,,,,,,,,,,,,,,,,,,,,,,,,,,,,,,,,,,House_Detached_3.0
OVO,EOH0778,RH8,73.0,Retired,Pensioner,Prefer not to say,2020-07-01T00:00:00.000Z,Owner-Occupied,,DE,1.0,28/10/2020,Retrofitworks,Rural,1981-1990,,2.0,0.0,212.0,9.0,5.0,11.0,2.34,Cavity_Insulated,Solid,Pitched,Double,Yes,Gas,Gas Boiler - Combi,,,,0.0,1.0,1.0,Yes - Ground Loop,Yes,,,,,,,,,,,,,,None - Installation not recommended,,,,,,,,,,,,,,,,,,,,,,,,,,,,,,,,,,,,,,,,,,,,,,,,House_Detached_2.0
OVO,EOH1568,GU22,47.0,Working Full time (>30hrs),Manager,Prefer not to say,2020-07-02T00:00:00.000Z,Owner-Occupied,14.0,C1,2.0,19/10/2020,Retrofitworks,Suburban,Pre 1919,,2.0,2.0,195.86,12.0,4.0,12.0,2.52,Solid_Insulated,Solid,Pitched,Double,Yes,Gas,Gas Boiler - Standard,Fire - Coal,,,1.0,0.0,1.0,Yes - Borehole,Yes,6934.1,31103.08,,,,,,,,,,,,,,,,,,,,,,,,,,,,,,,,,,,,,,,,,,,,,,,,,,,,,,,,,,,,House_Detached_2.0
OVO,EOH2025,BN2,42.0,Working Full time (>30hrs),Professional,"50,001+",2020-07-02T00:00:00.000Z,Owner-Occupied,4.0,C2,1.0,30/11/2020,Retrofitworks,Suburban,1945-1964,,2.0,0.0,88.0,6.0,3.0,6.0,2.35,Cavity_Insulated,Suspended,Pitched,Double,Yes,Gas,Gas Boiler - Standard,,Water,96,0.0,1.0,1.0,No,No,4217.0,6758.0,6.15,87.52,10439.0,3057.0,109.0,46.0,4.07,Yes,No,Yes,Yes,ASHP,,12544.58,0.0,528.42,15.0,,Yes,15/06/2021,Ecolution Group,ASHP,,Mitsubishi,PUZ-WM85VAA,8.5,R32,,Water_New,200.0,,1.0,0.0,0.0,0.0,,Low Noise Heat Pump,No,0.0,0.0,0.0,No,No,0.0,0.0,,No,7372.87,2131.11,3085.6,0.0,0.0,0.0,0.0,0.0,0.0,0.0,3.0,0.0,House_Semi-Detached_2.0
OVO,EOH2266,BN1,41.0,Working Full time (>30hrs),Professional,"50,001+",2020-07-02T00:00:00.000Z,Owner-Occupied,,AB,3.0,27/10/2020,Retrofitworks,Suburban,Pre 1919,,2.0,0.0,105.0,6.0,4.0,7.0,2.75,Solid_No_insulation,Suspended,Pitched,Double,Yes,Gas,Gas Boiler - Standard,Electric - Direct,,,2.0,0.0,0.0,No,No,,,,,,,,,,No,No,No,No,None - Installation not recommended,,,,,,,,,,,,,,,,,,,,,,,,,,,,,,,,,,,,,,,,,,,,,,,,House_Mid-Terrace_4.0
OVO,EOH2538,BH21,47.0,Working Full time (>30hrs),Professional,Prefer not to say,2020-07-01T00:00:00.000Z,Owner-Occupied,5.0,AB,4.0,03/12/2020,,Suburban,1945-1964,,4.0,3.0,155.0,9.0,5.0,15.0,,,,Pitched,Double,Yes,Gas,Gas Boiler - Combi,Electric - Direct,,,0.0,0.0,1.0,Yes - Borehole,Yes,,,,,,,,,,No,No,No,No,None - Installation not recommended,,,,,,,,,,,,,,,,,,,,,,,,,,,,,,,,,,,,,,,,,,,,,,,,House_Detached_2.0
OVO,EOH0288,BN18,71.0,Retired,Pensioner,"40,001 - 50,000",2020-07-02T00:00:00.000Z,Owner-Occupied,25.0,DE,3.0,09/11/2020,Retrofitworks,Rural,1919-1944,,2.0,0.0,202.46,8.0,4.0,12.0,2.73,Cavity_No_insulation,Mix,Pitched,Double,Yes,Gas,Gas Boiler - Combi,Electric - Direct,,,2.0,0.0,0.0,No,No,11148.0,22491.0,,,,,,,,Yes with additional measures,No,Yes with additional measures,Yes with additional measures,None - Installation not recommended,Loft Insulation; Wall insulation; Draft Proofing,10500.0,6890.0,1120.0,,,,,,,,,,,,,,,,,,,,,,,,,,,,,,,,,,,,,,,,,,,,House_Detached_2.0
OVO,EOH0404,OX92,54.0,Working Part time,Professional,"40,001 - 50,000",2020-07-02T00:00:00.000Z,Owner-Occupied,,AB,2.0,01/02/2021,Retrofitworks,Suburban,2001+,,2.0,0.0,96.24,5.0,3.0,5.0,2.6,Cavity_Insulated,Solid,Pitched,Double,Yes,Gas,Gas Boiler - Standard,,Water,100,0.0,0.0,0.0,No,No,,,,,,,,,,,,,,None - Installation not recommended,,,,,,,,,,,,,,,,,,,,,,,,,,,,,,,,,,,,,,,,,,,,,,,,House_Semi-Detached_3.0
OVO,EOH0395,KT12,40.0,Working Full time (>30hrs),Professional,"40,001 - 50,000",2020-07-02T00:00:00.000Z,Owner-Occupied,6.0,C1,3.0,08/02/2021,Retrofitworks,Suburban,Pre 1919,E,2.0,1.0,77.0,6.0,2.0,6.0,2.41,Solid_No_insulation,Suspended,Pitched,Double,Yes,Gas,Gas Boiler - Standard,,,,0.0,0.0,1.0,No,No,,,,,,,,,,,,,,None - Installation not recommended,,,,,,,,,,,,,,,,,,,,,,,,,,,,,,,,,,,,,,,,,,,,,,,,House_Semi-Detached_2.0
OVO,EOH0020,HP5,48.0,Working Part time,Professional,"20,001 - 25,000",2020-07-02T00:00:00.000Z,Owner-Occupied,1.0,C2,1.0,01/02/2021,Retrofitworks,Suburban,1965-1980,,1.0,1.0,87.07,5.0,3.0,7.0,2.4,Cavity_Insulated,Solid,Pitched,Double,Yes,Gas,Gas Boiler - Combi,,,,0.0,0.0,0.0,No,No,,,,,,,,,,,,,,,,,,,,,No,,,,,,,,,,,,,,,,,,,,,,,,,,,,,,,,,,,,,,,,,House_End-Terrace_2.0
OVO,EOH2342,GU6,47.0,Working Full time (>30hrs),Manager,"40,001 - 50,000",2020-07-02T00:00:00.000Z,Owner-Occupied,4.0,C2,3.0,14/10/2020,Retrofitworks,Suburban,1965-1980,,2.0,0.0,76.61,9.0,3.0,4.0,2.28,Cavity_No_insulation,Solid,Pitched,Double,Yes,Gas,Gas Boiler - Combi,Fire - Gas,,,0.0,1.0,1.0,No,No,,,4.638,55.31,15309.36,4745.0,1839.15,45.0,3.57,Yes,No,Yes,Yes,ASHP,,11581.0,,942.24,14.0,5.0,Yes,21/01/2021,Northern Gas,ASHP,,Daikin,EDLQ07CV3,7.0,R410A,,Water_New,200.0,,1.0,0.0,4.0,0.0,,,No,0.0,0.0,0.0,No,No,0.0,0.0,,No,5564.3,1024.91,3066.81,566.69,0.0,0.0,0.0,0.0,0.0,0.0,7.0,3.0,House_Semi-Detached_2.0
OVO,EOH0224,RG25,42.0,Working Full time (>30hrs),Professional,Prefer not to say,2020-07-02T00:00:00.000Z,Owner-Occupied,7.0,C1,3.0,25/01/2021,Retrofitworks,Suburban,2001+,,2.0,0.0,81.6,5.0,3.0,4.0,2.4,Cavity_Insulated,Solid,Pitched,Double,Yes,Gas,Gas Boiler - Standard,,Water,100,0.0,0.0,0.0,No,No,,,,,,,,,,,,,,None - Installation not recommended,,,,,,,,,,,,,,,,,,,,,,,,,,,,,,,,,,,,,,,,,,,,,,,,House_Detached_2.0
OVO,EOH1857,RG2,29.0,Working Part time,Professional,"50,001+",2020-07-02T00:00:00.000Z,Owner-Occupied,5.0,C2,1.0,21/01/2021,Retrofitworks,Suburban,1945-1964,,2.0,1.0,85.0,5.0,2.0,5.0,2.35,Cavity_Insulated,Solid,Pitched,Double,Yes,Gas,Gas Boiler - Standard,Fire - Wood,Water,150,0.0,1.0,0.0,No,No,,,,,,,,,,,,,,None - Installation not recommended,,,,,,,,,,,,,,,,,,,,,,,,,,,,,,,,,,,,,,,,,,,,,,,,House_Semi-Detached_2.0
OVO,EOH1978,ME16,70.0,Retired,Pensioner,"50,001+",2020-07-02T00:00:00.000Z,Owner-Occupied,24.0,DE,4.0,22/12/2020,,Suburban,1981-1990,,2.0,0.0,,6.0,4.0,12.0,,,,Pitched,Double,Yes,Gas,Gas Boiler - Standard,,,,0.0,0.0,1.0,No,No,,,,,,,,,,No,No,No,No,None - Installation not recommended,,,,,,,,,,,,,,,,,,,,,,,,,,,,,,,,,,,,,,,,,,,,,,,,House_Detached_2.0
OVO,EOH0796,SO31,38.0,Working Full time (>30hrs),Manager,Prefer not to say,2020-07-02T00:00:00.000Z,Owner-Occupied,2.0,AB,3.0,03/12/2020,,Suburban,1965-1980,,3.0,4.0,162.0,5.0,5.0,10.0,,,,Pitched,Double,Yes,Gas,Gas Boiler - Standard,,,,0.0,1.0,1.0,No,No,,,,,,,,,,No,No,No,No,None - Installation not recommended,,,,,,,,,,,,,,,,,,,,,,,,,,,,,,,,,,,,,,,,,,,,,,,,House_Detached_2.0
OVO,EOH1781,SL7,80.0,Retired,Pensioner,"50,001+",2020-07-02T00:00:00.000Z,Owner-Occupied,8.0,DE,4.0,12/02/2021,Retrofitworks,Suburban,1945-1964,C,2.0,0.0,134.0,9.0,3.0,9.0,2.35,Cavity_Insulated,Suspended,Pitched,Double,Yes,Gas,Gas Boiler - Standard,,Water,170,0.0,0.0,0.0,No,No,,,,,,,,,,,,,,,,,,,,,No,,,,,,,,,,,,,,,,,,,,,,,,,,,,,,,,,,,,,,,,,House_Detached_2.0
OVO,EOH1154,SO24,41.0,Working Full time (>30hrs),Skilled Manual Worker,"50,001+",2020-07-02T00:00:00.000Z,Owner-Occupied,5.0,C1,4.0,03/02/2021,Retrofitworks,Suburban,1981-1990,,2.0,0.0,105.0,5.0,3.0,5.0,2.4,Cavity_Insulated,Suspended,Pitched,Double,Yes,Gas,Gas Boiler - Combi,,,,0.0,0.0,1.0,No,No,,,8.1,80.35,20255.48,4745.0,1592.28,45.0,3.42,Yes,No,Yes,Yes,ASHP,Heat Emitters,10332.49,1515.15,1052.09,15.0,,Yes,10/03/2021,Northern Gas,ASHP,,Daikin,EDLQ011CV3,11.0,R410A,,Water_New,180.0,,1.0,0.0,8.0,0.0,,,No,0.0,0.0,0.0,No,No,0.0,0.0,,No,5871.42,2018.59,2999.15,1679.47,0.0,0.0,0.0,0.0,0.0,0.0,1.0,1.0,House_End-Terrace_2.0
OVO,EOH0819,SO15,49.0,Working Full time (>30hrs),Professional,"40,001 - 50,000",2020-07-02T00:00:00.000Z,Owner-Occupied,11.0,AB,4.0,04/02/2021,Retrofitworks,Suburban,Pre 1919,,1.0,0.0,82.0,5.0,3.0,7.0,2.8,Cavity_Insulated,Suspended,Pitched,Double,Yes,Gas,Gas Boiler - Combi,Fire - Wood,,,0.0,0.0,0.0,No,No,,,6.66,92.59,16937.15,3650.0,1022.4,,,Yes with additional measures,No,Yes with additional measures,Yes with additional measures,Hybrid,Heat Emitters,8412.9,560.7,807.34,15.0,,Yes,28/04/2021,Northern Gas,Hybrid,Separate_New Boiler,Daikin,EJHA04AAV3,4.0,R32,,Water_New,150.0,,1.0,0.0,9.0,0.0,,,No,0.0,0.0,0.0,No,No,0.0,0.0,,No,5970.62,0.0,3115.34,1122.44,0.0,0.0,0.0,0.0,0.0,0.0,2.0,1.0,House_End-Terrace_2.0
OVO,EOH2574,TN4,67.0,Retired,Pensioner,"25,001 - 30,000",2020-07-02T00:00:00.000Z,Owner-Occupied,10.0,DE,3.0,30/11/2020,Retrofitworks,Urban,1981-1990,,1.0,0.0,54.0,2.0,1.0,2.0,2.36,Cavity_No_insulation,Suspended,Flat,Double,Yes,Gas,Gas Boiler - Combi,,,,0.0,0.0,1.0,No,No,1440.0,8900.0,,,,,,,,,,,,None - Installation not recommended,,,,,,,,,,,,,,,,,,,,,,,,,,,,,,,,,,,,,,,,,,,,,,,,Flat_Flat_1.0
OVO,EOH2871,GU7,42.0,Working Part time,Professional,"40,001 - 50,000",2020-07-02T00:00:00.000Z,Owner-Occupied,5.0,C1,2.0,17/02/2021,Retrofitworks,Suburban,Pre 1919,,2.0,1.0,68.0,4.0,2.0,4.0,2.4,Cavity_No_insulation,Mix,Pitched,Double,Yes,Gas,Gas Boiler - Standard,,Water,120,0.0,1.0,1.0,No,No,,,,,,,,,,,,,,None - Installation not recommended,,,,,,,,,,,,,,,,,,,,,,,,,,,,,,,,,,,,,,,,,,,,,,,,House_Mid-Terrace_2.0
OVO,EOH2473,BN16,79.0,Retired,Pensioner,"16,201 - 20,000",2020-07-02T00:00:00.000Z,Owner-Occupied,20.0,DE,1.0,25/11/2020,Retrofitworks,Suburban,1919-1944,,2.0,0.0,126.05,6.0,2.0,9.0,2.5,Cavity_Insulated,Mix,Pitched,Double,Yes,Gas,Gas Boiler - Standard,Gas - Warm air,Water,130,0.0,1.0,1.0,No,No,2367.0,,11.0,115.9,24812.0,3872.0,108.0,,,Yes,No,Yes,Yes,ASHP,,14700.05,0.0,1399.0,16.0,,No,,,,,,,,,,,,,,,,,,,,,,,,,,,,,,,,,,,,,,,,,House_Detached_1.0
OVO,EOH1008,GU5,41.0,Stay at home parent,Professional,Prefer not to say,2020-07-02T00:00:00.000Z,Owner-Occupied,6.0,C1,2.0,21/10/2020,Retrofitworks,Suburban,1945-1964,,2.0,2.0,113.0,5.0,3.0,5.0,2.25,Cavity_No_insulation,Solid,Pitched,Double,Yes,Gas,Gas Boiler - Combi,,,,1.0,1.0,1.0,No,No,,,,,,,,,,,,,,None - Installation not recommended,,,,,,,,,,,,,,,,,,,,,,,,,,,,,,,,,,,,,,,,,,,,,,,,House_Semi-Detached_2.0
OVO,EOH1635,RG40,36.0,Working Full time (>30hrs),Professional,"50,001+",2020-07-02T00:00:00.000Z,Owner-Occupied,2.0,C2,2.0,22/01/2021,Retrofitworks,Suburban,1965-1980,,2.0,1.0,74.6,5.0,3.0,6.0,2.4,Cavity_Insulated,Solid,Pitched,Double,Yes,Gas,Gas Boiler - Standard,,,,0.0,0.0,1.0,No,No,,,6.69,87.86,13718.6,3650.0,1067.25,45.0,3.42,Yes with additional measures,No,Yes with additional measures,Yes,ASHP,Heat Emitters,10540.49,1323.0,711.0,15.0,,Yes,12/03/2021,Northern Gas,ASHP,,Daikin,EDLQ011CV3,11.0,R410A,,Water_New,150.0,,1.0,0.0,9.0,0.0,,,No,0.0,0.0,0.0,No,No,0.0,0.0,,No,5860.33,1518.01,3559.05,926.1,0.0,0.0,0.0,0.0,0.0,0.0,4.0,2.0,House_Semi-Detached_2.0
OVO,EOH0960,SO51,76.0,Retired,Pensioner,"40,001 - 50,000",2020-07-02T00:00:00.000Z,Owner-Occupied,12.0,DE,3.0,26/01/2021,Retrofitworks,Urban,2001+,,2.0,0.0,100.0,5.0,3.0,8.0,2.35,Cavity_Insulated,Solid,Pitched,Double,Yes,Gas,Gas Boiler - Standard,Fire - Gas,Water,100,0.0,1.0,1.0,No,No,,,,,,,,,,,,,,None - Installation not recommended,,,,,,,,,,,,,,,,,,,,,,,,,,,,,,,,,,,,,,,,,,,,,,,,House_Mid-Terrace_2.0
OVO,EOH2603,KT19,66.0,Retired,Pensioner,"30,001 - 40,000",2020-07-02T00:00:00.000Z,Owner-Occupied,28.0,DE,1.0,19/10/2020,Retrofitworks,Suburban,1919-1944,,2.0,0.0,98.16,4.0,3.0,4.0,2.66,Cavity_Insulated,Suspended,Pitched,Double,Yes,Gas,Gas Boiler - Combi,Fire - Coal,,,0.0,0.0,1.0,Yes - Borehole,Yes,2759.0,16591.0,,,,,,,,Yes with additional measures,No,Yes with additional measures,Yes with additional measures,ASHP,Loft Insulation; Wall insulation; Window replacement; Door replacement,10500.0,20350.0,280.0,,,No,,,,,,,,,,,,,,,,,,,,,,,,,,,,,,,,,,,,,,,,,House_Semi-Detached_2.0
OVO,EOH1616,BN3,37.0,Stay at home parent,Unemployed/Benefits,"50,001+",2020-07-02T00:00:00.000Z,Owner-Occupied,1.0,DE,3.0,17/11/2020,Retrofitworks,Suburban,1919-1944,,2.0,1.0,119.0,5.0,3.0,5.0,2.54,Cavity_No_insulation,Mix,Pitched,Double,Yes,Gas,Gas Boiler - Standard,,Water,150,0.0,0.0,1.0,No,No,2106.62,18302.57,,,,,,,,,,,,None - Installation not recommended,,,,,,,,,,,,,,,,,,,,,,,,,,,,,,,,,,,,,,,,,,,,,,,,House_Semi-Detached_2.0
OVO,EOH0893,DA1,50.0,Working Full time (>30hrs),Professional,"40,001 - 50,000",2020-07-02T00:00:00.000Z,Owner-Occupied,18.0,C1,3.0,10/12/2020,Retrofitworks,Suburban,Pre 1919,,1.0,1.0,45.0,3.0,1.0,3.0,2.55,Solid_No_insulation,Solid,Flat,Double,Yes,Gas,Gas Boiler - Combi,,,,0.0,0.0,1.0,No,No,,,4.23,119.03,8455.41,3650.0,841.01,,,No,No,No,No,None - Installation not recommended,,,,,,,,,,,,,,,,,,,,,,,,,,,,,,,,,,,,,,,,,,,,,,,,Flat_Flat_1.0
OVO,EOH1282,BN43,65.0,Retired,Pensioner,"25,001 - 30,000",2020-07-02T00:00:00.000Z,Owner-Occupied,7.0,DE,3.0,10/12/2020,Retrofitworks,Suburban,Pre 1919,,2.0,0.0,100.74,7.0,3.0,7.0,2.6,Solid_No_insulation,Mix,Pitched,Double,Yes,Gas,Gas Boiler - Combi,Gas - Warm air,,,0.0,1.0,1.0,No,No,,,,,,,,,,,,,,None - Installation not recommended,,,,,,,,,,,,,,,,,,,,,,,,,,,,,,,,,,,,,,,,,,,,,,,,House_Mid-Terrace_3.0
OVO,EOH0787,BR6,71.0,Retired,Pensioner,"50,001+",2020-07-02T00:00:00.000Z,Owner-Occupied,38.0,DE,3.0,26/01/2021,Retrofitworks,Suburban,1919-1944,D,2.0,0.0,220.0,14.0,5.0,14.0,2.65,Cavity_Insulated,Solid,Pitched,Double,Yes,Gas,Gas Boiler - Standard,,Water,170,0.0,1.0,1.0,No,No,4944.0,31745.0,,,,,,,,Yes with additional measures,No,Yes with additional measures,Yes with additional measures,None - Installation not recommended,,,,,,,,,,,,,,,,,,,,,,,,,,,,,,,,,,,,,,,,,,,,,,,,House_Detached_2.0
OVO,EOH2775,SP10,54.0,Working Full time (>30hrs),Manager,"50,001+",2020-07-02T00:00:00.000Z,Owner-Occupied,23.0,AB,3.0,22/01/2021,Retrofitworks,Suburban,1991-2000,,2.0,0.0,136.0,6.0,4.0,11.0,2.3,Cavity_Insulated,Solid,Pitched,Double,Yes,Gas,Gas Boiler - Standard,,Water,100,0.0,1.0,1.0,No,No,,,,,,,,,,,,,,None - Installation not recommended,,,,,,,,,,,,,,,,,,,,,,,,,,,,,,,,,,,,,,,,,,,,,,,,House_Detached_2.0
OVO,EOH0437,NN8,47.0,Working Full time (>30hrs),Skilled Manual Worker,Prefer not to say,2020-07-02T00:00:00.000Z,Owner-Occupied,20.0,C1,2.0,05/02/2021,,Urban,1945-1964,,3.0,0.0,74.2,4.0,3.0,4.0,2.4,Cavity_Insulated,Solid,Pitched,Double,Yes,Gas,Gas - Warm air,,Water,100,0.0,0.0,1.0,No,No,,,,,,,,,,,,,,None - Installation not recommended,,,,,,,,,,,,,,,,,,,,,,,,,,,,,,,,,,,,,,,,,,,,,,,,House_Semi-Detached_2.0
OVO,EOH1798,OX14,48.0,Working Full time (>30hrs),Professional,"50,001+",2020-07-02T00:00:00.000Z,Owner-Occupied,13.0,AB,3.0,11/12/2020,,Suburban,1981-1990,,2.0,2.0,,5.0,4.0,7.0,,,,Pitched,Double,Yes,Gas,Gas Boiler - Standard,,,,1.0,0.0,1.0,No,No,,,,,,,,,,No,No,No,No,None - Installation not recommended,,,,,,,,,,,,,,,,,,,,,,,,,,,,,,,,,,,,,,,,,,,,,,,,House_Detached_2.0
OVO,EOH1272,RG14,85.0,Retired,Pensioner,Prefer not to say,2020-07-02T00:00:00.000Z,Owner-Occupied,19.0,DE,3.0,15/02/2021,Retrofitworks,Suburban,1965-1980,,2.0,0.0,115.0,6.0,4.0,10.0,2.4,Cavity_Insulated,Solid,Pitched,Double,Yes,Gas,Gas Boiler - Standard,,Water,120,0.0,0.0,1.0,No,No,,,,,,,,,,,,,,None - Installation not recommended,,,,,,,,,,,,,,,,,,,,,,,,,,,,,,,,,,,,,,,,,,,,,,,,House_Detached_2.0
OVO,EOH2511,KT19,59.0,Working Full time (>30hrs),Professional,Prefer not to say,2020-07-02T00:00:00.000Z,Owner-Occupied,21.0,AB,2.0,15/01/2021,Retrofitworks,Rural,Pre 1919,,2.0,0.0,104.38,8.0,3.0,8.0,2.35,Cavity_Insulated,Solid,Pitched,Double,Yes,Gas,Gas Boiler - Standard,,,,0.0,0.0,0.0,Yes - Ground Loop,Yes,,,,,,,,,,,,,,None - Installation not recommended,,,,,,,,,,,,,,,,,,,,,,,,,,,,,,,,,,,,,,,,,,,,,,,,House_Semi-Detached_2.0
OVO,EOH2246,RH7,34.0,Working Full time (>30hrs),Clerical,"50,001+",2020-07-02T00:00:00.000Z,Owner-Occupied,1.0,C1,2.0,15/01/2021,Retrofitworks,Suburban,1965-1980,,2.0,0.0,140.45,5.0,4.0,8.0,2.4,Cavity_No_insulation,Solid,Pitched,Double,Yes,Gas,Gas Boiler - Standard,,Water,130,0.0,0.0,0.0,No,No,,,,,,,,,,Yes with additional measures,No,Yes with additional measures,Yes with additional measures,None - Installation not recommended,Loft Insulation; Wall insulation,10500.0,8640.0,300.0,,,No,,,,,,,,,,,,,,,,,,,,,,,,,,,,,,,,,,,,,,,,,House_Semi-Detached_2.0
OVO,EOH1573,OX11,,Working Part time,Manager,"50,001+",2020-07-02T00:00:00.000Z,Owner-Occupied,14.0,C1,2.0,04/02/2021,Retrofitworks,Urban,2001+,,2.0,3.0,110.99,5.0,4.0,8.0,2.4,Cavity_Insulated,Solid,Pitched,Double,Yes,Gas,Gas Boiler - Combi,,Water,,1.0,0.0,1.0,No,No,,,8.28,74.46,22599.41,4544.25,164.25,,,Yes with additional measures,No,Yes with additional measures,Yes with additional measures,None - Installation not recommended,Heat Emitters,12201.3,1867.95,1139.74,14.0,,,,,,,,,,,,,,,,,,,,,,,,,,,,,,,,,,,,,,,,,,,House_Detached_2.0
OVO,EOH2836,PO7,41.0,Working Full time (>30hrs),Manager,"50,001+",2020-07-02T00:00:00.000Z,Owner-Occupied,5.0,C1,1.0,20/01/2021,Retrofitworks,Suburban,2001+,,1.0,0.0,157.36,6.0,4.0,10.0,2.4,Cavity_Insulated,Solid,Pitched,Double,Yes,Gas,Gas Boiler - Standard,,Water,130,0.0,0.0,1.0,No,No,,,,,,,,,,No,No,No,No,None - Installation not recommended,,,,,,,,,,,,,,,,,,,,,,,,,,,,,,,,,,,,,,,,,,,,,,,,House_Detached_2.0
OVO,EOH2948,SL9,38.0,Working Full time (>30hrs),Professional,Prefer not to say,2020-07-02T00:00:00.000Z,Owner-Occupied,1.0,C1,3.0,15/02/2021,Retrofitworks,Suburban,2001+,C,2.0,2.0,229.3,10.0,5.0,10.0,2.7,Cavity_No_insulation,Solid,Pitched,Double,Yes,Gas,Gas Boiler - Standard,,,,0.0,0.0,0.0,No,No,,,,,,,,,,,,,,None - Installation not recommended,,,,,,,,,,,,,,,,,,,,,,,,,,,,,,,,,,,,,,,,,,,,,,,,House_Detached_2.0
OVO,EOH1586,MK10,47.0,Working Full time (>30hrs),Manager,"50,001+",2020-07-01T00:00:00.000Z,Owner-Occupied,9.0,AB,4.0,14/04/2021,Retrofitworks,Suburban,2001+,,4.0,0.0,126.0,6.0,4.0,10.0,2.4,Cavity_Insulated,Solid,Pitched,Double,Yes,Gas,Gas Boiler - Standard,,Water,,0.0,0.0,1.0,No,No,,,,,,,,,,,,,,None - Installation not recommended,,,,,,,,,,,,,,,,,,,,,,,,,,,,,,,,,,,,,,,,,,,,,,,,House_Mid-Terrace_3.0
OVO,EOH1072,MK2,32.0,Working Full time (>30hrs),Professional,"50,001+",2020-07-02T00:00:00.000Z,Owner-Occupied,3.0,C1,3.0,11/12/2020,,Suburban,1919-1944,,2.0,0.0,87.0,5.0,3.0,,,,,Pitched,Double,Yes,Gas,Gas Boiler - Combi,,,,,0.0,0.0,No,No,,,,,,,,,,No,No,No,No,None - Installation not recommended,,,,,,,,,,,,,,,,,,,,,,,,,,,,,,,,,,,,,,,,,,,,,,,,House_Semi-Detached_2.0
OVO,EOH2767,GU22,34.0,Working Full time (>30hrs),Manager,"50,001+",2020-07-02T00:00:00.000Z,Owner-Occupied,5.0,AB,4.0,19/10/2020,Retrofitworks,Suburban,Pre 1919,D,2.0,2.0,182.36,6.0,4.0,6.0,2.66,Solid_No_insulation,Mix,Pitched,Double,Yes,Gas,Gas Boiler - Combi,Fire - Wood,,,0.0,0.0,0.0,Yes - Borehole,Yes,6386.0,23873.0,15.29,99.28,43488.12,6205.0,2359.32,,,Yes with additional measures,No,Yes with additional measures,Yes,Hybrid,,10934.61,1668.64,2387.18,14.0,,Yes,10/03/2022,SF Facilities,HT_ASHP,,Daikin,EPRA14DV3,14.0,R32,,Water_New,250.0,,1.0,0.0,0.0,0.0,,,No,0.0,0.0,0.0,,No,0.0,0.0,,No,,,,,,,,,,,,,House_Detached_2.0
OVO,EOH0072,RG24,26.0,Working Part time,Clerical,"30,001 - 40,000",2020-07-02T00:00:00.000Z,Owner-Occupied,3.0,C1,3.0,22/01/2021,,Suburban,2001+,,2.0,1.0,63.0,5.0,3.0,6.0,2.35,Cavity_Insulated,Solid,Pitched,Double,Yes,Gas,Gas Boiler - Combi,,,,0.0,0.0,0.0,No,No,,,,,,,,,,,,,,None - Installation not recommended,,,,,,,,,,,,,,,,,,,,,,,,,,,,,,,,,,,,,,,,,,,,,,,,House_End-Terrace_2.0
OVO,EOH1461,TN12,69.0,Working Part time,Professional,"50,001+",2020-07-02T00:00:00.000Z,Owner-Occupied,45.0,DE,4.0,23/11/2020,Retrofitworks,Suburban,1945-1964,,2.0,0.0,126.62,7.0,5.0,9.0,2.35,Cavity_No_insulation,Solid,Pitched,Double,Yes,Gas,Gas Boiler - Standard,,Water,150,0.0,1.0,1.0,No,No,1789.03,8544.95,,,,,,,,,,,,None - Installation not recommended,,,,,,,,,,,,,,,,,,,,,,,,,,,,,,,,,,,,,,,,,,,,,,,,House_Semi-Detached_2.0
OVO,EOH3120,TN6,63.0,Retired,Pensioner,"40,001 - 50,000",2020-07-07T00:00:00.000Z,Owner-Occupied,9.0,C2,4.0,10/12/2020,Retrofitworks,Rural,2001+,,2.0,0.0,130.15,6.0,4.0,6.0,2.45,Cavity_Insulated,Suspended,Pitched,Double,Yes,Gas,Gas Boiler - Standard,,Water,170,0.0,0.0,1.0,No,No,3550.0,14530.0,5.92,44.55,15038.0,3821.0,136.0,50.0,3.35,Yes with additional measures,No,Yes with additional measures,Yes with additional measures,ASHP,Heat Emitters,10112.0,3063.0,948.96,15.0,,Yes,21/06/2021,Reina Group,ASHP,,Daikin,EDLQ07CV3,7.0,R410A,,Water_New,250.0,,1.0,0.0,13.0,0.0,,,No,0.0,0.0,0.0,No,No,0.0,0.0,,No,4729.83,1302.0,3504.06,2144.31,0.0,0.0,0.0,0.0,0.0,0.0,3.0,2.0,House_Detached_2.0
OVO,EOH2393,BN16,78.0,Retired,Pensioner,"12,501 - 16,200",2020-07-02T00:00:00.000Z,Owner-Occupied,5.0,DE,3.0,09/11/2020,Retrofitworks,Suburban,1919-1944,,1.0,0.0,95.7,5.0,3.0,5.0,2.85,Cavity_Insulated,Mix,Pitched,Double,Yes,Gas,Gas Boiler - Standard,,,,1.0,2.0,0.0,No,No,1952.2,,9.14,71.27,21217.0,2795.0,106.0,,,Yes,No,Yes,Yes,None - Installation not recommended,,14864.66,,1260.0,15.0,,,,,,,,,,,,,,,,,,,,,,,,,,,,,,,,,,,,,,,,,,,House_Detached_1.0
OVO,EOH1665,OX4,40.0,Unemployed,Professional,"25,001 - 30,000",2020-07-02T00:00:00.000Z,Owner-Occupied,12.0,C1,4.0,01/02/2021,Retrofitworks,Suburban,1965-1980,,2.0,0.0,57.0,4.0,2.0,5.0,,,,Pitched,Double,Yes,Gas,Gas Boiler - Standard,,Water,,0.0,0.0,1.0,No,No,,,,,,,,,,,,,,None - Installation not recommended,,,,,,,,,,,,,,,,,,,,,,,,,,,,,,,,,,,,,,,,,,,,,,,,House_End-Terrace_2.0
OVO,EOH3138,BN43,56.0,Working Full time (>30hrs),Professional,"40,001 - 50,000",2020-07-02T00:00:00.000Z,Owner-Occupied,13.0,C2,3.0,02/11/2020,Retrofitworks,Suburban,2001+,,2.0,0.0,139.97,5.0,3.0,9.0,2.32,Cavity_Insulated,Solid,Pitched,Double,Yes,Gas,Gas Boiler - Standard,Fire - Wood,Water,130,0.0,0.0,1.0,No,No,,,7.51,61.79,24558.64,7665.0,3041.67,50.0,3.44,Yes with additional measures,No,Yes with additional measures,Yes with additional measures,ASHP,Heat Emitters,11188.0,751.0,1431.16,14.0,,Yes,09/02/2021,Northern Gas,ASHP,,Daikin,EDLQ07CV3,7.0,R410A,,Water_New,180.0,,1.0,0.0,3.0,0.0,,,No,0.0,0.0,0.0,No,No,0.0,0.0,,No,5564.44,2258.51,3540.75,438.8,0.0,0.0,0.0,0.0,0.0,0.0,7.0,3.0,House_Detached_2.0
OVO,EOH1470,BN3,40.0,Working Full time (>30hrs),Manager,"50,001+",2020-07-02T00:00:00.000Z,Owner-Occupied,5.0,AB,3.0,03/11/2020,Retrofitworks,Suburban,1919-1944,,2.0,2.0,150.47,8.0,5.0,8.0,2.44,Cavity_No_insulation,Mix,Pitched,Double,Yes,Gas,Gas Boiler - Combi,,,,0.0,0.0,1.0,No,No,,,14.5,113.89,43863.77,5480.0,2179.1,,,No,No,No,Yes,None - Installation not recommended,,,,2138.19,14.0,,,,,,,,,,,,,,,,,,,,,,,,,,,,,,,,,,,,,,,,,,,House_Semi-Detached_3.0
OVO,EOH3180,KT6,36.0,Working Full time (>30hrs),Professional,"50,001+",2020-07-02T00:00:00.000Z,Owner-Occupied,3.0,C1,2.0,23/10/2020,Retrofitworks,Suburban,1919-1944,D,2.0,2.0,131.43,5.0,3.0,5.0,2.8,Solid_No_insulation,Suspended,Pitched,Double,Yes,Gas,Gas Boiler - Standard,,Water,140,1.0,0.0,0.0,Yes - Borehole,Yes,2270.3,,13.33,101.6,35828.65,9855.0,3761.45,,,No,No,No,No,None - Installation not recommended,,,,2262.25,14.0,,,,,,,,,,,,,,,,,,,,,,,,,,,,,,,,,,,,,,,,,,,House_Semi-Detached_2.0
OVO,EOH1979,PO12,46.0,Working Full time (>30hrs),Professional,Prefer not to say,2020-07-02T00:00:00.000Z,Owner-Occupied,6.0,C1,4.0,22/01/2021,Retrofitworks,Urban,1965-1980,A,2.0,3.0,114.99,8.0,4.0,8.0,2.4,Cavity_Insulated,Solid,Pitched,Double,Yes,Gas,Gas Boiler - Standard,,Water,100,0.0,0.0,0.0,No,No,,,,,,,,,,Yes with additional measures,No,Yes with additional measures,Yes with additional measures,None - Installation not recommended,,,,,,,,,,,,,,,,,,,,,,,,,,,,,,,,,,,,,,,,,,,,,,,,House_Mid-Terrace_3.0
OVO,EOH2536,RH1,31.0,Working Full time (>30hrs),Professional,"50,001+",2020-07-02T00:00:00.000Z,Owner-Occupied,1.0,AB,3.0,14/07/2020,Retrofitworks,Urban,1919-1944,,2.0,0.0,98.0,5.0,3.0,7.0,,,,Pitched,Double,Yes,Gas,Gas Boiler - Standard,,Water,,0.0,0.0,0.0,No,No,,,,,,,,,,,,,,None - Installation not recommended,,,,,,,,,,,,,,,,,,,,,,,,,,,,,,,,,,,,,,,,,,,,,,,,House_Semi-Detached_2.0
OVO,EOH2375,RH10,42.0,Working Full time (>30hrs),Manager,"50,001+",2020-07-02T00:00:00.000Z,Owner-Occupied,7.0,AB,5.0,10/12/2020,Retrofitworks,Suburban,1965-1980,,2.0,2.0,102.1,6.0,4.0,6.0,2.35,Cavity_Insulated,Solid,Pitched,Double,Yes,Gas,Gas Boiler - Standard,,Water,117,0.0,0.0,1.0,No,No,2200.0,11000.0,,,,,,,,,,,,None - Installation not recommended,,,,,,,,,,,,,,,,,,,,,,,,,,,,,,,,,,,,,,,,,,,,,,,,House_Detached_2.0
OVO,EOH1647,ME10,27.0,Working Full time (>30hrs),Skilled Manual Worker,"30,001 - 40,000",2020-07-02T00:00:00.000Z,Owner-Occupied,2.0,C2,3.0,02/12/2020,,Suburban,Pre 1919,,2.0,0.0,82.0,5.0,3.0,7.0,,,,Pitched,Double,,,,,,,,0.0,0.0,No,No,,,,,,,,,,No,No,No,No,None - Installation not recommended,,,,,,,,,,,,,,,,,,,,,,,,,,,,,,,,,,,,,,,,,,,,,,,,House_Mid-Terrace_2.0
OVO,EOH0195,ME4,80.0,Retired,Pensioner,Prefer not to say,2020-07-02T00:00:00.000Z,Owner-Occupied,3.0,DE,4.0,18/01/2021,Retrofitworks,Suburban,2001+,,2.0,0.0,150.0,6.0,4.0,10.0,,,,Pitched,Double,Yes,Gas,Gas Boiler - Standard,,Water,,,0.0,1.0,No,No,,,,,,,,,,Yes,No,Yes,Yes,ASHP,,10500.0,,570.0,,,No,,,,,,,,,,,,,,,,,,,,,,,,,,,,,,,,,,,,,,,,,House_Detached_3.0
OVO,EOH0813,RH19,45.0,Working Full time (>30hrs),Professional,"50,001+",2020-01-07T00:00:00.000Z,Owner-Occupied,4.0,C1,4.0,15/01/2021,Retrofitworks,Suburban,1945-1964,D,2.0,0.0,105.3,12.0,4.0,13.0,2.3,Cavity_No_insulation,Solid,Pitched,Double,Yes,Gas,Gas Boiler - Combi,Electric - Direct,,,3.0,0.0,1.0,No,No,9000.0,22000.0,9.95,71.64,19583.0,3821.0,136.0,60.0,3.18,No,No,Yes with additional measures,Yes with additional measures,HT_ASHP,Heat Emitters,12624.0,1358.0,1306.85,15.0,,Yes,10/05/2021,Reina Group,HT_ASHP,,Daikin,EPRA16DAV3,16.0,R32,,Water_New,250.0,,1.0,0.0,4.0,0.0,,,No,0.0,0.0,0.0,No,No,0.0,0.0,,No,6774.74,1015.0,3745.86,950.6,0.0,0.0,0.0,0.0,0.0,0.0,4.0,1.0,House_Detached_2.0
OVO,EOH0390,RH20,41.0,Working Full time (>30hrs),Manager,"50,001+",2020-06-07T00:00:00.000Z,Owner-Occupied,1.0,AB,4.0,15/01/2021,Retrofitworks,Rural,1965-1980,,2.0,0.0,101.0,11.0,3.0,11.0,2.4,Cavity_No_insulation,Solid,Pitched,Double,Yes,Gas,Gas Boiler - Standard,,,,0.0,0.0,1.0,No,No,8500.0,7000.0,,,,,,,,,,,,None - Installation not recommended,,,,,,,,,,,,,,,,,,,,,,,,,,,,,,,,,,,,,,,,,,,,,,,,House_Detached_2.0
OVO,EOH0878,OX27,41.0,Working Full time (>30hrs),Manager,"50,001+",2020-07-02T00:00:00.000Z,Owner-Occupied,1.0,AB,5.0,17/07/2020,Retrofitworks,,Pre 1919,,1.0,0.0,93.0,5.0,3.0,7.0,,,,Pitched,Single,No,Electricity,Electric - Warm air,,,,0.0,0.0,0.0,No,No,,,,,,,,,,,,,,None - Installation not recommended,,,,,,,,,,,,,,,,,,,,,,,,,,,,,,,,,,,,,,,,,,,,,,,,House_Detached_2.0
OVO,EOH0761,RH19,55.0,Working Full time (>30hrs),Clerical,Prefer not to say,2020-07-02T00:00:00.000Z,Owner-Occupied,3.0,C1,3.0,03/02/2021,Retrofitworks,Suburban,1965-1980,,2.0,1.0,84.0,4.0,3.0,8.0,2.4,Cavity_Insulated,Solid,Pitched,Double,Yes,Gas,Gas Boiler - Standard,,Water,120,0.0,0.0,1.0,No,No,,,,,,,,,,,No,,,,,,,,,,No,,,,,,,,,,,,,,,,,,,,,,,,,,,,,,,,,,,,,,,,,House_Semi-Detached_2.0
OVO,EOH1231,SO19,57.0,Working Full time (>30hrs),Manager,"50,001+",2020-07-02T00:00:00.000Z,Owner-Occupied,23.0,AB,2.0,03/03/2021,Retrofitworks,Urban,1919-1944,,3.0,0.0,85.58,6.0,3.0,6.0,2.46,Cavity_Insulated,Suspended,Pitched,Double,Yes,Gas,Gas Boiler - Standard,,Water,120,0.0,0.0,0.0,No,No,,,,,,,,,,,,,,None - Installation not recommended,,,,,,,,,,,,,,,,,,,,,,,,,,,,,,,,,,,,,,,,,,,,,,,,House_Detached_2.0
OVO,EOH2709,OX3,47.0,Working Full time (>30hrs),Professional,"50,001+",2020-07-03T00:00:00.000Z,Owner-Occupied,11.0,AB,5.0,18/07/2020,Ovo,Suburban,1919-1944,,2.0,2.0,,5.0,3.0,5.0,,,,,Double,Yes,Gas,Gas Boiler - Standard,,Water,,0.0,0.0,0.0,No,No,,,,,,,,,,,,,,None - Installation not recommended,,,,,,,,,,,,,,,,,,,,,,,,,,,,,,,,,,,,,,,,,,,,,,,,House_Semi-Detached_2.0
OVO,EOH2687,GU52,55.0,Working Full time (>30hrs),Professional,"50,001+",2020-07-03T00:00:00.000Z,Owner-Occupied,15.0,AB,4.0,16/12/2020,Retrofitworks,Suburban,1991-2000,,2.0,1.0,100.0,6.0,4.0,6.0,2.4,Cavity_Insulated,Solid,Pitched,Double,Yes,Gas,Gas Boiler - Standard,,Water,114,0.0,0.0,1.0,No,No,,,,,,,,,,,,,,None - Installation not recommended,,,,,,,,,,,,,,,,,,,,,,,,,,,,,,,,,,,,,,,,,,,,,,,,House_Detached_2.0
OVO,EOH0858,PO3,37.0,Working Part time,Professional,"50,001+",2020-07-03T00:00:00.000Z,Owner-Occupied,8.0,AB,4.0,14/01/2021,Retrofitworks,Suburban,Pre 1919,,2.0,2.0,90.62,5.0,3.0,7.0,2.4,Cavity_Insulated,Suspended,Pitched,Double,Yes,Gas,Gas Boiler - Combi,Fire - Wood,,,0.0,0.0,0.0,No,No,,,,,,,,,,,No,,,,,,,,,,No,,,,,,,,,,,,,,,,,,,,,,,,,,,,,,,,,,,,,,,,,House_Mid-Terrace_2.0
OVO,EOH1534,MK10,56.0,Working Full time (>30hrs),Manager,Prefer not to say,2020-07-04T00:00:00.000Z,Owner-Occupied,20.0,DE,4.0,11/02/2021,Retrofitworks,Suburban,1991-2000,D,2.0,2.0,95.95,5.0,3.0,5.0,2.4,Cavity_Insulated,Solid,Pitched,Double,Yes,Gas,Gas Boiler - Standard,,,,0.0,0.0,0.0,No,No,,,,,,,,,,No,No,No,No,None - Installation not recommended,,,,,,,,,,,,,,,,,,,,,,,,,,,,,,,,,,,,,,,,,,,,,,,,House_End-Terrace_2.0
OVO,EOH0781,SO18,61.0,Working Full time (>30hrs),Professional,"25,001 - 30,000",2020-07-04T00:00:00.000Z,Owner-Occupied,7.0,C1,4.0,14/02/2021,Retrofitworks,Suburban,1945-1964,,3.0,0.0,110.7,4.0,2.0,5.0,2.4,Cavity_No_insulation,Solid,Pitched,Double,Yes,Gas,Gas Boiler - Standard,Fire - Gas,Water,100,0.0,0.0,1.0,No,No,,,,,,,,,,,,,,None - Installation not recommended,,,,,,,,,,,,,,,,,,,,,,,,,,,,,,,,,,,,,,,,,,,,,,,,House_Semi-Detached_3.0
OVO,EOH1845,PO13,36.0,Working Full time (>30hrs),Professional,"50,001+",2020-07-05T00:00:00.000Z,Owner-Occupied,4.0,C1,4.0,10/03/2021,Retrofitworks,Suburban,1981-1990,,2.0,2.0,130.0,6.0,4.0,6.0,2.4,Cavity_Insulated,Solid,Pitched,Double,Yes,Gas,Gas Boiler - Combi,,,,0.0,0.0,0.0,No,No,,,,,,,,,,,,,,None - Installation not recommended,,,,,,,,,,,,,,,,,,,,,,,,,,,,,,,,,,,,,,,,,,,,,,,,House_Semi-Detached_2.0
OVO,EOH2033,PO4,31.0,Working Full time (>30hrs),Manager,"50,001+",2020-07-05T00:00:00.000Z,Owner-Occupied,5.0,AB,3.0,22/01/2021,Retrofitworks,Suburban,Pre 1919,,2.0,1.0,85.0,5.0,3.0,6.0,2.7,Cavity_No_insulation,Suspended,Pitched,Double,Yes,Gas,Gas Boiler - Combi,,,,0.0,0.0,0.0,No,No,,,,,,,,,,,No,,,None - Installation not recommended,,,,,,,,,,,,,,,,,,,,,,,,,,,,,,,,,,,,,,,,,,,,,,,,House_Mid-Terrace_2.0
OVO,EOH1400,TN29,50.0,Working Full time (>30hrs),Professional,"30,001 - 40,000",2020-07-06T00:00:00.000Z,Owner-Occupied,4.0,DE,5.0,16/11/2020,Retrofitworks,Rural,Pre 1919,,2.0,0.0,83.42,5.0,2.0,5.0,3.69,Solid_Insulated,Suspended,Pitched,Triple,No,Oil,Oil Boiler,Fire - Wood,Water,170,0.0,0.0,0.0,No,No,,,9.39,112.53,19434.0,2292.0,82.0,50.0,3.2,Yes,No,Yes,Yes,ASHP,Heat Emitters,12399.77,2852.5,947.25,15.0,,Yes,01/02/2021,Reina Group,ASHP,,Daikin,EDLQ011CV3,11.0,R410A,,Water_New,150.0,,1.0,0.0,9.0,0.0,,,No,0.0,0.0,0.0,No,Yes,0.0,0.0,,No,6331.34,1302.0,4127.18,1996.75,0.0,0.0,0.0,0.0,0.0,0.0,5.0,1.0,House_Detached_1.0
OVO,EOH0624,SO21,60.0,Working Part time,Supervisor,Prefer not to say,2020-07-06T00:00:00.000Z,Owner-Occupied,,C1,4.0,17/07/2020,Retrofitworks,Rural,1919-1944,,2.0,0.0,,6.0,3.0,6.0,,,,,Single,No,Oil,Oil Boiler,,,,,0.0,0.0,No,No,,,,,,,,,,,,,,None - Installation not recommended,,,,,,,,,,,,,,,,,,,,,,,,,,,,,,,,,,,,,,,,,,,,,,,,House_Detached_2.0
OVO,EOH2908,GU51,65.0,Working Full time (>30hrs),Unemployed/Benefits,"50,001+",2020-07-06T00:00:00.000Z,Owner-Occupied,9.0,AB,4.0,24/10/2020,Retrofitworks,Suburban,2001+,C,4.0,0.0,201.05,8.0,5.0,8.0,2.69,Cavity_Insulated,Solid,Pitched,Double,Yes,Gas,Gas Boiler - Standard,,Water,300,6.0,0.0,0.0,Yes - Borehole,Yes,10788.0,23365.9,4.84,,5990.2,,,,,Yes,No,Yes,Yes,ASHP,,10500.0,,840.0,,,No,,,,,,,,,,,,,,,,,,,,,,,,,,,,,,,,,,,,,,,,,House_Detached_3.0
OVO,EOH2607,RG26,39.0,Working Full time (>30hrs),Manager,"50,001+",2020-07-07T00:00:00.000Z,Owner-Occupied,5.0,C1,3.0,11/02/2021,Retrofitworks,Suburban,1965-1980,,2.0,2.0,95.0,8.0,4.0,8.0,2.5,Cavity_Insulated,Solid,Pitched,Double,Yes,Gas,,,Water,110,0.0,0.0,1.0,No,No,,,,,,,,,,,,,,None - Installation not recommended,,,,,,,,,,,,,,,,,,,,,,,,,,,,,,,,,,,,,,,,,,,,,,,,House_Detached_2.0
OVO,EOH1430,KT17,38.0,Working Full time (>30hrs),Manager,"50,001+",2020-07-06T00:00:00.000Z,Owner-Occupied,,AB,3.0,15/02/2021,Retrofitworks,Suburban,1919-1944,,2.0,1.0,162.1,7.0,3.0,7.0,2.5,Cavity_Insulated,Suspended,Pitched,Double,Yes,Gas,Gas Boiler - Standard,,,,0.0,2.0,1.0,No,No,,,,,,,,,,,,,,None - Installation not recommended,,,,,,,,,,,,,,,,,,,,,,,,,,,,,,,,,,,,,,,,,,,,,,,,House_Detached_2.0
OVO,EOH2942,RH4,36.0,Working Full time (>30hrs),Manager,"40,001 - 50,000",2020-07-07T00:00:00.000Z,Owner-Occupied,5.0,AB,4.0,18/12/2020,Retrofitworks,Suburban,1945-1964,,2.0,2.0,71.0,8.0,3.0,8.0,2.42,Cavity_Insulated,Solid,Pitched,Double,Yes,Gas,Gas Boiler - Standard,,,,0.0,0.0,1.0,No,No,3351.0,8875.0,5.59,76.08,11630.0,3057.0,109.0,,,Yes with additional measures,No,Yes with additional measures,Yes,HT_ASHP,Heat Emitters,12448.0,628.22,838.1,15.0,,No,,,,,,,,,,,,,,,,,,,,,,,,,,,,,,,,,,,,,,,,,House_Semi-Detached_2.0
OVO,EOH1107,OX14,51.0,Working Part time,Professional,"50,001+",2020-07-07T00:00:00.000Z,Owner-Occupied,7.0,AB,3.0,24/02/2021,Retrofitworks,Suburban,1965-1980,,2.0,1.0,183.0,8.0,4.0,8.0,2.4,Cavity_Insulated,Solid,Pitched,Double,Yes,Gas,Gas Boiler - Standard,,Water,160,0.0,0.0,0.0,No,No,,,,,,,,,,,,,,None - Installation not recommended,,,,,,,,,,,,,,,,,,,,,,,,,,,,,,,,,,,,,,,,,,,,,,,,House_Detached_2.0
OVO,EOH0606,RG21,55.0,Working Full time (>30hrs),Manager,"50,001+",2020-07-07T00:00:00.000Z,Owner-Occupied,21.0,AB,3.0,25/02/2021,Retrofitworks,Urban,Pre 1919,,2.0,0.0,70.0,3.0,2.0,3.0,2.5,Solid_No_insulation,Suspended,Pitched,Double,Yes,Gas,Gas Boiler - Standard,,Water,200,0.0,0.0,0.0,No,No,,,,,,,,,,,,,,None - Installation not recommended,,,,,,,,,,,,,,,,,,,,,,,,,,,,,,,,,,,,,,,,,,,,,,,,House_Mid-Terrace_2.0
OVO,EOH2352,GU14,39.0,Working Full time (>30hrs),Professional,"50,001+",2020-07-07T00:00:00.000Z,Owner-Occupied,2.0,AB,5.0,11/03/2021,Retrofitworks,Suburban,1919-1944,,2.0,2.0,136.97,7.0,4.0,7.0,2.4,Cavity_Insulated,Suspended,Pitched,Double,Yes,Gas,Gas Boiler - Standard,,Water,150,0.0,0.0,1.0,No,No,,,,,,,,,,,,,,None - Installation not recommended,,,,,,,,,,,,,,,,,,,,,,,,,,,,,,,,,,,,,,,,,,,,,,,,House_Detached_2.0
OVO,EOH0325,RG10,35.0,Working Full time (>30hrs),Manager,"50,001+",2020-07-07T00:00:00.000Z,Owner-Occupied,3.0,AB,3.0,13/02/2021,Retrofitworks,,1991-2000,,2.0,0.0,80.0,5.0,3.0,,,,Suspended,Pitched,Double,Yes,Gas,Gas Boiler - Standard,,,,,0.0,1.0,Yes - Ground Loop,Yes,,,,,,,,,,,,,,None - Installation not recommended,,,,,,,,,,,,,,,,,,,,,,,,,,,,,,,,,,,,,,,,,,,,,,,,House_Semi-Detached_2.0
OVO,EOH1799,RG7,60.0,Retired,Pensioner,Prefer not to say,2020-07-09T00:00:00.000Z,Owner-Occupied,19.0,DE,4.0,15/02/2021,Retrofitworks,Suburban,1991-2000,,2.0,0.0,191.51,12.0,4.0,12.0,2.65,Cavity_Insulated,Solid,Pitched,Double,Yes,Gas,Gas Boiler - Standard,,Water,150,0.0,1.0,1.0,No,No,,,,,,,,,,,,,,,,,,,,,No,,,,,,,,,,,,,,,,,,,,,,,,,,,,,,,,,,,,,,,,,House_Detached_2.0
OVO,EOH1777,PO9,,Working Full time (>30hrs),Clerical,"50,001+",2020-07-08T00:00:00.000Z,Owner-Occupied,,C1,3.0,20/01/2021,Retrofitworks,Suburban,1945-1964,,2.0,0.0,78.12,6.0,3.0,6.0,2.4,Solid_Insulated,Solid,Pitched,Double,Yes,Gas,Gas Boiler - Standard,,Water,130,0.0,0.0,0.0,No,No,,,6.19,89.0,16351.22,3650.0,1022.41,45.0,3.57,Yes with additional measures,No,Yes with additional measures,Yes with additional measures,ASHP,Heat Emitters,10099.04,1442.7,784.36,15.0,,Yes,12/03/2021,Northern Gas,ASHP,,Daikin,EDLQ07CV3,7.0,R410A,,Water_New,180.0,,1.0,0.0,7.0,0.0,,,No,0.0,0.0,0.0,No,No,0.0,0.0,,No,5564.44,1498.59,3459.82,1009.89,0.0,0.0,0.0,0.0,0.0,0.0,4.0,1.0,House_Mid-Terrace_2.0
OVO,EOH0785,SP11,50.0,Working Full time (>30hrs),Manager,"50,001+",2020-07-09T00:00:00.000Z,Owner-Occupied,18.0,AB,4.0,19/03/2021,Retrofitworks,Suburban,Pre 1919,,2.0,2.0,209.0,11.0,4.0,11.0,2.4,Solid_No_insulation,Solid,Pitched,Double,No,Oil,Oil Boiler,,Water,170,0.0,0.0,0.0,No,No,,,,,,,,,,,,,,None - Installation not recommended,,,,,,,,,,,,,,,,,,,,,,,,,,,,,,,,,,,,,,,,,,,,,,,,House_Detached_2.0
OVO,EOH2162,PO15,48.0,Working Full time (>30hrs),Manager,"50,001+",2020-07-08T00:00:00.000Z,Owner-Occupied,9.0,AB,5.0,23/03/2021,Retrofitworks,Rural,1991-2000,,2.0,2.0,277.5,6.0,5.0,6.0,2.5,Cavity_Insulated,Solid,Pitched,Double,Yes,Gas,Gas Boiler - Standard,Fire - Wood,Water,200,0.0,0.0,1.0,No,No,,,,,,,,,,,,,,None - Installation not recommended,,,,,,,,,,,,,,,,,,,,,,,,,,,,,,,,,,,,,,,,,,,,,,,,House_Detached_2.0
OVO,EOH2723,TN40,40.0,Working Full time (>30hrs),Professional,"40,001 - 50,000",2020-07-08T00:00:00.000Z,Owner-Occupied,8.0,C2,3.0,04/12/2020,Retrofitworks,Suburban,1945-1964,,2.0,2.0,89.39,4.0,2.0,4.0,2.46,Cavity_No_insulation,Suspended,Pitched,Double,Yes,Gas,Gas Boiler - Standard,,,,0.0,0.0,0.0,Yes - Ground Loop,Yes,4137.0,10670.0,,,,,,,,Yes with additional measures,No,Yes with additional measures,Yes with additional measures,,,,,,,,No,,,,,,,,,,,,,,,,,,,,,,,,,,,,,,,,,,,,,,,,,House_Detached_1.0
OVO,EOH1196,PO38,62.0,Working Part time,Professional,Prefer not to say,2020-07-09T00:00:00.000Z,Owner-Occupied,31.0,C2,4.0,15/03/2021,Retrofitworks,Suburban,1965-1980,,3.0,0.0,83.1,4.0,2.0,4.0,2.4,Cavity_Insulated,Solid,Pitched,Double,No,Wood,Fire - Wood,Electric - Direct,Water,100,2.0,0.0,0.0,Yes - Ground Loop,Yes,,,,,,,,,,,,,,None - Installation not recommended,,,,,,,,,,,,,,,,,,,,,,,,,,,,,,,,,,,,,,,,,,,,,,,,House_Detached_1.0
OVO,EOH0703,NN12,45.0,Working Full time (>30hrs),Manager,"40,001 - 50,000",2020-07-07T00:00:00.000Z,Owner-Occupied,19.0,C2,5.0,22/01/2021,Retrofitworks,Rural,1965-1980,,2.0,0.0,74.24,5.0,2.0,5.0,2.4,Cavity_Insulated,Solid,Pitched,Double,No,Electricity,Electric - Storage,,Water,130,0.0,0.0,0.0,No,No,,,,,,,,,,,,,,None - Installation not recommended,,,,,,,,,,,,,,,,,,,,,,,,,,,,,,,,,,,,,,,,,,,,,,,,House_End-Terrace_2.0
OVO,EOH2806,SO32,43.0,Stay at home parent,Unemployed/Benefits,"50,001+",2020-07-08T00:00:00.000Z,Owner-Occupied,3.0,DE,2.0,11/03/2021,Retrofitworks,Rural,1919-1944,,2.0,2.0,251.74,12.0,5.0,12.0,2.4,Cavity_Insulated,Solid,Pitched,Double,Yes,Gas,Gas Boiler - Standard,,Water,100,0.0,0.0,1.0,No,No,,,,,,,,,,,,,,None - Installation not recommended,,,,,,,,,,,,,,,,,,,,,,,,,,,,,,,,,,,,,,,,,,,,,,,,House_Detached_2.0
OVO,EOH3139,RH16,65.0,Working Part time,Professional,Prefer not to say,2020-07-08T00:00:00.000Z,Owner-Occupied,39.0,DE,4.0,19/11/2020,Retrofitworks,Suburban,1965-1980,,1.0,0.0,75.0,4.0,2.0,1.0,2.36,Cavity_Insulated,Suspended,Pitched,Double,Yes,Gas,Gas - Warm air,Electric - Warm air,Water,90,0.0,1.0,0.0,No,No,1740.0,2092.0,,,,,,,,,,,,None - Installation not recommended,,,,,,,,,,,,,,,,,,,,,,,,,,,,,,,,,,,,,,,,,,,,,,,,House_Mid-Terrace_2.0
OVO,EOH1103,TN24,48.0,Working Full time (>30hrs),Professional,"50,001+",2020-07-08T00:00:00.000Z,Owner-Occupied,15.0,C1,4.0,26/11/2020,Retrofitworks,Suburban,2001+,,4.0,0.0,115.87,6.0,4.0,6.0,2.41,Cavity_Insulated,Solid,Pitched,Double,Yes,Gas,Gas Boiler - Standard,Fire - Wood,Water,170,0.0,0.0,1.0,No,No,4763.0,13214.0,4.26,35.09,11862.0,3821.0,136.0,50.0,3.35,Yes with additional measures,No,Yes with additional measures,Yes with additional measures,ASHP,,10629.0,1374.0,807.68,15.0,,Yes,11/05/2021,Reina Group,ASHP,,Daikin,EDLQ07CV3,7.0,R410A,,Water_New,250.0,,1.0,0.0,4.0,0.0,,,No,0.0,0.0,0.0,No,No,0.0,0.0,,No,5091.8,1302.0,3152.4,961.8,0.0,0.0,0.0,0.0,0.0,0.0,3.0,1.0,House_Detached_2.0
OVO,EOH2335,SP10,66.0,Retired,Pensioner,"25,001 - 30,000",2020-07-09T00:00:00.000Z,Owner-Occupied,12.0,DE,3.0,19/02/2021,Retrofitworks,Suburban,1991-2000,,2.0,0.0,58.6,4.0,2.0,4.0,2.3,Cavity_Insulated,Solid,Pitched,Double,Yes,Gas,Gas Boiler - Standard,,Water,150,0.0,0.0,0.0,No,No,,,,,,,,,,,,,,None - Installation not recommended,,,,,,,,,,,,,,,,,,,,,,,,,,,,,,,,,,,,,,,,,,,,,,,,House_Mid-Terrace_2.0
OVO,EOH2192,SO16,37.0,Working Full time (>30hrs),Professional,"50,001+",2020-07-09T00:00:00.000Z,Owner-Occupied,2.0,C1,4.0,16/02/2021,Retrofitworks,Suburban,Pre 1919,C,2.0,0.0,210.2,10.0,4.0,10.0,2.4,Cavity_Insulated,Suspended,Pitched,Double,Yes,Gas,Gas Boiler - Combi,,,,3.0,0.0,0.0,No,No,,,9.4,68.0,29342.9,4745.0,1387.43,50.0,3.16,Yes,No,Yes,Yes,ASHP,,10332.49,280.35,1214.88,14.0,,Yes,19/04/2021,Northern Gas,ASHP,,Daikin,EDLQ16CAV3,16.0,R410A,,Water_New,180.0,,1.0,0.0,1.0,0.0,,,No,0.0,0.0,0.0,No,No,0.0,0.0,,No,5871.42,2018.59,2558.51,164.32,0.0,0.0,0.0,0.0,0.0,0.0,3.0,1.0,House_Detached_2.0
OVO,EOH0041,RH12,50.0,Working Full time (>30hrs),Professional,"50,001+",2020-07-09T00:00:00.000Z,Owner-Occupied,5.0,C1,4.0,19/11/2020,Retrofitworks,Suburban,1991-2000,,2.0,2.0,108.0,7.0,4.0,12.0,2.41,Cavity_Insulated,Mix,Pitched,Double,Yes,Gas,Gas Boiler - Standard,,Water,162,0.0,0.0,0.0,No,No,290.0,2140.0,,,,,,,,No,No,No,No,None - Installation not recommended,,,,,,,,,,,,,,,,,,,,,,,,,,,,,,,,,,,,,,,,,,,,,,,,House_Detached_2.0
OVO,EOH2971,GU17,52.0,Working Full time (>30hrs),Manager,"40,001 - 50,000",2020-07-09T00:00:00.000Z,Owner-Occupied,2.0,C1,2.0,16/12/2020,Retrofitworks,Suburban,Pre 1919,,1.0,1.0,107.0,7.0,3.0,6.0,2.5,Solid_No_insulation,Suspended,Pitched,Double,Yes,Gas,Gas Boiler - Standard,,Water,114,1.0,1.0,1.0,No,No,,,,,,,,,,,,,,None - Installation not recommended,,,,,,,,,,,,,,,,,,,,,,,,,,,,,,,,,,,,,,,,,,,,,,,,House_Semi-Detached_2.0
OVO,EOH0730,CT6,65.0,Retired,Pensioner,"30,001 - 40,000",2020-07-10T00:00:00.000Z,Owner-Occupied,17.0,DE,4.0,27/07/2020,Ovo,,2001+,,,,,,,,,,,,,,,,,,,,,,,,,,,,,,,,,,,,,None - Installation not recommended,,,,,,,,,,,,,,,,,,,,,,,,,,,,,,,,,,,,,,,,,,,,,,,,House_Detached_2.0
OVO,EOH0659,RG10,43.0,Working Full time (>30hrs),Manager,"50,001+",2020-07-09T00:00:00.000Z,Owner-Occupied,4.0,C1,3.0,27/07/2020,Retrofitworks,,1945-1964,,2.0,2.0,,5.0,3.0,6.0,,,,,Double,Yes,Gas,Gas Boiler - Standard,Fire - Coal,Water,,0.0,0.0,0.0,No,No,,,,,,,,,,,,,,None - Installation not recommended,,,,,,,,,,,,,,,,,,,,,,,,,,,,,,,,,,,,,,,,,,,,,,,,House_Detached_2.0
OVO,EOH1685,GU33,41.0,Working Full time (>30hrs),Professional,"50,001+",2020-07-09T00:00:00.000Z,Owner-Occupied,4.0,AB,4.0,03/02/2021,Retrofitworks,Rural,Pre 1919,,2.0,0.0,99.3,5.0,3.0,8.0,2.3,Cavity_No_insulation,Solid,Pitched,Double,Yes,Gas,Gas Boiler - Standard,,Water,170,0.0,0.0,1.0,Yes - Borehole,Yes,,,6.87,99.0,15147.53,3650.0,1067.25,45.0,3.42,Yes with additional measures,No,Yes with additional measures,Yes with additional measures,ASHP,Heat Emitters,10291.2,1899.45,769.49,15.0,,Yes,23/03/2021,Northern Gas,ASHP,,Daikin,EDLQ011CV3,11.0,R410A,,Water_New,180.0,,1.0,0.0,9.0,0.0,,,No,0.0,0.0,0.0,No,No,0.0,0.0,,No,5830.57,2018.15,3168.57,1173.36,0.0,0.0,0.0,0.0,0.0,0.0,2.0,1.0,House_Semi-Detached_2.0
OVO,EOH0617,MK19,61.0,Retired,Pensioner,"50,001+",2020-07-09T00:00:00.000Z,Owner-Occupied,19.0,DE,4.0,02/03/2021,Retrofitworks,Suburban,1991-2000,,4.0,,172.0,8.0,4.0,8.0,2.3,Cavity_Insulated,Solid,Pitched,Double,Yes,Gas,Gas Boiler - Standard,,Water,120,2.0,0.0,1.0,No,No,,,,,,,,,,,,,,None - Installation not recommended,,,,,,,,,,,,,,,,,,,,,,,,,,,,,,,,,,,,,,,,,,,,,,,,House_Detached_2.0
OVO,EOH3205,MK13,33.0,Working Full time (>30hrs),Professional,"40,001 - 50,000",2020-07-10T00:00:00.000Z,Owner-Occupied,2.0,C1,4.0,18/02/2021,Retrofitworks,Suburban,1981-1990,,2.0,0.0,83.71,6.0,3.0,6.0,2.4,Cavity_Insulated,Solid,Pitched,Double,Yes,Gas,Gas Boiler - Standard,,Water,150,0.0,0.0,1.0,No,No,,,,,,,,,,,,,,None - Installation not recommended,,,,,,,,,,,,,,,,,,,,,,,,,,,,,,,,,,,,,,,,,,,,,,,,House_Detached_2.0
OVO,EOH0183,RG10,42.0,Working Full time (>30hrs),Professional,Prefer not to say,2020-07-10T00:00:00.000Z,Owner-Occupied,1.0,AB,4.0,22/02/2021,Retrofitworks,Suburban,1965-1980,,2.0,1.0,105.4,7.0,4.0,7.0,2.4,Cavity_Insulated,Suspended,Pitched,Double,Yes,Gas,Gas Boiler - Standard,,Water,150,0.0,0.0,1.0,No,No,,,,,,,,,,,,,,None - Installation not recommended,,,,,,,,,,,,,,,,,,,,,,,,,,,,,,,,,,,,,,,,,,,,,,,,House_Detached_2.0
OVO,EOH2762,SO51,55.0,Working Part time,Manager,"25,001 - 30,000",2020-07-10T00:00:00.000Z,Owner-Occupied,20.0,C1,4.0,12/02/2021,Retrofitworks,Urban,1919-1944,,2.0,0.0,86.46,5.0,3.0,7.0,2.4,Cavity_Insulated,Solid,Pitched,Single,Yes,Gas,Gas Boiler - Standard,Electric - Warm air,Water,,0.0,0.0,1.0,No,No,,,5.63,75.0,15099.91,4380.0,1307.46,45.0,3.57,Yes with additional measures,No,Yes with additional measures,Yes with additional measures,ASHP,Heat Emitters,9882.22,1551.36,775.2,15.0,,Yes,21/04/2021,Northern Gas,ASHP,,Daikin,EDLQ07CV3,7.0,R410A,,Water_New,150.0,,1.0,0.0,8.0,0.0,,,No,0.0,0.0,0.0,No,No,0.0,0.0,,No,5421.15,2018.59,3149.12,844.72,0.0,0.0,0.0,0.0,0.0,0.0,3.0,1.0,House_End-Terrace_2.0
OVO,EOH2314,RG20,45.0,Working Full time (>30hrs),Professional,"50,001+",2020-07-10T00:00:00.000Z,Owner-Occupied,5.0,C2,4.0,12/02/2021,Retrofitworks,Suburban,2001+,C,3.0,1.0,306.0,9.0,4.0,9.0,2.9,Solid_No_insulation,Suspended,Pitched,Triple,No,Oil,Oil Boiler,Fire - Wood,,,9.0,0.0,0.0,No,No,,,,,,,,,,,,,,None - Installation not recommended,,,,,,,,,,,,,,,,,,,,,,,,,,,,,,,,,,,,,,,,,,,,,,,,House_Detached_2.0
OVO,EOH1714,RG12,71.0,Retired,Clerical,"25,001 - 30,000",2020-07-11T00:00:00.000Z,Owner-Occupied,32.0,DE,3.0,19/01/2021,Retrofitworks,Suburban,1965-1980,,2.0,0.0,92.33,5.0,4.0,6.0,2.39,Cavity_Insulated,Solid,Pitched,Double,Yes,Gas,Gas - Warm air,Electric - Warm air,Water,100,0.0,0.0,1.0,No,No,,,,,,,,,,,,,,None - Installation not recommended,,,,,,,,,,,,,,,,,,,,,,,,,,,,,,,,,,,,,,,,,,,,,,,,House_Semi-Detached_2.0
OVO,EOH1725,SL6,29.0,Working Full time (>30hrs),Professional,Prefer not to say,2020-07-12T00:00:00.000Z,Owner-Occupied,,AB,5.0,04/02/2021,Retrofitworks,Suburban,1945-1964,,2.0,0.0,85.0,8.0,2.0,8.0,2.4,Cavity_Insulated,Solid,Pitched,Double,Yes,Gas,Gas Boiler - Combi,,,,0.0,0.0,1.0,No,No,,,8.77,79.07,22801.28,1220.82,6570.0,,,Yes with additional measures,No,Yes with additional measures,Yes with additional measures,ASHP,Heat Emitters,7769.93,1563.44,1220.82,14.0,,Yes,18/03/2021,Northern Gas,ASHP,,Daikin,EDLQ011CV3,11.0,R410A,,Water_New,180.0,,1.0,0.0,9.0,0.0,,,No,0.0,0.0,0.0,No,No,0.0,0.0,,No,5830.57,2168.59,3083.48,1122.44,0.0,0.0,0.0,0.0,0.0,0.0,3.0,1.0,House_Semi-Detached_2.0
OVO,EOH0280,TN6,45.0,Stay at home parent,Unemployed/Benefits,"30,001 - 40,000",2020-07-12T00:00:00.000Z,Owner-Occupied,7.0,DE,4.0,09/12/2020,Retrofitworks,Suburban,1965-1980,,2.0,1.0,102.85,5.0,3.0,5.0,2.42,Cavity_Insulated,Suspended,Pitched,Double,Yes,Gas,Gas Boiler - Standard,Gas - Warm air,Water,100,0.0,1.0,1.0,No,No,4771.0,13196.0,4.62,46.2,9660.0,1118.0,156.0,,,Yes,No,Yes,Yes,None - Installation not recommended,,,,601.26,15.0,,,,,,,,,,,,,,,,,,,,,,,,,,,,,,,,,,,,,,,,,,,House_Detached_2.0
OVO,EOH1496,ME3,37.0,Working Full time (>30hrs),Professional,"40,001 - 50,000",2020-07-13T00:00:00.000Z,Owner-Occupied,1.0,C2,4.0,29/01/2021,,Suburban,1991-2000,,2.0,3.0,125.0,7.0,4.0,7.0,2.2,Cavity_Insulated,Suspended,Pitched,Double,Yes,Gas,Gas Boiler - Standard,,Water,150,0.0,0.0,1.0,No,No,,,,,,,,,,,,,,None - Installation not recommended,,,,,,,,,,,,,,,,,,,,,,,,,,,,,,,,,,,,,,,,,,,,,,,,House_Detached_2.0
OVO,EOH0496,BN14,35.0,Working Full time (>30hrs),Clerical,"40,001 - 50,000",2020-07-12T00:00:00.000Z,Owner-Occupied,,C1,4.0,11/11/2020,Retrofitworks,Suburban,1919-1944,,2.0,0.0,97.0,5.0,3.0,5.0,2.46,Cavity_No_insulation,Suspended,Pitched,Double,Yes,Gas,Gas Boiler - Standard,,Water,130,0.0,2.0,0.0,No,No,2086.9,,4.62,47.6,9960.0,1118.0,156.0,,,Yes,No,No,No,None - Installation not recommended,,15037.0,0.0,601.26,15.0,,,,,,,,,,,,,,,,,,,,,,,,,,,,,,,,,,,,,,,,,,,House_Mid-Terrace_2.0
OVO,EOH1361,ME9,30.0,Working Full time (>30hrs),Professional,"40,001 - 50,000",2020-07-13T00:00:00.000Z,Owner-Occupied,1.0,AB,4.0,05/01/2021,Retrofitworks,Suburban,Pre 1919,,2.0,0.0,72.0,4.0,2.0,4.0,2.4,Solid_No_insulation,Suspended,Pitched,Double,No,Oil,Oil Boiler,,Water,100,0.0,0.0,0.0,No,No,,,,,,,,,,,,,,None - Installation not recommended,,,,,,,,,,,,,,,,,,,,,,,,,,,,,,,,,,,,,,,,,,,,,,,,House_Mid-Terrace_2.0
OVO,EOH0776,RG10,62.0,Working Full time (>30hrs),Professional,"50,001+",2020-07-13T00:00:00.000Z,Owner-Occupied,12.0,AB,3.0,12/02/2021,Retrofitworks,Suburban,1965-1980,B,2.0,0.0,112.5,8.0,4.0,8.0,2.35,Cavity_No_insulation,Solid,Pitched,Double,Yes,Gas,Gas Boiler - Combi,,,,0.0,0.0,0.0,No,No,,,,,,,,,,,,,,None - Installation not recommended,,,,,,,,,,,,,,,,,,,,,,,,,,,,,,,,,,,,,,,,,,,,,,,,House_Detached_2.0
OVO,EOH1296,PO4,67.0,Retired,Pensioner,"12,501 - 16,200",2020-07-12T00:00:00.000Z,Owner-Occupied,13.0,DE,2.0,12/01/2021,Retrofitworks,Suburban,Pre 1919,,1.0,0.0,80.1,5.0,2.0,5.0,2.5,Cavity_No_insulation,Mix,Pitched,Double,Yes,Gas,Gas Boiler - Standard,Electric - Warm air,,,0.0,0.0,0.0,No,No,,,,,,,,,,,,,,None - Installation not recommended,,,,,,,,,,,,,,,,,,,,,,,,,,,,,,,,,,,,,,,,,,,,,,,,House_Mid-Terrace_2.0
OVO,EOH0680,BN9,38.0,Working Full time (>30hrs),Professional,"40,001 - 50,000",2020-07-11T00:00:00.000Z,Owner-Occupied,2.0,AB,4.0,03/11/2020,Retrofitworks,Suburban,1981-1990,,2.0,1.0,64.94,3.0,2.0,6.0,2.54,Cavity_No_insulation,Suspended,Pitched,Double,Yes,Gas,Gas Boiler - Combi,,,,0.0,0.0,1.0,No,No,,,,,,,,,,No,No,No,No,None - Installation not recommended,,8750.0,0.0,460.0,,,,,,,,,,,,,,,,,,,,,,,,,,,,,,,,,,,,,,,,,,,,Maisonette_End-Terrace_2.0
OVO,EOH0991,TN22,48.0,Working Full time (>30hrs),Manager,"50,001+",2020-07-12T00:00:00.000Z,Owner-Occupied,1.0,AB,4.0,24/11/2020,Retrofitworks,Suburban,1981-1990,,1.0,1.0,83.76,4.0,3.0,4.0,2.31,Cavity_No_insulation,Solid,Pitched,Double,Yes,Gas,Gas Boiler - Standard,,Water,130,0.0,1.0,0.0,No,No,,,8.09,83.63,22053.0,3596.0,0.0,45.0,3.28,Yes,No,Yes,Yes,ASHP,,11668.84,0.0,694.0,15.0,,Yes,14/05/2021,PDP,ASHP,,Mitsubishi,PUZ-WM112VAA,11.2,R32,,Water_New,200.0,,1.0,0.0,0.0,0.0,,Low Noise Heat Pump,No,0.0,0.0,0.0,No,No,0.0,0.0,,No,5500.0,2268.84,3900.0,0.0,0.0,0.0,0.0,0.0,0.0,0.0,5.0,0.0,House_Detached_2.0
OVO,EOH2494,MK11,74.0,Working Part time,Professional,"40,001 - 50,000",2020-07-13T00:00:00.000Z,Owner-Occupied,15.0,AB,4.0,25/02/2021,Retrofitworks,Suburban,1919-1944,,2.0,0.0,123.7,5.0,3.0,6.0,2.35,Cavity_Insulated,Suspended,Pitched,Double,Yes,Gas,Gas Boiler - Standard,,Water,150,0.0,0.0,0.0,No,No,,,,,,,,,,,,,,None - Installation not recommended,,,,,,,,,,,,,,,,,,,,,,,,,,,,,,,,,,,,,,,,,,,,,,,,House_Semi-Detached_2.0
OVO,EOH2278,DA9,32.0,Working Full time (>30hrs),Professional,"50,001+",2020-07-14T00:00:00.000Z,Owner-Occupied,2.0,AB,3.0,10/12/2020,Retrofitworks,Suburban,2001+,,2.0,0.0,111.0,7.0,3.0,10.0,2.45,Cavity_Insulated,Mix,Pitched,Double,Yes,Gas,Gas Boiler - Standard,,Water,150,0.0,0.0,1.0,No,No,,,4.59,41.48,9480.54,3650.0,841.0,45.0,3.57,Yes,No,Yes,Yes,ASHP,,11389.0,768.0,489.53,14.0,,Yes,03/02/2021,Northern Gas,ASHP,,Daikin,EDLQ07CV3,7.0,R410A,,Water_New,300.0,,1.0,0.0,4.0,0.0,,,No,0.0,0.0,0.0,No,No,0.0,0.0,,No,5564.44,1792.59,3417.61,617.0,0.0,0.0,0.0,0.0,0.0,0.0,10.0,4.0,House_Semi-Detached_2.0
OVO,EOH1472,GU34,36.0,Working Full time (>30hrs),Semi and unskilled manual worker,"40,001 - 50,000",2020-07-13T00:00:00.000Z,Owner-Occupied,6.0,C2,4.0,24/10/2020,Retrofitworks,Suburban,1919-1944,E,2.0,2.0,97.5,5.0,3.0,5.0,2.53,Solid_No_insulation,Suspended,Pitched,Double,Yes,Gas,Gas Boiler - Standard,Fire - Wood,Water,140,0.0,0.0,0.0,Yes - Borehole,Yes,6300.0,22831.0,5.26,53.76,14964.81,4745.0,1049.78,45.0,3.56,Yes,No,Yes,Yes,ASHP,,10655.0,0.0,936.3,14.0,5.0,Yes,19/01/2021,Northern Gas,ASHP,,Daikin,EDLQ07CV3,7.0,R410A,,Water_New,200.0,,1.0,0.0,0.0,0.0,,,No,0.0,0.0,0.0,No,No,0.0,0.0,,No,5564.44,1792.59,3153.01,0.0,0.0,0.0,0.0,0.0,0.0,0.0,4.0,0.0,House_Semi-Detached_2.0
OVO,EOH0326,RH1,36.0,Working Full time (>30hrs),Manager,Prefer not to say,2020-07-14T00:00:00.000Z,Owner-Occupied,7.0,AB,3.0,19/11/2020,Retrofitworks,Suburban,1919-1944,,2.0,0.0,74.0,5.0,3.0,5.0,2.35,Cavity_Insulated,Suspended,Pitched,Double,Yes,Gas,Gas Boiler - Combi,,,,0.0,0.0,0.0,No,No,,,6.863,76.6,15650.0,3872.0,414.0,,,Yes,No,Yes,Yes,None - Installation not recommended,,13557.55,0.0,1097.0,15.0,,,,,,,,,,,,,,,,,,,,,,,,,,,,,,,,,,,,,,,,,,,House_Semi-Detached_2.0
OVO,EOH0652,TN28,47.0,Working Full time (>30hrs),Professional,"50,001+",2020-07-13T00:00:00.000Z,Owner-Occupied,11.0,AB,4.0,14/12/2020,Retrofitworks,Suburban,1965-1980,,2.0,3.0,151.48,7.0,5.0,7.0,2.42,Cavity_Insulated,Mix,Pitched,Double,Yes,Gas,Gas Boiler - Combi,Fire - Wood,,,0.0,0.0,0.0,Yes - Ground Loop,No,24150.0,,10.31,58.25,18517.0,3821.0,136.0,65.0,2.9,Yes with additional measures,No,Yes with additional measures,Yes with additional measures,HT_ASHP,Heat Emitters,12024.0,544.0,1252.15,15.0,,Yes,08/03/2021,Reina Group,HT_ASHP,,Daikin,EPRA18DAV3,18.0,R32,,Water_New,250.0,,1.0,0.0,1.0,0.0,,,No,0.0,0.0,0.0,No,No,0.0,0.0,,No,7114.8,1302.0,3770.4,380.8,0.0,0.0,0.0,0.0,0.0,0.0,4.0,1.0,House_Detached_3.0
OVO,EOH0758,TN34,53.0,Working Part time,Professional,"50,001+",2020-07-14T00:00:00.000Z,Owner-Occupied,10.0,C2,2.0,02/12/2020,Retrofitworks,Urban,Pre 1919,,3.0,1.0,185.78,5.0,4.0,5.0,2.37,Solid_No_insulation,Suspended,Pitched,Double,Yes,Gas,Gas Boiler - Standard,Fire - Wood,Water,150,0.0,0.0,1.0,No,No,9614.0,3267.0,,,,,,,,,,,,None - Installation not recommended,,,,,,,,,,,,,,,,,,,,,,,,,,,,,,,,,,,,,,,,,,,,,,,,Maisonette_Semi-Detached_3.0
OVO,EOH3137,SP11,56.0,Working Full time (>30hrs),Professional,"50,001+",2020-07-14T00:00:00.000Z,Owner-Occupied,,C1,5.0,01/03/2021,Retrofitworks,Rural,2001+,,3.0,1.0,169.0,7.0,4.0,7.0,2.4,Cavity_Insulated,Suspended,Pitched,Double,Yes,Gas,Gas Boiler - Standard,,Water,200,0.0,0.0,0.0,No,No,,,,,,,,,,,,,,None - Installation not recommended,,,,,,,,,,,,,,,,,,,,,,,,,,,,,,,,,,,,,,,,,,,,,,,,House_Detached_2.0
OVO,EOH0364,RG14,53.0,Working Full time (>30hrs),Clerical,"30,001 - 40,000",2020-07-14T00:00:00.000Z,Owner-Occupied,8.0,C1,3.0,22/02/2021,Retrofitworks,Suburban,1945-1964,,2.0,1.0,120.0,6.0,3.0,6.0,2.4,Cavity_Insulated,Suspended,Pitched,Double,Yes,Gas,Gas Boiler - Standard,,Water,200,0.0,0.0,0.0,No,No,,,,,,,,,,,,,,None - Installation not recommended,,,,,,,,,,,,,,,,,,,,,,,,,,,,,,,,,,,,,,,,,,,,,,,,House_Detached_2.0
OVO,EOH1429,TN35,32.0,Working Full time (>30hrs),Skilled Manual Worker,"30,001 - 40,000",2020-07-14T00:00:00.000Z,Owner-Occupied,4.0,C2,5.0,04/02/2021,Retrofitworks,Rural,2001+,,2.0,2.0,161.0,9.0,3.0,9.0,2.6,Cavity_Insulated,Suspended,Pitched,Double,Yes,Gas,Gas Boiler - Standard,,Water,,9.0,0.0,1.0,Yes - Borehole,Yes,,,,,,,,,,,No,,,,,,,,,,No,,,,,,,,,,,,,,,,,,,,,,,,,,,,,,,,,,,,,,,,,House_Detached_1.0
OVO,EOH0275,RG7,54.0,Working Full time (>30hrs),Manager,"50,001+",2020-07-15T00:00:00.000Z,Owner-Occupied,5.0,C1,4.0,08/02/2021,Retrofitworks,Suburban,1991-2000,,2.0,2.0,231.5,8.0,4.0,8.0,2.45,Cavity_Insulated,Solid,Pitched,Double,,Oil,Oil Boiler,,Water,200,0.0,0.0,0.0,No,No,,,,,,,,,,,,,,None - Installation not recommended,,,,,,,,,,,,,,,,,,,,,,,,,,,,,,,,,,,,,,,,,,,,,,,,House_Detached_2.0
OVO,EOH0631,MK15,68.0,Retired,Pensioner,Prefer not to say,2020-07-15T00:00:00.000Z,Owner-Occupied,33.0,DE,3.0,23/02/2021,Retrofitworks,Suburban,1981-1990,,2.0,0.0,123.96,7.0,4.0,7.0,2.5,Cavity_Insulated,Solid,Pitched,Double,Yes,Gas,Gas Boiler - Standard,,Water,200,0.0,0.0,0.0,No,No,,,,,,,,,,,No,,,,,,,,,,No,,,,,,,,,,,,,,,,,,,,,,,,,,,,,,,,,,,,,,,,,House_Detached_2.0
OVO,EOH0476,OX17,48.0,Working Full time (>30hrs),Professional,"50,001+",2020-07-15T00:00:00.000Z,Owner-Occupied,7.0,C1,4.0,11/02/2021,Retrofitworks,Rural,1981-1990,,2.0,2.0,131.0,8.0,3.0,8.0,2.5,Cavity_Insulated,Solid,Pitched,Double,No,Oil,Oil Boiler,Fire - Wood,Water,200,0.0,0.0,0.0,Yes - Ground Loop,Yes,,,,,,,,,,No,No,No,No,None - Installation not recommended,,,,,,,,,,,,,,,,,,,,,,,,,,,,,,,,,,,,,,,,,,,,,,,,House_Detached_2.0
OVO,EOH0900,BH25,59.0,Working Full time (>30hrs),Professional,"50,001+",2020-07-15T00:00:00.000Z,Owner-Occupied,14.0,C1,4.0,18/02/2021,Retrofitworks,Suburban,1965-1980,,2.0,2.0,83.71,6.0,3.0,6.0,2.4,Cavity_Insulated,Solid,Pitched,Double,Yes,Gas,Gas Boiler - Standard,,Water,150,0.0,0.0,1.0,No,No,,,,,,,,,,,,,,,,,,,,,No,,,,,,,,,,,,,,,,,,,,,,,,,,,,,,,,,,,,,,,,,House_Detached_2.0
OVO,EOH1625,BN43,43.0,Working Part time,Professional,Prefer not to say,2020-07-15T00:00:00.000Z,Owner-Occupied,4.0,AB,3.0,10/12/2020,Retrofitworks,Suburban,1919-1944,,2.0,2.0,148.0,12.0,4.0,12.0,2.39,Cavity_No_insulation,Mix,Pitched,Double,Yes,Gas,Gas Boiler - Standard,,Water,205,5.0,1.0,0.0,No,No,,,,,,,,,,,,,,None - Installation not recommended,,,,,,,,,,,,,,,,,,,,,,,,,,,,,,,,,,,,,,,,,,,,,,,,House_Semi-Detached_3.0
OVO,EOH1043,BN41,40.0,Working Full time (>30hrs),Manager,"40,001 - 50,000",2020-07-15T00:00:00.000Z,Owner-Occupied,8.0,DE,3.0,10/11/2020,Retrofitworks,Urban,Pre 1919,,2.0,2.0,72.0,4.0,2.0,7.0,2.48,Cavity_No_insulation,Solid,Pitched,Double,Yes,Gas,Gas Boiler - Standard,Fire - Wood,,,0.0,0.0,0.0,No,No,3103.2,11913.0,,,,,,,,,,,,None - Installation not recommended,,,,,,,,,,,,,,,,,,,,,,,,,,,,,,,,,,,,,,,,,,,,,,,,House_Mid-Terrace_2.0
OVO,EOH2107,CR5,63.0,Retired,Pensioner,"30,001 - 40,000",2020-07-14T00:00:00.000Z,Owner-Occupied,15.0,DE,3.0,18/12/2020,Retrofitworks,Rural,1965-1980,,3.0,0.0,168.0,9.0,4.0,9.0,2.5,Cavity_No_insulation,Suspended,Pitched,Double,Yes,Gas,Gas Boiler - Standard,,Water,150,0.0,1.0,1.0,No,No,2900.0,12000.0,,,,,,,,Yes with additional measures,No,Yes with additional measures,Yes with additional measures,None - Installation not recommended,Loft Insulation; Wall insulation,10500.0,5080.0,,,,,,,,,,,,,,,,,,,,,,,,,,,,,,,,,,,,,,,,,,,,,House_Detached_2.0
OVO,EOH2487,GU10,43.0,Working Full time (>30hrs),Manager,"50,001+",2020-07-15T00:00:00.000Z,Owner-Occupied,,AB,4.0,29/09/2020,,Rural,1945-1964,,,,,9.0,4.0,,,,,,Single,No,Electricity,Electric - Warm air,,,,0.0,,,Yes - Borehole,Yes,,,,,,,,,,,,,,None - Installation not recommended,,,,,,,,,,,,,,,,,,,,,,,,,,,,,,,,,,,,,,,,,,,,,,,,House_Semi-Detached_2.0
OVO,EOH0777,TN38,52.0,Stay at home parent,Unemployed/Benefits,"20,001 - 25,000",2020-07-15T00:00:00.000Z,Owner-Occupied,4.0,DE,2.0,04/12/2020,Retrofitworks,Suburban,1919-1944,,4.0,1.0,135.25,6.0,4.0,6.0,2.61,Cavity_No_insulation,Suspended,Pitched,Double,Yes,Gas,Gas Boiler - Combi,,,,0.0,0.0,0.0,No,No,1899.0,9026.0,,,,,,,,Yes with additional measures,No,Yes with additional measures,Yes with additional measures,None - Installation not recommended,,,,,,,,,,,,,,,,,,,,,,,,,,,,,,,,,,,,,,,,,,,,,,,,House_Detached_2.0
OVO,EOH2797,SO23,38.0,Working Part time,Professional,"30,001 - 40,000",2020-07-14T00:00:00.000Z,Owner-Occupied,5.0,AB,3.0,26/03/2021,Retrofitworks,Suburban,Pre 1919,,2.0,2.0,118.0,6.0,3.0,6.0,2.6,Cavity_No_insulation,Mix,Pitched,Double,Yes,Gas,Gas Boiler - Combi,,,,1.0,0.0,0.0,No,Yes,,,,,,,,,,,,,,None - Installation not recommended,,,,,,,,,,,,,,,,,,,,,,,,,,,,,,,,,,,,,,,,,,,,,,,,House_Detached_2.0
OVO,EOH0838,TN12,,Working Full time (>30hrs),Manager,"30,001 - 40,000",2020-07-15T00:00:00.000Z,Owner-Occupied,13.0,C1,4.0,19/11/2020,Retrofitworks,Rural,1945-1964,,2.0,0.0,64.92,5.0,3.0,7.0,2.25,Cavity_No_insulation,Solid,Pitched,Double,Yes,Gas,Gas Boiler - Standard,Electric - Warm air,Water,100,0.0,0.0,1.0,No,No,3089.0,3089.0,,,,,,,,Yes,No,Yes,Yes,ASHP,,11500.0,0.0,660.0,,,No,,,,,,,,,,,,,,,,,,,,,,,,,,,,,,,,,,,,,,,,,House_Detached_2.0
OVO,EOH0623,RG5,32.0,Working Full time (>30hrs),Professional,"40,001 - 50,000",2020-07-15T00:00:00.000Z,Owner-Occupied,1.0,AB,4.0,09/02/2021,Retrofitworks,Suburban,1981-1990,E,2.0,0.0,48.09,3.0,2.0,3.0,2.4,Cavity_No_insulation,Solid,Pitched,Double,No,Electricity,Electric - Direct,,,,0.0,0.0,0.0,No,No,,,,,,,,,,No,No,No,No,None - Installation not recommended,,,,,,,,,,,,,,,,,,,,,,,,,,,,,,,,,,,,,,,,,,,,,,,,House_End-Terrace_2.0
OVO,EOH1517,SO16,39.0,Working Full time (>30hrs),Professional,Prefer not to say,2020-07-16T00:00:00.000Z,Owner-Occupied,2.0,C1,4.0,11/02/2021,Retrofitworks,Suburban,1945-1964,,2.0,0.0,70.0,4.0,2.0,4.0,2.5,Cavity_Insulated,Suspended,Pitched,Double,Yes,Gas,Gas Boiler - Combi,,,,0.0,0.0,0.0,No,No,,,,,,,,,,,,,,None - Installation not recommended,,,,,,,,,,,,,,,,,,,,,,,,,,,,,,,,,,,,,,,,,,,,,,,,House_Detached_1.0
OVO,EOH1943,SL0,45.0,Working Full time (>30hrs),Manager,"50,001+",2020-07-15T00:00:00.000Z,Owner-Occupied,7.0,AB,4.0,04/02/2021,Retrofitworks,Suburban,1919-1944,,2.0,2.0,170.0,9.0,3.0,9.0,2.4,Solid_Insulated,Suspended,Pitched,Double,Yes,Gas,Gas Boiler - Combi,,,,0.0,0.0,1.0,No,No,,,,,,,,,,,,,,,,,,,,,No,,,,,,,,,,,,,,,,,,,,,,,,,,,,,,,,,,,,,,,,,House_Semi-Detached_2.0
OVO,EOH1863,SO22,36.0,Working Part time,Professional,"30,001 - 40,000",2020-07-15T00:00:00.000Z,Owner-Occupied,,C2,3.0,16/02/2021,Retrofitworks,Suburban,1945-1964,,2.0,2.0,83.52,7.0,3.0,7.0,2.34,Cavity_Insulated,Solid,Pitched,Double,Yes,Gas,Gas Boiler - Combi,,,,0.0,0.0,0.0,No,No,,,,,,,,,,,,,,None - Installation not recommended,,,,,,,,,,,,,,,,,,,,,,,,,,,,,,,,,,,,,,,,,,,,,,,,House_Semi-Detached_2.0
OVO,EOH1316,GU7,47.0,Working Full time (>30hrs),Professional,"50,001+",2020-07-16T00:00:00.000Z,Owner-Occupied,4.0,AB,4.0,22/12/2020,,Suburban,1981-1990,,2.0,2.0,141.0,7.0,4.0,11.0,,Cavity_Insulated,,Pitched,Double,Yes,Gas,Gas Boiler - Standard,Fire - Wood,,,,0.0,0.0,No,No,,,,,,,,,,,,,,None - Installation not recommended,,,,,,,,,,,,,,,,,,,,,,,,,,,,,,,,,,,,,,,,,,,,,,,,House_Detached_2.0
OVO,EOH1648,BN22,52.0,Working Full time (>30hrs),Professional,"50,001+",2020-07-16T00:00:00.000Z,Owner-Occupied,23.0,C1,2.0,19/11/2020,Retrofitworks,Suburban,1965-1980,,3.0,0.0,85.64,6.0,3.0,5.0,2.4,Cavity_No_insulation,Mix,Pitched,Double,Yes,Gas,Gas Boiler - Standard,Gas - Warm air,Water,130,0.0,1.0,1.0,No,No,5486.0,13870.0,,,,,,,,,,,,None - Installation not recommended,,,,,,,,,,,,,,,,,,,,,,,,,,,,,,,,,,,,,,,,,,,,,,,,House_Mid-Terrace_2.0
OVO,EOH0714,RG14,53.0,Working Part time,Professional,"50,001+",2020-07-16T00:00:00.000Z,Owner-Occupied,19.0,AB,4.0,23/02/2021,Retrofitworks,Suburban,1919-1944,,4.0,0.0,61.52,5.0,3.0,5.0,2.6,Cavity_Insulated,Suspended,Flat,Single,Yes,Gas,Gas Boiler - Standard,,Water,150,0.0,0.0,1.0,No,No,,,,,,,,,,Yes,No,Yes,Yes,None - Installation not recommended,,,,,,,,,,,,,,,,,,,,,,,,,,,,,,,,,,,,,,,,,,,,,,,,House_Semi-Detached_2.0
OVO,EOH2510,RG12,30.0,Working Full time (>30hrs),Professional,"50,001+",2020-07-17T00:00:00.000Z,Owner-Occupied,,AB,3.0,20/01/2021,Retrofitworks,Suburban,1965-1980,,2.0,0.0,91.0,4.0,3.0,4.0,2.4,Cavity_Insulated,Solid,Pitched,Double,No,Electricity,Electric - Storage,Electric - Warm air,Water,100,0.0,0.0,0.0,No,No,,,8.74,98.37,21539.33,6298.05,1067.25,45.0,3.42,Yes,No,Yes,No,ASHP,Heat Emitters,10540.49,3810.0,1031.14,15.0,,Yes,01/03/2021,Northern Gas,ASHP,,Daikin,EDLQ011CV3,11.0,R410A,,Water_New,210.0,,1.0,0.0,9.0,0.0,,,No,0.0,0.0,0.0,No,No,0.0,0.0,,No,5860.33,1518.01,4305.15,2667.0,0.0,0.0,0.0,0.0,0.0,0.0,3.0,1.0,House_Mid-Terrace_2.0
OVO,EOH0702,SO16,42.0,Working Full time (>30hrs),Clerical,"50,001+",2020-07-16T00:00:00.000Z,Owner-Occupied,,C1,4.0,16/02/2021,Retrofitworks,Urban,1919-1944,,2.0,0.0,71.86,4.0,2.0,4.0,2.4,Cavity_Insulated,Suspended,Pitched,Double,Yes,Gas,Gas Boiler - Standard,,Water,100,0.0,1.0,0.0,No,No,,,4.92,72.5,12996.45,3650.0,1022.0,45.0,3.57,Yes with additional measures,No,Yes with additional measures,Yes with additional measures,ASHP,Heat Emitters,9882.22,1338.75,652.8,14.0,,Yes,29/03/2021,Northern Gas,ASHP,,Daikin,EDLQ07CV3,7.0,R410A,,Water_New,150.0,,1.0,0.0,7.0,0.0,,,No,0.0,0.0,0.0,No,No,0.0,0.0,,No,5421.15,2018.59,2936.51,844.72,0.0,0.0,0.0,0.0,0.0,0.0,2.0,1.0,House_End-Terrace_2.0
OVO,EOH2292,GU21,51.0,Working Part time,Professional,"50,001+",2020-07-16T00:00:00.000Z,Owner-Occupied,9.0,AB,5.0,11/12/2020,,Suburban,2001+,,2.0,3.0,305.0,8.0,5.0,14.0,,,,Pitched,Double,Yes,Gas,Gas Boiler - Standard,Fire - Gas,,,0.0,1.0,0.0,No,No,,,,,,,,,,,,,,None - Installation not recommended,,,,,,,,,,,,,,,,,,,,,,,,,,,,,,,,,,,,,,,,,,,,,,,,House_Semi-Detached_3.0
OVO,EOH1873,HP66,46.0,Working Part time,Professional,"25,001 - 30,000",2020-07-16T00:00:00.000Z,Owner-Occupied,,DE,3.0,09/03/2021,Retrofitworks,Suburban,1945-1964,,2.0,1.0,73.2,4.0,4.0,4.0,2.4,Cavity_No_insulation,Suspended,Pitched,Double,No,Electricity,Electric - Storage,,,,0.0,0.0,0.0,No,No,,,6.49,47.83,15449.0,3821.0,136.0,35.0,4.84,Yes,No,Yes,Yes,ASHP,,12185.0,0.0,765.5,14.0,,Yes,21/06/2021,Solid Renewables,ASHP,,Mitsubishi,PUZ-WM85VAA,8.5,R32,,Water_New,300.0,,1.0,0.0,0.0,0.0,,Low Noise Heat Pump,No,0.0,0.0,0.0,No,No,0.0,0.0,,No,7785.0,1550.0,2850.0,0.0,0.0,0.0,0.0,0.0,0.0,0.0,7.0,0.0,House_Detached_1.0
OVO,EOH3160,TN4,60.0,Working Full time (>30hrs),Casual worker,"30,001 - 40,000",2020-07-17T00:00:00.000Z,Owner-Occupied,25.0,DE,3.0,30/11/2020,Retrofitworks,Urban,Pre 1919,,3.0,0.0,179.97,6.0,3.0,6.0,2.41,Solid_No_insulation,Solid,Pitched,Double,Yes,Gas,Gas Boiler - Combi,Gas - Warm air,,,2.0,3.0,1.0,No,No,5559.0,28038.0,,,,,,,,Yes with additional measures,No,Yes with additional measures,Yes with additional measures,,Loft Insulation; Wall insulation,10500.0,24330.0,520.0,,,No,,,,,,,,,,,,,,,,,,,,,,,,,,,,,,,,,,,,,,,,,House_Detached_3.0
OVO,EOH1380,SO30,44.0,Working Full time (>30hrs),Professional,"50,001+",2020-07-18T00:00:00.000Z,Owner-Occupied,6.0,C1,3.0,28/02/2021,Retrofitworks,Suburban,1991-2000,,2.0,3.0,139.24,7.0,4.0,7.0,2.3,Cavity_Insulated,Solid,Pitched,Double,Yes,Gas,Gas Boiler - Standard,,Water,170,0.0,0.0,1.0,No,No,,,,,,,,,,,,,,None - Installation not recommended,,,,,,,,,,,,,,,,,,,,,,,,,,,,,,,,,,,,,,,,,,,,,,,,House_Detached_2.0
OVO,EOH1858,OX11,30.0,Working Full time (>30hrs),Professional,"50,001+",2020-07-17T00:00:00.000Z,Owner-Occupied,2.0,C2,4.0,15/02/2021,Retrofitworks,Urban,1919-1944,,2.0,0.0,85.05,5.0,3.0,5.0,2.5,Cavity_Insulated,Suspended,Pitched,Double,Yes,Gas,Gas Boiler - Combi,,,,0.0,0.0,0.0,No,No,,,,,,,,,,,,,,None - Installation not recommended,,,,,,,,,,,,,,,,,,,,,,,,,,,,,,,,,,,,,,,,,,,,,,,,House_Semi-Detached_2.0
OVO,EOH1755,MK3,49.0,Working Full time (>30hrs),Professional,"50,001+",2020-07-19T00:00:00.000Z,Owner-Occupied,5.0,C1,4.0,23/02/2021,Retrofitworks,Urban,2001+,,3.0,1.0,164.0,9.0,4.0,9.0,2.4,Cavity_Insulated,Suspended,Pitched,Double,Yes,Gas,Gas Boiler - Standard,,Water,170,0.0,0.0,1.0,No,No,,,,,,,,,,,,,,None - Installation not recommended,,,,,,,,,,,,,,,,,,,,,,,,,,,,,,,,,,,,,,,,,,,,,,,,House_Detached_2.0
OVO,EOH0982,RG41,62.0,Retired,Professional,"50,001+",2020-07-18T00:00:00.000Z,Owner-Occupied,14.0,DE,4.0,19/11/2020,,Suburban,1919-1944,,2.0,0.0,,10.0,5.0,10.0,,,,Pitched,Double,Yes,Gas,Gas Boiler - Standard,Fire - Wood,,,0.0,0.0,0.0,No,No,,,,,,,,,,,,,,None - Installation not recommended,,,,,,,,,,,,,,,,,,,,,,,,,,,,,,,,,,,,,,,,,,,,,,,,House_Detached_2.0
OVO,EOH1807,GU23,52.0,Working Full time (>30hrs),Professional,Prefer not to say,2020-07-18T00:00:00.000Z,Owner-Occupied,19.0,AB,3.0,26/10/2020,,Rural,Pre 1919,,2.0,2.0,258.0,9.0,4.0,9.0,,,,Pitched,Single,Yes,Gas,Gas Boiler - Standard,Electric - Direct,,,1.0,0.0,1.0,No,No,,,,,,,,,,,,,,None - Installation not recommended,,,,,,,,,,,,,,,,,,,,,,,,,,,,,,,,,,,,,,,,,,,,,,,,House_Detached_2.0
OVO,EOH1476,PO30,53.0,Working Full time (>30hrs),Skilled Manual Worker,"40,001 - 50,000",2020-07-18T00:00:00.000Z,Owner-Occupied,13.0,C2,4.0,25/01/2021,Retrofitworks,Rural,Pre 1919,,2.0,0.0,101.0,5.0,3.0,6.0,2.3,Cavity_No_insulation,Suspended,Pitched,Double,No,Oil,Oil Boiler,Electric - Direct,Water,200,1.0,0.0,0.0,No,No,,,,,,,,,,,,,,None - Installation not recommended,,,,,,,,,,,,,,,,,,,,,,,,,,,,,,,,,,,,,,,,,,,,,,,,House_Semi-Detached_2.0
OVO,EOH0086,HP23,,Working Full time (>30hrs),Manager,Prefer not to say,2020-07-17T00:00:00.000Z,Owner-Occupied,6.0,C1,5.0,24/02/2021,Retrofitworks,Urban,1965-1980,,2.0,4.0,152.5,7.0,6.0,7.0,2.5,Cavity_No_insulation,Solid,Pitched,Double,Yes,Gas,Gas Boiler - Standard,,Water,110,0.0,0.0,1.0,No,No,,,,,,,,,,,,,,None - Installation not recommended,,,,,,,,,,,,,,,,,,,,,,,,,,,,,,,,,,,,,,,,,,,,,,,,House_Detached_3.0
OVO,EOH3199,HP18,35.0,Working Full time (>30hrs),Manager,"50,001+",2020-07-18T00:00:00.000Z,Owner-Occupied,3.0,AB,3.0,23/02/2021,Retrofitworks,Rural,2001+,,2.0,2.0,177.16,7.0,5.0,7.0,2.4,Cavity_Insulated,Solid,Pitched,Double,Yes,Gas,Gas Boiler - Standard,,Water,170,0.0,0.0,0.0,No,No,,,,,,,,,,,,,,None - Installation not recommended,,,,,,,,,,,,,,,,,,,,,,,,,,,,,,,,,,,,,,,,,,,,,,,,House_Detached_2.0
OVO,EOH1929,MK18,40.0,Working Full time (>30hrs),Manager,"50,001+",2020-07-17T00:00:00.000Z,Owner-Occupied,3.0,C1,4.0,15/02/2021,Retrofitworks,Suburban,1991-2000,,2.0,1.0,133.3,7.0,4.0,7.0,2.3,Cavity_Insulated,Solid,Pitched,Double,Yes,Gas,Gas Boiler - Standard,,Water,200,0.0,0.0,1.0,No,No,,,,,,,,,,,,,,None - Installation not recommended,,,,,,,,,,,,,,,,,,,,,,,,,,,,,,,,,,,,,,,,,,,,,,,,House_Detached_2.0
OVO,EOH1205,GU34,,Stay at home parent,Professional,Prefer not to say,2020-07-20T00:00:00.000Z,Owner-Occupied,11.0,C1,3.0,22/01/2021,Retrofitworks,Suburban,Pre 1919,,2.0,3.0,167.3,11.0,4.0,11.0,2.45,Cavity_No_insulation,Suspended,Pitched,Double,Yes,Gas,Gas Boiler - Standard,Fire - Wood,Water,130,2.0,1.0,1.0,No,No,,,,,,,,,,,,,,None - Installation not recommended,,,,,,,,,,,,,,,,,,,,,,,,,,,,,,,,,,,,,,,,,,,,,,,,House_Detached_2.0
OVO,EOH0407,PO30,57.0,Unemployed,Unemployed/Benefits,"30,001 - 40,000",2020-07-18T00:00:00.000Z,Owner-Occupied,29.0,DE,4.0,03/02/2021,Retrofitworks,Rural,Pre 1919,,4.0,0.0,87.0,5.0,3.0,5.0,2.28,Solid_No_insulation,Suspended,Pitched,Double,No,Electricity,Electric - Storage,Fire - Wood,Water,200,0.0,0.0,0.0,Yes - Ground Loop,Yes,,,,,,,,,,,,,,None - Installation not recommended,,,,,,,,,,,,,,,,,,,,,,,,,,,,,,,,,,,,,,,,,,,,,,,,House_Semi-Detached_2.0
OVO,EOH0558,PO3,44.0,Working Full time (>30hrs),Manager,"40,001 - 50,000",2020-07-20T00:00:00.000Z,Owner-Occupied,6.0,AB,1.0,04/02/2021,Retrofitworks,Urban,1919-1944,,2.0,0.0,81.0,8.0,3.0,8.0,2.44,Cavity_No_insulation,Suspended,Pitched,Double,Yes,Gas,Gas Boiler - Combi,,,,0.0,0.0,1.0,No,No,,,,,,,,,,,,,,None - Installation not recommended,,,,,,,,,,,,,,,,,,,,,,,,,,,,,,,,,,,,,,,,,,,,,,,,House_Mid-Terrace_2.0
OVO,EOH0911,PO9,74.0,Retired,Pensioner,"0 - 12,500",2020-07-20T00:00:00.000Z,Owner-Occupied,49.0,DE,1.0,25/01/2021,Retrofitworks,Suburban,1965-1980,,1.0,0.0,82.26,8.0,3.0,8.0,2.27,Solid_Insulated,Solid,Pitched,Double,Yes,Gas,Gas Boiler - Combi,,,,0.0,0.0,0.0,No,No,,,,,,,,,,,,,,None - Installation not recommended,,,,,,,,,,,,,,,,,,,,,,,,,,,,,,,,,,,,,,,,,,,,,,,,House_Mid-Terrace_2.0
OVO,EOH2873,PO4,50.0,Working Part time,Professional,"30,001 - 40,000",2020-07-20T00:00:00.000Z,Owner-Occupied,25.0,C1,4.0,21/01/2021,Retrofitworks,Urban,Pre 1919,,3.0,1.0,98.3,7.0,4.0,7.0,2.4,Cavity_Insulated,Suspended,Pitched,Double,Yes,Gas,Gas Boiler - Combi,Electric - Direct,,,1.0,1.0,1.0,No,No,,,10.33,101.81,25100.25,7560.32,1429.22,45.0,3.32,Yes with additional measures,No,Yes with additional measures,Yes with additional measures,ASHP,Heat Emitters,12050.74,2709.0,1258.53,15.0,,Yes,04/03/2021,Northern Gas,ASHP,,Daikin,EDLQ014CV3,14.0,R410A,,Water_New,210.0,,1.0,0.0,13.0,0.0,,,No,0.0,0.0,0.0,No,No,0.0,0.0,,No,6230.52,2205.0,4427.92,1896.3,0.0,0.0,0.0,0.0,0.0,0.0,10.0,4.0,House_Mid-Terrace_3.0
OVO,EOH2368,HP6,34.0,Working Full time (>30hrs),Professional,"50,001+",2020-07-20T00:00:00.000Z,Owner-Occupied,,C1,2.0,18/02/2021,Retrofitworks,Suburban,1945-1964,,2.0,1.0,84.4,4.0,3.0,4.0,2.4,Cavity_Insulated,Solid,Pitched,Double,Yes,Gas,Gas Boiler - Standard,,Water,130,0.0,0.0,0.0,No,No,,,,,,,,,,,,,,None - Installation not recommended,,,,,,,,,,,,,,,,,,,,,,,,,,,,,,,,,,,,,,,,,,,,,,,,House_Mid-Terrace_2.0
OVO,EOH2727,CT2,72.0,Retired,Pensioner,Prefer not to say,2020-07-21T00:00:00.000Z,Owner-Occupied,15.0,DE,4.0,01/03/2021,Retrofitworks,Suburban,1945-1964,,2.0,0.0,125.57,7.0,3.0,7.0,2.4,Cavity_No_insulation,Solid,Pitched,Double,Yes,Gas,Gas Boiler - Standard,,,,0.0,0.0,0.0,No,No,,,,,,,,,,,,,,,,,,,,,No,,,,,,,,,,,,,,,,,,,,,,,,,,,,,,,,,,,,,,,,,House_Detached_2.0
OVO,EOH0764,GU31,60.0,Working Full time (>30hrs),Professional,Prefer not to say,2020-07-20T00:00:00.000Z,Owner-Occupied,29.0,DE,3.0,11/01/2021,Retrofitworks,Rural,1919-1944,,2.0,0.0,93.2,7.0,4.0,7.0,2.3,Cavity_Insulated,Suspended,Pitched,Double,Yes,Gas,Gas Boiler - Combi,Fire - Wood,,,0.0,0.0,1.0,Yes - Borehole,Yes,,,7.03,80.81,12435.0,3057.0,109.0,45.0,4.14,Yes,No,Yes,Yes,ASHP,Heat Emitters,12242.0,1544.0,590.51,15.0,,Yes,31/05/2021,Ecolution Group,ASHP,,Mitsubishi,PUZ-WM85VAA,8.5,R32,,Water_New,210.0,,1.0,0.0,8.0,0.0,,Low Noise Heat Pump,No,0.0,0.0,0.0,No,No,0.0,0.0,,No,4937.34,2468.66,3016.0,,0.0,0.0,0.0,0.0,0.0,0.0,4.0,1.0,House_Semi-Detached_3.0
OVO,EOH0696,HP13,42.0,Working Full time (>30hrs),Professional,"50,001+",2020-07-21T00:00:00.000Z,Owner-Occupied,6.0,AB,4.0,02/08/2020,Retrofitworks,Suburban,1981-1990,,2.0,2.0,,8.0,5.0,8.0,,,,Pitched,Double,Yes,Gas,Gas Boiler - Standard,Fire - Wood,Water,,0.0,0.0,1.0,Yes - Ground Loop,Yes,,,,,,,,,,,,,,None - Installation not recommended,,,,,,,,,,,,,,,,,,,,,,,,,,,,,,,,,,,,,,,,,,,,,,,,House_Detached_2.0
OVO,EOH1463,RG41,37.0,Working Part time,Professional,Prefer not to say,2020-07-21T00:00:00.000Z,Owner-Occupied,5.0,C1,3.0,22/12/2020,,Suburban,1919-1944,,2.0,2.0,193.1,7.0,4.0,11.0,,,,Pitched,Double,Yes,Gas,Gas Boiler - Standard,,,,0.0,0.0,0.0,No,No,,,,,,,,,,,,,,None - Installation not recommended,,,,,,,,,,,,,,,,,,,,,,,,,,,,,,,,,,,,,,,,,,,,,,,,House_Detached_2.0
OVO,EOH1074,BN44,,Working Full time (>30hrs),Skilled Manual Worker,"25,001 - 30,000",2020-07-21T00:00:00.000Z,Owner-Occupied,16.0,C2,3.0,30/11/2020,Retrofitworks,Suburban,1965-1980,,2.0,2.0,56.76,5.0,3.0,6.0,2.3,Cavity_No_insulation,Suspended,Pitched,Double,Yes,Gas,Gas Boiler - Combi,Fire - Coal,,,0.0,1.0,1.0,No,No,992.3,1337.3,,,,,,,,,,,,None - Installation not recommended,,,,,,,,,,,,,,,,,,,,,,,,,,,,,,,,,,,,,,,,,,,,,,,,House_Mid-Terrace_2.0
OVO,EOH1325,RG30,35.0,Working Full time (>30hrs),Professional,"50,001+",2020-07-21T00:00:00.000Z,Owner-Occupied,4.0,C1,3.0,16/12/2020,,Suburban,1919-1944,,2.0,0.0,105.0,6.0,3.0,,,,,Pitched,Double,Yes,Gas,Gas Boiler - Standard,,Water,,,0.0,0.0,Yes - Borehole,Yes,,,,,,,,,,,,,,None - Installation not recommended,,,,,,,,,,,,,,,,,,,,,,,,,,,,,,,,,,,,,,,,,,,,,,,,House_Semi-Detached_2.0
OVO,EOH1247,BN22,63.0,Working Part time,Professional,"30,001 - 40,000",2020-07-22T00:00:00.000Z,Owner-Occupied,21.0,C1,3.0,18/12/2020,Retrofitworks,Suburban,Pre 1919,,3.0,0.0,133.81,5.0,3.0,9.0,2.66,Cavity_Insulated,Mix,Pitched,Double,Yes,Gas,Gas Boiler - Standard,Fire - Wood,Water,109,0.0,0.0,0.0,No,No,3472.0,1305.0,,,,,,,,,,,,None - Installation not recommended,,,,,,,,,,,,,,,,,,,,,,,,,,,,,,,,,,,,,,,,,,,,,,,,House_Semi-Detached_2.0
OVO,EOH0473,GU9,54.0,Working Full time (>30hrs),Professional,Prefer not to say,2020-07-22T00:00:00.000Z,Owner-Occupied,4.0,AB,3.0,19/10/2020,Retrofitworks,Suburban,2001+,,2.0,2.0,236.0,9.0,5.0,9.0,2.5,Cavity_Insulated,Solid,Pitched,Double,Yes,Gas,Gas Boiler - Standard,Fire - Wood,,,3.0,0.0,1.0,No,No,,,13.64,78.44,37243.72,7300.0,2786.26,,,Yes,No,Yes,Yes,ASHP,,12290.0,0.0,2194.27,14.0,,No,,,,,,,,,,,,,,,,,,,,,,,,,,,,,,,,,,,,,,,,,House_Detached_2.0
OVO,EOH2315,GU7,46.0,Working Full time (>30hrs),Manager,"50,001+",2020-07-22T00:00:00.000Z,Owner-Occupied,10.0,C1,4.0,21/10/2020,Retrofitworks,Rural,2001+,,2.0,2.0,94.37,4.0,3.0,3.0,2.3,Cavity_Insulated,Suspended,Pitched,Double,No,Electricity,Electric - Direct,Electric - Direct,,,0.0,0.0,0.0,Yes - Ground Loop,Yes,,,5.9,64.03,14293.39,4745.0,1839.15,45.0,3.57,Yes,No,Yes,Yes,ASHP,Heat Emitters,11615.0,,952.49,14.0,5.0,Yes,11/01/2021,Northern Gas,ASHP,,Daikin,EDLQ07CV3,7.0,R410A,,Water_New,200.0,,1.0,0.0,3.0,0.0,,,No,0.0,0.0,0.0,No,No,0.0,0.0,,No,5564.44,1498.59,3279.33,588.74,0.0,0.0,0.0,0.0,0.0,0.0,5.0,3.0,House_Detached_1.0
OVO,EOH0743,RG19,58.0,Working Full time (>30hrs),Semi and unskilled manual worker,"40,001 - 50,000",2020-07-22T00:00:00.000Z,Owner-Occupied,20.0,DE,3.0,25/03/2021,Retrofitworks,Suburban,1945-1964,,2.0,0.0,74.0,4.0,3.0,4.0,2.3,Cavity_Insulated,Solid,Pitched,Double,Yes,Gas,Gas Boiler - Combi,Fire - Wood,,,0.0,1.0,1.0,No,Yes,,,,,,,,,,,,,,None - Installation not recommended,,,,,,,,,,,,,,,,,,,,,,,,,,,,,,,,,,,,,,,,,,,,,,,,House_Semi-Detached_2.0
OVO,EOH0793,TN37,27.0,Working Full time (>30hrs),Professional,"25,001 - 30,000",2020-07-22T00:00:00.000Z,Owner-Occupied,27.0,C1,4.0,04/12/2020,Retrofitworks,Suburban,1945-1964,,3.0,0.0,78.56,4.0,3.0,4.0,2.29,Cavity_No_insulation,Solid,Pitched,Double,Yes,Gas,Gas - Warm air,,Water,100,0.0,1.0,1.0,No,No,5145.0,19404.0,4.91,67.27,11820.0,3057.0,109.0,50.0,3.35,Yes,No,Yes,Yes,ASHP,Heat Emitters,9948.0,4847.0,749.79,15.0,,Yes,14/06/2021,Reina Group,ASHP,,Daikin,EDLQ07CV3,7.0,R410A,,Water_New,200.0,,1.0,0.0,8.0,0.0,,,No,0.0,0.0,0.0,No,No,0.0,0.0,,No,5878.6,1085.0,4438.5,3392.9,0.0,0.0,0.0,0.0,0.0,0.0,3.0,2.0,House_Mid-Terrace_2.0
OVO,EOH0221,BN14,53.0,Working Full time (>30hrs),Manager,"50,001+",2020-07-22T00:00:00.000Z,Owner-Occupied,18.0,C1,2.0,11/11/2020,Retrofitworks,Urban,1919-1944,,2.0,1.0,130.0,7.0,3.0,7.0,2.47,Cavity_No_insulation,Mix,Pitched,Double,Yes,Gas,Gas Boiler - Standard,Fire - Gas,,,0.0,1.0,1.0,No,No,4676.56,17936.89,,,,,,,,,,,,None - Installation not recommended,,,,,,,,,,,,,,,,,,,,,,,,,,,,,,,,,,,,,,,,,,,,,,,,House_Semi-Detached_2.0
OVO,EOH0304,CT2,48.0,Working Full time (>30hrs),Manager,Prefer not to say,2020-07-23T00:00:00.000Z,Owner-Occupied,3.0,AB,4.0,01/03/2021,Retrofitworks,Suburban,2001+,,2.0,0.0,86.2,4.0,3.0,4.0,2.4,Cavity_Insulated,Solid,Pitched,Double,Yes,Gas,Gas Boiler - Standard,,,,0.0,0.0,0.0,No,No,,,,,,,,,,,,,,None - Installation not recommended,,,,,,,,,,,,,,,,,,,,,,,,,,,,,,,,,,,,,,,,,,,,,,,,House_Semi-Detached_2.0
OVO,EOH0165,KT9,51.0,Working Full time (>30hrs),Professional,"50,001+",2020-07-23T00:00:00.000Z,Owner-Occupied,,C1,4.0,12/11/2020,Retrofitworks,Suburban,1945-1964,,2.0,2.0,106.0,7.0,3.0,7.0,2.45,Solid_No_insulation,Solid,Pitched,Double,Yes,Gas,Gas Boiler - Standard,,Water,,0.0,0.0,1.0,No,No,,,6.79,75.32,10904.0,3821.0,136.0,,,Yes,No,Yes,Yes,ASHP,,12162.48,0.0,593.84,15.0,,No,,,,,,,,,,,,,,,,,,,,,,,,,,,,,,,,,,,,,,,,,House_End-Terrace_2.0
OVO,EOH2327,OX17,46.0,Working Full time (>30hrs),Manager,"50,001+",2020-07-23T00:00:00.000Z,Owner-Occupied,6.0,C1,4.0,08/02/2021,Retrofitworks,Suburban,1981-1990,,2.0,2.0,123.0,10.0,4.0,10.0,2.5,Cavity_Insulated,Solid,Pitched,Double,Yes,Gas,Gas Boiler - Standard,Fire - Wood,Water,150,0.0,0.0,0.0,No,No,,,,,,,,,,Yes with additional measures,No,Yes with additional measures,Yes with additional measures,None - Installation not recommended,,,,,,,,,,,,,,,,,,,,,,,,,,,,,,,,,,,,,,,,,,,,,,,,House_Detached_2.0
OVO,EOH2027,HP23,59.0,Retired,Pensioner,"0 - 12,500",2020-07-23T00:00:00.000Z,Owner-Occupied,23.0,DE,3.0,23/02/2021,Retrofitworks,Rural,1945-1964,,2.0,0.0,206.7,10.0,4.0,10.0,2.4,Cavity_Insulated,Suspended,Pitched,Double,Yes,Gas,Gas Boiler - Standard,,Water,130,0.0,0.0,1.0,No,No,,,,,,,,,,,,,,None - Installation not recommended,,,,,,,,,,,,,,,,,,,,,,,,,,,,,,,,,,,,,,,,,,,,,,,,House_Detached_2.0
OVO,EOH0844,RH3,55.0,Working Full time (>30hrs),Manager,Prefer not to say,2020-07-24T00:00:00.000Z,Owner-Occupied,18.0,C1,4.0,15/10/2020,Retrofitworks,Suburban,1919-1944,,2.0,0.0,143.0,6.0,3.0,10.0,2.6,Cavity_No_insulation,Suspended,Pitched,Double,Yes,Gas,Gas Boiler - Standard,,Water,,0.0,0.0,0.0,No,No,3000.0,,,,,,,,,,,,,None - Installation not recommended,,,,,,,,,,,,,,,,,,,,,,,,,,,,,,,,,,,,,,,,,,,,,,,,House_Detached_2.0
OVO,EOH0121,RH15,68.0,Retired,Pensioner,Prefer not to say,2020-07-23T00:00:00.000Z,Owner-Occupied,35.0,DE,4.0,11/11/2020,Retrofitworks,Suburban,1981-1990,,2.0,0.0,133.0,8.0,3.0,8.0,2.54,Cavity_Insulated,Mix,Pitched,Double,Yes,Gas,Gas Boiler - Standard,,Water,150,0.0,0.0,0.0,Yes - Ground Loop,Yes,,,6.986,109.5,16842.0,4302.0,1304.0,50.0,3.56,Yes,No,Yes,Yes,ASHP,,14378.14,0.0,1052.0,15.0,,Yes,22/02/2021,A Greener Alternative,ASHP,,Mitsubishi,PUZ-WM112VAA,11.2,R32,,Water_New,210.0,,1.0,0.0,0.0,0.0,,Low Noise Heat Pump,No,0.0,0.0,0.0,No,No,0.0,0.0,,No,4000.0,2222.89,4313.44,0.0,0.0,0.0,0.0,0.0,0.0,0.0,4.0,0.0,House_Semi-Detached_2.0
OVO,EOH3164,PO14,,Working Full time (>30hrs),Professional,"40,001 - 50,000",2020-07-24T00:00:00.000Z,Owner-Occupied,3.0,C1,3.0,02/02/2021,,Suburban,1945-1964,,1.0,0.0,74.1,4.0,2.0,4.0,2.2,Cavity_Insulated,Solid,Pitched,Double,Yes,Gas,Gas Boiler - Combi,Electric - Warm air,,,0.0,0.0,0.0,No,No,,,,,,,,,,,,,,None - Installation not recommended,,,,,,,,,,,,,,,,,,,,,,,,,,,,,,,,,,,,,,,,,,,,,,,,House_Semi-Detached_2.0
OVO,EOH1977,BN11,62.0,Working Full time (>30hrs),Professional,"50,001+",2020-07-24T00:00:00.000Z,Owner-Occupied,27.0,C1,4.0,02/11/2020,Retrofitworks,Suburban,1919-1944,,1.0,0.0,177.96,13.0,4.0,13.0,2.37,Cavity_No_insulation,Suspended,Pitched,Double,Yes,Gas,Gas Boiler - Standard,Gas - Warm air,Water,130,0.0,1.0,1.0,No,No,,,9.31,66.96,26552.88,4745.0,1882.94,45.0,3.42,Yes,No,Yes,Yes,ASHP,Heat Emitters,11638.0,1216.0,1350.57,14.0,,Yes,04/02/2021,Northern Gas,ASHP,,Daikin,EDLQ011CV3,11.0,R410A,,Water_New,250.0,,1.0,0.0,5.0,0.0,,,No,0.0,0.0,0.0,No,No,0.0,0.0,,No,5860.33,1812.01,3615.12,762.93,0.0,0.0,0.0,0.0,0.0,0.0,5.0,3.0,House_Detached_2.0
OVO,EOH2321,OX26,40.0,Working Full time (>30hrs),Skilled Manual Worker,"25,001 - 30,000",2020-07-24T00:00:00.000Z,Owner-Occupied,11.0,C2,3.0,10/03/2021,Retrofitworks,Rural,2001+,,2.0,2.0,103.04,5.0,3.0,5.0,2.5,Cavity_Insulated,Solid,Pitched,Double,No,Electricity,Electric - Direct,,Water,150,0.0,0.0,0.0,No,No,,,,,,,,,,,,,,None - Installation not recommended,,,,,,,,,,,,,,,,,,,,,,,,,,,,,,,,,,,,,,,,,,,,,,,,House_Semi-Detached_2.0
OVO,EOH2652,NN7,64.0,Working Full time (>30hrs),Professional,"50,001+",2020-07-25T00:00:00.000Z,Owner-Occupied,12.0,AB,2.0,19/02/2021,Retrofitworks,Suburban,2001+,,3.0,2.0,96.0,7.0,5.0,7.0,2.4,Cavity_Insulated,Solid,Pitched,Double,Yes,Gas,Gas Boiler - Standard,,Water,150,0.0,0.0,0.0,No,No,,,,,,,,,,,,,,None - Installation not recommended,,,,,,,,,,,,,,,,,,,,,,,,,,,,,,,,,,,,,,,,,,,,,,,,House_Detached_3.0
OVO,EOH1106,LU6,49.0,Working Full time (>30hrs),Professional,"50,001+",2020-07-25T00:00:00.000Z,Owner-Occupied,16.0,C1,4.0,26/01/2021,Retrofitworks,Suburban,1965-1980,,2.0,0.0,140.0,6.0,4.0,6.0,2.5,Cavity_Insulated,Solid,Pitched,Double,Yes,Gas,Gas Boiler - Standard,,Water,130,0.0,0.0,1.0,No,No,,,,,,,,,,,,,,None - Installation not recommended,,,,,,,,,,,,,,,,,,,,,,,,,,,,,,,,,,,,,,,,,,,,,,,,House_Detached_2.0
OVO,EOH0403,KT20,70.0,Working Full time (>30hrs),Professional,Prefer not to say,2020-07-24T00:00:00.000Z,Owner-Occupied,34.0,AB,4.0,04/08/2020,Retrofitworks,Rural,Pre 1919,,,,214.0,14.0,4.0,,,,,Pitched,Single,Yes,Gas,Gas Boiler - Standard,,,,0.0,0.0,0.0,Yes - Ground Loop,Yes,,,,,,,,,,,,,,None - Installation not recommended,,,,,,,,,,,,,,,,,,,,,,,,,,,,,,,,,,,,,,,,,,,,,,,,House_Detached_2.0
OVO,EOH0106,OX15,54.0,Working Full time (>30hrs),Professional,Prefer not to say,2020-07-25T00:00:00.000Z,Owner-Occupied,20.0,C1,5.0,17/02/2021,Retrofitworks,Rural,Pre 1919,,2.0,2.0,146.63,7.0,4.0,7.0,2.4,Cavity_Insulated,Solid,Pitched,Double,No,Oil,Oil Boiler,,Water,170,0.0,0.0,0.0,No,No,,,,,,,,,,,,,,None - Installation not recommended,,,,,,,,,,,,,,,,,,,,,,,,,,,,,,,,,,,,,,,,,,,,,,,,House_Semi-Detached_2.0
OVO,EOH0340,RG18,57.0,Retired,Professional,"30,001 - 40,000",2020-07-26T00:00:00.000Z,Owner-Occupied,7.0,DE,4.0,18/02/2021,Retrofitworks,Suburban,1919-1944,,2.0,0.0,108.0,8.0,3.0,8.0,2.4,Cavity_Insulated,Solid,Pitched,Double,No,Oil,Oil Boiler,,Water,100,0.0,0.0,0.0,No,No,,,7.3,75.94,19952.42,3650.0,1067.25,,,,,,,None - Installation not recommended,,,,966.18,15.0,,,,,,,,,,,,,,,,,,,,,,,,,,,,,,,,,,,,,,,,,,,House_Detached_2.0
OVO,EOH2415,BN3,52.0,Working Part time,Manager,"12,501 - 16,200",2020-07-26T00:00:00.000Z,Owner-Occupied,2.0,C1,3.0,16/12/2020,Retrofitworks,Suburban,1945-1964,,1.0,1.0,49.0,5.0,2.0,5.0,2.37,Cavity_Insulated,Solid,Pitched,Double,No,Electricity,Electric - Storage,,Water,150,0.0,0.0,0.0,No,No,,,,,,,,,,,,,,None - Installation not recommended,,,,,,,,,,,,,,,,,,,,,,,,,,,,,,,,,,,,,,,,,,,,,,,,Flat_Flat_1.0
OVO,EOH1744,BN10,34.0,Working Full time (>30hrs),Professional,"40,001 - 50,000",2020-07-27T00:00:00.000Z,Owner-Occupied,4.0,C1,3.0,17/11/2020,Retrofitworks,Suburban,1981-1990,,2.0,2.0,71.0,4.0,2.0,6.0,2.37,Cavity_No_insulation,Solid,Pitched,Double,Yes,Gas,Gas Boiler - Combi,,,,0.0,0.0,1.0,No,No,,,3.74,62.31,11140.13,5840.0,1345.62,,,Yes,No,Yes,Yes,ASHP,Heat Emitters,11188.0,1870.0,625.25,14.0,,Yes,28/01/2021,Northern Gas,ASHP,,Daikin,EDLQ05CV3,5.0,R410A,,Water_New,200.0,,1.0,0.0,7.0,0.0,,,No,0.0,0.0,0.0,No,No,0.0,0.0,,No,5284.38,1780.64,3442.32,967.05,0.0,0.0,0.0,0.0,0.0,0.0,4.0,2.0,House_Mid-Terrace_2.0
OVO,EOH0213,RH8,45.0,Working Full time (>30hrs),Professional,"50,001+",2020-07-25T00:00:00.000Z,Owner-Occupied,2.0,AB,4.0,28/10/2020,Retrofitworks,Suburban,1919-1944,,2.0,0.0,227.0,9.0,4.0,12.0,2.43,Cavity_Insulated,Solid,Pitched,Double,Yes,Gas,Gas Boiler - Combi,Gas - Warm air,Water,200,4.0,1.0,1.0,Yes - Borehole,Yes,,,,,,,,,,No,No,No,No,None - Installation not recommended,,,,,,,,,,,,,,,,,,,,,,,,,,,,,,,,,,,,,,,,,,,,,,,,House_Detached_2.0
OVO,EOH0902,HP18,54.0,Working Full time (>30hrs),Professional,"50,001+",2020-07-26T00:00:00.000Z,Owner-Occupied,8.0,AB,3.0,19/02/2021,Retrofitworks,Suburban,Pre 1919,,2.0,1.0,249.9,7.0,5.0,7.0,2.5,Solid_No_insulation,Suspended,Pitched,Double,Yes,Gas,Gas Boiler - Standard,,Water,150,0.0,0.0,0.0,No,No,,,18.0,,,,,,,No,No,No,No,None - Installation not recommended,,,,,,,,,,,,,,,,,,,,,,,,,,,,,,,,,,,,,,,,,,,,,,,,House_Detached_2.0
OVO,EOH3195,TN17,42.0,Stay at home parent,Professional,"50,001+",2020-07-26T00:00:00.000Z,Owner-Occupied,3.0,DE,2.0,16/03/2021,Retrofitworks,Suburban,1945-1964,,2.0,2.0,134.7,8.0,4.0,8.0,2.4,Solid_No_insulation,Solid,Pitched,Double,No,LPG,LPG Boiler,,Water,150,0.0,0.0,0.0,No,No,,,,,,,,,,,,,,None - Installation not recommended,,,,,,,,,,,,,,,,,,,,,,,,,,,,,,,,,,,,,,,,,,,,,,,,House_Detached_2.0
OVO,EOH0803,HP10,52.0,Working Full time (>30hrs),Professional,"40,001 - 50,000",2020-07-26T00:00:00.000Z,Owner-Occupied,,AB,4.0,18/02/2021,Retrofitworks,Suburban,1965-1980,,2.0,2.0,132.73,8.0,4.0,8.0,2.34,Cavity_Insulated,Solid,Pitched,Double,Yes,Gas,Gas Boiler - Standard,,Water,150,0.0,0.0,1.0,No,No,,,,,,,,,,,,,,None - Installation not recommended,,,,,,,,,,,,,,,,,,,,,,,,,,,,,,,,,,,,,,,,,,,,,,,,House_Detached_2.0
OVO,EOH1753,KT11,36.0,Working Full time (>30hrs),Manager,"50,001+",2020-07-26T00:00:00.000Z,Owner-Occupied,3.0,AB,3.0,09/10/2020,Retrofitworks,Suburban,2001+,,2.0,1.0,320.0,8.0,4.0,8.0,2.5,Cavity_Insulated,Solid,Pitched,Double,Yes,Gas,Gas Boiler - Standard,,Water,100,1.0,0.0,0.0,Yes - Borehole,Yes,4400.0,,12.94,62.46,33919.91,6205.0,2368.32,,,Yes,No,Yes,Yes,ASHP,,15564.0,,1858.51,14.0,,Yes,26/01/2021,Northern Gas,ASHP,,Daikin,EPGA14DAV3,14.0,R32,,Water_New,300.0,,1.0,0.0,3.0,0.0,,,No,0.0,0.0,0.0,No,No,0.0,0.0,,No,8261.23,2258.51,4667.28,370.44,0.0,0.0,0.0,0.0,0.0,0.0,9.0,3.0,House_Detached_2.0
OVO,EOH3012,BN9,22.0,Working Full time (>30hrs),Skilled Manual Worker,"12,501 - 16,200",2020-07-26T00:00:00.000Z,Owner-Occupied,1.0,C2,3.0,06/02/2021,Retrofitworks,Suburban,Pre 1919,,1.0,0.0,35.0,2.0,1.0,4.0,2.5,Solid_No_insulation,Suspended,Pitched,Double,Yes,Gas,Gas Boiler - Combi,,,,0.0,0.0,1.0,No,No,,,,,,,,,,,,,,None - Installation not recommended,,,,,,,,,,,,,,,,,,,,,,,,,,,,,,,,,,,,,,,,,,,,,,,,Flat_Mid-Terrace_1.0
OVO,EOH1720,TN6,,Working Full time (>30hrs),Professional,"40,001 - 50,000",2020-07-27T00:00:00.000Z,Owner-Occupied,,AB,1.0,10/12/2020,Retrofitworks,Suburban,1945-1964,,1.0,0.0,69.9,4.0,3.0,4.0,2.34,Cavity_No_insulation,Suspended,Pitched,Double,Yes,Gas,Gas Boiler - Combi,,,,0.0,0.0,0.0,Yes - Ground Loop,Yes,1414.0,3682.0,,,,,,,,Yes,No,Yes,Yes,ASHP,,,,,,,No,,,,,,,,,,,,,,,,,,,,,,,,,,,,,,,,,,,,,,,,,House_Semi-Detached_1.0
OVO,EOH1459,HP22,53.0,Working Part time,Professional,Prefer not to say,2020-07-27T00:00:00.000Z,Owner-Occupied,20.0,C1,2.0,10/02/2021,Retrofitworks,Rural,1945-1964,,2.0,0.0,90.6,5.0,3.0,5.0,2.4,Cavity_Insulated,Solid,Pitched,Double,No,Oil,Oil Boiler,Electric - Direct,,,0.0,0.0,0.0,No,No,,,7.78,97.0,20713.5,4380.0,1368.75,45.0,3.42,Yes with additional measures,No,Yes with additional measures,No,ASHP,Heat Emitters,9901.95,1656.9,1039.55,14.0,,Yes,08/04/2021,Northern Gas,ASHP,,Daikin,EDLQ011CV3,11.0,R410A,,Water_New,180.0,,1.0,0.0,8.0,0.0,,,No,0.0,0.0,0.0,No,No,0.0,0.0,,No,5520.11,1939.36,2946.48,1152.9,0.0,0.0,0.0,0.0,0.0,0.0,1.0,1.0,House_Semi-Detached_2.0
OVO,EOH0042,MK11,72.0,Working Part time,Professional,"16,201 - 20,000",2020-07-28T00:00:00.000Z,Owner-Occupied,43.0,C1,4.0,02/02/2021,Retrofitworks,Suburban,Pre 1919,,2.0,0.0,117.05,7.0,4.0,7.0,2.25,Solid_Insulated,Suspended,Pitched,Double,Yes,Gas,Gas Boiler - Combi,,,,0.0,0.0,1.0,No,No,,,,,,,,,,Yes with additional measures,No,Yes with additional measures,Yes with additional measures,None - Installation not recommended,,,,,,,,,,,,,,,,,,,,,,,,,,,,,,,,,,,,,,,,,,,,,,,,House_Detached_2.0
OVO,EOH0760,KT24,37.0,Working Full time (>30hrs),Professional,"50,001+",2020-07-28T00:00:00.000Z,Owner-Occupied,,AB,1.0,04/08/2020,Retrofitworks,Rural,1945-1964,,,,,7.0,3.0,7.0,,,,Pitched,Double,Yes,Gas,Gas Boiler - Standard,,Water,,0.0,,,,,,,,,,,,,,,,,,None - Installation not recommended,,,,,,,,,,,,,,,,,,,,,,,,,,,,,,,,,,,,,,,,,,,,,,,,House_Detached_2.0
OVO,EOH1315,GU21,70.0,Retired,Pensioner,"16,201 - 20,000",2020-07-28T00:00:00.000Z,Owner-Occupied,40.0,DE,4.0,22/01/2021,Retrofitworks,Suburban,1919-1944,,2.0,0.0,89.0,5.0,2.0,5.0,2.5,Solid_No_insulation,Solid,Pitched,Double,Yes,Gas,Gas Boiler - Standard,,Water,170,0.0,0.0,1.0,No,No,,,,,,,,,,,,,,,,,,,,,No,,,,,,,,,,,,,,,,,,,,,,,,,,,,,,,,,,,,,,,,,House_Detached_1.0
OVO,EOH2841,GU11,63.0,Working Part time,Professional,"50,001+",2020-09-01T00:00:00.000Z,Owner-Occupied,25.0,DE,4.0,05/10/2020,,Suburban,Pre 1919,,,,302.0,16.0,6.0,16.0,,,,Pitched,Double,Yes,Gas,Gas Boiler - Standard,Gas - Warm air,,,0.0,1.0,1.0,Yes - Borehole,Yes,,,,,,,,,,,,,,None - Installation not recommended,,,,,,,,,,,,,,,,,,,,,,,,,,,,,,,,,,,,,,,,,,,,,,,,House_Detached_3.0
OVO,EOH1075,KT82,59.0,Unemployed,Unemployed/Benefits,"0 - 12,500",2020-07-28T00:00:00.000Z,Owner-Occupied,26.0,DE,2.0,19/10/2020,Retrofitworks,Suburban,Pre 1919,,1.0,0.0,102.32,4.0,2.0,4.0,2.4,Solid_No_insulation,Suspended,Pitched,Double,Yes,Gas,Gas Boiler - Standard,,Water,100,0.0,0.0,1.0,Yes - Borehole,Yes,2328.3,21389.0,,,,,,,,,,,,None - Installation not recommended,,,,,,,,,,,,,,,,,,,,,,,,,,,,,,,,,,,,,,,,,,,,,,,,House_Semi-Detached_2.0
OVO,EOH0289,GU15,55.0,Stay at home parent,Manager,"50,001+",2020-07-28T00:00:00.000Z,Owner-Occupied,3.0,AB,3.0,16/10/2020,Retrofitworks,Suburban,1965-1980,,2.0,1.0,246.82,10.0,5.0,10.0,2.6,Cavity_Insulated,Solid,Pitched,Double,Yes,Gas,Gas Boiler - Standard,,Water,140,0.0,0.0,0.0,No,No,4500.0,30000.0,,,,,,,,Yes,No,Yes,Yes,ASHP,,10500.0,,1120.0,,,No,,,,,,,,,,,,,,,,,,,,,,,,,,,,,,,,,,,,,,,,,House_Detached_2.0
OVO,EOH3122,GU21,55.0,Working Part time,Clerical,"50,001+",2020-07-28T00:00:00.000Z,Owner-Occupied,19.0,C1,2.0,22/01/2021,Retrofitworks,Suburban,1945-1964,,2.0,1.0,186.0,9.0,5.0,9.0,2.45,Cavity_Insulated,Suspended,Pitched,Double,Yes,Gas,Gas Boiler - Standard,,Water,200,0.0,1.0,0.0,No,No,,,11.1,87.78,29876.29,8998.88,4745.0,45.0,3.32,Yes,No,Yes,Yes,ASHP,Heat Emitters,11470.61,2028.6,1459.93,15.0,,Yes,04/03/2021,Northern Gas,ASHP,,Daikin,EDLQ014CV3,14.0,R410A,,Water_New,200.0,,1.0,0.0,13.0,0.0,,,No,0.0,0.0,0.0,No,No,0.0,0.0,,No,6230.52,1798.91,4049.76,1420.02,0.0,0.0,0.0,0.0,0.0,0.0,3.0,2.0,House_Detached_2.0
OVO,EOH1742,RH19,35.0,Working Full time (>30hrs),Manager,"50,001+",2020-07-28T00:00:00.000Z,Owner-Occupied,,AB,5.0,23/11/2020,Retrofitworks,Suburban,1965-1980,,2.0,0.0,184.0,10.0,4.0,10.0,2.43,Cavity_Insulated,Solid,Pitched,Double,Yes,Gas,Gas Boiler - Standard,Electric - Warm air,Water,210,0.0,0.0,1.0,No,No,,,,,,,,,,Yes with additional measures,No,Yes with additional measures,Yes with additional measures,None - Installation not recommended,Loft Insulation; Wall insulation; Draft Proofing,10500.0,7610.0,800.0,,,,,,,,,,,,,,,,,,,,,,,,,,,,,,,,,,,,,,,,,,,,House_Detached_2.0
OVO,EOH1399,KT9,36.0,Working Full time (>30hrs),Professional,"50,001+",2020-07-28T00:00:00.000Z,Owner-Occupied,,AB,4.0,12/11/2020,Retrofitworks,Suburban,1919-1944,,2.0,2.0,88.34,5.0,3.0,5.0,2.45,Solid_No_insulation,Suspended,Pitched,Double,Yes,Gas,Gas Boiler - Standard,,Water,,0.0,1.0,1.0,No,No,,,9.73,121.93,26976.73,7655.0,3041.67,45.0,3.32,Yes,No,Yes,Yes,ASHP,Heat Emitters,13156.0,1907.0,1530.14,14.0,,Yes,31/03/2021,Northern Gas,Hybrid,Separate_New Boiler,Daikin,ERGA04DVA,4.0,R32,,,,,1.0,0.0,9.0,0.0,,,No,0.0,0.0,0.0,No,No,0.0,0.0,,No,5970.62,0.0,3098.63,1012.29,0.0,0.0,0.0,0.0,0.0,0.0,3.0,1.0,House_Semi-Detached_2.0
OVO,EOH0101,OX29,45.0,Working Full time (>30hrs),Professional,"50,001+",2020-07-28T00:00:00.000Z,Owner-Occupied,5.0,AB,3.0,27/02/2021,Retrofitworks,Suburban,1981-1990,,2.0,3.0,207.0,12.0,5.0,12.0,2.4,Cavity_Insulated,Suspended,Pitched,Double,Yes,Gas,Gas Boiler - Standard,,Water,150,0.0,0.0,0.0,No,No,,,,,,,,,,,,,,None - Installation not recommended,,,,,,,,,,,,,,,,,,,,,,,,,,,,,,,,,,,,,,,,,,,,,,,,House_Detached_2.0
OVO,EOH0612,GU22,73.0,Retired,Pensioner,"30,001 - 40,000",2020-07-28T00:00:00.000Z,Owner-Occupied,38.0,DE,3.0,19/10/2020,Retrofitworks,Rural,Pre 1919,,2.0,0.0,278.04,9.0,5.0,9.0,2.8,Solid_No_insulation,Solid,Pitched,Single,Yes,Gas,Gas Boiler - Standard,Fire - Coal,Water,140,0.0,1.0,1.0,Yes - Borehole,Yes,3500.0,25000.0,,,,,,,,,,,,,,,,,,,No,,,,,,,,,,,,,,,,,,,,,,,,,,,,,,,,,,,,,,,,,House_Semi-Detached_2.0
OVO,EOH0867,RH2,66.0,Retired,Pensioner,"16,201 - 20,000",2020-07-28T00:00:00.000Z,Owner-Occupied,34.0,DE,4.0,15/10/2020,Retrofitworks,Suburban,1919-1944,B,2.0,0.0,103.0,4.0,2.0,6.0,2.56,Cavity_Insulated,Suspended,Pitched,Double,Yes,Gas,Gas Boiler - Standard,Fire - Wood,,,0.0,0.0,1.0,No,No,1232.0,9527.0,,,,,,,,,,,,None - Installation not recommended,,,,,,,,,,,,,,,,,,,,,,,,,,,,,,,,,,,,,,,,,,,,,,,,House_Detached_2.0
OVO,EOH1601,KT21,52.0,Working Full time (>30hrs),Professional,"50,001+",2020-07-29T00:00:00.000Z,Owner-Occupied,1.0,C1,4.0,12/10/2020,Retrofitworks,Suburban,1945-1964,,2.0,4.0,105.58,4.0,3.0,4.0,2.53,Cavity_No_insulation,Suspended,Pitched,Double,Yes,Gas,Gas Boiler - Standard,,,,0.0,0.0,1.0,Yes - Borehole,Yes,,,,,,,,,,,,,,,,,,,,,No,,,,,,,,,,,,,,,,,,,,,,,,,,,,,,,,,,,,,,,,,House_Detached_2.0
OVO,EOH1930,GU5,71.0,Retired,Pensioner,"12,501 - 16,200",2020-07-29T00:00:00.000Z,Owner-Occupied,17.0,DE,2.0,16/10/2020,Retrofitworks,Suburban,1945-1964,,1.0,0.0,146.0,4.0,2.0,4.0,2.56,Cavity_No_insulation,Mix,Pitched,Double,Yes,Gas,Gas Boiler - Combi,Fire - Wood,,,0.0,1.0,1.0,Yes - Borehole,Yes,1617.0,14025.0,,,,,,,,Yes,No,Yes,Yes,ASHP,Wall insulation,11000.0,,1100.0,,,No,,,,,,,,,,,,,,,,,,,,,,,,,,,,,,,,,,,,,,,,,House_Detached_1.0
OVO,EOH1856,GU6,43.0,Working Full time (>30hrs),Professional,"50,001+",2020-07-01T00:00:00.000Z,Owner-Occupied,9.0,AB,4.0,14/10/2020,Retrofitworks,Suburban,1965-1980,,2.0,2.0,89.58,7.0,3.0,7.0,2.28,Cavity_No_insulation,Solid,Pitched,Double,Yes,Gas,Gas Boiler - Standard,Fire - Gas,,,0.0,0.0,1.0,No,No,,,,,,,,,,Yes with additional measures,No,Yes with additional measures,Yes with additional measures,None - Installation not recommended,Loft Insulation; Wall insulation; Draft Proofing,15000.0,6000.0,,,,,,,,,,,,,,,,,,,,,,,,,,,,,,,,,,,,,,,,,,,,,House_Semi-Detached_2.0
OVO,EOH0375,RH8,40.0,Working Full time (>30hrs),Professional,"50,001+",2020-07-29T00:00:00.000Z,Owner-Occupied,3.0,AB,4.0,22/10/2020,Retrofitworks,Suburban,1919-1944,D,2.0,2.0,55.55,6.0,3.0,7.0,2.43,Cavity_No_insulation,Mix,Pitched,Double,Yes,Gas,Gas Boiler - Standard,Electric - Direct,,,0.0,0.0,0.0,No,Yes,3967.0,19941.0,,,,,,,,,,,,None - Installation not recommended,,,,,,,,,,,,,,,,,,,,,,,,,,,,,,,,,,,,,,,,,,,,,,,,House_Semi-Detached_2.0
OVO,EOH2856,RG76,31.0,Working Full time (>30hrs),Professional,"50,001+",2020-07-29T00:00:00.000Z,Owner-Occupied,,AB,4.0,17/02/2021,Retrofitworks,Suburban,2001+,,2.0,2.0,107.0,7.0,3.0,8.0,2.4,Cavity_Insulated,Solid,Pitched,Double,No,Oil,Oil Boiler,,,,0.0,0.0,0.0,No,No,,,,,,,,,,,,,,None - Installation not recommended,,,,,,,,,,,,,,,,,,,,,,,,,,,,,,,,,,,,,,,,,,,,,,,,House_Semi-Detached_2.0
OVO,EOH0724,RH12,28.0,Working Full time (>30hrs),Skilled Manual Worker,Prefer not to say,2020-07-29T00:00:00.000Z,Owner-Occupied,1.0,C2,3.0,11/11/2020,Retrofitworks,Suburban,1945-1964,D,2.0,0.0,96.0,4.0,3.0,7.0,2.53,Cavity_No_insulation,Solid,Pitched,Double,Yes,Gas,Gas Boiler - Standard,Fire - Wood,Water,114,1.0,0.0,0.0,No,No,,,,,,,,,,,,,,,,,,,,,No,,,,,,,,,,,,,,,,,,,,,,,,,,,,,,,,,,,,,,,,,House_Semi-Detached_2.0
OVO,EOH1877,GU1,27.0,Working Full time (>30hrs),Manager,"50,001+",2020-07-29T00:00:00.000Z,Owner-Occupied,2.0,C1,2.0,16/10/2020,Retrofitworks,Suburban,1919-1944,D,2.0,0.0,103.55,5.0,3.0,5.0,2.62,Solid_No_insulation,Suspended,Pitched,Triple,Yes,Gas,Gas Boiler - Combi,Gas Boiler - Combi,,,0.0,0.0,1.0,Yes - Borehole,Yes,2386.0,11454.0,,,,,,,,Yes,No,Yes,Yes,,,,,,,,No,,,,,,,,,,,,,,,,,,,,,,,,,,,,,,,,,,,,,,,,,House_Detached_2.0
OVO,EOH0058,RG14,45.0,Working Part time,Professional,"50,001+",2020-07-29T00:00:00.000Z,Owner-Occupied,10.0,AB,4.0,23/02/2021,Retrofitworks,Suburban,Pre 1919,,2.0,2.0,168.19,8.0,4.0,8.0,2.5,Solid_No_insulation,Suspended,Pitched,Single,Yes,Gas,Gas Boiler - Standard,,Water,200,0.0,0.0,1.0,No,No,,,,,,,,,,,,,,None - Installation not recommended,,,,,,,,,,,,,,,,,,,,,,,,,,,,,,,,,,,,,,,,,,,,,,,,House_Semi-Detached_2.0
OVO,EOH1310,RH7,53.0,Working Full time (>30hrs),Clerical,Prefer not to say,2020-07-29T00:00:00.000Z,Owner-Occupied,7.0,C1,3.0,25/01/2021,Retrofitworks,Suburban,1945-1964,,2.0,0.0,100.56,5.0,3.0,7.0,2.4,Cavity_Insulated,Solid,Pitched,Double,Yes,Gas,Gas Boiler - Standard,,Water,130,0.0,1.0,0.0,No,No,,,,,,,,,,,,,,None - Installation not recommended,,,,,,,,,,,,,,,,,,,,,,,,,,,,,,,,,,,,,,,,,,,,,,,,House_Detached_2.0
OVO,EOH2504,KT15,51.0,Working Full time (>30hrs),Supervisor,"50,001+",2020-07-29T00:00:00.000Z,Owner-Occupied,12.0,C1,2.0,23/10/2020,Retrofitworks,Suburban,1919-1944,D,2.0,1.0,139.24,7.0,5.0,7.0,2.5,Cavity_No_insulation,Mix,Pitched,Double,Yes,Gas,Gas Boiler - Standard,Fire - Gas,Water,140,0.0,1.0,1.0,Yes - Borehole,No,3085.0,20514.0,13.05,115.34,35412.78,4745.0,1804.18,45.0,3.32,Yes,No,Yes,Yes,ASHP,Heat Emitters,12569.0,2705.0,1745.9,14.0,,Yes,08/02/2021,Northern Gas,ASHP,,Daikin,EDLQ014CV3,14.0,R410A,,Water_New,250.0,,1.0,0.0,10.0,0.0,,,No,0.0,0.0,0.0,No,No,0.0,0.0,,No,6230.52,1798.91,4058.22,1440.97,0.0,0.0,0.0,0.0,0.0,0.0,10.0,5.0,House_Detached_2.0
OVO,EOH3058,RH17,70.0,Retired,Pensioner,"30,001 - 40,000",2020-07-30T00:00:00.000Z,Owner-Occupied,40.0,DE,4.0,13/01/2021,Retrofitworks,Rural,Pre 1919,,3.0,0.0,99.14,8.0,5.0,7.0,2.5,Cavity_Insulated,Mix,Pitched,Double,Yes,Gas,Gas Boiler - Standard,,Water,130,0.0,0.0,1.0,No,No,,,,,,,,,,No,No,No,No,None - Installation not recommended,,,,,,,,,,,,,,,,,,,,,,,,,,,,,,,,,,,,,,,,,,,,,,,,House_Detached_3.0
OVO,EOH2293,RH89,45.0,Working Full time (>30hrs),Professional,Prefer not to say,2020-09-01T00:00:00.000Z,Owner-Occupied,16.0,C1,5.0,02/11/2020,Retrofitworks,Suburban,1945-1964,,2.0,2.0,77.16,5.0,3.0,5.0,2.45,Cavity_Insulated,Solid,Pitched,Double,Yes,Gas,Gas Boiler - Standard,,Water,100,1.0,0.0,1.0,Yes - Ground Loop,Yes,,,,,,,,,,,,,,None - Installation not recommended,,,,,,,,,,,,,,,,,,,,,,,,,,,,,,,,,,,,,,,,,,,,,,,,House_Semi-Detached_2.0
OVO,EOH1681,PO31,32.0,Working Full time (>30hrs),Manager,Prefer not to say,2020-07-30T00:00:00.000Z,Owner-Occupied,2.0,AB,4.0,22/02/2021,Retrofitworks,Suburban,Pre 1919,,2.0,1.0,106.8,7.0,3.0,7.0,2.6,Cavity_No_insulation,Suspended,Pitched,Double,Yes,Gas,Gas Boiler - Standard,,Water,100,0.0,1.0,1.0,No,No,,,,,,,,,,,,,,None - Installation not recommended,,,,,,,,,,,,,,,,,,,,,,,,,,,,,,,,,,,,,,,,,,,,,,,,House_Semi-Detached_2.0
OVO,EOH1913,GU27,41.0,Working Full time (>30hrs),Professional,Prefer not to say,2020-07-30T00:00:00.000Z,Owner-Occupied,4.0,AB,2.0,22/12/2020,,Suburban,Pre 1919,,2.0,2.0,179.2,10.0,5.0,10.0,,,,,Double,Yes,Gas,Gas Boiler - Standard,,,,0.0,0.0,0.0,,,,,,,,,,,,,,,,None - Installation not recommended,,,,,,,,,,,,,,,,,,,,,,,,,,,,,,,,,,,,,,,,,,,,,,,,House_Semi-Detached_2.0
OVO,EOH2407,BN37,49.0,Working Part time,Professional,"25,001 - 30,000",2020-07-30T00:00:00.000Z,Owner-Occupied,11.0,C1,5.0,08/12/2020,Retrofitworks,Suburban,1919-1944,,2.0,3.0,160.29,7.0,5.0,9.0,2.5,Cavity_Insulated,Mix,Pitched,Triple,Yes,Gas,Gas Boiler - Standard,,Water,210,4.0,0.0,1.0,No,No,,,,,,,,,,,,,,,,,,,,,,,,,,,,,,,,,,,,,,,,,,,,,,,,,,,,,,,,,,,,,,House_Semi-Detached_3.0
OVO,EOH1199,BN3,50.0,Working Full time (>30hrs),Professional,"50,001+",2020-07-30T00:00:00.000Z,Owner-Occupied,8.0,AB,4.0,15/02/2021,Retrofitworks,Suburban,Pre 1919,D,2.0,2.0,72.0,3.0,2.0,4.0,,Solid_No_insulation,Suspended,Flat,Single,Yes,Gas,Gas Boiler - Combi,,,,0.0,0.0,0.0,No,No,,,,,,,,,,,,,,None - Installation not recommended,,,,,,,,,,,,,,,,,,,,,,,,,,,,,,,,,,,,,,,,,,,,,,,,Flat_Mid-Terrace_2.0
OVO,EOH2318,CT65,58.0,Working Full time (>30hrs),Skilled Manual Worker,Prefer not to say,2020-07-30T00:00:00.000Z,Owner-Occupied,30.0,C2,3.0,04/02/2021,Retrofitworks,Suburban,1945-1964,,2.0,2.0,76.14,6.0,3.0,8.0,2.44,Solid_Insulated,Solid,Pitched,Double,Yes,Gas,Gas Boiler - Standard,,Water,100,0.0,0.0,0.0,No,No,,,6.14,,11746.0,3057.0,109.0,,,Yes with additional measures,No,Yes with additional measures,Yes with additional measures,None - Installation not recommended,Heat Emitters,11893.0,1190.0,692.26,15.0,,,,,,,,,,,,,,,,,,,,,,,,,,,,,,,,,,,,,,,,,,,House_Semi-Detached_2.0
OVO,EOH1362,RG8,51.0,Working Part time,Skilled Manual Worker,"40,001 - 50,000",2020-07-30T00:00:00.000Z,Owner-Occupied,10.0,C2,4.0,27/01/2021,Retrofitworks,Suburban,Pre 1919,,2.0,0.0,51.76,5.0,2.0,5.0,2.35,Solid_Insulated,Solid,Pitched,Double,Yes,Gas,Gas Boiler - Standard,Fire - Wood,,,1.0,0.0,0.0,No,No,,,4.54,83.0,11413.21,2920.0,817.93,,,Yes with additional measures,No,Yes with additional measures,Yes with additional measures,ASHP,Heat Emitters,7439.51,504.52,562.09,14.0,,No,,,,,,,,,,,,,,,,,,,,,,,,,,,,,,,,,,,,,,,,,House_Mid-Terrace_2.0
OVO,EOH2214,GU98,63.0,Unemployed,Unemployed/Benefits,"0 - 12,500",2020-07-31T00:00:00.000Z,Owner-Occupied,19.0,DE,3.0,24/10/2020,Retrofitworks,Suburban,Pre 1919,D,1.0,0.0,119.45,6.0,3.0,6.0,2.66,Cavity_Insulated,Suspended,Pitched,Double,Yes,Gas,Gas Boiler - Standard,,Water,140,0.0,0.0,1.0,Yes - Borehole,Yes,1250.0,,10.38,89.66,15500.0,5840.0,2317.46,50.0,3.64,Yes,No,Yes,Yes,ASHP,Heat Emitters,11638.0,1542.0,1345.79,14.0,,Yes,01/06/2021,A Greener Alternative,ASHP,,Mitsubishi,PUZ-WM85VAA,8.5,R32,,Water_New,170.0,,1.0,0.0,6.0,0.0,,Low Noise Heat Pump,No,0.0,0.0,0.0,No,No,0.0,0.0,,No,5497.3,2830.54,3342.54,2116.56,0.0,0.0,0.0,0.0,0.0,0.0,3.0,1.0,House_Semi-Detached_3.0
OVO,EOH1280,GU48,70.0,Retired,Pensioner,"40,001 - 50,000",2020-07-31T00:00:00.000Z,Owner-Occupied,27.0,DE,3.0,26/10/2020,Retrofitworks,Suburban,1919-1944,,3.0,0.0,144.86,7.0,4.0,7.0,2.45,Cavity_Insulated,Solid,Pitched,Double,Yes,Gas,Gas Boiler - Standard,Electric - Direct,,,1.0,1.0,1.0,No,No,,,10.44,90.42,30510.1,4745.0,1882.94,,,No,No,No,No,None - Installation not recommended,,,,1512.56,14.0,,,,,,,,,,,,,,,,,,,,,,,,,,,,,,,,,,,,,,,,,,,House_Detached_2.0
OVO,EOH1271,RG45,44.0,Working Full time (>30hrs),Manager,"50,001+",2020-07-31T00:00:00.000Z,Owner-Occupied,10.0,C1,4.0,08/02/2021,Retrofitworks,Urban,1919-1944,,2.0,1.0,104.54,8.0,3.0,8.0,2.4,Cavity_Insulated,Solid,Pitched,Double,Yes,Gas,Gas Boiler - Standard,,Water,130,1.0,0.0,1.0,No,No,,,,,,,,,,No,No,No,No,None - Installation not recommended,,,,,,,,,,,,,,,,,,,,,,,,,,,,,,,,,,,,,,,,,,,,,,,,House_Semi-Detached_2.0
OVO,EOH0425,MK5,57.0,Working Full time (>30hrs),Professional,"50,001+",2020-08-01T00:00:00.000Z,Owner-Occupied,19.0,AB,3.0,02/03/2021,Retrofitworks,Suburban,1991-2000,,2.0,0.0,167.69,8.0,5.0,8.0,2.5,Cavity_Insulated,Solid,Pitched,Double,Yes,Gas,Gas Boiler - Standard,,Water,170,0.0,1.0,1.0,No,No,,,,,,,,,,,,,,None - Installation not recommended,,,,,,,,,,,,,,,,,,,,,,,,,,,,,,,,,,,,,,,,,,,,,,,,House_Detached_2.0
OVO,EOH1437,BN25,46.0,Working Full time (>30hrs),Professional,"50,001+",2020-01-08T00:00:00.000Z,Owner-Occupied,10.0,C1,4.0,05/11/2020,Retrofitworks,Suburban,1981-1990,,2.0,1.0,155.72,8.0,4.0,13.0,2.36,Cavity_Insulated,Mix,Pitched,Double,Yes,Gas,Gas Boiler - Standard,Gas - Warm air,Water,300,0.0,1.0,1.0,No,No,,,,,,,,,,,,,,None - Installation not recommended,,,,,,,,,,,,,,,,,,,,,,,,,,,,,,,,,,,,,,,,,,,,,,,,House_Detached_2.0
OVO,EOH0277,GU10,62.0,Working Part time,Professional,"50,001+",2020-08-02T00:00:00.000Z,Owner-Occupied,5.0,AB,4.0,30/10/2020,Retrofitworks,Rural,2001+,B,2.0,0.0,311.13,7.0,5.0,7.0,3.0,Cavity_Insulated,Solid,Pitched,Double,Yes,Gas,Gas Boiler - Standard,Fire - Wood,Water,140,5.0,0.0,0.0,Yes - Borehole,Yes,2274.0,,13.97,41.08,44209.26,5840.0,2220.53,,,Yes,No,Yes,Yes,ASHP,,15168.0,0.0,2175.0,14.0,,Yes,10/02/2021,Northern Gas,HT_ASHP,,Daikin,EPGA16DV,16.0,R32,,Water_New,300.0,,,0.0,0.0,0.0,,,No,0.0,0.0,0.0,No,No,0.0,0.0,,No,8261.23,2258.51,4508.46,0.0,0.0,0.0,0.0,0.0,0.0,0.0,5.0,5.0,House_Detached_3.0
OVO,EOH2190,TN26,36.0,Working Full time (>30hrs),Manager,"50,001+",2020-07-08T00:00:00.000Z,Owner-Occupied,4.0,AB,5.0,21/11/2020,Retrofitworks,Rural,2001+,,2.0,4.0,124.0,7.0,4.0,7.0,2.3,Cavity_Insulated,Solid,Pitched,Double,Yes,Gas,Gas Boiler - Standard,,Water,170,0.0,0.0,1.0,No,No,16822.0,3700.0,,,,,,,,,,,,,,,,,,,No,,,,,,,,,,,,,,,,,,,,,,,,,,,,,,,,,,,,,,,,,House_Mid-Terrace_3.0
OVO,EOH3167,GU47,56.0,Training or education,Professional,Prefer not to say,2020-04-08T00:00:00.000Z,Owner-Occupied,6.0,C1,4.0,18/01/2021,Retrofitworks,Suburban,1945-1964,,2.0,2.0,191.0,14.0,4.0,8.0,2.4,Cavity_No_insulation,Solid,Pitched,Double,Yes,Gas,Gas Boiler - Combi,Electric - Warm air,,,0.0,0.0,0.0,No,No,,,13.55,76.12,35901.09,3650.0,1089.55,45.0,3.35,Yes,No,Yes,Yes,ASHP,Heat Emitters,11630.81,2160.9,1652.88,15.0,,Yes,22/02/2021,Northern Gas,ASHP,,Daikin,EDLQ016CV3,16.0,R410A,,Water_New,180.0,,1.0,0.0,14.0,0.0,,,No,0.0,0.0,0.0,No,No,0.0,0.0,,No,6342.66,1798.91,4137.51,1512.63,0.0,0.0,0.0,0.0,0.0,0.0,3.0,1.0,House_Detached_2.0
OVO,EOH1401,TN38,39.0,Working Full time (>30hrs),Professional,"40,001 - 50,000",2020-08-04T00:00:00.000Z,Owner-Occupied,5.0,C1,4.0,12/02/2021,Retrofitworks,Suburban,1945-1964,,1.0,2.0,55.8,3.0,2.0,3.0,2.45,Cavity_Insulated,Solid,Pitched,Double,Yes,Gas,Gas Boiler - Combi,,,,0.0,0.0,0.0,No,No,,,3.75,71.66,9568.0,2292.0,82.0,50.0,3.35,Yes with additional measures,No,Yes with additional measures,Yes with additional measures,Hybrid,Heat Emitters,11855.0,1977.0,593.64,15.0,,Yes,28/06/2021,Reina Group,ASHP,,Daikin,EDLQ07LAV3,7.0,R410A,,Water_New,150.0,,1.0,0.0,4.0,0.0,,,No,0.0,0.0,0.0,No,No,0.0,0.0,,No,6289.39,962.5,3251.17,1384.18,0.0,0.0,0.0,0.0,0.0,0.0,4.0,1.0,House_Semi-Detached_1.0
OVO,EOH0477,BN2,39.0,Working Full time (>30hrs),Professional,Prefer not to say,2020-04-08T00:00:00.000Z,Owner-Occupied,,AB,4.0,27/10/2020,Retrofitworks,Suburban,Pre 1919,,3.0,2.0,285.0,16.0,6.0,10.0,2.9,Solid_No_insulation,Solid,Pitched,Double,Yes,Gas,Gas Boiler - Standard,,,,0.0,0.0,0.0,No,No,,,,,,,,,,Yes with additional measures,No,Yes with additional measures,Yes with additional measures,None - Installation not recommended,Loft Insulation; Wall insulation; Draft Proofing,10500.0,38060.0,,,,,,,,,,,,,,,,,,,,,,,,,,,,,,,,,,,,,,,,,,,,,House_Semi-Detached_4.0
OVO,EOH2320,GU21,61.0,Retired,Skilled Manual Worker,Prefer not to say,2020-05-08T00:00:00.000Z,Owner-Occupied,15.0,C2,5.0,15/01/2021,Retrofitworks,Suburban,1919-1944,,2.0,2.0,124.0,6.0,3.0,11.0,2.4,Solid_No_insulation,Mix,Pitched,Double,Yes,Gas,Gas Boiler - Standard,Fire - Gas,,,0.0,1.0,1.0,No,No,,,10.99,118.74,20812.0,3821.0,136.0,44.0,4.05,Yes,No,Yes,Yes,ASHP,,12959.0,,912.51,15.0,,Yes,23/02/2021,Ecolution Group,ASHP,,Mitsubishi,PUZ-WM112VAA,11.2,R32,,Water_New,210.0,,1.0,0.0,0.0,0.0,,Low Noise Heat Pump,No,0.0,0.0,0.0,No,No,0.0,0.0,,No,6163.04,1960.27,3276.0,0.0,0.0,0.0,0.0,0.0,0.0,0.0,4.0,0.0,House_Detached_2.0
OVO,EOH1029,GU7,31.0,Working Full time (>30hrs),Professional,"50,001+",2020-08-05T00:00:00.000Z,Owner-Occupied,,AB,1.0,20/11/2020,Retrofitworks,Suburban,1965-1980,,2.0,0.0,86.0,6.0,3.0,6.0,2.431,Cavity_No_insulation,Mix,Pitched,Double,Yes,Gas,Gas Boiler - Standard,,Water,90,0.0,0.0,1.0,No,No,,,,,,,,,,,,,,,,,,,,,No,,,,,,,,,,,,,,,,,,,,,,,,,,,,,,,,,,,,,,,,,House_Mid-Terrace_2.0
OVO,EOH2172,GU1,67.0,Retired,Pensioner,"50,001+",2020-08-06T00:00:00.000Z,Owner-Occupied,22.0,DE,3.0,16/10/2020,Retrofitworks,Suburban,1945-1964,,2.0,0.0,200.22,8.0,5.0,8.0,2.58,Cavity_Insulated,Solid,Pitched,Double,Yes,Gas,Gas Boiler - Standard,Fire - Gas,Water,140,0.0,1.0,1.0,Yes - Borehole,Yes,1731.0,28531.0,9.84,51.28,12178.4,4585.0,218.0,,,Yes,No,Yes,Yes,ASHP,,15678.0,,,14.0,,No,,,,,,,,,,,,,,,,,,,,,,,,,,,,,,,,,,,,,,,,,House_Detached_2.0
OVO,EOH2759,KT24,,Working Full time (>30hrs),Manager,"50,001+",2020-08-06T00:00:00.000Z,Owner-Occupied,20.0,C1,2.0,12/10/2020,Retrofitworks,Rural,1919-1944,,3.0,0.0,170.39,7.0,4.0,7.0,2.6,Cavity_No_insulation,Solid,Pitched,Double,Yes,Gas,Gas Boiler - Standard,Fire - Wood,Water,100,0.0,0.0,1.0,Yes - Borehole,Yes,5198.1,26700.0,16.31,125.36,43315.53,6205.0,2359.32,,,No,No,Yes with additional measures,No,None - Installation not recommended,,,,2593.06,15.0,,,,,,,,,,,,,,,,,,,,,,,,,,,,,,,,,,,,,,,,,,,House_Detached_2.0
OVO,EOH2627,KT8,46.0,Working Full time (>30hrs),Skilled Manual Worker,"30,001 - 40,000",2020-08-06T00:00:00.000Z,Owner-Occupied,16.0,C2,2.0,13/10/2020,Retrofitworks,Suburban,1919-1944,,2.0,1.0,46.17,4.0,3.0,4.0,2.47,Solid_Insulated,Solid,Flat,Double,Yes,Gas,Gas Boiler - Combi,,,,0.0,0.0,1.0,No,No,,,4.26,,10429.94,7300.0,1607.93,,,Yes,No,Yes,Yes,ASHP,,10655.0,,694.63,14.0,,No,,,,,,,,,,,,,,,,,,,,,,,,,,,,,,,,,,,,,,,,,House_End-Terrace_2.0
OVO,EOH0540,KT20,50.0,Unfit for work,Unemployed/Benefits,"20,001 - 25,000",2020-08-06T00:00:00.000Z,Owner-Occupied,4.0,DE,4.0,13/02/2021,Retrofitworks,Suburban,1991-2000,,2.0,0.0,95.87,5.0,2.0,5.0,2.4,Cavity_Insulated,Solid,Pitched,Double,Yes,Gas,Gas Boiler - Standard,,Water,100,0.0,0.0,0.0,No,No,,,,,,,,,,,,,,None - Installation not recommended,,,,,,,,,,,,,,,,,,,,,,,,,,,,,,,,,,,,,,,,,,,,,,,,House_Detached_1.0
OVO,EOH2660,RG8,51.0,Working Part time,Semi and unskilled manual worker,"40,001 - 50,000",2020-08-06T00:00:00.000Z,Owner-Occupied,10.0,DE,3.0,04/02/2021,Retrofitworks,Rural,Pre 1919,,2.0,0.0,60.0,4.0,2.0,5.0,2.28,Cavity_No_insulation,Solid,Pitched,Double,Yes,Gas,Gas Boiler - Combi,,,,2.0,0.0,0.0,No,No,,,4.54,83.27,11413.21,2920.0,817.0,,,Yes with additional measures,No,Yes with additional measures,Yes with additional measures,None - Installation not recommended,Heat Emitters,,,562.09,14.0,,,,,,,,,,,,,,,,,,,,,,,,,,,,,,,,,,,,,,,,,,,House_Mid-Terrace_2.0
OVO,EOH1813,KT8,37.0,Working Full time (>30hrs),Manager,"50,001+",2020-08-08T00:00:00.000Z,Owner-Occupied,,C1,3.0,13/10/2020,Retrofitworks,Suburban,1919-1944,,2.0,1.0,207.79,12.0,5.0,12.0,2.6,Solid_No_insulation,Suspended,Pitched,Single,Yes,Gas,Gas Boiler - Standard,Fire - Wood,,,0.0,1.0,1.0,No,No,,,,,,,,,,Yes with additional measures,No,Yes with additional measures,Yes with additional measures,None - Installation not recommended,Loft Insulation; Wall insulation; Window replacement; Draft Proofing,11000.0,29000.0,,,,,,,,,,,,,,,,,,,,,,,,,,,,,,,,,,,,,,,,,,,,,House_Detached_2.0
OVO,EOH3146,BH25,67.0,Retired,Pensioner,"50,001+",2020-08-08T00:00:00.000Z,Owner-Occupied,10.0,DE,4.0,12/02/2021,Retrofitworks,Suburban,1981-1990,,2.0,0.0,96.5,9.0,4.0,8.0,2.34,Cavity_Insulated,Solid,Pitched,Double,Yes,Gas,Gas Boiler - Standard,,Water,130,0.0,0.0,0.0,Yes - Ground Loop,Yes,,,,,,,,,,,,,,None - Installation not recommended,,,,,,,,,,,,,,,,,,,,,,,,,,,,,,,,,,,,,,,,,,,,,,,,House_Detached_1.0
OVO,EOH0205,BN2,55.0,Working Part time,Casual worker,"0 - 12,500",2020-08-08T00:00:00.000Z,Owner-Occupied,5.0,DE,3.0,04/12/2020,Retrofitworks,Suburban,1965-1980,,1.0,0.0,72.0,3.0,2.0,3.0,2.36,Cavity_Insulated,Solid,Pitched,Double,Yes,Gas,Gas Boiler - Standard,Electric - Warm air,Water,130,0.0,0.0,0.0,No,No,,,4.56,74.31,12132.69,2920.0,817.93,45.0,3.57,Yes with additional measures,No,Yes with additional measures,Yes with additional measures,ASHP,Heat Emitters,9882.22,456.75,590.3,15.0,,Yes,11/05/2021,Northern Gas,ASHP,,Daikin,EDLQ07CV3,7.0,R410A,,Water_New,210.0,,1.0,0.0,0.0,0.0,,,No,0.0,0.0,0.0,No,No,0.0,0.0,,No,5421.15,2018.59,2621.51,0.0,0.0,0.0,0.0,0.0,0.0,0.0,4.0,0.0,House_Detached_1.0
OVO,EOH1826,TN63,48.0,Working Full time (>30hrs),Professional,"50,001+",2020-08-08T00:00:00.000Z,Owner-Occupied,5.0,C1,5.0,28/11/2020,Retrofitworks,Rural,2001+,,2.0,1.0,292.01,8.0,5.0,8.0,2.33,Cavity_Insulated,Solid,Pitched,Double,No,LPG,LPG Boiler,Fire - Wood,Water,200,13.0,0.0,0.0,Yes - Ground Loop,No,11913.0,,8.53,28.46,22759.0,4585.0,163.0,45.0,3.32,Yes,No,Yes,Yes,ASHP,,13536.0,0.0,1383.43,15.0,,Yes,22/02/2021,Reina Group,ASHP,,Daikin,EDLQ014CV3,14.0,R410A,,Water_New,300.0,,1.0,0.0,0.0,0.0,,,No,0.0,0.0,0.0,No,No,0.0,0.0,,No,7042.7,1386.0,3612.3,0.0,0.0,0.0,0.0,0.0,0.0,0.0,4.0,0.0,House_Detached_3.0
OVO,EOH0763,SO45,50.0,Working Part time,Clerical,"30,001 - 40,000",2020-08-09T00:00:00.000Z,Owner-Occupied,21.0,C1,3.0,12/02/2021,Retrofitworks,Suburban,1945-1964,E,3.0,0.0,70.0,3.0,2.0,3.0,2.42,Cavity_No_insulation,Suspended,Pitched,Double,No,Electricity,Electric - Storage,,Water,100,0.0,0.0,0.0,No,No,,,,,,,,,,No,No,No,No,None - Installation not recommended,,,,,,,,,,,,,,,,,,,,,,,,,,,,,,,,,,,,,,,,,,,,,,,,Maisonette_Detached_1.0
OVO,EOH1028,PO15,53.0,Working Full time (>30hrs),Manager,"50,001+",2020-09-08T00:00:00.000Z,Owner-Occupied,20.0,C1,5.0,27/02/2021,Retrofitworks,Suburban,1991-2000,,4.0,0.0,139.0,9.0,4.0,9.0,2.4,Cavity_Insulated,Solid,Pitched,Double,Yes,Gas,Gas Boiler - Standard,,Water,160,0.0,0.0,1.0,No,No,,,,,,,,,,,,,,None - Installation not recommended,,,,,,,,,,,,,,,,,,,,,,,,,,,,,,,,,,,,,,,,,,,,,,,,House_Detached_2.0
OVO,EOH3020,SO53,39.0,Working Full time (>30hrs),Manager,"50,001+",2020-10-08T00:00:00.000Z,Owner-Occupied,9.0,C1,3.0,24/02/2021,Retrofitworks,Suburban,1945-1964,,2.0,3.0,92.0,7.0,3.0,7.0,2.4,Cavity_Insulated,Solid,Pitched,Double,Yes,Gas,,Fire - Gas,,,0.0,1.0,1.0,No,No,,,,,,,,,,,,,,None - Installation not recommended,,,,,,,,,,,,,,,,,,,,,,,,,,,,,,,,,,,,,,,,,,,,,,,,House_Semi-Detached_2.0
OVO,EOH0917,TN12,43.0,Working Full time (>30hrs),Professional,"50,001+",2020-08-11T00:00:00.000Z,Owner-Occupied,13.0,AB,3.0,23/11/2020,Retrofitworks,Rural,2001+,,2.0,3.0,134.93,6.0,4.0,7.0,2.37,Cavity_Insulated,Solid,Pitched,Double,No,Electricity,Electric - Direct,,Water,200,0.0,0.0,0.0,Yes - Ground Loop,Yes,18248.0,,,,,,,,,,,,,None - Installation not recommended,,,,,,,,,,,,,,,,,,,,,,,,,,,,,,,,,,,,,,,,,,,,,,,,House_End-Terrace_3.0
OVO,EOH2593,RH13,,Working Full time (>30hrs),Professional,"16,201 - 20,000",2020-08-11T00:00:00.000Z,Owner-Occupied,20.0,DE,3.0,11/11/2020,Retrofitworks,Suburban,1945-1964,D,2.0,0.0,123.0,5.0,3.0,9.0,2.44,Cavity_Insulated,Solid,Pitched,Double,Yes,Gas,Gas Boiler - Standard,,Water,,0.0,0.0,1.0,Yes - Ground Loop,Yes,4232.0,20489.0,7.81,82.52,12084.0,3821.0,136.0,,,Yes,No,Yes,Yes,ASHP,,11493.95,0.0,867.11,15.0,,No,,,,,,,,,,,,,,,,,,,,,,,,,,,,,,,,,,,,,,,,,House_Detached_2.0
OVO,EOH0174,GU9,42.0,Working Full time (>30hrs),Professional,"50,001+",2020-08-12T00:00:00.000Z,Owner-Occupied,10.0,AB,3.0,19/10/2020,Retrofitworks,Suburban,1945-1964,,2.0,2.0,163.97,7.0,4.0,7.0,2.45,Cavity_Insulated,Solid,Pitched,Double,Yes,Gas,Gas Boiler - Standard,,Water,170,0.0,0.0,1.0,No,Yes,,,8.53,75.13,22902.8,6205.0,2405.04,45.0,3.42,Yes,No,Yes,Yes,ASHP,,12065.0,,1756.1,14.0,,Yes,26/01/2021,Northern Gas,ASHP,,Daikin,EDLQ011CV3,11.0,R410A,,Water_New,200.0,,1.0,0.0,4.0,0.0,,,No,0.0,0.0,0.0,No,No,0.0,0.0,,No,5860.33,1812.01,3545.81,601.23,0.0,0.0,0.0,0.0,0.0,0.0,10.0,2.0,House_Detached_2.0
OVO,EOH0618,BN26,44.0,Working Full time (>30hrs),Manager,"50,001+",2020-12-08T00:00:00.000Z,Owner-Occupied,6.0,AB,4.0,05/11/2020,Retrofitworks,Suburban,1965-1980,,2.0,1.0,113.0,7.0,5.0,9.0,2.4,Cavity_Insulated,Suspended,Pitched,Double,Yes,Gas,Gas Boiler - Standard,Fire - Wood,,,0.0,0.0,0.0,No,No,5834.0,17422.0,9.35,73.23,26864.86,4745.0,1882.94,45.0,3.42,Yes,No,Yes,Yes,ASHP,,11638.0,1980.0,1363.34,14.0,,Yes,02/02/2021,Northern Gas,ASHP,,Daikin,EDLQ014CV3,14.0,R410A,,Water_New,250.0,,1.0,0.0,7.0,0.0,,,No,0.0,0.0,0.0,No,No,0.0,0.0,,No,6230.52,1792.59,3795.68,833.49,0.0,0.0,0.0,0.0,0.0,0.0,5.0,2.0,House_Detached_2.0
OVO,EOH0924,TN11,36.0,Working Full time (>30hrs),Professional,Prefer not to say,2020-08-13T00:00:00.000Z,Owner-Occupied,3.0,C1,4.0,30/11/2020,Retrofitworks,Suburban,1981-1990,,2.0,2.0,112.84,7.0,4.0,7.0,2.31,Cavity_Insulated,Solid,Pitched,Double,Yes,Gas,Gas Boiler - Standard,Fire - Gas,Water,150,1.0,1.0,1.0,No,No,4691.0,15111.0,11.88,74.5,23363.0,3821.0,136.0,,,No,No,Yes,Yes,HT_ASHP,Heat Emitters,13226.0,1830.0,1455.68,15.0,,No,,,,,,,,,,,,,,,,,,,,,,,,,,,,,,,,,,,,,,,,,House_Detached_2.0
OVO,EOH2698,SL6,41.0,Working Full time (>30hrs),Professional,Prefer not to say,2020-08-13T00:00:00.000Z,Owner-Occupied,8.0,AB,4.0,05/02/2021,,Suburban,1945-1964,,2.0,0.0,63.0,4.0,2.0,4.0,2.4,Cavity_Insulated,Solid,Pitched,Double,Yes,Gas,Gas Boiler - Standard,,Water,90,0.0,0.0,0.0,No,No,,,,,,,,,,No,No,No,No,None - Installation not recommended,,,,,,,,,,,,,,,,,,,,,,,,,,,,,,,,,,,,,,,,,,,,,,,,Maisonette_Semi-Detached_1.0
OVO,EOH0973,HP17,38.0,Working Full time (>30hrs),Manager,"50,001+",2020-08-13T00:00:00.000Z,Owner-Occupied,12.0,C1,3.0,02/02/2021,Retrofitworks,Suburban,Pre 1919,,2.0,0.0,67.0,3.0,2.0,,2.5,Solid_No_insulation,Solid,Pitched,Double,No,Electricity,Electric - Storage,,Water,110,0.0,0.0,0.0,No,No,,,,,,,,,,,,,,,,,,,,,No,,,,,,,,,,,,,,,,,,,,,,,,,,,,,,,,,,,,,,,,,House_Mid-Terrace_2.0
OVO,EOH1214,TN27,63.0,Working Full time (>30hrs),Professional,"50,001+",2020-08-13T00:00:00.000Z,Owner-Occupied,5.0,AB,4.0,27/11/2020,Retrofitworks,Rural,2001+,,2.0,3.0,395.0,9.0,5.0,9.0,2.71,Solid_Insulated,Solid,Flat,Triple,Yes,Gas,Gas Boiler - Combi,Electric - Direct,Water,200,15.0,0.0,0.0,Yes - Ground Loop,Yes,5225.0,23819.0,11.14,35.56,29532.0,4585.0,163.0,45.0,3.81,Yes,Yes,Yes,Yes,HT_ASHP,,12951.0,0.0,1478.62,15.0,,Yes,21/06/2021,Reina Group,HT_ASHP,,Daikin,EPGA16DV,16.0,R32,,Water_New,300.0,,1.0,0.0,0.0,0.0,,,No,0.0,0.0,0.0,No,No,0.0,0.0,,No,6696.41,1323.0,3436.89,0.0,0.0,0.0,0.0,0.0,0.0,0.0,3.0,0.0,House_Detached_2.0
OVO,EOH1904,KT20,46.0,Working Full time (>30hrs),Manager,Prefer not to say,2020-07-01T00:00:00.000Z,Owner-Occupied,5.0,AB,4.0,17/09/2020,Retrofitworks,Suburban,1945-1964,,2.0,1.0,172.39,7.0,5.0,7.0,2.6,Solid_No_insulation,Suspended,Pitched,Double,Yes,Gas,Gas Boiler - Combi,,,,0.0,0.0,1.0,Yes - Ground Loop,Yes,4500.0,27031.0,10.72,71.3,21852.0,3596.0,605.0,50.0,3.66,Yes,No,Yes,Yes,ASHP,,15775.14,0.0,838.0,12.0,,Yes,15/03/2021,Elite Renewables,ASHP,,Mitsubishi,PUZ-WM112VAA,11.2,R32,,Water_New,250.0,,1.0,0.0,0.0,0.0,,Low Noise Heat Pump,No,0.0,0.0,0.0,No,No,0.0,0.0,,No,5038.21,985.46,5244.68,0.0,0.0,0.0,0.0,0.0,0.0,0.0,7.0,0.0,House_Detached_2.0
OVO,EOH2166,RH11,26.0,Working Full time (>30hrs),Clerical,"50,001+",2020-08-13T00:00:00.000Z,Owner-Occupied,,C1,3.0,03/02/2021,Retrofitworks,Urban,1965-1980,,2.0,0.0,55.0,4.0,2.0,4.0,2.35,Cavity_Insulated,Solid,Pitched,Double,No,Electricity,Electric - Warm air,,Water,150,0.0,0.0,0.0,No,No,,,4.61,87.47,9700.0,2292.0,82.0,50.0,3.35,Yes with additional measures,No,Yes with additional measures,Yes with additional measures,ASHP,Heat Emitters,9599.7,5088.2,599.51,15.0,,Yes,12/04/2021,Reina Group,ASHP,,Daikin,EDLQ07CV3,7.0,R410A,,Water_New,150.0,,1.0,0.0,9.0,0.0,,,No,0.0,0.0,0.0,No,No,0.0,0.0,,No,5739.79,980.0,4406.37,3561.74,0.0,0.0,0.0,0.0,0.0,0.0,4.0,1.0,House_Semi-Detached_2.0
OVO,EOH3130,SO31,57.0,Working Full time (>30hrs),Professional,"50,001+",2020-08-13T00:00:00.000Z,Owner-Occupied,22.0,AB,5.0,23/02/2021,Retrofitworks,Suburban,1981-1990,,3.0,0.0,95.5,7.0,5.0,7.0,2.35,Cavity_Insulated,Solid,Pitched,Double,Yes,Gas,Gas Boiler - Standard,,Water,150,0.0,0.0,1.0,No,No,,,,,,,,,,,,,,None - Installation not recommended,,,,,,,,,,,,,,,,,,,,,,,,,,,,,,,,,,,,,,,,,,,,,,,,House_Detached_2.0
OVO,EOH0839,PO5,34.0,Working Full time (>30hrs),Professional,"50,001+",2020-08-13T00:00:00.000Z,Owner-Occupied,2.0,C1,4.0,14/01/2021,Retrofitworks,Suburban,Pre 1919,,2.0,0.0,212.0,8.0,4.0,8.0,3.0,Cavity_No_insulation,Suspended,Pitched,Double,Yes,Gas,Gas Boiler - Standard,,Water,90,1.0,1.0,1.0,No,No,,,,,,,,,,Yes with additional measures,No,Yes with additional measures,Yes with additional measures,None - Installation not recommended,,,,,,,,,,,,,,,,,,,,,,,,,,,,,,,,,,,,,,,,,,,,,,,,House_Semi-Detached_2.0
OVO,EOH0989,RG25,35.0,Working Full time (>30hrs),Manager,Prefer not to say,2020-08-14T00:00:00.000Z,Owner-Occupied,3.0,C1,4.0,12/02/2021,Retrofitworks,Suburban,1965-1980,D,2.0,1.0,148.0,13.0,4.0,13.0,2.34,Cavity_Insulated,Solid,Pitched,Double,No,Oil,Oil Boiler,Fire - Wood,,,0.0,0.0,0.0,No,No,,,,,,,,,,,,,,None - Installation not recommended,,,,,,,,,,,,,,,,,,,,,,,,,,,,,,,,,,,,,,,,,,,,,,,,House_Detached_2.0
OVO,EOH2143,TN31,58.0,Unemployed,Unemployed/Benefits,"0 - 12,500",2020-08-14T00:00:00.000Z,Owner-Occupied,9.0,DE,4.0,25/01/2021,Retrofitworks,Suburban,1965-1980,,1.0,0.0,70.9,4.0,1.0,1.0,2.35,Cavity_No_insulation,Suspended,Pitched,Single,No,Electricity,Electric - Warm air,,Water,130,0.0,0.0,0.0,No,No,,,,,,,,,,,,,,None - Installation not recommended,,,,,,,,,,,,,,,,,,,,,,,,,,,,,,,,,,,,,,,,,,,,,,,,House_End-Terrace_2.0
OVO,EOH2677,RH13,41.0,Working Full time (>30hrs),Professional,"50,001+",2020-08-15T00:00:00.000Z,Owner-Occupied,,AB,2.0,28/01/2021,Retrofitworks,Suburban,Pre 1919,,2.0,2.0,141.0,,,,,,,,,,Gas,Gas Boiler - Standard,,,,1.0,,,,,,,,,,,,,,,,,,None - Installation not recommended,,,,,,,,,,,,,,,,,,,,,,,,,,,,,,,,,,,,,,,,,,,,,,,,House_End-Terrace_3.0
OVO,EOH2807,GU12,38.0,Working Full time (>30hrs),Skilled Manual Worker,"40,001 - 50,000",2020-08-16T00:00:00.000Z,Owner-Occupied,6.0,C2,5.0,20/11/2020,Retrofitworks,Suburban,1919-1944,,2.0,3.0,89.0,5.0,3.0,10.0,2.37,Solid_No_insulation,Suspended,Pitched,Triple,Yes,Gas,Gas Boiler - Standard,,Water,150,4.0,0.0,1.0,No,No,,,5.33,62.74,17557.18,3650.0,841.01,45.0,3.57,Yes,No,Yes,Yes,ASHP,Heat Emitters,12779.0,1272.0,806.26,14.0,,Yes,03/02/2021,Northern Gas,ASHP,,Daikin,EDLQ07CV3,7.0,R410A,,Water_New,210.0,,1.0,0.0,0.0,0.0,,,No,0.0,0.0,0.0,No,No,0.0,0.0,,No,5564.44,1792.59,3153.01,0.0,0.0,0.0,0.0,0.0,0.0,0.0,5.0,0.0,House_Semi-Detached_2.0
OVO,EOH0001,SL0,33.0,Working Full time (>30hrs),Manager,"50,001+",2020-08-17T00:00:00.000Z,Owner-Occupied,,AB,2.0,09/02/2021,Retrofitworks,Suburban,1945-1964,E,2.0,0.0,82.36,5.0,3.0,5.0,2.4,Cavity_No_insulation,Suspended,Pitched,Double,Yes,Gas,Gas Boiler - Standard,,Water,100,0.0,0.0,0.0,No,No,,,8.29,69.0,21577.77,4380.0,1368.75,45.0,3.42,Yes with additional measures,No,Yes with additional measures,Yes with additional measures,ASHP,Heat Emitters,9981.18,809.35,1074.93,14.0,,Yes,31/03/2021,Northern Gas,ASHP,,Daikin,EDLQ011CV3,11.0,R410A,,Water_New,180.0,,1.0,0.0,4.0,0.0,,,No,0.0,0.0,0.0,No,No,0.0,0.0,,No,5520.11,2018.59,2747.51,504.52,0.0,0.0,0.0,0.0,0.0,0.0,4.0,1.0,House_Semi-Detached_2.0
OVO,EOH2605,PO19,74.0,Retired,Pensioner,"50,001+",2020-08-19T00:00:00.000Z,Owner-Occupied,43.0,DE,4.0,01/03/2021,Retrofitworks,Suburban,Pre 1919,,2.0,0.0,143.0,9.0,4.0,8.0,2.1,Cavity_Insulated,Suspended,Pitched,Double,Yes,Gas,Gas Boiler - Standard,,Water,200,0.0,0.0,1.0,Yes - Borehole,Yes,,,,,,,,,,,,,,None - Installation not recommended,,,,,,,,,,,,,,,,,,,,,,,,,,,,,,,,,,,,,,,,,,,,,,,,House_Detached_2.0
OVO,EOH1621,GU27,65.0,Working Part time,Skilled Manual Worker,"0 - 12,500",2020-08-19T00:00:00.000Z,Owner-Occupied,20.0,C2,3.0,22/08/2020,Retrofitworks,Suburban,Pre 1919,,,,91.0,6.0,2.0,6.0,,,,Pitched,Double,Yes,Gas,Gas Boiler - Standard,,,,0.0,0.0,1.0,No,No,,,,,,,,,,,,,,None - Installation not recommended,,,,,,,,,,,,,,,,,,,,,,,,,,,,,,,,,,,,,,,,,,,,,,,,House_Detached_2.0
OVO,EOH0475,ME20,66.0,Retired,Pensioner,Prefer not to say,2020-08-20T00:00:00.000Z,Owner-Occupied,34.0,DE,4.0,26/01/2021,Retrofitworks,Suburban,1945-1964,,4.0,0.0,76.4,6.0,4.0,6.0,2.5,Cavity_Insulated,Solid,Pitched,Double,Yes,Gas,Gas Boiler - Standard,Fire - Wood,Water,100,0.0,0.0,0.0,No,No,,,,,,,,,,,,,,None - Installation not recommended,,,,,,,,,,,,,,,,,,,,,,,,,,,,,,,,,,,,,,,,,,,,,,,,House_Semi-Detached_2.0
OVO,EOH1598,SO23,36.0,Working Full time (>30hrs),Manager,Prefer not to say,2020-08-21T00:00:00.000Z,Owner-Occupied,1.0,AB,3.0,05/02/2021,Retrofitworks,Suburban,Pre 1919,,2.0,0.0,80.0,4.0,2.0,4.0,2.42,Cavity_Insulated,Suspended,Pitched,Double,No,Electricity,Electric - Storage,,Water,100,0.0,0.0,0.0,No,No,5058.0,,,,,,,,,,,,,None - Installation not recommended,,,,,,,,,,,,,,,,,,,,,,,,,,,,,,,,,,,,,,,,,,,,,,,,House_End-Terrace_2.0
OVO,EOH0260,TN5,49.0,Working Full time (>30hrs),Professional,"50,001+",2020-08-21T00:00:00.000Z,Owner-Occupied,3.0,C2,2.0,09/12/2020,Retrofitworks,Rural,1991-2000,,4.0,1.0,189.28,8.0,5.0,8.0,2.35,Cavity_Insulated,Suspended,Pitched,Double,Yes,Gas,Gas Boiler - Standard,Fire - Wood,Water,170,0.0,0.0,1.0,Yes - Ground Loop,Yes,22264.0,5792.0,,,,,,,,,,,,,,,,,,,No,,,,,,,,,,,,,,,,,,,,,,,,,,,,,,,,,,,,,,,,,House_Detached_2.0
OVO,EOH0934,GU14,37.0,Working Full time (>30hrs),Professional,"50,001+",2020-08-21T00:00:00.000Z,Owner-Occupied,,AB,3.0,30/10/2020,Retrofitworks,Suburban,1945-1964,,2.0,3.0,134.87,6.0,3.0,6.0,2.41,Cavity_Insulated,Solid,Pitched,Double,Yes,Gas,Gas Boiler - Standard,,Water,140,0.0,0.0,1.0,Yes - Borehole,No,3741.0,12590.0,7.28,54.1,23665.53,4745.0,1839.15,45.0,3.42,Yes,No,Yes,No,ASHP,,11994.0,,1369.28,14.0,,Yes,18/01/2021,Northern Gas,ASHP,,Daikin,EDLQ011CV3,11.0,R410A,,Water_New,250.0,,1.0,0.0,5.0,0.0,,,No,0.0,0.0,0.0,No,No,0.0,0.0,,No,5860.33,2588.59,3639.69,1171.8,0.0,0.0,0.0,0.0,0.0,0.0,3.0,2.0,House_Semi-Detached_2.0
OVO,EOH2735,CT9,30.0,Working Full time (>30hrs),Clerical,"30,001 - 40,000",2020-08-23T00:00:00.000Z,Owner-Occupied,1.0,C1,3.0,26/08/2020,Retrofitworks,Suburban,1965-1980,,2.0,1.0,,5.0,3.0,6.0,,Cavity_Insulated,Solid,Pitched,Double,Yes,Gas,Gas Boiler - Standard,,Water,,0.0,0.0,1.0,No,No,,,,,,,,,,,,,,None - Installation not recommended,,,,,,,,,,,,,,,,,,,,,,,,,,,,,,,,,,,,,,,,,,,,,,,,House_Mid-Terrace_2.0
OVO,EOH1971,OX29,32.0,Working Full time (>30hrs),Skilled Manual Worker,"50,001+",2020-08-23T00:00:00.000Z,Owner-Occupied,2.0,C2,5.0,08/03/2021,Retrofitworks,Suburban,2001+,,2.0,1.0,183.8,6.0,3.0,6.0,2.4,Cavity_Insulated,Solid,Pitched,Double,Yes,Gas,Gas Boiler - Combi,,,,0.0,0.0,1.0,No,No,,,,,,,,,,,,,,None - Installation not recommended,,,,,,,,,,,,,,,,,,,,,,,,,,,,,,,,,,,,,,,,,,,,,,,,House_Detached_2.0
OVO,EOH0470,GU2,39.0,Working Full time (>30hrs),Professional,"50,001+",2020-08-24T00:00:00.000Z,Owner-Occupied,7.0,AB,4.0,16/10/2020,Retrofitworks,Suburban,Pre 1919,F,2.0,2.0,126.63,5.0,3.0,5.0,2.46,Solid_No_insulation,Suspended,Pitched,Double,Yes,Gas,Gas Boiler - Combi,Fire - Wood,,,0.0,0.0,1.0,Yes - Borehole,Yes,2384.0,,10.8,101.41,25692.0,4745.0,1811.07,50.0,3.66,Yes with additional measures,No,Yes,Yes,ASHP,Heat Emitters,12779.0,1272.0,1861.14,14.0,,Yes,01/06/2021,Elite Renewables,ASHP,,Mitsubishi,PUZ-WM112VAA,11.2,R32,,Water_New,200.0,,1.0,0.0,0.0,0.0,,Low Noise Heat Pump,No,0.0,0.0,0.0,No,No,0.0,0.0,,No,6388.43,1051.73,5162.16,0.0,0.0,0.0,0.0,0.0,0.0,0.0,4.0,0.0,House_Detached_3.0
OVO,EOH0173,RH10,30.0,Working Full time (>30hrs),Professional,"25,001 - 30,000",2020-08-24T00:00:00.000Z,Owner-Occupied,,C1,2.0,26/08/2020,Retrofitworks,Suburban,1965-1980,,1.0,1.0,61.0,4.0,2.0,4.0,,,,Pitched,Double,Yes,Gas,Gas - Warm air,,,,0.0,0.0,1.0,No,No,,,,,,,,,,,,,,None - Installation not recommended,,,,,,,,,,,,,,,,,,,,,,,,,,,,,,,,,,,,,,,,,,,,,,,,House_Mid-Terrace_2.0
OVO,EOH0159,TN23,71.0,Retired,Pensioner,"0 - 12,500",2020-08-26T00:00:00.000Z,Owner-Occupied,10.0,DE,2.0,26/11/2020,Retrofitworks,Suburban,Pre 1919,,1.0,0.0,76.04,4.0,2.0,4.0,2.44,Solid_No_insulation,Mix,Pitched,Double,Yes,Gas,Gas Boiler - Combi,,,,0.0,0.0,0.0,No,No,1615.0,,5.3,71.06,14693.0,2292.0,82.0,50.0,3.35,Yes,No,Yes,Yes,ASHP,Heat Emitters,11199.0,1885.0,821.59,15.0,,Yes,08/02/2021,Reina Group,ASHP,,Daikin,EDLQ07CV3,7.0,R410A,,Water_New,180.0,,1.0,0.0,8.0,0.0,,,No,0.0,0.0,0.0,No,No,0.0,0.0,,No,4768.4,875.0,2984.1,1319.49,0.0,0.0,0.0,0.0,0.0,0.0,4.0,2.0,House_Mid-Terrace_2.0
OVO,EOH3088,TN21,36.0,Working Full time (>30hrs),Professional,"50,001+",2020-08-28T00:00:00.000Z,Owner-Occupied,,C1,3.0,16/11/2020,Retrofitworks,Rural,1919-1944,,2.0,1.0,144.54,7.0,4.0,9.0,2.36,Cavity_No_insulation,Solid,Pitched,Double,No,Oil,Oil Boiler,Fire - Wood,Water,150,0.0,0.0,0.0,Yes - Ground Loop,Yes,,,10.77,67.8,20507.0,3821.0,136.0,,,Yes with additional measures,No,Yes with additional measures,Yes,None - Installation not recommended,Heat Emitters,13318.0,4200.0,1261.98,15.0,,,,,,,,,,,,,,,,,,,,,,,,,,,,,,,,,,,,,,,,,,,House_Detached_2.0
OVO,EOH1404,GU24,41.0,Working Full time (>30hrs),Professional,"50,001+",2020-08-31T00:00:00.000Z,Owner-Occupied,4.0,AB,4.0,19/01/2021,Retrofitworks,Suburban,2001+,,2.0,1.0,102.0,6.0,4.0,10.0,2.35,Cavity_Insulated,Solid,Pitched,Double,Yes,Gas,Gas Boiler - Combi,,,,0.0,0.0,1.0,No,No,,,7.8,88.5,20702.05,7665.0,2241.23,45.0,3.42,Yes,No,Yes,Yes,ASHP,Heat Emitters,10512.74,1367.1,1161.21,15.0,,Yes,24/02/2021,Northern Gas,ASHP,,Daikin,EDLQ011CV3,11.0,R410A,,Water_New,180.0,,1.0,0.0,9.0,0.0,,,No,0.0,0.0,0.0,No,No,0.0,0.0,,No,5860.33,1498.59,3563.95,956.97,0.0,0.0,0.0,0.0,0.0,0.0,2.0,2.0,House_Detached_2.0
OVO,EOH0483,GU22,42.0,Working Full time (>30hrs),Professional,"50,001+",2020-08-31T00:00:00.000Z,Owner-Occupied,6.0,AB,4.0,19/10/2020,Retrofitworks,Suburban,1945-1964,,2.0,2.0,147.62,7.0,4.0,7.0,2.39,Cavity_Insulated,Solid,Pitched,Double,Yes,Gas,Gas Boiler - Standard,,Water,140,2.0,0.0,1.0,Yes - Borehole,Yes,8000.0,22000.0,,,,,,,,,,,,None - Installation not recommended,,,,,,,,,,,,,,,,,,,,,,,,,,,,,,,,,,,,,,,,,,,,,,,,House_Detached_2.0
OVO,EOH0825,RH5,,Retired,Pensioner,"30,001 - 40,000",2020-09-01T00:00:00.000Z,Owner-Occupied,25.0,DE,2.0,29/09/2020,,Rural,Pre 1919,,2.0,,,16.0,6.0,16.0,,,,,,Yes,Gas,Gas Boiler - Standard,Fire - Gas,,,,,,Yes - Ground Loop,,,,,,,,,,,,,,,None - Installation not recommended,,,,,,,,,,,,,,,,,,,,,,,,,,,,,,,,,,,,,,,,,,,,,,,,House_Detached_3.0
OVO,EOH0105,PO7,,Working Full time (>30hrs),Manager,"50,001+",2020-09-01T00:00:00.000Z,Owner-Occupied,10.0,AB,3.0,18/01/2021,Retrofitworks,Suburban,1965-1980,,2.0,1.0,116.48,7.0,4.0,7.0,2.4,Cavity_Insulated,Suspended,Pitched,Double,Yes,Gas,Gas Boiler - Standard,Fire - Wood,Water,90,1.0,0.0,1.0,No,No,,,7.61,69.63,24047.21,4745.0,1387.43,45.0,3.42,Yes,No,Yes,Yes,ASHP,Heat Emitters,10512.74,1723.05,1178.63,15.0,,Yes,22/02/2021,Northern Gas,ASHP,,Daikin,EDLQ011CV3,11.0,R410A,,Water_New,180.0,,1.0,0.0,9.0,0.0,,,No,0.0,0.0,0.0,No,No,0.0,0.0,,No,5860.33,1498.59,3670.73,1206.14,0.0,0.0,0.0,0.0,0.0,0.0,4.0,1.0,House_Detached_2.0
OVO,EOH1706,GL7,57.0,Working Full time (>30hrs),Skilled Manual Worker,"40,001 - 50,000",2020-07-09T00:00:00.000Z,Owner-Occupied,10.0,C2,4.0,11/02/2021,Retrofitworks,Suburban,1945-1964,,2.0,0.0,124.0,6.0,3.0,6.0,2.5,Cavity_Insulated,Solid,Pitched,Double,No,Oil,Oil Boiler,Fire - Wood,Water,110,0.0,0.0,0.0,No,No,,,,,,,,,,,,,,None - Installation not recommended,,,,,,,,,,,,,,,,,,,,,,,,,,,,,,,,,,,,,,,,,,,,,,,,House_Semi-Detached_2.0
OVO,EOH2716,RH20,39.0,Working Full time (>30hrs),Manager,"50,001+",2020-07-09T00:00:00.000Z,Owner-Occupied,1.0,C1,3.0,18/01/2021,Retrofitworks,Rural,1981-1990,,2.0,1.0,189.76,12.0,4.0,12.0,2.4,Cavity_Insulated,Solid,Pitched,Double,No,Oil,Oil Boiler,Electric - Warm air,Water,130,0.0,0.0,0.0,Yes - Ground Loop,Yes,,,10.44,68.16,13464.0,3821.0,136.0,46.0,3.74,Yes,No,Yes,Yes,ASHP,,12806.0,0.0,656.56,15.0,,Yes,15/03/2021,Ecolution Group,ASHP,,Mitsubishi,PUZ-WM112VAA,11.2,R32,,Water_New,200.0,,1.0,0.0,6.0,0.0,,Low Noise Heat Pump,No,0.0,0.0,0.0,No,No,0.0,0.0,,No,6049.06,2000.78,3592.07,1500.0,0.0,0.0,0.0,0.0,0.0,0.0,7.0,0.0,House_Detached_2.0
OVO,EOH0685,HP10,56.0,Unemployed,Manager,"40,001 - 50,000",2020-08-09T00:00:00.000Z,Owner-Occupied,24.0,C1,3.0,12/02/2021,Retrofitworks,Suburban,1945-1964,,2.0,2.0,128.93,8.0,4.0,8.0,2.34,Cavity_Insulated,Solid,Pitched,Double,Yes,Gas,Gas Boiler - Standard,,Water,130,0.0,0.0,0.0,No,No,,,,,,,,,,,,,,None - Installation not recommended,,,,,,,,,,,,,,,,,,,,,,,,,,,,,,,,,,,,,,,,,,,,,,,,House_Detached_2.0
OVO,EOH2382,OX4,42.0,Working Part time,Professional,Prefer not to say,2020-10-09T00:00:00.000Z,Owner-Occupied,12.0,AB,4.0,26/03/2021,Retrofitworks,Suburban,1919-1944,,2.0,2.0,84.0,5.0,3.0,5.0,2.45,Cavity_Insulated,Mix,Pitched,Double,Yes,Gas,Gas Boiler - Combi,,,,1.0,0.0,1.0,No,Yes,,,,,,,,,,,,,,None - Installation not recommended,,,,,,,,,,,,,,,,,,,,,,,,,,,,,,,,,,,,,,,,,,,,,,,,House_Mid-Terrace_2.0
OVO,EOH2670,SO22,42.0,Working Full time (>30hrs),Professional,Prefer not to say,2020-09-14T00:00:00.000Z,Owner-Occupied,6.0,AB,4.0,22/02/2021,Retrofitworks,Suburban,2001+,,2.0,2.0,110.96,6.0,3.0,6.0,2.4,Cavity_Insulated,Solid,Pitched,Double,Yes,Gas,Gas Boiler - Standard,,Water,100,0.0,0.0,0.0,No,No,,,,,,,,,,Yes with additional measures,No,Yes with additional measures,Yes with additional measures,None - Installation not recommended,,,,,,,,,,,,,,,,,,,,,,,,,,,,,,,,,,,,,,,,,,,,,,,,House_Detached_3.0
OVO,EOH3045,BN1,41.0,Working Full time (>30hrs),Professional,"50,001+",2020-09-10T00:00:00.000Z,Owner-Occupied,9.0,AB,4.0,16/10/2020,Retrofitworks,Urban,Pre 1919,,2.0,2.0,91.34,5.0,3.0,5.0,2.64,Cavity_No_insulation,Suspended,Pitched,Double,Yes,Gas,Gas Boiler - Combi,,,,0.0,0.0,1.0,No,No,,,7.42,85.0,20544.0,4302.0,2458.0,50.0,3.52,Yes with additional measures,No,Yes with additional measures,Yes with additional measures,ASHP,Heat Emitters,16838.21,1600.52,1372.0,16.0,,Yes,21/06/2021,A Greener Alternative,ASHP,,Daikin,ERGA08DVA,8.0,R32,,PCM_New,,10.5,1.0,0.0,4.0,0.0,,,No,0.0,0.0,0.0,No,No,0.0,0.0,,No,5862.21,2606.2,5686.8,1600.52,0.0,0.0,0.0,0.0,0.0,0.0,5.0,0.0,House_Mid-Terrace_2.0
OVO,EOH1494,SL5,57.0,Working Full time (>30hrs),Manager,"50,001+",2020-11-09T00:00:00.000Z,Owner-Occupied,21.0,C1,4.0,04/02/2021,Retrofitworks,Suburban,1965-1980,,1.0,0.0,160.74,10.0,4.0,10.0,2.4,Cavity_Insulated,Solid,Pitched,Double,Yes,Gas,Gas Boiler - Standard,Electric - Direct,Water,130,1.0,0.0,1.0,No,No,,,,,,,,,,,,,,None - Installation not recommended,,,,,,,,,,,,,,,,,,,,,,,,,,,,,,,,,,,,,,,,,,,,,,,,House_Detached_2.0
OVO,EOH1436,RH17,37.0,Working Full time (>30hrs),Manager,"40,001 - 50,000",2020-11-09T00:00:00.000Z,Owner-Occupied,1.0,C1,2.0,25/01/2021,Retrofitworks,Rural,1945-1964,,2.0,2.0,131.0,7.0,4.0,7.0,,,,Pitched,Double,Yes,Gas,Gas Boiler - Standard,,,,0.0,0.0,1.0,No,No,,,,,,,,,,,,,,None - Installation not recommended,,,,,,,,,,,,,,,,,,,,,,,,,,,,,,,,,,,,,,,,,,,,,,,,House_Semi-Detached_2.0
OVO,EOH3070,TN39,40.0,Working Full time (>30hrs),Manager,"50,001+",2020-11-09T00:00:00.000Z,Owner-Occupied,1.0,C1,4.0,18/12/2020,,Rural,1981-1990,,2.0,3.0,172.0,15.0,5.0,15.0,,,,Pitched,Double,No,LPG,LPG Boiler,,,,0.0,0.0,0.0,Yes - Ground Loop,Yes,,,,,,,,,,,,,,,,,,,,,No,,,,,,,,,,,,,,,,,,,,,,,,,,,,,,,,,,,,,,,,,House_Detached_2.0
OVO,EOH0207,RG17,38.0,Working Full time (>30hrs),Professional,"50,001+",2020-11-09T00:00:00.000Z,Owner-Occupied,3.0,AB,4.0,19/02/2021,Retrofitworks,,,,2.0,2.0,,,4.0,,,,,,,No,Electricity,Electric - Warm air,,,,,0.0,0.0,,,,,,,,,,,,No,No,No,No,None - Installation not recommended,,,,,,,,,,,,,,,,,,,,,,,,,,,,,,,,,,,,,,,,,,,,,,,,House_Detached_2.0
OVO,EOH2111,ME15,68.0,Retired,Pensioner,Prefer not to say,2020-09-14T00:00:00.000Z,Owner-Occupied,21.0,DE,4.0,03/12/2020,,Suburban,1919-1944,,2.0,0.0,120.0,6.0,4.0,10.0,,,,Pitched,Double,Yes,Gas,Gas Boiler - Standard,,Water,,0.0,0.0,0.0,No,No,,,,,,,,,,,,,,None - Installation not recommended,,,,,,,,,,,,,,,,,,,,,,,,,,,,,,,,,,,,,,,,,,,,,,,,House_Detached_2.0
OVO,EOH0259,CT4,29.0,Working Full time (>30hrs),Professional,Prefer not to say,2020-09-13T00:00:00.000Z,Owner-Occupied,2.0,C1,4.0,02/02/2021,Retrofitworks,Rural,Pre 1919,,2.0,0.0,59.2,3.0,2.0,3.0,2.2,Solid_No_insulation,Solid,Pitched,Double,Yes,Gas,Gas Boiler - Combi,,,,0.0,0.0,0.0,No,No,,,,,,,,,,No,No,No,No,None - Installation not recommended,,,,,,,,,,,,,,,,,,,,,,,,,,,,,,,,,,,,,,,,,,,,,,,,House_Semi-Detached_3.0
OVO,EOH2682,KT18,43.0,Working Full time (>30hrs),Manager,"50,001+",2020-09-15T00:00:00.000Z,Owner-Occupied,10.0,AB,4.0,17/12/2020,Retrofitworks,Suburban,1919-1944,,2.0,0.0,77.98,6.0,3.0,6.0,2.56,Solid_Insulated,Suspended,Pitched,Double,Yes,Gas,Gas Boiler - Standard,,,,0.0,0.0,0.0,Yes - Borehole,Yes,,,6.15,72.21,12208.0,3821.0,136.0,53.0,3.51,Yes,No,Yes,Yes,ASHP,,11520.15,0.0,634.39,15.0,,Yes,10/05/2021,Ecolution Group,ASHP,,Mitsubishi,PUZ-WM85VAA,8.5,R32,,Water_New,210.0,,1.0,0.0,0.0,0.0,,,No,0.0,0.0,0.0,No,No,0.0,0.0,,No,6296.31,2165.24,3351.6,0.0,0.0,0.0,0.0,0.0,0.0,0.0,4.0,0.0,House_Semi-Detached_2.0
OVO,EOH1034,TN9,27.0,Unemployed,Unemployed/Benefits,"50,001+",2020-09-16T00:00:00.000Z,Owner-Occupied,,DE,3.0,15/12/2020,Retrofitworks,Suburban,1981-1990,,4.0,1.0,180.89,8.0,4.0,8.0,2.26,Cavity_Insulated,Mix,Pitched,Double,Yes,Gas,Gas Boiler - Standard,Electric - Direct,Water,170,2.0,1.0,1.0,No,No,4028.0,21365.0,,,,,,,,Yes with additional measures,No,Yes with additional measures,Yes with additional measures,None - Installation not recommended,,,,,,,,,,,,,,,,,,,,,,,,,,,,,,,,,,,,,,,,,,,,,,,,House_Detached_2.0
OVO,EOH2387,BN2,53.0,Working Part time,Professional,"0 - 12,500",2020-09-16T00:00:00.000Z,Owner-Occupied,18.0,C2,1.0,19/01/2021,Retrofitworks,Suburban,1919-1944,,1.0,0.0,76.0,5.0,2.0,5.0,2.4,Cavity_Insulated,Suspended,Pitched,Double,Yes,Gas,Gas Boiler - Combi,,,,0.0,0.0,1.0,No,No,,,,,,,,,,,,,,None - Installation not recommended,,,,,,,,,,,,,,,,,,,,,,,,,,,,,,,,,,,,,,,,,,,,,,,,House_Mid-Terrace_2.0
OVO,EOH2714,CT18,53.0,Working Full time (>30hrs),Manager,"50,001+",2020-09-17T00:00:00.000Z,Owner-Occupied,23.0,AB,4.0,24/03/2021,Retrofitworks,Suburban,1991-2000,,2.0,2.0,138.0,8.0,5.0,8.0,2.35,Cavity_Insulated,Solid,Pitched,Double,Yes,Gas,Gas Boiler - Standard,,Water,120,0.0,0.0,1.0,No,Yes,,,7.79,57.87,16038.0,4585.0,163.0,65.0,2.9,Yes with additional measures,No,Yes with additional measures,Yes with additional measures,ASHP,Heat Emitters,13301.0,476.0,1130.4,15.0,,Yes,01/06/2021,Reina Group,HT_ASHP,,Daikin,EPRA14DV3,14.0,R32,,Water_New,300.0,,1.0,0.0,1.0,0.0,,,No,0.0,0.0,0.0,No,No,0.0,0.0,,No,7144.48,1120.0,3684.72,333.2,0.0,0.0,0.0,0.0,0.0,0.0,5.0,0.0,House_Detached_2.0
OVO,EOH2701,RH1,31.0,Working Full time (>30hrs),Professional,"50,001+",2020-09-17T00:00:00.000Z,Owner-Occupied,,AB,4.0,19/02/2021,Retrofitworks,Suburban,Pre 1919,D,2.0,0.0,126.0,5.0,3.0,5.0,2.8,Solid_No_insulation,Suspended,Pitched,Double,Yes,Gas,Gas Boiler - Standard,,Water,90,0.0,0.0,0.0,No,No,,,,,,,,,,,,,,None - Installation not recommended,,,,,,,,,,,,,,,,,,,,,,,,,,,,,,,,,,,,,,,,,,,,,,,,House_Semi-Detached_2.0
OVO,EOH2935,GU21,50.0,Working Full time (>30hrs),Manager,Prefer not to say,2020-09-17T00:00:00.000Z,Owner-Occupied,8.0,C1,3.0,24/09/2020,Retrofitworks,Suburban,1965-1980,,2.0,2.0,122.0,10.0,4.0,10.0,,,,Pitched,Double,Yes,Gas,Gas Boiler - Standard,,,,0.0,0.0,1.0,,,,,,,,,,,,,,,,,,,,,,,No,,,,,,,,,,,,,,,,,,,,,,,,,,,,,,,,,,,,,,,,,House_Semi-Detached_2.0
OVO,EOH2040,GU47,46.0,Working Full time (>30hrs),Manager,"50,001+",2020-09-18T00:00:00.000Z,Owner-Occupied,6.0,AB,1.0,22/09/2020,Retrofitworks,Suburban,1981-1990,,2.0,0.0,76.0,6.0,3.0,6.0,,,,Pitched,Double,Yes,Gas,Gas Boiler - Combi,,,,0.0,0.0,1.0,,,,,,,,,,,,,,,,None - Installation not recommended,,,,,,,,,,,,,,,,,,,,,,,,,,,,,,,,,,,,,,,,,,,,,,,,House_Detached_2.0
OVO,EOH2000,SL6,55.0,Working Part time,Professional,Prefer not to say,2020-09-21T00:00:00.000Z,Owner-Occupied,19.0,AB,2.0,18/12/2020,,Suburban,1965-1980,,2.0,0.0,109.0,7.0,4.0,9.0,,Cavity_No_insulation,Mix,Pitched,Double,Yes,Gas,Gas Boiler - Standard,,,,0.0,0.0,1.0,,,,,,,,,,,,,,,,None - Installation not recommended,,,,,,,,,,,,,,,,,,,,,,,,,,,,,,,,,,,,,,,,,,,,,,,,House_Detached_2.0
OVO,EOH2247,PO8,38.0,Working Full time (>30hrs),Professional,"50,001+",2020-09-23T00:00:00.000Z,Owner-Occupied,3.0,AB,3.0,22/01/2021,Retrofitworks,Suburban,1945-1964,,2.0,2.0,99.9,7.0,4.0,7.0,2.27,Cavity_Insulated,Solid,Pitched,Double,Yes,Gas,Gas Boiler - Combi,,Water,,0.0,0.0,1.0,No,No,,,,,,,,,,Yes with additional measures,No,Yes with additional measures,Yes with additional measures,None - Installation not recommended,,,,,,,,,,,,,,,,,,,,,,,,,,,,,,,,,,,,,,,,,,,,,,,,House_Detached_2.0
OVO,EOH1353,SL4,,Working Part time,Professional,"50,001+",2020-09-25T00:00:00.000Z,Owner-Occupied,4.0,C1,4.0,27/01/2021,Retrofitworks,Suburban,Pre 1919,,2.0,0.0,77.0,5.0,2.0,5.0,2.5,Solid_No_insulation,Suspended,Pitched,Double,Yes,Gas,Gas Boiler - Combi,,,,0.0,0.0,1.0,No,No,,,,,,,,,,,,,,,,,,,,,No,,,,,,,,,,,,,,,,,,,,,,,,,,,,,,,,,,,,,,,,,House_Mid-Terrace_2.0
OVO,EOH0513,BH31,51.0,Working Part time,Professional,"40,001 - 50,000",2020-09-27T00:00:00.000Z,Owner-Occupied,15.0,C2,4.0,24/02/2021,Retrofitworks,Suburban,1981-1990,,2.0,2.0,121.0,8.0,4.0,8.0,2.4,Cavity_Insulated,Solid,Pitched,Double,Yes,Gas,Gas Boiler - Standard,,Water,100,0.0,0.0,1.0,No,No,,,,,,,,,,,,,,None - Installation not recommended,,,,,,,,,,,,,,,,,,,,,,,,,,,,,,,,,,,,,,,,,,,,,,,,House_Detached_2.0
OVO,EOH2692,ME5,56.0,Working Full time (>30hrs),Professional,"30,001 - 40,000",2020-09-28T00:00:00.000Z,Owner-Occupied,1.0,C2,4.0,04/01/2021,Retrofitworks,Suburban,1965-1980,,1.0,0.0,37.0,3.0,1.0,4.0,2.5,Cavity_No_insulation,Solid,Pitched,Double,Yes,Gas,Gas Boiler - Standard,Electric - Warm air,Water,100,0.0,0.0,0.0,No,No,,,,,,,,,,Yes,No,Yes,Yes,ASHP,Loft Insulation; Wall insulation,10500.0,968.0,421.37,,,No,,,,,,,,,,,,,,,,,,,,,,,,,,,,,,,,,,,,,,,,,House_Detached_1.0
OVO,EOH1903,GU15,46.0,Working Full time (>30hrs),Manager,Prefer not to say,2020-09-29T00:00:00.000Z,Owner-Occupied,1.0,C1,5.0,16/12/2020,Retrofitworks,Urban,1919-1944,,2.0,0.0,115.0,6.0,3.0,6.0,2.5,Cavity_Insulated,Suspended,Pitched,Double,Yes,Gas,Gas Boiler - Standard,,Water,114,0.0,0.0,1.0,No,No,,,,,,,,,,,,,,None - Installation not recommended,,,,,,,,,,,,,,,,,,,,,,,,,,,,,,,,,,,,,,,,,,,,,,,,House_Semi-Detached_2.0
OVO,EOH0738,RG27,47.0,Working Full time (>30hrs),Manager,"40,001 - 50,000",2020-09-29T00:00:00.000Z,Owner-Occupied,4.0,C1,4.0,17/02/2021,Retrofitworks,Suburban,1945-1964,,2.0,1.0,85.0,6.0,3.0,6.0,2.4,Solid_Insulated,Solid,Pitched,Double,Yes,Gas,Gas Boiler - Combi,,,,1.0,0.0,1.0,No,No,,,,,,,,,,,,,,None - Installation not recommended,,,,,,,,,,,,,,,,,,,,,,,,,,,,,,,,,,,,,,,,,,,,,,,,House_Semi-Detached_2.0
OVO,EOH2947,TN22,46.0,Working Full time (>30hrs),Manager,Prefer not to say,2020-09-29T00:00:00.000Z,Owner-Occupied,9.0,C1,2.0,17/02/2021,Retrofitworks,Suburban,1945-1964,,2.0,2.0,70.0,6.0,3.0,6.0,2.3,Cavity_Insulated,Solid,Pitched,Double,Yes,Gas,Gas Boiler - Standard,,Water,200,0.0,0.0,1.0,No,No,,,,,,,,,,,,,,None - Installation not recommended,,,,,,,,,,,,,,,,,,,,,,,,,,,,,,,,,,,,,,,,,,,,,,,,House_Semi-Detached_2.0
OVO,EOH0419,HP16,72.0,Retired,Pensioner,Prefer not to say,2020-09-30T00:00:00.000Z,Owner-Occupied,19.0,DE,4.0,09/02/2021,Retrofitworks,Suburban,1991-2000,,2.0,0.0,245.12,12.0,5.0,12.0,2.35,Cavity_Insulated,Solid,Pitched,Double,Yes,Gas,Gas Boiler - Standard,,Water,170,0.0,0.0,1.0,Yes - Ground Loop,Yes,,,,,,,,,,,,,,,,,,,,,No,,,,,,,,,,,,,,,,,,,,,,,,,,,,,,,,,,,,,,,,,House_Detached_2.0
OVO,EOH1015,TN6,56.0,Working Full time (>30hrs),Manager,"40,001 - 50,000",2020-09-30T00:00:00.000Z,Owner-Occupied,25.0,C1,2.0,09/12/2020,Retrofitworks,Suburban,Pre 1919,,3.0,0.0,93.41,5.0,4.0,5.0,2.51,Solid_No_insulation,Suspended,Pitched,Double,Yes,Gas,Gas Boiler - Standard,,Water,170,0.0,0.0,1.0,No,No,4779.0,24428.0,,,,,,,,,,,,,,,,,,,No,,,,,,,,,,,,,,,,,,,,,,,,,,,,,,,,,,,,,,,,,House_Semi-Detached_2.0
OVO,EOH1550,RG12,53.0,Working Part time,Professional,"30,001 - 40,000",2020-10-01T00:00:00.000Z,Owner-Occupied,13.0,AB,3.0,03/12/2020,,Suburban,1965-1980,,2.0,2.0,,8.0,4.0,8.0,,,,Pitched,Double,Yes,Gas,Gas - Warm air,,,,0.0,0.0,0.0,No,No,,,,,,,,,,,,,,None - Installation not recommended,,,,,,,,,,,,,,,,,,,,,,,,,,,,,,,,,,,,,,,,,,,,,,,,House_Detached_2.0
OVO,EOH2555,CT19,57.0,Working Full time (>30hrs),Manager,"50,001+",2020-10-01T00:00:00.000Z,Owner-Occupied,20.0,C1,3.0,02/10/2020,Retrofitworks,Suburban,1919-1944,,2.0,0.0,,6.0,3.0,8.0,,,,Pitched,Double,Yes,Gas,Gas Boiler - Standard,,,,0.0,1.0,1.0,No,No,,,,,,,,,,,,,,None - Installation not recommended,,,,,,,,,,,,,,,,,,,,,,,,,,,,,,,,,,,,,,,,,,,,,,,,House_Mid-Terrace_2.0
OVO,EOH2275,TN16,33.0,Working Full time (>30hrs),Professional,Prefer not to say,2020-07-10T00:00:00.000Z,Owner-Occupied,2.0,AB,3.0,12/11/2020,Retrofitworks,Suburban,Pre 1919,,2.0,2.0,143.35,5.0,3.0,5.0,2.52,Solid_No_insulation,Suspended,Pitched,Double,Yes,Gas,Gas Boiler - Combi,Fire - Wood,,,0.0,0.0,1.0,No,No,2828.0,14812.0,,,,,,,,No,No,No,No,None - Installation not recommended,,,,,,,,,,,,,,,,,,,,,,,,,,,,,,,,,,,,,,,,,,,,,,,,House_Detached_2.0
OVO,EOH0283,GU4,50.0,Working Full time (>30hrs),Manager,"50,001+",2020-10-02T00:00:00.000Z,Owner-Occupied,11.0,AB,4.0,14/12/2020,Retrofitworks,Rural,1919-1944,,2.0,2.0,123.0,6.0,3.0,10.0,2.4,Cavity_Insulated,Suspended,Pitched,Double,No,Oil,Oil Boiler,Fire - Wood,Water,140,4.0,0.0,0.0,Yes - Borehole,Yes,,,7.96,68.16,21931.03,8760.0,2737.5,45.0,3.42,Yes with additional measures,No,Yes with additional measures,Yes with additional measures,ASHP,Heat Emitters,10292.2,1691.55,1281.01,14.0,,Yes,20/04/2021,Northern Gas,ASHP,,Daikin,EDLQ011CV3,11.0,R410A,,Water_New,180.0,,1.0,0.0,9.0,0.0,,,No,0.0,0.0,0.0,No,No,0.0,0.0,,No,5830.57,2018.15,3062.51,1071.52,0.0,0.0,0.0,0.0,0.0,0.0,3.0,2.0,House_Semi-Detached_2.0
OVO,EOH1206,SO50,40.0,Working Full time (>30hrs),Professional,"50,001+",2020-10-02T00:00:00.000Z,Owner-Occupied,3.0,C1,4.0,12/03/2021,Retrofitworks,Suburban,1945-1964,,2.0,0.0,102.55,5.0,3.0,5.0,2.4,Cavity_Insulated,Solid,Pitched,Double,Yes,Gas,Gas Boiler - Combi,,,,0.0,0.0,0.0,No,No,,,,,,,,,,,,,,None - Installation not recommended,,,,,,,,,,,,,,,,,,,,,,,,,,,,,,,,,,,,,,,,,,,,,,,,House_Mid-Terrace_2.0
OVO,EOH0133,GU16,32.0,Working Full time (>30hrs),Professional,Prefer not to say,2020-10-03T00:00:00.000Z,Owner-Occupied,,AB,5.0,04/01/2021,,Suburban,1945-1964,,3.0,0.0,138.0,6.0,4.0,9.0,,,,Pitched,Double,Yes,Gas,Gas Boiler - Combi,,,,0.0,0.0,1.0,No,No,,,,,,,,,,,,,,None - Installation not recommended,,,,,,,,,,,,,,,,,,,,,,,,,,,,,,,,,,,,,,,,,,,,,,,,House_Detached_2.0
OVO,EOH2999,RH15,48.0,Working Full time (>30hrs),Manager,"50,001+",2020-10-03T00:00:00.000Z,Owner-Occupied,9.0,AB,2.0,19/01/2021,Retrofitworks,Suburban,1991-2000,,3.0,1.0,139.61,8.0,4.0,8.0,2.33,Cavity_Insulated,Solid,Pitched,Double,Yes,Gas,Gas Boiler - Standard,Electric - Direct,Water,170,1.0,0.0,1.0,No,No,,,9.27,57.08,16034.0,3057.0,109.0,,,Yes,No,Yes,Yes,ASHP,Heat Emitters,12015.0,1079.0,1064.4,15.0,,,,,,,,,,,,,,,,,,,,,,,,,,,,,,,,,,,,,,,,,,,House_Detached_3.0
OVO,EOH0374,OX44,38.0,Working Full time (>30hrs),Professional,Prefer not to say,2020-10-03T00:00:00.000Z,Owner-Occupied,6.0,AB,4.0,29/03/2021,Retrofitworks,Suburban,1965-1980,,2.0,2.0,92.0,8.0,4.0,8.0,2.4,Cavity_Insulated,Solid,Pitched,Double,Yes,Gas,Gas Boiler - Standard,,Water,120,0.0,0.0,1.0,No,No,,,,,,,,,,,,,,None - Installation not recommended,,,,,,,,,,,,,,,,,,,,,,,,,,,,,,,,,,,,,,,,,,,,,,,,House_Detached_2.0
OVO,EOH1518,RH20,60.0,Retired,Skilled Manual Worker,Prefer not to say,2020-10-03T00:00:00.000Z,Owner-Occupied,,C2,4.0,12/11/2020,,Rural,1965-1980,,2.0,0.0,159.0,12.0,5.0,12.0,,,,Pitched,Single,No,Oil,Oil Boiler,Fire - Wood,,,0.0,0.0,0.0,No,No,,,,,,,,,,,,,,None - Installation not recommended,,,,,,,,,,,,,,,,,,,,,,,,,,,,,,,,,,,,,,,,,,,,,,,,House_Detached_2.0
OVO,EOH2743,PO20,66.0,Working Part time,Skilled Manual Worker,Prefer not to say,2020-10-05T00:00:00.000Z,Owner-Occupied,5.0,C2,4.0,02/03/2021,Retrofitworks,Rural,2001+,,4.0,0.0,185.56,7.0,4.0,7.0,2.5,Cavity_Insulated,Solid,Pitched,Double,No,Oil,Oil Boiler,,Water,200,0.0,0.0,0.0,Yes - Borehole,Yes,,,,,,,,,,,,,,None - Installation not recommended,,,,,,,,,,,,,,,,,,,,,,,,,,,,,,,,,,,,,,,,,,,,,,,,House_Detached_1.0
OVO,EOH2815,OX25,43.0,Working Full time (>30hrs),Manager,"50,001+",2020-10-05T00:00:00.000Z,Owner-Occupied,6.0,AB,3.0,08/03/2021,Retrofitworks,Suburban,1965-1980,,2.0,2.0,112.96,6.0,4.0,6.0,2.3,Cavity_Insulated,Solid,Pitched,Double,Yes,Gas,Gas Boiler - Standard,Fire - Gas,Water,120,0.0,1.0,1.0,No,No,,,,,,,,,,,,,,None - Installation not recommended,,,,,,,,,,,,,,,,,,,,,,,,,,,,,,,,,,,,,,,,,,,,,,,,House_Semi-Detached_2.0
OVO,EOH1499,KT15,51.0,Stay at home parent,Professional,"30,001 - 40,000",2020-10-06T00:00:00.000Z,Owner-Occupied,10.0,AB,4.0,13/01/2021,Retrofitworks,Suburban,1965-1980,,3.0,1.0,72.85,7.0,3.0,7.0,2.3,Cavity_No_insulation,Solid,Pitched,Double,Yes,Gas,Gas Boiler - Combi,,,,0.0,0.0,0.0,No,No,,,,,,,,,,,,,,None - Installation not recommended,,,,,,,,,,,,,,,,,,,,,,,,,,,,,,,,,,,,,,,,,,,,,,,,House_Detached_1.0
OVO,EOH1770,KT8,44.0,Working Full time (>30hrs),Manager,"50,001+",2020-10-06T00:00:00.000Z,Owner-Occupied,6.0,AB,2.0,22/12/2020,,Rural,1919-1944,,4.0,0.0,130.0,8.0,4.0,8.0,,,,Pitched,Double,Yes,Gas,Gas Boiler - Standard,Fire - Gas,,,0.0,1.0,1.0,Yes - Borehole,Yes,,,,,,,,,,,,,,None - Installation not recommended,,,,,,,,,,,,,,,,,,,,,,,,,,,,,,,,,,,,,,,,,,,,,,,,House_Detached_3.0
OVO,EOH2527,SL9,46.0,Working Full time (>30hrs),Professional,"50,001+",2020-10-06T00:00:00.000Z,Owner-Occupied,13.0,C1,1.0,05/02/2021,Retrofitworks,Suburban,1991-2000,C,2.0,2.0,100.0,6.0,3.0,8.0,2.5,Cavity_No_insulation,Solid,Pitched,Double,Yes,Gas,Gas Boiler - Standard,,,,0.0,0.0,1.0,No,No,,,,,,,,,,,,,,,,,,,,,No,,,,,,,,,,,,,,,,,,,,,,,,,,,,,,,,,,,,,,,,,House_Mid-Terrace_2.0
OVO,EOH0385,MK16,34.0,Working Full time (>30hrs),Professional,Prefer not to say,2020-10-07T00:00:00.000Z,Owner-Occupied,1.0,C1,4.0,17/03/2021,Retrofitworks,Suburban,1965-1980,,2.0,3.0,102.4,6.0,3.0,6.0,2.4,Cavity_No_insulation,Solid,Pitched,Double,Yes,Gas,Gas Boiler - Combi,,,,0.0,0.0,0.0,No,No,,,,,,,,,,,,,,None - Installation not recommended,,,,,,,,,,,,,,,,,,,,,,,,,,,,,,,,,,,,,,,,,,,,,,,,House_Semi-Detached_2.0
OVO,EOH0690,TN20,62.0,Working Full time (>30hrs),Professional,"50,001+",2020-10-07T00:00:00.000Z,Owner-Occupied,1.0,DE,4.0,14/11/2020,Retrofitworks,Rural,1945-1964,,2.0,0.0,141.0,6.0,4.0,6.0,2.34,Cavity_Insulated,Mix,Pitched,Double,No,Oil,Oil Boiler,Fire - Wood,,,0.0,0.0,0.0,No,No,2508.0,,10.12,88.07,21348.0,3821.0,136.0,65.0,2.9,Yes,No,Yes,Yes,HT_ASHP,Heat Emitters,12340.0,1930.0,1397.54,15.0,,Yes,15/02/2021,Reina Group,HT_ASHP,,Daikin,EPRA18DV3,12.0,R32,,Water_New,250.0,,1.0,0.0,2.0,0.0,,,No,0.0,0.0,0.0,No,No,0.0,0.0,,No,6359.15,1302.0,1281.0,3832.35,0.0,0.0,0.0,0.0,0.0,0.0,4.0,1.0,House_Semi-Detached_2.0
OVO,EOH2423,PO20,37.0,Working Full time (>30hrs),Manager,"50,001+",2020-08-10T00:00:00.000Z,Owner-Occupied,5.0,C1,5.0,12/03/2021,Retrofitworks,Suburban,1965-1980,,2.0,2.0,92.0,8.0,4.0,8.0,2.4,Cavity_Insulated,Solid,Pitched,Double,Yes,Gas,Gas Boiler - Standard,,Water,170,0.0,0.0,1.0,No,No,,,,,,,,,,,,,,None - Installation not recommended,,,,,,,,,,,,,,,,,,,,,,,,,,,,,,,,,,,,,,,,,,,,,,,,House_Detached_2.0
OVO,EOH1066,BN2,43.0,Working Full time (>30hrs),Clerical,"30,001 - 40,000",2020-10-08T00:00:00.000Z,Owner-Occupied,3.0,C1,3.0,27/01/2021,Retrofitworks,Suburban,1945-1964,,2.0,0.0,99.0,6.0,4.0,10.0,,Solid_No_insulation,Solid,Pitched,Double,Yes,Gas,Gas Boiler - Combi,,,,0.0,0.0,1.0,No,No,,,,,,,,,,,,,,None - Installation not recommended,,,,,,,,,,,,,,,,,,,,,,,,,,,,,,,,,,,,,,,,,,,,,,,,House_Semi-Detached_2.0
OVO,EOH3173,RH8,35.0,Working Full time (>30hrs),Professional,Prefer not to say,2020-10-09T00:00:00.000Z,Owner-Occupied,4.0,AB,3.0,11/11/2020,Retrofitworks,Suburban,2001+,,2.0,1.0,128.0,10.0,3.0,9.0,2.42,Cavity_Insulated,Suspended,Pitched,Double,Yes,Gas,Gas Boiler - Standard,,Water,170,10.0,0.0,1.0,No,Yes,,,,,,,,,,,,,,None - Installation not recommended,,,,,,,,,,,,,,,,,,,,,,,,,,,,,,,,,,,,,,,,,,,,,,,,House_End-Terrace_3.0
OVO,EOH0821,GU22,66.0,Retired,Pensioner,"50,001+",2020-10-09T00:00:00.000Z,Owner-Occupied,29.0,DE,4.0,22/12/2020,,Suburban,1991-2000,,2.0,0.0,,8.0,5.0,13.0,,,,Pitched,Double,Yes,Gas,Gas Boiler - Standard,,,,0.0,0.0,0.0,No,No,,,,,,,,,,,,,,None - Installation not recommended,,,,,,,,,,,,,,,,,,,,,,,,,,,,,,,,,,,,,,,,,,,,,,,,House_Detached_2.0
OVO,EOH1478,GU2,25.0,Working Full time (>30hrs),Professional,"50,001+",2020-10-10T00:00:00.000Z,Owner-Occupied,,AB,4.0,13/01/2021,Retrofitworks,Suburban,Pre 1919,,2.0,0.0,69.38,4.0,2.0,4.0,2.35,Solid_No_insulation,Mix,Pitched,Double,Yes,Gas,Gas Boiler - Combi,,,,0.0,0.0,0.0,No,No,,,4.39,68.52,5370.0,2292.0,82.0,45.0,3.93,Yes,No,Yes,Yes,ASHP,Heat Emitters,13070.0,1357.13,338.77,15.0,,Yes,15/03/2021,Ecolution Group,ASHP,,Mitsubishi,PUZ-WM50VAA,5.0,R32,,Water_New,150.0,,1.0,0.0,5.0,0.0,,Low Noise Heat Pump,No,0.0,0.0,0.0,No,No,0.0,0.0,,No,5728.1,1844.32,3902.0,1620.0,0.0,0.0,0.0,0.0,0.0,0.0,5.0,2.0,House_Semi-Detached_2.0
OVO,EOH2875,GU10,50.0,Working Full time (>30hrs),Professional,"50,001+",2020-10-10T00:00:00.000Z,Owner-Occupied,3.0,AB,4.0,22/12/2020,,Rural,1965-1980,,2.0,2.0,132.0,10.0,4.0,14.0,,,,Pitched,Double,Yes,Gas,Gas Boiler - Standard,,,,1.0,0.0,1.0,No,No,,,,,,,,,,,,,,None - Installation not recommended,,,,,,,,,,,,,,,,,,,,,,,,,,,,,,,,,,,,,,,,,,,,,,,,House_Detached_2.0
OVO,EOH0247,TN37,35.0,Working Full time (>30hrs),Professional,"40,001 - 50,000",2020-11-10T00:00:00.000Z,Owner-Occupied,1.0,C1,3.0,09/03/2021,Retrofitworks,Suburban,1919-1944,,2.0,2.0,78.6,5.0,3.0,5.0,2.35,Cavity_No_insulation,Suspended,Pitched,Double,Yes,Gas,Gas Boiler - Combi,,,,0.0,0.0,0.0,No,No,,,,,,,,,,,,,,None - Installation not recommended,,,,,,,,,,,,,,,,,,,,,,,,,,,,,,,,,,,,,,,,,,,,,,,,House_Semi-Detached_2.0
OVO,EOH2053,TN3,56.0,Working Full time (>30hrs),Manager,Prefer not to say,2020-12-10T00:00:00.000Z,Owner-Occupied,25.0,C1,3.0,17/04/2021,Retrofitworks,Suburban,1919-1944,,5.0,0.0,150.0,6.0,4.0,6.0,2.4,Cavity_Insulated,Suspended,Pitched,Double,Yes,Gas,Gas Boiler - Standard,,Water,170,4.0,0.0,0.0,Yes - Ground Loop,No,,,,,,,,,,,,,,None - Installation not recommended,,,,,,,,,,,,,,,,,,,,,,,,,,,,,,,,,,,,,,,,,,,,,,,,House_Detached_2.0
OVO,EOH1044,PO34,60.0,Working Part time,Semi and unskilled manual worker,"16,201 - 20,000",2020-10-13T00:00:00.000Z,Owner-Occupied,20.0,DE,4.0,26/01/2021,Retrofitworks,Suburban,Pre 1919,,2.0,0.0,63.0,6.0,2.0,6.0,2.4,Solid_No_insulation,Solid,Pitched,Double,Yes,Gas,Gas Boiler - Combi,,,,0.0,0.0,0.0,No,No,,,,,,,,,,,,,,None - Installation not recommended,,,,,,,,,,,,,,,,,,,,,,,,,,,,,,,,,,,,,,,,,,,,,,,,House_Semi-Detached_2.0
OVO,EOH0996,BN15,47.0,Working Full time (>30hrs),Professional,"40,001 - 50,000",2020-10-14T00:00:00.000Z,Owner-Occupied,6.0,C2,4.0,25/11/2020,Retrofitworks,Rural,1945-1964,,2.0,0.0,93.32,4.0,2.0,4.0,2.4,Cavity_No_insulation,Suspended,Pitched,Double,Yes,Gas,Gas Boiler - Combi,Fire - Wood,,,0.0,0.0,1.0,Yes - Borehole,No,542.0,365.0,,,,,,,,,,,,,,,,,,,No,,,,,,,,,,,,,,,,,,,,,,,,,,,,,,,,,,,,,,,,,House_Detached_2.0
OVO,EOH0912,BN7,52.0,Working Full time (>30hrs),Professional,"50,001+",2020-10-17T00:00:00.000Z,Owner-Occupied,7.0,AB,3.0,03/12/2020,Retrofitworks,Suburban,1919-1944,,3.0,2.0,138.0,11.0,5.0,11.0,2.41,Solid_Insulated,Solid,Pitched,Double,Yes,Gas,Gas Boiler - Standard,,Water,300,0.0,1.0,0.0,No,No,,,,,,,,,,,,,,None - Installation not recommended,,,,,,,,,,,,,,,,,,,,,,,,,,,,,,,,,,,,,,,,,,,,,,,,House_Semi-Detached_2.0
OVO,EOH0235,TN38,67.0,Retired,Pensioner,Prefer not to say,2020-10-19T00:00:00.000Z,Owner-Occupied,42.0,DE,4.0,12/03/2021,Retrofitworks,Suburban,1981-1990,,3.0,0.0,104.0,5.0,3.0,5.0,2.5,Cavity_Insulated,Solid,Pitched,Double,Yes,Gas,Gas Boiler - Combi,,,,0.0,0.0,0.0,No,No,,,,,,,,,,,,,,None - Installation not recommended,,,,,,,,,,,,,,,,,,,,,,,,,,,,,,,,,,,,,,,,,,,,,,,,House_Detached_2.0
OVO,EOH2063,OX14,42.0,Working Full time (>30hrs),Professional,"50,001+",2020-10-22T00:00:00.000Z,Owner-Occupied,4.0,AB,3.0,19/03/2021,Retrofitworks,Suburban,1965-1980,,2.0,0.0,97.4,5.0,3.0,5.0,2.4,Cavity_No_insulation,Solid,Pitched,Double,Yes,Gas,Gas Boiler - Combi,,,,0.0,0.0,0.0,No,No,,,,,,,,,,,,,,None - Installation not recommended,,,,,,,,,,,,,,,,,,,,,,,,,,,,,,,,,,,,,,,,,,,,,,,,House_Semi-Detached_2.0
OVO,EOH1951,OX9,30.0,Working Full time (>30hrs),Manager,"50,001+",2020-10-22T00:00:00.000Z,Owner-Occupied,1.0,AB,4.0,14/12/2020,Retrofitworks,Urban,1945-1964,,2.0,0.0,144.1,12.0,3.0,,2.39,Cavity_Insulated,Mix,Pitched,Double,Yes,Gas,Gas Boiler - Combi,Fire - Wood,Water,120,0.0,0.0,1.0,No,No,,,,,,,,,,,,,,None - Installation not recommended,,,,,,,,,,,,,,,,,,,,,,,,,,,,,,,,,,,,,,,,,,,,,,,,House_Semi-Detached_2.0
OVO,EOH0431,SP4,55.0,Working Full time (>30hrs),Professional,Prefer not to say,2020-10-23T00:00:00.000Z,Owner-Occupied,9.0,C2,3.0,24/02/2021,Retrofitworks,Rural,1945-1964,,2.0,0.0,129.0,9.0,5.0,9.0,2.4,Cavity_Insulated,Solid,Pitched,Double,Yes,Gas,Gas Boiler - Standard,,Water,150,0.0,0.0,0.0,No,No,,,,,,,,,,,,,,None - Installation not recommended,,,,,,,,,,,,,,,,,,,,,,,,,,,,,,,,,,,,,,,,,,,,,,,,House_Detached_2.0
OVO,EOH0872,SL4,29.0,Working Full time (>30hrs),Supervisor,"50,001+",2020-10-25T00:00:00.000Z,Owner-Occupied,6.0,C1,3.0,03/02/2021,Retrofitworks,Suburban,2001+,,3.0,0.0,85.74,4.0,3.0,4.0,2.4,Cavity_Insulated,Solid,Pitched,Double,Yes,Gas,Gas Boiler - Standard,,Water,100,0.0,0.0,1.0,No,No,,,,,,,,,,,,,,None - Installation not recommended,,,,,,,,,,,,,,,,,,,,,,,,,,,,,,,,,,,,,,,,,,,,,,,,House_End-Terrace_2.0
OVO,EOH2076,RG7,54.0,Working Full time (>30hrs),Manager,"50,001+",2020-10-27T00:00:00.000Z,Owner-Occupied,22.0,C1,4.0,12/03/2021,Retrofitworks,Suburban,1965-1980,,3.0,1.0,164.0,8.0,4.0,8.0,2.5,Cavity_Insulated,Solid,Pitched,Double,Yes,Gas,Gas Boiler - Standard,,Water,150,0.0,0.0,0.0,No,No,,,,,,,,,,,,,,None - Installation not recommended,,,,,,,,,,,,,,,,,,,,,,,,,,,,,,,,,,,,,,,,,,,,,,,,House_Detached_2.0
OVO,EOH2009,RG27,55.0,Working Part time,Professional,Prefer not to say,2020-10-27T00:00:00.000Z,Owner-Occupied,8.0,C1,5.0,25/03/2021,Retrofitworks,Rural,1919-1944,,2.0,0.0,205.6,10.0,4.0,10.0,2.5,Cavity_Insulated,Solid,Pitched,Double,No,Oil,Oil Boiler,,Water,170,0.0,0.0,0.0,No,No,,,,,,,,,,,,,,None - Installation not recommended,,,,,,,,,,,,,,,,,,,,,,,,,,,,,,,,,,,,,,,,,,,,,,,,House_Detached_2.0
OVO,EOH3046,PO35,72.0,Retired,Pensioner,"25,001 - 30,000",2020-10-28T00:00:00.000Z,Owner-Occupied,18.0,DE,3.0,09/04/2021,Retrofitworks,Suburban,1965-1980,,2.0,0.0,85.13,4.0,3.0,4.0,2.6,Cavity_Insulated,Solid,Pitched,Double,Yes,Gas,Gas Boiler - Combi,,,,0.0,0.0,0.0,No,No,,,,,,,,,,,,,,None - Installation not recommended,,,,,,,,,,,,,,,,,,,,,,,,,,,,,,,,,,,,,,,,,,,,,,,,House_Detached_1.0
OVO,EOH1890,PO35,73.0,Retired,Pensioner,"20,001 - 25,000",2020-10-28T00:00:00.000Z,Owner-Occupied,14.0,DE,4.0,01/02/2021,Retrofitworks,Rural,1945-1964,,2.0,0.0,68.0,4.0,2.0,5.0,2.35,Cavity_Insulated,Solid,Pitched,Double,No,Electricity,Electric - Storage,,Water,120,0.0,0.0,0.0,No,No,,,,,,,,,,,,,,None - Installation not recommended,,,,,,,,,,,,,,,,,,,,,,,,,,,,,,,,,,,,,,,,,,,,,,,,House_Detached_2.0
OVO,EOH1125,TW16,53.0,Working Full time (>30hrs),Skilled Manual Worker,"25,001 - 30,000",2020-10-28T00:00:00.000Z,Owner-Occupied,2.0,C2,3.0,22/02/2021,Retrofitworks,Suburban,1965-1980,,2.0,0.0,89.9,6.0,3.0,6.0,2.4,Cavity_Insulated,Suspended,Pitched,Double,No,Oil,Oil Boiler,,Water,100,0.0,0.0,0.0,No,No,,,,,,,,,,,,,,None - Installation not recommended,,,,,,,,,,,,,,,,,,,,,,,,,,,,,,,,,,,,,,,,,,,,,,,,House_Detached_1.0
OVO,EOH2537,RH1,72.0,Retired,Pensioner,"25,001 - 30,000",2020-10-29T00:00:00.000Z,Owner-Occupied,40.0,DE,5.0,08/02/2021,Retrofitworks,Rural,1919-1944,E,1.0,0.0,129.0,6.0,4.0,8.0,2.5,Solid_No_insulation,Solid,Pitched,Double,No,LPG,LPG Boiler,Fire - Wood,,,0.0,0.0,0.0,No,No,,,9.74,79.12,18378.0,3057.0,109.0,65.0,2.9,No,No,Yes with additional measures,No,HT_ASHP,Heat Emitters,13124.0,1647.0,1184.83,15.0,,Yes,19/04/2021,Reina Group,HT_ASHP,,Daikin,EBLA16DA3V3,16.0,R32,,Water_New,200.0,,1.0,0.0,9.0,0.0,,,No,0.0,0.0,0.0,No,No,0.0,0.0,,No,7055.09,1085.0,3982.41,1152.2,0.0,0.0,0.0,0.0,0.0,0.0,3.0,2.0,House_Detached_1.0
OVO,EOH0642,BN8,65.0,Retired,Pensioner,"40,001 - 50,000",2020-10-31T00:00:00.000Z,Owner-Occupied,3.0,DE,4.0,16/02/2021,Retrofitworks,Rural,1981-1990,,2.0,0.0,66.35,4.0,2.0,7.0,2.1,Cavity_Insulated,Solid,Pitched,Double,No,Oil,Oil Boiler,Fire - Wood,Water,100,1.0,0.0,0.0,No,No,,,7.33,102.46,18847.0,3872.0,108.0,50.0,3.64,Yes,No,Yes,Yes,ASHP,,13823.65,0.0,1203.0,15.0,,Yes,26/04/2021,A Greener Alternative,ASHP,,Mitsubishi,PUZ-WM85VAA,8.5,R32,,Water_New,210.0,,1.0,0.0,0.0,0.0,,Low Noise Heat Pump,No,0.0,0.0,0.0,No,No,0.0,0.0,,No,5659.95,2290.07,3600.0,0.0,0.0,0.0,0.0,0.0,0.0,0.0,4.0,0.0,House_Detached_2.0
OVO,EOH0356,RH12,77.0,Retired,Pensioner,"25,001 - 30,000",2020-11-05T00:00:00.000Z,Owner-Occupied,2.0,DE,4.0,09/11/2020,Retrofitworks,Urban,1991-2000,,2.0,0.0,92.0,5.0,3.0,8.0,,,,Pitched,Double,Yes,Gas,Gas Boiler - Standard,,,,0.0,1.0,0.0,No,No,,,,,,,,,,,,,,None - Installation not recommended,,,,,,,,,,,,,,,,,,,,,,,,,,,,,,,,,,,,,,,,,,,,,,,,House_Detached_2.0
OVO,EOH0972,PO20,29.0,Working Full time (>30hrs),Professional,"40,001 - 50,000",2020-11-05T00:00:00.000Z,Owner-Occupied,,C1,3.0,02/02/2021,,Rural,Pre 1919,,2.0,0.0,73.0,4.0,2.0,4.0,2.4,Solid_Insulated,Suspended,Pitched,Double,Yes,Gas,Gas Boiler - Combi,,,,0.0,0.0,0.0,No,No,,,,,,,,,,Yes with additional measures,No,Yes with additional measures,Yes with additional measures,None - Installation not recommended,,,,,,,,,,,,,,,,,,,,,,,,,,,,,,,,,,,,,,,,,,,,,,,,House_End-Terrace_2.0
OVO,EOH1268,RG12,41.0,Working Full time (>30hrs),Semi and unskilled manual worker,"30,001 - 40,000",2020-11-14T00:00:00.000Z,Owner-Occupied,14.0,DE,2.0,08/03/2021,Retrofitworks,Suburban,1945-1964,,2.0,3.0,92.0,4.0,3.0,4.0,2.2,Cavity_No_insulation,Solid,Pitched,Double,Yes,Gas,Gas Boiler - Combi,,Water,,0.0,0.0,1.0,No,No,,,,,,,,,,,,,,None - Installation not recommended,,,,,,,,,,,,,,,,,,,,,,,,,,,,,,,,,,,,,,,,,,,,,,,,House_End-Terrace_2.0
OVO,EOH1693,KT19,69.0,Retired,Pensioner,"30,001 - 40,000",2020-11-14T00:00:00.000Z,Owner-Occupied,27.0,DE,2.0,26/03/2021,Retrofitworks,Urban,1965-1980,,3.0,2.0,143.0,5.0,4.0,5.0,2.4,Cavity_Insulated,Solid,Pitched,Double,No,Electricity,Electric - Storage,,Water,170,0.0,0.0,0.0,No,No,,,,,,,,,,,,,,,,,,,,,No,,,,,,,,,,,,,,,,,,,,,,,,,,,,,,,,,,,,,,,,,House_Mid-Terrace_2.0
OVO,EOH3086,SO22,41.0,Working Full time (>30hrs),Professional,"40,001 - 50,000",2020-11-15T00:00:00.000Z,Owner-Occupied,5.0,C1,3.0,26/01/2021,Retrofitworks,Urban,1965-1980,,1.0,0.0,81.5,4.0,2.0,5.0,2.37,Cavity_Insulated,Solid,Pitched,Double,Yes,Gas,Gas Boiler - Combi,,,,0.0,1.0,0.0,No,No,,,5.52,76.0,14618.64,7300.0,2332.27,45.0,3.57,Yes,No,Yes,Yes,ASHP,Heat Emitters,9882.22,1619.1,899.8,15.0,,Yes,16/03/2021,Northern Gas,ASHP,,Daikin,EDLQ07CV3,7.0,R410A,,Water_New,150.0,,1.0,0.0,8.0,0.0,,,No,0.0,0.0,0.0,No,No,0.0,0.0,,No,5421.15,2018.59,3052.54,1944.64,0.0,0.0,0.0,0.0,0.0,0.0,5.0,3.0,House_Semi-Detached_2.0
OVO,EOH3047,BN11,54.0,Working Part time,Manager,"25,001 - 30,000",2020-11-18T00:00:00.000Z,Rented (Private),1.0,C1,4.0,30/01/2021,,Suburban,1945-1964,,2.0,0.0,65.0,3.0,2.0,4.0,2.3,Cavity_Insulated,Solid,Flat,Double,No,Electricity,Electric - Storage,,Water,,0.0,0.0,0.0,No,No,,,,,,,,,,No,No,No,No,None - Installation not recommended,,,,,,,,,,,,,,,,,,,,,,,,,,,,,,,,,,,,,,,,,,,,,,,,Flat_Semi-Detached_1.0
OVO,EOH0994,OX1,66.0,Retired,Professional,"25,001 - 30,000",2020-11-18T00:00:00.000Z,Owner-Occupied,5.0,DE,2.0,11/03/2021,Retrofitworks,Suburban,Pre 1919,,2.0,0.0,96.0,4.0,2.0,,2.4,Cavity_Insulated,Solid,Pitched,Double,No,Oil,Oil Boiler,,Water,100,0.0,0.0,0.0,No,No,,,,,,,,,,,,,,None - Installation not recommended,,,,,,,,,,,,,,,,,,,,,,,,,,,,,,,,,,,,,,,,,,,,,,,,House_Detached_2.0
OVO,EOH3023,BN14,32.0,Working Full time (>30hrs),Skilled Manual Worker,"30,001 - 40,000",2020-11-19T00:00:00.000Z,Owner-Occupied,1.0,C2,1.0,23/02/2021,Retrofitworks,Suburban,1919-1944,,3.0,0.0,94.72,4.0,3.0,4.0,2.39,Cavity_No_insulation,Suspended,Pitched,Double,Yes,Gas,Gas Boiler - Combi,,,,0.0,0.0,0.0,No,No,,,,,,,,,,,,,,None - Installation not recommended,,,,,,,,,,,,,,,,,,,,,,,,,,,,,,,,,,,,,,,,,,,,,,,,House_End-Terrace_2.0
OVO,EOH0956,PO22,53.0,Working Full time (>30hrs),Manager,"50,001+",2020-11-21T00:00:00.000Z,Owner-Occupied,,AB,3.0,26/03/2021,Retrofitworks,Suburban,1965-1980,,1.0,,53.5,3.0,2.0,3.0,2.33,Cavity_No_insulation,Solid,,Double,No,Electricity,Electric - Storage,,Water,120,0.0,0.0,0.0,No,Yes,,,,,,,,,,,,,,None - Installation not recommended,,,,,,,,,,,,,,,,,,,,,,,,,,,,,,,,,,,,,,,,,,,,,,,,Flat_Detached_1.0
OVO,EOH3080,ME17,45.0,Working Full time (>30hrs),Professional,"30,001 - 40,000",2020-11-22T00:00:00.000Z,Owner-Occupied,7.0,C1,2.0,15/02/2021,Retrofitworks,Rural,1965-1980,,2.0,1.0,90.98,5.0,3.0,7.0,2.44,Cavity_Insulated,Solid,Pitched,Double,Yes,Gas,Gas Boiler - Standard,,Water,130,0.0,0.0,0.0,No,No,,,,,,,,,,,,,,None - Installation not recommended,,,,,,,,,,,,,,,,,,,,,,,,,,,,,,,,,,,,,,,,,,,,,,,,House_Semi-Detached_2.0
OVO,EOH2401,SL0,35.0,Working Full time (>30hrs),Skilled Manual Worker,"30,001 - 40,000",2020-11-24T00:00:00.000Z,Owner-Occupied,7.0,C2,2.0,04/02/2021,Retrofitworks,Suburban,1965-1980,,2.0,2.0,63.0,3.0,2.0,3.0,2.5,Cavity_Insulated,Solid,Pitched,Double,Yes,Gas,Gas - Warm air,,Water,,0.0,0.0,0.0,No,No,,,,,,,,,,,,,,None - Installation not recommended,,,,,,,,,,,,,,,,,,,,,,,,,,,,,,,,,,,,,,,,,,,,,,,,House_Mid-Terrace_2.0
OVO,EOH1908,SO50,50.0,Working Full time (>30hrs),Professional,"50,001+",2020-11-24T00:00:00.000Z,Owner-Occupied,1.0,AB,1.0,10/02/2021,Retrofitworks,Suburban,1945-1964,,2.0,0.0,41.0,5.0,2.0,5.0,2.5,Cavity_Insulated,Suspended,Pitched,Double,Yes,Gas,Gas Boiler - Combi,,,,0.0,0.0,0.0,No,No,,,5.27,73.29,13816.9,2920.0,817.93,45.0,3.57,Yes with additional measures,No,Yes with additional measures,Yes with additional measures,Hybrid,Heat Emitters,8412.9,985.95,656.35,15.0,,Yes,21/04/2021,Northern Gas,Hybrid,Separate_New Boiler,Daikin,ERGA04DVA,4.0,R32,,,,,1.0,0.0,4.0,0.0,,,No,0.0,0.0,0.0,No,No,0.0,0.0,,No,5970.62,0.0,2810.31,617.92,0.0,0.0,0.0,0.0,0.0,0.0,3.0,1.0,House_Detached_1.0
OVO,EOH0608,SO30,63.0,Retired,Pensioner,"30,001 - 40,000",2020-11-27T00:00:00.000Z,Owner-Occupied,27.0,DE,1.0,08/03/2021,Retrofitworks,Suburban,1965-1980,,2.0,0.0,91.12,5.0,3.0,5.0,2.35,Cavity_Insulated,Solid,Pitched,Double,Yes,Gas,Gas Boiler - Standard,,Water,120,0.0,0.0,0.0,No,No,,,,,,,,,,,,,,None - Installation not recommended,,,,,,,,,,,,,,,,,,,,,,,,,,,,,,,,,,,,,,,,,,,,,,,,House_Detached_2.0
OVO,EOH3092,OX15,33.0,Working Full time (>30hrs),Professional,"50,001+",2020-11-30T00:00:00.000Z,Owner-Occupied,,AB,2.0,25/01/2021,Retrofitworks,Rural,Pre 1919,,2.0,0.0,260.0,5.0,2.0,4.0,2.3,Solid_Insulated,Solid,Pitched,Double,No,Electricity,Electric - Storage,,Water,100,0.0,0.0,0.0,No,No,,,3.43,153.13,13240.0,4745.0,1416.62,45.0,4.14,Yes,No,Yes,No,ASHP,,11422.55,0.0,1632.45,14.0,,Yes,19/05/2021,Faulkners Heating Ltd,ASHP,,Mitsubishi,PUZ-WM85VAA,8.5,R32,,Water_New,170.0,,1.0,0.0,9.0,0.0,,Low Noise Heat Pump,No,0.0,0.0,0.0,No,No,0.0,0.0,,No,3188.33,2953.56,3411.61,3845.04,0.0,0.0,0.0,0.0,0.0,0.0,5.0,0.0,House_Detached_1.0
OVO,EOH1587,TN22,74.0,Retired,Pensioner,"50,001+",2020-11-30T00:00:00.000Z,Owner-Occupied,32.0,DE,4.0,15/03/2021,Retrofitworks,Suburban,1945-1964,,2.0,0.0,175.2,8.0,3.0,8.0,2.4,Cavity_Insulated,Solid,Pitched,Double,Yes,Gas,Gas Boiler - Combi,,,,0.0,0.0,0.0,No,No,,,,,,,,,,,,,,None - Installation not recommended,,,,,,,,,,,,,,,,,,,,,,,,,,,,,,,,,,,,,,,,,,,,,,,,House_Detached_2.0
OVO,EOH0654,CT14,55.0,Working Part time,Semi and unskilled manual worker,"16,201 - 20,000",2020-12-04T00:00:00.000Z,Owner-Occupied,2.0,C2,3.0,05/02/2021,,Suburban,1991-2000,,2.0,0.0,77.0,4.0,2.0,4.0,2.3,Cavity_Insulated,Solid,Pitched,Double,Yes,Gas,Gas Boiler - Combi,,,,0.0,0.0,0.0,No,No,,,,,,,,,,,,,,,,,,,,,No,,,,,,,,,,,,,,,,,,,,,,,,,,,,,,,,,,,,,,,,,House_Semi-Detached_2.0
OVO,EOH2215,OX14,46.0,Working Full time (>30hrs),Skilled Manual Worker,"40,001 - 50,000",2020-12-04T00:00:00.000Z,Owner-Occupied,4.0,C2,5.0,21/03/2021,Retrofitworks,Suburban,1945-1964,,2.0,2.0,225.0,8.0,4.0,4.0,2.5,Cavity_Insulated,Solid,Pitched,Double,Yes,Gas,Gas Boiler - Standard,,Water,150,0.0,0.0,0.0,No,No,,,,,,,,,,,,,,None - Installation not recommended,,,,,,,,,,,,,,,,,,,,,,,,,,,,,,,,,,,,,,,,,,,,,,,,House_Semi-Detached_2.0
OVO,EOH0269,ME1,31.0,Working Full time (>30hrs),Manager,"50,001+",2020-12-05T00:00:00.000Z,Owner-Occupied,,AB,4.0,07/12/2020,Retrofitworks,Suburban,2001+,,2.0,2.0,136.0,7.0,4.0,8.0,,,,Pitched,Double,Yes,Gas,Gas Boiler - Standard,,,,0.0,0.0,0.0,No,No,,,,,,,,,,,,,,None - Installation not recommended,,,,,,,,,,,,,,,,,,,,,,,,,,,,,,,,,,,,,,,,,,,,,,,,House_Detached_2.0
OVO,EOH0274,RG2,60.0,Working Part time,Professional,"30,001 - 40,000",2020-12-05T00:00:00.000Z,Owner-Occupied,16.0,C2,4.0,23/02/2021,Retrofitworks,Suburban,1919-1944,,2.0,0.0,108.54,7.0,3.0,7.0,2.5,Cavity_No_insulation,Suspended,Pitched,Double,Yes,Gas,Gas Boiler - Standard,,Water,170,0.0,0.0,0.0,No,No,,,,,,,,,,,,,,None - Installation not recommended,,,,,,,,,,,,,,,,,,,,,,,,,,,,,,,,,,,,,,,,,,,,,,,,House_Semi-Detached_2.0
OVO,EOH3076,CT11,66.0,Retired,Pensioner,"25,001 - 30,000",2020-12-06T00:00:00.000Z,Owner-Occupied,11.0,DE,4.0,22/01/2021,Retrofitworks,Suburban,1965-1980,,2.0,0.0,97.02,5.0,2.0,5.0,2.4,Cavity_Insulated,Solid,Pitched,Double,Yes,Gas,Gas Boiler - Combi,,,,0.0,0.0,0.0,No,No,,,,,,,,,,Yes,No,Yes,Yes,ASHP,Loft Insulation,10500.0,458.0,,,,No,,,,,,,,,,,,,,,,,,,,,,,,,,,,,,,,,,,,,,,,,House_Semi-Detached_1.0
OVO,EOH0334,HP21,30.0,Working Full time (>30hrs),Professional,"40,001 - 50,000",2020-12-06T00:00:00.000Z,Owner-Occupied,3.0,C1,4.0,04/02/2021,Retrofitworks,Suburban,1919-1944,,1.0,0.0,58.8,3.0,2.0,4.0,2.3,Cavity_No_insulation,Suspended,Pitched,Double,Yes,Gas,Gas Boiler - Standard,Electric - Direct,Water,100,0.0,1.0,1.0,No,No,,,,,,,,,,No,No,No,No,None - Installation not recommended,,,,,,,,,,,,,,,,,,,,,,,,,,,,,,,,,,,,,,,,,,,,,,,,House_Mid-Terrace_2.0
OVO,EOH1633,RH13,44.0,Working Full time (>30hrs),Professional,"50,001+",2020-12-07T00:00:00.000Z,Owner-Occupied,10.0,DE,3.0,10/03/2021,Retrofitworks,Suburban,1945-1964,,2.0,2.0,80.5,6.0,4.0,6.0,2.35,Cavity_Insulated,Solid,Flat,Double,Yes,Gas,Gas Boiler - Combi,,,,0.0,0.0,0.0,No,No,,,8.56,75.1,17969.0,4495.0,718.0,50.0,3.66,Yes,No,Yes,Yes,ASHP,,13190.93,0.0,959.0,14.0,,Yes,16/06/2021,Elite Renewables,ASHP,,Mitsubishi,PUZ-WM112VAA,11.2,R32,,Water_New,150.0,,1.0,0.0,0.0,0.0,,,No,0.0,0.0,0.0,No,No,0.0,0.0,,No,6451.94,1245.56,5493.43,0.0,0.0,0.0,0.0,0.0,0.0,0.0,6.0,0.0,House_Semi-Detached_2.0
OVO,EOH2499,GU9,46.0,Working Full time (>30hrs),Skilled Manual Worker,"25,001 - 30,000",2020-12-09T00:00:00.000Z,Owner-Occupied,4.0,C2,3.0,05/02/2021,Retrofitworks,Suburban,1919-1944,,1.0,0.0,65.0,5.0,2.0,5.0,2.4,Cavity_Insulated,Suspended,Pitched,Double,Yes,Gas,Gas Boiler - Combi,Fire - Wood,,,0.0,1.0,1.0,No,No,,,4.18,85.04,11021.8,6570.0,1961.19,45.0,3.57,Yes,No,Yes,Yes,ASHP,Heat Emitters,10117.79,1162.35,706.79,15.0,,Yes,09/03/2021,Northern Gas,ASHP,,Daikin,EDLQ07CV3,7.0,R410A,,Water_New,150.0,,1.0,0.0,6.0,0.0,,,No,0.0,0.0,0.0,No,No,0.0,0.0,,No,5564.44,1518.01,3384.04,1162.35,0.0,0.0,0.0,0.0,0.0,0.0,5.0,4.0,House_Semi-Detached_2.0
OVO,EOH2197,GU31,60.0,Retired,Pensioner,Prefer not to say,2020-12-09T00:00:00.000Z,Owner-Occupied,6.0,DE,3.0,23/03/2021,Retrofitworks,Suburban,1991-2000,,2.0,0.0,217.58,9.0,5.0,9.0,2.5,Cavity_Insulated,Solid,Pitched,Double,Yes,Gas,Gas Boiler - Standard,,Water,180,0.0,0.0,0.0,No,No,,,,,,,,,,,,,,None - Installation not recommended,,,,,,,,,,,,,,,,,,,,,,,,,,,,,,,,,,,,,,,,,,,,,,,,House_Detached_2.0
OVO,EOH0083,RG40,63.0,Working Full time (>30hrs),Professional,Prefer not to say,2020-12-13T00:00:00.000Z,Owner-Occupied,30.0,C2,4.0,20/02/2021,Retrofitworks,Rural,Pre 1919,,3.0,0.0,76.0,6.0,3.0,8.0,2.4,Solid_No_insulation,Solid,Pitched,Double,Yes,Gas,Gas Boiler - Standard,Fire - Gas,Water,100,0.0,0.0,1.0,No,No,,,,,,,,,,,,,,None - Installation not recommended,,,,,,,,,,,,,,,,,,,,,,,,,,,,,,,,,,,,,,,,,,,,,,,,House_Detached_2.0
OVO,EOH1855,OX4,47.0,Working Full time (>30hrs),Manager,Prefer not to say,2020-12-14T00:00:00.000Z,Owner-Occupied,15.0,C1,4.0,30/03/2021,Retrofitworks,Suburban,1919-1944,,2.0,2.0,145.0,5.0,4.0,5.0,2.4,Solid_Insulated,Mix,Pitched,Double,Yes,Gas,Gas Boiler - Standard,Fire - Wood,Water,170,1.0,0.0,1.0,No,Yes,,,,,,,,,,,,,,None - Installation not recommended,,,,,,,,,,,,,,,,,,,,,,,,,,,,,,,,,,,,,,,,,,,,,,,,House_Semi-Detached_2.0
OVO,EOH1865,OX14,52.0,Working Part time,Professional,"0 - 12,500",2020-12-15T00:00:00.000Z,Owner-Occupied,19.0,C1,3.0,04/01/2021,Retrofitworks,Suburban,1981-1990,,1.0,0.0,48.88,2.0,2.0,2.0,2.4,Cavity_No_insulation,Solid,Pitched,Double,Yes,Gas,Gas Boiler - Standard,,Water,130,0.0,0.0,0.0,No,No,,,,,,,,,,,,,,None - Installation not recommended,,,,,,,,,,,,,,,,,,,,,,,,,,,,,,,,,,,,,,,,,,,,,,,,House_Semi-Detached_2.0
OVO,EOH3098,GU4,57.0,Working Full time (>30hrs),Professional,"50,001+",2020-12-16T00:00:00.000Z,Owner-Occupied,20.0,AB,5.0,17/02/2021,Retrofitworks,Suburban,Pre 1919,,3.0,0.0,133.0,7.0,4.0,7.0,2.4,Solid_Insulated,Suspended,Pitched,Double,Yes,Gas,Gas Boiler - Standard,,Water,300,0.0,0.0,1.0,No,No,,,,,,,,,,,,,,None - Installation not recommended,,,,,,,,,,,,,,,,,,,,,,,,,,,,,,,,,,,,,,,,,,,,,,,,House_Detached_2.0
OVO,EOH2699,ME9,37.0,Working Full time (>30hrs),Professional,"50,001+",2020-12-24T00:00:00.000Z,Owner-Occupied,,C1,4.0,22/01/2021,Retrofitworks,Rural,1965-1980,,2.0,0.0,114.069,7.0,3.0,7.0,2.3,Cavity_No_insulation,Mix,Pitched,Double,No,Electricity,Electric - Storage,,Water,150,0.0,0.0,0.0,No,No,,,6.07,53.21,15244.55,6205.0,1951.26,,,Yes,No,Yes,Yes,ASHP,Heat Emitters,10746.15,2000.0,874.37,14.0,,Yes,27/01/2021,Dawsetway,ASHP,,Mitsubishi,PUZ-WM85VAA,8.5,R32,,Water_New,250.0,,1.0,0.0,0.0,0.0,,Low Noise Heat Pump,No,0.0,0.0,0.0,No,No,0.0,0.0,,No,5602.0,2498.0,4900.0,0.0,0.0,0.0,0.0,0.0,0.0,0.0,18.0,0.0,House_End-Terrace_3.0
OVO,EOH2748,CR6,53.0,Working Full time (>30hrs),Skilled Manual Worker,"50,001+",2020-12-29T00:00:00.000Z,Owner-Occupied,14.0,C2,4.0,18/02/2021,Retrofitworks,Suburban,1945-1964,,2.0,1.0,81.4,5.0,3.0,5.0,2.4,Cavity_Insulated,Suspended,Pitched,Double,Yes,Gas,Gas Boiler - Combi,,,,0.0,0.0,0.0,No,No,,,6.4,57.69,12430.0,2697.0,493.0,50.0,3.81,Yes,No,Yes,Yes with additional measures,ASHP,,12687.5,0.0,636.0,14.0,,Yes,05/05/2021,Elite Renewables,ASHP,,Mitsubishi,PUZ-WM85VAA,8.5,R32,,Water_New,250.0,,1.0,0.0,0.0,0.0,,Low Noise Heat Pump,No,0.0,0.0,0.0,No,No,0.0,0.0,,No,5571.23,1645.0,5471.27,0.0,0.0,0.0,0.0,0.0,0.0,0.0,5.0,0.0,House_Semi-Detached_1.0
OVO,EOH2213,RH13,53.0,Working Full time (>30hrs),Professional,"50,001+",2021-01-06T00:00:00.000Z,Owner-Occupied,,AB,3.0,22/02/2021,Retrofitworks,Urban,Pre 1919,,2.0,0.0,77.0,4.0,2.0,4.0,2.4,Cavity_Insulated,Suspended,Pitched,Double,Yes,Gas,Gas Boiler - Combi,Fire - Wood,Water,,0.0,0.0,1.0,No,No,,,,,,,,,,,,,,None - Installation not recommended,,,,,,,,,,,,,,,,,,,,,,,,,,,,,,,,,,,,,,,,,,,,,,,,House_Semi-Detached_2.0
OVO,EOH2187,PO10,52.0,Working Full time (>30hrs),Professional,"50,001+",2021-01-07T00:00:00.000Z,Owner-Occupied,7.0,C2,3.0,23/02/2021,Retrofitworks,Suburban,1945-1964,,2.0,0.0,66.53,6.0,3.0,6.0,2.4,Cavity_Insulated,Suspended,Pitched,Double,Yes,Gas,Gas Boiler - Combi,,,,0.0,0.0,0.0,No,No,,,,,,,,,,,,,,,,,,,,,No,,,,,,,,,,,,,,,,,,,,,,,,,,,,,,,,,,,,,,,,,House_Semi-Detached_2.0
OVO,EOH1091,GU34,44.0,Working Full time (>30hrs),Professional,"50,001+",2021-01-13T00:00:00.000Z,Owner-Occupied,4.0,C2,3.0,16/02/2021,Retrofitworks,Rural,1919-1944,,2.0,2.0,159.1,8.0,4.0,8.0,2.4,Cavity_Insulated,Solid,Pitched,Double,Yes,Gas,Gas Boiler - Standard,,Water,,0.0,0.0,1.0,No,No,,,,,,,,,,,,,,None - Installation not recommended,,,,,,,,,,,,,,,,,,,,,,,,,,,,,,,,,,,,,,,,,,,,,,,,House_Detached_2.0
OVO,EOH1936,OX26,41.0,Working Full time (>30hrs),Manager,"40,001 - 50,000",2021-01-14T00:00:00.000Z,Owner-Occupied,4.0,AB,5.0,30/03/2021,Retrofitworks,Suburban,2001+,,1.0,0.0,102.0,5.0,3.0,5.0,2.34,Cavity_Insulated,Solid,Pitched,Double,Yes,Gas,Gas Boiler - Standard,,Water,120,0.0,0.0,1.0,No,Yes,,,,,,,,,,,,,,None - Installation not recommended,,,,,,,,,,,,,,,,,,,,,,,,,,,,,,,,,,,,,,,,,,,,,,,,House_Semi-Detached_3.0
OVO,EOH0352,ME12,71.0,Retired,Manager,Prefer not to say,2021-01-15T00:00:00.000Z,Owner-Occupied,,DE,3.0,17/02/2021,Retrofitworks,Suburban,2001+,C,2.0,0.0,53.0,3.0,2.0,3.0,2.4,Cavity_Insulated,Solid,Pitched,Double,No,Electricity,Electric - Storage,,,,0.0,0.0,0.0,No,No,,,,,,,,,,,,,,None - Installation not recommended,,,,,,,,,,,,,,,,,,,,,,,,,,,,,,,,,,,,,,,,,,,,,,,,House_Semi-Detached_1.0
OVO,EOH0341,OX76,51.0,Working Full time (>30hrs),Professional,"40,001 - 50,000",2021-01-20T00:00:00.000Z,Owner-Occupied,14.0,C1,4.0,04/02/2021,Retrofitworks,Rural,Pre 1919,,2.0,0.0,192.36,8.0,4.0,8.0,3.0,Solid_No_insulation,Solid,Pitched,Double,No,Electricity,Electric - Warm air,Fire - Wood,Water,100,0.0,0.0,0.0,No,No,,,11.19,11.19,29137.0,5458.0,164.0,48.0,3.78,Yes,No,Yes,Yes,ASHP,,14316.8,0.0,973.0,14.0,,Yes,09/03/2021,Cotswold Green Energy,ASHP,,Mitsubishi,PUZ-WM112VAA,11.2,R32,,Water_New,170.0,,1.0,0.0,0.0,0.0,,Low Noise Heat Pump,No,0.0,0.0,0.0,No,No,0.0,0.0,,No,3864.0,1853.0,4400.0,0.0,0.0,0.0,0.0,0.0,0.0,0.0,9.0,1.0,House_Semi-Detached_2.0
OVO,EOH0951,RG14,30.0,Working Full time (>30hrs),Professional,Prefer not to say,2021-01-20T00:00:00.000Z,Owner-Occupied,1.0,C1,3.0,27/04/2021,Retrofitworks,Urban,1965-1980,,1.0,0.0,97.2,5.0,3.0,4.0,2.4,Cavity_No_insulation,Solid,Pitched,Double,Yes,Gas,Gas Boiler - Standard,,Water,120,0.0,0.0,0.0,No,No,,,,,,,,,,,,,,None - Installation not recommended,,,,,,,,,,,,,,,,,,,,,,,,,,,,,,,,,,,,,,,,,,,,,,,,House_Mid-Terrace_2.0
OVO,EOH1926,PO7,53.0,Working Full time (>30hrs),Professional,"12,501 - 16,200",2021-01-22T00:00:00.000Z,Owner-Occupied,27.0,AB,3.0,24/02/2021,Retrofitworks,Suburban,1945-1964,,3.0,1.0,96.0,6.0,3.0,6.0,2.4,Cavity_Insulated,Solid,Pitched,Double,Yes,Gas,Gas Boiler - Combi,,,,0.0,1.0,1.0,No,No,,,,,,,,,,,,,,None - Installation not recommended,,,,,,,,,,,,,,,,,,,,,,,,,,,,,,,,,,,,,,,,,,,,,,,,House_Semi-Detached_2.0
OVO,EOH2713,TN33,31.0,Working Full time (>30hrs),Manager,"50,001+",2021-01-25T00:00:00.000Z,Owner-Occupied,,C1,4.0,23/02/2021,Retrofitworks,Rural,Pre 1919,,2.0,0.0,282.0,7.0,1.0,7.0,2.6,Solid_No_insulation,Solid,Pitched,Double,No,Electricity,Electric - Warm air,,Water,200,0.0,0.0,0.0,No,No,,,18.09,64.14,43424.0,3353.0,127.0,45.0,3.77,Yes,No,Yes,Yes,ASHP,,14340.28,15.0,2410.0,15.0,,Yes,09/02/2021,OHM Energy,ASHP,,Mitsubishi,PUZ-HWM140VHA,14.0,R32,,Water_New,300.0,,1.0,0.0,0.0,0.0,,Low Noise Heat Pump,No,0.0,0.0,0.0,No,No,0.0,0.0,,No,6405.2,2205.0,3690.08,0.0,0.0,0.0,0.0,0.0,0.0,0.0,14.0,0.0,House_Detached_2.0
OVO,EOH0788,RH13,47.0,Working Full time (>30hrs),Manager,"50,001+",2021-01-26T00:00:00.000Z,Owner-Occupied,1.0,AB,4.0,17/02/2021,Retrofitworks,Rural,1945-1964,,2.0,2.0,127.8,7.0,3.0,7.0,2.4,Cavity_Insulated,Solid,Pitched,Double,No,Oil,Oil Boiler,,Water,100,0.0,0.0,0.0,No,No,,,6.62,51.71,15378.0,2795.0,106.0,,,Yes,No,Yes,Yes,ASHP,,12340.5,0.0,968.0,15.0,,Yes,22/02/2021,OHM Energy,ASHP,,Mitsubishi,PUZ-WM85VAA,8.5,R32,,Water_New,200.0,,1.0,0.0,0.0,0.0,,Low Noise Heat Pump,No,0.0,0.0,0.0,No,No,0.0,0.0,,No,5005.0,2205.0,3090.0,0.0,0.0,0.0,0.0,0.0,0.0,0.0,4.0,0.0,House_Semi-Detached_2.0
OVO,EOH2997,TN33,44.0,Working Full time (>30hrs),Professional,"40,001 - 50,000",2021-01-27T00:00:00.000Z,Owner-Occupied,,C1,4.0,23/02/2021,Retrofitworks,Suburban,1919-1944,,2.0,1.0,90.0,6.0,3.0,6.0,2.4,Cavity_No_insulation,Suspended,Pitched,Double,No,LPG,LPG Boiler,,Water,150,0.0,0.0,0.0,No,No,,,7.12,121.34,16456.0,2236.0,106.0,,,Yes,No,Yes,Yes,ASHP,,12273.29,0.0,982.0,15.0,,Yes,08/03/2021,OHM Energy,ASHP,,Mitsubishi,PUZ-WM85VAA,8.5,R32,,Water_New,200.0,,1.0,0.0,0.0,0.0,,Low Noise Heat Pump,No,0.0,0.0,0.0,No,No,0.0,0.0,,No,4958.3,2205.0,3069.99,0.0,0.0,0.0,0.0,0.0,0.0,0.0,5.0,0.0,House_Semi-Detached_2.0
OVO,EOH1096,CR5,34.0,Working Full time (>30hrs),Professional,"50,001+",2021-01-27T00:00:00.000Z,Owner-Occupied,8.0,C1,2.0,23/04/2021,Retrofitworks,Suburban,1945-1964,,2.0,2.0,122.35,6.0,3.0,6.0,2.4,Solid_No_insulation,Suspended,Pitched,Double,Yes,Gas,Gas Boiler - Combi,,,,0.0,0.0,0.0,No,No,,,,,,,,,,,,,,,,,,,,,No,,,,,,,,,,,,,,,,,,,,,,,,,,,,,,,,,,,,,,,,,House_Semi-Detached_2.0
OVO,EOH3204,RH18,71.0,Retired,Pensioner,"40,001 - 50,000",2021-01-28T00:00:00.000Z,Owner-Occupied,,DE,4.0,10/03/2021,Retrofitworks,Rural,1965-1980,,2.0,0.0,153.7,6.0,4.0,6.0,2.3,Cavity_No_insulation,Solid,Pitched,Double,Yes,Gas,Gas Boiler - Standard,,Water,180,0.0,0.0,0.0,No,No,,,8.46,67.0,21684.0,3596.0,605.0,50.0,3.81,Yes,No,Yes,Yes with additional measures,ASHP,,11268.35,0.0,1037.0,14.0,,Yes,09/06/2021,Elite Renewables,ASHP,,Mitsubishi,PUZ-WM85VAA,8.5,R32,,Water_New,250.0,,1.0,0.0,0.0,0.0,,Low Noise Heat Pump,No,0.0,0.0,0.0,No,No,0.0,0.0,,No,5038.21,985.46,5244.68,0.0,0.0,0.0,0.0,0.0,0.0,0.0,8.0,0.0,House_Detached_2.0
OVO,EOH2252,CR6,32.0,Working Full time (>30hrs),Professional,"50,001+",2021-01-28T00:00:00.000Z,Owner-Occupied,2.0,AB,4.0,12/02/2021,Retrofitworks,Rural,1965-1980,,2.0,1.0,60.0,4.0,2.0,4.0,2.46,Cavity_No_insulation,Solid,Pitched,Double,No,Electricity,Electric - Direct,Fire - Wood,Water,,0.0,1.0,0.0,No,No,,,5.09,96.0,11939.0,2697.0,493.0,50.0,3.82,Yes,No,Yes,Yes,ASHP,Heat Emitters,12489.96,818.4,596.0,14.0,,Yes,01/03/2021,Elite Renewables,ASHP,,Mitsubishi,PUZ-WM60VAA,6.0,R32,,Water_New,250.0,,1.0,0.0,3.0,0.0,,Low Noise Heat Pump,No,0.0,0.0,0.0,No,No,0.0,0.0,,No,7153.61,1243.44,6396.91,818.4,0.0,0.0,0.0,0.0,0.0,0.0,7.0,3.0,House_Detached_1.0
OVO,EOH0979,BN42,34.0,Working Full time (>30hrs),Professional,"40,001 - 50,000",2021-01-28T00:00:00.000Z,Owner-Occupied,5.0,C1,1.0,18/02/2021,Retrofitworks,Suburban,1945-1964,,2.0,2.0,62.5,7.0,3.0,7.0,2.4,Cavity_Insulated,Solid,Pitched,Double,Yes,Gas,Gas Boiler - Combi,,,,0.0,0.0,0.0,No,No,,,5.96,63.49,11957.0,2292.0,82.0,50.0,3.35,Yes with additional measures,No,Yes with additional measures,Yes with additional measures,ASHP,Heat Emitters,10857.0,3051.0,699.88,15.0,,Yes,24/05/2021,Reina Group,ASHP,,Daikin,EDLQ07CV3,7.0,R410A,,Water_New,150.0,,1.0,0.0,9.0,0.0,,,No,0.0,0.0,0.0,No,No,0.0,0.0,,No,5591.6,962.5,3724.2,2135.0,0.0,0.0,0.0,0.0,0.0,0.0,4.0,1.0,House_Mid-Terrace_2.0
OVO,EOH0884,DA1,50.0,Working Full time (>30hrs),Skilled Manual Worker,Prefer not to say,2021-01-29T00:00:00.000Z,Owner-Occupied,20.0,C2,3.0,21/03/2021,Retrofitworks,Suburban,1919-1944,,3.0,1.0,135.6,5.0,3.0,5.0,2.4,Solid_No_insulation,Suspended,Pitched,Double,Yes,Gas,Gas Boiler - Combi,,,,0.0,0.0,1.0,No,No,,,,,,,,,,,,,,None - Installation not recommended,,,,,,,,,,,,,,,,,,,,,,,,,,,,,,,,,,,,,,,,,,,,,,,,House_Semi-Detached_2.0
OVO,EOH1052,HP21,48.0,Working Full time (>30hrs),Manager,"50,001+",2021-01-29T00:00:00.000Z,Owner-Occupied,12.0,AB,4.0,01/03/2021,Retrofitworks,Suburban,1965-1980,,2.0,0.0,146.13,7.0,4.0,8.0,2.3,Cavity_Insulated,Solid,Pitched,Double,Yes,Gas,Gas Boiler - Standard,,Water,100,0.0,0.0,1.0,No,No,,,,,,,,,,,,,,,,,,,,,No,,,,,,,,,,,,,,,,,,,,,,,,,,,,,,,,,,,,,,,,,House_Detached_2.0
OVO,EOH0692,GU32,42.0,Working Full time (>30hrs),Professional,"50,001+",2021-01-30T00:00:00.000Z,Owner-Occupied,2.0,AB,3.0,26/02/2021,Retrofitworks,Suburban,1965-1980,,2.0,1.0,126.2,8.0,4.0,8.0,2.4,Cavity_Insulated,Solid,Pitched,Double,Yes,Gas,Gas Boiler - Standard,,Water,150,0.0,0.0,1.0,No,No,,,,,,,,,,,No,,,None - Installation not recommended,,,,,,,,,,,,,,,,,,,,,,,,,,,,,,,,,,,,,,,,,,,,,,,,House_Detached_2.0
OVO,EOH0300,SO24,37.0,Working Full time (>30hrs),Professional,"50,001+",2021-01-31T00:00:00.000Z,Owner-Occupied,,AB,3.0,26/02/2021,Retrofitworks,Suburban,1945-1964,,2.0,1.0,98.5,5.0,3.0,5.0,2.45,Cavity_Insulated,Solid,Pitched,Double,Yes,Gas,Gas Boiler - Standard,,Water,100,0.0,0.0,1.0,No,No,,,,,,,,,,,,,,None - Installation not recommended,,,,,,,,,,,,,,,,,,,,,,,,,,,,,,,,,,,,,,,,,,,,,,,,House_Semi-Detached_2.0
OVO,EOH0584,TN14,44.0,Working Part time,Manager,"50,001+",2021-01-31T00:00:00.000Z,Owner-Occupied,2.0,AB,4.0,10/03/2021,Retrofitworks,Suburban,1945-1964,,2.0,1.0,90.01,6.0,3.0,2.0,2.4,Cavity_Insulated,Solid,Pitched,Double,No,Electricity,Electric - Storage,,,,0.0,0.0,0.0,No,No,,,5.63,62.5,11814.0,3057.0,109.0,50.0,3.81,Yes with additional measures,No,Yes with additional measures,No,ASHP,Heat Emitters,11585.0,2904.0,668.17,15.0,,Yes,15/03/2021,Reina Group,ASHP,,Mitsubishi,PUZ-WM85VAA,8.5,R32,,Water_New,200.0,,1.0,0.0,10.0,0.0,,,No,0.0,0.0,0.0,No,No,0.0,0.0,,No,5838.13,1225.0,3898.22,2032.72,0.0,0.0,0.0,0.0,0.0,0.0,3.0,1.0,House_Semi-Detached_2.0
OVO,EOH0896,ME19,57.0,Working Part time,Semi and unskilled manual worker,"40,001 - 50,000",2021-01-31T00:00:00.000Z,Owner-Occupied,14.0,DE,4.0,26/04/2021,Retrofitworks,Suburban,1965-1980,,2.0,0.0,97.52,6.0,4.0,6.0,2.45,Cavity_Insulated,Solid,Pitched,Double,Yes,Gas,Gas Boiler - Combi,,,,0.0,0.0,0.0,No,No,,,7.96,81.65,13666.0,3821.0,136.0,50.0,3.81,Yes,No,Yes,Yes,ASHP,,13431.54,0.0,679.75,15.0,,Yes,10/05/2021,Ecolution Group,ASHP,,Mitsubishi,PUZ-WM85VAA,8.5,R32,,Water_New,250.0,,1.0,0.0,0.0,0.0,,Low Noise Heat Pump,No,0.0,0.0,0.0,No,No,0.0,0.0,,No,8133.11,2166.43,3132.0,0.0,0.0,0.0,0.0,0.0,0.0,0.0,3.0,0.0,House_Detached_2.0
OVO,EOH2679,TN13,40.0,Working Full time (>30hrs),Manager,"50,001+",2021-01-31T00:00:00.000Z,Owner-Occupied,3.0,AB,4.0,17/02/2021,Retrofitworks,Suburban,1945-1964,,2.0,0.0,104.7,6.0,3.0,6.0,2.5,Cavity_Insulated,Suspended,Pitched,Double,Yes,Gas,Gas Boiler - Standard,,Water,100,0.0,0.0,0.0,No,No,,,10.78,89.23,12612.0,4585.0,163.0,45.0,3.79,Yes,No,Yes,Yes,ASHP,Heat Emitters,13080.0,2163.0,1891.8,15.0,,Yes,22/03/2021,Ecolution Group,ASHP,,Mitsubishi,PUZ-WM112VAA,11.2,R32,,Water_New,300.0,,1.0,0.0,0.0,0.0,,Low Noise Heat Pump,No,0.0,0.0,0.0,No,No,0.0,0.0,,No,4927.47,1485.48,3276.0,0.0,0.0,0.0,0.0,0.0,0.0,0.0,5.0,0.0,House_Detached_2.0
OVO,EOH0322,ME8,62.0,Unfit for work,Supervisor,"0 - 12,500",2021-01-31T00:00:00.000Z,Owner-Occupied,30.0,DE,4.0,24/03/2021,Retrofitworks,Suburban,1919-1944,,2.0,0.0,79.6,4.0,2.0,6.0,2.35,Cavity_Insulated,Solid,Pitched,Double,Yes,Gas,Gas Boiler - Standard,,Water,120,0.0,0.0,0.0,No,No,,,4.7,59.05,6540.0,2292.0,82.0,,,Yes,No,Yes,Yes,ASHP,,11583.12,0.0,394.29,15.0,,Yes,11/05/2021,Ecolution Group,ASHP,,Daikin,ERGA06DVA,6.0,R32,,PCM_New,,10.5,1.0,0.0,0.0,0.0,,,No,0.0,0.0,0.0,No,No,0.0,0.0,,No,6496.19,2024.53,3062.4,0.0,0.0,0.0,0.0,0.0,0.0,0.0,5.0,0.0,House_Semi-Detached_2.0
OVO,EOH2121,MK41,25.0,Working Full time (>30hrs),Professional,Prefer not to say,2021-01-31T00:00:00.000Z,Owner-Occupied,,AB,3.0,03/03/2021,Retrofitworks,Suburban,1965-1980,,2.0,0.0,99.0,6.0,3.0,6.0,2.3,Cavity_Insulated,Solid,Pitched,Double,Yes,Gas,Gas Boiler - Combi,,,,0.0,0.0,1.0,No,No,,,,,,,,,,,,,,None - Installation not recommended,,,,,,,,,,,,,,,,,,,,,,,,,,,,,,,,,,,,,,,,,,,,,,,,House_Detached_2.0
OVO,EOH2039,ME16,40.0,Working Full time (>30hrs),Professional,"50,001+",2021-01-31T00:00:00.000Z,Owner-Occupied,,C1,3.0,22/03/2021,Retrofitworks,Suburban,1965-1980,,2.0,2.0,94.0,6.0,3.0,6.0,2.35,Solid_No_insulation,Solid,Pitched,Double,Yes,Gas,Gas Boiler - Combi,,,,0.0,0.0,0.0,No,No,,,7.76,83.28,13585.0,3821.0,136.0,,,No,No,No,Yes,Hybrid,,13119.86,0.0,755.98,15.0,5.0,Yes,21/04/2021,Ecolution Group,Hybrid,Separate_New Boiler,Daikin,EHYBH08AV32,8.0,R410A,,,,,1.0,0.0,0.0,0.0,,,No,0.0,0.0,0.0,No,No,0.0,0.0,,No,5949.49,1648.37,3288.6,0.0,0.0,0.0,0.0,0.0,0.0,0.0,3.0,0.0,House_Mid-Terrace_2.0
OVO,EOH2563,GU9,40.0,Working Full time (>30hrs),Professional,Prefer not to say,2021-02-01T00:00:00.000Z,Owner-Occupied,2.0,C1,4.0,20/04/2021,Retrofitworks,Suburban,Pre 1919,,2.0,2.0,129.6,9.0,3.0,9.0,2.4,Cavity_No_insulation,Suspended,Pitched,Double,Yes,Gas,Gas Boiler - Combi,,,,0.0,0.0,0.0,No,No,,,,,,,,,,,,,,None - Installation not recommended,,,,,,,,,,,,,,,,,,,,,,,,,,,,,,,,,,,,,,,,,,,,,,,,House_Semi-Detached_2.0
OVO,EOH3200,ME15,46.0,Working Full time (>30hrs),Professional,"50,001+",2021-02-09T00:00:00.000Z,Owner-Occupied,17.0,AB,4.0,05/03/2021,Retrofitworks,Urban,1965-1980,,2.0,1.0,97.34,5.0,3.0,5.0,2.35,Cavity_Insulated,Solid,Pitched,Double,Yes,Gas,Gas Boiler - Standard,,Water,120,0.0,0.0,1.0,No,No,,,,,,,,,,,,,,None - Installation not recommended,,,,,,,,,,,,,,,,,,,,,,,,,,,,,,,,,,,,,,,,,,,,,,,,House_Mid-Terrace_2.0
OVO,EOH0728,TN6,59.0,Working Full time (>30hrs),Professional,"50,001+",2021-02-01T00:00:00.000Z,Owner-Occupied,9.0,AB,5.0,01/03/2021,Retrofitworks,Rural,2001+,,2.0,1.0,214.0,8.0,4.0,8.0,2.4,Cavity_Insulated,Solid,Pitched,Double,No,Oil,Oil Boiler,,Water,200,0.0,0.0,0.0,No,No,,,13.24,72.02,21922.0,1677.0,163.0,48.0,3.37,Yes,No,Yes,Yes,ASHP,,15035.0,0.0,1230.23,15.0,,Yes,08/03/2021,Ecolution Group,ASHP,,Mitsubishi,PUZ-WM112VAA,11.2,R32,,Water_New,300.0,,1.0,0.0,0.0,0.0,,Low Noise Heat Pump,No,0.0,0.0,0.0,No,No,0.0,0.0,,No,7270.68,1508.0,3276.0,0.0,0.0,0.0,0.0,0.0,0.0,0.0,7.0,3.0,House_Detached_2.0
OVO,EOH0737,BN23,40.0,Working Full time (>30hrs),Manager,Prefer not to say,2021-02-02T00:00:00.000Z,Owner-Occupied,2.0,C2,2.0,23/02/2021,Retrofitworks,Suburban,1981-1990,,2.0,2.0,94.0,5.0,3.0,5.0,2.4,Cavity_Insulated,Suspended,Pitched,Double,Yes,Gas,Gas Boiler - Combi,,,,0.0,0.0,0.0,No,No,,,5.9,62.44,12008.0,3057.0,109.0,50.0,3.35,Yes with additional measures,No,Yes with additional measures,Yes with additional measures,ASHP,Heat Emitters,9261.0,1630.0,758.18,15.0,,Yes,14/06/2021,Reina Group,ASHP,,Daikin,EDLQ07CV3,7.0,R410A,,Water_New,200.0,,1.0,0.0,4.0,0.0,,,No,0.0,0.0,0.0,No,No,0.0,0.0,,No,5320.7,1162.0,3267.3,1141.0,0.0,0.0,0.0,0.0,0.0,0.0,4.0,1.0,House_Detached_2.0
OVO,EOH0077,PO10,49.0,Working Full time (>30hrs),Manager,"50,001+",2021-02-02T00:00:00.000Z,Owner-Occupied,11.0,AB,4.0,03/03/2021,Retrofitworks,Suburban,1965-1980,,3.0,1.0,200.73,7.0,4.0,7.0,2.3,Cavity_Insulated,Solid,Pitched,Double,Yes,Gas,Gas Boiler - Standard,,Water,150,0.0,0.0,0.0,No,No,,,,,,,,,,,,,,None - Installation not recommended,,,,,,,,,,,,,,,,,,,,,,,,,,,,,,,,,,,,,,,,,,,,,,,,House_Detached_2.0
OVO,EOH1427,RH17,32.0,Working Full time (>30hrs),Professional,"50,001+",2021-02-03T00:00:00.000Z,Owner-Occupied,,AB,4.0,30/03/2021,Retrofitworks,Suburban,Pre 1919,,2.0,0.0,98.34,8.0,2.0,5.0,2.4,Cavity_Insulated,Solid,Pitched,Double,Yes,Gas,Gas Boiler - Standard,,Water,120,0.0,0.0,0.0,No,No,,,,,,,,,,,,,,None - Installation not recommended,,,,,,,,,,,,,,,,,,,,,,,,,,,,,,,,,,,,,,,,,,,,,,,,House_Semi-Detached_2.0
OVO,EOH2388,OX2,61.0,Working Full time (>30hrs),Manager,"50,001+",2021-02-04T00:00:00.000Z,Owner-Occupied,16.0,AB,5.0,24/02/2021,Retrofitworks,Suburban,2001+,,2.0,1.0,146.7,8.0,4.0,8.0,2.5,Cavity_No_insulation,Solid,Pitched,Double,Yes,Gas,Gas Boiler - Standard,,Water,170,0.0,0.0,0.0,No,No,,,5.82,,20220.0,,,,,Yes,No,Yes,Yes,None - Installation not recommended,,13810.65,0.0,873.5,15.0,,,,,,,,,,,,,,,,,,,,,,,,,,,,,,,,,,,,,,,,,,,House_End-Terrace_2.0
OVO,EOH0987,PO6,32.0,Working Full time (>30hrs),Professional,"30,001 - 40,000",2021-02-04T00:00:00.000Z,Owner-Occupied,,C2,4.0,22/02/2021,Retrofitworks,Suburban,1981-1990,,1.0,0.0,90.4,4.0,3.0,1.0,2.4,Cavity_Insulated,Solid,Pitched,Double,Yes,Gas,Fire - Gas,,,,0.0,1.0,1.0,No,No,,,,,,,,,,,,,,None - Installation not recommended,,,,,,,,,,,,,,,,,,,,,,,,,,,,,,,,,,,,,,,,,,,,,,,,House_Mid-Terrace_2.0
OVO,EOH0550,BN43,75.0,Retired,Professional,"30,001 - 40,000",2021-02-04T00:00:00.000Z,Owner-Occupied,5.0,DE,4.0,02/03/2021,Retrofitworks,Suburban,2001+,,2.0,0.0,72.5,5.0,4.0,5.0,2.5,Cavity_Insulated,Solid,Pitched,Double,Yes,Gas,Gas Boiler - Combi,,,,0.0,0.0,0.0,No,No,,,,,,,,,,,,,,None - Installation not recommended,,,,,,,,,,,,,,,,,,,,,,,,,,,,,,,,,,,,,,,,,,,,,,,,House_Semi-Detached_2.0
OVO,EOH2586,TN3,47.0,Working Full time (>30hrs),Professional,"50,001+",2021-02-05T00:00:00.000Z,Owner-Occupied,11.0,C1,4.0,16/02/2021,Retrofitworks,Suburban,1945-1964,,2.0,0.0,189.41,9.0,4.0,9.0,2.4,Cavity_Insulated,Solid,Pitched,Double,No,Oil,Oil Boiler,,Water,150,0.0,0.0,0.0,No,No,,,9.14,48.2,21217.0,2795.0,106.0,45.0,3.52,Yes,No,Yes,Yes,ASHP,,14864.66,0.0,1260.0,15.0,,Yes,01/03/2021,OHM Energy,ASHP,,Mitsubishi,PUZ-WM112VAA,11.2,R32,,Water_New,250.0,,1.0,0.0,0.0,0.0,,Low Noise Heat Pump,No,0.0,0.0,0.0,No,No,0.0,0.0,,No,6492.26,2485.0,3847.4,0.0,0.0,0.0,0.0,0.0,0.0,0.0,11.0,0.0,House_Detached_2.0
OVO,EOH0620,HP22,25.0,Training or education,Skilled Manual Worker,"40,001 - 50,000",2021-02-05T00:00:00.000Z,Owner-Occupied,,C2,3.0,11/03/2021,Retrofitworks,Suburban,1945-1964,,2.0,0.0,81.2,5.0,2.0,4.0,2.4,Cavity_Insulated,Solid,Pitched,Double,No,Electricity,Electric - Direct,,Water,110,0.0,0.0,0.0,No,No,,,,,,,,,,,,,,None - Installation not recommended,,,,,,,,,,,,,,,,,,,,,,,,,,,,,,,,,,,,,,,,,,,,,,,,House_Semi-Detached_2.0
OVO,EOH2373,CT1,68.0,Retired,Pensioner,"20,001 - 25,000",2021-02-06T00:00:00.000Z,Owner-Occupied,3.0,DE,4.0,03/03/2021,Retrofitworks,Suburban,1919-1944,,2.0,0.0,94.4,5.0,3.0,5.0,2.35,Cavity_Insulated,Suspended,Pitched,Double,Yes,Gas,Gas Boiler - Combi,,,,0.0,0.0,1.0,No,No,,,,,,,,,,,,,,None - Installation not recommended,,,,,,,,,,,,,,,,,,,,,,,,,,,,,,,,,,,,,,,,,,,,,,,,House_Semi-Detached_2.0
OVO,EOH2358,OX7,45.0,Working Full time (>30hrs),Professional,"50,001+",2021-02-07T00:00:00.000Z,Owner-Occupied,14.0,AB,3.0,24/02/2021,Retrofitworks,Suburban,1945-1964,,2.0,0.0,88.6,3.0,2.0,3.0,2.4,Cavity_Insulated,Suspended,Pitched,Double,Yes,Gas,Gas Boiler - Combi,,,,0.0,0.0,1.0,No,No,,,,,,,,,,,,,,None - Installation not recommended,,,,,,,,,,,,,,,,,,,,,,,,,,,,,,,,,,,,,,,,,,,,,,,,House_Detached_1.0
OVO,EOH0555,PO14,,Unemployed,Unemployed/Benefits,"20,001 - 25,000",2021-02-08T00:00:00.000Z,Owner-Occupied,7.0,DE,1.0,01/03/2021,Retrofitworks,Suburban,1965-1980,,1.0,0.0,66.0,6.0,3.0,4.0,2.35,Cavity_Insulated,Solid,Pitched,Double,Yes,Gas,Gas Boiler - Standard,,Water,100,0.0,0.0,0.0,No,No,,,,,,,,,,,,,,None - Installation not recommended,,,,,,,,,,,,,,,,,,,,,,,,,,,,,,,,,,,,,,,,,,,,,,,,House_Mid-Terrace_2.0
OVO,EOH0756,TN92,53.0,Working Full time (>30hrs),Professional,Prefer not to say,2021-02-08T00:00:00.000Z,Owner-Occupied,12.0,C2,4.0,01/03/2021,Retrofitworks,Suburban,1919-1944,,2.0,0.0,113.0,6.0,3.0,6.0,2.4,Cavity_Insulated,Suspended,Pitched,Double,Yes,Gas,Gas Boiler - Standard,,Water,150,0.0,0.0,0.0,No,No,,,4.95,51.56,10927.0,3821.0,136.0,45.0,3.93,Yes,No,Yes,Yes,ASHP,,11749.0,0.0,629.11,15.0,,Yes,15/03/2021,Ecolution Group,ASHP,,Mitsubishi,PUZ-WM50VAA,5.0,R32,,Water_New,210.0,,1.0,0.0,0.0,0.0,,Low Noise Heat Pump,No,0.0,0.0,0.0,No,No,0.0,0.0,,No,6182.36,2061.93,3276.0,0.0,0.0,0.0,0.0,0.0,0.0,0.0,5.0,0.0,House_Semi-Detached_2.0
OVO,EOH2479,OX7,51.0,Working Part time,Unemployed/Benefits,"12,501 - 16,200",2021-02-09T00:00:00.000Z,Owner-Occupied,13.0,DE,3.0,30/04/2021,Retrofitworks,Suburban,1965-1980,,2.0,0.0,125.0,4.0,2.0,4.0,2.35,Cavity_No_insulation,Solid,Pitched,Double,No,Oil,Oil Boiler,Fire - Coal,,,0.0,0.0,0.0,No,No,,,,,,,,,,,,,,,,,,,,,No,,,,,,,,,,,,,,,,,,,,,,,,,,,,,,,,,,,,,,,,,House_Mid-Terrace_2.0
OVO,EOH3040,TN32,41.0,Working Full time (>30hrs),Manager,"30,001 - 40,000",2021-02-10T00:00:00.000Z,Owner-Occupied,,C1,3.0,01/03/2021,Retrofitworks,Suburban,1965-1980,,2.0,2.0,118.0,7.0,3.0,3.0,2.4,Cavity_Insulated,Suspended,Pitched,Double,No,Electricity,Electric - Warm air,,Water,150,0.0,0.0,0.0,No,No,,,8.15,69.06,18853.0,2236.0,85.0,45.0,3.79,Yes,No,Yes,Yes,ASHP,,16195.65,0.0,1102.0,15.0,,Yes,15/03/2021,OHM Energy,ASHP,,Mitsubishi,PUZ-WM112VAA,11.2,R32,,Water_New,250.0,,1.0,0.0,0.0,0.0,,Low Noise Heat Pump,No,0.0,0.0,0.0,No,No,0.0,0.0,,No,8594.8,2500.0,4100.0,0.0,0.0,0.0,0.0,0.0,0.0,0.0,5.0,0.0,House_Detached_2.0
OVO,EOH2202,TN33,50.0,Working Full time (>30hrs),Professional,"25,001 - 30,000",2021-02-11T00:00:00.000Z,Owner-Occupied,20.0,C1,3.0,17/02/2021,Retrofitworks,Suburban,1919-1944,D,2.0,0.0,138.04,6.0,4.0,6.0,2.4,Cavity_Insulated,Solid,Pitched,Double,No,Oil,Oil Boiler,Fire - Wood,,,0.0,0.0,0.0,No,No,,,9.48,68.67,21922.0,1677.0,64.0,45.0,3.79,Yes,No,Yes,Yes,ASHP,,12390.96,,1215.0,15.0,,Yes,01/03/2021,OHM Energy,ASHP,,Mitsubishi,PUZ-WM112VAA,11.2,R32,,Water_New,250.0,,1.0,0.0,0.0,0.0,,Low Noise Heat Pump,No,0.0,0.0,0.0,No,No,0.0,0.0,,No,5040.67,3150.0,3555.28,0.0,0.0,0.0,0.0,0.0,0.0,0.0,5.0,0.0,House_Detached_1.0
OVO,EOH2672,TN13,44.0,Working Full time (>30hrs),Professional,"50,001+",2021-02-11T00:00:00.000Z,Owner-Occupied,9.0,AB,4.0,26/02/2021,Retrofitworks,Urban,1945-1964,,2.0,0.0,83.5,5.0,3.0,5.0,2.4,Cavity_Insulated,Solid,Pitched,Double,Yes,Gas,Gas Boiler - Combi,,,,0.0,0.0,0.0,No,No,,,5.51,45.71,9891.0,3821.0,136.0,47.0,4.01,Yes,No,Yes,Yes,ASHP,,12549.0,,562.31,15.0,,Yes,24/03/2021,Ecolution Group,ASHP,,Mitsubishi,PUZ-WM85VAA,8.5,R32,,Water_New,250.0,,1.0,0.0,0.0,0.0,,Low Noise Heat Pump,No,0.0,0.0,0.0,No,No,0.0,0.0,,No,5822.52,1810.51,3016.0,0.0,0.0,0.0,0.0,0.0,0.0,0.0,6.0,0.0,House_Semi-Detached_1.0
OVO,EOH2467,OX14,53.0,Working Full time (>30hrs),Manager,"40,001 - 50,000",2021-02-12T00:00:00.000Z,Owner-Occupied,12.0,C1,4.0,16/04/2021,Retrofitworks,,Pre 1919,,2.0,2.0,222.18,10.0,4.0,10.0,2.7,Solid_No_insulation,Suspended,Pitched,Single,Yes,Gas,Gas Boiler - Standard,Fire - Wood,Water,170,0.0,1.0,0.0,No,No,,,,,,,,,,Yes with additional measures,No,Yes with additional measures,Yes with additional measures,None - Installation not recommended,,,,,,,,,,,,,,,,,,,,,,,,,,,,,,,,,,,,,,,,,,,,,,,,House_Semi-Detached_3.0
OVO,EOH2824,TN17,38.0,Working Full time (>30hrs),Manager,"50,001+",2021-02-12T00:00:00.000Z,Owner-Occupied,,AB,3.0,03/03/2021,Retrofitworks,Rural,Pre 1919,,2.0,2.0,82.67,8.0,4.0,8.0,2.2,Cavity_No_insulation,Suspended,Pitched,Single,No,Oil,Oil Boiler,,Water,100,0.0,0.0,0.0,No,No,,,,,,,,,,Yes with additional measures,No,Yes with additional measures,Yes with additional measures,None - Installation not recommended,,,,,,,,,,,,,,,,,,,,,,,,,,,,,,,,,,,,,,,,,,,,,,,,House_Semi-Detached_2.0
OVO,EOH2244,KT20,68.0,Retired,Pensioner,"30,001 - 40,000",2021-02-16T00:00:00.000Z,Owner-Occupied,35.0,DE,3.0,25/04/2021,Retrofitworks,Rural,Pre 1919,,2.0,0.0,183.2,5.0,4.0,5.0,2.6,Cavity_No_insulation,Suspended,Pitched,Double,Yes,Gas,Gas Boiler - Standard,,Water,150,0.0,0.0,0.0,No,No,,,10.1,51.26,23720.0,3596.0,1486.0,,,Yes,No,Yes,Yes,ASHP,,11900.63,0.0,1138.0,14.0,,Yes,10/06/2021,Elite Renewables,ASHP,,Mitsubishi,PUZ-WM112VAA,11.2,R32,,Water_New,250.0,,1.0,0.0,0.0,0.0,,Low Noise Heat Pump,No,0.0,0.0,0.0,No,No,0.0,0.0,,No,5706.47,1051.73,5142.43,0.0,0.0,0.0,0.0,0.0,0.0,0.0,9.0,0.0,House_Detached_2.0
OVO,EOH2422,CT5,44.0,Working Full time (>30hrs),Manager,"50,001+",2021-02-18T00:00:00.000Z,Owner-Occupied,2.0,AB,3.0,26/02/2021,Retrofitworks,Urban,2001+,,2.0,1.0,188.6,8.0,4.0,8.0,2.5,Cavity_Insulated,Solid,Pitched,Double,Yes,Gas,Gas Boiler - Standard,,Water,200,0.0,0.0,0.0,No,No,,,8.67,50.0,21991.0,3821.0,136.0,50.0,3.66,Yes,No,Yes,Yes,ASHP,Heat Emitters,12699.0,1247.0,1030.92,13.0,,Yes,15/03/2021,Reina Group,ASHP,,Mitsubishi,PUZ-WM112VAA,11.2,R32,,Water_New,210.0,,1.0,0.0,6.0,0.0,,Low Noise Heat Pump,No,0.0,0.0,0.0,No,No,0.0,0.0,,No,6659.67,1183.0,3735.24,872.9,0.0,0.0,0.0,0.0,0.0,0.0,5.0,2.0,House_Detached_2.0
OVO,EOH1207,BN44,,Retired,Pensioner,"50,001+",2021-02-19T00:00:00.000Z,Owner-Occupied,9.0,DE,4.0,14/04/2021,Retrofitworks,Suburban,Pre 1919,,2.0,2.0,140.7,7.0,4.0,7.0,2.4,Solid_Insulated,Suspended,Pitched,Double,Yes,Gas,Gas Boiler - Standard,,Water,130,0.0,0.0,0.0,No,No,,,8.31,172.0,21321.0,4495.0,718.0,50.0,3.81,Yes,No,Yes,Yes,ASHP,,15160.34,0.0,1233.0,15.0,,Yes,09/09/2021,Elite Renewables,ASHP,,Mitsubishi,PUZ-WM85VAA,8.5,R32,,Water_New,250.0,,1.0,0.0,0.0,0.0,,Low Noise Heat Pump,No,0.0,0.0,0.0,No,No,0.0,0.0,,No,6381.19,1547.98,6340.72,0.0,0.0,0.0,0.0,0.0,0.0,0.0,8.5,0.0,House_Semi-Detached_2.0
OVO,EOH1834,CT18,56.0,Working Full time (>30hrs),Professional,"50,001+",2021-03-02T00:00:00.000Z,Owner-Occupied,6.0,AB,4.0,22/03/2021,Retrofitworks,Suburban,Pre 1919,,2.0,0.0,103.39,6.0,3.0,6.0,2.4,Cavity_Insulated,Solid,Pitched,Double,No,Electricity,Electric - Storage,,Water,110,0.0,0.0,0.0,No,No,,,8.95,86.56,20833.0,3057.0,109.0,50.0,3.16,Yes with additional measures,No,Yes with additional measures,No,ASHP,Heat Emitters,8685.7,5869.5,1218.32,15.0,,Yes,29/03/2021,Reina Group,ASHP,,Daikin,EDHQ016BB6V3-104696,16.0,R410A,,Water_New,200.0,,1.0,0.0,9.0,0.0,,,No,0.0,0.0,0.0,No,No,0.0,0.0,,No,4896.99,1183.0,3376.56,1798.65,0.0,0.0,0.0,0.0,0.0,0.0,4.0,2.0,House_Semi-Detached_2.0
OVO,EOH3177,RH17,,Working Full time (>30hrs),Supervisor,Prefer not to say,2021-03-05T00:00:00.000Z,Owner-Occupied,3.0,AB,4.0,10/05/2021,Retrofitworks,Rural,Pre 1919,,2.0,0.0,130.0,5.0,3.0,6.0,2.4,Cavity_Insulated,Solid,Pitched,Double,No,Electricity,Electric - Storage,,Water,170,0.0,0.0,0.0,No,No,,,6.522,57.25,18389.0,4839.0,108.0,50.0,3.64,Yes,No,Yes,No,ASHP,,13288.78,0.0,1065.0,16.0,,Yes,02/06/2021,A Greener Alternative,ASHP,,Mitsubishi,PUZ-WM85VAA,8.5,R32,,Water_New,250.0,,1.0,0.0,0.0,0.0,,Low Noise Heat Pump,No,0.0,0.0,0.0,No,No,0.0,0.0,,No,5677.83,2445.95,4380.0,0.0,0.0,0.0,0.0,0.0,0.0,0.0,3.0,0.0,House_Semi-Detached_2.0
OVO,EOH1764,GU9,,Working Part time,Professional,"50,001+",2021-03-06T00:00:00.000Z,Owner-Occupied,15.0,AB,4.0,12/03/2021,Retrofitworks,Suburban,1945-1964,,2.0,0.0,159.6,8.0,4.0,8.0,2.4,Cavity_Insulated,Solid,Pitched,Double,Yes,Gas,Gas Boiler - Standard,,Water,200,0.0,0.0,0.0,No,No,,,12.17,72.31,33398.35,5475.4,1760.45,45.0,3.32,Yes with additional measures,No,Yes with additional measures,Yes with additional measures,ASHP,Heat Emitters,12807.49,2293.2,1654.83,14.0,,Yes,27/04/2021,Northern Gas,ASHP,,Daikin,EDLQ014CAV3,14.0,R410A,,Water_New,250.0,,1.0,0.0,13.0,0.0,,,No,0.0,0.0,0.0,No,No,0.0,0.0,,No,6478.08,1939.36,3261.0,1474.2,0.0,0.0,0.0,0.0,0.0,0.0,3.0,2.0,House_Detached_2.0
OVO,EOH1944,TN15,37.0,Working Full time (>30hrs),Manager,"50,001+",2021-03-10T00:00:00.000Z,Owner-Occupied,8.0,C1,4.0,15/03/2021,Retrofitworks,Rural,1945-1964,,2.0,2.0,88.96,7.0,3.0,7.0,2.4,Cavity_Insulated,Solid,Pitched,Double,No,Oil,Oil Boiler,,Water,170,0.0,0.0,0.0,No,No,,,7.42,83.39,16256.0,3057.0,109.0,50.0,3.81,Yes,No,Yes,Yes,ASHP,,10829.38,0.0,842.79,15.0,,Yes,07/06/2021,Reina Group,ASHP,,Mitsubishi,PUZ-WM85VAA,8.5,R32,,Water_New,200.0,,1.0,0.0,10.0,0.0,,Low Noise Heat Pump,No,0.0,0.0,0.0,No,No,0.0,0.0,,No,6355.57,1225.0,4375.16,2628.14,0.0,0.0,0.0,0.0,0.0,0.0,2.0,3.0,House_Semi-Detached_2.0
OVO,EOH0166,BN12,55.0,Working Full time (>30hrs),Professional,Prefer not to say,2021-03-12T00:00:00.000Z,Owner-Occupied,4.0,C1,4.0,15/03/2021,Retrofitworks,Suburban,1919-1944,,2.0,0.0,61.0,5.0,2.0,5.0,2.4,Cavity_Insulated,Solid,Pitched,Double,Yes,Gas,Gas Boiler - Combi,,,,0.0,0.0,0.0,No,No,,,7.1,86.68,17034.0,4732.0,108.0,50.0,3.64,Yes,No,Yes,Yes,ASHP,,13841.37,0.0,959.0,15.0,,Yes,15/03/2021,A Greener Alternative,ASHP,,Mitsubishi,PUZ-WM85VAA,8.5,R32,,Water_New,250.0,,1.0,0.0,0.0,0.0,,Low Noise Heat Pump,No,0.0,0.0,0.0,No,No,0.0,0.0,,No,6398.27,2770.1,2250.0,0.0,0.0,0.0,0.0,0.0,0.0,0.0,5.0,0.0,House_Detached_1.0
OVO,EOH1768,MK3,,Working Full time (>30hrs),Manager,Prefer not to say,2021-03-13T00:00:00.000Z,Owner-Occupied,6.0,AB,3.0,13/04/2021,Retrofitworks,Suburban,2001+,,1.0,0.0,152.0,6.0,5.0,10.0,2.4,Cavity_Insulated,Solid,Pitched,Double,Yes,Gas,Gas Boiler - Standard,,Water,200,0.0,0.0,1.0,No,No,,,,,,,,,,,,,,None - Installation not recommended,,,,,,,,,,,,,,,,,,,,,,,,,,,,,,,,,,,,,,,,,,,,,,,,House_Detached_2.0
OVO,EOH0073,BN25,61.0,Working Part time,Casual worker,"30,001 - 40,000",2021-03-16T00:00:00.000Z,Owner-Occupied,19.0,DE,4.0,26/03/2021,Retrofitworks,Suburban,1919-1944,,2.0,0.0,113.0,7.0,3.0,7.0,2.4,Cavity_Insulated,Solid,Pitched,Double,Yes,Gas,Gas Boiler - Combi,,,,0.0,0.0,0.0,No,No,,,5.6,49.55,12762.0,2889.0,156.0,45.0,3.84,Yes,No,Yes,Yes,ASHP,,14584.66,0.0,783.0,15.0,,Yes,10/03/2021,OHM Energy,ASHP,,Mitsubishi,PUZ-WM85VAA,8.5,R32,,Water_New,200.0,,1.0,0.0,0.0,0.0,,,No,0.0,0.0,0.0,No,No,0.0,0.0,,No,7774.66,2300.0,3960.52,0.0,0.0,0.0,0.0,0.0,0.0,0.0,4.0,0.0,House_Detached_2.0
OVO,EOH3089,BN8,51.0,Working Full time (>30hrs),Manager,"50,001+",2021-03-18T00:00:00.000Z,Owner-Occupied,12.0,AB,1.0,07/04/2021,Retrofitworks,Suburban,1981-1990,,2.0,2.0,139.0,8.0,5.0,10.0,2.45,Cavity_Insulated,Solid,Pitched,Double,No,Oil,Oil Boiler,,Water,200,0.0,0.0,0.0,No,No,,,8.4,64.27,19140.0,4839.0,490.0,50.0,3.64,Yes,No,Yes,Yes,ASHP,,13737.57,0.0,1351.0,15.0,,Yes,07/04/2021,A Greener Alternative,ASHP,,Mitsubishi,PUZ-WM85VAA,8.5,R32,,Water_New,250.0,,1.0,0.0,0.0,0.0,,Low Noise Heat Pump,No,0.0,0.0,0.0,No,No,0.0,0.0,,No,4500.0,1497.33,5510.0,0.0,0.0,0.0,0.0,0.0,0.0,0.0,6.0,0.0,House_Detached_2.0
OVO,EOH0025,ME15,36.0,Working Full time (>30hrs),Supervisor,"30,001 - 40,000",2021-03-24T00:00:00.000Z,Owner-Occupied,5.0,C1,2.0,22/03/2021,Retrofitworks,Suburban,2001+,,2.0,2.0,80.0,5.0,3.0,5.0,2.4,Cavity_Insulated,Solid,Pitched,Double,No,Electricity,Electric - Direct,,Water,,0.0,0.0,0.0,No,No,,,4.63,67.47,8218.0,2292.0,82.0,50.0,3.58,Yes,No,Yes,Yes,ASHP,,11072.56,0.0,431.66,15.0,,Yes,31/03/2021,Ecolution Group,ASHP,,Mitsubishi,PUZ-WM50VAA,5.0,R32,,Water_New,170.0,,1.0,0.0,0.0,0.0,,Low Noise Heat Pump,No,0.0,0.0,0.0,No,No,0.0,0.0,,No,5693.14,1855.92,3523.5,0.0,0.0,0.0,0.0,0.0,0.0,0.0,4.0,1.0,House_Mid-Terrace_2.0
OVO,EOH1704,CT20,61.0,Working Full time (>30hrs),Manager,"50,001+",2021-03-25T00:00:00.000Z,Owner-Occupied,34.0,AB,3.0,01/04/2021,Retrofitworks,Suburban,1965-1980,,2.0,0.0,64.69,5.0,3.0,5.0,2.4,Cavity_Insulated,Solid,Pitched,Double,Yes,Gas,Gas Boiler - Standard,,Water,150,0.0,0.0,0.0,No,No,,,4.01,61.99,9467.0,3057.0,109.0,50.0,3.35,Yes with additional measures,No,Yes with additional measures,Yes with additional measures,ASHP,Heat Emitters,10049.0,3235.0,675.33,15.0,,Yes,17/05/2021,Reina Group,ASHP,,Daikin,EDLQ07CV3,7.0,R410A,,Water_New,200.0,,1.0,0.0,8.0,0.0,,,No,0.0,0.0,0.0,No,No,0.0,0.0,,No,4762.59,1225.0,3536.52,2264.29,0.0,0.0,0.0,0.0,0.0,0.0,3.0,2.0,House_Semi-Detached_2.0
OVO,EOH1839,BN8,49.0,Working Full time (>30hrs),Professional,Prefer not to say,2021-04-06T00:00:00.000Z,Owner-Occupied,8.0,AB,4.0,27/04/2021,Retrofitworks,Suburban,1919-1944,,2.0,2.0,160.0,7.0,4.0,7.0,2.4,Cavity_Insulated,Suspended,Pitched,Double,No,Oil,Oil Boiler,,Water,120,0.0,0.0,0.0,No,No,,,6.45,63.0,17446.0,3872.0,108.0,50.0,3.64,Yes,No,Yes,No,ASHP,,13433.13,0.0,998.0,16.0,,Yes,14/06/2021,A Greener Alternative,ASHP,,Mitsubishi,PUZ-WM85VAA,8.5,R32,,Water_New,250.0,,1.0,0.0,0.0,0.0,,Low Noise Heat Pump,No,0.0,0.0,0.0,No,No,0.0,0.0,,No,5677.83,2810.0,4945.3,0.0,0.0,0.0,0.0,0.0,0.0,0.0,5.0,0.0,House_Semi-Detached_2.0
OVO,EOH0709,BN1,64.0,Retired,Manager,"50,001+",2021-04-06T00:00:00.000Z,Owner-Occupied,32.0,DE,4.0,14/04/2021,Retrofitworks,Urban,Pre 1919,,2.0,0.0,67.0,4.0,2.0,4.0,2.4,Solid_No_insulation,Suspended,Flat,Single,Yes,Gas,Gas Boiler - Combi,,,,0.0,0.0,0.0,No,No,,,5.26,91.16,11647.0,2904.0,108.0,50.0,3.56,Yes,No,Yes,Yes,ASHP,,13693.71,2250.0,687.0,16.0,,Yes,10/05/2021,A Greener Alternative,ASHP,,Mitsubishi,PUZ-WM112VAA,11.2,R32,,Water_New,170.0,,1.0,0.0,0.0,0.0,,Low Noise Heat Pump,No,0.0,0.0,0.0,No,No,0.0,0.0,,No,6102.0,2214.0,3687.85,0.0,0.0,0.0,0.0,0.0,0.0,0.0,4.0,0.0,Flat_Mid-Terrace_1.0
OVO,EOH0234,BN8,57.0,Working Part time,Clerical,"20,001 - 25,000",2021-04-09T00:00:00.000Z,Owner-Occupied,,C1,4.0,26/04/2021,Retrofitworks,Urban,1945-1964,,2.0,0.0,82.2,5.0,2.0,4.0,2.3,Cavity_Insulated,Solid,Pitched,Double,No,Electricity,Electric - Warm air,Fire - Coal,Water,100,0.0,0.0,0.0,No,No,,,4.15,52.62,11946.0,3872.0,108.0,50.0,3.82,Yes,No,Yes,No,ASHP,,11837.03,0.0,694.0,16.0,,Yes,11/05/2021,A Greener Alternative,ASHP,,Mitsubishi,PUZ-WM60VAA,6.0,R32,,Water_New,210.0,,1.0,0.0,0.0,0.0,,Low Noise Heat Pump,No,0.0,0.0,0.0,No,No,0.0,0.0,,No,4428.6,2613.43,4652.0,0.0,0.0,0.0,0.0,0.0,0.0,0.0,3.0,0.0,House_Mid-Terrace_2.0
OVO,EOH0999,ME8,38.0,Working Part time,Manager,"30,001 - 40,000",2021-04-14T00:00:00.000Z,Owner-Occupied,5.0,AB,4.0,30/04/2021,Retrofitworks,Suburban,1945-1964,,2.0,1.0,106.02,6.0,3.0,6.0,2.4,Cavity_Insulated,Suspended,Pitched,Double,Yes,Gas,Gas Boiler - Combi,,,,0.0,0.0,0.0,No,No,,,8.12,77.03,13103.0,3057.0,109.0,45.0,4.14,Yes,No,Yes,Yes,ASHP,,12269.9,0.0,611.31,15.0,,Yes,10/05/2021,Ecolution Group,ASHP,,Mitsubishi,PUZ-WM85VAA,8.5,R32,,Water_New,200.0,,1.0,0.0,0.0,0.0,,Low Noise Heat Pump,No,0.0,0.0,0.0,No,No,0.0,0.0,,No,7109.45,2074.85,3085.6,0.0,0.0,0.0,0.0,0.0,0.0,0.0,5.0,0.0,House_Mid-Terrace_2.0
OVO,EOH0177,TN21,57.0,Working Full time (>30hrs),Manager,"30,001 - 40,000",2021-05-17T00:00:00.000Z,Owner-Occupied,13.0,C1,4.0,17/05/2021,Retrofitworks,Suburban,Pre 1919,,2.0,2.0,130.0,7.0,4.0,9.0,2.5,Cavity_No_insulation,Suspended,Pitched,Double,Yes,Gas,Gas Boiler - Combi,,,,0.0,0.0,0.0,No,No,,,8.15,62.69,18853.0,2236.0,85.0,45.0,3.97,Yes,No,Yes,Yes,ASHP,,13895.66,0.0,1102.0,15.0,,Yes,15/06/2021,OHM Energy,ASHP,,Mitsubishi,PUZ-WM85VAA,8.5,R32,,Water_New,250.0,,1.0,0.0,0.0,0.0,,Low Noise Heat Pump,No,0.0,0.0,0.0,No,No,0.0,0.0,,No,5694.8,1950.0,2435.0,0.0,0.0,0.0,0.0,0.0,0.0,0.0,6.0,0.0,House_Detached_2.0
OVO,EOH2758,BN8,48.0,Working Full time (>30hrs),Skilled Manual Worker,"30,001 - 40,000",2021-05-20T00:00:00.000Z,Owner-Occupied,13.0,C2,4.0,17/05/2021,Retrofitworks,Suburban,2001+,,3.0,1.0,140.0,5.0,3.0,9.0,2.45,Solid_Insulated,Solid,Pitched,Double,No,Oil,Oil Boiler,,Water,210,9.0,0.0,0.0,No,No,,,6.0,37.64,11760.0,2795.0,156.0,45.0,3.83,Yes,No,Yes,No,ASHP,,13363.23,0.0,785.5,15.0,,Yes,14/06/2021,OHM Energy,ASHP,,Mitsubishi,PUZ-WM60VAA,6.0,R32,,Water_New,300.0,,1.0,0.0,0.0,0.0,,Low Noise Heat Pump,No,0.0,0.0,0.0,No,No,0.0,0.0,,No,6556.85,2310.52,2500.0,0.0,0.0,0.0,0.0,0.0,0.0,0.0,5.0,0.0,House_Detached_2.0
OVO,EOH2505,BN15,56.0,Working Full time (>30hrs),Skilled Manual Worker,"40,001 - 50,000",2021-06-05T00:00:00.000Z,Owner-Occupied,12.0,C2,5.0,16/06/2021,Retrofitworks,Suburban,1965-1980,D,2.0,0.0,88.0,5.0,3.0,6.0,2.45,Cavity_Insulated,Solid,Pitched,Double,Yes,Gas,Gas Boiler - Standard,,Water,200,6.0,1.0,0.0,No,No,,,5.4,70.86,13320.0,3549.0,108.0,50.0,3.82,Yes,No,Yes,Yes,ASHP,,13665.63,0.0,976.0,16.0,,Yes,28/06/2021,A Greener Alternative,ASHP,,Mitsubishi,PUZ-WM60VAA,6.0,R32,,Water_New,400.0,,1.0,0.0,0.0,0.0,,Low Noise Heat Pump,No,0.0,0.0,0.0,No,No,0.0,0.0,,No,5020.98,1510.25,4539.77,0.0,0.0,0.0,0.0,0.0,0.0,0.0,6.0,0.0,House_Detached_2.0
OVO,EOH0329,KT18,83.0,Retired,Pensioner,Prefer not to say,2021-06-09T00:00:00.000Z,Rented (Social),11.0,DE,1.0,14/03/2021,Retrofitworks,Urban,1991-2000,D,2.0,0.0,47.0,3.0,1.0,3.0,2.38,Cavity_Insulated,Suspended,Pitched,Double,No,Electricity,Electric - Storage,Electric - Storage,Water,100,0.0,0.0,0.0,Yes - Borehole,Yes,,,2.664,36.0,5525.0,1798.0,0.0,,,No,Yes with additional measures,No,No,GSHP,Heat Emitters,15920.96,3887.25,320.96,17.0,,Yes,31/07/2021,Kensa,GSHP,Shared_Groundloop,Kensa,S6-P0K,3.0,R134a,,PCM_New,,10.5,1.0,0.0,5.0,0.0,,,No,0.0,0.0,0.0,No,No,0.0,0.0,,No,2907.89,1982.51,8530.78,3887.25,0.0,0.0,0.0,0.0,0.0,0.0,3.0,0.0,Flat_Flat_1.0
OVO,EOH2035,KT18,74.0,Retired,Pensioner,Prefer not to say,2021-06-09T00:00:00.000Z,Rented (Social),11.0,DE,1.0,14/03/2021,Retrofitworks,Urban,1991-2000,C,1.0,0.0,48.0,2.0,1.0,3.0,2.38,Cavity_Insulated,Suspended,Pitched,Double,No,Electricity,Electric - Storage,Electric - Storage,Water,100,0.0,0.0,0.0,Yes - Borehole,Yes,,,2.3,36.0,4564.0,1798.0,0.0,,,No,Yes with additional measures,No,No,GSHP,Heat Emitters,15920.96,3887.25,320.96,17.0,,Yes,31/07/2021,Kensa,GSHP,Shared_Groundloop,Kensa,S6-P0K,3.0,R134a,,PCM_New,,10.5,1.0,0.0,5.0,0.0,,,No,0.0,0.0,0.0,No,No,0.0,0.0,,No,2907.89,1982.51,8530.78,3887.25,0.0,0.0,0.0,0.0,0.0,0.0,3.0,0.0,Flat_Flat_1.0
OVO,EOH0576,KT18,88.0,Retired,Pensioner,Prefer not to say,2021-06-09T00:00:00.000Z,Rented (Social),11.0,DE,1.0,14/03/2021,Retrofitworks,Urban,1991-2000,D,2.0,0.0,47.0,2.0,1.0,3.0,2.38,Cavity_Insulated,Suspended,Pitched,Double,No,Electricity,Electric - Storage,Electric - Storage,Water,100,0.0,0.0,0.0,Yes - Borehole,Yes,,,2.59,36.0,5377.0,1798.0,0.0,,,No,Yes with additional measures,No,No,GSHP,Heat Emitters,15920.96,3887.25,320.96,17.0,,Yes,24/07/2021,Kensa,GSHP,Shared_Groundloop,Kensa,S6-P0K,3.0,R134a,,PCM_New,,10.5,1.0,0.0,5.0,0.0,,,No,0.0,0.0,0.0,No,No,0.0,0.0,,No,2907.89,1982.51,8530.78,3887.25,0.0,0.0,0.0,0.0,0.0,0.0,3.0,0.0,Flat_Flat_1.0
OVO,EOH0653,KT18,75.0,Retired,Pensioner,Prefer not to say,2021-06-09T00:00:00.000Z,Rented (Social),8.0,C2,1.0,14/03/2021,Retrofitworks,Urban,1991-2000,C,1.0,0.0,48.0,2.0,1.0,3.0,2.38,Cavity_Insulated,Suspended,Pitched,Double,No,Electricity,Electric - Storage,Electric - Storage,Water,100,0.0,0.0,0.0,Yes - Borehole,Yes,,,2.59,36.0,5377.0,1798.0,0.0,,,No,Yes with additional measures,No,No,GSHP,Heat Emitters,15920.96,3887.25,320.96,17.0,,Yes,24/07/2021,Kensa,GSHP,Shared_Groundloop,Kensa,S6-P0K,3.0,R134a,,PCM_New,,10.5,1.0,0.0,5.0,0.0,,,No,0.0,0.0,0.0,No,No,0.0,0.0,,No,2907.89,1982.51,8530.78,3887.25,0.0,0.0,0.0,0.0,0.0,0.0,3.0,0.0,Flat_Flat_1.0
OVO,EOH1866,KT18,52.0,Unemployed,Unemployed/Benefits,Prefer not to say,2021-06-09T00:00:00.000Z,Rented (Social),,DE,1.0,14/03/2021,Retrofitworks,Urban,1991-2000,C,1.0,0.0,47.0,2.0,1.0,3.0,2.38,Cavity_Insulated,Suspended,Pitched,Double,No,Electricity,Electric - Storage,Electric - Storage,Water,100,0.0,0.0,0.0,Yes - Borehole,Yes,,,2.59,36.0,5377.0,1798.0,0.0,,,No,Yes with additional measures,No,No,GSHP,Heat Emitters,15920.96,3887.25,320.96,17.0,,Yes,31/07/2021,Kensa,GSHP,Shared_Groundloop,Kensa,S6-P0K,3.0,R134a,,PCM_New,,10.5,1.0,0.0,5.0,0.0,,,No,0.0,0.0,0.0,No,No,0.0,0.0,,No,2907.89,1982.51,8530.78,3887.25,0.0,0.0,0.0,0.0,0.0,0.0,3.0,0.0,Flat_Flat_1.0
OVO,EOH1765,KT18,66.0,Unemployed,Unemployed/Benefits,Prefer not to say,2021-06-09T00:00:00.000Z,Rented (Social),11.0,DE,1.0,14/03/2021,Retrofitworks,Urban,1991-2000,C,1.0,0.0,48.0,2.0,1.0,3.0,2.38,Cavity_Insulated,Suspended,Pitched,Double,No,Electricity,Electric - Storage,Electric - Storage,Water,100,0.0,0.0,0.0,Yes - Borehole,Yes,,,2.257,36.0,4417.0,1750.0,0.0,,,No,Yes with additional measures,No,No,GSHP,Heat Emitters,15920.96,3887.25,320.96,17.0,,Yes,31/07/2021,Kensa,GSHP,Shared_Groundloop,Kensa,S6-P0K,3.0,R134a,,PCM_New,,10.5,1.0,0.0,5.0,0.0,,,No,0.0,0.0,0.0,No,No,0.0,0.0,,No,2907.89,1982.51,8530.78,3887.25,0.0,0.0,0.0,0.0,0.0,0.0,3.0,0.0,Flat_Flat_1.0
OVO,EOH0333,KT18,76.0,Retired,Pensioner,Prefer not to say,2021-06-09T00:00:00.000Z,Rented (Social),5.0,DE,1.0,14/03/2021,Retrofitworks,Urban,1991-2000,C,2.0,0.0,46.0,2.0,1.0,3.0,2.38,Cavity_Insulated,Suspended,Pitched,Double,No,Electricity,Electric - Storage,Electric - Storage,Water,100,0.0,0.0,0.0,Yes - Borehole,Yes,,,2.257,36.0,4417.0,1798.0,0.0,,,No,Yes with additional measures,No,No,GSHP,Heat Emitters,15920.96,3887.25,320.96,17.0,,Yes,24/07/2021,Kensa,GSHP,Shared_Groundloop,Kensa,S6-P0K,3.0,R134a,,PCM_New,,10.5,1.0,0.0,5.0,0.0,,,No,0.0,0.0,0.0,No,No,0.0,0.0,,No,2907.89,1982.51,8530.78,3887.25,0.0,0.0,0.0,0.0,0.0,0.0,3.0,0.0,Flat_Flat_1.0
OVO,EOH2959,KT18,68.0,Retired,Pensioner,Prefer not to say,2021-06-09T00:00:00.000Z,Rented (Social),10.0,DE,1.0,14/03/2021,Retrofitworks,Urban,1991-2000,D,1.0,0.0,47.0,2.0,1.0,3.0,2.38,Cavity_Insulated,Suspended,Pitched,Double,No,Electricity,Electric - Storage,Electric - Storage,Water,100,0.0,0.0,0.0,Yes - Borehole,Yes,,,2.664,36.0,5525.0,1798.0,0.0,,,No,Yes with additional measures,No,No,GSHP,Heat Emitters,15920.96,3887.25,320.96,17.0,,Yes,24/07/2021,Kensa,GSHP,Shared_Groundloop,Kensa,S6-P0K,3.0,R134a,,PCM_New,,10.5,1.0,0.0,5.0,0.0,,,No,0.0,0.0,0.0,No,No,0.0,0.0,,No,2907.89,1982.51,8530.78,3887.25,0.0,0.0,0.0,0.0,0.0,0.0,3.0,0.0,Flat_Flat_1.0
OVO,EOH0955,KT18,67.0,Retired,Pensioner,Prefer not to say,2021-06-09T00:00:00.000Z,Rented (Social),4.0,DE,1.0,14/03/2021,Retrofitworks,Urban,1991-2000,D,1.0,0.0,48.0,2.0,1.0,3.0,2.38,Cavity_Insulated,Suspended,Pitched,Double,No,Electricity,Electric - Storage,Electric - Storage,Water,100,0.0,0.0,0.0,Yes - Borehole,Yes,,,2.664,36.0,5525.0,1798.0,0.0,,,No,Yes with additional measures,No,No,GSHP,Heat Emitters,15920.96,3887.25,320.96,17.0,,Yes,28/06/2021,Kensa,GSHP,Shared_Groundloop,Kensa,S6-P0K,3.0,R134a,,PCM_New,,10.5,1.0,0.0,5.0,0.0,,,No,0.0,0.0,0.0,No,No,0.0,0.0,,No,2907.89,1982.51,8530.78,3887.25,0.0,0.0,0.0,0.0,0.0,0.0,3.0,0.0,Flat_Flat_1.0
OVO,EOH3185,KT18,85.0,Retired,Pensioner,Prefer not to say,2021-06-09T00:00:00.000Z,Rented (Social),11.0,DE,1.0,14/03/2021,Retrofitworks,Urban,1991-2000,C,1.0,0.0,48.0,2.0,1.0,3.0,2.38,Cavity_Insulated,Suspended,Pitched,Double,No,Electricity,Electric - Storage,Electric - Storage,Water,100,0.0,0.0,0.0,Yes - Borehole,Yes,,,2.297,36.0,4546.0,1798.0,0.0,,,No,Yes with additional measures,No,No,GSHP,Heat Emitters,15920.96,3887.25,320.96,17.0,,Yes,24/07/2021,Kensa,GSHP,Shared_Groundloop,Kensa,S6-P0K,3.0,R134a,,PCM_New,,10.5,1.0,0.0,5.0,0.0,,,No,0.0,0.0,0.0,No,No,0.0,0.0,,No,2907.89,1982.51,8530.78,3887.25,0.0,0.0,0.0,0.0,0.0,0.0,3.0,0.0,Flat_Flat_1.0
OVO,EOH1201,KT18,60.0,Unemployed,Unemployed/Benefits,Prefer not to say,2021-06-09T00:00:00.000Z,Rented (Social),4.0,DE,1.0,14/03/2021,Retrofitworks,Urban,1991-2000,D,1.0,0.0,47.0,2.0,1.0,3.0,2.38,Cavity_Insulated,Suspended,Pitched,Double,No,Electricity,Electric - Storage,Electric - Storage,Water,,0.0,0.0,0.0,Yes - Borehole,Yes,,,2.664,36.0,5525.0,1798.0,0.0,,,No,Yes with additional measures,No,No,GSHP,Heat Emitters,15920.96,3887.25,320.96,17.0,,Yes,24/07/2021,Kensa,GSHP,Shared_Groundloop,Kensa,S6-P0K,3.0,R134a,,PCM_New,,10.5,1.0,0.0,5.0,0.0,,,No,0.0,0.0,0.0,No,No,0.0,0.0,,No,2907.89,1982.51,8530.78,3887.25,0.0,0.0,0.0,0.0,0.0,0.0,3.0,0.0,Flat_Flat_1.0
OVO,EOH2311,KT18,64.0,Unemployed,Unemployed/Benefits,Prefer not to say,2021-06-09T00:00:00.000Z,Rented (Social),5.0,DE,1.0,14/03/2021,Retrofitworks,Urban,1991-2000,C,1.0,0.0,47.0,2.0,1.0,3.0,2.38,Cavity_Insulated,Suspended,Pitched,Double,No,Electricity,Electric - Storage,Electric - Storage,Water,100,0.0,0.0,0.0,Yes - Borehole,Yes,,,2.257,36.0,5377.0,1798.0,0.0,,,No,Yes with additional measures,No,No,GSHP,Heat Emitters,15920.96,3887.25,320.96,17.0,,Yes,28/06/2021,Kensa,GSHP,Shared_Groundloop,Kensa,S6-P0K,3.0,R134a,,PCM_New,,10.5,1.0,0.0,5.0,0.0,,,No,0.0,0.0,0.0,No,No,0.0,0.0,,No,2907.89,1982.51,8530.78,3887.25,0.0,0.0,0.0,0.0,0.0,0.0,3.0,0.0,Flat_Flat_1.0
OVO,EOH0889,RH17,81.0,Retired,Unemployed/Benefits,Prefer not to say,2021-06-14T00:00:00.000Z,Owner-Occupied,35.0,DE,1.0,14/06/2021,Retrofitworks,Suburban,1919-1944,A,2.0,0.0,64.0,5.0,2.0,5.0,2.45,Cavity_Insulated,Suspended,Pitched,Double,No,Electricity,Electric - Direct,Fire - Wood,Water,150,0.0,0.0,0.0,No,No,,,3.29,60.0,7924.0,2904.0,108.0,50.0,3.58,Yes,No,Yes,No,ASHP,,13245.64,0.0,518.0,16.0,,Yes,24/06/2021,A Greener Alternative,ASHP,,Mitsubishi,PUZ-WM50VAA,5.0,R32,,Water_New,150.0,,1.0,0.0,0.0,0.0,,Low Noise Heat Pump,No,0.0,0.0,0.0,No,No,0.0,0.0,,No,5183.24,1483.48,4267.7,0.0,0.0,0.0,0.0,0.0,0.0,0.0,4.0,0.0,House_Mid-Terrace_2.0
OVO,EOH1346,BN8,60.0,Working Part time,Professional,Prefer not to say,2021-06-18T00:00:00.000Z,Owner-Occupied,1.0,AB,4.0,23/06/2021,Retrofitworks,Suburban,2001+,C,3.0,0.0,202.0,11.0,4.0,11.0,2.42,Solid_Insulated,Solid,Pitched,Double,No,Oil,Oil Boiler,Fire - Wood,,,2.0,0.0,0.0,Yes - Ground Loop,Yes,,,7.35,36.38,15168.0,2456.0,156.0,45.0,3.82,Yes,No,Yes,No,ASHP,,11458.0,0.0,957.22,15.0,,Yes,28/06/2021,OHM Energy,ASHP,,Mitsubishi,PUZ-WM85VAA,8.5,R32,,Water_New,210.0,,1.0,0.0,0.0,0.0,,Low Noise Heat Pump,No,0.0,0.0,0.0,No,No,0.0,0.0,,No,5923.0,1535.0,4000.0,0.0,0.0,0.0,0.0,0.0,0.0,0.0,9.0,0.0,House_Detached_2.0
