Delivery_Contractor,Property_ID,Postcode_1,Participant_Age,EmployStatus,EmployType,HouseIncome,Date_Contact,Tenure,Tenure_Length,Social_Group,HP_Awareness,Date_Survey,Name_Survey,House_Env,House_Age,House_SAP,No_Adults,No_Child,Total_Floor_Area,Habitable_Rooms,Bedrooms,Heated_rooms,Floor_Height,Wall_Type,Floor_Type,Roof_Type,Glazed_Type,Mains_Gas_Flag,Main_Fuel,Heat_Primary_Source,Heat_Secondary_Source,TS_Existing,TS_Existing_Size,No_Underfloor,Existing_Fires,Existing_Cooking,Outside_Space,Outside_Access,Elec_currentuse,Gas_currentuse,MCS_SHLoad,MCS_Hloss,MCS_SHAnnual,MCS_DHWAnnual,MCS_Immersion,MCS_Flow_Temp,MCS_SCOP,Suit_ASHP,Suit_GSHP,Suit_HTASHP,Suit_Hybrid,HP_Recommend,Measures_Recommend,EstCost_System,EstCost_Ancillary,EstCost_Running,EstCost_Etariff,EstCost_Gtariff,Part_Install_Decision,Date_Installation,Name_Install,HP_Installed,HP_Installed_Detail,HP_Brand,HP_Model,HP_Size_kW,HP_Refrigerant,GSHP_Space,TS_Type,TS_Water_Size,TS_PCM_Size,HP_Control_Zones,Measures_emitters_LT,Measures_emitters_Std,Measures_Fanassist,HP_Aesthetic,HP_Noise,Cooling,Cooling_Rooms,Fires_replaced,Cook_Replaced,Gas_disconnect,Measures_Loft,Measures_Windows,Measures_Doors,Measures_WI,Measures_DP,Cost_HP,Cost_TS,Cost_Install,Cost_Emitters,Cost_Cooling,Cost_LI,Cost_WI,Cost_Window,Cost_Door,Cost_DP,Install_time_HP,Install_time_measures,Dwelling_Type
E.ON,EOH1411,NE13,69.0,Retired,Retired,Prefer not to say,2020-08-12T00:00:00.000Z,Owner-Occupied,5.0,DE,2.0,14/05/2021,Energist,Suburban,2012 onwards,C,2.0,0.0,126.0,7.0,4.0,11.0,2.4,Cavity_Insulated,Solid,Pitched,Double,Yes,Gas,Gas Boiler - Combi,,,,0.0,0.0,0.0,No,No,,,3.659,29.04,9228.0,3496.0,0.0,45.0,3.77,Yes,No,Yes,Yes,ASHP,None Required,13607.66,,588.0,12.59,3.4,Yes,02/07/2021,Energist,HT_ASHP,,Vaillant,VWL 55/6 A 230V S2,5.0,R290,,Water_new,200.0,,1.0,11.0,0.0,0.0,none,none,No,0.0,0.0,0.0,No,No,0.0,0.0,,no,5335.0,1752.0,,3055.83,0.0,0.0,0.0,0.0,0.0,0.0,5.0,0.0,House_Detached_2.0
Warmworks,EOH2837,EH12,43.0,Working Full time (>30hrs),Professional,Prefer not to say,2020-11-09T00:00:00.000Z,Owner-Occupied,10.0,C2,3.0,10/12/2020,Warmworks,Suburban,1919-1944,D,2.0,2.0,86.71,4.0,3.0,4.0,2.73,Cavity_Insulated,Suspended,Pitched,Double,Yes,Gas,Gas Boiler - Combi,Gas Boiler - Combi,,,4.0,0.0,0.0,No,No,,,6.8,79.0,17147.0,3821.0,0.0,50.0,3.65,Yes,No,Yes,Yes,HT_ASHP,,,,1187.96,18.0,5.0,Yes,15/03/2021,Everwarm,HT_ASHP,,Vaillant,VWL 75/6 A 230V S2,7.0,R290,0.0,Water_New,200.0,,1.0,,2.0,0.0,,Low Noise Heat Pump,No,0.0,0.0,0.0,No,No,0.0,0.0,,No,11215.18,3572.21,1610.23,,,,,,,,3.0,0.0,House_Semi-Detached_2.0
E.ON,EOH2814,NE3,74.0,Unemployed,Professional,"40,001 - 50,000",2020-08-11T00:00:00.000Z,Owner-Occupied,26.0,AB,1.0,24/08/2020,Phoenix,Urban,1930 - 1949,,1.0,0.0,200.0,7.0,4.0,14.0,2.7,Cavity_Insulated,Suspended,Pitched,Single,Yes,Gas,Gas Boiler - Standard,Fire - Gas,Water,Unknown,0.0,2.0,0.0,Yes - Ground Loop,Yes,,,,,,,,,,No,No,No,No,None - Installation not recommended,,,,,,,,,,,,,,,,,,,,,,,,,,,,,,,,,,,,,,,,,,,,,,,,House_Detached_2.0
Warmworks,EOH0432,EH14,35.0,Working Full time (>30hrs),Professional,"50,001+",2020-09-01T00:00:00.000Z,Owner-Occupied,2.0,C1,1.0,28/09/2020,Warmworks,Suburban,1981-1990,C,2.0,1.0,83.07,5.0,3.0,4.0,2.31,Cavity_Insulated,Solid,Pitched,Double,Yes,Gas,Gas Boiler - Combi,Fire - Wood,,,0.0,0.0,1.0,No,No,,,8.2,77.4,19616.0,3596.0,156.0,45.0,3.91,Yes,No,Yes,No,ASHP,,,,1026.0,16.36,,Yes,07/04/2021,mcinnesplumbing,HT_ASHP,,Vaillant,VWL 75/6 A 230V S2,7.0,R290,0.0,Water_New,200.0,,1.0,,6.0,0.0,,Low Noise Heat Pump,No,0.0,0.0,0.0,Yes,No,0.0,0.0,,No,11215.17,3572.208,1610.23,1623.45,,,,,,,2.0,0.0,House_Semi-Detached_2.0
E.ON,EOH0736,NE5,41.0,Working Full time (>30hrs),Professional,"50,001+",2020-10-03T00:00:00.000Z,Owner-Occupied,4.0,AB,5.0,08/10/2020,Phoenix,Suburban,1967 - 1975,,2.0,2.0,80.0,4.0,3.0,7.0,2.4,Cavity_Insulated,Suspended,Pitched,Double,Yes,Gas,Gas Boiler - Combi,Fire - Wood,Water,110,0.0,0.0,0.0,No,No,,,,,,,,,,No,No,No,No,None - Installation not recommended,,,,,,,,,,,,,,,,,,,,,,,,,,,,,,,,,,,,,,,,,,,,,,,,House_Semi-Detached_1.0
OVO,EOH0101,OX29,45.0,Working Full time (>30hrs),Professional,"50,001+",2020-07-28T00:00:00.000Z,Owner-Occupied,5.0,AB,3.0,27/02/2021,Retrofitworks,Suburban,1981-1990,,2.0,3.0,207.0,12.0,5.0,12.0,2.4,Cavity_Insulated,Suspended,Pitched,Double,Yes,Gas,Gas Boiler - Standard,,Water,150,0.0,0.0,0.0,No,No,,,,,,,,,,,,,,None - Installation not recommended,,,,,,,,,,,,,,,,,,,,,,,,,,,,,,,,,,,,,,,,,,,,,,,,House_Detached_2.0
Warmworks,EOH2394,EH34,48.0,Working Part time,Professional,Prefer not to say,2021-05-11T00:00:00.000Z,Owner-Occupied,10.0,C1,3.0,05/07/2021,Warmworks,Suburban,Pre 1919,E,2.0,2.0,97.98,4.0,3.0,4.0,2.6,Cavity_No_insulation,Suspended,Pitched,Double,Yes,Gas,Gas Boiler - Standard,Gas Boiler - Standard,Water,Normal (90-130l),0.0,0.0,0.0,No,No,,,6.0,,17068.0,1687.0,0.0,,,Yes,No,Yes,Yes,ASHP,,,,747.54,18.0,5.0,Yes,,,,,,,,,,,,,,,,,,,,,,,,,,,,,,,,,,,,,,,,,House_Semi-Detached_2.0
OVO,EOH1933,HP22,35.0,Working Part time,Professional,"40,001 - 50,000",2020-07-02T00:00:00.000Z,Owner-Occupied,5.0,C1,4.0,11/02/2021,Retrofitworks,Suburban,1919-1944,,2.0,1.0,74.9,6.0,3.0,6.0,2.4,Cavity_Insulated,Solid,Pitched,Double,Yes,Gas,Gas Boiler - Standard,Fire - Wood,Water,100,0.0,0.0,0.0,No,No,,,,,,,,,,,,,,None - Installation not recommended,,,,,,,,,,,,,,,,,,,,,,,,,,,,,,,,,,,,,,,,,,,,,,,,House_End-Terrace_2.0
OVO,EOH1820,PO14,42.0,Working Full time (>30hrs),Professional,"50,001+",2020-07-02T00:00:00.000Z,Owner-Occupied,5.0,AB,3.0,29/01/2021,Retrofitworks,Rural,1991-2000,,2.0,3.0,133.6,7.0,4.0,12.0,2.5,Cavity_Insulated,Suspended,Pitched,Double,Yes,Gas,Gas Boiler - Standard,Fire - Wood,Water,100,0.0,0.0,0.0,Yes - Borehole,Yes,,,,,,,,,,Yes with additional measures,No,Yes with additional measures,Yes with additional measures,None - Installation not recommended,,,,,,,,,,,,,,,,,,,,,,,,,,,,,,,,,,,,,,,,,,,,,,,,House_Detached_2.0
Warmworks,EOH2881,EH15,56.0,Working Part time,Clerical,Prefer not to say,2020-08-28T00:00:00.000Z,Owner-Occupied,15.0,C2,2.0,14/10/2020,Warmworks,Suburban,1919-1944,D,4.0,0.0,144.39,7.0,4.0,7.0,,Cavity_Insulated,Suspended,Pitched,Double,Yes,Gas,Gas Boiler - Standard,Fire - Gas,Water,Large (> 170l),0.0,1.0,0.0,No,No,,,,,,,,,,Yes,No,Yes,Yes,None - Installation not recommended,,,,,,,,,,,,,,,,,,,,,,,,,,,,,,,,,,,,,,,,,,,,,,,,House_Detached_2.0
OVO,EOH0761,RH19,55.0,Working Full time (>30hrs),Clerical,Prefer not to say,2020-07-02T00:00:00.000Z,Owner-Occupied,3.0,C1,3.0,03/02/2021,Retrofitworks,Suburban,1965-1980,,2.0,1.0,84.0,4.0,3.0,8.0,2.4,Cavity_Insulated,Solid,Pitched,Double,Yes,Gas,Gas Boiler - Standard,,Water,120,0.0,0.0,1.0,No,No,,,,,,,,,,,No,,,,,,,,,,No,,,,,,,,,,,,,,,,,,,,,,,,,,,,,,,,,,,,,,,,,House_Semi-Detached_2.0
OVO,EOH1764,GU9,,Working Part time,Professional,"50,001+",2021-03-06T00:00:00.000Z,Owner-Occupied,15.0,AB,4.0,12/03/2021,Retrofitworks,Suburban,1945-1964,,2.0,0.0,159.6,8.0,4.0,8.0,2.4,Cavity_Insulated,Solid,Pitched,Double,Yes,Gas,Gas Boiler - Standard,,Water,200,0.0,0.0,0.0,No,No,,,12.17,72.31,33398.35,5475.4,1760.45,45.0,3.32,Yes with additional measures,No,Yes with additional measures,Yes with additional measures,ASHP,Heat Emitters,12807.49,2293.2,1654.83,14.0,,Yes,27/04/2021,Northern Gas,ASHP,,Daikin,EDLQ014CAV3,14.0,R410A,,Water_New,250.0,,1.0,0.0,13.0,0.0,,,No,0.0,0.0,0.0,No,No,0.0,0.0,,No,6478.08,1939.36,3261.0,1474.2,0.0,0.0,0.0,0.0,0.0,0.0,3.0,2.0,House_Detached_2.0
OVO,EOH3164,PO14,,Working Full time (>30hrs),Professional,"40,001 - 50,000",2020-07-24T00:00:00.000Z,Owner-Occupied,3.0,C1,3.0,02/02/2021,,Suburban,1945-1964,,1.0,0.0,74.1,4.0,2.0,4.0,2.2,Cavity_Insulated,Solid,Pitched,Double,Yes,Gas,Gas Boiler - Combi,Electric - Warm air,,,0.0,0.0,0.0,No,No,,,,,,,,,,,,,,None - Installation not recommended,,,,,,,,,,,,,,,,,,,,,,,,,,,,,,,,,,,,,,,,,,,,,,,,House_Semi-Detached_2.0
Warmworks,EOH2783,TD2,49.0,Working Full time (>30hrs),Professional,"50,001+",2020-07-03T00:00:00.000Z,Owner-Occupied,1.0,AB,2.0,19/07/2020,Everwarm,Rural,2001+,C,2.0,0.0,193.65,5.0,4.0,5.0,2.4,Cavity_Insulated,Solid,Pitched,Double,Yes,Gas,Gas Boiler - Combi,Fire - Wood,,,1.0,0.0,0.0,No,No,5037.0,9643.0,,,,,,,,Yes,No,Yes,No,ASHP,,,,,,,No,,,,,,,,,,,,,,,,,,,,,,,,,,,,,,,,,,,,,,,,,House_Semi-Detached_2.0
OVO,EOH2415,BN3,52.0,Working Part time,Manager,"12,501 - 16,200",2020-07-26T00:00:00.000Z,Owner-Occupied,2.0,C1,3.0,16/12/2020,Retrofitworks,Suburban,1945-1964,,1.0,1.0,49.0,5.0,2.0,5.0,2.37,Cavity_Insulated,Solid,Pitched,Double,No,Electricity,Electric - Storage,,Water,150,0.0,0.0,0.0,No,No,,,,,,,,,,,,,,None - Installation not recommended,,,,,,,,,,,,,,,,,,,,,,,,,,,,,,,,,,,,,,,,,,,,,,,,Flat_Flat_1.0
Warmworks,EOH1811,KY11,41.0,Working Full time (>30hrs),Supervisor,"50,001+",2020-07-02T00:00:00.000Z,Owner-Occupied,1.0,AB,3.0,26/07/2020,Everwarm,Rural,1945-1964,C,2.0,0.0,100.08,4.0,3.0,4.0,2.4,Cavity_Insulated,Solid,Pitched,Double,Yes,Gas,Gas Boiler - Combi,Fire - Wood,,,0.0,0.0,1.0,Yes - Ground Loop,Yes,2394.0,,6.0,74.9,14585.0,7192.0,156.0,45.0,4.14,Yes,Yes,Yes,No,GSHP,,,,1108.0,14.77,3.1,Yes,10/12/2020,mcinnesplumbing,ASHP,,Mitsubishi,PUZ-WM85VAA,8.5,R32,0.0,Water_New,100.0,,1.0,10.0,,0.0,,Low Noise Heat Pump,No,0.0,0.0,0.0,Yes,No,0.0,0.0,,No,8575.74,3442.45,1610.23,2705.76,,,,,,,3.0,0.0,House_Mid-Terrace_2.0
Warmworks,EOH0139,KY11,35.0,Working Full time (>30hrs),Professional,"30,001 - 40,000",2020-10-26T00:00:00.000Z,Owner-Occupied,5.0,C2,1.0,09/11/2020,Warmworks,Rural,1945-1964,D,2.0,0.0,75.6,4.0,2.0,4.0,,Cavity_Insulated,Solid,Pitched,Double,Yes,Gas,Gas Boiler - Combi,,,,0.0,0.0,1.0,No,No,,,,,,,,,,Yes,No,Yes,No,ASHP,,,,,,,No,,,,,,,,,,,,,,,,,,,,,,,,,,,,,,,,,,,,,,,,,House_Mid-Terrace_2.0
E.ON,EOH2918,NE5,53.0,Working Full time (>30hrs),Semi and unskilled manual worker,"30,001 - 40,000",2020-11-10T00:00:00.000Z,Owner-Occupied,15.0,C2,1.0,26/11/2020,Phoenix,Urban,1950 - 1966,E,3.0,2.0,160.0,7.0,4.0,10.0,2.4,Cavity_No_insulation,Suspended,Pitched,Double,Yes,Gas,Gas Boiler - Combi,,,,0.0,0.0,1.0,No,No,,,,,,,,,,No,No,No,No,None - Installation not recommended,,,,,,,,,,,,,,,,,,,,,,,,,,,,,,,,,,,,,,,,,,,,,,,,House_Semi-Detached_2.0
E.ON,EOH0950,NE6,,Working Full time (>30hrs),Manager,"25,001 - 30,000",2021-03-10T00:00:00.000Z,Owner-Occupied,30.0,C1,2.0,10/03/2021,Phoenix,Urban,1950 - 1966,,2.0,1.0,100.0,5.0,3.0,8.0,2.5,Cavity_Insulated,Suspended,Pitched,Double,Yes,Gas,Gas Boiler - Combi,Fire - Gas,,,0.0,1.0,0.0,No,No,2565.0,12472.0,,,,,,,,No,No,No,No,None - Installation not recommended,,,,,,,,,,,,,,,,,,,,,,,,,,,,,,,,,,,,,,,,,,,,,,,,House_End-Terrace_2.0
E.ON,EOH0387,NE5,28.0,Working Full time (>30hrs),Skilled Manual Worker,"30,001 - 40,000",2020-10-08T00:00:00.000Z,Owner-Occupied,4.0,C2,5.0,20/10/2020,Phoenix,Urban,1976 - 1982,C,2.0,2.0,80.0,4.0,3.0,7.0,2.4,Cavity_Insulated,Suspended,Pitched,Double,Yes,Gas,Gas Boiler - Combi,,,,0.0,0.0,0.0,No,No,,,,,,,,,,No,No,No,No,None - Installation not recommended,,,,,,,,,,,,,,,,,,,,,,,,,,,,,,,,,,,,,,,,,,,,,,,,House_Semi-Detached_2.0
Warmworks,EOH2705,EH54,31.0,Working Full time (>30hrs),Skilled Manual Worker,Prefer not to say,2020-08-19T00:00:00.000Z,Owner-Occupied,2.0,C2,3.0,03/12/2020,Warmworks,Suburban,2001+,C,3.0,0.0,132.64,6.0,4.0,5.0,2.45,Cavity_Insulated,Suspended,Pitched,Double,Yes,Gas,Gas Boiler - Standard,,Water,Medium (131-170l),0.0,0.0,1.0,No,No,,,6.6,62.5,19221.0,4457.0,1365.0,55.0,3.39,Yes,Yes,Yes,Yes,Hybrid,,,,1397.0,14.0,3.0,Yes,13/05/2021,BRB Electrical Ltd,HT_ASHP,,Vaillant,VWL 75/6 A 230V S2,7.0,R290,0.0,Water_New,200.0,,1.0,,12.0,0.0,,Low Noise Heat Pump,No,0.0,0.0,0.0,Yes,No,0.0,0.0,,No,11215.17,3572.208,1610.23,3246.91,,,,,,,2.0,0.0,House_Detached_2.0
E.ON,EOH2592,NE13,45.0,Working Full time (>30hrs),Manager,"50,001+",2020-08-28T00:00:00.000Z,Owner-Occupied,6.0,AB,1.0,22/10/2020,E.ON,Urban,2012 onwards,B,3.0,0.0,147.0,6.0,5.0,14.0,2.3,Cavity_Insulated,Solid,Pitched,Double,Yes,Gas,Gas Boiler - Standard,,Water,210,0.0,0.0,1.0,Yes - Ground Loop,Yes,,,5.636,38.0,13649.0,6271.0,923.0,,,Yes,No,No,No,None - Installation not recommended,None Required,13711.35,0.0,1007.0,14.3,3.8,,,,,,,,,,,,,,,,,,,,,,,,,,,,,,,,,,,,,,,,,,House_Detached_2.0
Warmworks,EOH2189,KY15,62.0,Working Part time,Supervisor,"20,001 - 25,000",2020-08-19T00:00:00.000Z,Owner-Occupied,29.0,C1,4.0,16/10/2020,Warmworks,Rural,1965-1980,D,2.0,0.0,191.9,7.0,5.0,7.0,,Cavity_No_insulation,Suspended,Pitched,Double,No,Oil,Oil Boiler,Oil Boiler,Water,Medium (131-170l),0.0,0.0,1.0,Yes - Borehole,Yes,,,,,,,,,,Yes,Yes,Yes,Yes,None - Installation not recommended,,,,,,,,,,,,,,,,,,,,,,,,,,,,,,,,,,,,,,,,,,,,,,,,House_Detached_1.0
Warmworks,EOH2173,KY7,39.0,Working Full time (>30hrs),Skilled Manual Worker,Prefer not to say,2020-09-07T00:00:00.000Z,Owner-Occupied,15.0,C2,2.0,13/10/2020,Warmworks,Suburban,1965-1980,D,2.0,2.0,89.38,4.0,3.0,4.0,,Cavity_Insulated,Suspended,Pitched,Double,Yes,Gas,Gas Boiler - Combi,,,,0.0,0.0,1.0,No,No,,,5.0,57.4,14627.0,3566.0,2038.0,,,Yes,No,Yes,Yes,ASHP,,,,1104.0,14.0,3.0,Yes,,,,,,,,,,,,,,,,,,,,,,,,,,,,,,,,,,,,,,,,,House_End-Terrace_2.0
Warmworks,EOH0969,EH4,51.0,Working Full time (>30hrs),Professional,"50,001+",2021-03-13T00:00:00.000Z,Owner-Occupied,14.0,AB,4.0,25/05/2021,Warmworks,Urban,1919-1944,C,2.0,3.0,131.73,6.0,4.0,6.0,2.83,Cavity_Insulated,Suspended,Pitched,Double,Yes,Gas,Gas Boiler - Standard,,Water,Large (> 170l),0.0,0.0,1.0,No,No,,,,,,,,,,Yes,No,Yes,Yes,None - Installation not recommended,,,,,,,,,,,,,,,,,,,,,,,,,,,,,,,,,,,,,,,,,,,,,,,,House_Semi-Detached_1.0
Warmworks,EOH2684,EH52,36.0,Working Full time (>30hrs),Professional,Prefer not to say,2021-05-05T00:00:00.000Z,Owner-Occupied,0.8,C1,2.0,24/06/2021,Warmworks,Urban,1965-1980,C,2.0,1.0,96.38,5.0,3.0,5.0,2.6,Cavity_No_insulation,Suspended,Pitched,Double,Yes,Gas,Gas Boiler - Combi,,,,0.0,0.0,1.0,No,No,,,,,,,,,,Yes,No,Yes,Yes,None - Installation not recommended,,,,,,,,,,,,,,,,,,,,,,,,,,,,,,,,,,,,,,,,,,,,,,,,House_Mid-Terrace_2.0
OVO,EOH2143,TN31,58.0,Unemployed,Unemployed/Benefits,"0 - 12,500",2020-08-14T00:00:00.000Z,Owner-Occupied,9.0,DE,4.0,25/01/2021,Retrofitworks,Suburban,1965-1980,,1.0,0.0,70.9,4.0,1.0,1.0,2.35,Cavity_No_insulation,Suspended,Pitched,Single,No,Electricity,Electric - Warm air,,Water,130,0.0,0.0,0.0,No,No,,,,,,,,,,,,,,None - Installation not recommended,,,,,,,,,,,,,,,,,,,,,,,,,,,,,,,,,,,,,,,,,,,,,,,,House_End-Terrace_2.0
OVO,EOH1765,KT18,66.0,Unemployed,Unemployed/Benefits,Prefer not to say,2021-06-09T00:00:00.000Z,Rented (Social),11.0,DE,1.0,14/03/2021,Retrofitworks,Urban,1991-2000,C,1.0,0.0,48.0,2.0,1.0,3.0,2.38,Cavity_Insulated,Suspended,Pitched,Double,No,Electricity,Electric - Storage,Electric - Storage,Water,100,0.0,0.0,0.0,Yes - Borehole,Yes,,,2.257,36.0,4417.0,1750.0,0.0,,,No,Yes with additional measures,No,No,GSHP,Heat Emitters,15920.96,3887.25,320.96,17.0,,Yes,31/07/2021,Kensa,GSHP,Shared_Groundloop,Kensa,S6-P0K,3.0,R134a,,PCM_New,,10.5,1.0,0.0,5.0,0.0,,,No,0.0,0.0,0.0,No,No,0.0,0.0,,No,2907.89,1982.51,8530.78,3887.25,0.0,0.0,0.0,0.0,0.0,0.0,3.0,0.0,Flat_Flat_1.0
Warmworks,EOH2074,EH11,65.0,Working Full time (>30hrs),Professional,Prefer not to say,2020-08-07T00:00:00.000Z,Owner-Occupied,17.0,C1,4.0,15/09/2020,Warmworks,Urban,1919-1944,C,2.0,0.0,101.93,6.0,4.0,6.0,2.57,Cavity_Insulated,Solid,Pitched,Double,Yes,Gas,Gas Boiler - Combi,Fire - Wood,,,0.0,0.0,1.0,No,No,1791.0,,6.0,55.2,11687.0,4495.0,156.0,45.0,3.93,Yes,No,Yes,No,ASHP,,,,837.0,14.8,,Yes,27/08/2021,mcinnesplumbing,ASHP,,Mitsubishi,PUZ-WM50VHA-BS,5.0,R32,0.0,Water_New,150.0,,1.0,10.0,,0.0,,Low Noise Heat Pump,No,0.0,0.0,0.0,Yes,No,0.0,0.0,,No,7655.16,3508.272,1610.23,2705.76,,,,,,,2.0,0.0,Flat_Flat_2.0
Warmworks,EOH0346,TD9,33.0,Working Full time (>30hrs),Professional,"40,001 - 50,000",2020-07-13T00:00:00.000Z,Owner-Occupied,10.0,C1,5.0,23/09/2020,Warmworks,Rural,2001+,A,2.0,2.0,181.0,6.0,4.0,6.0,2.6,Solid_No_insulation,Suspended,Pitched,Double,Yes,Gas,Gas Boiler - Combi,,,,0.0,0.0,1.0,No,No,4610.0,,6.8,49.4,15666.0,3566.0,2038.0,45.0,4.14,Yes,No,Yes,Yes,ASHP,,,,1076.0,14.0,3.0,Yes,19/04/2021,BRB Electrical Ltd,ASHP,,Mitsubishi,PUZ-WM85VAA,8.5,R32,0.0,Water_New,200.0,,1.0,15.0,,0.0,,Low Noise Heat Pump,No,0.0,0.0,0.0,Yes,No,0.0,0.0,,No,8575.73,3572.208,1610.23,4058.64,,,,,,,3.0,0.0,House_Semi-Detached_2.0
OVO,EOH1770,KT8,44.0,Working Full time (>30hrs),Manager,"50,001+",2020-10-06T00:00:00.000Z,Owner-Occupied,6.0,AB,2.0,22/12/2020,,Rural,1919-1944,,4.0,0.0,130.0,8.0,4.0,8.0,,,,Pitched,Double,Yes,Gas,Gas Boiler - Standard,Fire - Gas,,,0.0,1.0,1.0,Yes - Borehole,Yes,,,,,,,,,,,,,,None - Installation not recommended,,,,,,,,,,,,,,,,,,,,,,,,,,,,,,,,,,,,,,,,,,,,,,,,House_Detached_3.0
Warmworks,EOH2269,EH4,57.0,Working Full time (>30hrs),Manager,"50,001+",2020-09-03T00:00:00.000Z,Owner-Occupied,26.0,C2,4.0,30/09/2020,Warmworks,Urban,1965-1980,B,3.0,0.0,127.21,6.0,3.0,6.0,2.6,Cavity_Insulated,Suspended,Pitched,Double,Yes,Gas,Gas Boiler - Combi,,,,0.0,0.0,0.0,No,No,182.0,866.0,,61.8,,,,,,Yes,Yes,Yes,Yes,ASHP,,,,,,,No,,,,,,,,,,,,,,,,,,,,,,,,,,,,,,,,,,,,,,,,,House_Semi-Detached_3.0
Warmworks,EOH0740,EH45,49.0,Working Full time (>30hrs),Supervisor,"50,001+",2020-07-05T00:00:00.000Z,Owner-Occupied,1.0,C2,1.0,20/07/2020,Warmworks,Suburban,1919-1944,D,2.0,2.0,174.2,6.0,4.0,6.0,2.77,Cavity_Insulated,Suspended,Pitched,Double,Yes,Gas,Gas Boiler - Combi,,,,0.0,0.0,0.0,No,No,4443.0,31219.0,,,,,,,,No,Yes,Yes,Yes,Hybrid,,,,,,,No,,,,,,,,,,,,,,,,,,,,,,,,,,,,,,,,,,,,,,,,,House_Detached_2.0
E.ON,EOH2285,NE3,,Working Full time (>30hrs),Manager,Prefer not to say,2021-02-11T00:00:00.000Z,Owner-Occupied,1.0,C1,2.0,23/02/2021,Phoenix,Urban,1967 - 1975,D,2.0,0.0,105.0,5.0,3.0,8.0,2.4,Cavity_Insulated,Solid,Pitched,Double,Yes,Gas,Gas Boiler - Combi,Fire - Gas,,,0.0,1.0,1.0,No,No,,,5.904,56.22,10859.5,3820.0,0.0,50.0,3.02,No,No,No,Yes,Hybrid,Barrier,10245.07,300.0,681.0,14.3,3.8,Yes,20/04/2021,Phoenix,Hybrid,Separate_New Boiler,Daikin,EHY2KOMB28AA,4.0,R32,,,,,1.0,8.0,0.0,0.0,none,enclosure,No,0.0,0.0,0.0,No,No,0.0,0.0,,no,5739.82,,,2870.1,0.0,0.0,0.0,0.0,0.0,0.0,2.5,0.0,House_Semi-Detached_2.0
E.ON,EOH1076,NE5,76.0,Working Full time (>30hrs),Professional,"25,001 - 30,000",2020-09-25T00:00:00.000Z,Owner-Occupied,1.0,C1,2.0,07/10/2020,Phoenix,Unknown,1976 - 1982,,1.0,0.0,74.4,5.0,3.0,8.0,2.3,Cavity_Insulated,Solid,Pitched,Double,Yes,Gas,Gas Boiler - Combi,,,,0.0,1.0,1.0,No,No,1753.0,5352.0,,,,,,,,No,No,No,No,None - Installation not recommended,,,,,,,,,,,,,,,,,,,,,,,,,,,,,,,,,,,,,,,,,,,,,,,,House_Semi-Detached_2.0
OVO,EOH2321,OX26,40.0,Working Full time (>30hrs),Skilled Manual Worker,"25,001 - 30,000",2020-07-24T00:00:00.000Z,Owner-Occupied,11.0,C2,3.0,10/03/2021,Retrofitworks,Rural,2001+,,2.0,2.0,103.04,5.0,3.0,5.0,2.5,Cavity_Insulated,Solid,Pitched,Double,No,Electricity,Electric - Direct,,Water,150,0.0,0.0,0.0,No,No,,,,,,,,,,,,,,None - Installation not recommended,,,,,,,,,,,,,,,,,,,,,,,,,,,,,,,,,,,,,,,,,,,,,,,,House_Semi-Detached_2.0
OVO,EOH0889,RH17,81.0,Retired,Unemployed/Benefits,Prefer not to say,2021-06-14T00:00:00.000Z,Owner-Occupied,35.0,DE,1.0,14/06/2021,Retrofitworks,Suburban,1919-1944,A,2.0,0.0,64.0,5.0,2.0,5.0,2.45,Cavity_Insulated,Suspended,Pitched,Double,No,Electricity,Electric - Direct,Fire - Wood,Water,150,0.0,0.0,0.0,No,No,,,3.29,60.0,7924.0,2904.0,108.0,50.0,3.58,Yes,No,Yes,No,ASHP,,13245.64,0.0,518.0,16.0,,Yes,24/06/2021,A Greener Alternative,ASHP,,Mitsubishi,PUZ-WM50VAA,5.0,R32,,Water_New,150.0,,1.0,0.0,0.0,0.0,,Low Noise Heat Pump,No,0.0,0.0,0.0,No,No,0.0,0.0,,No,5183.24,1483.48,4267.7,0.0,0.0,0.0,0.0,0.0,0.0,0.0,4.0,0.0,House_Mid-Terrace_2.0
E.ON,EOH2046,NE4,31.0,Working Full time (>30hrs),Professional,"50,001+",2021-02-05T00:00:00.000Z,Owner-Occupied,6.0,C1,5.0,18/02/2021,Phoenix,Urban,1930 - 1949,,2.0,2.0,118.0,5.0,3.0,6.0,2.6,Cavity_Insulated,Suspended,Pitched,Double,Yes,Gas,Gas Boiler - Combi,Fire - Gas,,,1.0,1.0,1.0,No,No,,,,,,,,,,Yes,No,Yes,Yes,,,,,,,,No,,,,,,,,,,,,,,,,,,,,,,,,,,,,,,,,,,,,,,,,,House_Semi-Detached_2.0
E.ON,EOH0565,NE5,57.0,Working Full time (>30hrs),Manager,"30,001 - 40,000",2020-11-09T00:00:00.000Z,Owner-Occupied,14.0,AB,3.0,25/11/2020,Phoenix,Urban,1930 - 1949,,1.0,0.0,87.0,5.0,3.0,7.0,2.4,Cavity_Insulated,Suspended,Pitched,Double,Yes,Gas,Gas Boiler - Combi,Fire - Electric,,,0.0,0.0,1.0,No,No,,,6.174,70.97,12414.0,3820.0,0.0,55.0,2.96,No,No,No,Yes with additional measures,Hybrid,Wall insulation,10430.0,1000.0,640.0,14.3,3.8,Yes,08/02/2021,Phoenix,Hybrid,Separate_New Boiler,Daikin,EHY2KOMB28AA,4.0,R32,,,,,1.0,9.0,0.0,0.0,none,none,No,0.0,0.0,0.0,No,No,0.0,0.0,Cavity,no,5739.82,,,3055.06,0.0,0.0,750.0,0.0,0.0,0.0,3.0,1.0,House_Semi-Detached_2.0
Warmworks,EOH1406,EH9,41.0,Working Full time (>30hrs),Supervisor,"50,001+",2020-09-25T00:00:00.000Z,Owner-Occupied,4.0,C2,2.0,27/10/2020,Warmworks,Suburban,Pre 1919,C,2.0,1.0,91.76,5.0,3.0,5.0,,Cavity_Insulated,Suspended,Another Dwelling Above,Double,Yes,Gas,Gas Boiler - Combi,Fire - Wood,,,0.0,0.0,0.0,No,No,3109.0,,6.8,76.3,21959.0,2674.0,1110.0,45.0,3.86,Yes,No,Yes,Yes,ASHP,,,,1235.0,14.0,3.0,Yes,01/03/2021,BRB Electrical Ltd,ASHP,,Mitsubishi,PUZ-WM85VAA,8.5,R32,0.0,Water_New,150.0,,1.0,11.0,,0.0,,Low Noise Heat Pump,No,0.0,0.0,0.0,Yes,No,0.0,0.0,,No,8575.74,3508.27,1610.23,2976.34,,,,,,,2.0,0.0,Maisonette_Mid-Terrace_1.0
Warmworks,EOH0568,EH14,53.0,Working Full time (>30hrs),Skilled Manual Worker,"25,001 - 30,000",2020-08-24T00:00:00.000Z,Owner-Occupied,12.0,DE,2.0,16/09/2020,Warmworks,Suburban,1919-1944,D,2.0,0.0,74.88,4.0,2.0,4.0,2.51,Cavity_Insulated,Suspended,Pitched,Double,Yes,Gas,Gas Boiler - Standard,Fire - Gas,Water,Normal (90-130l),0.0,1.0,0.0,No,No,,,5.5,71.6,11653.0,2697.0,0.0,50.0,3.41,Yes,No,Yes,No,ASHP,,,,811.0,16.36,,Yes,07/06/2021,mcinnesplumbing,HT_ASHP,,Vaillant,VWL 55/6 A 230V S2,5.0,R290,0.0,Water_New,150.0,,1.0,,8.0,0.0,,Low Noise Heat Pump,No,0.0,0.0,0.0,No,No,0.0,0.0,,No,11215.17,3508.272,1610.23,2164.6,,,,,,,2.0,0.0,House_Semi-Detached_2.0
E.ON,EOH3143,NE31,56.0,Working Full time (>30hrs),Skilled Manual Worker,"30,001 - 40,000",2021-07-23T00:00:00.000Z,Owner-Occupied,8.0,C2,4.0,20/08/2021,Energist,Urban,2012 onwards,B,2.0,0.0,96.0,6.0,3.0,12.0,2.4,Cavity_Insulated,Suspended,Pitched,Double,Yes,Gas,Gas Boiler - Combi,,,,0.0,0.0,0.0,No,No,,,3.62,44.1,7724.0,3146.0,0.0,45.0,3.77,Yes,No,Yes,Yes,ASHP,None Required,14347.62,,512.0,12.5,3.5,Yes,20/09/2021,Energist,HT_ASHP,,Vaillant,VWL 55/6 A 230V S2,5.0,R290,,Water_new,200.0,,1.0,12.0,0.0,0.0,,,No,0.0,0.0,0.0,No,No,0.0,0.0,,no,5623.74,1752.34,,3795.79,0.0,0.0,0.0,0.0,0.0,0.0,4.0,,House_Mid-Terrace_2.0
Warmworks,EOH0031,EH33,71.0,Retired,Pensioner,Prefer not to say,2020-10-10T00:00:00.000Z,Owner-Occupied,35.0,DE,3.0,03/11/2020,Warmworks,Rural,1919-1944,E,2.0,0.0,89.0,5.0,4.0,5.0,,Cavity_Insulated,Suspended,Pitched,Double,Yes,Gas,Gas Boiler - Standard,Electric - Direct,Water,Normal (90-130l),0.0,0.0,1.0,No,No,,,7.0,84.9,17791.0,3821.0,0.0,50.0,3.65,Yes with additional measures,No,Yes,Yes,HT_ASHP,,,,808.0,15.0,5.0,Yes,22/02/2021,Everwarm,HT_ASHP,,Vaillant,VWL 75/6 A 230V S2,7.0,R290,0.0,Water_New,200.0,,1.0,,8.0,0.0,,Low Noise Heat Pump,No,0.0,0.0,0.0,No,No,0.0,0.0,,No,11215.18,3572.21,1610.23,2164.61,,,,,,,3.0,0.0,House_Semi-Detached_2.0
Warmworks,EOH1895,KY1,31.0,Working Part time,Professional,Prefer not to say,2021-03-24T00:00:00.000Z,Owner-Occupied,,C1,3.0,18/05/2021,Warmworks,Suburban,1965-1980,C,2.0,0.0,71.31,4.0,2.0,4.0,2.3,Cavity_No_insulation,Suspended,Another Dwelling Above,Triple,Yes,Gas,Gas Boiler - Combi,,,,0.0,0.0,0.0,No,No,,,,,,,,,,Yes,No,Yes,Yes,None - Installation not recommended,,,,,,,,,,,,,,,,,,,,,,,,,,,,,,,,,,,,,,,,,,,,,,,,Flat_Flat_1.0
Warmworks,EOH0452,EH53,43.0,Working Full time (>30hrs),Professional,Prefer not to say,2021-04-02T00:00:00.000Z,Owner-Occupied,6.0,AB,1.0,17/05/2021,Warmworks,Suburban,2001+,C,2.0,1.0,78.96,4.0,3.0,4.0,2.6,Cavity_Insulated,Solid,Pitched,Double,Yes,Gas,Gas Boiler - Combi,,,,0.0,0.0,1.0,No,No,,,,,,,,,,Yes,No,Yes,Yes,ASHP,,,,,,,No,,,,,,,,,,,,,,,,,,,,,,,,,,,,,,,,,,,,,,,,,House_Semi-Detached_2.0
OVO,EOH2422,CT5,44.0,Working Full time (>30hrs),Manager,"50,001+",2021-02-18T00:00:00.000Z,Owner-Occupied,2.0,AB,3.0,26/02/2021,Retrofitworks,Urban,2001+,,2.0,1.0,188.6,8.0,4.0,8.0,2.5,Cavity_Insulated,Solid,Pitched,Double,Yes,Gas,Gas Boiler - Standard,,Water,200,0.0,0.0,0.0,No,No,,,8.67,50.0,21991.0,3821.0,136.0,50.0,3.66,Yes,No,Yes,Yes,ASHP,Heat Emitters,12699.0,1247.0,1030.92,13.0,,Yes,15/03/2021,Reina Group,ASHP,,Mitsubishi,PUZ-WM112VAA,11.2,R32,,Water_New,210.0,,1.0,0.0,6.0,0.0,,Low Noise Heat Pump,No,0.0,0.0,0.0,No,No,0.0,0.0,,No,6659.67,1183.0,3735.24,872.9,0.0,0.0,0.0,0.0,0.0,0.0,5.0,2.0,House_Detached_2.0
E.ON,EOH1273,NE7,48.0,Working Full time (>30hrs),Skilled Manual Worker,"25,001 - 30,000",2021-03-10T00:00:00.000Z,Owner-Occupied,10.0,C2,1.0,10/03/2021,Phoenix,Urban,1930 - 1949,E,2.0,0.0,94.0,6.0,3.0,9.0,2.5,Cavity_Insulated,Suspended,Pitched,Double,Yes,Gas,Gas Boiler - Standard,Fire - Gas,Water,110,0.0,2.0,1.0,No,No,,,,,,,,,,No,No,No,No,None - Installation not recommended,,,,,,,,,,,,,,,,,,,,,,,,,,,,,,,,,,,,,,,,,,,,,,,,House_Semi-Detached_2.0
Warmworks,EOH0542,EH14,31.0,Working Full time (>30hrs),Professional,Prefer not to say,2021-04-16T00:00:00.000Z,Owner-Occupied,0.1,C1,1.0,13/07/2021,Warmworks,Urban,1965-1980,D,1.0,0.0,76.46,3.0,3.0,3.0,2.41,Cavity_Insulated,Suspended,Pitched,Double,Yes,Gas,Gas Boiler - Combi,,Water,No access,0.0,0.0,0.0,No,No,,,,,,,,,,Yes,No,Yes,Yes,ASHP,,,,,,,No,,,,,,,,,,,,,,,,,,,,,,,,,,,,,,,,,,,,,,,,,House_Mid-Terrace_2.0
Warmworks,EOH0413,EH17,64.0,Working Full time (>30hrs),Manager,"50,001+",2020-07-08T00:00:00.000Z,Owner-Occupied,6.0,C1,3.0,27/07/2020,Warmworks,Suburban,1991-2000,D,3.0,0.0,106.36,5.0,4.0,5.0,2.6,Cavity_Insulated,Suspended,Pitched,Double,Yes,Gas,Gas Boiler - Standard,,Water,Medium (131-170l),0.0,0.0,1.0,No,No,,,9.0,95.0,24085.0,3821.0,0.0,50.0,3.65,Yes,No,Yes,Yes,Hybrid,,,,982.77,13.67,2.85,Yes,25/09/2020,Everwarm,Hybrid,Separate_New Boiler,Vaillant,VWL 75/6 A 230V S2,7.0,R290,0.0,,,,1.0,,12.0,0.0,,Low Noise Heat Pump,No,0.0,0.0,0.0,No,No,0.0,0.0,,No,11358.42,,1610.23,3246.91,,,,,,,2.0,0.0,House_Detached_2.0
E.ON,EOH1294,NE3,53.0,Working Full time (>30hrs),Clerical,"25,001 - 30,000",2021-03-04T00:00:00.000Z,Owner-Occupied,30.0,C1,1.0,11/03/2021,Phoenix,Urban,1967 - 1975,,1.0,2.0,84.0,5.0,3.0,7.0,2.4,Cavity_Insulated,Solid,Pitched,Double,Yes,Gas,Gas Boiler - Standard,Fire - Gas,Water,110,0.0,1.0,0.0,No,No,3612.0,17912.0,,,,,,,,No,No,No,No,None - Installation not recommended,,,,,,,,,,,,,,,,,,,,,,,,,,,,,,,,,,,,,,,,,,,,,,,,House_Semi-Detached_2.0
OVO,EOH1461,TN12,69.0,Working Part time,Professional,"50,001+",2020-07-02T00:00:00.000Z,Owner-Occupied,45.0,DE,4.0,23/11/2020,Retrofitworks,Suburban,1945-1964,,2.0,0.0,126.62,7.0,5.0,9.0,2.35,Cavity_No_insulation,Solid,Pitched,Double,Yes,Gas,Gas Boiler - Standard,,Water,150,0.0,1.0,1.0,No,No,1789.03,8544.95,,,,,,,,,,,,None - Installation not recommended,,,,,,,,,,,,,,,,,,,,,,,,,,,,,,,,,,,,,,,,,,,,,,,,House_Semi-Detached_2.0
Warmworks,EOH2434,EH22,51.0,Working Part time,Semi and unskilled manual worker,"50,001+",2020-08-13T00:00:00.000Z,Owner-Occupied,2.0,DE,2.0,17/09/2020,Warmworks,Suburban,1945-1964,C,2.0,2.0,81.52,4.0,3.0,4.0,2.6,Cavity_Insulated,Solid,Pitched,Double,Yes,Gas,Gas Boiler - Combi,,,,0.0,0.0,0.0,No,No,3592.0,21632.0,4.6,61.5,14151.0,4075.0,1476.0,55.0,3.39,Yes,Yes,Yes,Yes,ASHP,,,,1528.0,14.0,3.0,Yes,10/03/2021,BRB Electrical Ltd,HT_ASHP,,Vaillant,VWL 75/6 A 230V S2,7.0,R290,0.0,Water_New,150.0,,1.0,,8.0,0.0,,Low Noise Heat Pump,No,0.0,0.0,0.0,Yes,No,0.0,0.0,,No,11215.18,3508.21,1610.23,2164.61,,,,,,,2.0,0.0,House_Semi-Detached_2.0
E.ON,EOH2637,NE3,37.0,Working Full time (>30hrs),Skilled Manual Worker,"40,001 - 50,000",2021-01-28T00:00:00.000Z,Owner-Occupied,0.9,C2,1.0,12/02/2021,Phoenix,Urban,1950 - 1966,C,2.0,2.0,95.0,5.0,3.0,7.0,2.4,Cavity_Insulated,Suspended,Pitched,Double,Yes,Gas,Gas Boiler - Standard,,Water,110,0.0,0.0,1.0,No,No,1149.0,21375.0,7.69,80.97,18636.2,3820.0,0.0,,,No,No,No,Yes,Hybrid,None Required,11353.47,,1311.0,14.0,4.0,Yes,30/04/2021,Phoenix,Hybrid,Separate_New Boiler,Daikin,EHY2KOMB28AA,4.0,R32,,,,,1.0,9.0,0.0,0.0,none,none,No,0.0,0.0,0.0,No,No,0.0,0.0,,no,5739.82,,,3978.47,0.0,0.0,0.0,0.0,0.0,0.0,3.0,0.0,House_Semi-Detached_2.0
E.ON,EOH1687,NE5,51.0,Working Full time (>30hrs),Professional,"30,001 - 40,000",2021-03-04T00:00:00.000Z,Owner-Occupied,21.0,C1,1.0,08/03/2021,Phoenix,Urban,1950 - 1966,C,3.0,0.0,123.0,6.0,4.0,8.0,2.5,Cavity_Insulated,Solid,Pitched,Double,Yes,Gas,Gas Boiler - Combi,Fire - Gas,,,0.0,1.0,1.0,No,No,,,7.53,61.24,15147.6,4394.0,0.0,55.0,2.96,No,No,No,Yes,Hybrid,None Required,10971.65,,1022.0,14.0,4.0,Yes,28/04/2021,Phoenix,Hybrid,Separate_New Boiler,Daikin,EHY2KOMB28AA,4.0,R32,,,,,1.0,9.0,0.0,0.0,none,none,No,0.0,0.0,0.0,No,No,0.0,0.0,,no,5912.2,,,3424.27,0.0,0.0,0.0,0.0,0.0,0.0,3.0,0.0,House_Semi-Detached_2.0
Warmworks,EOH1650,EH13,56.0,Working Part time,Clerical,"50,001+",2020-07-13T00:00:00.000Z,Owner-Occupied,15.0,C2,2.0,24/07/2020,Everwarm,Suburban,1945-1964,D,2.0,0.0,158.36,7.0,4.0,7.0,2.44,Cavity_Insulated,Suspended,Pitched,Double,Yes,Gas,Gas Boiler - Standard,Fire - Gas,Water,Normal (90-130l),0.0,1.0,0.0,No,No,3100.0,12000.0,,,,,,,,No,No,Yes,No,HT_ASHP,,,,,,,No,,,,,,,,,,,,,,,,,,,,,,,,,,,,,,,,,,,,,,,,,House_Detached_2.0
E.ON,EOH2822,NE5,69.0,Retired,Pensioner,"30,001 - 40,000",2020-08-27T00:00:00.000Z,Owner-Occupied,0.9,DE,2.0,28/09/2020,Phoenix,Suburban,1967 - 1975,,2.0,0.0,127.42,6.0,4.0,11.0,2.3,Cavity_No_insulation,Suspended,Pitched,Double,Yes,Gas,Gas Boiler - Combi,Fire - Electric,,,0.0,0.0,0.0,No,No,3839.0,19776.0,11.234,91.97,11530.0,4776.0,0.0,,,Yes,No,No,Yes,Hybrid,None Required,11342.4,0.0,1273.0,14.3,3.8,No,,,,,,,,,,,,,,,,,,,,,,,,,,,,,,,,,,,,,,,,,House_Detached_2.0
E.ON,EOH1953,NE15,54.0,Working Part time,Skilled Manual Worker,"30,001 - 40,000",2020-10-16T00:00:00.000Z,Owner-Occupied,21.0,C2,1.0,30/10/2020,Phoenix,Urban,1950 - 1966,C,2.0,2.0,136.0,6.0,4.0,4.0,2.4,Cavity_Insulated,Suspended,Pitched,Double,Yes,Gas,Gas Boiler - Combi,Fire - Gas,,,0.0,0.0,1.0,No,No,,,8.904,65.47,21573.3,4776.0,0.0,55.0,2.96,No,No,No,Yes,Hybrid,None Required,10615.82,,1051.0,14.3,3.8,Yes,04/03/2021,Phoenix,Hybrid,Separate_New Boiler,Daikin,EHY2KOMB28AA,4.0,R32,,,,,1.0,12.0,0.0,0.0,none,none,No,0.0,0.0,0.0,No,No,0.0,0.0,,no,5739.82,,,3240.82,0.0,0.0,0.0,0.0,0.0,0.0,3.0,0.0,House_Semi-Detached_3.0
Warmworks,EOH0231,TD9,68.0,Retired,Pensioner,Prefer not to say,2020-10-08T00:00:00.000Z,Rented (Social),1.0,DE,1.0,29/10/2020,Warmworks,Suburban,1965-1980,E,1.0,0.0,68.4,4.0,2.0,4.0,,Cavity_Insulated,Solid,Pitched,Double,,,Electric - Direct,Fire - Coal,Water,Medium (131-170l),0.0,0.0,0.0,No,No,,,5.0,65.0,5111.0,2697.0,156.0,50.0,3.15,Yes,No,Yes,No,ASHP,,,,487.0,14.0,,Yes,22/01/2021,TK Murray,ASHP,,Vaillant,VWL 55/3 A 230V,5.0,R410A,0.0,Water_New,150.0,,1.0,8.0,,0.0,,Low Noise Heat Pump,No,0.0,0.0,0.0,,No,0.0,0.0,,No,7655.16,3508.27,1610.23,2164.61,,,,,,,2.0,0.0,Flat_Flat_1.0
OVO,EOH2187,PO10,52.0,Working Full time (>30hrs),Professional,"50,001+",2021-01-07T00:00:00.000Z,Owner-Occupied,7.0,C2,3.0,23/02/2021,Retrofitworks,Suburban,1945-1964,,2.0,0.0,66.53,6.0,3.0,6.0,2.4,Cavity_Insulated,Suspended,Pitched,Double,Yes,Gas,Gas Boiler - Combi,,,,0.0,0.0,0.0,No,No,,,,,,,,,,,,,,,,,,,,,No,,,,,,,,,,,,,,,,,,,,,,,,,,,,,,,,,,,,,,,,,House_Semi-Detached_2.0
OVO,EOH2166,RH11,26.0,Working Full time (>30hrs),Clerical,"50,001+",2020-08-13T00:00:00.000Z,Owner-Occupied,,C1,3.0,03/02/2021,Retrofitworks,Urban,1965-1980,,2.0,0.0,55.0,4.0,2.0,4.0,2.35,Cavity_Insulated,Solid,Pitched,Double,No,Electricity,Electric - Warm air,,Water,150,0.0,0.0,0.0,No,No,,,4.61,87.47,9700.0,2292.0,82.0,50.0,3.35,Yes with additional measures,No,Yes with additional measures,Yes with additional measures,ASHP,Heat Emitters,9599.7,5088.2,599.51,15.0,,Yes,12/04/2021,Reina Group,ASHP,,Daikin,EDLQ07CV3,7.0,R410A,,Water_New,150.0,,1.0,0.0,9.0,0.0,,,No,0.0,0.0,0.0,No,No,0.0,0.0,,No,5739.79,980.0,4406.37,3561.74,0.0,0.0,0.0,0.0,0.0,0.0,4.0,1.0,House_Semi-Detached_2.0
Warmworks,EOH0360,KY12,50.0,Working Full time (>30hrs),Professional,"50,001+",2020-10-16T00:00:00.000Z,Owner-Occupied,9.0,C1,3.0,16/12/2020,Everwarm,Suburban,1991-2000,C,2.0,2.0,359.2,8.0,5.0,8.0,2.64,Cavity_Insulated,Suspended,Pitched,Double,Yes,Gas,Gas Boiler - Standard,Fire - Gas,Water,Medium (131-170l),0.0,1.0,1.0,No,No,8692.0,46652.0,,,,,,,,Yes,Yes,Yes,Yes,None - Installation not recommended,,,,,,,,,,,,,,,,,,,,,,,,,,,,,,,,,,,,,,,,,,,,,,,,House_Detached_2.0
OVO,EOH0819,SO15,49.0,Working Full time (>30hrs),Professional,"40,001 - 50,000",2020-07-02T00:00:00.000Z,Owner-Occupied,11.0,AB,4.0,04/02/2021,Retrofitworks,Suburban,Pre 1919,,1.0,0.0,82.0,5.0,3.0,7.0,2.8,Cavity_Insulated,Suspended,Pitched,Double,Yes,Gas,Gas Boiler - Combi,Fire - Wood,,,0.0,0.0,0.0,No,No,,,6.66,92.59,16937.15,3650.0,1022.4,,,Yes with additional measures,No,Yes with additional measures,Yes with additional measures,Hybrid,Heat Emitters,8412.9,560.7,807.34,15.0,,Yes,28/04/2021,Northern Gas,Hybrid,Separate_New Boiler,Daikin,EJHA04AAV3,4.0,R32,,Water_New,150.0,,1.0,0.0,9.0,0.0,,,No,0.0,0.0,0.0,No,No,0.0,0.0,,No,5970.62,0.0,3115.34,1122.44,0.0,0.0,0.0,0.0,0.0,0.0,2.0,1.0,House_End-Terrace_2.0
OVO,EOH1693,KT19,69.0,Retired,Pensioner,"30,001 - 40,000",2020-11-14T00:00:00.000Z,Owner-Occupied,27.0,DE,2.0,26/03/2021,Retrofitworks,Urban,1965-1980,,3.0,2.0,143.0,5.0,4.0,5.0,2.4,Cavity_Insulated,Solid,Pitched,Double,No,Electricity,Electric - Storage,,Water,170,0.0,0.0,0.0,No,No,,,,,,,,,,,,,,,,,,,,,No,,,,,,,,,,,,,,,,,,,,,,,,,,,,,,,,,,,,,,,,,House_Mid-Terrace_2.0
E.ON,EOH2240,NE5,40.0,Working Full time (>30hrs),Manager,"30,001 - 40,000",2020-11-12T00:00:00.000Z,Owner-Occupied,8.0,C1,3.0,02/12/2020,Phoenix,Urban,1930 - 1949,D,2.0,2.0,80.0,5.0,3.0,7.0,2.5,Cavity_Insulated,Suspended,Pitched,Double,Yes,Gas,Gas Boiler - Combi,,,,0.0,0.0,1.0,No,No,2013.0,9864.0,,,,,,,,Yes,No,Yes,Yes,None - Installation not recommended,,,,,,,,,,,,,,,,,,,,,,,,,,,,,,,,,,,,,,,,,,,,,,,,House_Semi-Detached_2.0
OVO,EOH2709,OX3,47.0,Working Full time (>30hrs),Professional,"50,001+",2020-07-03T00:00:00.000Z,Owner-Occupied,11.0,AB,5.0,18/07/2020,Ovo,Suburban,1919-1944,,2.0,2.0,,5.0,3.0,5.0,,,,,Double,Yes,Gas,Gas Boiler - Standard,,Water,,0.0,0.0,0.0,No,No,,,,,,,,,,,,,,None - Installation not recommended,,,,,,,,,,,,,,,,,,,,,,,,,,,,,,,,,,,,,,,,,,,,,,,,House_Semi-Detached_2.0
Warmworks,EOH1007,EH12,61.0,Working Full time (>30hrs),Professional,"50,001+",2020-08-26T00:00:00.000Z,Owner-Occupied,20.0,AB,1.0,24/09/2020,Warmworks,Suburban,1981-1990,C,2.0,0.0,157.82,5.0,3.0,5.0,2.6,Cavity_No_insulation,Suspended,Pitched,Double,Yes,Gas,Gas Boiler - Combi,,,,2.0,0.0,1.0,Yes - Borehole,Yes,6048.0,19757.0,,,,,,,,Yes,Yes,Yes,Yes,None - Installation not recommended,,,,,,,,,,,,,,,,,,,,,,,,,,,,,,,,,,,,,,,,,,,,,,,,House_Semi-Detached_2.0
Warmworks,EOH0264,EH23,53.0,Working Full time (>30hrs),Manager,Prefer not to say,2021-04-06T00:00:00.000Z,Owner-Occupied,10.0,AB,4.0,01/07/2021,Warmworks,Suburban,2001+,B,2.0,2.0,164.88,7.0,4.0,7.0,2.42,Cavity_Insulated,Solid,Pitched,Double,Yes,Gas,Gas Boiler - Standard,,Water,Medium (131-170l),0.0,0.0,1.0,No,No,3750.0,22914.0,10.9,,23189.0,2812.0,0.0,,,Yes,No,Yes,Yes,ASHP,,,,1046.0,18.0,5.0,No,,,,,,,,,,,,,,,,,,,,,,,,,,,,,,,,,,,,,,,,,House_Detached_2.0
E.ON,EOH1250,NE12,59.0,Working Full time (>30hrs),Manager,"50,001+",2021-02-03T00:00:00.000Z,Owner-Occupied,19.0,AB,4.0,17/02/2021,Phoenix,Urban,before 1900,,5.0,0.0,95.0,9.0,5.0,11.0,2.8,Solid_No_insulation,Suspended,Pitched,Double,Yes,Gas,Gas Boiler - Combi,Fire - Wood,,,1.0,0.0,1.0,Yes - Ground Loop,Yes,13140.0,30821.0,,,,,,,,Yes,No,Yes,Yes,None - Installation not recommended,,,,,,,,,,,,,,,,,,,,,,,,,,,,,,,,,,,,,,,,,,,,,,,,House_Semi-Detached_2.0
Warmworks,EOH0428,EH52,47.0,Working Full time (>30hrs),Manager,"50,001+",2020-09-13T00:00:00.000Z,Owner-Occupied,5.0,C2,2.0,18/11/2020,Warmworks,Rural,2001+,C,2.0,2.0,105.89,6.0,4.0,6.0,2.35,Cavity_Insulated,Solid,Pitched,Double,Yes,Gas,Gas Boiler - Standard,,Water,Large (> 170l),0.0,0.0,1.0,No,No,,,,,,,,,,Yes,No,Yes,No,ASHP,,,,,,,No,,,,,,,,,,,,,,,,,,,,,,,,,,,,,,,,,,,,,,,,,House_Detached_2.0
E.ON,EOH0522,NE15,46.0,Working Full time (>30hrs),Manager,Prefer not to say,2021-03-09T00:00:00.000Z,Owner-Occupied,6.0,C1,3.0,15/03/2021,Phoenix,Urban,1950 - 1966,E,2.0,0.0,87.0,5.0,3.0,7.0,2.4,Cavity_Insulated,Solid,Pitched,Double,Yes,Gas,Gas Boiler - Standard,Fire - Gas,Water,110,0.0,1.0,0.0,No,No,,,,,,,,,,No,No,No,No,None - Installation not recommended,,,,,,,,,,,,,,,,,,,,,,,,,,,,,,,,,,,,,,,,,,,,,,,,House_Semi-Detached_2.0
Warmworks,EOH1355,EH22,47.0,Working Full time (>30hrs),Supervisor,"50,001+",2020-09-08T00:00:00.000Z,Owner-Occupied,3.0,C2,3.0,05/10/2020,Warmworks,Suburban,1945-1964,C,3.0,0.0,81.6,4.0,3.0,4.0,,Cavity_No_insulation,Solid,Pitched,Double,Yes,Gas,Gas Boiler - Combi,,,,0.0,0.0,1.0,No,No,2576.0,9856.0,,,,,,,,Yes,Yes,Yes,Yes,ASHP,,,,,,,No,,,,,,,,,,,,,,,,,,,,,,,,,,,,,,,,,,,,,,,,,House_End-Terrace_2.0
E.ON,EOH0613,NE13,36.0,Working Full time (>30hrs),Professional,"50,001+",2020-11-07T00:00:00.000Z,Owner-Occupied,13.0,AB,5.0,25/11/2020,Phoenix,Urban,2003 - 2006,,2.0,0.0,190.0,7.0,5.0,10.0,2.4,Cavity_Insulated,Solid,Pitched,Double,Yes,Gas,Gas Boiler - Standard,Fire - Gas,Water,220,0.0,1.0,1.0,Yes - Ground Loop,Yes,2233.0,10564.0,,,,,,,,No,No,No,No,,,,,,,,No,,,,,,,,,,,,,,,,,,,,,,,,,,,,,,,,,,,,,,,,,House_Detached_3.0
Warmworks,EOH2018,EH41,47.0,Working Full time (>30hrs),Professional,"50,001+",2020-07-10T00:00:00.000Z,Owner-Occupied,6.0,AB,5.0,29/07/2020,Everwarm,Suburban,2001+,C,4.0,2.0,256.86,6.0,4.0,6.0,2.7,Cavity_Insulated,Suspended,Pitched,Double,Yes,Gas,Gas Boiler - Combi,,Water,Medium (131-170l),0.0,0.0,1.0,No,No,8384.0,28600.0,,,,,,,,Yes,No,Yes,No,ASHP,,,,,,,No,,,,,,,,,,,,,,,,,,,,,,,,,,,,,,,,,,,,,,,,,House_Detached_3.0
Warmworks,EOH2634,EH26,67.0,Retired,Pensioner,"30,001 - 40,000",2020-08-27T00:00:00.000Z,Owner-Occupied,22.0,DE,4.0,20/10/2020,Warmworks,Urban,1991-2000,A,2.0,1.0,243.6,8.0,4.0,8.0,,Cavity_Insulated,Suspended,Pitched,Double,Yes,Gas,Gas Boiler - Standard,,Water,Normal (90-130l),0.0,0.0,1.0,Yes - Borehole,Yes,,,12.6,64.2,28332.0,5394.0,3082.0,45.0,3.48,Yes,Yes,Yes,Yes,GSHP,,,,1994.0,16.36,4.17,Yes,12/07/2021,mcinnesplumbing,ASHP,,Mitsubishi,PUHZ-HW140VHA2-BS,14.0,R410A,0.0,Water_New,200.0,,1.0,20.0,,0.0,,Low Noise Heat Pump,No,0.0,0.0,0.0,No,No,0.0,0.0,,No,8575.73,3572.208,1610.23,4599.79,,,,,,,2.0,0.0,House_Detached_2.0
Warmworks,EOH3033,TD7,70.0,Retired,Pensioner,Prefer not to say,2021-03-22T00:00:00.000Z,Owner-Occupied,1.0,C1,5.0,05/05/2021,Warmworks,Rural,2001+,D,1.0,0.0,84.5,4.0,2.0,4.0,2.48,Cavity_Insulated,Suspended,Pitched,Double,,Oil,Oil Boiler,Fire - Wood,Water,Medium (131-170l),0.0,0.0,0.0,No,No,,,8.5,73.0,11360.0,3057.0,156.0,50.0,3.65,Yes,No,Yes,No,HT_ASHP,,,,800.0,14.0,,Yes,01/09/2021,TK Murray,HT_ASHP,,Vaillant,VWL 75/6 A 230V S2,7.0,R290,0.0,Water_New,150.0,,1.0,,10.0,0.0,,Low Noise Heat Pump,No,0.0,0.0,0.0,,No,0.0,0.0,,No,11215.18,3508.27,1610.23,2705.76,,,,,,,3.0,0.0,House_Detached_1.0
E.ON,EOH0063,NE13,31.0,Unemployed,Unemployed/Benefits,"0 - 12,500",2020-11-23T00:00:00.000Z,Owner-Occupied,1.0,DE,1.0,07/12/2020,Phoenix,Urban,1967 - 1975,E,1.0,0.0,58.0,3.0,2.0,5.0,2.3,Cavity_Insulated,Suspended,Pitched,Double,Yes,Gas,Gas Boiler - Combi,Fire - Gas,,,0.0,1.0,1.0,No,No,,,4.654,80.24,11272.0,2019.0,109.0,46.0,3.52,Yes,No,Yes,Yes,ASHP,None Required,12199.0,,554.0,14.3,3.8,Yes,25/03/2021,Aaron Services,ASHP,,Daikin,EDLQ07CAV3,7.0,R410A,,Water_new,150.0,,1.0,6.0,0.0,1.0,none,none,No,0.0,0.0,0.0,No,No,0.0,0.0,,no,5648.0,1701.0,,3071.0,0.0,0.0,0.0,0.0,0.0,0.0,3.0,0.0,House_Semi-Detached_1.0
Warmworks,EOH2212,TD4,44.0,Working Part time,Professional,Prefer not to say,2020-07-22T00:00:00.000Z,Rented (Social),23.0,C2,1.0,28/08/2020,Warmworks,Suburban,1945-1964,E,1.0,2.0,71.5,3.0,2.0,3.0,2.45,Cavity_Insulated,Suspended,Pitched,Double,,Electricity,Electric - Direct,,Water,Normal (90-130l),0.0,0.0,0.0,No,No,10823.0,,5.0,68.0,10504.0,2697.0,156.0,50.0,3.15,Yes,No,Yes,No,ASHP,,,,617.0,14.0,,Yes,08/01/2021,TK Murray,ASHP,,Vaillant,VWL 55/3 A 230V,5.0,R410A,0.0,Water_New,150.0,,1.0,8.0,,0.0,,Low Noise Heat Pump,No,0.0,0.0,0.0,,No,0.0,0.0,,No,7655.16,3508.27,1610.23,2164.61,,,,,,,1.0,0.0,House_Mid-Terrace_2.0
OVO,EOH1430,KT17,38.0,Working Full time (>30hrs),Manager,"50,001+",2020-07-06T00:00:00.000Z,Owner-Occupied,,AB,3.0,15/02/2021,Retrofitworks,Suburban,1919-1944,,2.0,1.0,162.1,7.0,3.0,7.0,2.5,Cavity_Insulated,Suspended,Pitched,Double,Yes,Gas,Gas Boiler - Standard,,,,0.0,2.0,1.0,No,No,,,,,,,,,,,,,,None - Installation not recommended,,,,,,,,,,,,,,,,,,,,,,,,,,,,,,,,,,,,,,,,,,,,,,,,House_Detached_2.0
Warmworks,EOH1174,KY16,72.0,Retired,Pensioner,"40,001 - 50,000",2020-11-09T00:00:00.000Z,Owner-Occupied,2.0,DE,2.0,17/12/2020,Everwarm,Urban,2001+,B,2.0,0.0,277.08,6.0,4.0,6.0,2.36,Cavity_Insulated,Solid,Pitched,Double,Yes,Gas,Gas Boiler - Standard,,Water,Medium (131-170l),6.0,0.0,0.0,No,No,5957.0,34677.0,16.7,69.2,42406.0,4776.0,0.0,,,Yes,No,No,Yes,ASHP,,,,2170.94,18.0,5.0,No,,,,,,,,,,,,,,,,,,,,,,,,,,,,,,,,,,,,,,,,,House_Detached_2.0
E.ON,EOH1347,NE7,44.0,Working Full time (>30hrs),Professional,"40,001 - 50,000",2020-07-16T00:00:00.000Z,Owner-Occupied,3.0,AB,3.0,14/08/2020,Phoenix,Urban,1950 - 1966,,1.0,1.0,96.0,4.0,3.0,8.0,2.4,Cavity_No_insulation,Mix,Pitched,Double,Yes,Gas,Gas Boiler - Combi,,,,0.0,0.0,1.0,No,No,1200.0,14800.0,,,,,,,,No,No,No,No,None - Installation not recommended,,,,,,,,,,,,,,,,,,,,,,,,,,,,,,,,,,,,,,,,,,,,,,,,House_Semi-Detached_2.0
Warmworks,EOH2239,EH29,37.0,Stay at home parent,Unemployed/Benefits,"50,001+",2020-07-23T00:00:00.000Z,Owner-Occupied,,DE,2.0,16/04/2021,Warmworks,Suburban,2001+,B,2.0,3.0,151.36,7.0,5.0,7.0,2.36,Cavity_Insulated,Solid,Pitched,Double,Yes,Gas,Gas Boiler - Standard,,Water,Large (> 170l),0.0,0.0,1.0,No,No,,,8.7,63.0,21715.0,4775.0,0.0,50.0,3.66,Yes,No,Yes,Yes,HT_ASHP,,,,1394.0,18.0,5.0,Yes,02/08/2021,Everwarm,ASHP,,Mitsubishi,PUZ-WM112VAA,11.2,R32,0.0,Water_New,200.0,,1.0,15.0,,0.0,,Low Noise Heat Pump,No,0.0,0.0,0.0,No,No,0.0,0.0,,No,8575.73,3572.208,1610.23,4058.64,,,,,,,3.0,0.0,House_Detached_2.0
E.ON,EOH1639,NE3,35.0,Working Full time (>30hrs),Manager,"50,001+",2020-07-10T00:00:00.000Z,Owner-Occupied,4.0,AB,1.0,24/07/2020,E.ON,Urban,1900 - 1929,E,2.0,1.0,115.0,6.0,3.0,10.0,2.6,Cavity_Insulated,Suspended,Pitched,Double,Yes,Gas,Gas Boiler - Combi,,,,0.0,0.0,1.0,Yes - Ground Loop,Yes,650.0,760.0,,,,,,,,No,No,No,No,None - Installation not recommended,,,,,,,,,,,,,,,,,,,,,,,,,,,,,,,,,,,,,,,,,,,,,,,,House_Semi-Detached_2.0
E.ON,EOH1880,DH9,,Working Full time (>30hrs),Skilled Manual Worker,"30,001 - 40,000",2021-07-01T00:00:00.000Z,Owner-Occupied,20.0,C2,4.0,12/07/2021,Energist,Suburban,1930 - 1949,,2.0,0.0,196.0,5.0,3.0,9.0,2.4,Solid_No_insulation,Solid,Pitched,Double,No,Electricity,Electric - Storage,Fire - Wood,Water,180,0.0,0.0,0.0,No,No,,,7.77,92.5,19550.0,2674.0,0.0,55.0,3.58,Yes,No,Yes,Yes,ASHP,None Required,14438.0,,1214.0,12.5,3.5,Yes,13/09/2021,Energist,HT_ASHP,,Vaillant,VWL 105/6 A 230V S2,10.0,R290,,Water_new,200.0,,1.0,10.0,0.0,0.0,,,No,0.0,0.0,0.0,No,No,0.0,0.0,,no,6535.0,1752.34,,2975.87,0.0,0.0,0.0,0.0,0.0,0.0,4.0,,House_Semi-Detached_2.0
E.ON,EOH2182,NE13,33.0,Working Part time,Clerical,"20,001 - 25,000",2021-01-08T00:00:00.000Z,Owner-Occupied,10.0,C1,2.0,28/01/2021,Phoenix,Urban,1983 - 1990,,2.0,0.0,137.0,6.0,4.0,12.0,2.3,Cavity_Insulated,Solid,Pitched,Double,Yes,Gas,Gas Boiler - Combi,,,,0.0,0.0,1.0,No,No,,,,,,,,,,Yes,No,Yes,No,None - Installation not recommended,,,,,,,,,,,,,,,,,,,,,,,,,,,,,,,,,,,,,,,,,,,,,,,,House_Detached_1.0
Warmworks,EOH0562,FK4,58.0,Retired,Pensioner,"40,001 - 50,000",2020-08-10T00:00:00.000Z,Owner-Occupied,28.0,DE,4.0,20/09/2020,Warmworks,Suburban,1945-1964,D,3.0,0.0,149.22,6.0,4.0,6.0,2.44,Cavity_Insulated,Suspended,Pitched,Double,Yes,Gas,Gas Boiler - Combi,Fire - Wood,,,0.0,0.0,1.0,No,No,12190.0,28756.0,9.0,65.8,23089.0,2865.0,0.0,50.0,3.92,Yes,No,Yes,No,HT_ASHP,,,,1106.06,15.0,5.0,Yes,03/03/2021,Everwarm,HT_ASHP,,Vaillant,VWL 125/6 A 230V S2,12.0,R290,0.0,Water_New,200.0,,1.0,,12.0,0.0,,Low Noise Heat Pump,No,0.0,0.0,0.0,Yes,No,0.0,0.0,,No,19743.14,2976.84,1610.23,3246.91,,,,,,,2.0,0.0,House_Detached_2.0
OVO,EOH0159,TN23,71.0,Retired,Pensioner,"0 - 12,500",2020-08-26T00:00:00.000Z,Owner-Occupied,10.0,DE,2.0,26/11/2020,Retrofitworks,Suburban,Pre 1919,,1.0,0.0,76.04,4.0,2.0,4.0,2.44,Solid_No_insulation,Mix,Pitched,Double,Yes,Gas,Gas Boiler - Combi,,,,0.0,0.0,0.0,No,No,1615.0,,5.3,71.06,14693.0,2292.0,82.0,50.0,3.35,Yes,No,Yes,Yes,ASHP,Heat Emitters,11199.0,1885.0,821.59,15.0,,Yes,08/02/2021,Reina Group,ASHP,,Daikin,EDLQ07CV3,7.0,R410A,,Water_New,180.0,,1.0,0.0,8.0,0.0,,,No,0.0,0.0,0.0,No,No,0.0,0.0,,No,4768.4,875.0,2984.1,1319.49,0.0,0.0,0.0,0.0,0.0,0.0,4.0,2.0,House_Mid-Terrace_2.0
OVO,EOH2714,CT18,53.0,Working Full time (>30hrs),Manager,"50,001+",2020-09-17T00:00:00.000Z,Owner-Occupied,23.0,AB,4.0,24/03/2021,Retrofitworks,Suburban,1991-2000,,2.0,2.0,138.0,8.0,5.0,8.0,2.35,Cavity_Insulated,Solid,Pitched,Double,Yes,Gas,Gas Boiler - Standard,,Water,120,0.0,0.0,1.0,No,Yes,,,7.79,57.87,16038.0,4585.0,163.0,65.0,2.9,Yes with additional measures,No,Yes with additional measures,Yes with additional measures,ASHP,Heat Emitters,13301.0,476.0,1130.4,15.0,,Yes,01/06/2021,Reina Group,HT_ASHP,,Daikin,EPRA14DV3,14.0,R32,,Water_New,300.0,,1.0,0.0,1.0,0.0,,,No,0.0,0.0,0.0,No,No,0.0,0.0,,No,7144.48,1120.0,3684.72,333.2,0.0,0.0,0.0,0.0,0.0,0.0,5.0,0.0,House_Detached_2.0
E.ON,EOH2655,NE15,,Working Full time (>30hrs),Manager,"40,001 - 50,000",2020-11-04T00:00:00.000Z,Owner-Occupied,23.0,C1,3.0,18/11/2020,Phoenix,Urban,1950 - 1966,,3.0,0.0,155.0,7.0,4.0,9.0,2.4,Cavity_No_insulation,Mix,Pitched,Double,Yes,Gas,Gas Boiler - Combi,Fire - Gas,,,0.0,1.0,0.0,No,No,5460.0,24180.0,9.92,76.89,9042.0,4776.0,0.0,,,No,No,No,Yes,Hybrid,Loft Insulation and Wall Insulation,11539.23,1500.0,1156.0,14.3,3.8,No,,,,,,,,,,,,,,,,,,,,,,,,,,,,,,,,,,,,,,,,,House_Detached_2.0
OVO,EOH2485,GU7,40.0,Working Full time  (>30hrs),Professional,Prefer not to say,2020-07-01T00:00:00.000Z,Owner-Occupied,,C1,5.0,29/09/2020,Retrofitworks,Rural,1981-1990,C,2.0,1.0,205.0,9.0,5.0,9.0,2.32,Cavity_No_insulation,Solid,Pitched,Double,Yes,Gas,Gas Boiler - Standard,,,,0.0,0.0,1.0,Yes - Borehole,Yes,,,8.78,54.14,30622.46,7300.0,2829.46,,,Yes,No,Yes,Yes,ASHP,,14850.0,0.0,1834.76,14.0,,No,,,,,,,,,,,,,,,,,,,,,,,,,,,,,,,,,,,,,,,,,House_Detached_2.0
E.ON,EOH2128,NE12,,Working Full time (>30hrs),Professional,"40,001 - 50,000",2020-12-11T00:00:00.000Z,Owner-Occupied,0.9,C1,1.0,06/01/2021,Phoenix,Urban,1950 - 1966,D,2.0,0.0,76.0,6.0,3.0,7.0,2.4,Cavity_Insulated,Suspended,Pitched,Double,Yes,Gas,Gas Boiler - Combi,Fire - Gas,,,0.0,1.0,1.0,No,No,,,6.393,84.11,12800.9,2105.0,322.0,49.0,3.39,Yes,No,No,Yes,ASHP,Barrier,11998.12,300.0,725.0,14.3,3.8,Yes,21/04/2021,Aaron Services,ASHP,,Daikin,EDLQ07CAV7,7.0,R410A,,Water_new,150.0,,1.0,10.0,0.0,0.0,none,none,No,0.0,1.0,0.0,No,No,0.0,0.0,,no,5648.0,1701.0,,2870.1,0.0,0.0,0.0,0.0,0.0,0.0,3.0,0.0,House_Semi-Detached_2.0
OVO,EOH1196,PO38,62.0,Working Part time,Professional,Prefer not to say,2020-07-09T00:00:00.000Z,Owner-Occupied,31.0,C2,4.0,15/03/2021,Retrofitworks,Suburban,1965-1980,,3.0,0.0,83.1,4.0,2.0,4.0,2.4,Cavity_Insulated,Solid,Pitched,Double,No,Wood,Fire - Wood,Electric - Direct,Water,100,2.0,0.0,0.0,Yes - Ground Loop,Yes,,,,,,,,,,,,,,None - Installation not recommended,,,,,,,,,,,,,,,,,,,,,,,,,,,,,,,,,,,,,,,,,,,,,,,,House_Detached_1.0
Warmworks,EOH0920,DG11,57.0,Working Full time (>30hrs),Professional,"50,001+",2020-06-29T00:00:00.000Z,Owner-Occupied,24.0,AB,4.0,28/06/2021,Warmworks,Rural,1991-2000,B,2.0,0.0,227.64,7.0,3.0,7.0,2.6,Cavity_Insulated,Suspended,Pitched,Double,No,Oil,,,Water,Large (> 170l),0.0,0.0,0.0,No,No,,,,,,,,,,Yes,No,Yes,Yes,None - Installation not recommended,,,,,,,,,,,,,,,,,,,,,,,,,,,,,,,,,,,,,,,,,,,,,,,,House_Detached_1.0
Warmworks,EOH3059,EH30,48.0,Working Full time (>30hrs),Clerical,"50,001+",2020-08-19T00:00:00.000Z,Owner-Occupied,2.0,AB,3.0,16/12/2020,Everwarm,Suburban,2001+,C,2.0,2.0,155.83,7.0,4.0,7.0,2.38,Cavity_Insulated,Solid,Pitched,Double,Yes,Gas,Gas Boiler - Standard,,Water,Medium (131-170l),0.0,0.0,1.0,No,No,3524.0,14149.0,7.6,65.6,21383.0,4457.0,1365.0,,,Yes,No,Yes,Yes,ASHP,,,,1492.0,14.0,3.0,No,,,,,,,,,,,,,,,,,,,,,,,,,,,,,,,,,,,,,,,,,House_Detached_2.0
E.ON,EOH3000,NE20,72.0,Working Full time (>30hrs),Professional,"40,001 - 50,000",2021-04-14T00:00:00.000Z,Owner-Occupied,7.0,C1,5.0,11/05/2021,E.ON,Urban,1983 - 1990,D,2.0,0.0,131.0,6.0,4.0,11.0,2.4,Cavity_Insulated,Suspended,Pitched,Double,Yes,Gas,Gas Boiler - Combi,,,,0.0,0.0,1.0,No,No,4449.0,20714.0,8.504,64.92,20601.1,5225.0,768.0,49.0,3.2,Yes,No,Yes,Yes,ASHP,Cavity insulation,15909.11,700.0,1305.0,14.3,3.8,Yes,08/07/2021,Aaron services,ASHP,,Daikin,EDLQ016CAV3,16.0,R410A,,Water_new,250.0,,1.0,13.0,0.0,0.0,none,none,No,0.0,0.0,0.0,No,No,0.0,0.0,Cavity,no,8214.98,1752.0,,4164.23,0.0,0.0,750.0,0.0,0.0,0.0,4.0,0.5,House_Detached_2.0
OVO,EOH0166,BN12,55.0,Working Full time (>30hrs),Professional,Prefer not to say,2021-03-12T00:00:00.000Z,Owner-Occupied,4.0,C1,4.0,15/03/2021,Retrofitworks,Suburban,1919-1944,,2.0,0.0,61.0,5.0,2.0,5.0,2.4,Cavity_Insulated,Solid,Pitched,Double,Yes,Gas,Gas Boiler - Combi,,,,0.0,0.0,0.0,No,No,,,7.1,86.68,17034.0,4732.0,108.0,50.0,3.64,Yes,No,Yes,Yes,ASHP,,13841.37,0.0,959.0,15.0,,Yes,15/03/2021,A Greener Alternative,ASHP,,Mitsubishi,PUZ-WM85VAA,8.5,R32,,Water_New,250.0,,1.0,0.0,0.0,0.0,,Low Noise Heat Pump,No,0.0,0.0,0.0,No,No,0.0,0.0,,No,6398.27,2770.1,2250.0,0.0,0.0,0.0,0.0,0.0,0.0,0.0,5.0,0.0,House_Detached_1.0
E.ON,EOH3141,NE3,50.0,Working Full time (>30hrs),Skilled Manual Worker,"30,001 - 40,000",2020-11-30T00:00:00.000Z,Owner-Occupied,3.0,DE,1.0,16/12/2020,Phoenix,Urban,1950 - 1966,D,2.0,1.0,76.0,4.0,3.0,7.0,2.3,Cavity_Insulated,Solid,Flat,Double,Yes,Gas,Gas Boiler - Combi,,,,0.0,0.0,0.0,No,No,5265.0,10163.0,8.208,108.0,19897.0,3566.0,0.0,54.0,2.97,No,No,No,Yes,Hybrid,None Required,10233.0,,904.0,14.3,3.8,Yes,17/02/2021,Phoenix,Hybrid,Separate_New Boiler,Daikin,EHY2KOMB32AA,4.0,R32,,,,,1.0,9.0,0.0,0.0,none,none,No,0.0,0.0,0.0,No,No,0.0,0.0,,no,5912.2,,,2685.85,0.0,0.0,0.0,0.0,0.0,0.0,2.5,0.0,House_Semi-Detached_1.0
OVO,EOH1681,PO31,32.0,Working Full time (>30hrs),Manager,Prefer not to say,2020-07-30T00:00:00.000Z,Owner-Occupied,2.0,AB,4.0,22/02/2021,Retrofitworks,Suburban,Pre 1919,,2.0,1.0,106.8,7.0,3.0,7.0,2.6,Cavity_No_insulation,Suspended,Pitched,Double,Yes,Gas,Gas Boiler - Standard,,Water,100,0.0,1.0,1.0,No,No,,,,,,,,,,,,,,None - Installation not recommended,,,,,,,,,,,,,,,,,,,,,,,,,,,,,,,,,,,,,,,,,,,,,,,,House_Semi-Detached_2.0
Warmworks,EOH0958,EH29,33.0,Working Part time,Clerical,"50,001+",2020-09-29T00:00:00.000Z,Owner-Occupied,4.0,C1,3.0,22/10/2020,Warmworks,Suburban,1965-1980,C,2.0,1.0,71.76,3.0,2.0,3.0,,Cavity_Insulated,Suspended,Pitched,Double,Yes,Gas,Gas Boiler - Combi,,,,0.0,0.0,1.0,No,No,3489.0,17934.0,5.0,75.8,14049.0,2865.0,0.0,,,Yes,Yes,Yes,Yes,HT_ASHP,,,,836.09,15.0,5.0,Yes,11/01/2021,Everwarm,HT_ASHP,,Vaillant,VWL 55/6 A 230V S2,5.0,R290,0.0,Water_New,150.0,,1.0,,7.0,0.0,,Low Noise Heat Pump,No,0.0,0.0,0.0,No,No,0.0,0.0,,No,11215.18,3508.27,1610.23,1894.03,,,,,,,2.0,0.0,House_Semi-Detached_2.0
Warmworks,EOH0223,TD8,33.0,Working Full time (>30hrs),Supervisor,"20,001 - 25,000",2021-02-15T00:00:00.000Z,Rented (Social),33.0,C1,4.0,22/02/2021,Warmworks,Suburban,Pre 1919,E,2.0,1.0,86.26,4.0,3.0,4.0,2.6,Cavity_Insulated,Solid,Pitched,Double,Yes,,Gas Boiler - Combi,,,,0.0,0.0,0.0,No,No,,,5.0,79.1,6170.0,3623.0,156.0,,,Yes,No,Yes,Yes,ASHP,,,,617.0,14.0,,No,,,,,,,,,,,,,,,,,,,,,,,,,,,,,,,,,,,,,,,,,Flat_Flat_2.0
OVO,EOH1635,RG40,36.0,Working Full time (>30hrs),Professional,"50,001+",2020-07-02T00:00:00.000Z,Owner-Occupied,2.0,C2,2.0,22/01/2021,Retrofitworks,Suburban,1965-1980,,2.0,1.0,74.6,5.0,3.0,6.0,2.4,Cavity_Insulated,Solid,Pitched,Double,Yes,Gas,Gas Boiler - Standard,,,,0.0,0.0,1.0,No,No,,,6.69,87.86,13718.6,3650.0,1067.25,45.0,3.42,Yes with additional measures,No,Yes with additional measures,Yes,ASHP,Heat Emitters,10540.49,1323.0,711.0,15.0,,Yes,12/03/2021,Northern Gas,ASHP,,Daikin,EDLQ011CV3,11.0,R410A,,Water_New,150.0,,1.0,0.0,9.0,0.0,,,No,0.0,0.0,0.0,No,No,0.0,0.0,,No,5860.33,1518.01,3559.05,926.1,0.0,0.0,0.0,0.0,0.0,0.0,4.0,2.0,House_Semi-Detached_2.0
Warmworks,EOH1711,EH4,57.0,Working Full time (>30hrs),Clerical,"40,001 - 50,000",2020-08-12T00:00:00.000Z,Owner-Occupied,6.0,C2,3.0,01/10/2020,Warmworks,Urban,1945-1964,C,1.0,0.0,75.14,3.0,2.0,3.0,2.7,Cavity_Insulated,Suspended,Another Dwelling Above,Double,Yes,Gas,Gas Boiler - Combi,Gas Boiler - Combi,,,0.0,0.0,0.0,No,No,,,4.2,85.0,12712.0,3057.0,1110.0,55.0,3.39,Yes,No,Yes,Yes,ASHP,,,,523.0,14.0,3.0,Yes,22/03/2021,BRB Electrical Ltd,HT_ASHP,,Vaillant,VWL 75/6 A 230V S2,7.0,R290,0.0,Water_New,150.0,,1.0,,6.0,0.0,,Enclosure,No,0.0,0.0,0.0,Yes,No,0.0,0.0,,No,11215.18,3508.27,1610.23,1623.43,,,,,,,2.0,0.0,Flat_Flat_1.0
E.ON,EOH1505,NE7,63.0,Retired,Pensioner,"20,001 - 25,000",2020-12-23T00:00:00.000Z,Owner-Occupied,12.0,DE,4.0,18/01/2021,Phoenix,Urban,1950 - 1966,,1.0,0.0,104.0,5.0,3.0,7.0,2.7,Cavity_Insulated,Suspended,Pitched,Double,Yes,Gas,Gas Boiler - Combi,Fire - Gas,,,0.0,1.0,0.0,No,No,,,,,,,,,,No,No,No,No,None - Installation not recommended,,,,,,,,,,,,,,,,,,,,,,,,,,,,,,,,,,,,,,,,,,,,,,,,House_Semi-Detached_2.0
Warmworks,EOH3064,EH6,58.0,Working Full time (>30hrs),Casual worker,"30,001 - 40,000",2020-10-01T00:00:00.000Z,Owner-Occupied,30.0,C2,4.0,04/12/2020,Warmworks,Urban,1991-2000,C,2.0,0.0,81.62,5.0,3.0,5.0,2.41,Cavity_Insulated,Suspended,Pitched,Double,Yes,Gas,Gas Boiler - Standard,Fire - Wood,Water,Normal (90-130l),0.0,0.0,1.0,No,No,,,,,,,,,,Yes,No,Yes,Yes,ASHP,,,,,,,No,,,,,,,,,,,,,,,,,,,,,,,,,,,,,,,,,,,,,,,,,House_Mid-Terrace_2.0
OVO,EOH0289,GU15,55.0,Stay at home parent,Manager,"50,001+",2020-07-28T00:00:00.000Z,Owner-Occupied,3.0,AB,3.0,16/10/2020,Retrofitworks,Suburban,1965-1980,,2.0,1.0,246.82,10.0,5.0,10.0,2.6,Cavity_Insulated,Solid,Pitched,Double,Yes,Gas,Gas Boiler - Standard,,Water,140,0.0,0.0,0.0,No,No,4500.0,30000.0,,,,,,,,Yes,No,Yes,Yes,ASHP,,10500.0,,1120.0,,,No,,,,,,,,,,,,,,,,,,,,,,,,,,,,,,,,,,,,,,,,,House_Detached_2.0
OVO,EOH2672,TN13,44.0,Working Full time (>30hrs),Professional,"50,001+",2021-02-11T00:00:00.000Z,Owner-Occupied,9.0,AB,4.0,26/02/2021,Retrofitworks,Urban,1945-1964,,2.0,0.0,83.5,5.0,3.0,5.0,2.4,Cavity_Insulated,Solid,Pitched,Double,Yes,Gas,Gas Boiler - Combi,,,,0.0,0.0,0.0,No,No,,,5.51,45.71,9891.0,3821.0,136.0,47.0,4.01,Yes,No,Yes,Yes,ASHP,,12549.0,,562.31,15.0,,Yes,24/03/2021,Ecolution Group,ASHP,,Mitsubishi,PUZ-WM85VAA,8.5,R32,,Water_New,250.0,,1.0,0.0,0.0,0.0,,Low Noise Heat Pump,No,0.0,0.0,0.0,No,No,0.0,0.0,,No,5822.52,1810.51,3016.0,0.0,0.0,0.0,0.0,0.0,0.0,0.0,6.0,0.0,House_Semi-Detached_1.0
E.ON,EOH2421,NE47,47.0,Working Full time (>30hrs),Clerical,"50,001+",2021-02-26T00:00:00.000Z,Owner-Occupied,2.0,C1,5.0,04/03/2021,Energist,Rural,1967 - 1975,,2.0,4.0,160.0,12.0,5.0,12.0,2.4,Cavity_No_insulation,Solid,Pitched,Double,No,Oil,Oil - Combi,,,,0.0,0.0,0.0,No,No,,,8.519,72.81,22701.0,4615.0,888.0,50.0,3.85,Yes,No,Yes,Yes,ASHP,None Required,13399.24,,1171.0,12.23,,Yes,28/04/2021,Energist,HT_ASHP,,Vaillant,VWL 105/6 A 230V S2,10.0,R290,,Water_new,300.0,,1.0,13.0,0.0,0.0,none,none,No,0.0,0.0,0.0,No,No,0.0,0.0,,no,7435.0,1752.0,,3425.81,0.0,0.0,0.0,0.0,0.0,0.0,5.0,0.0,House_Detached_2.0
OVO,EOH1873,HP66,46.0,Working Part time,Professional,"25,001 - 30,000",2020-07-16T00:00:00.000Z,Owner-Occupied,,DE,3.0,09/03/2021,Retrofitworks,Suburban,1945-1964,,2.0,1.0,73.2,4.0,4.0,4.0,2.4,Cavity_No_insulation,Suspended,Pitched,Double,No,Electricity,Electric - Storage,,,,0.0,0.0,0.0,No,No,,,6.49,47.83,15449.0,3821.0,136.0,35.0,4.84,Yes,No,Yes,Yes,ASHP,,12185.0,0.0,765.5,14.0,,Yes,21/06/2021,Solid Renewables,ASHP,,Mitsubishi,PUZ-WM85VAA,8.5,R32,,Water_New,300.0,,1.0,0.0,0.0,0.0,,Low Noise Heat Pump,No,0.0,0.0,0.0,No,No,0.0,0.0,,No,7785.0,1550.0,2850.0,0.0,0.0,0.0,0.0,0.0,0.0,0.0,7.0,0.0,House_Detached_1.0
E.ON,EOH1566,NE5,76.0,Retired,Pensioner,"30,001 - 40,000",2020-12-18T00:00:00.000Z,Owner-Occupied,37.0,DE,5.0,13/01/2021,Phoenix,Urban,1900 - 1929,,1.0,0.0,92.0,5.0,3.0,8.0,2.7,Solid_No_insulation,Mix,Pitched,Double,Yes,Gas,Gas Boiler - Combi,Fire - Gas,,,0.0,1.0,1.0,No,No,1279.0,16704.0,10.58,114.96,21259.8,3515.0,0.0,,,No,No,No,Yes,Hybrid,None Required,10430.06,,1453.0,14.3,3.8,Yes,13/05/2021,Phoenix,Hybrid,Separate_New Boiler,Daikin,EHY2KOMB28AA,4.0,R32,,,,,1.0,9.0,0.0,0.0,none,none,No,0.0,1.0,1.0,No,No,0.0,0.0,,no,5739.82,,,3055.0,0.0,0.0,0.0,0.0,0.0,0.0,2.0,0.0,House_Detached_2.0
OVO,EOH0909,KT21,62.0,Working Full time (>30hrs),Professional,"50,001+",2020-07-01T00:00:00.000Z,Owner-Occupied,16.0,AB,1.0,12/10/2020,Retrofitworks,Suburban,Pre 1919,E,3.0,0.0,256.47,9.0,5.0,9.0,2.74,Cavity_Insulated,Suspended,Pitched,Double,Yes,Gas,Gas Boiler - Standard,,Water,140,0.0,3.0,1.0,Yes - Borehole,Yes,6779.6,39192.9,,,,,,,,Yes,Yes,Yes,Yes,GSHP,Loft Insulation,20500.0,900.0,1190.0,,,No,,,,,,,,,,,,,,,,,,,,,,,,,,,,,,,,,,,,,,,,,House_Detached_2.0
Warmworks,EOH0306,TD6,53.0,Working Full time (>30hrs),Professional,Prefer not to say,2021-04-18T00:00:00.000Z,Owner-Occupied,21.0,C1,3.0,28/05/2021,Warmworks,Rural,Pre 1919,F,2.0,0.0,140.12,6.0,4.0,6.0,2.6,Solid_No_insulation,Solid,Pitched,Double,No,LPG,LPG Boiler,Fire - Wood,,,2.0,0.0,0.0,No,No,,,8.9,,24029.0,3937.0,0.0,,,Yes,No,Yes,Yes,ASHP,,,,1178.46,18.0,5.0,No,,,,,,,,,,,,,,,,,,,,,,,,,,,,,,,,,,,,,,,,,House_Semi-Detached_2.0
Warmworks,EOH0975,EH40,43.0,Working Part time,Skilled Manual Worker,"40,001 - 50,000",2021-03-26T00:00:00.000Z,Owner-Occupied,4.0,C2,3.0,20/05/2021,Warmworks,Rural,1945-1964,C,2.0,2.0,120.08,6.0,4.0,6.0,2.38,Cavity_Insulated,Suspended,Pitched,Double,Yes,Gas,Gas Boiler - Combi,Fire - Wood,,,0.0,0.0,0.0,No,No,,,7.7,68.0,22757.0,4921.0,0.0,50.0,3.81,Yes,No,Yes,Yes,ASHP,,,,1080.9,18.0,5.0,Yes,23/09/2021,Everwarm,ASHP,,Mitsubishi,PUZ-WM85VAA,8.5,R32,0.0,Water_New,200.0,,1.0,8.0,,0.0,,Low Noise Heat Pump,No,0.0,0.0,0.0,No,No,0.0,0.0,,No,8575.73,3572.21,1610.23,2164.6,,,,,,,2.0,0.0,House_Semi-Detached_2.0
E.ON,EOH2887,DH2,,Retired,Pensioner,Prefer not to say,2021-03-29T00:00:00.000Z,Owner-Occupied,16.0,DE,1.0,30/04/2021,Energist,Urban,2012 onwards,,2.0,0.0,105.0,6.0,3.0,8.0,2.4,Cavity_Insulated,Solid,Pitched,Double,Yes,Gas,Gas Boiler - Combi,,,,0.0,0.0,0.0,No,No,,,5.533,58.24,13612.0,3962.0,0.0,40.0,4.13,Yes,No,Yes,Yes,ASHP,None Required,11559.86,,733.0,12.9,3.6,Yes,21/05/2021,Energist,HT_ASHP,,Vaillant,VWL 75/6 A 230V S2,7.0,R290,,Water_new,200.0,,1.0,0.0,0.0,0.0,none,none,No,0.0,0.0,0.0,No,No,0.0,0.0,,no,5889.0,1752.0,,1041.0,0.0,0.0,0.0,0.0,0.0,0.0,3.0,0.0,House_Detached_1.0
E.ON,EOH2430,NE12,36.0,Working Full time (>30hrs),prefer not to say,Prefer not to say,2021-08-04T00:00:00.000Z,Owner-Occupied,,C1,3.0,06/08/2021,Energist,Suburban,2007 - 2011,C,2.0,1.0,89.0,6.0,4.0,9.0,2.4,Cavity_Insulated,Solid,Pitched,Double,Yes,Gas,Gas Boiler - Combi,,,,0.0,0.0,0.0,No,No,,,3.34,47.14,8533.0,3496.0,0.0,45.0,3.77,Yes,No,Yes,Yes,ASHP,None Required,13237.68,,561.0,12.9,3.4,Yes,23/08/2021,Energist,HT_ASHP,,Vaillant,VWL 55/6 A 230V S2,5.0,R290,,Water_new,200.0,,1.0,9.0,0.0,0.0,,,No,0.0,0.0,0.0,No,No,0.0,0.0,,no,5623.74,1752.34,,2685.85,0.0,0.0,0.0,0.0,0.0,0.0,4.0,,House_Detached_2.0
Warmworks,EOH1990,KY11,54.0,Working Full time (>30hrs),Supervisor,"50,001+",2020-10-16T00:00:00.000Z,Owner-Occupied,6.0,C1,5.0,17/12/2020,Warmworks,Suburban,1919-1944,D,2.0,0.0,176.18,6.0,4.0,6.0,2.75,Cavity_Insulated,Suspended,Pitched,Double,Yes,Gas,Gas Boiler - Combi,Gas Boiler - Combi,,,3.0,0.0,0.0,Yes - Borehole,Yes,,,,,,,,,,Yes,Yes,Yes,Yes,None - Installation not recommended,,,,,,,,,,,,,,,,,,,,,,,,,,,,,,,,,,,,,,,,,,,,,,,,House_Detached_2.0
Warmworks,EOH1426,EH15,49.0,Working Full time (>30hrs),Manager,"50,001+",2020-08-22T00:00:00.000Z,Owner-Occupied,8.0,AB,3.0,24/09/2020,Warmworks,Suburban,1945-1964,C,2.0,2.0,129.92,5.0,3.0,5.0,2.7,Cavity_Insulated,Suspended,Pitched,Double,Yes,Gas,Gas Boiler - Combi,,,,0.0,0.0,1.0,Yes - Borehole,Yes,,,9.7,77.3,29194.0,6293.0,3.0,45.0,3.97,Yes,Yes,Yes,Yes,GSHP,,,,1392.0,16.36,4.17,Yes,09/04/2021,mcinnesplumbing,ASHP,,Mitsubishi,PUZ-WM112VAA-BS,11.2,R32,0.0,Water_New,200.0,,1.0,9.0,,0.0,,Low Noise Heat Pump,No,0.0,0.0,0.0,No,No,0.0,0.0,,No,8575.73,3572.208,1610.23,2435.18,,,,,,,2.0,0.0,House_Detached_1.0
E.ON,EOH1464,NE13,45.0,Working Full time (>30hrs),Manager,"40,001 - 50,000",2020-12-16T00:00:00.000Z,Owner-Occupied,1.0,AB,3.0,08/01/2021,Phoenix,Urban,1967 - 1975,,2.0,1.0,176.0,5.0,3.0,6.0,2.4,Cavity_Insulated,Solid,Pitched,Double,Yes,Gas,Gas Boiler - Combi,Fire - Gas,,,0.0,1.0,0.0,No,No,,,5.17198,68.01,14490.4,4122.0,181.0,,,Yes,No,Yes,Yes,ASHP,None Required,12199.93,0.0,630.0,14.3,3.8,No,,,,,,,,,,,,,,,,,,,,,,,,,,,,,,,,,,,,,,,,,House_Semi-Detached_2.0
Warmworks,EOH2425,KY11,31.0,Working Full time (>30hrs),Clerical,Prefer not to say,2021-06-12T00:00:00.000Z,Owner-Occupied,2.0,C1,1.0,14/07/2021,Warmworks,Suburban,1965-1980,C,2.0,0.0,71.5,5.0,2.0,5.0,2.4,Cavity_No_insulation,Suspended,Pitched,Double,Yes,Gas,Gas Boiler - Combi,,,,0.0,0.0,0.0,No,No,,,,,,,,,,Yes,No,Yes,Yes,ASHP,,,,,,,No,,,,,,,,,,,,,,,,,,,,,,,,,,,,,,,,,,,,,,,,,House_Mid-Terrace_2.0
E.ON,EOH2005,NE13,37.0,Working Full time (>30hrs),Professional,"50,001+",2020-10-23T00:00:00.000Z,Owner-Occupied,8.0,AB,5.0,11/11/2020,Phoenix,Urban,1950 - 1966,,2.0,1.0,104.0,5.0,3.0,6.0,2.4,Cavity_Insulated,Suspended,Pitched,Double,Yes,Gas,Gas Boiler - Combi,,,,0.0,0.0,0.0,No,No,4565.0,16752.0,7.675,84.81,18594.7,3566.0,0.0,55.0,2.96,No,No,No,Yes,Hybrid,None Required,10060.85,,857.0,14.3,3.8,Yes,27/03/2021,Phoenix,Hybrid,Separate_New Boiler,Daikin,EHY2KOMB28AA,4.0,R32,,,,,1.0,9.0,0.0,0.0,none,none,No,0.0,0.0,0.0,No,Yes,0.0,0.0,,no,5739.82,,,2686.0,0.0,0.0,0.0,0.0,0.0,0.0,3.5,0.0,House_Semi-Detached_2.0
Warmworks,EOH2564,EH46,50.0,Working Part time,Semi and unskilled manual worker,Prefer not to say,2021-05-27T00:00:00.000Z,Rented (Social),6.0,DE,1.0,07/07/2021,Warmworks,Suburban,1991-2000,D,3.0,0.0,83.2,4.0,2.0,4.0,2.4,Cavity_Insulated,Solid,Pitched,Double,,Electricity,Electric - Storage,Electric - Direct,Water,Large (> 170l),0.0,0.0,0.0,No,No,,,7.0,65.0,9819.0,4075.0,156.0,50.0,3.65,Yes,No,Yes,No,ASHP,,,,835.0,14.0,,Yes,22/09/2021,TK Murray,HT_ASHP,,Vaillant,VWL 75/6 A 230V S2,7.0,R290,0.0,Water_New,200.0,,1.0,,10.0,0.0,,Low Noise Heat Pump,No,0.0,0.0,0.0,,No,0.0,0.0,,No,11215.17,3572.208,1610.23,2705.76,,,,,,,2.0,0.0,House_Semi-Detached_2.0
Warmworks,EOH0919,EH45,48.0,Working Full time (>30hrs),Skilled Manual Worker,Prefer not to say,2020-07-19T00:00:00.000Z,Owner-Occupied,15.0,C2,2.0,20/08/2020,Warmworks,Suburban,1965-1980,C,3.0,1.0,144.48,6.0,4.0,6.0,2.4,Cavity_No_insulation,Suspended,Pitched,Double,Yes,Gas,Gas Boiler - Standard,Fire - Wood,Water,Normal (90-130l),0.0,0.0,0.0,No,No,3000.0,18000.0,,,,,,,,Yes,No,Yes,Yes,Hybrid,,,,,,,No,,,,,,,,,,,,,,,,,,,,,,,,,,,,,,,,,,,,,,,,,House_Detached_1.0
Warmworks,EOH1166,EH46,61.0,Working Full time (>30hrs),Skilled Manual Worker,Prefer not to say,2021-05-27T00:00:00.000Z,Rented (Social),5.0,C2,1.0,07/07/2021,Warmworks,Suburban,1991-2000,D,1.0,0.0,83.2,4.0,2.0,4.0,2.4,Cavity_Insulated,Solid,Pitched,Double,,Electricity,Electric - Storage,Electric - Direct,Water,Large (> 170l),0.0,0.0,0.0,No,No,,,7.0,65.0,9975.0,4075.0,0.0,50.0,3.65,Yes,No,Yes,No,ASHP,,,,814.0,14.0,,Yes,02/08/2021,TK Murray,HT_ASHP,,Vaillant,VWL 75/6 A 230V S2,7.0,R290,0.0,Water_New,200.0,,1.0,,10.0,0.0,,Low Noise Heat Pump,No,0.0,0.0,0.0,,No,0.0,0.0,,No,11215.17,3572.208,1610.23,2705.76,,,,,,,2.0,0.0,House_End-Terrace_2.0
OVO,EOH2327,OX17,46.0,Working Full time (>30hrs),Manager,"50,001+",2020-07-23T00:00:00.000Z,Owner-Occupied,6.0,C1,4.0,08/02/2021,Retrofitworks,Suburban,1981-1990,,2.0,2.0,123.0,10.0,4.0,10.0,2.5,Cavity_Insulated,Solid,Pitched,Double,Yes,Gas,Gas Boiler - Standard,Fire - Wood,Water,150,0.0,0.0,0.0,No,No,,,,,,,,,,Yes with additional measures,No,Yes with additional measures,Yes with additional measures,None - Installation not recommended,,,,,,,,,,,,,,,,,,,,,,,,,,,,,,,,,,,,,,,,,,,,,,,,House_Detached_2.0
E.ON,EOH0305,NE3,65.0,Working Part time,Professional,"25,001 - 30,000",2021-01-04T00:00:00.000Z,Owner-Occupied,20.0,AB,4.0,12/02/2021,Phoenix,Urban,1930 - 1949,E,2.0,0.0,117.0,5.0,3.0,8.0,2.6,Cavity_Insulated,Suspended,Pitched,Double,Yes,Gas,Gas Boiler - Combi,Fire - Wood,,,0.0,0.0,0.0,No,No,,,,,,,,,,No,No,No,No,None - Installation not recommended,,,,,,,,,,,,,,,,,,,,,,,,,,,,,,,,,,,,,,,,,,,,,,,,House_Semi-Detached_2.0
Warmworks,EOH2581,EH16,49.0,Working Full time (>30hrs),Professional,Prefer not to say,2020-09-04T00:00:00.000Z,Owner-Occupied,17.0,C2,3.0,12/10/2020,Warmworks,Suburban,1991-2000,C,2.0,0.0,118.12,6.0,4.0,6.0,,Cavity_Insulated,Solid,Pitched,Double,Yes,Gas,Gas Boiler - Combi,,,,0.0,0.0,1.0,No,No,,,,,,,,,,Yes,No,Yes,Yes,None - Installation not recommended,,,,,,,,,,,,,,,,,,,,,,,,,,,,,,,,,,,,,,,,,,,,,,,,House_Detached_2.0
OVO,EOH1753,KT11,36.0,Working Full time (>30hrs),Manager,"50,001+",2020-07-26T00:00:00.000Z,Owner-Occupied,3.0,AB,3.0,09/10/2020,Retrofitworks,Suburban,2001+,,2.0,1.0,320.0,8.0,4.0,8.0,2.5,Cavity_Insulated,Solid,Pitched,Double,Yes,Gas,Gas Boiler - Standard,,Water,100,1.0,0.0,0.0,Yes - Borehole,Yes,4400.0,,12.94,62.46,33919.91,6205.0,2368.32,,,Yes,No,Yes,Yes,ASHP,,15564.0,,1858.51,14.0,,Yes,26/01/2021,Northern Gas,ASHP,,Daikin,EPGA14DAV3,14.0,R32,,Water_New,300.0,,1.0,0.0,3.0,0.0,,,No,0.0,0.0,0.0,No,No,0.0,0.0,,No,8261.23,2258.51,4667.28,370.44,0.0,0.0,0.0,0.0,0.0,0.0,9.0,3.0,House_Detached_2.0
OVO,EOH2607,RG26,39.0,Working Full time (>30hrs),Manager,"50,001+",2020-07-07T00:00:00.000Z,Owner-Occupied,5.0,C1,3.0,11/02/2021,Retrofitworks,Suburban,1965-1980,,2.0,2.0,95.0,8.0,4.0,8.0,2.5,Cavity_Insulated,Solid,Pitched,Double,Yes,Gas,,,Water,110,0.0,0.0,1.0,No,No,,,,,,,,,,,,,,None - Installation not recommended,,,,,,,,,,,,,,,,,,,,,,,,,,,,,,,,,,,,,,,,,,,,,,,,House_Detached_2.0
Warmworks,EOH0806,KY3,50.0,Working Full time (>30hrs),Professional,"50,001+",2020-07-29T00:00:00.000Z,Owner-Occupied,13.0,C1,4.0,23/09/2020,Warmworks,Urban,Pre 1919,B,2.0,2.0,134.67,6.0,3.0,6.0,2.45,Cavity_No_insulation,Suspended,Pitched,Double,Yes,Gas,Gas Boiler - Standard,Fire - Gas,Water,Normal (90-130l),0.0,1.0,1.0,No,No,1436.0,11838.0,,,,,,,,Yes,No,Yes,No,None - Installation not recommended,,,,,,,,,,,,,,,,,,,,,,,,,,,,,,,,,,,,,,,,,,,,,,,,House_Detached_2.0
E.ON,EOH0569,NE6,56.0,Working Full time (>30hrs),Professional,"40,001 - 50,000",2020-07-22T00:00:00.000Z,Owner-Occupied,25.0,AB,1.0,07/09/2020,Phoenix,Urban,1950 - 1966,,3.0,0.0,78.0,5.0,3.0,10.0,2.4,Cavity_Insulated,Solid,Pitched,Double,Yes,Gas,Gas Boiler - Standard,Fire - Gas,Water,180,0.0,1.0,1.0,No,No,5304.0,16142.0,5.86,84.0,14112.6,4002.0,181.0,,,Yes,No,Yes,Yes,ASHP,None Required,12394.97,0.0,797.0,14.3,3.8,No,,,,,,,,,,,,,,,,,,,,,,,,,,,,,,,,,,,,,,,,,House_Semi-Detached_2.0
OVO,EOH1499,KT15,51.0,Stay at home parent,Professional,"30,001 - 40,000",2020-10-06T00:00:00.000Z,Owner-Occupied,10.0,AB,4.0,13/01/2021,Retrofitworks,Suburban,1965-1980,,3.0,1.0,72.85,7.0,3.0,7.0,2.3,Cavity_No_insulation,Solid,Pitched,Double,Yes,Gas,Gas Boiler - Combi,,,,0.0,0.0,0.0,No,No,,,,,,,,,,,,,,None - Installation not recommended,,,,,,,,,,,,,,,,,,,,,,,,,,,,,,,,,,,,,,,,,,,,,,,,House_Detached_1.0
OVO,EOH3195,TN17,42.0,Stay at home parent,Professional,"50,001+",2020-07-26T00:00:00.000Z,Owner-Occupied,3.0,DE,2.0,16/03/2021,Retrofitworks,Suburban,1945-1964,,2.0,2.0,134.7,8.0,4.0,8.0,2.4,Solid_No_insulation,Solid,Pitched,Double,No,LPG,LPG Boiler,,Water,150,0.0,0.0,0.0,No,No,,,,,,,,,,,,,,None - Installation not recommended,,,,,,,,,,,,,,,,,,,,,,,,,,,,,,,,,,,,,,,,,,,,,,,,House_Detached_2.0
OVO,EOH0235,TN38,67.0,Retired,Pensioner,Prefer not to say,2020-10-19T00:00:00.000Z,Owner-Occupied,42.0,DE,4.0,12/03/2021,Retrofitworks,Suburban,1981-1990,,3.0,0.0,104.0,5.0,3.0,5.0,2.5,Cavity_Insulated,Solid,Pitched,Double,Yes,Gas,Gas Boiler - Combi,,,,0.0,0.0,0.0,No,No,,,,,,,,,,,,,,None - Installation not recommended,,,,,,,,,,,,,,,,,,,,,,,,,,,,,,,,,,,,,,,,,,,,,,,,House_Detached_2.0
E.ON,EOH0632,NE6,35.0,Working Full time (>30hrs),Clerical,"16,201 - 20,000",2021-05-27T00:00:00.000Z,Owner-Occupied,0.9,C1,2.0,25/09/2021,Energist,Urban,1950 - 1966,D,1.0,1.0,63.0,3.0,2.0,7.0,2.4,Cavity_Insulated,Suspended,Pitched,Double,Yes,Gas,Gas Boiler - Combi,,,,0.0,0.0,0.0,No,No,,,4.4,69.44,8907.1,2489.0,387.0,45.0,3.77,Yes,No,Yes,Yes,ASHP,None Required,14562.1,,444.0,12.9,3.8,Yes,27/09/2021,Energist,HT_ASHP,,Vaillant,VWL 55/6 A 230V S2,5.0,R290,,Water_new,150.0,,1.0,4.0,0.0,0.0,,,No,0.0,0.0,0.0,No,Yes,0.0,0.0,,no,5623.74,1701.71,,4060.9,0.0,500.0,0.0,0.0,0.0,0.0,4.0,,House_Semi-Detached_2.0
E.ON,EOH0192,NE3,46.0,Working Full time (>30hrs),Professional,"50,001+",2020-12-04T00:00:00.000Z,Owner-Occupied,13.0,AB,3.0,18/12/2020,Phoenix,Urban,1900 - 1929,D,2.0,2.0,179.0,8.0,5.0,11.0,2.8,Solid_No_insulation,Suspended,Pitched,Double,Yes,Gas,Gas Boiler - Combi,Fire - Wood,,,0.0,0.0,1.0,No,No,4077.0,28131.0,,,,,,,,No,No,No,Yes,,,,,,,,,,,,,,,,,,,,,,,,,,,,,,,,,,,,,,,,,,,,,,,,,House_Mid-Terrace_3.0
OVO,EOH0797,RG27,65.0,Retired,Pensioner,"40,001 - 50,000",2020-07-02T00:00:00.000Z,Owner-Occupied,15.0,DE,3.0,02/02/2021,Retrofitworks,Rural,1981-1990,,5.0,0.0,93.48,5.0,4.0,10.0,2.4,Cavity_Insulated,Solid,Pitched,Double,Yes,Gas,Gas Boiler - Standard,,Water,100,2.0,0.0,1.0,Yes - Borehole,Yes,,,,,,,,,,,,,,None - Installation not recommended,,,,,,,,,,,,,,,,,,,,,,,,,,,,,,,,,,,,,,,,,,,,,,,,House_Detached_2.0
OVO,EOH2997,TN33,44.0,Working Full time (>30hrs),Professional,"40,001 - 50,000",2021-01-27T00:00:00.000Z,Owner-Occupied,,C1,4.0,23/02/2021,Retrofitworks,Suburban,1919-1944,,2.0,1.0,90.0,6.0,3.0,6.0,2.4,Cavity_No_insulation,Suspended,Pitched,Double,No,LPG,LPG Boiler,,Water,150,0.0,0.0,0.0,No,No,,,7.12,121.34,16456.0,2236.0,106.0,,,Yes,No,Yes,Yes,ASHP,,12273.29,0.0,982.0,15.0,,Yes,08/03/2021,OHM Energy,ASHP,,Mitsubishi,PUZ-WM85VAA,8.5,R32,,Water_New,200.0,,1.0,0.0,0.0,0.0,,Low Noise Heat Pump,No,0.0,0.0,0.0,No,No,0.0,0.0,,No,4958.3,2205.0,3069.99,0.0,0.0,0.0,0.0,0.0,0.0,0.0,5.0,0.0,House_Semi-Detached_2.0
Warmworks,EOH1278,EH8,34.0,Working Part time,Professional,"50,001+",2020-07-08T00:00:00.000Z,Owner-Occupied,7.0,C1,3.0,29/07/2020,Warmworks,Urban,1945-1964,D,2.0,2.0,68.82,5.0,4.0,5.0,2.6,Cavity_Insulated,Suspended,Pitched,Double,Yes,Gas,Gas Boiler - Combi,,,,0.0,0.0,0.0,No,No,10281.0,1807.0,,,,,,,,Yes,No,Yes,Yes,None - Installation not recommended,,,,,,,,,,,,,,,,,,,,,,,,,,,,,,,,,,,,,,,,,,,,,,,,House_Mid-Terrace_2.0
OVO,EOH2025,BN2,42.0,Working Full time (>30hrs),Professional,"50,001+",2020-07-02T00:00:00.000Z,Owner-Occupied,4.0,C2,1.0,30/11/2020,Retrofitworks,Suburban,1945-1964,,2.0,0.0,88.0,6.0,3.0,6.0,2.35,Cavity_Insulated,Suspended,Pitched,Double,Yes,Gas,Gas Boiler - Standard,,Water,96,0.0,1.0,1.0,No,No,4217.0,6758.0,6.15,87.52,10439.0,3057.0,109.0,46.0,4.07,Yes,No,Yes,Yes,ASHP,,12544.58,0.0,528.42,15.0,,Yes,15/06/2021,Ecolution Group,ASHP,,Mitsubishi,PUZ-WM85VAA,8.5,R32,,Water_New,200.0,,1.0,0.0,0.0,0.0,,Low Noise Heat Pump,No,0.0,0.0,0.0,No,No,0.0,0.0,,No,7372.87,2131.11,3085.6,0.0,0.0,0.0,0.0,0.0,0.0,0.0,3.0,0.0,House_Semi-Detached_2.0
OVO,EOH1015,TN6,56.0,Working Full time (>30hrs),Manager,"40,001 - 50,000",2020-09-30T00:00:00.000Z,Owner-Occupied,25.0,C1,2.0,09/12/2020,Retrofitworks,Suburban,Pre 1919,,3.0,0.0,93.41,5.0,4.0,5.0,2.51,Solid_No_insulation,Suspended,Pitched,Double,Yes,Gas,Gas Boiler - Standard,,Water,170,0.0,0.0,1.0,No,No,4779.0,24428.0,,,,,,,,,,,,,,,,,,,No,,,,,,,,,,,,,,,,,,,,,,,,,,,,,,,,,,,,,,,,,House_Semi-Detached_2.0
Warmworks,EOH2329,EH4,66.0,Unemployed,Professional,"30,001 - 40,000",2020-06-29T00:00:00.000Z,Owner-Occupied,10.0,C1,3.0,12/07/2020,Everwarm,Suburban,1919-1944,C,2.0,0.0,109.54,5.0,3.0,5.0,2.66,Cavity_Insulated,Suspended,Pitched,Double,Yes,Gas,Gas Boiler - Standard,Fire - Wood,Water,Normal (90-130l),0.0,0.0,1.0,No,No,1011.7,,5.4,69.8,17609.0,4075.0,1237.0,45.0,3.86,Yes with additional measures,No,Yes,No,ASHP,,,,1185.0,16.0,,Yes,09/11/2020,BRB Electrical Ltd,ASHP,,Mitsubishi,PUHZ-W85VHAA,8.5,R410A,0.0,Water_New,150.0,,1.0,10.0,,0.0,,Low Noise Heat Pump,No,0.0,0.0,0.0,Yes,No,0.0,0.0,,No,7655.16,3508.27,1610.23,2705.76,,,,,,,2.0,0.0,House_Detached_1.0
E.ON,EOH2096,NE15,47.0,Working Full time (>30hrs),Professional,"30,001 - 40,000",2020-07-07T00:00:00.000Z,Owner-Occupied,2.0,AB,3.0,14/07/2020,Pacifica,Urban,1950 - 1966,E,2.0,0.0,92.6,5.0,3.0,9.0,2.4,Cavity_Insulated,Solid,Pitched,Double,Yes,Gas,Gas Boiler - Combi,,,,0.0,0.0,1.0,No,No,360.0,360.0,,,,,,,,No,No,No,No,None - Installation not recommended,,,,,,,,,,,,,,,,,,,,,,,,,,,,,,,,,,,,,,,,,,,,,,,,House_Semi-Detached_2.0
E.ON,EOH0646,NE3,39.0,Working Full time (>30hrs),Professional,"50,001+",2020-07-17T00:00:00.000Z,Owner-Occupied,2.0,AB,5.0,17/08/2020,Phoenix,Urban,1900 - 1929,,2.0,4.0,159.0,6.0,5.0,14.0,2.6,Solid_No_insulation,Suspended,Pitched,Double,Yes,Gas,Gas Boiler - Combi,Fire - Wood,,,0.0,0.0,1.0,Yes - Ground Loop,No,,,,,,,,,,No,No,No,No,None - Installation not recommended,,,,,,,,,,,,,,,,,,,,,,,,,,,,,,,,,,,,,,,,,,,,,,,,House_Semi-Detached_3.0
Warmworks,EOH0043,EH49,42.0,Working Full time (>30hrs),Professional,Prefer not to say,2020-09-25T00:00:00.000Z,Owner-Occupied,6.0,AB,3.0,05/11/2020,Warmworks,Suburban,1991-2000,B,2.0,2.0,163.87,7.0,4.0,7.0,,Cavity_Insulated,Suspended,Pitched,Double,Yes,Gas,Gas Boiler - Standard,Fire - Wood,Water,Large (> 170l),0.0,0.0,0.0,No,No,,,8.4,60.4,23842.0,4457.0,2547.0,55.0,3.58,Yes,No,Yes,Yes,ASHP,,,,1601.0,14.0,3.0,Yes,14/06/2021,BRB Electrical Ltd,HT_ASHP,,Vaillant,VWL 105/6 A 230V S2,10.0,R290,0.0,Water_New,200.0,,1.0,,12.0,0.0,,Low Noise Heat Pump,No,0.0,0.0,0.0,Yes,No,0.0,0.0,,No,17943.13,3572.2,1610.23,3246.91,,,,,,,3.0,0.0,House_Detached_2.0
E.ON,EOH0263,NE3,67.0,Retired,Pensioner,"16,201 - 20,000",2020-12-14T00:00:00.000Z,Owner-Occupied,30.0,DE,1.0,17/03/2021,Phoenix,Urban,1930 - 1949,D,1.0,0.0,110.0,6.0,3.0,9.0,2.7,Cavity_Insulated,Suspended,Pitched,Double,Yes,Gas,Gas Boiler - Combi,,,,0.0,0.0,0.0,No,No,,,7.91314,79.82,15847.7,3515.0,0.0,,,No,No,No,Yes,Hybrid,Loft Insulation,10233.23,500.0,1030.0,14.3,3.8,No,,,,,,,,,,,,,,,,,,,,,,,,,,,,,,,,,,,,,,,,,House_Semi-Detached_2.0
OVO,EOH1813,KT8,37.0,Working Full time (>30hrs),Manager,"50,001+",2020-08-08T00:00:00.000Z,Owner-Occupied,,C1,3.0,13/10/2020,Retrofitworks,Suburban,1919-1944,,2.0,1.0,207.79,12.0,5.0,12.0,2.6,Solid_No_insulation,Suspended,Pitched,Single,Yes,Gas,Gas Boiler - Standard,Fire - Wood,,,0.0,1.0,1.0,No,No,,,,,,,,,,Yes with additional measures,No,Yes with additional measures,Yes with additional measures,None - Installation not recommended,Loft Insulation; Wall insulation; Window replacement; Draft Proofing,11000.0,29000.0,,,,,,,,,,,,,,,,,,,,,,,,,,,,,,,,,,,,,,,,,,,,,House_Detached_2.0
Warmworks,EOH2730,EH29,44.0,Working Full time (>30hrs),Professional,Prefer not to say,2020-07-30T00:00:00.000Z,Owner-Occupied,6.0,C1,5.0,22/09/2020,Warmworks,Suburban,2001+,C,2.0,2.0,129.56,6.0,4.0,6.0,2.32,Cavity_Insulated,Solid,Pitched,Double,Yes,Gas,Gas Boiler - Standard,,Water,Medium (131-170l),0.0,0.0,1.0,No,No,3835.0,11433.0,,,,,,,,Yes,No,Yes,No,ASHP,,,,,,,No,,,,,,,,,,,,,,,,,,,,,,,,,,,,,,,,,,,,,,,,,House_Detached_2.0
OVO,EOH0987,PO6,32.0,Working Full time (>30hrs),Professional,"30,001 - 40,000",2021-02-04T00:00:00.000Z,Owner-Occupied,,C2,4.0,22/02/2021,Retrofitworks,Suburban,1981-1990,,1.0,0.0,90.4,4.0,3.0,1.0,2.4,Cavity_Insulated,Solid,Pitched,Double,Yes,Gas,Fire - Gas,,,,0.0,1.0,1.0,No,No,,,,,,,,,,,,,,None - Installation not recommended,,,,,,,,,,,,,,,,,,,,,,,,,,,,,,,,,,,,,,,,,,,,,,,,House_Mid-Terrace_2.0
E.ON,EOH0081,NE5,39.0,Training or Education,Unemployed/Benefits,"30,001 - 40,000",2021-03-02T00:00:00.000Z,Owner-Occupied,8.0,C1,1.0,09/03/2021,Phoenix,Urban,1967 - 1975,D,2.0,1.0,80.0,4.0,3.0,7.0,2.3,Cavity_Insulated,Solid,Pitched,Double,Yes,Gas,Gas Boiler - Combi,Fire - Electric,,,0.0,0.0,0.0,No,No,4547.0,12902.0,,,,,,,,No,No,No,No,None - Installation not recommended,,,,,,,,,,,,,,,,,,,,,,,,,,,,,,,,,,,,,,,,,,,,,,,,House_Mid-Terrace_2.0
E.ON,EOH1992,NE15,34.0,Working Full time (>30hrs),Professional,"50,001+",2020-11-10T00:00:00.000Z,Owner-Occupied,3.0,AB,5.0,15/12/2020,Phoenix,Urban,1950 - 1966,C,2.0,1.0,145.0,6.0,3.0,9.0,2.7,Cavity_Insulated,Suspended,Pitched,Double,Yes,Gas,Gas Boiler - Combi,Fire - Wood,,,0.0,0.0,0.0,No,No,,,,,,,,,,Yes,No,Yes,Yes,None - Installation not recommended,,,,,,,,,,,,,,,,,,,,,,,,,,,,,,,,,,,,,,,,,,,,,,,,House_Semi-Detached_2.0
Warmworks,EOH0992,EH19,53.0,Working Full time (>30hrs),Skilled Manual Worker,Prefer not to say,2021-05-03T00:00:00.000Z,Owner-Occupied,8.0,C2,2.0,22/06/2021,Warmworks,Suburban,1965-1980,C,2.0,1.0,93.96,4.0,3.0,4.0,2.6,Cavity_Insulated,Solid,Pitched,Double,Yes,Gas,Gas Boiler - Combi,,,,0.0,0.0,0.0,No,No,,,,,,,,,,Yes,No,Yes,Yes,ASHP,,,,,,,No,,,,,,,,,,,,,,,,,,,,,,,,,,,,,,,,,,,,,,,,,House_Semi-Detached_2.0
E.ON,EOH0212,NE4,68.0,Working Full time (>30hrs),Professional,"50,001+",2020-07-07T00:00:00.000Z,Owner-Occupied,14.0,AB,2.0,28/07/2020,E.ON,Suburban,1930 - 1949,D,3.0,0.0,109.0,7.0,4.0,13.0,2.5,Cavity_Insulated,Suspended,Pitched,Double,Yes,Gas,Gas Boiler - Combi,,,,0.0,0.0,1.0,Yes - Ground Loop,No,5333.0,13000.0,,,,,,,,No,No,No,No,None - Installation not recommended,,,,,,,,,,,,,,,,,,,,,,,,,,,,,,,,,,,,,,,,,,,,,,,,House_Semi-Detached_3.0
Warmworks,EOH0225,TD11,71.0,Retired,Pensioner,"25,001 - 30,000",2020-09-14T00:00:00.000Z,Owner-Occupied,4.0,DE,5.0,01/12/2020,Warmworks,Rural,2001+,B,2.0,0.0,251.11,7.0,4.0,7.0,2.69,Cavity_Insulated,Solid,Pitched,Triple,Yes,Gas,Gas Boiler - Combi,Fire - Wood,,,6.0,0.0,0.0,No,No,,,19.1,64.3,47478.0,4776.0,0.0,,,Yes,Yes,Yes,Yes,ASHP,,,,2182.0,18.0,5.0,No,,,,,,,,,,,,,,,,,,,,,,,,,,,,,,,,,,,,,,,,,House_Detached_2.0
Warmworks,EOH2130,EH41,49.0,Working Full time (>30hrs),Skilled Manual Worker,"40,001 - 50,000",2020-08-07T00:00:00.000Z,Owner-Occupied,15.0,C2,3.0,06/10/2020,Warmworks,Suburban,1945-1964,C,2.0,1.0,99.78,5.0,3.0,5.0,,Cavity_Insulated,Solid,Pitched,Double,Yes,Gas,Gas Boiler - Combi,,,,0.0,0.0,1.0,No,No,4458.0,12486.0,5.4,,16678.0,4075.0,728.0,,,No,No,No,Yes,Hybrid,,,,1164.0,14.0,3.0,No,,,,,,,,,,,,,,,,,,,,,,,,,,,,,,,,,,,,,,,,,House_Semi-Detached_2.0
OVO,EOH1857,RG2,29.0,Working Part time,Professional,"50,001+",2020-07-02T00:00:00.000Z,Owner-Occupied,5.0,C2,1.0,21/01/2021,Retrofitworks,Suburban,1945-1964,,2.0,1.0,85.0,5.0,2.0,5.0,2.35,Cavity_Insulated,Solid,Pitched,Double,Yes,Gas,Gas Boiler - Standard,Fire - Wood,Water,150,0.0,1.0,0.0,No,No,,,,,,,,,,,,,,None - Installation not recommended,,,,,,,,,,,,,,,,,,,,,,,,,,,,,,,,,,,,,,,,,,,,,,,,House_Semi-Detached_2.0
Warmworks,EOH2857,KY11,72.0,Retired,Pensioner,"12,501 - 16,200",2020-08-13T00:00:00.000Z,Owner-Occupied,6.0,DE,5.0,24/08/2020,Warmworks,Suburban,1945-1964,C,2.0,0.0,94.45,5.0,3.0,5.0,2.45,Cavity_No_insulation,Suspended,Pitched,Double,Yes,Gas,Gas Boiler - Combi,,,,0.0,0.0,1.0,No,No,,,,,,,,,,Yes,No,Yes,No,ASHP,,,,,,,No,,,,,,,,,,,,,,,,,,,,,,,,,,,,,,,,,,,,,,,,,House_Semi-Detached_1.0
Warmworks,EOH0125,TD9,72.0,Retired,Pensioner,Prefer not to say,2021-03-11T00:00:00.000Z,Rented (Social),42.0,DE,1.0,21/03/2021,Warmworks,Suburban,1945-1964,E,1.0,0.0,72.91,4.0,2.0,4.0,2.44,Cavity_Insulated,Suspended,Pitched,Double,No,,Electric - Direct,,Water,Normal (90-130l),0.0,0.0,0.0,No,No,,,,,,,,,,Yes,No,Yes,No,ASHP,,,,,,,No,,,,,,,,,,,,,,,,,,,,,,,,,,,,,,,,,,,,,,,,,Maisonette_End-Terrace_2.0
Warmworks,EOH0233,EH33,31.0,Working Full time (>30hrs),Manager,"50,001+",2020-10-16T00:00:00.000Z,Owner-Occupied,4.0,C1,4.0,25/11/2020,Warmworks,Suburban,2001+,C,2.0,2.0,184.25,8.0,5.0,8.0,2.6,Cavity_Insulated,Suspended,Pitched,Double,Yes,Gas,Gas Boiler - Standard,,Water,Large (> 170l),0.0,0.0,1.0,No,No,,,9.0,61.1,27065.0,5349.0,1492.0,55.0,3.63,Yes,No,Yes,Yes,HT_ASHP,,,,1832.0,14.0,3.0,Yes,09/08/2021,BRB Electrical Ltd,HT_ASHP,,Vaillant,VWL 125/6 A 230V S2,12.0,R290,0.0,Water_New,200.0,,1.0,,18.0,0.0,,Low Noise Heat Pump,No,0.0,0.0,0.0,Yes,No,0.0,0.0,,No,17943.13,3572.21,1610.23,4870.36,,,,,,,3.0,0.0,House_Detached_2.0
OVO,EOH1834,CT18,56.0,Working Full time (>30hrs),Professional,"50,001+",2021-03-02T00:00:00.000Z,Owner-Occupied,6.0,AB,4.0,22/03/2021,Retrofitworks,Suburban,Pre 1919,,2.0,0.0,103.39,6.0,3.0,6.0,2.4,Cavity_Insulated,Solid,Pitched,Double,No,Electricity,Electric - Storage,,Water,110,0.0,0.0,0.0,No,No,,,8.95,86.56,20833.0,3057.0,109.0,50.0,3.16,Yes with additional measures,No,Yes with additional measures,No,ASHP,Heat Emitters,8685.7,5869.5,1218.32,15.0,,Yes,29/03/2021,Reina Group,ASHP,,Daikin,EDHQ016BB6V3-104696,16.0,R410A,,Water_New,200.0,,1.0,0.0,9.0,0.0,,,No,0.0,0.0,0.0,No,No,0.0,0.0,,No,4896.99,1183.0,3376.56,1798.65,0.0,0.0,0.0,0.0,0.0,0.0,4.0,2.0,House_Semi-Detached_2.0
OVO,EOH1034,TN9,27.0,Unemployed,Unemployed/Benefits,"50,001+",2020-09-16T00:00:00.000Z,Owner-Occupied,,DE,3.0,15/12/2020,Retrofitworks,Suburban,1981-1990,,4.0,1.0,180.89,8.0,4.0,8.0,2.26,Cavity_Insulated,Mix,Pitched,Double,Yes,Gas,Gas Boiler - Standard,Electric - Direct,Water,170,2.0,1.0,1.0,No,No,4028.0,21365.0,,,,,,,,Yes with additional measures,No,Yes with additional measures,Yes with additional measures,None - Installation not recommended,,,,,,,,,,,,,,,,,,,,,,,,,,,,,,,,,,,,,,,,,,,,,,,,House_Detached_2.0
E.ON,EOH0022,NE39,46.0,Working Full time (>30hrs),Professional,"50,001+",2021-03-17T00:00:00.000Z,Owner-Occupied,4.0,AB,2.0,17/03/2021,Phoenix,Urban,1900 - 1929,,2.0,0.0,239.0,6.0,4.0,8.0,2.3,Solid_No_insulation,Solid,Pitched,Double,No,Oil,Oil Boiler - Standard,Fire - Wood,Water,110,0.0,0.0,0.0,Yes,No,,,,,,,,,,No,No,No,No,None - Installation not recommended,,,,,,,,,,,,,,,,,,,,,,,,,,,,,,,,,,,,,,,,,,,,,,,,House_Detached_2.0
Warmworks,EOH2742,TD7,51.0,Working Full time (>30hrs),Professional,Prefer not to say,2020-10-03T00:00:00.000Z,Owner-Occupied,18.0,C1,2.0,09/12/2020,Warmworks,Rural,1965-1980,D,3.0,0.0,160.12,8.0,4.0,7.0,2.42,Cavity_Insulated,Suspended,Pitched,Double,No,Oil,Oil Boiler,Fire - Wood,Water,Normal (90-130l),0.0,0.0,0.0,No,No,5461.0,,10.9,77.0,25616.0,3821.0,0.0,,,Yes with additional measures,No,Yes with additional measures,No,HT_ASHP,,,,1529.38,18.0,5.0,No,,,,,,,,,,,,,,,,,,,,,,,,,,,,,,,,,,,,,,,,,House_Detached_2.0
Warmworks,EOH0184,EH6,62.0,Unemployed,Unemployed/Benefits,Prefer not to say,2020-07-09T00:00:00.000Z,Owner-Occupied,12.0,DE,2.0,29/07/2020,Everwarm,Urban,2001+,B,2.0,0.0,139.22,4.0,3.0,4.0,2.35,Cavity_Insulated,Suspended,Another Dwelling Above,Double,Yes,Gas,Gas Boiler - Combi,,,,0.0,0.0,1.0,No,No,3600.0,8603.0,2.6,31.0,7030.0,4075.0,0.0,55.0,3.06,Yes,No,Yes,No,ASHP,,,,440.0,14.0,3.0,Yes,18/11/2020,BRB Electrical Ltd,HT_ASHP,,Vaillant,VWL 55/6 A 230V S2,5.0,R290,0.0,PCM_New,,10.5,2.0,,8.0,0.0,,Low Noise Heat Pump,No,0.0,0.0,0.0,Yes,No,0.0,0.0,,No,11215.18,3870.96,1610.23,2164.61,,,,,,,2.0,0.0,Flat_Flat_1.0
Warmworks,EOH1130,EH10,67.0,Retired,Pensioner,Prefer not to say,2020-10-02T00:00:00.000Z,Owner-Occupied,24.0,DE,2.0,06/11/2020,Warmworks,Suburban,1991-2000,B,2.0,2.0,181.11,6.0,4.0,6.0,,Cavity_Insulated,Suspended,Pitched,Double,Yes,Gas,Gas Boiler - Standard,,Water,Medium (131-170l),0.0,0.0,1.0,No,No,,,7.0,,20580.0,3566.0,1237.0,,,Yes,No,Yes,Yes,HT_ASHP,,,,1270.0,14.0,3.0,Yes,,,,,,,,,,,,,,,,,,,,,,,,,,,,,,,,,,,,,,,,,House_Detached_2.0
E.ON,EOH2366,NE3,60.0,Working Full time (>30hrs),Professional,"40,001 - 50,000",2020-08-28T00:00:00.000Z,Owner-Occupied,24.0,AB,4.0,30/09/2020,Phoenix,Suburban,1930 - 1949,,4.0,0.0,131.14,6.0,4.0,11.0,2.6,Cavity_Insulated,Suspended,Pitched,Double,Yes,Gas,Gas Boiler - Standard,Fire - Gas,Water,150,0.0,1.0,1.0,No,No,1583.0,16944.0,10.29,78.54,20629.0,4993.0,218.0,55.0,3.54,Yes with additional measures,No,Yes,Yes,HT_ASHP,None Required,17251.0,,1112.0,14.3,3.8,Yes,11/10/2021,Phoenix,HT_ASHP,,Daikin,EPRA16DAV3,16.0,R32,,Water_new,300.0,,1.0,11.0,0.0,0.0,,,No,0.0,0.0,0.0,No,No,0.0,0.0,,no,9687.81,1752.34,,3055.83,,0.0,0.0,0.0,0.0,0.0,4.0,,House_Detached_2.0
Warmworks,EOH2943,EH4,43.0,Working Full time (>30hrs),Professional,"40,001 - 50,000",2020-08-09T00:00:00.000Z,Owner-Occupied,11.0,AB,1.0,26/04/2021,Warmworks,Suburban,1945-1964,D,1.0,0.0,78.57,5.0,3.0,5.0,2.65,Cavity_No_insulation,Suspended,Pitched,Double,Yes,Gas,Gas Boiler - Combi,,,,0.0,1.0,1.0,No,No,,,,,,,,,,Yes with additional measures,No,Yes with additional measures,Yes,HT_ASHP,,,,,,,No,,,,,,,,,,,,,,,,,,,,,,,,,,,,,,,,,,,,,,,,,House_End-Terrace_2.0
OVO,EOH3177,RH17,,Working Full time (>30hrs),Supervisor,Prefer not to say,2021-03-05T00:00:00.000Z,Owner-Occupied,3.0,AB,4.0,10/05/2021,Retrofitworks,Rural,Pre 1919,,2.0,0.0,130.0,5.0,3.0,6.0,2.4,Cavity_Insulated,Solid,Pitched,Double,No,Electricity,Electric - Storage,,Water,170,0.0,0.0,0.0,No,No,,,6.522,57.25,18389.0,4839.0,108.0,50.0,3.64,Yes,No,Yes,No,ASHP,,13288.78,0.0,1065.0,16.0,,Yes,02/06/2021,A Greener Alternative,ASHP,,Mitsubishi,PUZ-WM85VAA,8.5,R32,,Water_New,250.0,,1.0,0.0,0.0,0.0,,Low Noise Heat Pump,No,0.0,0.0,0.0,No,No,0.0,0.0,,No,5677.83,2445.95,4380.0,0.0,0.0,0.0,0.0,0.0,0.0,0.0,3.0,0.0,House_Semi-Detached_2.0
E.ON,EOH2365,NE15,43.0,Working Full time (>30hrs),Manager,"50,001+",2021-03-19T00:00:00.000Z,Owner-Occupied,16.0,AB,5.0,26/03/2021,Phoenix,Urban,1983 - 1990,,2.0,1.0,90.0,5.0,3.0,9.0,2.3,Cavity_Insulated,Suspended,Pitched,Double,Yes,Gas,Gas Boiler - Standard,,Water,150,1.0,0.0,0.0,No,No,4900.0,7700.0,5.669,81.24,11389.0,4122.0,607.0,,,Yes,No,Yes,Yes,ASHP,None Required,11678.77,0.0,785.0,14.3,3.8,No,,,,,,,,,,,,,,,,,,,,,,,,,,,,,,,,,,,,,,,,,House_Semi-Detached_2.0
Warmworks,EOH2484,TD4,44.0,Unemployed,Unemployed/Benefits,Prefer not to say,2020-08-21T00:00:00.000Z,Rented (Social),4.0,C2,1.0,23/09/2020,Warmworks,Suburban,1945-1964,F,1.0,0.0,52.04,2.0,1.0,2.0,2.6,Cavity_Insulated,Suspended,Pitched,Double,,,Electric - Direct,,Water,Medium (131-170l),0.0,0.0,0.0,No,No,,,5.0,89.0,4323.0,3596.0,156.0,50.0,3.58,Yes,No,Yes,No,ASHP,,,,560.0,14.0,,Yes,21/12/2020,TK Murray,ASHP,,Mitsubishi,PUHZ-W50VHA2,5.0,R410A,0.0,Water_New,150.0,,1.0,6.0,,0.0,,Low Noise Heat Pump,No,0.0,0.0,0.0,,No,0.0,0.0,,No,6529.24,3508.27,1610.23,1623.46,,,,,,,1.0,0.0,House_Semi-Detached_1.0
E.ON,EOH1861,NE7,49.0,Working Full time (>30hrs),Professional,"50,001+",2020-10-28T00:00:00.000Z,Owner-Occupied,10.0,AB,5.0,11/11/2020,Phoenix,Urban,Before 1900,,2.0,2.0,208.0,8.0,5.0,13.0,2.6,Solid_No_insulation,Solid,Pitched,Double,Yes,Gas,Gas Boiler - Combi,Fire - Wood,,,13.0,0.0,0.0,Yes - Ground Loop,Yes,,6000.0,,,,,,,,No,No,No,No,None - Installation not recommended,,,,,,,,,,,,,,,,,,,,,,,,,,,,,,,,,,,,,,,,,,,,,,,,House_Detached_4.0
OVO,EOH0473,GU9,54.0,Working Full time (>30hrs),Professional,Prefer not to say,2020-07-22T00:00:00.000Z,Owner-Occupied,4.0,AB,3.0,19/10/2020,Retrofitworks,Suburban,2001+,,2.0,2.0,236.0,9.0,5.0,9.0,2.5,Cavity_Insulated,Solid,Pitched,Double,Yes,Gas,Gas Boiler - Standard,Fire - Wood,,,3.0,0.0,1.0,No,No,,,13.64,78.44,37243.72,7300.0,2786.26,,,Yes,No,Yes,Yes,ASHP,,12290.0,0.0,2194.27,14.0,,No,,,,,,,,,,,,,,,,,,,,,,,,,,,,,,,,,,,,,,,,,House_Detached_2.0
OVO,EOH1863,SO22,36.0,Working Part time,Professional,"30,001 - 40,000",2020-07-15T00:00:00.000Z,Owner-Occupied,,C2,3.0,16/02/2021,Retrofitworks,Suburban,1945-1964,,2.0,2.0,83.52,7.0,3.0,7.0,2.34,Cavity_Insulated,Solid,Pitched,Double,Yes,Gas,Gas Boiler - Combi,,,,0.0,0.0,0.0,No,No,,,,,,,,,,,,,,None - Installation not recommended,,,,,,,,,,,,,,,,,,,,,,,,,,,,,,,,,,,,,,,,,,,,,,,,House_Semi-Detached_2.0
E.ON,EOH2700,NE3,67.0,Retired,Pensioner,"40,001 - 50,000",2021-05-17T00:00:00.000Z,Owner-Occupied,0.9,C1,5.0,30/06/2021,Energist,Urban,2012 onwards,D,2.0,0.0,163.0,5.0,3.0,11.0,2.4,Cavity_Insulated,Solid,Pitched,Double,Yes,Gas,Gas Boiler - Combi,,,,0.0,0.0,1.0,No,No,,,6.281,38.53,20671.0,3146.0,0.0,50.0,3.65,Yes,No,Yes,Yes,ASHP,None Required,14402.94,,1023.0,12.5,3.5,Yes,23/07/2021,Energist,HT_ASHP,,Vaillant,VWL 75/6 A 230V S2,7.0,R290,,Water_new,200.0,,1.0,9.0,0.0,0.0,none,none,No,0.0,0.0,0.0,No,No,0.0,0.0,,no,5648.0,1752.34,,2685.0,0.0,0.0,0.0,0.0,0.0,0.0,4.0,0.0,House_Detached_1.0
OVO,EOH2597,OX29,63.0,Retired,Manager,Prefer not to say,2020-07-02T00:00:00.000Z,Owner-Occupied,14.0,DE,3.0,11/03/2021,Retrofitworks,Rural,Pre 1919,,2.0,0.0,243.6,10.0,5.0,10.0,2.7,Solid_No_insulation,Solid,Pitched,Double,No,Oil,Oil Boiler,Fire - Wood,Water,120,0.0,0.0,0.0,Yes - Borehole,No,,,28.085,,,,,,,,,,,None - Installation not recommended,,,,,,,,,,,,,,,,,,,,,,,,,,,,,,,,,,,,,,,,,,,,,,,,House_Detached_2.0
E.ON,EOH1543,NE3,,Prefer not to say,Prefer not to say,Prefer not to say,2020-09-24T00:00:00.000Z,Rented (Social),0.9,DE,1.0,11/01/2021,E.ON,Suburban,1967 - 1975,,1.0,0.0,37.6,2.0,1.0,5.0,2.3,Solid_Insulated,Solid,Pitched,Double,No,Electricity,Electric - Storage,,Water,80,0.0,0.0,0.0,Yes - Borehole,Yes,,,2.463,65.5,6056.0,1910.0,191.0,,,No,Yes,No,No,GSHP,None Required,,14707.5,351.09,14.3,,Yes,08/10/2021,Groundheat,GSHP,Shared_Groundloop,Vaillant,20260514,3.0,R410A,900.0,Water_new,100.0,,1.0,5.0,0.0,1.0,none,none,No,0.0,0.0,0.0,No,No,0.0,0.0,,no,11605.06,1702.0,,2701.78,0.0,0.0,0.0,0.0,0.0,0.0,84.0,0.0,Flat_Flat_1.0
Warmworks,EOH1054,EH19,70.0,Working Part time,Professional,Prefer not to say,2020-07-04T00:00:00.000Z,Owner-Occupied,26.0,C2,1.0,30/07/2020,Everwarm,Suburban,1965-1980,D,2.0,0.0,176.47,5.0,3.0,5.0,,Cavity_Insulated,Suspended,Pitched,Double,Yes,Gas,Gas Boiler - Combi,Fire - Gas,,,0.0,1.0,1.0,No,No,,,,,,,,,,Yes,No,Yes,Yes,HT_ASHP,,,,,,,No,,,,,,,,,,,,,,,,,,,,,,,,,,,,,,,,,,,,,,,,,House_Detached_1.0
E.ON,EOH0201,NE5,36.0,Unemployed,Unemployed/Benefits,"0 - 12,500",2021-01-11T00:00:00.000Z,Owner-Occupied,5.0,DE,2.0,27/01/2021,Phoenix,Urban,1950 - 1966,D,1.0,0.0,74.0,4.0,3.0,8.0,2.6,Cavity_Insulated,Suspended,Pitched,Double,Yes,Gas,Gas Boiler - Combi,,,,0.0,0.0,1.0,No,No,,,6.14,82.97,14871.7,3311.0,0.0,55.0,2.96,No,No,No,Yes,Hybrid,None Required,9875.86,,707.0,14.3,3.8,Yes,10/03/2021,Phoenix,Hybrid,Separate_New Boiler,Daikin,EHY2KOMB28AA,4.0,R32,,,,,1.0,8.0,0.0,0.0,none,none,No,0.0,0.0,0.0,No,No,0.0,0.0,,no,5739.82,,,2500.86,0.0,0.0,0.0,0.0,0.0,0.0,3.0,0.0,House_Semi-Detached_2.0
Warmworks,EOH2226,EH10,47.0,Working Full time (>30hrs),Professional,Prefer not to say,2021-04-14T00:00:00.000Z,Owner-Occupied,7.0,C1,3.0,02/06/2021,Warmworks,Suburban,1919-1944,E,2.0,2.0,98.34,5.0,3.0,5.0,2.8,Cavity_Insulated,Suspended,Pitched,Double,Yes,Gas,Gas Boiler - Combi,,,,0.0,0.0,1.0,No,No,,,,,,,,,,Yes,No,Yes,Yes,None - Installation not recommended,,,,,,,,,,,,,,,,,,,,,,,,,,,,,,,,,,,,,,,,,,,,,,,,House_Detached_1.0
Warmworks,EOH2988,EH17,55.0,Working Part time,Professional,"20,001 - 25,000",2020-08-05T00:00:00.000Z,Owner-Occupied,1.0,C2,1.0,15/09/2020,Warmworks,Urban,1945-1964,C,1.0,1.0,70.38,4.0,2.0,4.0,2.43,Cavity_Insulated,Solid,Pitched,Double,Yes,Gas,Gas Boiler - Combi,Gas Boiler - Combi,,,0.0,0.0,1.0,No,No,,,4.9,103.0,15704.0,2865.0,0.0,50.0,3.65,Yes,No,Yes,No,HT_ASHP,,,,860.56,15.0,5.0,Yes,14/04/2021,Everwarm,HT_ASHP,,Vaillant,VWL 75/6 A 230V S2,7.0,R290,0.0,Water_New,150.0,,1.0,,8.0,0.0,,Low Noise Heat Pump,No,0.0,0.0,0.0,No,No,0.0,0.0,,No,11215.17,3508.272,1610.23,2164.6,,,,,,,2.0,0.0,House_Semi-Detached_2.0
E.ON,EOH0044,NE4,57.0,Working Full time (>30hrs),Semi and unskilled manual worker,"16,201 - 20,000",2020-11-26T00:00:00.000Z,Owner-Occupied,16.0,DE,4.0,17/12/2020,Phoenix,Urban,1930 - 1949,,1.0,0.0,86.0,5.0,3.0,7.0,2.6,Cavity_No_insulation,Suspended,Pitched,Double,Yes,Gas,Gas Boiler - Combi,Fire - Gas,,,0.0,2.0,1.0,No,No,,,,,,,,,,No,No,No,No,,,,,,,,,,,,,,,,,,,,,,,,,,,,,,,,,,,,,,,,,,,,,,,,,House_End-Terrace_2.0
Warmworks,EOH0767,EH22,67.0,Working Full time (>30hrs),Professional,"20,001 - 25,000",2021-05-06T00:00:00.000Z,Owner-Occupied,,C1,5.0,16/07/2021,Warmworks,Suburban,Pre 1919,E,2.0,0.0,80.52,4.0,2.0,4.0,2.7,Cavity_No_insulation,Suspended,Pitched,Double,Yes,Gas,Gas Boiler - Standard,Fire - Gas,Water,Normal (90-130l),0.0,1.0,1.0,No,No,,,,,,,,,,Yes,No,Yes,Yes,None - Installation not recommended,,,,,,,,,,,,,,,,,,,,,,,,,,,,,,,,,,,,,,,,,,,,,,,,House_Mid-Terrace_2.0
Warmworks,EOH3154,EH15,50.0,Stay at home parent,Unemployed/Benefits,"25,001 - 30,000",2020-07-08T00:00:00.000Z,Owner-Occupied,10.0,DE,3.0,24/07/2020,Everwarm,Suburban,1919-1944,D,2.0,2.0,119.44,4.0,3.0,4.0,2.85,Cavity_Insulated,Suspended,Pitched,Double,Yes,Gas,Gas Boiler - Standard,,Water,Normal (90-130l),0.0,0.0,1.0,No,No,2691.0,18561.0,9.2,87.0,25686.0,3821.0,0.0,,,No,No,Yes,No,HT_ASHP,,,,1425.13,16.44,3.72,Yes,16/11/2020,Everwarm,HT_ASHP,,Vaillant,VWL 125/6 A 230V S2,12.0,R290,0.0,Water_New,100.0,,1.0,,8.0,0.0,,Low Noise Heat Pump,No,0.0,0.0,0.0,Yes,No,0.0,0.0,,No,17943.13,3442.45,1610.23,2164.61,,,,,,,2.0,0.0,House_Detached_1.0
OVO,EOH1897,RH16,37.0,Working Full time (>30hrs),Manager,"50,001+",2020-07-02T00:00:00.000Z,Owner-Occupied,2.0,C1,3.0,13/01/2021,Retrofitworks,Suburban,1919-1944,,2.0,1.0,108.34,5.0,3.0,6.0,2.45,Cavity_No_insulation,Solid,Pitched,Double,Yes,Gas,Gas Boiler - Standard,Fire - Wood,Water,130,0.0,0.0,0.0,No,No,,,6.18,66.34,11761.0,3057.0,109.0,,,Yes with additional measures,No,Yes,Yes,HT_ASHP,,14726.0,0.0,850.47,15.0,,No,,,,,,,,,,,,,,,,,,,,,,,,,,,,,,,,,,,,,,,,,House_Semi-Detached_2.0
OVO,EOH0813,RH19,45.0,Working Full time (>30hrs),Professional,"50,001+",2020-01-07T00:00:00.000Z,Owner-Occupied,4.0,C1,4.0,15/01/2021,Retrofitworks,Suburban,1945-1964,D,2.0,0.0,105.3,12.0,4.0,13.0,2.3,Cavity_No_insulation,Solid,Pitched,Double,Yes,Gas,Gas Boiler - Combi,Electric - Direct,,,3.0,0.0,1.0,No,No,9000.0,22000.0,9.95,71.64,19583.0,3821.0,136.0,60.0,3.18,No,No,Yes with additional measures,Yes with additional measures,HT_ASHP,Heat Emitters,12624.0,1358.0,1306.85,15.0,,Yes,10/05/2021,Reina Group,HT_ASHP,,Daikin,EPRA16DAV3,16.0,R32,,Water_New,250.0,,1.0,0.0,4.0,0.0,,,No,0.0,0.0,0.0,No,No,0.0,0.0,,No,6774.74,1015.0,3745.86,950.6,0.0,0.0,0.0,0.0,0.0,0.0,4.0,1.0,House_Detached_2.0
Warmworks,EOH2923,KY11,61.0,Working Full time (>30hrs),Professional,Prefer not to say,2020-10-06T00:00:00.000Z,Owner-Occupied,17.0,AB,2.0,17/12/2020,Warmworks,Suburban,2001+,C,2.0,1.0,112.58,4.0,2.0,4.0,2.4,Cavity_Insulated,Suspended,Pitched,Triple,Yes,Gas,Gas Boiler - Standard,,Water,Large (> 170l),4.0,0.0,1.0,No,No,,,10.0,88.9,10010.0,3937.0,0.0,,,Yes,Yes,Yes,Yes,ASHP,,,,1331.64,18.0,5.0,Yes,,,,,,,,,,,,,,,,,,,,,,,,,,,,,,,,,,,,,,,,,House_Detached_2.0
E.ON,EOH2804,DH7,,Working Part time,Skilled Manual Worker,"16,201 - 20,000",2021-07-20T00:00:00.000Z,Owner-Occupied,15.0,C2,5.0,30/07/2021,Energist,Urban,1900 - 1929,,2.0,2.0,108.0,4.0,2.0,7.0,2.5,Solid_No_insulation,Solid,Pitched,Double,Yes,Gas,Gas Boiler - Combi,,,,0.0,0.0,1.0,No,No,,,5.7,61.34,15606.0,2972.0,0.0,45.0,3.91,Yes,No,Yes,Yes,ASHP,None Required,13862.98,,811.0,12.2,3.8,Yes,06/08/2021,Energist,HT_ASHP,,Vaillant,VWL 75/6 A 230V S2,7.0,R290,,Water_new,250.0,,1.0,10.0,0.0,0.0,none,none,No,0.0,0.0,0.0,No,No,0.0,0.0,,no,5889.0,1752.0,,3045.0,0.0,0.0,0.0,0.0,0.0,0.0,4.0,0.0,House_End-Terrace_2.0
OVO,EOH3092,OX15,33.0,Working Full time (>30hrs),Professional,"50,001+",2020-11-30T00:00:00.000Z,Owner-Occupied,,AB,2.0,25/01/2021,Retrofitworks,Rural,Pre 1919,,2.0,0.0,260.0,5.0,2.0,4.0,2.3,Solid_Insulated,Solid,Pitched,Double,No,Electricity,Electric - Storage,,Water,100,0.0,0.0,0.0,No,No,,,3.43,153.13,13240.0,4745.0,1416.62,45.0,4.14,Yes,No,Yes,No,ASHP,,11422.55,0.0,1632.45,14.0,,Yes,19/05/2021,Faulkners Heating Ltd,ASHP,,Mitsubishi,PUZ-WM85VAA,8.5,R32,,Water_New,170.0,,1.0,0.0,9.0,0.0,,Low Noise Heat Pump,No,0.0,0.0,0.0,No,No,0.0,0.0,,No,3188.33,2953.56,3411.61,3845.04,0.0,0.0,0.0,0.0,0.0,0.0,5.0,0.0,House_Detached_1.0
OVO,EOH2292,GU21,51.0,Working Part time,Professional,"50,001+",2020-07-16T00:00:00.000Z,Owner-Occupied,9.0,AB,5.0,11/12/2020,,Suburban,2001+,,2.0,3.0,305.0,8.0,5.0,14.0,,,,Pitched,Double,Yes,Gas,Gas Boiler - Standard,Fire - Gas,,,0.0,1.0,0.0,No,No,,,,,,,,,,,,,,None - Installation not recommended,,,,,,,,,,,,,,,,,,,,,,,,,,,,,,,,,,,,,,,,,,,,,,,,House_Semi-Detached_3.0
Warmworks,EOH1090,EH14,71.0,Retired,Pensioner,Prefer not to say,2020-10-02T00:00:00.000Z,Owner-Occupied,69.0,DE,2.0,19/10/2020,Warmworks,Urban,1945-1964,D,1.0,0.0,90.0,4.0,2.0,4.0,,Cavity_Insulated,Solid,Pitched,Double,Yes,Gas,Gas Boiler - Combi,Electric - Direct,,,0.0,0.0,1.0,No,No,2989.0,15131.0,,,,,,,,Yes with additional measures,No,Yes,No,None - Installation not recommended,,,,,,,,,,,,,,,,,,,,,,,,,,,,,,,,,,,,,,,,,,,,,,,,House_Semi-Detached_2.0
OVO,EOH1777,PO9,,Working Full time (>30hrs),Clerical,"50,001+",2020-07-08T00:00:00.000Z,Owner-Occupied,,C1,3.0,20/01/2021,Retrofitworks,Suburban,1945-1964,,2.0,0.0,78.12,6.0,3.0,6.0,2.4,Solid_Insulated,Solid,Pitched,Double,Yes,Gas,Gas Boiler - Standard,,Water,130,0.0,0.0,0.0,No,No,,,6.19,89.0,16351.22,3650.0,1022.41,45.0,3.57,Yes with additional measures,No,Yes with additional measures,Yes with additional measures,ASHP,Heat Emitters,10099.04,1442.7,784.36,15.0,,Yes,12/03/2021,Northern Gas,ASHP,,Daikin,EDLQ07CV3,7.0,R410A,,Water_New,180.0,,1.0,0.0,7.0,0.0,,,No,0.0,0.0,0.0,No,No,0.0,0.0,,No,5564.44,1498.59,3459.82,1009.89,0.0,0.0,0.0,0.0,0.0,0.0,4.0,1.0,House_Mid-Terrace_2.0
Warmworks,EOH0525,KY11,34.0,Working Part time,Professional,"20,001 - 25,000",2020-10-31T00:00:00.000Z,Owner-Occupied,10.0,C1,3.0,24/05/2021,Warmworks,Suburban,1981-1990,D,2.0,1.0,106.69,5.0,3.0,5.0,2.38,Cavity_Insulated,Suspended,Pitched,Double,Yes,Gas,Gas Boiler - Standard,Electric - Direct,Water,Medium (131-170l),0.0,0.0,0.0,No,No,,,8.5,76.0,15220.0,3623.0,156.0,50.0,3.64,Yes,No,Yes,Yes,ASHP,,,,1016.0,14.0,,Yes,20/09/2021,TK Murray,ASHP,,Mitsubishi,PUZ-WM85VAA,8.5,R32,0.0,Water_New,200.0,,1.0,10.0,,0.0,,Low Noise Heat Pump,No,0.0,0.0,0.0,Yes,No,0.0,0.0,,No,8575.74,3572.21,1610.23,2705.76,,,,,,,2.0,0.0,House_Detached_1.0
E.ON,EOH2403,NE20,62.0,Working Full time (>30hrs),Manager,"30,001 - 40,000",2021-01-15T00:00:00.000Z,Owner-Occupied,29.0,C1,5.0,26/02/2021,Phoenix,Urban,1930 - 1949,,1.0,0.0,69.0,4.0,2.0,7.0,2.5,Cavity_Insulated,Mix,Pitched,Double,Yes,Gas,Gas Boiler - Combi,,,,0.0,0.0,1.0,No,No,1300.0,9000.0,6.29,91.17,15244.0,2636.0,0.0,53.0,2.99,No,No,No,Yes,Hybrid,None Required,10245.07,,958.0,14.0,4.0,Yes,16/04/2021,Phoenix,Hybrid,Separate_New Boiler,Daikin,EHY2KOMB28AA,4.0,R32,,,,,1.0,6.0,0.0,0.0,none,none,No,0.0,0.0,0.0,No,No,0.0,0.0,,no,5739.8,,,2870.0,0.0,0.0,0.0,0.0,0.0,0.0,3.0,0.0,House_Mid-Terrace_2.0
OVO,EOH0956,PO22,53.0,Working Full time (>30hrs),Manager,"50,001+",2020-11-21T00:00:00.000Z,Owner-Occupied,,AB,3.0,26/03/2021,Retrofitworks,Suburban,1965-1980,,1.0,,53.5,3.0,2.0,3.0,2.33,Cavity_No_insulation,Solid,,Double,No,Electricity,Electric - Storage,,Water,120,0.0,0.0,0.0,No,Yes,,,,,,,,,,,,,,None - Installation not recommended,,,,,,,,,,,,,,,,,,,,,,,,,,,,,,,,,,,,,,,,,,,,,,,,Flat_Detached_1.0
Warmworks,EOH1803,EH5,49.0,Stay at home parent,Unemployed/Benefits,"50,001+",2020-10-30T00:00:00.000Z,Owner-Occupied,16.0,DE,4.0,15/12/2020,Warmworks,Urban,Pre 1919,D,2.0,2.0,200.7,6.0,4.0,6.0,2.87,Cavity_No_insulation,Suspended,Pitched,Double,Yes,Gas,Gas Boiler - Standard,Fire - Wood,Water,Large (> 170l),8.0,0.0,0.0,No,No,7838.0,38677.0,,,,,,,,Yes,Yes,Yes,Yes,None - Installation not recommended,,,,,,,,,,,,,,,,,,,,,,,,,,,,,,,,,,,,,,,,,,,,,,,,House_Detached_2.0
OVO,EOH3040,TN32,41.0,Working Full time (>30hrs),Manager,"30,001 - 40,000",2021-02-10T00:00:00.000Z,Owner-Occupied,,C1,3.0,01/03/2021,Retrofitworks,Suburban,1965-1980,,2.0,2.0,118.0,7.0,3.0,3.0,2.4,Cavity_Insulated,Suspended,Pitched,Double,No,Electricity,Electric - Warm air,,Water,150,0.0,0.0,0.0,No,No,,,8.15,69.06,18853.0,2236.0,85.0,45.0,3.79,Yes,No,Yes,Yes,ASHP,,16195.65,0.0,1102.0,15.0,,Yes,15/03/2021,OHM Energy,ASHP,,Mitsubishi,PUZ-WM112VAA,11.2,R32,,Water_New,250.0,,1.0,0.0,0.0,0.0,,Low Noise Heat Pump,No,0.0,0.0,0.0,No,No,0.0,0.0,,No,8594.8,2500.0,4100.0,0.0,0.0,0.0,0.0,0.0,0.0,0.0,5.0,0.0,House_Detached_2.0
OVO,EOH0653,KT18,75.0,Retired,Pensioner,Prefer not to say,2021-06-09T00:00:00.000Z,Rented (Social),8.0,C2,1.0,14/03/2021,Retrofitworks,Urban,1991-2000,C,1.0,0.0,48.0,2.0,1.0,3.0,2.38,Cavity_Insulated,Suspended,Pitched,Double,No,Electricity,Electric - Storage,Electric - Storage,Water,100,0.0,0.0,0.0,Yes - Borehole,Yes,,,2.59,36.0,5377.0,1798.0,0.0,,,No,Yes with additional measures,No,No,GSHP,Heat Emitters,15920.96,3887.25,320.96,17.0,,Yes,24/07/2021,Kensa,GSHP,Shared_Groundloop,Kensa,S6-P0K,3.0,R134a,,PCM_New,,10.5,1.0,0.0,5.0,0.0,,,No,0.0,0.0,0.0,No,No,0.0,0.0,,No,2907.89,1982.51,8530.78,3887.25,0.0,0.0,0.0,0.0,0.0,0.0,3.0,0.0,Flat_Flat_1.0
Warmworks,EOH3021,EH45,52.0,Working Full time (>30hrs),Clerical,Prefer not to say,2020-06-29T00:00:00.000Z,Owner-Occupied,11.0,C2,3.0,24/07/2020,Warmworks,Suburban,1991-2000,D,2.0,2.0,150.04,6.0,4.0,6.0,2.6,Cavity_Insulated,Solid,Pitched,Double,Yes,Gas,Gas Boiler - Standard,,Water,Large (> 170l),0.0,0.0,0.0,No,No,4026.0,9430.0,7.3,63.8,18551.0,6113.0,764.0,55.0,3.63,Yes,No,Yes,Yes,ASHP,,,,1328.0,14.0,3.0,Yes,09/12/2020,BRB Electrical Ltd,HT_ASHP,,Vaillant,VWL 125/6 A 230V S2,12.0,R290,0.0,Water_New,200.0,,1.0,,14.0,0.0,,Low Noise Heat Pump,No,0.0,0.0,0.0,Yes,No,0.0,0.0,,No,11215.18,3572.21,1610.23,3788.06,,,,,,,3.0,0.0,House_Detached_2.0
OVO,EOH0381,RG31,61.0,Working Full time (>30hrs),Semi and unskilled manual worker,"30,001 - 40,000",2020-07-02T00:00:00.000Z,Owner-Occupied,24.0,DE,2.0,22/02/2021,Retrofitworks,Suburban,1965-1980,,2.0,0.0,116.0,7.0,4.0,7.0,,,,Pitched,Double,Yes,Gas,Gas Boiler - Standard,,,,0.0,0.0,0.0,No,No,,,,,,,,,,,,,,,,,,,,,No,,,,,,,,,,,,,,,,,,,,,,,,,,,,,,,,,,,,,,,,,House_Detached_2.0
E.ON,EOH0236,NE15,27.0,Working Full time (>30hrs),Professional,"16,201 - 20,000",2020-10-16T00:00:00.000Z,Owner-Occupied,1.0,C1,4.0,12/11/2020,Phoenix,Urban,1967 - 1975,D,2.0,1.0,61.0,3.0,2.0,5.0,2.3,Cavity_Insulated,Suspended,Pitched,Double,Yes,Gas,Gas Boiler - Combi,,,,0.0,0.0,0.0,No,No,2250.0,7700.0,4.55,84.87,11024.0,2674.0,0.0,55.0,2.96,No,No,No,Yes,Hybrid,None Required,9690.87,,547.0,14.3,3.8,Yes,15/01/2021,Phoenix,Hybrid,Separate_New Boiler,Daikin,EHY2KOMB28AA,4.0,R32,,,,,1.0,6.0,0.0,0.0,none,none,No,0.0,0.0,0.0,No,No,0.0,0.0,,no,5739.82,,,2315.87,0.0,0.0,0.0,0.0,0.0,0.0,2.0,,House_End-Terrace_2.0
Warmworks,EOH2901,EH24,49.0,Working Full time (>30hrs),Professional,"50,001+",2020-07-08T00:00:00.000Z,Owner-Occupied,3.5,AB,3.0,29/07/2020,Warmworks,Suburban,2001+,C,2.0,2.0,131.76,7.0,,7.0,2.6,Cavity_Insulated,Solid,Pitched,Double,Yes,Gas,Gas Boiler - Standard,,Water,Large (> 170l),0.0,0.0,0.0,No,No,,,,,,,,,,Yes,Yes,Yes,Yes,ASHP,,,,,,,No,,,,,,,,,,,,,,,,,,,,,,,,,,,,,,,,,,,,,,,,,House_Detached_2.0
E.ON,EOH2034,NE6,31.0,Working Full time (>30hrs),Professional,"50,001+",2020-12-07T00:00:00.000Z,Owner-Occupied,1.0,AB,3.0,22/12/2020,Phoenix,Urban,2007 - 2011,C,2.0,0.0,82.0,5.0,3.0,9.0,2.4,Cavity_Insulated,Solid,Pitched,Double,Yes,Gas,Gas Boiler - Combi,,,,0.0,0.0,0.0,No,No,,,3.821,46.59,7654.0,4002.0,181.0,45.0,3.57,Yes,No,Yes,Yes,ASHP,None Required,12105.96,,477.0,14.3,3.8,Yes,08/04/2021,Aaron Services,ASHP,,Daikin,EDLQ05CAV3,5.0,R410A,,Water_new,250.0,,1.0,11.0,0.0,0.0,none,none,No,0.0,0.0,0.0,No,No,0.0,0.0,,no,5335.24,1752.34,,3055.83,0.0,0.0,0.0,0.0,0.0,0.0,4.0,0.0,House_Detached_2.0
Warmworks,EOH3024,EH7,30.0,Working Full time (>30hrs),Professional,"40,001 - 50,000",2020-07-14T00:00:00.000Z,Owner-Occupied,1.5,C1,4.0,25/08/2020,Everwarm,Urban,2001+,C,2.0,0.0,86.7,3.0,2.0,3.0,2.425,Cavity_Insulated,Suspended,Another Dwelling Above,Double,Yes,Gas,Gas Boiler - Combi,,,,0.0,0.0,1.0,No,No,1644.0,14013.0,,,,,,,,Yes,No,Yes,No,None - Installation not recommended,,,,,,,,,,,,,,,,,,,,,,,,,,,,,,,,,,,,,,,,,,,,,,,,Flat_Flat_2.0
Warmworks,EOH1590,TD1,33.0,Unemployed,Semi and unskilled manual worker,"12,501 - 16,200",2021-02-17T00:00:00.000Z,Rented (Social),4.0,DE,1.0,23/02/2021,Warmworks,Suburban,1965-1980,E,2.0,0.0,52.48,2.0,1.0,2.0,2.6,Cavity_No_insulation,Solid,Another Dwelling Above,Double,,,Electric - Storage,,Water,Normal (90-130l),0.0,0.0,0.0,No,No,,,5.0,92.0,6157.0,4075.0,156.0,50.0,3.15,Yes,No,Yes,No,ASHP,,,,683.0,14.0,,Yes,21/04/2021,TK Murray,ASHP,,Vaillant,VWL 55/3 A 230V,5.0,R410A,0.0,Water_New,150.0,,1.0,6.0,,0.0,,Low Noise Heat Pump,No,0.0,0.0,0.0,,No,0.0,0.0,,No,7655.16,3508.27,1610.23,1623.45,,,,,,,2.0,0.0,Flat_Flat_1.0
Warmworks,EOH0705,EH14,56.0,Working Full time (>30hrs),Professional,"50,001+",2020-08-13T00:00:00.000Z,Owner-Occupied,20.0,C1,4.0,16/09/2020,Warmworks,Suburban,1965-1980,B,3.0,0.0,138.81,6.0,,6.0,2.3,Cavity_Insulated,Suspended,Pitched,Double,Yes,Gas,Gas Boiler - Combi,Fire - Wood,,,0.0,0.0,1.0,No,No,,,,,,,,,,Yes,No,Yes,No,ASHP,,,,,,,No,,,,,,,,,,,,,,,,,,,,,,,,,,,,,,,,,,,,,,,,,House_Semi-Detached_2.0
E.ON,EOH2839,NE13,28.0,Working Full time (>30hrs),Clerical,"50,001+",2021-01-29T00:00:00.000Z,Owner-Occupied,3.0,C1,2.0,15/02/2021,Phoenix,Urban,2012 onwards,B,2.0,0.0,79.0,5.0,3.0,9.0,2.3,Cavity_Insulated,Solid,Pitched,Double,Yes,Gas,Gas Boiler - Combi,,,,0.0,0.0,1.0,No,No,,,4.018,60.16,13155.0,3515.0,0.0,,,No,No,No,Yes,Hybrid,None Required,10060.85,0.0,671.0,14.3,3.8,No,,,,,,,,,,,,,,,,,,,,,,,,,,,,,,,,,,,,,,,,,House_Semi-Detached_2.0
OVO,EOH2527,SL9,46.0,Working Full time (>30hrs),Professional,"50,001+",2020-10-06T00:00:00.000Z,Owner-Occupied,13.0,C1,1.0,05/02/2021,Retrofitworks,Suburban,1991-2000,C,2.0,2.0,100.0,6.0,3.0,8.0,2.5,Cavity_No_insulation,Solid,Pitched,Double,Yes,Gas,Gas Boiler - Standard,,,,0.0,0.0,1.0,No,No,,,,,,,,,,,,,,,,,,,,,No,,,,,,,,,,,,,,,,,,,,,,,,,,,,,,,,,,,,,,,,,House_Mid-Terrace_2.0
Warmworks,EOH1710,KY8,63.0,Carer,Professional,Prefer not to say,2021-05-01T00:00:00.000Z,Owner-Occupied,33.0,C2,4.0,08/07/2021,Warmworks,Urban,Pre 1919,D,2.0,0.0,194.2,9.0,6.0,9.0,2.67,Cavity_No_insulation,Suspended,Pitched,Double,Yes,Gas,Gas Boiler - Combi,,,,0.0,0.0,0.0,No,No,4734.0,37718.0,,,,,,,,Yes,Yes,Yes,Yes,None - Installation not recommended,,,,,,,,,,,,,,,,,,,,,,,,,,,,,,,,,,,,,,,,,,,,,,,,House_Detached_2.0
Warmworks,EOH2722,EH32,38.0,Working Full time (>30hrs),Professional,"50,001+",2020-11-01T00:00:00.000Z,Owner-Occupied,10.0,C2,3.0,18/04/2021,Everwarm,Rural,1919-1944,D,2.0,3.0,162.85,6.0,4.0,6.0,2.47,Cavity_Insulated,Suspended,Pitched,Double,No,,Fire - Coal,,Water,Normal (90-130l),0.0,0.0,0.0,No,No,6205.0,,11.6,89.0,11570.0,4921.0,0.0,50.0,3.51,Yes,No,Yes,Yes,HT_ASHP,,,,1880.28,18.0,5.0,Yes,05/08/2021,Everwarm,ASHP,,Mitsubishi,PUZ-HWM140VHA,14.0,R32,0.0,Water_New,200.0,,1.0,13.0,,0.0,,Low Noise Heat Pump,No,0.0,0.0,0.0,No,No,0.0,0.0,,No,8575.73,3572.21,1610.23,3517.48,,,,,,,2.0,0.0,House_Mid-Terrace_3.0
OVO,EOH0631,MK15,68.0,Retired,Pensioner,Prefer not to say,2020-07-15T00:00:00.000Z,Owner-Occupied,33.0,DE,3.0,23/02/2021,Retrofitworks,Suburban,1981-1990,,2.0,0.0,123.96,7.0,4.0,7.0,2.5,Cavity_Insulated,Solid,Pitched,Double,Yes,Gas,Gas Boiler - Standard,,Water,200,0.0,0.0,0.0,No,No,,,,,,,,,,,No,,,,,,,,,,No,,,,,,,,,,,,,,,,,,,,,,,,,,,,,,,,,,,,,,,,,House_Detached_2.0
E.ON,EOH2801,NE4,48.0,Working Full time (>30hrs),Professional,"50,001+",2020-09-04T00:00:00.000Z,Owner-Occupied,19.0,AB,3.0,16/10/2020,Phoenix,Urban,1950 - 1966,,3.0,0.0,89.0,4.0,3.0,9.0,2.3,Cavity_Insulated,Solid,Pitched,Double,Yes,Gas,Gas Boiler - Combi,,,,0.0,0.0,1.0,No,No,2536.0,10403.0,,,,,,,,,,,,None - Installation not recommended,,,,,,,,,,,,,,,,,,,,,,,,,,,,,,,,,,,,,,,,,,,,,,,,House_Semi-Detached_2.0
Warmworks,EOH0464,EH10,49.0,Working Full time (>30hrs),Professional,"50,001+",2021-03-12T00:00:00.000Z,Owner-Occupied,10.0,AB,4.0,29/04/2021,Warmworks,Urban,1965-1980,C,2.0,2.0,105.1,6.0,4.0,6.0,2.29,Cavity_Insulated,Solid,Pitched,Double,Yes,Gas,Gas Boiler - Combi,,,,0.0,0.0,1.0,No,No,,,6.5,63.0,16040.0,4775.0,0.0,50.0,3.65,Yes,No,Yes,Yes,HT_ASHP,,,,1120.0,18.0,5.0,Yes,27/09/2021,Everwarm,HT_ASHP,,Vaillant,VWL 75/6 A 230V S2,7.0,R290,0.0,Water_New,200.0,,1.0,,12.0,0.0,,Low Noise Heat Pump,No,0.0,0.0,0.0,No,No,0.0,0.0,,No,11215.17,3572.21,1610.23,3246.91,,,,,,,3.0,0.0,House_Detached_2.0
E.ON,EOH1708,NE13,54.0,Working Full time (>30hrs),Skilled Manual Worker,"20,001 - 25,000",2020-11-12T00:00:00.000Z,Owner-Occupied,18.0,C2,2.0,11/01/2021,Phoenix,Urban,1950 - 1966,C,2.0,2.0,85.0,5.0,3.0,8.0,2.4,Cavity_Insulated,Solid,Pitched,Double,Yes,Gas,Gas Boiler - Combi,,,,0.0,0.0,1.0,No,No,3497.0,15521.0,4.404,51.81,10673.0,3311.0,0.0,55.0,2.96,No,No,No,Yes with additional measures,Hybrid,Loft Insulation,9875.86,300.0,559.0,14.3,3.8,Yes,19/02/2021,Phoenix,Hybrid,Separate_New Boiler,Daikin,EHY2KOMB28AA,4.0,R32,,,,,1.0,8.0,0.0,0.0,none,none,No,0.0,0.0,0.0,No,Yes,0.0,0.0,,no,5739.82,,,2500.86,0.0,500.0,0.0,0.0,0.0,0.0,2.5,0.5,House_Semi-Detached_2.0
Warmworks,EOH2842,EH52,38.0,Working Full time (>30hrs),Supervisor,"50,001+",2020-07-06T00:00:00.000Z,Owner-Occupied,5.0,C1,3.0,05/08/2020,Warmworks,Suburban,2001+,C,2.0,2.0,127.01,6.0,4.0,6.0,2.6,Cavity_Insulated,Solid,Pitched,Double,Yes,Gas,Gas Boiler - Standard,,Water,Medium (131-170l),0.0,0.0,1.0,No,No,4122.0,16535.0,9.2,100.0,24908.0,3821.0,0.0,,,Yes,No,Yes,Yes,None - Installation not recommended,,,,1234.28,16.23,3.47,,,,,,,,,,,,,,,,,,,,,,,,,,,,,,,,,,,,,,,,,,House_Detached_2.0
OVO,EOH2698,SL6,41.0,Working Full time (>30hrs),Professional,Prefer not to say,2020-08-13T00:00:00.000Z,Owner-Occupied,8.0,AB,4.0,05/02/2021,,Suburban,1945-1964,,2.0,0.0,63.0,4.0,2.0,4.0,2.4,Cavity_Insulated,Solid,Pitched,Double,Yes,Gas,Gas Boiler - Standard,,Water,90,0.0,0.0,0.0,No,No,,,,,,,,,,No,No,No,No,None - Installation not recommended,,,,,,,,,,,,,,,,,,,,,,,,,,,,,,,,,,,,,,,,,,,,,,,,Maisonette_Semi-Detached_1.0
OVO,EOH0642,BN8,65.0,Retired,Pensioner,"40,001 - 50,000",2020-10-31T00:00:00.000Z,Owner-Occupied,3.0,DE,4.0,16/02/2021,Retrofitworks,Rural,1981-1990,,2.0,0.0,66.35,4.0,2.0,7.0,2.1,Cavity_Insulated,Solid,Pitched,Double,No,Oil,Oil Boiler,Fire - Wood,Water,100,1.0,0.0,0.0,No,No,,,7.33,102.46,18847.0,3872.0,108.0,50.0,3.64,Yes,No,Yes,Yes,ASHP,,13823.65,0.0,1203.0,15.0,,Yes,26/04/2021,A Greener Alternative,ASHP,,Mitsubishi,PUZ-WM85VAA,8.5,R32,,Water_New,210.0,,1.0,0.0,0.0,0.0,,Low Noise Heat Pump,No,0.0,0.0,0.0,No,No,0.0,0.0,,No,5659.95,2290.07,3600.0,0.0,0.0,0.0,0.0,0.0,0.0,0.0,4.0,0.0,House_Detached_2.0
Warmworks,EOH2754,EH38,35.0,Working Full time (>30hrs),Manager,"12,501 - 16,200",2020-12-16T00:00:00.000Z,Owner-Occupied,1.0,C1,3.0,10/01/2021,Warmworks,Urban,1919-1944,D,,,74.91,4.0,2.0,4.0,2.56,Cavity_Insulated,Suspended,Pitched,Double,,,Fire - Coal,Fire - Coal,Water,Normal (90-130l),0.0,0.0,0.0,No,No,,,8.5,85.0,10573.0,3057.0,156.0,50.0,3.65,Yes,No,Yes,Yes,ASHP,,,,767.0,14.0,,Yes,16/02/2021,TK Murray,HT_ASHP,,Vaillant,VWL 75/6 A 230V S2,7.0,R290,0.0,Water_New,150.0,,1.0,8.0,,0.0,,Low Noise Heat Pump,No,0.0,0.0,0.0,,No,0.0,0.0,,No,11215.18,3508.27,1610.23,2164.61,,,,,,,1.0,0.0,House_End-Terrace_1.0
Warmworks,EOH2984,EH14,66.0,Retired,Pensioner,Prefer not to say,2020-09-16T00:00:00.000Z,Owner-Occupied,9.0,C1,2.0,24/05/2021,Warmworks,Suburban,1965-1980,E,2.0,0.0,199.55,6.0,4.0,6.0,2.6,Cavity_Insulated,Suspended,Pitched,Double,Yes,Gas,Gas Boiler - Standard,,Water,Normal (90-130l),0.0,0.0,1.0,No,No,,,,,,,,,,Yes,No,Yes,Yes,HT_ASHP,,,,,,,No,,,,,,,,,,,,,,,,,,,,,,,,,,,,,,,,,,,,,,,,,House_Detached_2.0
OVO,EOH1496,ME3,37.0,Working Full time (>30hrs),Professional,"40,001 - 50,000",2020-07-13T00:00:00.000Z,Owner-Occupied,1.0,C2,4.0,29/01/2021,,Suburban,1991-2000,,2.0,3.0,125.0,7.0,4.0,7.0,2.2,Cavity_Insulated,Suspended,Pitched,Double,Yes,Gas,Gas Boiler - Standard,,Water,150,0.0,0.0,1.0,No,No,,,,,,,,,,,,,,None - Installation not recommended,,,,,,,,,,,,,,,,,,,,,,,,,,,,,,,,,,,,,,,,,,,,,,,,House_Detached_2.0
E.ON,EOH2350,NE12,44.0,Working Full time (>30hrs),Professional,"30,001 - 40,000",2021-01-08T00:00:00.000Z,Owner-Occupied,7.0,C1,3.0,25/01/2021,Phoenix,Urban,2003 - 2006,D,2.0,2.0,66.0,5.0,3.0,8.0,2.4,Cavity_Insulated,Solid,Pitched,Double,Yes,Gas,Gas Boiler - Combi,Fire - Electric,,,0.0,0.0,1.0,No,No,7168.0,7209.0,4.402,66.7,8830.0,3311.0,0.0,55.0,2.96,No,No,No,Yes with additional measures,Hybrid,Loft Insulation,,500.0,577.0,14.3,3.8,Yes,02/06/2021,Phoenix,Hybrid,Separate_New Boiler,Daikin,EHY2KOMB28AA,4.0,R32,,,,,1.0,8.0,0.0,0.0,none,none,No,0.0,0.0,0.0,No,Yes,0.0,0.0,,no,5739.82,,,2501.0,0.0,500.0,0.0,0.0,0.0,0.0,2.0,0.5,House_Semi-Detached_2.0
Warmworks,EOH2118,ML12,38.0,Working Full time (>30hrs),Manager,"50,001+",2020-06-30T00:00:00.000Z,Owner-Occupied,17.0,C1,2.0,11/08/2020,Warmworks,Suburban,1919-1944,E,3.0,3.0,182.3,9.0,5.0,9.0,2.58,Solid_No_insulation,Solid,Pitched,Double,Yes,Gas,Gas Boiler - Combi,Electric - Direct,,,0.0,0.0,0.0,No,No,,,,,,,,,,No,No,Yes,Yes,Hybrid,,,,,,,No,,,,,,,,,,,,,,,,,,,,,,,,,,,,,,,,,,,,,,,,,House_Detached_2.0
OVO,EOH0934,GU14,37.0,Working Full time (>30hrs),Professional,"50,001+",2020-08-21T00:00:00.000Z,Owner-Occupied,,AB,3.0,30/10/2020,Retrofitworks,Suburban,1945-1964,,2.0,3.0,134.87,6.0,3.0,6.0,2.41,Cavity_Insulated,Solid,Pitched,Double,Yes,Gas,Gas Boiler - Standard,,Water,140,0.0,0.0,1.0,Yes - Borehole,No,3741.0,12590.0,7.28,54.1,23665.53,4745.0,1839.15,45.0,3.42,Yes,No,Yes,No,ASHP,,11994.0,,1369.28,14.0,,Yes,18/01/2021,Northern Gas,ASHP,,Daikin,EDLQ011CV3,11.0,R410A,,Water_New,250.0,,1.0,0.0,5.0,0.0,,,No,0.0,0.0,0.0,No,No,0.0,0.0,,No,5860.33,2588.59,3639.69,1171.8,0.0,0.0,0.0,0.0,0.0,0.0,3.0,2.0,House_Semi-Detached_2.0
E.ON,EOH0837,NE3,33.0,Working Full time (>30hrs),Professional,"50,001+",2021-01-25T00:00:00.000Z,Owner-Occupied,5.0,AB,4.0,08/02/2021,Phoenix,Urban,1950 - 1966,C,2.0,2.0,99.0,5.0,3.0,8.0,2.6,Cavity_Insulated,Suspended,Pitched,Double,Yes,Gas,Gas Boiler - Combi,Fire - Gas,,,0.0,1.0,0.0,No,No,4760.0,17000.0,7.18,72.54,14382.5,5153.0,759.0,50.0,3.2,Yes with additional measures,No,No,Yes,ASHP,Loft Insulation,13134.93,500.0,1023.0,14.3,3.8,Yes,14/05/2021,Aaron Services,ASHP,,Daikin,EDLQ011CAV3,11.0,R410A,,Water_new,250.0,,1.0,12.0,0.0,0.0,none,none,No,0.0,1.0,0.0,No,Yes,0.0,0.0,,no,6364.21,1752.0,,3240.82,0.0,500.0,0.0,0.0,0.0,0.0,2.0,0.5,House_Semi-Detached_2.0
E.ON,EOH1382,NE13,42.0,Working Full time (>30hrs),Professional,"50,001+",2020-10-22T00:00:00.000Z,Owner-Occupied,1.0,AB,3.0,03/11/2020,Phoenix,Urban,1930 - 1949,D,2.0,2.0,194.0,7.0,4.0,10.0,2.6,Cavity_Insulated,Suspended,Pitched,Double,Yes,Gas,Gas Boiler - Standard,Fire - Gas,Water,110,0.0,1.0,1.0,Yes - Ground Loop,Yes,,,11.999,67.39,29044.0,5594.0,818.0,,,No,No,Yes,Yes,HT_ASHP,None Required,17436.96,0.0,2391.0,14.3,3.8,No,,,,,,,,,,,,,,,,,,,,,,,,,,,,,,,,,,,,,,,,,House_Detached_3.0
Warmworks,EOH1244,EH4,50.0,Working Full time (>30hrs),Professional,Prefer not to say,2021-04-08T00:00:00.000Z,Owner-Occupied,0.1,AB,2.0,02/06/2021,Warmworks,Urban,1919-1944,D,3.0,0.0,82.12,5.0,3.0,5.0,2.86,Cavity_Insulated,Suspended,Pitched,Double,Yes,Gas,Gas Boiler - Combi,,,,0.0,0.0,1.0,No,No,,,,,,,,,,Yes,No,Yes,Yes,HT_ASHP,,,,,,,No,,,,,,,,,,,,,,,,,,,,,,,,,,,,,,,,,,,,,,,,,House_Semi-Detached_1.0
OVO,EOH0385,MK16,34.0,Working Full time (>30hrs),Professional,Prefer not to say,2020-10-07T00:00:00.000Z,Owner-Occupied,1.0,C1,4.0,17/03/2021,Retrofitworks,Suburban,1965-1980,,2.0,3.0,102.4,6.0,3.0,6.0,2.4,Cavity_No_insulation,Solid,Pitched,Double,Yes,Gas,Gas Boiler - Combi,,,,0.0,0.0,0.0,No,No,,,,,,,,,,,,,,None - Installation not recommended,,,,,,,,,,,,,,,,,,,,,,,,,,,,,,,,,,,,,,,,,,,,,,,,House_Semi-Detached_2.0
E.ON,EOH2477,NE3,43.0,Working Full time (>30hrs),Professional,Prefer not to say,2020-08-10T00:00:00.000Z,Owner-Occupied,6.0,AB,3.0,26/08/2020,Phoenix,Unknown,1983 - 1990,C,2.0,2.0,167.0,8.0,4.0,8.0,2.3,Cavity_Insulated,Solid,Pitched,Double,Yes,Gas,Gas Boiler - Combi,Fire - Gas,,,0.0,0.0,1.0,No,No,,,,,,,,,,No,No,No,No,None - Installation not recommended,,,,,,,,,,,,,,,,,,,,,,,,,,,,,,,,,,,,,,,,,,,,,,,,House_Detached_2.0
Warmworks,EOH1728,EH5,50.0,Working Part time,Professional,Prefer not to say,2021-04-01T00:00:00.000Z,Owner-Occupied,17.0,C2,2.0,25/04/2021,Warmworks,Urban,1919-1944,C,2.0,2.0,101.06,4.0,3.0,4.0,2.65,Cavity_Insulated,Solid,Pitched,Triple,Yes,Gas,Gas Boiler - Combi,,,,0.0,0.0,1.0,No,No,3014.0,6346.0,,,,,,,,Yes,No,Yes,Yes,None - Installation not recommended,,,,,,,,,,,,,,,,,,,,,,,,,,,,,,,,,,,,,,,,,,,,,,,,Maisonette_Semi-Detached_2.0
Warmworks,EOH3014,EH33,61.0,Working Part time,Casual worker,"25,001 - 30,000",2020-09-13T00:00:00.000Z,Owner-Occupied,5.0,C2,3.0,08/10/2020,Warmworks,Rural,Pre 1919,F,2.0,0.0,54.44,4.0,2.0,4.0,,Cavity_No_insulation,Suspended,Pitched,Double,No,,Electric - Direct,Fire - Wood,Water,Normal (90-130l),0.0,0.0,0.0,No,No,7673.0,,4.9,101.4,12343.0,2865.0,0.0,50.0,3.41,No,No,Yes,No,HT_ASHP,,,,760.54,15.0,5.0,Yes,24/02/2021,Everwarm,HT_ASHP,,Vaillant,VWL 55/6 A 230V S2,5.0,R290,0.0,Water_New,150.0,,1.0,,6.0,0.0,,Low Noise Heat Pump,No,0.0,0.0,0.0,No,No,0.0,0.0,,No,11215.18,3508.27,1610.23,1623.46,,,,,,,3.0,0.0,House_Mid-Terrace_1.0
Warmworks,EOH1544,TD7,51.0,Working Full time (>30hrs),Skilled Manual Worker,"50,001+",2020-07-03T00:00:00.000Z,Owner-Occupied,19.0,C2,4.0,14/04/2021,Warmworks,Rural,1965-1980,E,2.0,1.0,132.5,6.0,3.0,6.0,2.46,Cavity_Insulated,Suspended,Pitched,Double,,Oil,Oil Boiler,Fire - Wood,Water,Normal (90-130l),0.0,0.0,0.0,No,No,8422.0,,11.2,94.0,22749.0,4075.0,0.0,50.0,3.92,Yes,No,Yes,No,HT_ASHP,,,,1207.0,14.0,,Yes,04/08/2021,TK Murray,HT_ASHP,,Vaillant,VWL 125/6 A 230V S2,12.0,R290,0.0,Water_New,200.0,,1.0,,14.0,0.0,,Low Noise Heat Pump,No,0.0,0.0,0.0,,No,0.0,0.0,,No,17943.14,3572.21,1610.23,3788.06,,,,,,,2.0,0.0,House_Detached_2.0
E.ON,EOH0669,NE23,48.0,Working Full time (>30hrs),Manager,"50,001+",2021-06-10T00:00:00.000Z,Owner-Occupied,10.0,AB,3.0,04/07/2021,E.ON,Urban,1983 - 1990,,2.0,2.0,129.0,7.0,4.0,11.0,2.4,Cavity_Insulated,Suspended,Pitched,Double,Yes,Gas,Gas Boiler - Combi,,,,0.0,0.0,1.0,No,No,,,7.32,60.0,17743.5,5594.0,818.0,49.0,3.24,Yes,No,Yes,Yes,ASHP,None Required,14244.11,,1183.0,14.3,3.8,Yes,06/09/2021,Phoenix,ASHP,,Daikin,EDLQ011CAV3,11.0,R410A,,Water_new,250.0,,1.0,16.0,0.0,0.0,,,No,0.0,1.0,0.0,Yes,Yes,0.0,0.0,,no,6364.21,1752.34,,4349.99,,500.0,0.0,0.0,0.0,0.0,3.0,,House_Detached_2.0
Warmworks,EOH2268,EH25,41.0,Working Full time (>30hrs),Manager,Prefer not to say,2021-04-06T00:00:00.000Z,Owner-Occupied,5.0,C1,1.0,01/06/2021,Warmworks,Urban,2001+,C,3.0,1.0,148.82,7.0,4.0,7.0,2.33,Cavity_Insulated,Suspended,Pitched,Double,Yes,Gas,Gas Boiler - Standard,,Water,Large (> 170l),0.0,0.0,1.0,No,No,,,,,,,,,,Yes,No,Yes,Yes,ASHP,,,,,,,No,,,,,,,,,,,,,,,,,,,,,,,,,,,,,,,,,,,,,,,,,House_Detached_2.0
OVO,EOH2574,TN4,67.0,Retired,Pensioner,"25,001 - 30,000",2020-07-02T00:00:00.000Z,Owner-Occupied,10.0,DE,3.0,30/11/2020,Retrofitworks,Urban,1981-1990,,1.0,0.0,54.0,2.0,1.0,2.0,2.36,Cavity_No_insulation,Suspended,Flat,Double,Yes,Gas,Gas Boiler - Combi,,,,0.0,0.0,1.0,No,No,1440.0,8900.0,,,,,,,,,,,,None - Installation not recommended,,,,,,,,,,,,,,,,,,,,,,,,,,,,,,,,,,,,,,,,,,,,,,,,Flat_Flat_1.0
OVO,EOH1271,RG45,44.0,Working Full time (>30hrs),Manager,"50,001+",2020-07-31T00:00:00.000Z,Owner-Occupied,10.0,C1,4.0,08/02/2021,Retrofitworks,Urban,1919-1944,,2.0,1.0,104.54,8.0,3.0,8.0,2.4,Cavity_Insulated,Solid,Pitched,Double,Yes,Gas,Gas Boiler - Standard,,Water,130,1.0,0.0,1.0,No,No,,,,,,,,,,No,No,No,No,None - Installation not recommended,,,,,,,,,,,,,,,,,,,,,,,,,,,,,,,,,,,,,,,,,,,,,,,,House_Semi-Detached_2.0
E.ON,EOH0822,NE3,44.0,Working Full time (>30hrs),Professional,"40,001 - 50,000",2021-01-12T00:00:00.000Z,Owner-Occupied,0.9,AB,2.0,28/01/2021,Phoenix,Urban,1950 - 1966,D,2.0,0.0,70.0,4.0,2.0,6.0,2.4,Cavity_Insulated,Solid,Pitched,Double,Yes,Gas,Gas Boiler - Combi,Fire - Electric,,,0.0,0.0,0.0,No,No,,,4.841,69.16,11727.8,3356.0,491.0,49.0,3.39,Yes with additional measures,No,Yes,Yes,ASHP,Barrier,11628.14,300.0,728.0,14.3,3.8,Yes,23/04/2021,Aaron Services,ASHP,,Daikin,EDLQ07CAV7,7.0,R410A,,Water_new,150.0,,1.0,7.0,0.0,0.0,none,enclosure,No,0.0,0.0,0.0,No,No,0.0,0.0,,no,5648.0,1701.0,,2315.87,0.0,0.0,0.0,0.0,0.0,0.0,3.0,0.0,House_Semi-Detached_1.0
OVO,EOH0470,GU2,39.0,Working Full time (>30hrs),Professional,"50,001+",2020-08-24T00:00:00.000Z,Owner-Occupied,7.0,AB,4.0,16/10/2020,Retrofitworks,Suburban,Pre 1919,F,2.0,2.0,126.63,5.0,3.0,5.0,2.46,Solid_No_insulation,Suspended,Pitched,Double,Yes,Gas,Gas Boiler - Combi,Fire - Wood,,,0.0,0.0,1.0,Yes - Borehole,Yes,2384.0,,10.8,101.41,25692.0,4745.0,1811.07,50.0,3.66,Yes with additional measures,No,Yes,Yes,ASHP,Heat Emitters,12779.0,1272.0,1861.14,14.0,,Yes,01/06/2021,Elite Renewables,ASHP,,Mitsubishi,PUZ-WM112VAA,11.2,R32,,Water_New,200.0,,1.0,0.0,0.0,0.0,,Low Noise Heat Pump,No,0.0,0.0,0.0,No,No,0.0,0.0,,No,6388.43,1051.73,5162.16,0.0,0.0,0.0,0.0,0.0,0.0,0.0,4.0,0.0,House_Detached_3.0
E.ON,EOH1521,NE3,75.0,Retired,Pensioner,"12,501 - 16,200",2021-04-26T00:00:00.000Z,Owner-Occupied,8.0,DE,4.0,05/05/2021,Phoenix,Urban,1967 - 1975,D,1.0,0.0,57.0,3.0,2.0,6.0,2.3,Cavity_Insulated,Suspended,Pitched,Double,Yes,Gas,Gas Boiler - Combi,Fire - Gas,,,0.0,1.0,1.0,No,No,,,4.116,72.21,9960.2,3356.0,491.0,49.0,3.46,Yes,No,Yes,Yes,ASHP,None Required,10060.85,,575.0,14.3,3.8,Yes,29/06/2021,Aaron services,ASHP,,Daikin,EDLQ05CAV3,5.0,R410A,,Water_new,150.0,,1.0,5.0,0.0,0.0,none,barrier,No,0.0,0.0,0.0,No,No,0.0,0.0,,no,5335.0,1701.0,,1945.0,0.0,0.0,0.0,0.0,0.0,0.0,2.0,0.0,House_Semi-Detached_1.0
OVO,EOH0020,HP5,48.0,Working Part time,Professional,"20,001 - 25,000",2020-07-02T00:00:00.000Z,Owner-Occupied,1.0,C2,1.0,01/02/2021,Retrofitworks,Suburban,1965-1980,,1.0,1.0,87.07,5.0,3.0,7.0,2.4,Cavity_Insulated,Solid,Pitched,Double,Yes,Gas,Gas Boiler - Combi,,,,0.0,0.0,0.0,No,No,,,,,,,,,,,,,,,,,,,,,No,,,,,,,,,,,,,,,,,,,,,,,,,,,,,,,,,,,,,,,,,House_End-Terrace_2.0
Warmworks,EOH3133,TD5,73.0,Retired,Pensioner,"0 - 12,500",2020-12-11T00:00:00.000Z,Rented (Social),5.0,DE,2.0,12/01/2021,Warmworks,Suburban,1945-1964,C,2.0,0.0,68.97,3.0,2.0,3.0,2.3,Cavity_No_insulation,Suspended,Another Dwelling Above,Double,Yes,Gas,Gas Boiler - Combi,,,,0.0,0.0,0.0,No,No,,,,,,,,,,Yes,No,Yes,Yes,ASHP,,,,,,,No,,,,,,,,,,,,,,,,,,,,,,,,,,,,,,,,,,,,,,,,,Flat_Flat_1.0
E.ON,EOH2231,NE7,50.0,Working Full time (>30hrs),Manager,"50,001+",2020-12-11T00:00:00.000Z,Owner-Occupied,11.0,AB,4.0,05/01/2021,Phoenix,Urban,1930 - 1949,D,2.0,2.0,96.0,5.0,3.0,9.0,2.4,Cavity_Insulated,Solid,Pitched,Double,Yes,Gas,Gas Boiler - Combi,Fire - Wood,,,0.0,0.0,0.0,No,No,,,,,,,,,,Yes,No,Yes,Yes,ASHP,,,,,,,No,,,,,,,,,,,,,,,,,,,,,,,,,,,,,,,,,,,,,,,,,House_Semi-Detached_2.0
OVO,EOH2875,GU10,50.0,Working Full time (>30hrs),Professional,"50,001+",2020-10-10T00:00:00.000Z,Owner-Occupied,3.0,AB,4.0,22/12/2020,,Rural,1965-1980,,2.0,2.0,132.0,10.0,4.0,14.0,,,,Pitched,Double,Yes,Gas,Gas Boiler - Standard,,,,1.0,0.0,1.0,No,No,,,,,,,,,,,,,,None - Installation not recommended,,,,,,,,,,,,,,,,,,,,,,,,,,,,,,,,,,,,,,,,,,,,,,,,House_Detached_2.0
OVO,EOH0608,SO30,63.0,Retired,Pensioner,"30,001 - 40,000",2020-11-27T00:00:00.000Z,Owner-Occupied,27.0,DE,1.0,08/03/2021,Retrofitworks,Suburban,1965-1980,,2.0,0.0,91.12,5.0,3.0,5.0,2.35,Cavity_Insulated,Solid,Pitched,Double,Yes,Gas,Gas Boiler - Standard,,Water,120,0.0,0.0,0.0,No,No,,,,,,,,,,,,,,None - Installation not recommended,,,,,,,,,,,,,,,,,,,,,,,,,,,,,,,,,,,,,,,,,,,,,,,,House_Detached_2.0
E.ON,EOH1850,NE3,38.0,Working Full time (>30hrs),Professional,"50,001+",2020-11-25T00:00:00.000Z,Owner-Occupied,3.0,AB,3.0,15/12/2020,Phoenix,Urban,1930 - 1949,D,2.0,1.0,144.0,6.0,4.0,9.0,2.4,Cavity_Insulated,Solid,Pitched,Double,Yes,Gas,Gas Boiler - Combi,Fire - Gas,,,0.0,1.0,1.0,No,No,3977.0,17274.0,,,,,,,,No,No,No,Yes,Hybrid,,,,,,,No,,,,,,,,,,,,,,,,,,,,,,,,,,,,,,,,,,,,,,,,,House_Semi-Detached_3.0
OVO,EOH2563,GU9,40.0,Working Full time (>30hrs),Professional,Prefer not to say,2021-02-01T00:00:00.000Z,Owner-Occupied,2.0,C1,4.0,20/04/2021,Retrofitworks,Suburban,Pre 1919,,2.0,2.0,129.6,9.0,3.0,9.0,2.4,Cavity_No_insulation,Suspended,Pitched,Double,Yes,Gas,Gas Boiler - Combi,,,,0.0,0.0,0.0,No,No,,,,,,,,,,,,,,None - Installation not recommended,,,,,,,,,,,,,,,,,,,,,,,,,,,,,,,,,,,,,,,,,,,,,,,,House_Semi-Detached_2.0
Warmworks,EOH1021,EH17,37.0,Working Full time (>30hrs),Professional,"30,001 - 40,000",2020-06-30T00:00:00.000Z,Owner-Occupied,6.0,C1,2.0,17/07/2020,Warmworks,Suburban,1981-1990,C,2.0,1.0,64.34,5.0,2.0,5.0,2.4,Cavity_No_insulation,Solid,Pitched,Double,Yes,Gas,Gas Boiler - Combi,,,,0.0,0.0,1.0,No,No,2785.0,9272.0,,,,,,,,Yes,No,Yes,Yes,ASHP,,,,,,,No,,,,,,,,,,,,,,,,,,,,,,,,,,,,,,,,,,,,,,,,,House_End-Terrace_2.0
Warmworks,EOH2325,EH12,39.0,Stay at home parent,Clerical,"40,001 - 50,000",2020-08-30T00:00:00.000Z,Owner-Occupied,3.0,C1,3.0,16/09/2020,Warmworks,Urban,2001+,C,2.0,1.0,178.41,7.0,4.0,7.0,2.4,Cavity_Insulated,Solid,Pitched,Double,Yes,Gas,Gas Boiler - Combi,,,,0.0,0.0,1.0,No,No,,,8.2,45.3,21995.0,4495.0,156.0,45.0,3.91,Yes,No,Yes,No,ASHP,,,,1169.0,16.36,,Yes,10/02/2021,mcinnesplumbing,HT_ASHP,,Vaillant,VWL 75/6 A 230V S2,7.0,R290,0.0,Water_New,200.0,,1.0,,12.0,0.0,,Low Noise Heat Pump,No,0.0,0.0,0.0,No,No,0.0,0.0,,No,11215.18,3572.21,1610.23,3246.91,,,,,,,2.0,0.0,House_Mid-Terrace_3.0
E.ON,EOH1547,NE6,42.0,Working Full time (>30hrs),Manager,"50,001+",2020-07-14T00:00:00.000Z,Owner-Occupied,8.0,AB,4.0,06/08/2020,E.ON,Urban,1950 - 1966,,2.0,1.0,96.0,4.0,3.0,10.0,2.4,Cavity_No_insulation,Suspended,Pitched,Double,Yes,Gas,Gas Boiler - Combi,Fire - Gas,,,0.0,1.0,1.0,No,No,6339.0,17788.0,,,,,,,,Yes,No,No,No,ASHP,,,,,,,No,,,,,,,,,,,,,,,,,,,,,,,,,,,,,,,,,,,,,,,,,House_Semi-Detached_2.0
Warmworks,EOH2493,EH10,56.0,Working Full time (>30hrs),Manager,"40,001 - 50,000",2020-07-19T00:00:00.000Z,Owner-Occupied,21.0,C1,2.0,19/08/2020,Warmworks,Suburban,1965-1980,D,4.0,0.0,100.53,7.0,4.0,7.0,2.4,Cavity_No_insulation,Suspended,Pitched,Double,Yes,Gas,Gas Boiler - Combi,,,,1.0,0.0,1.0,No,No,2900.0,12000.0,,,,,,,,No,No,Yes with additional measures,Yes with additional measures,None - Installation not recommended,,,,,,,No,,,,,,,,,,,,,,,,,,,,,,,,,,,,,,,,,,,,,,,,,House_Semi-Detached_2.0
OVO,EOH1375,PO9,35.0,Working Full time (>30hrs),Professional,"40,001 - 50,000",2020-07-01T00:00:00.000Z,Owner-Occupied,4.0,C1,3.0,10/07/2020,Retrofitworks,Suburban,2001+,,2.0,3.0,,6.0,3.0,8.0,,Cavity_Insulated,Solid,Pitched,Double,Yes,Gas,Gas Boiler - Combi,,,,0.0,0.0,1.0,No,No,,,,,,,,,,,,,,None - Installation not recommended,,,,,,,,,,,,,,,,,,,,,,,,,,,,,,,,,,,,,,,,,,,,,,,,House_Mid-Terrace_3.0
Warmworks,EOH1884,G44,45.0,Working Full time (>30hrs),Manager,"50,001+",2021-03-14T00:00:00.000Z,Owner-Occupied,4.0,C1,5.0,23/03/2021,Warmworks,Suburban,1945-1964,C,,2.0,251.43,7.0,4.0,7.0,2.74,Cavity_Insulated,Suspended,Pitched,Double,Yes,Gas,Gas Boiler - Combi,Fire - Wood,,,2.0,0.0,0.0,No,No,,,,,,,,50.0,3.92,Yes,No,Yes,Yes,ASHP,,,,,,,Yes,18/08/2021,Everwarm,Hybrid,Separate_Existing Boiler,Vaillant,VWL 125/6 A 230V S2,12.0,R290,0.0,Water_New,100.0,,1.0,,1.0,0.0,,Low Noise Heat Pump,No,0.0,0.0,0.0,No,No,0.0,0.0,,No,10177.84,3442.45,1610.23,2705.76,,,,,,,3.0,0.0,House_Detached_3.0
E.ON,EOH1751,NE20,,Retired,Pensioner,Prefer not to say,2021-05-21T00:00:00.000Z,Owner-Occupied,,C1,3.0,15/06/2021,Phoenix,Urban,1967 - 1975,,1.0,0.0,85.0,3.0,2.0,4.0,2.6,Cavity_Insulated,Suspended,Pitched,Double,Yes,Gas,Gas - Warm Air,Fire - Electric,Water,250,0.0,0.0,1.0,No,No,,,6.81,83.9,18056.0,2865.0,0.0,,,No,No,No,Yes,Hybrid,Loft Insulation,11863.0,500.0,871.0,14.3,3.8,Yes,19/10/2021,E.ON SIME,Hybrid,Integrated,SIME,SIME MURELLE REVOLUTION,4.0,R410A,,,,,1.0,8.0,0.0,0.0,,,No,0.0,0.0,0.0,No,Yes,0.0,0.0,,no,5200.0,,,5414.98,,500.0,0.0,0.0,0.0,0.0,4.0,,House_Detached_1.0
E.ON,EOH0866,NE15,86.0,Retired,Pensioner,Prefer not to say,2020-12-14T00:00:00.000Z,Owner-Occupied,35.0,DE,1.0,05/01/2021,Phoenix,Urban,1930 - 1949,,1.0,0.0,90.0,5.0,3.0,7.0,2.5,Cavity_Insulated,Suspended,Pitched,Double,Yes,Gas,Gas Boiler - Combi,,,,0.0,0.0,0.0,No,No,,,5.092,56.57,10231.3,3311.0,0.0,,,No,No,No,Yes,Hybrid,None Required,10060.85,0.0,536.0,14.3,3.8,,,,,,,,,,,,,,,,,,,,,,,,,,,,,,,,,,,,,,,,,,House_Semi-Detached_2.0
Warmworks,EOH2734,EH10,62.0,Unfit for work,Unemployed/Benefits,Prefer not to say,2020-10-26T00:00:00.000Z,Owner-Occupied,20.0,DE,3.0,03/12/2020,Warmworks,Suburban,1919-1944,D,2.0,0.0,88.67,4.0,3.0,4.0,2.79,Cavity_No_insulation,Suspended,Pitched,Double,Yes,Gas,Gas Boiler - Combi,,,,4.0,2.0,1.0,No,No,18507.0,5135.0,12.0,84.7,7267.0,1910.0,0.0,50.0,3.92,Yes with additional measures,No,Yes,Yes,HT_ASHP,,,,1023.54,18.0,5.0,Yes,17/05/2021,Everwarm,ASHP,,Mitsubishi,PUZ-WM85VAA-BS,8.5,R32,0.0,Water_New,200.0,,1.0,8.0,,0.0,,Low Noise Heat Pump,No,0.0,0.0,0.0,No,Yes,0.0,0.0,,No,8575.73,3572.21,1610.23,2164.6,,835.79,,,,,3.0,2.0,House_Detached_1.0
OVO,EOH2076,RG7,54.0,Working Full time (>30hrs),Manager,"50,001+",2020-10-27T00:00:00.000Z,Owner-Occupied,22.0,C1,4.0,12/03/2021,Retrofitworks,Suburban,1965-1980,,3.0,1.0,164.0,8.0,4.0,8.0,2.5,Cavity_Insulated,Solid,Pitched,Double,Yes,Gas,Gas Boiler - Standard,,Water,150,0.0,0.0,0.0,No,No,,,,,,,,,,,,,,None - Installation not recommended,,,,,,,,,,,,,,,,,,,,,,,,,,,,,,,,,,,,,,,,,,,,,,,,House_Detached_2.0
OVO,EOH1550,RG12,53.0,Working Part time,Professional,"30,001 - 40,000",2020-10-01T00:00:00.000Z,Owner-Occupied,13.0,AB,3.0,03/12/2020,,Suburban,1965-1980,,2.0,2.0,,8.0,4.0,8.0,,,,Pitched,Double,Yes,Gas,Gas - Warm air,,,,0.0,0.0,0.0,No,No,,,,,,,,,,,,,,None - Installation not recommended,,,,,,,,,,,,,,,,,,,,,,,,,,,,,,,,,,,,,,,,,,,,,,,,House_Detached_2.0
E.ON,EOH0024,NE13,33.0,Working Full time (>30hrs),Professional,"40,001 - 50,000",2020-11-25T00:00:00.000Z,Owner-Occupied,2.0,C1,1.0,18/12/2020,Phoenix,Urban,1976 - 1982,D,2.0,1.0,122.0,6.0,3.0,8.0,2.3,Cavity_Insulated,Mix,Pitched,Double,Yes,Gas,Gas Boiler - Standard,Fire - Wood,Water,110,0.0,0.0,1.0,No,No,4218.0,11358.0,,,,,,,,,,,,None - Installation not recommended,,,,,,,No,,,,,,,,,,,,,,,,,,,,,,,,,,,,,,,,,,,,,,,,,House_Detached_2.0
OVO,EOH2971,GU17,52.0,Working Full time (>30hrs),Manager,"40,001 - 50,000",2020-07-09T00:00:00.000Z,Owner-Occupied,2.0,C1,2.0,16/12/2020,Retrofitworks,Suburban,Pre 1919,,1.0,1.0,107.0,7.0,3.0,6.0,2.5,Solid_No_insulation,Suspended,Pitched,Double,Yes,Gas,Gas Boiler - Standard,,Water,114,1.0,1.0,1.0,No,No,,,,,,,,,,,,,,None - Installation not recommended,,,,,,,,,,,,,,,,,,,,,,,,,,,,,,,,,,,,,,,,,,,,,,,,House_Semi-Detached_2.0
Warmworks,EOH0045,EH15,50.0,Working Full time (>30hrs),Supervisor,"50,001+",2020-08-20T00:00:00.000Z,Owner-Occupied,9.0,C1,2.0,28/09/2020,Warmworks,Suburban,1919-1944,D,2.0,0.0,159.66,8.0,3.0,8.0,2.63,Cavity_Insulated,Suspended,Pitched,Double,Yes,Gas,Gas Boiler - Combi,Fire - Gas,,,0.0,2.0,1.0,No,No,,,10.9,76.4,27705.0,955.0,0.0,,,Yes,No,Yes,No,HT_ASHP,,,,1375.78,18.0,5.0,No,,,,,,,,,,,,,,,,,,,,,,,,,,,,,,,,,,,,,,,,,House_Detached_2.0
Warmworks,EOH0467,EH12,53.0,Working Full time (>30hrs),Professional,Prefer not to say,2021-04-26T00:00:00.000Z,Owner-Occupied,10.0,C1,4.0,10/06/2021,Warmworks,Suburban,1965-1980,B,2.0,2.0,68.48,5.0,3.0,4.0,2.39,Cavity_No_insulation,Suspended,Pitched,Triple,Yes,Gas,Gas Boiler - Standard,,Water,Normal (90-130l),0.0,0.0,1.0,No,No,2974.0,,4.7,59.0,14597.0,2250.0,0.0,50.0,3.58,Yes,No,Yes,Yes,ASHP,,,,673.74,18.0,5.0,Yes,19/08/2021,Everwarm,ASHP,,Mitsubishi,PUHZ-W50VHA2,5.0,R410A,0.0,Water_New,150.0,,1.0,6.0,,0.0,,Low Noise Heat Pump,No,0.0,0.0,0.0,No,No,0.0,0.0,,No,6529.24,3508.272,1610.23,1623.45,,,,,,,2.0,0.0,House_End-Terrace_2.0
E.ON,EOH2823,NE4,51.0,Working Full time (>30hrs),Professional,Prefer not to say,2020-11-10T00:00:00.000Z,Owner-Occupied,7.0,AB,1.0,27/11/2020,Phoenix,Urban,1930 - 1949,C,3.0,1.0,102.0,5.0,3.0,8.0,2.6,Cavity_Insulated,Suspended,Pitched,Double,Yes,Gas,Gas Boiler - Combi,,,,0.0,0.0,1.0,No,No,3017.0,13834.0,6.62,67.37,13321.0,4475.0,655.0,,,Yes,No,Yes,Yes,ASHP,Loft Insulation,11863.76,500.0,868.0,14.3,3.8,No,,,,,,,,,,,,,,,,,,,,,,,,,,,,,,,,,,,,,,,,,House_Semi-Detached_2.0
Warmworks,EOH2307,TD10,20.0,Working Full time (>30hrs),Professional,"12,501 - 16,200",2021-02-22T00:00:00.000Z,Rented (Social),10.0,DE,2.0,23/02/2021,Warmworks,Urban,2001+,F,,,82.97,3.0,2.0,0.0,2.6,Cavity_Insulated,Solid,Pitched,Double,Yes,Wood,,,Water,No access,0.0,0.0,0.0,No,No,,,5.0,89.4,9089.0,2697.0,156.0,45.0,3.93,Yes,No,Yes,No,ASHP,,,,644.0,14.0,,Yes,02/04/2021,TK Murray,ASHP,,Mitsubishi,PUHZ-W50VHA2,5.0,R410A,0.0,Water_New,150.0,,1.0,10.0,,0.0,,Low Noise Heat Pump,No,0.0,0.0,0.0,Yes,No,0.0,0.0,,No,7655.16,3508.27,1610.23,2705.76,,,,,,,2.0,0.0,House_Semi-Detached_2.0
Warmworks,EOH1311,KY12,36.0,Working Full time (>30hrs),Professional,"50,001+",2020-08-12T00:00:00.000Z,Owner-Occupied,3.0,AB,2.0,10/05/2021,Warmworks,Suburban,1965-1980,D,2.0,1.0,129.73,5.0,3.0,5.0,2.43,Cavity_Insulated,Suspended,Pitched,Double,Yes,Gas,Gas Boiler - Combi,,,,0.0,0.0,1.0,No,No,,,10.0,89.0,17739.0,4075.0,156.0,50.0,3.66,Yes,No,Yes,Yes,HT_ASHP,,,,1208.0,14.0,,Yes,20/08/2021,TK Murray,ASHP,,Mitsubishi,PUZ-WM112VAA,11.2,R32,0.0,Water_New,200.0,,1.0,,12.0,0.0,,Low Noise Heat Pump,No,0.0,0.0,0.0,Yes,No,0.0,0.0,,No,17943.13,3572.208,1610.23,3246.91,,,,,,,1.0,0.0,House_Detached_2.0
E.ON,EOH2030,NE7,50.0,Working Full time (>30hrs),Professional,"30,001 - 40,000",2020-08-17T00:00:00.000Z,Owner-Occupied,6.0,C1,5.0,01/10/2020,Phoenix,Urban,1900 - 1929,,2.0,2.0,85.0,4.0,3.0,10.0,2.6,Cavity_Insulated,Suspended,Pitched,Double,Yes,Gas,Gas Boiler - Combi,,,,0.0,0.0,1.0,No,No,2598.0,14532.0,,,,,,,,No,No,No,No,None - Installation not recommended,,,,,,,,,,,,,,,,,,,,,,,,,,,,,,,,,,,,,,,,,,,,,,,,House_End-Terrace_2.0
Warmworks,EOH0067,EH44,44.0,Working Full time (>30hrs),Manager,"40,001 - 50,000",2020-07-03T00:00:00.000Z,Owner-Occupied,10.0,AB,4.0,31/07/2020,Warmworks,Suburban,2001+,C,2.0,3.0,92.28,4.0,3.0,4.0,2.6,Cavity_Insulated,Solid,Pitched,Double,Yes,Gas,Gas Boiler - Standard,,Water,Medium (131-170l),0.0,0.0,0.0,No,No,3337.0,9231.0,3.1,46.1,6829.0,4075.0,1237.0,45.0,4.14,Yes,No,Yes,Yes,ASHP,,,,878.0,14.0,3.0,Yes,25/01/2021,BRB Electrical Ltd,ASHP,,Mitsubishi,PUZ-WM85VAA,8.5,R32,0.0,Water_New,150.0,,1.0,,7.0,0.0,,Low Noise Heat Pump,No,0.0,0.0,0.0,Yes,No,0.0,0.0,,No,8575.74,3508.27,1610.23,1894.0,,,,,,,2.0,0.0,House_Semi-Detached_2.0
E.ON,EOH2263,NE13,,Working Full time (>30hrs),Supervisor,"40,001 - 50,000",2020-10-08T00:00:00.000Z,Owner-Occupied,7.0,C1,5.0,16/10/2020,Phoenix,Suburban,1950 - 1966,,2.0,0.0,95.0,4.0,3.0,,2.4,Cavity_Insulated,Solid,Pitched,Double,Yes,Gas,Gas Boiler - Combi,,,,0.0,0.0,1.0,No,No,2656.0,12302.0,,,,,,,,No,No,No,No,None - Installation not recommended,,,,,,,,,,,,,,,,,,,,,,,,,,,,,,,,,,,,,,,,,,,,,,,,House_Semi-Detached_2.0
Warmworks,EOH1036,TD1,33.0,Stay at home parent,Unemployed/Benefits,Prefer not to say,2021-02-23T00:00:00.000Z,Rented (Social),3.0,DE,1.0,24/03/2021,Warmworks,Suburban,1965-1980,F,2.0,3.0,89.1,5.0,3.0,5.0,2.47,Cavity_No_insulation,Suspended,Pitched,Double,No,,Electric - Storage,Electric - Direct,Water,Normal (90-130l),0.0,0.0,0.0,No,No,,,,,,,,,,No,No,Yes,No,HT_ASHP,,,,,,,No,,,,,,,,,,,,,,,,,,,,,,,,,,,,,,,,,,,,,,,,,House_Semi-Detached_2.0
Warmworks,EOH0313,KY12,50.0,Working Part time,Skilled Manual Worker,"50,001+",2021-04-26T00:00:00.000Z,Owner-Occupied,21.0,C1,4.0,21/06/2021,Warmworks,Rural,1945-1964,C,3.0,0.0,187.24,8.0,4.0,8.0,2.57,Cavity_Insulated,Suspended,Pitched,Double,Yes,Gas,Gas Boiler - Standard,Fire - Wood,Water,Large (> 170l),2.0,0.0,1.0,Yes - Borehole,Yes,,,9.6,,24481.0,3820.0,0.0,,,Yes,Yes,Yes,Yes,GSHP,,,,1207.0,18.0,5.0,Yes,,,,,,,,,,,,,,,,,,,,,,,,,,,,,,,,,,,,,,,,,House_Detached_2.0
OVO,EOH2190,TN26,36.0,Working Full time (>30hrs),Manager,"50,001+",2020-07-08T00:00:00.000Z,Owner-Occupied,4.0,AB,5.0,21/11/2020,Retrofitworks,Rural,2001+,,2.0,4.0,124.0,7.0,4.0,7.0,2.3,Cavity_Insulated,Solid,Pitched,Double,Yes,Gas,Gas Boiler - Standard,,Water,170,0.0,0.0,1.0,No,No,16822.0,3700.0,,,,,,,,,,,,,,,,,,,No,,,,,,,,,,,,,,,,,,,,,,,,,,,,,,,,,,,,,,,,,House_Mid-Terrace_3.0
E.ON,EOH0683,NE2,59.0,Working Full time (>30hrs),Professional,"40,001 - 50,000",2020-11-10T00:00:00.000Z,Owner-Occupied,24.0,AB,3.0,20/11/2020,Phoenix,Urban,1930 - 1949,,5.0,0.0,180.0,8.0,5.0,14.0,2.7,Cavity_Insulated,Suspended,Pitched,Double,Yes,Gas,Gas Boiler - Combi,,,,0.0,0.0,1.0,No,No,6895.0,42186.0,13.639,75.77,11135.9,5731.0,0.0,55.0,2.96,No,No,No,Yes with additional measures,Hybrid,Loft Insulation,12450.0,500.0,1331.0,14.3,3.8,Yes,03/02/2021,Phoenix,Hybrid,Separate_New Boiler,Daikin,EHY2KOMB28AA,4.0,R32,,,,,1.0,15.0,0.0,0.0,none,none,No,0.0,0.0,0.0,No,Yes,0.0,0.0,,no,5912.2,,,4903.42,0.0,500.0,0.0,0.0,0.0,0.0,4.0,0.5,House_Semi-Detached_3.0
Warmworks,EOH1251,EH17,54.0,Working Full time (>30hrs),Casual worker,"30,001 - 40,000",2020-10-06T00:00:00.000Z,Owner-Occupied,19.0,DE,4.0,07/05/2021,Warmworks,Suburban,1945-1964,D,2.0,0.0,90.04,5.0,3.0,4.0,2.44,Cavity_Insulated,Suspended,Pitched,Double,Yes,Gas,Gas Boiler - Combi,,,,0.0,0.0,0.0,No,No,,,6.4,79.0,18878.0,3937.0,0.0,50.0,3.81,Yes,No,Yes,Yes,ASHP,,,,896.58,18.0,5.0,Yes,14/07/2021,Everwarm,ASHP,,Mitsubishi,PUZ-WM85VAA,8.5,R32,0.0,Water_New,150.0,,1.0,9.0,,0.0,,Low Noise Heat Pump,No,0.0,0.0,0.0,No,No,0.0,0.0,,No,8575.73,3508.272,1610.23,2435.18,,530.7858,,,,,2.0,0.0,House_Semi-Detached_2.0
Warmworks,EOH3030,EH46,57.0,Working Part time,Semi and unskilled manual worker,"40,001 - 50,000",2020-10-19T00:00:00.000Z,Owner-Occupied,16.0,C2,2.0,20/04/2021,Warmworks,Rural,1919-1944,E,4.0,0.0,199.91,9.0,5.0,9.0,2.7,Cavity_No_insulation,Suspended,Pitched,Double,No,Oil,Oil Boiler,Fire - Wood,Water,Large (> 170l),0.0,0.0,0.0,No,No,,,13.7,,33897.0,5905.0,0.0,50.0,3.51,Yes,Yes,Yes,No,ASHP,,,,1618.38,18.0,5.0,Yes,04/08/2021,Everwarm,ASHP,,Mitsubishi,PUZ-HWM140VHA,14.0,R32,0.0,Water_New,200.0,,1.0,17.0,,0.0,,Low Noise Heat Pump,No,0.0,0.0,0.0,No,No,0.0,0.0,,No,8575.74,3572.21,1610.23,4599.79,,,,,,,2.0,0.0,House_Detached_2.0
E.ON,EOH0393,NE5,24.0,Working Full time (>30hrs),Skilled Manual Worker,"30,001 - 40,000",2021-01-22T00:00:00.000Z,Owner-Occupied,0.9,C2,2.0,05/03/2021,Phoenix,Urban,1950 - 1966,D,2.0,0.0,77.0,4.0,3.0,7.0,2.4,Cavity_Insulated,Suspended,Pitched,Double,Yes,Gas,Gas Boiler - Combi,,,,0.0,0.0,0.0,No,No,,,,,,,,,,No,No,No,Yes,None - Installation not recommended,,,,,,,,,,,,,,,,,,,,,,,,,,,,,,,,,,,,,,,,,,,,,,,,House_Semi-Detached_2.0
E.ON,EOH1688,NE3,52.0,Working Full time (>30hrs),Professional,"40,001 - 50,000",2020-07-21T00:00:00.000Z,Owner-Occupied,2.0,AB,5.0,04/09/2020,Phoenix,Urban,1930 - 1949,D,3.0,0.0,87.0,4.0,3.0,4.0,2.4,Cavity_No_insulation,Suspended,Pitched,Double,Yes,Gas,Gas Boiler - Combi,,,,0.0,0.0,0.0,No,No,,,8.329,97.74,16696.0,4994.0,0.0,60.0,3.18,No,No,Yes,No,HT_ASHP,None Required,17750.63,,997.0,14.3,3.8,Yes,13/09/2021,Phoenix,HT_ASHP,,Daikin,EPRA14DAV3,14.0,R32,,PCM_New,,9.0,1.0,11.0,0.0,0.0,,,No,0.0,0.0,0.0,No,No,0.0,0.0,,no,9047.38,3500.65,,3425.04,,0.0,0.0,0.0,0.0,0.0,3.0,,House_Detached_2.0
Warmworks,EOH0102,TD6,67.0,Retired,Pensioner,Prefer not to say,2020-10-06T00:00:00.000Z,Rented (Social),20.0,DE,1.0,02/11/2020,Warmworks,Suburban,1965-1980,D,1.0,0.0,96.6,4.0,2.0,4.0,,Cavity_Insulated,Suspended,Pitched,Double,,,Electric - Storage,Electric - Direct,Water,Normal (90-130l),0.0,0.0,0.0,No,No,,,8.5,70.0,9135.0,2697.0,156.0,50.0,3.81,Yes,No,Yes,No,ASHP,,,,672.0,14.0,,Yes,19/01/2021,TK Murray,ASHP,,Mitsubishi,PUZ-WM85VAA,8.5,R32,0.0,Water_New,150.0,,1.0,7.0,,0.0,,Low Noise Heat Pump,No,0.0,0.0,0.0,,No,0.0,0.0,,No,8575.74,3508.27,1610.23,1894.03,,,,,,,1.0,0.0,House_End-Terrace_2.0
Warmworks,EOH3016,EH40,66.0,Working Full time (>30hrs),Manager,"40,001 - 50,000",2020-08-07T00:00:00.000Z,Owner-Occupied,5.0,C1,3.0,22/09/2020,Warmworks,Rural,2001+,B,2.0,2.0,149.64,6.0,4.0,6.0,2.6,Cavity_Insulated,Solid,Pitched,Double,Yes,Gas,Gas Boiler - Standard,,Water,Large (> 170l),0.0,0.0,0.0,Yes - Borehole,Yes,,,11.0,63.8,31959.0,5394.0,0.0,50.0,3.92,Yes,Yes,Yes,Yes,GSHP,,,,1838.0,16.36,,Yes,12/02/2021,mcinnesplumbing,HT_ASHP,,Vaillant,VWL 125/6 A 230V S2,12.0,R290,0.0,Water_New,200.0,,2.0,,15.0,0.0,,Low Noise Heat Pump,No,0.0,0.0,0.0,No,No,0.0,0.0,,No,17943.14,3572.21,1610.23,4058.64,,,,,,,2.0,0.0,House_Detached_2.0
E.ON,EOH2685,NE13,55.0,Working Full time (>30hrs),Professional,"50,001+",2021-02-25T00:00:00.000Z,Owner-Occupied,5.0,AB,4.0,12/03/2021,Phoenix,Urban,1967 - 1975,E,3.0,0.0,134.0,7.0,4.0,11.0,2.3,Cavity_Insulated,Suspended,Pitched,Double,Yes,Gas,Gas Boiler - Combi,Fire - Wood,,,1.0,0.0,0.0,No,No,6000.0,20000.0,,,,,,,,Yes,No,Yes,No,ASHP,,,,,,,No,,,,,,,,,,,,,,,,,,,,,,,,,,,,,,,,,,,,,,,,,House_Detached_2.0
E.ON,EOH2146,NE15,31.0,Working Full time (>30hrs),Professional,"50,001+",2020-11-30T00:00:00.000Z,Owner-Occupied,6.0,AB,2.0,14/12/2020,Phoenix,Urban,1930 - 1949,D,2.0,0.0,88.0,4.0,2.0,5.0,2.8,Cavity_Insulated,Suspended,Pitched,Double,Yes,Gas,Gas Boiler - Combi,,,,0.0,0.0,1.0,No,No,2659.0,7334.0,,,,,,,,Yes,No,Yes,Yes,None - Installation not recommended,,,,,,,,,,,,,,,,,,,,,,,,,,,,,,,,,,,,,,,,,,,,,,,,House_Mid-Terrace_2.0
Warmworks,EOH1112,EH11,70.0,Retired,Clerical,Prefer not to say,2020-09-05T00:00:00.000Z,Owner-Occupied,38.0,DE,2.0,22/10/2020,Warmworks,Suburban,1919-1944,D,2.0,0.0,65.12,3.0,3.0,3.0,,Cavity_Insulated,Suspended,Another Dwelling Above,Double,Yes,Gas,Gas Boiler - Combi,,,,0.0,0.0,0.0,Yes - Borehole,Yes,,,5.6,99.1,13930.0,2865.0,0.0,,,Yes,Yes,Yes,Yes,GSHP,,,,830.77,15.0,5.0,No,,,,,,,,,,,,,,,,,,,,,,,,,,,,,,,,,,,,,,,,,Flat_Flat_1.0
OVO,EOH1201,KT18,60.0,Unemployed,Unemployed/Benefits,Prefer not to say,2021-06-09T00:00:00.000Z,Rented (Social),4.0,DE,1.0,14/03/2021,Retrofitworks,Urban,1991-2000,D,1.0,0.0,47.0,2.0,1.0,3.0,2.38,Cavity_Insulated,Suspended,Pitched,Double,No,Electricity,Electric - Storage,Electric - Storage,Water,,0.0,0.0,0.0,Yes - Borehole,Yes,,,2.664,36.0,5525.0,1798.0,0.0,,,No,Yes with additional measures,No,No,GSHP,Heat Emitters,15920.96,3887.25,320.96,17.0,,Yes,24/07/2021,Kensa,GSHP,Shared_Groundloop,Kensa,S6-P0K,3.0,R134a,,PCM_New,,10.5,1.0,0.0,5.0,0.0,,,No,0.0,0.0,0.0,No,No,0.0,0.0,,No,2907.89,1982.51,8530.78,3887.25,0.0,0.0,0.0,0.0,0.0,0.0,3.0,0.0,Flat_Flat_1.0
Warmworks,EOH2697,EH4,41.0,Working Full time (>30hrs),Professional,"50,001+",2020-10-24T00:00:00.000Z,Owner-Occupied,6.0,C1,4.0,04/12/2020,Warmworks,Urban,1945-1964,C,2.0,1.0,114.1,5.0,3.0,5.0,2.39,Cavity_Insulated,Suspended,Pitched,Double,Yes,Gas,Gas Boiler - Combi,Fire - Wood,,,0.0,0.0,0.0,No,No,,,,,,,,,,Yes,No,Yes,Yes,ASHP,,,,,,,No,,,,,,,,,,,,,,,,,,,,,,,,,,,,,,,,,,,,,,,,,House_End-Terrace_2.0
Warmworks,EOH2903,TD1,73.0,Retired,Pensioner,Prefer not to say,2020-07-29T00:00:00.000Z,Rented (Social),40.0,DE,1.0,13/09/2020,Warmworks,Suburban,1945-1964,E,3.0,0.0,66.0,3.0,2.0,3.0,2.44,Cavity_Insulated,Solid,Pitched,Double,No,,Electric - Storage,Electric - Direct,Water,Normal (90-130l),0.0,0.0,0.0,No,No,,,,,,,,,,Yes,No,Yes,No,HT_ASHP,,,,,,,No,,,,,,,,,,,,,,,,,,,,,,,,,,,,,,,,,,,,,,,,,House_End-Terrace_2.0
Warmworks,EOH0332,KY11,34.0,Working Full time (>30hrs),Professional,"30,001 - 40,000",2020-06-29T00:00:00.000Z,Owner-Occupied,8.0,C1,3.0,26/07/2020,Everwarm,Suburban,1981-1990,D,1.0,0.0,55.39,3.0,2.0,3.0,2.35,Cavity_No_insulation,Suspended,Pitched,Double,Yes,Gas,Gas Boiler - Standard,,Water,Normal (90-130l),0.0,0.0,1.0,No,No,2729.0,7168.0,3.7,92.0,10063.0,2865.0,0.0,,,Yes,Yes,Yes,No,HT_ASHP,,,,674.34,15.0,,Yes,01/10/2020,Everwarm,HT_ASHP,,Vaillant,VWL 55/6 A 230V S2,5.0,R290,0.0,Water_New,150.0,,1.0,,4.0,0.0,,Low Noise Heat Pump,No,0.0,0.0,0.0,No,No,0.0,0.0,,No,11215.18,3508.27,1610.23,1082.3,,,,,,,2.0,0.0,House_Semi-Detached_1.0
E.ON,EOH0194,NE6,45.0,Working Full time (>30hrs),Professional,"30,001 - 40,000",2020-07-16T00:00:00.000Z,Owner-Occupied,16.0,AB,1.0,19/08/2020,Phoenix,Urban,1930 - 1949,,3.0,0.0,105.0,5.0,4.0,11.0,2.6,Cavity_Insulated,Suspended,Pitched,Double,Yes,Gas,Gas Boiler - Combi,Fire - Gas,,,0.0,1.0,0.0,No,No,5200.0,15600.0,,,,,,,,No,No,No,No,None - Installation not recommended,,,,,,,,,,,,,,,,,,,,,,,,,,,,,,,,,,,,,,,,,,,,,,,,House_Semi-Detached_2.0
E.ON,EOH0471,NE6,,Prefer not to say,Prefer not to say,Prefer not to say,2020-08-21T00:00:00.000Z,Rented (Social),,DE,1.0,28/08/2020,E.ON,Suburban,1930 - 1949,D,1.0,4.0,69.0,4.0,3.0,4.0,2.5,Cavity_Insulated,Suspended,Pitched,Double,Yes,Gas,Gas Boiler - Combi,Electric - Direct,,,0.0,0.0,1.0,Yes - Ground Loop,Yes,,,4.742,68.72,9504.0,2674.0,0.0,48.0,3.04,No,No,No,Yes,Hybrid,None Required,9690.0,,322.0,14.3,3.8,Yes,03/02/2021,Phoenix,Hybrid,Separate_New Boiler,Daikin,EHY2KOMB28AA,4.0,R32,,,,,1.0,8.0,0.0,0.0,none,none,No,0.0,0.0,0.0,No,No,0.0,0.0,,no,5912.2,,,2870.07,0.0,0.0,0.0,0.0,0.0,0.0,2.0,0.0,House_Mid-Terrace_2.0
Warmworks,EOH0921,EH14,39.0,Working Full time (>30hrs),Professional,"50,001+",2020-07-24T00:00:00.000Z,Owner-Occupied,3.5,C1,4.0,26/08/2020,Warmworks,Suburban,Pre 1919,D,2.0,1.0,212.88,9.0,4.0,9.0,2.52,Cavity_No_insulation,Suspended,Pitched,Double,Yes,Gas,Gas Boiler - Standard,,Water,No access,0.0,0.0,1.0,No,No,14500.0,21500.0,,,,,,,,Yes,No,Yes,No,HT_ASHP,,,,,,,No,,,,,,,,,,,,,,,,,,,,,,,,,,,,,,,,,,,,,,,,,House_Detached_2.0
Warmworks,EOH0271,EH30,67.0,Retired,Pensioner,Prefer not to say,2020-08-20T00:00:00.000Z,Owner-Occupied,42.0,DE,3.0,28/09/2020,Warmworks,Suburban,1945-1964,B,2.0,2.0,125.12,6.0,5.0,6.0,2.6,Cavity_Insulated,Suspended,Pitched,Double,Yes,Gas,Gas Boiler - Combi,,,,0.0,0.0,0.0,No,No,7330.0,8852.0,,,,,,,,Yes,No,Yes,Yes,None - Installation not recommended,,,,,,,,,,,,,,,,,,,,,,,,,,,,,,,,,,,,,,,,,,,,,,,,House_End-Terrace_3.0
Warmworks,EOH3125,EH32,61.0,Working Full time (>30hrs),Manager,"50,001+",2020-08-28T00:00:00.000Z,Owner-Occupied,20.0,AB,4.0,26/10/2020,Warmworks,Suburban,1919-1944,B,5.0,0.0,171.93,6.0,4.0,6.0,,Cavity_Insulated,Suspended,Pitched,Double,Yes,Gas,Gas Boiler - Combi,Fire - Gas,,,0.0,0.0,1.0,No,No,9444.0,20906.0,,,,,,,,Yes,No,Yes,Yes,ASHP,,,,,,,No,,,,,,,,,,,,,,,,,,,,,,,,,,,,,,,,,,,,,,,,,House_Semi-Detached_2.0
Warmworks,EOH2449,EH3,40.0,Working Full time (>30hrs),Supervisor,"50,001+",2020-09-19T00:00:00.000Z,Owner-Occupied,5.0,C1,2.0,18/10/2020,Warmworks,Urban,Pre 1919,C,2.0,2.0,137.03,4.0,3.0,4.0,,Cavity_No_insulation,Suspended,Another Dwelling Above,Double,Yes,Gas,Gas Boiler - Combi,Fire - Wood,,,0.0,0.0,0.0,No,No,,,,,,,,,,No,No,Yes,Yes,HT_ASHP,,,,,,,No,,,,,,,,,,,,,,,,,,,,,,,,,,,,,,,,,,,,,,,,,Flat_Flat_1.0
Warmworks,EOH1927,EH5,43.0,Working Part time,Professional,"50,001+",2020-07-03T00:00:00.000Z,Owner-Occupied,1.0,AB,5.0,29/07/2020,Everwarm,Suburban,1919-1944,D,2.0,2.0,112.1,4.0,3.0,4.0,2.54,Cavity_Insulated,Suspended,Pitched,Double,Yes,Gas,Gas Boiler - Standard,,Water,Normal (90-130l),0.0,0.0,1.0,Yes - Borehole,Yes,3401.0,,9.0,,18954.0,7192.0,156.0,,,No,Yes with additional measures,Yes with additional measures,No,GSHP,Loft Insulation,,,1293.0,15.0,,Yes,01/06/2021,mcinnesplumbing,GSHP,Individual_Groundloop,Vaillant,VWF 87/4,8.0,R410A,,Water_New,200.0,,1.0,,9.0,0.0,,,No,0.0,0.0,0.0,No,Yes,0.0,0.0,,No,38728.62,3572.208,1610.23,2435.18,,609.3072,,,,,4.0,0.0,House_Semi-Detached_2.0
Warmworks,EOH2625,KY11,50.0,Working Full time (>30hrs),Professional,"50,001+",2020-07-12T00:00:00.000Z,Owner-Occupied,,C1,4.0,15/04/2021,Warmworks,Suburban,1945-1964,D,3.0,0.0,163.08,6.0,4.0,6.0,2.49,Cavity_Insulated,Solid,Pitched,Double,No,Wood,Biomass Boiler,Fire - Wood,Water,Large (> 170l),0.0,0.0,0.0,Yes - Borehole,Yes,,,9.3,61.9,23566.0,4776.0,0.0,,,Yes,Yes,Yes,No,GSHP,,,,1518.36,18.0,5.0,Yes,26/07/2021,Everwarm,GSHP,Individual_Groundloop,Vaillant,VWF 117/4,11.0,R410A,,Water_New,200.0,,1.0,13.0,,0.0,,,No,0.0,0.0,0.0,No,No,0.0,0.0,,No,38728.62,3572.208,1610.23,3517.48,,,,,,,2.0,0.0,House_Detached_2.0
OVO,EOH0304,CT2,48.0,Working Full time (>30hrs),Manager,Prefer not to say,2020-07-23T00:00:00.000Z,Owner-Occupied,3.0,AB,4.0,01/03/2021,Retrofitworks,Suburban,2001+,,2.0,0.0,86.2,4.0,3.0,4.0,2.4,Cavity_Insulated,Solid,Pitched,Double,Yes,Gas,Gas Boiler - Standard,,,,0.0,0.0,0.0,No,No,,,,,,,,,,,,,,None - Installation not recommended,,,,,,,,,,,,,,,,,,,,,,,,,,,,,,,,,,,,,,,,,,,,,,,,House_Semi-Detached_2.0
E.ON,EOH1178,NE3,64.0,Retired,Pensioner,"25,001 - 30,000",2021-01-11T00:00:00.000Z,Owner-Occupied,6.0,DE,2.0,26/01/2021,Phoenix,Urban,1950 - 1966,D,2.0,0.0,52.0,4.0,1.0,5.0,2.3,Cavity_Insulated,Solid,Pitched,Double,Yes,Gas,Gas Boiler - Combi,Fire - Gas,,,0.0,1.0,0.0,No,No,,,,,,,,,,Yes,No,Yes,Yes,None - Installation not recommended,,,,,,,,,,,,,,,,,,,,,,,,,,,,,,,,,,,,,,,,,,,,,,,,House_Semi-Detached_1.0
Warmworks,EOH2548,EH33,61.0,Retired,Pensioner,"30,001 - 40,000",2020-09-29T00:00:00.000Z,Owner-Occupied,16.0,DE,3.0,21/04/2021,Warmworks,Suburban,2001+,C,2.0,0.0,280.88,12.0,5.0,12.0,2.68,Cavity_Insulated,Suspended,Pitched,Double,Yes,Gas,Gas Boiler - Standard,Fire - Gas,Water,Large (> 170l),0.0,1.0,1.0,No,No,,,,,,,,,,Yes,No,Yes,Yes,HT_ASHP,,,,,,,No,,,,,,,,,,,,,,,,,,,,,,,,,,,,,,,,,,,,,,,,,House_Detached_2.0
OVO,EOH2000,SL6,55.0,Working Part time,Professional,Prefer not to say,2020-09-21T00:00:00.000Z,Owner-Occupied,19.0,AB,2.0,18/12/2020,,Suburban,1965-1980,,2.0,0.0,109.0,7.0,4.0,9.0,,Cavity_No_insulation,Mix,Pitched,Double,Yes,Gas,Gas Boiler - Standard,,,,0.0,0.0,1.0,,,,,,,,,,,,,,,,None - Installation not recommended,,,,,,,,,,,,,,,,,,,,,,,,,,,,,,,,,,,,,,,,,,,,,,,,House_Detached_2.0
Warmworks,EOH0238,KY11,32.0,Working Full time (>30hrs),Professional,"50,001+",2020-09-25T00:00:00.000Z,Owner-Occupied,4.0,AB,4.0,19/10/2020,Warmworks,Suburban,1981-1990,D,2.0,0.0,60.02,3.0,2.0,3.0,,Cavity_Insulated,Suspended,Pitched,Double,Yes,Gas,Gas Boiler - Combi,,,,0.0,0.0,0.0,No,No,3209.0,10200.0,3.5,69.7,12178.0,2674.0,1110.0,55.0,3.06,Yes,No,Yes,Yes,ASHP,,,,907.0,14.0,3.0,Yes,24/05/2021,BRB Electrical Ltd,HT_ASHP,,Vaillant,VWL 55/6 A 230V S2,5.0,R290,0.0,Water_New,150.0,,1.0,,5.0,0.0,,Low Noise Heat Pump,No,0.0,0.0,0.0,Yes,No,0.0,0.0,,No,11215.17,3508.27,1610.23,1352.88,,,,,,,2.0,0.0,House_Detached_1.0
OVO,EOH1272,RG14,85.0,Retired,Pensioner,Prefer not to say,2020-07-02T00:00:00.000Z,Owner-Occupied,19.0,DE,3.0,15/02/2021,Retrofitworks,Suburban,1965-1980,,2.0,0.0,115.0,6.0,4.0,10.0,2.4,Cavity_Insulated,Solid,Pitched,Double,Yes,Gas,Gas Boiler - Standard,,Water,120,0.0,0.0,1.0,No,No,,,,,,,,,,,,,,None - Installation not recommended,,,,,,,,,,,,,,,,,,,,,,,,,,,,,,,,,,,,,,,,,,,,,,,,House_Detached_2.0
Warmworks,EOH2482,TD6,64.0,Unemployed,Unemployed/Benefits,Prefer not to say,2020-07-22T00:00:00.000Z,Rented (Social),21.0,DE,2.0,13/08/2020,Warmworks,Suburban,1945-1964,F,2.0,0.0,81.8,4.0,2.0,4.0,2.4,Cavity_Insulated,Suspended,Pitched,Double,No,Electricity,Electric - Direct,Fire - Coal,Water,Normal (90-130l),0.0,0.0,1.0,No,No,2900.0,,,,,,,,,Yes,No,Yes,Yes,HT_ASHP,,,,,,,No,,,,,,,,,,,,,,,,,,,,,,,,,,,,,,,,,,,,,,,,,House_Semi-Detached_2.0
Warmworks,EOH2854,TD6,62.0,Retired,Pensioner,Prefer not to say,2021-04-18T00:00:00.000Z,Owner-Occupied,20.0,C1,3.0,28/05/2021,Warmworks,Rural,1991-2000,D,2.0,0.0,226.4,7.0,3.0,7.0,2.6,Cavity_Insulated,Suspended,Pitched,Double,No,Oil,,Fire - Wood,,,0.0,0.0,0.0,Yes - Borehole,Yes,,,,,,,,,,Yes,Yes,Yes,No,GSHP,,,,,,,No,,,,,,,,,,,,,,,,,,,,,,,,,,,,,,,,,,,,,,,,,House_Detached_2.0
Warmworks,EOH2032,FK7,56.0,Working Full time (>30hrs),Professional,Prefer not to say,2021-04-19T00:00:00.000Z,Owner-Occupied,21.0,AB,2.0,21/05/2021,Warmworks,Suburban,1965-1980,C,3.0,0.0,105.1,5.0,3.0,5.0,2.39,Cavity_No_insulation,Suspended,Pitched,Double,Yes,Gas,Gas Boiler - Combi,,,,0.0,0.0,0.0,No,No,,,7.0,,11589.0,4075.0,0.0,,,Yes,No,Yes,Yes,ASHP,,,,881.0,14.0,,No,,,,,,,,,,,,,,,,,,,,,,,,,,,,,,,,,,,,,,,,,House_Semi-Detached_2.0
E.ON,EOH2636,NE3,44.0,Working Full time (>30hrs),Professional,"50,001+",2020-07-11T00:00:00.000Z,Owner-Occupied,10.0,AB,5.0,29/07/2020,E.ON,Urban,1976 - 1982,,2.0,3.0,85.0,6.0,4.0,8.0,2.4,Cavity_Insulated,Solid,Pitched,Double,Yes,Gas,Gas Boiler - Combi,,,,0.0,0.0,1.0,No,No,,,,,,,,,,No,No,No,No,None - Installation not recommended,,,,,,,,,,,,,,,,,,,,,,,,,,,,,,,,,,,,,,,,,,,,,,,,House_Semi-Detached_2.0
E.ON,EOH1641,NE21,44.0,Working Full time (>30hrs),Professional,"50,001+",2021-02-03T00:00:00.000Z,Owner-Occupied,0.9,AB,5.0,17/02/2021,Phoenix,Urban,2012 onwards,C,2.0,2.0,169.0,8.0,4.0,13.0,2.4,Cavity_Insulated,Solid,Pitched,Double,Yes,Gas,Gas Boiler - Standard,,Water,210,0.0,0.0,1.0,No,No,,,,,,,,,,Yes,No,Yes,,None - Installation not recommended,,,,,,,,,,,,,,,,,,,,,,,,,,,,,,,,,,,,,,,,,,,,,,,,House_Detached_3.0
E.ON,EOH1651,NE5,56.0,Retired,Pensioner,"30,001 - 40,000",2020-09-29T00:00:00.000Z,Owner-Occupied,2.0,DE,2.0,08/10/2020,Phoenix,Suburban,1967 - 1975,,2.0,0.0,72.0,3.0,2.0,6.0,2.4,Cavity_Insulated,Suspended,Pitched,Double,Yes,Gas,Gas Boiler - Combi,Fire - Electric,,,0.0,0.0,1.0,No,Yes,,,,,,,,,,Yes,No,Yes,Yes,ASHP,,,,,,,No,,,,,,,,,,,,,,,,,,,,,,,,,,,,,,,,,,,,,,,,,House_Semi-Detached_1.0
E.ON,EOH0935,NE5,33.0,Working Full time (>30hrs),Professional,"50,001+",2021-01-22T00:00:00.000Z,Owner-Occupied,0.9,AB,1.0,05/02/2021,Phoenix,Urban,1950 - 1966,D,2.0,2.0,127.0,6.0,4.0,11.0,2.4,Cavity_Insulated,Suspended,Pitched,Double,Yes,Gas,Gas Boiler - Combi,,,,0.0,0.0,0.0,No,No,,,,,,,,,,No,No,Yes,Yes,None - Installation not recommended,,,,,,,,,,,,,,,,,,,,,,,,,,,,,,,,,,,,,,,,,,,,,,,,House_Detached_2.0
OVO,EOH0106,OX15,54.0,Working Full time (>30hrs),Professional,Prefer not to say,2020-07-25T00:00:00.000Z,Owner-Occupied,20.0,C1,5.0,17/02/2021,Retrofitworks,Rural,Pre 1919,,2.0,2.0,146.63,7.0,4.0,7.0,2.4,Cavity_Insulated,Solid,Pitched,Double,No,Oil,Oil Boiler,,Water,170,0.0,0.0,0.0,No,No,,,,,,,,,,,,,,None - Installation not recommended,,,,,,,,,,,,,,,,,,,,,,,,,,,,,,,,,,,,,,,,,,,,,,,,House_Semi-Detached_2.0
OVO,EOH2314,RG20,45.0,Working Full time (>30hrs),Professional,"50,001+",2020-07-10T00:00:00.000Z,Owner-Occupied,5.0,C2,4.0,12/02/2021,Retrofitworks,Suburban,2001+,C,3.0,1.0,306.0,9.0,4.0,9.0,2.9,Solid_No_insulation,Suspended,Pitched,Triple,No,Oil,Oil Boiler,Fire - Wood,,,9.0,0.0,0.0,No,No,,,,,,,,,,,,,,None - Installation not recommended,,,,,,,,,,,,,,,,,,,,,,,,,,,,,,,,,,,,,,,,,,,,,,,,House_Detached_2.0
Warmworks,EOH3077,ML11,33.0,Working Full time (>30hrs),Professional,"50,001+",2021-04-26T00:00:00.000Z,Owner-Occupied,5.0,AB,4.0,09/06/2021,Warmworks,Rural,Pre 1919,E,2.0,1.0,162.53,7.0,4.0,7.0,2.33,Cavity_No_insulation,Suspended,Pitched,Double,No,Oil,Oil Boiler,Fire - Wood,,,0.0,0.0,1.0,Yes - Borehole,Yes,,,11.1,72.0,29623.0,4921.0,0.0,,,No,Yes,Yes,Yes,GSHP,,,,1514.88,18.0,5.0,Yes,27/09/2021,Everwarm,GSHP,Individual_Groundloop,Vaillant,VWF 117/4,11.0,R410A,,Water_New,200.0,,1.0,16.0,,0.0,,,No,0.0,0.0,0.0,No,No,0.0,0.0,,No,38728.62,3572.208,1610.23,4329.21,,,,,,,3.0,0.0,House_Detached_2.0
Warmworks,EOH1638,PH2,54.0,Working Full time (>30hrs),Skilled Manual Worker,Prefer not to say,2021-04-28T00:00:00.000Z,Owner-Occupied,20.0,C2,4.0,23/06/2021,Warmworks,Rural,1981-1990,C,3.0,1.0,208.7,9.0,6.0,9.0,2.42,Cavity_No_insulation,Suspended,Pitched,Double,No,Oil,Oil Boiler,Electric - Direct,Water,Large (> 170l),2.0,0.0,0.0,Yes - Borehole,Yes,,,,,,,,,,Yes,Yes,Yes,Yes,GSHP,,,,,,,Yes,,,,,,,,,,,,,,,,,,,,,,,,,,,,,,,,,,,,,,,,,House_Detached_2.0
E.ON,EOH2060,NE6,36.0,Working Full time (>30hrs),Professional,"50,001+",2020-10-29T00:00:00.000Z,Owner-Occupied,7.0,AB,3.0,10/11/2020,Phoenix,Suburban,1930 - 1949,D,2.0,2.0,222.0,9.0,4.0,13.0,2.7,Cavity_Insulated,Suspended,Pitched,Double,Yes,Gas,Gas Boiler - Standard,Fire - Wood,Water,180,0.0,0.0,1.0,No,No,,,,,,,,,,Yes,No,Yes,No,None - Installation not recommended,,,,,,,,,,,,,,,,,,,,,,,,,,,,,,,,,,,,,,,,,,,,,,,,House_Detached_2.0
Warmworks,EOH2671,EH19,72.0,Retired,Pensioner,Prefer not to say,2020-08-20T00:00:00.000Z,Owner-Occupied,30.0,DE,3.0,25/09/2020,Warmworks,Rural,1965-1980,C,2.0,0.0,98.82,6.0,3.0,6.0,2.3,Cavity_Insulated,Solid,Pitched,Double,Yes,Gas,Gas Boiler - Standard,Fire - Gas,Water,Normal (90-130l),0.0,1.0,1.0,No,No,,,6.4,,16147.0,3821.0,0.0,,,Yes,No,Yes,No,HT_ASHP,,,,948.44,15.0,5.0,Yes,,,,,,,,,,,,,,,,,,,,,,,,,,,,,,,,,,,,,,,,,House_Detached_2.0
Warmworks,EOH1830,EH14,44.0,Working Full time (>30hrs),Clerical,Prefer not to say,2020-09-20T00:00:00.000Z,Owner-Occupied,6.0,C1,2.0,16/10/2020,Warmworks,Suburban,1965-1980,C,2.0,2.0,145.6,8.0,4.0,8.0,,Cavity_Insulated,Suspended,Pitched,Double,Yes,Gas,Gas Boiler - Combi,,,,0.0,0.0,0.0,No,No,,,8.6,,24960.0,4457.0,2547.0,,,Yes,No,Yes,Yes,ASHP,,,,1532.0,14.0,3.0,No,,,,,,,,,,,,,,,,,,,,,,,,,,,,,,,,,,,,,,,,,House_Semi-Detached_2.0
Warmworks,EOH1844,EH21,54.0,Working Full time (>30hrs),Clerical,Prefer not to say,2020-08-15T00:00:00.000Z,Owner-Occupied,6.0,C1,1.0,01/10/2020,Warmworks,Suburban,1919-1944,C,2.0,0.0,93.0,4.0,3.0,4.0,2.6,Cavity_Insulated,Suspended,Pitched,Double,Yes,Gas,Gas Boiler - Combi,,,,0.0,0.0,0.0,Yes - Borehole,Yes,,,,,,,,,,Yes,Yes,Yes,Yes,GSHP,,,,,,,No,,,,,,,,,,,,,,,,,,,,,,,,,,,,,,,,,,,,,,,,,House_End-Terrace_2.0
E.ON,EOH2728,NE10,43.0,Working Full time (>30hrs),Manager,"40,001 - 50,000",2021-01-22T00:00:00.000Z,Owner-Occupied,4.0,AB,4.0,05/02/2021,Phoenix,Urban,1930 - 1949,D,1.0,0.0,60.0,3.0,2.0,6.0,2.5,Cavity_Insulated,Suspended,Pitched,Double,Yes,Gas,Gas Boiler - Combi,,,,0.0,0.0,1.0,No,No,,,3.754,62.56,7615.5,2636.0,0.0,50.0,3.02,No,No,No,Yes,Hybrid,None Required,9875.86,,454.0,14.3,3.8,Yes,05/05/2021,Phoenix,Hybrid,Separate_New Boiler,Daikin,EHY2KOMB32AA,4.0,R32,,,,,1.0,8.0,0.0,0.0,none,none,No,0.0,0.0,0.0,No,No,0.0,0.0,,no,5739.82,,,2500.9,0.0,0.0,0.0,0.0,0.0,0.0,2.0,0.0,House_Semi-Detached_2.0
Warmworks,EOH2577,EH15,50.0,Working Part time,Professional,"50,001+",2020-10-15T00:00:00.000Z,Owner-Occupied,10.0,AB,2.0,15/11/2020,Warmworks,Urban,1919-1944,C,2.0,3.0,164.7,6.0,4.0,6.0,2.36,Cavity_Insulated,Suspended,Pitched,Double,Yes,Gas,Gas Boiler - Combi,Fire - Gas,,,2.0,1.0,0.0,No,No,,,11.3,,28568.0,5731.0,0.0,50.0,3.92,Yes,No,Yes,Yes,HT_ASHP,,,,1799.94,18.0,5.0,Yes,05/07/2021,Everwarm,ASHP,,Mitsubishi,PUZ-HWM140VHA-BS,14.0,R32,0.0,Water_New,200.0,,1.0,6.0,,0.0,,Low Noise Heat Pump,No,0.0,0.0,0.0,No,No,0.0,0.0,,No,8575.73,3572.21,1610.23,1623.45,,,,,,,3.0,0.0,House_Detached_2.0
Warmworks,EOH3078,EH39,41.0,Working Part time,Skilled Manual Worker,"50,001+",2020-09-19T00:00:00.000Z,Owner-Occupied,11.0,C1,3.0,07/10/2020,Warmworks,Suburban,Pre 1919,C,2.0,3.0,159.52,6.0,3.0,6.0,,Cavity_No_insulation,Suspended,Pitched,Double,Yes,Gas,Gas Boiler - Standard,Gas Boiler - Standard,Water,Normal (90-130l),1.0,0.0,0.0,No,No,,,,,,,,,,Yes,No,Yes,Yes,None - Installation not recommended,,,,,,,,,,,,,,,,,,,,,,,,,,,,,,,,,,,,,,,,,,,,,,,,House_Semi-Detached_2.0
E.ON,EOH2462,NE3,44.0,Working Full time (>30hrs),Manager,"50,001+",2020-11-12T00:00:00.000Z,Owner-Occupied,14.0,AB,3.0,02/12/2020,Phoenix,Urban,1930 - 1949,,1.0,0.0,120.0,6.0,3.0,7.0,2.5,Cavity_No_insulation,Suspended,Pitched,Double,Yes,Gas,Gas Boiler - Combi,Fire - Gas,,,0.0,2.0,0.0,No,No,3999.0,36593.0,,,,,,,,No,No,Yes,No,None - Installation not recommended,,,,,,,,,,,,,,,,,,,,,,,,,,,,,,,,,,,,,,,,,,,,,,,,House_Semi-Detached_2.0
E.ON,EOH1254,DH1,50.0,Working Full time (>30hrs),Professional,"40,001 - 50,000",2021-03-11T00:00:00.000Z,Owner-Occupied,15.0,C1,5.0,15/03/2021,Energist,Urban,1983 - 1990,,2.0,1.0,120.0,8.0,3.0,8.0,2.4,Cavity_Insulated,Suspended,Pitched,Double,Yes,Gas,Gas Boiler - Combi,,,,0.0,0.0,0.0,No,No,,,7.125,73.45,19412.0,2397.0,0.0,45.0,3.91,Yes,No,Yes,Yes,ASHP,None Required,11853.24,,769.0,12.09,3.02,Yes,22/04/2021,Energist,HT_ASHP,,Vaillant,VWL 75/6 A 230V S2,7.0,R290,,Water_new,150.0,,1.0,8.0,0.0,0.0,none,none,No,0.0,0.0,0.0,No,No,0.0,0.0,,no,6789.0,1701.0,,2500.86,0.0,0.0,0.0,0.0,0.0,0.0,5.0,0.0,House_Detached_2.0
E.ON,EOH1922,NE3,64.0,Working Full time (>30hrs),Professional,"50,001+",2020-08-04T00:00:00.000Z,Owner-Occupied,20.0,AB,4.0,14/10/2020,Phoenix,Suburban,1996 - 2002,,2.0,0.0,90.0,6.0,4.0,11.0,2.4,Cavity_Insulated,Solid,Pitched,Double,Yes,Gas,Gas Boiler - Standard,Fire - Gas,Water,110,0.0,1.0,1.0,No,No,,,5.75,73.822,11529.0,5225.0,996.0,,,Yes,No,Yes,No,ASHP,None Required,12418.73,0.0,852.0,14.3,3.8,No,,,,,,,,,,,,,,,,,,,,,,,,,,,,,,,,,,,,,,,,,House_Detached_2.0
Warmworks,EOH1691,EH14,51.0,Working Part time,Professional,"30,001 - 40,000",2020-07-10T00:00:00.000Z,Owner-Occupied,2.0,C2,2.0,14/08/2020,Warmworks,Suburban,1945-1964,C,1.0,1.0,81.2,5.0,3.0,5.0,2.46,Cavity_Insulated,Suspended,Pitched,Double,Yes,Gas,Gas Boiler - Standard,Fire - Gas,Water,Normal (90-130l),0.0,1.0,1.0,No,No,1919.0,9217.0,,,,,,,,No,No,Yes,No,HT_ASHP,,,,,,,No,,,,,,,,,,,,,,,,,,,,,,,,,,,,,,,,,,,,,,,,,House_Mid-Terrace_2.0
OVO,EOH2358,OX7,45.0,Working Full time (>30hrs),Professional,"50,001+",2021-02-07T00:00:00.000Z,Owner-Occupied,14.0,AB,3.0,24/02/2021,Retrofitworks,Suburban,1945-1964,,2.0,0.0,88.6,3.0,2.0,3.0,2.4,Cavity_Insulated,Suspended,Pitched,Double,Yes,Gas,Gas Boiler - Combi,,,,0.0,0.0,1.0,No,No,,,,,,,,,,,,,,None - Installation not recommended,,,,,,,,,,,,,,,,,,,,,,,,,,,,,,,,,,,,,,,,,,,,,,,,House_Detached_1.0
E.ON,EOH2219,NE27,,Working Full time (>30hrs),Skilled Manual Worker,"40,001 - 50,000",2021-02-08T00:00:00.000Z,Owner-Occupied,13.0,C2,4.0,26/02/2021,Phoenix,Urban,1930 - 1949,,2.0,2.0,95.0,5.0,3.0,8.0,2.3,Cavity_Insulated,Mix,Pitched,Double,Yes,Gas,Gas Boiler - Combi,Fire - Wood,,,0.0,0.0,0.0,No,No,,,,,,,,,,No,No,No,No,None - Installation not recommended,,,,,,,,,,,,,,,,,,,,,,,,,,,,,,,,,,,,,,,,,,,,,,,,House_Semi-Detached_2.0
Warmworks,EOH0172,EH42,45.0,Working Full time (>30hrs),Manager,"50,001+",2020-08-29T00:00:00.000Z,Owner-Occupied,17.0,AB,5.0,22/09/2020,Warmworks,Suburban,2001+,B,2.0,2.0,166.26,6.0,4.0,6.0,2.6,Cavity_Insulated,Solid,Pitched,Double,Yes,Gas,Gas Boiler - Standard,,Water,Medium (131-170l),0.0,0.0,1.0,No,No,,,9.1,79.0,24938.0,4776.0,0.0,50.0,3.92,Yes,Yes,Yes,Yes,HT_ASHP,,,,1316.94,15.0,5.0,Yes,26/04/2021,Everwarm,HT_ASHP,,Vaillant,VWL 125/6 A 230V S2,12.0,R290,0.0,Water_New,200.0,,1.0,,11.0,0.0,,Low Noise Heat Pump,No,0.0,0.0,0.0,No,No,0.0,0.0,,No,17943.13,3572.208,1610.23,2976.33,,,,,,,3.0,0.0,House_Detached_2.0
Warmworks,EOH3065,TD1,36.0,Working Full time (>30hrs),Professional,"50,001+",2020-07-15T00:00:00.000Z,Owner-Occupied,3.0,C1,4.0,26/03/2021,Warmworks,Rural,2001+,D,2.0,1.0,203.22,7.0,4.0,7.0,2.48,Cavity_Insulated,Solid,Pitched,Double,No,LPG,LPG Boiler,,,,0.0,0.0,1.0,No,No,4412.3,,,,,,,,,Yes,Yes,Yes,Yes,None - Installation not recommended,,,,,,,,,,,,,,,,,,,,,,,,,,,,,,,,,,,,,,,,,,,,,,,,House_Detached_2.0
OVO,EOH2723,TN40,40.0,Working Full time (>30hrs),Professional,"40,001 - 50,000",2020-07-08T00:00:00.000Z,Owner-Occupied,8.0,C2,3.0,04/12/2020,Retrofitworks,Suburban,1945-1964,,2.0,2.0,89.39,4.0,2.0,4.0,2.46,Cavity_No_insulation,Suspended,Pitched,Double,Yes,Gas,Gas Boiler - Standard,,,,0.0,0.0,0.0,Yes - Ground Loop,Yes,4137.0,10670.0,,,,,,,,Yes with additional measures,No,Yes with additional measures,Yes with additional measures,,,,,,,,No,,,,,,,,,,,,,,,,,,,,,,,,,,,,,,,,,,,,,,,,,House_Detached_1.0
E.ON,EOH0227,DH1,74.0,Retired,Pensioner,"40,001 - 50,000",2021-02-25T00:00:00.000Z,Owner-Occupied,22.0,DE,5.0,04/03/2021,Energist,Urban,1983 - 1990,,2.0,0.0,120.0,10.0,4.0,10.0,2.4,Cavity_Insulated,Suspended,Pitched,Double,Yes,Gas,Gas Boiler - Standard,,Water,150,0.0,0.0,0.0,No,No,,,5.876,50.66,16435.0,3496.0,0.0,45.0,3.91,Yes,No,Yes,Yes,ASHP,None Required,13705.33,,858.0,12.9,3.5,Yes,17/05/2021,Energist,HT_ASHP,,Vaillant,VWL 75/6 A 230V S2,7.0,R290,,Water_new,250.0,,1.0,11.0,0.0,0.0,none,none,No,0.0,0.0,0.0,No,No,0.0,0.0,,no,5889.0,1752.0,,3055.84,0.0,0.0,0.0,0.0,0.0,0.0,4.0,0.0,House_Detached_2.0
Warmworks,EOH3072,EH5,41.0,Working Part time,Professional,"50,001+",2021-04-29T00:00:00.000Z,Owner-Occupied,8.0,C1,5.0,25/05/2021,Warmworks,Urban,1919-1944,C,2.0,2.0,115.83,5.0,3.0,5.0,2.51,Cavity_Insulated,Suspended,Pitched,Double,Yes,Gas,Gas Boiler - Combi,Fire - Wood,,,0.0,0.0,1.0,No,No,,,8.5,,15570.0,4075.0,156.0,,,Yes,No,Yes,Yes,HT_ASHP,,,,1118.0,14.0,,No,,,,,,,,,,,,,,,,,,,,,,,,,,,,,,,,,,,,,,,,,House_End-Terrace_2.0
OVO,EOH1890,PO35,73.0,Retired,Pensioner,"20,001 - 25,000",2020-10-28T00:00:00.000Z,Owner-Occupied,14.0,DE,4.0,01/02/2021,Retrofitworks,Rural,1945-1964,,2.0,0.0,68.0,4.0,2.0,5.0,2.35,Cavity_Insulated,Solid,Pitched,Double,No,Electricity,Electric - Storage,,Water,120,0.0,0.0,0.0,No,No,,,,,,,,,,,,,,None - Installation not recommended,,,,,,,,,,,,,,,,,,,,,,,,,,,,,,,,,,,,,,,,,,,,,,,,House_Detached_2.0
Warmworks,EOH0800,KY11,60.0,Working Full time (>30hrs),Casual worker,"20,001 - 25,000",2021-03-29T00:00:00.000Z,Owner-Occupied,14.0,DE,2.0,24/05/2021,Warmworks,Suburban,2001+,C,3.0,0.0,221.68,10.0,5.0,10.0,2.48,Cavity_Insulated,Solid,Pitched,Double,Yes,Gas,Gas Boiler - Standard,,Water,Large (> 170l),0.0,0.0,0.0,No,No,,,,,,,,,,Yes,No,Yes,Yes,HT_ASHP,,,,,,,No,,,,,,,,,,,,,,,,,,,,,,,,,,,,,,,,,,,,,,,,,House_Detached_2.0
Warmworks,EOH2558,FK2,46.0,Working Full time (>30hrs),Professional,"50,001+",2020-08-06T00:00:00.000Z,Owner-Occupied,10.0,AB,3.0,06/05/2021,Warmworks,Suburban,2001+,C,3.0,0.0,188.79,8.0,5.0,8.0,2.4,Cavity_Insulated,Suspended,Pitched,Double,Yes,Gas,Gas Boiler - Combi,Fire - Wood,,,0.0,0.0,1.0,Yes - Borehole,Yes,,,,,,,,,,Yes,Yes,Yes,Yes,None - Installation not recommended,,,,,,,,,,,,,,,,,,,,,,,,,,,,,,,,,,,,,,,,,,,,,,,,House_Detached_2.0
E.ON,EOH0472,NE3,55.0,Working Full time (>30hrs),Manager,"50,001+",2020-09-17T00:00:00.000Z,Owner-Occupied,24.0,AB,4.0,03/11/2020,Phoenix,Urban,1983 - 1990,,2.0,0.0,110.0,5.0,4.0,6.0,2.4,Cavity_Insulated,Solid,Pitched,Double,Yes,Gas,Gas Boiler - Standard,Fire - Gas,Water,110,0.0,1.0,1.0,No,No,5711.0,17064.0,8.01,72.81,16040.5,5609.0,834.0,,,No,No,Yes,No,HT_ASHP,None Required,17904.93,0.0,1099.0,14.3,3.8,Yes,,,,,,,,,,,,,,,,,,,,,,,,,,,,,,,,,,,,,,,,,House_Detached_2.0
OVO,EOH0288,BN18,71.0,Retired,Pensioner,"40,001 - 50,000",2020-07-02T00:00:00.000Z,Owner-Occupied,25.0,DE,3.0,09/11/2020,Retrofitworks,Rural,1919-1944,,2.0,0.0,202.46,8.0,4.0,12.0,2.73,Cavity_No_insulation,Mix,Pitched,Double,Yes,Gas,Gas Boiler - Combi,Electric - Direct,,,2.0,0.0,0.0,No,No,11148.0,22491.0,,,,,,,,Yes with additional measures,No,Yes with additional measures,Yes with additional measures,None - Installation not recommended,Loft Insulation; Wall insulation; Draft Proofing,10500.0,6890.0,1120.0,,,,,,,,,,,,,,,,,,,,,,,,,,,,,,,,,,,,,,,,,,,,House_Detached_2.0
OVO,EOH0374,OX44,38.0,Working Full time (>30hrs),Professional,Prefer not to say,2020-10-03T00:00:00.000Z,Owner-Occupied,6.0,AB,4.0,29/03/2021,Retrofitworks,Suburban,1965-1980,,2.0,2.0,92.0,8.0,4.0,8.0,2.4,Cavity_Insulated,Solid,Pitched,Double,Yes,Gas,Gas Boiler - Standard,,Water,120,0.0,0.0,1.0,No,No,,,,,,,,,,,,,,None - Installation not recommended,,,,,,,,,,,,,,,,,,,,,,,,,,,,,,,,,,,,,,,,,,,,,,,,House_Detached_2.0
E.ON,EOH1500,NE4,51.0,Working Full time (>30hrs),Skilled Manual Worker,"30,001 - 40,000",2021-01-07T00:00:00.000Z,Owner-Occupied,12.0,C2,3.0,26/01/2021,Phoenix,Urban,1900 - 1929,,2.0,2.0,148.0,7.0,4.0,10.0,2.6,Solid_No_insulation,Suspended,Pitched,Double,Yes,Gas,Gas Boiler - Combi,Fire - Gas,,,0.0,1.0,0.0,No,No,5490.0,12441.0,,,,,,,,No,No,No,No,None - Installation not recommended,,,,,,,,,,,,,,,,,,,,,,,,,,,,,,,,,,,,,,,,,,,,,,,,House_Semi-Detached_2.0
E.ON,EOH0315,NE5,29.0,Unemployed,Unemployed/Benefits,Prefer not to say,2021-05-21T00:00:00.000Z,Owner-Occupied,2.0,DE,3.0,28/05/2021,Phoenix,Urban,1950 - 1966,D,1.0,1.0,99.0,4.0,3.0,6.0,2.3,Cavity_Insulated,Solid,Pitched,Double,No,Electricity,Electric - Storage,,Water,110,0.0,0.0,0.0,No,No,,,4.29,43.33,9662.8,4002.0,181.0,50.0,3.4,Yes,No,Yes,Yes,ASHP,"Loft insulation, Barrier",10996.03,800.0,607.0,14.3,3.8,Yes,18/06/2021,Aaron services,ASHP,,Daikin,EDLQ05CAV3,5.0,R410A,,Water_new,250.0,,1.0,8.0,0.0,0.0,none,barrier,No,0.0,0.0,0.0,No,Yes,0.0,0.0,,no,5335.24,1752.0,,2501.0,0.0,500.0,0.0,0.0,0.0,0.0,3.0,0.5,House_Mid-Terrace_2.0
OVO,EOH3160,TN4,60.0,Working Full time (>30hrs),Casual worker,"30,001 - 40,000",2020-07-17T00:00:00.000Z,Owner-Occupied,25.0,DE,3.0,30/11/2020,Retrofitworks,Urban,Pre 1919,,3.0,0.0,179.97,6.0,3.0,6.0,2.41,Solid_No_insulation,Solid,Pitched,Double,Yes,Gas,Gas Boiler - Combi,Gas - Warm air,,,2.0,3.0,1.0,No,No,5559.0,28038.0,,,,,,,,Yes with additional measures,No,Yes with additional measures,Yes with additional measures,,Loft Insulation; Wall insulation,10500.0,24330.0,520.0,,,No,,,,,,,,,,,,,,,,,,,,,,,,,,,,,,,,,,,,,,,,,House_Detached_3.0
OVO,EOH3180,KT6,36.0,Working Full time (>30hrs),Professional,"50,001+",2020-07-02T00:00:00.000Z,Owner-Occupied,3.0,C1,2.0,23/10/2020,Retrofitworks,Suburban,1919-1944,D,2.0,2.0,131.43,5.0,3.0,5.0,2.8,Solid_No_insulation,Suspended,Pitched,Double,Yes,Gas,Gas Boiler - Standard,,Water,140,1.0,0.0,0.0,Yes - Borehole,Yes,2270.3,,13.33,101.6,35828.65,9855.0,3761.45,,,No,No,No,No,None - Installation not recommended,,,,2262.25,14.0,,,,,,,,,,,,,,,,,,,,,,,,,,,,,,,,,,,,,,,,,,,House_Semi-Detached_2.0
Warmworks,EOH2535,EH14,58.0,Working Part time,Manager,"50,001+",2020-06-29T00:00:00.000Z,Owner-Occupied,14.0,C1,4.0,27/07/2020,Everwarm,Suburban,1945-1964,C,2.0,2.0,179.51,7.0,4.0,7.0,2.4,Cavity_Insulated,Suspended,Pitched,Double,Yes,Gas,Gas Boiler - Combi,Fire - Gas,,,0.0,1.0,1.0,No,No,2052.0,,12.8,92.0,34744.0,4776.0,0.0,,,No,No,Yes,No,None - Installation not recommended,,,,3201.56,18.68,,,,,,,,,,,,,,,,,,,,,,,,,,,,,,,,,,,,,,,,,,,House_Semi-Detached_2.0
OVO,EOH1361,ME9,30.0,Working Full time (>30hrs),Professional,"40,001 - 50,000",2020-07-13T00:00:00.000Z,Owner-Occupied,1.0,AB,4.0,05/01/2021,Retrofitworks,Suburban,Pre 1919,,2.0,0.0,72.0,4.0,2.0,4.0,2.4,Solid_No_insulation,Suspended,Pitched,Double,No,Oil,Oil Boiler,,Water,100,0.0,0.0,0.0,No,No,,,,,,,,,,,,,,None - Installation not recommended,,,,,,,,,,,,,,,,,,,,,,,,,,,,,,,,,,,,,,,,,,,,,,,,House_Mid-Terrace_2.0
E.ON,EOH0621,NE3,57.0,Working Full time (>30hrs),Manager,Prefer not to say,2020-08-18T00:00:00.000Z,Owner-Occupied,20.0,AB,1.0,21/10/2020,Phoenix,Urban,1950 - 1966,,2.0,2.0,117.0,6.0,4.0,12.0,2.7,Cavity_Insulated,Suspended,Pitched,Single,Yes,Gas,Gas Boiler - Combi,Fire - Gas,,,0.0,1.0,0.0,No,No,,40000.0,,,,,,,,No,No,No,No,None - Installation not recommended,,,,,,,,,,,,,,,,,,,,,,,,,,,,,,,,,,,,,,,,,,,,,,,,House_Semi-Detached_2.0
Warmworks,EOH2153,EH16,44.0,Working Full time (>30hrs),Professional,"50,001+",2020-06-30T00:00:00.000Z,Owner-Occupied,9.0,AB,2.0,14/07/2020,Warmworks,Suburban,1991-2000,C,2.0,3.0,145.76,6.0,4.0,6.0,2.38,Cavity_Insulated,Solid,Pitched,Double,Yes,Gas,Gas Boiler - Standard,,Water,Medium (131-170l),0.0,0.0,1.0,No,No,3201.0,,10.5,88.0,30463.0,3821.0,0.0,50.0,3.65,Yes,No,Yes with additional measures,Yes,HT_ASHP,,,,1137.86,16.0,,Yes,12/10/2020,Everwarm,HT_ASHP,,Vaillant,VWL 75/6 A 230V S2,7.0,R290,0.0,Water_New,200.0,,1.0,,7.0,0.0,,Low Noise Heat Pump,No,0.0,0.0,0.0,No,Yes,0.0,0.0,,No,11215.18,3572.21,1610.23,1894.03,,408.41,,,,,2.0,19.0,House_Semi-Detached_2.0
E.ON,EOH1394,NE3,29.0,Working Full time (>30hrs),Professional,"50,001+",2021-01-26T00:00:00.000Z,Owner-Occupied,0.9,AB,5.0,09/02/2021,Phoenix,Urban,1967 - 1975,D,2.0,0.0,102.0,5.0,3.0,7.0,2.4,Cavity_Insulated,Suspended,Pitched,Double,Yes,Gas,Gas Boiler - Combi,,,,0.0,0.0,0.0,No,No,,,,,,,,,,,,,,None - Installation not recommended,,,,,,,No,,,,,,,,,,,,,,,,,,,,,,,,,,,,,,,,,,,,,,,,,House_Detached_2.0
Warmworks,EOH2885,EH15,48.0,Working Full time (>30hrs),Professional,Prefer not to say,2021-04-01T00:00:00.000Z,Owner-Occupied,5.0,AB,1.0,18/04/2021,Everwarm,Urban,Pre 1919,D,3.0,1.0,136.81,6.0,4.0,6.0,2.75,Cavity_No_insulation,Suspended,Pitched,Double,Yes,Gas,Gas Boiler - Combi,Fire - Wood,,,0.0,0.0,1.0,No,No,6073.0,25759.0,,,,,,,,Yes,No,Yes,Yes,None - Installation not recommended,,,,,,,,,,,,,,,,,,,,,,,,,,,,,,,,,,,,,,,,,,,,,,,,House_End-Terrace_2.0
Warmworks,EOH0361,EH45,57.0,Working Full time (>30hrs),Professional,"40,001 - 50,000",2020-07-30T00:00:00.000Z,Owner-Occupied,30.0,C1,2.0,03/09/2020,Warmworks,Rural,1965-1980,C,2.0,1.0,102.4,4.0,3.0,4.0,2.6,Cavity_No_insulation,Suspended,Pitched,Double,Yes,Gas,Gas Boiler - Combi,,,,0.0,0.0,1.0,No,No,4074.0,17459.0,3.8,48.0,10352.0,4075.0,1746.0,,,Yes,No,Yes,Yes,ASHP,,,,907.0,14.0,3.0,No,,,,,,,,,,,,,,,,,,,,,,,,,,,,,,,,,,,,,,,,,House_Mid-Terrace_2.0
Warmworks,EOH0549,EH42,40.0,Working Part time,Skilled Manual Worker,"30,001 - 40,000",2020-07-27T00:00:00.000Z,Owner-Occupied,4.0,C2,4.0,11/09/2020,Warmworks,Rural,Pre 1919,D,2.0,1.0,112.24,4.0,3.0,4.0,2.7,Cavity_No_insulation,Suspended,Pitched,Double,No,Oil,Oil Boiler,Fire - Wood,Water,Medium (131-170l),0.0,0.0,0.0,Yes - Borehole,Yes,,,,,,,,,,No,Yes,Yes,No,GSHP,,,,,,,No,,,,,,,,,,,,,,,,,,,,,,,,,,,,,,,,,,,,,,,,,House_Detached_1.0
OVO,EOH1799,RG7,60.0,Retired,Pensioner,Prefer not to say,2020-07-09T00:00:00.000Z,Owner-Occupied,19.0,DE,4.0,15/02/2021,Retrofitworks,Suburban,1991-2000,,2.0,0.0,191.51,12.0,4.0,12.0,2.65,Cavity_Insulated,Solid,Pitched,Double,Yes,Gas,Gas Boiler - Standard,,Water,150,0.0,1.0,1.0,No,No,,,,,,,,,,,,,,,,,,,,,No,,,,,,,,,,,,,,,,,,,,,,,,,,,,,,,,,,,,,,,,,House_Detached_2.0
Warmworks,EOH2259,TD1,47.0,Working Full time (>30hrs),Professional,Prefer not to say,2021-04-05T00:00:00.000Z,Owner-Occupied,8.0,C1,1.0,25/05/2021,Warmworks,Urban,1991-2000,C,2.0,0.0,241.14,9.0,6.0,9.0,2.6,Cavity_Insulated,Suspended,Pitched,Double,Yes,Gas,Gas Boiler - Standard,,Water,Large (> 170l),0.0,0.0,1.0,No,No,,,,,,,,,,Yes,No,Yes,Yes,HT_ASHP,,,,,,,No,,,,,,,,,,,,,,,,,,,,,,,,,,,,,,,,,,,,,,,,,House_Detached_3.0
Warmworks,EOH2489,EH7,34.0,Working Full time (>30hrs),Professional,"30,001 - 40,000",2020-08-09T00:00:00.000Z,Owner-Occupied,1.0,C2,3.0,10/12/2020,Everwarm,Urban,Pre 1919,C,1.0,0.0,38.61,2.0,1.0,2.0,2.88,Cavity_No_insulation,Suspended,Another Dwelling Above,Double,Yes,Gas,Gas Boiler - Combi,,,,0.0,0.0,1.0,No,No,645.0,5153.0,,,,,,,,Yes,No,Yes,No,None - Installation not recommended,,,,,,,,,,,,,,,,,,,,,,,,,,,,,,,,,,,,,,,,,,,,,,,,Flat_Flat_1.0
Warmworks,EOH0655,TD1,43.0,Working Full time (>30hrs),Supervisor,"40,001 - 50,000",2020-06-29T00:00:00.000Z,Owner-Occupied,8.0,C1,2.0,19/07/2020,Everwarm,Suburban,1945-1964,D,2.0,1.0,117.59,5.0,3.0,5.0,2.45,Cavity_Insulated,Suspended,Pitched,Double,Yes,Gas,Gas Boiler - Combi,Fire - Wood,,,0.0,0.0,0.0,No,No,3249.3,14571.0,7.0,80.0,19067.0,3821.0,0.0,50.0,3.65,Yes,No,Yes with additional measures,No,HT_ASHP,,,,1069.69,15.0,,Yes,15/10/2020,Everwarm,HT_ASHP,,Vaillant,VWL 75/6 A 230V S2,7.0,R290,0.0,Water_New,150.0,,1.0,,7.0,0.0,,Low Noise Heat Pump,No,0.0,0.0,0.0,No,No,0.0,0.0,,No,11215.18,3508.27,1610.23,1894.03,,,,,,,2.0,0.0,House_Semi-Detached_2.0
OVO,EOH0872,SL4,29.0,Working Full time (>30hrs),Supervisor,"50,001+",2020-10-25T00:00:00.000Z,Owner-Occupied,6.0,C1,3.0,03/02/2021,Retrofitworks,Suburban,2001+,,3.0,0.0,85.74,4.0,3.0,4.0,2.4,Cavity_Insulated,Solid,Pitched,Double,Yes,Gas,Gas Boiler - Standard,,Water,100,0.0,0.0,1.0,No,No,,,,,,,,,,,,,,None - Installation not recommended,,,,,,,,,,,,,,,,,,,,,,,,,,,,,,,,,,,,,,,,,,,,,,,,House_End-Terrace_2.0
E.ON,EOH2794,NE3,47.0,Working Part time,Skilled Manual Worker,"25,001 - 30,000",2021-01-14T00:00:00.000Z,Owner-Occupied,8.0,C2,3.0,05/02/2021,Phoenix,Urban,1967 - 1975,,3.0,3.0,130.0,8.0,4.0,12.0,2.6,Cavity_Insulated,Suspended,Pitched,Double,Yes,Gas,Gas Boiler - Combi,,,,0.0,0.0,1.0,No,No,,,,,,,,,,No,No,No,No,None - Installation not recommended,,,,,,,,,,,,,,,,,,,,,,,,,,,,,,,,,,,,,,,,,,,,,,,,House_Semi-Detached_2.0
Warmworks,EOH0746,TD7,33.0,Unfit for work,Professional,"16,201 - 20,000",2021-04-20T00:00:00.000Z,Owner-Occupied,11.0,C1,4.0,18/05/2021,Warmworks,Suburban,1991-2000,C,,,58.93,2.0,1.0,2.0,2.6,Cavity_Insulated,Solid,Pitched,Double,Yes,,Gas Boiler - Combi,,,,0.0,0.0,0.0,No,No,,,5.0,73.0,2624.0,4075.0,156.0,50.0,3.58,Yes,No,Yes,Yes,ASHP,,,,520.0,14.0,,Yes,11/06/2021,TK Murray,ASHP,,Mitsubishi,PUHZ-W50VHA2,5.0,R410A,0.0,Water_New,150.0,,1.0,6.0,,0.0,,Low Noise Heat Pump,No,0.0,0.0,0.0,Yes,No,0.0,0.0,,No,7655.16,3508.272,1610.23,1623.45,,,,,,,1.0,0.0,House_Mid-Terrace_1.0
Warmworks,EOH2945,EH41,55.0,Working Full time (>30hrs),Manager,"50,001+",2020-08-27T00:00:00.000Z,Owner-Occupied,11.0,C1,5.0,26/04/2021,Warmworks,Suburban,1945-1964,D,2.0,0.0,130.25,6.0,3.0,6.0,2.8,Cavity_Insulated,Suspended,Pitched,Double,Yes,Gas,Gas Boiler - Combi,Fire - Wood,,,0.0,0.0,0.0,Yes - Ground Loop,Yes,,,8.4,77.0,21237.0,3937.0,0.0,,,Yes,Yes,Yes,Yes,GSHP,,,,1370.4,18.0,5.0,Yes,16/08/2021,Everwarm,GSHP,Individual_Groundloop,Vaillant,VWF 87/4,8.0,R410A,,Water_New,200.0,,1.0,14.0,,0.0,,,No,0.0,0.0,0.0,No,No,0.0,0.0,,No,38728.62,3572.208,1610.23,3788.06,,,,,,,3.0,0.0,House_Detached_2.0
Warmworks,EOH1975,EH32,55.0,Working Full time (>30hrs),Manager,"50,001+",2020-08-15T00:00:00.000Z,Owner-Occupied,14.0,C2,3.0,22/10/2020,Warmworks,Suburban,1919-1944,D,2.0,0.0,94.5,5.0,3.0,5.0,,Cavity_Insulated,Solid,Pitched,Double,Yes,Gas,Gas Boiler - Combi,Gas Boiler - Combi,,,0.0,0.0,1.0,No,No,2400.0,,5.5,67.4,16990.0,3566.0,1237.0,,,Yes,No,Yes,No,ASHP,,,,1128.0,14.0,3.0,Yes,,,,,,,,,,,,,,,,,,,,,,,,,,,,,,,,,,,,,,,,,House_End-Terrace_2.0
OVO,EOH2387,BN2,53.0,Working Part time,Professional,"0 - 12,500",2020-09-16T00:00:00.000Z,Owner-Occupied,18.0,C2,1.0,19/01/2021,Retrofitworks,Suburban,1919-1944,,1.0,0.0,76.0,5.0,2.0,5.0,2.4,Cavity_Insulated,Suspended,Pitched,Double,Yes,Gas,Gas Boiler - Combi,,,,0.0,0.0,1.0,No,No,,,,,,,,,,,,,,None - Installation not recommended,,,,,,,,,,,,,,,,,,,,,,,,,,,,,,,,,,,,,,,,,,,,,,,,House_Mid-Terrace_2.0
OVO,EOH3199,HP18,35.0,Working Full time (>30hrs),Manager,"50,001+",2020-07-18T00:00:00.000Z,Owner-Occupied,3.0,AB,3.0,23/02/2021,Retrofitworks,Rural,2001+,,2.0,2.0,177.16,7.0,5.0,7.0,2.4,Cavity_Insulated,Solid,Pitched,Double,Yes,Gas,Gas Boiler - Standard,,Water,170,0.0,0.0,0.0,No,No,,,,,,,,,,,,,,None - Installation not recommended,,,,,,,,,,,,,,,,,,,,,,,,,,,,,,,,,,,,,,,,,,,,,,,,House_Detached_2.0
E.ON,EOH0257,NE15,62.0,Retired,Pensioner,"16,201 - 20,000",2020-10-14T00:00:00.000Z,Owner-Occupied,22.0,DE,2.0,03/11/2020,Phoenix,Unknown,1976 - 1982,,2.0,0.0,68.0,4.0,3.0,4.0,2.38,Cavity_Insulated,Suspended,Pitched,Double,Yes,Gas,Gas Boiler - Combi,Unknown,,,0.0,0.0,1.0,No,No,3000.0,8500.0,6.34,91.86,14063.0,2692.0,145.0,45.0,3.57,Yes,No,Yes,Yes,ASHP,None Required,11678.78,,696.0,14.3,3.8,Yes,19/03/2021,Aaron Services,ASHP,,Daikin,EDLQ07CAV3,7.0,R410A,,Water_new,200.0,,1.0,8.0,0.0,0.0,none,none,No,0.0,0.0,0.0,No,No,0.0,0.0,,no,5648.01,1752.34,,2500.86,0.0,0.0,0.0,0.0,0.0,0.0,4.0,0.0,House_Detached_2.0
OVO,EOH3020,SO53,39.0,Working Full time (>30hrs),Manager,"50,001+",2020-10-08T00:00:00.000Z,Owner-Occupied,9.0,C1,3.0,24/02/2021,Retrofitworks,Suburban,1945-1964,,2.0,3.0,92.0,7.0,3.0,7.0,2.4,Cavity_Insulated,Solid,Pitched,Double,Yes,Gas,,Fire - Gas,,,0.0,1.0,1.0,No,No,,,,,,,,,,,,,,None - Installation not recommended,,,,,,,,,,,,,,,,,,,,,,,,,,,,,,,,,,,,,,,,,,,,,,,,House_Semi-Detached_2.0
E.ON,EOH2703,NE3,,Prefer not to say,Prefer not to say,Prefer not to say,2020-09-24T00:00:00.000Z,Rented (Social),0.9,DE,1.0,11/01/2021,E.ON,Suburban,1967 - 1975,,1.0,0.0,37.6,2.0,1.0,5.0,2.3,Solid_Insulated,Solid,Pitched,Double,No,Electricity,Electric - Storage,,Water,80,0.0,0.0,0.0,Yes - Borehole,Yes,,,2.463,65.5,6056.0,1910.0,191.0,,,No,Yes,No,No,GSHP,None Required,,14707.5,351.09,14.3,,Yes,22/10/2021,Groundheat,GSHP,Shared_Groundloop,Vaillant,20260514,3.0,R410A,900.0,Water_new,100.0,,1.0,6.0,0.0,0.0,none,none,No,0.0,0.0,0.0,No,No,0.0,0.0,,no,11605.06,1702.0,,2130.0,0.0,0.0,0.0,0.0,0.0,0.0,84.0,0.0,Flat_Flat_1.0
E.ON,EOH1822,NE13,60.0,Working Part time,Professional,"50,001+",2020-11-19T00:00:00.000Z,Owner-Occupied,19.0,AB,5.0,11/12/2020,Phoenix,Urban,1983 - 1990,,2.0,0.0,80.0,4.0,2.0,6.0,2.4,Cavity_Insulated,Suspended,Pitched,Double,Yes,Gas,Gas Boiler - Combi,Fire - Wood,,,0.0,,1.0,No,No,,,,,,,,,,Yes with additional measures,No,Yes with additional measures,Yes with additional measures,None - Installation not recommended,,,,,,,,,,,,,,,,,,,,,,,,,,,,,,,,,,,,,,,,,,,,,,,,House_Semi-Detached_2.0
Warmworks,EOH1309,EH5,60.0,Working Full time (>30hrs),Professional,"50,001+",2020-08-05T00:00:00.000Z,Owner-Occupied,22.0,C1,2.0,16/09/2020,Warmworks,Suburban,Pre 1919,D,3.0,1.0,184.88,6.0,4.0,6.0,3.2,Cavity_No_insulation,Suspended,Another Dwelling Above,Double,Yes,Gas,Gas Boiler - Standard,Gas Boiler - Standard,Water,Medium (131-170l),4.0,0.0,1.0,Yes - Borehole,Yes,8397.0,35670.0,,,,,,,,No,Yes,Yes,Yes,GSHP,,,,,,,No,,,,,,,,,,,,,,,,,,,,,,,,,,,,,,,,,,,,,,,,,Flat_Flat_1.0
OVO,EOH2162,PO15,48.0,Working Full time (>30hrs),Manager,"50,001+",2020-07-08T00:00:00.000Z,Owner-Occupied,9.0,AB,5.0,23/03/2021,Retrofitworks,Rural,1991-2000,,2.0,2.0,277.5,6.0,5.0,6.0,2.5,Cavity_Insulated,Solid,Pitched,Double,Yes,Gas,Gas Boiler - Standard,Fire - Wood,Water,200,0.0,0.0,1.0,No,No,,,,,,,,,,,,,,None - Installation not recommended,,,,,,,,,,,,,,,,,,,,,,,,,,,,,,,,,,,,,,,,,,,,,,,,House_Detached_2.0
OVO,EOH3173,RH8,35.0,Working Full time (>30hrs),Professional,Prefer not to say,2020-10-09T00:00:00.000Z,Owner-Occupied,4.0,AB,3.0,11/11/2020,Retrofitworks,Suburban,2001+,,2.0,1.0,128.0,10.0,3.0,9.0,2.42,Cavity_Insulated,Suspended,Pitched,Double,Yes,Gas,Gas Boiler - Standard,,Water,170,10.0,0.0,1.0,No,Yes,,,,,,,,,,,,,,None - Installation not recommended,,,,,,,,,,,,,,,,,,,,,,,,,,,,,,,,,,,,,,,,,,,,,,,,House_End-Terrace_3.0
Warmworks,EOH0178,G33,48.0,Working Full time (>30hrs),Professional,Prefer not to say,2021-03-26T00:00:00.000Z,Owner-Occupied,16.0,AB,5.0,22/04/2021,Everwarm,Suburban,2001+,B,2.0,1.0,141.56,7.0,4.0,7.0,2.41,Cavity_Insulated,Solid,Pitched,Double,Yes,Gas,Gas Boiler - Standard,,Water,Normal (90-130l),0.0,0.0,0.0,Yes - Borehole,Yes,,,7.3,,18016.0,4775.0,0.0,,,Yes,Yes,Yes,Yes,GSHP,,,,1011.34,18.0,5.0,No,,,,,,,,,,,,,,,,,,,,,,,,,,,,,,,,,,,,,,,,,House_Detached_2.0
E.ON,EOH1342,NE3,32.0,Working Full time (>30hrs),Professional,"30,001 - 40,000",2020-11-25T00:00:00.000Z,Owner-Occupied,0.9,AB,5.0,18/01/2021,Phoenix,Urban,1983 - 1990,D,3.0,0.0,85.0,4.0,2.0,7.0,2.4,Cavity_Insulated,Suspended,Pitched,Double,Yes,Gas,Gas Boiler - Combi,,,,0.0,0.0,0.0,No,No,1434.0,14178.0,,,,,,,,Yes,No,Yes,Yes,None - Installation not recommended,,,,,,,,,,,,,,,,,,,,,,,,,,,,,,,,,,,,,,,,,,,,,,,,House_Semi-Detached_2.0
Warmworks,EOH0735,KY11,44.0,Working Full time (>30hrs),Professional,"50,001+",2020-07-30T00:00:00.000Z,Owner-Occupied,0.5,AB,4.0,25/09/2020,Warmworks,Suburban,2001+,A,3.0,0.0,139.76,6.0,4.0,6.0,2.6,Cavity_Insulated,Solid,Pitched,Double,Yes,Gas,Gas Boiler - Standard,,Water,Large (> 170l),0.0,0.0,0.0,Yes - Borehole,Yes,,,7.0,39.0,13060.0,4495.0,0.0,45.0,3.91,Yes,Yes,Yes,Yes,GSHP,,,,967.0,16.36,,Yes,18/08/2021,mcinnesplumbing,HT_ASHP,,Vaillant,VWL 75/6 A 230V S2,7.0,R290,0.0,PCM_New,,10.5,2.0,,11.0,0.0,,Low Noise Heat Pump,No,0.0,0.0,0.0,No,No,0.0,0.0,,No,11215.18,3454.91,1610.23,2976.34,,,,,,,2.0,0.0,House_Detached_2.0
OVO,EOH2033,PO4,31.0,Working Full time (>30hrs),Manager,"50,001+",2020-07-05T00:00:00.000Z,Owner-Occupied,5.0,AB,3.0,22/01/2021,Retrofitworks,Suburban,Pre 1919,,2.0,1.0,85.0,5.0,3.0,6.0,2.7,Cavity_No_insulation,Suspended,Pitched,Double,Yes,Gas,Gas Boiler - Combi,,,,0.0,0.0,0.0,No,No,,,,,,,,,,,No,,,None - Installation not recommended,,,,,,,,,,,,,,,,,,,,,,,,,,,,,,,,,,,,,,,,,,,,,,,,House_Mid-Terrace_2.0
Warmworks,EOH1958,EH39,43.0,Working Full time (>30hrs),Professional,Prefer not to say,2021-05-01T00:00:00.000Z,Owner-Occupied,2.0,AB,2.0,24/06/2021,Warmworks,Rural,1919-1944,F,2.0,2.0,120.74,4.0,3.0,4.0,2.4,Cavity_No_insulation,Suspended,Pitched,Double,No,LPG,LPG Boiler,,Water,Medium (131-170l),0.0,0.0,0.0,No,No,,,,,,,,,,Yes,No,Yes,Yes,None - Installation not recommended,,,,,,,,,,,,,,,,,,,,,,,,,,,,,,,,,,,,,,,,,,,,,,,,House_Detached_2.0
OVO,EOH0073,BN25,61.0,Working Part time,Casual worker,"30,001 - 40,000",2021-03-16T00:00:00.000Z,Owner-Occupied,19.0,DE,4.0,26/03/2021,Retrofitworks,Suburban,1919-1944,,2.0,0.0,113.0,7.0,3.0,7.0,2.4,Cavity_Insulated,Solid,Pitched,Double,Yes,Gas,Gas Boiler - Combi,,,,0.0,0.0,0.0,No,No,,,5.6,49.55,12762.0,2889.0,156.0,45.0,3.84,Yes,No,Yes,Yes,ASHP,,14584.66,0.0,783.0,15.0,,Yes,10/03/2021,OHM Energy,ASHP,,Mitsubishi,PUZ-WM85VAA,8.5,R32,,Water_New,200.0,,1.0,0.0,0.0,0.0,,,No,0.0,0.0,0.0,No,No,0.0,0.0,,No,7774.66,2300.0,3960.52,0.0,0.0,0.0,0.0,0.0,0.0,0.0,4.0,0.0,House_Detached_2.0
OVO,EOH2586,TN3,47.0,Working Full time (>30hrs),Professional,"50,001+",2021-02-05T00:00:00.000Z,Owner-Occupied,11.0,C1,4.0,16/02/2021,Retrofitworks,Suburban,1945-1964,,2.0,0.0,189.41,9.0,4.0,9.0,2.4,Cavity_Insulated,Solid,Pitched,Double,No,Oil,Oil Boiler,,Water,150,0.0,0.0,0.0,No,No,,,9.14,48.2,21217.0,2795.0,106.0,45.0,3.52,Yes,No,Yes,Yes,ASHP,,14864.66,0.0,1260.0,15.0,,Yes,01/03/2021,OHM Energy,ASHP,,Mitsubishi,PUZ-WM112VAA,11.2,R32,,Water_New,250.0,,1.0,0.0,0.0,0.0,,Low Noise Heat Pump,No,0.0,0.0,0.0,No,No,0.0,0.0,,No,6492.26,2485.0,3847.4,0.0,0.0,0.0,0.0,0.0,0.0,0.0,11.0,0.0,House_Detached_2.0
Warmworks,EOH0681,TD1,43.0,Unemployed,Unemployed/Benefits,"0 - 12,500",2021-05-18T00:00:00.000Z,Rented (Social),1.0,DE,1.0,09/07/2021,Warmworks,Suburban,1965-1980,E,2.0,0.0,47.77,2.0,1.0,2.0,2.29,Cavity_No_insulation,Solid,Another Dwelling Above,Double,No,Electricity,Electric - Direct,,Water,Normal (90-130l),0.0,0.0,0.0,No,No,,,,,,,,,,Yes,No,Yes,No,ASHP,,,,,,,No,,,,,,,,,,,,,,,,,,,,,,,,,,,,,,,,,,,,,,,,,Flat_Flat_1.0
Warmworks,EOH1328,EH4,43.0,Working Full time (>30hrs),Professional,"50,001+",2020-07-14T00:00:00.000Z,Owner-Occupied,9.0,AB,5.0,16/08/2020,Warmworks,Suburban,1945-1964,D,2.0,4.0,145.94,7.0,4.0,7.0,2.64,Cavity_Insulated,Suspended,Pitched,Double,Yes,Gas,Gas Boiler - Combi,,,,0.0,0.0,0.0,No,No,4388.0,15276.0,8.0,89.0,25692.0,4776.0,0.0,50.0,3.92,Yes,No,Yes,No,HT_ASHP,,,,1311.86,15.0,5.0,Yes,28/06/2021,Everwarm,HT_ASHP,,Vaillant,VWL 125/6 A 230V S2,12.0,R290,0.0,PCM_New,,10.5,1.0,,10.0,0.0,,Low Noise Heat Pump,No,0.0,0.0,0.0,No,No,0.0,0.0,,No,17943.13,3870.96,1610.23,2705.76,,,,,,,2.0,0.0,House_Semi-Detached_2.0
Warmworks,EOH0218,G44,43.0,Training or Education,Unemployed/Benefits,"25,001 - 30,000",2020-07-03T00:00:00.000Z,Owner-Occupied,7.0,DE,3.0,01/09/2020,Warmworks,Suburban,1919-1944,C,2.0,1.0,99.89,5.0,3.0,5.0,2.68,Cavity_Insulated,Suspended,Pitched,Double,Yes,Gas,Gas Boiler - Combi,Fire - Coal,,,0.0,0.0,1.0,No,No,1325.0,13225.0,7.5,227.0,18144.0,3821.0,0.0,50.0,3.85,Yes,No,Yes,No,ASHP,,,,1120.0,15.0,5.0,Yes,19/07/2021,Everwarm,HT_ASHP,,Vaillant,VWL 105/6 A 230V S2,10.0,R290,0.0,PCM_New,,10.5,1.0,,10.0,0.0,,Low Noise Heat Pump,No,0.0,0.0,0.0,No,No,0.0,0.0,,No,17943.13,3870.96,1610.23,2164.6,,,,,,,2.0,0.0,House_End-Terrace_2.0
OVO,EOH1936,OX26,41.0,Working Full time (>30hrs),Manager,"40,001 - 50,000",2021-01-14T00:00:00.000Z,Owner-Occupied,4.0,AB,5.0,30/03/2021,Retrofitworks,Suburban,2001+,,1.0,0.0,102.0,5.0,3.0,5.0,2.34,Cavity_Insulated,Solid,Pitched,Double,Yes,Gas,Gas Boiler - Standard,,Water,120,0.0,0.0,1.0,No,Yes,,,,,,,,,,,,,,None - Installation not recommended,,,,,,,,,,,,,,,,,,,,,,,,,,,,,,,,,,,,,,,,,,,,,,,,House_Semi-Detached_3.0
E.ON,EOH1653,NE3,73.0,Retired,Pensioner,"16,201 - 20,000",2020-09-02T00:00:00.000Z,Owner-Occupied,30.0,DE,4.0,07/10/2020,Phoenix,Urban,1983 - 1990,,1.0,0.0,85.0,4.0,3.0,8.0,2.4,Cavity_No_insulation,Suspended,Pitched,Double,Yes,Gas,Gas Boiler - Standard,Fire - Gas,Water,117,0.0,1.0,1.0,No,No,3322.0,7541.0,,,,,,,,No,No,No,No,None - Installation not recommended,,,,,,,,,,,,,,,,,,,,,,,,,,,,,,,,,,,,,,,,,,,,,,,,House_Detached_2.0
OVO,EOH3139,RH16,65.0,Working Part time,Professional,Prefer not to say,2020-07-08T00:00:00.000Z,Owner-Occupied,39.0,DE,4.0,19/11/2020,Retrofitworks,Suburban,1965-1980,,1.0,0.0,75.0,4.0,2.0,1.0,2.36,Cavity_Insulated,Suspended,Pitched,Double,Yes,Gas,Gas - Warm air,Electric - Warm air,Water,90,0.0,1.0,0.0,No,No,1740.0,2092.0,,,,,,,,,,,,None - Installation not recommended,,,,,,,,,,,,,,,,,,,,,,,,,,,,,,,,,,,,,,,,,,,,,,,,House_Mid-Terrace_2.0
E.ON,EOH2114,NE5,71.0,Retired,Pensioner,"40,001 - 50,000",2020-08-24T00:00:00.000Z,Owner-Occupied,32.0,DE,3.0,25/09/2020,Phoenix,Suburban,1983 - 1990,,2.0,0.0,100.0,5.0,4.0,9.0,2.35,Cavity_Insulated,Suspended,Pitched,Double,Yes,Gas,Gas Boiler - Standard,,Water,110,0.0,0.0,0.0,No,No,3487.0,13291.0,7.062,67.94,17105.0,4993.0,218.0,,,Yes,No,Yes,Yes,ASHP,None Required,13134.93,0.0,972.0,14.3,3.8,No,,,,,,,,,,,,,,,,,,,,,,,,,,,,,,,,,,,,,,,,,House_Detached_2.0
OVO,EOH0555,PO14,,Unemployed,Unemployed/Benefits,"20,001 - 25,000",2021-02-08T00:00:00.000Z,Owner-Occupied,7.0,DE,1.0,01/03/2021,Retrofitworks,Suburban,1965-1980,,1.0,0.0,66.0,6.0,3.0,4.0,2.35,Cavity_Insulated,Solid,Pitched,Double,Yes,Gas,Gas Boiler - Standard,,Water,100,0.0,0.0,0.0,No,No,,,,,,,,,,,,,,None - Installation not recommended,,,,,,,,,,,,,,,,,,,,,,,,,,,,,,,,,,,,,,,,,,,,,,,,House_Mid-Terrace_2.0
Warmworks,EOH2675,EH9,55.0,Working Full time (>30hrs),Manager,"50,001+",2020-08-04T00:00:00.000Z,Owner-Occupied,25.0,AB,4.0,30/08/2020,Warmworks,Urban,1919-1944,E,3.0,0.0,135.55,7.0,4.0,7.0,2.69,Cavity_Insulated,Suspended,Pitched,Double,Yes,Gas,Gas Boiler - Combi,Fire - Wood,,,0.0,0.0,1.0,No,No,,,11.6,86.0,31390.0,2865.0,0.0,50.0,3.92,No,No,Yes,Yes,HT_ASHP,,,,1443.87,15.0,,Yes,04/11/2020,Everwarm,HT_ASHP,,Vaillant,VWL 125/6 A 230V S2,12.0,R290,0.0,Water_New,200.0,,1.0,,11.0,0.0,,Low Noise Heat Pump,No,0.0,0.0,0.0,No,No,0.0,0.0,,No,17943.13,3572.21,1610.23,2976.34,,,,,,,2.0,0.0,House_Detached_2.0
E.ON,EOH3197,NE21,60.0,Working Full time (>30hrs),Skilled Manual Worker,"40,001 - 50,000",2021-07-05T00:00:00.000Z,Owner-Occupied,24.0,C2,5.0,15/07/2021,Energist,Urban,Before 1900,C,2.0,2.0,185.0,7.0,4.0,11.0,2.5,Solid_No_insulation,Solid,Pitched,Double,No,Oil,Oil Boiler - Standard,Fire - Wood,Water,200,0.0,0.0,0.0,No,No,,,9.7,64.31,25908.0,4270.0,0.0,45.0,4.13,Yes,No,Yes,Yes,ASHP,None Required,15363.09,,1123.97,12.9,6.75,Yes,23/07/2021,Energist,HT_ASHP,,Vaillant,VWL 105/6 A 230V S2,10.0,R290,,Water_new,200.0,,1.0,12.0,0.0,0.0,none,none,No,0.0,0.0,0.0,No,No,0.0,0.0,,no,6364.0,1752.34,,3240.0,0.0,0.0,0.0,0.0,0.0,0.0,3.0,0.0,House_Detached_2.0
E.ON,EOH0028,NE7,42.0,Working Full time (>30hrs),Professional,"50,001+",2020-10-02T00:00:00.000Z,Owner-Occupied,10.0,AB,4.0,09/10/2020,Phoenix,Urban,1930 - 1949,,2.0,2.0,142.0,5.0,3.0,11.0,2.4,Cavity_Insulated,Suspended,Pitched,Double,Yes,Gas,Gas Boiler - Combi,,,,0.0,0.0,0.0,No,No,,,,,,,,,,No,No,No,No,None - Installation not recommended,,,,,,,,,,,,,,,,,,,,,,,,,,,,,,,,,,,,,,,,,,,,,,,,House_Semi-Detached_2.0
Warmworks,EOH0294,KY8,54.0,Working Full time (>30hrs),Manager,"50,001+",2020-09-01T00:00:00.000Z,Owner-Occupied,20.0,AB,3.0,13/10/2020,Warmworks,Suburban,1945-1964,A,2.0,2.0,299.17,8.0,4.0,8.0,,Cavity_Insulated,Suspended,Pitched,Double,Yes,Gas,Gas Boiler - Standard,,Water,Large (> 170l),0.0,0.0,0.0,Yes - Borehole,Yes,,,11.1,66.2,29194.0,6293.0,3.0,,,Yes,Yes,Yes,Yes,GSHP,,,,1812.0,16.36,4.17,Yes,,,,,,,,,,,,,,,,,,,,,,,,,,,,,,,,,,,,,,,,,House_Semi-Detached_3.0
OVO,EOH3023,BN14,32.0,Working Full time (>30hrs),Skilled Manual Worker,"30,001 - 40,000",2020-11-19T00:00:00.000Z,Owner-Occupied,1.0,C2,1.0,23/02/2021,Retrofitworks,Suburban,1919-1944,,3.0,0.0,94.72,4.0,3.0,4.0,2.39,Cavity_No_insulation,Suspended,Pitched,Double,Yes,Gas,Gas Boiler - Combi,,,,0.0,0.0,0.0,No,No,,,,,,,,,,,,,,None - Installation not recommended,,,,,,,,,,,,,,,,,,,,,,,,,,,,,,,,,,,,,,,,,,,,,,,,House_End-Terrace_2.0
OVO,EOH2494,MK11,74.0,Working Part time,Professional,"40,001 - 50,000",2020-07-13T00:00:00.000Z,Owner-Occupied,15.0,AB,4.0,25/02/2021,Retrofitworks,Suburban,1919-1944,,2.0,0.0,123.7,5.0,3.0,6.0,2.35,Cavity_Insulated,Suspended,Pitched,Double,Yes,Gas,Gas Boiler - Standard,,Water,150,0.0,0.0,0.0,No,No,,,,,,,,,,,,,,None - Installation not recommended,,,,,,,,,,,,,,,,,,,,,,,,,,,,,,,,,,,,,,,,,,,,,,,,House_Semi-Detached_2.0
Warmworks,EOH1487,EH28,41.0,Working Full time (>30hrs),Professional,Prefer not to say,2020-09-10T00:00:00.000Z,Owner-Occupied,9.0,AB,2.0,14/12/2020,Warmworks,Suburban,1965-1980,D,2.0,2.0,135.82,7.0,4.0,7.0,2.28,Cavity_Insulated,Solid,Pitched,Double,Yes,Gas,Gas Boiler - Combi,Fire - Coal,,,0.0,0.0,0.0,No,No,,,,,,,,,,Yes,Yes,Yes,Yes,None - Installation not recommended,,,,,,,,,,,,,,,,,,,,,,,,,,,,,,,,,,,,,,,,,,,,,,,,House_Detached_2.0
OVO,EOH0496,BN14,35.0,Working Full time (>30hrs),Clerical,"40,001 - 50,000",2020-07-12T00:00:00.000Z,Owner-Occupied,,C1,4.0,11/11/2020,Retrofitworks,Suburban,1919-1944,,2.0,0.0,97.0,5.0,3.0,5.0,2.46,Cavity_No_insulation,Suspended,Pitched,Double,Yes,Gas,Gas Boiler - Standard,,Water,130,0.0,2.0,0.0,No,No,2086.9,,4.62,47.6,9960.0,1118.0,156.0,,,Yes,No,No,No,None - Installation not recommended,,15037.0,0.0,601.26,15.0,,,,,,,,,,,,,,,,,,,,,,,,,,,,,,,,,,,,,,,,,,,House_Mid-Terrace_2.0
Warmworks,EOH3104,EH7,47.0,Training or Education,Casual worker,"50,001+",2021-04-24T00:00:00.000Z,Owner-Occupied,20.0,DE,5.0,30/06/2021,Warmworks,Urban,1965-1980,D,3.0,0.0,105.99,6.0,3.0,6.0,2.39,Cavity_Insulated,Suspended,Pitched,Double,Yes,Gas,Gas Boiler - Standard,Electric - Direct,Water,Normal (90-130l),0.0,0.0,1.0,No,No,3279.0,,,,20984.0,2250.0,0.0,,,Yes,No,Yes,Yes,ASHP,,,,919.0,18.0,5.0,No,,,,,,,,,,,,,,,,,,,,,,,,,,,,,,,,,,,,,,,,,House_Mid-Terrace_3.0
Warmworks,EOH2648,EH16,36.0,Working Full time (>30hrs),Professional,"30,001 - 40,000",2020-10-26T00:00:00.000Z,Owner-Occupied,1.0,C1,2.0,02/12/2020,Warmworks,Urban,1945-1964,C,2.0,0.0,90.33,4.0,3.0,4.0,2.44,Cavity_Insulated,Suspended,Pitched,Double,Yes,Gas,Gas Boiler - Combi,,,,0.0,0.0,1.0,No,No,,,6.2,70.9,15523.0,3820.0,0.0,50.0,3.65,No,No,Yes,Yes,HT_ASHP,,,,922.57,15.0,5.0,Yes,08/03/2021,Everwarm,HT_ASHP,,Vaillant,VWL 75/6 A 230V S2,7.0,R290,0.0,Water_New,200.0,,1.0,,12.0,0.0,,Low Noise Heat Pump,No,0.0,0.0,0.0,Yes,No,0.0,0.0,,No,11215.18,3572.21,1610.23,3246.91,,,,,,,3.0,0.0,House_Mid-Terrace_2.0
E.ON,EOH0314,NE3,33.0,Working Full time (>30hrs),Professional,"40,001 - 50,000",2020-07-07T00:00:00.000Z,Owner-Occupied,5.0,AB,5.0,17/07/2020,Pacifica,Urban,1900 - 1929,D,2.0,2.0,97.0,6.0,4.0,11.0,2.5,Cavity_No_insulation,Suspended,Pitched,Double,Yes,Gas,Gas Boiler - Combi,,,,0.0,1.0,1.0,No,No,,,,,,,,,,No,No,No,No,None - Installation not recommended,,,,,,,,,,,,,,,,,,,,,,,,,,,,,,,,,,,,,,,,,,,,,,,,House_Semi-Detached_3.0
E.ON,EOH1204,NE7,36.0,Working Full time (>30hrs),Manager,"50,001+",2020-10-26T00:00:00.000Z,Owner-Occupied,6.0,AB,3.0,04/11/2020,E.ON,Suburban,1930 - 1949,D,2.0,2.0,100.5,4.0,3.0,8.0,2.5,Cavity_Insulated,Suspended,Pitched,Double,Yes,Gas,Gas Boiler - Combi,,,,0.0,0.0,0.0,Yes - Ground Loop,Yes,,,8.143,87.23,16310.0,4182.0,616.0,,,Yes,No,Yes,Yes,ASHP,None Required,13134.16,0.0,1024.0,14.3,3.8,No,,,,,,,,,,,,,,,,,,,,,,,,,,,,,,,,,,,,,,,,,House_Semi-Detached_2.0
Warmworks,EOH1589,EH8,67.0,Retired,Pensioner,"20,001 - 25,000",2020-08-11T00:00:00.000Z,Owner-Occupied,29.0,DE,3.0,29/09/2020,Warmworks,Suburban,1945-1964,D,2.0,0.0,189.65,7.0,4.0,7.0,2.7,Cavity_Insulated,Suspended,Pitched,Double,Yes,Gas,Gas Boiler - Standard,,Water,Medium (131-170l),0.0,0.0,1.0,Yes - Borehole,Yes,5972.0,20200.0,,,,,,,,Yes,Yes,Yes,Yes,GSHP,,,,,,,No,,,,,,,,,,,,,,,,,,,,,,,,,,,,,,,,,,,,,,,,,House_Detached_2.0
Warmworks,EOH0868,EH7,38.0,Working Full time (>30hrs),Professional,Prefer not to say,2020-10-27T00:00:00.000Z,Owner-Occupied,2.0,C1,3.0,13/12/2020,Everwarm,Suburban,1981-1990,C,2.0,1.0,128.34,6.0,3.0,6.0,2.36,Cavity_No_insulation,Suspended,Pitched,Double,Yes,Gas,Gas Boiler - Combi,,,,0.0,0.0,0.0,No,No,2979.0,13617.0,6.6,69.5,19479.0,4075.0,728.0,,,Yes with additional measures,No,Yes with additional measures,No,HT_ASHP,,,,1288.0,14.0,3.0,No,,,,,,,,,,,,,,,,,,,,,,,,,,,,,,,,,,,,,,,,,House_Semi-Detached_2.0
E.ON,EOH2915,NE13,72.0,Retired,Pensioner,"25,001 - 30,000",2020-11-23T00:00:00.000Z,Owner-Occupied,25.0,DE,4.0,08/12/2020,Phoenix,Urban,1950 - 1966,D,1.0,0.0,88.0,5.0,3.0,7.0,2.4,Cavity_Insulated,Solid,Pitched,Double,Yes,Gas,Gas Boiler - Combi,,,,0.0,0.0,1.0,No,No,,14600.0,6.62,81.8,7948.0,3820.0,0.0,,,No,No,No,Yes,Hybrid,None Required,9875.86,0.0,770.0,14.3,3.8,No,,,,,,,,,,,,,,,,,,,,,,,,,,,,,,,,,,,,,,,,,House_Semi-Detached_2.0
Warmworks,EOH0876,EH16,33.0,Working Full time (>30hrs),Professional,"40,001 - 50,000",2021-04-26T00:00:00.000Z,Owner-Occupied,1.0,C1,4.0,13/06/2021,Warmworks,Urban,1945-1964,D,2.0,0.0,92.17,5.0,3.0,4.0,2.43,Cavity_Insulated,Suspended,Pitched,Double,Yes,Gas,Gas Boiler - Standard,Fire - Gas,Water,Normal (90-130l),0.0,1.0,0.0,No,No,,,6.3,75.0,15827.0,3820.0,55.0,50.0,3.65,Yes,No,Yes,Yes,HT_ASHP,,,,1040.0,18.0,4.5,Yes,23/08/2021,Everwarm,HT_ASHP,,Vaillant,VWL 75/6 A 230V S2,7.0,R290,0.0,Water_New,200.0,,1.0,,9.0,0.0,,Low Noise Heat Pump,No,0.0,0.0,0.0,No,Yes,0.0,0.0,,No,11215.17,3572.208,1610.23,2435.18,,514.16,,,,,2.0,1.0,House_Mid-Terrace_2.0
Warmworks,EOH0351,KY1,43.0,Working Full time (>30hrs),Manager,"50,001+",2020-11-09T00:00:00.000Z,Owner-Occupied,4.0,AB,2.0,29/01/2021,Warmworks,Urban,1965-1980,D,2.0,2.0,97.85,4.0,3.0,4.0,2.6,Cavity_No_insulation,Solid,Pitched,Double,Yes,Gas,Gas Boiler - Combi,,,,0.0,0.0,1.0,No,No,,,12.0,80.3,18236.0,3821.0,0.0,50.0,3.92,Yes,No,Yes,Yes,ASHP,,,,1184.27,18.0,5.0,Yes,03/05/2021,Everwarm,HT_ASHP,,Vaillant,VWL 125/6 A 230V S2,12.0,R290,0.0,Water_New,200.0,,1.0,,9.0,0.0,,Low Noise Heat Pump,No,0.0,0.0,0.0,Yes,No,0.0,0.0,,No,17943.13,3572.21,1610.23,2435.18,,,,,,,3.0,0.0,House_Mid-Terrace_2.0
Warmworks,EOH1335,TD8,35.0,Working Part time,Professional,"30,001 - 40,000",2020-12-11T00:00:00.000Z,Rented (Social),1.0,C2,1.0,13/01/2021,Warmworks,Suburban,1965-1980,D,2.0,2.0,94.71,5.0,3.0,5.0,2.42,Cavity_Insulated,Solid,Pitched,Double,Yes,Gas,Gas Boiler - Combi,,,,0.0,0.0,0.0,No,No,3784.0,24528.0,,,,,,,,Yes,No,Yes,Yes,HT_ASHP,,,,,,,No,,,,,,,,,,,,,,,,,,,,,,,,,,,,,,,,,,,,,,,,,Maisonette_Detached_2.0
Warmworks,EOH1773,EH33,36.0,Working Full time (>30hrs),Skilled Manual Worker,"40,001 - 50,000",2021-04-25T00:00:00.000Z,Owner-Occupied,2.0,C2,2.0,16/06/2021,Warmworks,Suburban,1965-1980,D,2.0,0.0,83.4,4.0,2.0,4.0,2.35,Cavity_No_insulation,Suspended,Pitched,Double,Yes,Gas,Gas Boiler - Combi,,,,0.0,0.0,0.0,No,No,,,4.9,,12473.0,2865.0,0.0,,,Yes with additional measures,No,Yes,Yes,HT_ASHP,,,,649.0,18.0,5.0,Yes,,,,,,,,,,,,,,,,,,,,,,,,,,,,,,,,,,,,,,,,,House_Mid-Terrace_2.0
E.ON,EOH1849,NE2,60.0,Working Part time,Professional,"50,001+",2020-08-28T00:00:00.000Z,Owner-Occupied,15.0,AB,2.0,15/10/2020,Phoenix,Urban,1976 - 1982,,4.0,0.0,195.0,7.0,4.0,16.0,2.3,Cavity_Insulated,Solid,Pitched,Double,Yes,Gas,Gas Boiler - Standard,Fire - Wood,Water,210,0.0,0.0,1.0,No,No,4165.0,18973.0,,,,,,,,No,No,No,No,None - Installation not recommended,,,,,,,,,,,,,,,,,,,,,,,,,,,,,,,,,,,,,,,,,,,,,,,,House_Detached_2.0
Warmworks,EOH2007,EH13,34.0,Working Full time (>30hrs),Professional,"50,001+",2021-04-19T00:00:00.000Z,Owner-Occupied,1.0,C1,3.0,14/06/2021,Warmworks,Urban,1981-1990,C,2.0,0.0,96.44,5.0,3.0,5.0,2.36,Cavity_Insulated,Suspended,Pitched,Double,Yes,Gas,Gas Boiler - Combi,,,,0.0,0.0,0.0,No,No,,,5.7,70.0,18644.0,2250.0,0.0,50.0,3.81,Yes,No,Yes,Yes,ASHP,,,,816.0,18.0,5.0,Yes,12/08/2021,Everwarm,ASHP,,Mitsubishi,PUZ-WM85VAA,8.5,R32,0.0,Water_New,200.0,,1.0,11.0,,0.0,,Low Noise Heat Pump,No,0.0,0.0,0.0,No,No,0.0,0.0,,No,8575.73,3572.208,1610.23,2976.33,,,,,,,2.0,0.0,House_Mid-Terrace_2.0
Warmworks,EOH0080,KY7,62.0,Retired,Pensioner,Prefer not to say,2020-07-15T00:00:00.000Z,Owner-Occupied,30.0,DE,3.0,23/08/2020,Warmworks,Suburban,1991-2000,D,2.0,0.0,129.74,6.0,4.0,6.0,2.4,Cavity_Insulated,Suspended,Pitched,Double,Yes,Gas,Gas Boiler - Standard,,Water,Medium (131-170l),0.0,0.0,0.0,No,No,,,,,,,,,,Yes,No,Yes,No,ASHP,,,,,,,No,,,,,,,,,,,,,,,,,,,,,,,,,,,,,,,,,,,,,,,,,House_Detached_1.0
E.ON,EOH3136,NE6,34.0,Working Full time (>30hrs),Professional,"50,001+",2020-07-09T00:00:00.000Z,Owner-Occupied,2.0,AB,4.0,15/07/2020,Pacifica,Urban,1950 - 1966,D,2.0,0.0,85.9,4.0,3.0,7.0,2.6,Cavity_Insulated,Suspended,Pitched,Double,Yes,Gas,Gas Boiler - Combi,,,,0.0,0.0,2.0,Yes - Ground Loop,Yes,390.0,695.0,,,,,,,,No,No,No,No,None - Installation not recommended,,,,,,,,,,,,,,,,,,,,,,,,,,,,,,,,,,,,,,,,,,,,,,,,House_Semi-Detached_1.0
E.ON,EOH1358,NE5,29.0,Working Full time (>30hrs),Clerical,"40,001 - 50,000",2021-03-04T00:00:00.000Z,Owner-Occupied,0.9,C1,1.0,04/03/2021,Phoenix,Urban,1967 - 1975,D,2.0,1.0,80.0,5.0,3.0,7.0,2.4,Cavity_Insulated,Solid,Pitched,Double,Yes,Gas,Gas Boiler - Combi,Fire - Gas,,,0.0,1.0,0.0,No,No,,,4.73,52.53,11458.9,3566.0,0.0,53.0,2.99,No,No,No,Yes,Hybrid,Barrier,10245.07,300.0,751.0,14.3,3.8,Yes,19/05/2021,Phoenix,Hybrid,Separate_New Boiler,Daikin,EHY2KOMB28AA,4.0,R32,,,,,1.0,8.0,0.0,0.0,none,enclosure,No,0.0,0.0,0.0,No,No,0.0,0.0,,no,5739.8,,,2871.0,0.0,0.0,0.0,0.0,0.0,0.0,2.0,0.25,House_Semi-Detached_2.0
Warmworks,EOH0175,EH16,31.0,Working Full time (>30hrs),Manager,"30,001 - 40,000",2020-07-02T00:00:00.000Z,Owner-Occupied,4.0,C1,5.0,17/07/2020,Warmworks,Urban,2001+,C,2.0,1.0,88.14,4.0,3.0,4.0,2.4,Cavity_Insulated,Suspended,Pitched,Double,Yes,Gas,Gas Boiler - Combi,,,,0.0,0.0,1.0,No,No,1521.0,7300.0,,,,,,,,Yes,No,Yes,Yes,ASHP,,,,,,,No,,,,,,,,,,,,,,,,,,,,,,,,,,,,,,,,,,,,,,,,,House_Mid-Terrace_2.0
Warmworks,EOH2038,EH45,58.0,Working Part time,Professional,"40,001 - 50,000",2020-07-09T00:00:00.000Z,Owner-Occupied,21.0,C1,2.0,19/05/2021,Warmworks,Suburban,2001+,C,3.0,0.0,137.02,8.0,4.0,8.0,2.27,Cavity_Insulated,Solid,Pitched,Double,Yes,Gas,Gas Boiler - Standard,Fire - Gas,Water,Large (> 170l),0.0,1.0,1.0,No,No,,,8.9,63.0,21964.0,4775.0,0.0,50.0,3.51,Yes,No,Yes,Yes,HT_ASHP,,,,996.0,18.0,5.0,Yes,06/09/2021,Everwarm,ASHP,,Mitsubishi,PUZ-HWM140VHA,14.0,R32,0.0,Water_New,200.0,,1.0,,14.0,0.0,,Low Noise Heat Pump,No,0.0,0.0,0.0,No,No,0.0,0.0,,No,17943.14,3572.21,1610.23,3788.06,,,,,,,3.0,0.0,House_Detached_2.0
OVO,EOH0620,HP22,25.0,Training or education,Skilled Manual Worker,"40,001 - 50,000",2021-02-05T00:00:00.000Z,Owner-Occupied,,C2,3.0,11/03/2021,Retrofitworks,Suburban,1945-1964,,2.0,0.0,81.2,5.0,2.0,4.0,2.4,Cavity_Insulated,Solid,Pitched,Double,No,Electricity,Electric - Direct,,Water,110,0.0,0.0,0.0,No,No,,,,,,,,,,,,,,None - Installation not recommended,,,,,,,,,,,,,,,,,,,,,,,,,,,,,,,,,,,,,,,,,,,,,,,,House_Semi-Detached_2.0
E.ON,EOH1290,NE3,26.0,Working Full time (>30hrs),Professional,"40,001 - 50,000",2021-04-07T00:00:00.000Z,Owner-Occupied,0.9,C1,4.0,09/04/2021,E.ON,Urban,1983 - 1990,D,2.0,0.0,115.0,8.0,4.0,11.0,2.3,Cavity_Insulated,Suspended,Pitched,Double,Yes,Gas,Gas Boiler - Combi,,,,0.0,0.0,1.0,No,No,,,7.391,64.27,14806.6,4122.0,607.0,50.0,3.2,Yes,No,No,Yes,ASHP,None Required,14796.76,,966.0,14.3,3.8,Yes,04/06/2021,Aaron services,ASHP,,Daikin,EDLQ011CAV3,11.0,R410A,,Water_new,200.0,,1.0,13.0,0.0,0.0,none,none,No,0.0,0.0,0.0,No,No,0.0,0.0,,no,6364.21,1752.0,,4902.65,0.0,0.0,0.0,0.0,0.0,0.0,4.0,0.0,House_Detached_2.0
Warmworks,EOH0663,EH42,52.0,Working Full time (>30hrs),Manager,Prefer not to say,2020-08-15T00:00:00.000Z,Owner-Occupied,,C1,4.0,22/09/2020,Warmworks,Urban,1945-1964,D,2.0,0.0,71.5,3.0,2.0,3.0,2.6,Cavity_Insulated,Suspended,Pitched,Double,Yes,Gas,Gas Boiler - Standard,,Water,Medium (131-170l),0.0,0.0,1.0,Yes - Borehole,Yes,1568.0,10603.0,5.6,76.4,13010.0,2697.0,156.0,45.0,3.77,Yes,Yes,Yes,Yes,GSHP,,,,849.0,16.36,,Yes,21/04/2021,mcinnesplumbing,HT_ASHP,,Vaillant,VWL 55/6 A 230V S2,5.0,R290,0.0,Water_New,150.0,,1.0,,5.0,0.0,,Low Noise Heat Pump,No,0.0,0.0,0.0,No,No,0.0,0.0,,No,11215.17,3508.272,1610.23,1352.88,,,,,,,2.0,0.0,House_Semi-Detached_2.0
Warmworks,EOH0559,G45,36.0,Working Full time (>30hrs),Professional,"50,001+",2020-08-10T00:00:00.000Z,Owner-Occupied,4.0,AB,3.0,21/09/2020,Warmworks,Urban,2001+,C,2.0,0.0,68.76,3.0,2.0,3.0,2.6,Cavity_Insulated,Suspended,Pitched,Double,Yes,Gas,Gas Boiler - Standard,,Water,Medium (131-170l),0.0,0.0,0.0,No,No,,,2.9,55.0,1904.0,1371.0,3.0,45.0,3.93,Yes,No,Yes,Yes,ASHP,,,,462.0,13.0,4.0,Yes,22/02/2021,Montali Energy Services Ltd,ASHP,,Mitsubishi,PUHZ-W50VHA2,5.0,R410A,0.0,Water_New,150.0,,1.0,8.0,,0.0,,Low Noise Heat Pump,No,0.0,0.0,0.0,Yes,No,0.0,0.0,,No,7655.16,3508.27,1610.23,2164.61,,,,,,,2.0,0.0,House_Mid-Terrace_2.0
OVO,EOH2851,LU6,69.0,Retired,Professional,"30,001 - 40,000",2020-07-02T00:00:00.000Z,Owner-Occupied,45.0,DE,3.0,30/01/2021,Retrofitworks,Suburban,1965-1980,,2.0,0.0,147.0,7.0,3.0,11.0,2.4,Solid_No_insulation,Solid,Pitched,Double,Yes,Gas,Gas Boiler - Standard,,Water,170,0.0,0.0,0.0,No,No,,,,,,,,,,No,No,No,No,None - Installation not recommended,,,,,,,,,,,,,,,,,,,,,,,,,,,,,,,,,,,,,,,,,,,,,,,,House_Mid-Terrace_3.0
OVO,EOH0483,GU22,42.0,Working Full time (>30hrs),Professional,"50,001+",2020-08-31T00:00:00.000Z,Owner-Occupied,6.0,AB,4.0,19/10/2020,Retrofitworks,Suburban,1945-1964,,2.0,2.0,147.62,7.0,4.0,7.0,2.39,Cavity_Insulated,Solid,Pitched,Double,Yes,Gas,Gas Boiler - Standard,,Water,140,2.0,0.0,1.0,Yes - Borehole,Yes,8000.0,22000.0,,,,,,,,,,,,None - Installation not recommended,,,,,,,,,,,,,,,,,,,,,,,,,,,,,,,,,,,,,,,,,,,,,,,,House_Detached_2.0
OVO,EOH0844,RH3,55.0,Working Full time (>30hrs),Manager,Prefer not to say,2020-07-24T00:00:00.000Z,Owner-Occupied,18.0,C1,4.0,15/10/2020,Retrofitworks,Suburban,1919-1944,,2.0,0.0,143.0,6.0,3.0,10.0,2.6,Cavity_No_insulation,Suspended,Pitched,Double,Yes,Gas,Gas Boiler - Standard,,Water,,0.0,0.0,0.0,No,No,3000.0,,,,,,,,,,,,,None - Installation not recommended,,,,,,,,,,,,,,,,,,,,,,,,,,,,,,,,,,,,,,,,,,,,,,,,House_Detached_2.0
OVO,EOH3088,TN21,36.0,Working Full time (>30hrs),Professional,"50,001+",2020-08-28T00:00:00.000Z,Owner-Occupied,,C1,3.0,16/11/2020,Retrofitworks,Rural,1919-1944,,2.0,1.0,144.54,7.0,4.0,9.0,2.36,Cavity_No_insulation,Solid,Pitched,Double,No,Oil,Oil Boiler,Fire - Wood,Water,150,0.0,0.0,0.0,Yes - Ground Loop,Yes,,,10.77,67.8,20507.0,3821.0,136.0,,,Yes with additional measures,No,Yes with additional measures,Yes,None - Installation not recommended,Heat Emitters,13318.0,4200.0,1261.98,15.0,,,,,,,,,,,,,,,,,,,,,,,,,,,,,,,,,,,,,,,,,,,House_Detached_2.0
OVO,EOH0260,TN5,49.0,Working Full time (>30hrs),Professional,"50,001+",2020-08-21T00:00:00.000Z,Owner-Occupied,3.0,C2,2.0,09/12/2020,Retrofitworks,Rural,1991-2000,,4.0,1.0,189.28,8.0,5.0,8.0,2.35,Cavity_Insulated,Suspended,Pitched,Double,Yes,Gas,Gas Boiler - Standard,Fire - Wood,Water,170,0.0,0.0,1.0,Yes - Ground Loop,Yes,22264.0,5792.0,,,,,,,,,,,,,,,,,,,No,,,,,,,,,,,,,,,,,,,,,,,,,,,,,,,,,,,,,,,,,House_Detached_2.0
Warmworks,EOH2583,EH14,36.0,Working Full time (>30hrs),Professional,"50,001+",2020-07-24T00:00:00.000Z,Owner-Occupied,0.8,C1,3.0,30/08/2020,Warmworks,Urban,1919-1944,C,2.0,0.0,63.28,3.0,2.0,3.0,2.525,Cavity_Insulated,Suspended,Pitched,Double,Yes,Gas,Gas Boiler - Combi,Gas Boiler - Combi,,,0.0,0.0,1.0,No,No,,,,,,,,,,Yes,No,Yes,No,ASHP,,,,,,,No,,,,,,,,,,,,,,,,,,,,,,,,,,,,,,,,,,,,,,,,,House_Mid-Terrace_2.0
Warmworks,EOH0200,KY3,39.0,Working Full time (>30hrs),Professional,"30,001 - 40,000",2020-07-18T00:00:00.000Z,Owner-Occupied,0.1,C1,3.0,31/08/2020,Warmworks,Rural,1945-1964,D,2.0,1.0,89.76,3.0,2.0,3.0,2.345,Cavity_Insulated,Suspended,Pitched,Double,Yes,Gas,Gas Boiler - Standard,Fire - Gas,Water,Normal (90-130l),0.0,1.0,1.0,No,No,,,4.4,63.0,12928.0,2674.0,1110.0,55.0,3.39,Yes,No,Yes,No,ASHP,,,,,,,Yes,06/09/2021,BRB Electrical Ltd,HT_ASHP,,Vaillant,VWL 75/6 A 230V S2,7.0,R290,0.0,Water_New,150.0,,1.0,,8.0,0.0,,Low Noise Heat Pump,No,0.0,0.0,0.0,Yes,No,0.0,0.0,,No,11215.17,3508.272,1610.23,2164.61,,,,,,,2.0,0.0,House_End-Terrace_2.0
Warmworks,EOH0531,EH4,52.0,Working Full time (>30hrs),Professional,"50,001+",2020-10-29T00:00:00.000Z,Owner-Occupied,7.0,AB,4.0,04/12/2020,Warmworks,Suburban,1945-1964,C,1.0,1.0,219.51,9.0,5.0,9.0,2.5,Cavity_Insulated,Suspended,Pitched,Double,Yes,Gas,Gas Boiler - Standard,Fire - Gas,Water,Large (> 170l),0.0,1.0,0.0,Yes - Borehole,Yes,700.0,23726.0,12.0,74.3,14434.0,5731.0,0.0,,,Yes,Yes,Yes,Yes,GSHP,,,,2238.03,18.0,5.0,No,,,,,,,,,,,,,,,,,,,,,,,,,,,,,,,,,,,,,,,,,House_Detached_2.0
E.ON,EOH2818,NE13,60.0,Working Full time (>30hrs),Manager,"30,001 - 40,000",2021-02-22T00:00:00.000Z,Owner-Occupied,24.0,C1,3.0,26/02/2021,Phoenix,Urban,1967 - 1975,,2.0,0.0,89.0,5.0,3.0,8.0,2.3,Cavity_Insulated,Solid,Pitched,Double,Yes,Gas,Gas Boiler - Standard,,Water,110,0.0,0.0,0.0,No,No,4455.0,12628.0,,,,,,,,No,No,No,No,None - Installation not recommended,,,,,,,,,,,,,,,,,,,,,,,,,,,,,,,,,,,,,,,,,,,,,,,,House_Semi-Detached_2.0
E.ON,EOH2638,NE3,68.0,Retired,Pensioner,"16,201 - 20,000",2020-12-11T00:00:00.000Z,Owner-Occupied,25.0,DE,2.0,05/01/2021,Phoenix,Urban,1930 - 1949,D,2.0,0.0,119.0,7.0,5.0,10.0,2.3,Cavity_Insulated,Solid,Pitched,Double,Yes,Gas,Gas Boiler - Standard,Fire - Gas,Water,110,0.0,1.0,0.0,No,No,4676.0,11821.0,,,,,,,,No,No,Yes,No,None - Installation not recommended,,,,,,,,,,,,,,,,,,,,,,,,,,,,,,,,,,,,,,,,,,,,,,,,House_Semi-Detached_2.0
E.ON,EOH2390,DH1,,Working Full time (>30hrs),Professional,"50,001+",2021-07-05T00:00:00.000Z,Owner-Occupied,10.0,C1,4.0,12/07/2021,Energist,Urban,2003 - 2006,B,2.0,2.0,131.0,6.0,4.0,13.0,2.4,Cavity_Insulated,Suspended,Pitched,Double,Yes,Gas,Gas Boiler - Combi,,,,0.0,0.0,0.0,No,No,,,4.09,32.9,10287.0,3496.0,0.0,45.0,4.13,Yes,No,Yes,Yes,ASHP,None Required,13593.97,,662.0,12.5,3.8,Yes,13/08/2021,Energist,HT_ASHP,,Vaillant,VWL 105/6 A 230V S2,10.0,R290,,Water_new,250.0,,1.0,6.0,0.0,0.0,,,No,0.0,0.0,0.0,No,No,0.0,0.0,,no,6535.0,1752.0,,2130.88,0.0,0.0,0.0,0.0,0.0,0.0,3.0,,House_Detached_2.0
E.ON,EOH1672,NE3,36.0,Working Full time (>30hrs),Professional,"50,001+",2020-09-21T00:00:00.000Z,Owner-Occupied,5.0,AB,3.0,25/09/2020,E.ON,Suburban,1950 - 1966,D,2.0,1.0,118.0,7.0,3.0,7.0,2.4,Cavity_Insulated,Suspended,Pitched,Double,Yes,Gas,Gas Boiler - Combi,Fire - Wood,,,0.0,0.0,1.0,Yes - Ground Loop,Yes,3086.1,1685.9,,,,,,,,No,No,No,No,None - Installation not recommended,,,,,,,,,,,,,,,,,,,,,,,,,,,,,,,,,,,,,,,,,,,,,,,,House_Semi-Detached_2.0
E.ON,EOH1717,NE4,,Working Full time (>30hrs),Semi and unskilled manual worker,"16,201 - 20,000",2020-11-04T00:00:00.000Z,Owner-Occupied,0.9,DE,1.0,18/11/2020,Phoenix,Urban,1930 - 1949,E,2.0,3.0,115.0,6.0,3.0,10.0,2.7,Cavity_Insulated,Suspended,Pitched,Double,Yes,Gas,Gas Boiler - Combi,Fire - Electric,,,0.0,0.0,1.0,No,No,,,,,,,,,,No,No,No,No,None - Installation not recommended,,,,,,,,,,,,,,,,,,,,,,,,,,,,,,,,,,,,,,,,,,,,,,,,House_Semi-Detached_2.0
E.ON,EOH3116,NE15,42.0,Working Full time (>30hrs),Professional,"30,001 - 40,000",2021-02-23T00:00:00.000Z,Owner-Occupied,9.0,C1,1.0,26/02/2021,Phoenix,Urban,1950 - 1966,,1.0,0.0,70.0,4.0,3.0,6.0,2.4,Cavity_Insulated,Solid,Pitched,Double,Yes,Gas,Gas Boiler - Standard,Fire - Gas,Water,100,0.0,1.0,1.0,No,No,,,6.169,88.13,14954.4,3820.0,0.0,55.0,2.96,No,No,No,Yes,Hybrid,Loft insulation,11001.85,500.0,1010.0,14.3,3.8,Yes,17/06/2021,Phoenix,Hybrid,Separate_New Boiler,Daikin,EHY2KOMB28AA,4.0,R32,,,,,1.0,8.0,0.0,1.0,none,none,No,0.0,1.0,0.0,No,Yes,0.0,0.0,,no,5739.0,,,3626.86,0.0,500.0,0.0,0.0,0.0,0.0,2.5,0.5,House_Semi-Detached_2.0
OVO,EOH0703,NN12,45.0,Working Full time (>30hrs),Manager,"40,001 - 50,000",2020-07-07T00:00:00.000Z,Owner-Occupied,19.0,C2,5.0,22/01/2021,Retrofitworks,Rural,1965-1980,,2.0,0.0,74.24,5.0,2.0,5.0,2.4,Cavity_Insulated,Solid,Pitched,Double,No,Electricity,Electric - Storage,,Water,130,0.0,0.0,0.0,No,No,,,,,,,,,,,,,,None - Installation not recommended,,,,,,,,,,,,,,,,,,,,,,,,,,,,,,,,,,,,,,,,,,,,,,,,House_End-Terrace_2.0
E.ON,EOH1664,NE3,58.0,Working Full time (>30hrs),Professional,"40,001 - 50,000",2020-11-11T00:00:00.000Z,Owner-Occupied,10.0,AB,4.0,01/12/2020,Phoenix,Urban,1930 - 1949,C,2.0,1.0,100.0,5.0,3.0,9.0,2.5,Cavity_Insulated,Solid,Pitched,Double,Yes,Gas,Gas Boiler - Combi,,,,0.0,0.0,1.0,No,No,3050.0,8760.0,7.921,79.21,15867.0,1910.0,0.0,55.0,2.96,No,No,No,Yes,Hybrid,None Required,10430.0,,678.0,14.3,3.8,Yes,03/02/2021,Phoenix,Hybrid,Separate_New Boiler,Daikin,EHY2KOMB28AA,4.0,R32,,,,,1.0,11.0,0.0,0.0,none,none,No,0.0,0.0,0.0,No,No,0.0,0.0,,no,5739.82,,,3425.04,0.0,0.0,0.0,0.0,0.0,0.0,2.5,0.0,House_Semi-Detached_2.0
E.ON,EOH1452,NE7,59.0,Unemployed,Unemployed/Benefits,"0 - 12,500",2020-09-18T00:00:00.000Z,Owner-Occupied,25.0,DE,5.0,06/10/2020,Phoenix,Urban,1991 - 1995,,2.0,0.0,90.0,5.0,4.0,11.0,2.4,Cavity_Insulated,Solid,Pitched,Double,Yes,Gas,Gas Boiler - Combi,Fire - Gas,,,0.0,1.0,0.0,No,No,,,7.095,75.39,17062.0,5594.0,818.0,,,Yes,No,Yes,Yes,ASHP,None Required,16796.53,0.0,1153.0,14.3,3.8,No,,,,,,,,,,,,,,,,,,,,,,,,,,,,,,,,,,,,,,,,,House_Detached_2.0
Warmworks,EOH1120,KY15,55.0,Unemployed,Unemployed/Benefits,Prefer not to say,2021-04-28T00:00:00.000Z,Owner-Occupied,41.0,DE,1.0,20/06/2021,Warmworks,Suburban,1945-1964,E,3.0,0.0,82.84,5.0,3.0,5.0,2.45,Cavity_Insulated,Solid,Pitched,Double,No,Electricity,Electric - Storage,Electric - Direct,Water,Normal (90-130l),0.0,0.0,0.0,No,No,,,,,,,,,,Yes,No,Yes,No,HT_ASHP,,,,,,,Yes,,,,,,,,,,,,,,,,,,,,,,,,,,,,,,,,,,,,,,,,,House_Semi-Detached_2.0
E.ON,EOH0609,NE6,70.0,Working Part time,Clerical,"30,001 - 40,000",2021-01-07T00:00:00.000Z,Owner-Occupied,13.0,C1,3.0,25/01/2021,Phoenix,Urban,1930 - 1949,,2.0,0.0,85.0,5.0,3.0,7.0,2.5,Cavity_Insulated,Suspended,Pitched,Double,Yes,Gas,Gas Boiler - Combi,Fire - Wood,,,0.0,0.0,0.0,No,No,4300.0,7800.0,7.065,83.12,14151.1,3311.0,0.0,55.0,2.96,No,No,No,Yes,Hybrid,None Required,10060.85,,671.0,14.3,3.8,Yes,30/04/2021,Phoenix,Hybrid,Separate_New Boiler,Daikin,EHY2KOMB28AA,4.0,R32,,,,,1.0,9.0,0.0,0.0,none,none,No,0.0,0.0,0.0,No,No,0.0,0.0,,no,5739.82,,,2685.85,0.0,0.0,0.0,0.0,0.0,0.0,3.0,0.0,House_Semi-Detached_1.0
OVO,EOH3058,RH17,70.0,Retired,Pensioner,"30,001 - 40,000",2020-07-30T00:00:00.000Z,Owner-Occupied,40.0,DE,4.0,13/01/2021,Retrofitworks,Rural,Pre 1919,,3.0,0.0,99.14,8.0,5.0,7.0,2.5,Cavity_Insulated,Mix,Pitched,Double,Yes,Gas,Gas Boiler - Standard,,Water,130,0.0,0.0,1.0,No,No,,,,,,,,,,No,No,No,No,None - Installation not recommended,,,,,,,,,,,,,,,,,,,,,,,,,,,,,,,,,,,,,,,,,,,,,,,,House_Detached_3.0
E.ON,EOH2788,NE5,61.0,Working Full time (>30hrs),Skilled Manual Worker,"20,001 - 25,000",2021-01-27T00:00:00.000Z,Owner-Occupied,17.0,C2,1.0,15/02/2021,Phoenix,Urban,1983 - 1990,,3.0,0.0,100.0,5.0,3.0,5.0,2.3,Cavity_Insulated,Solid,Pitched,Double,Yes,Gas,Gas Boiler - Combi,,,,0.0,0.0,1.0,No,No,3886.0,13800.0,5.09,50.92,12348.3,4122.0,607.0,50.0,3.35,Yes with additional measures,No,Yes,No,ASHP,Loft Insulation  Barrier,11863.76,800.0,832.0,14.0,4.0,Yes,31/03/2021,Phoenix,ASHP,,Daikin,EDLQ07CAV4,7.0,R410A,,Water_new,200.0,,1.0,9.0,0.0,0.0,none,enclosure,No,0.0,0.0,0.0,No,Yes,0.0,0.0,,no,5648.01,1752.0,,2685.85,0.0,500.0,0.0,0.0,0.0,0.0,3.0,0.5,House_Semi-Detached_2.0
OVO,EOH2947,TN22,46.0,Working Full time (>30hrs),Manager,Prefer not to say,2020-09-29T00:00:00.000Z,Owner-Occupied,9.0,C1,2.0,17/02/2021,Retrofitworks,Suburban,1945-1964,,2.0,2.0,70.0,6.0,3.0,6.0,2.3,Cavity_Insulated,Solid,Pitched,Double,Yes,Gas,Gas Boiler - Standard,,Water,200,0.0,0.0,1.0,No,No,,,,,,,,,,,,,,None - Installation not recommended,,,,,,,,,,,,,,,,,,,,,,,,,,,,,,,,,,,,,,,,,,,,,,,,House_Semi-Detached_2.0
E.ON,EOH0945,NE13,58.0,Working Full time (>30hrs),Professional,"50,001+",2021-01-07T00:00:00.000Z,Owner-Occupied,22.0,AB,5.0,27/01/2021,Phoenix,Urban,1967 - 1975,C,2.0,1.0,91.0,4.0,3.0,6.0,2.4,Cavity_Insulated,Suspended,Pitched,Double,Yes,Gas,Gas Boiler - Standard,,Water,110,0.0,0.0,1.0,No,No,,,5.04737,75.33,7691.0,3311.0,0.0,,,No,No,Yes,Yes,Hybrid,None Required,9690.87,0.0,699.0,14.3,3.8,No,,,,,,,,,,,,,,,,,,,,,,,,,,,,,,,,,,,,,,,,,House_Detached_1.0
Warmworks,EOH3190,EH49,27.0,Working Full time (>30hrs),Manager,Prefer not to say,2021-04-24T00:00:00.000Z,Owner-Occupied,0.9,C1,3.0,08/06/2021,Warmworks,Rural,Pre 1919,C,2.0,0.0,133.4,8.0,4.0,8.0,2.64,Cavity_Insulated,Suspended,Pitched,Double,Yes,Gas,Gas Boiler - Combi,,,,0.0,0.0,0.0,No,No,7186.85,16000.0,,,,,,,,Yes,Yes,Yes,Yes,HT_ASHP,,,,,,,No,,,,,,,,,,,,,,,,,,,,,,,,,,,,,,,,,,,,,,,,,House_Mid-Terrace_2.0
E.ON,EOH2826,NE2,62.0,Working Full time (>30hrs),Professional,"50,001+",2020-09-08T00:00:00.000Z,Owner-Occupied,22.0,AB,5.0,27/10/2020,Phoenix,Urban,1950 - 1966,,2.0,0.0,263.0,8.0,5.0,8.0,2.5,Cavity_Unknown,Suspended,Pitched,Double,Yes,Gas,Gas Boiler - Standard,Unknown,Water,120,3.0,1.0,1.0,No,No,,,,,,,,,,No,No,No,No,None - Installation not recommended,,,,,,,,,,,,,,,,,,,,,,,,,,,,,,,,,,,,,,,,,,,,,,,,House_Detached_2.0
OVO,EOH1066,BN2,43.0,Working Full time (>30hrs),Clerical,"30,001 - 40,000",2020-10-08T00:00:00.000Z,Owner-Occupied,3.0,C1,3.0,27/01/2021,Retrofitworks,Suburban,1945-1964,,2.0,0.0,99.0,6.0,4.0,10.0,,Solid_No_insulation,Solid,Pitched,Double,Yes,Gas,Gas Boiler - Combi,,,,0.0,0.0,1.0,No,No,,,,,,,,,,,,,,None - Installation not recommended,,,,,,,,,,,,,,,,,,,,,,,,,,,,,,,,,,,,,,,,,,,,,,,,House_Semi-Detached_2.0
Warmworks,EOH2680,EH14,40.0,Working Full time (>30hrs),Professional,"50,001+",2020-08-08T00:00:00.000Z,Owner-Occupied,0.4,AB,3.0,16/09/2020,Warmworks,Suburban,1945-1964,C,2.0,2.0,85.8,5.0,3.0,5.0,2.46,Cavity_Insulated,Suspended,Pitched,Double,Yes,Gas,Gas Boiler - Combi,,,,0.0,0.0,1.0,Yes - Borehole,Yes,,,,,,,,,,Yes,Yes,Yes,No,GSHP,,,,,,,No,,,,,,,,,,,,,,,,,,,,,,,,,,,,,,,,,,,,,,,,,House_Semi-Detached_2.0
E.ON,EOH1935,NE6,,Prefer not to say,Prefer not to say,Prefer not to say,2020-08-21T00:00:00.000Z,Rented (Social),,DE,1.0,26/08/2020,E.ON,Suburban,1900 - 1929,C,1.0,3.0,81.0,4.0,3.0,4.0,2.5,Cavity_Insulated,Solid,Pitched,Double,Yes,Gas,Gas Boiler - Combi,Electric - Direct,,,0.0,0.0,1.0,Yes - Ground Loop,Yes,,,5.24,64.69,11008.0,3464.0,0.0,45.0,3.07,No,No,No,Yes,Hybrid,Barrier,9672.0,300.0,522.0,14.3,3.8,Yes,09/12/2020,Phoenix,Hybrid,Separate_New Boiler,Daikin,EHY2KOMB32AA,4.0,R32,,,,,1.0,8.0,2.0,0.0,none,none,No,0.0,0.0,0.0,No,No,0.0,0.0,,no,5912.2,,,3224.87,0.0,0.0,0.0,0.0,0.0,0.0,2.0,,House_Mid-Terrace_2.0
Warmworks,EOH0759,EH21,44.0,Working Full time (>30hrs),Professional,"50,001+",2020-08-30T00:00:00.000Z,Owner-Occupied,2.0,AB,3.0,17/05/2021,Warmworks,Suburban,1965-1980,D,2.0,1.0,81.24,4.0,2.0,4.0,2.4,Cavity_Insulated,Suspended,Pitched,Double,Yes,Gas,Gas Boiler - Combi,,,,0.0,0.0,1.0,No,No,,,,,,,,,,Yes,No,Yes,Yes,HT_ASHP,,,,,,,No,,,,,,,,,,,,,,,,,,,,,,,,,,,,,,,,,,,,,,,,,House_Semi-Detached_2.0
Warmworks,EOH1412,EH13,36.0,Working Part time,Professional,"50,001+",2021-04-19T00:00:00.000Z,Owner-Occupied,2.0,C1,3.0,20/05/2021,Warmworks,Urban,1965-1980,D,2.0,1.0,84.66,5.0,3.0,5.0,2.29,Cavity_Insulated,Suspended,Pitched,Double,Yes,Gas,Gas Boiler - Combi,,,,0.0,0.0,1.0,No,No,,,5.6,69.0,16238.0,2250.0,0.0,50.0,3.81,Yes,No,Yes,Yes,ASHP,,,,723.4,18.0,5.0,Yes,04/08/2021,Everwarm,ASHP,,Mitsubishi,PUZ-WM85VAA,8.5,R32,0.0,Water_New,200.0,,1.0,8.0,,0.0,,Low Noise Heat Pump,No,0.0,0.0,0.0,No,No,0.0,0.0,,No,8575.73,3572.208,1610.23,2164.6,,,,,,,2.0,0.0,House_Semi-Detached_2.0
E.ON,EOH2022,NE5,30.0,Working Full time (>30hrs),Professional,"50,001+",2020-12-11T00:00:00.000Z,Owner-Occupied,4.0,C1,2.0,05/01/2021,Phoenix,Urban,1967 - 1975,D,2.0,0.0,88.0,4.0,3.0,6.0,2.4,Cavity_Insulated,Suspended,Pitched,Double,Yes,Gas,Gas Boiler - Combi,,,,0.0,0.0,0.0,No,No,3186.0,20404.0,5.749,65.33,16712.6,3311.0,0.0,55.0,2.96,No,No,No,Yes,Hybrid,None Required,10971.65,,771.0,14.3,3.8,Yes,10/03/2021,Phoenix,Hybrid,Separate_New Boiler,Daikin,EHY2KOMB32AA,4.0,R32,,,,,1.0,9.0,0.0,0.0,none,none,No,0.0,0.0,0.0,No,No,0.0,0.0,,no,5912.2,,,3424.27,0.0,0.0,0.0,0.0,0.0,0.0,3.0,0.0,House_Semi-Detached_2.0
Warmworks,EOH1148,EH23,57.0,Working Full time (>30hrs),Professional,"50,001+",2020-10-11T00:00:00.000Z,Owner-Occupied,17.0,AB,5.0,11/12/2020,Warmworks,Rural,2001+,C,2.0,0.0,159.79,8.0,4.0,8.0,2.38,Cavity_Insulated,Solid,Pitched,Double,,,LPG Boiler,Fire - Wood,Water,Normal (90-130l),0.0,0.0,1.0,No,No,,,,,,,,,,Yes,Yes,Yes,Yes,None - Installation not recommended,,,,,,,,,,,,,,,,,,,,,,,,,,,,,,,,,,,,,,,,,,,,,,,,House_Detached_2.0
OVO,EOH1971,OX29,32.0,Working Full time (>30hrs),Skilled Manual Worker,"50,001+",2020-08-23T00:00:00.000Z,Owner-Occupied,2.0,C2,5.0,08/03/2021,Retrofitworks,Suburban,2001+,,2.0,1.0,183.8,6.0,3.0,6.0,2.4,Cavity_Insulated,Solid,Pitched,Double,Yes,Gas,Gas Boiler - Combi,,,,0.0,0.0,1.0,No,No,,,,,,,,,,,,,,None - Installation not recommended,,,,,,,,,,,,,,,,,,,,,,,,,,,,,,,,,,,,,,,,,,,,,,,,House_Detached_2.0
E.ON,EOH2280,NE3,42.0,Working Full time (>30hrs),Professional,"25,001 - 30,000",2021-02-12T00:00:00.000Z,Owner-Occupied,3.0,C1,4.0,16/02/2021,Phoenix,Urban,1950 - 1966,C,2.0,1.0,99.0,5.0,3.0,7.0,2.4,Cavity_Insulated,Solid,Pitched,Double,Yes,Gas,Gas Boiler - Combi,Fire - Electric,,,0.0,0.0,1.0,No,No,1856.0,11313.0,5.15,50.02,12472.4,4122.0,655.0,45.0,3.57,Yes,No,Yes,No,ASHP,Barrier,12047.98,300.0,804.0,14.0,4.0,Yes,14/04/2021,Aaron Services,ASHP,,Daikin,EDLQ07CAV7,7.0,R410A,,Water_new,200.0,,1.0,8.0,0.0,0.0,none,enclosure,No,0.0,0.0,0.0,No,No,0.0,0.0,,no,5648.0,1752.01,,2870.07,0.0,0.0,0.0,0.0,0.0,0.0,3.0,0.0,House_Semi-Detached_2.0
Warmworks,EOH0856,EH34,34.0,Working Full time (>30hrs),Professional,"40,001 - 50,000",2021-03-12T00:00:00.000Z,Owner-Occupied,6.0,AB,4.0,04/05/2021,Warmworks,Suburban,Pre 1919,E,2.0,2.0,105.27,5.0,3.0,5.0,2.3,Cavity_No_insulation,Suspended,Pitched,Double,No,LPG,LPG Boiler,Fire - Wood,Water,Medium (131-170l),0.0,0.0,1.0,No,No,,,7.5,76.0,21033.0,2250.0,0.0,50.0,3.81,Yes,Yes,Yes,Yes,ASHP,,,,921.0,18.0,5.0,Yes,11/08/2021,Everwarm,ASHP,,Mitsubishi,PUZ-WM85VAA,8.5,R32,0.0,Water_New,200.0,,1.0,11.0,,0.0,,Low Noise Heat Pump,No,0.0,0.0,0.0,No,No,0.0,0.0,,No,8575.73,3572.21,1610.23,2976.33,,,,,,,3.0,0.0,House_Detached_1.0
Warmworks,EOH1003,EH15,46.0,Working Part time,Professional,Prefer not to say,2020-07-15T00:00:00.000Z,Owner-Occupied,3.5,C2,3.0,07/08/2020,Warmworks,Suburban,1919-1944,C,2.0,2.0,134.41,5.0,3.0,5.0,2.8,Cavity_Insulated,Suspended,Pitched,Double,Yes,Gas,Gas Boiler - Combi,,,,0.0,0.0,0.0,Yes - Borehole,Yes,2802.0,18758.0,7.2,71.6,18712.0,3596.0,3596.0,45.0,3.91,No,Yes,Yes,Yes,GSHP,,,,887.0,16.36,4.17,Yes,05/04/2021,mcinnesplumbing,Hybrid,Separate_New Boiler,Vaillant,VWL 75/6 A 230V S2,7.0,R290,0.0,,,,1.0,,7.0,0.0,,Low Noise Heat Pump,No,0.0,0.0,0.0,No,No,0.0,0.0,,No,10177.84,,1610.23,1894.03,,,,,,,2.0,0.0,House_Detached_2.0
OVO,EOH0165,KT9,51.0,Working Full time (>30hrs),Professional,"50,001+",2020-07-23T00:00:00.000Z,Owner-Occupied,,C1,4.0,12/11/2020,Retrofitworks,Suburban,1945-1964,,2.0,2.0,106.0,7.0,3.0,7.0,2.45,Solid_No_insulation,Solid,Pitched,Double,Yes,Gas,Gas Boiler - Standard,,Water,,0.0,0.0,1.0,No,No,,,6.79,75.32,10904.0,3821.0,136.0,,,Yes,No,Yes,Yes,ASHP,,12162.48,0.0,593.84,15.0,,No,,,,,,,,,,,,,,,,,,,,,,,,,,,,,,,,,,,,,,,,,House_End-Terrace_2.0
E.ON,EOH0768,NE5,35.0,Working Full time (>30hrs),Clerical,"30,001 - 40,000",2021-02-02T00:00:00.000Z,Owner-Occupied,11.0,C1,2.0,10/02/2021,Phoenix,Urban,1967 - 1975,,2.0,2.0,94.0,5.0,4.0,8.0,2.4,Cavity_Insulated,Solid,Pitched,Double,Yes,Gas,Gas Boiler - Combi,,,,0.0,0.0,1.0,No,No,,,7.914,84.19,8987.9,4394.0,0.0,55.0,2.96,No,No,No,Yes,Hybrid,"Loft insulation, Cavity Walls",10233.23,1200.0,1315.0,14.3,3.8,Yes,29/06/2021,Phoenix,Hybrid,Separate_New Boiler,Daikin,EHY2KOMB32AA,4.0,R32,,,,,1.0,9.0,0.0,1.0,none,none,No,0.0,0.0,0.0,No,Yes,0.0,0.0,Cavity,no,5912.0,,,2686.0,0.0,500.0,750.0,0.0,0.0,0.0,3.0,1.0,House_End-Terrace_2.0
Warmworks,EOH0286,EH22,56.0,Retired,Pensioner,"25,001 - 30,000",2020-09-14T00:00:00.000Z,Owner-Occupied,16.0,DE,3.0,19/11/2020,Warmworks,Rural,2001+,C,2.0,0.0,161.08,7.0,4.0,7.0,2.42,Cavity_Insulated,Suspended,Pitched,Double,Yes,Gas,Gas Boiler - Standard,Electric - Direct,Water,Normal (90-130l),0.0,0.0,0.0,No,No,,,9.1,60.4,25896.0,4457.0,1365.0,55.0,3.63,Yes,No,Yes,No,ASHP,,,,1691.0,14.0,3.0,Yes,09/06/2021,BRB Electrical Ltd,HT_ASHP,,Vaillant,VWL 125/6 A 230V S2,12.0,R290,0.0,Water_New,150.0,,1.0,,16.0,0.0,,Low Noise Heat Pump,No,0.0,0.0,0.0,Yes,No,0.0,0.0,,No,17943.13,3508.272,1610.23,4329.21,,,,,,,3.0,0.0,House_Detached_2.0
OVO,EOH0680,BN9,38.0,Working Full time (>30hrs),Professional,"40,001 - 50,000",2020-07-11T00:00:00.000Z,Owner-Occupied,2.0,AB,4.0,03/11/2020,Retrofitworks,Suburban,1981-1990,,2.0,1.0,64.94,3.0,2.0,6.0,2.54,Cavity_No_insulation,Suspended,Pitched,Double,Yes,Gas,Gas Boiler - Combi,,,,0.0,0.0,1.0,No,No,,,,,,,,,,No,No,No,No,None - Installation not recommended,,8750.0,0.0,460.0,,,,,,,,,,,,,,,,,,,,,,,,,,,,,,,,,,,,,,,,,,,,Maisonette_End-Terrace_2.0
OVO,EOH2652,NN7,64.0,Working Full time (>30hrs),Professional,"50,001+",2020-07-25T00:00:00.000Z,Owner-Occupied,12.0,AB,2.0,19/02/2021,Retrofitworks,Suburban,2001+,,3.0,2.0,96.0,7.0,5.0,7.0,2.4,Cavity_Insulated,Solid,Pitched,Double,Yes,Gas,Gas Boiler - Standard,,Water,150,0.0,0.0,0.0,No,No,,,,,,,,,,,,,,None - Installation not recommended,,,,,,,,,,,,,,,,,,,,,,,,,,,,,,,,,,,,,,,,,,,,,,,,House_Detached_3.0
OVO,EOH1125,TW16,53.0,Working Full time (>30hrs),Skilled Manual Worker,"25,001 - 30,000",2020-10-28T00:00:00.000Z,Owner-Occupied,2.0,C2,3.0,22/02/2021,Retrofitworks,Suburban,1965-1980,,2.0,0.0,89.9,6.0,3.0,6.0,2.4,Cavity_Insulated,Suspended,Pitched,Double,No,Oil,Oil Boiler,,Water,100,0.0,0.0,0.0,No,No,,,,,,,,,,,,,,None - Installation not recommended,,,,,,,,,,,,,,,,,,,,,,,,,,,,,,,,,,,,,,,,,,,,,,,,House_Detached_1.0
Warmworks,EOH1761,KY12,37.0,Working Full time (>30hrs),Professional,Prefer not to say,2021-04-30T00:00:00.000Z,Owner-Occupied,3.5,AB,5.0,21/06/2021,Warmworks,Urban,1945-1964,C,2.0,0.0,111.98,5.0,3.0,5.0,2.49,Cavity_Insulated,Suspended,Pitched,Double,Yes,Gas,Gas Boiler - Standard,,Water,Normal (90-130l),0.0,0.0,1.0,No,No,,,10.0,80.0,14645.0,4075.0,0.0,50.0,3.85,Yes,No,Yes,Yes,ASHP,,,,1073.0,14.0,,Yes,23/09/2021,TK Murray,HT_ASHP,,Vaillant,VWL 105/6 A 230V S2,10.0,R290,0.0,Water_New,200.0,,1.0,,1.0,0.0,,Low Noise Heat Pump,No,0.0,0.0,0.0,No,No,0.0,0.0,,No,11215.17,3572.208,1610.23,2976.33,,,,,,,3.0,0.0,House_Detached_2.0
OVO,EOH0280,TN6,45.0,Stay at home parent,Unemployed/Benefits,"30,001 - 40,000",2020-07-12T00:00:00.000Z,Owner-Occupied,7.0,DE,4.0,09/12/2020,Retrofitworks,Suburban,1965-1980,,2.0,1.0,102.85,5.0,3.0,5.0,2.42,Cavity_Insulated,Suspended,Pitched,Double,Yes,Gas,Gas Boiler - Standard,Gas - Warm air,Water,100,0.0,1.0,1.0,No,No,4771.0,13196.0,4.62,46.2,9660.0,1118.0,156.0,,,Yes,No,Yes,Yes,None - Installation not recommended,,,,601.26,15.0,,,,,,,,,,,,,,,,,,,,,,,,,,,,,,,,,,,,,,,,,,,House_Detached_2.0
Warmworks,EOH1424,EH26,51.0,Working Full time (>30hrs),Professional,"40,001 - 50,000",2020-08-20T00:00:00.000Z,Owner-Occupied,12.0,C1,2.0,28/09/2020,Warmworks,Suburban,1945-1964,D,2.0,1.0,96.3,3.0,3.0,3.0,2.6,Cavity_No_insulation,Solid,Pitched,Double,Yes,Gas,Gas Boiler - Combi,,,,0.0,0.0,0.0,No,No,3356.0,14742.0,,,,,,,,No,No,Yes,Yes,HT_ASHP,,,,,,,No,,,,,,,,,,,,,,,,,,,,,,,,,,,,,,,,,,,,,,,,,House_Semi-Detached_1.0
Warmworks,EOH0401,EH17,34.0,Working Part time,Skilled Manual Worker,Prefer not to say,2021-04-28T00:00:00.000Z,Owner-Occupied,5.0,C2,1.0,10/06/2021,Warmworks,Urban,1945-1964,C,1.0,3.0,90.52,5.0,3.0,5.0,2.48,Cavity_Insulated,Solid,Pitched,Double,Yes,Gas,Gas Boiler - Combi,,,,0.0,0.0,1.0,No,No,,,,,,,,,,Yes,No,Yes,Yes,ASHP,,,,,,,No,,,,,,,,,,,,,,,,,,,,,,,,,,,,,,,,,,,,,,,,,House_Mid-Terrace_2.0
Warmworks,EOH1754,DD2,58.0,Working Part time,Unemployed/Benefits,"50,001+",2020-08-19T00:00:00.000Z,Owner-Occupied,25.0,DE,3.0,16/10/2020,Warmworks,Suburban,1945-1964,D,2.0,2.0,142.89,6.0,2.0,6.0,,Cavity_Insulated,Suspended,Pitched,Double,Yes,Gas,Gas Boiler - Standard,,Water,Medium (131-170l),0.0,0.0,1.0,No,No,5442.0,25486.0,,,,,,,,Yes,Yes,Yes,Yes,None - Installation not recommended,,,,,,,,,,,,,,,,,,,,,,,,,,,,,,,,,,,,,,,,,,,,,,,,House_Detached_2.0
Warmworks,EOH0516,EH54,57.0,Working Part time,Skilled Manual Worker,"50,001+",2020-08-07T00:00:00.000Z,Owner-Occupied,27.0,C2,3.0,25/09/2020,Warmworks,Urban,1965-1980,B,4.0,0.0,126.75,7.0,4.0,7.0,2.38,Cavity_Insulated,Suspended,Pitched,Double,Yes,Gas,Gas Boiler - Standard,,Water,Normal (90-130l),0.0,0.0,1.0,No,No,,,7.3,64.8,20306.0,6113.0,1492.0,45.0,4.14,Yes,No,Yes,No,ASHP,,,,1499.0,14.0,3.0,Yes,15/02/2021,BRB Electrical Ltd,ASHP,,Mitsubishi,PUZ-WM85VAA,8.5,R32,0.0,Water_New,200.0,,1.0,13.0,,0.0,,Low Noise Heat Pump,No,0.0,0.0,0.0,Yes,No,0.0,0.0,,No,8575.74,3572.21,1610.23,3517.49,,,,,,,2.0,0.0,House_Semi-Detached_2.0
E.ON,EOH2206,NE3,46.0,Working Part time,Clerical,"50,001+",2020-11-23T00:00:00.000Z,Owner-Occupied,18.0,AB,1.0,07/01/2021,Phoenix,Urban,1967 - 1975,,2.0,2.0,80.0,5.0,3.0,7.0,2.4,Cavity_Insulated,Solid,Pitched,Double,Yes,Gas,Gas Boiler - Combi,,,,0.0,0.0,1.0,No,No,,,6.224,73.86,12473.9,3464.0,0.0,,,No,No,No,Yes with additional measures,Hybrid,Loft Insulation,10430.06,500.0,624.0,14.3,3.8,Yes,12/05/2021,Phoenix,Hybrid,Separate_New Boiler,Daikin,EHY2KOMB28AA,4.0,R32,,,,,1.0,9.0,0.0,0.0,none,none,No,0.0,0.0,0.0,No,Yes,0.0,0.0,,no,5739.82,,,3055.06,0.0,500.0,0.0,0.0,0.0,0.0,2.0,0.5,House_Semi-Detached_2.0
Warmworks,EOH1588,EH5,34.0,Training or Education,Unemployed/Benefits,Prefer not to say,2020-08-19T00:00:00.000Z,Owner-Occupied,,DE,4.0,28/10/2020,Warmworks,Urban,1981-1990,D,2.0,2.0,127.0,8.0,5.0,8.0,,Cavity_No_insulation,Suspended,Pitched,Double,Yes,Gas,Gas Boiler - Standard,Fire - Gas,Water,Normal (90-130l),0.0,1.0,0.0,No,No,,,8.6,76.1,21883.0,4776.0,0.0,50.0,3.92,Yes,No,Yes,Yes,HT_ASHP,,,,1437.79,18.0,5.0,Yes,15/03/2021,Everwarm,HT_ASHP,,Vaillant,VWL 125/6 A 230V S2,12.0,R290,0.0,Water_New,200.0,,1.0,,13.0,0.0,,Low Noise Heat Pump,No,0.0,0.0,0.0,No,No,0.0,0.0,,No,17943.14,3572.21,1610.23,3517.49,,,,,,,3.0,0.0,House_Semi-Detached_2.0
E.ON,EOH1176,NE3,39.0,Working Full time (>30hrs),Professional,"50,001+",2020-11-04T00:00:00.000Z,Owner-Occupied,7.0,AB,5.0,17/11/2020,Phoenix,Urban,1930 - 1949,,2.0,2.0,140.0,5.0,3.0,8.0,2.7,Solid_Insulated,Suspended,Pitched,Double,Yes,Gas,Gas Boiler - Combi,Fire - Gas,,,0.0,2.0,1.0,No,No,3928.0,29206.0,,,,,,,,,,,,,,,,,,,No,,,,,,,,,,,,,,,,,,,,,,,,,,,,,,,,,,,,,,,,,House_Semi-Detached_2.0
Warmworks,EOH2460,EH12,41.0,Working Full time (>30hrs),Professional,"50,001+",2020-08-26T00:00:00.000Z,Owner-Occupied,5.0,C1,4.0,09/10/2020,Warmworks,Suburban,1991-2000,B,2.0,2.0,161.76,7.0,4.0,7.0,,Cavity_Insulated,Suspended,Pitched,Double,Yes,Gas,Gas Boiler - Standard,,Water,Medium (131-170l),0.0,0.0,0.0,Yes - Borehole,Yes,1893.0,17567.0,,,,,,,,Yes,Yes,Yes,Yes,None - Installation not recommended,,,,,,,,,,,,,,,,,,,,,,,,,,,,,,,,,,,,,,,,,,,,,,,,House_Detached_2.0
OVO,EOH0777,TN38,52.0,Stay at home parent,Unemployed/Benefits,"20,001 - 25,000",2020-07-15T00:00:00.000Z,Owner-Occupied,4.0,DE,2.0,04/12/2020,Retrofitworks,Suburban,1919-1944,,4.0,1.0,135.25,6.0,4.0,6.0,2.61,Cavity_No_insulation,Suspended,Pitched,Double,Yes,Gas,Gas Boiler - Combi,,,,0.0,0.0,0.0,No,No,1899.0,9026.0,,,,,,,,Yes with additional measures,No,Yes with additional measures,Yes with additional measures,None - Installation not recommended,,,,,,,,,,,,,,,,,,,,,,,,,,,,,,,,,,,,,,,,,,,,,,,,House_Detached_2.0
OVO,EOH2921,RG6,76.0,Retired,Pensioner,"40,001 - 50,000",2020-07-01T00:00:00.000Z,Owner-Occupied,52.0,DE,4.0,03/12/2020,,Urban,1919-1944,,2.0,0.0,,5.0,4.0,7.0,,,,,Double,Yes,Gas,Gas Boiler - Standard,,,,0.0,,,No,No,,,,,,,,,,No,No,No,No,None - Installation not recommended,,,,,,,,,,,,,,,,,,,,,,,,,,,,,,,,,,,,,,,,,,,,,,,,House_Semi-Detached_3.0
Warmworks,EOH1960,G42,52.0,Working Full time (>30hrs),Professional,Prefer not to say,2021-04-29T00:00:00.000Z,Owner-Occupied,0.3,C1,3.0,22/06/2021,Warmworks,Urban,1965-1980,D,2.0,0.0,102.44,6.0,3.0,6.0,2.42,Cavity_Insulated,Suspended,Pitched,Double,Yes,Gas,Gas Boiler - Standard,,Water,Normal (90-130l),0.0,0.0,1.0,No,No,,,7.7,79.0,19543.0,3937.0,0.0,50.0,3.92,Yes with additional measures,No,Yes with additional measures,Yes with additional measures,HT_ASHP,,,,1268.97,18.0,5.0,Yes,13/09/2021,Everwarm,HT_ASHP,,Vaillant,VWL 125/6 A 230V S2,12.0,R290,0.0,Water_New,200.0,,1.0,,10.0,0.0,,Low Noise Heat Pump,No,0.0,0.0,0.0,No,Yes,0.0,0.0,,No,17943.13,3572.208,1610.23,2705.76,,603.88,,,,,3.0,2.0,House_Detached_2.0
Warmworks,EOH0656,EH5,45.0,Working Part time,Skilled Manual Worker,"20,001 - 25,000",2020-09-30T00:00:00.000Z,Owner-Occupied,5.0,C2,3.0,26/10/2020,Warmworks,Suburban,1919-1944,C,2.0,0.0,58.92,4.0,3.0,4.0,,Cavity_Insulated,Suspended,Pitched,Double,Yes,Gas,Gas Boiler - Combi,,,,0.0,0.0,1.0,No,No,2780.0,8081.0,,,,,,,,Yes,No,Yes,Yes,ASHP,,,,,,,No,,,,,,,,,,,,,,,,,,,,,,,,,,,,,,,,,,,,,,,,,House_Mid-Terrace_2.0
OVO,EOH0696,HP13,42.0,Working Full time (>30hrs),Professional,"50,001+",2020-07-21T00:00:00.000Z,Owner-Occupied,6.0,AB,4.0,02/08/2020,Retrofitworks,Suburban,1981-1990,,2.0,2.0,,8.0,5.0,8.0,,,,Pitched,Double,Yes,Gas,Gas Boiler - Standard,Fire - Wood,Water,,0.0,0.0,1.0,Yes - Ground Loop,Yes,,,,,,,,,,,,,,None - Installation not recommended,,,,,,,,,,,,,,,,,,,,,,,,,,,,,,,,,,,,,,,,,,,,,,,,House_Detached_2.0
Warmworks,EOH1249,TD4,57.0,Unemployed,Unemployed/Benefits,Prefer not to say,2021-03-10T00:00:00.000Z,Rented (Social),1.0,DE,1.0,25/03/2021,Warmworks,Suburban,1965-1980,E,1.0,0.0,46.57,3.0,1.0,3.0,2.35,Cavity_Insulated,Suspended,Pitched,Double,,,Electric - Direct,,Water,Normal (90-130l),0.0,0.0,0.0,No,No,,,5.0,105.0,6976.0,2038.0,156.0,50.0,3.15,Yes,No,Yes,No,ASHP,,,,518.0,14.0,,Yes,10/05/2021,TK Murray,ASHP,,Vaillant,VWL 55/3 A 230V,5.0,R410A,0.0,Water_New,150.0,,1.0,7.0,,0.0,,Low Noise Heat Pump,No,0.0,0.0,0.0,,No,0.0,0.0,,No,7655.16,3508.27,1610.23,1894.03,,,,,,,1.0,0.0,Maisonette_Mid-Terrace_1.0
OVO,EOH0299,RG4,36.0,Working Full time (>30hrs),Manager,"50,001+",2020-07-02T00:00:00.000Z,Owner-Occupied,2.0,AB,3.0,09/03/2021,Retrofitworks,Suburban,1965-1980,,1.0,3.0,97.66,5.0,4.0,6.0,2.4,Cavity_Insulated,Suspended,Pitched,Double,Yes,Gas,Gas Boiler - Standard,,Water,120,0.0,0.0,0.0,No,No,,,,,,,,,,,,,,None - Installation not recommended,,,,,,,,,,,,,,,,,,,,,,,,,,,,,,,,,,,,,,,,,,,,,,,,House_Semi-Detached_2.0
Warmworks,EOH1916,EH46,60.0,Working Full time (>30hrs),Clerical,Prefer not to say,2021-06-10T00:00:00.000Z,Rented (Social),20.0,C1,1.0,20/07/2021,Warmworks,Suburban,2001+,D,2.0,0.0,89.6,5.0,3.0,4.0,2.4,Cavity_Insulated,Solid,Pitched,Double,No,Electricity,Electric - Storage,Electric - Direct,Water,Large (> 170l),0.0,0.0,0.0,No,No,,,,,,,,,,Yes,No,Yes,No,ASHP,,,,,,,No,,,,,,,,,,,,,,,,,,,,,,,,,,,,,,,,,,,,,,,,,House_End-Terrace_2.0
E.ON,EOH1070,NE3,43.0,Working Full time (>30hrs),Professional,"40,001 - 50,000",2021-01-13T00:00:00.000Z,Owner-Occupied,8.0,AB,3.0,01/02/2021,Phoenix,Urban,1967 - 1975,D,2.0,3.0,86.0,6.0,4.0,10.0,2.3,Cavity_Insulated,Solid,Pitched,Double,Yes,Gas,Gas Boiler - Combi,,,,0.0,0.0,1.0,No,No,,,5.8,67.44,20113.0,4394.0,0.0,50.0,3.02,No,No,No,Yes,Hybrid,None Required,10787.43,,919.0,14.3,3.8,Yes,01/04/2021,Phoenix,Hybrid,Separate_New Boiler,Daikin,EHY2KOMB32AA,4.0,R32,,,,,1.0,10.0,0.0,0.0,none,none,No,0.0,0.0,0.0,No,No,0.0,0.0,,no,5912.2,,,3240.05,0.0,0.0,0.0,0.0,0.0,0.0,3.0,0.0,House_Semi-Detached_2.0
OVO,EOH1072,MK2,32.0,Working Full time (>30hrs),Professional,"50,001+",2020-07-02T00:00:00.000Z,Owner-Occupied,3.0,C1,3.0,11/12/2020,,Suburban,1919-1944,,2.0,0.0,87.0,5.0,3.0,,,,,Pitched,Double,Yes,Gas,Gas Boiler - Combi,,,,,0.0,0.0,No,No,,,,,,,,,,No,No,No,No,None - Installation not recommended,,,,,,,,,,,,,,,,,,,,,,,,,,,,,,,,,,,,,,,,,,,,,,,,House_Semi-Detached_2.0
E.ON,EOH0008,NE7,38.0,Working Full time (>30hrs),Professional,"50,001+",2021-01-12T00:00:00.000Z,Owner-Occupied,1.0,C1,3.0,27/01/2021,Phoenix,Urban,1930 - 1949,,3.0,2.0,100.0,6.0,3.0,8.0,2.6,Cavity_Insulated,Suspended,Pitched,Double,Yes,Gas,Gas Boiler - Combi,Fire - Gas,,,0.0,2.0,1.0,No,No,2343.0,13235.0,,,,,,,,No,No,No,No,None - Installation not recommended,,,,,,,,,,,,,,,,,,,,,,,,,,,,,,,,,,,,,,,,,,,,,,,,House_Semi-Detached_3.0
Warmworks,EOH2052,EH4,79.0,Retired,Pensioner,"20,001 - 25,000",2020-09-23T00:00:00.000Z,Owner-Occupied,50.0,DE,3.0,21/10/2020,Warmworks,Suburban,1945-1964,C,2.0,1.0,167.7,6.0,4.0,6.0,,Cavity_Insulated,Suspended,Pitched,Double,Yes,Gas,Gas Boiler - Combi,,,,0.0,0.0,1.0,Yes - Borehole,Yes,3829.0,10837.0,7.1,60.3,17655.0,4495.0,0.0,45.0,3.91,Yes,Yes,Yes,Yes,GSHP,,,,1236.0,16.36,4.17,Yes,20/08/2021,mcinnesplumbing,HT_ASHP,,Vaillant,VWL 75/6 A 230V S2,7.0,R290,0.0,Water_New,200.0,,1.0,,9.0,0.0,,Low Noise Heat Pump,No,0.0,0.0,0.0,Yes,No,0.0,0.0,,No,11215.17,3572.21,1610.23,2435.18,,,,,,,2.0,0.0,House_Semi-Detached_3.0
Warmworks,EOH2799,EH43,44.0,Working Full time (>30hrs),Manager,"30,001 - 40,000",2020-06-30T00:00:00.000Z,Owner-Occupied,5.0,C1,1.0,21/07/2020,Everwarm,Rural,1965-1980,D,2.0,1.0,75.8,4.0,2.0,4.0,2.55,Cavity_Insulated,Suspended,Pitched,Double,Yes,Gas,Gas Boiler - Combi,Fire - Gas,,,0.0,0.0,1.0,No,No,5549.0,15566.0,4.2,70.9,9672.0,2292.0,1874.0,45.0,3.86,Yes,No,Yes,No,ASHP,,,,827.0,14.81,2.81,Yes,16/11/2020,BRB Electrical Ltd,ASHP,,Mitsubishi,PUHZ-W85VHAA,8.5,R410A,0.0,Water_New,150.0,,1.0,7.0,,0.0,,Low Noise Heat Pump,No,0.0,0.0,0.0,Yes,No,0.0,0.0,,No,7655.16,3508.27,1610.23,1894.03,,,,,,,2.0,0.0,House_End-Terrace_2.0
E.ON,EOH0197,NE6,53.0,Working Full time (>30hrs),Professional,"50,001+",2020-11-02T00:00:00.000Z,Owner-Occupied,24.0,AB,3.0,16/11/2020,Phoenix,Urban,1900 - 1929,,4.0,0.0,140.0,7.0,4.0,8.0,2.6,Cavity_Insulated,Suspended,Pitched,Double,Yes,Gas,Gas Boiler - Combi,Fire - Wood,,,0.0,0.0,0.0,No,No,3649.0,26627.0,4.24,30.5,12509.0,4457.0,0.0,,,No,No,No,Yes,Hybrid,Loft Insulation,12006.74,500.0,608.0,14.3,3.8,No,,,,,,,,,,,,,,,,,,,,,,,,,,,,,,,,,,,,,,,,,House_Semi-Detached_2.0
Warmworks,EOH0963,TD4,58.0,Unemployed,Professional,Prefer not to say,2021-03-10T00:00:00.000Z,Rented (Social),8.0,C2,1.0,25/03/2021,Warmworks,Suburban,1919-1944,E,1.0,0.0,75.46,4.0,2.0,3.0,2.51,Cavity_Insulated,Suspended,Pitched,Double,,,Electric - Direct,,Water,Normal (90-130l),0.0,0.0,0.0,No,No,,,5.0,64.3,6228.0,3057.0,156.0,50.0,3.58,Yes,No,Yes,No,ASHP,,,,586.0,14.0,,Yes,17/05/2021,TK Murray,ASHP,,Mitsubishi,PUHZ-W50VHA2,5.0,R410A,0.0,Water_New,150.0,,1.0,8.0,,0.0,,Low Noise Heat Pump,No,0.0,0.0,0.0,,No,0.0,0.0,,No,7655.16,3508.27,1610.23,2164.6,,,,,,,1.0,0.0,House_Mid-Terrace_2.0
Warmworks,EOH0830,EH52,45.0,Working Full time (>30hrs),Professional,Prefer not to say,2020-07-27T00:00:00.000Z,Owner-Occupied,13.0,C2,3.0,25/09/2020,Warmworks,Suburban,2001+,C,2.0,2.0,137.14,7.0,5.0,7.0,2.32,Cavity_Insulated,Solid,Pitched,Double,Yes,Gas,Gas Boiler - Standard,Fire - Gas,Water,Medium (131-170l),0.0,1.0,1.0,No,No,,,7.5,57.4,21472.0,4457.0,1365.0,,,Yes,No,Yes,No,ASHP,,,,1394.0,14.0,3.0,Yes,25/08/2021,Everwarm,GSHP,Individual_Groundloop,Vaillant,VWF 117/4,11.0,R410A,,Water_New,200.0,,1.0,16.0,,0.0,,,No,0.0,0.0,0.0,No,No,0.0,0.0,,No,38728.62,3572.208,1610.23,4329.21,,,,,,,3.0,0.0,House_Detached_2.0
OVO,EOH1714,RG12,71.0,Retired,Clerical,"25,001 - 30,000",2020-07-11T00:00:00.000Z,Owner-Occupied,32.0,DE,3.0,19/01/2021,Retrofitworks,Suburban,1965-1980,,2.0,0.0,92.33,5.0,4.0,6.0,2.39,Cavity_Insulated,Solid,Pitched,Double,Yes,Gas,Gas - Warm air,Electric - Warm air,Water,100,0.0,0.0,1.0,No,No,,,,,,,,,,,,,,None - Installation not recommended,,,,,,,,,,,,,,,,,,,,,,,,,,,,,,,,,,,,,,,,,,,,,,,,House_Semi-Detached_2.0
Warmworks,EOH2686,KY8,34.0,Working Full time (>30hrs),Professional,Prefer not to say,2021-04-17T00:00:00.000Z,Owner-Occupied,5.0,C1,4.0,01/06/2021,Warmworks,Urban,Pre 1919,D,2.0,1.0,104.43,4.0,3.0,4.0,2.93,Solid_No_insulation,Suspended,Pitched,Double,Yes,Gas,Gas Boiler - Combi,,,,0.0,0.0,0.0,No,No,2847.0,10768.0,7.0,70.0,11982.0,4075.0,0.0,50.0,3.65,No,No,Yes,Yes,HT_ASHP,,,,882.0,14.37,,Yes,29/07/2021,TK Murray,HT_ASHP,,Vaillant,VWL 75/6 A 230V S2,7.0,R290,0.0,Water_New,200.0,,1.0,,8.0,0.0,,Low Noise Heat Pump,No,0.0,0.0,0.0,Yes,No,0.0,0.0,,No,11215.17,3572.208,1610.23,2164.6,,,,,,,2.0,0.0,House_Semi-Detached_2.0
Warmworks,EOH2898,EH35,35.0,Stay at home parent,Casual worker,Prefer not to say,2020-08-05T00:00:00.000Z,Owner-Occupied,5.0,DE,2.0,08/09/2020,Warmworks,Rural,1919-1944,D,2.0,1.0,63.59,3.0,2.0,3.0,2.6,Cavity_Insulated,Suspended,Pitched,Double,Yes,Gas,Gas Boiler - Combi,,,,0.0,0.0,0.0,No,No,,,,,,,,,,Yes,Yes,Yes,Yes,ASHP,,,,,,,No,,,,,,,,,,,,,,,,,,,,,,,,,,,,,,,,,,,,,,,,,House_Semi-Detached_1.0
OVO,EOH0431,SP4,55.0,Working Full time (>30hrs),Professional,Prefer not to say,2020-10-23T00:00:00.000Z,Owner-Occupied,9.0,C2,3.0,24/02/2021,Retrofitworks,Rural,1945-1964,,2.0,0.0,129.0,9.0,5.0,9.0,2.4,Cavity_Insulated,Solid,Pitched,Double,Yes,Gas,Gas Boiler - Standard,,Water,150,0.0,0.0,0.0,No,No,,,,,,,,,,,,,,None - Installation not recommended,,,,,,,,,,,,,,,,,,,,,,,,,,,,,,,,,,,,,,,,,,,,,,,,House_Detached_2.0
Warmworks,EOH2297,EH33,74.0,Carer,Casual worker,"20,001 - 25,000",2021-03-23T00:00:00.000Z,Owner-Occupied,5.0,DE,3.0,04/05/2021,Warmworks,Suburban,2001+,C,2.0,0.0,129.26,6.0,4.0,6.0,2.36,Cavity_Insulated,Suspended,Pitched,Double,Yes,Gas,Gas Boiler - Standard,,Water,Large (> 170l),0.0,0.0,1.0,No,No,,,,,,,,,,Yes,No,Yes,Yes,ASHP,,,,,,,Yes,,,,,,,,,,,,,,,,,,,,,,,,,,,,,,,,,,,,,,,,,House_Detached_2.0
Warmworks,EOH2463,EH15,38.0,Working Full time (>30hrs),Skilled Manual Worker,Prefer not to say,2021-04-18T00:00:00.000Z,Owner-Occupied,0.2,C2,2.0,07/06/2021,Warmworks,Urban,1919-1944,E,2.0,2.0,149.96,6.0,3.0,6.0,2.62,Cavity_Insulated,Suspended,Pitched,Double,Yes,Gas,Gas Boiler - Combi,Fire - Gas,Water,No access,0.0,1.0,1.0,No,No,,,,,,,,,,No,No,Yes,Yes,None - Installation not recommended,,,,,,,,,,,,,,,,,,,,,,,,,,,,,,,,,,,,,,,,,,,,,,,,House_Detached_2.0
E.ON,EOH3055,NE13,67.0,Retired,Pensioner,"16,201 - 20,000",2020-11-23T00:00:00.000Z,Owner-Occupied,46.0,DE,4.0,08/12/2020,Phoenix,Urban,1950 - 1966,,2.0,0.0,90.0,5.0,3.0,7.0,2.5,Cavity_Insulated,Solid,Pitched,Double,Yes,Gas,Gas Boiler - Combi,Fire - Electric,,,0.0,0.0,1.0,No,No,3785.0,11382.0,5.029,55.87,12182.0,4475.0,655.0,45.0,3.57,Yes,No,Yes,Yes,ASHP,None Required,12602.0,,757.0,14.3,3.8,Yes,25/03/2021,Aaron Services,ASHP,,Daikin,EDLQ07CAV6,7.0,R410A,,Water_new,200.0,,1.0,9.0,0.0,0.0,none,none,No,0.0,0.0,0.0,No,No,0.0,0.0,,no,5648.0,1752.0,,3424.0,0.0,0.0,0.0,0.0,0.0,0.0,3.0,0.0,House_Semi-Detached_2.0
Warmworks,EOH3181,EH12,49.0,Working Part time,Professional,"40,001 - 50,000",2020-09-18T00:00:00.000Z,Owner-Occupied,9.0,C1,3.0,22/04/2021,Warmworks,Urban,1919-1944,C,2.0,2.0,95.49,6.0,4.0,6.0,2.42,Cavity_No_insulation,Suspended,Pitched,Double,Yes,Gas,Gas Boiler - Combi,Fire - Wood,,,0.0,0.0,1.0,No,No,,,,,,,,,,Yes,No,Yes,Yes,HT_ASHP,,,,,,,No,,,,,,,,,,,,,,,,,,,,,,,,,,,,,,,,,,,,,,,,,House_End-Terrace_2.0
E.ON,EOH1223,NE5,28.0,Working Full time (>30hrs),Skilled Manual Worker,"25,001 - 30,000",2020-11-09T00:00:00.000Z,Owner-Occupied,2.0,C2,1.0,25/11/2020,Phoenix,Urban,1950 - 1966,E,2.0,0.0,86.0,5.0,3.0,6.0,2.3,Cavity_Insulated,Solid,Pitched,Double,No,Electricity,Electric - Storage,,Water,150,0.0,0.0,0.0,No,No,,,5.427,63.0,10873.0,4475.0,655.0,,,Yes with additional measures,No,Yes,No,ASHP,Loft insulation planning application,11678.0,650.0,756.0,14.3,3.8,,,,,,,,,,,,,,,,,,,,,,,,,,,,,,,,,,,,,,,,,,House_End-Terrace_2.0
Warmworks,EOH2273,TD5,68.0,Retired,Pensioner,Prefer not to say,2021-05-12T00:00:00.000Z,Rented (Social),20.0,DE,2.0,19/07/2021,Warmworks,Suburban,1945-1964,C,3.0,2.0,68.82,3.0,2.0,3.0,2.6,Cavity_Insulated,Suspended,Pitched,Double,Yes,Gas,Gas Boiler - Combi,,,,0.0,0.0,1.0,No,No,,,,,,,,,,Yes,No,Yes,Yes,ASHP,,,,,,,No,,,,,,,,,,,,,,,,,,,,,,,,,,,,,,,,,,,,,,,,,House_Mid-Terrace_2.0
E.ON,EOH1794,NE3,56.0,Working Full time (>30hrs),Manager,"50,001+",2020-11-24T00:00:00.000Z,Owner-Occupied,18.0,C1,1.0,10/12/2020,Phoenix,Urban,1996 - 2002,E,4.0,1.0,178.0,8.0,5.0,12.0,2.4,Cavity_Insulated,Solid,Pitched,Double,Yes,Gas,Gas Boiler - Standard,Fire - Gas,Water,250,1.0,1.0,1.0,No,No,,,13.873,93.1,33611.0,5731.0,0.0,,,No,No,No,Yes,Hybrid,None Required,13103.0,,1626.0,14.3,3.8,Yes,24/01/2021,Phoenix,Hybrid,Separate_New Boiler,Daikin,EHY2KOMB28AA,4.0,R32,,,,,2.0,18.0,0.0,0.0,none,none,No,0.0,0.0,0.0,No,No,0.0,0.0,,no,5912.2,,,5740.91,0.0,0.0,0.0,0.0,0.0,0.0,4.0,,House_Detached_3.0
Warmworks,EOH2914,EH55,73.0,Retired,Pensioner,Prefer not to say,2020-07-26T00:00:00.000Z,Owner-Occupied,29.0,DE,2.0,20/08/2020,Warmworks,Suburban,1981-1990,C,1.0,0.0,111.23,5.0,3.0,5.0,2.4,Cavity_No_insulation,Suspended,Pitched,Double,Yes,Gas,Gas Boiler - Combi,Fire - Wood,,,0.0,0.0,1.0,No,No,2964.0,13143.0,,,,,,,,Yes,No,Yes,Yes,ASHP,,,,,,,No,,,,,,,,,,,,,,,,,,,,,,,,,,,,,,,,,,,,,,,,,House_Detached_1.0
Warmworks,EOH1729,EH10,72.0,Retired,Pensioner,Prefer not to say,2020-07-25T00:00:00.000Z,Owner-Occupied,35.0,DE,4.0,25/08/2020,Everwarm,Suburban,1919-1944,E,2.0,0.0,389.76,11.0,6.0,11.0,2.75,Cavity_Insulated,Suspended,Pitched,Double,Yes,Gas,Gas Boiler - Combi,Gas Boiler - Combi,Water,Medium (131-170l),0.0,2.0,1.0,No,No,2977.0,19811.0,,,,,,,,No,No,No,No,None - Installation not recommended,,,,,,,,,,,,,,,,,,,,,,,,,,,,,,,,,,,,,,,,,,,,,,,,House_Detached_2.0
Warmworks,EOH1138,EH42,55.0,Working Full time (>30hrs),Casual worker,"0 - 12,500",2020-08-07T00:00:00.000Z,Owner-Occupied,10.0,DE,4.0,27/04/2021,Warmworks,Suburban,1981-1990,B,3.0,0.0,95.66,6.0,3.0,6.0,2.42,Cavity_No_insulation,Suspended,Pitched,Double,Yes,Gas,Gas Boiler - Combi,Fire - Wood,,,0.0,0.0,1.0,No,No,2506.0,9066.0,,,,,,,,Yes,No,Yes,Yes,ASHP,,,,,,,Yes,,,,,,,,,,,,,,,,,,,,,,,,,,,,,,,,,,,,,,,,,House_Detached_1.0
Warmworks,EOH2133,TD1,40.0,Working Full time (>30hrs),Semi and unskilled manual worker,Prefer not to say,2020-10-06T00:00:00.000Z,Rented (Social),1.0,DE,2.0,30/10/2020,Warmworks,Suburban,1945-1964,D,2.0,1.0,68.92,3.0,2.0,3.0,,Cavity_Insulated,Solid,Pitched,Double,,,Electric - Storage,,Water,Normal (90-130l),0.0,0.0,0.0,No,No,,,5.0,104.0,9994.0,2697.0,156.0,50.0,3.58,Yes,No,Yes,Yes,ASHP,,,,589.0,14.0,,Yes,20/01/2021,TK Murray,ASHP,,Mitsubishi,PUHZ-W50VHA2,5.0,R410A,0.0,Water_New,150.0,,1.0,7.0,,0.0,,Low Noise Heat Pump,No,0.0,0.0,0.0,,No,0.0,0.0,,No,7655.16,3508.27,1610.23,1894.03,,,,,,,2.0,0.0,Flat_Flat_1.0
Warmworks,EOH0895,EH49,73.0,Unemployed,Manager,"25,001 - 30,000",2020-07-07T00:00:00.000Z,Owner-Occupied,34.0,DE,3.0,28/07/2020,Warmworks,Urban,1919-1944,E,1.0,0.0,173.06,6.0,4.0,6.0,2.7,Cavity_Insulated,Suspended,Pitched,Double,Yes,Gas,Gas Boiler - Standard,Fire - Gas,Water,Normal (90-130l),0.0,2.0,1.0,Yes - Borehole,Yes,,,,,,,,,,No,Yes,Yes,Yes,None - Installation not recommended,,,,,,,,,,,,,,,,,,,,,,,,,,,,,,,,,,,,,,,,,,,,,,,,House_Semi-Detached_2.0
Warmworks,EOH2819,KY10,74.0,Carer,Unemployed/Benefits,"25,001 - 30,000",2020-07-02T00:00:00.000Z,Owner-Occupied,14.0,DE,2.0,03/08/2020,Everwarm,Rural,1981-1990,B,2.0,0.0,123.19,6.0,3.0,6.0,2.3,Cavity_No_insulation,Suspended,Pitched,Double,Yes,Gas,Gas Boiler - Combi,,,,0.0,1.0,0.0,No,No,3500.0,20500.0,11.0,89.0,29778.0,3821.0,0.0,,,Yes,No,Yes,No,HT_ASHP,,,,1435.0,15.0,5.0,No,,,,,,,,,,,,,,,,,,,,,,,,,,,,,,,,,,,,,,,,,House_Detached_2.0
Warmworks,EOH0241,G68,54.0,Working Full time (>30hrs),Manager,"50,001+",2020-08-07T00:00:00.000Z,Owner-Occupied,8.0,AB,5.0,06/05/2021,Warmworks,Suburban,1981-1990,C,2.0,0.0,127.0,6.0,4.0,6.0,2.35,Cavity_No_insulation,Suspended,Pitched,Double,Yes,Gas,Gas Boiler - Standard,,Water,Normal (90-130l),0.0,0.0,1.0,No,No,,,8.4,79.0,21516.0,5905.0,0.0,50.0,3.81,Yes,No,Yes,Yes,ASHP,,,,1021.86,18.0,5.0,Yes,26/07/2021,Everwarm,ASHP,,Mitsubishi,PUZ-WM85VAA,8.5,R32,0.0,Water_New,200.0,,1.0,12.0,,0.0,,Low Noise Heat Pump,No,0.0,0.0,0.0,No,No,0.0,0.0,,No,8575.73,3572.208,1610.23,3246.91,,,,,,,2.0,0.0,House_Detached_2.0
E.ON,EOH3085,NE3,80.0,Retired,Pensioner,"25,001 - 30,000",2020-10-08T00:00:00.000Z,Owner-Occupied,1.0,DE,4.0,21/10/2020,E.ON,Suburban,1950 - 1966,C,2.0,0.0,174.0,4.0,2.0,11.0,2.4,Cavity_Insulated,Mix,Pitched,Double,Yes,Gas,Gas Boiler - Combi,,,,1.0,0.0,0.0,Yes - Ground Loop,Yes,17000.0,24000.0,,,,,,,,No,No,No,No,None - Installation not recommended,,,,,,,,,,,,,,,,,,,,,,,,,,,,,,,,,,,,,,,,,,,,,,,,House_Semi-Detached_2.0
Warmworks,EOH2503,FK2,41.0,Working Full time (>30hrs),Professional,"50,001+",2020-10-30T00:00:00.000Z,Owner-Occupied,2.0,C1,4.0,26/05/2021,Warmworks,Suburban,1945-1964,D,2.0,3.0,256.43,12.0,4.0,10.0,2.65,Cavity_No_insulation,Suspended,Pitched,Double,Yes,Gas,Gas Boiler - Combi,Fire - Wood,,,0.0,1.0,1.0,Yes - Borehole,Yes,,,,,,,,,,No,Yes,Yes,Yes,None - Installation not recommended,,,,,,,,,,,,,,,,,,,,,,,,,,,,,,,,,,,,,,,,,,,,,,,,House_Semi-Detached_3.0
OVO,EOH3146,BH25,67.0,Retired,Pensioner,"50,001+",2020-08-08T00:00:00.000Z,Owner-Occupied,10.0,DE,4.0,12/02/2021,Retrofitworks,Suburban,1981-1990,,2.0,0.0,96.5,9.0,4.0,8.0,2.34,Cavity_Insulated,Solid,Pitched,Double,Yes,Gas,Gas Boiler - Standard,,Water,130,0.0,0.0,0.0,Yes - Ground Loop,Yes,,,,,,,,,,,,,,None - Installation not recommended,,,,,,,,,,,,,,,,,,,,,,,,,,,,,,,,,,,,,,,,,,,,,,,,House_Detached_1.0
E.ON,EOH2938,NE5,62.0,Working Full time (>30hrs),Skilled Manual Worker,"30,001 - 40,000",2020-12-11T00:00:00.000Z,Owner-Occupied,24.0,C2,3.0,06/01/2021,Phoenix,Urban,1967 - 1975,,3.0,1.0,95.0,6.0,4.0,10.0,2.4,Cavity_No_insulation,Solid,Pitched,Double,Yes,Gas,Gas Boiler - Combi,Fire - Gas,,,0.0,1.0,1.0,No,No,,,7.522,79.17,15076.6,4457.0,0.0,53.0,2.99,No,No,No,Yes,Hybrid,None Required,11525.85,,738.0,14.3,3.8,Yes,08/04/2021,Phoenix,Hybrid,Separate_New Boiler,Daikin,EHY2KOMB32AA,4.0,R32,,,,,1.0,10.0,0.0,0.0,none,none,No,0.0,0.0,0.0,No,No,0.0,0.0,,no,5912.2,,,3978.47,0.0,0.0,0.0,0.0,0.0,0.0,4.0,0.0,House_Semi-Detached_2.0
E.ON,EOH0038,NE65,,Working Full time (>30hrs),Professional,"30,001 - 40,000",2021-07-02T00:00:00.000Z,Owner-Occupied,0.9,C1,5.0,28/07/2021,Energist,Suburban,1930 - 1949,E,1.0,0.0,108.0,7.0,4.0,10.0,2.4,Cavity_Insulated,Suspended,Pitched,Double,No,Coal,Fire - Coal,,Water,150,0.0,0.0,0.0,No,No,,,5.47,60.08,13887.0,4495.0,0.0,45.0,3.77,Yes,No,Yes,Yes,ASHP,None Required,13422.0,,789.0,12.5,3.55,Yes,27/08/2021,Energist,HT_ASHP,,Vaillant,VWL 55/6 A 230V S2,5.0,R290,,Water_new,200.0,,1.0,10.0,0.0,0.0,,,No,0.0,0.0,0.0,No,No,0.0,0.0,,no,5623.74,1752.34,,2870.74,0.0,0.0,0.0,0.0,0.0,0.0,4.0,,House_Mid-Terrace_2.0
E.ON,EOH2179,NE5,55.0,Unemployed,Unemployed/Benefits,"12,501 - 16,200",2020-08-28T00:00:00.000Z,Owner-Occupied,42.0,DE,1.0,05/10/2020,Phoenix,Suburban,1950 - 1966,,2.0,0.0,94.0,5.0,3.0,11.0,2.4,Cavity_Insulated,Solid,Pitched,Double,Yes,Gas,Gas Boiler - Combi,,,,0.0,0.0,1.0,No,No,1617.0,7947.0,5.586,69.84,11237.3,4182.0,616.0,45.0,3.57,Yes,No,No,No,ASHP,,12989.76,,658.0,14.3,3.8,Yes,30/10/2020,Aaron Services,ASHP,,Daikin,EDLQ07CAV3,7.0,R410A,,Water_new,180.0,,1.0,9.0,9.0,0.0,none,none,No,0.0,0.0,0.0,No,No,0.0,0.0,,no,5648.01,1752.34,,2685.85,0.0,0.0,0.0,0.0,0.0,0.0,2.0,,House_Semi-Detached_2.0
Warmworks,EOH2571,KY11,65.0,Working Full time (>30hrs),Professional,"50,001+",2020-07-08T00:00:00.000Z,Owner-Occupied,25.0,C1,4.0,24/08/2020,Warmworks,Urban,1965-1980,C,2.0,0.0,83.9,5.0,3.0,5.0,2.265,Cavity_Insulated,Suspended,Pitched,Double,Yes,Gas,Gas Boiler - Combi,,,,0.0,0.0,0.0,No,No,4182.0,11178.0,6.5,83.0,20491.0,3821.0,0.0,,,Yes,No,Yes,No,ASHP,,,,1128.0,15.0,5.0,Yes,25/11/2020,Everwarm,HT_ASHP,,Vaillant,VWL 75/6 A 230V S2,7.0,R290,0.0,Water_New,150.0,,1.0,,9.0,0.0,,Low Noise Heat Pump,No,0.0,0.0,0.0,No,No,0.0,0.0,,No,11215.18,3508.27,1610.23,2435.17,,,,,,,2.0,0.0,House_Mid-Terrace_2.0
E.ON,EOH0582,NE6,40.0,Working Part time,Professional,"40,001 - 50,000",2020-07-07T00:00:00.000Z,Owner-Occupied,10.0,AB,1.0,23/07/2020,Pacifica,Suburban,Before 1900,D,2.0,2.0,109.0,4.0,3.0,4.0,2.4,Cavity_Insulated,Suspended,Pitched,Double,Yes,Gas,Gas Boiler - Combi,,,,0.0,0.0,1.0,Yes - Ground Loop,Yes,,,8.661,72.65,17351.5,4182.0,616.0,47.0,3.24,Yes,No,Yes,Yes,ASHP,None Required,16740.75,,968.0,14.3,3.8,Yes,11/12/2020,Aaron Services,ASHP,,Daikin,EDLQ014CAV3,14.0,R410A,,Water_new,200.0,,1.0,8.0,3.0,0.0,none,none,No,0.0,0.0,0.0,Yes,No,0.0,0.0,,no,9047.38,1752.34,,4163.46,0.0,0.0,0.0,0.0,0.0,0.0,2.5,,House_Mid-Terrace_2.0
E.ON,EOH2006,NE2,76.0,Retired,Pensioner,"12,501 - 16,200",2020-07-14T00:00:00.000Z,Owner-Occupied,35.0,DE,2.0,04/09/2020,Phoenix,Unknown,1950 - 1966,,1.0,0.0,149.0,6.0,3.0,6.0,2.5,Cavity_Insulated,Suspended,Pitched,Single,Yes,Gas,Gas Boiler - Standard,Unknown,Water,Unknown,0.0,1.0,1.0,Yes - Ground Loop,No,,,,,,,,,,No,No,No,No,None - Installation not recommended,,,,,,,,,,,,,,,,,,,,,,,,,,,,,,,,,,,,,,,,,,,,,,,,House_Detached_2.0
Warmworks,EOH0059,EH14,50.0,Working Full time (>30hrs),Manager,"50,001+",2020-08-19T00:00:00.000Z,Owner-Occupied,10.0,C1,3.0,07/05/2021,Warmworks,Suburban,1919-1944,C,3.0,1.0,120.96,7.0,3.0,7.0,2.76,Cavity_Insulated,Suspended,Pitched,Double,Yes,Gas,Gas Boiler - Combi,Fire - Gas,,,0.0,1.0,1.0,No,No,,,9.4,,27272.0,3937.0,0.0,,,Yes,No,Yes,Yes,ASHP,,,,1394.64,18.0,5.0,No,,,,,,,,,,,,,,,,,,,,,,,,,,,,,,,,,,,,,,,,,House_Semi-Detached_2.0
OVO,EOH0174,GU9,42.0,Working Full time (>30hrs),Professional,"50,001+",2020-08-12T00:00:00.000Z,Owner-Occupied,10.0,AB,3.0,19/10/2020,Retrofitworks,Suburban,1945-1964,,2.0,2.0,163.97,7.0,4.0,7.0,2.45,Cavity_Insulated,Solid,Pitched,Double,Yes,Gas,Gas Boiler - Standard,,Water,170,0.0,0.0,1.0,No,Yes,,,8.53,75.13,22902.8,6205.0,2405.04,45.0,3.42,Yes,No,Yes,Yes,ASHP,,12065.0,,1756.1,14.0,,Yes,26/01/2021,Northern Gas,ASHP,,Daikin,EDLQ011CV3,11.0,R410A,,Water_New,200.0,,1.0,0.0,4.0,0.0,,,No,0.0,0.0,0.0,No,No,0.0,0.0,,No,5860.33,1812.01,3545.81,601.23,0.0,0.0,0.0,0.0,0.0,0.0,10.0,2.0,House_Detached_2.0
OVO,EOH2536,RH1,31.0,Working Full time (>30hrs),Professional,"50,001+",2020-07-02T00:00:00.000Z,Owner-Occupied,1.0,AB,3.0,14/07/2020,Retrofitworks,Urban,1919-1944,,2.0,0.0,98.0,5.0,3.0,7.0,,,,Pitched,Double,Yes,Gas,Gas Boiler - Standard,,Water,,0.0,0.0,0.0,No,No,,,,,,,,,,,,,,None - Installation not recommended,,,,,,,,,,,,,,,,,,,,,,,,,,,,,,,,,,,,,,,,,,,,,,,,House_Semi-Detached_2.0
E.ON,EOH1275,NE15,72.0,Retired,Pensioner,"30,001 - 40,000",2020-10-14T00:00:00.000Z,Owner-Occupied,37.0,DE,5.0,28/10/2020,Phoenix,Urban,1983 - 1990,,2.0,0.0,145.0,6.0,3.0,8.0,2.4,Cavity_Insulated,Solid,Pitched,Double,Yes,Gas,Gas Boiler - Combi,Fire - Gas,,,0.0,1.0,1.0,Yes - Ground Loop,Yes,5316.0,13191.0,,,,,,,,No,No,No,No,None - Installation not recommended,,,,,,,,,,,,,,,,,,,,,,,,,,,,,,,,,,,,,,,,,,,,,,,,House_Detached_1.0
E.ON,EOH1606,NE4,,Working Full time (>30hrs),Manager,"50,001+",2020-11-09T00:00:00.000Z,Owner-Occupied,26.0,AB,5.0,25/11/2020,Phoenix,Urban,1930 - 1949,,4.0,2.0,220.0,8.0,5.0,13.0,2.6,Cavity_Insulated,Suspended,Pitched,Double,Yes,Gas,Gas Boiler - Standard,Fire - Gas,Water,210,0.0,2.0,1.0,No,No,6023.0,,,,,,,,,No,No,No,No,None - Installation not recommended,,,,,,,,,,,,,,,,,,,,,,,,,,,,,,,,,,,,,,,,,,,,,,,,House_Detached_3.0
OVO,EOH1926,PO7,53.0,Working Full time (>30hrs),Professional,"12,501 - 16,200",2021-01-22T00:00:00.000Z,Owner-Occupied,27.0,AB,3.0,24/02/2021,Retrofitworks,Suburban,1945-1964,,3.0,1.0,96.0,6.0,3.0,6.0,2.4,Cavity_Insulated,Solid,Pitched,Double,Yes,Gas,Gas Boiler - Combi,,,,0.0,1.0,1.0,No,No,,,,,,,,,,,,,,None - Installation not recommended,,,,,,,,,,,,,,,,,,,,,,,,,,,,,,,,,,,,,,,,,,,,,,,,House_Semi-Detached_2.0
OVO,EOH0208,PO9,37.0,Working Full time (>30hrs),Professional,"40,001 - 50,000",2020-07-02T00:00:00.000Z,Owner-Occupied,10.0,AB,3.0,19/01/2021,Retrofitworks,Suburban,Pre 1919,,1.0,1.0,122.97,7.0,3.0,7.0,2.45,Cavity_No_insulation,Suspended,Pitched,Double,Yes,Gas,Gas Boiler - Combi,,,,0.0,0.0,0.0,No,No,,,11.12,89.82,30160.3,4745.32,1429.22,,,Yes,No,Yes,Yes,ASHP,Heat Emitters,14601.49,1234.8,1471.91,14.0,,No,,,,,,,,,,,,,,,,,,,,,,,,,,,,,,,,,,,,,,,,,House_Semi-Detached_2.0
OVO,EOH0329,KT18,83.0,Retired,Pensioner,Prefer not to say,2021-06-09T00:00:00.000Z,Rented (Social),11.0,DE,1.0,14/03/2021,Retrofitworks,Urban,1991-2000,D,2.0,0.0,47.0,3.0,1.0,3.0,2.38,Cavity_Insulated,Suspended,Pitched,Double,No,Electricity,Electric - Storage,Electric - Storage,Water,100,0.0,0.0,0.0,Yes - Borehole,Yes,,,2.664,36.0,5525.0,1798.0,0.0,,,No,Yes with additional measures,No,No,GSHP,Heat Emitters,15920.96,3887.25,320.96,17.0,,Yes,31/07/2021,Kensa,GSHP,Shared_Groundloop,Kensa,S6-P0K,3.0,R134a,,PCM_New,,10.5,1.0,0.0,5.0,0.0,,,No,0.0,0.0,0.0,No,No,0.0,0.0,,No,2907.89,1982.51,8530.78,3887.25,0.0,0.0,0.0,0.0,0.0,0.0,3.0,0.0,Flat_Flat_1.0
OVO,EOH1214,TN27,63.0,Working Full time (>30hrs),Professional,"50,001+",2020-08-13T00:00:00.000Z,Owner-Occupied,5.0,AB,4.0,27/11/2020,Retrofitworks,Rural,2001+,,2.0,3.0,395.0,9.0,5.0,9.0,2.71,Solid_Insulated,Solid,Flat,Triple,Yes,Gas,Gas Boiler - Combi,Electric - Direct,Water,200,15.0,0.0,0.0,Yes - Ground Loop,Yes,5225.0,23819.0,11.14,35.56,29532.0,4585.0,163.0,45.0,3.81,Yes,Yes,Yes,Yes,HT_ASHP,,12951.0,0.0,1478.62,15.0,,Yes,21/06/2021,Reina Group,HT_ASHP,,Daikin,EPGA16DV,16.0,R32,,Water_New,300.0,,1.0,0.0,0.0,0.0,,,No,0.0,0.0,0.0,No,No,0.0,0.0,,No,6696.41,1323.0,3436.89,0.0,0.0,0.0,0.0,0.0,0.0,0.0,3.0,0.0,House_Detached_2.0
Warmworks,EOH0279,EH22,42.0,Working Part time,Professional,"50,001+",2020-07-04T00:00:00.000Z,Owner-Occupied,6.0,AB,4.0,27/07/2020,Everwarm,Suburban,2001+,A,2.0,0.0,172.33,7.0,4.0,7.0,2.35,Cavity_Insulated,Solid,Pitched,Double,Yes,Gas,Gas Boiler - Standard,,Water,Normal (90-130l),0.0,0.0,0.0,No,No,2200.0,,7.9,57.2,22506.0,4075.0,1237.0,45.0,3.86,Yes,No,Yes,No,ASHP,,,,576.0,14.0,3.0,Yes,21/10/2020,BRB Electrical Ltd,ASHP,,Mitsubishi,PUHZ-W85VHAA,8.5,R410A,0.0,Water_New,150.0,,1.0,16.0,,0.0,,Low Noise Heat Pump,No,0.0,0.0,0.0,No,No,0.0,0.0,,No,7655.16,3508.27,1610.23,4329.22,,,,,,,3.0,0.0,House_Detached_2.0
OVO,EOH0654,CT14,55.0,Working Part time,Semi and unskilled manual worker,"16,201 - 20,000",2020-12-04T00:00:00.000Z,Owner-Occupied,2.0,C2,3.0,05/02/2021,,Suburban,1991-2000,,2.0,0.0,77.0,4.0,2.0,4.0,2.3,Cavity_Insulated,Solid,Pitched,Double,Yes,Gas,Gas Boiler - Combi,,,,0.0,0.0,0.0,No,No,,,,,,,,,,,,,,,,,,,,,No,,,,,,,,,,,,,,,,,,,,,,,,,,,,,,,,,,,,,,,,,House_Semi-Detached_2.0
OVO,EOH1029,GU7,31.0,Working Full time (>30hrs),Professional,"50,001+",2020-08-05T00:00:00.000Z,Owner-Occupied,,AB,1.0,20/11/2020,Retrofitworks,Suburban,1965-1980,,2.0,0.0,86.0,6.0,3.0,6.0,2.431,Cavity_No_insulation,Mix,Pitched,Double,Yes,Gas,Gas Boiler - Standard,,Water,90,0.0,0.0,1.0,No,No,,,,,,,,,,,,,,,,,,,,,No,,,,,,,,,,,,,,,,,,,,,,,,,,,,,,,,,,,,,,,,,House_Mid-Terrace_2.0
Warmworks,EOH0503,EH19,74.0,Retired,Pensioner,Prefer not to say,2020-08-11T00:00:00.000Z,Owner-Occupied,,DE,3.0,20/04/2021,Warmworks,Suburban,1991-2000,C,2.0,0.0,98.99,6.0,3.0,6.0,2.36,Cavity_Insulated,Suspended,Pitched,Double,Yes,Gas,Gas Boiler - Standard,,Water,Normal (90-130l),0.0,0.0,0.0,No,No,,,,,,,,,,Yes,No,Yes,No,ASHP,,,,,,,No,,,,,,,,,,,,,,,,,,,,,,,,,,,,,,,,,,,,,,,,,House_Detached_2.0
OVO,EOH0839,PO5,34.0,Working Full time (>30hrs),Professional,"50,001+",2020-08-13T00:00:00.000Z,Owner-Occupied,2.0,C1,4.0,14/01/2021,Retrofitworks,Suburban,Pre 1919,,2.0,0.0,212.0,8.0,4.0,8.0,3.0,Cavity_No_insulation,Suspended,Pitched,Double,Yes,Gas,Gas Boiler - Standard,,Water,90,1.0,1.0,1.0,No,No,,,,,,,,,,Yes with additional measures,No,Yes with additional measures,Yes with additional measures,None - Installation not recommended,,,,,,,,,,,,,,,,,,,,,,,,,,,,,,,,,,,,,,,,,,,,,,,,House_Semi-Detached_2.0
OVO,EOH1106,LU6,49.0,Working Full time (>30hrs),Professional,"50,001+",2020-07-25T00:00:00.000Z,Owner-Occupied,16.0,C1,4.0,26/01/2021,Retrofitworks,Suburban,1965-1980,,2.0,0.0,140.0,6.0,4.0,6.0,2.5,Cavity_Insulated,Solid,Pitched,Double,Yes,Gas,Gas Boiler - Standard,,Water,130,0.0,0.0,1.0,No,No,,,,,,,,,,,,,,None - Installation not recommended,,,,,,,,,,,,,,,,,,,,,,,,,,,,,,,,,,,,,,,,,,,,,,,,House_Detached_2.0
E.ON,EOH2386,NE3,59.0,Working Full time (>30hrs),Clerical,Prefer not to say,2020-09-30T00:00:00.000Z,Owner-Occupied,33.0,C1,3.0,09/10/2020,Phoenix,Suburban,1950 - 1966,,3.0,0.0,72.0,4.0,3.0,10.0,2.4,Cavity_Insulated,Solid,Pitched,Double,Yes,Gas,Gas - Warm Air,,Water,110,0.0,0.0,1.0,No,No,,,5.73,80.11,13876.2,4002.0,181.0,45.0,3.57,Yes,No,No,Yes,ASHP,,13359.74,,816.0,14.3,3.8,Yes,28/10/2020,Aaron Services,ASHP,,Daikin,EDLQ07CAV3,7.0,R410A,,Water_new,180.0,,1.0,11.0,11.0,0.0,none,enclosure,No,0.0,0.0,0.0,No,No,0.0,0.0,,no,5648.01,1752.34,,3425.04,0.0,0.0,0.0,0.0,0.0,0.0,3.0,,House_Semi-Detached_2.0
Warmworks,EOH1094,EH16,44.0,Working Part time,Skilled Manual Worker,"50,001+",2020-08-05T00:00:00.000Z,Owner-Occupied,11.5,C2,4.0,07/09/2020,Warmworks,Urban,1945-1964,C,2.0,1.0,116.88,6.0,3.0,6.0,2.4,Cavity_Insulated,Solid,Pitched,Double,Yes,Gas,Gas Boiler - Combi,,,,0.0,0.0,0.0,No,No,,,,,,,,,,Yes,No,Yes,No,ASHP,,,,,,,No,,,,,,,,,,,,,,,,,,,,,,,,,,,,,,,,,,,,,,,,,House_Mid-Terrace_3.0
OVO,EOH1856,GU6,43.0,Working Full time (>30hrs),Professional,"50,001+",2020-07-01T00:00:00.000Z,Owner-Occupied,9.0,AB,4.0,14/10/2020,Retrofitworks,Suburban,1965-1980,,2.0,2.0,89.58,7.0,3.0,7.0,2.28,Cavity_No_insulation,Solid,Pitched,Double,Yes,Gas,Gas Boiler - Standard,Fire - Gas,,,0.0,0.0,1.0,No,No,,,,,,,,,,Yes with additional measures,No,Yes with additional measures,Yes with additional measures,None - Installation not recommended,Loft Insulation; Wall insulation; Draft Proofing,15000.0,6000.0,,,,,,,,,,,,,,,,,,,,,,,,,,,,,,,,,,,,,,,,,,,,,House_Semi-Detached_2.0
Warmworks,EOH2589,TD1,66.0,Working Full time (>30hrs),Semi and unskilled manual worker,Prefer not to say,2020-10-08T00:00:00.000Z,Rented (Social),30.0,DE,1.0,29/10/2020,Warmworks,Suburban,1965-1980,D,2.0,1.0,79.38,4.0,2.0,4.0,,Cavity_No_insulation,Suspended,Pitched,Double,Yes,Gas,Gas Boiler - Combi,,,,0.0,0.0,0.0,No,No,,,,,,,,,,Yes,No,Yes,No,ASHP,,,,,,,No,,,,,,,,,,,,,,,,,,,,,,,,,,,,,,,,,,,,,,,,,House_End-Terrace_2.0
OVO,EOH2682,KT18,43.0,Working Full time (>30hrs),Manager,"50,001+",2020-09-15T00:00:00.000Z,Owner-Occupied,10.0,AB,4.0,17/12/2020,Retrofitworks,Suburban,1919-1944,,2.0,0.0,77.98,6.0,3.0,6.0,2.56,Solid_Insulated,Suspended,Pitched,Double,Yes,Gas,Gas Boiler - Standard,,,,0.0,0.0,0.0,Yes - Borehole,Yes,,,6.15,72.21,12208.0,3821.0,136.0,53.0,3.51,Yes,No,Yes,Yes,ASHP,,11520.15,0.0,634.39,15.0,,Yes,10/05/2021,Ecolution Group,ASHP,,Mitsubishi,PUZ-WM85VAA,8.5,R32,,Water_New,210.0,,1.0,0.0,0.0,0.0,,,No,0.0,0.0,0.0,No,No,0.0,0.0,,No,6296.31,2165.24,3351.6,0.0,0.0,0.0,0.0,0.0,0.0,0.0,4.0,0.0,House_Semi-Detached_2.0
E.ON,EOH0032,NE5,49.0,Working Full time (>30hrs),Professional,"50,001+",2020-12-04T00:00:00.000Z,Owner-Occupied,15.0,C1,5.0,22/12/2020,Phoenix,Urban,1950 - 1966,,2.0,2.0,110.0,6.0,4.0,9.0,2.4,Cavity_Insulated,Suspended,Pitched,Double,Yes,Gas,Gas Boiler - Combi,Fire - Gas,,,0.0,1.0,1.0,No,No,,,7.999,77.2,19363.0,5153.0,313.0,,,Yes with additional measures,No,Yes,No,ASHP,Loft Insulation,14797.53,500.0,1212.0,14.3,3.8,,,,,,,,,,,,,,,,,,,,,,,,,,,,,,,,,,,,,,,,,,House_Semi-Detached_2.0
E.ON,EOH2809,NE6,34.0,Working Full time (>30hrs),Professional,"50,001+",2020-10-26T00:00:00.000Z,Owner-Occupied,1.0,AB,5.0,04/11/2020,Phoenix,Urban,1900 - 1929,D,2.0,0.0,136.0,7.0,4.0,9.0,3.0,Solid_No_insulation,Suspended,Pitched,Double,Yes,Gas,Gas Boiler - Combi,Fire - Gas,,,0.0,1.0,1.0,No,No,,,12.806,95.24,13408.0,4776.0,0.0,,,No,No,No,Yes,Hybrid,None Required,10430.83,0.0,1446.0,14.3,3.8,No,,,,,,,,,,,,,,,,,,,,,,,,,,,,,,,,,,,,,,,,,House_Mid-Terrace_2.0
OVO,EOH0692,GU32,42.0,Working Full time (>30hrs),Professional,"50,001+",2021-01-30T00:00:00.000Z,Owner-Occupied,2.0,AB,3.0,26/02/2021,Retrofitworks,Suburban,1965-1980,,2.0,1.0,126.2,8.0,4.0,8.0,2.4,Cavity_Insulated,Solid,Pitched,Double,Yes,Gas,Gas Boiler - Standard,,Water,150,0.0,0.0,1.0,No,No,,,,,,,,,,,No,,,None - Installation not recommended,,,,,,,,,,,,,,,,,,,,,,,,,,,,,,,,,,,,,,,,,,,,,,,,House_Detached_2.0
OVO,EOH0982,RG41,62.0,Retired,Professional,"50,001+",2020-07-18T00:00:00.000Z,Owner-Occupied,14.0,DE,4.0,19/11/2020,,Suburban,1919-1944,,2.0,0.0,,10.0,5.0,10.0,,,,Pitched,Double,Yes,Gas,Gas Boiler - Standard,Fire - Wood,,,0.0,0.0,0.0,No,No,,,,,,,,,,,,,,None - Installation not recommended,,,,,,,,,,,,,,,,,,,,,,,,,,,,,,,,,,,,,,,,,,,,,,,,House_Detached_2.0
Warmworks,EOH0820,EH17,45.0,Working Part time,Professional,"25,001 - 30,000",2020-09-13T00:00:00.000Z,Owner-Occupied,6.0,AB,1.0,21/10/2020,Warmworks,Suburban,1991-2000,C,2.0,1.0,72.9,5.0,3.0,5.0,,Cavity_Insulated,Solid,Pitched,Double,Yes,Gas,Gas Boiler - Combi,,,,0.0,0.0,1.0,No,No,,,,,,,,,,Yes,Yes,Yes,Yes,ASHP,,,,,,,No,,,,,,,,,,,,,,,,,,,,,,,,,,,,,,,,,,,,,,,,,House_Semi-Detached_2.0
E.ON,EOH2585,NE25,82.0,Retired,Pensioner,Prefer not to say,2021-04-21T00:00:00.000Z,Owner-Occupied,40.0,DE,2.0,22/04/2021,Phoenix,Urban,1967 - 1975,,2.0,0.0,175.0,7.0,5.0,12.0,2.3,Cavity_Insulated,Suspended,Pitched,Double,Yes,Gas,Gas Boiler - Combi,Fire - Gas,,,0.0,1.0,0.0,No,No,,,,,,,,,,Yes,No,Yes,Yes,ASHP,,,,,,,No,,,,,,,,,,,,,,,,,,,,,,,,,,,,,,,,,,,,,,,,,House_Detached_2.0
Warmworks,EOH0849,EH16,73.0,Retired,Pensioner,"25,001 - 30,000",2020-07-30T00:00:00.000Z,Owner-Occupied,14.0,DE,4.0,24/08/2020,Everwarm,Suburban,1945-1964,D,3.0,0.0,137.71,5.0,2.0,5.0,2.45,Cavity_Insulated,Suspended,Pitched,Double,Yes,Gas,Gas Boiler - Standard,Fire - Wood,Water,Normal (90-130l),1.0,0.0,0.0,No,No,3118.0,12569.0,,,,,,,,Yes,No,Yes,Yes,None - Installation not recommended,,,,,,,,,,,,,,,,,,,,,,,,,,,,,,,,,,,,,,,,,,,,,,,,House_Detached_2.0
OVO,EOH0407,PO30,57.0,Unemployed,Unemployed/Benefits,"30,001 - 40,000",2020-07-18T00:00:00.000Z,Owner-Occupied,29.0,DE,4.0,03/02/2021,Retrofitworks,Rural,Pre 1919,,4.0,0.0,87.0,5.0,3.0,5.0,2.28,Solid_No_insulation,Suspended,Pitched,Double,No,Electricity,Electric - Storage,Fire - Wood,Water,200,0.0,0.0,0.0,Yes - Ground Loop,Yes,,,,,,,,,,,,,,None - Installation not recommended,,,,,,,,,,,,,,,,,,,,,,,,,,,,,,,,,,,,,,,,,,,,,,,,House_Semi-Detached_2.0
E.ON,EOH0450,NE7,76.0,Retired,Pensioner,"16,201 - 20,000",2020-10-30T00:00:00.000Z,Owner-Occupied,25.0,DE,1.0,11/11/2020,Phoenix,Urban,1930 - 1949,,2.0,0.0,105.0,5.0,3.0,7.0,2.6,Cavity_Insulated,Suspended,Pitched,Double,Yes,Gas,Gas Boiler - Combi,Fire - Gas,,,0.0,1.0,1.0,No,No,2562.0,16582.0,7.092,67.0,17043.0,3566.0,0.0,55.0,2.96,Yes,No,Yes,Yes,Hybrid,None Required,10060.08,,787.0,14.3,3.8,Yes,20/01/2021,Phoenix,Hybrid,Separate_New Boiler,Daikin,EHY2KOMB28AA,4.0,R32,,,,,4.0,8.0,0.0,0.0,none,none,No,0.0,0.0,0.0,No,No,0.0,0.0,,no,5739.82,,,3239.28,0.0,0.0,0.0,0.0,0.0,0.0,2.0,,House_Semi-Detached_2.0
E.ON,EOH1827,NE4,,Working Full time (>30hrs),Skilled Manual Worker,"0 - 12,500",2020-11-30T00:00:00.000Z,Owner-Occupied,1.0,C2,5.0,16/12/2020,Phoenix,Urban,1900 - 1929,C,2.0,1.0,166.0,7.0,4.0,10.0,2.5,Cavity_Insulated,Suspended,Pitched,Double,Yes,Gas,Gas Boiler - Combi,Fire - Gas,,,2.0,1.0,1.0,No,No,4611.0,28634.0,,,,,,,,Yes,No,Yes,Yes,None - Installation not recommended,,,,,,,,,,,,,,,,,,,,,,,,,,,,,,,,,,,,,,,,,,,,,,,,House_Semi-Detached_2.0
Warmworks,EOH1321,EH10,40.0,Working Full time (>30hrs),Professional,Prefer not to say,2020-07-19T00:00:00.000Z,Owner-Occupied,4.0,C2,2.0,30/07/2020,Warmworks,Urban,1965-1980,C,2.0,2.0,117.62,6.0,3.0,6.0,2.4,Cavity_Insulated,Suspended,Pitched,Double,Yes,Gas,Gas Boiler - Combi,,,,0.0,0.0,1.0,No,No,1800.0,8000.0,,,,,,,,Yes,No,Yes,Yes,Hybrid,,,,,,,No,,,,,,,,,,,,,,,,,,,,,,,,,,,,,,,,,,,,,,,,,House_Semi-Detached_2.0
Warmworks,EOH1441,EH14,68.0,Unemployed,Professional,"50,001+",2020-07-06T00:00:00.000Z,Owner-Occupied,25.0,DE,2.0,27/07/2020,Everwarm,Suburban,1991-2000,D,2.0,0.0,239.14,8.0,4.0,8.0,2.4,Cavity_Insulated,Suspended,Pitched,Double,Yes,Gas,Gas Boiler - Standard,Fire - Gas,Water,Normal (90-130l),0.0,1.0,1.0,No,No,4417.0,30175.0,,,,,,,,No,No,Yes,Yes,HT_ASHP,,,,,,,No,,,,,,,,,,,,,,,,,,,,,,,,,,,,,,,,,,,,,,,,,House_Detached_2.0
Warmworks,EOH0524,TD4,33.0,Working Part time,Professional,"12,501 - 16,200",2021-05-14T00:00:00.000Z,Rented (Social),11.0,C2,4.0,05/08/2021,Warmworks,Suburban,1965-1980,F,,,68.26,4.0,2.0,4.0,2.45,Cavity_Insulated,Suspended,Pitched,Double,No,,Electric - Direct,,Water,Normal (90-130l),0.0,0.0,0.0,No,No,,,4.7,79.0,13931.0,2953.0,0.0,50.0,3.58,Yes,No,Yes,No,ASHP,,,,704.34,18.0,5.0,Yes,16/08/2021,Everwarm,ASHP,,Mitsubishi,PUHZ-W50VHA2,5.0,R410A,0.0,Water_New,150.0,,1.0,8.0,,0.0,,Low Noise Heat Pump,No,0.0,0.0,0.0,No,No,0.0,0.0,,No,7655.16,3508.272,1610.23,2164.6,,,,,,,2.0,0.0,House_Detached_2.0
Warmworks,EOH0256,KY1,49.0,Working Part time,Professional,"0 - 12,500",2021-03-12T00:00:00.000Z,Owner-Occupied,11.0,C1,4.0,15/04/2021,Warmworks,Suburban,1919-1944,D,4.0,0.0,99.87,6.0,4.0,5.0,2.62,Cavity_Insulated,Suspended,Another Dwelling Above,Double,Yes,Gas,Gas Boiler - Standard,Fire - Gas,Water,Normal (90-130l),0.0,1.0,1.0,No,No,,,7.1,80.0,26423.0,4921.0,0.0,50.0,3.81,Yes,No,Yes,No,ASHP,,,,1254.96,18.0,5.0,Yes,13/09/2021,Everwarm,ASHP,,Mitsubishi,PUZ-WM85VAA,8.5,R32,0.0,Water_New,200.0,,1.0,7.0,,0.0,,Low Noise Heat Pump,No,0.0,0.0,0.0,No,No,0.0,0.0,,No,7655.16,3572.21,1610.23,1894.03,,,,,,,2.0,0.0,Flat_Flat_1.0
Warmworks,EOH2579,EH8,40.0,Working Full time (>30hrs),Supervisor,"50,001+",2020-07-12T00:00:00.000Z,Owner-Occupied,5.0,C2,3.0,29/07/2020,Warmworks,Suburban,1919-1944,D,2.0,2.0,143.55,4.0,3.0,4.0,2.8,Cavity_No_insulation,Suspended,Pitched,Double,Yes,Gas,Gas Boiler - Combi,,,,0.0,0.0,0.0,No,No,,,,,,,,,,No,No,Yes,Yes with additional measures,None - Installation not recommended,,,,,,,,,,,,,,,,,,,,,,,,,,,,,,,,,,,,,,,,,,,,,,,,House_Semi-Detached_2.0
E.ON,EOH0627,NE4,45.0,Working Full time (>30hrs),Skilled Manual Worker,"0 - 12,500",2021-01-25T00:00:00.000Z,Owner-Occupied,6.0,C2,1.0,12/04/2021,Phoenix,Urban,1950 - 1966,D,2.0,2.0,90.0,6.0,3.0,6.0,2.3,Cavity_Insulated,Solid,Pitched,Double,Yes,Gas,Gas Boiler - Combi,,,,0.0,0.0,1.0,No,No,,,,,,,,,,No,No,No,No,None - Installation not recommended,,,,,,,,,,,,,,,,,,,,,,,,,,,,,,,,,,,,,,,,,,,,,,,,House_Mid-Terrace_2.0
OVO,EOH1230,PO11,37.0,Working Full time (>30hrs),Manager,"25,001 - 30,000",2020-07-01T00:00:00.000Z,Owner-Occupied,2.0,AB,4.0,14/02/2021,Retrofitworks,Suburban,1945-1964,,1.0,1.0,82.0,4.0,2.0,6.0,2.4,Cavity_Insulated,Suspended,Pitched,Double,Yes,Gas,Gas Boiler - Standard,,Water,100,0.0,0.0,0.0,No,No,,,,,,,,,,Yes with additional measures,No,Yes with additional measures,Yes with additional measures,None - Installation not recommended,,,,,,,,,,,,,,,,,,,,,,,,,,,,,,,,,,,,,,,,,,,,,,,,House_Detached_1.0
OVO,EOH2858,OX11,33.0,Working Full time (>30hrs),Professional,"50,001+",2020-07-02T00:00:00.000Z,Owner-Occupied,,C1,4.0,13/02/2021,Retrofitworks,Suburban,2001+,,2.0,3.0,142.0,7.0,4.0,7.0,2.4,Cavity_Insulated,Solid,Pitched,Double,Yes,Gas,Gas Boiler - Standard,,Water,200,0.0,0.0,0.0,No,No,,,,,,,,,,No,No,No,No,None - Installation not recommended,,,,,,,,,,,,,,,,,,,,,,,,,,,,,,,,,,,,,,,,,,,,,,,,House_Detached_2.0
E.ON,EOH1292,NE5,59.0,Working Full time (>30hrs),Manager,"40,001 - 50,000",2020-07-08T00:00:00.000Z,Owner-Occupied,21.0,AB,3.0,16/07/2020,Pacifica,Urban,1983 - 1990,,2.0,0.0,136.0,6.0,4.0,9.0,2.4,Cavity_Insulated,Solid,Pitched,Double,Yes,Gas,Gas Boiler - Combi,,,,0.0,2.0,0.0,Yes - Ground Loop,Yes,420.87,,5.23,70.6,8229.0,3566.0,0.0,,,Yes,No,Yes,Yes,Hybrid,None Required,11722.68,0.0,288.0,14.3,3.8,No,,,,,,,,,,,,,,,,,,,,,,,,,,,,,,,,,,,,,,,,,House_Detached_2.0
OVO,EOH0691,RG24,42.0,Working Full time (>30hrs),Manager,"50,001+",2020-07-01T00:00:00.000Z,Owner-Occupied,5.0,AB,4.0,23/01/2021,,Suburban,Pre 1919,,1.0,0.0,58.9,5.0,2.0,5.0,2.45,Solid_No_insulation,Suspended,Pitched,Double,Yes,Gas,Gas Boiler - Combi,Fire - Wood,,,0.0,0.0,0.0,Yes - Ground Loop,No,,,,,,,,,,,,,,,,,,,,,No,,,,,,,,,,,,,,,,,,,,,,,,,,,,,,,,,,,,,,,,,House_Mid-Terrace_2.0
E.ON,EOH0377,NE13,60.0,Working Full time (>30hrs),Manager,"50,001+",2020-10-20T00:00:00.000Z,Owner-Occupied,12.0,AB,3.0,29/10/2020,Phoenix,Urban,1950 - 1966,,2.0,0.0,100.0,5.0,2.0,5.0,2.4,Cavity_Insulated,Suspended,Pitched,Double,Yes,Gas,Gas Boiler - Combi,Fire - Gas,,,0.0,1.0,1.0,Yes - Ground Loop,Yes,,,,,,,,,,Yes,No,Yes,Yes,ASHP,,,,,,,No,,,,,,,,,,,,,,,,,,,,,,,,,,,,,,,,,,,,,,,,,House_Detached_1.0
E.ON,EOH2795,NE3,69.0,Working Part time,Professional,"20,001 - 25,000",2020-11-11T00:00:00.000Z,Owner-Occupied,10.0,C1,5.0,04/12/2020,Phoenix,Urban,1950 - 1966,,2.0,0.0,130.0,6.0,4.0,7.0,2.5,Cavity_Insulated,Solid,Pitched,Double,Yes,Gas,Gas Boiler - Combi,Fire - Wood,,,0.0,0.0,1.0,No,No,3805.0,16517.0,9.97,86.61,19992.0,5594.0,818.0,,,No,No,Yes,Yes,HT_ASHP,None Required,18360.37,0.0,1240.0,14.3,3.8,No,,,,,,,,,,,,,,,,,,,,,,,,,,,,,,,,,,,,,,,,,House_Detached_2.0
E.ON,EOH2488,NE20,45.0,Working Full time (>30hrs),Manager,"50,001+",2021-04-20T00:00:00.000Z,Owner-Occupied,40.0,C1,2.0,30/04/2021,Energist,Urban,1950 - 1966,,2.0,2.0,139.0,7.0,4.0,12.0,2.4,Cavity_Insulated,Suspended,Pitched,Double,Yes,Gas,Gas Boiler - Combi,,,,0.0,1.0,1.0,No,No,,,9.334,54.91,25918.0,4720.0,0.0,45.0,4.21,Yes,No,Yes,Yes,ASHP,None Required,14723.09,,1197.0,12.5,3.0,Yes,05/06/2021,Energist,HT_ASHP,,Vaillant,VWL 125/6 A 230V S2,12.0,R290,,Water_new,300.0,,1.0,11.0,0.0,0.0,none,none,No,0.0,0.0,0.0,No,No,0.0,0.0,,no,6635.0,1752.0,,3241.0,0.0,0.0,0.0,0.0,0.0,0.0,4.0,0.0,House_Detached_2.0
Warmworks,EOH0011,EH5,45.0,Working Full time (>30hrs),Professional,"50,001+",2020-07-06T00:00:00.000Z,Owner-Occupied,8.0,AB,4.0,29/07/2020,Everwarm,Suburban,1919-1944,D,2.0,0.0,157.65,6.0,3.0,6.0,2.616666667,Cavity_No_insulation,Solid,Pitched,Double,Yes,Gas,Gas Boiler - Standard,,Water,Normal (90-130l),0.0,0.0,0.0,Yes - Borehole,Yes,3641.0,17522.0,,,,,,,,No,Yes with additional measures,Yes with additional measures,No,None - Installation not recommended,,,,,,,,,,,,,,,,,,,,,,,,,,,,,,,,,,,,,,,,,,,,,,,,House_End-Terrace_3.0
OVO,EOH1476,PO30,53.0,Working Full time (>30hrs),Skilled Manual Worker,"40,001 - 50,000",2020-07-18T00:00:00.000Z,Owner-Occupied,13.0,C2,4.0,25/01/2021,Retrofitworks,Rural,Pre 1919,,2.0,0.0,101.0,5.0,3.0,6.0,2.3,Cavity_No_insulation,Suspended,Pitched,Double,No,Oil,Oil Boiler,Electric - Direct,Water,200,1.0,0.0,0.0,No,No,,,,,,,,,,,,,,None - Installation not recommended,,,,,,,,,,,,,,,,,,,,,,,,,,,,,,,,,,,,,,,,,,,,,,,,House_Semi-Detached_2.0
Warmworks,EOH2145,KY13,72.0,Unemployed,Unemployed/Benefits,"30,001 - 40,000",2020-07-06T00:00:00.000Z,Owner-Occupied,9.0,DE,4.0,10/08/2020,Warmworks,Rural,1991-2000,C,2.0,0.0,194.15,5.0,3.0,5.0,2.39,Cavity_Insulated,Suspended,Pitched,Double,Yes,Gas,Gas Boiler - Combi,Fire - Wood,,,0.0,0.0,1.0,No,No,3309.0,,16.5,,43077.0,3821.0,0.0,,,Yes with additional measures,No,Yes with additional measures,No,ASHP,,,,1952.55,15.0,,No,,,,,,,,,,,,,,,,,,,,,,,,,,,,,,,,,,,,,,,,,House_Detached_2.0
OVO,EOH1268,RG12,41.0,Working Full time (>30hrs),Semi and unskilled manual worker,"30,001 - 40,000",2020-11-14T00:00:00.000Z,Owner-Occupied,14.0,DE,2.0,08/03/2021,Retrofitworks,Suburban,1945-1964,,2.0,3.0,92.0,4.0,3.0,4.0,2.2,Cavity_No_insulation,Solid,Pitched,Double,Yes,Gas,Gas Boiler - Combi,,Water,,0.0,0.0,1.0,No,No,,,,,,,,,,,,,,None - Installation not recommended,,,,,,,,,,,,,,,,,,,,,,,,,,,,,,,,,,,,,,,,,,,,,,,,House_End-Terrace_2.0
E.ON,EOH2973,NE13,40.0,Working Full time (>30hrs),Professional,"50,001+",2021-03-11T00:00:00.000Z,Owner-Occupied,5.0,C1,5.0,18/03/2021,Phoenix,Urban,1930 - 1949,D,2.0,2.0,107.0,5.0,3.0,8.0,2.4,Cavity_Insulated,Suspended,Pitched,Double,Yes,Gas,Gas Boiler - Combi,,,,0.0,0.0,1.0,No,No,,,7.107,76.46,17229.0,4475.0,655.0,,,Yes,No,Yes,Yes,ASHP,None Required,13134.16,0.0,1060.0,14.3,3.8,No,,,,,,,,,,,,,,,,,,,,,,,,,,,,,,,,,,,,,,,,,House_Semi-Detached_2.0
Warmworks,EOH0309,TD11,66.0,Working Part time,Professional,"40,001 - 50,000",2020-07-03T00:00:00.000Z,Owner-Occupied,9.0,AB,3.0,13/08/2020,Warmworks,Rural,1981-1990,C,2.0,0.0,103.98,4.0,3.0,4.0,2.6,Cavity_No_insulation,Suspended,Pitched,Double,Yes,Gas,Gas Boiler - Standard,,Water,Large (> 170l),0.0,0.0,1.0,Yes - Borehole,Yes,,,,,,,,,,No,Yes,Yes,Yes,GSHP,,,,,,,No,,,,,,,,,,,,,,,,,,,,,,,,,,,,,,,,,,,,,,,,,House_Detached_1.0
E.ON,EOH1843,NE15,32.0,Working Full time (>30hrs),Professional,"50,001+",2021-03-15T00:00:00.000Z,Owner-Occupied,0.9,C1,2.0,19/03/2021,Phoenix,Urban,1967 - 1975,D,2.0,2.0,119.0,6.0,4.0,10.0,2.4,Cavity_Insulated,Suspended,Pitched,Double,Yes,Gas,Gas Boiler - Combi,,,,0.0,0.0,0.0,No,No,,,6.996,58.79,14065.6,4394.0,0.0,55.0,2.96,No,No,No,Yes,Hybrid,Loft insulation,10418.22,500.0,948.0,14.3,3.8,Yes,11/06/2021,Phoenix,Hybrid,Separate_New Boiler,Daikin,EHY2KOMB32AA,4.0,R32,,,,,1.0,10.0,0.0,0.0,none,none,No,0.0,0.0,0.0,No,Yes,0.0,0.0,,no,5739.82,,,2870.84,0.0,500.0,0.0,0.0,0.0,0.0,2.5,0.5,House_Mid-Terrace_2.0
Warmworks,EOH1053,EH17,49.0,Working Full time (>30hrs),Clerical,"50,001+",2020-08-26T00:00:00.000Z,Owner-Occupied,1.0,C1,3.0,12/10/2020,Warmworks,Suburban,1919-1944,D,2.0,0.0,100.06,7.0,4.0,7.0,,Cavity_Insulated,Suspended,Pitched,Double,Yes,Gas,Gas Boiler - Combi,,,,0.0,0.0,0.0,No,No,,,12.3,283.0,30705.0,2865.0,0.0,45.0,3.77,Yes,No,Yes,Yes,HT_ASHP,,,,1440.43,15.0,5.0,Yes,24/05/2021,Everwarm,ASHP,,Mitsubishi,PUHZ-HW140VHA2R5,14.0,R410A,0.0,Water_New,200.0,,1.0,14.0,,0.0,,Low Noise Heat Pump,No,0.0,0.0,0.0,No,No,0.0,0.0,,No,8575.73,3572.208,1610.23,3788.06,,,,,,,2.0,0.0,House_Detached_1.0
Warmworks,EOH2962,EH14,61.0,Retired,Clerical,Prefer not to say,2020-09-02T00:00:00.000Z,Owner-Occupied,15.0,C1,3.0,14/12/2020,Everwarm,Suburban,1965-1980,C,3.0,0.0,208.83,8.0,5.0,8.0,2.38,Cavity_Insulated,Suspended,Pitched,Double,Yes,Gas,Gas Boiler - Standard,Fire - Wood,Water,Normal (90-130l),0.0,0.0,0.0,No,No,4700.0,,11.9,72.3,29106.0,5731.0,0.0,45.0,3.77,Yes,No,Yes,Yes,HT_ASHP,,,,1883.57,18.0,5.0,Yes,24/05/2021,Everwarm,ASHP,,Mitsubishi,PUHZ-HW140VHA2R5,14.0,R410A,0.0,Water_New,200.0,,1.0,17.0,,0.0,,Low Noise Heat Pump,No,0.0,0.0,0.0,No,No,0.0,0.0,,No,8575.73,3572.208,1610.23,4599.79,,,,,,,3.0,0.0,House_Detached_2.0
Warmworks,EOH0048,ML11,46.0,Working Part time,Clerical,Prefer not to say,2021-03-25T00:00:00.000Z,Owner-Occupied,20.0,C1,3.0,06/05/2021,Warmworks,Rural,1945-1964,E,2.0,1.0,101.74,5.0,2.0,5.0,2.32,Cavity_Insulated,Suspended,Pitched,Double,,Electricity,Electric - Storage,Electric - Direct,Water,Normal (90-130l),0.0,0.0,0.0,No,No,,,8.5,80.0,10614.0,4075.0,156.0,50.0,3.81,Yes,No,Yes,No,ASHP,,,,869.0,14.0,,Yes,22/09/2021,TK Murray,ASHP,,Mitsubishi,PUZ-WM85VAA,8.5,R32,0.0,Water_New,200.0,,1.0,8.0,,0.0,,Low Noise Heat Pump,No,0.0,0.0,0.0,,No,0.0,0.0,,No,8575.73,3572.21,1610.23,2164.6,,,,,,,2.0,0.0,House_End-Terrace_2.0
Warmworks,EOH0123,EH35,53.0,Working Full time (>30hrs),Semi and unskilled manual worker,Prefer not to say,2020-07-03T00:00:00.000Z,Owner-Occupied,1.0,DE,2.0,17/07/2020,Warmworks,Rural,1945-1964,D,2.0,0.0,84.03,5.0,3.0,5.0,2.65,Cavity_Insulated,Suspended,Pitched,Double,Yes,Gas,Gas Boiler - Standard,Fire - Gas,Water,Normal (90-130l),0.0,1.0,0.0,No,No,2030.0,19188.0,,,,,,,,Yes,No,Yes,No,ASHP,,,,,,,No,,,,,,,,,,,,,,,,,,,,,,,,,,,,,,,,,,,,,,,,,House_Semi-Detached_1.0
E.ON,EOH0440,NE4,46.0,Working Part time,Skilled Manual Worker,"0 - 12,500",2021-02-24T00:00:00.000Z,Owner-Occupied,13.0,C2,1.0,03/03/2021,Phoenix,Urban,1950 - 1966,D,1.0,0.0,71.0,4.0,3.0,7.0,2.4,Cavity_Insulated,Solid,Pitched,Double,Yes,Gas,Gas Boiler - Standard,Fire - Gas,Water,110,0.0,1.0,1.0,No,No,,,5.54,78.04,11142.4,4475.0,655.0,50.0,3.35,Yes with additional measures,No,No,Yes,ASHP,Loft Insulation,11493.78,500.0,796.0,14.3,3.8,Yes,01/07/2021,Aaron services,ASHP,,Daikin,EDLQ07CAV3,7.0,R410A,,Water_new,200.0,,1.0,7.0,0.0,0.0,none,none,No,0.0,1.0,0.0,No,Yes,0.0,0.0,,no,5648.0,1752.0,,2316.0,0.0,500.0,0.0,0.0,0.0,0.0,3.0,0.5,House_Mid-Terrace_2.0
OVO,EOH1282,BN43,65.0,Retired,Pensioner,"25,001 - 30,000",2020-07-02T00:00:00.000Z,Owner-Occupied,7.0,DE,3.0,10/12/2020,Retrofitworks,Suburban,Pre 1919,,2.0,0.0,100.74,7.0,3.0,7.0,2.6,Solid_No_insulation,Mix,Pitched,Double,Yes,Gas,Gas Boiler - Combi,Gas - Warm air,,,0.0,1.0,1.0,No,No,,,,,,,,,,,,,,None - Installation not recommended,,,,,,,,,,,,,,,,,,,,,,,,,,,,,,,,,,,,,,,,,,,,,,,,House_Mid-Terrace_3.0
OVO,EOH1296,PO4,67.0,Retired,Pensioner,"12,501 - 16,200",2020-07-12T00:00:00.000Z,Owner-Occupied,13.0,DE,2.0,12/01/2021,Retrofitworks,Suburban,Pre 1919,,1.0,0.0,80.1,5.0,2.0,5.0,2.5,Cavity_No_insulation,Mix,Pitched,Double,Yes,Gas,Gas Boiler - Standard,Electric - Warm air,,,0.0,0.0,0.0,No,No,,,,,,,,,,,,,,None - Installation not recommended,,,,,,,,,,,,,,,,,,,,,,,,,,,,,,,,,,,,,,,,,,,,,,,,House_Mid-Terrace_2.0
Warmworks,EOH1197,EH16,35.0,Working Full time (>30hrs),Semi and unskilled manual worker,"40,001 - 50,000",2020-07-03T00:00:00.000Z,Owner-Occupied,2.0,C2,2.0,09/08/2020,Warmworks,Suburban,1965-1980,D,2.0,0.0,106.35,4.0,3.0,4.0,,Cavity_Insulated,Suspended,Flat,Double,Yes,Gas,Gas Boiler - Combi,,,,0.0,0.0,0.0,No,No,,,,,,,,,,No,No,Yes,No,HT_ASHP,,,,,,,No,,,,,,,,,,,,,,,,,,,,,,,,,,,,,,,,,,,,,,,,,House_Semi-Detached_2.0
Warmworks,EOH2849,KY11,42.0,Working Full time (>30hrs),Professional,"50,001+",2020-08-19T00:00:00.000Z,Owner-Occupied,9.0,AB,2.0,19/04/2021,Warmworks,Suburban,1991-2000,C,2.0,1.0,166.24,9.0,5.0,9.0,2.36,Cavity_Insulated,Solid,Pitched,Double,Yes,Gas,Gas Boiler - Standard,,Water,Large (> 170l),0.0,0.0,1.0,No,No,3100.0,1625.0,,,,,,,,Yes,No,Yes,Yes,ASHP,,,,,,,No,,,,,,,,,,,,,,,,,,,,,,,,,,,,,,,,,,,,,,,,,House_Detached_3.0
OVO,EOH1587,TN22,74.0,Retired,Pensioner,"50,001+",2020-11-30T00:00:00.000Z,Owner-Occupied,32.0,DE,4.0,15/03/2021,Retrofitworks,Suburban,1945-1964,,2.0,0.0,175.2,8.0,3.0,8.0,2.4,Cavity_Insulated,Solid,Pitched,Double,Yes,Gas,Gas Boiler - Combi,,,,0.0,0.0,0.0,No,No,,,,,,,,,,,,,,None - Installation not recommended,,,,,,,,,,,,,,,,,,,,,,,,,,,,,,,,,,,,,,,,,,,,,,,,House_Detached_2.0
OVO,EOH1616,BN3,37.0,Stay at home parent,Unemployed/Benefits,"50,001+",2020-07-02T00:00:00.000Z,Owner-Occupied,1.0,DE,3.0,17/11/2020,Retrofitworks,Suburban,1919-1944,,2.0,1.0,119.0,5.0,3.0,5.0,2.54,Cavity_No_insulation,Mix,Pitched,Double,Yes,Gas,Gas Boiler - Standard,,Water,150,0.0,0.0,1.0,No,No,2106.62,18302.57,,,,,,,,,,,,None - Installation not recommended,,,,,,,,,,,,,,,,,,,,,,,,,,,,,,,,,,,,,,,,,,,,,,,,House_Semi-Detached_2.0
OVO,EOH1378,GU33,35.0,Working Full time (>30hrs),Supervisor,"40,001 - 50,000",2020-07-02T00:00:00.000Z,Owner-Occupied,4.0,C1,3.0,20/01/2021,Retrofitworks,Suburban,Pre 1919,,2.0,1.0,85.0,6.0,3.0,6.0,2.4,Cavity_No_insulation,Suspended,Pitched,Double,Yes,Gas,Gas Boiler - Standard,Fire - Wood,,,0.0,0.0,1.0,No,No,,,,,,,,,,,,,,None - Installation not recommended,,,,,,,,,,,,,,,,,,,,,,,,,,,,,,,,,,,,,,,,,,,,,,,,House_Semi-Detached_2.0
E.ON,EOH1999,NE3,29.0,Working Full time (>30hrs),Professional,"25,001 - 30,000",2021-03-25T00:00:00.000Z,Owner-Occupied,0.9,C2,2.0,09/04/2021,Phoenix,Urban,1983 - 1990,C,1.0,0.0,70.0,4.0,3.0,6.0,2.3,Cavity_No_insulation,Solid,Pitched,Double,Yes,Gas,Gas Boiler - Combi,Fire - Gas,,,0.0,1.0,1.0,No,No,,,5.047,72.1,12224.2,3515.0,0.0,47.0,3.05,No,No,No,Yes with additional measures,Hybrid,Cavity insulation,9505.88,700.0,743.0,14.3,3.8,Yes,15/05/2021,Phoenix,Hybrid,Separate_New Boiler,Daikin,EHY2KOMB28AA,4.0,R32,,,,,1.0,6.0,0.0,0.0,none,none,No,0.0,1.0,1.0,No,No,0.0,0.0,Cavity,no,5739.8,,,2315.87,0.0,0.0,750.0,0.0,0.0,0.0,2.0,1.0,House_Mid-Terrace_2.0
Warmworks,EOH1279,EH46,53.0,Working Part time,Skilled Manual Worker,Prefer not to say,2021-06-28T00:00:00.000Z,Rented (Social),20.0,C2,3.0,19/07/2021,Warmworks,Suburban,2001+,D,2.0,2.0,89.6,4.0,3.0,4.0,2.4,Cavity_Insulated,Solid,Pitched,Double,,Electricity,Electric - Storage,Electric - Direct,Water,Large (> 170l),0.0,0.0,0.0,No,No,,,7.0,60.0,9419.0,3623.0,0.0,50.0,3.65,Yes,No,Yes,No,ASHP,,,,746.0,14.0,,Yes,09/09/2021,TK Murray,HT_ASHP,,Vaillant,VWL 75/6 A 230V S2,7.0,R290,0.0,Water_New,200.0,,1.0,,11.0,0.0,,Low Noise Heat Pump,No,0.0,0.0,0.0,,No,0.0,0.0,,No,11215.17,3572.208,1610.23,2976.33,,,,,,,2.0,0.0,House_End-Terrace_2.0
Warmworks,EOH1330,TD10,29.0,Working Full time (>30hrs),Clerical,Prefer not to say,2021-06-27T00:00:00.000Z,Owner-Occupied,4.0,C1,3.0,27/07/2021,Warmworks,Suburban,1945-1964,E,1.0,0.0,88.1,5.0,3.0,4.0,2.43,Cavity_Insulated,Suspended,Pitched,Double,No,Electricity,Electric - Direct,,,,0.0,0.0,0.0,No,No,,,5.4,70.0,17827.0,2250.0,0.0,50.0,3.81,Yes,No,Yes,Yes,ASHP,,,,780.66,18.0,5.0,Yes,06/09/2021,Everwarm,ASHP,,Mitsubishi,PUZ-WM85VAA,8.5,R32,0.0,Water_New,200.0,,1.0,8.0,,0.0,,Low Noise Heat Pump,No,0.0,0.0,0.0,No,No,0.0,0.0,,No,8575.73,3572.208,1610.23,2164.6,,,,,,,3.0,0.0,House_Mid-Terrace_2.0
E.ON,EOH2353,NE13,,Retired,Pensioner,Prefer not to say,2020-10-21T00:00:00.000Z,Owner-Occupied,45.0,DE,3.0,02/11/2020,Phoenix,Urban,1950 - 1966,,2.0,0.0,100.0,6.0,5.0,6.0,2.4,Cavity_Insulated,Suspended,Pitched,Double,Yes,Gas,Gas Boiler - Standard,Unknown,Water,220,2.0,2.0,0.0,Yes - Ground Loop,Yes,,,,,,,,,,No,No,Yes,,None - Installation not recommended,,,,,,,,,,,,,,,,,,,,,,,,,,,,,,,,,,,,,,,,,,,,,,,,House_Detached_2.0
E.ON,EOH1973,NE3,54.0,Working Full time (>30hrs),Professional,"50,001+",2020-11-11T00:00:00.000Z,Owner-Occupied,9.0,AB,2.0,04/12/2020,Phoenix,Urban,1950 - 1966,D,2.0,2.0,111.0,6.0,4.0,10.0,2.5,Cavity_Insulated,Suspended,Pitched,Double,Yes,Gas,Gas Boiler - Combi,Fire - Wood,,,0.0,0.0,1.0,No,No,6969.0,21834.0,8.94,78.76,17910.0,5594.0,818.0,,,No,No,Yes,Yes,HT_ASHP,Loft Insulation,18545.36,500.0,1219.0,14.3,3.8,No,,,,,,,,,,,,,,,,,,,,,,,,,,,,,,,,,,,,,,,,,House_Semi-Detached_2.0
E.ON,EOH1498,NE4,47.0,Working Part time,Manager,"30,001 - 40,000",2021-02-09T00:00:00.000Z,Owner-Occupied,11.0,C1,2.0,19/02/2021,Phoenix,Urban,1930 - 1949,,2.0,0.0,90.0,5.0,3.0,8.0,2.7,Cavity_Insulated,Suspended,Pitched,Double,Yes,Gas,Gas Boiler - Combi,Fire - Wood,,,0.0,0.0,1.0,No,No,1500.0,19000.0,7.954,88.37,15982.8,3464.0,0.0,,,No,No,No,Yes,Hybrid,None Required,10615.05,,1090.0,14.3,3.8,Yes,13/05/2021,Phoenix,Hybrid,Separate_New Boiler,Daikin,EHY2KOMB28AA,4.0,R32,,,,,1.0,10.0,0.0,0.0,none,none,No,0.0,1.0,1.0,No,Yes,0.0,0.0,,no,5739.82,,,3240.05,0.0,500.0,0.0,0.0,0.0,0.0,2.0,0.5,House_Semi-Detached_2.0
OVO,EOH1075,KT82,59.0,Unemployed,Unemployed/Benefits,"0 - 12,500",2020-07-28T00:00:00.000Z,Owner-Occupied,26.0,DE,2.0,19/10/2020,Retrofitworks,Suburban,Pre 1919,,1.0,0.0,102.32,4.0,2.0,4.0,2.4,Solid_No_insulation,Suspended,Pitched,Double,Yes,Gas,Gas Boiler - Standard,,Water,100,0.0,0.0,1.0,Yes - Borehole,Yes,2328.3,21389.0,,,,,,,,,,,,None - Installation not recommended,,,,,,,,,,,,,,,,,,,,,,,,,,,,,,,,,,,,,,,,,,,,,,,,House_Semi-Detached_2.0
E.ON,EOH0466,NE3,72.0,Retired,Pensioner,"20,001 - 25,000",2020-11-13T00:00:00.000Z,Owner-Occupied,35.0,DE,1.0,07/12/2020,Phoenix,Urban,1950 - 1966,,2.0,0.0,160.0,8.0,5.0,10.0,2.7,Cavity_Insulated,Suspended,Pitched,Double,Yes,Gas,Gas Boiler - Combi,,,,0.0,0.0,1.0,No,No,,,,,,,,,,Yes with additional measures,No,Yes with additional measures,Yes with additional measures,None - Installation not recommended,,,,,,,,,,,,,,,,,,,,,,,,,,,,,,,,,,,,,,,,,,,,,,,,House_Semi-Detached_2.0
Warmworks,EOH1431,EH4,67.0,Retired,Pensioner,Prefer not to say,2020-10-26T00:00:00.000Z,Owner-Occupied,21.0,DE,4.0,10/12/2020,Warmworks,Urban,1919-1944,C,2.0,0.0,182.59,8.0,4.0,8.0,2.8,Cavity_Insulated,Suspended,Pitched,Double,Yes,Gas,Gas Boiler - Standard,Fire - Gas,Water,No access,1.0,2.0,1.0,Yes - Borehole,Yes,4904.0,30000.0,,,,,,,,Yes,Yes,Yes,Yes,GSHP,,,,,,,No,,,,,,,,,,,,,,,,,,,,,,,,,,,,,,,,,,,,,,,,,House_Detached_2.0
Warmworks,EOH1077,EH11,52.0,Working Full time (>30hrs),Skilled Manual Worker,"50,001+",2020-09-22T00:00:00.000Z,Owner-Occupied,15.0,C2,1.0,15/10/2020,Warmworks,Suburban,Pre 1919,D,3.0,0.0,154.69,7.0,4.0,7.0,,Cavity_No_insulation,Suspended,Pitched,Double,Yes,Gas,Gas Boiler - Combi,Fire - Wood,,,0.0,0.0,1.0,No,No,,,,,,,,,,No,No,Yes,Yes,None - Installation not recommended,,,,,,,,,,,,,,,,,,,,,,,,,,,,,,,,,,,,,,,,,,,,,,,,House_Mid-Terrace_2.0
E.ON,EOH0717,NE15,36.0,Working Full time (>30hrs),Professional,"25,001 - 30,000",2021-03-15T00:00:00.000Z,Owner-Occupied,3.0,C1,1.0,15/03/2021,Phoenix,Urban,1967 - 1975,D,1.0,0.0,96.0,4.0,3.0,7.0,2.6,Cavity_Insulated,Suspended,Pitched,Double,Yes,Gas,Gas Boiler - Combi,,,,0.0,0.0,0.0,No,No,,,4.78,93.54,9604.0,4122.0,607.0,,,Yes,No,Yes,Yes,ASHP,None Required,11493.78,0.0,715.0,14.3,3.8,No,,,,,,,,,,,,,,,,,,,,,,,,,,,,,,,,,,,,,,,,,House_Semi-Detached_2.0
Warmworks,EOH1896,EH10,82.0,Retired,Pensioner,Prefer not to say,2020-09-09T00:00:00.000Z,Owner-Occupied,49.0,DE,3.0,30/09/2020,Warmworks,Suburban,1945-1964,B,1.0,0.0,171.21,7.0,4.0,7.0,2.65,Cavity_Insulated,Suspended,Pitched,Double,Yes,Gas,Gas Boiler - Standard,,Water,Medium (131-170l),0.0,0.0,1.0,No,No,725.0,13937.0,,,,,,,,Yes,Yes,Yes,Yes,Hybrid,,,,,,,No,,,,,,,,,,,,,,,,,,,,,,,,,,,,,,,,,,,,,,,,,House_Detached_2.0
E.ON,EOH2058,NE4,36.0,Working Part time,Skilled Manual Worker,"30,001 - 40,000",2020-12-17T00:00:00.000Z,Owner-Occupied,1.0,C2,5.0,12/01/2021,Phoenix,Urban,1930 - 1949,C,2.0,1.0,81.0,4.0,2.0,6.0,2.6,Cavity_Insulated,Suspended,Pitched,Double,Yes,Gas,Gas Boiler - Combi,Fire - Wood,,,0.0,0.0,0.0,No,No,,,6.671,82.35,8532.4,2674.0,0.0,45.0,3.07,Yes,No,Yes,Yes with additional measures,Hybrid,Loft Insulation,10787.43,500.0,572.0,14.3,3.8,Yes,26/02/2021,Phoenix,Hybrid,Separate_New Boiler,Daikin,EHY2KOMB32AA,4.0,R32,,,,,1.0,10.0,0.0,0.0,none,none,No,0.0,0.0,0.0,No,Yes,0.0,0.0,,no,5912.2,,,3240.68,0.0,500.0,0.0,0.0,0.0,0.0,3.0,0.5,House_Semi-Detached_2.0
E.ON,EOH1009,NE28,48.0,Working Full time (>30hrs),Skilled Manual Worker,"50,001+",2021-01-18T00:00:00.000Z,Owner-Occupied,14.0,C2,1.0,24/02/2021,Phoenix,Urban,1967 - 1975,B,2.0,1.0,84.0,5.0,3.0,8.0,2.4,Cavity_Insulated,Solid,Pitched,Double,Yes,Gas,Gas Boiler - Combi,Fire - Gas,,,0.0,1.0,1.0,No,No,,,5.15,61.3,10314.5,3515.0,0.0,,,Yes with additional measures,No,No,Yes,Hybrid,Barrier,9863.25,300.0,620.0,14.0,4.0,No,,,,,,,,,,,,,,,,,,,,,,,,,,,,,,,,,,,,,,,,,House_Semi-Detached_2.0
E.ON,EOH0392,NE3,69.0,Working Part time,Professional,"30,001 - 40,000",2020-11-24T00:00:00.000Z,Owner-Occupied,42.0,C1,5.0,11/12/2020,Phoenix,Urban,1930 - 1949,,2.0,0.0,110.0,5.0,3.0,6.0,2.7,Cavity_Insulated,Suspended,Pitched,Double,Yes,Gas,Gas Boiler - Standard,Fire - Gas,Water,120,0.0,1.0,1.0,No,No,3923.0,19686.0,,,,,,,,Yes,No,Yes,Yes,None - Installation not recommended,,,,,,,,,,,,,,,,,,,,,,,,,,,,,,,,,,,,,,,,,,,,,,,,House_Semi-Detached_3.0
Warmworks,EOH1611,FK2,52.0,Working Full time (>30hrs),Manager,"40,001 - 50,000",2020-07-23T00:00:00.000Z,Owner-Occupied,29.0,AB,5.0,30/09/2020,Warmworks,Suburban,1991-2000,C,2.0,0.0,116.15,6.0,4.0,6.0,2.34,Cavity_Insulated,Suspended,Pitched,Double,Yes,Gas,Gas Boiler - Combi,,,,0.0,0.0,1.0,No,No,,,,,,,,,,Yes,No,Yes,Yes,None - Installation not recommended,,,,,,,,,,,,,,,,,,,,,,,,,,,,,,,,,,,,,,,,,,,,,,,,House_Semi-Detached_2.0
Warmworks,EOH1363,EH42,35.0,Working Full time (>30hrs),Professional,"50,001+",2020-10-07T00:00:00.000Z,Owner-Occupied,,C2,5.0,22/10/2020,Warmworks,Urban,1991-2000,C,2.0,1.0,140.97,6.0,4.0,6.0,,Cavity_Insulated,Suspended,Pitched,Double,Yes,Gas,Gas Boiler - Standard,,Water,Large (> 170l),0.0,0.0,1.0,No,No,3142.0,24400.0,10.0,85.0,27618.0,4776.0,0.0,50.0,3.92,Yes,No,Yes,No,ASHP,,,,1421.13,15.0,5.0,Yes,18/03/2021,Everwarm,HT_ASHP,,Vaillant,VWL 125/6 A 230V S2,12.0,R290,0.0,Water_New,200.0,,1.0,,11.0,0.0,,Low Noise Heat Pump,No,0.0,0.0,0.0,No,No,0.0,0.0,,No,17943.13,3572.208,1610.23,2976.33,,,,,,,3.0,0.0,House_Detached_2.0
OVO,EOH1665,OX4,40.0,Unemployed,Professional,"25,001 - 30,000",2020-07-02T00:00:00.000Z,Owner-Occupied,12.0,C1,4.0,01/02/2021,Retrofitworks,Suburban,1965-1980,,2.0,0.0,57.0,4.0,2.0,5.0,,,,Pitched,Double,Yes,Gas,Gas Boiler - Standard,,Water,,0.0,0.0,1.0,No,No,,,,,,,,,,,,,,None - Installation not recommended,,,,,,,,,,,,,,,,,,,,,,,,,,,,,,,,,,,,,,,,,,,,,,,,House_End-Terrace_2.0
E.ON,EOH1961,NE20,39.0,Working Full time (>30hrs),Skilled Manual Worker,"50,001+",2021-01-11T00:00:00.000Z,Owner-Occupied,8.0,C2,5.0,15/01/2021,Phoenix,Urban,1950 - 1966,E,2.0,2.0,162.0,6.0,4.0,12.0,2.4,Cavity_Insulated,Suspended,Pitched,Double,Yes,Gas,Gas Boiler - Combi,Fire - Wood,,,0.0,0.0,1.0,No,No,,,,,,,,,,No,No,Yes,No,None - Installation not recommended,,,,,,,,,,,,,,,,,,,,,,,,,,,,,,,,,,,,,,,,,,,,,,,,House_Detached_2.0
OVO,EOH1103,TN24,48.0,Working Full time (>30hrs),Professional,"50,001+",2020-07-08T00:00:00.000Z,Owner-Occupied,15.0,C1,4.0,26/11/2020,Retrofitworks,Suburban,2001+,,4.0,0.0,115.87,6.0,4.0,6.0,2.41,Cavity_Insulated,Solid,Pitched,Double,Yes,Gas,Gas Boiler - Standard,Fire - Wood,Water,170,0.0,0.0,1.0,No,No,4763.0,13214.0,4.26,35.09,11862.0,3821.0,136.0,50.0,3.35,Yes with additional measures,No,Yes with additional measures,Yes with additional measures,ASHP,,10629.0,1374.0,807.68,15.0,,Yes,11/05/2021,Reina Group,ASHP,,Daikin,EDLQ07CV3,7.0,R410A,,Water_New,250.0,,1.0,0.0,4.0,0.0,,,No,0.0,0.0,0.0,No,No,0.0,0.0,,No,5091.8,1302.0,3152.4,961.8,0.0,0.0,0.0,0.0,0.0,0.0,3.0,1.0,House_Detached_2.0
OVO,EOH1199,BN3,50.0,Working Full time (>30hrs),Professional,"50,001+",2020-07-30T00:00:00.000Z,Owner-Occupied,8.0,AB,4.0,15/02/2021,Retrofitworks,Suburban,Pre 1919,D,2.0,2.0,72.0,3.0,2.0,4.0,,Solid_No_insulation,Suspended,Flat,Single,Yes,Gas,Gas Boiler - Combi,,,,0.0,0.0,0.0,No,No,,,,,,,,,,,,,,None - Installation not recommended,,,,,,,,,,,,,,,,,,,,,,,,,,,,,,,,,,,,,,,,,,,,,,,,Flat_Mid-Terrace_2.0
OVO,EOH0690,TN20,62.0,Working Full time (>30hrs),Professional,"50,001+",2020-10-07T00:00:00.000Z,Owner-Occupied,1.0,DE,4.0,14/11/2020,Retrofitworks,Rural,1945-1964,,2.0,0.0,141.0,6.0,4.0,6.0,2.34,Cavity_Insulated,Mix,Pitched,Double,No,Oil,Oil Boiler,Fire - Wood,,,0.0,0.0,0.0,No,No,2508.0,,10.12,88.07,21348.0,3821.0,136.0,65.0,2.9,Yes,No,Yes,Yes,HT_ASHP,Heat Emitters,12340.0,1930.0,1397.54,15.0,,Yes,15/02/2021,Reina Group,HT_ASHP,,Daikin,EPRA18DV3,12.0,R32,,Water_New,250.0,,1.0,0.0,2.0,0.0,,,No,0.0,0.0,0.0,No,No,0.0,0.0,,No,6359.15,1302.0,1281.0,3832.35,0.0,0.0,0.0,0.0,0.0,0.0,4.0,1.0,House_Semi-Detached_2.0
OVO,EOH3076,CT11,66.0,Retired,Pensioner,"25,001 - 30,000",2020-12-06T00:00:00.000Z,Owner-Occupied,11.0,DE,4.0,22/01/2021,Retrofitworks,Suburban,1965-1980,,2.0,0.0,97.02,5.0,2.0,5.0,2.4,Cavity_Insulated,Solid,Pitched,Double,Yes,Gas,Gas Boiler - Combi,,,,0.0,0.0,0.0,No,No,,,,,,,,,,Yes,No,Yes,Yes,ASHP,Loft Insulation,10500.0,458.0,,,,No,,,,,,,,,,,,,,,,,,,,,,,,,,,,,,,,,,,,,,,,,House_Semi-Detached_1.0
Warmworks,EOH2474,EH39,51.0,Working Full time (>30hrs),Manager,"50,001+",2020-07-05T00:00:00.000Z,Owner-Occupied,10.0,AB,5.0,25/08/2020,Warmworks,Suburban,2001+,C,2.0,2.0,326.79,10.0,,10.0,2.46,Cavity_Insulated,Suspended,Pitched,Double,Yes,Gas,Gas Boiler - Standard,Fire - Gas,Water,Medium (131-170l),0.0,0.0,1.0,No,No,,,,,,,,,,No,No,Yes,Yes,HT_ASHP,,,,,,,No,,,,,,,,,,,,,,,,,,,,,,,,,,,,,,,,,,,,,,,,,House_Detached_2.0
OVO,EOH0924,TN11,36.0,Working Full time (>30hrs),Professional,Prefer not to say,2020-08-13T00:00:00.000Z,Owner-Occupied,3.0,C1,4.0,30/11/2020,Retrofitworks,Suburban,1981-1990,,2.0,2.0,112.84,7.0,4.0,7.0,2.31,Cavity_Insulated,Solid,Pitched,Double,Yes,Gas,Gas Boiler - Standard,Fire - Gas,Water,150,1.0,1.0,1.0,No,No,4691.0,15111.0,11.88,74.5,23363.0,3821.0,136.0,,,No,No,Yes,Yes,HT_ASHP,Heat Emitters,13226.0,1830.0,1455.68,15.0,,No,,,,,,,,,,,,,,,,,,,,,,,,,,,,,,,,,,,,,,,,,House_Detached_2.0
Warmworks,EOH0015,TD4,85.0,Retired,Pensioner,Prefer not to say,2020-07-22T00:00:00.000Z,Rented (Social),20.0,DE,1.0,28/08/2020,Warmworks,Suburban,1945-1964,F,1.0,0.0,69.3,3.0,2.0,3.0,2.3,Cavity_Insulated,Suspended,Pitched,Double,No,Electricity,Electric - Direct,Electric - Direct,Water,Normal (90-130l),0.0,0.0,0.0,No,No,,,,,,,,,,Yes,No,Yes,No,ASHP,,,,,,,No,,,,,,,,,,,,,,,,,,,,,,,,,,,,,,,,,,,,,,,,,House_Semi-Detached_2.0
OVO,EOH1839,BN8,49.0,Working Full time (>30hrs),Professional,Prefer not to say,2021-04-06T00:00:00.000Z,Owner-Occupied,8.0,AB,4.0,27/04/2021,Retrofitworks,Suburban,1919-1944,,2.0,2.0,160.0,7.0,4.0,7.0,2.4,Cavity_Insulated,Suspended,Pitched,Double,No,Oil,Oil Boiler,,Water,120,0.0,0.0,0.0,No,No,,,6.45,63.0,17446.0,3872.0,108.0,50.0,3.64,Yes,No,Yes,No,ASHP,,13433.13,0.0,998.0,16.0,,Yes,14/06/2021,A Greener Alternative,ASHP,,Mitsubishi,PUZ-WM85VAA,8.5,R32,,Water_New,250.0,,1.0,0.0,0.0,0.0,,Low Noise Heat Pump,No,0.0,0.0,0.0,No,No,0.0,0.0,,No,5677.83,2810.0,4945.3,0.0,0.0,0.0,0.0,0.0,0.0,0.0,5.0,0.0,House_Semi-Detached_2.0
OVO,EOH0213,RH8,45.0,Working Full time (>30hrs),Professional,"50,001+",2020-07-25T00:00:00.000Z,Owner-Occupied,2.0,AB,4.0,28/10/2020,Retrofitworks,Suburban,1919-1944,,2.0,0.0,227.0,9.0,4.0,12.0,2.43,Cavity_Insulated,Solid,Pitched,Double,Yes,Gas,Gas Boiler - Combi,Gas - Warm air,Water,200,4.0,1.0,1.0,Yes - Borehole,Yes,,,,,,,,,,No,No,No,No,None - Installation not recommended,,,,,,,,,,,,,,,,,,,,,,,,,,,,,,,,,,,,,,,,,,,,,,,,House_Detached_2.0
Warmworks,EOH0465,EH13,41.0,Working Full time (>30hrs),Skilled Manual Worker,"50,001+",2020-08-10T00:00:00.000Z,Owner-Occupied,7.0,AB,3.0,18/09/2020,Warmworks,Urban,1965-1980,C,2.0,2.0,117.41,5.0,3.0,5.0,2.37,Cavity_Insulated,Suspended,Pitched,Double,Yes,Gas,Gas Boiler - Standard,,Water,Large (> 170l),0.0,0.0,1.0,No,No,,,11.9,96.1,27391.0,3596.0,156.0,50.0,3.92,Yes,No,Yes,No,ASHP,,,,1337.0,16.36,,Yes,05/02/2021,mcinnesplumbing,HT_ASHP,,Vaillant,VWL 125/6 A 230V S2,12.0,R290,0.0,Water_New,200.0,,1.0,,9.0,0.0,,Low Noise Heat Pump,No,0.0,0.0,0.0,No,No,0.0,0.0,,No,17943.14,3572.21,1610.23,2435.17,,,,,,,2.0,0.0,House_Detached_2.0
Warmworks,EOH2859,EH49,74.0,Working Part time,Professional,"0 - 12,500",2020-08-31T00:00:00.000Z,Owner-Occupied,29.0,AB,4.0,16/12/2020,Warmworks,Suburban,1965-1980,D,3.0,0.0,184.54,7.0,4.0,7.0,2.46,Cavity_Insulated,Suspended,Pitched,Triple,Yes,Gas,Gas Boiler - Combi,,,,0.0,0.0,0.0,No,No,,,,,,,,,,Yes,Yes,Yes,Yes,None - Installation not recommended,,,,,,,,,,,,,,,,,,,,,,,,,,,,,,,,,,,,,,,,,,,,,,,,House_Detached_2.0
Warmworks,EOH0603,EH15,32.0,Working Full time (>30hrs),Manager,"50,001+",2020-10-08T00:00:00.000Z,Owner-Occupied,3.0,AB,2.0,15/11/2020,Warmworks,Urban,Pre 1919,D,2.0,0.0,100.12,4.0,2.0,4.0,3.1,Cavity_No_insulation,Suspended,Pitched,Double,Yes,Gas,Gas Boiler - Combi,,,,0.0,0.0,1.0,No,No,,,6.0,74.6,17989.0,2674.0,1110.0,45.0,4.14,Yes,No,Yes,Yes,ASHP,,,,1079.0,14.0,3.0,Yes,04/03/2021,BRB Electrical Ltd,ASHP,,Mitsubishi,PUZ-WM85VAA,8.5,R32,0.0,Water_New,150.0,,1.0,10.0,,0.0,,Low Noise Heat Pump,No,0.0,0.0,0.0,Yes,No,0.0,0.0,,No,8575.74,3508.27,1610.23,2705.76,,,,,,,2.0,0.0,House_Mid-Terrace_2.0
OVO,EOH2687,GU52,55.0,Working Full time (>30hrs),Professional,"50,001+",2020-07-03T00:00:00.000Z,Owner-Occupied,15.0,AB,4.0,16/12/2020,Retrofitworks,Suburban,1991-2000,,2.0,1.0,100.0,6.0,4.0,6.0,2.4,Cavity_Insulated,Solid,Pitched,Double,Yes,Gas,Gas Boiler - Standard,,Water,114,0.0,0.0,1.0,No,No,,,,,,,,,,,,,,None - Installation not recommended,,,,,,,,,,,,,,,,,,,,,,,,,,,,,,,,,,,,,,,,,,,,,,,,House_Detached_2.0
Warmworks,EOH2409,EH46,57.0,Working Full time (>30hrs),Skilled Manual Worker,Prefer not to say,2021-06-09T00:00:00.000Z,Rented (Social),13.0,C2,1.0,13/07/2021,Warmworks,Suburban,1991-2000,D,2.0,0.0,80.32,5.0,3.0,4.0,2.4,Cavity_Insulated,Solid,Pitched,Double,,Electricity,Electric - Storage,Electric - Direct,Water,Large (> 170l),0.0,0.0,0.0,No,No,12693.0,,5.0,60.0,7546.0,4075.0,0.0,50.0,3.41,Yes,No,Yes,Yes,ASHP,,,,712.0,14.0,,Yes,16/08/2021,TK Murray,HT_ASHP,,Vaillant,VWL 55/6 A 230V S2,5.0,R290,0.0,Water_New,200.0,,1.0,,9.0,0.0,,Low Noise Heat Pump,No,0.0,0.0,0.0,,No,0.0,0.0,,No,11215.17,3572.208,1610.23,2435.18,,,,,,,2.0,0.0,House_End-Terrace_2.0
E.ON,EOH1350,NE3,,Working Full time (>30hrs),Professional,"50,001+",2020-07-14T00:00:00.000Z,Owner-Occupied,,AB,5.0,14/07/2020,Pacifica,Urban,1930 - 1949,,2.0,0.0,151.0,6.0,3.0,10.0,2.5,Cavity_No_insulation,Suspended,Pitched,Double,Yes,Gas,Gas Boiler - Combi,,,,0.0,0.0,1.0,No,No,,,,,,,,,,No,No,No,No,None - Installation not recommended,,,,,,,,,,,,,,,,,,,,,,,,,,,,,,,,,,,,,,,,,,,,,,,,House_Mid-Terrace_2.0
Warmworks,EOH1114,EH26,54.0,Working Full time (>30hrs),Professional,"50,001+",2020-07-24T00:00:00.000Z,Owner-Occupied,15.0,C1,4.0,17/09/2020,Warmworks,Suburban,1945-1964,D,2.0,1.0,129.09,6.0,4.0,6.0,2.6,Cavity_Insulated,Suspended,Pitched,Double,Yes,Gas,Gas Boiler - Combi,,,,0.0,0.0,1.0,Yes - Borehole,Yes,2786.0,19964.0,11.7,94.4,28885.0,3596.0,0.0,50.0,3.92,Yes,Yes,Yes,Yes,GSHP,,,,1542.0,16.36,,Yes,07/06/2021,mcinnesplumbing,HT_ASHP,,Vaillant,VWL 125/6 A 230V S2,12.0,R290,0.0,Water_New,200.0,,1.0,,12.0,0.0,,Low Noise Heat Pump,No,0.0,0.0,0.0,No,No,0.0,0.0,,No,17943.13,3572.208,1610.23,3246.91,,,,,,,2.0,0.0,House_Detached_1.0
OVO,EOH1545,RH13,60.0,Working Full time (>30hrs),Professional,"50,001+",2020-07-01T00:00:00.000Z,Owner-Occupied,8.0,AB,4.0,18/12/2020,Retrofitworks,Suburban,1991-2000,,2.0,1.0,128.0,11.0,4.0,11.0,2.45,Cavity_Insulated,Solid,Pitched,Double,Yes,Gas,Gas Boiler - Standard,Electric - Warm air,Water,100,0.0,0.0,1.0,No,No,8000.0,16000.0,,,,,,,,Yes with additional measures,No,Yes with additional measures,Yes with additional measures,None - Installation not recommended,,,,,,,,,,,,,,,,,,,,,,,,,,,,,,,,,,,,,,,,,,,,,,,,House_Detached_2.0
OVO,EOH2975,ME1,52.0,Working Full time (>30hrs),Professional,"50,001+",2020-07-02T00:00:00.000Z,Owner-Occupied,6.0,AB,4.0,04/01/2021,Retrofitworks,Suburban,2001+,,2.0,0.0,116.0,7.0,4.0,10.0,2.37,Cavity_Insulated,Mix,Pitched,Double,Yes,Gas,Gas Boiler - Combi,,Water,170,0.0,0.0,1.0,No,No,,,6.52,34.35,17691.95,3650.0,841.01,,,Yes,No,Yes,Yes,None - Installation not recommended,Heat Emitters,11398.0,637.0,811.54,14.0,,,,,,,,,,,,,,,,,,,,,,,,,,,,,,,,,,,,,,,,,,,House_Mid-Terrace_3.0
OVO,EOH2660,RG8,51.0,Working Part time,Semi and unskilled manual worker,"40,001 - 50,000",2020-08-06T00:00:00.000Z,Owner-Occupied,10.0,DE,3.0,04/02/2021,Retrofitworks,Rural,Pre 1919,,2.0,0.0,60.0,4.0,2.0,5.0,2.28,Cavity_No_insulation,Solid,Pitched,Double,Yes,Gas,Gas Boiler - Combi,,,,2.0,0.0,0.0,No,No,,,4.54,83.27,11413.21,2920.0,817.0,,,Yes with additional measures,No,Yes with additional measures,Yes with additional measures,None - Installation not recommended,Heat Emitters,,,562.09,14.0,,,,,,,,,,,,,,,,,,,,,,,,,,,,,,,,,,,,,,,,,,,House_Mid-Terrace_2.0
OVO,EOH0340,RG18,57.0,Retired,Professional,"30,001 - 40,000",2020-07-26T00:00:00.000Z,Owner-Occupied,7.0,DE,4.0,18/02/2021,Retrofitworks,Suburban,1919-1944,,2.0,0.0,108.0,8.0,3.0,8.0,2.4,Cavity_Insulated,Solid,Pitched,Double,No,Oil,Oil Boiler,,Water,100,0.0,0.0,0.0,No,No,,,7.3,75.94,19952.42,3650.0,1067.25,,,,,,,None - Installation not recommended,,,,966.18,15.0,,,,,,,,,,,,,,,,,,,,,,,,,,,,,,,,,,,,,,,,,,,House_Detached_2.0
OVO,EOH2266,BN1,41.0,Working Full time (>30hrs),Professional,"50,001+",2020-07-02T00:00:00.000Z,Owner-Occupied,,AB,3.0,27/10/2020,Retrofitworks,Suburban,Pre 1919,,2.0,0.0,105.0,6.0,4.0,7.0,2.75,Solid_No_insulation,Suspended,Pitched,Double,Yes,Gas,Gas Boiler - Standard,Electric - Direct,,,2.0,0.0,0.0,No,No,,,,,,,,,,No,No,No,No,None - Installation not recommended,,,,,,,,,,,,,,,,,,,,,,,,,,,,,,,,,,,,,,,,,,,,,,,,House_Mid-Terrace_4.0
E.ON,EOH1497,NE5,46.0,Working Full time (>30hrs),Skilled Manual Worker,"20,001 - 25,000",2021-01-06T00:00:00.000Z,Owner-Occupied,11.0,C2,4.0,20/01/2021,Phoenix,Urban,1967 - 1975,B,2.0,2.0,107.0,7.0,4.0,9.0,2.4,Cavity_Insulated,Suspended,Pitched,Double,Yes,Gas,Gas Boiler - Combi,Fire - Wood,,,0.0,0.0,1.0,No,No,4023.0,12956.0,,,,,,,,No,No,No,Yes,None - Installation not recommended,,,,,,,,,,,,,,,,,,,,,,,,,,,,,,,,,,,,,,,,,,,,,,,,House_Semi-Detached_2.0
Warmworks,EOH2110,EH15,53.0,Working Full time (>30hrs),Professional,"25,001 - 30,000",2020-10-06T00:00:00.000Z,Owner-Occupied,9.0,C1,3.0,28/10/2020,Warmworks,Urban,1919-1944,C,1.0,0.0,75.54,4.0,3.0,4.0,,Cavity_Insulated,Solid,Another Dwelling Above,Double,Yes,Gas,Gas Boiler - Standard,Fire - Gas,Water,Normal (90-130l),0.0,0.0,1.0,No,No,,,,,,,,,,Yes,No,Yes,No,None - Installation not recommended,,,,,,,,,,,,,,,,,,,,,,,,,,,,,,,,,,,,,,,,,,,,,,,,Flat_Mid-Terrace_1.0
E.ON,EOH0537,NE6,51.0,Working Full time (>30hrs),Supervisor,"40,001 - 50,000",2021-02-12T00:00:00.000Z,Owner-Occupied,6.0,C1,1.0,16/02/2021,Phoenix,Urban,1967 - 1975,,2.0,1.0,86.0,3.0,2.0,7.0,2.7,Cavity_Insulated,Solid,Pitched,Double,Yes,Gas,Gas Boiler - Combi,,,,0.0,0.0,1.0,No,No,,,7.85,80.57,15732.1,3372.0,506.0,,,Yes,No,Yes,Yes,ASHP,Barrier,13688.36,250.0,801.0,14.3,3.8,No,,,,,,,,,,,,,,,,,,,,,,,,,,,,,,,,,,,,,,,,,House_Detached_1.0
E.ON,EOH2286,NE5,57.0,Working Full time (>30hrs),Manager,"40,001 - 50,000",2020-12-01T00:00:00.000Z,Owner-Occupied,20.0,C1,3.0,29/01/2021,Phoenix,Urban,1950 - 1966,,3.0,0.0,78.0,5.0,3.0,9.0,2.4,Cavity_Insulated,Suspended,Pitched,Double,Yes,Gas,Gas Boiler - Combi,,,,0.0,0.0,0.0,No,No,3700.0,10000.0,,,,,,,,No,No,No,No,None - Installation not recommended,,,,,,,,,,,,,,,,,,,,,,,,,,,,,,,,,,,,,,,,,,,,,,,,House_Detached_2.0
Warmworks,EOH2890,EH17,67.0,Working Part time,Manager,"20,001 - 25,000",2020-07-24T00:00:00.000Z,Owner-Occupied,17.0,C2,2.0,24/08/2020,Everwarm,Suburban,1919-1944,E,2.0,0.0,145.14,5.0,,5.0,2.8,Cavity_No_insulation,Suspended,Pitched,Double,Yes,Gas,Gas Boiler - Combi,Fire - Gas,,,1.0,1.0,1.0,No,No,,,,,,,,,,,,,,,,,,,,,No,,,,,,,,,,,,,,,,,,,,,,,,,,,,,,,,,,,,,,,,,House_Detached_2.0
Warmworks,EOH0827,EH13,41.0,Working Full time (>30hrs),Professional,"40,001 - 50,000",2020-07-09T00:00:00.000Z,Owner-Occupied,10.0,AB,1.0,10/09/2020,Warmworks,Suburban,1919-1944,E,2.0,2.0,118.12,5.0,4.0,5.0,2.7,Cavity_Insulated,Suspended,Pitched,Double,Yes,Gas,Gas Boiler - Combi,,,,0.0,0.0,1.0,Yes - Borehole,Yes,,,,,,,,,,No,Yes,Yes,Yes,GSHP,,,,,,,No,,,,,,,,,,,,,,,,,,,,,,,,,,,,,,,,,,,,,,,,,House_Detached_2.0
Warmworks,EOH1886,EH37,36.0,Working Full time (>30hrs),Professional,"50,001+",2020-08-01T00:00:00.000Z,Owner-Occupied,4.0,AB,2.0,28/09/2020,Warmworks,Rural,Pre 1919,E,2.0,2.0,199.64,6.0,,6.0,,Cavity_No_insulation,Solid,Pitched,Double,No,Oil,Oil Boiler,Fire - Wood,Water,Large (> 170l),8.0,0.0,0.0,No,No,,,12.6,71.1,29124.0,4921.0,0.0,45.0,3.77,Yes,No,Yes,No,ASHP,,,,1489.32,18.0,5.0,Yes,30/06/2021,Everwarm,ASHP,,Mitsubishi,PUHZ-HW140VHA2R5,14.0,R410A,0.0,Water_New,200.0,,1.0,4.0,,0.0,,Low Noise Heat Pump,No,0.0,0.0,0.0,No,No,0.0,0.0,,No,8575.73,3572.208,1610.23,1082.3,,,,,,,2.0,0.0,House_Semi-Detached_2.0
E.ON,EOH2056,NE3,45.0,Working Full time (>30hrs),Professional,"50,001+",2020-12-22T00:00:00.000Z,Owner-Occupied,13.0,C1,1.0,18/01/2021,Phoenix,Urban,1950 - 1966,,2.0,2.0,90.0,5.0,3.0,7.0,2.4,Cavity_Insulated,Solid,Pitched,Double,Yes,Gas,Gas Boiler - Combi,,,,0.0,0.0,1.0,No,No,7000.0,10000.0,6.02,71.59,14582.1,3311.0,0.0,55.0,2.96,No,No,No,Yes,Hybrid,None Required,10060.85,,697.0,14.3,3.8,Yes,18/03/2021,Phoenix,Hybrid,Separate_New Boiler,Daikin,EHY2KOMB28AA,4.0,R32,,,,,1.0,9.0,0.0,0.0,none,none,No,0.0,0.0,0.0,No,No,0.0,0.0,,no,5739.82,,,2685.85,0.0,0.0,0.0,0.0,0.0,0.0,3.0,0.0,House_End-Terrace_2.0
E.ON,EOH0406,NE3,49.0,Working Full time (>30hrs),Professional,"50,001+",2020-11-30T00:00:00.000Z,Owner-Occupied,4.0,AB,3.0,17/12/2020,Phoenix,Urban,2003 - 2006,,2.0,1.0,120.0,7.0,4.0,12.0,2.5,Cavity_Insulated,Solid,Pitched,Double,Yes,Gas,Gas Boiler - Combi,,,,0.0,0.0,1.0,No,No,3500.0,16810.0,8.308,69.23,20125.0,5594.0,818.0,,,No,No,Yes,Yes,None - Installation not recommended,None Required,17251.0,0.0,1260.0,14.3,3.8,,,,,,,,,,,,,,,,,,,,,,,,,,,,,,,,,,,,,,,,,,House_Detached_2.0
Warmworks,EOH1060,EH10,59.0,Retired,Pensioner,Prefer not to say,2020-09-01T00:00:00.000Z,Owner-Occupied,22.0,DE,1.0,30/10/2020,Warmworks,Suburban,1991-2000,C,2.0,1.0,150.19,7.0,4.0,7.0,,Cavity_Insulated,Suspended,Pitched,Double,Yes,Gas,Gas Boiler - Standard,,Water,Medium (131-170l),1.0,0.0,0.0,Yes - Borehole,Yes,4444.0,21046.0,,,,,,,,Yes,Yes,Yes,Yes,GSHP,,,,,,,No,,,,,,,,,,,,,,,,,,,,,,,,,,,,,,,,,,,,,,,,,House_Detached_2.0
E.ON,EOH0671,NE6,,Prefer not to say,Prefer not to say,Prefer not to say,2020-09-09T00:00:00.000Z,Rented (Social),,DE,1.0,16/09/2020,E.ON,Urban,1900 - 1929,,2.0,2.0,58.0,4.0,3.0,7.0,2.5,Cavity_No_insulation,Suspended,Pitched,Double,Yes,Gas,Gas Boiler - Combi,,,,0.0,0.0,1.0,Yes - Ground Loop,No,4666.0,18421.0,5.377,92.71,10777.3,3566.0,0.0,,,No,No,No,Yes,Hybrid,None Required,9875.86,0.0,521.0,14.3,3.8,No,,,,,,,,,,,,,,,,,,,,,,,,,,,,,,,,,,,,,,,,,House_Mid-Terrace_2.0
E.ON,EOH2334,NE6,47.0,Working Part time,Professional,"50,001+",2020-11-26T00:00:00.000Z,Owner-Occupied,5.0,C1,5.0,17/12/2020,Phoenix,Urban,1900 - 1929,,2.0,2.0,108.0,5.0,3.0,8.0,2.7,Cavity_Insulated,Suspended,Pitched,Double,Yes,Gas,Gas Boiler - Combi,Fire - Gas,,,0.0,1.0,1.0,No,No,2497.0,17667.0,7.173,66.42,14361.8,4994.0,0.0,55.0,3.46,No,No,Yes,No,HT_ASHP,None Required,17196.43,,870.0,14.3,3.8,Yes,26/08/2021,Phoenix,HT_ASHP,,Daikin,EPRA14DAV3,14.0,R32,,PCM_New,,9.0,1.0,10.0,0.0,0.0,,,No,0.0,0.0,0.0,No,No,0.0,0.0,,no,9047.38,3500.65,,2870.84,,0.0,0.0,0.0,0.0,0.0,3.0,,House_Semi-Detached_2.0
OVO,EOH2502,GU1,53.0,Retired,Professional,"50,001+",2020-07-01T00:00:00.000Z,Owner-Occupied,,DE,4.0,28/09/2020,Retrofitworks,Suburban,1919-1944,,2.0,0.0,230.0,10.0,5.0,10.0,2.45,Cavity_No_insulation,Suspended,Pitched,Double,Yes,Gas,Gas Boiler - Standard,,,,0.0,0.0,1.0,No,No,,,,,,,,,,Yes with additional measures,Yes with additional measures,Yes with additional measures,Yes with additional measures,None - Installation not recommended,Loft Insulation; Wall insulation; Draft Proofing,5775.0,13200.0,2576.95,,,,,,,,,,,,,,,,,,,,,,,,,,,,,,,,,,,,,,,,,,,,House_Detached_2.0
E.ON,EOH2167,NE6,29.0,Working Full time (>30hrs),Professional,"50,001+",2021-01-26T00:00:00.000Z,Owner-Occupied,3.0,C1,2.0,09/02/2021,Phoenix,Urban,1950 - 1966,D,2.0,0.0,66.0,4.0,2.0,6.0,2.3,Cavity_Insulated,Solid,Pitched,Double,Yes,Gas,Gas Boiler - Combi,,,,0.0,0.0,1.0,No,No,1506.0,14565.0,4.5,68.2,9022.8,2636.0,0.0,50.0,3.02,No,No,No,Yes with additional measures,Hybrid,Loft Insulation  Barrier,9690.87,800.0,509.0,14.0,4.0,Yes,24/04/2021,Phoenix,Hybrid,Separate_New Boiler,Daikin,EHY2KOMB28AA,4.0,R32,,,,,1.0,6.0,0.0,0.0,none,enclosure,No,0.0,0.0,0.0,No,Yes,0.0,0.0,,no,5739.82,,,2315.0,0.0,500.0,0.0,0.0,0.0,0.0,2.5,0.0,House_Mid-Terrace_2.0
Warmworks,EOH0485,EH9,53.0,Working Full time (>30hrs),Supervisor,"50,001+",2020-10-19T00:00:00.000Z,Owner-Occupied,22.0,C2,1.0,23/11/2020,Warmworks,Urban,1945-1964,D,2.0,0.0,88.88,3.0,2.0,3.0,2.43,Cavity_No_insulation,Suspended,Pitched,Double,Yes,Gas,Gas Boiler - Combi,,,,0.0,0.0,1.0,No,No,,,,,,,,,,Yes,No,Yes,No,HT_ASHP,,,,,,,No,,,,,,,,,,,,,,,,,,,,,,,,,,,,,,,,,,,,,,,,,House_Mid-Terrace_2.0
E.ON,EOH0780,NE15,,Working Full time (>30hrs),Skilled Manual Worker,"40,001 - 50,000",2021-08-22T00:00:00.000Z,Owner-Occupied,7.0,C2,3.0,20/09/2021,Energist,Rural,1900 - 1929,E,2.0,0.0,65.0,3.0,2.0,6.0,2.4,Solid_No_insulation,Solid,Pitched,Double,No,Coal,Fire - Coal,,Water,Unknown,0.0,0.0,0.0,No,No,,,3.91,59.25,11953.0,2098.0,583.0,50.0,3.41,Yes,No,Yes,Yes,ASHP,None Required,12632.0,,595.0,14.3,3.8,Yes,27/09/2021,Energist,HT_ASHP,,Vaillant,VWL 55/6 A 230V S2,5.0,R290,,Water_new,150.0,,1.0,6.0,0.0,0.0,,,No,0.0,0.0,0.0,No,No,0.0,0.0,,no,5623.74,1701.71,,2130.88,0.0,0.0,0.0,0.0,0.0,0.0,3.0,,House_Mid-Terrace_2.0
Warmworks,EOH3156,KY6,78.0,Retired,Pensioner,"20,001 - 25,000",2020-07-30T00:00:00.000Z,Owner-Occupied,42.0,DE,2.0,10/08/2020,Warmworks,Urban,1965-1980,D,2.0,0.0,126.06,5.0,3.0,5.0,2.39,Cavity_Insulated,Suspended,Pitched,Double,Yes,Gas,Gas Boiler - Standard,Electric - Direct,Water,Normal (90-130l),0.0,0.0,1.0,No,No,3364.0,26125.0,,,,,,,,Yes,No,Yes,No,ASHP,,,,,,,No,,,,,,,,,,,,,,,,,,,,,,,,,,,,,,,,,,,,,,,,,House_Detached_2.0
E.ON,EOH0204,NE3,41.0,Working Full time (>30hrs),Skilled Manual Worker,"16,201 - 20,000",2020-12-08T00:00:00.000Z,Owner-Occupied,9.0,C2,3.0,15/03/2021,Phoenix,Urban,1967 - 1975,B,2.0,3.0,109.0,8.0,4.0,12.0,2.4,Cavity_Insulated,Suspended,Pitched,Double,Yes,Gas,Gas Boiler - Combi,,,,0.0,0.0,1.0,No,No,,,9.66,88.62,29510.7,3566.0,0.0,55.0,2.96,No,No,No,Yes,Hybrid,None Required,13342.14,,1692.0,14.3,3.8,Yes,15/06/2021,Phoenix,Hybrid,Separate_New Boiler,Daikin,EHY2KOMB28AA,4.0,R32,,,,,1.0,13.0,0.0,0.0,none,none,No,0.0,0.0,0.0,No,No,0.0,0.0,,no,5739.82,,,4164.23,0.0,0.0,0.0,0.0,0.0,0.0,2.0,0.0,House_Semi-Detached_2.0
E.ON,EOH0841,NE27,39.0,Working Full time (>30hrs),Manager,"50,001+",2021-02-01T00:00:00.000Z,Owner-Occupied,13.0,C1,4.0,15/02/2021,Phoenix,Urban,1950 - 1966,D,2.0,3.0,120.0,6.0,4.0,9.0,2.6,Cavity_Insulated,Suspended,Pitched,Double,Yes,Gas,Gas Boiler - Standard,Fire - Wood,Water,110,0.0,0.0,1.0,No,No,,,,,,,,,,No,No,No,,None - Installation not recommended,,,,,,,,,,,,,,,,,,,,,,,,,,,,,,,,,,,,,,,,,,,,,,,,House_Semi-Detached_2.0
OVO,EOH0758,TN34,53.0,Working Part time,Professional,"50,001+",2020-07-14T00:00:00.000Z,Owner-Occupied,10.0,C2,2.0,02/12/2020,Retrofitworks,Urban,Pre 1919,,3.0,1.0,185.78,5.0,4.0,5.0,2.37,Solid_No_insulation,Suspended,Pitched,Double,Yes,Gas,Gas Boiler - Standard,Fire - Wood,Water,150,0.0,0.0,1.0,No,No,9614.0,3267.0,,,,,,,,,,,,None - Installation not recommended,,,,,,,,,,,,,,,,,,,,,,,,,,,,,,,,,,,,,,,,,,,,,,,,Maisonette_Semi-Detached_3.0
E.ON,EOH0518,NE15,42.0,Working Part time,Semi and unskilled manual worker,"0 - 12,500",2021-01-05T00:00:00.000Z,Owner-Occupied,24.0,DE,1.0,22/02/2021,Phoenix,Urban,1967 - 1975,,4.0,0.0,77.0,5.0,3.0,7.0,2.4,Cavity_Insulated,Suspended,Pitched,Double,Yes,Gas,Gas Boiler - Combi,Fire - Electric,,,0.0,0.0,1.0,No,No,,,5.03497,77.11,11346.9,4475.0,655.0,,,Yes,No,Yes,Yes,ASHP,Barrier,12602.18,500.0,792.0,14.3,3.8,No,,,,,,,,,,,,,,,,,,,,,,,,,,,,,,,,,,,,,,,,,House_Semi-Detached_2.0
Warmworks,EOH1618,EH10,65.0,Retired,Professional,Prefer not to say,2020-07-19T00:00:00.000Z,Owner-Occupied,10.0,DE,4.0,10/08/2020,Everwarm,Suburban,1919-1944,C,2.0,0.0,167.6,5.0,3.0,5.0,2.6,Cavity_Insulated,Suspended,Pitched,Double,Yes,Gas,Gas Boiler - Combi,Fire - Wood,,,0.0,0.0,1.0,No,No,3177.8,16670.0,,,,,,,,No,No,Yes,Yes,HT_ASHP,,,,,,,No,,,,,,,,,,,,,,,,,,,,,,,,,,,,,,,,,,,,,,,,,House_Detached_2.0
Warmworks,EOH1486,EH33,54.0,Carer,Unemployed/Benefits,Prefer not to say,2020-08-13T00:00:00.000Z,Owner-Occupied,20.0,DE,3.0,24/09/2020,Warmworks,Suburban,1965-1980,D,5.0,0.0,108.25,6.0,5.0,6.0,2.44,Cavity_No_insulation,Suspended,Pitched,Double,Yes,Gas,Gas Boiler - Combi,,,,0.0,0.0,0.0,Yes - Borehole,Yes,6752.0,17091.0,,,,,,,,No,Yes,Yes,No,None - Installation not recommended,,,,,,,,,,,,,,,,,,,,,,,,,,,,,,,,,,,,,,,,,,,,,,,,House_Detached_2.0
Warmworks,EOH0229,EH19,44.0,Working Full time (>30hrs),Skilled Manual Worker,Prefer not to say,2020-10-27T00:00:00.000Z,Owner-Occupied,5.0,C1,3.0,16/12/2020,Everwarm,Urban,1945-1964,D,1.0,1.0,91.78,4.0,3.0,4.0,2.51,Cavity_Insulated,Suspended,Pitched,Double,Yes,Gas,Gas Boiler - Combi,Fire - Wood,,,0.0,0.0,0.0,No,No,2178.0,12140.0,,,,,,,,No,No,Yes,Yes,,,,,,,,No,,,,,,,,,,,,,,,,,,,,,,,,,,,,,,,,,,,,,,,,,House_Mid-Terrace_2.0
Warmworks,EOH3183,EH46,50.0,Carer,Casual worker,Prefer not to say,2021-06-08T00:00:00.000Z,Rented (Social),12.0,DE,1.0,29/06/2021,Warmworks,Suburban,2001+,D,2.0,0.0,86.39,4.0,3.0,4.0,2.6,Cavity_Insulated,Suspended,Pitched,Double,,Electricity,Electric - Storage,Electric - Storage,Water,Large (> 170l),0.0,0.0,0.0,No,No,,,5.0,60.0,7546.0,4075.0,0.0,50.0,3.41,Yes,No,Yes,Yes,ASHP,,,,712.0,14.0,,Yes,18/08/2021,TK Murray,HT_ASHP,,Vaillant,VWL 55/6 A 230V S2,5.0,R290,0.0,Water_New,200.0,,1.0,,9.0,0.0,,Low Noise Heat Pump,No,0.0,0.0,0.0,,No,0.0,0.0,,No,11215.17,3572.208,1610.23,2435.18,,,,,,,2.0,0.0,House_Semi-Detached_2.0
E.ON,EOH0069,NE3,40.0,Working Full time (>30hrs),Manager,"50,001+",2021-01-28T00:00:00.000Z,Owner-Occupied,10.0,C1,3.0,11/02/2021,Phoenix,Urban,1967 - 1975,D,2.0,2.0,99.0,4.0,3.0,7.0,2.4,Cavity_No_insulation,Solid,Pitched,Double,Yes,Gas,Gas Boiler - Combi,Fire - Gas,,,0.0,1.0,1.0,No,No,4934.0,14901.0,6.648,71.31,13322.1,3566.0,0.0,55.0,2.96,No,No,No,Yes with additional measures,Hybrid,loft Insulation cavity insulation,10430.83,1200.0,651.0,14.3,3.8,Yes,26/03/2021,Phoenix,Hybrid,Separate_New Boiler,Daikin,EHY2KOMB28AA,4.0,R32,,,,,1.0,11.0,0.0,0.0,none,none,No,0.0,0.0,0.0,No,Yes,0.0,0.0,Cavity,no,5739.82,,,3424.0,0.0,500.0,1000.0,0.0,0.0,0.0,3.5,2.0,House_Semi-Detached_2.0
E.ON,EOH2909,NE3,53.0,Working Full time (>30hrs),Professional,"50,001+",2020-11-25T00:00:00.000Z,Owner-Occupied,10.0,C1,2.0,16/12/2020,Phoenix,Urban,1950 - 1966,D,2.0,3.0,130.0,8.0,4.0,11.0,2.5,Cavity_Insulated,Suspended,Pitched,Double,Yes,Gas,Gas Boiler - Combi,,,,0.0,0.0,0.0,No,No,,,,,,,,,,No,No,Yes with additional measures,Yes,,,,,,,,,,,,,,,,,,,,,,,,,,,,,,,,,,,,,,,,,,,,,,,,,House_Semi-Detached_2.0
Warmworks,EOH2411,TD8,21.0,Working Part time,Professional,"12,501 - 16,200",2021-03-04T00:00:00.000Z,Owner-Occupied,22.0,DE,3.0,19/03/2021,Warmworks,Urban,1919-1944,F,,,48.08,3.0,1.0,3.0,2.72,Cavity_No_insulation,Solid,Pitched,Double,Yes,,Electric - Direct,,Water,Normal (90-130l),0.0,0.0,0.0,No,No,,,,,,,,,,No,No,Yes,No,None - Installation not recommended,,,,,,,,,,,,,,,,,,,,,,,,,,,,,,,,,,,,,,,,,,,,,,,,House_Mid-Terrace_1.0
OVO,EOH2111,ME15,68.0,Retired,Pensioner,Prefer not to say,2020-09-14T00:00:00.000Z,Owner-Occupied,21.0,DE,4.0,03/12/2020,,Suburban,1919-1944,,2.0,0.0,120.0,6.0,4.0,10.0,,,,Pitched,Double,Yes,Gas,Gas Boiler - Standard,,Water,,0.0,0.0,0.0,No,No,,,,,,,,,,,,,,None - Installation not recommended,,,,,,,,,,,,,,,,,,,,,,,,,,,,,,,,,,,,,,,,,,,,,,,,House_Detached_2.0
Warmworks,EOH2276,EH5,44.0,Working Full time (>30hrs),Professional,"50,001+",2020-07-08T00:00:00.000Z,Owner-Occupied,6.0,AB,4.0,07/08/2020,Warmworks,Suburban,1919-1944,D,2.0,2.0,115.26,4.0,3.0,4.0,2.675,Cavity_No_insulation,Suspended,Pitched,Double,Yes,Gas,Gas Boiler - Standard,Fire - Wood,Water,Normal (90-130l),0.0,0.0,0.0,Yes - Borehole,Yes,2992.0,,9.0,98.0,24701.0,3821.0,0.0,,,No,Yes,Yes,Yes,HT_ASHP,,,,,,,Yes,06/01/2021,Everwarm,HT_ASHP,,Vaillant,VWL 125/6 A 230V S2,12.0,R290,0.0,Water_New,200.0,,1.0,,11.0,0.0,,Low Noise Heat Pump,No,0.0,0.0,0.0,No,No,0.0,0.0,,No,17943.14,3572.21,1610.23,2976.34,,,,,,,2.0,0.0,House_Semi-Detached_2.0
OVO,EOH0275,RG7,54.0,Working Full time (>30hrs),Manager,"50,001+",2020-07-15T00:00:00.000Z,Owner-Occupied,5.0,C1,4.0,08/02/2021,Retrofitworks,Suburban,1991-2000,,2.0,2.0,231.5,8.0,4.0,8.0,2.45,Cavity_Insulated,Solid,Pitched,Double,,Oil,Oil Boiler,,Water,200,0.0,0.0,0.0,No,No,,,,,,,,,,,,,,None - Installation not recommended,,,,,,,,,,,,,,,,,,,,,,,,,,,,,,,,,,,,,,,,,,,,,,,,House_Detached_2.0
OVO,EOH3080,ME17,45.0,Working Full time (>30hrs),Professional,"30,001 - 40,000",2020-11-22T00:00:00.000Z,Owner-Occupied,7.0,C1,2.0,15/02/2021,Retrofitworks,Rural,1965-1980,,2.0,1.0,90.98,5.0,3.0,7.0,2.44,Cavity_Insulated,Solid,Pitched,Double,Yes,Gas,Gas Boiler - Standard,,Water,130,0.0,0.0,0.0,No,No,,,,,,,,,,,,,,None - Installation not recommended,,,,,,,,,,,,,,,,,,,,,,,,,,,,,,,,,,,,,,,,,,,,,,,,House_Semi-Detached_2.0
E.ON,EOH3004,NE6,42.0,Working Full time (>30hrs),Professional,"50,001+",2020-11-12T00:00:00.000Z,Owner-Occupied,6.0,AB,5.0,04/02/2021,Phoenix,Urban,1930 - 1949,D,2.0,2.0,142.0,6.0,3.0,8.0,2.6,Cavity_Insulated,Suspended,Pitched,Double,Yes,Gas,Gas Boiler - Combi,Fire - Wood,,,0.0,0.0,1.0,No,No,,,,,,,,,,Yes,No,Yes,Yes,None - Installation not recommended,,,,,,,,,,,,,,,,,,,,,,,,,,,,,,,,,,,,,,,,,,,,,,,,House_Semi-Detached_2.0
Warmworks,EOH0532,EH15,72.0,Unemployed,Unemployed/Benefits,"30,001 - 40,000",2020-07-10T00:00:00.000Z,Owner-Occupied,3.0,DE,4.0,31/07/2020,Everwarm,Urban,1919-1944,C,2.0,0.0,163.25,5.0,3.0,5.0,2.72,Cavity_Insulated,Suspended,Pitched,Double,Yes,Gas,Gas Boiler - Combi,,,,0.0,0.0,0.0,No,No,3185.0,32316.0,11.6,67.7,31351.0,3821.0,0.0,,,Yes,No,Yes,Yes,HT_ASHP,,,,1377.14,15.93,3.69,No,,,,,,,,,,,,,,,,,,,,,,,,,,,,,,,,,,,,,,,,,House_Detached_2.0
OVO,EOH0973,HP17,38.0,Working Full time (>30hrs),Manager,"50,001+",2020-08-13T00:00:00.000Z,Owner-Occupied,12.0,C1,3.0,02/02/2021,Retrofitworks,Suburban,Pre 1919,,2.0,0.0,67.0,3.0,2.0,,2.5,Solid_No_insulation,Solid,Pitched,Double,No,Electricity,Electric - Storage,,Water,110,0.0,0.0,0.0,No,No,,,,,,,,,,,,,,,,,,,,,No,,,,,,,,,,,,,,,,,,,,,,,,,,,,,,,,,,,,,,,,,House_Mid-Terrace_2.0
E.ON,EOH1657,NE4,59.0,Working Full time (>30hrs),Manager,"40,001 - 50,000",2020-07-09T00:00:00.000Z,Owner-Occupied,28.0,AB,3.0,24/07/2020,E.ON,Suburban,1930 - 1949,,4.0,0.0,135.0,7.0,5.0,10.0,2.6,Cavity_Insulated,Suspended,Pitched,Double,Yes,Gas,Gas Boiler - Standard,,Water,,0.0,0.0,1.0,No,No,700.0,750.0,,,,,,,,No,No,No,No,None - Installation not recommended,,,,,,,,,,,,,,,,,,,,,,,,,,,,,,,,,,,,,,,,,,,,,,,,House_Semi-Detached_3.0
Warmworks,EOH1336,EH16,44.0,Working Part time,Semi and unskilled manual worker,Prefer not to say,2021-04-16T00:00:00.000Z,Owner-Occupied,0.5,DE,2.0,07/06/2021,Warmworks,Urban,1945-1964,D,2.0,1.0,77.66,4.0,2.0,3.0,2.5,Cavity_Insulated,Suspended,Pitched,Double,Yes,Gas,Gas Boiler - Combi,,,,0.0,0.0,0.0,No,No,,,5.2,67.0,14405.0,1687.0,0.0,50.0,3.81,Yes,No,Yes,Yes,ASHP,,,,666.0,18.0,5.0,Yes,18/08/2021,Everwarm,ASHP,,Mitsubishi,PUZ-WM85VAA,8.5,R32,0.0,Water_New,150.0,,1.0,10.0,,0.0,,Low Noise Heat Pump,No,0.0,0.0,0.0,No,No,0.0,0.0,,No,7655.16,3508.272,1610.23,2705.76,,,,,,,3.0,0.0,House_Semi-Detached_2.0
Warmworks,EOH0050,EH41,45.0,Working Part time,Manager,"50,001+",2020-07-08T00:00:00.000Z,Owner-Occupied,10.0,C2,1.0,11/09/2020,Warmworks,Suburban,1919-1944,D,2.0,2.0,153.11,7.0,5.0,7.0,2.65,Cavity_No_insulation,Suspended,Pitched,Double,Yes,Gas,Gas Boiler - Combi,,,,0.0,0.0,0.0,No,No,,,,,,,,,,No,No,Yes,No,HT_ASHP,,,,,,,No,,,,,,,,,,,,,,,,,,,,,,,,,,,,,,,,,,,,,,,,,House_Detached_2.0
E.ON,EOH0667,NE12,66.0,Retired,Pensioner,"25,001 - 30,000",2021-08-02T00:00:00.000Z,Owner-Occupied,31.0,DE,1.0,13/08/2021,Energist,Suburban,1983 - 1990,,2.0,0.0,96.0,6.0,3.0,12.0,2.4,Cavity_Insulated,Suspended,Pitched,Double,Yes,Gas,Gas Boiler - Combi,,,,0.0,0.0,0.0,No,No,,,5.69,59.9,16490.0,3496.0,0.0,45.0,3.77,No,No,Yes,Yes,ASHP,None Required,13052.69,,910.0,12.9,4.0,Yes,06/09/2021,Energist,HT_ASHP,,Vaillant,VWL 55/6 A 230V S2,5.0,R290,,Water_new,200.0,,1.0,9.0,0.0,0.0,,,No,0.0,0.0,0.0,No,No,0.0,0.0,,no,5623.74,1752.34,,2500.86,0.0,0.0,0.0,0.0,0.0,0.0,4.0,,House_Detached_1.0
OVO,EOH1908,SO50,50.0,Working Full time (>30hrs),Professional,"50,001+",2020-11-24T00:00:00.000Z,Owner-Occupied,1.0,AB,1.0,10/02/2021,Retrofitworks,Suburban,1945-1964,,2.0,0.0,41.0,5.0,2.0,5.0,2.5,Cavity_Insulated,Suspended,Pitched,Double,Yes,Gas,Gas Boiler - Combi,,,,0.0,0.0,0.0,No,No,,,5.27,73.29,13816.9,2920.0,817.93,45.0,3.57,Yes with additional measures,No,Yes with additional measures,Yes with additional measures,Hybrid,Heat Emitters,8412.9,985.95,656.35,15.0,,Yes,21/04/2021,Northern Gas,Hybrid,Separate_New Boiler,Daikin,ERGA04DVA,4.0,R32,,,,,1.0,0.0,4.0,0.0,,,No,0.0,0.0,0.0,No,No,0.0,0.0,,No,5970.62,0.0,2810.31,617.92,0.0,0.0,0.0,0.0,0.0,0.0,3.0,1.0,House_Detached_1.0
E.ON,EOH2103,NE15,74.0,Retired,Pensioner,Prefer not to say,2020-10-12T00:00:00.000Z,Owner-Occupied,40.0,DE,1.0,09/11/2020,Phoenix,Urban,1983 - 1990,D,2.0,0.0,82.0,4.0,3.0,7.0,2.4,Cavity_Insulated,Suspended,Pitched,Double,Yes,Gas,Gas - Warm Air,Electric - Warm Air,Water,110,0.0,0.0,0.0,No,No,3213.0,8568.0,,,,,,,,No,No,No,No,None - Installation not recommended,,,,,,,,,,,,,,,,,,,,,,,,,,,,,,,,,,,,,,,,,,,,,,,,House_Semi-Detached_2.0
E.ON,EOH2900,NE10,35.0,Working Full time (>30hrs),Clerical,"50,001+",2021-07-22T00:00:00.000Z,Owner-Occupied,8.0,C1,5.0,03/08/2021,E.ON,Urban,1900 - 1929,D,2.0,0.0,133.0,5.0,3.0,11.0,2.4,Solid_No_insulation,Suspended,Pitched,Double,Yes,Gas,Gas Boiler - Combi,,,,0.0,0.0,1.0,No,No,,,10.0,82.9,20205.0,3820.0,0.0,,,No,No,No,Yes,Hybrid,None Required,13671.0,,1048.0,17.0,4.0,Yes,28/09/2021,E.ON SIME,Hybrid,Integrated,SIME,SIME MURELLE REVOLUTION,4.0,R410A,,,,,1.0,10.0,0.0,0.0,,,No,0.0,0.0,0.0,No,No,0.0,0.0,,no,5200.0,,,5414.98,,0.0,0.0,0.0,0.0,0.0,4.0,,House_Mid-Terrace_2.0
OVO,EOH1427,RH17,32.0,Working Full time (>30hrs),Professional,"50,001+",2021-02-03T00:00:00.000Z,Owner-Occupied,,AB,4.0,30/03/2021,Retrofitworks,Suburban,Pre 1919,,2.0,0.0,98.34,8.0,2.0,5.0,2.4,Cavity_Insulated,Solid,Pitched,Double,Yes,Gas,Gas Boiler - Standard,,Water,120,0.0,0.0,0.0,No,No,,,,,,,,,,,,,,None - Installation not recommended,,,,,,,,,,,,,,,,,,,,,,,,,,,,,,,,,,,,,,,,,,,,,,,,House_Semi-Detached_2.0
Warmworks,EOH3036,EH46,67.0,Working Full time (>30hrs),Professional,Prefer not to say,2021-06-11T00:00:00.000Z,Rented (Social),14.0,C1,1.0,28/07/2021,Warmworks,Suburban,2001+,C,3.0,0.0,84.9,5.0,3.0,5.0,2.39,Cavity_Insulated,Suspended,Pitched,Double,,Electricity,Electric - Storage,Electric - Direct,Water,Large (> 170l),0.0,0.0,0.0,No,No,9300.0,,5.0,60.0,7546.0,4075.0,0.0,50.0,3.41,Yes,No,Yes,No,ASHP,,,,712.0,14.0,,Yes,28/09/2021,TK Murray,HT_ASHP,,Vaillant,VWL 55/6 A 230V S2,5.0,R290,0.0,Water_New,200.0,,1.0,,9.0,0.0,,Low Noise Heat Pump,No,0.0,0.0,0.0,,No,0.0,0.0,,No,11215.17,3572.208,1610.23,2435.18,,,,,,,2.0,0.0,House_Semi-Detached_2.0
E.ON,EOH3148,NE40,37.0,Working Part time,Skilled Manual Worker,"40,001 - 50,000",2021-03-09T00:00:00.000Z,Owner-Occupied,1.0,C2,1.0,18/03/2021,Phoenix,Urban,1967 - 1975,C,2.0,1.0,119.0,6.0,4.0,8.0,2.4,Cavity_Insulated,Suspended,Pitched,Double,Yes,Gas,Gas Boiler - Combi,Fire - Gas,,,0.0,1.0,1.0,No,No,,,9.93,83.44,24055.4,4776.0,0.0,55.0,2.96,No,No,No,Yes with additional measures,Hybrid,Loft Insulation Cavity insulation,10060.85,1200.0,1679.0,14.3,3.8,Yes,21/05/2021,Phoenix,Hybrid,Separate_New Boiler,Daikin,EHY2KOMB28AA,4.0,R32,,,,,1.0,9.0,0.0,0.0,none,none,No,0.0,1.0,0.0,No,Yes,0.0,0.0,,no,5739.8,,,2685.85,0.0,500.0,0.0,0.0,0.0,0.0,2.0,0.5,House_Detached_2.0
Warmworks,EOH2549,EH40,54.0,Working Full time (>30hrs),Professional,Prefer not to say,2021-05-01T00:00:00.000Z,Owner-Occupied,20.0,C1,3.0,24/06/2021,Warmworks,Rural,1991-2000,A,2.0,0.0,136.2,5.0,3.0,5.0,2.6,Cavity_Insulated,Suspended,Pitched,Double,Yes,Gas,Gas Boiler - Standard,Gas Boiler - Standard,Water,Medium (131-170l),0.0,0.0,0.0,No,No,,,7.1,60.0,18960.0,2250.0,0.0,50.0,3.81,Yes,No,Yes,Yes,ASHP,,,,830.0,18.0,5.0,Yes,09/08/2021,Everwarm,ASHP,,Mitsubishi,PUZ-WM85VAA,8.5,R32,0.0,Water_New,200.0,,1.0,12.0,,0.0,,Low Noise Heat Pump,No,0.0,0.0,0.0,No,No,0.0,0.0,,No,8575.73,3572.208,1610.23,3246.91,,,,,,,2.0,0.0,House_Detached_1.0
E.ON,EOH2678,NE3,,Prefer not to say,Prefer not to say,Prefer not to say,2020-09-24T00:00:00.000Z,Rented (Social),0.9,DE,1.0,11/01/2021,E.ON,Suburban,1967 - 1975,,1.0,0.0,37.6,2.0,1.0,5.0,2.3,Solid_Insulated,Solid,Pitched,Double,No,Electricity,Electric - Storage,,Water,80,0.0,0.0,0.0,Yes - Borehole,Yes,,,2.463,65.5,6056.0,1910.0,191.0,,,No,Yes,No,No,GSHP,None Required,,14707.5,351.09,14.3,,Yes,08/10/2021,Groundheat,GSHP,Shared_Groundloop,Vaillant,20260514,3.0,R410A,900.0,Water_new,100.0,,1.0,6.0,0.0,0.0,none,none,No,0.0,0.0,0.0,No,No,0.0,0.0,,no,11605.06,1702.0,,2130.01,0.0,0.0,0.0,0.0,0.0,0.0,84.0,0.0,Flat_Flat_1.0
Warmworks,EOH1492,EH41,57.0,Working Full time (>30hrs),Professional,"50,001+",2020-09-04T00:00:00.000Z,Owner-Occupied,4.0,C2,2.0,26/10/2020,Warmworks,Suburban,1945-1964,D,2.0,0.0,84.32,5.0,3.0,5.0,,Cavity_Insulated,Suspended,Pitched,Double,Yes,Gas,Gas Boiler - Combi,,,,0.0,0.0,0.0,No,No,,,,,,,,,,Yes,No,Yes,No,,,,,,,,No,,,,,,,,,,,,,,,,,,,,,,,,,,,,,,,,,,,,,,,,,House_Mid-Terrace_2.0
OVO,EOH1768,MK3,,Working Full time (>30hrs),Manager,Prefer not to say,2021-03-13T00:00:00.000Z,Owner-Occupied,6.0,AB,3.0,13/04/2021,Retrofitworks,Suburban,2001+,,1.0,0.0,152.0,6.0,5.0,10.0,2.4,Cavity_Insulated,Solid,Pitched,Double,Yes,Gas,Gas Boiler - Standard,,Water,200,0.0,0.0,1.0,No,No,,,,,,,,,,,,,,None - Installation not recommended,,,,,,,,,,,,,,,,,,,,,,,,,,,,,,,,,,,,,,,,,,,,,,,,House_Detached_2.0
Warmworks,EOH2141,EH9,50.0,Working Full time (>30hrs),Professional,Prefer not to say,2020-07-03T00:00:00.000Z,Owner-Occupied,14.0,AB,3.0,12/08/2020,Warmworks,Suburban,Pre 1919,D,2.0,3.0,154.68,8.0,4.0,7.0,3.0,Cavity_No_insulation,Solid,Flat,Double,Yes,Gas,Gas Boiler - Standard,Fire - Wood,Water,Medium (131-170l),0.0,0.0,1.0,No,No,4399.0,20965.0,,,,,,,,No,No,Yes with additional measures,Yes with additional measures,None - Installation not recommended,,,,,,,,,,,,,,,,,,,,,,,,,,,,,,,,,,,,,,,,,,,,,,,,House_Mid-Terrace_2.0
Warmworks,EOH1660,KY14,51.0,Working Full time (>30hrs),Professional,"40,001 - 50,000",2021-03-14T00:00:00.000Z,Owner-Occupied,5.0,C1,1.0,13/04/2021,Warmworks,Rural,1919-1944,E,2.0,3.0,155.41,6.0,4.0,5.0,2.4,Cavity_Insulated,Suspended,Pitched,Double,No,,Electric - Direct,Fire - Wood,Water,Large (> 170l),0.0,0.0,0.0,No,No,,,6.9,71.0,6943.0,2660.0,3.0,45.0,3.84,Yes,No,Yes,No,ASHP,,,,1633.0,17.0,5.0,Yes,05/07/2021,Montali Energy Services Ltd,ASHP,,Mitsubishi,PUZ-WM85VAA,8.5,R32,0.0,Water_New,200.0,,1.0,12.0,,0.0,,Low Noise Heat Pump,No,0.0,0.0,0.0,No,No,0.0,0.0,,No,8575.73,3508.27,1610.23,3246.91,,,,,,,4.0,0.0,House_Semi-Detached_2.0
Warmworks,EOH0445,EH32,38.0,Working Full time (>30hrs),Professional,"50,001+",2020-08-27T00:00:00.000Z,Owner-Occupied,6.0,C1,4.0,06/12/2020,Warmworks,Urban,1965-1980,C,2.0,3.0,156.28,7.0,4.0,7.0,2.44,Cavity_Insulated,Solid,Pitched,Double,Yes,Gas,Gas Boiler - Combi,,,,1.0,0.0,0.0,No,No,,,,,,,,,,Yes,No,Yes,Yes,None - Installation not recommended,,,,,,,,,,,,,,,,,,,,,,,,,,,,,,,,,,,,,,,,,,,,,,,,House_Semi-Detached_2.0
Warmworks,EOH2831,EH46,54.0,Unfit for work,Unemployed/Benefits,Prefer not to say,2021-06-09T00:00:00.000Z,Rented (Social),20.0,DE,3.0,21/07/2021,Warmworks,Suburban,1991-2000,D,1.0,1.0,89.6,4.0,2.0,4.0,2.4,Cavity_Insulated,Solid,Pitched,Double,,Electricity,Electric - Storage,Electric - Direct,Water,Large (> 170l),0.0,0.0,0.0,No,No,,,7.0,63.0,9651.0,4075.0,0.0,50.0,3.58,Yes,No,Yes,No,ASHP,,,,800.0,14.0,,Yes,26/08/2021,TK Murray,ASHP,,Mitsubishi,PUHZ-W50VHA2,5.0,R410A,0.0,Water_New,150.0,,1.0,10.0,,0.0,,Low Noise Heat Pump,No,0.0,0.0,0.0,,No,0.0,0.0,,No,7655.16,3508.272,1610.23,2705.76,,,,,,,2.0,0.0,House_Mid-Terrace_2.0
E.ON,EOH0812,NE5,62.0,Working Part time,Skilled Manual Worker,"16,201 - 20,000",2021-03-24T00:00:00.000Z,Owner-Occupied,5.0,C2,5.0,29/03/2021,Phoenix,Urban,1950 - 1966,E,2.0,0.0,68.0,4.0,2.0,7.0,2.7,Cavity_Insulated,Suspended,Pitched,Double,Yes,Gas,Gas Boiler - Combi,,,,0.0,0.0,1.0,No,No,,,,,,,,,,No,No,No,No,None - Installation not recommended,,,,,,,,,,,,,,,,,,,,,,,,,,,,,,,,,,,,,,,,,,,,,,,,House_Detached_2.0
E.ON,EOH2501,NE13,39.0,Working Full time (>30hrs),Manager,"50,001+",2020-10-22T00:00:00.000Z,Owner-Occupied,2.0,AB,4.0,23/10/2020,Phoenix,Urban,1991 - 1995,C,2.0,3.0,184.0,7.0,5.0,15.0,2.4,Cavity_Insulated,Solid,Pitched,Double,Yes,Gas,Gas Boiler - Combi,,,,0.0,0.0,0.0,Yes - Ground Loop,Yes,,,,,,,,,,No,No,No,No,None - Installation not recommended,,,,,,,,,,,,,,,,,,,,,,,,,,,,,,,,,,,,,,,,,,,,,,,,House_Semi-Detached_3.0
Warmworks,EOH0697,TD4,21.0,Unemployed,Professional,"12,501 - 16,200",2021-03-31T00:00:00.000Z,Owner-Occupied,,C1,4.0,28/04/2021,Warmworks,Suburban,Pre 1919,F,,,59.84,3.0,2.0,3.0,2.45,Cavity_Insulated,Suspended,Another Dwelling Above,Double,Yes,,Electric - Direct,Electric - Direct,Water,Normal (90-130l),0.0,0.0,0.0,No,No,,,8.5,67.0,12469.0,3057.0,156.0,50.0,3.64,Yes,No,Yes,No,ASHP,,,,846.0,14.0,,Yes,08/06/2021,TK Murray,ASHP,,Mitsubishi,PUZ-WM85VAA,8.5,R32,0.0,Water_New,150.0,,1.0,7.0,,0.0,,Low Noise Heat Pump,No,0.0,0.0,0.0,No,No,0.0,0.0,,No,8575.73,3508.272,1610.23,1894.03,,,,,,,2.0,0.0,House_End-Terrace_1.0
Warmworks,EOH2010,EH10,40.0,Working Full time (>30hrs),Professional,"50,001+",2020-09-28T00:00:00.000Z,Owner-Occupied,4.0,C1,1.0,14/12/2020,Everwarm,Urban,1965-1980,D,2.0,3.0,175.98,7.0,4.0,7.0,2.37,Cavity_No_insulation,Suspended,Pitched,Double,Yes,Gas,Gas Boiler - Standard,Fire - Gas,Water,Normal (90-130l),0.0,1.0,1.0,No,No,,,10.2,72.9,29055.0,4457.0,1365.0,,,Yes,Yes,Yes,Yes,ASHP,,,,1831.0,14.0,3.0,Yes,,,,,,,,,,,,,,,,,,,,,,,,,,,,,,,,,,,,,,,,,House_Detached_2.0
E.ON,EOH1098,NE15,57.0,Unemployed,Unemployed/Benefits,"0 - 12,500",2021-04-07T00:00:00.000Z,Owner-Occupied,27.0,DE,1.0,13/04/2021,Phoenix,Urban,1991 - 1995,,1.0,0.0,56.0,4.0,2.0,5.0,2.4,Cavity_No_insulation,Solid,Pitched,Double,Yes,Gas,Gas Boiler - Combi,Fire - Electric,,,0.0,0.0,1.0,No,No,,,4.461,79.66,8959.5,3356.0,491.0,49.0,3.39,Yes with additional measures,No,No,Yes,ASHP,"Loft Insulation, Cavity Insulation",12551.55,1200.0,618.0,14.3,3.8,Yes,28/05/2021,Aaron Services,ASHP,,Daikin,EDLQ07CAV3,7.0,R410A,,Water_new,150.0,,1.0,8.0,0.0,0.0,none,none,No,0.0,1.0,0.0,No,Yes,0.0,0.0,Cavity,no,5648.01,1701.71,,3239.0,0.0,500.0,750.0,0.0,0.0,0.0,2.5,1.5,House_Semi-Detached_2.0
Warmworks,EOH0970,TD7,64.0,Working Part time,Unemployed/Benefits,"0 - 12,500",2020-08-18T00:00:00.000Z,Owner-Occupied,0.1,DE,2.0,17/11/2020,Warmworks,Urban,Pre 1919,C,1.0,0.0,45.55,2.0,,2.0,2.56,Cavity_No_insulation,Suspended,Another Dwelling Above,Double,Yes,Gas,Gas Boiler - Combi,Fire - Gas,,,0.0,1.0,0.0,No,No,,,,,,,,,,,,,,None - Installation not recommended,,,,,,,,,,,,,,,,,,,,,,,,,,,,,,,,,,,,,,,,,,,,,,,,Flat_Flat_1.0
Warmworks,EOH2761,KY16,41.0,Working Full time (>30hrs),Professional,"50,001+",2021-03-15T00:00:00.000Z,Owner-Occupied,1.0,AB,3.0,27/05/2021,Warmworks,Suburban,Pre 1919,D,2.0,1.0,219.72,8.0,5.0,8.0,2.87,Cavity_No_insulation,Suspended,Pitched,Double,Yes,Gas,Gas Boiler - Standard,Fire - Wood,Water,Large (> 170l),0.0,0.0,1.0,No,No,,,,,,,,,,No,No,Yes with additional measures,Yes with additional measures,None - Installation not recommended,,,,,,,,,,,,,,,,,,,,,,,,,,,,,,,,,,,,,,,,,,,,,,,,House_Detached_2.0
E.ON,EOH1514,NE7,95.0,Retired,Pensioner,"16,201 - 20,000",2020-10-29T00:00:00.000Z,Owner-Occupied,66.0,DE,5.0,12/11/2020,Phoenix,Urban,1950 - 1966,,1.0,0.0,99.0,5.0,3.0,6.0,2.5,Cavity_Insulated,Solid,Pitched,Double,Yes,Gas,Gas Boiler - Standard,,Water,110,0.0,0.0,0.0,No,No,,,5.966,77.2,11953.0,3747.0,181.0,,,Yes,No,Yes,Yes,ASHP,None Required,11863.76,0.0,667.0,14.3,3.8,No,,,,,,,,,,,,,,,,,,,,,,,,,,,,,,,,,,,,,,,,,House_Semi-Detached_2.0
Warmworks,EOH2578,EH39,72.0,Working Part time,Professional,"40,001 - 50,000",2020-07-10T00:00:00.000Z,Owner-Occupied,35.0,C1,4.0,24/07/2020,Warmworks,Suburban,1981-1990,C,2.0,0.0,183.18,7.0,4.0,7.0,2.6,Cavity_No_insulation,Suspended,Pitched,Double,Yes,Gas,Gas Boiler - Standard,Fire - Wood,Water,Medium (131-170l),0.0,0.0,0.0,Yes - Borehole,Yes,3142.9,22081.0,10.9,81.0,29463.0,4776.0,0.0,50.0,3.92,No,Yes,Yes with additional measures,No,HT_ASHP,,,,1492.84,15.0,,Yes,19/11/2020,Everwarm,HT_ASHP,,Vaillant,VWL 125/6 A 230V S2,12.0,R290,0.0,Water_New,200.0,,1.0,,11.0,0.0,,Low Noise Heat Pump,No,0.0,0.0,0.0,No,No,0.0,0.0,,No,11215.18,3572.21,1610.23,2976.34,,,,,,,2.0,0.0,House_Detached_2.0
E.ON,EOH2770,NE28,56.0,Working Full time (>30hrs),Skilled Manual Worker,"25,001 - 30,000",2021-01-04T00:00:00.000Z,Owner-Occupied,17.0,C2,4.0,20/01/2021,Phoenix,Urban,2003 - 2006,,3.0,0.0,110.0,6.0,4.0,12.0,2.4,Cavity_Insulated,Solid,Pitched,Double,Yes,Gas,Gas Boiler - Standard,Fire - Gas,Water,210,0.0,1.0,1.0,No,No,,,6.60004,79.8,13225.7,4995.0,0.0,,,No,No,Yes,Yes,HT_ASHP,Loft Insulation and Barrier,17566.41,1000.0,841.0,14.3,3.8,No,,,,,,,,,,,,,,,,,,,,,,,,,,,,,,,,,,,,,,,,,House_Detached_2.0
E.ON,EOH0372,NE7,33.0,Working Full time (>30hrs),Manager,"50,001+",2020-07-17T00:00:00.000Z,Owner-Occupied,2.0,AB,5.0,18/08/2020,Phoenix,Urban,1930 - 1949,,2.0,2.0,96.0,5.0,3.0,9.0,2.4,Cavity_Insulated,Solid,Pitched,Double,Yes,Gas,Gas Boiler - Combi,,,,0.0,0.0,1.0,No,No,2666.0,10000.0,,,,,,,,,,,,,,,,,,,No,,,,,,,,,,,,,,,,,,,,,,,,,,,,,,,,,,,,,,,,,House_Semi-Detached_2.0
Warmworks,EOH3171,TD9,65.0,Retired,Pensioner,"20,001 - 25,000",2020-10-02T00:00:00.000Z,Owner-Occupied,6.0,DE,3.0,04/11/2020,Warmworks,Rural,Pre 1919,D,2.0,0.0,125.75,4.0,2.0,4.0,,Cavity_No_insulation,Solid,Pitched,Double,No,Wood,Biomass Boiler,,Water,No access,3.0,0.0,0.0,Yes - Ground Loop,Yes,7287.0,,,,,,,,,Yes,Yes,Yes,No,GSHP,,,,,,,No,,,,,,,,,,,,,,,,,,,,,,,,,,,,,,,,,,,,,,,,,House_Detached_2.0
Warmworks,EOH0079,EH4,48.0,Working Full time (>30hrs),Professional,"50,001+",2020-09-21T00:00:00.000Z,Owner-Occupied,20.0,C1,3.0,26/10/2020,Warmworks,Suburban,1945-1964,C,2.0,1.0,109.82,4.0,3.0,4.0,,Cavity_Insulated,Suspended,Pitched,Double,Yes,Gas,Gas Boiler - Combi,,,,0.0,0.0,1.0,Yes - Borehole,Yes,5341.0,20998.0,8.0,82.7,19381.0,3821.0,0.0,50.0,3.65,Yes,Yes,Yes,Yes,GSHP,,,,1272.73,18.0,5.0,Yes,29/03/2021,Everwarm,GSHP,Individual_Groundloop,Vaillant,VWF 87/4,8.0,R410A,,Water_New,200.0,,1.0,12.0,,0.0,,,No,0.0,0.0,0.0,No,No,0.0,0.0,,No,38728.63,3572.21,1610.23,3246.91,,,,,,,3.0,0.0,House_Semi-Detached_2.0
OVO,EOH1494,SL5,57.0,Working Full time (>30hrs),Manager,"50,001+",2020-11-09T00:00:00.000Z,Owner-Occupied,21.0,C1,4.0,04/02/2021,Retrofitworks,Suburban,1965-1980,,1.0,0.0,160.74,10.0,4.0,10.0,2.4,Cavity_Insulated,Solid,Pitched,Double,Yes,Gas,Gas Boiler - Standard,Electric - Direct,Water,130,1.0,0.0,1.0,No,No,,,,,,,,,,,,,,None - Installation not recommended,,,,,,,,,,,,,,,,,,,,,,,,,,,,,,,,,,,,,,,,,,,,,,,,House_Detached_2.0
OVO,EOH2797,SO23,38.0,Working Part time,Professional,"30,001 - 40,000",2020-07-14T00:00:00.000Z,Owner-Occupied,5.0,AB,3.0,26/03/2021,Retrofitworks,Suburban,Pre 1919,,2.0,2.0,118.0,6.0,3.0,6.0,2.6,Cavity_No_insulation,Mix,Pitched,Double,Yes,Gas,Gas Boiler - Combi,,,,1.0,0.0,0.0,No,Yes,,,,,,,,,,,,,,None - Installation not recommended,,,,,,,,,,,,,,,,,,,,,,,,,,,,,,,,,,,,,,,,,,,,,,,,House_Detached_2.0
Warmworks,EOH2024,EH4,43.0,Working Full time (>30hrs),Professional,Prefer not to say,2020-07-27T00:00:00.000Z,Owner-Occupied,3.0,C1,4.0,07/08/2020,Warmworks,Urban,1919-1944,D,2.0,2.0,99.13,6.0,4.0,6.0,3.0,Cavity_Insulated,Suspended,Pitched,Double,Yes,Gas,Gas Boiler - Combi,,,,0.0,2.0,1.0,No,No,2130.0,13127.0,7.5,81.0,20772.0,5731.0,0.0,,,No,No,Yes,Yes,HT_ASHP,,,,1242.11,15.0,3.0,Yes,07/12/2020,Everwarm,HT_ASHP,,Vaillant,VWL 75/6 A 230V S2,7.0,R290,0.0,Water_New,200.0,,1.0,,9.0,0.0,,Low Noise Heat Pump,No,0.0,0.0,0.0,No,No,0.0,0.0,,No,11215.18,3572.21,1610.23,2435.17,,,,,,,3.0,0.0,House_Semi-Detached_2.0
OVO,EOH3047,BN11,54.0,Working Part time,Manager,"25,001 - 30,000",2020-11-18T00:00:00.000Z,Rented (Private),1.0,C1,4.0,30/01/2021,,Suburban,1945-1964,,2.0,0.0,65.0,3.0,2.0,4.0,2.3,Cavity_Insulated,Solid,Flat,Double,No,Electricity,Electric - Storage,,Water,,0.0,0.0,0.0,No,No,,,,,,,,,,No,No,No,No,None - Installation not recommended,,,,,,,,,,,,,,,,,,,,,,,,,,,,,,,,,,,,,,,,,,,,,,,,Flat_Semi-Detached_1.0
OVO,EOH0709,BN1,64.0,Retired,Manager,"50,001+",2021-04-06T00:00:00.000Z,Owner-Occupied,32.0,DE,4.0,14/04/2021,Retrofitworks,Urban,Pre 1919,,2.0,0.0,67.0,4.0,2.0,4.0,2.4,Solid_No_insulation,Suspended,Flat,Single,Yes,Gas,Gas Boiler - Combi,,,,0.0,0.0,0.0,No,No,,,5.26,91.16,11647.0,2904.0,108.0,50.0,3.56,Yes,No,Yes,Yes,ASHP,,13693.71,2250.0,687.0,16.0,,Yes,10/05/2021,A Greener Alternative,ASHP,,Mitsubishi,PUZ-WM112VAA,11.2,R32,,Water_New,170.0,,1.0,0.0,0.0,0.0,,Low Noise Heat Pump,No,0.0,0.0,0.0,No,No,0.0,0.0,,No,6102.0,2214.0,3687.85,0.0,0.0,0.0,0.0,0.0,0.0,0.0,4.0,0.0,Flat_Mid-Terrace_1.0
Warmworks,EOH1980,EH33,64.0,Working Part time,Skilled Manual Worker,"25,001 - 30,000",2020-06-29T00:00:00.000Z,Owner-Occupied,35.0,C2,3.0,29/07/2020,Everwarm,Urban,1945-1964,E,3.0,0.0,179.98,7.0,4.0,7.0,2.8,Cavity_Insulated,Suspended,Pitched,Double,Yes,Gas,Gas Boiler - Combi,Fire - Gas,,,0.0,2.0,1.0,No,No,4237.0,33592.0,13.3,83.0,36443.0,4776.0,0.0,,,No,No,Yes with additional measures,Yes with additional measures,HT_ASHP,,,,,,,Yes,25/01/2021,Everwarm,Hybrid,Separate_Existing Boiler,Vaillant,VWL 125/6 A 230V S2,12.0,R290,0.0,Water_New,200.0,,1.0,,9.0,0.0,,Low Noise Heat Pump,No,0.0,0.0,0.0,No,No,0.0,0.0,,No,10177.84,3572.21,1610.23,2435.17,,,,,,,2.0,0.0,House_Detached_2.0
Warmworks,EOH2711,EH39,58.0,Working Full time (>30hrs),Manager,"25,001 - 30,000",2020-08-13T00:00:00.000Z,Owner-Occupied,10.0,C1,1.0,15/09/2020,Warmworks,Suburban,1945-1964,D,2.0,0.0,91.04,5.0,4.0,5.0,2.6,Cavity_Insulated,Solid,Pitched,Double,Yes,Gas,Gas Boiler - Combi,,Water,Normal (90-130l),0.0,0.0,0.0,No,No,1676.0,11703.0,,,,,,,,Yes,No,Yes,Yes,ASHP,,,,,,,No,,,,,,,,,,,,,,,,,,,,,,,,,,,,,,,,,,,,,,,,,House_End-Terrace_2.0
E.ON,EOH0905,NE5,51.0,Working Part time,Skilled Manual Worker,"25,001 - 30,000",2020-12-18T00:00:00.000Z,Owner-Occupied,21.0,C2,1.0,15/01/2021,Phoenix,Urban,1930 - 1949,,5.0,0.0,73.0,5.0,3.0,7.0,2.3,Cavity_Insulated,Suspended,Pitched,Double,Yes,Gas,Gas Boiler - Combi,,,,0.0,0.0,0.0,No,No,,,3.539,48.47,8583.8,3820.0,0.0,55.0,2.96,No,No,No,Yes with additional measures,Hybrid,Loft Insulation,9690.87,700.0,505.0,14.3,3.8,Yes,12/02/2021,Phoenix,Hybrid,Separate_New Boiler,Daikin,EHY2KOMB28AA,4.0,R32,,,,,1.0,7.0,0.0,0.0,none,none,No,0.0,0.0,0.0,No,Yes,0.0,0.0,,no,5739.82,,,2315.87,0.0,500.0,0.0,0.0,0.0,0.0,2.5,0.5,House_End-Terrace_2.0
E.ON,EOH0590,NE21,62.0,Working Full time (>30hrs),Manager,"50,001+",2021-02-25T00:00:00.000Z,Owner-Occupied,16.0,AB,5.0,23/03/2021,Energist,Urban,1996 - 2002,,2.0,0.0,180.0,10.0,5.0,10.0,2.4,Cavity_Insulated,Suspended,Pitched,Double,Yes,Gas,Gas Boiler - Combi,,,,0.0,0.0,0.0,No,No,,,11.31,50.49,27571.0,5943.0,0.0,45.0,4.21,Yes,No,Yes,Yes,ASHP,None Required,14763.09,,1302.0,12.9,4.0,Yes,09/06/2021,Energist,HT_ASHP,,Vaillant,VWL 125/6 A 230V S2,12.0,R290,,Water_new,300.0,,1.0,7.0,0.0,0.0,none,none,No,0.0,0.0,0.0,No,No,0.0,0.0,,no,6635.0,1752.0,,2315.0,0.0,0.0,0.0,0.0,0.0,0.0,4.0,0.0,House_Detached_2.0
E.ON,EOH1924,NE6,51.0,Working Full time (>30hrs),Clerical,"50,001+",2020-12-04T00:00:00.000Z,Owner-Occupied,13.0,AB,2.0,21/12/2020,Phoenix,Urban,1950 - 1966,,2.0,0.0,110.0,7.0,3.0,9.0,2.4,Cavity_Insulated,Suspended,Pitched,Double,Yes,Gas,Gas Boiler - Combi,Fire - Gas,,,0.0,1.0,1.0,No,No,,,,,,,,,,Yes with additional measures,No,Yes with additional measures,Yes with additional measures,,,,,,,,,,,,,,,,,,,,,,,,,,,,,,,,,,,,,,,,,,,,,,,,,House_Semi-Detached_2.0
E.ON,EOH1557,NE38,73.0,Working Part time,Manager,"40,001 - 50,000",2021-07-01T00:00:00.000Z,Owner-Occupied,0.9,C1,2.0,19/07/2021,Energist,Suburban,1983 - 1990,D,2.0,2.0,118.0,6.0,3.0,12.0,2.4,Cavity_Insulated,Solid,Pitched,Double,Yes,Gas,Gas Boiler - Combi,,,,0.0,0.0,0.0,No,No,,,6.66,62.22,16874.0,3146.0,0.0,45.0,3.91,Yes,No,Yes,Yes,ASHP,None Required,13977.64,,859.0,12.9,4.0,Yes,13/09/2021,Energist,HT_ASHP,,Vaillant,VWL 55/6 A 230V S2,5.0,R290,,Water_new,200.0,,1.0,12.0,0.0,0.0,,,No,0.0,0.0,0.0,No,No,0.0,0.0,,no,5789.0,1752.34,,3240.82,0.0,0.0,0.0,0.0,0.0,0.0,4.0,,House_Detached_2.0
Warmworks,EOH0505,FK3,49.0,Working Full time (>30hrs),Professional,"50,001+",2021-03-25T00:00:00.000Z,Owner-Occupied,9.0,C1,5.0,26/05/2021,Warmworks,Suburban,1945-1964,C,4.0,0.0,97.74,5.0,3.0,5.0,2.55,Cavity_Insulated,Suspended,Pitched,Double,Yes,Gas,Gas Boiler - Combi,,,,0.0,0.0,1.0,No,No,,,7.0,63.0,11406.0,4075.0,0.0,50.0,3.65,Yes,No,Yes,Yes,HT_ASHP,,,,873.0,14.0,,Yes,16/09/2021,TK Murray,HT_ASHP,,Vaillant,VWL 75/6 A 230V S2,7.0,R290,0.0,Water_New,200.0,,1.0,,8.0,0.0,,Low Noise Heat Pump,No,0.0,0.0,0.0,Yes,No,0.0,0.0,,No,11215.18,3572.21,1610.23,2164.61,,,,,,,2.0,0.0,House_Semi-Detached_2.0
Warmworks,EOH1062,EH30,36.0,Working Part time,Professional,"50,001+",2020-07-03T00:00:00.000Z,Owner-Occupied,1.5,C2,4.0,28/07/2020,Warmworks,Suburban,1991-2000,C,2.0,1.0,104.24,5.0,4.0,5.0,2.6,Cavity_Insulated,Suspended,Pitched,Double,Yes,Gas,Gas Boiler - Standard,,Water,Large (> 170l),0.0,0.0,0.0,No,No,,,6.1,61.0,17214.0,5094.0,2911.0,45.0,4.14,Yes,Yes,Yes,Yes,Hybrid,,,,672.0,14.0,3.0,Yes,04/08/2021,BRB Electrical Ltd,ASHP,,Mitsubishi,PUZ-WM85VAA,8.5,R32,0.0,Water_New,150.0,,1.0,14.0,,0.0,,Low Noise Heat Pump,No,0.0,0.0,0.0,Yes,No,0.0,0.0,,No,8575.73,3508.272,1610.23,3788.06,,,,,,,2.0,0.0,House_Semi-Detached_2.0
E.ON,EOH1838,NE7,63.0,Working Full time (>30hrs),Professional,"25,001 - 30,000",2020-07-10T00:00:00.000Z,Owner-Occupied,19.0,C1,1.0,13/10/2020,Phoenix,Urban,1930 - 1949,,2.0,0.0,200.0,6.0,4.0,13.0,2.7,Cavity_Insulated,Suspended,Pitched,Double,Yes,Gas,Gas Boiler - Standard,Fire - Gas,Water,150,0.0,2.0,1.0,No,No,2760.0,27600.0,15.91,79.55,31869.0,4254.0,0.0,,,Yes with additional measures,No,Yes with additional measures,Yes,Hybrid,None Required,12561.0,0.0,1473.0,14.3,3.8,No,,,,,,,,,,,,,,,,,,,,,,,,,,,,,,,,,,,,,,,,,House_Detached_2.0
Warmworks,EOH0754,EH46,57.0,Working Full time (>30hrs),Skilled Manual Worker,Prefer not to say,2021-05-27T00:00:00.000Z,Rented (Social),6.0,C2,1.0,07/07/2021,Warmworks,Suburban,1991-2000,D,2.0,0.0,91.2,5.0,3.0,4.0,2.4,Cavity_Insulated,Solid,Pitched,Double,,Electricity,Electric - Storage,Electric - Direct,Water,Large (> 170l),0.0,0.0,0.0,No,No,,,7.0,65.0,9975.0,4075.0,0.0,50.0,3.65,Yes,No,Yes,No,ASHP,,,,814.0,14.0,,Yes,29/07/2021,TK Murray,HT_ASHP,,Vaillant,VWL 75/6 A 230V S2,7.0,R290,0.0,Water_New,200.0,,1.0,,10.0,0.0,,Low Noise Heat Pump,No,0.0,0.0,0.0,,No,0.0,0.0,,No,11215.17,3572.208,1610.23,2705.76,,,,,,,2.0,0.0,House_End-Terrace_2.0
Warmworks,EOH0021,EH16,31.0,Working Full time (>30hrs),Professional,"50,001+",2020-07-17T00:00:00.000Z,Owner-Occupied,,AB,3.0,01/10/2020,Warmworks,Suburban,1991-2000,C,2.0,0.0,119.98,6.0,4.0,6.0,,Cavity_Insulated,Suspended,Pitched,Double,Yes,Gas,Gas Boiler - Standard,,Water,Large (> 170l),0.0,0.0,1.0,Yes - Borehole,Yes,,,7.0,65.8,15419.0,4495.0,156.0,50.0,3.81,Yes,Yes,Yes,Yes,GSHP,,,,1144.0,16.36,,Yes,16/08/2021,mcinnesplumbing,ASHP,,Mitsubishi,PUZ-WM85VAA-BS,8.5,R32,0.0,Water_New,200.0,,1.0,8.0,,0.0,,Low Noise Heat Pump,No,0.0,0.0,0.0,No,No,0.0,0.0,,No,8575.74,3454.91,1610.23,2164.61,,,,,,,2.0,0.0,House_Detached_2.0
E.ON,EOH0134,NE6,40.0,Working Full time (>30hrs),Skilled Manual Worker,"20,001 - 25,000",2021-01-14T00:00:00.000Z,Owner-Occupied,1.0,C2,3.0,02/02/2021,Phoenix,Urban,1950 - 1966,C,3.0,0.0,120.0,5.0,4.0,10.0,2.6,Cavity_Insulated,Suspended,Pitched,Double,Yes,Gas,Gas Boiler - Combi,,,,0.0,0.0,1.0,No,No,,,7.55,62.93,18161.3,4122.0,607.0,,,Yes with additional measures,No,No,Yes,None - Installation not recommended,Loft Insulation,16795.76,500.0,1119.0,14.3,3.8,,,,,,,,,,,,,,,,,,,,,,,,,,,,,,,,,,,,,,,,,,House_Mid-Terrace_2.0
E.ON,EOH1304,NE3,67.0,Retired,Pensioner,Prefer not to say,2021-01-20T00:00:00.000Z,Owner-Occupied,25.0,DE,1.0,04/02/2021,Phoenix,Urban,1967 - 1975,D,2.0,0.0,100.0,6.0,4.0,8.0,2.3,Cavity_Insulated,Solid,Pitched,Double,Yes,Gas,Gas Boiler - Standard,Fire - Gas,Water,100,0.0,1.0,0.0,No,No,,,6.512,65.12,15739.9,4475.0,655.0,50.0,3.35,Yes,No,Yes,Yes,ASHP,Loft insulation,12233.74,500.0,992.0,14.3,3.8,Yes,16/06/2021,Aaron services,ASHP,,Daikin,EDLQ07CAV3,7.0,R410A,,Water_new,200.0,,1.0,11.0,0.0,0.0,none,none,No,0.0,0.0,0.0,No,Yes,0.0,0.0,,no,5648.01,1752.0,,3055.83,0.0,500.0,0.0,0.0,0.0,0.0,3.0,0.5,House_Detached_2.0
E.ON,EOH2969,NE3,,Prefer not to say,Prefer not to say,Prefer not to say,2020-09-24T00:00:00.000Z,Rented (Social),0.9,DE,1.0,11/01/2021,E.ON,Suburban,1967 - 1975,,1.0,0.0,37.6,2.0,1.0,5.0,2.3,Solid_Insulated,Solid,Pitched,Double,No,Electricity,Electric - Storage,,Water,80,0.0,0.0,0.0,Yes - Borehole,Yes,,,2.463,65.5,6056.0,1910.0,191.0,,,No,Yes,No,No,GSHP,None Required,,14707.5,351.09,14.3,,Yes,22/10/2021,Groundheat,GSHP,Shared_Groundloop,Vaillant,20260514,3.0,R410A,900.0,Water_new,100.0,,1.0,6.0,0.0,0.0,none,none,No,0.0,0.0,0.0,No,No,0.0,0.0,,no,11605.06,1702.0,,2130.0,0.0,0.0,0.0,0.0,0.0,0.0,84.0,0.0,Flat_Flat_1.0
E.ON,EOH0303,NE15,59.0,Working Part time,Skilled Manual Worker,"20,001 - 25,000",2021-03-16T00:00:00.000Z,Owner-Occupied,7.0,C2,1.0,16/03/2021,Phoenix,Urban,1983 - 1990,C,1.0,0.0,54.0,3.0,2.0,7.0,2.3,Cavity_Insulated,Suspended,Pitched,Double,Yes,Gas,Gas Boiler - Combi,,,,0.0,0.0,0.0,No,No,1100.0,6000.0,3.57,66.04,8645.9,2636.0,0.0,50.0,3.02,No,No,No,Yes with additional measures,Hybrid,Loft Insulation,9690.87,500.0,522.0,14.3,3.8,Yes,23/06/2021,Phoenix,Hybrid,Separate_New Boiler,Daikin,EHY2KOMB28AA,4.0,R32,,,,,1.0,8.0,0.0,0.0,none,barrier,No,0.0,0.0,0.0,No,Yes,0.0,0.0,,no,5739.82,,,2501.0,0.0,500.0,0.0,0.0,0.0,0.0,2.0,0.5,House_Semi-Detached_1.0
E.ON,EOH0712,NE6,68.0,Working Full time (>30hrs),Professional,"50,001+",2020-10-27T00:00:00.000Z,Owner-Occupied,23.0,AB,1.0,06/11/2020,E.ON,Suburban,1930 - 1949,E,3.0,0.0,95.0,5.0,4.0,10.0,2.4,Cavity_No_insulation,Suspended,Pitched,Double,Yes,Gas,Gas Boiler - Standard,,Water,126,0.0,0.0,1.0,Yes - Ground Loop,Yes,6316.0,21187.0,9.618,82.37,19279.0,4062.0,598.0,,,Yes,No,Yes,Yes,ASHP,None Required,16556.52,0.0,1196.0,14.3,3.8,No,,,,,,,,,,,,,,,,,,,,,,,,,,,,,,,,,,,,,,,,,House_Semi-Detached_2.0
E.ON,EOH2732,NE6,48.0,Working Full time (>30hrs),Professional,"50,001+",2020-10-28T00:00:00.000Z,Owner-Occupied,9.0,AB,4.0,05/11/2020,Phoenix,Urban,1930 - 1949,E,2.0,1.0,93.0,5.0,3.0,9.0,2.5,Cavity_Insulated,Suspended,Pitched,Double,Yes,Gas,Gas Boiler - Combi,Fire - Gas,,,0.0,1.0,0.0,No,No,,,,,,,,,,No,No,No,No,None - Installation not recommended,,,,,,,,,,,,,,,,,,,,,,,,,,,,,,,,,,,,,,,,,,,,,,,,House_Semi-Detached_2.0
OVO,EOH0893,DA1,50.0,Working Full time (>30hrs),Professional,"40,001 - 50,000",2020-07-02T00:00:00.000Z,Owner-Occupied,18.0,C1,3.0,10/12/2020,Retrofitworks,Suburban,Pre 1919,,1.0,1.0,45.0,3.0,1.0,3.0,2.55,Solid_No_insulation,Solid,Flat,Double,Yes,Gas,Gas Boiler - Combi,,,,0.0,0.0,1.0,No,No,,,4.23,119.03,8455.41,3650.0,841.01,,,No,No,No,No,None - Installation not recommended,,,,,,,,,,,,,,,,,,,,,,,,,,,,,,,,,,,,,,,,,,,,,,,,Flat_Flat_1.0
Warmworks,EOH1527,EH15,46.0,Working Full time (>30hrs),Skilled Manual Worker,"50,001+",2020-08-23T00:00:00.000Z,Owner-Occupied,8.0,C1,4.0,29/09/2020,Warmworks,Urban,1965-1980,D,2.0,2.0,92.24,4.0,2.0,4.0,2.35,Cavity_Insulated,Suspended,Pitched,Double,Yes,Gas,Gas Boiler - Combi,Fire - Wood,,,0.0,0.0,1.0,Yes - Borehole,Yes,,,,,,,,,,Yes,Yes,Yes,Yes,None - Installation not recommended,,,,,,,,,,,,,,,,,,,,,,,,,,,,,,,,,,,,,,,,,,,,,,,,House_End-Terrace_2.0
OVO,EOH1667,PO3,52.0,Working Full time (>30hrs),Manager,"50,001+",2020-07-01T00:00:00.000Z,Owner-Occupied,20.0,AB,3.0,11/02/2021,Retrofitworks,Suburban,1919-1944,,2.0,0.0,127.0,8.0,3.0,8.0,2.55,Cavity_No_insulation,Suspended,Pitched,Double,Yes,Gas,Gas Boiler - Combi,,,,0.0,0.0,1.0,No,No,,,,,,,,,,,,,,None - Installation not recommended,,,,,,,,,,,,,,,,,,,,,,,,,,,,,,,,,,,,,,,,,,,,,,,,House_Semi-Detached_3.0
E.ON,EOH0901,NE3,62.0,Working Full time (>30hrs),Professional,"40,001 - 50,000",2021-01-08T00:00:00.000Z,Owner-Occupied,16.0,AB,5.0,26/01/2021,Phoenix,Urban,1983 - 1990,,2.0,0.0,151.0,7.0,4.0,12.0,2.4,Cavity_Insulated,Solid,Pitched,Double,Yes,Gas,Gas Boiler - Combi,Fire - Gas,,,0.0,1.0,1.0,No,No,,,13.01,86.73,9396.0,3496.0,0.0,45.0,3.91,Yes,No,Yes,Yes,HT_ASHP,,12662.98,0.0,740.0,12.9,4.0,Yes,20/09/2021,Energist,HT_ASHP,,Vaillant,VWL 75/6 A 230V S2,7.0,R290,,Water_new,200.0,,1.0,7.0,0.0,0.0,,,No,0.0,0.0,0.0,No,No,0.0,0.0,,no,5789.0,1752.34,,1945.89,0.0,0.0,0.0,0.0,0.0,0.0,3.0,,House_Detached_2.0
E.ON,EOH0894,NE3,45.0,Working Full time (>30hrs),Professional,"50,001+",2020-12-11T00:00:00.000Z,Owner-Occupied,3.0,AB,3.0,12/01/2021,Phoenix,Urban,1930 - 1949,,2.0,0.0,160.0,8.0,4.0,11.0,2.4,Cavity_Insulated,Suspended,Pitched,Double,Yes,Gas,Gas Boiler - Combi,Fire - Wood,,,1.0,0.0,1.0,No,No,,,9.629,60.18,19298.8,4994.0,0.0,55.0,3.46,No,No,Yes with additional measures,No,HT_ASHP,Cavity insulation,18347.44,700.0,1044.0,14.3,3.8,Yes,13/09/2021,Phoenix,HT_ASHP,,Daikin,EPRA14DAV3,14.0,R32,,PCM_New,,9.0,1.0,13.0,0.0,0.0,,,No,0.0,0.0,0.0,Yes,No,0.0,0.0,Cavity,no,9047.38,3500.65,,4164.23,,0.0,750.0,0.0,0.0,0.0,3.0,,House_Semi-Detached_2.0
OVO,EOH1325,RG30,35.0,Working Full time (>30hrs),Professional,"50,001+",2020-07-21T00:00:00.000Z,Owner-Occupied,4.0,C1,3.0,16/12/2020,,Suburban,1919-1944,,2.0,0.0,105.0,6.0,3.0,,,,,Pitched,Double,Yes,Gas,Gas Boiler - Standard,,Water,,,0.0,0.0,Yes - Borehole,Yes,,,,,,,,,,,,,,None - Installation not recommended,,,,,,,,,,,,,,,,,,,,,,,,,,,,,,,,,,,,,,,,,,,,,,,,House_Semi-Detached_2.0
E.ON,EOH1669,NE27,48.0,Working Full time (>30hrs),Skilled Manual Worker,"25,001 - 30,000",2021-02-03T00:00:00.000Z,Owner-Occupied,16.0,C2,1.0,14/05/2021,Energist,Suburban,2007 - 2011,C,2.0,3.0,118.0,8.0,5.0,15.0,2.4,Cavity_Insulated,Solid,Pitched,Double,Yes,Gas,Gas Boiler - Combi,,,,0.0,0.0,0.0,No,No,,,6.617,76.06,16943.0,4720.0,0.0,45.0,3.91,Yes,No,Yes,Yes,ASHP,None Required,9875.86,,938.0,12.5,3.4,Yes,14/07/2021,Energist,HT_ASHP,,Vaillant,VWL 75/6 A 230V S2,7.0,R290,,Water_new,200.0,,1.0,14.0,0.0,0.0,none,none,No,0.0,0.0,0.0,No,No,0.0,0.0,,no,5889.0,1752.0,,3900.0,0.0,0.0,0.0,0.0,0.0,0.0,5.0,0.0,House_Detached_2.0
E.ON,EOH2817,NE6,30.0,Working Full time (>30hrs),Professional,"30,001 - 40,000",2021-01-11T00:00:00.000Z,Owner-Occupied,2.0,C1,1.0,27/01/2021,Phoenix,Urban,1900 - 1929,,2.0,0.0,84.0,6.0,4.0,8.0,2.8,Solid_No_insulation,Suspended,Pitched,Double,Yes,Gas,Gas Boiler - Combi,,,,0.0,0.0,1.0,No,No,,,,,,,,,,No,No,No,No,None - Installation not recommended,,,,,,,,,,,,,,,,,,,,,,,,,,,,,,,,,,,,,,,,,,,,,,,,House_Mid-Terrace_3.0
E.ON,EOH3158,NE3,57.0,Working Full time (>30hrs),Manager,"40,001 - 50,000",2020-11-12T00:00:00.000Z,Owner-Occupied,15.0,AB,3.0,02/12/2020,Phoenix,Urban,1983 - 1990,,2.0,1.0,153.0,8.0,5.0,9.0,2.4,Cavity_Insulated,Suspended,Pitched,Double,Yes,Gas,Gas Boiler - Standard,Fire - Gas,Water,110,0.0,1.0,1.0,No,No,3159.0,33524.0,9.396,76.44,18816.8,6183.0,911.0,49.0,3.15,Yes with additional measures,No,Yes,No,ASHP,Loft Insulation,15633.11,300.0,1322.0,14.3,3.8,Yes,12/05/2021,Aaron Services,ASHP,,Daikin,EDLQ014CAV3,14.0,R410A,,Water_new,300.0,,1.0,14.0,0.0,0.0,none,none,No,0.0,0.0,0.0,No,Yes,0.0,0.0,,no,9047.0,1752.0,,4349.22,0.0,500.0,0.0,0.0,0.0,0.0,3.0,0.5,House_Detached_2.0
E.ON,EOH0335,NE6,48.0,Working Full time (>30hrs),Professional,"25,001 - 30,000",2021-06-30T00:00:00.000Z,Owner-Occupied,12.0,C1,3.0,23/07/2021,Energist,Urban,1950 - 1966,E,2.0,0.0,73.0,5.0,3.0,7.0,2.4,Cavity_Insulated,Solid,Pitched,Double,Yes,Gas,Gas Boiler - Standard,,Water,150,0.0,0.0,1.0,No,No,,,5.03,60.5,14614.0,3566.0,0.0,45.0,3.77,Yes,No,Yes,Yes,ASHP,None Required,13147.7,,783.0,12.5,3.5,Yes,30/07/2021,Energist,HT_ASHP,,Vaillant,VWL 55/6 A 230V S2,5.0,R290,,Water_new,200.0,,1.0,5.0,0.0,0.0,none,none,No,0.0,0.0,0.0,No,No,0.0,0.0,,no,5335.0,1752.34,,1945.0,0.0,0.0,0.0,0.0,0.0,0.0,2.0,0.0,House_Semi-Detached_1.0
OVO,EOH0234,BN8,57.0,Working Part time,Clerical,"20,001 - 25,000",2021-04-09T00:00:00.000Z,Owner-Occupied,,C1,4.0,26/04/2021,Retrofitworks,Urban,1945-1964,,2.0,0.0,82.2,5.0,2.0,4.0,2.3,Cavity_Insulated,Solid,Pitched,Double,No,Electricity,Electric - Warm air,Fire - Coal,Water,100,0.0,0.0,0.0,No,No,,,4.15,52.62,11946.0,3872.0,108.0,50.0,3.82,Yes,No,Yes,No,ASHP,,11837.03,0.0,694.0,16.0,,Yes,11/05/2021,A Greener Alternative,ASHP,,Mitsubishi,PUZ-WM60VAA,6.0,R32,,Water_New,210.0,,1.0,0.0,0.0,0.0,,Low Noise Heat Pump,No,0.0,0.0,0.0,No,No,0.0,0.0,,No,4428.6,2613.43,4652.0,0.0,0.0,0.0,0.0,0.0,0.0,0.0,3.0,0.0,House_Mid-Terrace_2.0
E.ON,EOH0966,NE3,39.0,Working Full time (>30hrs),Professional,"50,001+",2021-01-27T00:00:00.000Z,Owner-Occupied,9.0,AB,3.0,17/02/2021,Phoenix,Urban,1950 - 1966,D,2.0,1.0,95.0,5.0,3.0,7.0,2.4,Cavity_Insulated,Suspended,Pitched,Double,Yes,Gas,Gas Boiler - Combi,Fire - Electric,,,1.0,0.0,0.0,No,No,,,,,,,,,,No,No,Yes,,None - Installation not recommended,,,,,,,,,,,,,,,,,,,,,,,,,,,,,,,,,,,,,,,,,,,,,,,,House_Semi-Detached_2.0
OVO,EOH2743,PO20,66.0,Working Part time,Skilled Manual Worker,Prefer not to say,2020-10-05T00:00:00.000Z,Owner-Occupied,5.0,C2,4.0,02/03/2021,Retrofitworks,Rural,2001+,,4.0,0.0,185.56,7.0,4.0,7.0,2.5,Cavity_Insulated,Solid,Pitched,Double,No,Oil,Oil Boiler,,Water,200,0.0,0.0,0.0,Yes - Borehole,Yes,,,,,,,,,,,,,,None - Installation not recommended,,,,,,,,,,,,,,,,,,,,,,,,,,,,,,,,,,,,,,,,,,,,,,,,House_Detached_1.0
E.ON,EOH1435,NE13,54.0,Working Full time (>30hrs),Manager,"50,001+",2020-12-23T00:00:00.000Z,Owner-Occupied,12.0,AB,3.0,22/01/2021,Phoenix,Urban,2007 - 2011,B,2.0,0.0,210.0,8.0,4.0,11.0,2.4,Cavity_Insulated,Solid,Pitched,Double,Yes,Gas,Gas Boiler - Standard,Fire - Gas,Water,250,0.0,1.0,1.0,No,No,,,6.33368,41.17,15322.2,5594.0,818.0,,,Yes,No,Yes,Yes,ASHP,None Required,14081.33,0.0,1037.0,14.3,3.8,No,,,,,,,,,,,,,,,,,,,,,,,,,,,,,,,,,,,,,,,,,House_Detached_2.0
E.ON,EOH2332,NE20,49.0,Working Full time (>30hrs),Skilled Manual Worker,"50,001+",2021-06-30T00:00:00.000Z,Owner-Occupied,2.0,C2,5.0,30/06/2021,Energist,Urban,1967 - 1975,,2.0,2.0,124.0,7.0,4.0,12.0,2.4,Cavity_Insulated,Suspended,Pitched,Double,Yes,Gas,Gas Boiler - Combi,,,,0.0,0.0,1.0,No,No,,,3.632,31.31,9909.0,3416.0,0.0,,,Yes,No,Yes,Yes,ASHP,None Required,13517.09,0.0,582.0,12.59,2.58,No,,,,,,,,,,,,,,,,,,,,,,,,,,,,,,,,,,,,,,,,,House_Detached_2.0
OVO,EOH0756,TN92,53.0,Working Full time (>30hrs),Professional,Prefer not to say,2021-02-08T00:00:00.000Z,Owner-Occupied,12.0,C2,4.0,01/03/2021,Retrofitworks,Suburban,1919-1944,,2.0,0.0,113.0,6.0,3.0,6.0,2.4,Cavity_Insulated,Suspended,Pitched,Double,Yes,Gas,Gas Boiler - Standard,,Water,150,0.0,0.0,0.0,No,No,,,4.95,51.56,10927.0,3821.0,136.0,45.0,3.93,Yes,No,Yes,Yes,ASHP,,11749.0,0.0,629.11,15.0,,Yes,15/03/2021,Ecolution Group,ASHP,,Mitsubishi,PUZ-WM50VAA,5.0,R32,,Water_New,210.0,,1.0,0.0,0.0,0.0,,Low Noise Heat Pump,No,0.0,0.0,0.0,No,No,0.0,0.0,,No,6182.36,2061.93,3276.0,0.0,0.0,0.0,0.0,0.0,0.0,0.0,5.0,0.0,House_Semi-Detached_2.0
OVO,EOH2836,PO7,41.0,Working Full time (>30hrs),Manager,"50,001+",2020-07-02T00:00:00.000Z,Owner-Occupied,5.0,C1,1.0,20/01/2021,Retrofitworks,Suburban,2001+,,1.0,0.0,157.36,6.0,4.0,10.0,2.4,Cavity_Insulated,Solid,Pitched,Double,Yes,Gas,Gas Boiler - Standard,,Water,130,0.0,0.0,1.0,No,No,,,,,,,,,,No,No,No,No,None - Installation not recommended,,,,,,,,,,,,,,,,,,,,,,,,,,,,,,,,,,,,,,,,,,,,,,,,House_Detached_2.0
Warmworks,EOH1774,EH5,62.0,Stay at home parent,Unemployed/Benefits,"50,001+",2020-09-14T00:00:00.000Z,Owner-Occupied,10.0,DE,3.0,02/10/2020,Warmworks,Urban,1981-1990,C,2.0,2.0,167.99,8.0,5.0,8.0,,Cavity_Insulated,Suspended,Pitched,Double,Yes,Gas,Gas Boiler - Standard,Fire - Gas,Water,Normal (90-130l),0.0,0.0,1.0,No,No,,,,,,,,,,Yes,No,Yes,No,ASHP,,,,,,,No,,,,,,,,,,,,,,,,,,,,,,,,,,,,,,,,,,,,,,,,,House_Detached_2.0
Warmworks,EOH1955,EH5,30.0,Working Part time,Professional,"50,001+",2020-06-29T00:00:00.000Z,Owner-Occupied,1.0,C1,4.0,22/07/2020,Everwarm,Suburban,2001+,C,2.0,1.0,153.84,5.0,3.0,5.0,2.37,Cavity_Insulated,Suspended,Flat,Double,Yes,Gas,Gas Boiler - Combi,,,,0.0,0.0,1.0,No,No,3286.0,15559.0,11.0,79.0,29756.0,3281.0,0.0,,,Yes,No,Yes,No,None - Installation not recommended,,,,1164.28,13.48,2.78,No,,,,,,,,,,,,,,,,,,,,,,,,,,,,,,,,,,,,,,,,,House_Mid-Terrace_3.0
E.ON,EOH1377,NE5,52.0,Working Full time (>30hrs),Professional,"50,001+",2020-09-14T00:00:00.000Z,Owner-Occupied,23.0,AB,1.0,30/09/2020,Phoenix,Suburban,1950 - 1966,,2.0,0.0,50.0,3.0,2.0,6.0,2.4,Cavity_No_insulation,Suspended,Pitched,Double,Yes,Gas,Gas - Warm Air,Fire - Electric,,,0.0,0.0,0.0,No,No,4321.0,11200.0,3.941,78.79,9553.8,3136.0,461.0,46.0,3.61,Yes,No,No,No,ASHP,,12249.78,,532.0,14.3,3.8,Yes,30/10/2020,Aaron Services,ASHP,,Daikin,EDLQ07CAV3,7.0,R410A,,Water_new,150.0,,1.0,6.0,5.0,1.0,none,none,No,0.0,0.0,0.0,No,No,0.0,0.0,,no,5648.01,1701.71,,3256.87,0.0,0.0,0.0,0.0,0.0,0.0,2.0,,House_End-Terrace_1.0
E.ON,EOH1982,NE15,40.0,Working Full time (>30hrs),Manager,"50,001+",2020-07-17T00:00:00.000Z,Owner-Occupied,5.0,AB,4.0,19/08/2020,Phoenix,Suburban,1900 - 1929,,2.0,3.0,105.0,6.0,4.0,11.0,2.4,Cavity_Insulated,Mix,Pitched,Double,Yes,Gas,Gas Boiler - Combi,,,,0.0,0.0,1.0,No,No,9393.0,16840.0,,,,,,,,Yes,No,Yes,Yes,ASHP,,,,,,,No,,,,,,,,,,,,,,,,,,,,,,,,,,,,,,,,,,,,,,,,,House_Semi-Detached_2.0
OVO,EOH2856,RG76,31.0,Working Full time (>30hrs),Professional,"50,001+",2020-07-29T00:00:00.000Z,Owner-Occupied,,AB,4.0,17/02/2021,Retrofitworks,Suburban,2001+,,2.0,2.0,107.0,7.0,3.0,8.0,2.4,Cavity_Insulated,Solid,Pitched,Double,No,Oil,Oil Boiler,,,,0.0,0.0,0.0,No,No,,,,,,,,,,,,,,None - Installation not recommended,,,,,,,,,,,,,,,,,,,,,,,,,,,,,,,,,,,,,,,,,,,,,,,,House_Semi-Detached_2.0
OVO,EOH1865,OX14,52.0,Working Part time,Professional,"0 - 12,500",2020-12-15T00:00:00.000Z,Owner-Occupied,19.0,C1,3.0,04/01/2021,Retrofitworks,Suburban,1981-1990,,1.0,0.0,48.88,2.0,2.0,2.0,2.4,Cavity_No_insulation,Solid,Pitched,Double,Yes,Gas,Gas Boiler - Standard,,Water,130,0.0,0.0,0.0,No,No,,,,,,,,,,,,,,None - Installation not recommended,,,,,,,,,,,,,,,,,,,,,,,,,,,,,,,,,,,,,,,,,,,,,,,,House_Semi-Detached_2.0
Warmworks,EOH3041,EH8,42.0,Working Full time (>30hrs),Manager,Prefer not to say,2021-06-07T00:00:00.000Z,Owner-Occupied,9.0,C1,3.0,20/07/2021,Warmworks,Urban,1945-1964,D,2.0,1.0,85.72,4.0,3.0,4.0,2.6,Cavity_Insulated,Suspended,Pitched,Double,Yes,Gas,Gas Boiler - Combi,,,,1.0,0.0,1.0,No,No,,,,,,,,,,Yes,No,Yes,Yes,None - Installation not recommended,,,,,,,,,,,,,,,,,,,,,,,,,,,,,,,,,,,,,,,,,,,,,,,,House_Mid-Terrace_2.0
E.ON,EOH0162,NE40,,Working Full time (>30hrs),Skilled Manual Worker,"50,001+",2021-08-09T00:00:00.000Z,Owner-Occupied,2.0,C2,5.0,10/08/2021,Energist,Suburban,1900 - 1929,D,2.0,0.0,99.0,5.0,3.0,9.0,2.4,Solid_No_insulation,Suspended,Pitched,Double,Yes,Gas,Gas Boiler - Combi,Fire - Gas,,,0.0,1.0,1.0,No,No,,,6.32,73.51,18004.0,2797.0,0.0,50.0,3.65,Yes,No,Yes,Yes,ASHP,None Required,13217.95,,822.0,12.9,4.0,Yes,23/08/2021,Energist,HT_ASHP,,Vaillant,VWL 75/6 A 230V S2,7.0,R290,,Water_new,200.0,,1.0,8.0,0.0,0.0,,,No,0.0,0.0,0.0,No,No,0.0,0.0,,no,5789.0,1752.34,,2500.83,0.0,0.0,0.0,0.0,0.0,0.0,4.0,,House_Mid-Terrace_2.0
Warmworks,EOH3115,EH53,74.0,Retired,Pensioner,Prefer not to say,2020-10-26T00:00:00.000Z,Owner-Occupied,40.0,DE,2.0,08/12/2020,Warmworks,Suburban,1965-1980,C,2.0,0.0,85.4,4.0,3.0,4.0,2.38,Cavity_No_insulation,Suspended,Pitched,Double,Yes,Gas,Gas Boiler - Combi,,,,4.0,0.0,1.0,No,No,2378.0,14444.0,7.0,66.5,5476.0,3821.0,0.0,50.0,3.65,Yes,No,Yes,Yes,HT_ASHP,,,,842.15,15.0,5.0,Yes,22/03/2021,Everwarm,HT_ASHP,,Vaillant,VWL 75/6 A 230V S2,7.0,R290,0.0,Water_New,200.0,,1.0,,9.0,0.0,,Low Noise Heat Pump,No,0.0,0.0,0.0,No,No,0.0,0.0,,No,11215.18,3572.21,1610.23,2435.18,,,,,,,2.0,0.0,House_Mid-Terrace_2.0
E.ON,EOH2640,NE27,48.0,Working Full time (>30hrs),Manager,"25,001 - 30,000",2021-03-04T00:00:00.000Z,Owner-Occupied,1.0,C1,2.0,04/03/2021,Phoenix,Urban,1950 - 1966,D,1.0,0.0,77.0,4.0,3.0,8.0,2.4,Cavity_Insulated,Suspended,Pitched,Double,Yes,Gas,Gas Boiler - Combi,,,,0.0,0.0,0.0,No,No,,,5.95,77.22,11914.7,3515.0,0.0,50.0,3.02,No,No,No,Yes,Hybrid,None Required,10048.24,,827.0,14.0,4.0,Yes,23/04/2021,Phoenix,Hybrid,Separate_New Boiler,Daikin,EHY2KOMB32AA,4.0,R32,,,,,1.0,8.0,0.0,0.0,none,none,No,0.0,0.0,0.0,No,No,0.0,0.0,,no,5912.2,,,2500.9,0.0,0.0,0.0,0.0,0.0,0.0,2.5,0.0,House_Semi-Detached_2.0
Warmworks,EOH0981,EH39,43.0,Working Full time (>30hrs),Professional,"50,001+",2020-06-29T00:00:00.000Z,Owner-Occupied,0.5,AB,4.0,15/07/2020,Warmworks,Suburban,1981-1990,C,2.0,2.0,233.64,9.0,5.0,9.0,2.4,Cavity_Insulated,Suspended,Pitched,Double,Yes,Gas,Gas Boiler - Combi,,,,9.0,1.0,0.0,No,No,4300.0,17000.0,,,,,,,,Yes,Yes,Yes,Yes,ASHP,,,,,,,Yes,,,,,,,,,,,,,,,,,,,,,,,,,,,,,,,,,,,,,,,,,House_Detached_2.0
E.ON,EOH1993,NE13,47.0,Working Full time (>30hrs),Professional,"50,001+",2021-07-29T00:00:00.000Z,Owner-Occupied,0.9,AB,5.0,11/08/2021,Energist,Suburban,2012 onwards,B,2.0,1.0,123.0,7.0,4.0,12.0,2.4,Cavity_Insulated,Suspended,Pitched,Double,Yes,Gas,Gas Boiler - Combi,,,,0.0,0.0,0.0,No,No,,,3.27,35.53,7629.0,3496.0,0.0,45.0,3.77,Yes,No,Yes,Yes,ASHP,None Required,13422.67,,533.0,12.5,3.8,Yes,30/08/2021,Energist,HT_ASHP,,Vaillant,VWL 55/6 A 230V S2,5.0,R290,,Water_new,200.0,,1.0,10.0,0.0,0.0,,,No,0.0,0.0,0.0,No,No,0.0,0.0,,no,5623.74,1752.34,,2870.84,0.0,0.0,0.0,0.0,0.0,0.0,4.0,,House_Detached_2.0
E.ON,EOH0879,NE6,33.0,Working Full time (>30hrs),Professional,"30,001 - 40,000",2020-07-13T00:00:00.000Z,Owner-Occupied,1.0,AB,3.0,05/08/2020,E.ON,Urban,Before 1900,,2.0,1.0,100.0,5.0,4.0,9.0,2.8,Solid_No_insulation,Suspended,Pitched,Double,Yes,Gas,Gas Boiler - Combi,,,,0.0,0.0,0.0,No,No,,,,,,,,,,No,No,No,No,None - Installation not recommended,,,,,,,,,,,,,,,,,,,,,,,,,,,,,,,,,,,,,,,,,,,,,,,,House_Mid-Terrace_3.0
OVO,EOH3138,BN43,56.0,Working Full time (>30hrs),Professional,"40,001 - 50,000",2020-07-02T00:00:00.000Z,Owner-Occupied,13.0,C2,3.0,02/11/2020,Retrofitworks,Suburban,2001+,,2.0,0.0,139.97,5.0,3.0,9.0,2.32,Cavity_Insulated,Solid,Pitched,Double,Yes,Gas,Gas Boiler - Standard,Fire - Wood,Water,130,0.0,0.0,1.0,No,No,,,7.51,61.79,24558.64,7665.0,3041.67,50.0,3.44,Yes with additional measures,No,Yes with additional measures,Yes with additional measures,ASHP,Heat Emitters,11188.0,751.0,1431.16,14.0,,Yes,09/02/2021,Northern Gas,ASHP,,Daikin,EDLQ07CV3,7.0,R410A,,Water_New,180.0,,1.0,0.0,3.0,0.0,,,No,0.0,0.0,0.0,No,No,0.0,0.0,,No,5564.44,2258.51,3540.75,438.8,0.0,0.0,0.0,0.0,0.0,0.0,7.0,3.0,House_Detached_2.0
Warmworks,EOH0818,TD1,63.0,Working Part time,Semi and unskilled manual worker,Prefer not to say,2021-03-23T00:00:00.000Z,Rented (Social),3.0,DE,1.0,28/04/2021,Warmworks,Suburban,1965-1980,D,1.0,0.0,50.57,2.0,1.0,2.0,2.36,Cavity_No_insulation,Solid,Another Dwelling Above,Double,,,Electric - Storage,Electric - Direct,Water,Medium (131-170l),0.0,0.0,0.0,No,No,,,5.0,34.0,4413.0,4075.0,156.0,50.0,3.58,Yes,No,Yes,No,ASHP,,,,610.0,14.0,,Yes,14/06/2021,TK Murray,ASHP,,Mitsubishi,PUHZ-W50VHA2,5.0,R410A,0.0,Water_New,150.0,,1.0,6.0,,0.0,,Low Noise Heat Pump,No,0.0,0.0,0.0,,No,0.0,0.0,,No,7655.16,3508.27,1610.23,1623.45,,,,,,,2.0,0.0,Maisonette_Semi-Detached_2.0
E.ON,EOH2963,NE13,52.0,Working Full time (>30hrs),Clerical,"30,001 - 40,000",2021-04-28T00:00:00.000Z,Owner-Occupied,40.0,C1,2.0,27/05/2021,Phoenix,Urban,1983 - 1990,,2.0,0.0,120.0,5.0,4.0,10.0,2.3,Cavity_No_insulation,Suspended,Pitched,Double,Yes,Gas,Gas Boiler - Standard,,Water,110,0.0,0.0,0.0,No,No,,,9.36,85.82,9710.0,4394.0,759.0,55.0,2.96,Yes,No,Yes,Yes,ASHP,Loft insulation,9930.83,500.0,1059.0,14.3,3.8,Yes,20/09/2021,Phoenix,Hybrid,Separate_New Boiler,Daikin,EJHA04AAV3,4.0,R32,,,,,1.0,11.0,0.0,0.0,,,No,0.0,0.0,0.0,No,Yes,0.0,0.0,,no,5739.82,,,3055.83,,500.0,0.0,0.0,0.0,0.0,3.0,,House_Detached_2.0
E.ON,EOH0443,NE3,,Prefer not to say,Prefer not to say,Prefer not to say,2020-09-24T00:00:00.000Z,Rented (Social),0.9,DE,1.0,11/01/2021,E.ON,Suburban,1967 - 1975,,1.0,0.0,37.6,2.0,1.0,5.0,2.3,Solid_Insulated,Solid,Pitched,Double,No,Electricity,Electric - Storage,,Water,80,0.0,0.0,0.0,Yes - Borehole,Yes,,,2.463,65.5,6056.0,1910.0,191.0,,,No,Yes,No,No,GSHP,None Required,,14707.5,351.09,14.3,,Yes,22/10/2021,Groundheat,GSHP,Shared_Groundloop,Vaillant,20260514,3.0,R410A,900.0,Water_new,100.0,,1.0,5.0,0.0,1.0,none,none,No,0.0,0.0,0.0,No,No,0.0,0.0,,no,11605.06,1702.0,,2701.78,0.0,0.0,0.0,0.0,0.0,0.0,84.0,0.0,Flat_Flat_1.0
OVO,EOH1207,BN44,,Retired,Pensioner,"50,001+",2021-02-19T00:00:00.000Z,Owner-Occupied,9.0,DE,4.0,14/04/2021,Retrofitworks,Suburban,Pre 1919,,2.0,2.0,140.7,7.0,4.0,7.0,2.4,Solid_Insulated,Suspended,Pitched,Double,Yes,Gas,Gas Boiler - Standard,,Water,130,0.0,0.0,0.0,No,No,,,8.31,172.0,21321.0,4495.0,718.0,50.0,3.81,Yes,No,Yes,Yes,ASHP,,15160.34,0.0,1233.0,15.0,,Yes,09/09/2021,Elite Renewables,ASHP,,Mitsubishi,PUZ-WM85VAA,8.5,R32,,Water_New,250.0,,1.0,0.0,0.0,0.0,,Low Noise Heat Pump,No,0.0,0.0,0.0,No,No,0.0,0.0,,No,6381.19,1547.98,6340.72,0.0,0.0,0.0,0.0,0.0,0.0,0.0,8.5,0.0,House_Semi-Detached_2.0
Warmworks,EOH0789,EH41,40.0,Working Full time (>30hrs),Professional,"50,001+",2021-03-24T00:00:00.000Z,Owner-Occupied,1.0,C1,4.0,21/04/2021,Warmworks,Suburban,1965-1980,C,2.0,0.0,82.17,4.0,2.0,4.0,2.42,Cavity_Insulated,Suspended,Pitched,Double,Yes,Gas,Gas Boiler - Combi,,,,0.0,0.0,0.0,No,No,,,5.7,76.1,17957.0,5905.0,0.0,45.0,4.14,Yes,No,Yes,No,ASHP,,,,786.0,18.0,5.0,Yes,19/05/2021,Everwarm,ASHP,,Mitsubishi,PUZ-WM85VAA,8.5,R32,0.0,Water_New,200.0,,1.0,7.0,,0.0,Enclosure,Low Noise Heat Pump,No,0.0,0.0,0.0,No,Yes,0.0,0.0,,No,8575.73,3572.21,1610.23,1894.03,,471.12,,,,,3.0,2.0,House_Mid-Terrace_2.0
Warmworks,EOH0354,EH6,45.0,Working Part time,Professional,"30,001 - 40,000",2020-08-05T00:00:00.000Z,Owner-Occupied,10.0,C1,2.0,07/09/2020,Warmworks,Urban,1919-1944,D,2.0,0.0,86.08,3.0,2.0,3.0,2.7,Cavity_Insulated,Suspended,Pitched,Double,Yes,Gas,Gas Boiler - Combi,,,,0.0,0.0,1.0,No,No,,,3.9,69.8,11807.0,2674.0,1110.0,55.0,3.06,No,No,Yes,Yes,HT_ASHP,,,,891.0,14.0,3.0,Yes,08/03/2021,BRB Electrical Ltd,HT_ASHP,,Vaillant,VWL 55/6 A 230V S2,5.0,R290,0.0,Water_New,150.0,,1.0,,7.0,0.0,,Low Noise Heat Pump,No,0.0,0.0,0.0,Yes,No,0.0,0.0,,No,11215.18,3508.27,1610.23,1894.03,,,,,,,2.0,0.0,House_End-Terrace_2.0
Warmworks,EOH3186,KY15,77.0,Retired,Pensioner,"25,001 - 30,000",2020-10-26T00:00:00.000Z,Owner-Occupied,1.0,C1,5.0,09/12/2020,Warmworks,Rural,1919-1944,D,2.0,0.0,173.48,6.0,,6.0,2.61,Cavity_Insulated,Suspended,Pitched,Double,Yes,Gas,Gas Boiler - Standard,,Water,Normal (90-130l),6.0,1.0,1.0,No,No,4233.0,,12.0,84.7,31569.0,3566.0,2038.0,45.0,3.77,Yes with additional measures,Yes,Yes,Yes,HT_ASHP,,,,1774.0,14.0,3.0,Yes,28/06/2021,BRB Electrical Ltd,ASHP,,Mitsubishi,PUZ-HWM140VHA,14.0,R32,0.0,Water_New,200.0,,1.0,16.0,,0.0,,Low Noise Heat Pump,No,0.0,0.0,0.0,Yes,No,0.0,0.0,,No,8575.73,3572.21,1610.23,4329.21,,,,,,,3.0,0.0,House_Detached_2.0
E.ON,EOH2341,NE2,49.0,Working Full time (>30hrs),Manager,"25,001 - 30,000",2021-01-08T00:00:00.000Z,Owner-Occupied,14.0,C1,3.0,25/01/2021,Phoenix,Urban,1930 - 1949,,2.0,3.0,110.0,6.0,3.0,8.0,2.3,Cavity_Insulated,Suspended,Pitched,Double,Yes,Gas,Gas Boiler - Combi,Fire - Wood,,,0.0,0.0,1.0,No,No,3000.0,13000.0,7.57929,72.18,15192.2,3311.0,0.0,,,No,No,No,Yes,Hybrid,Loft Insulation,10060.85,500.0,980.0,14.3,3.8,No,,,,,,,,,,,,,,,,,,,,,,,,,,,,,,,,,,,,,,,,,House_Semi-Detached_2.0
E.ON,EOH1608,NE6,,Prefer not to say,Prefer not to say,Prefer not to say,2020-09-09T00:00:00.000Z,Rented (Social),,DE,1.0,15/09/2020,E.ON,Urban,1900 - 1929,,2.0,2.0,64.0,4.0,3.0,8.0,2.5,Cavity_Insulated,Suspended,Pitched,Double,Yes,Gas,Gas Boiler - Combi,,,,0.0,0.0,1.0,No,No,,,4.97,77.66,9948.2,2547.0,0.0,,,No,No,No,Yes,Hybrid,None Required,9875.86,0.0,454.0,14.3,3.8,No,,,,,,,,,,,,,,,,,,,,,,,,,,,,,,,,,,,,,,,,,House_Mid-Terrace_2.0
OVO,EOH1280,GU48,70.0,Retired,Pensioner,"40,001 - 50,000",2020-07-31T00:00:00.000Z,Owner-Occupied,27.0,DE,3.0,26/10/2020,Retrofitworks,Suburban,1919-1944,,3.0,0.0,144.86,7.0,4.0,7.0,2.45,Cavity_Insulated,Solid,Pitched,Double,Yes,Gas,Gas Boiler - Standard,Electric - Direct,,,1.0,1.0,1.0,No,No,,,10.44,90.42,30510.1,4745.0,1882.94,,,No,No,No,No,None - Installation not recommended,,,,1512.56,14.0,,,,,,,,,,,,,,,,,,,,,,,,,,,,,,,,,,,,,,,,,,,House_Detached_2.0
E.ON,EOH0330,NE15,40.0,Working Full time (>30hrs),Supervisor,"40,001 - 50,000",2021-03-16T00:00:00.000Z,Owner-Occupied,3.0,C1,3.0,19/03/2021,Phoenix,Urban,1967 - 1975,D,2.0,2.0,119.0,5.0,3.0,8.0,2.4,Cavity_Insulated,Suspended,Pitched,Double,Yes,Gas,Gas Boiler - Combi,,,,0.0,0.0,1.0,No,No,,,7.091,91.63,25860.0,3820.0,0.0,,,No,No,No,Yes,Hybrid,Loft Insulation,10984.26,500.0,1115.0,14.3,3.8,No,,,,,,,,,,,,,,,,,,,,,,,,,,,,,,,,,,,,,,,,,House_Semi-Detached_2.0
E.ON,EOH1965,NE3,32.0,Working Full time (>30hrs),Professional,"40,001 - 50,000",2020-11-25T00:00:00.000Z,Owner-Occupied,0.9,AB,5.0,18/12/2020,Phoenix,Urban,1930 - 1949,D,2.0,0.0,142.0,8.0,5.0,10.0,2.6,Cavity_Insulated,Suspended,Pitched,Double,Yes,Gas,Gas Boiler - Combi,Fire - Gas,,,0.0,2.0,1.0,No,No,6247.0,18683.0,10.032,70.64,20108.5,6713.0,982.0,62.0,3.09,No,No,Yes,No,HT_ASHP,None Required,17805.4,,1433.0,14.3,3.8,Yes,20/09/2021,Phoenix,HT_ASHP,,Daikin,EPRA16DAV3,16.0,R32,,water_new,300.0,,1.0,10.0,0.0,0.0,,,No,0.0,0.0,0.0,No,No,0.0,0.0,,no,9687.81,1752.34,,3609.26,,0.0,0.0,0.0,0.0,0.0,3.0,,House_Semi-Detached_2.0
OVO,EOH1348,TW18,28.0,Working Full time (>30hrs),Clerical,"50,001+",2020-07-02T00:00:00.000Z,Owner-Occupied,1.0,C1,3.0,31/03/2021,Retrofitworks,Suburban,1919-1944,,2.0,0.0,82.0,4.0,2.0,4.0,2.4,Solid_No_insulation,Suspended,Pitched,Double,Yes,Gas,Gas Boiler - Combi,,,,0.0,0.0,0.0,No,No,,,,,,,,,,,,,,None - Installation not recommended,,,,,,,,,,,,,,,,,,,,,,,,,,,,,,,,,,,,,,,,,,,,,,,,House_End-Terrace_2.0
E.ON,EOH1699,NE5,71.0,Retired,Pensioner,"16,201 - 20,000",2021-01-27T00:00:00.000Z,Owner-Occupied,26.0,DE,1.0,11/02/2021,Phoenix,Urban,1930 - 1949,,2.0,0.0,83.0,5.0,3.0,7.0,2.4,Cavity_Insulated,Suspended,Pitched,Double,Yes,Gas,Gas Boiler - Combi,Fire - Gas,,,0.0,1.0,1.0,No,No,,,5.79565,73.76,11654.9,3566.0,0.0,,,No,No,No,Yes with additional measures,Hybrid,Loft Insulation,10245.07,500.0,614.0,14.3,3.8,Yes,07/04/2021,Phoenix,Hybrid,Separate_New Boiler,Daikin,EHY2KOMB28AA,4.0,R32,,,,,1.0,8.0,0.0,0.0,none,none,No,0.0,0.0,0.0,No,Yes,0.0,0.0,,no,5739.82,,,2870.07,0.0,500.0,0.0,0.0,0.0,0.0,4.0,0.0,House_Semi-Detached_2.0
OVO,EOH2759,KT24,,Working Full time (>30hrs),Manager,"50,001+",2020-08-06T00:00:00.000Z,Owner-Occupied,20.0,C1,2.0,12/10/2020,Retrofitworks,Rural,1919-1944,,3.0,0.0,170.39,7.0,4.0,7.0,2.6,Cavity_No_insulation,Solid,Pitched,Double,Yes,Gas,Gas Boiler - Standard,Fire - Wood,Water,100,0.0,0.0,1.0,Yes - Borehole,Yes,5198.1,26700.0,16.31,125.36,43315.53,6205.0,2359.32,,,No,No,Yes with additional measures,No,None - Installation not recommended,,,,2593.06,15.0,,,,,,,,,,,,,,,,,,,,,,,,,,,,,,,,,,,,,,,,,,,House_Detached_2.0
E.ON,EOH1172,NE3,29.0,Working Full time (>30hrs),Professional,"50,001+",2021-03-04T00:00:00.000Z,Owner-Occupied,15.0,AB,1.0,11/03/2021,Phoenix,Urban,1950 - 1966,C,4.0,0.0,77.0,5.0,3.0,6.0,2.4,Cavity_No_insulation,Solid,Pitched,Double,Yes,Gas,Gas Boiler - Combi,Fire - Electric,,,0.0,0.0,1.0,No,No,,,5.404,70.18,13092.9,3311.0,0.0,55.0,2.96,No,No,No,Yes,Hybrid,None Required,9875.86,,866.0,14.3,3.8,Yes,28/05/2021,Phoenix,Hybrid,Separate_New Boiler,Daikin,EHY2KOMB28AA,4.0,R32,,,,,1.0,8.0,0.0,0.0,none,none,No,0.0,0.0,0.0,No,No,0.0,0.0,,no,5739.82,,,2500.86,0.0,0.0,0.0,0.0,0.0,0.0,2.5,0.0,House_Semi-Detached_2.0
Warmworks,EOH3001,TD1,51.0,Working Part time,Professional,Prefer not to say,2021-04-05T00:00:00.000Z,Owner-Occupied,19.0,AB,1.0,28/05/2021,Warmworks,Suburban,2001+,D,2.0,1.0,100.0,7.0,4.0,7.0,2.6,Cavity_Insulated,Suspended,Pitched,Double,Yes,Gas,Gas Boiler - Combi,,,,0.0,0.0,1.0,No,No,,,8.5,67.0,11214.0,5434.0,156.0,50.0,3.81,Yes,No,Yes,Yes,HT_ASHP,,,,1026.0,14.0,,Yes,15/09/2021,TK Murray,ASHP,,Mitsubishi,PUZ-WM85VAA,8.5,R32,0.0,Water_New,200.0,,1.0,14.0,,0.0,,Low Noise Heat Pump,No,0.0,0.0,0.0,Yes,No,0.0,0.0,,No,8575.74,3572.21,1610.23,3788.06,,,,,,,2.0,0.0,House_Detached_2.0
Warmworks,EOH0248,EH39,57.0,Working Full time (>30hrs),Skilled Manual Worker,"40,001 - 50,000",2020-09-15T00:00:00.000Z,Owner-Occupied,16.0,C2,3.0,20/10/2020,Warmworks,Urban,1945-1964,D,3.0,0.0,91.98,5.0,3.0,5.0,,Cavity_Insulated,Suspended,Pitched,Double,Yes,Gas,Gas Boiler - Standard,Fire - Gas,Water,Normal (90-130l),0.0,1.0,1.0,No,No,,,4.7,60.0,14317.0,4075.0,2329.0,45.0,4.14,Yes,No,Yes,No,ASHP,,,,1064.0,14.0,3.0,Yes,31/05/2021,BRB Electrical Ltd,ASHP,,Mitsubishi,PUZ-WM85VAA,8.5,R32,0.0,Water_New,150.0,,1.0,10.0,,0.0,,Low Noise Heat Pump,No,0.0,0.0,0.0,Yes,Yes,0.0,0.0,,No,8575.73,3508.272,1610.23,2705.76,,499.19,,,,,2.0,1.0,House_Mid-Terrace_2.0
Warmworks,EOH1655,EH6,34.0,Working Full time (>30hrs),Professional,"50,001+",2020-07-18T00:00:00.000Z,Owner-Occupied,0.8,AB,3.0,19/08/2020,Warmworks,Urban,1919-1944,D,2.0,0.0,135.92,5.0,3.0,4.0,2.7,Cavity_Insulated,Suspended,Pitched,Double,Yes,Gas,Gas Boiler - Standard,Fire - Gas,Water,Normal (90-130l),0.0,1.0,1.0,No,No,1720.0,17163.0,,,,,,,,Yes,No,Yes,Yes,HT_ASHP,,,,,,,No,,,,,,,,,,,,,,,,,,,,,,,,,,,,,,,,,,,,,,,,,House_Detached_2.0
OVO,EOH2053,TN3,56.0,Working Full time (>30hrs),Manager,Prefer not to say,2020-12-10T00:00:00.000Z,Owner-Occupied,25.0,C1,3.0,17/04/2021,Retrofitworks,Suburban,1919-1944,,5.0,0.0,150.0,6.0,4.0,6.0,2.4,Cavity_Insulated,Suspended,Pitched,Double,Yes,Gas,Gas Boiler - Standard,,Water,170,4.0,0.0,0.0,Yes - Ground Loop,No,,,,,,,,,,,,,,None - Installation not recommended,,,,,,,,,,,,,,,,,,,,,,,,,,,,,,,,,,,,,,,,,,,,,,,,House_Detached_2.0
OVO,EOH2406,TN25,28.0,Working Full time (>30hrs),Professional,"40,001 - 50,000",2020-07-01T00:00:00.000Z,Owner-Occupied,5.0,C1,3.0,20/11/2020,Retrofitworks,Suburban,2001+,,2.0,1.0,73.18,3.0,2.0,3.0,2.42,Cavity_Insulated,Solid,Pitched,Double,Yes,Gas,Gas Boiler - Combi,,Water,130,0.0,0.0,0.0,No,No,,,2.47,36.34,6631.0,2292.0,82.0,50.0,3.4,Yes,No,Yes,Yes,ASHP,Heat Emitters,9815.0,700.0,458.14,14.0,5.0,Yes,22/02/2021,Reina Group,ASHP,,Daikin,EDLQ05CV3,5.0,R410A,,Water_New,150.0,,1.0,0.0,3.0,0.0,,,No,0.0,0.0,0.0,No,No,0.0,0.0,,No,4521.99,1302.0,2706.03,490.09,0.0,0.0,0.0,0.0,0.0,0.0,3.0,2.0,House_Mid-Terrace_2.0
Warmworks,EOH2235,G65,29.0,Working Full time (>30hrs),Manager,"50,001+",2020-06-29T00:00:00.000Z,Owner-Occupied,1.5,AB,4.0,07/08/2020,Warmworks,Suburban,1919-1944,C,2.0,1.0,173.01,5.0,3.0,5.0,3.0,Cavity_No_insulation,Suspended,Pitched,Double,Yes,Gas,Gas Boiler - Combi,Fire - Coal,,,0.0,0.0,1.0,No,No,4000.0,18000.0,11.6,94.0,29276.0,3821.0,0.0,50.0,3.92,Yes with additional measures,No,Yes,Yes,HT_ASHP,,,,1160.17,13.13,,Yes,17/09/2020,Everwarm,HT_ASHP,,Vaillant,VWL 125/6 A 230V S2,12.0,R290,0.0,Water_New,200.0,,1.0,,1.0,0.0,,Low Noise Heat Pump,No,0.0,0.0,0.0,No,No,0.0,0.0,,No,17943.14,3572.21,1610.23,,,,,,,,2.0,0.0,House_Semi-Detached_2.0
OVO,EOH0858,PO3,37.0,Working Part time,Professional,"50,001+",2020-07-03T00:00:00.000Z,Owner-Occupied,8.0,AB,4.0,14/01/2021,Retrofitworks,Suburban,Pre 1919,,2.0,2.0,90.62,5.0,3.0,7.0,2.4,Cavity_Insulated,Suspended,Pitched,Double,Yes,Gas,Gas Boiler - Combi,Fire - Wood,,,0.0,0.0,0.0,No,No,,,,,,,,,,,No,,,,,,,,,,No,,,,,,,,,,,,,,,,,,,,,,,,,,,,,,,,,,,,,,,,,House_Mid-Terrace_2.0
E.ON,EOH0345,DL13,,Working Full time (>30hrs),Clerical,"50,001+",2021-08-12T00:00:00.000Z,Owner-Occupied,1.0,C1,1.0,18/08/2021,Energist,Suburban,Before 1900,C,2.0,0.0,213.0,6.0,4.0,10.0,2.4,Cavity_Insulated,Solid,Pitched,Double,No,Oil,Oil Boiler - Standard,,Water,200,5.0,0.0,0.0,No,No,,,5.01,29.59,12523.0,4270.0,0.0,45.0,3.77,Yes,No,Yes,Yes,ASHP,None Required,12797.72,,761.0,12.9,6.75,Yes,13/09/2021,Energist,HT_ASHP,,Vaillant,VWL 55/6 A 230V S2,5.0,R290,,Water_new,250.0,,1.0,5.0,0.0,0.0,,,No,0.0,0.0,0.0,No,No,0.0,0.0,,no,5623.74,1752.34,,2245.89,0.0,0.0,0.0,0.0,0.0,0.0,4.0,,House_Mid-Terrace_2.0
E.ON,EOH2004,NE2,61.0,Working Full time (>30hrs),Professional,"20,001 - 25,000",2021-07-23T00:00:00.000Z,Owner-Occupied,29.0,C1,2.0,08/08/2021,E.ON,Urban,1900 - 1929,,1.0,0.0,130.0,7.0,4.0,13.0,2.4,Solid_No_insulation,Solid,Pitched,Double,Yes,Gas,Gas Boiler - Standard,,Water,150,0.0,0.0,0.0,No,No,,,13.41,111.1,26875.0,1910.0,0.0,,,No,No,No,Yes,Hybrid,Loft Insulation,14411.0,500.0,1172.0,14.3,3.8,Yes,06/10/2021,E.ON SIME,Hybrid,Integrated,SIME,SIME MURELLE REVOLUTION,4.0,R410A,,,,,1.0,11.0,0.0,0.0,,,No,0.0,0.0,0.0,No,Yes,0.0,0.0,,no,5200.0,,,6154.94,,500.0,0.0,0.0,0.0,0.0,3.0,,House_Mid-Terrace_2.0
OVO,EOH2244,KT20,68.0,Retired,Pensioner,"30,001 - 40,000",2021-02-16T00:00:00.000Z,Owner-Occupied,35.0,DE,3.0,25/04/2021,Retrofitworks,Rural,Pre 1919,,2.0,0.0,183.2,5.0,4.0,5.0,2.6,Cavity_No_insulation,Suspended,Pitched,Double,Yes,Gas,Gas Boiler - Standard,,Water,150,0.0,0.0,0.0,No,No,,,10.1,51.26,23720.0,3596.0,1486.0,,,Yes,No,Yes,Yes,ASHP,,11900.63,0.0,1138.0,14.0,,Yes,10/06/2021,Elite Renewables,ASHP,,Mitsubishi,PUZ-WM112VAA,11.2,R32,,Water_New,250.0,,1.0,0.0,0.0,0.0,,Low Noise Heat Pump,No,0.0,0.0,0.0,No,No,0.0,0.0,,No,5706.47,1051.73,5142.43,0.0,0.0,0.0,0.0,0.0,0.0,0.0,9.0,0.0,House_Detached_2.0
OVO,EOH1625,BN43,43.0,Working Part time,Professional,Prefer not to say,2020-07-15T00:00:00.000Z,Owner-Occupied,4.0,AB,3.0,10/12/2020,Retrofitworks,Suburban,1919-1944,,2.0,2.0,148.0,12.0,4.0,12.0,2.39,Cavity_No_insulation,Mix,Pitched,Double,Yes,Gas,Gas Boiler - Standard,,Water,205,5.0,1.0,0.0,No,No,,,,,,,,,,,,,,None - Installation not recommended,,,,,,,,,,,,,,,,,,,,,,,,,,,,,,,,,,,,,,,,,,,,,,,,House_Semi-Detached_3.0
E.ON,EOH0865,NE3,59.0,Working Full time (>30hrs),Professional,"50,001+",2020-11-05T00:00:00.000Z,Owner-Occupied,17.0,AB,5.0,23/11/2020,Phoenix,Urban,1900 - 1929,,2.0,0.0,140.0,6.0,4.0,8.0,2.7,Cavity_Insulated,Suspended,Pitched,Double,Yes,Gas,Gas Boiler - Combi,Fire - Gas,,,0.0,1.0,1.0,No,No,6781.0,28981.0,,,,,,,,No,No,Yes,,None - Installation not recommended,,,,,,,,,,,,,,,,,,,,,,,,,,,,,,,,,,,,,,,,,,,,,,,,House_Semi-Detached_2.0
OVO,EOH2172,GU1,67.0,Retired,Pensioner,"50,001+",2020-08-06T00:00:00.000Z,Owner-Occupied,22.0,DE,3.0,16/10/2020,Retrofitworks,Suburban,1945-1964,,2.0,0.0,200.22,8.0,5.0,8.0,2.58,Cavity_Insulated,Solid,Pitched,Double,Yes,Gas,Gas Boiler - Standard,Fire - Gas,Water,140,0.0,1.0,1.0,Yes - Borehole,Yes,1731.0,28531.0,9.84,51.28,12178.4,4585.0,218.0,,,Yes,No,Yes,Yes,ASHP,,15678.0,,,14.0,,No,,,,,,,,,,,,,,,,,,,,,,,,,,,,,,,,,,,,,,,,,House_Detached_2.0
E.ON,EOH0535,NE3,,Retired,Pensioner,"30,001 - 40,000",2021-01-05T00:00:00.000Z,Owner-Occupied,10.0,DE,5.0,21/01/2021,Phoenix,Urban,1983 - 1990,C,2.0,0.0,110.0,6.0,3.0,10.0,2.4,Cavity_Insulated,Solid,Pitched,Double,Yes,Gas,Gas Boiler - Combi,,,,0.0,0.0,1.0,No,No,,,7.1929,70.5,14401.8,4475.0,655.0,,,Yes,No,Yes,Yes,ASHP,None Required,13134.93,0.0,956.0,14.3,3.8,No,,,,,,,,,,,,,,,,,,,,,,,,,,,,,,,,,,,,,,,,,House_Detached_2.0
OVO,EOH3137,SP11,56.0,Working Full time (>30hrs),Professional,"50,001+",2020-07-14T00:00:00.000Z,Owner-Occupied,,C1,5.0,01/03/2021,Retrofitworks,Rural,2001+,,3.0,1.0,169.0,7.0,4.0,7.0,2.4,Cavity_Insulated,Suspended,Pitched,Double,Yes,Gas,Gas Boiler - Standard,,Water,200,0.0,0.0,0.0,No,No,,,,,,,,,,,,,,None - Installation not recommended,,,,,,,,,,,,,,,,,,,,,,,,,,,,,,,,,,,,,,,,,,,,,,,,House_Detached_2.0
OVO,EOH2252,CR6,32.0,Working Full time (>30hrs),Professional,"50,001+",2021-01-28T00:00:00.000Z,Owner-Occupied,2.0,AB,4.0,12/02/2021,Retrofitworks,Rural,1965-1980,,2.0,1.0,60.0,4.0,2.0,4.0,2.46,Cavity_No_insulation,Solid,Pitched,Double,No,Electricity,Electric - Direct,Fire - Wood,Water,,0.0,1.0,0.0,No,No,,,5.09,96.0,11939.0,2697.0,493.0,50.0,3.82,Yes,No,Yes,Yes,ASHP,Heat Emitters,12489.96,818.4,596.0,14.0,,Yes,01/03/2021,Elite Renewables,ASHP,,Mitsubishi,PUZ-WM60VAA,6.0,R32,,Water_New,250.0,,1.0,0.0,3.0,0.0,,Low Noise Heat Pump,No,0.0,0.0,0.0,No,No,0.0,0.0,,No,7153.61,1243.44,6396.91,818.4,0.0,0.0,0.0,0.0,0.0,0.0,7.0,3.0,House_Detached_1.0
OVO,EOH2388,OX2,61.0,Working Full time (>30hrs),Manager,"50,001+",2021-02-04T00:00:00.000Z,Owner-Occupied,16.0,AB,5.0,24/02/2021,Retrofitworks,Suburban,2001+,,2.0,1.0,146.7,8.0,4.0,8.0,2.5,Cavity_No_insulation,Solid,Pitched,Double,Yes,Gas,Gas Boiler - Standard,,Water,170,0.0,0.0,0.0,No,No,,,5.82,,20220.0,,,,,Yes,No,Yes,Yes,None - Installation not recommended,,13810.65,0.0,873.5,15.0,,,,,,,,,,,,,,,,,,,,,,,,,,,,,,,,,,,,,,,,,,,House_End-Terrace_2.0
E.ON,EOH1760,NE3,,Prefer not to say,Prefer not to say,Prefer not to say,2020-09-24T00:00:00.000Z,Rented (Social),,DE,1.0,11/01/2021,E.ON,Suburban,1967 - 1975,,1.0,0.0,37.6,2.0,1.0,5.0,2.3,Solid_Insulated,Solid,Pitched,Double,No,Electricity,Electric - Storage,,Water,80,0.0,0.0,0.0,Yes - Borehole,Yes,,,2.463,65.5,6056.0,1910.0,191.0,,,No,Yes,No,No,GSHP,None Required,,14707.5,351.09,14.3,,Yes,26/11/2021,Groundheat,GSHP,Shared_Groundloop,Vaillant,20260514,3.0,R410A,900.0,Water_new,100.0,,1.0,6.0,0.0,0.0,none,none,No,0.0,0.0,0.0,No,No,0.0,0.0,,no,11605.06,1702.0,,2130.0,0.0,0.0,0.0,0.0,0.0,0.0,84.0,0.0,Flat_Flat_1.0
E.ON,EOH2088,NE15,52.0,Working Full time (>30hrs),Skilled Manual Worker,"30,001 - 40,000",2021-04-06T00:00:00.000Z,Owner-Occupied,9.0,C2,2.0,20/04/2021,Phoenix,Urban,2003 - 2006,B,2.0,0.0,109.0,6.0,4.0,12.0,2.4,Cavity_Insulated,Solid,Pitched,Double,Yes,Gas,Gas Boiler - Standard,Fire - Gas,Water,110,1.0,1.0,1.0,No,No,,,4.791,43.95,9623.8,5255.0,768.0,47.0,3.48,Yes,No,Yes,Yes,ASHP,Loft insulation,12787.18,500.0,779.0,14.3,3.8,Yes,24/06/2021,Aaron services,ASHP,,Daikin,EDLQ07CAV3,7.0,R410A,,Water_new,250.0,,1.0,10.0,0.0,0.0,none,none,No,0.0,1.0,0.0,No,Yes,0.0,0.0,,no,5648.01,1752.0,,3609.27,0.0,500.0,0.0,0.0,0.0,0.0,3.0,0.5,House_Detached_2.0
Warmworks,EOH0990,EH32,41.0,Working Full time (>30hrs),Skilled Manual Worker,Prefer not to say,2020-08-15T00:00:00.000Z,Owner-Occupied,1.0,C2,2.0,06/12/2020,Warmworks,Suburban,2001+,B,2.0,3.0,169.35,8.0,5.0,8.0,2.6,Cavity_Insulated,Solid,Pitched,Double,Yes,Gas,Gas Boiler - Standard,,Water,Large (> 170l),0.0,0.0,1.0,No,No,,,,,,,,,,Yes,No,Yes,Yes,HT_ASHP,,,,,,,No,,,,,,,,,,,,,,,,,,,,,,,,,,,,,,,,,,,,,,,,,House_Detached_3.0
Warmworks,EOH0943,EH42,36.0,Working Part time,Professional,"50,001+",2020-10-13T00:00:00.000Z,Owner-Occupied,3.0,C1,4.0,12/11/2020,Warmworks,Suburban,2001+,C,2.0,2.0,146.08,8.0,5.0,8.0,2.38,Cavity_Insulated,Solid,Pitched,Double,Yes,Gas,Gas Boiler - Standard,Fire - Gas,Water,Medium (131-170l),0.0,1.0,1.0,No,No,,,7.3,57.5,20619.0,4457.0,1365.0,55.0,3.63,Yes,No,Yes,Yes,ASHP,,,,1458.0,14.0,3.0,Yes,12/04/2021,BRB Electrical Ltd,HT_ASHP,,Vaillant,VWL 125/6 A 230V S2,12.0,R290,0.0,Water_New,200.0,,1.0,,15.0,0.0,,Low Noise Heat Pump,No,0.0,0.0,0.0,Yes,No,0.0,0.0,,No,17943.13,3572.21,1610.23,4058.64,,,,,,,3.0,0.0,House_Detached_2.0
E.ON,EOH1551,NE15,50.0,Working Full time (>30hrs),Clerical,"25,001 - 30,000",2020-11-16T00:00:00.000Z,Owner-Occupied,17.0,C1,2.0,11/12/2020,Phoenix,Urban,1930 - 1949,,2.0,0.0,110.0,5.0,3.0,7.0,2.5,Cavity_Insulated,Suspended,Pitched,Double,Yes,Gas,Gas Boiler - Combi,Fire - Gas,,,0.0,1.0,0.0,No,No,2833.0,12976.0,,,,,,,,Yes with additional measures,No,Yes with additional measures,Yes with additional measures,None - Installation not recommended,,,,,,,,,,,,,,,,,,,,,,,,,,,,,,,,,,,,,,,,,,,,,,,,House_Semi-Detached_2.0
E.ON,EOH1920,NE12,45.0,Retired,Pensioner,Prefer not to say,2021-03-19T00:00:00.000Z,Owner-Occupied,5.0,DE,5.0,24/03/2021,Phoenix,Urban,1983 - 1990,D,2.0,2.0,110.0,5.0,3.0,11.0,2.3,Cavity_Insulated,Suspended,Pitched,Double,Yes,Gas,Gas Boiler - Combi,Fire - Gas,,,0.0,1.0,1.0,No,No,,,,,,,,,,No,No,No,No,None - Installation not recommended,,,,,,,,,,,,,,,,,,,,,,,,,,,,,,,,,,,,,,,,,,,,,,,,House_Detached_2.0
E.ON,EOH2414,DH1,,Working Full time (>30hrs),Professional,"50,001+",2021-08-23T00:00:00.000Z,Owner-Occupied,9.0,C1,2.0,14/09/2021,Energist,Suburban,2012 onwards,C,2.0,1.0,123.0,6.0,4.0,11.0,2.4,Cavity_Insulated,Solid,Pitched,Double,Yes,Gas,Gas Boiler - Combi,,,,0.0,0.0,1.0,No,No,,,3.42,34.54,8696.0,3496.0,0.0,45.0,3.77,Yes,No,Yes,Yes,ASHP,None Required,13977.64,,589.0,12.9,3.5,Yes,20/09/2021,Energist,HT_ASHP,,Vaillant,VWL 55/6 A 230V S2,5.0,R290,,Water_new,200.0,,1.0,13.0,0.0,0.0,,,No,0.0,0.0,0.0,No,No,0.0,0.0,,no,5623.74,1752.34,,3425.81,0.0,0.0,0.0,0.0,0.0,0.0,4.0,,House_Detached_2.0
OVO,EOH2393,BN16,78.0,Retired,Pensioner,"12,501 - 16,200",2020-07-02T00:00:00.000Z,Owner-Occupied,5.0,DE,3.0,09/11/2020,Retrofitworks,Suburban,1919-1944,,1.0,0.0,95.7,5.0,3.0,5.0,2.85,Cavity_Insulated,Mix,Pitched,Double,Yes,Gas,Gas Boiler - Standard,,,,1.0,2.0,0.0,No,No,1952.2,,9.14,71.27,21217.0,2795.0,106.0,,,Yes,No,Yes,Yes,None - Installation not recommended,,14864.66,,1260.0,15.0,,,,,,,,,,,,,,,,,,,,,,,,,,,,,,,,,,,,,,,,,,,House_Detached_1.0
Warmworks,EOH1560,KY12,41.0,Working Part time,Professional,Prefer not to say,2020-10-11T00:00:00.000Z,Owner-Occupied,8.0,C1,4.0,06/11/2020,Warmworks,Urban,Pre 1919,E,2.0,2.0,101.19,4.0,3.0,4.0,,Cavity_No_insulation,Suspended,Pitched,Double,Yes,Gas,Gas Boiler - Combi,Fire - Wood,,,0.0,0.0,1.0,No,No,,,,,,,,,,No,No,Yes,Yes,HT_ASHP,,,,,,,No,,,,,,,,,,,,,,,,,,,,,,,,,,,,,,,,,,,,,,,,,House_Mid-Terrace_2.0
Warmworks,EOH2241,G65,47.0,Working Full time (>30hrs),Supervisor,"50,001+",2020-11-03T00:00:00.000Z,Owner-Occupied,20.0,C2,4.0,30/11/2020,Warmworks,Rural,1965-1980,D,3.0,0.0,79.52,5.0,3.0,5.0,2.25,Cavity_Insulated,Suspended,Pitched,Double,Yes,Gas,Gas Boiler - Combi,,,,0.0,0.0,0.0,No,No,,,5.8,73.1,13643.0,3821.0,0.0,50.0,3.65,Yes with additional measures,No,Yes,No,HT_ASHP,,,,845.0,15.0,5.0,Yes,01/03/2021,Everwarm,HT_ASHP,,Vaillant,VWL 75/6 A 230V S2,7.0,R290,0.0,Water_New,200.0,,1.0,,8.0,0.0,,Low Noise Heat Pump,No,0.0,0.0,0.0,No,No,0.0,0.0,,No,11215.18,3572.21,1610.23,2164.61,,,,,,,2.0,0.0,House_Mid-Terrace_2.0
Warmworks,EOH0877,EH45,45.0,Working Full time (>30hrs),Professional,Prefer not to say,2020-09-30T00:00:00.000Z,Owner-Occupied,6.0,AB,3.0,23/10/2020,Warmworks,Rural,1965-1980,D,2.0,1.0,154.38,6.0,4.0,6.0,,Cavity_Insulated,Suspended,Pitched,Double,No,Wood,Biomass Boiler,Fire - Wood,Water,Large (> 170l),0.0,1.0,0.0,No,No,,,,,,,,,,Yes,Yes,Yes,No,ASHP,,,,,,,No,,,,,,,,,,,,,,,,,,,,,,,,,,,,,,,,,,,,,,,,,House_Semi-Detached_2.0
E.ON,EOH2042,NE13,51.0,Working Full time (>30hrs),Clerical,"20,001 - 25,000",2021-02-18T00:00:00.000Z,Owner-Occupied,8.0,C1,1.0,25/02/2021,Phoenix,Urban,2012 onwards,B,3.0,0.0,118.0,5.0,4.0,9.0,2.3,Cavity_Insulated,Solid,Pitched,Double,Yes,Gas,Gas Boiler - Standard,,Water,160,0.0,0.0,1.0,No,No,,,,,,,,,,No,No,No,No,None - Installation not recommended,,,,,,,,,,,,,,,,,,,,,,,,,,,,,,,,,,,,,,,,,,,,,,,,House_Semi-Detached_3.0
Warmworks,EOH1327,EH49,50.0,Working Full time (>30hrs),Manager,"50,001+",2020-07-09T00:00:00.000Z,Owner-Occupied,10.0,AB,4.0,18/08/2020,Everwarm,Suburban,1981-1990,C,2.0,2.0,105.26,5.0,3.0,5.0,2.3,Cavity_No_insulation,Solid,Pitched,Double,Yes,Gas,Gas Boiler - Combi,,,,0.0,0.0,1.0,No,No,3942.0,9895.0,5.9,93.0,19033.0,3821.0,0.0,50.0,3.65,Yes,No,Yes,Yes,HT_ASHP,,,,1068.28,15.0,5.0,Yes,17/03/2021,Everwarm,HT_ASHP,,Vaillant,VWL 75/6 A 230V S2,7.0,R290,0.0,PCM_New,,10.5,1.0,,11.0,0.0,,Low Noise Heat Pump,No,0.0,0.0,0.0,No,No,0.0,0.0,,No,11215.18,3870.96,1610.23,2976.34,,,,,,,2.0,0.0,House_Semi-Detached_2.0
Warmworks,EOH2523,TD7,83.0,Retired,Pensioner,"0 - 12,500",2021-03-12T00:00:00.000Z,Owner-Occupied,4.0,DE,1.0,25/03/2021,Warmworks,Rural,2001+,D,1.0,0.0,68.72,4.0,2.0,4.0,2.3,Cavity_Insulated,Solid,Pitched,Double,,,Electric - Direct,Electric - Direct,Water,Normal (90-130l),0.0,0.0,0.0,No,No,,,4.6,46.9,13733.0,3566.0,2038.0,45.0,3.93,Yes,No,Yes,No,ASHP,,,,1065.0,14.0,3.0,Yes,07/06/2021,BRB Electrical Ltd,ASHP,,Mitsubishi,PUHZ-W50VHA2,5.0,R410A,0.0,Water_New,150.0,,1.0,7.0,,0.0,,Low Noise Heat Pump,No,0.0,0.0,0.0,,No,0.0,0.0,,No,7655.16,3508.27,1610.23,1894.03,,,,,,,2.0,0.0,House_Detached_2.0
E.ON,EOH0402,NE2,34.0,Working Full time (>30hrs),Professional,"50,001+",2021-08-11T00:00:00.000Z,Owner-Occupied,1.0,AB,5.0,18/08/2021,Phoenix,Urban,1900 - 1929,E,2.0,1.0,96.0,4.0,3.0,8.0,3.0,Solid_No_insulation,Suspended,Pitched,Double,Yes,Gas,Gas Boiler - Combi,Fire - Wood,,,0.0,0.0,0.0,No,No,,,6.71,75.3,15848.0,4994.0,0.0,,,No,No,No,Yes,Hybrid,None Required,13856.0,,908.0,14.3,3.8,Yes,04/10/2021,E.ON SIME,Hybrid,Integrated,SIME,SIME MURELLE REVOLUTION,4.0,R410A,,,,,1.0,10.0,0.0,0.0,,,No,0.0,0.0,0.0,No,No,0.0,0.0,,no,5200.0,,,5599.97,,0.0,0.0,0.0,0.0,0.0,2.0,,House_Semi-Detached_2.0
E.ON,EOH1659,NE15,49.0,Working Full time (>30hrs),Manager,"40,001 - 50,000",2020-12-11T00:00:00.000Z,Owner-Occupied,8.0,C1,1.0,06/01/2021,Phoenix,Urban,1930 - 1949,D,2.0,0.0,130.0,5.0,3.0,8.0,2.6,Cavity_No_insulation,Suspended,Pitched,Double,Yes,Gas,Gas Boiler - Combi,Fire - Wood,,,0.0,0.0,1.0,No,No,3000.0,23000.0,8.472,77.54,17022.0,4182.0,616.0,49.0,3.24,Yes with additional measures,No,Yes,Yes,ASHP,Loft Insulation,12449.97,1000.0,1059.0,14.3,3.8,Yes,21/05/2021,Aaron Services,ASHP,,Daikin,EDLQ011CAV3,11.0,R410A,,Water_new,200.0,,1.0,9.0,0.0,0.0,none,none,No,0.0,2.0,0.0,No,Yes,0.0,0.0,,no,6364.2,1752.0,,3055.0,0.0,500.0,0.0,0.0,0.0,0.0,2.0,0.5,House_Detached_2.0
Warmworks,EOH0446,EH46,67.0,Retired,Pensioner,Prefer not to say,2020-07-24T00:00:00.000Z,Owner-Occupied,36.0,DE,4.0,07/10/2020,Warmworks,Rural,Pre 1919,G,2.0,0.0,102.43,4.0,2.0,2.0,,Cavity_No_insulation,Solid,Pitched,Double,,,Fire - Gas,,,,0.0,0.0,0.0,Yes - Borehole,Yes,19265.0,,,,,,,,,Yes,Yes,Yes,Yes,GSHP,,,,,,,No,,,,,,,,,,,,,,,,,,,,,,,,,,,,,,,,,,,,,,,,,House_Detached_2.0
Warmworks,EOH0944,KY12,56.0,Working Part time,Skilled Manual Worker,"50,001+",2020-09-24T00:00:00.000Z,Owner-Occupied,20.0,C2,3.0,09/11/2020,Warmworks,Urban,1919-1944,D,3.0,0.0,149.61,7.0,4.0,7.0,,Cavity_Insulated,Suspended,Pitched,Double,Yes,Gas,Gas Boiler - Combi,Fire - Wood,,,0.0,0.0,1.0,No,No,,,,,,,,,,Yes,No,Yes,Yes,HT_ASHP,,,,,,,No,,,,,,,,,,,,,,,,,,,,,,,,,,,,,,,,,,,,,,,,,House_Detached_2.0
Warmworks,EOH0643,TD8,58.0,Working Full time (>30hrs),Skilled Manual Worker,Prefer not to say,2021-05-12T00:00:00.000Z,Rented (Social),12.0,C2,2.0,19/07/2021,Warmworks,Urban,1965-1980,D,2.0,0.0,99.0,4.0,3.0,4.0,2.6,Cavity_Insulated,Suspended,Pitched,Double,Yes,Gas,Gas Boiler - Combi,,,,0.0,0.0,1.0,No,No,,,7.0,73.0,20240.0,3937.0,0.0,50.0,3.81,Yes,No,Yes,Yes,ASHP,,,,961.2,18.0,5.0,Yes,06/09/2021,Everwarm,ASHP,,Mitsubishi,PUZ-WM85VAA,8.5,R32,0.0,Water_New,200.0,,1.0,11.0,,0.0,,Low Noise Heat Pump,No,0.0,0.0,0.0,No,No,0.0,0.0,,No,8575.73,3572.208,1610.23,2976.33,,,,,,,3.0,0.0,House_Semi-Detached_2.0
E.ON,EOH1696,NE15,56.0,Working Full time (>30hrs),Skilled Manual Worker,"0 - 12,500",2020-11-12T00:00:00.000Z,Owner-Occupied,0.9,C2,1.0,04/12/2020,Phoenix,Urban,1950 - 1966,D,1.0,0.0,69.0,4.0,2.0,6.0,2.5,Cavity_Insulated,Suspended,Pitched,Double,Yes,Gas,Gas Boiler - Combi,,,,0.0,0.0,0.0,No,No,,,4.77,92.41,11583.0,3003.0,444.0,,,Yes,No,Yes,Yes,ASHP,Loft Insulation,11443.15,500.0,700.0,14.3,3.8,No,,,,,,,,,,,,,,,,,,,,,,,,,,,,,,,,,,,,,,,,,House_Detached_1.0
E.ON,EOH3172,NE12,42.0,Working Full time (>30hrs),Skilled Manual Worker,"50,001+",2021-01-21T00:00:00.000Z,Owner-Occupied,14.0,C2,1.0,11/02/2021,Phoenix,Urban,1983 - 1990,D,3.0,2.0,93.0,5.0,3.0,7.0,2.4,Cavity_Insulated,Solid,Pitched,Double,Yes,Gas,Gas Boiler - Combi,Fire - Wood,,,0.0,0.0,1.0,No,No,6300.0,16500.0,6.63176,78.02,13283.6,3464.0,0.0,,,No,No,No,Yes,Hybrid,Loft Insulation,10799.27,500.0,891.0,14.3,3.8,No,,,,,,,,,,,,,,,,,,,,,,,,,,,,,,,,,,,,,,,,,House_End-Terrace_2.0
E.ON,EOH0491,NE3,,Working Full time (>30hrs),Professional,"50,001+",2020-09-14T00:00:00.000Z,Owner-Occupied,22.0,AB,4.0,07/10/2020,Phoenix,Urban,1967 - 1975,,2.0,0.0,125.0,6.0,4.0,11.0,2.4,Solid_No_insulation,Suspended,Pitched,Double,Yes,Gas,Gas Boiler - Standard,Fire - Gas,Water,110,0.0,1.0,1.0,No,No,,,14.46,115.68,28977.0,4776.0,0.0,,,No,No,No,Yes,Hybrid,None Required,10615.0,,1369.0,14.3,3.8,Yes,16/12/2020,Phoenix,Hybrid,Separate_New Boiler,Daikin,EHY2KOMB28AA,4.0,R32,,,,,1.0,12.0,0.0,0.0,none,none,No,0.0,0.0,0.0,No,No,0.0,0.0,,no,5739.82,,,3240.82,0.0,0.0,0.0,0.0,0.0,0.0,2.5,,House_Semi-Detached_2.0
E.ON,EOH1081,NE7,47.0,Working Full time (>30hrs),Professional,"50,001+",2020-07-11T00:00:00.000Z,Owner-Occupied,8.0,AB,5.0,03/08/2020,E.ON,Suburban,1930 - 1949,,2.0,2.0,148.0,4.0,3.0,9.0,2.6,Cavity_No_insulation,Mix,Pitched,Double,Yes,Gas,Gas Boiler - Combi,,,,0.0,0.0,0.0,Yes - Ground Loop,Yes,3133.0,16666.0,8.58,75.2,17197.3,4182.0,616.0,,,No,No,Yes,No,None - Installation not recommended,None Required,16141.0,0.0,947.0,14.3,3.8,,,,,,,,,,,,,,,,,,,,,,,,,,,,,,,,,,,,,,,,,,House_Semi-Detached_2.0
E.ON,EOH1122,NE5,62.0,Working Full time (>30hrs),Clerical,Prefer not to say,2020-07-16T00:00:00.000Z,Owner-Occupied,4.0,C2,3.0,13/08/2020,Phoenix,Urban,1930 - 1949,D,2.0,0.0,92.0,5.0,3.0,10.0,2.45,Cavity_Insulated,Suspended,Pitched,Double,Yes,Gas,Gas Boiler - Combi,,,,0.0,0.0,1.0,No,No,1600.0,11000.0,8.258,89.76,19995.0,4002.0,181.0,,,Yes,No,No,Yes,None - Installation not recommended,None Required,13134.0,0.0,1043.0,14.3,3.8,,,,,,,,,,,,,,,,,,,,,,,,,,,,,,,,,,,,,,,,,,House_Semi-Detached_2.0
OVO,EOH0900,BH25,59.0,Working Full time (>30hrs),Professional,"50,001+",2020-07-15T00:00:00.000Z,Owner-Occupied,14.0,C1,4.0,18/02/2021,Retrofitworks,Suburban,1965-1980,,2.0,2.0,83.71,6.0,3.0,6.0,2.4,Cavity_Insulated,Solid,Pitched,Double,Yes,Gas,Gas Boiler - Standard,,Water,150,0.0,0.0,1.0,No,No,,,,,,,,,,,,,,,,,,,,,No,,,,,,,,,,,,,,,,,,,,,,,,,,,,,,,,,,,,,,,,,House_Detached_2.0
E.ON,EOH0665,NE13,,Working Full time (>30hrs),Skilled Manual Worker,"50,001+",2020-12-11T00:00:00.000Z,Owner-Occupied,5.0,C1,5.0,07/01/2021,Phoenix,Urban,2012 onwards,,2.0,1.0,108.0,6.0,4.0,8.0,2.4,Cavity_Insulated,Solid,Pitched,Double,Yes,Gas,Gas Boiler - Standard,,Water,120,0.0,0.0,1.0,No,No,3866.0,8208.0,4.94,59.69,11996.0,4122.0,607.0,,,Yes,No,Yes,Yes,ASHP,None Required,12418.73,0.0,785.0,14.3,3.8,No,,,,,,,,,,,,,,,,,,,,,,,,,,,,,,,,,,,,,,,,,House_Detached_2.0
Warmworks,EOH0566,EH10,72.0,Retired,Pensioner,Prefer not to say,2021-04-27T00:00:00.000Z,Owner-Occupied,30.0,DE,3.0,13/06/2021,Warmworks,Suburban,1965-1980,E,1.0,0.0,125.47,7.0,4.0,7.0,2.45,Cavity_Insulated,Suspended,Pitched,Double,Yes,Gas,Gas Boiler - Standard,Fire - Gas,Water,Normal (90-130l),0.0,1.0,1.0,No,No,,,,,,,,,,Yes,No,Yes,Yes,HT_ASHP,,,,,,,No,,,,,,,,,,,,,,,,,,,,,,,,,,,,,,,,,,,,,,,,,House_Semi-Detached_2.0
OVO,EOH0911,PO9,74.0,Retired,Pensioner,"0 - 12,500",2020-07-20T00:00:00.000Z,Owner-Occupied,49.0,DE,1.0,25/01/2021,Retrofitworks,Suburban,1965-1980,,1.0,0.0,82.26,8.0,3.0,8.0,2.27,Solid_Insulated,Solid,Pitched,Double,Yes,Gas,Gas Boiler - Combi,,,,0.0,0.0,0.0,No,No,,,,,,,,,,,,,,None - Installation not recommended,,,,,,,,,,,,,,,,,,,,,,,,,,,,,,,,,,,,,,,,,,,,,,,,House_Mid-Terrace_2.0
OVO,EOH0776,RG10,62.0,Working Full time (>30hrs),Professional,"50,001+",2020-07-13T00:00:00.000Z,Owner-Occupied,12.0,AB,3.0,12/02/2021,Retrofitworks,Suburban,1965-1980,B,2.0,0.0,112.5,8.0,4.0,8.0,2.35,Cavity_No_insulation,Solid,Pitched,Double,Yes,Gas,Gas Boiler - Combi,,,,0.0,0.0,0.0,No,No,,,,,,,,,,,,,,None - Installation not recommended,,,,,,,,,,,,,,,,,,,,,,,,,,,,,,,,,,,,,,,,,,,,,,,,House_Detached_2.0
E.ON,EOH0741,NE7,36.0,Working Full time (>30hrs),Manager,"50,001+",2020-10-27T00:00:00.000Z,Owner-Occupied,8.0,AB,1.0,04/11/2020,Phoenix,Urban,1900 - 1929,E,2.0,2.0,76.2,5.0,3.0,7.0,2.5,Cavity_Insulated,Suspended,Pitched,Double,Yes,Gas,Gas Boiler - Combi,,,,0.0,0.0,1.0,No,No,2663.0,10524.0,,,,,,,,No,No,No,No,None - Installation not recommended,,,,,,,,,,,,,,,,,,,,,,,,,,,,,,,,,,,,,,,,,,,,,,,,House_Mid-Terrace_2.0
E.ON,EOH0388,NE3,47.0,Working Full time (>30hrs),Supervisor,"40,001 - 50,000",2020-12-04T00:00:00.000Z,Owner-Occupied,14.0,C1,5.0,13/01/2021,Phoenix,Urban,1967 - 1975,E,4.0,1.0,83.0,5.0,3.0,8.0,2.4,Cavity_Insulated,Suspended,Pitched,Double,Yes,Gas,Gas Boiler - Combi,,,,0.0,0.0,0.0,No,No,,,6.359,76.61,15409.5,4994.0,0.0,60.0,3.22,No,No,Yes,No,HT_ASHP,None Required,17195.66,,939.0,14.3,3.8,Yes,21/06/2021,Phoenix,HT_ASHP,,Daikin,EPRA14DAV3,14.0,R32,,PCM_NEW,,9.0,1.0,8.0,0.0,0.0,none,none,No,0.0,0.0,0.0,No,No,0.0,0.0,,no,9047.0,3500.65,,2871.0,0.0,0.0,0.0,0.0,0.0,0.0,4.0,0.0,House_Semi-Detached_2.0
E.ON,EOH0701,NE3,60.0,Unemployed,Unemployed/Benefits,"16,201 - 20,000",2020-11-11T00:00:00.000Z,Owner-Occupied,16.0,DE,4.0,30/11/2020,Phoenix,Urban,1950 - 1966,,3.0,0.0,90.0,5.0,3.0,7.0,2.4,Solid_No_insulation,Solid,Pitched,Single,Yes,Gas,Gas Boiler - Combi,,,,0.0,0.0,0.0,No,No,3500.0,13800.0,11.49,121.18,11882.0,3820.0,0.0,,,No,No,No,Yes,Hybrid,None Required,10060.85,0.0,1264.0,14.3,3.8,No,,,,,,,,,,,,,,,,,,,,,,,,,,,,,,,,,,,,,,,,,House_Mid-Terrace_2.0
E.ON,EOH1046,NE15,,Retired,Pensioner,"12,501 - 16,200",2020-10-03T00:00:00.000Z,Owner-Occupied,16.0,DE,1.0,19/10/2020,E.ON,Suburban,1976 - 1982,,1.0,0.0,45.0,3.0,2.0,6.0,2.3,Cavity_Insulated,Suspended,Pitched,Double,Yes,Gas,Gas Boiler - Combi,,,,0.0,0.0,1.0,Yes - Ground Loop,Yes,,,3.729,82.74,9038.0,2674.0,0.0,45.0,3.07,No,No,No,Yes,Hybrid,None Required,10816.86,,458.0,14.3,3.8,Yes,07/01/2021,Phoenix,Hybrid,Separate_New Boiler,Daikin,EHY2KOMB28AA,4.0,R32,,,,,1.0,9.0,1.0,1.0,none,none,No,0.0,0.0,0.0,No,No,0.0,0.0,,no,5739.82,,,3441.86,0.0,0.0,0.0,0.0,0.0,0.0,2.5,,House_Detached_1.0
OVO,EOH0326,RH1,36.0,Working Full time (>30hrs),Manager,Prefer not to say,2020-07-14T00:00:00.000Z,Owner-Occupied,7.0,AB,3.0,19/11/2020,Retrofitworks,Suburban,1919-1944,,2.0,0.0,74.0,5.0,3.0,5.0,2.35,Cavity_Insulated,Suspended,Pitched,Double,Yes,Gas,Gas Boiler - Combi,,,,0.0,0.0,0.0,No,No,,,6.863,76.6,15650.0,3872.0,414.0,,,Yes,No,Yes,Yes,None - Installation not recommended,,13557.55,0.0,1097.0,15.0,,,,,,,,,,,,,,,,,,,,,,,,,,,,,,,,,,,,,,,,,,,House_Semi-Detached_2.0
E.ON,EOH0836,NE3,33.0,Working Full time (>30hrs),Professional,"50,001+",2020-08-12T00:00:00.000Z,Owner-Occupied,1.0,C1,2.0,30/09/2020,Phoenix,Suburban,1983 - 1990,,2.0,2.0,103.65,5.0,4.0,12.0,2.4,Cavity_Insulated,Suspended,Pitched,Double,Yes,Gas,Gas Boiler - Combi,Fire - Gas,,,0.0,1.0,1.0,No,No,,,9.356,90.88,18739.0,4993.0,218.0,50.0,3.59,No,No,Yes,Yes,HT_ASHP,None Required,17066.98,,1006.0,14.3,3.8,Yes,27/09/2021,Phoenix,HT_ASHP,,Daikin,EDLQ016CAV3,16.0,R410A,,Water_new,300.0,,1.0,10.0,0.0,0.0,,,No,0.0,0.0,0.0,No,No,0.0,0.0,,no,9687.81,1752.34,,2870.84,,0.0,0.0,0.0,0.0,0.0,3.0,,House_Detached_2.0
E.ON,EOH0327,NE12,52.0,Working Full time (>30hrs),Professional,"30,001 - 40,000",2021-02-23T00:00:00.000Z,Owner-Occupied,6.0,C1,3.0,03/03/2021,Phoenix,Urban,1950 - 1966,D,2.0,0.0,74.0,4.0,2.0,7.0,2.4,Cavity_Insulated,Solid,Pitched,Double,Yes,Gas,Gas Boiler - Combi,,,,0.0,0.0,1.0,No,No,,,,,,,,,,,,,,,,,,,,,,,,,,,,,,,,,,,,,,,,,,,,,,,,,,,,,,,,,,,,,,House_Semi-Detached_2.0
Warmworks,EOH1119,EH7,55.0,Working Full time (>30hrs),Professional,"50,001+",2020-07-06T00:00:00.000Z,Owner-Occupied,10.0,C2,2.0,16/08/2020,Warmworks,Suburban,1919-1944,D,3.0,1.0,125.09,6.0,4.0,6.0,2.59,Cavity_Insulated,Suspended,Pitched,Double,Yes,Gas,Gas Boiler - Combi,,,,0.0,0.0,1.0,No,No,,,,,,,,,,Yes,No,Yes,No,HT_ASHP,,,,,,,No,,,,,,,,,,,,,,,,,,,,,,,,,,,,,,,,,,,,,,,,,House_End-Terrace_2.0
E.ON,EOH0749,NE3,57.0,Working Full time (>30hrs),Professional,"50,001+",2021-01-07T00:00:00.000Z,Owner-Occupied,19.0,AB,5.0,27/01/2021,Phoenix,Urban,1991 - 1995,,2.0,0.0,152.0,8.0,4.0,13.0,2.3,Cavity_Insulated,Suspended,Pitched,Double,Yes,Gas,Gas Boiler - Combi,Fire - Gas,,,0.0,1.0,1.0,No,No,5000.0,19000.0,9.17,60.32,8899.9,4139.0,0.0,55.0,2.96,No,No,No,Yes,Hybrid,None Required,10800.81,,866.0,14.3,3.8,Yes,17/06/2021,Phoenix,Hybrid,Separate_New Boiler,Daikin,EHY2KOMB28AA,4.0,R32,,,,,1.0,13.0,0.0,0.0,none,none,No,0.0,0.0,0.0,No,No,0.0,0.0,,no,5739.0,,,3425.0,0.0,0.0,0.0,0.0,0.0,0.0,2.5,0.0,House_Detached_2.0
OVO,EOH0825,RH5,,Retired,Pensioner,"30,001 - 40,000",2020-09-01T00:00:00.000Z,Owner-Occupied,25.0,DE,2.0,29/09/2020,,Rural,Pre 1919,,2.0,,,16.0,6.0,16.0,,,,,,Yes,Gas,Gas Boiler - Standard,Fire - Gas,,,,,,Yes - Ground Loop,,,,,,,,,,,,,,,None - Installation not recommended,,,,,,,,,,,,,,,,,,,,,,,,,,,,,,,,,,,,,,,,,,,,,,,,House_Detached_3.0
OVO,EOH2959,KT18,68.0,Retired,Pensioner,Prefer not to say,2021-06-09T00:00:00.000Z,Rented (Social),10.0,DE,1.0,14/03/2021,Retrofitworks,Urban,1991-2000,D,1.0,0.0,47.0,2.0,1.0,3.0,2.38,Cavity_Insulated,Suspended,Pitched,Double,No,Electricity,Electric - Storage,Electric - Storage,Water,100,0.0,0.0,0.0,Yes - Borehole,Yes,,,2.664,36.0,5525.0,1798.0,0.0,,,No,Yes with additional measures,No,No,GSHP,Heat Emitters,15920.96,3887.25,320.96,17.0,,Yes,24/07/2021,Kensa,GSHP,Shared_Groundloop,Kensa,S6-P0K,3.0,R134a,,PCM_New,,10.5,1.0,0.0,5.0,0.0,,,No,0.0,0.0,0.0,No,No,0.0,0.0,,No,2907.89,1982.51,8530.78,3887.25,0.0,0.0,0.0,0.0,0.0,0.0,3.0,0.0,Flat_Flat_1.0
E.ON,EOH1329,NE3,,Working Full time (>30hrs),Manager,"50,001+",2020-11-05T00:00:00.000Z,Owner-Occupied,0.9,AB,3.0,23/11/2020,Phoenix,Urban,2003 - 2006,D,2.0,4.0,190.0,7.0,5.0,11.0,2.4,Cavity_Insulated,Solid,Pitched,Double,Yes,Gas,Gas Boiler - Combi,Fire - Gas,,,0.0,1.0,1.0,No,No,3949.0,25922.0,,,,,,,,No,No,Yes with additional measures,No,None - Installation not recommended,,,,,,,,,,,,,,,,,,,,,,,,,,,,,,,,,,,,,,,,,,,,,,,,House_Semi-Detached_2.0
E.ON,EOH2397,NE5,45.0,Working Full time (>30hrs),Professional,"50,001+",2021-02-05T00:00:00.000Z,Owner-Occupied,20.0,C1,5.0,26/02/2021,Phoenix,Urban,1967 - 1975,C,2.0,0.0,74.0,3.0,2.0,6.0,2.6,Cavity_Insulated,Suspended,Pitched,Double,Yes,Gas,Gas Boiler - Combi,,,,0.0,0.0,0.0,No,No,2315.0,12314.0,4.32,58.4,8656.5,2636.0,0.0,50.0,3.02,No,No,No,Yes with additional measures,Hybrid,Loft Insulation,10799.27,500.0,490.0,14.0,4.0,Yes,08/05/2021,Phoenix,Hybrid,Separate_New Boiler,Daikin,EHY2KOMB28AA,4.0,R32,,,,,1.0,7.0,0.0,0.0,none,none,No,0.0,0.0,0.0,No,Yes,0.0,0.0,,no,5739.82,,,3424.27,0.0,500.0,0.0,0.0,0.0,0.0,2.0,0.5,House_Semi-Detached_2.0
OVO,EOH0618,BN26,44.0,Working Full time (>30hrs),Manager,"50,001+",2020-12-08T00:00:00.000Z,Owner-Occupied,6.0,AB,4.0,05/11/2020,Retrofitworks,Suburban,1965-1980,,2.0,1.0,113.0,7.0,5.0,9.0,2.4,Cavity_Insulated,Suspended,Pitched,Double,Yes,Gas,Gas Boiler - Standard,Fire - Wood,,,0.0,0.0,0.0,No,No,5834.0,17422.0,9.35,73.23,26864.86,4745.0,1882.94,45.0,3.42,Yes,No,Yes,Yes,ASHP,,11638.0,1980.0,1363.34,14.0,,Yes,02/02/2021,Northern Gas,ASHP,,Daikin,EDLQ014CV3,14.0,R410A,,Water_New,250.0,,1.0,0.0,7.0,0.0,,,No,0.0,0.0,0.0,No,No,0.0,0.0,,No,6230.52,1792.59,3795.68,833.49,0.0,0.0,0.0,0.0,0.0,0.0,5.0,2.0,House_Detached_2.0
Warmworks,EOH1018,FK4,59.0,Working Full time (>30hrs),Professional,"50,001+",2020-06-29T00:00:00.000Z,Owner-Occupied,20.0,C1,2.0,30/08/2020,Warmworks,Rural,1991-2000,C,3.0,0.0,104.88,5.0,3.0,5.0,2.38,Cavity_Insulated,Suspended,Pitched,Double,Yes,Gas,Gas Boiler - Combi,,,,0.0,0.0,1.0,No,No,14885.0,,8.8,93.0,20162.0,3937.0,0.0,50.0,3.92,Yes,No,Yes,No,ASHP,,,,909.54,18.0,5.0,Yes,21/06/2021,Everwarm,HT_ASHP,,Vaillant,VWL 125/6 A 230V S2,12.0,R290,0.0,PCM_New,,10.5,1.0,,10.0,0.0,,Low Noise Heat Pump,No,0.0,0.0,0.0,No,No,0.0,0.0,,No,17943.13,3870.96,1610.23,2705.76,,,,,,,3.0,0.0,House_Detached_2.0
Warmworks,EOH0745,EH5,36.0,Working Full time (>30hrs),Manager,Prefer not to say,2020-07-06T00:00:00.000Z,Owner-Occupied,0.4,C1,2.0,06/08/2020,Warmworks,Urban,1981-1990,C,2.0,2.0,94.94,4.0,3.0,4.0,,Cavity_No_insulation,Suspended,Pitched,Double,Yes,Gas,Gas Boiler - Standard,,Water,Normal (90-130l),0.0,0.0,1.0,No,No,,,7.0,93.0,20814.0,3821.0,0.0,50.0,3.65,Yes,No,Yes,No,HT_ASHP,,,,1153.0,15.0,5.0,Yes,28/10/2020,Everwarm,HT_ASHP,,Vaillant,VWL 75/6 A 230V S2,7.0,R290,0.0,Water_New,150.0,,1.0,,1.0,0.0,,Low Noise Heat Pump,No,0.0,0.0,0.0,No,No,0.0,0.0,,No,11215.18,3508.27,1610.23,2705.76,,,,,,,2.0,0.0,House_Semi-Detached_2.0
OVO,EOH1978,ME16,70.0,Retired,Pensioner,"50,001+",2020-07-02T00:00:00.000Z,Owner-Occupied,24.0,DE,4.0,22/12/2020,,Suburban,1981-1990,,2.0,0.0,,6.0,4.0,12.0,,,,Pitched,Double,Yes,Gas,Gas Boiler - Standard,,,,0.0,0.0,1.0,No,No,,,,,,,,,,No,No,No,No,None - Installation not recommended,,,,,,,,,,,,,,,,,,,,,,,,,,,,,,,,,,,,,,,,,,,,,,,,House_Detached_2.0
E.ON,EOH1623,DL14,,Working Full time (>30hrs),Professional,"50,001+",2021-03-16T00:00:00.000Z,Owner-Occupied,4.0,AB,5.0,14/04/2021,Energist,Urban,1900 - 1929,,3.0,0.0,160.0,12.0,3.0,12.0,2.4,Solid_No_insulation,Solid,Pitched,Double,Yes,Gas,Gas Boiler - Combi,,,,0.0,0.0,1.0,No,No,,,,,,,,,,,,,,,,,,,,,No,,,,,,,,,,,,,,,,,,,,,,,,,,,,,,,,,,,,,,,,,House_Detached_2.0
OVO,EOH1362,RG8,51.0,Working Part time,Skilled Manual Worker,"40,001 - 50,000",2020-07-30T00:00:00.000Z,Owner-Occupied,10.0,C2,4.0,27/01/2021,Retrofitworks,Suburban,Pre 1919,,2.0,0.0,51.76,5.0,2.0,5.0,2.35,Solid_Insulated,Solid,Pitched,Double,Yes,Gas,Gas Boiler - Standard,Fire - Wood,,,1.0,0.0,0.0,No,No,,,4.54,83.0,11413.21,2920.0,817.93,,,Yes with additional measures,No,Yes with additional measures,Yes with additional measures,ASHP,Heat Emitters,7439.51,504.52,562.09,14.0,,No,,,,,,,,,,,,,,,,,,,,,,,,,,,,,,,,,,,,,,,,,House_Mid-Terrace_2.0
OVO,EOH2727,CT2,72.0,Retired,Pensioner,Prefer not to say,2020-07-21T00:00:00.000Z,Owner-Occupied,15.0,DE,4.0,01/03/2021,Retrofitworks,Suburban,1945-1964,,2.0,0.0,125.57,7.0,3.0,7.0,2.4,Cavity_No_insulation,Solid,Pitched,Double,Yes,Gas,Gas Boiler - Standard,,,,0.0,0.0,0.0,No,No,,,,,,,,,,,,,,,,,,,,,No,,,,,,,,,,,,,,,,,,,,,,,,,,,,,,,,,,,,,,,,,House_Detached_2.0
Warmworks,EOH2897,EH46,52.0,Working Full time (>30hrs),Clerical,Prefer not to say,2021-05-26T00:00:00.000Z,Rented (Social),20.0,DE,3.0,12/07/2021,Warmworks,Suburban,1991-2000,D,2.0,2.0,95.54,5.0,3.0,,2.6,Cavity_Insulated,Suspended,Pitched,Double,,Electricity,Electric - Storage,Electric - Storage,Water,Large (> 170l),0.0,0.0,0.0,No,No,,,7.0,63.0,9651.0,4075.0,0.0,50.0,3.65,Yes,No,Yes,No,ASHP,,,,800.0,14.0,,Yes,14/09/2021,TK Murray,HT_ASHP,,Vaillant,VWL 75/6 A 230V S2,7.0,R290,0.0,Water_New,200.0,,1.0,,9.0,0.0,,Low Noise Heat Pump,No,0.0,0.0,0.0,,No,0.0,0.0,,No,11215.17,3572.208,1610.23,2435.18,,,,,,,2.0,0.0,House_End-Terrace_2.0
Warmworks,EOH1243,EH4,39.0,Working Full time (>30hrs),Semi and unskilled manual worker,"50,001+",2020-08-13T00:00:00.000Z,Owner-Occupied,2.0,DE,2.0,06/09/2020,Warmworks,Urban,1919-1944,C,2.0,1.0,108.62,5.0,2.0,5.0,2.6,Cavity_Insulated,Suspended,Pitched,Double,Yes,Gas,Gas Boiler - Combi,,,,0.0,0.0,1.0,No,No,,23311.0,7.3,90.0,23907.0,3821.0,0.0,,,No,No,Yes,Yes,HT_ASHP,,,,1231.42,15.0,5.0,No,,,,,,,,,,,,,,,,,,,,,,,,,,,,,,,,,,,,,,,,,House_Mid-Terrace_2.0
Warmworks,EOH2811,EH16,65.0,Retired,Pensioner,"0 - 12,500",2021-04-26T00:00:00.000Z,Owner-Occupied,35.0,DE,4.0,13/06/2021,Restricted Data,Urban,1945-1964,D,2.0,0.0,97.77,6.0,3.0,6.0,2.27,Cavity_Insulated,Solid,Pitched,Double,Yes,Gas,Gas Boiler - Combi,Electric - Direct,,,0.0,0.0,0.0,No,No,,,5.6,,14187.0,2865.0,0.0,,,Yes,No,Yes,Yes,HT_ASHP,,,,690.0,18.0,5.0,No,,,,,,,,,,,,,,,,,,,,,,,,,,,,,,,,,,,,,,,,,House_Detached_2.0
E.ON,EOH3048,NE6,,Prefer not to say,Prefer not to say,Prefer not to say,2020-09-09T00:00:00.000Z,Rented (Social),,DE,1.0,03/09/2020,E.ON,Suburban,1900 - 1929,D,1.0,1.0,72.0,3.0,2.0,3.0,2.5,Cavity_Insulated,Solid,Pitched,Double,Yes,Gas,Gas Boiler - Combi,Electric - Direct,,,0.0,0.0,0.0,Yes - Ground Loop,Yes,,,5.603,77.81,11220.0,3356.0,491.0,45.0,3.57,Yes,No,No,Yes,ASHP,None Required,12232.0,,614.0,14.3,3.8,Yes,11/12/2020,Aaron Services,ASHP,,Daikin,EDLQ07CAV3,7.0,R410A,,Water_new,180.0,,1.0,8.0,1.0,0.0,none,none,No,0.0,0.0,0.0,Yes,No,0.0,0.0,,no,5648.01,1752.34,,3055.66,0.0,0.0,0.0,0.0,0.0,0.0,2.5,,House_Mid-Terrace_2.0
OVO,EOH0763,SO45,50.0,Working Part time,Clerical,"30,001 - 40,000",2020-08-09T00:00:00.000Z,Owner-Occupied,21.0,C1,3.0,12/02/2021,Retrofitworks,Suburban,1945-1964,E,3.0,0.0,70.0,3.0,2.0,3.0,2.42,Cavity_No_insulation,Suspended,Pitched,Double,No,Electricity,Electric - Storage,,Water,100,0.0,0.0,0.0,No,No,,,,,,,,,,No,No,No,No,None - Installation not recommended,,,,,,,,,,,,,,,,,,,,,,,,,,,,,,,,,,,,,,,,,,,,,,,,Maisonette_Detached_1.0
E.ON,EOH1828,NE3,63.0,Working Full time (>30hrs),Professional,"50,001+",2020-08-19T00:00:00.000Z,Owner-Occupied,20.0,AB,4.0,09/10/2020,Phoenix,Urban,1930 - 1949,,1.0,0.0,179.0,6.0,4.0,15.0,2.7,Cavity_Insulated,Suspended,Pitched,Double,Yes,Gas,Gas Boiler - Standard,Fire - Gas,Water,117,0.0,1.0,1.0,No,No,1254.0,211.0,,,,,,,,No,No,No,Yes,Hybrid,,,,,,,No,,,,,,,,,,,,,,,,,,,,,,,,,,,,,,,,,,,,,,,,,House_Semi-Detached_2.0
E.ON,EOH1433,NE7,65.0,Retired,Pensioner,"30,001 - 40,000",2020-10-13T00:00:00.000Z,Owner-Occupied,20.0,DE,3.0,26/10/2020,Phoenix,Urban,1996 - 2002,C,4.0,0.0,149.0,6.0,4.0,14.0,2.4,Cavity_Insulated,Solid,Pitched,Double,Yes,Gas,Gas Boiler - Combi,,,,0.0,0.0,0.0,No,No,8355.0,18990.0,,,,,,,,No,No,No,No,None - Installation not recommended,,,,,,,,,,,,,,,,,,,,,,,,,,,,,,,,,,,,,,,,,,,,,,,,House_Detached_2.0
Warmworks,EOH0529,TD6,83.0,Retired,Pensioner,"30,001 - 40,000",2020-09-07T00:00:00.000Z,Owner-Occupied,11.0,DE,1.0,14/10/2020,Warmworks,Urban,1981-1990,B,2.0,0.0,184.99,7.0,4.0,7.0,,Cavity_No_insulation,Suspended,Pitched,Double,Yes,Gas,Gas Boiler - Standard,,Water,Medium (131-170l),0.0,0.0,0.0,No,No,1543.0,33881.0,9.7,131.4,29007.0,5679.0,0.0,,,Yes,No,Yes,Yes,HT_ASHP,,,,1350.0,15.0,5.0,No,,,,,,,,,,,,,,,,,,,,,,,,,,,,,,,,,,,,,,,,,House_Detached_2.0
E.ON,EOH2991,NE4,77.0,Retired,Pensioner,"16,201 - 20,000",2020-11-18T00:00:00.000Z,Owner-Occupied,1.0,DE,2.0,08/12/2020,Phoenix,Urban,1930 - 1949,E,3.0,0.0,88.0,5.0,3.0,8.0,2.5,Cavity_Insulated,Suspended,Pitched,Double,Yes,Gas,Gas Boiler - Combi,Fire - Electric,,,0.0,0.0,1.0,No,No,1500.0,13400.0,6.768,87.19,13610.0,3820.0,0.0,55.0,2.96,No,No,No,Yes,Hybrid,None Required,10447.65,,671.0,14.3,3.8,Yes,12/02/2021,Phoenix,Hybrid,Separate_New Boiler,Daikin,EHY2KOMB28AA,4.0,R32,,,,,1.0,7.0,0.0,1.0,none,none,No,0.0,0.0,0.0,No,No,0.0,0.0,,no,5739.82,,,3072.65,0.0,0.0,0.0,0.0,0.0,0.0,2.5,0.0,House_Semi-Detached_2.0
Warmworks,EOH0817,EH10,58.0,Working Full time (>30hrs),Manager,"40,001 - 50,000",2020-07-21T00:00:00.000Z,Owner-Occupied,5.0,C2,2.0,18/08/2020,Everwarm,Suburban,1919-1944,D,2.0,2.0,146.13,6.0,3.0,6.0,2.725,Cavity_Insulated,Suspended,Pitched,Double,Yes,Gas,Gas Boiler - Combi,Fire - Wood,,,0.0,0.0,0.0,No,No,,,,,,,,,,No,No,Yes with additional measures,Yes with additional measures,HT_ASHP,,,,,,,No,,,,,,,,,,,,,,,,,,,,,,,,,,,,,,,,,,,,,,,,,House_Semi-Detached_2.0
OVO,EOH1826,TN63,48.0,Working Full time (>30hrs),Professional,"50,001+",2020-08-08T00:00:00.000Z,Owner-Occupied,5.0,C1,5.0,28/11/2020,Retrofitworks,Rural,2001+,,2.0,1.0,292.01,8.0,5.0,8.0,2.33,Cavity_Insulated,Solid,Pitched,Double,No,LPG,LPG Boiler,Fire - Wood,Water,200,13.0,0.0,0.0,Yes - Ground Loop,No,11913.0,,8.53,28.46,22759.0,4585.0,163.0,45.0,3.32,Yes,No,Yes,Yes,ASHP,,13536.0,0.0,1383.43,15.0,,Yes,22/02/2021,Reina Group,ASHP,,Daikin,EDLQ014CV3,14.0,R410A,,Water_New,300.0,,1.0,0.0,0.0,0.0,,,No,0.0,0.0,0.0,No,No,0.0,0.0,,No,7042.7,1386.0,3612.3,0.0,0.0,0.0,0.0,0.0,0.0,0.0,4.0,0.0,House_Detached_3.0
Warmworks,EOH0380,EH33,62.0,Working Full time (>30hrs),Supervisor,"40,001 - 50,000",2020-10-06T00:00:00.000Z,Owner-Occupied,19.0,C2,4.0,05/11/2020,Warmworks,Urban,1991-2000,C,2.0,0.0,157.16,8.0,4.0,8.0,,Cavity_Insulated,Suspended,Pitched,Double,Yes,Gas,Gas Boiler - Combi,,,,0.0,0.0,1.0,No,No,,,10.2,71.1,25893.0,4776.0,0.0,50.0,3.92,Yes,No,Yes,Yes,HT_ASHP,,,,1624.85,18.0,5.0,Yes,31/05/2021,Everwarm,HT_ASHP,,Vaillant,VWL 125/6 A 230V S2,12.0,R290,0.0,Water_New,200.0,,1.0,,15.0,0.0,,Low Noise Heat Pump,No,0.0,0.0,0.0,No,No,0.0,0.0,,No,17943.13,3572.208,1610.23,4058.64,,,,,,,3.0,0.0,House_Detached_2.0
Warmworks,EOH0243,EH14,39.0,Working Full time (>30hrs),Professional,"50,001+",2020-07-08T00:00:00.000Z,Owner-Occupied,3.5,AB,1.0,27/07/2020,Warmworks,Rural,1945-1964,D,2.0,2.0,120.35,5.0,3.0,5.0,2.6,Cavity_Insulated,Suspended,Pitched,Double,Yes,Gas,Gas Boiler - Combi,,,,0.0,0.0,1.0,No,No,,,,,,,,,,Yes,No,Yes,Yes,Hybrid,,,,,,,No,,,,,,,,,,,,,,,,,,,,,,,,,,,,,,,,,,,,,,,,,House_Semi-Detached_2.0
E.ON,EOH0034,DH1,,Working Full time (>30hrs),Professional,"25,001 - 30,000",2021-03-29T00:00:00.000Z,Owner-Occupied,0.9,C1,5.0,28/04/2021,Energist,Urban,1967 - 1975,,2.0,1.0,92.0,6.0,3.0,6.0,2.4,Cavity_Insulated,Suspended,Pitched,Double,Yes,Gas,Gas Boiler - Combi,,,,0.0,1.0,1.0,No,No,,,3.8,57.58,10761.0,3416.0,0.0,45.0,3.77,No,No,Yes,No,HT_ASHP,None Required,12503.4,,766.0,15.0,5.0,Yes,25/05/2021,Energist,HT_ASHP,,Vaillant,VWL 55/6 A 230V S2,5.0,R290,,Water_new,200.0,,1.0,4.0,0.0,0.0,none,none,No,0.0,0.0,0.0,No,No,0.0,0.0,,no,5623.74,1752.0,,2030.0,0.0,0.0,0.0,0.0,0.0,0.0,2.0,0.0,House_Semi-Detached_2.0
E.ON,EOH1285,NE61,45.0,Working Full time (>30hrs),Skilled Manual Worker,"50,001+",2021-02-26T00:00:00.000Z,Owner-Occupied,0.9,C2,5.0,11/04/2021,Phoenix,Urban,1967 - 1975,,2.0,2.0,129.0,9.0,4.0,9.0,2.4,Cavity_Insulated,Suspended,Pitched,Double,Yes,Gas,Gas Boiler - Combi,,,,0.0,1.0,1.0,No,No,,,10.259,60.7,25656.0,3416.0,0.0,40.0,4.58,No,No,Yes,No,HT_ASHP,None Required,13759.66,,1141.0,12.9,3.9,Yes,19/05/2021,Energist,HT_ASHP,,Vaillant,VWL 105/6 A 230V S2,10.0,R290,,Water_new,250.0,,1.0,0.0,0.0,0.0,none,none,No,0.0,0.0,0.0,No,No,0.0,0.0,,no,6535.0,1752.0,,2000.0,,0.0,0.0,0.0,0.0,0.0,3.0,0.0,House_Detached_2.0
OVO,EOH2713,TN33,31.0,Working Full time (>30hrs),Manager,"50,001+",2021-01-25T00:00:00.000Z,Owner-Occupied,,C1,4.0,23/02/2021,Retrofitworks,Rural,Pre 1919,,2.0,0.0,282.0,7.0,1.0,7.0,2.6,Solid_No_insulation,Solid,Pitched,Double,No,Electricity,Electric - Warm air,,Water,200,0.0,0.0,0.0,No,No,,,18.09,64.14,43424.0,3353.0,127.0,45.0,3.77,Yes,No,Yes,Yes,ASHP,,14340.28,15.0,2410.0,15.0,,Yes,09/02/2021,OHM Energy,ASHP,,Mitsubishi,PUZ-HWM140VHA,14.0,R32,,Water_New,300.0,,1.0,0.0,0.0,0.0,,Low Noise Heat Pump,No,0.0,0.0,0.0,No,No,0.0,0.0,,No,6405.2,2205.0,3690.08,0.0,0.0,0.0,0.0,0.0,0.0,0.0,14.0,0.0,House_Detached_2.0
Warmworks,EOH0599,TD8,46.0,Working Full time (>30hrs),Casual worker,Prefer not to say,2020-12-14T00:00:00.000Z,Rented (Social),4.0,DE,1.0,12/01/2021,Warmworks,Rural,1945-1964,C,1.0,0.0,51.85,2.0,1.0,2.0,2.39,Cavity_Insulated,Suspended,Pitched,Double,Yes,Gas,Gas Boiler - Combi,,,,0.0,0.0,0.0,No,No,,,,,,,,,,Yes,No,Yes,Yes,ASHP,,,,,,,No,,,,,,,,,,,,,,,,,,,,,,,,,,,,,,,,,,,,,,,,,House_Mid-Terrace_1.0
E.ON,EOH0651,NE3,,Working Full time (>30hrs),Professional,"50,001+",2020-11-12T00:00:00.000Z,Owner-Occupied,3.0,AB,5.0,03/12/2020,Phoenix,Urban,1930 - 1949,D,2.0,2.0,133.0,6.0,4.0,9.0,2.4,Cavity_Insulated,Suspended,Pitched,Double,Yes,Gas,Gas Boiler - Combi,,,,0.0,0.0,0.0,No,No,6584.0,16000.0,7.56,56.85,8837.4,4457.0,0.0,49.0,3.03,No,No,No,Yes,Hybrid,Barrier,10800.04,300.0,741.0,14.3,3.8,Yes,16/08/2021,Phoenix,Hybrid,Separate_New Boiler,Daikin,EJHA04AAV3,4.0,R32,,,,,1.0,8.0,0.0,0.0,,,No,0.0,0.0,0.0,No,No,0.0,0.0,,no,5739.82,,,2251.5,,0.0,0.0,0.0,0.0,0.0,3.0,,House_Semi-Detached_2.0
OVO,EOH2908,GU51,65.0,Working Full time (>30hrs),Unemployed/Benefits,"50,001+",2020-07-06T00:00:00.000Z,Owner-Occupied,9.0,AB,4.0,24/10/2020,Retrofitworks,Suburban,2001+,C,4.0,0.0,201.05,8.0,5.0,8.0,2.69,Cavity_Insulated,Solid,Pitched,Double,Yes,Gas,Gas Boiler - Standard,,Water,300,6.0,0.0,0.0,Yes - Borehole,Yes,10788.0,23365.9,4.84,,5990.2,,,,,Yes,No,Yes,Yes,ASHP,,10500.0,,840.0,,,No,,,,,,,,,,,,,,,,,,,,,,,,,,,,,,,,,,,,,,,,,House_Detached_3.0
OVO,EOH3098,GU4,57.0,Working Full time (>30hrs),Professional,"50,001+",2020-12-16T00:00:00.000Z,Owner-Occupied,20.0,AB,5.0,17/02/2021,Retrofitworks,Suburban,Pre 1919,,3.0,0.0,133.0,7.0,4.0,7.0,2.4,Solid_Insulated,Suspended,Pitched,Double,Yes,Gas,Gas Boiler - Standard,,Water,300,0.0,0.0,1.0,No,No,,,,,,,,,,,,,,None - Installation not recommended,,,,,,,,,,,,,,,,,,,,,,,,,,,,,,,,,,,,,,,,,,,,,,,,House_Detached_2.0
Warmworks,EOH1392,KY11,37.0,Working Full time (>30hrs),Supervisor,Prefer not to say,2021-03-13T00:00:00.000Z,Owner-Occupied,5.0,C1,1.0,01/06/2021,Warmworks,Suburban,1965-1980,C,2.0,0.0,70.4,4.0,3.0,4.0,2.3,Cavity_No_insulation,Suspended,Pitched,Double,Yes,Gas,Gas Boiler - Combi,,,,0.0,0.0,0.0,No,No,1802.0,11803.0,4.7,69.0,15218.0,2953.0,0.0,50.0,3.41,Yes,No,Yes,Yes,ASHP,,,,769.5,18.0,5.0,Yes,31/08/2021,Everwarm,HT_ASHP,,Vaillant,VWL 55/6 A 230V S2,5.0,R290,0.0,Water_New,150.0,,1.0,8.0,,0.0,,Low Noise Heat Pump,No,0.0,0.0,0.0,No,No,0.0,0.0,,No,7655.16,3508.27,1610.23,2164.6,,,,,,,2.0,0.0,House_Mid-Terrace_2.0
Warmworks,EOH2559,EH9,60.0,Working Full time (>30hrs),Manager,"50,001+",2020-10-06T00:00:00.000Z,Owner-Occupied,8.0,AB,2.0,05/11/2020,Warmworks,Urban,1965-1980,D,2.0,1.0,128.98,6.0,4.0,6.0,,Cavity_Insulated,Suspended,Flat,Double,Yes,Gas,Gas Boiler - Combi,,,,0.0,0.0,0.0,No,No,,,,,,,,,,Yes,No,Yes,Yes,None - Installation not recommended,,,,,,,,,,,,,,,,,,,,,,,,,,,,,,,,,,,,,,,,,,,,,,,,House_Mid-Terrace_3.0
Warmworks,EOH1479,KY12,32.0,Working Full time (>30hrs),Professional,"50,001+",2020-07-02T00:00:00.000Z,Owner-Occupied,1.0,C1,3.0,05/08/2020,Warmworks,Urban,1965-1980,D,2.0,0.0,100.0,4.0,3.0,4.0,2.6,Cavity_Insulated,Suspended,Pitched,Double,Yes,Gas,Gas Boiler - Combi,,,,0.0,0.0,1.0,No,No,3798.0,9000.0,,,,,,,,No,No,Yes,Yes,None - Installation not recommended,,,,,,,,,,,,,,,,,,,,,,,,,,,,,,,,,,,,,,,,,,,,,,,,House_Detached_2.0
E.ON,EOH1065,NE15,69.0,Retired,Pensioner,"30,001 - 40,000",2020-10-20T00:00:00.000Z,Owner-Occupied,40.0,DE,2.0,23/10/2020,Phoenix,Urban,1983 - 1990,,2.0,0.0,112.0,5.0,4.0,12.0,2.4,Cavity_No_insulation,Solid,Pitched,Double,Yes,Gas,Gas Boiler - Standard,,Water,110,0.0,0.0,1.0,No,No,2330.0,19285.0,,,,,,,,No,No,No,No,None - Installation not recommended,,,,,,,,,,,,,,,,,,,,,,,,,,,,,,,,,,,,,,,,,,,,,,,,House_Semi-Detached_3.0
OVO,EOH0183,RG10,42.0,Working Full time (>30hrs),Professional,Prefer not to say,2020-07-10T00:00:00.000Z,Owner-Occupied,1.0,AB,4.0,22/02/2021,Retrofitworks,Suburban,1965-1980,,2.0,1.0,105.4,7.0,4.0,7.0,2.4,Cavity_Insulated,Suspended,Pitched,Double,Yes,Gas,Gas Boiler - Standard,,Water,150,0.0,0.0,1.0,No,No,,,,,,,,,,,,,,None - Installation not recommended,,,,,,,,,,,,,,,,,,,,,,,,,,,,,,,,,,,,,,,,,,,,,,,,House_Detached_2.0
E.ON,EOH0594,NE3,47.0,Working Full time (>30hrs),Professional,"40,001 - 50,000",2021-02-01T00:00:00.000Z,Owner-Occupied,4.0,AB,1.0,16/02/2021,Phoenix,Urban,1930 - 1949,C,2.0,1.0,90.0,5.0,3.0,10.0,2.4,Cavity_Insulated,Solid,Pitched,Double,Yes,Gas,Gas Boiler - Combi,,,,0.0,0.0,1.0,No,No,,,4.501,68.23,10430.0,2636.0,0.0,,,Yes,No,Yes,Yes,Hybrid,Loft Insulation,9690.87,500.0,509.0,14.3,3.8,No,,,,,,,,,,,,,,,,,,,,,,,,,,,,,,,,,,,,,,,,,House_Semi-Detached_2.0
Warmworks,EOH0682,EH46,38.0,Working Full time (>30hrs),Semi and unskilled manual worker,"12,501 - 16,200",2021-05-27T00:00:00.000Z,Rented (Social),,DE,2.0,12/07/2021,Warmworks,Suburban,1991-2000,D,2.0,2.0,86.28,5.0,3.0,5.0,2.6,Cavity_Insulated,Suspended,Pitched,Double,,Electricity,Electric - Storage,Electric - Storage,Water,Large (> 170l),0.0,0.0,0.0,No,No,,,5.0,60.0,7546.0,4075.0,0.0,50.0,3.41,Yes,No,Yes,No,ASHP,,,,712.0,14.0,,Yes,06/09/2021,TK Murray,HT_ASHP,,Vaillant,VWL 55/6 A 230V S2,5.0,R290,0.0,Water_New,200.0,,1.0,,9.0,0.0,,Low Noise Heat Pump,No,0.0,0.0,0.0,,No,0.0,0.0,,No,11215.17,3572.208,1610.23,2435.18,,,,,,,2.0,0.0,House_Semi-Detached_2.0
Warmworks,EOH2016,ML12,61.0,Unemployed,Unemployed/Benefits,Prefer not to say,2020-07-27T00:00:00.000Z,Owner-Occupied,9.0,DE,5.0,01/09/2020,Warmworks,Rural,Pre 1919,G,1.0,0.0,106.5,3.0,,3.0,2.5,Cavity_No_insulation,Solid,Pitched,Double,No,,Electric - Direct,,Water,,1.0,0.0,0.0,No,No,,,,,,,,,,Yes,No,Yes,No,None - Installation not recommended,,,,,,,,,,,,,,,,,,,,,,,,,,,,,,,,,,,,,,,,,,,,,,,,House_Mid-Terrace_2.0
E.ON,EOH1615,NE20,51.0,Working Full time (>30hrs),Professional,"50,001+",2021-04-26T00:00:00.000Z,Owner-Occupied,3.0,AB,2.0,29/04/2021,Phoenix,Urban,1967 - 1975,D,2.0,2.0,187.0,8.0,5.0,11.0,2.6,Cavity_Insulated,Suspended,Pitched,Double,Yes,Gas,Gas Boiler - Standard,,Water,250,0.0,1.0,1.0,No,No,,,10.592,56.64,25635.7,5153.0,759.0,,,Yes,No,Yes,Yes,None - Installation not recommended,None Required,16888.31,0.0,1526.0,14.3,3.8,,,,,,,,,,,,,,,,,,,,,,,,,,,,,,,,,,,,,,,,,,House_Detached_2.0
E.ON,EOH0047,DH9,,Working Full time (>30hrs),Professional,"50,001+",2021-03-11T00:00:00.000Z,Owner-Occupied,0.9,AB,4.0,15/03/2021,Energist,Rural,1996 - 2002,,2.0,1.0,164.0,8.0,3.0,10.0,3.6,Cavity_Insulated,Suspended,Pitched,Double,Yes,Gas,Gas Boiler - Combi,,,,0.0,0.0,0.0,No,No,,,5.995,40.23,15749.0,3496.0,499.0,45.0,3.91,Yes,No,Yes,Yes,ASHP,None Required,13770.67,,757.0,12.9,4.2,Yes,07/05/2021,Energist,HT_ASHP,,Vaillant,VWL 75/6 A 230V S2,7.0,R290,,Water_new,200.0,,,11.0,0.0,0.0,none,none,No,0.0,0.0,0.0,No,No,0.0,0.0,,no,6789.0,1752.0,,3055.83,0.0,0.0,0.0,0.0,0.0,0.0,4.0,0.0,House_Detached_2.0
E.ON,EOH1585,NE3,,Prefer not to say,Prefer not to say,Prefer not to say,2020-09-24T00:00:00.000Z,Rented (Social),0.9,DE,1.0,11/01/2021,E.ON,Suburban,1967 - 1975,,1.0,0.0,37.6,2.0,1.0,5.0,2.3,Solid_Insulated,Solid,Pitched,Double,No,Electricity,Electric - Storage,,Water,80,0.0,0.0,0.0,Yes - Borehole,Yes,,,2.463,65.5,6056.0,1910.0,191.0,,,No,Yes,No,No,GSHP,None Required,,14707.5,351.09,14.3,,Yes,22/10/2021,Groundheat,GSHP,Shared_Groundloop,Vaillant,20260514,3.0,R410A,900.0,Water_new,100.0,,1.0,6.0,0.0,0.0,none,none,No,0.0,0.0,0.0,No,No,0.0,0.0,,no,11605.06,1702.0,,2130.0,0.0,0.0,0.0,0.0,0.0,0.0,84.0,0.0,Flat_Flat_1.0
Warmworks,EOH1064,EH30,29.0,Working Full time (>30hrs),Supervisor,"50,001+",2020-06-29T00:00:00.000Z,Owner-Occupied,0.1,C1,3.0,15/07/2020,Warmworks,Urban,1965-1980,D,2.0,0.0,99.64,6.0,3.0,6.0,2.4,Cavity_No_insulation,Suspended,Pitched,Double,Yes,Gas,Gas Boiler - Standard,,Water,Normal (90-130l),5.0,0.0,0.0,No,No,4122.0,4000.0,,,,,,,,Yes,No,Yes,Yes,ASHP,,,,,,,No,,,,,,,,,,,,,,,,,,,,,,,,,,,,,,,,,,,,,,,,,House_Semi-Detached_2.0
Warmworks,EOH0795,EH21,66.0,Working Part time,Professional,"25,001 - 30,000",2020-08-26T00:00:00.000Z,Owner-Occupied,30.0,C1,3.0,28/09/2020,Warmworks,Suburban,1965-1980,D,1.0,0.0,81.1,4.0,2.0,4.0,2.38,Cavity_Insulated,Suspended,Pitched,Double,Yes,Gas,Gas Boiler - Combi,,,,0.0,0.0,1.0,No,No,1884.0,11278.0,5.0,77.8,14702.0,2865.0,0.0,,,Yes,No,Yes,No,None - Installation not recommended,,,,818.93,15.0,5.0,,,,,,,,,,,,,,,,,,,,,,,,,,,,,,,,,,,,,,,,,,House_End-Terrace_2.0
Warmworks,EOH1976,EH14,44.0,Working Full time (>30hrs),Skilled Manual Worker,"50,001+",2020-09-08T00:00:00.000Z,Owner-Occupied,6.0,C2,4.0,14/12/2020,Everwarm,Suburban,1965-1980,B,2.0,2.0,160.72,6.0,5.0,6.0,2.43,Cavity_Insulated,Suspended,Pitched,Double,Yes,Gas,Gas Boiler - Standard,Fire - Wood,Water,Normal (90-130l),0.0,0.0,1.0,No,No,,,9.7,68.4,23664.0,5731.0,0.0,,,Yes,Yes,Yes,Yes,HT_ASHP,,,,1605.21,18.0,5.0,No,,,,,,,,,,,,,,,,,,,,,,,,,,,,,,,,,,,,,,,,,House_Detached_2.0
OVO,EOH1107,OX14,51.0,Working Part time,Professional,"50,001+",2020-07-07T00:00:00.000Z,Owner-Occupied,7.0,AB,3.0,24/02/2021,Retrofitworks,Suburban,1965-1980,,2.0,1.0,183.0,8.0,4.0,8.0,2.4,Cavity_Insulated,Solid,Pitched,Double,Yes,Gas,Gas Boiler - Standard,,Water,160,0.0,0.0,0.0,No,No,,,,,,,,,,,,,,None - Installation not recommended,,,,,,,,,,,,,,,,,,,,,,,,,,,,,,,,,,,,,,,,,,,,,,,,House_Detached_2.0
E.ON,EOH0457,NE12,64.0,Working Part time,Skilled Manual Worker,"40,001 - 50,000",2021-07-30T00:00:00.000Z,Owner-Occupied,15.0,C2,2.0,09/08/2021,Energist,Suburban,1991 - 1995,,1.0,0.0,70.0,4.0,2.0,9.0,2.4,Cavity_Insulated,Solid,Pitched,Double,Yes,Gas,Gas Boiler - Combi,,,,0.0,0.0,0.0,No,No,,,4.51,64.4,13735.0,2622.0,0.0,45.0,3.77,Yes,No,Yes,Yes,ASHP,None Required,12832.96,,737.0,12.9,4.0,Yes,30/08/2021,Energist,HT_ASHP,,Vaillant,VWL 55/6 A 230V S2,5.0,R290,,Water_new,200.0,,1.0,7.0,0.0,1.0,,,No,0.0,0.0,0.0,No,No,0.0,0.0,,no,5589.0,1752.34,,2315.87,0.0,0.0,0.0,0.0,0.0,0.0,3.0,,House_Detached_1.0
Warmworks,EOH2101,KY1,39.0,Working Full time (>30hrs),Supervisor,"50,001+",2020-07-08T00:00:00.000Z,Owner-Occupied,7.0,C2,3.0,03/08/2020,Everwarm,Urban,2001+,C,2.0,1.0,97.28,4.0,3.0,4.0,2.39,Cavity_Insulated,Solid,Pitched,Double,Yes,Gas,Gas Boiler - Combi,,,,0.0,0.0,1.0,No,No,2142.0,9972.0,3.0,44.0,8700.0,3057.0,2256.0,45.0,3.86,Yes,No,Yes,No,ASHP,,,,903.0,15.5,3.0,Yes,29/10/2020,BRB Electrical Ltd,ASHP,,Mitsubishi,PUHZ-W85VHAA,8.5,R410A,0.0,Water_New,150.0,,1.0,10.0,,0.0,,Low Noise Heat Pump,No,0.0,0.0,0.0,No,No,0.0,0.0,,No,7655.16,3508.27,1610.23,2705.76,,,,,,,2.0,0.0,House_Mid-Terrace_2.0
E.ON,EOH1415,NE3,25.0,Working Full time (>30hrs),Manager,"30,001 - 40,000",2021-02-17T00:00:00.000Z,Owner-Occupied,3.0,AB,1.0,22/02/2021,Phoenix,Urban,1930 - 1949,,1.0,0.0,90.0,3.0,2.0,6.0,2.5,Solid_No_insulation,Suspended,Pitched,Double,Yes,Gas,Gas Boiler - Combi,,,,0.0,0.0,1.0,No,No,,,5.925,65.83,11874.9,3372.0,506.0,55.0,3.13,Yes,No,Yes,Yes,ASHP,Loft insulation,12065.57,500.0,814.0,14.3,3.8,Yes,28/05/2021,Aaron Services,ASHP,,Daikin,EDLQ07CAV3,7.0,R410A,,Water_new,200.0,,1.0,6.0,0.0,1.0,none,none,No,0.0,0.0,0.0,No,Yes,0.0,0.0,,no,5648.01,1752.0,,2887.66,0.0,500.0,0.0,0.0,0.0,0.0,2.5,0.5,House_Mid-Terrace_2.0
Warmworks,EOH2284,KY11,69.0,Working Full time (>30hrs),Professional,Prefer not to say,2020-10-08T00:00:00.000Z,Owner-Occupied,31.0,AB,5.0,20/10/2020,Warmworks,Suburban,1981-1990,B,2.0,0.0,279.85,9.0,5.0,9.0,,Cavity_No_insulation,Suspended,Pitched,Double,Yes,Gas,Gas Boiler - Standard,Gas Boiler - Standard,Water,Normal (90-130l),0.0,0.0,1.0,No,No,4949.0,33129.0,,,,,,,,Yes,No,Yes,Yes,None - Installation not recommended,,,,,,,,,,,,,,,,,,,,,,,,,,,,,,,,,,,,,,,,,,,,,,,,House_Detached_2.0
Warmworks,EOH2254,EH15,45.0,Working Full time (>30hrs),Manager,"50,001+",2020-09-03T00:00:00.000Z,Owner-Occupied,2.0,AB,3.0,06/11/2020,Warmworks,Suburban,1965-1980,B,2.0,2.0,79.7,5.0,3.0,5.0,,Cavity_Insulated,Suspended,Flat,Double,Yes,Gas,Gas Boiler - Combi,,,,0.0,0.0,0.0,No,No,,,6.3,82.0,19270.0,3566.0,1237.0,55.0,3.39,Yes,No,Yes,Yes,ASHP,,,,1310.0,14.0,3.0,Yes,06/05/2021,BRB Electrical Ltd,HT_ASHP,,Vaillant,VWL 75/6 A 230V S2,7.0,R290,0.0,Water_New,150.0,,1.0,,7.0,0.0,,Low Noise Heat Pump,No,0.0,0.0,0.0,Yes,No,0.0,0.0,,No,11215.17,3508.272,1610.23,1894.03,,,,,,,2.0,0.0,House_Semi-Detached_2.0
OVO,EOH0105,PO7,,Working Full time (>30hrs),Manager,"50,001+",2020-09-01T00:00:00.000Z,Owner-Occupied,10.0,AB,3.0,18/01/2021,Retrofitworks,Suburban,1965-1980,,2.0,1.0,116.48,7.0,4.0,7.0,2.4,Cavity_Insulated,Suspended,Pitched,Double,Yes,Gas,Gas Boiler - Standard,Fire - Wood,Water,90,1.0,0.0,1.0,No,No,,,7.61,69.63,24047.21,4745.0,1387.43,45.0,3.42,Yes,No,Yes,Yes,ASHP,Heat Emitters,10512.74,1723.05,1178.63,15.0,,Yes,22/02/2021,Northern Gas,ASHP,,Daikin,EDLQ011CV3,11.0,R410A,,Water_New,180.0,,1.0,0.0,9.0,0.0,,,No,0.0,0.0,0.0,No,No,0.0,0.0,,No,5860.33,1498.59,3670.73,1206.14,0.0,0.0,0.0,0.0,0.0,0.0,4.0,1.0,House_Detached_2.0
OVO,EOH2505,BN15,56.0,Working Full time (>30hrs),Skilled Manual Worker,"40,001 - 50,000",2021-06-05T00:00:00.000Z,Owner-Occupied,12.0,C2,5.0,16/06/2021,Retrofitworks,Suburban,1965-1980,D,2.0,0.0,88.0,5.0,3.0,6.0,2.45,Cavity_Insulated,Solid,Pitched,Double,Yes,Gas,Gas Boiler - Standard,,Water,200,6.0,1.0,0.0,No,No,,,5.4,70.86,13320.0,3549.0,108.0,50.0,3.82,Yes,No,Yes,Yes,ASHP,,13665.63,0.0,976.0,16.0,,Yes,28/06/2021,A Greener Alternative,ASHP,,Mitsubishi,PUZ-WM60VAA,6.0,R32,,Water_New,400.0,,1.0,0.0,0.0,0.0,,Low Noise Heat Pump,No,0.0,0.0,0.0,No,No,0.0,0.0,,No,5020.98,1510.25,4539.77,0.0,0.0,0.0,0.0,0.0,0.0,0.0,6.0,0.0,House_Detached_2.0
E.ON,EOH0676,NE15,64.0,Retired,Pensioner,"40,001 - 50,000",2020-10-16T00:00:00.000Z,Owner-Occupied,15.0,DE,5.0,12/11/2020,Phoenix,Urban,1900 - 1929,,2.0,0.0,100.0,4.0,2.0,6.0,2.5,Solid_No_insulation,Suspended,Pitched,Double,Yes,Gas,Gas Boiler - Combi,Fire - Wood,,,0.0,0.0,1.0,No,No,5857.0,11538.0,,,,,,,,No,No,No,No,None - Installation not recommended,,,,,,,,,,,,,,,,,,,,,,,,,,,,,,,,,,,,,,,,,,,,,,,,House_Semi-Detached_1.0
Warmworks,EOH1366,EH16,44.0,Working Part time,Professional,"50,001+",2021-03-25T00:00:00.000Z,Owner-Occupied,6.0,C1,5.0,07/05/2021,Warmworks,Urban,1919-1944,D,2.0,2.0,148.68,8.0,4.0,8.0,2.92,Cavity_Insulated,Suspended,Pitched,Double,Yes,Gas,Gas Boiler - Combi,,,,0.0,0.0,1.0,No,No,4668.0,25934.0,9.7,68.0,25909.0,3374.0,0.0,50.0,3.51,Yes,Yes,Yes,Yes,ASHP,,,,1237.0,18.0,5.0,Yes,02/08/2021,Everwarm,ASHP,,Mitsubishi,PUZ-HWM140VHA,14.0,R32,0.0,Water_New,200.0,,1.0,14.0,,0.0,,Low Noise Heat Pump,No,0.0,0.0,0.0,No,No,0.0,0.0,,No,8575.73,3572.21,1610.23,3788.06,,,,,,,2.0,0.0,House_Detached_2.0
Warmworks,EOH0272,TD6,46.0,Working Full time (>30hrs),Casual worker,Prefer not to say,2020-07-29T00:00:00.000Z,Rented (Social),20.0,DE,1.0,13/09/2020,Warmworks,Suburban,1965-1980,E,1.0,0.0,105.1,6.0,3.0,5.0,,Cavity_Insulated,Suspended,Pitched,Double,No,,Electric - Storage,Electric - Direct,Water,Normal (90-130l),0.0,0.0,0.0,No,No,,,,,,,,,,Yes,No,Yes,No,ASHP,,,,,,,No,,,,,,,,,,,,,,,,,,,,,,,,,,,,,,,,,,,,,,,,,House_Semi-Detached_2.0
Warmworks,EOH2250,KY3,59.0,Working Part time,Professional,"30,001 - 40,000",2020-08-21T00:00:00.000Z,Owner-Occupied,2.0,C1,2.0,23/09/2020,Warmworks,Suburban,1965-1980,C,1.0,0.0,122.64,6.0,3.0,6.0,2.33,Cavity_No_insulation,Suspended,Pitched,Double,Yes,Gas,Gas Boiler - Combi,,,,0.0,1.0,1.0,No,No,,,8.9,82.0,24233.0,2865.0,0.0,,,Yes,No,Yes,No,HT_ASHP,,,,1380.0,18.0,5.0,No,,,,,,,,,,,,,,,,,,,,,,,,,,,,,,,,,,,,,,,,,House_Detached_1.0
OVO,EOH2375,RH10,42.0,Working Full time (>30hrs),Manager,"50,001+",2020-07-02T00:00:00.000Z,Owner-Occupied,7.0,AB,5.0,10/12/2020,Retrofitworks,Suburban,1965-1980,,2.0,2.0,102.1,6.0,4.0,6.0,2.35,Cavity_Insulated,Solid,Pitched,Double,Yes,Gas,Gas Boiler - Standard,,Water,117,0.0,0.0,1.0,No,No,2200.0,11000.0,,,,,,,,,,,,None - Installation not recommended,,,,,,,,,,,,,,,,,,,,,,,,,,,,,,,,,,,,,,,,,,,,,,,,House_Detached_2.0
E.ON,EOH0607,NE16,33.0,Working Full time (>30hrs),Professional,"50,001+",2021-01-05T00:00:00.000Z,Owner-Occupied,2.0,AB,4.0,22/01/2021,Phoenix,Urban,1967 - 1975,,2.0,1.0,98.0,6.0,4.0,10.0,2.4,Cavity_Insulated,Suspended,Pitched,Double,Yes,Gas,Gas Boiler - Combi,,,,0.0,0.0,1.0,No,No,6000.0,15000.0,,,,,,,,Yes with additional measures,No,Yes with additional measures,No,None - Installation not recommended,,,,,,,,,,,,,,,,,,,,,,,,,,,,,,,,,,,,,,,,,,,,,,,,House_Semi-Detached_2.0
E.ON,EOH2232,NE7,60.0,Working Full time (>30hrs),Skilled Manual Worker,"40,001 - 50,000",2021-02-25T00:00:00.000Z,Owner-Occupied,21.0,C2,2.0,17/05/2021,Energist,Suburban,2012 onwards,D,2.0,0.0,109.0,8.0,4.0,14.0,2.4,Cavity_Insulated,Solid,Pitched,Double,Yes,Gas,Gas Boiler - Combi,Fire - Electric,,,0.0,0.0,0.0,No,No,,,5.496,50.42,14602.0,3496.0,0.0,45.0,3.91,Yes,No,Yes,Yes,ASHP,None Required,14612.88,,642.0,12.45,3.0,Yes,22/06/2021,Energist,HT_ASHP,,Vaillant,VWL 75/6 A 230V S2,7.0,R290,,Water_new,200.0,,1.0,15.0,0.0,0.0,none,none,No,0.0,0.0,0.0,No,No,0.0,0.0,,no,5889.0,1752.0,,3795.79,0.0,0.0,0.0,0.0,0.0,0.0,5.0,0.0,House_Detached_2.0
Warmworks,EOH3151,TD5,21.0,Working Full time (>30hrs),Professional,"12,501 - 16,200",2021-02-15T00:00:00.000Z,Rented (Social),12.0,C1,4.0,22/02/2021,Warmworks,Suburban,1945-1964,D,2.0,1.0,76.08,3.0,2.0,3.0,2.6,Cavity_Insulated,Suspended,Pitched,Double,Yes,,Gas Boiler - Combi,,,,0.0,0.0,0.0,No,No,,,5.0,81.7,8734.0,3057.0,156.0,50.0,3.58,Yes,No,Yes,Yes,ASHP,,,,691.0,14.0,,Yes,23/03/2021,TK Murray,ASHP,,Mitsubishi,PUHZ-W50VHA2,5.0,R410A,0.0,Water_New,150.0,,1.0,7.0,,0.0,,Low Noise Heat Pump,No,0.0,0.0,0.0,Yes,No,0.0,0.0,,No,7655.16,3508.27,1610.23,1894.03,,,,,,,2.0,0.0,House_End-Terrace_2.0
E.ON,EOH0711,NE6,37.0,Working Full time (>30hrs),Professional,"50,001+",2020-07-11T00:00:00.000Z,Owner-Occupied,1.0,AB,3.0,29/07/2020,E.ON,Urban,1900 - 1929,,2.0,0.0,120.0,6.0,4.0,10.0,2.8,Solid_No_insulation,Suspended,Pitched,Double,Yes,Gas,Gas Boiler - Combi,,,,0.0,0.0,2.0,No,No,,,,,,,,,,No,No,No,No,None - Installation not recommended,,,,,,,,,,,,,,,,,,,,,,,,,,,,,,,,,,,,,,,,,,,,,,,,House_Mid-Terrace_3.0
OVO,EOH2627,KT8,46.0,Working Full time (>30hrs),Skilled Manual Worker,"30,001 - 40,000",2020-08-06T00:00:00.000Z,Owner-Occupied,16.0,C2,2.0,13/10/2020,Retrofitworks,Suburban,1919-1944,,2.0,1.0,46.17,4.0,3.0,4.0,2.47,Solid_Insulated,Solid,Flat,Double,Yes,Gas,Gas Boiler - Combi,,,,0.0,0.0,1.0,No,No,,,4.26,,10429.94,7300.0,1607.93,,,Yes,No,Yes,Yes,ASHP,,10655.0,,694.63,14.0,,No,,,,,,,,,,,,,,,,,,,,,,,,,,,,,,,,,,,,,,,,,House_End-Terrace_2.0
E.ON,EOH2372,NE3,,Prefer not to say,Prefer not to say,Prefer not to say,2020-09-24T00:00:00.000Z,Rented (Social),0.9,DE,1.0,11/01/2021,E.ON,Suburban,1967 - 1975,,1.0,0.0,37.6,2.0,1.0,5.0,2.3,Solid_Insulated,Solid,Pitched,Double,No,Electricity,Electric - Storage,,Water,80,0.0,0.0,0.0,Yes - Borehole,Yes,,,2.463,65.5,6056.0,1910.0,191.0,,,No,Yes,No,No,GSHP,None Required,,14707.5,351.09,14.3,,Yes,22/10/2021,Groundheat,GSHP,Shared_Groundloop,Vaillant,20260514,3.0,R410A,900.0,Water_new,100.0,,1.0,5.0,0.0,1.0,none,none,No,0.0,0.0,0.0,No,No,0.0,0.0,,no,11605.06,1702.0,,2701.78,0.0,0.0,0.0,0.0,0.0,0.0,84.0,0.0,Flat_Flat_1.0
OVO,EOH1725,SL6,29.0,Working Full time (>30hrs),Professional,Prefer not to say,2020-07-12T00:00:00.000Z,Owner-Occupied,,AB,5.0,04/02/2021,Retrofitworks,Suburban,1945-1964,,2.0,0.0,85.0,8.0,2.0,8.0,2.4,Cavity_Insulated,Solid,Pitched,Double,Yes,Gas,Gas Boiler - Combi,,,,0.0,0.0,1.0,No,No,,,8.77,79.07,22801.28,1220.82,6570.0,,,Yes with additional measures,No,Yes with additional measures,Yes with additional measures,ASHP,Heat Emitters,7769.93,1563.44,1220.82,14.0,,Yes,18/03/2021,Northern Gas,ASHP,,Daikin,EDLQ011CV3,11.0,R410A,,Water_New,180.0,,1.0,0.0,9.0,0.0,,,No,0.0,0.0,0.0,No,No,0.0,0.0,,No,5830.57,2168.59,3083.48,1122.44,0.0,0.0,0.0,0.0,0.0,0.0,3.0,1.0,House_Semi-Detached_2.0
E.ON,EOH1471,NE31,,Retired,Pensioner,Prefer not to say,2021-08-10T00:00:00.000Z,Owner-Occupied,54.0,DE,2.0,18/08/2021,Energist,Suburban,1950 - 1966,,2.0,0.0,66.0,4.0,2.0,9.0,2.4,Cavity_Insulated,Suspended,Pitched,Double,Yes,Gas,Gas Boiler - Combi,,,,0.0,0.0,0.0,No,No,,,4.54,77.06,11821.0,2377.0,0.0,45.0,3.77,Yes,No,Yes,Yes,ASHP,None Required,13002.06,,619.0,12.5,3.5,Yes,30/08/2021,Energist,HT_ASHP,,Vaillant,VWL 55/6 A 230V S2,5.0,R290,,Water_new,150.0,,1.0,8.0,0.0,0.0,,,No,0.0,0.0,0.0,No,No,0.0,0.0,,no,5623.74,1701.71,,2500.86,0.0,0.0,0.0,0.0,0.0,0.0,4.0,,House_Mid-Terrace_2.0
E.ON,EOH0957,NE13,53.0,Working Full time (>30hrs),Skilled Manual Worker,"20,001 - 25,000",2020-11-24T00:00:00.000Z,Owner-Occupied,23.0,C2,3.0,14/12/2020,Phoenix,Urban,1950 - 1966,,2.0,0.0,84.0,5.0,4.0,7.0,2.3,Cavity_Insulated,Suspended,Pitched,Double,Yes,Gas,Gas Boiler - Combi,Fire - Gas,,,0.0,1.0,1.0,No,No,,,8.347,99.36,20192.9,5594.0,818.0,49.0,3.24,Yes,No,Yes,No,ASHP,Barrier,13688.36,300.0,1278.0,14.3,3.8,Yes,05/08/2021,Aaron Services,ASHP,,Daikin,EDLQ011CAV3,11.0,R410A,,Water_new,250.0,,1.0,12.0,0.0,0.0,none,barrier,No,0.0,0.0,0.0,No,No,0.0,0.0,,no,6364.0,1752.0,,4347.0,0.0,0.0,0.0,0.0,0.0,0.0,4.0,0.0,House_Semi-Detached_2.0
OVO,EOH3122,GU21,55.0,Working Part time,Clerical,"50,001+",2020-07-28T00:00:00.000Z,Owner-Occupied,19.0,C1,2.0,22/01/2021,Retrofitworks,Suburban,1945-1964,,2.0,1.0,186.0,9.0,5.0,9.0,2.45,Cavity_Insulated,Suspended,Pitched,Double,Yes,Gas,Gas Boiler - Standard,,Water,200,0.0,1.0,0.0,No,No,,,11.1,87.78,29876.29,8998.88,4745.0,45.0,3.32,Yes,No,Yes,Yes,ASHP,Heat Emitters,11470.61,2028.6,1459.93,15.0,,Yes,04/03/2021,Northern Gas,ASHP,,Daikin,EDLQ014CV3,14.0,R410A,,Water_New,200.0,,1.0,0.0,13.0,0.0,,,No,0.0,0.0,0.0,No,No,0.0,0.0,,No,6230.52,1798.91,4049.76,1420.02,0.0,0.0,0.0,0.0,0.0,0.0,3.0,2.0,House_Detached_2.0
Warmworks,EOH3192,FK14,62.0,Working Part time,Professional,"50,001+",2020-10-19T00:00:00.000Z,Owner-Occupied,25.0,AB,1.0,20/11/2020,Warmworks,Rural,1965-1980,D,2.0,0.0,308.31,10.0,5.0,10.0,2.5,Cavity_Insulated,Suspended,Pitched,Double,Yes,Gas,Gas Boiler - Standard,Fire - Wood,Water,Large (> 170l),0.0,0.0,1.0,No,No,,,23.3,,15793.0,5905.0,0.0,,,Yes,Yes,Yes,Yes,HT_ASHP,,,,544.0,18.0,5.0,No,,,,,,,,,,,,,,,,,,,,,,,,,,,,,,,,,,,,,,,,,House_Detached_2.0
OVO,EOH3046,PO35,72.0,Retired,Pensioner,"25,001 - 30,000",2020-10-28T00:00:00.000Z,Owner-Occupied,18.0,DE,3.0,09/04/2021,Retrofitworks,Suburban,1965-1980,,2.0,0.0,85.13,4.0,3.0,4.0,2.6,Cavity_Insulated,Solid,Pitched,Double,Yes,Gas,Gas Boiler - Combi,,,,0.0,0.0,0.0,No,No,,,,,,,,,,,,,,None - Installation not recommended,,,,,,,,,,,,,,,,,,,,,,,,,,,,,,,,,,,,,,,,,,,,,,,,House_Detached_1.0
OVO,EOH2121,MK41,25.0,Working Full time (>30hrs),Professional,Prefer not to say,2021-01-31T00:00:00.000Z,Owner-Occupied,,AB,3.0,03/03/2021,Retrofitworks,Suburban,1965-1980,,2.0,0.0,99.0,6.0,3.0,6.0,2.3,Cavity_Insulated,Solid,Pitched,Double,Yes,Gas,Gas Boiler - Combi,,,,0.0,0.0,1.0,No,No,,,,,,,,,,,,,,None - Installation not recommended,,,,,,,,,,,,,,,,,,,,,,,,,,,,,,,,,,,,,,,,,,,,,,,,House_Detached_2.0
E.ON,EOH2995,NE7,42.0,Working Full time (>30hrs),Manager,"50,001+",2020-12-11T00:00:00.000Z,Owner-Occupied,12.0,AB,5.0,08/01/2021,Phoenix,Urban,1950 - 1966,B,2.0,3.0,120.0,9.0,4.0,11.0,2.7,Cavity_Insulated,Solid,Pitched,Double,Yes,Gas,Gas Boiler - Combi,Fire - Wood,,,4.0,0.0,1.0,No,No,5488.0,20800.0,,,,,,,,Yes,No,Yes,Yes,None - Installation not recommended,,,,,,,,,,,,,,,,,,,,,,,,,,,,,,,,,,,,,,,,,,,,,,,,House_Semi-Detached_3.0
OVO,EOH0129,PO6,30.0,Working Full time (>30hrs),Clerical,"50,001+",2020-07-02T00:00:00.000Z,Owner-Occupied,8.0,C1,4.0,21/01/2021,Retrofitworks,Urban,1919-1944,,2.0,0.0,62.98,5.0,3.0,6.0,2.4,Cavity_Insulated,Suspended,Pitched,Double,Yes,Gas,Gas Boiler - Standard,,Water,150,0.0,0.0,0.0,No,No,,,,,,,,,,,No,,,,,,,,,,No,,,,,,,,,,,,,,,,,,,,,,,,,,,,,,,,,,,,,,,,,House_Mid-Terrace_2.0
Warmworks,EOH1596,KY15,64.0,Retired,Pensioner,"0 - 12,500",2020-11-09T00:00:00.000Z,Owner-Occupied,26.0,DE,2.0,09/12/2020,Warmworks,Rural,Pre 1919,D,1.0,0.0,131.0,6.0,3.0,6.0,2.48,Cavity_No_insulation,Suspended,Pitched,Double,No,Oil,Oil Boiler,,Water,Large (> 170l),6.0,0.0,0.0,No,No,2765.0,,,,,,,,,No,Yes,Yes,No,None - Installation not recommended,,,,,,,,,,,,,,,,,,,,,,,,,,,,,,,,,,,,,,,,,,,,,,,,House_Detached_1.0
OVO,EOH2670,SO22,42.0,Working Full time (>30hrs),Professional,Prefer not to say,2020-09-14T00:00:00.000Z,Owner-Occupied,6.0,AB,4.0,22/02/2021,Retrofitworks,Suburban,2001+,,2.0,2.0,110.96,6.0,3.0,6.0,2.4,Cavity_Insulated,Solid,Pitched,Double,Yes,Gas,Gas Boiler - Standard,,Water,100,0.0,0.0,0.0,No,No,,,,,,,,,,Yes with additional measures,No,Yes with additional measures,Yes with additional measures,None - Installation not recommended,,,,,,,,,,,,,,,,,,,,,,,,,,,,,,,,,,,,,,,,,,,,,,,,House_Detached_3.0
Warmworks,EOH0954,G33,71.0,Retired,Pensioner,Prefer not to say,2021-04-12T00:00:00.000Z,Owner-Occupied,6.0,C1,2.0,21/04/2021,Everwarm,Suburban,2001+,C,2.0,0.0,183.75,8.0,5.0,8.0,2.4,Cavity_Insulated,Solid,Pitched,Double,Yes,Gas,Gas Boiler - Standard,Fire - Gas,Water,Normal (90-130l),0.0,1.0,0.0,No,No,4205.0,23605.0,9.5,,22382.0,4775.0,0.0,,,Yes,No,Yes,Yes,ASHP,,,,1411.0,18.0,5.0,Yes,,,,,,,,,,,,,,,,,,,,,,,,,,,,,,,,,,,,,,,,,House_Detached_2.0
Warmworks,EOH2383,EH10,74.0,Retired,Pensioner,Prefer not to say,2020-10-27T00:00:00.000Z,Owner-Occupied,32.0,DE,1.0,13/12/2020,Everwarm,Suburban,1981-1990,D,1.0,0.0,128.05,6.0,4.0,6.0,2.35,Cavity_Insulated,Suspended,Pitched,Double,Yes,Gas,Gas - Warm air,Gas - Warm air,Water,Normal (90-130l),0.0,0.0,0.0,No,No,2799.0,35289.0,,,,,,,,Yes,No,Yes,Yes,ASHP,,,,,,,No,,,,,,,,,,,,,,,,,,,,,,,,,,,,,,,,,,,,,,,,,House_Detached_2.0
Warmworks,EOH1629,EH43,54.0,Working Full time (>30hrs),Supervisor,Prefer not to say,2020-07-05T00:00:00.000Z,Owner-Occupied,14.0,C2,5.0,31/07/2020,Warmworks,Rural,2001+,C,2.0,0.0,209.38,4.0,3.0,4.0,2.6,Cavity_Insulated,Suspended,Pitched,Double,Yes,Gas,Gas Boiler - Standard,Fire - Wood,Water,Large (> 170l),5.0,0.0,1.0,No,No,,,14.2,70.0,38863.0,4921.0,0.0,45.0,3.77,Yes,No,Yes,Yes,ASHP,,,,,,,Yes,24/06/2021,Everwarm,ASHP,,Mitsubishi,PUHZ-HWM140VHA,14.0,R32,0.0,Water_New,200.0,,1.0,5.0,,0.0,,Low Noise Heat Pump,No,0.0,0.0,0.0,No,No,0.0,0.0,,No,8575.73,3572.208,1610.23,1352.88,,,,,,,3.0,0.0,House_Detached_2.0
Warmworks,EOH2455,EH4,40.0,Working Full time (>30hrs),Professional,"50,001+",2020-07-19T00:00:00.000Z,Owner-Occupied,4.0,AB,2.0,04/08/2020,Everwarm,Suburban,1945-1964,D,2.0,2.0,182.29,7.0,4.0,7.0,2.35,Cavity_Insulated,Suspended,Pitched,Double,Yes,Gas,Gas Boiler - Combi,Fire - Gas,,,0.0,0.0,1.0,No,No,2939.0,31014.0,,,,,,,,No,No,Yes,Yes,HT_ASHP,,,,,,,No,,,,,,,,,,,,,,,,,,,,,,,,,,,,,,,,,,,,,,,,,House_Detached_2.0
Warmworks,EOH2448,G69,35.0,Working Full time (>30hrs),Manager,"50,001+",2020-07-15T00:00:00.000Z,Owner-Occupied,5.0,AB,4.0,05/08/2020,Warmworks,Suburban,1965-1980,D,2.0,2.0,94.68,5.0,4.0,5.0,2.4,Cavity_Insulated,Suspended,Pitched,Double,Yes,Gas,Gas Boiler - Combi,,,,0.0,0.0,1.0,No,No,4000.0,20000.0,6.1,84.0,15585.0,3821.0,0.0,50.0,3.65,No,No,Yes,Yes,HT_ASHP,,,,904.71,15.0,3.3,Yes,08/10/2020,Everwarm,HT_ASHP,,Vaillant,VWL 75/6 A 230V S2,7.0,R290,0.0,Water_New,200.0,,1.0,,7.0,0.0,,Low Noise Heat Pump,No,0.0,0.0,0.0,No,No,0.0,0.0,,No,11215.18,3572.21,1610.23,1894.03,,,,,,,2.0,0.0,House_Semi-Detached_3.0
E.ON,EOH1447,NE7,56.0,Working Full time (>30hrs),Manager,"40,001 - 50,000",2020-07-20T00:00:00.000Z,Owner-Occupied,23.0,AB,5.0,20/08/2020,Phoenix,Urban,1900 - 1929,,3.0,0.0,109.0,7.0,3.0,10.0,2.6,Solid_No_insulation,Suspended,Pitched,Double,Yes,Gas,Gas Boiler - Combi,Fire - Gas,,,0.0,1.0,1.0,No,No,4286.0,11600.0,,,,,,,,No,No,No,No,None - Installation not recommended,,,,,,,,,,,,,,,,,,,,,,,,,,,,,,,,,,,,,,,,,,,,,,,,House_Semi-Detached_2.0
E.ON,EOH3056,DH8,59.0,Working Full time (>30hrs),Professional,"50,001+",2021-03-11T00:00:00.000Z,Owner-Occupied,0.9,C1,3.0,15/03/2021,Energist,Urban,1967 - 1975,,2.0,0.0,120.0,7.0,3.0,7.0,2.4,Cavity_Insulated,Suspended,Pitched,Double,Yes,Gas,Gas Boiler - Combi,,,,0.0,0.0,0.0,No,No,,,5.333,75.11,12585.0,2447.0,0.0,45.0,3.77,Yes,No,Yes,Yes,ASHP,None Required,13435.09,,649.0,12.9,3.9,Yes,28/05/2021,Energist,HT_ASHP,,Vaillant,VWL 55/6 A 230V S2,5.0,R290,,Water_new,200.0,,1.0,8.0,0.0,0.0,none,none,No,0.0,0.0,0.0,No,No,0.0,0.0,,no,5623.74,1752.0,,2500.86,0.0,0.0,0.0,0.0,0.0,0.0,4.0,0.0,House_Semi-Detached_2.0
OVO,EOH1205,GU34,,Stay at home parent,Professional,Prefer not to say,2020-07-20T00:00:00.000Z,Owner-Occupied,11.0,C1,3.0,22/01/2021,Retrofitworks,Suburban,Pre 1919,,2.0,3.0,167.3,11.0,4.0,11.0,2.45,Cavity_No_insulation,Suspended,Pitched,Double,Yes,Gas,Gas Boiler - Standard,Fire - Wood,Water,130,2.0,1.0,1.0,No,No,,,,,,,,,,,,,,None - Installation not recommended,,,,,,,,,,,,,,,,,,,,,,,,,,,,,,,,,,,,,,,,,,,,,,,,House_Detached_2.0
E.ON,EOH2533,NE6,43.0,Working Full time (>30hrs),Clerical,"40,001 - 50,000",2020-11-18T00:00:00.000Z,Owner-Occupied,20.0,C1,1.0,07/01/2021,Phoenix,Urban,1950 - 1966,,2.0,1.0,90.0,5.0,3.0,5.0,2.4,Cavity_No_insulation,Solid,Pitched,Double,Yes,Gas,Gas Boiler - Standard,Fire - Gas,Water,110,0.0,1.0,1.0,No,No,5400.0,20000.0,,,,,,,,Yes,No,Yes,Yes,,,,,,,,,,,,,,,,,,,,,,,,,,,,,,,,,,,,,,,,,,,,,,,,,House_Semi-Detached_2.0
E.ON,EOH2765,DH1,,Retired,Pensioner,"40,001 - 50,000",2021-04-29T00:00:00.000Z,Owner-Occupied,26.0,DE,4.0,29/04/2021,Energist,Urban,1950 - 1966,,2.0,2.0,167.0,8.0,4.0,12.0,2.4,Cavity_Insulated,Suspended,Pitched,Double,Yes,Gas,Gas Boiler - Combi,,,,0.0,0.0,1.0,No,No,,,9.74,68.59,31578.0,3496.0,0.0,45.0,4.13,Yes,No,Yes,Yes,ASHP,None Required,14163.09,,1225.0,12.9,3.5,Yes,11/06/2021,Energist,HT_ASHP,,Vaillant,VWL 125/6 A 230V S2,12.0,R290,,Water_new,250.0,,1.0,7.0,0.0,0.0,none,none,No,0.0,0.0,0.0,No,No,0.0,0.0,,no,6635.0,1752.0,,2315.0,0.0,0.0,0.0,0.0,0.0,0.0,4.0,0.0,House_Detached_2.0
OVO,EOH2407,BN37,49.0,Working Part time,Professional,"25,001 - 30,000",2020-07-30T00:00:00.000Z,Owner-Occupied,11.0,C1,5.0,08/12/2020,Retrofitworks,Suburban,1919-1944,,2.0,3.0,160.29,7.0,5.0,9.0,2.5,Cavity_Insulated,Mix,Pitched,Triple,Yes,Gas,Gas Boiler - Standard,,Water,210,4.0,0.0,1.0,No,No,,,,,,,,,,,,,,,,,,,,,,,,,,,,,,,,,,,,,,,,,,,,,,,,,,,,,,,,,,,,,,House_Semi-Detached_3.0
Warmworks,EOH1934,EH40,40.0,Working Part time,Professional,"50,001+",2021-03-25T00:00:00.000Z,Owner-Occupied,3.0,C1,3.0,20/05/2021,Warmworks,Suburban,2001+,C,2.0,3.0,133.37,7.0,4.0,7.0,2.52,Cavity_Insulated,Solid,Pitched,Double,Yes,Gas,Gas Boiler - Standard,,Water,Large (> 170l),0.0,0.0,1.0,No,No,2986.0,13177.0,9.0,67.0,18838.0,4921.0,0.0,50.0,3.66,Yes,No,Yes,Yes,ASHP,,,,923.94,18.0,5.0,Yes,12/08/2021,Everwarm,ASHP,,Mitsubishi,PUZ-WM112VAA,11.2,R32,0.0,Water_New,200.0,,1.0,16.0,,0.0,,Low Noise Heat Pump,No,0.0,0.0,0.0,No,No,0.0,0.0,,No,8575.73,3572.21,1610.23,4329.21,,,,,,,2.0,0.0,House_Detached_2.0
Warmworks,EOH2619,EH42,59.0,Working Part time,Casual worker,"25,001 - 30,000",2020-08-31T00:00:00.000Z,Owner-Occupied,3.0,DE,4.0,22/10/2020,Warmworks,Suburban,1965-1980,C,,,234.01,8.0,4.0,8.0,,Cavity_Insulated,Suspended,Pitched,Double,Yes,Gas,Gas Boiler - Combi,Electric - Direct,,,0.0,0.0,0.0,No,No,2963.0,,15.5,71.3,38319.0,4776.0,0.0,50.0,3.92,Yes,No,Yes,Yes,HT_ASHP,,,,2284.41,18.0,5.0,Yes,21/04/2021,Everwarm,Hybrid,Separate_Existing Boiler,Vaillant,VWL 125/6 A 230V S2,12.0,R290,0.0,Water_New,200.0,,1.0,,15.0,0.0,,Low Noise Heat Pump,No,0.0,0.0,0.0,No,No,0.0,0.0,,No,11358.42,3572.208,1610.23,4058.64,,,,,,,3.0,0.0,House_Detached_2.0
Warmworks,EOH0708,TD5,33.0,Working Full time (>30hrs),Skilled Manual Worker,"16,201 - 20,000",2020-12-16T00:00:00.000Z,Rented (Social),8.0,C2,1.0,12/01/2021,Warmworks,Suburban,1965-1980,D,1.0,0.0,67.44,4.0,2.0,4.0,2.29,Cavity_No_insulation,Solid,Pitched,Double,Yes,Gas,Gas Boiler - Combi,,,,0.0,0.0,0.0,No,No,,,,,,,,,,Yes,No,Yes,Yes,ASHP,,,,,,,No,,,,,,,,,,,,,,,,,,,,,,,,,,,,,,,,,,,,,,,,,Maisonette_End-Terrace_1.0
Warmworks,EOH2168,EH33,60.0,Working Full time (>30hrs),Skilled Manual Worker,"25,001 - 30,000",2020-10-07T00:00:00.000Z,Owner-Occupied,17.0,C2,4.0,05/11/2020,Warmworks,Rural,Pre 1919,E,3.0,0.0,190.14,8.0,3.0,8.0,,Cavity_No_insulation,Suspended,Pitched,Double,,,Gas Boiler - Standard,Fire - Wood,Water,Medium (131-170l),2.0,0.0,1.0,No,No,,,7.9,50.7,19722.0,2865.0,0.0,50.0,3.92,Yes,No,Yes,Yes,HT_ASHP,,,,1170.2,18.0,5.0,Yes,12/05/2021,Everwarm,HT_ASHP,,Vaillant,VWL 125/6 A 230V S2,12.0,R290,0.0,Water_New,200.0,,1.0,,11.0,0.0,,Low Noise Heat Pump,No,0.0,0.0,0.0,No,No,0.0,0.0,,No,17943.13,3572.208,1610.23,2976.33,,,,,,,3.0,0.0,House_Detached_2.0
Warmworks,EOH0474,KY12,43.0,Working Full time (>30hrs),Manager,Prefer not to say,2021-03-12T00:00:00.000Z,Owner-Occupied,1.0,AB,4.0,15/04/2021,Warmworks,Rural,1919-1944,E,2.0,0.0,61.78,4.0,2.0,4.0,2.58,Cavity_No_insulation,Suspended,Pitched,Double,No,Wood,Biomass Boiler,Fire - Wood,Water,Medium (131-170l),0.0,0.0,0.0,No,No,,,4.7,87.3,11856.0,1910.0,0.0,50.0,3.41,Yes,No,Yes,No,HT_ASHP,,,,802.32,18.0,5.0,Yes,28/07/2021,Everwarm,HT_ASHP,,Vaillant,VWL 55/6 A 230V S2,5.0,R290,0.0,Water_New,150.0,,1.0,,8.0,0.0,,Low Noise Heat Pump,No,0.0,0.0,0.0,No,No,0.0,0.0,,No,11215.17,3508.27,1610.23,2164.6,,,,,,,2.0,0.0,House_Detached_1.0
E.ON,EOH0126,NE27,50.0,Working Full time (>30hrs),Manager,"50,001+",2021-02-19T00:00:00.000Z,Owner-Occupied,20.0,AB,2.0,24/02/2021,Phoenix,Urban,1996 - 2002,,2.0,1.0,90.0,5.0,3.0,12.0,2.2,Cavity_Insulated,Suspended,Pitched,Double,Yes,Gas,Gas Boiler - Standard,,Water,110,0.0,0.0,0.0,No,No,,,5.05,56.12,10121.7,4122.0,607.0,45.0,3.57,Yes,No,Yes,No,ASHP,None Required,12788.71,,710.0,14.0,4.0,Yes,27/04/2021,Aaron Services,ASHP,,Daikin,EDLQ07CAV9,7.0,R410A,,Water_new,200.0,,1.0,14.0,0.0,0.0,none,none,No,0.0,0.0,0.0,No,Yes,0.0,0.0,,no,5648.01,1752.34,,3610.8,0.0,0.0,0.0,0.0,0.0,0.0,3.0,0.0,House_Detached_2.0
E.ON,EOH2689,NE21,69.0,Working Part time,Clerical,"30,001 - 40,000",2021-04-27T00:00:00.000Z,Owner-Occupied,16.0,C1,3.0,29/04/2021,Phoenix,Urban,1983 - 1990,,3.0,0.0,128.0,5.0,3.0,9.0,3.4,Cavity_Insulated,Suspended,Pitched,Double,Yes,Gas,Gas Boiler - Combi,,,,0.0,0.0,1.0,No,No,,,6.136,76.28,12262.3,3886.0,575.0,49.0,3.39,Yes,No,Yes,Yes,ASHP,None Required,12232.97,,811.0,14.3,3.8,Yes,09/06/2021,Aaron services,ASHP,,Daikin,EDLQ07CAV3,7.0,R410A,,Water_new,200.0,,1.0,9.0,0.0,0.0,none,none,No,0.0,0.0,0.0,No,No,0.0,0.0,,no,5648.01,1752.0,,3055.06,0.0,0.0,0.0,0.0,0.0,0.0,3.0,0.0,House_Detached_2.0
Warmworks,EOH1502,EH39,54.0,Working Part time,Semi and unskilled manual worker,"20,001 - 25,000",2020-07-08T00:00:00.000Z,Owner-Occupied,1.5,DE,4.0,29/07/2020,Warmworks,Urban,1945-1964,D,2.0,1.0,103.5,4.0,3.0,4.0,2.75,Cavity_No_insulation,Solid,Pitched,Double,Yes,Gas,Gas Boiler - Combi,,,,0.0,0.0,1.0,No,No,3812.8,,11.4,66.3,30338.0,2865.0,0.0,50.0,3.65,No,No,Yes,Yes,Hybrid,,,,1691.07,18.0,5.0,Yes,26/05/2021,Everwarm,HT_ASHP,,Vaillant,VWL 75/6 A 230V S2,7.0,R290,0.0,Water_New,200.0,,1.0,,8.0,0.0,,Low Noise Heat Pump,No,0.0,0.0,0.0,No,Yes,0.0,0.0,,No,11215.17,3572.208,1610.23,2164.6,,610.1325,,,,,2.0,0.0,House_Semi-Detached_2.0
OVO,EOH1755,MK3,49.0,Working Full time (>30hrs),Professional,"50,001+",2020-07-19T00:00:00.000Z,Owner-Occupied,5.0,C1,4.0,23/02/2021,Retrofitworks,Urban,2001+,,3.0,1.0,164.0,9.0,4.0,9.0,2.4,Cavity_Insulated,Suspended,Pitched,Double,Yes,Gas,Gas Boiler - Standard,,Water,170,0.0,0.0,1.0,No,No,,,,,,,,,,,,,,None - Installation not recommended,,,,,,,,,,,,,,,,,,,,,,,,,,,,,,,,,,,,,,,,,,,,,,,,House_Detached_2.0
Warmworks,EOH2512,EH52,54.0,Working Part time,Professional,"50,001+",2020-10-09T00:00:00.000Z,Owner-Occupied,22.0,AB,4.0,16/04/2021,Warmworks,Rural,1991-2000,E,2.0,0.0,198.96,7.0,3.0,7.0,2.37,Cavity_Insulated,Suspended,Pitched,Double,No,LPG,LPG Boiler,,,,0.0,0.0,1.0,Yes - Borehole,Yes,,,16.3,79.4,41741.0,3937.0,0.0,50.0,3.92,Yes,Yes,Yes,Yes,GSHP,,,,1828.0,18.0,5.0,Yes,21/07/2021,Everwarm,Hybrid,Separate_Existing Boiler,Vaillant,VWL 125/6 A 230V S2,12.0,R290,0.0,Water_New,200.0,,1.0,,16.0,0.0,,Low Noise Heat Pump,No,0.0,0.0,0.0,No,No,0.0,0.0,,No,11358.42,3572.208,1610.23,4329.21,,,,,,,2.0,0.0,House_Detached_2.0
OVO,EOH0325,RG10,35.0,Working Full time (>30hrs),Manager,"50,001+",2020-07-07T00:00:00.000Z,Owner-Occupied,3.0,AB,3.0,13/02/2021,Retrofitworks,,1991-2000,,2.0,0.0,80.0,5.0,3.0,,,,Suspended,Pitched,Double,Yes,Gas,Gas Boiler - Standard,,,,,0.0,1.0,Yes - Ground Loop,Yes,,,,,,,,,,,,,,None - Installation not recommended,,,,,,,,,,,,,,,,,,,,,,,,,,,,,,,,,,,,,,,,,,,,,,,,House_Semi-Detached_2.0
E.ON,EOH1482,NE3,44.0,Working Full time (>30hrs),Professional,"50,001+",2020-10-22T00:00:00.000Z,Owner-Occupied,4.0,AB,5.0,02/11/2020,Phoenix,Urban,1930 - 1949,D,2.0,2.0,126.0,7.0,5.0,10.0,2.4,Cavity_Insulated,Suspended,Pitched,Double,Yes,Gas,Gas Boiler - Combi,Fire - Gas,,,0.0,1.0,1.0,No,No,4177.0,18541.0,10.613,84.23,21265.0,4457.0,0.0,,,Yes,No,Yes,Yes with additional measures,Hybrid,loft Insulation,12081.59,500.0,996.0,14.3,3.8,No,,,,,,,,,,,,,,,,,,,,,,,,,,,,,,,,,,,,,,,,,House_Semi-Detached_2.0
E.ON,EOH1792,NE3,36.0,Working Full time (>30hrs),Professional,"50,001+",2020-10-21T00:00:00.000Z,Owner-Occupied,1.0,AB,3.0,27/10/2020,E.ON,Suburban,1976 - 1982,C,2.0,2.0,153.0,6.0,4.0,11.0,2.3,Cavity_Insulated,Suspended,Pitched,Double,Yes,Gas,Gas Boiler - Combi,,,,0.0,0.0,0.0,Yes - Ground Loop,Yes,,,12.443,81.0,36176.0,4776.0,0.0,55.0,2.96,Yes with additional measures,No,No,Yes with additional measures,Hybrid,Loft Insulation and wall insulation,11342.4,700.0,1691.0,14.3,3.8,Yes,19/02/2021,Phoenix,Hybrid,Separate_New Boiler,Daikin,EHY2KOMB32AA,4.0,R32,,,,,1.0,13.0,0.0,0.0,none,none,No,0.0,0.0,0.0,No,Yes,0.0,0.0,,no,6712.2,,,3795.02,0.0,500.0,0.0,0.0,0.0,0.0,4.0,0.5,House_Detached_2.0
Warmworks,EOH0490,EH14,66.0,Working Full time (>30hrs),Manager,Prefer not to say,2021-04-17T00:00:00.000Z,Owner-Occupied,0.5,AB,4.0,24/05/2021,Warmworks,Urban,1919-1944,C,2.0,0.0,128.9,5.0,3.0,5.0,2.6,Cavity_Insulated,Suspended,Pitched,Triple,Yes,Gas,Gas Boiler - Combi,,,,0.0,0.0,1.0,No,No,,,9.2,71.0,22567.0,3820.0,0.0,50.0,3.92,Yes,No,Yes,Yes,HT_ASHP,,,,1023.0,18.0,5.0,Yes,21/07/2021,Everwarm,HT_ASHP,,Vaillant,VWL 125/6 A 230V S2,12.0,R290,0.0,Water_New,200.0,,1.0,,14.0,0.0,,Low Noise Heat Pump,No,0.0,0.0,0.0,No,No,0.0,0.0,,No,17943.13,3572.208,1610.23,3788.06,,,,,,,2.0,0.0,House_Detached_2.0
Warmworks,EOH1202,EH15,36.0,Working Full time (>30hrs),Supervisor,"50,001+",2020-08-24T00:00:00.000Z,Owner-Occupied,3.0,C1,2.0,12/10/2020,Warmworks,Suburban,1965-1980,D,2.0,0.0,133.19,6.0,3.0,6.0,,Cavity_Insulated,Suspended,Pitched,Double,Yes,Gas,Gas Boiler - Combi,Fire - Wood,,,0.0,0.0,0.0,No,No,,,,,,,,,,Yes,No,Yes,No,HT_ASHP,,,,,,,No,,,,,,,,,,,,,,,,,,,,,,,,,,,,,,,,,,,,,,,,,House_Semi-Detached_2.0
Warmworks,EOH1287,TD14,73.0,Retired,Pensioner,"25,001 - 30,000",2020-09-12T00:00:00.000Z,Owner-Occupied,1.0,DE,4.0,14/10/2020,Warmworks,Suburban,1965-1980,C,2.0,0.0,103.2,4.0,3.0,4.0,,Cavity_No_insulation,Suspended,Pitched,Double,Yes,Gas,Gas Boiler - Combi,,,,0.0,0.0,1.0,Yes - Borehole,Yes,2793.0,,11.2,93.6,27779.0,2697.0,156.0,55.0,3.34,Yes,Yes,Yes,Yes,GSHP,,,,1523.0,16.36,,Yes,21/04/2021,mcinnesplumbing,ASHP,,Mitsubishi,PUHZ-W112VAA-BS,11.2,R410A,0.0,Water_New,200.0,,1.0,12.0,,0.0,,Low Noise Heat Pump,No,0.0,0.0,0.0,No,No,0.0,0.0,,No,8575.73,3572.208,1610.23,3246.91,,,,,,,2.0,0.0,House_Detached_1.0
Warmworks,EOH0091,EH6,48.0,Working Part time,Skilled Manual Worker,"50,001+",2020-09-01T00:00:00.000Z,Owner-Occupied,1.0,C2,1.0,09/10/2020,Warmworks,Urban,2001+,D,2.0,3.0,121.82,5.0,,5.0,,Cavity_Insulated,Solid,Pitched,Double,Yes,Gas,Gas Boiler - Standard,Electric - Direct,Water,Medium (131-170l),0.0,0.0,0.0,No,No,3765.0,,8.4,70.5,21091.0,3821.0,0.0,50.0,3.92,Yes,No,Yes,Yes,HT_ASHP,,,,1317.45,18.0,5.0,Yes,07/06/2021,Everwarm,HT_ASHP,,Vaillant,VWL 125/6 A 230V S2,12.0,R290,0.0,Water_New,200.0,,1.0,,13.0,0.0,,Low Noise Heat Pump,No,0.0,0.0,0.0,No,No,0.0,0.0,,No,17943.13,3572.208,1610.23,3517.48,,,,,,,3.0,0.0,House_Mid-Terrace_3.0
OVO,EOH0991,TN22,48.0,Working Full time (>30hrs),Manager,"50,001+",2020-07-12T00:00:00.000Z,Owner-Occupied,1.0,AB,4.0,24/11/2020,Retrofitworks,Suburban,1981-1990,,1.0,1.0,83.76,4.0,3.0,4.0,2.31,Cavity_No_insulation,Solid,Pitched,Double,Yes,Gas,Gas Boiler - Standard,,Water,130,0.0,1.0,0.0,No,No,,,8.09,83.63,22053.0,3596.0,0.0,45.0,3.28,Yes,No,Yes,Yes,ASHP,,11668.84,0.0,694.0,15.0,,Yes,14/05/2021,PDP,ASHP,,Mitsubishi,PUZ-WM112VAA,11.2,R32,,Water_New,200.0,,1.0,0.0,0.0,0.0,,Low Noise Heat Pump,No,0.0,0.0,0.0,No,No,0.0,0.0,,No,5500.0,2268.84,3900.0,0.0,0.0,0.0,0.0,0.0,0.0,0.0,5.0,0.0,House_Detached_2.0
OVO,EOH0859,TW16,52.0,Working Full time (>30hrs),Manager,"50,001+",2020-07-01T00:00:00.000Z,Owner-Occupied,13.0,C1,3.0,16/09/2020,Retrofitworks,Suburban,1981-1990,F,2.0,0.0,127.0,5.0,3.0,5.0,2.45,Cavity_Insulated,Suspended,Pitched,Double,No,LPG,LPG Boiler,Fire - Wood,Water,70,0.0,0.0,0.0,Yes - Borehole,Yes,5000.0,,6.5,59.1,4616.0,2697.0,493.0,50.0,3.81,Yes,No,Yes,Yes,ASHP,,13140.45,0.0,578.0,15.0,,Yes,15/02/2021,Elite Renewables,ASHP,,Mitsubishi,PUZ-WM85VAA,8.5,R32,,Water_New,130.0,,1.0,0.0,1.0,0.0,,Low Noise Heat Pump,No,0.0,0.0,0.0,No,No,0.0,0.0,,No,6624.83,1292.32,6359.55,304.5,0.0,0.0,0.0,0.0,0.0,0.0,15.0,0.5,House_Detached_2.0
E.ON,EOH2863,NE16,,Working Full time (>30hrs),Manager,"50,001+",2021-05-17T00:00:00.000Z,Owner-Occupied,11.0,DE,2.0,27/05/2021,Energist,Urban,1950 - 1966,,2.0,2.0,94.0,5.0,3.0,10.0,2.4,Cavity_Insulated,Suspended,Pitched,Double,Yes,Gas,Gas Boiler - Combi,,,,0.0,0.0,1.0,No,No,,,4.457,36.24,12217.0,3146.0,0.0,45.0,3.91,Yes,No,Yes,Yes,ASHP,None Required,13687.93,,774.0,12.49,,Yes,14/07/2021,Energist,HT_ASHP,,Vaillant,VWL 75/6 A 230V S2,7.0,R290,,Water_new,200.0,,1.0,10.0,0.0,0.0,none,none,No,0.0,0.0,0.0,No,No,0.0,0.0,,no,5889.0,1752.0,,2871.0,0.0,0.0,0.0,0.0,0.0,0.0,5.0,0.0,House_Semi-Detached_2.0
OVO,EOH0623,RG5,32.0,Working Full time (>30hrs),Professional,"40,001 - 50,000",2020-07-15T00:00:00.000Z,Owner-Occupied,1.0,AB,4.0,09/02/2021,Retrofitworks,Suburban,1981-1990,E,2.0,0.0,48.09,3.0,2.0,3.0,2.4,Cavity_No_insulation,Solid,Pitched,Double,No,Electricity,Electric - Direct,,,,0.0,0.0,0.0,No,No,,,,,,,,,,No,No,No,No,None - Installation not recommended,,,,,,,,,,,,,,,,,,,,,,,,,,,,,,,,,,,,,,,,,,,,,,,,House_End-Terrace_2.0
Warmworks,EOH2338,EH15,39.0,Working Part time,Professional,Prefer not to say,2021-04-19T00:00:00.000Z,Owner-Occupied,6.0,C1,3.0,14/06/2021,Warmworks,Urban,1919-1944,E,2.0,1.0,108.78,6.0,3.0,6.0,2.8,Cavity_Insulated,Suspended,Pitched,Double,Yes,Gas,Gas Boiler - Standard,,Water,Normal (90-130l),0.0,0.0,1.0,No,No,,,,,,,,,,Yes,No,Yes,Yes,ASHP,,,,,,,No,,,,,,,,,,,,,,,,,,,,,,,,,,,,,,,,,,,,,,,,,House_Detached_2.0
E.ON,EOH0511,NE5,41.0,Working Part time,Skilled Manual Worker,Prefer not to say,2020-12-11T00:00:00.000Z,Owner-Occupied,9.0,C2,1.0,05/01/2021,Phoenix,Urban,1950 - 1966,D,3.0,4.0,86.0,8.0,5.0,11.0,2.4,Cavity_Insulated,Suspended,Pitched,Double,Yes,Gas,Gas Boiler - Combi,,,,0.0,0.0,1.0,No,No,,,7.93,70.85,15963.0,4394.0,0.0,,,No,No,No,Yes,Hybrid,Loft Insulation and Barrier,11342.4,1000.0,1051.0,14.3,3.8,No,,,,,,,,,,,,,,,,,,,,,,,,,,,,,,,,,,,,,,,,,House_Semi-Detached_2.0
OVO,EOH1306,GU18,49.0,Working Full time  (>30hrs),Professional,Prefer not to say,2020-01-07T00:00:00.000Z,Owner-Occupied,,AB,5.0,28/09/2020,Retrofitworks,Urban,1965-1980,C,2.0,0.0,101.0,5.0,3.0,6.0,2.33,Cavity_Insulated,Solid,Pitched,Double,Yes,Gas,Gas Boiler - Standard,,,,0.0,0.0,0.0,No,Yes,,,4.96,53.5,10912.0,3596.0,2990.0,45.0,4.07,Yes,No,Yes,No,ASHP,,13071.46,0.0,616.0,12.0,5.0,Yes,18/01/2021,Elite Renewables,ASHP,,Mitsubishi,PUZ-WM60VAA,6.0,R32,,Water_New,130.0,,3.0,0.0,1.0,0.0,,Low Noise Heat Pump,No,0.0,0.0,0.0,No,No,0.0,0.0,,No,6864.43,1292.32,5875.99,283.5,0.0,0.0,0.0,0.0,0.0,0.0,14.0,1.0,House_End-Terrace_2.0
Warmworks,EOH0509,FK7,52.0,Working Full time (>30hrs),Manager,"50,001+",2020-10-14T00:00:00.000Z,Owner-Occupied,10.0,AB,3.0,20/11/2020,Warmworks,Urban,2001+,B,3.0,0.0,93.39,6.0,4.0,6.0,2.4,Cavity_Insulated,Suspended,Pitched,Double,Yes,Gas,Gas Boiler - Standard,,Water,Large (> 170l),0.0,0.0,0.0,No,No,,,4.3,53.0,11010.0,4457.0,1365.0,,,Yes,No,Yes,No,ASHP,,,,1034.0,14.0,3.0,No,,,,,,,,,,,,,,,,,,,,,,,,,,,,,,,,,,,,,,,,,House_Detached_2.0
E.ON,EOH1193,NE6,55.0,Working Full time (>30hrs),Skilled Manual Worker,"40,001 - 50,000",2021-01-26T00:00:00.000Z,Owner-Occupied,12.0,C2,5.0,08/02/2021,Phoenix,Urban,1950 - 1966,C,4.0,0.0,124.0,6.0,4.0,10.0,2.4,Cavity_Insulated,Suspended,Pitched,Double,Yes,Gas,Gas Boiler - Combi,Fire - Gas,,,0.0,1.0,1.0,No,No,,,,,,,,,,No,No,No,No,None - Installation not recommended,,,,,,,,,,,,,,,,,,,,,,,,,,,,,,,,,,,,,,,,,,,,,,,,House_Semi-Detached_2.0
E.ON,EOH0904,NE7,31.0,Working Full time (>30hrs),Manager,"40,001 - 50,000",2021-01-18T00:00:00.000Z,Owner-Occupied,2.0,AB,4.0,02/02/2021,E.ON,Suburban,1930 - 1949,D,2.0,0.0,115.0,7.0,4.0,7.0,2.6,Cavity_Insulated,Mix,Pitched,Double,Yes,Gas,Gas Boiler - Combi,Fire - Wood,,,0.0,0.0,1.0,No,No,,,8.176,74.21,16387.6,3566.0,0.0,46.0,3.06,No,No,No,Yes with additional measures,Hybrid,Loft Insulation,10615.82,500.0,745.0,14.3,3.8,Yes,31/03/2021,Phoenix,Hybrid,Separate_New Boiler,Daikin,EHY2KOMB28AA,4.0,R32,,,,,1.0,13.0,0.0,0.0,none,none,No,0.0,0.0,0.0,No,Yes,0.0,0.0,,no,5739.82,,,3240.8,0.0,500.0,0.0,0.0,0.0,0.0,3.0,0.5,House_Semi-Detached_2.0
Warmworks,EOH1885,ML2,34.0,Working Full time (>30hrs),Professional,Prefer not to say,2021-04-01T00:00:00.000Z,Owner-Occupied,1.5,C1,3.0,17/05/2021,Warmworks,Urban,1945-1964,D,2.0,1.0,114.99,5.0,3.0,5.0,2.6,Cavity_Insulated,Suspended,Pitched,Double,Yes,Gas,Gas Boiler - Combi,,,,0.0,0.0,1.0,No,No,,,8.3,83.0,22568.0,2812.0,0.0,50.0,3.81,Yes,No,Yes,Yes,ASHP,,,,,,,Yes,01/09/2021,Everwarm,ASHP,,Mitsubishi,PUZ-WM85VAA,8.5,R32,0.0,Water_New,200.0,,1.0,12.0,,0.0,,Low Noise Heat Pump,No,0.0,0.0,0.0,No,No,0.0,0.0,,No,8575.73,3572.21,1610.23,3246.91,,,,,,,3.0,0.0,House_Semi-Detached_3.0
Warmworks,EOH1334,TD4,53.0,Working Full time (>30hrs),Unemployed/Benefits,"40,001 - 50,000",2020-07-30T00:00:00.000Z,Rented (Social),9.0,DE,1.0,28/08/2020,Warmworks,Suburban,1965-1980,F,3.0,0.0,71.5,3.0,2.0,3.0,2.41,Cavity_Insulated,Suspended,Pitched,Double,,,Electric - Direct,Fire - Wood,Water,Normal (90-130l),0.0,0.0,0.0,No,No,,,5.0,7.0,7515.0,2697.0,156.0,50.0,3.15,Yes,No,Yes,No,ASHP,,,,605.0,14.0,,Yes,22/12/2020,TK Murray,ASHP,,Vaillant,VWL 55/3 A 230V,5.0,R410A,0.0,Water_New,150.0,,1.0,8.0,,0.0,,Low Noise Heat Pump,No,0.0,0.0,0.0,,No,0.0,0.0,,No,6529.24,3508.27,1610.23,2164.61,,,,,,,1.0,0.0,House_End-Terrace_2.0
OVO,EOH1903,GU15,46.0,Working Full time (>30hrs),Manager,Prefer not to say,2020-09-29T00:00:00.000Z,Owner-Occupied,1.0,C1,5.0,16/12/2020,Retrofitworks,Urban,1919-1944,,2.0,0.0,115.0,6.0,3.0,6.0,2.5,Cavity_Insulated,Suspended,Pitched,Double,Yes,Gas,Gas Boiler - Standard,,Water,114,0.0,0.0,1.0,No,No,,,,,,,,,,,,,,None - Installation not recommended,,,,,,,,,,,,,,,,,,,,,,,,,,,,,,,,,,,,,,,,,,,,,,,,House_Semi-Detached_2.0
E.ON,EOH1000,NE3,47.0,Working Full time (>30hrs),Manager,"40,001 - 50,000",2020-12-04T00:00:00.000Z,Owner-Occupied,5.0,C1,3.0,18/01/2021,Phoenix,Urban,1983 - 1990,D,2.0,2.0,78.0,4.0,3.0,7.0,2.4,Cavity_Insulated,Solid,Pitched,Double,Yes,Gas,Gas Boiler - Combi,,,,0.0,0.0,1.0,No,No,,,5.023,64.4,7266.6,3311.0,0.0,55.0,2.96,No,No,No,Yes,Hybrid,None Required,10245.07,,614.0,14.3,3.8,Yes,23/04/2021,Phoenix,Hybrid,Separate_New Boiler,Daikin,EHY2KOMB28AA,4.0,R32,,,,,1.0,8.0,0.0,0.0,none,none,No,0.0,0.0,0.0,No,No,0.0,0.0,,no,5739.82,,,2870.1,0.0,0.0,0.0,0.0,0.0,0.0,2.5,0.0,House_Semi-Detached_2.0
Warmworks,EOH2519,EH4,47.0,Working Full time (>30hrs),Professional,Prefer not to say,2021-04-22T00:00:00.000Z,Owner-Occupied,5.0,C1,5.0,28/06/2021,Warmworks,Urban,1981-1990,C,3.0,2.0,80.08,4.0,3.0,4.0,2.32,Cavity_No_insulation,Suspended,Pitched,Double,Yes,Gas,Gas Boiler - Combi,,,,0.0,0.0,1.0,No,No,,,,,,,,,,Yes with additional measures,No,Yes,Yes,HT_ASHP,,,,,,,No,,,,,,,,,,,,,,,,,,,,,,,,,,,,,,,,,,,,,,,,,House_Mid-Terrace_2.0
E.ON,EOH0563,NE3,67.0,Retired,Pensioner,"25,001 - 30,000",2020-11-11T00:00:00.000Z,Owner-Occupied,35.0,DE,1.0,03/12/2020,Phoenix,Urban,1967 - 1975,,1.0,0.0,123.0,8.0,4.0,11.0,2.4,Cavity_Insulated,Mix,Pitched,Double,Yes,Gas,Gas Boiler - Combi,Fire - Gas,,,0.0,1.0,0.0,No,No,3766.0,12000.0,8.91,73.6,8234.0,4776.0,0.0,,,Yes,No,Yes,Yes,Hybrid,None Required,10430.83,0.0,1053.0,14.3,3.8,No,,,,,,,,,,,,,,,,,,,,,,,,,,,,,,,,,,,,,,,,,House_Detached_2.0
OVO,EOH0558,PO3,44.0,Working Full time (>30hrs),Manager,"40,001 - 50,000",2020-07-20T00:00:00.000Z,Owner-Occupied,6.0,AB,1.0,04/02/2021,Retrofitworks,Urban,1919-1944,,2.0,0.0,81.0,8.0,3.0,8.0,2.44,Cavity_No_insulation,Suspended,Pitched,Double,Yes,Gas,Gas Boiler - Combi,,,,0.0,0.0,1.0,No,No,,,,,,,,,,,,,,None - Installation not recommended,,,,,,,,,,,,,,,,,,,,,,,,,,,,,,,,,,,,,,,,,,,,,,,,House_Mid-Terrace_2.0
OVO,EOH1741,RG12,32.0,Working Full time (>30hrs),Manager,"40,001 - 50,000",2020-07-02T00:00:00.000Z,Owner-Occupied,2.0,C1,4.0,19/01/2021,Retrofitworks,Suburban,2001+,,2.0,1.0,119.0,9.0,3.0,9.0,2.35,Cavity_Insulated,Solid,Pitched,Double,Yes,Gas,Gas Boiler - Standard,,Water,200,0.0,0.0,1.0,No,No,,,,,,,,,,Yes with additional measures,No,Yes with additional measures,Yes with additional measures,None - Installation not recommended,,,,,,,,,,,,,,,,,,,,,,,,,,,,,,,,,,,,,,,,,,,,,,,,House_Mid-Terrace_3.0
Warmworks,EOH1390,EH49,36.0,Working Part time,Clerical,Prefer not to say,2020-08-13T00:00:00.000Z,Owner-Occupied,4.0,C1,3.0,08/09/2020,Warmworks,Urban,1965-1980,C,2.0,2.0,133.38,6.0,4.0,6.0,2.45,Cavity_Insulated,Suspended,Pitched,Double,Yes,Gas,Gas Boiler - Combi,,,,0.0,0.0,1.0,No,No,,,8.1,92.8,20327.0,4776.0,0.0,45.0,3.77,Yes,No,Yes,No,HT_ASHP,,,,1137.88,15.0,5.0,Yes,31/05/2021,Everwarm,ASHP,,Mitsubishi,PUHZ-HW140VHA2R5,14.0,R410A,0.0,Water_New,200.0,,1.0,13.0,,0.0,,Low Noise Heat Pump,No,0.0,0.0,0.0,No,No,0.0,0.0,,No,8575.74,3572.21,1610.23,3517.49,,,,,,,3.0,0.0,House_Semi-Detached_2.0
OVO,EOH0333,KT18,76.0,Retired,Pensioner,Prefer not to say,2021-06-09T00:00:00.000Z,Rented (Social),5.0,DE,1.0,14/03/2021,Retrofitworks,Urban,1991-2000,C,2.0,0.0,46.0,2.0,1.0,3.0,2.38,Cavity_Insulated,Suspended,Pitched,Double,No,Electricity,Electric - Storage,Electric - Storage,Water,100,0.0,0.0,0.0,Yes - Borehole,Yes,,,2.257,36.0,4417.0,1798.0,0.0,,,No,Yes with additional measures,No,No,GSHP,Heat Emitters,15920.96,3887.25,320.96,17.0,,Yes,24/07/2021,Kensa,GSHP,Shared_Groundloop,Kensa,S6-P0K,3.0,R134a,,PCM_New,,10.5,1.0,0.0,5.0,0.0,,,No,0.0,0.0,0.0,No,No,0.0,0.0,,No,2907.89,1982.51,8530.78,3887.25,0.0,0.0,0.0,0.0,0.0,0.0,3.0,0.0,Flat_Flat_1.0
OVO,EOH1788,TN12,60.0,Working Part time,Professional,"0 - 12,500",2020-07-07T00:00:00.000Z,Owner-Occupied,20.0,C2,4.0,19/11/2020,Retrofitworks,Rural,Pre 1919,,1.0,0.0,75.7,5.0,3.0,5.0,2.29,Solid_No_insulation,Solid,Pitched,Double,Yes,Gas,Gas Boiler - Standard,Fire - Wood,Water,130,1.0,0.0,1.0,No,No,,,,,,,,,,,,,,None - Installation not recommended,,,,,,,,,,,,,,,,,,,,,,,,,,,,,,,,,,,,,,,,,,,,,,,,House_Semi-Detached_3.0
Warmworks,EOH0875,EH4,37.0,Working Full time (>30hrs),Professional,"40,001 - 50,000",2020-06-29T00:00:00.000Z,Owner-Occupied,5.0,C1,3.0,03/08/2020,Warmworks,Suburban,1945-1964,E,1.0,1.0,130.01,5.0,3.0,5.0,2.6,Cavity_No_insulation,Suspended,Pitched,Double,Yes,Gas,Gas Boiler - Combi,,,,0.0,0.0,1.0,Yes - Borehole,Yes,3486.0,17778.0,,,,,,,,No,Yes,Yes,Yes,GSHP,,,,,,,No,,,,,,,,,,,,,,,,,,,,,,,,,,,,,,,,,,,,,,,,,House_Semi-Detached_2.0
E.ON,EOH2531,NE3,35.0,Working Full time (>30hrs),Professional,"30,001 - 40,000",2020-12-21T00:00:00.000Z,Owner-Occupied,1.0,C1,3.0,14/01/2021,Phoenix,Urban,1950 - 1966,D,2.0,0.0,116.0,5.0,3.0,9.0,2.4,Cavity_Insulated,Solid,Pitched,Double,Yes,Gas,Gas Boiler - Combi,Fire - Gas,,,0.0,1.0,1.0,No,No,3085.0,21000.0,7.972,68.72,15982.7,4475.0,853.0,49.0,3.24,Yes with additional measures,No,No,Yes,ASHP,Loft Insulation,13319.15,500.0,1026.0,14.3,3.8,Yes,25/05/2021,Aaron Services,ASHP,,Daikin,EDLQ011CAV3,11.0,R410A,,Water_new,200.0,,1.0,11.0,0.0,0.0,none,none,No,0.0,0.0,0.0,No,Yes,0.0,0.0,,no,6364.21,1752.0,,3425.04,0.0,500.0,0.0,0.0,0.0,0.0,3.0,0.5,House_Semi-Detached_2.0
E.ON,EOH1511,NE3,26.0,Working Full time (>30hrs),Professional,"20,001 - 25,000",2021-01-11T00:00:00.000Z,Owner-Occupied,0.9,C1,2.0,27/01/2021,Phoenix,Urban,1950 - 1966,C,3.0,0.0,99.0,5.0,3.0,7.0,2.4,Cavity_Insulated,Solid,Pitched,Double,Yes,Gas,Gas Boiler - Combi,Fire - Electric,,,0.0,0.0,1.0,No,No,,,5.96624,69.37,7590.8,3311.0,0.0,,,No,No,No,Yes,Hybrid,None Required,9875.86,0.0,595.0,14.3,3.8,No,,,,,,,,,,,,,,,,,,,,,,,,,,,,,,,,,,,,,,,,,House_Semi-Detached_2.0
E.ON,EOH0463,NE3,,Working Full time (>30hrs),Clerical,"25,001 - 30,000",2020-09-14T00:00:00.000Z,Owner-Occupied,20.0,C1,2.0,24/09/2020,Phoenix,Urban,1900 - 1929,,2.0,0.0,101.0,6.0,3.0,12.0,2.8,Solid_No_insulation,Suspended,Pitched,Double,Yes,Gas,Gas Boiler - Combi,Fire - Gas,,,0.0,1.0,1.0,No,No,5366.0,21941.0,,,,,,,,No,No,No,No,None - Installation not recommended,,,,,,,,,,,,,,,,,,,,,,,,,,,,,,,,,,,,,,,,,,,,,,,,House_End-Terrace_2.0
OVO,EOH0077,PO10,49.0,Working Full time (>30hrs),Manager,"50,001+",2021-02-02T00:00:00.000Z,Owner-Occupied,11.0,AB,4.0,03/03/2021,Retrofitworks,Suburban,1965-1980,,3.0,1.0,200.73,7.0,4.0,7.0,2.3,Cavity_Insulated,Solid,Pitched,Double,Yes,Gas,Gas Boiler - Standard,,Water,150,0.0,0.0,0.0,No,No,,,,,,,,,,,,,,None - Installation not recommended,,,,,,,,,,,,,,,,,,,,,,,,,,,,,,,,,,,,,,,,,,,,,,,,House_Detached_2.0
E.ON,EOH1600,NE7,59.0,Retired,Pensioner,"12,501 - 16,200",2020-12-18T00:00:00.000Z,Owner-Occupied,24.0,DE,3.0,18/01/2021,Phoenix,Urban,1950 - 1966,C,2.0,0.0,129.0,7.0,4.0,10.0,2.6,Cavity_Insulated,Suspended,Pitched,Double,Yes,Gas,Gas Boiler - Standard,Fire - Gas,Water,110,0.0,2.0,1.0,No,No,2537.0,21037.0,,,,,,,,Yes,No,Yes,Yes,None - Installation not recommended,,,,,,,,,,,,,,,,,,,,,,,,,,,,,,,,,,,,,,,,,,,,,,,,House_Semi-Detached_2.0
Warmworks,EOH3103,EH13,33.0,Working Full time (>30hrs),Manager,Prefer not to say,2021-04-23T00:00:00.000Z,Owner-Occupied,0.5,C1,4.0,14/06/2021,Warmworks,Suburban,1965-1980,C,2.0,2.0,163.19,8.0,4.0,8.0,2.44,Cavity_Insulated,Suspended,Pitched,Double,Yes,Gas,Gas Boiler - Combi,,Water,Medium (131-170l),0.0,0.0,1.0,Yes - Borehole,Yes,,,10.6,,25985.0,5905.0,0.0,,,Yes,Yes,Yes,Yes,GSHP,,,,1704.92,18.0,5.0,No,,,,,,,,,,,,,,,,,,,,,,,,,,,,,,,,,,,,,,,,,House_Detached_2.0
Warmworks,EOH0633,EH52,42.0,Working Part time,Clerical,"50,001+",2020-10-10T00:00:00.000Z,Owner-Occupied,4.0,C1,2.0,08/12/2020,Warmworks,Rural,2001+,C,2.0,2.0,175.34,8.0,5.0,8.0,2.4,Cavity_Insulated,Solid,Pitched,Double,Yes,Gas,Gas Boiler - Standard,Electric - Direct,Water,Large (> 170l),0.0,0.0,1.0,No,No,,,11.2,,28079.0,4776.0,0.0,,,Yes,No,Yes,Yes,HT_ASHP,,,,1726.82,18.0,5.0,No,,,,,,,,,,,,,,,,,,,,,,,,,,,,,,,,,,,,,,,,,House_Detached_2.0
Warmworks,EOH2115,EH14,69.0,Retired,Pensioner,Prefer not to say,2021-04-29T00:00:00.000Z,Owner-Occupied,20.0,AB,3.0,14/06/2021,Warmworks,Suburban,1919-1944,A,2.0,0.0,163.38,5.0,3.0,5.0,2.7,Cavity_Insulated,Suspended,Pitched,Double,Yes,Gas,Gas Boiler - Standard,Fire - Gas,Water,Large (> 170l),2.0,1.0,0.0,No,No,,,11.6,,30185.0,3937.0,0.0,,,Yes,No,Yes,Yes,HT_ASHP,,,,1543.5,18.0,5.0,No,,,,,,,,,,,,,,,,,,,,,,,,,,,,,,,,,,,,,,,,,House_Detached_2.0
E.ON,EOH2747,NE3,41.0,Working Full time (>30hrs),Skilled Manual Worker,"50,001+",2021-02-03T00:00:00.000Z,Owner-Occupied,2.0,C1,4.0,05/03/2021,Phoenix,Urban,1983 - 1990,C,2.0,2.0,106.0,7.0,4.0,10.0,2.3,Cavity_Insulated,Solid,Pitched,Double,Yes,Gas,Gas Boiler - Combi,Fire - Gas,,,0.0,1.0,0.0,No,No,10000.0,24000.0,7.43926,80.86,18036.3,4122.0,607.0,,,No,No,Yes,Yes,HT_ASHP,None Required,15974.19,0.0,1237.0,14.3,3.8,No,,,,,,,,,,,,,,,,,,,,,,,,,,,,,,,,,,,,,,,,,House_Detached_2.0
Warmworks,EOH1194,EH18,63.0,Unemployed,Professional,Prefer not to say,2020-06-30T00:00:00.000Z,Owner-Occupied,12.0,AB,5.0,22/07/2020,Warmworks,Suburban,2001+,C,4.0,0.0,123.88,5.0,3.0,5.0,2.6,Cavity_Insulated,Solid,Pitched,Double,Yes,Gas,Gas Boiler - Standard,,Water,Medium (131-170l),0.0,0.0,0.0,No,No,2643.0,9346.0,,,,,,,,Yes,No,Yes,Yes,ASHP,,,,,,,No,,,,,,,,,,,,,,,,,,,,,,,,,,,,,,,,,,,,,,,,,House_Detached_2.0
Warmworks,EOH2778,EH12,51.0,Working Part time,Professional,"50,001+",2021-04-25T00:00:00.000Z,Owner-Occupied,3.0,C1,4.0,06/07/2021,Warmworks,Urban,1965-1980,C,2.0,2.0,92.74,4.0,3.0,4.0,2.44,Cavity_Insulated,Solid,Pitched,Double,Yes,Gas,Gas Boiler - Standard,,Water,Normal (90-130l),0.0,0.0,1.0,No,No,2300.0,13000.0,6.1,71.0,18994.0,3937.0,0.0,50.0,3.81,Yes,No,Yes,Yes,ASHP,,,,,,,Yes,30/08/2021,Everwarm,ASHP,,Mitsubishi,PUZ-WM85VAA,8.5,R32,0.0,Water_New,150.0,,1.0,8.0,,0.0,,Low Noise Heat Pump,No,0.0,0.0,0.0,No,No,0.0,0.0,,No,8575.73,3508.272,1610.23,2164.6,,,,,,,2.0,0.0,House_Semi-Detached_2.0
OVO,EOH2342,GU6,47.0,Working Full time (>30hrs),Manager,"40,001 - 50,000",2020-07-02T00:00:00.000Z,Owner-Occupied,4.0,C2,3.0,14/10/2020,Retrofitworks,Suburban,1965-1980,,2.0,0.0,76.61,9.0,3.0,4.0,2.28,Cavity_No_insulation,Solid,Pitched,Double,Yes,Gas,Gas Boiler - Combi,Fire - Gas,,,0.0,1.0,1.0,No,No,,,4.638,55.31,15309.36,4745.0,1839.15,45.0,3.57,Yes,No,Yes,Yes,ASHP,,11581.0,,942.24,14.0,5.0,Yes,21/01/2021,Northern Gas,ASHP,,Daikin,EDLQ07CV3,7.0,R410A,,Water_New,200.0,,1.0,0.0,4.0,0.0,,,No,0.0,0.0,0.0,No,No,0.0,0.0,,No,5564.3,1024.91,3066.81,566.69,0.0,0.0,0.0,0.0,0.0,0.0,7.0,3.0,House_Semi-Detached_2.0
OVO,EOH0403,KT20,70.0,Working Full time (>30hrs),Professional,Prefer not to say,2020-07-24T00:00:00.000Z,Owner-Occupied,34.0,AB,4.0,04/08/2020,Retrofitworks,Rural,Pre 1919,,,,214.0,14.0,4.0,,,,,Pitched,Single,Yes,Gas,Gas Boiler - Standard,,,,0.0,0.0,0.0,Yes - Ground Loop,Yes,,,,,,,,,,,,,,None - Installation not recommended,,,,,,,,,,,,,,,,,,,,,,,,,,,,,,,,,,,,,,,,,,,,,,,,House_Detached_2.0
E.ON,EOH1582,NE15,39.0,Working Full time (>30hrs),Professional,"40,001 - 50,000",2020-08-27T00:00:00.000Z,Owner-Occupied,5.0,AB,5.0,23/09/2020,Phoenix,Urban,1930 - 1949,,2.0,2.0,93.75,5.0,3.0,9.0,2.6,Cavity_Insulated,Suspended,Pitched,Double,No,LPG,LPG Boiler,Fire - Wood,,,0.0,0.0,1.0,No,No,5200.0,,,,,,,,,No,No,Yes with additional measures,Yes with additional measures,None - Installation not recommended,,,,,,,,,,,,,,,,,,,,,,,,,,,,,,,,,,,,,,,,,,,,,,,,House_End-Terrace_2.0
E.ON,EOH2757,NE13,80.0,Retired,Pensioner,"40,001 - 50,000",2020-11-03T00:00:00.000Z,Owner-Occupied,40.0,DE,3.0,13/11/2020,Phoenix,Urban,1950 - 1966,,2.0,0.0,140.0,7.0,3.0,10.0,2.5,Cavity_Insulated,Solid,Pitched,Double,Yes,Gas,Gas Boiler - Standard,Electric - Warm Air,Water,110,0.0,0.0,0.0,Yes - Ground Loop,Yes,,,,,,,,,,No,No,No,No,None - Installation not recommended,,,,,,,,,,,,,,,,,,,,,,,,,,,,,,,,,,,,,,,,,,,,,,,,House_Detached_2.0
OVO,EOH0960,SO51,76.0,Retired,Pensioner,"40,001 - 50,000",2020-07-02T00:00:00.000Z,Owner-Occupied,12.0,DE,3.0,26/01/2021,Retrofitworks,Urban,2001+,,2.0,0.0,100.0,5.0,3.0,8.0,2.35,Cavity_Insulated,Solid,Pitched,Double,Yes,Gas,Gas Boiler - Standard,Fire - Gas,Water,100,0.0,1.0,1.0,No,No,,,,,,,,,,,,,,None - Installation not recommended,,,,,,,,,,,,,,,,,,,,,,,,,,,,,,,,,,,,,,,,,,,,,,,,House_Mid-Terrace_2.0
Warmworks,EOH1528,EH7,48.0,Working Full time (>30hrs),Manager,"40,001 - 50,000",2020-07-03T00:00:00.000Z,Owner-Occupied,15.0,C1,3.0,12/08/2020,Warmworks,Urban,1919-1944,C,2.0,2.0,87.33,4.0,3.0,4.0,2.7,Cavity_Insulated,Suspended,Pitched,Double,Yes,Gas,Gas Boiler - Combi,Gas Boiler - Combi,,,0.0,0.0,1.0,Yes - Borehole,Yes,2453.0,8938.0,,,,,,,,Yes,Yes,Yes,Yes,GSHP,,,,,,,No,,,,,,,,,,,,,,,,,,,,,,,,,,,,,,,,,,,,,,,,,House_Mid-Terrace_3.0
E.ON,EOH1740,NE42,,Working Full time (>30hrs),Skilled Manual Worker,"50,001+",2021-08-05T00:00:00.000Z,Owner-Occupied,8.0,C2,5.0,09/08/2021,Energist,Suburban,1930 - 1949,E,2.0,0.0,95.0,5.0,3.0,8.0,2.4,Cavity_No_insulation,Suspended,Pitched,Double,Yes,Gas,Gas Boiler - Combi,,,,0.0,0.0,1.0,No,No,,,5.79,68.05,17209.0,3146.0,0.0,45.0,3.91,No,No,Yes,Yes,ASHP,None Required,13217.95,,846.0,12.5,3.8,Yes,06/09/2021,Energist,HT_ASHP,,Vaillant,VWL 75/6 A 230V S2,7.0,R290,,Water_new,200.0,,1.0,8.0,0.0,0.0,,,No,0.0,0.0,0.0,No,No,0.0,0.0,,no,5789.0,1752.34,,2500.86,0.0,0.0,0.0,0.0,0.0,0.0,4.0,,House_Detached_1.0
E.ON,EOH1925,NE25,50.0,Working Full time (>30hrs),Manager,"50,001+",2021-08-02T00:00:00.000Z,Owner-Occupied,8.0,AB,2.0,11/08/2021,Energist,Suburban,2007 - 2011,C,2.0,2.0,152.0,8.0,4.0,14.0,2.4,Cavity_Insulated,Suspended,Pitched,Double,Yes,Gas,Gas Boiler - Combi,,,,0.0,0.0,0.0,No,No,,,4.61,36.2,10622.0,3496.0,0.0,45.0,3.77,Yes,No,Yes,Yes,ASHP,None Required,14347.62,,659.0,12.9,3.5,Yes,20/09/2021,Energist,HT_ASHP,,Vaillant,VWL 55/6 A 230V S2,5.0,R290,,Water_new,200.0,,1.0,10.0,0.0,0.0,,,No,0.0,0.0,0.0,No,No,0.0,0.0,,no,5623.74,1752.34,,2870.84,0.0,0.0,0.0,0.0,0.0,0.0,4.0,,House_Detached_2.0
Warmworks,EOH1190,EH10,69.0,Retired,Pensioner,Prefer not to say,2021-04-16T00:00:00.000Z,Owner-Occupied,35.0,DE,3.0,10/06/2021,Warmworks,Suburban,1945-1964,D,2.0,1.0,116.08,7.0,4.0,7.0,2.42,Cavity_Insulated,Suspended,Pitched,Double,Yes,Gas,Gas Boiler - Combi,,,,0.0,0.0,0.0,No,No,3358.0,16762.0,10.1,83.0,24892.0,3937.0,0.0,50.0,3.92,Yes,No,Yes,Yes,HT_ASHP,,,,1495.57,18.0,5.0,Yes,27/08/2021,Everwarm,HT_ASHP,,Vaillant,VWL 125/6 A 230V S2,12.0,R290,0.0,Water_New,200.0,,1.0,,15.0,0.0,,Low Noise Heat Pump,No,0.0,0.0,0.0,No,No,0.0,0.0,,No,17943.13,3572.208,1610.23,4058.64,,,,,,,2.0,0.0,House_Detached_2.0
Warmworks,EOH0230,TD1,74.0,Retired,Pensioner,Prefer not to say,2021-03-12T00:00:00.000Z,Rented (Social),44.0,C2,1.0,26/03/2021,Warmworks,Suburban,1945-1964,D,1.0,0.0,80.92,5.0,3.0,5.0,2.46,Cavity_Insulated,Suspended,Pitched,Double,No,,Electric - Storage,Electric - Direct,Water,Normal (90-130l),0.0,0.0,0.0,No,No,,,,,,,,,,Yes,No,Yes,No,ASHP,,,,,,,No,,,,,,,,,,,,,,,,,,,,,,,,,,,,,,,,,,,,,,,,,House_Mid-Terrace_2.0
Warmworks,EOH0706,EH14,41.0,Working Full time (>30hrs),Professional,Prefer not to say,2020-09-02T00:00:00.000Z,Owner-Occupied,5.0,AB,4.0,14/12/2020,Everwarm,Suburban,1965-1980,C,2.0,2.0,198.32,8.0,5.0,8.0,2.45,Cavity_Insulated,Suspended,Pitched,Double,Yes,Gas,Gas Boiler - Combi,Fire - Wood,,,0.0,0.0,0.0,No,No,2764.0,6523.0,,,,,,,,Yes,Yes,Yes,Yes,None - Installation not recommended,,,,,,,,,,,,,,,,,,,,,,,,,,,,,,,,,,,,,,,,,,,,,,,,House_Detached_2.0
E.ON,EOH2299,NE3,73.0,Working Part time,Skilled Manual Worker,Prefer not to say,2021-04-07T00:00:00.000Z,Owner-Occupied,48.0,C2,1.0,14/04/2021,Phoenix,Urban,1967 - 1975,,2.0,0.0,80.0,4.0,3.0,7.0,2.3,Cavity_Insulated,Solid,Pitched,Double,Yes,Gas,Gas Boiler - Combi,Fire - Gas,,,0.0,1.0,1.0,No,No,,,,,,,,,,No,No,No,No,None - Installation not recommended,,,,,,,,,,,,,,,,,,,,,,,,,,,,,,,,,,,,,,,,,,,,,,,,House_Semi-Detached_2.0
OVO,EOH2275,TN16,33.0,Working Full time (>30hrs),Professional,Prefer not to say,2020-07-10T00:00:00.000Z,Owner-Occupied,2.0,AB,3.0,12/11/2020,Retrofitworks,Suburban,Pre 1919,,2.0,2.0,143.35,5.0,3.0,5.0,2.52,Solid_No_insulation,Suspended,Pitched,Double,Yes,Gas,Gas Boiler - Combi,Fire - Wood,,,0.0,0.0,1.0,No,No,2828.0,14812.0,,,,,,,,No,No,No,No,None - Installation not recommended,,,,,,,,,,,,,,,,,,,,,,,,,,,,,,,,,,,,,,,,,,,,,,,,House_Detached_2.0
E.ON,EOH2048,NE3,74.0,Retired,Pensioner,"25,001 - 30,000",2020-09-14T00:00:00.000Z,Owner-Occupied,37.0,DE,4.0,28/09/2020,Phoenix,Urban,1950 - 1966,,2.0,0.0,111.0,6.0,5.0,13.0,2.4,Cavity_Insulated,Suspended,Pitched,Double,Yes,Gas,Gas Boiler - Combi,,,,0.0,0.0,1.0,No,No,1418.0,10119.0,8.209,83.52,8571.0,5731.0,0.0,,,No,No,No,Yes,Hybrid,None Required,10245.84,0.0,995.0,14.3,3.8,No,,,,,,,,,,,,,,,,,,,,,,,,,,,,,,,,,,,,,,,,,House_Mid-Terrace_2.0
Warmworks,EOH1160,EH11,63.0,Retired,Pensioner,"16,201 - 20,000",2020-10-24T00:00:00.000Z,Owner-Occupied,16.0,DE,1.0,13/12/2020,Everwarm,Urban,1919-1944,D,3.0,0.0,69.75,3.0,2.0,3.0,2.68,Cavity_No_insulation,Suspended,Another Dwelling Above,Double,Yes,Gas,Gas Boiler - Combi,Fire - Gas,,,0.0,1.0,1.0,No,No,4456.0,18141.0,7.9,124.1,19984.0,2865.0,0.0,,,Yes with additional measures,No,Yes,Yes,None - Installation not recommended,,,,1182.0,18.0,5.0,,,,,,,,,,,,,,,,,,,,,,,,,,,,,,,,,,,,,,,,,,Flat_Flat_1.0
Warmworks,EOH0783,EH17,27.0,Working Full time (>30hrs),Manager,Prefer not to say,2020-07-14T00:00:00.000Z,Owner-Occupied,5.0,AB,2.0,24/09/2020,Warmworks,Suburban,2001+,C,4.0,0.0,112.1,6.0,4.0,6.0,2.38,Cavity_Insulated,Suspended,Pitched,Double,Yes,Gas,Gas Boiler - Combi,,,,0.0,0.0,1.0,No,No,7298.0,13612.0,,,,,,,,Yes,No,Yes,No,ASHP,,,,,,,No,,,,,,,,,,,,,,,,,,,,,,,,,,,,,,,,,,,,,,,,,House_Semi-Detached_2.0
E.ON,EOH2300,NE15,66.0,Retired,Pensioner,"50,001+",2020-10-13T00:00:00.000Z,Owner-Occupied,3.0,DE,5.0,26/10/2020,Phoenix,Urban,1983 - 1990,D,2.0,0.0,72.0,3.0,2.0,7.0,2.4,Cavity_Insulated,Suspended,Pitched,Double,Yes,Gas,Gas Boiler - Combi,,,,0.0,0.0,1.0,No,No,1854.0,14342.0,,,,,,,,Yes with additional measures,No,Yes with additional measures,Yes with additional measures,None - Installation not recommended,,,,,,,,,,,,,,,,,,,,,,,,,,,,,,,,,,,,,,,,,,,,,,,,House_Detached_1.0
OVO,EOH1568,GU22,47.0,Working Full time (>30hrs),Manager,Prefer not to say,2020-07-02T00:00:00.000Z,Owner-Occupied,14.0,C1,2.0,19/10/2020,Retrofitworks,Suburban,Pre 1919,,2.0,2.0,195.86,12.0,4.0,12.0,2.52,Solid_Insulated,Solid,Pitched,Double,Yes,Gas,Gas Boiler - Standard,Fire - Coal,,,1.0,0.0,1.0,Yes - Borehole,Yes,6934.1,31103.08,,,,,,,,,,,,,,,,,,,,,,,,,,,,,,,,,,,,,,,,,,,,,,,,,,,,,,,,,,,,House_Detached_2.0
E.ON,EOH0254,NE13,75.0,Retired,Pensioner,"25,001 - 30,000",2021-08-02T00:00:00.000Z,Owner-Occupied,5.0,DE,2.0,16/08/2021,Energist,Suburban,2012 onwards,B,2.0,2.0,111.0,7.0,4.0,12.0,2.4,Cavity_Insulated,Suspended,Pitched,Double,Yes,Gas,Gas Boiler - Combi,,,,0.0,0.0,0.0,No,No,,,3.34,34.77,8217.0,3496.0,0.0,45.0,3.77,Yes,No,Yes,Yes,ASHP,None Required,13422.67,,572.0,12.9,3.8,Yes,13/09/2021,Energist,HT_ASHP,,Vaillant,VWL 55/6 A 230V S2,5.0,R290,,Water_new,200.0,,1.0,10.0,0.0,0.0,,,No,0.0,0.0,0.0,No,No,0.0,0.0,,no,5623.74,1752.34,,2870.84,0.0,0.0,0.0,0.0,0.0,0.0,4.0,,House_Detached_1.0
Warmworks,EOH2029,EH15,48.0,Working Full time (>30hrs),Professional,"50,001+",2020-08-20T00:00:00.000Z,Owner-Occupied,13.0,C1,4.0,17/09/2020,Warmworks,Urban,Pre 1919,D,2.0,2.0,190.33,6.0,4.0,6.0,3.22,Cavity_No_insulation,Suspended,Pitched,Double,Yes,Gas,Gas Boiler - Combi,,,,0.0,1.0,1.0,No,No,2141.0,18227.0,,,,,,,,No,No,Yes,Yes,None - Installation not recommended,,,,,,,,,,,,,,,,,,,,,,,,,,,,,,,,,,,,,,,,,,,,,,,,Maisonette_End-Terrace_3.0
Warmworks,EOH3079,EH16,33.0,Working Full time (>30hrs),Clerical,"40,001 - 50,000",2020-07-06T00:00:00.000Z,Owner-Occupied,1.0,C2,1.0,17/07/2020,Warmworks,Suburban,1945-1964,C,2.0,0.0,72.92,3.0,2.0,3.0,2.4,Cavity_Insulated,Suspended,Pitched,Double,Yes,Gas,Gas Boiler - Combi,,,,0.0,0.0,1.0,No,No,3060.0,6297.0,,,,,,,,Yes,No,Yes,Yes,HT_ASHP,,,,,,,No,,,,,,,,,,,,,,,,,,,,,,,,,,,,,,,,,,,,,,,,,House_Semi-Detached_2.0
OVO,EOH2278,DA9,32.0,Working Full time (>30hrs),Professional,"50,001+",2020-07-14T00:00:00.000Z,Owner-Occupied,2.0,AB,3.0,10/12/2020,Retrofitworks,Suburban,2001+,,2.0,0.0,111.0,7.0,3.0,10.0,2.45,Cavity_Insulated,Mix,Pitched,Double,Yes,Gas,Gas Boiler - Standard,,Water,150,0.0,0.0,1.0,No,No,,,4.59,41.48,9480.54,3650.0,841.0,45.0,3.57,Yes,No,Yes,Yes,ASHP,,11389.0,768.0,489.53,14.0,,Yes,03/02/2021,Northern Gas,ASHP,,Daikin,EDLQ07CV3,7.0,R410A,,Water_New,300.0,,1.0,0.0,4.0,0.0,,,No,0.0,0.0,0.0,No,No,0.0,0.0,,No,5564.44,1792.59,3417.61,617.0,0.0,0.0,0.0,0.0,0.0,0.0,10.0,4.0,House_Semi-Detached_2.0
OVO,EOH1247,BN22,63.0,Working Part time,Professional,"30,001 - 40,000",2020-07-22T00:00:00.000Z,Owner-Occupied,21.0,C1,3.0,18/12/2020,Retrofitworks,Suburban,Pre 1919,,3.0,0.0,133.81,5.0,3.0,9.0,2.66,Cavity_Insulated,Mix,Pitched,Double,Yes,Gas,Gas Boiler - Standard,Fire - Wood,Water,109,0.0,0.0,0.0,No,No,3472.0,1305.0,,,,,,,,,,,,None - Installation not recommended,,,,,,,,,,,,,,,,,,,,,,,,,,,,,,,,,,,,,,,,,,,,,,,,House_Semi-Detached_2.0
E.ON,EOH1301,NE7,60.0,Working Full time (>30hrs),Professional,"25,001 - 30,000",2020-10-07T00:00:00.000Z,Owner-Occupied,10.0,C1,4.0,20/10/2020,Phoenix,Urban,1950 - 1966,D,2.0,0.0,120.0,5.0,3.0,11.0,2.4,Cavity_Insulated,Suspended,Pitched,Double,Yes,Gas,Gas Boiler - Combi,Fire - Gas,,,0.0,1.0,1.0,No,No,,,,,,,,,,No,No,No,No,None - Installation not recommended,,,,,,,,,,,,,,,,,,,,,,,,,,,,,,,,,,,,,,,,,,,,,,,,House_Semi-Detached_2.0
E.ON,EOH1985,NE61,,Retired,Pensioner,Prefer not to say,2021-09-28T00:00:00.000Z,Owner-Occupied,26.0,DE,4.0,20/09/2021,Energist,Rural,1930 - 1949,,2.0,2.0,210.0,5.0,3.0,8.0,2.4,Cavity_Insulated,Suspended,Pitched,Double,No,Coal,Fire - Coal,,Water,Unknown,0.0,0.0,0.0,No,No,,,6.963,75.68,19015.0,2792.0,0.0,50.0,3.65,Yes,No,Yes,Yes,HT_ASHP,None Required,13217.0,,952.0,12.9,6.9,Yes,27/09/2021,Energist,HT_ASHP,,Vaillant,VWL 75/6 A 230V S2,7.0,R290,,Water_new,200.0,,1.0,8.0,0.0,0.0,,,No,0.0,0.0,0.0,No,No,0.0,0.0,,no,5789.0,1752.34,,2500.86,0.0,0.0,0.0,0.0,0.0,0.0,4.0,,House_Detached_2.0
E.ON,EOH2843,NE5,,Working Full time (>30hrs),Skilled Manual Worker,"40,001 - 50,000",2020-11-03T00:00:00.000Z,Owner-Occupied,16.0,C2,2.0,17/11/2020,Phoenix,Urban,1950 - 1966,D,4.0,0.0,80.0,5.0,3.0,9.0,2.5,Cavity_Insulated,Solid,Pitched,Double,Yes,Gas,Gas Boiler - Combi,Fire - Wood,,,0.0,0.0,1.0,No,No,,,6.37,93.74,7658.0,3566.0,0.0,,,No,No,No,Yes,Hybrid,None Required,10430.06,0.0,632.0,14.3,3.8,No,,,,,,,,,,,,,,,,,,,,,,,,,,,,,,,,,,,,,,,,,House_Semi-Detached_2.0
E.ON,EOH1780,NE7,38.0,Working Full time (>30hrs),Professional,"50,001+",2021-01-06T00:00:00.000Z,Owner-Occupied,9.0,AB,1.0,22/01/2021,Phoenix,Urban,1930 - 1949,E,2.0,2.0,112.0,5.0,3.0,8.0,2.6,Cavity_Insulated,Suspended,Pitched,Double,Yes,Gas,Gas Boiler - Combi,Fire - Gas,,,0.0,1.0,0.0,No,No,4362.0,10681.0,,,,,,,,Yes,No,Yes,Yes,None - Installation not recommended,,,,,,,,,,,,,,,,,,,,,,,,,,,,,,,,,,,,,,,,,,,,,,,,House_Semi-Detached_2.0
E.ON,EOH1108,ne3,40.0,Working Full time (>30hrs),Skilled Manual Worker,"30,001 - 40,000",2021-01-25T00:00:00.000Z,Owner-Occupied,2.0,C2,4.0,15/02/2021,Phoenix,Urban,1950 - 1966,D,2.0,0.0,94.0,6.0,4.0,11.0,2.4,Cavity_Insulated,Suspended,Pitched,Double,Yes,Gas,Gas Boiler - Combi,,,,0.0,0.0,1.0,No,No,,,6.48452,70.48,15679.6,5153.0,759.0,,,Yes,No,Yes,Yes,ASHP,Loft Insulation and Barrier,12048.75,1000.0,1050.0,14.3,3.8,No,,,,,,,,,,,,,,,,,,,,,,,,,,,,,,,,,,,,,,,,,House_Semi-Detached_2.0
E.ON,EOH2541,NE6,33.0,Working Full time (>30hrs),Professional,"50,001+",2020-10-30T00:00:00.000Z,Owner-Occupied,0.9,AB,2.0,10/11/2020,Phoenix,Urban,1950 - 1966,D,2.0,0.0,100.0,5.0,3.0,7.0,2.4,Solid_No_insulation,Suspended,Pitched,Double,Yes,Gas,Gas Boiler - Combi,Fire - Wood,,,0.0,1.0,1.0,No,No,,,9.614,96.14,19260.2,3464.0,0.0,55.0,2.96,No,No,No,Yes,Hybrid,None Required,11353.47,,1260.0,14.3,3.8,Yes,02/06/2021,Phoenix,Hybrid,Separate_New Boiler,Daikin,EHY2KOMB28AA,4.0,R32,,,,,1.0,10.0,0.0,0.0,none,none,No,0.0,0.0,0.0,No,No,0.0,0.0,,no,5739.82,,,3978.47,0.0,0.0,0.0,0.0,0.0,0.0,2.5,0.0,House_Semi-Detached_2.0
OVO,EOH1720,TN6,,Working Full time (>30hrs),Professional,"40,001 - 50,000",2020-07-27T00:00:00.000Z,Owner-Occupied,,AB,1.0,10/12/2020,Retrofitworks,Suburban,1945-1964,,1.0,0.0,69.9,4.0,3.0,4.0,2.34,Cavity_No_insulation,Suspended,Pitched,Double,Yes,Gas,Gas Boiler - Combi,,,,0.0,0.0,0.0,Yes - Ground Loop,Yes,1414.0,3682.0,,,,,,,,Yes,No,Yes,Yes,ASHP,,,,,,,No,,,,,,,,,,,,,,,,,,,,,,,,,,,,,,,,,,,,,,,,,House_Semi-Detached_1.0
E.ON,EOH2796,NE3,,Working Part time,Clerical,"40,001 - 50,000",2020-12-04T00:00:00.000Z,Owner-Occupied,29.0,C2,4.0,14/12/2020,Phoenix,Urban,1967 - 1975,,2.0,0.0,65.0,4.0,3.0,6.0,2.3,Cavity_Insulated,Solid,Pitched,Double,Yes,Gas,Gas Boiler - Combi,,,,0.0,0.0,0.0,No,No,,,4.13,65.43,10004.0,4002.0,181.0,,,Yes,No,Yes,Yes,ASHP,Loft Insulation,11735.21,500.0,602.0,14.3,3.8,No,,,,,,,,,,,,,,,,,,,,,,,,,,,,,,,,,,,,,,,,,House_Semi-Detached_2.0
OVO,EOH0728,TN6,59.0,Working Full time (>30hrs),Professional,"50,001+",2021-02-01T00:00:00.000Z,Owner-Occupied,9.0,AB,5.0,01/03/2021,Retrofitworks,Rural,2001+,,2.0,1.0,214.0,8.0,4.0,8.0,2.4,Cavity_Insulated,Solid,Pitched,Double,No,Oil,Oil Boiler,,Water,200,0.0,0.0,0.0,No,No,,,13.24,72.02,21922.0,1677.0,163.0,48.0,3.37,Yes,No,Yes,Yes,ASHP,,15035.0,0.0,1230.23,15.0,,Yes,08/03/2021,Ecolution Group,ASHP,,Mitsubishi,PUZ-WM112VAA,11.2,R32,,Water_New,300.0,,1.0,0.0,0.0,0.0,,Low Noise Heat Pump,No,0.0,0.0,0.0,No,No,0.0,0.0,,No,7270.68,1508.0,3276.0,0.0,0.0,0.0,0.0,0.0,0.0,0.0,7.0,3.0,House_Detached_2.0
OVO,EOH0513,BH31,51.0,Working Part time,Professional,"40,001 - 50,000",2020-09-27T00:00:00.000Z,Owner-Occupied,15.0,C2,4.0,24/02/2021,Retrofitworks,Suburban,1981-1990,,2.0,2.0,121.0,8.0,4.0,8.0,2.4,Cavity_Insulated,Solid,Pitched,Double,Yes,Gas,Gas Boiler - Standard,,Water,100,0.0,0.0,1.0,No,No,,,,,,,,,,,,,,None - Installation not recommended,,,,,,,,,,,,,,,,,,,,,,,,,,,,,,,,,,,,,,,,,,,,,,,,House_Detached_2.0
Warmworks,EOH1602,EH44,46.0,Working Full time (>30hrs),Professional,"50,001+",2020-07-03T00:00:00.000Z,Owner-Occupied,8.0,AB,2.0,21/07/2020,Everwarm,Rural,1945-1964,D,2.0,3.0,110.6,4.0,3.0,4.0,2.55,Cavity_Insulated,Suspended,Pitched,Double,Yes,Gas,Gas Boiler - Combi,Fire - Wood,,,0.0,0.0,1.0,No,No,3678.0,,12.0,111.0,28399.0,3821.0,0.0,50.0,3.92,No,No,Yes,No,HT_ASHP,,,,1381.0,15.0,5.0,Yes,25/11/2020,Everwarm,HT_ASHP,,Vaillant,VWL 125/6 A 230V S2,12.0,R290,0.0,Water_New,200.0,,1.0,,8.0,0.0,,Low Noise Heat Pump,No,0.0,0.0,0.0,No,No,0.0,0.0,,No,11215.18,3572.21,1610.23,2164.61,,,,,,,2.0,0.0,House_End-Terrace_2.0
OVO,EOH2999,RH15,48.0,Working Full time (>30hrs),Manager,"50,001+",2020-10-03T00:00:00.000Z,Owner-Occupied,9.0,AB,2.0,19/01/2021,Retrofitworks,Suburban,1991-2000,,3.0,1.0,139.61,8.0,4.0,8.0,2.33,Cavity_Insulated,Solid,Pitched,Double,Yes,Gas,Gas Boiler - Standard,Electric - Direct,Water,170,1.0,0.0,1.0,No,No,,,9.27,57.08,16034.0,3057.0,109.0,,,Yes,No,Yes,Yes,ASHP,Heat Emitters,12015.0,1079.0,1064.4,15.0,,,,,,,,,,,,,,,,,,,,,,,,,,,,,,,,,,,,,,,,,,,House_Detached_3.0
OVO,EOH0224,RG25,42.0,Working Full time (>30hrs),Professional,Prefer not to say,2020-07-02T00:00:00.000Z,Owner-Occupied,7.0,C1,3.0,25/01/2021,Retrofitworks,Suburban,2001+,,2.0,0.0,81.6,5.0,3.0,4.0,2.4,Cavity_Insulated,Solid,Pitched,Double,Yes,Gas,Gas Boiler - Standard,,Water,100,0.0,0.0,0.0,No,No,,,,,,,,,,,,,,None - Installation not recommended,,,,,,,,,,,,,,,,,,,,,,,,,,,,,,,,,,,,,,,,,,,,,,,,House_Detached_2.0
OVO,EOH0764,GU31,60.0,Working Full time (>30hrs),Professional,Prefer not to say,2020-07-20T00:00:00.000Z,Owner-Occupied,29.0,DE,3.0,11/01/2021,Retrofitworks,Rural,1919-1944,,2.0,0.0,93.2,7.0,4.0,7.0,2.3,Cavity_Insulated,Suspended,Pitched,Double,Yes,Gas,Gas Boiler - Combi,Fire - Wood,,,0.0,0.0,1.0,Yes - Borehole,Yes,,,7.03,80.81,12435.0,3057.0,109.0,45.0,4.14,Yes,No,Yes,Yes,ASHP,Heat Emitters,12242.0,1544.0,590.51,15.0,,Yes,31/05/2021,Ecolution Group,ASHP,,Mitsubishi,PUZ-WM85VAA,8.5,R32,,Water_New,210.0,,1.0,0.0,8.0,0.0,,Low Noise Heat Pump,No,0.0,0.0,0.0,No,No,0.0,0.0,,No,4937.34,2468.66,3016.0,,0.0,0.0,0.0,0.0,0.0,0.0,4.0,1.0,House_Semi-Detached_3.0
OVO,EOH0477,BN2,39.0,Working Full time (>30hrs),Professional,Prefer not to say,2020-04-08T00:00:00.000Z,Owner-Occupied,,AB,4.0,27/10/2020,Retrofitworks,Suburban,Pre 1919,,3.0,2.0,285.0,16.0,6.0,10.0,2.9,Solid_No_insulation,Solid,Pitched,Double,Yes,Gas,Gas Boiler - Standard,,,,0.0,0.0,0.0,No,No,,,,,,,,,,Yes with additional measures,No,Yes with additional measures,Yes with additional measures,None - Installation not recommended,Loft Insulation; Wall insulation; Draft Proofing,10500.0,38060.0,,,,,,,,,,,,,,,,,,,,,,,,,,,,,,,,,,,,,,,,,,,,,House_Semi-Detached_4.0
Warmworks,EOH1265,KY2,69.0,Retired,Pensioner,"30,001 - 40,000",2021-04-25T00:00:00.000Z,Owner-Occupied,5.0,C2,2.0,15/06/2021,Warmworks,Suburban,1945-1964,B,2.0,1.0,111.08,5.0,3.0,5.0,2.6,Cavity_Insulated,Suspended,Pitched,Double,Yes,Gas,Gas Boiler - Standard,Fire - Wood,Water,Normal (90-130l),0.0,0.0,0.0,No,No,,,5.9,,23110.0,2250.0,0.0,,,Yes,No,Yes,Yes,ASHP,,,,1012.0,18.0,5.0,Yes,,,,,,,,,,,,,,,,,,,,,,,,,,,,,,,,,,,,,,,,,House_Semi-Detached_2.0
Warmworks,EOH1425,EH35,63.0,Working Part time,Skilled Manual Worker,"30,001 - 40,000",2020-08-29T00:00:00.000Z,Owner-Occupied,23.0,C2,3.0,06/10/2020,Warmworks,Rural,1981-1990,C,2.0,0.0,152.7,4.0,4.0,4.0,,Cavity_No_insulation,Suspended,Pitched,Double,Yes,Gas,Gas Boiler - Combi,,,,0.0,0.0,1.0,No,No,4201.0,3073.0,,,,,,,,Yes,Yes,Yes,Yes,Hybrid,,,,,,,No,,,,,,,,,,,,,,,,,,,,,,,,,,,,,,,,,,,,,,,,,House_Detached_2.0
E.ON,EOH2129,NE7,42.0,Working Full time (>30hrs),Clerical,"20,001 - 25,000",2020-12-21T00:00:00.000Z,Owner-Occupied,8.0,C1,1.0,13/01/2021,Phoenix,Urban,1930 - 1949,F,2.0,3.0,85.0,6.0,3.0,8.0,2.6,Solid_No_insulation,Suspended,Pitched,Double,Yes,Gas,Gas Boiler - Combi,,,,0.0,0.0,1.0,No,No,2653.0,22079.0,,,,,,,,Yes,No,Yes,Yes,,,,,,,,No,,,,,,,,,,,,,,,,,,,,,,,,,,,,,,,,,,,,,,,,,House_End-Terrace_2.0
Warmworks,EOH2662,EH13,35.0,Working Full time (>30hrs),Professional,"50,001+",2020-07-19T00:00:00.000Z,Owner-Occupied,3.0,AB,1.0,12/08/2020,Warmworks,Suburban,1945-1964,D,2.0,0.0,60.53,3.0,2.0,3.0,2.4,Cavity_Insulated,Solid,Pitched,Double,Yes,Gas,Gas Boiler - Combi,,,,0.0,0.0,0.0,No,No,2433.0,5489.0,,,,,,,,Yes,No,Yes,Yes,None - Installation not recommended,,,,,,,,,,,,,,,,,,,,,,,,,,,,,,,,,,,,,,,,,,,,,,,,Flat_Flat_1.0
E.ON,EOH1466,NE3,77.0,Retired,Pensioner,"16,201 - 20,000",2021-01-27T00:00:00.000Z,Owner-Occupied,46.0,DE,3.0,22/02/2021,Phoenix,Urban,1950 - 1966,,1.0,0.0,160.0,5.0,3.0,9.0,2.6,Cavity_Insulated,Suspended,Pitched,Double,Yes,Gas,Gas Boiler - Combi,Fire - Wood,,,0.0,0.0,1.0,No,No,1185.0,12679.0,,,,,,,,No,No,No,No,None - Installation not recommended,,,,,,,,,,,,,,,,,,,,,,,,,,,,,,,,,,,,,,,,,,,,,,,,House_Semi-Detached_2.0
OVO,EOH0425,MK5,57.0,Working Full time (>30hrs),Professional,"50,001+",2020-08-01T00:00:00.000Z,Owner-Occupied,19.0,AB,3.0,02/03/2021,Retrofitworks,Suburban,1991-2000,,2.0,0.0,167.69,8.0,5.0,8.0,2.5,Cavity_Insulated,Solid,Pitched,Double,Yes,Gas,Gas Boiler - Standard,,Water,170,0.0,1.0,1.0,No,No,,,,,,,,,,,,,,None - Installation not recommended,,,,,,,,,,,,,,,,,,,,,,,,,,,,,,,,,,,,,,,,,,,,,,,,House_Detached_2.0
Warmworks,EOH0662,EH49,40.0,Working Part time,Professional,Prefer not to say,2021-04-09T00:00:00.000Z,Owner-Occupied,10.0,C1,2.0,21/06/2021,Warmworks,Suburban,1965-1980,D,2.0,2.0,169.7,6.0,4.0,6.0,2.6,Cavity_Insulated,Suspended,Pitched,Double,Yes,Gas,Gas Boiler - Combi,,,,0.0,0.0,1.0,No,No,,,10.0,,12413.0,5094.0,156.0,,,Yes,No,Yes,Yes,ASHP,,,,1043.0,14.0,,No,,,,,,,,,,,,,,,,,,,,,,,,,,,,,,,,,,,,,,,,,House_Semi-Detached_2.0
E.ON,EOH2377,NE5,,Working Part time,Skilled Manual Worker,Prefer not to say,2020-10-21T00:00:00.000Z,Owner-Occupied,,C2,1.0,26/10/2020,E.ON,Suburban,1930 - 1949,E,1.0,3.0,143.0,4.0,3.0,9.0,2.6,Cavity_No_insulation,Solid,Pitched,Double,Yes,Gas,Gas Boiler - Combi,Electric - Warm Air,,,0.0,0.0,1.0,Yes - Ground Loop,Yes,,,,,,,,,,No,No,No,No,None - Installation not recommended,,,,,,,,,,,,,,,,,,,,,,,,,,,,,,,,,,,,,,,,,,,,,,,,House_Detached_1.0
OVO,EOH0507,RG20,65.0,Retired,Pensioner,"25,001 - 30,000",2020-07-03T00:00:00.000Z,Owner-Occupied,3.0,DE,4.0,09/03/2021,Retrofitworks,Rural,Pre 1919,,2.0,0.0,147.5,7.0,4.0,7.0,2.3,Solid_No_insulation,Solid,Pitched,Double,No,Oil,Oil Boiler,,Water,150,0.0,0.0,0.0,No,No,,,,,,,,,,,,,,None - Installation not recommended,,,,,,,,,,,,,,,,,,,,,,,,,,,,,,,,,,,,,,,,,,,,,,,,House_Detached_2.0
E.ON,EOH1398,NE3,44.0,Working Full time (>30hrs),Manager,"50,001+",2020-08-24T00:00:00.000Z,Owner-Occupied,7.0,AB,4.0,25/09/2020,Phoenix,Suburban,2003 - 2006,,2.0,2.0,173.65,7.0,5.0,16.0,2.5,Cavity_Insulated,Solid,Pitched,Double,Yes,Gas,Gas Boiler - Standard,,Water,210,0.0,0.0,1.0,No,No,2892.0,20818.0,,,,,,,,No,No,No,No,None - Installation not recommended,,,,,,,,,,,,,,,,,,,,,,,,,,,,,,,,,,,,,,,,,,,,,,,,House_Semi-Detached_3.0
E.ON,EOH0601,NE3,37.0,Working Full time (>30hrs),Professional,"40,001 - 50,000",2020-12-07T00:00:00.000Z,Owner-Occupied,2.0,AB,1.0,22/12/2020,Phoenix,Urban,1983 - 1990,D,2.0,2.0,102.0,5.0,4.0,7.0,2.3,Cavity_No_insulation,Solid,Pitched,Double,Yes,Gas,Gas Boiler - Combi,Fire - Gas,,,0.0,1.0,1.0,No,No,,,8.273,81.1,20042.7,4776.0,0.0,,,No,No,No,Yes,Hybrid,None Required,10430.83,0.0,1404.0,14.3,3.8,,,,,,,,,,,,,,,,,,,,,,,,,,,,,,,,,,,,,,,,,,House_Semi-Detached_2.0
Warmworks,EOH2021,EH46,66.0,Unfit for work,Unemployed/Benefits,Prefer not to say,2021-07-22T00:00:00.000Z,Rented (Social),22.0,DE,1.0,28/07/2021,Warmworks,Rural,2001+,C,1.0,0.0,90.46,5.0,3.0,5.0,2.4,Cavity_Insulated,Solid,Pitched,Double,,Electricity,Electric - Storage,Electric - Direct,Water,Large (> 170l),0.0,0.0,0.0,No,No,,,5.0,55.0,7557.0,3623.0,0.0,50.0,3.58,Yes,No,Yes,No,ASHP,,,,669.0,14.0,,Yes,02/09/2021,TK Murray,ASHP,,Mitsubishi,PUHZ-W50VHAR2-BS,5.0,R410A,0.0,Water_New,150.0,,1.0,10.0,,0.0,,Low Noise Heat Pump,No,0.0,0.0,0.0,,No,0.0,0.0,,No,7655.16,3508.272,1610.23,2705.76,,,,,,,2.0,0.0,House_Mid-Terrace_2.0
E.ON,EOH1678,NE13,57.0,Working Full time (>30hrs),Manager,Prefer not to say,2021-02-01T00:00:00.000Z,Owner-Occupied,14.0,C1,5.0,05/02/2021,E.ON,Suburban,1930 - 1949,,3.0,0.0,84.0,5.0,3.0,6.0,2.5,Cavity_Insulated,Solid,Pitched,Double,Yes,Gas,Gas Boiler - Combi,Fire - Wood,,,0.0,0.0,1.0,No,No,,,,,,,,,,No,No,No,Yes with additional measures,None - Installation not recommended,,,,,,,,,,,,,,,,,,,,,,,,,,,,,,,,,,,,,,,,,,,,,,,,House_Semi-Detached_2.0
Warmworks,EOH2229,KY14,51.0,Working Full time (>30hrs),Professional,"40,001 - 50,000",2020-09-23T00:00:00.000Z,Owner-Occupied,12.0,AB,4.0,13/04/2021,Warmworks,Rural,1991-2000,D,3.0,0.0,229.34,8.0,5.0,8.0,2.4,Cavity_Insulated,Suspended,Pitched,Double,No,Oil,,,Water,Normal (90-130l),0.0,0.0,0.0,No,No,,,16.5,,41368.0,6889.0,0.0,,,Yes,No,Yes,No,None - Installation not recommended,,,,2520.51,18.0,5.0,,,,,,,,,,,,,,,,,,,,,,,,,,,,,,,,,,,,,,,,,,House_Detached_2.0
OVO,EOH0867,RH2,66.0,Retired,Pensioner,"16,201 - 20,000",2020-07-28T00:00:00.000Z,Owner-Occupied,34.0,DE,4.0,15/10/2020,Retrofitworks,Suburban,1919-1944,B,2.0,0.0,103.0,4.0,2.0,6.0,2.56,Cavity_Insulated,Suspended,Pitched,Double,Yes,Gas,Gas Boiler - Standard,Fire - Wood,,,0.0,0.0,1.0,No,No,1232.0,9527.0,,,,,,,,,,,,None - Installation not recommended,,,,,,,,,,,,,,,,,,,,,,,,,,,,,,,,,,,,,,,,,,,,,,,,House_Detached_2.0
Warmworks,EOH1042,EH26,43.0,Working Full time (>30hrs),Manager,"50,001+",2020-09-30T00:00:00.000Z,Owner-Occupied,,AB,4.0,11/12/2020,Warmworks,Suburban,1965-1980,E,2.0,0.0,89.32,5.0,3.0,5.0,2.33,Cavity_Insulated,Suspended,Pitched,Double,Yes,Gas,Gas Boiler - Standard,Fire - Gas,Water,Normal (90-130l),0.0,1.0,0.0,No,No,,,5.8,75.5,17317.0,3566.0,1237.0,55.0,3.39,Yes,Yes,Yes,Yes,ASHP,,,,1223.0,14.0,3.0,Yes,17/03/2021,BRB Electrical Ltd,HT_ASHP,,Vaillant,VWL 75/6 A 230V S2,7.0,R290,0.0,Water_New,150.0,,1.0,,7.0,0.0,,Low Noise Heat Pump,No,0.0,0.0,0.0,Yes,Yes,0.0,0.0,,No,11215.18,3508.27,1610.23,1894.03,,526.54,,,,,2.0,1.0,House_Detached_2.0
OVO,EOH0952,PO8,37.0,Working Full time (>30hrs),Manager,"40,001 - 50,000",2020-07-03T00:00:00.000Z,Owner-Occupied,4.0,AB,1.0,20/01/2021,Retrofitworks,Suburban,1965-1980,,2.0,2.0,111.4,8.0,4.0,8.0,2.4,Cavity_Insulated,Suspended,Pitched,Double,Yes,Gas,Gas Boiler - Standard,,Water,130,0.0,0.0,0.0,No,No,,,8.2,77.94,24009.1,7020.2,4745.0,,,Yes with additional measures,No,Yes with additional measures,Yes,None - Installation not recommended,Heat Emitters,,,1177.07,15.0,,,,,,,,,,,,,,,,,,,,,,,,,,,,,,,,,,,,,,,,,,,House_Detached_2.0
Warmworks,EOH2478,KY4,60.0,Working Full time (>30hrs),Supervisor,"40,001 - 50,000",2020-09-06T00:00:00.000Z,Owner-Occupied,12.0,C1,2.0,10/05/2021,Warmworks,Suburban,Pre 1919,D,3.0,0.0,128.71,7.0,3.0,7.0,2.85,Cavity_Insulated,Suspended,Pitched,Double,Yes,Gas,Gas Boiler - Combi,,,,0.0,0.0,1.0,No,No,,,,,,,,,,No,No,Yes,No,HT_ASHP,,,,,,,No,,,,,,,,,,,,,,,,,,,,,,,,,,,,,,,,,,,,,,,,,House_Detached_2.0
OVO,EOH0334,HP21,30.0,Working Full time (>30hrs),Professional,"40,001 - 50,000",2020-12-06T00:00:00.000Z,Owner-Occupied,3.0,C1,4.0,04/02/2021,Retrofitworks,Suburban,1919-1944,,1.0,0.0,58.8,3.0,2.0,4.0,2.3,Cavity_No_insulation,Suspended,Pitched,Double,Yes,Gas,Gas Boiler - Standard,Electric - Direct,Water,100,0.0,1.0,1.0,No,No,,,,,,,,,,No,No,No,No,None - Installation not recommended,,,,,,,,,,,,,,,,,,,,,,,,,,,,,,,,,,,,,,,,,,,,,,,,House_Mid-Terrace_2.0
E.ON,EOH0276,NE4,59.0,Working Full time (>30hrs),Skilled Manual Worker,"40,001 - 50,000",2021-01-22T00:00:00.000Z,Owner-Occupied,25.0,C2,1.0,12/02/2021,Phoenix,Urban,1950 - 1966,,3.0,0.0,85.0,5.0,3.0,8.0,2.3,Cavity_Insulated,Solid,Pitched,Double,Yes,Gas,Gas Boiler - Combi,,,,0.0,0.0,0.0,No,No,,,5.25,61.72,10554.0,4062.0,598.0,53.0,3.22,Yes with additional measures,No,Yes,No,ASHP,Loft Insulation,12602.18,500.0,771.0,14.0,4.0,Yes,23/04/2021,Aaron Services,ASHP,,Daikin,EDLQ07CAV7,7.0,R410A,,Water_new,200.0,,1.0,9.0,0.0,0.0,none,none,No,0.0,0.0,0.0,No,Yes,0.0,0.0,,no,5648.0,1752.0,,3053.0,0.0,500.0,0.0,0.0,0.0,0.0,3.0,0.5,House_End-Terrace_2.0
OVO,EOH0724,RH12,28.0,Working Full time (>30hrs),Skilled Manual Worker,Prefer not to say,2020-07-29T00:00:00.000Z,Owner-Occupied,1.0,C2,3.0,11/11/2020,Retrofitworks,Suburban,1945-1964,D,2.0,0.0,96.0,4.0,3.0,7.0,2.53,Cavity_No_insulation,Solid,Pitched,Double,Yes,Gas,Gas Boiler - Standard,Fire - Wood,Water,114,1.0,0.0,0.0,No,No,,,,,,,,,,,,,,,,,,,,,No,,,,,,,,,,,,,,,,,,,,,,,,,,,,,,,,,,,,,,,,,House_Semi-Detached_2.0
Warmworks,EOH0210,KY7,80.0,Retired,Pensioner,"25,001 - 30,000",2020-07-12T00:00:00.000Z,Owner-Occupied,36.0,DE,3.0,31/08/2020,Warmworks,Rural,1965-1980,C,2.0,0.0,96.36,6.0,3.0,6.0,2.4,Cavity_No_insulation,Suspended,Pitched,Double,Yes,Gas,Gas Boiler - Combi,Gas Boiler - Combi,,,0.0,0.0,1.0,No,No,,,,,,,,,,Yes,No,Yes,No,None - Installation not recommended,,,,,,,,,,,,,,,,,,,,,,,,,,,,,,,,,,,,,,,,,,,,,,,,House_Detached_1.0
E.ON,EOH0729,NE3,60.0,Working Full time (>30hrs),Professional,"30,001 - 40,000",2020-11-05T00:00:00.000Z,Owner-Occupied,38.0,AB,5.0,19/11/2020,Phoenix,Urban,1900 - 1929,C,3.0,0.0,130.0,4.0,3.0,6.0,2.8,Cavity_Insulated,Mix,Pitched,Double,Yes,Gas,Gas Boiler - Combi,Fire - Gas,,,0.0,1.0,1.0,No,No,3142.0,17600.0,,,,,,,,No,No,No,No,None - Installation not recommended,,,,,,,,,,,,,,,,,,,,,,,,,,,,,,,,,,,,,,,,,,,,,,,,House_End-Terrace_2.0
E.ON,EOH0577,NE5,65.0,Working Part time,Clerical,"12,501 - 16,200",2020-11-12T00:00:00.000Z,Owner-Occupied,31.0,C1,2.0,02/12/2020,Phoenix,Urban,1950 - 1966,,1.0,0.0,90.0,5.0,3.0,8.0,2.4,Cavity_Insulated,Suspended,Pitched,Double,Yes,Gas,Gas Boiler - Standard,Fire - Electric,Water,110,0.0,0.0,0.0,No,No,,,6.203,83.82,15037.0,3820.0,0.0,55.0,2.96,No,No,No,Yes,Hybrid,sound barrier,10430.06,300.0,762.0,14.3,3.8,Yes,11/02/2021,Phoenix,Hybrid,Separate_New Boiler,Daikin,EHY2KOMB28AA,4.0,R32,,,,,1.0,8.0,0.0,0.0,none,enclosure,No,0.0,0.0,0.0,No,Yes,0.0,0.0,,no,5739.82,,,2870.07,0.0,500.0,0.0,0.0,0.0,0.0,2.5,0.5,House_Semi-Detached_2.0
OVO,EOH1399,KT9,36.0,Working Full time (>30hrs),Professional,"50,001+",2020-07-28T00:00:00.000Z,Owner-Occupied,,AB,4.0,12/11/2020,Retrofitworks,Suburban,1919-1944,,2.0,2.0,88.34,5.0,3.0,5.0,2.45,Solid_No_insulation,Suspended,Pitched,Double,Yes,Gas,Gas Boiler - Standard,,Water,,0.0,1.0,1.0,No,No,,,9.73,121.93,26976.73,7655.0,3041.67,45.0,3.32,Yes,No,Yes,Yes,ASHP,Heat Emitters,13156.0,1907.0,1530.14,14.0,,Yes,31/03/2021,Northern Gas,Hybrid,Separate_New Boiler,Daikin,ERGA04DVA,4.0,R32,,,,,1.0,0.0,9.0,0.0,,,No,0.0,0.0,0.0,No,No,0.0,0.0,,No,5970.62,0.0,3098.63,1012.29,0.0,0.0,0.0,0.0,0.0,0.0,3.0,1.0,House_Semi-Detached_2.0
E.ON,EOH2248,NE7,74.0,Retired,Pensioner,"50,001+",2020-09-16T00:00:00.000Z,Owner-Occupied,15.0,DE,3.0,02/10/2020,Phoenix,Suburban,1996 - 2002,,2.0,0.0,145.0,7.0,4.0,17.0,2.3,Cavity_Insulated,Solid,Pitched,Double,Yes,Gas,Gas Boiler - Standard,Fire - Gas,Water,110,0.0,1.0,1.0,No,Yes,,,,,,,,,,No,No,No,No,None - Installation not recommended,,,,,,,,,,,,,,,,,,,,,,,,,,,,,,,,,,,,,,,,,,,,,,,,House_Detached_2.0
E.ON,EOH2612,NE13,29.0,Working Full time (>30hrs),Professional,"50,001+",2020-09-07T00:00:00.000Z,Owner-Occupied,2.0,AB,4.0,15/10/2020,Phoenix,Suburban,2012 onwards,C,2.0,0.0,90.0,4.0,3.0,11.0,2.3,Cavity_Insulated,Solid,Pitched,Double,Yes,Gas,Gas Boiler - Combi,,,,0.0,0.0,1.0,No,Yes,2392.0,8609.0,6.14,68.28,6146.0,3196.0,1885.0,45.0,3.26,Yes,No,Yes,Yes,HT_ASHP,,13167.32,0.0,491.0,12.9,4.0,Yes,20/09/2021,Energist,HT_ASHP,,Vaillant,VWL 75/6 A 230V S2,7.0,R290,,Water_new,150.0,,1.0,8.0,0.0,0.0,,,No,0.0,0.0,0.0,No,No,0.0,0.0,,no,5789.0,1701.71,,2500.86,0.0,0.0,0.0,0.0,0.0,0.0,4.0,,House_Detached_2.0
E.ON,EOH2108,NE3,63.0,Working Part time,Clerical,Prefer not to say,2020-12-18T00:00:00.000Z,Owner-Occupied,28.0,C1,1.0,12/01/2021,Phoenix,Urban,1967 - 1975,,2.0,0.0,60.0,5.0,3.0,6.0,2.3,Cavity_Insulated,Solid,Pitched,Double,Yes,Gas,Gas Boiler - Combi,Fire - Electric,,,0.0,0.0,1.0,No,No,,,,,,,,,,No,No,Yes,Yes,None - Installation not recommended,,,,,,,,,,,,,,,,,,,,,,,,,,,,,,,,,,,,,,,,,,,,,,,,House_Semi-Detached_2.0
OVO,EOH1472,GU34,36.0,Working Full time (>30hrs),Semi and unskilled manual worker,"40,001 - 50,000",2020-07-13T00:00:00.000Z,Owner-Occupied,6.0,C2,4.0,24/10/2020,Retrofitworks,Suburban,1919-1944,E,2.0,2.0,97.5,5.0,3.0,5.0,2.53,Solid_No_insulation,Suspended,Pitched,Double,Yes,Gas,Gas Boiler - Standard,Fire - Wood,Water,140,0.0,0.0,0.0,Yes - Borehole,Yes,6300.0,22831.0,5.26,53.76,14964.81,4745.0,1049.78,45.0,3.56,Yes,No,Yes,Yes,ASHP,,10655.0,0.0,936.3,14.0,5.0,Yes,19/01/2021,Northern Gas,ASHP,,Daikin,EDLQ07CV3,7.0,R410A,,Water_New,200.0,,1.0,0.0,0.0,0.0,,,No,0.0,0.0,0.0,No,No,0.0,0.0,,No,5564.44,1792.59,3153.01,0.0,0.0,0.0,0.0,0.0,0.0,0.0,4.0,0.0,House_Semi-Detached_2.0
Warmworks,EOH2808,EH42,55.0,Working Full time (>30hrs),Manager,"40,001 - 50,000",2020-08-29T00:00:00.000Z,Owner-Occupied,2.0,AB,3.0,14/12/2020,Warmworks,Suburban,1965-1980,D,2.0,1.0,107.13,5.0,3.0,5.0,2.4,Cavity_No_insulation,Suspended,Pitched,Double,Yes,Gas,Gas Boiler - Standard,,Water,Normal (90-130l),0.0,0.0,0.0,No,No,,,8.0,78.3,21873.0,3937.0,0.0,45.0,4.14,Yes,Yes,Yes,Yes,ASHP,,,,1038.78,18.0,5.0,Yes,09/06/2021,Everwarm,ASHP,,Mitsubishi,PUZ-WM85VAA-BS,8.5,R32,0.0,Water_New,200.0,,1.0,10.0,,0.0,,Low Noise Heat Pump,No,0.0,0.0,0.0,No,No,0.0,0.0,,No,8575.73,3572.208,1610.23,2705.76,,,,,,,3.0,0.0,House_Detached_1.0
OVO,EOH2373,CT1,68.0,Retired,Pensioner,"20,001 - 25,000",2021-02-06T00:00:00.000Z,Owner-Occupied,3.0,DE,4.0,03/03/2021,Retrofitworks,Suburban,1919-1944,,2.0,0.0,94.4,5.0,3.0,5.0,2.35,Cavity_Insulated,Suspended,Pitched,Double,Yes,Gas,Gas Boiler - Combi,,,,0.0,0.0,1.0,No,No,,,,,,,,,,,,,,None - Installation not recommended,,,,,,,,,,,,,,,,,,,,,,,,,,,,,,,,,,,,,,,,,,,,,,,,House_Semi-Detached_2.0
E.ON,EOH1019,NE3,58.0,Unemployed,Professional,"20,001 - 25,000",2020-08-17T00:00:00.000Z,Owner-Occupied,25.0,DE,1.0,29/09/2020,Phoenix,Urban,1950 - 1966,,2.0,0.0,105.0,4.0,3.0,12.0,2.6,Cavity_No_insulation,Mix,Pitched,Double,Yes,Gas,Gas Boiler - Combi,,,,0.0,0.0,1.0,No,No,1891.0,10973.0,10.272,97.83,9508.9,3820.0,0.0,55.0,2.96,No,No,No,Yes,Hybrid,Barrier,10615.82,300.0,944.0,14.3,3.8,Yes,10/06/2021,Phoenix,Hybrid,Separate_New Boiler,Daikin,EHY2KOMB28AA,4.0,R32,,,,,1.0,12.0,0.0,0.0,none,barrier,No,0.0,0.0,0.0,No,No,0.0,0.0,,no,5739.82,,,3240.82,0.0,0.0,0.0,0.0,0.0,0.0,2.5,0.0,House_Semi-Detached_2.0
E.ON,EOH1775,NE3,34.0,Working Full time (>30hrs),Manager,"50,001+",2021-01-18T00:00:00.000Z,Owner-Occupied,3.0,C1,1.0,02/03/2021,Phoenix,Urban,1983 - 1990,C,2.0,1.0,71.0,4.0,3.0,8.0,2.3,Cavity_Insulated,Solid,Pitched,Double,Yes,Gas,Gas Boiler - Combi,,,,0.0,0.0,1.0,No,No,,,4.64,65.39,13506.6,3820.0,0.0,45.0,3.07,No,No,No,Yes,Hybrid,Barrier,10632.64,300.0,806.0,14.0,4.0,Yes,29/04/2021,Phoenix,Hybrid,Separate_New Boiler,Daikin,EHY2KOMB32AA,4.0,R32,,,,,1.0,8.0,0.0,1.0,none,enclosure,No,0.0,1.0,0.0,No,No,0.0,0.0,,no,5739.82,,,3257.64,0.0,0.0,0.0,0.0,0.0,0.0,3.0,0.0,House_Semi-Detached_2.0
E.ON,EOH2086,NE3,51.0,Working Full time (>30hrs),Professional,"50,001+",2020-07-28T00:00:00.000Z,Owner-Occupied,16.0,AB,5.0,22/09/2020,Phoenix,Suburban,2003 - 2006,,1.0,0.0,235.34,9.0,6.0,18.0,2.4,Cavity_Insulated,Solid,Pitched,Double,Yes,Gas,Gas Boiler - Standard,,Water,300,0.0,0.0,1.0,No,No,,,,,,,,,,No,No,No,No,None - Installation not recommended,,,,,,,,,,,,,,,,,,,,,,,,,,,,,,,,,,,,,,,,,,,,,,,,House_Detached_3.0
E.ON,EOH0560,NE5,67.0,Working Full time (>30hrs),Casual worker,Prefer not to say,2020-08-06T00:00:00.000Z,Owner-Occupied,5.0,DE,3.0,03/12/2020,Phoenix,Urban,1950 - 1966,E,1.0,0.0,78.0,4.0,3.0,6.0,2.5,Cavity_Insulated,Solid,Pitched,Double,Yes,Gas,Gas Boiler - Combi,,,,0.0,0.0,1.0,No,No,,,5.52,72.3,11066.4,4475.0,655.0,,,Yes,No,Yes,Yes,ASHP,None Required,12602.95,0.0,780.0,14.3,3.8,No,,,,,,,,,,,,,,,,,,,,,,,,,,,,,,,,,,,,,,,,,House_Semi-Detached_2.0
E.ON,EOH0698,NE12,,Working Full time (>30hrs),Professional,"40,001 - 50,000",2020-07-14T00:00:00.000Z,Owner-Occupied,,AB,3.0,14/07/2020,Pacifica,Urban,1991 - 1995,,2.0,0.0,89.0,4.0,3.0,9.0,2.3,Cavity_Insulated,Solid,Pitched,Double,Yes,Gas,Gas Boiler - Combi,,,,0.0,0.0,1.0,No,No,,,,,,,,,,,,,,None - Installation not recommended,,,,,,,,,,,,,,,,,,,,,,,,,,,,,,,,,,,,,,,,,,,,,,,,House_End-Terrace_3.0
Warmworks,EOH1783,EH4,29.0,Working Full time (>30hrs),Manager,"40,001 - 50,000",2020-07-12T00:00:00.000Z,Owner-Occupied,3.0,AB,3.0,02/10/2020,Warmworks,Urban,2001+,C,2.0,0.0,69.14,4.0,2.0,4.0,,Cavity_Insulated,Solid,Pitched,Double,Yes,Gas,Gas Boiler - Combi,,,,0.0,0.0,1.0,No,No,,,3.2,56.6,10183.0,2674.0,1110.0,45.0,3.56,Yes,No,Yes,No,ASHP,,,,771.0,14.0,3.0,Yes,22/02/2021,BRB Electrical Ltd,ASHP,,Mitsubishi,PUHZ-W50VHA2,5.0,R410A,0.0,Water_New,150.0,,1.0,9.0,,0.0,,Low Noise Heat Pump,No,0.0,0.0,0.0,Yes,No,0.0,0.0,,No,7655.16,3508.27,1610.23,2435.17,,,,,,,2.0,0.0,House_Semi-Detached_2.0
E.ON,EOH1410,NE3,41.0,Working Full time (>30hrs),Manager,"50,001+",2020-09-02T00:00:00.000Z,Owner-Occupied,6.0,AB,4.0,12/10/2020,Phoenix,Urban,1950 - 1966,C,2.0,0.0,95.0,4.0,3.0,9.0,2.4,Cavity_Insulated,Suspended,Pitched,Double,Yes,Gas,Gas Boiler - Combi,Fire - Wood,,,0.0,0.0,0.0,No,No,1972.0,8030.0,,,,,,,,No,No,No,No,None - Installation not recommended,,,,,,,,,,,,,,,,,,,,,,,,,,,,,,,,,,,,,,,,,,,,,,,,House_Semi-Detached_2.0
E.ON,EOH0581,NE3,54.0,Working Full time (>30hrs),Professional,"30,001 - 40,000",2020-10-21T00:00:00.000Z,Owner-Occupied,20.0,AB,1.0,30/10/2020,Phoenix,Urban,1950 - 1966,,1.0,0.0,65.0,3.0,2.0,3.0,2.4,Cavity_Insulated,Solid,Pitched,Double,Yes,Gas,Gas Boiler - Combi,,,,0.0,0.0,0.0,No,No,,,6.11,94.0,14797.0,3136.0,461.0,49.0,3.39,Yes,No,No,Yes,ASHP,None Required,12366.0,,838.0,14.3,3.8,Yes,26/01/2021,Aaron Services,ASHP,,Daikin,EDLQ07CAV3,7.0,R410A,,Water_new,150.0,,1.0,8.0,0.0,0.0,none,none,No,0.0,0.0,0.0,No,No,0.0,0.0,,no,5648.01,1701.71,,3239.28,0.0,0.0,0.0,0.0,0.0,0.0,2.5,0.0,House_Semi-Detached_2.0
Warmworks,EOH1700,EH16,39.0,Working Full time (>30hrs),Professional,"50,001+",2020-08-01T00:00:00.000Z,Owner-Occupied,7.0,C2,5.0,13/08/2020,Warmworks,Urban,1965-1980,C,2.0,1.0,82.96,4.0,2.0,4.0,2.38,Cavity_Insulated,Suspended,Pitched,Double,Yes,Gas,Gas Boiler - Combi,,,,0.0,0.0,1.0,No,No,,,4.5,56.7,11270.0,3057.0,1747.0,45.0,3.86,Yes,No,No,No,ASHP,,,,498.0,14.0,3.0,Yes,02/12/2020,BRB Electrical Ltd,ASHP,,Mitsubishi,PUHZ-W85VHAA,8.5,R410A,0.0,Water_New,150.0,,1.0,8.0,,0.0,,Low Noise Heat Pump,No,0.0,0.0,0.0,Yes,No,0.0,0.0,,No,7655.16,3508.27,1610.23,2164.61,,,,,,,2.0,0.0,House_Mid-Terrace_2.0
OVO,EOH0121,RH15,68.0,Retired,Pensioner,Prefer not to say,2020-07-23T00:00:00.000Z,Owner-Occupied,35.0,DE,4.0,11/11/2020,Retrofitworks,Suburban,1981-1990,,2.0,0.0,133.0,8.0,3.0,8.0,2.54,Cavity_Insulated,Mix,Pitched,Double,Yes,Gas,Gas Boiler - Standard,,Water,150,0.0,0.0,0.0,Yes - Ground Loop,Yes,,,6.986,109.5,16842.0,4302.0,1304.0,50.0,3.56,Yes,No,Yes,Yes,ASHP,,14378.14,0.0,1052.0,15.0,,Yes,22/02/2021,A Greener Alternative,ASHP,,Mitsubishi,PUZ-WM112VAA,11.2,R32,,Water_New,210.0,,1.0,0.0,0.0,0.0,,Low Noise Heat Pump,No,0.0,0.0,0.0,No,No,0.0,0.0,,No,4000.0,2222.89,4313.44,0.0,0.0,0.0,0.0,0.0,0.0,0.0,4.0,0.0,House_Semi-Detached_2.0
E.ON,EOH0019,NE13,61.0,Working Full time (>30hrs),Manager,Prefer not to say,2020-11-07T00:00:00.000Z,Owner-Occupied,8.0,AB,2.0,23/11/2020,Phoenix,Urban,1950 - 1966,,2.0,0.0,80.0,3.0,2.0,7.0,2.4,Cavity_No_insulation,Suspended,Pitched,Double,Yes,Gas,Gas Boiler - Combi,Fire - Wood,,,0.0,0.0,1.0,No,No,,,,,,,,,,No,No,No,,None - Installation not recommended,,,,,,,,,,,,,,,,,,,,,,,,,,,,,,,,,,,,,,,,,,,,,,,,House_Detached_1.0
E.ON,EOH2295,NE4,,Working Part time,Clerical,"20,001 - 25,000",2020-12-07T00:00:00.000Z,Owner-Occupied,25.0,C1,5.0,23/12/2020,Phoenix,Urban,1900 - 1929,,2.0,0.0,160.0,8.0,5.0,11.0,2.7,Cavity_Insulated,Suspended,Pitched,Double,Yes,Gas,Gas Boiler - Combi,Fire - Gas,,,0.0,1.0,1.0,No,No,7000.0,30000.0,,,,,,,,Yes with additional measures,No,Yes with additional measures,Yes with additional measures,None - Installation not recommended,,,,,,,,,,,,,,,,,,,,,,,,,,,,,,,,,,,,,,,,,,,,,,,,House_Semi-Detached_3.0
Warmworks,EOH1446,EH22,42.0,Working Full time (>30hrs),Manager,Prefer not to say,2020-08-14T00:00:00.000Z,Owner-Occupied,4.0,AB,4.0,19/11/2020,Warmworks,Suburban,2001+,C,2.0,1.0,141.85,7.0,4.0,7.0,2.4,Cavity_Insulated,Solid,Pitched,Double,Yes,Gas,Gas Boiler - Standard,Fire - Gas,Water,Large (> 170l),0.0,1.0,1.0,No,No,,,7.6,59.6,23038.0,4457.0,1365.0,55.0,3.63,Yes,No,Yes,No,ASHP,,,,1565.0,14.0,3.0,Yes,10/05/2021,BRB Electrical Ltd,HT_ASHP,,Vaillant,VWL 125/6 A 230V S2,12.0,R290,0.0,Water_New,200.0,,1.0,,12.0,0.0,,Low Noise Heat Pump,No,0.0,0.0,0.0,Yes,No,0.0,0.0,,No,17943.13,3572.208,1610.23,3246.91,,,,,,,3.0,0.0,House_Detached_2.0
OVO,EOH2948,SL9,38.0,Working Full time (>30hrs),Professional,Prefer not to say,2020-07-02T00:00:00.000Z,Owner-Occupied,1.0,C1,3.0,15/02/2021,Retrofitworks,Suburban,2001+,C,2.0,2.0,229.3,10.0,5.0,10.0,2.7,Cavity_No_insulation,Solid,Pitched,Double,Yes,Gas,Gas Boiler - Standard,,,,0.0,0.0,0.0,No,No,,,,,,,,,,,,,,None - Installation not recommended,,,,,,,,,,,,,,,,,,,,,,,,,,,,,,,,,,,,,,,,,,,,,,,,House_Detached_2.0
OVO,EOH2197,GU31,60.0,Retired,Pensioner,Prefer not to say,2020-12-09T00:00:00.000Z,Owner-Occupied,6.0,DE,3.0,23/03/2021,Retrofitworks,Suburban,1991-2000,,2.0,0.0,217.58,9.0,5.0,9.0,2.5,Cavity_Insulated,Solid,Pitched,Double,Yes,Gas,Gas Boiler - Standard,,Water,180,0.0,0.0,0.0,No,No,,,,,,,,,,,,,,None - Installation not recommended,,,,,,,,,,,,,,,,,,,,,,,,,,,,,,,,,,,,,,,,,,,,,,,,House_Detached_2.0
Warmworks,EOH0647,EH33,52.0,Working Part time,Clerical,Prefer not to say,2020-08-27T00:00:00.000Z,Owner-Occupied,3.0,C1,2.0,25/11/2020,Warmworks,Suburban,1945-1964,D,2.0,1.0,93.72,4.0,3.0,4.0,2.8,Cavity_Insulated,Suspended,Pitched,Double,Yes,Gas,Gas Boiler - Standard,,Water,Normal (90-130l),0.0,0.0,1.0,No,No,,,6.3,69.7,19273.0,3566.0,1237.0,,,Yes,Yes,Yes,Yes,ASHP,,,,1310.0,14.0,3.0,Yes,,,,,,,,,,,,,,,,,,,,,,,,,,,,,,,,,,,,,,,,,House_Semi-Detached_2.0
Warmworks,EOH1627,EH9,49.0,Working Full time (>30hrs),Professional,"50,001+",2020-09-21T00:00:00.000Z,Owner-Occupied,20.0,C1,3.0,16/10/2020,Warmworks,Suburban,1945-1964,C,3.0,0.0,85.3,5.0,3.0,5.0,,Cavity_No_insulation,Suspended,Pitched,Double,Yes,Gas,Gas Boiler - Combi,Electric - Direct,,,0.0,0.0,1.0,No,No,,,,,,,,,,Yes,No,Yes,Yes,ASHP,,,,,,,No,,,,,,,,,,,,,,,,,,,,,,,,,,,,,,,,,,,,,,,,,House_End-Terrace_2.0
Warmworks,EOH2966,EH52,78.0,Retired,Pensioner,"16,201 - 20,000",2020-10-09T00:00:00.000Z,Owner-Occupied,20.0,DE,2.0,03/11/2020,Warmworks,Suburban,Pre 1919,D,1.0,0.0,90.6,4.0,3.0,4.0,,Cavity_Insulated,Suspended,Pitched,Double,Yes,Gas,Gas Boiler - Combi,Fire - Wood,,,0.0,0.0,1.0,No,No,,,,,,,,,,Yes,No,Yes,No,None - Installation not recommended,,,,,,,,,,,,,,,,,,,,,,,,,,,,,,,,,,,,,,,,,,,,,,,,House_Mid-Terrace_2.0
E.ON,EOH1816,NE3,,Prefer not to say,Prefer not to say,Prefer not to say,2020-09-24T00:00:00.000Z,Rented (Social),0.9,DE,1.0,11/01/2021,E.ON,Suburban,1967 - 1975,,1.0,0.0,37.6,2.0,1.0,5.0,2.3,Solid_Insulated,Solid,Pitched,Double,No,Electricity,Electric - Storage,,Water,80,0.0,0.0,0.0,Yes - Borehole,Yes,,,2.463,65.5,6056.0,1910.0,191.0,,,No,Yes,No,No,GSHP,None Required,,14707.5,351.09,14.3,,Yes,22/10/2021,Groundheat,GSHP,Shared_Groundloop,Vaillant,20260514,3.0,R410A,900.0,Water_new,100.0,,1.0,6.0,0.0,0.0,none,none,No,0.0,0.0,0.0,No,No,0.0,0.0,,no,11605.06,1702.0,,2130.0,0.0,0.0,0.0,0.0,0.0,0.0,84.0,0.0,Flat_Flat_1.0
OVO,EOH1517,SO16,39.0,Working Full time (>30hrs),Professional,Prefer not to say,2020-07-16T00:00:00.000Z,Owner-Occupied,2.0,C1,4.0,11/02/2021,Retrofitworks,Suburban,1945-1964,,2.0,0.0,70.0,4.0,2.0,4.0,2.5,Cavity_Insulated,Suspended,Pitched,Double,Yes,Gas,Gas Boiler - Combi,,,,0.0,0.0,0.0,No,No,,,,,,,,,,,,,,None - Installation not recommended,,,,,,,,,,,,,,,,,,,,,,,,,,,,,,,,,,,,,,,,,,,,,,,,House_Detached_1.0
Warmworks,EOH3017,KY7,55.0,Unemployed,Unemployed/Benefits,"0 - 12,500",2020-07-28T00:00:00.000Z,Owner-Occupied,1.0,AB,4.0,23/08/2020,Warmworks,Suburban,1945-1964,D,1.0,0.0,75.44,4.0,2.0,4.0,2.505,Cavity_Insulated,Suspended,Pitched,Double,Yes,Gas,Gas Boiler - Combi,,,,0.0,0.0,1.0,No,No,1240.0,10396.0,3.7,58.0,10640.0,3057.0,1747.0,45.0,3.56,Yes,No,No,No,ASHP,,,,590.0,14.0,3.0,Yes,28/09/2021,BRB Electrical Ltd,ASHP,,Mitsubishi,PUHZ-W50VHA2-BS,5.0,R410A,0.0,Water_New,150.0,,1.0,10.0,,0.0,,Low Noise Heat Pump,No,0.0,0.0,0.0,Yes,No,0.0,0.0,,No,7655.16,3508.272,1610.23,2705.76,,,,,,,2.0,0.0,House_Semi-Detached_2.0
Warmworks,EOH3175,EH22,51.0,Working Full time (>30hrs),Professional,Prefer not to say,2021-04-22T00:00:00.000Z,Owner-Occupied,3.0,C1,2.0,10/06/2021,Warmworks,Suburban,1945-1964,C,2.0,0.0,73.0,3.0,2.0,3.0,2.44,Cavity_Insulated,Suspended,Pitched,Double,Yes,Gas,Gas Boiler - Combi,,,,0.0,0.0,0.0,No,No,,,,,,,,,,Yes,No,Yes,Yes,ASHP,,,,,,,No,,,,,,,,,,,,,,,,,,,,,,,,,,,,,,,,,,,,,,,,,House_End-Terrace_2.0
OVO,EOH0283,GU4,50.0,Working Full time (>30hrs),Manager,"50,001+",2020-10-02T00:00:00.000Z,Owner-Occupied,11.0,AB,4.0,14/12/2020,Retrofitworks,Rural,1919-1944,,2.0,2.0,123.0,6.0,3.0,10.0,2.4,Cavity_Insulated,Suspended,Pitched,Double,No,Oil,Oil Boiler,Fire - Wood,Water,140,4.0,0.0,0.0,Yes - Borehole,Yes,,,7.96,68.16,21931.03,8760.0,2737.5,45.0,3.42,Yes with additional measures,No,Yes with additional measures,Yes with additional measures,ASHP,Heat Emitters,10292.2,1691.55,1281.01,14.0,,Yes,20/04/2021,Northern Gas,ASHP,,Daikin,EDLQ011CV3,11.0,R410A,,Water_New,180.0,,1.0,0.0,9.0,0.0,,,No,0.0,0.0,0.0,No,No,0.0,0.0,,No,5830.57,2018.15,3062.51,1071.52,0.0,0.0,0.0,0.0,0.0,0.0,3.0,2.0,House_Semi-Detached_2.0
E.ON,EOH1423,NE4,51.0,Working Part time,Clerical,"12,501 - 16,200",2021-02-04T00:00:00.000Z,Owner-Occupied,11.0,C1,3.0,17/02/2021,Phoenix,Urban,1967 - 1975,D,2.0,0.0,104.0,5.0,3.0,9.0,2.5,Cavity_Insulated,Suspended,Pitched,Double,Yes,Gas,Gas Boiler - Combi,,,,0.0,0.0,1.0,No,No,1700.0,11300.0,7.56,72.7,13966.5,3820.0,0.0,50.0,3.02,No,No,No,Yes,Hybrid,Barrier,10800.04,300.0,890.0,14.0,4.0,Yes,26/03/2021,Phoenix,Hybrid,Separate_New Boiler,Daikin,EHY2KOMB28AA,4.0,R32,,,,,1.0,11.0,0.0,0.0,none,enclosure,No,0.0,2.0,0.0,No,No,0.0,0.0,,no,5739.82,,,3424.0,0.0,0.0,0.0,0.0,0.0,0.0,3.5,0.0,House_Semi-Detached_2.0
E.ON,EOH2810,NE3,,Prefer not to say,Prefer not to say,Prefer not to say,2020-09-24T00:00:00.000Z,Rented (Social),0.9,DE,1.0,11/01/2021,E.ON,Suburban,1967 - 1975,,1.0,0.0,37.6,2.0,1.0,5.0,2.3,Solid_Insulated,Solid,Pitched,Double,No,Electricity,Electric - Storage,,Water,80,0.0,0.0,0.0,Yes - Borehole,Yes,,,2.463,65.5,6056.0,1910.0,191.0,,,No,Yes,No,No,GSHP,None Required,,14707.5,351.09,14.3,,Yes,08/10/2021,Groundheat,GSHP,Shared_Groundloop,Vaillant,20260514,3.0,R410A,900.0,Water_new,100.0,,1.0,5.0,0.0,1.0,none,none,No,0.0,0.0,0.0,No,No,0.0,0.0,,no,11605.06,1702.0,,2701.78,0.0,0.0,0.0,0.0,0.0,0.0,84.0,0.0,Flat_Flat_1.0
E.ON,EOH0629,NE7,59.0,Working Part time,Clerical,"20,001 - 25,000",2021-01-14T00:00:00.000Z,Owner-Occupied,18.0,C1,4.0,01/02/2021,Phoenix,Urban,1950 - 1966,,2.0,3.0,130.0,8.0,5.0,10.0,2.6,Cavity_Insulated,Solid,Pitched,Double,Yes,Gas,Gas Boiler - Combi,Fire - Electric,,,0.0,0.0,0.0,No,No,,,,,,,,,,No,No,Yes with additional measures,No,None - Installation not recommended,,,,,,,,,,,,,,,,,,,,,,,,,,,,,,,,,,,,,,,,,,,,,,,,House_Semi-Detached_3.0
E.ON,EOH0198,NE15,91.0,Retired,Pensioner,"16,201 - 20,000",2020-11-17T00:00:00.000Z,Owner-Occupied,57.0,DE,2.0,09/12/2020,Phoenix,Urban,1950 - 1966,,1.0,0.0,99.0,5.0,3.0,0.0,2.4,Cavity_Insulated,Solid,Pitched,Double,No,Electricity,Electric - Storage,Fire - Gas,Water,110,0.0,1.0,1.0,No,No,7331.0,3586.0,,,,,,,,No,No,No,No,None - Installation not recommended,,,,,,,,,,,,,,,,,,,,,,,,,,,,,,,,,,,,,,,,,,,,,,,,House_Semi-Detached_2.0
Warmworks,EOH1522,EH4,67.0,Retired,Professional,Prefer not to say,2020-07-20T00:00:00.000Z,Owner-Occupied,37.0,DE,5.0,03/08/2020,Warmworks,Suburban,1945-1964,E,2.0,0.0,121.8,4.0,3.0,4.0,2.6,Cavity_Insulated,Suspended,Pitched,Double,Yes,Gas,Gas Boiler - Standard,,Water,Normal (90-130l),0.0,0.0,1.0,No,No,3800.0,23034.0,,,,,,,,Yes,No,Yes,Yes,ASHP,,,,,,,No,,,,,,,,,,,,,,,,,,,,,,,,,,,,,,,,,,,,,,,,,House_Detached_2.0
E.ON,EOH0451,NE3,,Prefer not to say,Prefer not to say,Prefer not to say,2020-09-24T00:00:00.000Z,Rented (Social),,DE,1.0,11/01/2021,E.ON,Suburban,1967 - 1975,,1.0,0.0,37.6,2.0,1.0,5.0,2.3,Solid_Insulated,Solid,Pitched,Double,No,Electricity,Electric - Storage,,Water,80,0.0,0.0,0.0,Yes - Borehole,Yes,,,2.463,65.5,6056.0,1910.0,191.0,,,No,Yes,No,No,GSHP,None Required,,14707.5,351.09,14.3,,Yes,26/11/2021,Groundheat,GSHP,Shared_Groundloop,Vaillant,20260514,3.0,R410A,900.0,Water_new,100.0,,1.0,5.0,0.0,1.0,none,none,No,0.0,0.0,0.0,No,No,0.0,0.0,,no,11605.06,1702.0,,2701.78,0.0,0.0,0.0,0.0,0.0,0.0,84.0,0.0,Flat_Flat_1.0
E.ON,EOH2400,NE15,54.0,Unemployed,Unemployed/Benefits,"0 - 12,500",2020-11-07T00:00:00.000Z,Owner-Occupied,5.0,DE,4.0,24/11/2020,Phoenix,Urban,2003 - 2006,D,1.0,0.0,74.0,5.0,3.0,8.0,2.4,Cavity_Insulated,Solid,Pitched,Double,Yes,Gas,Gas Boiler - Combi,,,,0.0,0.0,0.0,No,No,,,,,,,,,,No,No,No,Yes,Hybrid,,,,,,,No,,,,,,,,,,,,,,,,,,,,,,,,,,,,,,,,,,,,,,,,,House_Semi-Detached_2.0
OVO,EOH2555,CT19,57.0,Working Full time (>30hrs),Manager,"50,001+",2020-10-01T00:00:00.000Z,Owner-Occupied,20.0,C1,3.0,02/10/2020,Retrofitworks,Suburban,1919-1944,,2.0,0.0,,6.0,3.0,8.0,,,,Pitched,Double,Yes,Gas,Gas Boiler - Standard,,,,0.0,1.0,1.0,No,No,,,,,,,,,,,,,,None - Installation not recommended,,,,,,,,,,,,,,,,,,,,,,,,,,,,,,,,,,,,,,,,,,,,,,,,House_Mid-Terrace_2.0
E.ON,EOH0353,NE7,50.0,Working Full time (>30hrs),Manager,"50,001+",2020-11-18T00:00:00.000Z,Owner-Occupied,14.0,AB,4.0,10/12/2020,Phoenix,Urban,1950 - 1966,,2.0,3.0,220.0,7.0,4.0,10.0,2.5,Cavity_No_insulation,Solid,Pitched,Double,Yes,Gas,Gas Boiler - Standard,Fire - Gas,Water,250,0.0,1.0,1.0,Yes - Ground Loop,Yes,11951.0,,,,,,,,,Yes,Yes,Yes,Yes,None - Installation not recommended,,,,,,,,,,,,,,,,,,,,,,,,,,,,,,,,,,,,,,,,,,,,,,,,House_Detached_2.0
E.ON,EOH3043,NE6,31.0,Working Full time (>30hrs),Professional,"40,001 - 50,000",2020-07-07T00:00:00.000Z,Owner-Occupied,2.0,AB,3.0,15/07/2020,Pacifica,Urban,before 1900,E,2.0,0.0,85.5,4.0,2.0,8.0,2.6,Solid_No_insulation,Suspended,Pitched,Double,Yes,Gas,Gas Boiler - Combi,,,,0.0,1.0,1.0,No,No,900.0,900.0,,,,,,,,No,No,No,No,None - Installation not recommended,,,,,,,,,,,,,,,,,,,,,,,,,,,,,,,,,,,,,,,,,,,,,,,,House_End-Terrace_2.0
Warmworks,EOH2791,FK3,61.0,Retired,Manager,"30,001 - 40,000",2020-09-05T00:00:00.000Z,Owner-Occupied,13.0,DE,1.0,23/03/2021,Warmworks,Suburban,1991-2000,B,3.0,0.0,217.7,8.0,5.0,8.0,2.35,Cavity_Insulated,Suspended,Pitched,Double,Yes,Gas,Gas Boiler - Standard,,Water,Medium (131-170l),0.0,0.0,0.0,No,No,,,,,,,,,,Yes,No,Yes,Yes,None - Installation not recommended,,,,,,,,,,,,,,,,,,,,,,,,,,,,,,,,,,,,,,,,,,,,,,,,House_Detached_2.0
E.ON,EOH1686,NE21,59.0,Working Full time (>30hrs),Manager,"50,001+",2021-07-01T00:00:00.000Z,Owner-Occupied,0.9,C1,2.0,23/07/2021,Energist,Urban,1967 - 1975,E,2.0,0.0,101.0,4.0,2.0,8.0,2.4,Cavity_Insulated,Suspended,Pitched,Double,No,LPG,LPG Boiler,,Water,120,0.0,0.0,0.0,No,No,,,6.94,77.9,20213.0,3146.0,0.0,45.0,3.91,Yes,No,Yes,Yes,ASHP,None Required,13478.96,,952.0,12.5,4.0,Yes,30/07/2021,Energist,HT_ASHP,,Vaillant,VWL 105/6 A 230V S2,10.0,R290,,Water_new,250.0,,1.0,7.0,0.0,0.0,none,none,No,0.0,0.0,0.0,No,No,0.0,0.0,,no,6364.0,1752.34,,2315.0,0.0,0.0,0.0,0.0,0.0,0.0,3.0,0.0,House_Detached_2.0
E.ON,EOH1769,NE20,32.0,Working Full time (>30hrs),Professional,"50,001+",2021-04-29T00:00:00.000Z,Owner-Occupied,20.0,DE,1.0,27/05/2021,Phoenix,Urban,1983 - 1990,C,2.0,1.0,92.0,5.0,3.0,11.0,2.4,Cavity_Insulated,Suspended,Pitched,Double,Yes,Gas,Gas Boiler - Combi,,,,0.0,0.0,0.0,No,No,,,7.82,73.3,18946.4,4002.0,181.0,45.0,3.42,Yes,No,Yes,Yes,ASHP,None Required,12949.95,,1121.0,14.3,3.8,Yes,05/10/2021,Phoenix,ASHP,,Daikin,EDLQ011CAV3,11.0,R410A,,Water_new,250.0,,1.0,11.0,0.0,0.0,,,No,0.0,0.0,0.0,No,No,0.0,0.0,,no,6364.21,1752.34,,3055.83,,0.0,0.0,0.0,0.0,0.0,3.0,,House_Detached_1.0
Warmworks,EOH0411,EH33,37.0,Working Full time (>30hrs),Professional,"50,001+",2020-06-29T00:00:00.000Z,Owner-Occupied,0.3,AB,4.0,21/07/2020,Everwarm,Urban,1981-1990,C,1.0,0.0,103.08,5.0,3.0,5.0,2.5,Cavity_Insulated,Suspended,Pitched,Double,Yes,Gas,Gas Boiler - Standard,,Water,Normal (90-130l),0.0,0.0,0.0,No,No,2906.0,12009.0,7.1,97.0,19536.0,3821.0,0.0,50.0,3.65,Yes with additional measures,No,Yes with additional measures,Yes,HT_ASHP,,,,914.39,13.79,2.39,Yes,07/10/2020,Everwarm,HT_ASHP,,Vaillant,VWL 75/6 A 230V S2,7.0,R290,0.0,Water_New,150.0,,1.0,,5.0,0.0,,Low Noise Heat Pump,No,0.0,0.0,0.0,No,Yes,0.0,0.0,,No,11215.18,3508.27,1610.23,1352.88,,582.9,,,,,2.0,2.0,House_Semi-Detached_2.0
E.ON,EOH1658,NE13,51.0,Working Full time (>30hrs),Professional,"40,001 - 50,000",2021-04-06T00:00:00.000Z,Owner-Occupied,16.0,AB,5.0,08/04/2021,Phoenix,Urban,1950 - 1966,,2.0,0.0,89.0,6.0,4.0,11.0,2.4,Cavity_Insulated,Suspended,Pitched,Double,Yes,Gas,Gas Boiler - Standard,,Water,110,0.0,0.0,1.0,No,No,,,7.807,87.72,18925.8,5153.0,759.0,50.0,3.2,Yes,No,Yes,Yes,ASHP,Loft insulation,14242.56,500.0,1226.0,14.3,3.8,Yes,27/09/2021,Phoenix,ASHP,,Daikin,EDLQ011CAV3,11.0,R410A,,Water_new,250.0,,1.0,12.0,0.0,0.0,,,No,0.0,0.0,0.0,No,Yes,0.0,0.0,,no,6364.21,1752.34,,4348.45,,500.0,0.0,0.0,0.0,0.0,4.0,,House_Detached_2.0
Warmworks,EOH2835,TD8,61.0,Unemployed,Professional,"50,001+",2020-07-03T00:00:00.000Z,Owner-Occupied,2.0,AB,3.0,23/07/2020,Warmworks,Rural,1945-1964,D,2.0,0.0,82.85,5.0,3.0,5.0,2.6,Cavity_No_insulation,Suspended,Pitched,Double,Yes,Gas,Gas Boiler - Standard,Fire - Wood,Water,Large (> 170l),0.0,0.0,0.0,Yes - Borehole,Yes,2064.2,8462.0,,,,,,,,Yes,Yes,Yes,Yes,GSHP,,,,,,,No,,,,,,,,,,,,,,,,,,,,,,,,,,,,,,,,,,,,,,,,,House_Detached_2.0
E.ON,EOH0071,NE4,65.0,Retired,Pensioner,"0 - 12,500",2020-11-07T00:00:00.000Z,Rented (Private),21.0,DE,1.0,23/11/2020,Phoenix,Urban,1930 - 1949,,1.0,0.0,85.0,5.0,2.0,6.0,2.5,Cavity_No_insulation,Suspended,Pitched,Double,Yes,Gas,Gas Boiler - Combi,,,,0.0,0.0,1.0,No,No,1617.0,21110.0,10.61,126.13,9709.4,2674.0,0.0,,,No,No,No,Yes,Hybrid,Loft Insulation and Wall Insulation,10800.04,1500.0,364.0,14.3,3.8,No,,,,,,,,,,,,,,,,,,,,,,,,,,,,,,,,,,,,,,,,,House_Semi-Detached_2.0
OVO,EOH2701,RH1,31.0,Working Full time (>30hrs),Professional,"50,001+",2020-09-17T00:00:00.000Z,Owner-Occupied,,AB,4.0,19/02/2021,Retrofitworks,Suburban,Pre 1919,D,2.0,0.0,126.0,5.0,3.0,5.0,2.8,Solid_No_insulation,Suspended,Pitched,Double,Yes,Gas,Gas Boiler - Standard,,Water,90,0.0,0.0,0.0,No,No,,,,,,,,,,,,,,None - Installation not recommended,,,,,,,,,,,,,,,,,,,,,,,,,,,,,,,,,,,,,,,,,,,,,,,,House_Semi-Detached_2.0
E.ON,EOH2416,NE15,45.0,Working Full time (>30hrs),Professional,"30,001 - 40,000",2020-08-28T00:00:00.000Z,Owner-Occupied,8.0,AB,1.0,13/10/2020,Phoenix,Urban,1967 - 1975,E,2.0,2.0,102.0,4.0,3.0,8.0,2.4,Cavity_Insulated,Suspended,Pitched,Double,Yes,Gas,Gas Boiler - Combi,,,,0.0,0.0,0.0,No,No,2772.0,10584.0,6.562,89.38,15875.0,4002.0,181.0,45.0,3.57,Yes,No,Yes,Yes,ASHP,None Required,11863.76,,835.0,14.3,3.8,Yes,25/03/2021,Aaron Services,ASHP,,Daikin,EDLQ07CAV5,7.0,R410A,,Water_new,200.0,,1.0,9.0,0.0,0.0,none,none,No,0.0,0.0,0.0,No,No,0.0,0.0,,no,5648.0,1752.0,,3053.0,0.0,0.0,0.0,0.0,0.0,0.0,3.0,0.0,House_Detached_2.0
E.ON,EOH0541,NE15,67.0,Retired,Casual worker,"0 - 12,500",2020-12-24T00:00:00.000Z,Owner-Occupied,24.0,DE,3.0,20/01/2021,Phoenix,Urban,1900 - 1929,,1.0,0.0,130.0,5.0,3.0,8.0,2.5,Cavity_No_insulation,Suspended,Pitched,Double,Yes,Gas,Gas Boiler - Combi,Fire - Wood,,,0.0,1.0,1.0,No,No,,,,,,,,,,No,No,Yes,No,None - Installation not recommended,,,,,,,,,,,,,,,,,,,,,,,,,,,,,,,,,,,,,,,,,,,,,,,,House_Detached_2.0
E.ON,EOH1988,NE20,71.0,Retired,Pensioner,"0 - 12,500",2021-03-16T00:00:00.000Z,Owner-Occupied,10.0,DE,3.0,16/03/2021,Phoenix,Urban,1967 - 1975,C,2.0,0.0,128.0,6.0,3.0,10.0,2.4,Cavity_Insulated,Suspended,Pitched,Double,Yes,Gas,Gas Boiler - Combi,Fire - Gas,,,0.0,1.0,1.0,No,No,,,8.967,70.05,21738.8,4994.0,0.0,57.0,3.41,No,No,Yes,No,HT_ASHP,None Required,17977.46,,1174.0,14.3,3.8,Yes,27/09/2021,Phoenix,HT_ASHP,,Daikin,EPRA14DAV3,14.0,R32,,PCM_New,,9.0,1.0,11.0,0.0,0.0,,,No,0.0,0.0,0.0,No,No,0.0,0.0,,no,9047.38,3500.65,,3794.25,,0.0,0.0,0.0,0.0,0.0,3.0,,House_Detached_1.0
Warmworks,EOH2509,TD5,30.0,Carer,Casual worker,"12,501 - 16,200",2020-12-14T00:00:00.000Z,Rented (Social),,DE,1.0,12/01/2021,Warmworks,Rural,1945-1964,C,1.0,2.0,72.95,5.0,3.0,5.0,2.56,Cavity_Insulated,Solid,Pitched,Double,Yes,Gas,Gas Boiler - Combi,Electric - Direct,,,0.0,0.0,1.0,No,No,,,,,,,,,,Yes,No,Yes,Yes,ASHP,,,,,,,No,,,,,,,,,,,,,,,,,,,,,,,,,,,,,,,,,,,,,,,,,Maisonette_Flat_1.0
Warmworks,EOH2127,EH46,52.0,Working Part time,Semi and unskilled manual worker,Prefer not to say,2021-06-09T00:00:00.000Z,Rented (Social),4.0,DE,1.0,20/07/2021,Warmworks,Suburban,2001+,D,2.0,1.0,89.6,4.0,3.0,4.0,2.4,Cavity_Insulated,Solid,Pitched,Double,,Electricity,Electric - Storage,Electric - Direct,Water,Large (> 170l),0.0,0.0,0.0,No,No,,,7.0,65.0,9651.0,4075.0,0.0,50.0,3.58,Yes,No,Yes,No,ASHP,,,,800.0,14.0,,Yes,25/08/2021,TK Murray,ASHP,,Mitsubishi,PUHZ-W50VHA2,5.0,R410A,0.0,Water_New,150.0,,1.0,10.0,,0.0,,Low Noise Heat Pump,No,0.0,0.0,0.0,,No,0.0,0.0,,No,7655.16,3508.272,1610.23,2705.76,,,,,,,2.0,0.0,House_Mid-Terrace_2.0
E.ON,EOH2160,NE7,50.0,Working Full time (>30hrs),Manager,"50,001+",2020-10-13T00:00:00.000Z,Owner-Occupied,22.0,AB,1.0,27/10/2020,Phoenix,Urban,1991 - 1995,,2.0,2.0,96.0,5.0,3.0,12.0,2.4,Cavity_Insulated,Solid,Pitched,Double,Yes,Gas,Gas Boiler - Standard,Fire - Gas,Water,110,0.0,1.0,1.0,No,No,7573.0,12000.0,,,,,,,,No,No,No,No,None - Installation not recommended,,,,,,,,,,,,,,,,,,,,,,,,,,,,,,,,,,,,,,,,,,,,,,,,House_Detached_2.0
OVO,EOH0652,TN28,47.0,Working Full time (>30hrs),Professional,"50,001+",2020-07-13T00:00:00.000Z,Owner-Occupied,11.0,AB,4.0,14/12/2020,Retrofitworks,Suburban,1965-1980,,2.0,3.0,151.48,7.0,5.0,7.0,2.42,Cavity_Insulated,Mix,Pitched,Double,Yes,Gas,Gas Boiler - Combi,Fire - Wood,,,0.0,0.0,0.0,Yes - Ground Loop,No,24150.0,,10.31,58.25,18517.0,3821.0,136.0,65.0,2.9,Yes with additional measures,No,Yes with additional measures,Yes with additional measures,HT_ASHP,Heat Emitters,12024.0,544.0,1252.15,15.0,,Yes,08/03/2021,Reina Group,HT_ASHP,,Daikin,EPRA18DAV3,18.0,R32,,Water_New,250.0,,1.0,0.0,1.0,0.0,,,No,0.0,0.0,0.0,No,No,0.0,0.0,,No,7114.8,1302.0,3770.4,380.8,0.0,0.0,0.0,0.0,0.0,0.0,4.0,1.0,House_Detached_3.0
Warmworks,EOH0953,G72,27.0,Working Part time,Manager,"0 - 12,500",2020-10-01T00:00:00.000Z,Owner-Occupied,2.0,DE,2.0,03/11/2020,Warmworks,Suburban,1919-1944,D,2.0,2.0,86.4,4.0,3.0,4.0,,Cavity_No_insulation,Solid,Pitched,Double,Yes,Gas,Gas Boiler - Combi,,,,0.0,0.0,0.0,No,No,,,6.3,70.2,15053.0,3821.0,0.0,50.0,3.65,Yes,No,Yes,Yes,ASHP,,,,1084.4,18.0,5.0,Yes,29/03/2021,Everwarm,HT_ASHP,,Vaillant,VWL 75/6 A 230V S2,7.0,R290,0.0,Water_New,200.0,,1.0,,9.0,0.0,,Low Noise Heat Pump,No,0.0,0.0,0.0,No,No,0.0,1.0,,No,11215.18,3572.21,1610.23,2435.18,,,,,4000.5,,3.0,1.0,House_Semi-Detached_2.0
OVO,EOH1478,GU2,25.0,Working Full time (>30hrs),Professional,"50,001+",2020-10-10T00:00:00.000Z,Owner-Occupied,,AB,4.0,13/01/2021,Retrofitworks,Suburban,Pre 1919,,2.0,0.0,69.38,4.0,2.0,4.0,2.35,Solid_No_insulation,Mix,Pitched,Double,Yes,Gas,Gas Boiler - Combi,,,,0.0,0.0,0.0,No,No,,,4.39,68.52,5370.0,2292.0,82.0,45.0,3.93,Yes,No,Yes,Yes,ASHP,Heat Emitters,13070.0,1357.13,338.77,15.0,,Yes,15/03/2021,Ecolution Group,ASHP,,Mitsubishi,PUZ-WM50VAA,5.0,R32,,Water_New,150.0,,1.0,0.0,5.0,0.0,,Low Noise Heat Pump,No,0.0,0.0,0.0,No,No,0.0,0.0,,No,5728.1,1844.32,3902.0,1620.0,0.0,0.0,0.0,0.0,0.0,0.0,5.0,2.0,House_Semi-Detached_2.0
E.ON,EOH1921,NE5,34.0,Working Full time (>30hrs),Skilled Manual Worker,"40,001 - 50,000",2021-02-02T00:00:00.000Z,Owner-Occupied,6.0,C2,1.0,16/02/2021,Phoenix,Urban,1950 - 1966,D,2.0,1.0,160.0,6.0,3.0,9.0,2.4,Cavity_Insulated,Suspended,Pitched,Double,Yes,Gas,Gas Boiler - Combi,Fire - Gas,,,0.0,1.0,1.0,No,No,,,,,,,,,,No,No,No,No,None - Installation not recommended,,,,,,,,,,,,,,,,,,,,,,,,,,,,,,,,,,,,,,,,,,,,,,,,House_Semi-Detached_2.0
Warmworks,EOH1613,ML5,46.0,Working Full time (>30hrs),Professional,Prefer not to say,2021-04-24T00:00:00.000Z,Owner-Occupied,12.0,C1,3.0,09/06/2021,Warmworks,Suburban,1945-1964,C,2.0,3.0,113.65,8.0,4.0,8.0,2.46,Cavity_Insulated,Suspended,Pitched,Double,Yes,Gas,Gas Boiler - Combi,,,,0.0,0.0,1.0,No,No,,,,,,,,,,Yes,No,Yes,Yes,ASHP,,,,,,,No,,,,,,,,,,,,,,,,,,,,,,,,,,,,,,,,,,,,,,,,,House_Semi-Detached_2.0
Warmworks,EOH2369,EH16,54.0,Working Full time (>30hrs),Clerical,"30,001 - 40,000",2020-10-22T00:00:00.000Z,Owner-Occupied,16.0,C1,2.0,27/11/2020,Warmworks,Suburban,1965-1980,C,2.0,0.0,100.04,5.0,3.0,5.0,2.35,Cavity_Insulated,Suspended,Pitched,Double,Yes,Gas,Gas Boiler - Combi,,,,0.0,0.0,0.0,No,No,,,,,,,,,,Yes,No,Yes,Yes,None - Installation not recommended,,,,,,,,,,,,,,,,,,,,,,,,,,,,,,,,,,,,,,,,,,,,,,,,House_End-Terrace_2.0
E.ON,EOH0124,NE12,43.0,Working Full time (>30hrs),Manager,"50,001+",2021-01-25T00:00:00.000Z,Owner-Occupied,42.0,AB,4.0,09/02/2021,Phoenix,Urban,1900 - 1929,,2.0,1.0,130.0,5.0,3.0,8.0,2.9,Solid_No_insulation,Mix,Pitched,Double,Yes,Gas,Gas Boiler - Combi,Fire - Gas,,,0.0,1.0,1.0,No,No,7500.0,14500.0,,,,,,,,No,No,No,No,None - Installation not recommended,,,,,,,,,,,,,,,,,,,,,,,,,,,,,,,,,,,,,,,,,,,,,,,,House_Mid-Terrace_2.0
Warmworks,EOH0506,EH10,52.0,Working Full time (>30hrs),Clerical,"50,001+",2020-07-19T00:00:00.000Z,Owner-Occupied,20.0,C2,2.0,14/09/2020,Warmworks,Urban,1919-1944,E,2.0,2.0,87.01,4.0,3.0,4.0,2.6,Cavity_Insulated,Suspended,Pitched,Double,Yes,Gas,Gas Boiler - Combi,,,,0.0,0.0,0.0,No,No,,,,,,,,,,No,No,No,No,None - Installation not recommended,,,,,,,,,,,,,,,,,,,,,,,,,,,,,,,,,,,,,,,,,,,,,,,,House_Detached_2.0
OVO,EOH2335,SP10,66.0,Retired,Pensioner,"25,001 - 30,000",2020-07-09T00:00:00.000Z,Owner-Occupied,12.0,DE,3.0,19/02/2021,Retrofitworks,Suburban,1991-2000,,2.0,0.0,58.6,4.0,2.0,4.0,2.3,Cavity_Insulated,Solid,Pitched,Double,Yes,Gas,Gas Boiler - Standard,,Water,150,0.0,0.0,0.0,No,No,,,,,,,,,,,,,,None - Installation not recommended,,,,,,,,,,,,,,,,,,,,,,,,,,,,,,,,,,,,,,,,,,,,,,,,House_Mid-Terrace_2.0
OVO,EOH3200,ME15,46.0,Working Full time (>30hrs),Professional,"50,001+",2021-02-09T00:00:00.000Z,Owner-Occupied,17.0,AB,4.0,05/03/2021,Retrofitworks,Urban,1965-1980,,2.0,1.0,97.34,5.0,3.0,5.0,2.35,Cavity_Insulated,Solid,Pitched,Double,Yes,Gas,Gas Boiler - Standard,,Water,120,0.0,0.0,1.0,No,No,,,,,,,,,,,,,,None - Installation not recommended,,,,,,,,,,,,,,,,,,,,,,,,,,,,,,,,,,,,,,,,,,,,,,,,House_Mid-Terrace_2.0
E.ON,EOH2895,NE13,53.0,Working Full time (>30hrs),Skilled Manual Worker,"20,001 - 25,000",2021-01-28T00:00:00.000Z,Owner-Occupied,0.9,C2,1.0,15/02/2021,Phoenix,Urban,1930 - 1949,D,2.0,0.0,69.0,3.0,2.0,6.0,2.4,Solid_No_insulation,Suspended,Pitched,Double,Yes,Gas,Gas Boiler - Combi,,,,0.0,0.0,0.0,No,No,,,,,,,,,,No,No,No,No,None - Installation not recommended,,,,,,,,,,,,,,,,,,,,,,,,,,,,,,,,,,,,,,,,,,,,,,,,House_Semi-Detached_1.0
OVO,EOH1401,TN38,39.0,Working Full time (>30hrs),Professional,"40,001 - 50,000",2020-08-04T00:00:00.000Z,Owner-Occupied,5.0,C1,4.0,12/02/2021,Retrofitworks,Suburban,1945-1964,,1.0,2.0,55.8,3.0,2.0,3.0,2.45,Cavity_Insulated,Solid,Pitched,Double,Yes,Gas,Gas Boiler - Combi,,,,0.0,0.0,0.0,No,No,,,3.75,71.66,9568.0,2292.0,82.0,50.0,3.35,Yes with additional measures,No,Yes with additional measures,Yes with additional measures,Hybrid,Heat Emitters,11855.0,1977.0,593.64,15.0,,Yes,28/06/2021,Reina Group,ASHP,,Daikin,EDLQ07LAV3,7.0,R410A,,Water_New,150.0,,1.0,0.0,4.0,0.0,,,No,0.0,0.0,0.0,No,No,0.0,0.0,,No,6289.39,962.5,3251.17,1384.18,0.0,0.0,0.0,0.0,0.0,0.0,4.0,1.0,House_Semi-Detached_1.0
Warmworks,EOH1671,TD4,68.0,Retired,Pensioner,Prefer not to say,2021-02-16T00:00:00.000Z,Rented (Social),5.0,DE,2.0,23/02/2021,Warmworks,Suburban,1981-1990,F,2.0,0.0,47.73,2.0,1.0,2.0,2.6,Cavity_No_insulation,Suspended,Pitched,Double,No,,Electric - Direct,,Water,Medium (131-170l),0.0,0.0,0.0,No,No,,,5.0,96.8,5604.0,4075.0,156.0,50.0,3.58,Yes,No,Yes,No,ASHP,,,,660.0,14.0,,Yes,22/03/2021,TK Murray,ASHP,,Mitsubishi,PUHZ-W50VHA2,5.0,R410A,0.0,Water_New,150.0,,1.0,,6.0,0.0,,Low Noise Heat Pump,No,0.0,0.0,0.0,No,No,0.0,0.0,,No,7655.16,3508.27,1610.23,1623.46,,,,,,,2.0,0.0,House_Semi-Detached_1.0
Warmworks,EOH1186,KY6,58.0,Working Full time (>30hrs),Skilled Manual Worker,Prefer not to say,2020-09-11T00:00:00.000Z,Owner-Occupied,16.0,C2,2.0,12/10/2020,Warmworks,Suburban,1965-1980,C,2.0,1.0,113.15,5.0,3.0,5.0,,Cavity_Insulated,Suspended,Pitched,Double,Yes,Gas,Gas Boiler - Standard,,Water,Medium (131-170l),0.0,0.0,1.0,Yes - Borehole,Yes,,,9.6,87.3,18075.0,3596.0,156.0,50.0,3.92,Yes,Yes,Yes,Yes,GSHP,,,,1136.0,16.36,,Yes,19/04/2021,mcinnesplumbing,HT_ASHP,,Vaillant,VWL 125/6 A 230V S2,12.0,R290,0.0,Water_New,200.0,,1.0,,7.0,0.0,,Low Noise Heat Pump,No,0.0,0.0,0.0,No,No,0.0,0.0,,No,17943.13,3572.208,1610.23,1894.03,,,,,,,2.0,0.0,House_Detached_2.0
E.ON,EOH2769,NE24,33.0,Working Full time (>30hrs),Professional,"30,001 - 40,000",2021-05-19T00:00:00.000Z,Owner-Occupied,30.0,DE,2.0,15/06/2021,Energist,Urban,1967 - 1975,,2.0,0.0,98.0,6.0,3.0,10.0,2.4,Cavity_Insulated,Suspended,Pitched,Double,Yes,Gas,Gas Boiler - Combi,,,,0.0,0.0,1.0,No,No,,,4.854,63.87,13955.0,3146.0,0.0,50.0,3.37,Yes,No,Yes,Yes,ASHP,None Required,13052.69,,583.0,12.5,3.5,Yes,14/07/2021,Energist,HT_ASHP,,Vaillant,VWL 55/6 A 230V S2,5.0,R290,,Water_new,200.0,,1.0,8.0,0.0,0.0,none,none,No,0.0,0.0,0.0,No,No,0.0,0.0,,no,5335.0,1752.34,,2500.0,0.0,0.0,0.0,0.0,0.0,0.0,3.0,0.0,House_Detached_2.0
Warmworks,EOH0615,EH6,36.0,Working Full time (>30hrs),Professional,"50,001+",2020-07-06T00:00:00.000Z,Owner-Occupied,5.0,C1,3.0,07/08/2020,Warmworks,Urban,1981-1990,C,2.0,0.0,107.1,3.0,2.0,3.0,2.6,Cavity_No_insulation,Solid,Another Dwelling Above,Double,Yes,Gas,Gas Boiler - Combi,,,,0.0,0.0,0.0,No,No,1892.0,3665.0,,,,,,,,Yes,No,Yes,Yes,None - Installation not recommended,,,,,,,,,,,,,,,,,,,,,,,,,,,,,,,,,,,,,,,,,,,,,,,,Flat_Flat_2.0
E.ON,EOH2782,NE61,,Working Part time,Skilled Manual Worker,"20,001 - 25,000",2021-08-04T00:00:00.000Z,Owner-Occupied,2.0,C2,4.0,05/08/2021,Energist,Suburban,1991 - 1995,G,2.0,0.0,172.0,6.0,3.0,11.0,2.4,Cavity_Insulated,Suspended,Pitched,Double,No,LPG,LPG Boiler,,,,0.0,0.0,0.0,No,No,,,7.78,55.9,23447.0,2797.0,0.0,45.0,3.77,Yes,No,Yes,Yes,ASHP,None Required,13957.91,,1074.0,12.9,3.6,Yes,30/08/2021,Energist,HT_ASHP,,Vaillant,VWL 55/6 A 230V S2,5.0,R290,,Water_new,200.0,,1.0,12.0,0.0,0.0,,,No,0.0,0.0,0.0,No,No,0.0,0.0,,no,5789.0,1752.34,,3240.82,0.0,0.0,0.0,0.0,0.0,0.0,4.0,,House_Detached_2.0
Warmworks,EOH1457,EH22,32.0,Working Full time (>30hrs),Professional,"50,001+",2020-08-21T00:00:00.000Z,Owner-Occupied,3.0,AB,3.0,05/10/2020,Warmworks,Suburban,1965-1980,C,2.0,1.0,71.38,4.0,2.0,4.0,,Cavity_Insulated,Suspended,Pitched,Double,Yes,Gas,Gas Boiler - Combi,,,,0.0,0.0,0.0,No,No,,,4.8,76.5,13031.0,2674.0,1528.0,55.0,3.39,Yes,No,Yes,Yes,ASHP,,,,945.0,14.0,3.0,Yes,28/04/2021,BRB Electrical Ltd,HT_ASHP,,Vaillant,VWL 75/6 A 230V S2,7.0,R290,0.0,Water_New,200.0,,1.0,,9.0,0.0,,Low Noise Heat Pump,No,0.0,0.0,0.0,Yes,No,0.0,0.0,,No,11215.17,3572.208,1610.23,2164.6,,,,,,,2.0,0.0,House_Semi-Detached_2.0
E.ON,EOH2927,NE15,80.0,Working Part time,Professional,"20,001 - 25,000",2020-10-14T00:00:00.000Z,Owner-Occupied,22.0,C1,3.0,27/10/2020,Phoenix,Suburban,1983 - 1990,C,2.0,0.0,70.0,4.0,2.0,10.0,2.1,Cavity_Insulated,Suspended,Pitched,Double,Yes,Gas,Gas Boiler - Standard,Fire - Wood,Water,110,0.0,0.0,1.0,No,No,1900.0,14900.0,6.516,82.7,15748.0,3372.0,506.0,,,Yes,No,Yes,Yes,ASHP,None Required,12417.96,0.0,918.0,14.3,3.8,No,,,,,,,,,,,,,,,,,,,,,,,,,,,,,,,,,,,,,,,,,House_Detached_1.0
Warmworks,EOH0687,EH26,51.0,Working Part time,Clerical,Prefer not to say,2020-10-22T00:00:00.000Z,Owner-Occupied,18.0,C1,2.0,20/04/2021,Warmworks,Rural,1945-1964,D,3.0,0.0,97.68,5.0,3.0,5.0,2.39,Cavity_Insulated,Suspended,Pitched,Double,,,Fire - Wood,,Water,Normal (90-130l),0.0,0.0,0.0,No,No,,,4.6,68.0,4934.0,1867.0,3.0,50.0,3.65,Yes,No,Yes,No,ASHP,,,,1089.0,16.0,5.0,Yes,21/06/2021,Montali Energy Services Ltd,HT_ASHP,,Vaillant,VWL 75/6 A 230V S2,7.0,R290,0.0,Water_New,200.0,,1.0,,9.0,0.0,,Low Noise Heat Pump,No,0.0,0.0,0.0,,No,0.0,0.0,,No,11215.17,3572.21,1610.23,2435.18,,,,,,,3.0,0.0,House_End-Terrace_2.0
Warmworks,EOH1558,EH5,61.0,Unemployed,Manager,Prefer not to say,2020-07-06T00:00:00.000Z,Owner-Occupied,29.0,DE,2.0,29/07/2020,Everwarm,Urban,1919-1944,D,2.0,0.0,177.15,7.0,5.0,7.0,2.7,Cavity_Insulated,Suspended,Pitched,Double,Yes,Gas,Gas Boiler - Combi,Fire - Gas,,,0.0,0.0,1.0,No,No,3099.0,27356.0,12.0,84.0,33402.0,4776.0,0.0,,,No,No,Yes with additional measures,Yes with additional measures,HT_ASHP,,,,1514.07,14.65,2.83,No,,,,,,,,,,,,,,,,,,,,,,,,,,,,,,,,,,,,,,,,,House_Detached_2.0
Warmworks,EOH0113,EH25,62.0,Retired,Pensioner,"0 - 12,500",2020-08-07T00:00:00.000Z,Owner-Occupied,1.5,DE,1.0,10/09/2020,Warmworks,Suburban,1981-1990,C,1.0,0.0,116.03,4.0,2.0,4.0,2.6,Cavity_No_insulation,Suspended,Pitched,Double,Yes,Gas,Gas Boiler - Standard,,Water,Large (> 170l),0.0,0.0,1.0,No,No,13709.0,6702.0,,,,,,,,Yes,No,Yes,Yes,Hybrid,,,,,,,No,,,,,,,,,,,,,,,,,,,,,,,,,,,,,,,,,,,,,,,,,House_Semi-Detached_2.0
OVO,EOH1744,BN10,34.0,Working Full time (>30hrs),Professional,"40,001 - 50,000",2020-07-27T00:00:00.000Z,Owner-Occupied,4.0,C1,3.0,17/11/2020,Retrofitworks,Suburban,1981-1990,,2.0,2.0,71.0,4.0,2.0,6.0,2.37,Cavity_No_insulation,Solid,Pitched,Double,Yes,Gas,Gas Boiler - Combi,,,,0.0,0.0,1.0,No,No,,,3.74,62.31,11140.13,5840.0,1345.62,,,Yes,No,Yes,Yes,ASHP,Heat Emitters,11188.0,1870.0,625.25,14.0,,Yes,28/01/2021,Northern Gas,ASHP,,Daikin,EDLQ05CV3,5.0,R410A,,Water_New,200.0,,1.0,0.0,7.0,0.0,,,No,0.0,0.0,0.0,No,No,0.0,0.0,,No,5284.38,1780.64,3442.32,967.05,0.0,0.0,0.0,0.0,0.0,0.0,4.0,2.0,House_Mid-Terrace_2.0
OVO,EOH0994,OX1,66.0,Retired,Professional,"25,001 - 30,000",2020-11-18T00:00:00.000Z,Owner-Occupied,5.0,DE,2.0,11/03/2021,Retrofitworks,Suburban,Pre 1919,,2.0,0.0,96.0,4.0,2.0,,2.4,Cavity_Insulated,Solid,Pitched,Double,No,Oil,Oil Boiler,,Water,100,0.0,0.0,0.0,No,No,,,,,,,,,,,,,,None - Installation not recommended,,,,,,,,,,,,,,,,,,,,,,,,,,,,,,,,,,,,,,,,,,,,,,,,House_Detached_2.0
Warmworks,EOH2916,KA1,49.0,Working Full time (>30hrs),Professional,Prefer not to say,2021-04-02T00:00:00.000Z,Owner-Occupied,11.0,C1,1.0,22/04/2021,Everwarm,Rural,1965-1980,E,3.0,0.0,246.91,7.0,3.0,7.0,2.65,Cavity_No_insulation,Suspended,Pitched,Double,No,Wood,Biomass Boiler,Fire - Wood,Water,Normal (90-130l),0.0,0.0,0.0,No,No,3810.0,,,,,,,,,Yes with additional measures,Yes,Yes,Yes,HT_ASHP,,,,,,,Yes,,,,,,,,,,,,,,,,,,,,,,,,,,,,,,,,,,,,,,,,,House_Detached_2.0
Warmworks,EOH2750,IV3,39.0,Working Full time (>30hrs),Skilled Manual worker,"30,001 - 40,000",2020-07-10T00:00:00.000Z,Owner-Occupied,5.0,C2,5.0,16/04/2021,Warmworks,Rural,2001+,C,3.0,2.0,124.44,6.0,4.0,6.0,2.4,Cavity_Insulated,Suspended,Pitched,Double,Yes,Gas,Gas Boiler - Standard,,Water,Large (> 170l),0.0,0.0,1.0,No,No,7522.4,14840.0,6.6,50.0,15922.0,4495.0,0.0,45.0,3.91,Yes,Yes,Yes,Yes,HT_ASHP,,,,1111.0,16.36,4.17,Yes,30/08/2021,mcinnesplumbing,HT_ASHP,,Vaillant,VWL 75/6 A 230V S2,7.0,R290,0.0,Water_New,200.0,,2.0,,13.0,0.0,,Low Noise Heat Pump,No,0.0,0.0,0.0,No,No,0.0,0.0,,No,11215.176,3572.21,1610.23,3517.49,,,,,,,2.0,0.0,House_Detached_2.0
Warmworks,EOH1859,EH6,56.0,Working Full time (>30hrs),Professional,"40,001 - 50,000",2020-07-09T00:00:00.000Z,Owner-Occupied,18.0,C1,3.0,12/08/2020,Warmworks,Urban,1981-1990,C,2.0,0.0,76.79,3.0,2.0,3.0,2.6,Cavity_No_insulation,Solid,Pitched,Double,Yes,Gas,Gas Boiler - Combi,,,,0.0,0.0,1.0,No,No,2230.0,8720.0,,,,,,,,Yes,No,No,Yes,None - Installation not recommended,,,,,,,,,,,,,,,,,,,,,,,,,,,,,,,,,,,,,,,,,,,,,,,,Maisonette_Flat_2.0
E.ON,EOH1998,NE7,75.0,Retired,Pensioner,Prefer not to say,2020-10-03T00:00:00.000Z,Owner-Occupied,30.0,DE,5.0,15/10/2020,Phoenix,Suburban,1991 - 1995,,2.0,0.0,110.0,6.0,5.0,14.0,2.4,Cavity_Insulated,Suspended,Pitched,Double,Yes,Gas,Gas Boiler - Combi,Fire - Gas,,,0.0,1.0,1.0,No,No,2296.0,20146.0,,,,,,,,No,No,No,No,None - Installation not recommended,,,,,,,,,,,,,,,,,,,,,,,,,,,,,,,,,,,,,,,,,,,,,,,,House_Detached_2.0
Warmworks,EOH1288,EH24,39.0,Working Full time (>30hrs),Semi and unskilled manual worker,"20,001 - 25,000",2020-09-18T00:00:00.000Z,Owner-Occupied,2.0,DE,4.0,23/10/2020,Warmworks,Suburban,1945-1964,C,2.0,2.0,102.36,6.0,3.0,6.0,,Cavity_Insulated,Suspended,Pitched,Double,Yes,Gas,Gas Boiler - Combi,Fire - Wood,,,0.0,0.0,0.0,No,No,1920.0,10648.0,,,,,,,,Yes,No,Yes,No,ASHP,,,,,,,No,,,,,,,,,,,,,,,,,,,,,,,,,,,,,,,,,,,,,,,,,House_Mid-Terrace_2.0
E.ON,EOH2653,NE3,61.0,Working Part time,Skilled Manual Worker,"40,001 - 50,000",2021-03-16T00:00:00.000Z,Owner-Occupied,34.0,C2,4.0,24/03/2021,Phoenix,Urban,1967 - 1975,,2.0,0.0,76.0,5.0,3.0,7.0,2.4,Cavity_Insulated,Solid,Pitched,Double,Yes,Gas,Gas Boiler - Combi,,,,0.0,0.0,0.0,No,No,,,,,,,,,,No,No,No,No,None - Installation not recommended,,,,,,,,,,,,,,,,,,,,,,,,,,,,,,,,,,,,,,,,,,,,,,,,House_Semi-Detached_2.0
E.ON,EOH0226,NE5,25.0,Working Part time,Skilled Manual Worker,"30,001 - 40,000",2021-01-06T00:00:00.000Z,Owner-Occupied,4.0,C2,1.0,21/01/2021,Phoenix,Urban,1967 - 1975,D,2.0,1.0,90.0,5.0,3.0,7.0,2.4,Cavity_Insulated,Suspended,Pitched,Double,Yes,Gas,Gas Boiler - Combi,Fire - Wood,,,0.0,0.0,0.0,No,No,,,6.375,89.61,12811.5,4475.0,655.0,48.0,3.44,Yes,No,Yes,Yes,ASHP,None Required,12602.18,,853.0,14.3,3.8,Yes,14/04/2021,Aaron Services,ASHP,,Daikin,EDLQ07CAV7,7.0,R410A,,Water_new,200.0,,1.0,8.0,0.0,0.0,none,none,No,0.0,0.0,0.0,No,No,0.0,0.0,,no,5648.0,1752.0,,2870.0,0.0,0.0,0.0,0.0,0.0,0.0,3.0,0.0,House_Semi-Detached_2.0
Warmworks,EOH1467,EH17,72.0,Retired,Pensioner,Prefer not to say,2020-11-01T00:00:00.000Z,Owner-Occupied,35.0,DE,4.0,23/11/2020,Warmworks,Suburban,1965-1980,D,2.0,0.0,81.92,5.0,3.0,5.0,2.31,Cavity_No_insulation,Suspended,Pitched,Double,Yes,Gas,Gas Boiler - Combi,Gas Boiler - Combi,,,0.0,0.0,0.0,No,No,,,,,,,,,,Yes with additional measures,No,Yes,No,HT_ASHP,,,,,,,No,,,,,,,,,,,,,,,,,,,,,,,,,,,,,,,,,,,,,,,,,House_Mid-Terrace_2.0
Warmworks,EOH1101,TD4,52.0,Working Full time (>30hrs),Semi and unskilled manual worker,Prefer not to say,2021-03-11T00:00:00.000Z,Rented (Social),24.0,DE,1.0,14/04/2021,Warmworks,Suburban,1919-1944,D,3.0,0.0,93.0,5.0,3.0,5.0,2.52,Cavity_Insulated,Solid,Pitched,Double,No,Coal,Fire - Coal,,Water,Normal (90-130l),0.0,0.0,0.0,No,No,,,8.5,,11730.0,3623.0,156.0,,,Yes,No,Yes,No,ASHP,,,,871.0,14.0,,Yes,,,,,,,,,,,,,,,,,,,,,,,,,,,,,,,,,,,,,,,,,House_End-Terrace_2.0
OVO,EOH0796,SO31,38.0,Working Full time (>30hrs),Manager,Prefer not to say,2020-07-02T00:00:00.000Z,Owner-Occupied,2.0,AB,3.0,03/12/2020,,Suburban,1965-1980,,3.0,4.0,162.0,5.0,5.0,10.0,,,,Pitched,Double,Yes,Gas,Gas Boiler - Standard,,,,0.0,1.0,1.0,No,No,,,,,,,,,,No,No,No,No,None - Installation not recommended,,,,,,,,,,,,,,,,,,,,,,,,,,,,,,,,,,,,,,,,,,,,,,,,House_Detached_2.0
OVO,EOH0341,OX76,51.0,Working Full time (>30hrs),Professional,"40,001 - 50,000",2021-01-20T00:00:00.000Z,Owner-Occupied,14.0,C1,4.0,04/02/2021,Retrofitworks,Rural,Pre 1919,,2.0,0.0,192.36,8.0,4.0,8.0,3.0,Solid_No_insulation,Solid,Pitched,Double,No,Electricity,Electric - Warm air,Fire - Wood,Water,100,0.0,0.0,0.0,No,No,,,11.19,11.19,29137.0,5458.0,164.0,48.0,3.78,Yes,No,Yes,Yes,ASHP,,14316.8,0.0,973.0,14.0,,Yes,09/03/2021,Cotswold Green Energy,ASHP,,Mitsubishi,PUZ-WM112VAA,11.2,R32,,Water_New,170.0,,1.0,0.0,0.0,0.0,,Low Noise Heat Pump,No,0.0,0.0,0.0,No,No,0.0,0.0,,No,3864.0,1853.0,4400.0,0.0,0.0,0.0,0.0,0.0,0.0,0.0,9.0,1.0,House_Semi-Detached_2.0
OVO,EOH0912,BN7,52.0,Working Full time (>30hrs),Professional,"50,001+",2020-10-17T00:00:00.000Z,Owner-Occupied,7.0,AB,3.0,03/12/2020,Retrofitworks,Suburban,1919-1944,,3.0,2.0,138.0,11.0,5.0,11.0,2.41,Solid_Insulated,Solid,Pitched,Double,Yes,Gas,Gas Boiler - Standard,,Water,300,0.0,1.0,0.0,No,No,,,,,,,,,,,,,,None - Installation not recommended,,,,,,,,,,,,,,,,,,,,,,,,,,,,,,,,,,,,,,,,,,,,,,,,House_Semi-Detached_2.0
E.ON,EOH2198,NE34,,Working Full time (>30hrs),Manager,"40,001 - 50,000",2021-05-24T00:00:00.000Z,Owner-Occupied,12.0,C1,5.0,16/05/2021,Energist,Urban,1967 - 1975,,2.0,2.0,132.0,6.0,4.0,10.0,2.4,Cavity_Insulated,Suspended,Pitched,Double,Yes,Gas,Gas Boiler - Combi,,,,0.0,0.0,1.0,No,No,,,4.038,51.77,11450.0,2360.0,0.0,55.0,3.06,Yes,No,Yes,Yes,ASHP,None Required,12415.61,,880.0,15.89,3.4,Yes,04/07/2021,Energist,Hybrid,Separate_New Boiler,Vaillant,VWL 55/6 A 230V S2,5.0,R290,,Water_new,200.0,,1.0,8.0,0.0,0.0,none,none,No,0.0,0.0,0.0,No,No,0.0,0.0,,no,5889.0,,1050.0,2501.0,0.0,0.0,0.0,0.0,0.0,0.0,5.0,0.0,House_Detached_2.0
Warmworks,EOH2483,G65,52.0,Working Full time (>30hrs),Professional,Prefer not to say,2021-04-11T00:00:00.000Z,Owner-Occupied,21.0,C1,4.0,21/04/2021,Everwarm,Rural,1991-2000,D,2.0,0.0,171.93,5.0,3.0,5.0,2.38,Cavity_Insulated,Suspended,Pitched,Double,,Oil,Oil Boiler,,,,0.0,0.0,0.0,No,No,5842.0,,10.1,60.0,24873.0,3937.0,0.0,50.0,3.66,Yes,Yes,Yes,Yes,ASHP,,,,1271.88,18.0,5.0,Yes,28/07/2021,Everwarm,ASHP,,Mitsubishi,PUHZ-HW140VHA2,14.0,R410A,0.0,Water_New,200.0,,1.0,14.0,,0.0,,Low Noise Heat Pump,No,0.0,0.0,0.0,,No,0.0,0.0,,No,8575.73,3572.208,1610.23,3788.06,,,,,,,2.0,0.0,House_Detached_1.0
Warmworks,EOH0674,EH12,35.0,Working Full time (>30hrs),Clerical,"50,001+",2020-08-20T00:00:00.000Z,Owner-Occupied,5.0,C1,2.0,12/10/2020,Warmworks,Suburban,1919-1944,D,2.0,2.0,156.38,6.0,4.0,6.0,,Cavity_Insulated,Suspended,Pitched,Double,Yes,Gas,Gas Boiler - Combi,Fire - Gas,,,0.0,1.0,1.0,No,No,,,,,,,,,,Yes,No,Yes,Yes,None - Installation not recommended,,,,,,,,,,,,,,,,,,,,,,,,,,,,,,,,,,,,,,,,,,,,,,,,House_Detached_2.0
Warmworks,EOH1233,EH4,89.0,Retired,Pensioner,Prefer not to say,2020-10-04T00:00:00.000Z,Owner-Occupied,63.0,DE,1.0,15/12/2020,Warmworks,Suburban,1945-1964,D,1.0,0.0,112.97,5.0,3.0,4.0,2.39,Cavity_Insulated,Suspended,Pitched,Double,Yes,Gas,Gas Boiler - Combi,Electric - Direct,,,0.0,0.0,1.0,No,No,4012.0,13434.0,6.1,64.2,18177.0,3566.0,1237.0,55.0,3.39,Yes,No,Yes,Yes,HT_ASHP,,,,1261.0,14.0,3.0,Yes,16/08/2021,BRB Electrical Ltd,HT_ASHP,,Vaillant,VWL 75/6 A 230V S2,7.0,R290,0.0,Water_New,200.0,,1.0,,10.0,0.0,,Low Noise Heat Pump,No,0.0,0.0,0.0,Yes,No,0.0,0.0,,No,11215.17,3572.208,1610.23,2705.76,,,,,,,2.0,0.0,House_Semi-Detached_2.0
E.ON,EOH2933,NE3,65.0,Retired,Pensioner,"16,201 - 20,000",2021-05-19T00:00:00.000Z,Owner-Occupied,10.0,DE,1.0,03/06/2021,Phoenix,Urban,1950 - 1966,C,1.0,0.0,97.0,5.0,2.0,9.0,2.6,Cavity_Insulated,Suspended,Pitched,Double,Yes,Gas,Gas Boiler - Combi,,,,0.0,0.0,0.0,No,No,1749.0,12275.0,7.02,76.7,8382.7,2865.0,0.0,55.0,2.96,No,No,No,Yes,Hybrid,Barrier,10868.48,300.0,346.0,14.3,3.8,Yes,27/09/2021,Phoenix,Hybrid,Separate_New Boiler,Daikin,EJHA04AAV3,4.0,R32,,,,,1.0,9.0,0.0,0.0,,,No,0.0,0.0,0.0,No,No,0.0,0.0,,no,5739.82,,,3793.48,,0.0,0.0,0.0,0.0,0.0,2.0,,House_Semi-Detached_1.0
E.ON,EOH1365,NE13,38.0,Working Full time (>30hrs),Professional,"50,001+",2020-08-12T00:00:00.000Z,Owner-Occupied,3.0,AB,5.0,25/09/2020,E.ON,Suburban,1967 - 1975,D,2.0,0.0,80.0,4.0,3.0,4.0,2.3,Cavity_Insulated,Suspended,Pitched,Double,Yes,Gas,Gas Boiler - Standard,Electric - Direct,Water,117,0.0,1.0,0.0,Yes - Ground Loop,Yes,2762.3,10781.0,7.68,98.96,18580.0,3820.0,0.0,45.0,3.77,Yes,No,Yes,Yes,ASHP,None Required,11628.15,,1111.0,14.3,3.8,Yes,07/05/2021,Energist,HT_ASHP,,Vaillant,VWL 55/6 A 230V S2,5.0,R290,,Water_new,200.0,,1.0,5.0,0.0,0.0,none,none,No,0.0,0.0,0.0,No,No,0.0,0.0,,no,6523.74,1752.0,,2315.87,0.0,0.0,0.0,0.0,0.0,0.0,4.0,0.0,House_Detached_2.0
OVO,EOH1459,HP22,53.0,Working Part time,Professional,Prefer not to say,2020-07-27T00:00:00.000Z,Owner-Occupied,20.0,C1,2.0,10/02/2021,Retrofitworks,Rural,1945-1964,,2.0,0.0,90.6,5.0,3.0,5.0,2.4,Cavity_Insulated,Solid,Pitched,Double,No,Oil,Oil Boiler,Electric - Direct,,,0.0,0.0,0.0,No,No,,,7.78,97.0,20713.5,4380.0,1368.75,45.0,3.42,Yes with additional measures,No,Yes with additional measures,No,ASHP,Heat Emitters,9901.95,1656.9,1039.55,14.0,,Yes,08/04/2021,Northern Gas,ASHP,,Daikin,EDLQ011CV3,11.0,R410A,,Water_New,180.0,,1.0,0.0,8.0,0.0,,,No,0.0,0.0,0.0,No,No,0.0,0.0,,No,5520.11,1939.36,2946.48,1152.9,0.0,0.0,0.0,0.0,0.0,0.0,1.0,1.0,House_Semi-Detached_2.0
E.ON,EOH1082,NE7,50.0,Working Full time (>30hrs),Professional,"50,001+",2020-11-03T00:00:00.000Z,Owner-Occupied,6.0,AB,5.0,18/11/2020,Phoenix,Urban,2003 - 2006,C,2.0,0.0,192.0,8.0,5.0,10.0,2.3,Cavity_Insulated,Solid,Pitched,Double,Yes,Gas,Gas Boiler - Combi,Fire - Gas,,,0.0,1.0,1.0,No,No,,,,,,,,,,No,No,No,Yes,None - Installation not recommended,,,,,,,,,,,,,,,,,,,,,,,,,,,,,,,,,,,,,,,,,,,,,,,,House_Detached_3.0
OVO,EOH2464,PO4,34.0,Working Full time (>30hrs),Manager,"50,001+",2020-07-03T00:00:00.000Z,Owner-Occupied,5.0,C1,3.0,01/03/2021,Retrofitworks,Urban,Pre 1919,,2.0,1.0,101.0,7.0,4.0,7.0,2.7,Solid_No_insulation,Suspended,Pitched,Double,Yes,Gas,Gas Boiler - Combi,,,,0.0,0.0,0.0,No,No,,,,,,,,,,,,,,None - Installation not recommended,,,,,,,,,,,,,,,,,,,,,,,,,,,,,,,,,,,,,,,,,,,,,,,,House_Mid-Terrace_2.0
OVO,EOH1444,SL8,73.0,Retired,Professional,"20,001 - 25,000",2020-07-02T00:00:00.000Z,Owner-Occupied,6.0,AB,4.0,01/02/2021,Retrofitworks,Rural,1965-1980,,2.0,0.0,111.84,4.0,4.0,4.0,2.5,Cavity_Insulated,Solid,Pitched,Double,Yes,Gas,Gas Boiler - Standard,,Water,100,0.0,0.0,0.0,No,No,,,,,,,,,,,,,,None - Installation not recommended,,,,,,,,,,,,,,,,,,,,,,,,,,,,,,,,,,,,,,,,,,,,,,,,House_Detached_2.0
E.ON,EOH2125,NE5,26.0,Working Full time (>30hrs),Professional,"20,001 - 25,000",2021-02-09T00:00:00.000Z,Owner-Occupied,2.0,C1,2.0,22/02/2021,Phoenix,Urban,1950 - 1966,D,1.0,0.0,57.0,3.0,2.0,5.0,2.4,Cavity_Insulated,Suspended,Pitched,Double,Yes,Gas,Gas Boiler - Combi,,,,0.0,0.0,0.0,No,No,,,5.28,92.6,12782.6,3356.0,491.0,47.0,3.48,Yes with additional measures,No,Yes,No,ASHP,Barrier,11628.14,300.0,765.0,14.0,4.0,Yes,16/04/2021,Phoenix,ASHP,,Daikin,EDLQ07CAV7,7.0,R410A,,Water_new,150.0,,1.0,8.0,0.0,0.0,none,enclosure,No,0.0,0.0,0.0,No,No,0.0,0.0,,no,5648.0,1701.0,,2500.86,0.0,0.0,0.0,0.0,0.0,0.0,3.0,0.0,House_Semi-Detached_1.0
Warmworks,EOH1750,EH10,49.0,Working Full time (>30hrs),Professional,"50,001+",2020-07-19T00:00:00.000Z,Owner-Occupied,7.0,AB,2.0,10/08/2020,Everwarm,Suburban,1991-2000,C,2.0,1.0,151.01,7.0,4.0,7.0,2.275,Cavity_Insulated,Suspended,Pitched,Double,Yes,Gas,Gas Boiler - Standard,Fire - Coal,Water,Normal (90-130l),0.0,1.0,1.0,No,No,,,,,,,,,,Yes,No,Yes,No,ASHP,,,,,,,No,,,,,,,,,,,,,,,,,,,,,,,,,,,,,,,,,,,,,,,,,House_Detached_2.0
Warmworks,EOH3202,EH21,38.0,Working Part time,Skilled Manual Worker,"40,001 - 50,000",2020-09-17T00:00:00.000Z,Owner-Occupied,1.5,C2,3.0,30/10/2020,Warmworks,Suburban,1965-1980,C,2.0,2.0,94.29,4.0,3.0,4.0,,Cavity_Insulated,Suspended,Pitched,Double,Yes,Gas,Gas Boiler - Combi,Fire - Gas,,,0.0,1.0,1.0,No,No,,,,,,,,,,Yes,No,Yes,No,HT_ASHP,,,,,,,No,,,,,,,,,,,,,,,,,,,,,,,,,,,,,,,,,,,,,,,,,House_Mid-Terrace_2.0
OVO,EOH1044,PO34,60.0,Working Part time,Semi and unskilled manual worker,"16,201 - 20,000",2020-10-13T00:00:00.000Z,Owner-Occupied,20.0,DE,4.0,26/01/2021,Retrofitworks,Suburban,Pre 1919,,2.0,0.0,63.0,6.0,2.0,6.0,2.4,Solid_No_insulation,Solid,Pitched,Double,Yes,Gas,Gas Boiler - Combi,,,,0.0,0.0,0.0,No,No,,,,,,,,,,,,,,None - Installation not recommended,,,,,,,,,,,,,,,,,,,,,,,,,,,,,,,,,,,,,,,,,,,,,,,,House_Semi-Detached_2.0
E.ON,EOH1481,NE20,44.0,Working Full time (>30hrs),Professional,"50,001+",2021-02-08T00:00:00.000Z,Owner-Occupied,3.0,C1,3.0,19/02/2021,Phoenix,Urban,1967 - 1975,C,2.0,2.0,103.0,5.0,3.0,7.0,2.5,Cavity_Insulated,Suspended,Pitched,Double,Yes,Gas,Gas Boiler - Combi,,,,0.0,0.0,0.0,No,No,,,6.13,75.4,8062.6,3820.0,0.0,50.0,3.02,No,No,No,Yes,Hybrid,Barrier,9945.07,300.0,293.0,14.3,3.8,Yes,27/09/2021,Phoenix,Hybrid,Separate_New Boiler,Daikin,EJHA04AAV3,4.0,R32,,,,,1.0,8.0,0.0,0.0,,,No,0.0,0.0,0.0,No,No,0.0,0.0,,no,5739.82,,,2870.07,,0.0,0.0,0.0,0.0,0.0,2.0,,House_Semi-Detached_2.0
E.ON,EOH1785,NE2,70.0,Working Part time,Professional,Prefer not to say,2020-09-08T00:00:00.000Z,Owner-Occupied,30.0,AB,3.0,19/10/2020,Phoenix,Urban,1991 - 1995,,2.0,0.0,81.0,4.0,3.0,10.0,2.4,Cavity_No_insulation,Solid,Pitched,Single,Yes,Gas,Gas Boiler - Standard,,Water,120,0.0,0.0,0.0,No,No,,,,,,,,,,No,No,No,No,None - Installation not recommended,,,,,,,,,,,,,,,,,,,,,,,,,,,,,,,,,,,,,,,,,,,,,,,,House_Detached_2.0
OVO,EOH0395,KT12,40.0,Working Full time (>30hrs),Professional,"40,001 - 50,000",2020-07-02T00:00:00.000Z,Owner-Occupied,6.0,C1,3.0,08/02/2021,Retrofitworks,Suburban,Pre 1919,E,2.0,1.0,77.0,6.0,2.0,6.0,2.41,Solid_No_insulation,Suspended,Pitched,Double,Yes,Gas,Gas Boiler - Standard,,,,0.0,0.0,1.0,No,No,,,,,,,,,,,,,,None - Installation not recommended,,,,,,,,,,,,,,,,,,,,,,,,,,,,,,,,,,,,,,,,,,,,,,,,House_Semi-Detached_2.0
Warmworks,EOH2821,DD2,39.0,Working Full time (>30hrs),Professional,Prefer not to say,2020-10-13T00:00:00.000Z,Owner-Occupied,5.0,C1,4.0,20/11/2020,Warmworks,Urban,1991-2000,C,2.0,4.0,252.3,9.0,5.0,9.0,2.4,Cavity_Insulated,Suspended,Pitched,Double,Yes,Gas,Gas Boiler - Combi,Gas Boiler - Combi,,,0.0,0.0,1.0,Yes - Borehole,Yes,,,15.5,78.5,38819.0,5731.0,0.0,,,Yes,Yes,Yes,Yes,GSHP,,,,2344.07,18.0,5.0,No,,,,,,,,,,,,,,,,,,,,,,,,,,,,,,,,,,,,,,,,,House_Detached_2.0
E.ON,EOH1570,NE15,37.0,Working Full time (>30hrs),Professional,"30,001 - 40,000",2020-10-16T00:00:00.000Z,Owner-Occupied,13.0,C1,1.0,28/10/2020,Phoenix,Urban,1976 - 1982,D,2.0,2.0,57.0,3.0,2.0,6.0,2.3,Cavity_Insulated,Suspended,Pitched,Double,Yes,Gas,Gas Boiler - Combi,,,,0.0,0.0,1.0,No,No,,,3.81,66.84,9245.0,2674.0,0.0,45.0,3.07,No,No,No,Yes,Hybrid,None Required,9690.0,,464.0,14.3,3.8,Yes,13/01/2021,Phoenix,Hybrid,Separate_New Boiler,Daikin,EHY2KOMB28AA,4.0,R32,,,,,1.0,7.0,0.0,0.0,none,none,No,0.0,0.0,0.0,No,No,0.0,0.0,,no,5739.82,,,2315.87,0.0,0.0,0.0,0.0,0.0,0.0,2.0,,House_End-Terrace_2.0
E.ON,EOH2333,NE5,,Working Part time,Supervisor,"40,001 - 50,000",2021-02-22T00:00:00.000Z,Owner-Occupied,30.0,AB,2.0,23/02/2021,Phoenix,Urban,1983 - 1990,D,2.0,0.0,106.0,5.0,3.0,8.0,2.4,Cavity_Insulated,Suspended,Pitched,Double,Yes,Gas,Gas Boiler - Combi,,,,0.0,0.0,1.0,No,No,2000.0,13720.0,6.06,57.16,14669.1,5153.0,759.0,50.0,3.35,Yes,No,Yes,No,ASHP,None Required,12233.74,,1007.0,14.0,4.0,Yes,29/04/2021,Aaron Services,ASHP,,Daikin,EDLQ07CAV7,7.0,R410A,,Water_new,250.0,,1.0,11.0,0.0,0.0,none,none,No,0.0,0.0,0.0,No,No,0.0,0.0,,no,5648.01,1752.37,,3055.83,0.0,0.0,0.0,0.0,0.0,0.0,3.0,0.0,House_Detached_2.0
E.ON,EOH2036,NE13,32.0,Working Full time (>30hrs),Professional,"30,001 - 40,000",2021-01-11T00:00:00.000Z,Owner-Occupied,2.0,C1,5.0,20/01/2021,Phoenix,Urban,2012 onwards,C,2.0,1.0,90.0,5.0,3.0,9.0,2.4,Cavity_Insulated,Solid,Pitched,Double,Yes,Gas,Gas Boiler - Combi,,,,0.0,0.0,1.0,No,No,1354.0,,6.47,71.91,15674.9,4994.0,181.0,45.0,3.91,No,No,Yes,No,HT_ASHP,None Required,16826.45,,940.0,14.3,3.8,Yes,20/09/2021,Energist,HT_ASHP,,Vaillant,VWL 75/6 A 230V S2,7.0,R290,,Water_new,150.0,,1.0,8.0,0.0,0.0,,,No,0.0,0.0,0.0,No,No,0.0,0.0,,no,5789.0,1701.71,,2500.86,0.0,0.0,0.0,0.0,0.0,0.0,4.0,,House_Detached_2.0
E.ON,EOH3176,NE5,36.0,Working Full time (>30hrs),Clerical,"50,001+",2021-02-04T00:00:00.000Z,Owner-Occupied,4.0,C1,2.0,18/02/2021,Phoenix,Urban,1930 - 1949,,2.0,2.0,110.0,5.0,3.0,9.0,2.6,Cavity_Insulated,Suspended,Pitched,Double,Yes,Gas,Gas Boiler - Combi,,,,0.0,0.0,1.0,No,No,,,6.54,59.41,15843.9,3820.0,0.0,52.0,3.0,No,No,No,Yes,Hybrid,None Required,10245.84,,1033.0,14.0,4.0,Yes,09/04/2021,Phoenix,Hybrid,Separate_New Boiler,Daikin,EHY2KOMB28AA,4.0,R32,,,,,1.0,10.0,0.0,0.0,none,none,No,0.0,0.0,0.0,No,No,0.0,0.0,,no,5739.82,,,2870.84,0.0,0.0,0.0,0.0,0.0,0.0,4.0,0.0,House_Semi-Detached_2.0
Warmworks,EOH1646,ML2,55.0,Working Full time (>30hrs),Manager,Prefer not to say,2021-04-01T00:00:00.000Z,Owner-Occupied,16.0,AB,3.0,21/04/2021,Everwarm,Suburban,1965-1980,D,2.0,0.0,85.42,3.0,2.0,3.0,2.36,Cavity_Insulated,Suspended,Pitched,Double,Yes,Gas,Gas Boiler - Combi,,,,0.0,0.0,1.0,No,No,2892.0,19911.0,8.5,88.0,8555.0,3057.0,156.0,50.0,3.81,Yes,No,Yes,Yes,ASHP,,,,683.0,14.0,,Yes,07/06/2021,TK Murray,ASHP,,Mitsubishi,PUZ-WM85VAA,8.5,R32,0.0,Water_New,150.0,,1.0,6.0,,0.0,,Low Noise Heat Pump,No,0.0,0.0,0.0,Yes,No,0.0,0.0,,No,8575.73,3508.21,1610.23,1623.45,,,,,,,1.0,0.0,House_Semi-Detached_2.0
E.ON,EOH1022,NE6,76.0,Working Full time (>30hrs),Professional,"50,001+",2020-10-29T00:00:00.000Z,Owner-Occupied,3.0,AB,3.0,10/11/2020,Phoenix,Urban,1950 - 1966,D,2.0,1.0,112.0,5.0,3.0,8.0,2.0,Solid_No_insulation,Suspended,Pitched,Double,Yes,Gas,Gas Boiler - Combi,Fire - Gas,,,0.0,1.0,0.0,No,No,2350.0,14660.0,10.02,89.0,20070.0,3566.0,0.0,,,Yes,No,Yes,Yes,Hybrid,None Required,10430.83,,913.0,14.3,3.8,Yes,15/10/2021,E.ON SIME,Hybrid,Integrated,SIME,SIME MURELLE REVOLUTION,4.0,R410A,,,,,1.0,10.0,0.0,0.0,,,No,0.0,0.0,0.0,No,No,0.0,0.0,,no,5200.0,,,5599.97,,0.0,0.0,0.0,0.0,0.0,3.0,,House_Semi-Detached_2.0
OVO,EOH2320,GU21,61.0,Retired,Skilled Manual Worker,Prefer not to say,2020-05-08T00:00:00.000Z,Owner-Occupied,15.0,C2,5.0,15/01/2021,Retrofitworks,Suburban,1919-1944,,2.0,2.0,124.0,6.0,3.0,11.0,2.4,Solid_No_insulation,Mix,Pitched,Double,Yes,Gas,Gas Boiler - Standard,Fire - Gas,,,0.0,1.0,1.0,No,No,,,10.99,118.74,20812.0,3821.0,136.0,44.0,4.05,Yes,No,Yes,Yes,ASHP,,12959.0,,912.51,15.0,,Yes,23/02/2021,Ecolution Group,ASHP,,Mitsubishi,PUZ-WM112VAA,11.2,R32,,Water_New,210.0,,1.0,0.0,0.0,0.0,,Low Noise Heat Pump,No,0.0,0.0,0.0,No,No,0.0,0.0,,No,6163.04,1960.27,3276.0,0.0,0.0,0.0,0.0,0.0,0.0,0.0,4.0,0.0,House_Detached_2.0
E.ON,EOH2934,NE3,,Prefer not to say,Prefer not to say,Prefer not to say,2020-09-24T00:00:00.000Z,Rented (Social),0.9,DE,1.0,11/01/2021,E.ON,Suburban,1967 - 1975,,1.0,0.0,48.4,2.0,1.0,5.0,2.3,Solid_Insulated,Solid,Pitched,Double,No,Electricity,Electric - Storage,,Water,80,0.0,0.0,0.0,Yes - Borehole,Yes,,,2.696,55.7,6710.0,1910.0,191.0,,,No,Yes,No,No,GSHP,None Required,,14707.5,330.12,14.3,,Yes,30/10/2021,Groundheat,GSHP,Shared_Groundloop,Vaillant,20260514,3.0,R410A,900.0,Water_new,100.0,,1.0,6.0,0.0,0.0,none,none,No,0.0,0.0,0.0,No,No,0.0,0.0,,no,11605.06,1702.0,,2130.0,0.0,0.0,0.0,0.0,0.0,0.0,84.0,0.0,Flat_Flat_1.0
Warmworks,EOH1718,TD1,29.0,Training or Education,Manager,"12,501 - 16,200",2021-05-17T00:00:00.000Z,Owner-Occupied,11.0,C1,2.0,08/06/2021,Warmworks,Suburban,1945-1964,D,,,84.39,4.0,3.0,4.0,2.39,Cavity_Insulated,Solid,Pitched,Double,Yes,Gas,Gas Boiler - Combi,,,,0.0,0.0,0.0,No,No,,,7.0,75.0,10836.0,4075.0,156.0,50.0,3.81,Yes,No,Yes,Yes,ASHP,,,,,,,Yes,19/08/2021,TK Murray,ASHP,,Mitsubishi,PUZ-WM85VAA,8.5,R32,0.0,Water_New,150.0,,1.0,8.0,,0.0,,Low Noise Heat Pump,No,0.0,0.0,0.0,Yes,No,0.0,0.0,,No,8575.73,3508.272,1610.23,2164.6,,,,,,,1.0,0.0,House_End-Terrace_1.0
E.ON,EOH0906,NE3,40.0,Working Full time (>30hrs),Manager,"50,001+",2020-12-15T00:00:00.000Z,Owner-Occupied,3.0,C1,4.0,08/01/2021,Phoenix,Urban,1950 - 1966,D,2.0,5.0,202.0,9.0,6.0,13.0,2.5,Cavity_Insulated,Suspended,Pitched,Double,Yes,Gas,Gas Boiler - Standard,Fire - Wood,Water,300,3.0,0.0,1.0,No,No,,,,,,,,,,Yes,No,Yes,Yes,None - Installation not recommended,,,,,,,,,,,,,,,,,,,,,,,,,,,,,,,,,,,,,,,,,,,,,,,,House_Semi-Detached_3.0
E.ON,EOH0810,NE11,69.0,Retired,Pensioner,"50,001+",2021-02-22T00:00:00.000Z,Owner-Occupied,4.0,DE,2.0,24/02/2021,Phoenix,Urban,1950 - 1966,C,2.0,0.0,92.0,5.0,3.0,8.0,2.4,Cavity_Insulated,Mix,Pitched,Double,Yes,Gas,Gas Boiler - Combi,Fire - Gas,,,1.0,1.0,1.0,No,No,4500.0,14000.0,8.24,89.52,16550.2,4122.0,607.0,50.0,3.2,Yes,No,Yes,No,ASHP,None Required,14241.8,,1044.0,14.3,3.8,Yes,19/05/2021,Aaron Services,ASHP,,Daikin,EDLQ011CAV3,11.0,R410A,,Water_new,200.0,,1.0,12.0,0.0,0.0,none,none,No,0.0,0.0,0.0,No,No,0.0,0.0,,no,6364.2,1752.0,,5087.0,0.0,0.0,0.0,0.0,0.0,0.0,3.0,0.0,House_Detached_2.0
E.ON,EOH2144,NE7,58.0,Working Full time (>30hrs),Professional,"50,001+",2021-03-09T00:00:00.000Z,Owner-Occupied,23.0,AB,3.0,10/03/2021,Phoenix,Urban,1930 - 1949,,3.0,0.0,117.0,8.0,5.0,9.0,2.5,Cavity_Insulated,Suspended,Pitched,Double,Yes,Gas,Gas Boiler - Combi,Fire - Gas,,,0.0,1.0,1.0,No,No,5170.0,17962.0,,,,,,,,No,No,No,No,None - Installation not recommended,,,,,,,,,,,,,,,,,,,,,,,,,,,,,,,,,,,,,,,,,,,,,,,,House_Semi-Detached_2.0
OVO,EOH1315,GU21,70.0,Retired,Pensioner,"16,201 - 20,000",2020-07-28T00:00:00.000Z,Owner-Occupied,40.0,DE,4.0,22/01/2021,Retrofitworks,Suburban,1919-1944,,2.0,0.0,89.0,5.0,2.0,5.0,2.5,Solid_No_insulation,Solid,Pitched,Double,Yes,Gas,Gas Boiler - Standard,,Water,170,0.0,0.0,1.0,No,No,,,,,,,,,,,,,,,,,,,,,No,,,,,,,,,,,,,,,,,,,,,,,,,,,,,,,,,,,,,,,,,House_Detached_1.0
Warmworks,EOH2547,KY4,52.0,Working Full time (>30hrs),Professional,Prefer not to say,2021-06-11T00:00:00.000Z,Owner-Occupied,4.0,C1,5.0,08/07/2021,Warmworks,Rural,Pre 1919,C,3.0,0.0,215.58,6.0,4.0,6.0,2.36,Cavity_No_insulation,Solid,Pitched,Double,Yes,Gas,Gas Boiler - Standard,Fire - Wood,Water,Large (> 170l),0.0,0.0,0.0,No,No,,,,,,,,,,Yes,Yes,Yes,Yes,None - Installation not recommended,,,,,,,,,,,,,,,,,,,,,,,,,,,,,,,,,,,,,,,,,,,,,,,,House_Detached_2.0
Warmworks,EOH0501,EH17,42.0,Working Full time (>30hrs),Professional,"40,001 - 50,000",2020-09-02T00:00:00.000Z,Owner-Occupied,1.0,C1,1.0,16/12/2020,Everwarm,Suburban,1945-1964,D,2.0,0.0,119.24,5.0,2.0,5.0,2.61,Cavity_Insulated,Suspended,Pitched,Double,Yes,Gas,Gas Boiler - Combi,Fire - Wood,,,0.0,1.0,0.0,No,No,2907.0,17321.0,6.8,74.2,20546.0,2674.0,1528.0,55.0,3.39,Yes,No,Yes,Yes,ASHP,,,,1277.0,14.0,3.0,Yes,29/03/2021,BRB Electrical Ltd,HT_ASHP,,Vaillant,VWL 75/6 A 230V S2,7.0,R290,0.0,Water_New,200.0,,1.0,,7.0,0.0,,Low Noise Heat Pump,No,0.0,0.0,0.0,Yes,No,0.0,0.0,,No,11215.18,3572.21,1610.23,1894.03,,,,,,,2.0,0.0,House_Detached_2.0
Warmworks,EOH1561,EH45,49.0,Working Part time,Clerical,"50,001+",2020-07-03T00:00:00.000Z,Owner-Occupied,1.0,AB,1.0,20/07/2020,Warmworks,Rural,1965-1980,D,4.0,0.0,102.05,4.0,3.0,4.0,2.45,Cavity_Insulated,Suspended,Pitched,Double,Yes,Gas,Gas Boiler - Combi,Fire - Wood,,,0.0,0.0,0.0,No,No,6099.0,18085.0,5.3,58.7,13924.0,3057.0,2256.0,,,Yes,No,No,Yes,None - Installation not recommended,,,,1039.0,13.11,2.54,,,,,,,,,,,,,,,,,,,,,,,,,,,,,,,,,,,,,,,,,,House_End-Terrace_2.0
OVO,EOH2027,HP23,59.0,Retired,Pensioner,"0 - 12,500",2020-07-23T00:00:00.000Z,Owner-Occupied,23.0,DE,3.0,23/02/2021,Retrofitworks,Rural,1945-1964,,2.0,0.0,206.7,10.0,4.0,10.0,2.4,Cavity_Insulated,Suspended,Pitched,Double,Yes,Gas,Gas Boiler - Standard,,Water,130,0.0,0.0,1.0,No,No,,,,,,,,,,,,,,None - Installation not recommended,,,,,,,,,,,,,,,,,,,,,,,,,,,,,,,,,,,,,,,,,,,,,,,,House_Detached_2.0
Warmworks,EOH1242,KY8,68.0,Retired,Pensioner,Prefer not to say,2020-10-06T00:00:00.000Z,Owner-Occupied,17.0,DE,2.0,02/11/2020,Warmworks,Suburban,1945-1964,C,2.0,1.0,75.2,4.0,3.0,4.0,,Cavity_Insulated,Suspended,Pitched,Double,Yes,Gas,Gas Boiler - Standard,,Water,No access,0.0,0.0,1.0,Yes - Borehole,Yes,5423.0,,9.1,96.0,24680.0,3596.0,0.0,45.0,3.91,Yes,Yes,Yes,Yes,GSHP,,,,1547.0,16.36,4.17,Yes,20/04/2021,mcinnesplumbing,Hybrid,Separate_Existing Boiler,Vaillant,VWL 75/6 A 230V S2,7.0,R290,0.0,,,,1.0,,6.0,0.0,,Low Noise Heat Pump,No,0.0,0.0,0.0,No,No,0.0,0.0,,No,11358.42,,1610.23,1623.45,,,,,,,3.0,0.0,House_Semi-Detached_2.0
Warmworks,EOH0066,KY10,63.0,Working Full time (>30hrs),Manager,Prefer not to say,2020-08-21T00:00:00.000Z,Owner-Occupied,16.0,AB,5.0,12/10/2020,Warmworks,Urban,1945-1964,C,2.0,0.0,106.86,4.0,3.0,4.0,,Cavity_Insulated,Suspended,Pitched,Double,Yes,Gas,Gas Boiler - Standard,,Water,No access,0.0,0.0,1.0,Yes - Borehole,Yes,3567.0,10380.0,7.4,66.5,18668.0,3596.0,0.0,45.0,3.91,Yes,Yes,Yes,Yes,GSHP,,,,1137.0,16.36,4.17,Yes,25/08/2021,mcinnesplumbing,HT_ASHP,,Vaillant,VWL 75/6 A 230V S2,7.0,R290,0.0,Water_New,200.0,,1.0,,10.0,0.0,,Low Noise Heat Pump,No,0.0,0.0,0.0,No,No,0.0,0.0,,No,11215.17,3572.208,1610.23,2705.76,,,,,,,2.0,0.0,House_Detached_2.0
E.ON,EOH0433,NE6,49.0,Working Full time (>30hrs),Professional,"30,001 - 40,000",2020-07-09T00:00:00.000Z,Owner-Occupied,10.0,AB,4.0,22/07/2020,E.ON,Suburban,1930 - 1949,,2.0,2.0,103.38,5.0,4.0,9.0,2.4,Cavity_Insulated,Suspended,Pitched,Double,Yes,Gas,Gas Boiler - Combi,,,,0.0,0.0,0.0,Yes - Ground Loop,No,523.0,247.0,,,,,,,,No,No,No,No,None - Installation not recommended,,,,,,,,,,,,,,,,,,,,,,,,,,,,,,,,,,,,,,,,,,,,,,,,House_Semi-Detached_3.0
OVO,EOH2537,RH1,72.0,Retired,Pensioner,"25,001 - 30,000",2020-10-29T00:00:00.000Z,Owner-Occupied,40.0,DE,5.0,08/02/2021,Retrofitworks,Rural,1919-1944,E,1.0,0.0,129.0,6.0,4.0,8.0,2.5,Solid_No_insulation,Solid,Pitched,Double,No,LPG,LPG Boiler,Fire - Wood,,,0.0,0.0,0.0,No,No,,,9.74,79.12,18378.0,3057.0,109.0,65.0,2.9,No,No,Yes with additional measures,No,HT_ASHP,Heat Emitters,13124.0,1647.0,1184.83,15.0,,Yes,19/04/2021,Reina Group,HT_ASHP,,Daikin,EBLA16DA3V3,16.0,R32,,Water_New,200.0,,1.0,0.0,9.0,0.0,,,No,0.0,0.0,0.0,No,No,0.0,0.0,,No,7055.09,1085.0,3982.41,1152.2,0.0,0.0,0.0,0.0,0.0,0.0,3.0,2.0,House_Detached_1.0
OVO,EOH2487,GU10,43.0,Working Full time (>30hrs),Manager,"50,001+",2020-07-15T00:00:00.000Z,Owner-Occupied,,AB,4.0,29/09/2020,,Rural,1945-1964,,,,,9.0,4.0,,,,,,Single,No,Electricity,Electric - Warm air,,,,0.0,,,Yes - Borehole,Yes,,,,,,,,,,,,,,None - Installation not recommended,,,,,,,,,,,,,,,,,,,,,,,,,,,,,,,,,,,,,,,,,,,,,,,,House_Semi-Detached_2.0
OVO,EOH2192,SO16,37.0,Working Full time (>30hrs),Professional,"50,001+",2020-07-09T00:00:00.000Z,Owner-Occupied,2.0,C1,4.0,16/02/2021,Retrofitworks,Suburban,Pre 1919,C,2.0,0.0,210.2,10.0,4.0,10.0,2.4,Cavity_Insulated,Suspended,Pitched,Double,Yes,Gas,Gas Boiler - Combi,,,,3.0,0.0,0.0,No,No,,,9.4,68.0,29342.9,4745.0,1387.43,50.0,3.16,Yes,No,Yes,Yes,ASHP,,10332.49,280.35,1214.88,14.0,,Yes,19/04/2021,Northern Gas,ASHP,,Daikin,EDLQ16CAV3,16.0,R410A,,Water_New,180.0,,1.0,0.0,1.0,0.0,,,No,0.0,0.0,0.0,No,No,0.0,0.0,,No,5871.42,2018.59,2558.51,164.32,0.0,0.0,0.0,0.0,0.0,0.0,3.0,1.0,House_Detached_2.0
Warmworks,EOH1267,EH45,63.0,Retired,Pensioner,Prefer not to say,2020-10-12T00:00:00.000Z,Owner-Occupied,42.0,DE,1.0,23/10/2020,Warmworks,Suburban,1965-1980,C,2.0,0.0,98.4,5.0,3.0,5.0,,Cavity_Insulated,Suspended,Pitched,Double,Yes,Gas,Gas Boiler - Standard,,Water,Medium (131-170l),0.0,0.0,0.0,No,No,,,,,,,,,,Yes,No,Yes,Yes,ASHP,,,,,,,No,,,,,,,,,,,,,,,,,,,,,,,,,,,,,,,,,,,,,,,,,House_Mid-Terrace_2.0
E.ON,EOH2852,NE15,62.0,Unemployed,Unemployed/Benefits,"0 - 12,500",2020-11-23T00:00:00.000Z,Owner-Occupied,20.0,DE,4.0,10/12/2020,Phoenix,Urban,1950 - 1966,,3.0,0.0,130.0,4.0,3.0,7.0,2.4,Cavity_Insulated,Solid,Pitched,Double,Yes,Gas,Gas Boiler - Combi,,,,0.0,0.0,1.0,No,No,2497.0,15320.0,7.683,59.1,18615.0,4776.0,0.0,55.0,2.96,No,No,No,Yes,Hybrid,None Required,10985.0,,906.0,14.3,3.8,Yes,29/01/2021,Phoenix,Hybrid,Separate_New Boiler,Daikin,EHY2KOMB28AA,4.0,R32,,,,,1.0,12.0,0.0,0.0,none,none,No,0.0,0.0,0.0,No,No,0.0,0.0,,no,5739.82,,,3610.03,0.0,0.0,0.0,0.0,0.0,0.0,2.5,0.0,House_Detached_2.0
OVO,EOH1096,CR5,34.0,Working Full time (>30hrs),Professional,"50,001+",2021-01-27T00:00:00.000Z,Owner-Occupied,8.0,C1,2.0,23/04/2021,Retrofitworks,Suburban,1945-1964,,2.0,2.0,122.35,6.0,3.0,6.0,2.4,Solid_No_insulation,Suspended,Pitched,Double,Yes,Gas,Gas Boiler - Combi,,,,0.0,0.0,0.0,No,No,,,,,,,,,,,,,,,,,,,,,No,,,,,,,,,,,,,,,,,,,,,,,,,,,,,,,,,,,,,,,,,House_Semi-Detached_2.0
Warmworks,EOH1891,EH17,65.0,Working Part time,Clerical,"16,201 - 20,000",2020-09-18T00:00:00.000Z,Owner-Occupied,5.0,C1,3.0,29/10/2020,Warmworks,Suburban,1965-1980,D,2.0,0.0,96.98,5.0,3.0,5.0,,Cavity_Insulated,Suspended,Pitched,Double,Yes,Gas,Gas Boiler - Combi,,,,0.0,0.0,0.0,No,No,,,7.7,86.0,21665.0,4585.0,1175.0,45.0,4.14,Yes,No,Yes,Yes,ASHP,,,,,,,Yes,03/08/2021,Montali Energy Services Ltd,ASHP,,Mitsubishi,PUZ-WM85VAA,8.5,R32,0.0,Water_New,150.0,,1.0,11.0,,0.0,,Low Noise Heat Pump,No,0.0,0.0,0.0,Yes,No,0.0,0.0,,No,7655.16,3508.272,1610.23,2976.33,,,,,,,3.0,0.0,House_Semi-Detached_2.0
Warmworks,EOH1666,EH26,52.0,Retired,Pensioner,Prefer not to say,2020-09-30T00:00:00.000Z,Owner-Occupied,20.0,DE,2.0,30/10/2020,Warmworks,Rural,1991-2000,D,2.0,0.0,166.3,8.0,4.0,8.0,,Cavity_Insulated,Suspended,Pitched,Double,No,Oil,Oil Boiler,Fire - Wood,Water,Medium (131-170l),1.0,0.0,0.0,No,No,,,11.9,60.5,28993.0,4495.0,156.0,45.0,4.21,Yes,No,Yes,No,HT_ASHP,,,,1800.0,16.36,,Yes,16/07/2021,mcinnesplumbing,HT_ASHP,,Vaillant,VWL 125/6 A 230V S2,12.0,R290,0.0,Water_New,200.0,,1.0,,9.0,0.0,,Low Noise Heat Pump,No,0.0,0.0,0.0,No,No,0.0,0.0,,No,17943.13,3572.208,1610.23,2164.6,,,,,,,2.0,0.0,House_Detached_2.0
E.ON,EOH0136,NE6,54.0,Working Full time (>30hrs),Professional,"30,001 - 40,000",2020-07-09T00:00:00.000Z,Owner-Occupied,16.0,AB,4.0,24/07/2020,E.ON,Suburban,1976 - 1982,,1.0,0.0,53.0,3.0,2.0,6.0,2.3,Cavity_Insulated,Solid,Pitched,Double,Yes,Gas,Gas Boiler - Standard,,Water,100,0.0,0.0,1.0,No,No,443.0,,3.798,83.3,6995.4,1910.0,0.0,48.0,3.04,No,No,No,Yes,Hybrid,None Required,9863.25,,262.0,14.3,3.8,Yes,09/12/2020,Phoenix,Hybrid,Separate_New Boiler,Daikin,EHY2KOMB28AA,4.0,R32,,,,,1.0,6.0,0.0,0.0,none,none,No,0.0,0.0,0.0,No,No,0.0,0.0,,no,5912.2,,,2315.87,0.0,0.0,0.0,0.0,0.0,0.0,2.0,,House_Mid-Terrace_2.0
OVO,EOH1807,GU23,52.0,Working Full time (>30hrs),Professional,Prefer not to say,2020-07-18T00:00:00.000Z,Owner-Occupied,19.0,AB,3.0,26/10/2020,,Rural,Pre 1919,,2.0,2.0,258.0,9.0,4.0,9.0,,,,Pitched,Single,Yes,Gas,Gas Boiler - Standard,Electric - Direct,,,1.0,0.0,1.0,No,No,,,,,,,,,,,,,,None - Installation not recommended,,,,,,,,,,,,,,,,,,,,,,,,,,,,,,,,,,,,,,,,,,,,,,,,House_Detached_2.0
OVO,EOH0148,HP9,67.0,Retired,Manager,"40,001 - 50,000",2020-07-02T00:00:00.000Z,Owner-Occupied,12.0,DE,4.0,11/03/2021,Retrofitworks,Suburban,2001+,,2.0,0.0,110.08,8.0,4.0,8.0,2.4,Cavity_Insulated,Solid,Pitched,Double,Yes,Gas,Gas Boiler - Standard,,Water,150,0.0,0.0,1.0,No,No,,,,,,,,,,,,,,None - Installation not recommended,,,,,,,,,,,,,,,,,,,,,,,,,,,,,,,,,,,,,,,,,,,,,,,,House_Detached_2.0
E.ON,EOH1063,DH8,,Working Full time (>30hrs),Manager,"20,001 - 25,000",2021-04-29T00:00:00.000Z,Owner-Occupied,0.9,C1,5.0,25/04/2021,Energist,Urban,1967 - 1975,,2.0,2.0,140.0,11.0,3.0,9.0,2.4,Cavity_Insulated,Suspended,Pitched,Double,Yes,Gas,Gas Boiler - Combi,,,,0.0,1.0,1.0,No,No,,,16.659,72.75,42570.0,4075.0,0.0,45.0,4.21,No,No,No,Yes,Hybrid,None Required,13593.15,,1166.0,13.0,4.5,Yes,25/06/2021,Energist,Hybrid,Separate_New Boiler,Vaillant,VWL 125/6 A 230V S2,12.0,R290,,,,,1.0,0.0,0.0,0.0,none,none,No,0.0,0.0,0.0,No,No,0.0,0.0,,no,6635.0,,3950.0,0.0,0.0,0.0,0.0,0.0,0.0,0.0,6.0,0.0,House_Detached_2.0
E.ON,EOH2326,NE7,67.0,Retired,Pensioner,"50,001+",2020-10-27T00:00:00.000Z,Owner-Occupied,28.0,DE,1.0,06/11/2020,Phoenix,Urban,1950 - 1966,F,5.0,0.0,110.0,5.0,3.0,8.0,2.5,Cavity_Insulated,Suspended,Pitched,Double,Yes,Gas,Gas Boiler - Combi,Fire - Gas,,,0.0,2.0,1.0,No,No,9747.0,20067.0,9.416,85.0,18874.0,3566.0,0.0,,,No,No,No,Yes with additional measures,Hybrid,Loft insulation,10233.23,200.0,882.0,14.3,3.8,Yes,19/01/2021,Phoenix,Hybrid,Separate_New Boiler,Daikin,EHY2KOMB28AA,4.0,R32,,,,,6.0,9.0,0.0,0.0,none,none,No,0.0,0.0,0.0,No,Yes,0.0,0.0,,no,5912.2,,,2685.85,0.0,500.0,0.0,0.0,0.0,0.0,2.0,0.5,House_Semi-Detached_2.0
E.ON,EOH0725,NE47,63.0,Retired,Pensioner,Prefer not to say,2021-03-16T00:00:00.000Z,Owner-Occupied,20.0,DE,5.0,23/03/2021,Phoenix,Rural,Before 1900,,2.0,0.0,215.0,10.0,5.0,12.0,2.0,Solid_Insulated,Suspended,Pitched,Double,No,Oil,Oil Boiler - Standard,Fire - Wood,Water,165,0.0,0.0,0.0,No,No,3000.0,,,,,,,,,No,No,No,No,None - Installation not recommended,,,,,,,,,,,,,,,,,,,,,,,,,,,,,,,,,,,,,,,,,,,,,,,,House_Detached_2.0
